Date,Close,High,Low,Open,Volume,AssetID,AssetName,Ticker,AssetType,Sector,Logo
01-01-2021,2656.676758,2672.422178,2632.220985,2640.835527,1246698,14,Asian Paints,ASIANPAINT.NS,Stock,Consumer Goods,https://1drv.ms/i/c/8705623eb284e7df/IQR9q3xMF-WOSJg76JgYgjx1AUHVbVF2v8vhKxkQU8rPlOs?width=1920&height=1920
04-01-2021,2635.762451,2671.560796,2627.435108,2661.989084,1360486,14,Asian Paints,ASIANPAINT.NS,Stock,Consumer Goods,https://1drv.ms/i/c/8705623eb284e7df/IQR9q3xMF-WOSJg76JgYgjx1AUHVbVF2v8vhKxkQU8rPlOs?width=1920&height=1920
05-01-2021,2674.192871,2684.482462,2614.991738,2635.762307,1299589,14,Asian Paints,ASIANPAINT.NS,Stock,Consumer Goods,https://1drv.ms/i/c/8705623eb284e7df/IQR9q3xMF-WOSJg76JgYgjx1AUHVbVF2v8vhKxkQU8rPlOs?width=1920&height=1920
06-01-2021,2685.200684,2701.568173,2660.936297,2681.324093,1697884,14,Asian Paints,ASIANPAINT.NS,Stock,Consumer Goods,https://1drv.ms/i/c/8705623eb284e7df/IQR9q3xMF-WOSJg76JgYgjx1AUHVbVF2v8vhKxkQU8rPlOs?width=1920&height=1920
07-01-2021,2672.661377,2710.565451,2662.371786,2681.036625,1142806,14,Asian Paints,ASIANPAINT.NS,Stock,Consumer Goods,https://1drv.ms/i/c/8705623eb284e7df/IQR9q3xMF-WOSJg76JgYgjx1AUHVbVF2v8vhKxkQU8rPlOs?width=1920&height=1920
08-01-2021,2722.86499,2727.746657,2669.598504,2697.308565,1660967,14,Asian Paints,ASIANPAINT.NS,Stock,Consumer Goods,https://1drv.ms/i/c/8705623eb284e7df/IQR9q3xMF-WOSJg76JgYgjx1AUHVbVF2v8vhKxkQU8rPlOs?width=1920&height=1920
11-01-2021,2727.267822,2750.383412,2703.625741,2723.15194,1517995,14,Asian Paints,ASIANPAINT.NS,Stock,Consumer Goods,https://1drv.ms/i/c/8705623eb284e7df/IQR9q3xMF-WOSJg76JgYgjx1AUHVbVF2v8vhKxkQU8rPlOs?width=1920&height=1920
12-01-2021,2604.032227,2727.937995,2595.991848,2727.55522,6674890,14,Asian Paints,ASIANPAINT.NS,Stock,Consumer Goods,https://1drv.ms/i/c/8705623eb284e7df/IQR9q3xMF-WOSJg76JgYgjx1AUHVbVF2v8vhKxkQU8rPlOs?width=1920&height=1920
13-01-2021,2587.903809,2644.664109,2563.304555,2641.792596,2862676,14,Asian Paints,ASIANPAINT.NS,Stock,Consumer Goods,https://1drv.ms/i/c/8705623eb284e7df/IQR9q3xMF-WOSJg76JgYgjx1AUHVbVF2v8vhKxkQU8rPlOs?width=1920&height=1920
14-01-2021,2549.80835,2619.442557,2534.589421,2596.805551,2124950,14,Asian Paints,ASIANPAINT.NS,Stock,Consumer Goods,https://1drv.ms/i/c/8705623eb284e7df/IQR9q3xMF-WOSJg76JgYgjx1AUHVbVF2v8vhKxkQU8rPlOs?width=1920&height=1920
15-01-2021,2479.934814,2547.846299,2470.028233,2546.9368,2570436,14,Asian Paints,ASIANPAINT.NS,Stock,Consumer Goods,https://1drv.ms/i/c/8705623eb284e7df/IQR9q3xMF-WOSJg76JgYgjx1AUHVbVF2v8vhKxkQU8rPlOs?width=1920&height=1920
18-01-2021,2477.350586,2507.645196,2445.955322,2480.987883,2395168,14,Asian Paints,ASIANPAINT.NS,Stock,Consumer Goods,https://1drv.ms/i/c/8705623eb284e7df/IQR9q3xMF-WOSJg76JgYgjx1AUHVbVF2v8vhKxkQU8rPlOs?width=1920&height=1920
19-01-2021,2531.765869,2561.964669,2479.073545,2503.002826,2558693,14,Asian Paints,ASIANPAINT.NS,Stock,Consumer Goods,https://1drv.ms/i/c/8705623eb284e7df/IQR9q3xMF-WOSJg76JgYgjx1AUHVbVF2v8vhKxkQU8rPlOs?width=1920&height=1920
20-01-2021,2581.730225,2591.206127,2531.765931,2540.332567,2065439,14,Asian Paints,ASIANPAINT.NS,Stock,Consumer Goods,https://1drv.ms/i/c/8705623eb284e7df/IQR9q3xMF-WOSJg76JgYgjx1AUHVbVF2v8vhKxkQU8rPlOs?width=1920&height=1920
21-01-2021,2600.012451,2696.303747,2579.57675,2610.158327,5015712,14,Asian Paints,ASIANPAINT.NS,Stock,Consumer Goods,https://1drv.ms/i/c/8705623eb284e7df/IQR9q3xMF-WOSJg76JgYgjx1AUHVbVF2v8vhKxkQU8rPlOs?width=1920&height=1920
22-01-2021,2485.438721,2650.263803,2479.073625,2632.221031,4945564,14,Asian Paints,ASIANPAINT.NS,Stock,Consumer Goods,https://1drv.ms/i/c/8705623eb284e7df/IQR9q3xMF-WOSJg76JgYgjx1AUHVbVF2v8vhKxkQU8rPlOs?width=1920&height=1920
25-01-2021,2406.280029,2518.795529,2393.884711,2500.944383,3520087,14,Asian Paints,ASIANPAINT.NS,Stock,Consumer Goods,https://1drv.ms/i/c/8705623eb284e7df/IQR9q3xMF-WOSJg76JgYgjx1AUHVbVF2v8vhKxkQU8rPlOs?width=1920&height=1920
27-01-2021,2332.243408,2416.857248,2326.452476,2416.857248,2700415,14,Asian Paints,ASIANPAINT.NS,Stock,Consumer Goods,https://1drv.ms/i/c/8705623eb284e7df/IQR9q3xMF-WOSJg76JgYgjx1AUHVbVF2v8vhKxkQU8rPlOs?width=1920&height=1920
28-01-2021,2337.125,2348.850348,2298.216082,2316.354431,3035457,14,Asian Paints,ASIANPAINT.NS,Stock,Consumer Goods,https://1drv.ms/i/c/8705623eb284e7df/IQR9q3xMF-WOSJg76JgYgjx1AUHVbVF2v8vhKxkQU8rPlOs?width=1920&height=1920
29-01-2021,2304.24585,2377.612918,2297.210549,2350.812128,2768673,14,Asian Paints,ASIANPAINT.NS,Stock,Consumer Goods,https://1drv.ms/i/c/8705623eb284e7df/IQR9q3xMF-WOSJg76JgYgjx1AUHVbVF2v8vhKxkQU8rPlOs?width=1920&height=1920
01-02-2021,2342.963867,2362.059387,2275.100284,2322.671883,1797359,14,Asian Paints,ASIANPAINT.NS,Stock,Consumer Goods,https://1drv.ms/i/c/8705623eb284e7df/IQR9q3xMF-WOSJg76JgYgjx1AUHVbVF2v8vhKxkQU8rPlOs?width=1920&height=1920
02-02-2021,2358.134766,2412.071457,2321.236002,2354.641184,2679428,14,Asian Paints,ASIANPAINT.NS,Stock,Consumer Goods,https://1drv.ms/i/c/8705623eb284e7df/IQR9q3xMF-WOSJg76JgYgjx1AUHVbVF2v8vhKxkQU8rPlOs?width=1920&height=1920
03-02-2021,2348.563232,2396.613418,2333.918699,2396.613418,2409356,14,Asian Paints,ASIANPAINT.NS,Stock,Consumer Goods,https://1drv.ms/i/c/8705623eb284e7df/IQR9q3xMF-WOSJg76JgYgjx1AUHVbVF2v8vhKxkQU8rPlOs?width=1920&height=1920
04-02-2021,2298.933838,2350.81247,2295.296541,2350.81247,3478562,14,Asian Paints,ASIANPAINT.NS,Stock,Consumer Goods,https://1drv.ms/i/c/8705623eb284e7df/IQR9q3xMF-WOSJg76JgYgjx1AUHVbVF2v8vhKxkQU8rPlOs?width=1920&height=1920
05-02-2021,2274.956787,2320.087318,2269.261665,2316.354444,3303319,14,Asian Paints,ASIANPAINT.NS,Stock,Consumer Goods,https://1drv.ms/i/c/8705623eb284e7df/IQR9q3xMF-WOSJg76JgYgjx1AUHVbVF2v8vhKxkQU8rPlOs?width=1920&height=1920
08-02-2021,2313.3396,2330.616355,2271.750319,2291.468141,3666313,14,Asian Paints,ASIANPAINT.NS,Stock,Consumer Goods,https://1drv.ms/i/c/8705623eb284e7df/IQR9q3xMF-WOSJg76JgYgjx1AUHVbVF2v8vhKxkQU8rPlOs?width=1920&height=1920
09-02-2021,2399.484619,2423.988061,2319.847792,2328.31885,7178572,14,Asian Paints,ASIANPAINT.NS,Stock,Consumer Goods,https://1drv.ms/i/c/8705623eb284e7df/IQR9q3xMF-WOSJg76JgYgjx1AUHVbVF2v8vhKxkQU8rPlOs?width=1920&height=1920
10-02-2021,2403.073975,2445.57228,2368.998588,2420.68583,4473123,14,Asian Paints,ASIANPAINT.NS,Stock,Consumer Goods,https://1drv.ms/i/c/8705623eb284e7df/IQR9q3xMF-WOSJg76JgYgjx1AUHVbVF2v8vhKxkQU8rPlOs?width=1920&height=1920
11-02-2021,2398.192627,2431.215036,2388.238139,2416.809561,1446286,14,Asian Paints,ASIANPAINT.NS,Stock,Consumer Goods,https://1drv.ms/i/c/8705623eb284e7df/IQR9q3xMF-WOSJg76JgYgjx1AUHVbVF2v8vhKxkQU8rPlOs?width=1920&height=1920
12-02-2021,2379.623779,2414.943309,2358.661587,2410.157452,1376085,14,Asian Paints,ASIANPAINT.NS,Stock,Consumer Goods,https://1drv.ms/i/c/8705623eb284e7df/IQR9q3xMF-WOSJg76JgYgjx1AUHVbVF2v8vhKxkQU8rPlOs?width=1920&height=1920
15-02-2021,2351.530029,2409.678172,2343.681273,2388.141823,1634576,14,Asian Paints,ASIANPAINT.NS,Stock,Consumer Goods,https://1drv.ms/i/c/8705623eb284e7df/IQR9q3xMF-WOSJg76JgYgjx1AUHVbVF2v8vhKxkQU8rPlOs?width=1920&height=1920
16-02-2021,2345.309326,2369.09513,2318.269233,2366.127805,1615849,14,Asian Paints,ASIANPAINT.NS,Stock,Consumer Goods,https://1drv.ms/i/c/8705623eb284e7df/IQR9q3xMF-WOSJg76JgYgjx1AUHVbVF2v8vhKxkQU8rPlOs?width=1920&height=1920
17-02-2021,2285.868408,2349.903305,2279.981899,2331.669146,3178784,14,Asian Paints,ASIANPAINT.NS,Stock,Consumer Goods,https://1drv.ms/i/c/8705623eb284e7df/IQR9q3xMF-WOSJg76JgYgjx1AUHVbVF2v8vhKxkQU8rPlOs?width=1920&height=1920
18-02-2021,2364.931152,2373.402212,2292.664714,2320.183391,4253843,14,Asian Paints,ASIANPAINT.NS,Stock,Consumer Goods,https://1drv.ms/i/c/8705623eb284e7df/IQR9q3xMF-WOSJg76JgYgjx1AUHVbVF2v8vhKxkQU8rPlOs?width=1920&height=1920
19-02-2021,2312.956299,2365.074224,2297.210879,2365.074224,2244567,14,Asian Paints,ASIANPAINT.NS,Stock,Consumer Goods,https://1drv.ms/i/c/8705623eb284e7df/IQR9q3xMF-WOSJg76JgYgjx1AUHVbVF2v8vhKxkQU8rPlOs?width=1920&height=1920
22-02-2021,2284.815674,2343.155215,2278.06757,2324.729668,2002642,14,Asian Paints,ASIANPAINT.NS,Stock,Consumer Goods,https://1drv.ms/i/c/8705623eb284e7df/IQR9q3xMF-WOSJg76JgYgjx1AUHVbVF2v8vhKxkQU8rPlOs?width=1920&height=1920
23-02-2021,2270.601563,2297.21097,2215.851414,2273.281689,3267268,14,Asian Paints,ASIANPAINT.NS,Stock,Consumer Goods,https://1drv.ms/i/c/8705623eb284e7df/IQR9q3xMF-WOSJg76JgYgjx1AUHVbVF2v8vhKxkQU8rPlOs?width=1920&height=1920
24-02-2021,2260.216309,2306.160526,2246.672196,2271.36726,1708526,14,Asian Paints,ASIANPAINT.NS,Stock,Consumer Goods,https://1drv.ms/i/c/8705623eb284e7df/IQR9q3xMF-WOSJg76JgYgjx1AUHVbVF2v8vhKxkQU8rPlOs?width=1920&height=1920
25-02-2021,2272.085205,2284.049845,2236.143379,2273.281669,2839515,14,Asian Paints,ASIANPAINT.NS,Stock,Consumer Goods,https://1drv.ms/i/c/8705623eb284e7df/IQR9q3xMF-WOSJg76JgYgjx1AUHVbVF2v8vhKxkQU8rPlOs?width=1920&height=1920
26-02-2021,2179.67041,2258.92424,2163.207111,2237.914377,3933813,14,Asian Paints,ASIANPAINT.NS,Stock,Consumer Goods,https://1drv.ms/i/c/8705623eb284e7df/IQR9q3xMF-WOSJg76JgYgjx1AUHVbVF2v8vhKxkQU8rPlOs?width=1920&height=1920
01-03-2021,2261.125977,2268.400339,2201.494153,2201.494153,2545806,14,Asian Paints,ASIANPAINT.NS,Stock,Consumer Goods,https://1drv.ms/i/c/8705623eb284e7df/IQR9q3xMF-WOSJg76JgYgjx1AUHVbVF2v8vhKxkQU8rPlOs?width=1920&height=1920
02-03-2021,2288.021973,2299.651743,2257.96689,2283.810513,2033586,14,Asian Paints,ASIANPAINT.NS,Stock,Consumer Goods,https://1drv.ms/i/c/8705623eb284e7df/IQR9q3xMF-WOSJg76JgYgjx1AUHVbVF2v8vhKxkQU8rPlOs?width=1920&height=1920
03-03-2021,2299.221191,2314.152923,2274.04754,2302.954066,1591567,14,Asian Paints,ASIANPAINT.NS,Stock,Consumer Goods,https://1drv.ms/i/c/8705623eb284e7df/IQR9q3xMF-WOSJg76JgYgjx1AUHVbVF2v8vhKxkQU8rPlOs?width=1920&height=1920
04-03-2021,2313.578369,2330.711638,2249.352095,2278.067228,2149984,14,Asian Paints,ASIANPAINT.NS,Stock,Consumer Goods,https://1drv.ms/i/c/8705623eb284e7df/IQR9q3xMF-WOSJg76JgYgjx1AUHVbVF2v8vhKxkQU8rPlOs?width=1920&height=1920
05-03-2021,2284.863525,2320.08724,2275.291813,2296.253769,1953642,14,Asian Paints,ASIANPAINT.NS,Stock,Consumer Goods,https://1drv.ms/i/c/8705623eb284e7df/IQR9q3xMF-WOSJg76JgYgjx1AUHVbVF2v8vhKxkQU8rPlOs?width=1920&height=1920
08-03-2021,2280.651855,2310.132776,2258.97202,2280.939054,1593838,14,Asian Paints,ASIANPAINT.NS,Stock,Consumer Goods,https://1drv.ms/i/c/8705623eb284e7df/IQR9q3xMF-WOSJg76JgYgjx1AUHVbVF2v8vhKxkQU8rPlOs?width=1920&height=1920
09-03-2021,2318.938721,2339.326515,2293.525777,2297.21098,1800442,14,Asian Paints,ASIANPAINT.NS,Stock,Consumer Goods,https://1drv.ms/i/c/8705623eb284e7df/IQR9q3xMF-WOSJg76JgYgjx1AUHVbVF2v8vhKxkQU8rPlOs?width=1920&height=1920
10-03-2021,2327.792236,2341.240537,2312.094724,2341.240537,1056102,14,Asian Paints,ASIANPAINT.NS,Stock,Consumer Goods,https://1drv.ms/i/c/8705623eb284e7df/IQR9q3xMF-WOSJg76JgYgjx1AUHVbVF2v8vhKxkQU8rPlOs?width=1920&height=1920
12-03-2021,2298.503418,2359.092175,2294.339629,2338.178122,1279203,14,Asian Paints,ASIANPAINT.NS,Stock,Consumer Goods,https://1drv.ms/i/c/8705623eb284e7df/IQR9q3xMF-WOSJg76JgYgjx1AUHVbVF2v8vhKxkQU8rPlOs?width=1920&height=1920
15-03-2021,2254.137939,2323.580749,2242.699792,2299.651472,1524449,14,Asian Paints,ASIANPAINT.NS,Stock,Consumer Goods,https://1drv.ms/i/c/8705623eb284e7df/IQR9q3xMF-WOSJg76JgYgjx1AUHVbVF2v8vhKxkQU8rPlOs?width=1920&height=1920
16-03-2021,2362.872803,2373.78446,2273.616593,2277.301561,4230564,14,Asian Paints,ASIANPAINT.NS,Stock,Consumer Goods,https://1drv.ms/i/c/8705623eb284e7df/IQR9q3xMF-WOSJg76JgYgjx1AUHVbVF2v8vhKxkQU8rPlOs?width=1920&height=1920
17-03-2021,2319.177734,2354.640971,2307.835397,2354.640971,1623187,14,Asian Paints,ASIANPAINT.NS,Stock,Consumer Goods,https://1drv.ms/i/c/8705623eb284e7df/IQR9q3xMF-WOSJg76JgYgjx1AUHVbVF2v8vhKxkQU8rPlOs?width=1920&height=1920
18-03-2021,2301.565918,2363.112069,2287.639031,2363.112069,1851739,14,Asian Paints,ASIANPAINT.NS,Stock,Consumer Goods,https://1drv.ms/i/c/8705623eb284e7df/IQR9q3xMF-WOSJg76JgYgjx1AUHVbVF2v8vhKxkQU8rPlOs?width=1920&height=1920
19-03-2021,2307.97876,2329.754402,2254.47299,2290.510388,3738079,14,Asian Paints,ASIANPAINT.NS,Stock,Consumer Goods,https://1drv.ms/i/c/8705623eb284e7df/IQR9q3xMF-WOSJg76JgYgjx1AUHVbVF2v8vhKxkQU8rPlOs?width=1920&height=1920
22-03-2021,2321.810059,2333.679121,2287.639095,2287.639095,1489853,14,Asian Paints,ASIANPAINT.NS,Stock,Consumer Goods,https://1drv.ms/i/c/8705623eb284e7df/IQR9q3xMF-WOSJg76JgYgjx1AUHVbVF2v8vhKxkQU8rPlOs?width=1920&height=1920
23-03-2021,2307.070068,2329.707076,2295.488202,2325.926297,1745466,14,Asian Paints,ASIANPAINT.NS,Stock,Consumer Goods,https://1drv.ms/i/c/8705623eb284e7df/IQR9q3xMF-WOSJg76JgYgjx1AUHVbVF2v8vhKxkQU8rPlOs?width=1920&height=1920
24-03-2021,2338.895752,2364.212884,2306.782611,2307.069809,4132092,14,Asian Paints,ASIANPAINT.NS,Stock,Consumer Goods,https://1drv.ms/i/c/8705623eb284e7df/IQR9q3xMF-WOSJg76JgYgjx1AUHVbVF2v8vhKxkQU8rPlOs?width=1920&height=1920
25-03-2021,2299.316895,2363.255985,2289.553794,2345.978996,2272545,14,Asian Paints,ASIANPAINT.NS,Stock,Consumer Goods,https://1drv.ms/i/c/8705623eb284e7df/IQR9q3xMF-WOSJg76JgYgjx1AUHVbVF2v8vhKxkQU8rPlOs?width=1920&height=1920
26-03-2021,2397.857422,2406.280575,2305.921312,2321.140241,3084607,14,Asian Paints,ASIANPAINT.NS,Stock,Consumer Goods,https://1drv.ms/i/c/8705623eb284e7df/IQR9q3xMF-WOSJg76JgYgjx1AUHVbVF2v8vhKxkQU8rPlOs?width=1920&height=1920
30-03-2021,2467.635498,2472.80413,2413.507415,2430.353723,2332884,14,Asian Paints,ASIANPAINT.NS,Stock,Consumer Goods,https://1drv.ms/i/c/8705623eb284e7df/IQR9q3xMF-WOSJg76JgYgjx1AUHVbVF2v8vhKxkQU8rPlOs?width=1920&height=1920
31-03-2021,2428.72583,2472.32502,2422.600029,2467.634975,1616044,14,Asian Paints,ASIANPAINT.NS,Stock,Consumer Goods,https://1drv.ms/i/c/8705623eb284e7df/IQR9q3xMF-WOSJg76JgYgjx1AUHVbVF2v8vhKxkQU8rPlOs?width=1920&height=1920
01-04-2021,2442.461914,2454.713754,2423.557781,2423.557781,1219588,14,Asian Paints,ASIANPAINT.NS,Stock,Consumer Goods,https://1drv.ms/i/c/8705623eb284e7df/IQR9q3xMF-WOSJg76JgYgjx1AUHVbVF2v8vhKxkQU8rPlOs?width=1920&height=1920
05-04-2021,2403.121826,2448.443977,2378.091892,2448.443977,1268939,14,Asian Paints,ASIANPAINT.NS,Stock,Consumer Goods,https://1drv.ms/i/c/8705623eb284e7df/IQR9q3xMF-WOSJg76JgYgjx1AUHVbVF2v8vhKxkQU8rPlOs?width=1920&height=1920
06-04-2021,2499.748535,2507.78868,2397.235401,2417.814583,3372846,14,Asian Paints,ASIANPAINT.NS,Stock,Consumer Goods,https://1drv.ms/i/c/8705623eb284e7df/IQR9q3xMF-WOSJg76JgYgjx1AUHVbVF2v8vhKxkQU8rPlOs?width=1920&height=1920
07-04-2021,2516.020264,2553.78062,2488.740885,2493.43093,1937977,14,Asian Paints,ASIANPAINT.NS,Stock,Consumer Goods,https://1drv.ms/i/c/8705623eb284e7df/IQR9q3xMF-WOSJg76JgYgjx1AUHVbVF2v8vhKxkQU8rPlOs?width=1920&height=1920
08-04-2021,2537.125732,2544.543809,2515.445898,2517.360241,897483,14,Asian Paints,ASIANPAINT.NS,Stock,Consumer Goods,https://1drv.ms/i/c/8705623eb284e7df/IQR9q3xMF-WOSJg76JgYgjx1AUHVbVF2v8vhKxkQU8rPlOs?width=1920&height=1920
09-04-2021,2518.125977,2541.289472,2498.360252,2522.146049,1185017,14,Asian Paints,ASIANPAINT.NS,Stock,Consumer Goods,https://1drv.ms/i/c/8705623eb284e7df/IQR9q3xMF-WOSJg76JgYgjx1AUHVbVF2v8vhKxkQU8rPlOs?width=1920&height=1920
12-04-2021,2490.750732,2498.216714,2445.572301,2467.778625,1427691,14,Asian Paints,ASIANPAINT.NS,Stock,Consumer Goods,https://1drv.ms/i/c/8705623eb284e7df/IQR9q3xMF-WOSJg76JgYgjx1AUHVbVF2v8vhKxkQU8rPlOs?width=1920&height=1920
13-04-2021,2460.600098,2513.531715,2454.474295,2488.645262,1200230,14,Asian Paints,ASIANPAINT.NS,Stock,Consumer Goods,https://1drv.ms/i/c/8705623eb284e7df/IQR9q3xMF-WOSJg76JgYgjx1AUHVbVF2v8vhKxkQU8rPlOs?width=1920&height=1920
15-04-2021,2476.871826,2482.471371,2428.343294,2479.073367,1209829,14,Asian Paints,ASIANPAINT.NS,Stock,Consumer Goods,https://1drv.ms/i/c/8705623eb284e7df/IQR9q3xMF-WOSJg76JgYgjx1AUHVbVF2v8vhKxkQU8rPlOs?width=1920&height=1920
16-04-2021,2549.617432,2578.141186,2471.129376,2476.776828,2760777,14,Asian Paints,ASIANPAINT.NS,Stock,Consumer Goods,https://1drv.ms/i/c/8705623eb284e7df/IQR9q3xMF-WOSJg76JgYgjx1AUHVbVF2v8vhKxkQU8rPlOs?width=1920&height=1920
19-04-2021,2461.748779,2536.503951,2456.915251,2536.503951,1552036,14,Asian Paints,ASIANPAINT.NS,Stock,Consumer Goods,https://1drv.ms/i/c/8705623eb284e7df/IQR9q3xMF-WOSJg76JgYgjx1AUHVbVF2v8vhKxkQU8rPlOs?width=1920&height=1920
20-04-2021,2444.280273,2493.143913,2420.494708,2488.645254,1489287,14,Asian Paints,ASIANPAINT.NS,Stock,Consumer Goods,https://1drv.ms/i/c/8705623eb284e7df/IQR9q3xMF-WOSJg76JgYgjx1AUHVbVF2v8vhKxkQU8rPlOs?width=1920&height=1920
22-04-2021,2403.696289,2447.486874,2381.442058,2446.194599,1690758,14,Asian Paints,ASIANPAINT.NS,Stock,Consumer Goods,https://1drv.ms/i/c/8705623eb284e7df/IQR9q3xMF-WOSJg76JgYgjx1AUHVbVF2v8vhKxkQU8rPlOs?width=1920&height=1920
23-04-2021,2410.109131,2455.144082,2389.290658,2418.867387,1614593,14,Asian Paints,ASIANPAINT.NS,Stock,Consumer Goods,https://1drv.ms/i/c/8705623eb284e7df/IQR9q3xMF-WOSJg76JgYgjx1AUHVbVF2v8vhKxkQU8rPlOs?width=1920&height=1920
26-04-2021,2448.3479,2464.71562,2421.64292,2421.64292,1103980,14,Asian Paints,ASIANPAINT.NS,Stock,Consumer Goods,https://1drv.ms/i/c/8705623eb284e7df/IQR9q3xMF-WOSJg76JgYgjx1AUHVbVF2v8vhKxkQU8rPlOs?width=1920&height=1920
27-04-2021,2464.09375,2469.405863,2425.471799,2436.000682,866331,14,Asian Paints,ASIANPAINT.NS,Stock,Consumer Goods,https://1drv.ms/i/c/8705623eb284e7df/IQR9q3xMF-WOSJg76JgYgjx1AUHVbVF2v8vhKxkQU8rPlOs?width=1920&height=1920
28-04-2021,2502.572754,2508.028585,2464.716575,2477.159804,1065561,14,Asian Paints,ASIANPAINT.NS,Stock,Consumer Goods,https://1drv.ms/i/c/8705623eb284e7df/IQR9q3xMF-WOSJg76JgYgjx1AUHVbVF2v8vhKxkQU8rPlOs?width=1920&height=1920
29-04-2021,2501.519287,2528.846574,2459.930241,2517.360519,1295346,14,Asian Paints,ASIANPAINT.NS,Stock,Consumer Goods,https://1drv.ms/i/c/8705623eb284e7df/IQR9q3xMF-WOSJg76JgYgjx1AUHVbVF2v8vhKxkQU8rPlOs?width=1920&height=1920
30-04-2021,2427.769043,2494.196867,2415.948118,2483.859371,1384907,14,Asian Paints,ASIANPAINT.NS,Stock,Consumer Goods,https://1drv.ms/i/c/8705623eb284e7df/IQR9q3xMF-WOSJg76JgYgjx1AUHVbVF2v8vhKxkQU8rPlOs?width=1920&height=1920
03-05-2021,2471.55957,2483.955125,2398.2883,2402.49976,1034774,14,Asian Paints,ASIANPAINT.NS,Stock,Consumer Goods,https://1drv.ms/i/c/8705623eb284e7df/IQR9q3xMF-WOSJg76JgYgjx1AUHVbVF2v8vhKxkQU8rPlOs?width=1920&height=1920
04-05-2021,2476.345459,2505.82638,2461.413728,2493.431059,1058140,14,Asian Paints,ASIANPAINT.NS,Stock,Consumer Goods,https://1drv.ms/i/c/8705623eb284e7df/IQR9q3xMF-WOSJg76JgYgjx1AUHVbVF2v8vhKxkQU8rPlOs?width=1920&height=1920
05-05-2021,2457.680664,2504.917159,2437.053811,2504.917159,1220186,14,Asian Paints,ASIANPAINT.NS,Stock,Consumer Goods,https://1drv.ms/i/c/8705623eb284e7df/IQR9q3xMF-WOSJg76JgYgjx1AUHVbVF2v8vhKxkQU8rPlOs?width=1920&height=1920
06-05-2021,2439.877686,2471.272953,2419.729182,2469.35861,1518119,14,Asian Paints,ASIANPAINT.NS,Stock,Consumer Goods,https://1drv.ms/i/c/8705623eb284e7df/IQR9q3xMF-WOSJg76JgYgjx1AUHVbVF2v8vhKxkQU8rPlOs?width=1920&height=1920
07-05-2021,2442.366211,2479.073826,2432.651015,2445.572828,1416102,14,Asian Paints,ASIANPAINT.NS,Stock,Consumer Goods,https://1drv.ms/i/c/8705623eb284e7df/IQR9q3xMF-WOSJg76JgYgjx1AUHVbVF2v8vhKxkQU8rPlOs?width=1920&height=1920
10-05-2021,2447.438965,2478.11635,2433.272784,2478.11635,1526814,14,Asian Paints,ASIANPAINT.NS,Stock,Consumer Goods,https://1drv.ms/i/c/8705623eb284e7df/IQR9q3xMF-WOSJg76JgYgjx1AUHVbVF2v8vhKxkQU8rPlOs?width=1920&height=1920
11-05-2021,2446.769043,2452.272778,2413.315954,2424.514811,1168363,14,Asian Paints,ASIANPAINT.NS,Stock,Consumer Goods,https://1drv.ms/i/c/8705623eb284e7df/IQR9q3xMF-WOSJg76JgYgjx1AUHVbVF2v8vhKxkQU8rPlOs?width=1920&height=1920
12-05-2021,2446.720947,2478.068304,2421.643109,2466.630155,2085630,14,Asian Paints,ASIANPAINT.NS,Stock,Consumer Goods,https://1drv.ms/i/c/8705623eb284e7df/IQR9q3xMF-WOSJg76JgYgjx1AUHVbVF2v8vhKxkQU8rPlOs?width=1920&height=1920
14-05-2021,2655.671387,2713.819535,2490.128681,2507.788442,10543708,14,Asian Paints,ASIANPAINT.NS,Stock,Consumer Goods,https://1drv.ms/i/c/8705623eb284e7df/IQR9q3xMF-WOSJg76JgYgjx1AUHVbVF2v8vhKxkQU8rPlOs?width=1920&height=1920
17-05-2021,2663.568359,2703.243062,2629.875977,2662.850481,2134352,14,Asian Paints,ASIANPAINT.NS,Stock,Consumer Goods,https://1drv.ms/i/c/8705623eb284e7df/IQR9q3xMF-WOSJg76JgYgjx1AUHVbVF2v8vhKxkQU8rPlOs?width=1920&height=1920
18-05-2021,2700.946289,2723.152619,2669.551021,2677.208392,1328605,14,Asian Paints,ASIANPAINT.NS,Stock,Consumer Goods,https://1drv.ms/i/c/8705623eb284e7df/IQR9q3xMF-WOSJg76JgYgjx1AUHVbVF2v8vhKxkQU8rPlOs?width=1920&height=1920
19-05-2021,2695.250488,2726.980619,2678.786957,2685.00857,1219067,14,Asian Paints,ASIANPAINT.NS,Stock,Consumer Goods,https://1drv.ms/i/c/8705623eb284e7df/IQR9q3xMF-WOSJg76JgYgjx1AUHVbVF2v8vhKxkQU8rPlOs?width=1920&height=1920
20-05-2021,2674.431885,2723.151801,2659.499922,2693.479496,1211975,14,Asian Paints,ASIANPAINT.NS,Stock,Consumer Goods,https://1drv.ms/i/c/8705623eb284e7df/IQR9q3xMF-WOSJg76JgYgjx1AUHVbVF2v8vhKxkQU8rPlOs?width=1920&height=1920
21-05-2021,2711.1875,2731.766681,2675.293579,2686.779634,1328308,14,Asian Paints,ASIANPAINT.NS,Stock,Consumer Goods,https://1drv.ms/i/c/8705623eb284e7df/IQR9q3xMF-WOSJg76JgYgjx1AUHVbVF2v8vhKxkQU8rPlOs?width=1920&height=1920
24-05-2021,2698.457275,2726.981027,2687.928391,2724.109513,813091,14,Asian Paints,ASIANPAINT.NS,Stock,Consumer Goods,https://1drv.ms/i/c/8705623eb284e7df/IQR9q3xMF-WOSJg76JgYgjx1AUHVbVF2v8vhKxkQU8rPlOs?width=1920&height=1920
25-05-2021,2789.580078,2797.476742,2701.855418,2715.399299,2730112,14,Asian Paints,ASIANPAINT.NS,Stock,Consumer Goods,https://1drv.ms/i/c/8705623eb284e7df/IQR9q3xMF-WOSJg76JgYgjx1AUHVbVF2v8vhKxkQU8rPlOs?width=1920&height=1920
26-05-2021,2815.61499,2821.644982,2785.751061,2813.939941,1250531,14,Asian Paints,ASIANPAINT.NS,Stock,Consumer Goods,https://1drv.ms/i/c/8705623eb284e7df/IQR9q3xMF-WOSJg76JgYgjx1AUHVbVF2v8vhKxkQU8rPlOs?width=1920&height=1920
27-05-2021,2823.032959,2838.012595,2777.950102,2823.655027,2415085,14,Asian Paints,ASIANPAINT.NS,Stock,Consumer Goods,https://1drv.ms/i/c/8705623eb284e7df/IQR9q3xMF-WOSJg76JgYgjx1AUHVbVF2v8vhKxkQU8rPlOs?width=1920&height=1920
28-05-2021,2814.753418,2836.864167,2805.612386,2831.456009,711383,14,Asian Paints,ASIANPAINT.NS,Stock,Consumer Goods,https://1drv.ms/i/c/8705623eb284e7df/IQR9q3xMF-WOSJg76JgYgjx1AUHVbVF2v8vhKxkQU8rPlOs?width=1920&height=1920
31-05-2021,2849.977295,2861.89403,2810.3505,2812.169032,2093635,14,Asian Paints,ASIANPAINT.NS,Stock,Consumer Goods,https://1drv.ms/i/c/8705623eb284e7df/IQR9q3xMF-WOSJg76JgYgjx1AUHVbVF2v8vhKxkQU8rPlOs?width=1920&height=1920
01-06-2021,2805.46875,2854.858877,2790.249822,2838.01257,1194073,14,Asian Paints,ASIANPAINT.NS,Stock,Consumer Goods,https://1drv.ms/i/c/8705623eb284e7df/IQR9q3xMF-WOSJg76JgYgjx1AUHVbVF2v8vhKxkQU8rPlOs?width=1920&height=1920
02-06-2021,2779.338379,2808.101424,2753.925433,2793.839665,2067842,14,Asian Paints,ASIANPAINT.NS,Stock,Consumer Goods,https://1drv.ms/i/c/8705623eb284e7df/IQR9q3xMF-WOSJg76JgYgjx1AUHVbVF2v8vhKxkQU8rPlOs?width=1920&height=1920
03-06-2021,2809.632568,2815.997663,2779.673063,2794.557122,1404434,14,Asian Paints,ASIANPAINT.NS,Stock,Consumer Goods,https://1drv.ms/i/c/8705623eb284e7df/IQR9q3xMF-WOSJg76JgYgjx1AUHVbVF2v8vhKxkQU8rPlOs?width=1920&height=1920
04-06-2021,2799.630127,2861.942069,2783.454026,2826.526733,1509084,14,Asian Paints,ASIANPAINT.NS,Stock,Consumer Goods,https://1drv.ms/i/c/8705623eb284e7df/IQR9q3xMF-WOSJg76JgYgjx1AUHVbVF2v8vhKxkQU8rPlOs?width=1920&height=1920
07-06-2021,2807.479004,2815.040563,2779.577323,2804.51168,802415,14,Asian Paints,ASIANPAINT.NS,Stock,Consumer Goods,https://1drv.ms/i/c/8705623eb284e7df/IQR9q3xMF-WOSJg76JgYgjx1AUHVbVF2v8vhKxkQU8rPlOs?width=1920&height=1920
08-06-2021,2800.922363,2818.151446,2782.975402,2802.597413,762931,14,Asian Paints,ASIANPAINT.NS,Stock,Consumer Goods,https://1drv.ms/i/c/8705623eb284e7df/IQR9q3xMF-WOSJg76JgYgjx1AUHVbVF2v8vhKxkQU8rPlOs?width=1920&height=1920
09-06-2021,2817.481201,2838.012476,2794.556999,2805.277269,1340352,14,Asian Paints,ASIANPAINT.NS,Stock,Consumer Goods,https://1drv.ms/i/c/8705623eb284e7df/IQR9q3xMF-WOSJg76JgYgjx1AUHVbVF2v8vhKxkQU8rPlOs?width=1920&height=1920
10-06-2021,2838.210693,2846.57926,2809.401312,2832.823905,1344559,14,Asian Paints,ASIANPAINT.NS,Stock,Consumer Goods,https://1drv.ms/i/c/8705623eb284e7df/IQR9q3xMF-WOSJg76JgYgjx1AUHVbVF2v8vhKxkQU8rPlOs?width=1920&height=1920
11-06-2021,2843.645264,2858.41067,2826.667653,2847.252425,878445,14,Asian Paints,ASIANPAINT.NS,Stock,Consumer Goods,https://1drv.ms/i/c/8705623eb284e7df/IQR9q3xMF-WOSJg76JgYgjx1AUHVbVF2v8vhKxkQU8rPlOs?width=1920&height=1920
14-06-2021,2837.537109,2856.871587,2805.409422,2842.539227,746823,14,Asian Paints,ASIANPAINT.NS,Stock,Consumer Goods,https://1drv.ms/i/c/8705623eb284e7df/IQR9q3xMF-WOSJg76JgYgjx1AUHVbVF2v8vhKxkQU8rPlOs?width=1920&height=1920
15-06-2021,2926.321533,2933.824476,2848.166373,2856.871702,2262031,14,Asian Paints,ASIANPAINT.NS,Stock,Consumer Goods,https://1drv.ms/i/c/8705623eb284e7df/IQR9q3xMF-WOSJg76JgYgjx1AUHVbVF2v8vhKxkQU8rPlOs?width=1920&height=1920
16-06-2021,2903.716553,2926.321429,2891.019393,2913.624269,859505,14,Asian Paints,ASIANPAINT.NS,Stock,Consumer Goods,https://1drv.ms/i/c/8705623eb284e7df/IQR9q3xMF-WOSJg76JgYgjx1AUHVbVF2v8vhKxkQU8rPlOs?width=1920&height=1920
17-06-2021,2943.732422,2956.862396,2886.210173,2902.99545,1533864,14,Asian Paints,ASIANPAINT.NS,Stock,Consumer Goods,https://1drv.ms/i/c/8705623eb284e7df/IQR9q3xMF-WOSJg76JgYgjx1AUHVbVF2v8vhKxkQU8rPlOs?width=1920&height=1920
18-06-2021,2931.130859,2960.565387,2901.16747,2944.934356,2293860,14,Asian Paints,ASIANPAINT.NS,Stock,Consumer Goods,https://1drv.ms/i/c/8705623eb284e7df/IQR9q3xMF-WOSJg76JgYgjx1AUHVbVF2v8vhKxkQU8rPlOs?width=1920&height=1920
21-06-2021,2951.667725,2961.863825,2905.977019,2909.00694,720491,14,Asian Paints,ASIANPAINT.NS,Stock,Consumer Goods,https://1drv.ms/i/c/8705623eb284e7df/IQR9q3xMF-WOSJg76JgYgjx1AUHVbVF2v8vhKxkQU8rPlOs?width=1920&height=1920
22-06-2021,2896.117676,2975.042411,2889.768978,2967.491326,1199238,14,Asian Paints,ASIANPAINT.NS,Stock,Consumer Goods,https://1drv.ms/i/c/8705623eb284e7df/IQR9q3xMF-WOSJg76JgYgjx1AUHVbVF2v8vhKxkQU8rPlOs?width=1920&height=1920
23-06-2021,2873.560547,2914.585895,2869.857101,2914.585895,1009007,14,Asian Paints,ASIANPAINT.NS,Stock,Consumer Goods,https://1drv.ms/i/c/8705623eb284e7df/IQR9q3xMF-WOSJg76JgYgjx1AUHVbVF2v8vhKxkQU8rPlOs?width=1920&height=1920
24-06-2021,2927.331299,2933.535569,2862.113783,2873.560648,985596,14,Asian Paints,ASIANPAINT.NS,Stock,Consumer Goods,https://1drv.ms/i/c/8705623eb284e7df/IQR9q3xMF-WOSJg76JgYgjx1AUHVbVF2v8vhKxkQU8rPlOs?width=1920&height=1920
25-06-2021,2889.480225,2937.191036,2871.300227,2914.778495,786964,14,Asian Paints,ASIANPAINT.NS,Stock,Consumer Goods,https://1drv.ms/i/c/8705623eb284e7df/IQR9q3xMF-WOSJg76JgYgjx1AUHVbVF2v8vhKxkQU8rPlOs?width=1920&height=1920
28-06-2021,2869.328857,2923.099757,2862.884109,2908.815303,891695,14,Asian Paints,ASIANPAINT.NS,Stock,Consumer Goods,https://1drv.ms/i/c/8705623eb284e7df/IQR9q3xMF-WOSJg76JgYgjx1AUHVbVF2v8vhKxkQU8rPlOs?width=1920&height=1920
29-06-2021,2887.171631,2908.670404,2859.80535,2875.147761,1242734,14,Asian Paints,ASIANPAINT.NS,Stock,Consumer Goods,https://1drv.ms/i/c/8705623eb284e7df/IQR9q3xMF-WOSJg76JgYgjx1AUHVbVF2v8vhKxkQU8rPlOs?width=1920&height=1920
30-06-2021,2878.707031,2914.586309,2871.925521,2884.767109,924522,14,Asian Paints,ASIANPAINT.NS,Stock,Consumer Goods,https://1drv.ms/i/c/8705623eb284e7df/IQR9q3xMF-WOSJg76JgYgjx1AUHVbVF2v8vhKxkQU8rPlOs?width=1920&height=1920
01-07-2021,2906.506104,2911.604036,2882.843034,2893.424039,848235,14,Asian Paints,ASIANPAINT.NS,Stock,Consumer Goods,https://1drv.ms/i/c/8705623eb284e7df/IQR9q3xMF-WOSJg76JgYgjx1AUHVbVF2v8vhKxkQU8rPlOs?width=1920&height=1920
02-07-2021,2890.538574,2923.051168,2885.488548,2917.423903,805542,14,Asian Paints,ASIANPAINT.NS,Stock,Consumer Goods,https://1drv.ms/i/c/8705623eb284e7df/IQR9q3xMF-WOSJg76JgYgjx1AUHVbVF2v8vhKxkQU8rPlOs?width=1920&height=1920
05-07-2021,2899.964844,2933.824012,2892.558187,2904.966726,863343,14,Asian Paints,ASIANPAINT.NS,Stock,Consumer Goods,https://1drv.ms/i/c/8705623eb284e7df/IQR9q3xMF-WOSJg76JgYgjx1AUHVbVF2v8vhKxkQU8rPlOs?width=1920&height=1920
06-07-2021,2888.133545,2914.105104,2881.881133,2888.6145,762630,14,Asian Paints,ASIANPAINT.NS,Stock,Consumer Goods,https://1drv.ms/i/c/8705623eb284e7df/IQR9q3xMF-WOSJg76JgYgjx1AUHVbVF2v8vhKxkQU8rPlOs?width=1920&height=1920
07-07-2021,2924.30127,2952.100361,2896.550086,2948.252723,1234865,14,Asian Paints,ASIANPAINT.NS,Stock,Consumer Goods,https://1drv.ms/i/c/8705623eb284e7df/IQR9q3xMF-WOSJg76JgYgjx1AUHVbVF2v8vhKxkQU8rPlOs?width=1920&height=1920
08-07-2021,2912.950928,2942.481506,2903.812786,2933.824319,907391,14,Asian Paints,ASIANPAINT.NS,Stock,Consumer Goods,https://1drv.ms/i/c/8705623eb284e7df/IQR9q3xMF-WOSJg76JgYgjx1AUHVbVF2v8vhKxkQU8rPlOs?width=1920&height=1920
09-07-2021,2895.925049,2923.387379,2892.46208,2906.890724,547082,14,Asian Paints,ASIANPAINT.NS,Stock,Consumer Goods,https://1drv.ms/i/c/8705623eb284e7df/IQR9q3xMF-WOSJg76JgYgjx1AUHVbVF2v8vhKxkQU8rPlOs?width=1920&height=1920
12-07-2021,2885.151855,2926.94702,2877.12005,2919.29965,765566,14,Asian Paints,ASIANPAINT.NS,Stock,Consumer Goods,https://1drv.ms/i/c/8705623eb284e7df/IQR9q3xMF-WOSJg76JgYgjx1AUHVbVF2v8vhKxkQU8rPlOs?width=1920&height=1920
13-07-2021,2879.813232,2906.02527,2871.637001,2904.967075,703484,14,Asian Paints,ASIANPAINT.NS,Stock,Consumer Goods,https://1drv.ms/i/c/8705623eb284e7df/IQR9q3xMF-WOSJg76JgYgjx1AUHVbVF2v8vhKxkQU8rPlOs?width=1920&height=1920
14-07-2021,2887.604736,2893.183859,2870.530839,2888.614788,470744,14,Asian Paints,ASIANPAINT.NS,Stock,Consumer Goods,https://1drv.ms/i/c/8705623eb284e7df/IQR9q3xMF-WOSJg76JgYgjx1AUHVbVF2v8vhKxkQU8rPlOs?width=1920&height=1920
15-07-2021,2869.954102,2896.310335,2857.930229,2895.348426,635535,14,Asian Paints,ASIANPAINT.NS,Stock,Consumer Goods,https://1drv.ms/i/c/8705623eb284e7df/IQR9q3xMF-WOSJg76JgYgjx1AUHVbVF2v8vhKxkQU8rPlOs?width=1920&height=1920
16-07-2021,2875.436523,2891.500367,2852.062072,2879.957452,1062548,14,Asian Paints,ASIANPAINT.NS,Stock,Consumer Goods,https://1drv.ms/i/c/8705623eb284e7df/IQR9q3xMF-WOSJg76JgYgjx1AUHVbVF2v8vhKxkQU8rPlOs?width=1920&height=1920
19-07-2021,2868.366699,2885.440597,2852.062376,2875.43683,837836,14,Asian Paints,ASIANPAINT.NS,Stock,Consumer Goods,https://1drv.ms/i/c/8705623eb284e7df/IQR9q3xMF-WOSJg76JgYgjx1AUHVbVF2v8vhKxkQU8rPlOs?width=1920&height=1920
20-07-2021,3038.720459,3058.391463,2866.057692,2881.881057,6755922,14,Asian Paints,ASIANPAINT.NS,Stock,Consumer Goods,https://1drv.ms/i/c/8705623eb284e7df/IQR9q3xMF-WOSJg76JgYgjx1AUHVbVF2v8vhKxkQU8rPlOs?width=1920&height=1920
22-07-2021,2988.412842,3044.44408,2972.300855,3010.777241,1982572,14,Asian Paints,ASIANPAINT.NS,Stock,Consumer Goods,https://1drv.ms/i/c/8705623eb284e7df/IQR9q3xMF-WOSJg76JgYgjx1AUHVbVF2v8vhKxkQU8rPlOs?width=1920&height=1920
23-07-2021,2966.288574,3010.392221,2960.805737,2987.691062,815329,14,Asian Paints,ASIANPAINT.NS,Stock,Consumer Goods,https://1drv.ms/i/c/8705623eb284e7df/IQR9q3xMF-WOSJg76JgYgjx1AUHVbVF2v8vhKxkQU8rPlOs?width=1920&height=1920
26-07-2021,2944.5979,3000.196328,2934.978803,2962.633707,1136884,14,Asian Paints,ASIANPAINT.NS,Stock,Consumer Goods,https://1drv.ms/i/c/8705623eb284e7df/IQR9q3xMF-WOSJg76JgYgjx1AUHVbVF2v8vhKxkQU8rPlOs?width=1920&height=1920
27-07-2021,2913.287354,2964.124369,2906.217459,2962.104265,904289,14,Asian Paints,ASIANPAINT.NS,Stock,Consumer Goods,https://1drv.ms/i/c/8705623eb284e7df/IQR9q3xMF-WOSJg76JgYgjx1AUHVbVF2v8vhKxkQU8rPlOs?width=1920&height=1920
28-07-2021,2889.672607,2917.4717,2870.338131,2914.922733,996594,14,Asian Paints,ASIANPAINT.NS,Stock,Consumer Goods,https://1drv.ms/i/c/8705623eb284e7df/IQR9q3xMF-WOSJg76JgYgjx1AUHVbVF2v8vhKxkQU8rPlOs?width=1920&height=1920
29-07-2021,2883.275879,2924.157037,2876.398319,2889.672719,762683,14,Asian Paints,ASIANPAINT.NS,Stock,Consumer Goods,https://1drv.ms/i/c/8705623eb284e7df/IQR9q3xMF-WOSJg76JgYgjx1AUHVbVF2v8vhKxkQU8rPlOs?width=1920&height=1920
30-07-2021,2845.760986,2894.048794,2839.460432,2893.423647,1067423,14,Asian Paints,ASIANPAINT.NS,Stock,Consumer Goods,https://1drv.ms/i/c/8705623eb284e7df/IQR9q3xMF-WOSJg76JgYgjx1AUHVbVF2v8vhKxkQU8rPlOs?width=1920&height=1920
02-08-2021,2860.767334,2873.031682,2847.877604,2871.877437,832285,14,Asian Paints,ASIANPAINT.NS,Stock,Consumer Goods,https://1drv.ms/i/c/8705623eb284e7df/IQR9q3xMF-WOSJg76JgYgjx1AUHVbVF2v8vhKxkQU8rPlOs?width=1920&height=1920
03-08-2021,2911.700928,2948.2535,2880.15024,2904.967559,2433031,14,Asian Paints,ASIANPAINT.NS,Stock,Consumer Goods,https://1drv.ms/i/c/8705623eb284e7df/IQR9q3xMF-WOSJg76JgYgjx1AUHVbVF2v8vhKxkQU8rPlOs?width=1920&height=1920
04-08-2021,2903.620361,2936.998577,2897.271664,2924.782372,659295,14,Asian Paints,ASIANPAINT.NS,Stock,Consumer Goods,https://1drv.ms/i/c/8705623eb284e7df/IQR9q3xMF-WOSJg76JgYgjx1AUHVbVF2v8vhKxkQU8rPlOs?width=1920&height=1920
05-08-2021,2874.570801,2924.205434,2866.538996,2918.433976,693694,14,Asian Paints,ASIANPAINT.NS,Stock,Consumer Goods,https://1drv.ms/i/c/8705623eb284e7df/IQR9q3xMF-WOSJg76JgYgjx1AUHVbVF2v8vhKxkQU8rPlOs?width=1920&height=1920
06-08-2021,2853.456787,2886.690812,2848.647239,2880.919354,744159,14,Asian Paints,ASIANPAINT.NS,Stock,Consumer Goods,https://1drv.ms/i/c/8705623eb284e7df/IQR9q3xMF-WOSJg76JgYgjx1AUHVbVF2v8vhKxkQU8rPlOs?width=1920&height=1920
09-08-2021,2878.562744,2900.157569,2859.805506,2880.582613,825462,14,Asian Paints,ASIANPAINT.NS,Stock,Consumer Goods,https://1drv.ms/i/c/8705623eb284e7df/IQR9q3xMF-WOSJg76JgYgjx1AUHVbVF2v8vhKxkQU8rPlOs?width=1920&height=1920
10-08-2021,2863.749268,2893.712895,2847.781708,2883.805178,724335,14,Asian Paints,ASIANPAINT.NS,Stock,Consumer Goods,https://1drv.ms/i/c/8705623eb284e7df/IQR9q3xMF-WOSJg76JgYgjx1AUHVbVF2v8vhKxkQU8rPlOs?width=1920&height=1920
11-08-2021,2859.372803,2887.123756,2840.086467,2873.608878,987941,14,Asian Paints,ASIANPAINT.NS,Stock,Consumer Goods,https://1drv.ms/i/c/8705623eb284e7df/IQR9q3xMF-WOSJg76JgYgjx1AUHVbVF2v8vhKxkQU8rPlOs?width=1920&height=1920
12-08-2021,2862.162109,2871.540728,2845.328691,2860.719245,438552,14,Asian Paints,ASIANPAINT.NS,Stock,Consumer Goods,https://1drv.ms/i/c/8705623eb284e7df/IQR9q3xMF-WOSJg76JgYgjx1AUHVbVF2v8vhKxkQU8rPlOs?width=1920&height=1920
13-08-2021,2874.859619,2887.653066,2859.853968,2867.356676,572250,14,Asian Paints,ASIANPAINT.NS,Stock,Consumer Goods,https://1drv.ms/i/c/8705623eb284e7df/IQR9q3xMF-WOSJg76JgYgjx1AUHVbVF2v8vhKxkQU8rPlOs?width=1920&height=1920
16-08-2021,2858.218018,2870.482365,2847.252342,2866.490534,461742,14,Asian Paints,ASIANPAINT.NS,Stock,Consumer Goods,https://1drv.ms/i/c/8705623eb284e7df/IQR9q3xMF-WOSJg76JgYgjx1AUHVbVF2v8vhKxkQU8rPlOs?width=1920&height=1920
17-08-2021,2900.446533,2928.053296,2859.853988,2860.719613,2036757,14,Asian Paints,ASIANPAINT.NS,Stock,Consumer Goods,https://1drv.ms/i/c/8705623eb284e7df/IQR9q3xMF-WOSJg76JgYgjx1AUHVbVF2v8vhKxkQU8rPlOs?width=1920&height=1920
18-08-2021,2887.219971,2931.900627,2878.562784,2931.900627,1375320,14,Asian Paints,ASIANPAINT.NS,Stock,Consumer Goods,https://1drv.ms/i/c/8705623eb284e7df/IQR9q3xMF-WOSJg76JgYgjx1AUHVbVF2v8vhKxkQU8rPlOs?width=1920&height=1920
20-08-2021,2994.376465,3005.053755,2887.171686,2887.171686,3931334,14,Asian Paints,ASIANPAINT.NS,Stock,Consumer Goods,https://1drv.ms/i/c/8705623eb284e7df/IQR9q3xMF-WOSJg76JgYgjx1AUHVbVF2v8vhKxkQU8rPlOs?width=1920&height=1920
23-08-2021,2960.229004,3043.338144,2934.786539,3038.720931,1578949,14,Asian Paints,ASIANPAINT.NS,Stock,Consumer Goods,https://1drv.ms/i/c/8705623eb284e7df/IQR9q3xMF-WOSJg76JgYgjx1AUHVbVF2v8vhKxkQU8rPlOs?width=1920&height=1920
24-08-2021,2929.928955,2974.994521,2918.963278,2974.994521,763704,14,Asian Paints,ASIANPAINT.NS,Stock,Consumer Goods,https://1drv.ms/i/c/8705623eb284e7df/IQR9q3xMF-WOSJg76JgYgjx1AUHVbVF2v8vhKxkQU8rPlOs?width=1920&height=1920
25-08-2021,2922.329346,2953.062309,2897.848795,2910.738289,797870,14,Asian Paints,ASIANPAINT.NS,Stock,Consumer Goods,https://1drv.ms/i/c/8705623eb284e7df/IQR9q3xMF-WOSJg76JgYgjx1AUHVbVF2v8vhKxkQU8rPlOs?width=1920&height=1920
26-08-2021,2923.868408,2967.010148,2910.930771,2947.291001,1319516,14,Asian Paints,ASIANPAINT.NS,Stock,Consumer Goods,https://1drv.ms/i/c/8705623eb284e7df/IQR9q3xMF-WOSJg76JgYgjx1AUHVbVF2v8vhKxkQU8rPlOs?width=1920&height=1920
27-08-2021,2921.126953,2941.471246,2905.447781,2924.637829,634375,14,Asian Paints,ASIANPAINT.NS,Stock,Consumer Goods,https://1drv.ms/i/c/8705623eb284e7df/IQR9q3xMF-WOSJg76JgYgjx1AUHVbVF2v8vhKxkQU8rPlOs?width=1920&height=1920
30-08-2021,2990.336426,2995.626929,2931.948561,2940.268985,1051747,14,Asian Paints,ASIANPAINT.NS,Stock,Consumer Goods,https://1drv.ms/i/c/8705623eb284e7df/IQR9q3xMF-WOSJg76JgYgjx1AUHVbVF2v8vhKxkQU8rPlOs?width=1920&height=1920
31-08-2021,3079.409668,3087.730093,2984.853899,2990.336737,2283290,14,Asian Paints,ASIANPAINT.NS,Stock,Consumer Goods,https://1drv.ms/i/c/8705623eb284e7df/IQR9q3xMF-WOSJg76JgYgjx1AUHVbVF2v8vhKxkQU8rPlOs?width=1920&height=1920
01-09-2021,3176.946777,3206.044541,3092.539214,3107.016,2423168,14,Asian Paints,ASIANPAINT.NS,Stock,Consumer Goods,https://1drv.ms/i/c/8705623eb284e7df/IQR9q3xMF-WOSJg76JgYgjx1AUHVbVF2v8vhKxkQU8rPlOs?width=1920&height=1920
02-09-2021,3175.840576,3192.577708,3142.22165,3186.758108,847517,14,Asian Paints,ASIANPAINT.NS,Stock,Consumer Goods,https://1drv.ms/i/c/8705623eb284e7df/IQR9q3xMF-WOSJg76JgYgjx1AUHVbVF2v8vhKxkQU8rPlOs?width=1920&height=1920
03-09-2021,3211.623779,3217.539429,3161.315861,3175.84079,832039,14,Asian Paints,ASIANPAINT.NS,Stock,Consumer Goods,https://1drv.ms/i/c/8705623eb284e7df/IQR9q3xMF-WOSJg76JgYgjx1AUHVbVF2v8vhKxkQU8rPlOs?width=1920&height=1920
06-09-2021,3189.259521,3220.184822,3179.976953,3214.701984,664394,14,Asian Paints,ASIANPAINT.NS,Stock,Consumer Goods,https://1drv.ms/i/c/8705623eb284e7df/IQR9q3xMF-WOSJg76JgYgjx1AUHVbVF2v8vhKxkQU8rPlOs?width=1920&height=1920
07-09-2021,3209.171143,3265.298666,3197.243557,3206.525891,1285818,14,Asian Paints,ASIANPAINT.NS,Stock,Consumer Goods,https://1drv.ms/i/c/8705623eb284e7df/IQR9q3xMF-WOSJg76JgYgjx1AUHVbVF2v8vhKxkQU8rPlOs?width=1920&height=1920
08-09-2021,3209.507813,3233.507411,3171.416097,3217.58776,702598,14,Asian Paints,ASIANPAINT.NS,Stock,Consumer Goods,https://1drv.ms/i/c/8705623eb284e7df/IQR9q3xMF-WOSJg76JgYgjx1AUHVbVF2v8vhKxkQU8rPlOs?width=1920&height=1920
09-09-2021,3218.886719,3231.054783,3179.111657,3179.111657,591745,14,Asian Paints,ASIANPAINT.NS,Stock,Consumer Goods,https://1drv.ms/i/c/8705623eb284e7df/IQR9q3xMF-WOSJg76JgYgjx1AUHVbVF2v8vhKxkQU8rPlOs?width=1920&height=1920
13-09-2021,3238.797363,3245.482587,3203.495332,3219.126361,610920,14,Asian Paints,ASIANPAINT.NS,Stock,Consumer Goods,https://1drv.ms/i/c/8705623eb284e7df/IQR9q3xMF-WOSJg76JgYgjx1AUHVbVF2v8vhKxkQU8rPlOs?width=1920&height=1920
14-09-2021,3234.421387,3259.527324,3228.986691,3255.96807,569412,14,Asian Paints,ASIANPAINT.NS,Stock,Consumer Goods,https://1drv.ms/i/c/8705623eb284e7df/IQR9q3xMF-WOSJg76JgYgjx1AUHVbVF2v8vhKxkQU8rPlOs?width=1920&height=1920
15-09-2021,3224.609863,3255.054211,3219.463553,3233.796148,587855,14,Asian Paints,ASIANPAINT.NS,Stock,Consumer Goods,https://1drv.ms/i/c/8705623eb284e7df/IQR9q3xMF-WOSJg76JgYgjx1AUHVbVF2v8vhKxkQU8rPlOs?width=1920&height=1920
16-09-2021,3214.798096,3242.597189,3207.968444,3222.397087,516746,14,Asian Paints,ASIANPAINT.NS,Stock,Consumer Goods,https://1drv.ms/i/c/8705623eb284e7df/IQR9q3xMF-WOSJg76JgYgjx1AUHVbVF2v8vhKxkQU8rPlOs?width=1920&height=1920
17-09-2021,3177.235352,3253.178063,3159.92098,3224.320777,1545695,14,Asian Paints,ASIANPAINT.NS,Stock,Consumer Goods,https://1drv.ms/i/c/8705623eb284e7df/IQR9q3xMF-WOSJg76JgYgjx1AUHVbVF2v8vhKxkQU8rPlOs?width=1920&height=1920
20-09-2021,3146.935547,3188.730474,3140.634992,3174.253687,689288,14,Asian Paints,ASIANPAINT.NS,Stock,Consumer Goods,https://1drv.ms/i/c/8705623eb284e7df/IQR9q3xMF-WOSJg76JgYgjx1AUHVbVF2v8vhKxkQU8rPlOs?width=1920&height=1920
21-09-2021,3183.151611,3207.968929,3146.406707,3146.935804,922057,14,Asian Paints,ASIANPAINT.NS,Stock,Consumer Goods,https://1drv.ms/i/c/8705623eb284e7df/IQR9q3xMF-WOSJg76JgYgjx1AUHVbVF2v8vhKxkQU8rPlOs?width=1920&height=1920
22-09-2021,3191.135498,3203.111227,3162.999639,3201.716505,825945,14,Asian Paints,ASIANPAINT.NS,Stock,Consumer Goods,https://1drv.ms/i/c/8705623eb284e7df/IQR9q3xMF-WOSJg76JgYgjx1AUHVbVF2v8vhKxkQU8rPlOs?width=1920&height=1920
23-09-2021,3194.164795,3212.777838,3188.7301,3212.777838,694716,14,Asian Paints,ASIANPAINT.NS,Stock,Consumer Goods,https://1drv.ms/i/c/8705623eb284e7df/IQR9q3xMF-WOSJg76JgYgjx1AUHVbVF2v8vhKxkQU8rPlOs?width=1920&height=1920
24-09-2021,3317.241699,3371.493309,3194.357742,3203.159121,2775975,14,Asian Paints,ASIANPAINT.NS,Stock,Consumer Goods,https://1drv.ms/i/c/8705623eb284e7df/IQR9q3xMF-WOSJg76JgYgjx1AUHVbVF2v8vhKxkQU8rPlOs?width=1920&height=1920
27-09-2021,3299.975342,3337.826582,3287.470516,3329.746634,902449,14,Asian Paints,ASIANPAINT.NS,Stock,Consumer Goods,https://1drv.ms/i/c/8705623eb284e7df/IQR9q3xMF-WOSJg76JgYgjx1AUHVbVF2v8vhKxkQU8rPlOs?width=1920&height=1920
28-09-2021,3250.966064,3299.061548,3222.397394,3294.444335,961271,14,Asian Paints,ASIANPAINT.NS,Stock,Consumer Goods,https://1drv.ms/i/c/8705623eb284e7df/IQR9q3xMF-WOSJg76JgYgjx1AUHVbVF2v8vhKxkQU8rPlOs?width=1920&height=1920
29-09-2021,3196.473877,3252.889783,3183.920909,3236.825939,973387,14,Asian Paints,ASIANPAINT.NS,Stock,Consumer Goods,https://1drv.ms/i/c/8705623eb284e7df/IQR9q3xMF-WOSJg76JgYgjx1AUHVbVF2v8vhKxkQU8rPlOs?width=1920&height=1920
30-09-2021,3121.060303,3220.185147,3097.349322,3203.063107,2077896,14,Asian Paints,ASIANPAINT.NS,Stock,Consumer Goods,https://1drv.ms/i/c/8705623eb284e7df/IQR9q3xMF-WOSJg76JgYgjx1AUHVbVF2v8vhKxkQU8rPlOs?width=1920&height=1920
01-10-2021,3056.804932,3129.044212,3049.253846,3124.282805,1512332,14,Asian Paints,ASIANPAINT.NS,Stock,Consumer Goods,https://1drv.ms/i/c/8705623eb284e7df/IQR9q3xMF-WOSJg76JgYgjx1AUHVbVF2v8vhKxkQU8rPlOs?width=1920&height=1920
04-10-2021,3079.649414,3107.448503,3056.948257,3080.803658,921241,14,Asian Paints,ASIANPAINT.NS,Stock,Consumer Goods,https://1drv.ms/i/c/8705623eb284e7df/IQR9q3xMF-WOSJg76JgYgjx1AUHVbVF2v8vhKxkQU8rPlOs?width=1920&height=1920
05-10-2021,3130.775391,3135.825416,3070.078799,3086.335212,909337,14,Asian Paints,ASIANPAINT.NS,Stock,Consumer Goods,https://1drv.ms/i/c/8705623eb284e7df/IQR9q3xMF-WOSJg76JgYgjx1AUHVbVF2v8vhKxkQU8rPlOs?width=1920&height=1920
06-10-2021,3089.894043,3155.063417,3078.735798,3137.749044,786378,14,Asian Paints,ASIANPAINT.NS,Stock,Consumer Goods,https://1drv.ms/i/c/8705623eb284e7df/IQR9q3xMF-WOSJg76JgYgjx1AUHVbVF2v8vhKxkQU8rPlOs?width=1920&height=1920
07-10-2021,3165.500244,3191.615995,3097.348856,3097.348856,1177283,14,Asian Paints,ASIANPAINT.NS,Stock,Consumer Goods,https://1drv.ms/i/c/8705623eb284e7df/IQR9q3xMF-WOSJg76JgYgjx1AUHVbVF2v8vhKxkQU8rPlOs?width=1920&height=1920
08-10-2021,3180.938721,3202.197017,3139.769178,3181.035006,882436,14,Asian Paints,ASIANPAINT.NS,Stock,Consumer Goods,https://1drv.ms/i/c/8705623eb284e7df/IQR9q3xMF-WOSJg76JgYgjx1AUHVbVF2v8vhKxkQU8rPlOs?width=1920&height=1920
11-10-2021,3180.121094,3216.962276,3172.137198,3199.695812,460197,14,Asian Paints,ASIANPAINT.NS,Stock,Consumer Goods,https://1drv.ms/i/c/8705623eb284e7df/IQR9q3xMF-WOSJg76JgYgjx1AUHVbVF2v8vhKxkQU8rPlOs?width=1920&height=1920
12-10-2021,3196.666016,3207.968453,3155.063426,3155.063426,564524,14,Asian Paints,ASIANPAINT.NS,Stock,Consumer Goods,https://1drv.ms/i/c/8705623eb284e7df/IQR9q3xMF-WOSJg76JgYgjx1AUHVbVF2v8vhKxkQU8rPlOs?width=1920&height=1920
13-10-2021,3196.906738,3230.958246,3166.029344,3215.663977,770144,14,Asian Paints,ASIANPAINT.NS,Stock,Consumer Goods,https://1drv.ms/i/c/8705623eb284e7df/IQR9q3xMF-WOSJg76JgYgjx1AUHVbVF2v8vhKxkQU8rPlOs?width=1920&height=1920
14-10-2021,3172.185791,3225.235016,3164.682849,3214.702152,648597,14,Asian Paints,ASIANPAINT.NS,Stock,Consumer Goods,https://1drv.ms/i/c/8705623eb284e7df/IQR9q3xMF-WOSJg76JgYgjx1AUHVbVF2v8vhKxkQU8rPlOs?width=1920&height=1920
18-10-2021,3118.029785,3158.862798,3108.891644,3128.61079,1576121,14,Asian Paints,ASIANPAINT.NS,Stock,Consumer Goods,https://1drv.ms/i/c/8705623eb284e7df/IQR9q3xMF-WOSJg76JgYgjx1AUHVbVF2v8vhKxkQU8rPlOs?width=1920&height=1920
19-10-2021,3062.479492,3144.578565,3055.120978,3136.690719,1042069,14,Asian Paints,ASIANPAINT.NS,Stock,Consumer Goods,https://1drv.ms/i/c/8705623eb284e7df/IQR9q3xMF-WOSJg76JgYgjx1AUHVbVF2v8vhKxkQU8rPlOs?width=1920&height=1920
20-10-2021,3048.868652,3097.300658,3017.173544,3068.491514,1205540,14,Asian Paints,ASIANPAINT.NS,Stock,Consumer Goods,https://1drv.ms/i/c/8705623eb284e7df/IQR9q3xMF-WOSJg76JgYgjx1AUHVbVF2v8vhKxkQU8rPlOs?width=1920&height=1920
21-10-2021,2887.652832,3073.734211,2809.209051,3072.339489,5103543,14,Asian Paints,ASIANPAINT.NS,Stock,Consumer Goods,https://1drv.ms/i/c/8705623eb284e7df/IQR9q3xMF-WOSJg76JgYgjx1AUHVbVF2v8vhKxkQU8rPlOs?width=1920&height=1920
22-10-2021,2868.799072,2888.566361,2801.224923,2861.681035,2855592,14,Asian Paints,ASIANPAINT.NS,Stock,Consumer Goods,https://1drv.ms/i/c/8705623eb284e7df/IQR9q3xMF-WOSJg76JgYgjx1AUHVbVF2v8vhKxkQU8rPlOs?width=1920&height=1920
25-10-2021,2806.900635,2837.633603,2748.416478,2837.633603,2161537,14,Asian Paints,ASIANPAINT.NS,Stock,Consumer Goods,https://1drv.ms/i/c/8705623eb284e7df/IQR9q3xMF-WOSJg76JgYgjx1AUHVbVF2v8vhKxkQU8rPlOs?width=1920&height=1920
26-10-2021,2856.679443,2908.814902,2787.614281,2806.900617,1988263,14,Asian Paints,ASIANPAINT.NS,Stock,Consumer Goods,https://1drv.ms/i/c/8705623eb284e7df/IQR9q3xMF-WOSJg76JgYgjx1AUHVbVF2v8vhKxkQU8rPlOs?width=1920&height=1920
27-10-2021,2976.773438,3025.20568,2913.816501,2913.816501,4609951,14,Asian Paints,ASIANPAINT.NS,Stock,Consumer Goods,https://1drv.ms/i/c/8705623eb284e7df/IQR9q3xMF-WOSJg76JgYgjx1AUHVbVF2v8vhKxkQU8rPlOs?width=1920&height=1920
28-10-2021,3001.138916,3031.282289,2948.845495,2988.330363,1791065,14,Asian Paints,ASIANPAINT.NS,Stock,Consumer Goods,https://1drv.ms/i/c/8705623eb284e7df/IQR9q3xMF-WOSJg76JgYgjx1AUHVbVF2v8vhKxkQU8rPlOs?width=1920&height=1920
29-10-2021,2985.537109,3028.488793,2969.3579,3009.516846,1118903,14,Asian Paints,ASIANPAINT.NS,Stock,Consumer Goods,https://1drv.ms/i/c/8705623eb284e7df/IQR9q3xMF-WOSJg76JgYgjx1AUHVbVF2v8vhKxkQU8rPlOs?width=1920&height=1920
01-11-2021,3006.435791,3026.130026,2977.399825,3012.406627,750393,14,Asian Paints,ASIANPAINT.NS,Stock,Consumer Goods,https://1drv.ms/i/c/8705623eb284e7df/IQR9q3xMF-WOSJg76JgYgjx1AUHVbVF2v8vhKxkQU8rPlOs?width=1920&height=1920
02-11-2021,2988.667725,3023.770691,2966.180515,3004.70234,881916,14,Asian Paints,ASIANPAINT.NS,Stock,Consumer Goods,https://1drv.ms/i/c/8705623eb284e7df/IQR9q3xMF-WOSJg76JgYgjx1AUHVbVF2v8vhKxkQU8rPlOs?width=1920&height=1920
03-11-2021,3053.480469,3065.277777,2980.626162,2987.46388,879227,14,Asian Paints,ASIANPAINT.NS,Stock,Consumer Goods,https://1drv.ms/i/c/8705623eb284e7df/IQR9q3xMF-WOSJg76JgYgjx1AUHVbVF2v8vhKxkQU8rPlOs?width=1920&height=1920
04-11-2021,3042.501465,3072.115114,3028.778067,3061.521613,263595,14,Asian Paints,ASIANPAINT.NS,Stock,Consumer Goods,https://1drv.ms/i/c/8705623eb284e7df/IQR9q3xMF-WOSJg76JgYgjx1AUHVbVF2v8vhKxkQU8rPlOs?width=1920&height=1920
08-11-2021,3022.037109,3063.44807,2980.770511,3048.039341,787824,14,Asian Paints,ASIANPAINT.NS,Stock,Consumer Goods,https://1drv.ms/i/c/8705623eb284e7df/IQR9q3xMF-WOSJg76JgYgjx1AUHVbVF2v8vhKxkQU8rPlOs?width=1920&height=1920
09-11-2021,3028.922607,3038.4087,3004.702106,3023.963017,668840,14,Asian Paints,ASIANPAINT.NS,Stock,Consumer Goods,https://1drv.ms/i/c/8705623eb284e7df/IQR9q3xMF-WOSJg76JgYgjx1AUHVbVF2v8vhKxkQU8rPlOs?width=1920&height=1920
10-11-2021,2993.434326,3020.736525,2966.661615,3016.258457,872975,14,Asian Paints,ASIANPAINT.NS,Stock,Consumer Goods,https://1drv.ms/i/c/8705623eb284e7df/IQR9q3xMF-WOSJg76JgYgjx1AUHVbVF2v8vhKxkQU8rPlOs?width=1920&height=1920
11-11-2021,2950.290039,2991.84536,2939.215015,2975.810746,958143,14,Asian Paints,ASIANPAINT.NS,Stock,Consumer Goods,https://1drv.ms/i/c/8705623eb284e7df/IQR9q3xMF-WOSJg76JgYgjx1AUHVbVF2v8vhKxkQU8rPlOs?width=1920&height=1920
12-11-2021,3007.494629,3012.406255,2962.135328,2974.847481,682344,14,Asian Paints,ASIANPAINT.NS,Stock,Consumer Goods,https://1drv.ms/i/c/8705623eb284e7df/IQR9q3xMF-WOSJg76JgYgjx1AUHVbVF2v8vhKxkQU8rPlOs?width=1920&height=1920
15-11-2021,3051.602295,3062.484756,3010.480298,3010.480298,696377,14,Asian Paints,ASIANPAINT.NS,Stock,Consumer Goods,https://1drv.ms/i/c/8705623eb284e7df/IQR9q3xMF-WOSJg76JgYgjx1AUHVbVF2v8vhKxkQU8rPlOs?width=1920&height=1920
16-11-2021,3035.230225,3090.412775,3004.79813,3048.038776,1400107,14,Asian Paints,ASIANPAINT.NS,Stock,Consumer Goods,https://1drv.ms/i/c/8705623eb284e7df/IQR9q3xMF-WOSJg76JgYgjx1AUHVbVF2v8vhKxkQU8rPlOs?width=1920&height=1920
17-11-2021,3110.877686,3120.17098,3048.087167,3052.854195,1616452,14,Asian Paints,ASIANPAINT.NS,Stock,Consumer Goods,https://1drv.ms/i/c/8705623eb284e7df/IQR9q3xMF-WOSJg76JgYgjx1AUHVbVF2v8vhKxkQU8rPlOs?width=1920&height=1920
18-11-2021,3107.603516,3139.52838,3095.228287,3129.753562,1609821,14,Asian Paints,ASIANPAINT.NS,Stock,Consumer Goods,https://1drv.ms/i/c/8705623eb284e7df/IQR9q3xMF-WOSJg76JgYgjx1AUHVbVF2v8vhKxkQU8rPlOs?width=1920&height=1920
22-11-2021,3140.732178,3186.091715,3096.239522,3121.230506,2146970,14,Asian Paints,ASIANPAINT.NS,Stock,Consumer Goods,https://1drv.ms/i/c/8705623eb284e7df/IQR9q3xMF-WOSJg76JgYgjx1AUHVbVF2v8vhKxkQU8rPlOs?width=1920&height=1920
23-11-2021,3067.829834,3166.782765,3054.347196,3140.732336,1482618,14,Asian Paints,ASIANPAINT.NS,Stock,Consumer Goods,https://1drv.ms/i/c/8705623eb284e7df/IQR9q3xMF-WOSJg76JgYgjx1AUHVbVF2v8vhKxkQU8rPlOs?width=1920&height=1920
24-11-2021,3040.334473,3090.316437,3033.593155,3068.31099,1056213,14,Asian Paints,ASIANPAINT.NS,Stock,Consumer Goods,https://1drv.ms/i/c/8705623eb284e7df/IQR9q3xMF-WOSJg76JgYgjx1AUHVbVF2v8vhKxkQU8rPlOs?width=1920&height=1920
25-11-2021,3028.055908,3056.080627,2997.960735,3039.853216,728825,14,Asian Paints,ASIANPAINT.NS,Stock,Consumer Goods,https://1drv.ms/i/c/8705623eb284e7df/IQR9q3xMF-WOSJg76JgYgjx1AUHVbVF2v8vhKxkQU8rPlOs?width=1920&height=1920
26-11-2021,3026.948486,3050.30234,2976.77372,2986.404176,1029110,14,Asian Paints,ASIANPAINT.NS,Stock,Consumer Goods,https://1drv.ms/i/c/8705623eb284e7df/IQR9q3xMF-WOSJg76JgYgjx1AUHVbVF2v8vhKxkQU8rPlOs?width=1920&height=1920
29-11-2021,3028.10376,3061.42499,2958.37913,3015.295209,876651,14,Asian Paints,ASIANPAINT.NS,Stock,Consumer Goods,https://1drv.ms/i/c/8705623eb284e7df/IQR9q3xMF-WOSJg76JgYgjx1AUHVbVF2v8vhKxkQU8rPlOs?width=1920&height=1920
30-11-2021,3027.477783,3071.151989,3000.994033,3000.994033,2340489,14,Asian Paints,ASIANPAINT.NS,Stock,Consumer Goods,https://1drv.ms/i/c/8705623eb284e7df/IQR9q3xMF-WOSJg76JgYgjx1AUHVbVF2v8vhKxkQU8rPlOs?width=1920&height=1920
01-12-2021,3022.181396,3081.505098,3008.650794,3039.275456,1741820,14,Asian Paints,ASIANPAINT.NS,Stock,Consumer Goods,https://1drv.ms/i/c/8705623eb284e7df/IQR9q3xMF-WOSJg76JgYgjx1AUHVbVF2v8vhKxkQU8rPlOs?width=1920&height=1920
02-12-2021,3063.062744,3075.96746,3035.760309,3043.223912,939320,14,Asian Paints,ASIANPAINT.NS,Stock,Consumer Goods,https://1drv.ms/i/c/8705623eb284e7df/IQR9q3xMF-WOSJg76JgYgjx1AUHVbVF2v8vhKxkQU8rPlOs?width=1920&height=1920
03-12-2021,2995.504883,3069.659388,2991.219377,3067.299973,1216263,14,Asian Paints,ASIANPAINT.NS,Stock,Consumer Goods,https://1drv.ms/i/c/8705623eb284e7df/IQR9q3xMF-WOSJg76JgYgjx1AUHVbVF2v8vhKxkQU8rPlOs?width=1920&height=1920
06-12-2021,2926.021484,2999.887035,2916.342829,2999.887035,1107363,14,Asian Paints,ASIANPAINT.NS,Stock,Consumer Goods,https://1drv.ms/i/c/8705623eb284e7df/IQR9q3xMF-WOSJg76JgYgjx1AUHVbVF2v8vhKxkQU8rPlOs?width=1920&height=1920
07-12-2021,2918.365234,2955.586852,2904.97876,2927.65853,2056459,14,Asian Paints,ASIANPAINT.NS,Stock,Consumer Goods,https://1drv.ms/i/c/8705623eb284e7df/IQR9q3xMF-WOSJg76JgYgjx1AUHVbVF2v8vhKxkQU8rPlOs?width=1920&height=1920
08-12-2021,2993.626953,3007.591113,2918.990926,2919.857573,1171484,14,Asian Paints,ASIANPAINT.NS,Stock,Consumer Goods,https://1drv.ms/i/c/8705623eb284e7df/IQR9q3xMF-WOSJg76JgYgjx1AUHVbVF2v8vhKxkQU8rPlOs?width=1920&height=1920
09-12-2021,3061.232666,3065.422008,2996.034533,3035.904522,1287243,14,Asian Paints,ASIANPAINT.NS,Stock,Consumer Goods,https://1drv.ms/i/c/8705623eb284e7df/IQR9q3xMF-WOSJg76JgYgjx1AUHVbVF2v8vhKxkQU8rPlOs?width=1920&height=1920
10-12-2021,3161.82251,3170.345556,3061.232462,3066.336649,2554394,14,Asian Paints,ASIANPAINT.NS,Stock,Consumer Goods,https://1drv.ms/i/c/8705623eb284e7df/IQR9q3xMF-WOSJg76JgYgjx1AUHVbVF2v8vhKxkQU8rPlOs?width=1920&height=1920
13-12-2021,3158.644775,3217.534912,3150.07353,3163.700764,1265832,14,Asian Paints,ASIANPAINT.NS,Stock,Consumer Goods,https://1drv.ms/i/c/8705623eb284e7df/IQR9q3xMF-WOSJg76JgYgjx1AUHVbVF2v8vhKxkQU8rPlOs?width=1920&height=1920
14-12-2021,3175.642578,3182.865419,3128.934871,3153.011009,863179,14,Asian Paints,ASIANPAINT.NS,Stock,Consumer Goods,https://1drv.ms/i/c/8705623eb284e7df/IQR9q3xMF-WOSJg76JgYgjx1AUHVbVF2v8vhKxkQU8rPlOs?width=1920&height=1920
15-12-2021,3179.927979,3191.484524,3145.788063,3157.007449,811946,14,Asian Paints,ASIANPAINT.NS,Stock,Consumer Goods,https://1drv.ms/i/c/8705623eb284e7df/IQR9q3xMF-WOSJg76JgYgjx1AUHVbVF2v8vhKxkQU8rPlOs?width=1920&height=1920
16-12-2021,3176.701904,3202.126211,3149.736631,3202.126211,502930,14,Asian Paints,ASIANPAINT.NS,Stock,Consumer Goods,https://1drv.ms/i/c/8705623eb284e7df/IQR9q3xMF-WOSJg76JgYgjx1AUHVbVF2v8vhKxkQU8rPlOs?width=1920&height=1920
17-12-2021,3123.830811,3171.597964,3108.422082,3153.974183,1019403,14,Asian Paints,ASIANPAINT.NS,Stock,Consumer Goods,https://1drv.ms/i/c/8705623eb284e7df/IQR9q3xMF-WOSJg76JgYgjx1AUHVbVF2v8vhKxkQU8rPlOs?width=1920&height=1920
20-12-2021,3119.737549,3153.973862,3063.447589,3107.74768,948872,14,Asian Paints,ASIANPAINT.NS,Stock,Consumer Goods,https://1drv.ms/i/c/8705623eb284e7df/IQR9q3xMF-WOSJg76JgYgjx1AUHVbVF2v8vhKxkQU8rPlOs?width=1920&height=1920
21-12-2021,3150.45874,3174.197716,3120.267172,3127.00849,712026,14,Asian Paints,ASIANPAINT.NS,Stock,Consumer Goods,https://1drv.ms/i/c/8705623eb284e7df/IQR9q3xMF-WOSJg76JgYgjx1AUHVbVF2v8vhKxkQU8rPlOs?width=1920&height=1920
22-12-2021,3158.885498,3164.230212,3121.230327,3154.647957,619865,14,Asian Paints,ASIANPAINT.NS,Stock,Consumer Goods,https://1drv.ms/i/c/8705623eb284e7df/IQR9q3xMF-WOSJg76JgYgjx1AUHVbVF2v8vhKxkQU8rPlOs?width=1920&height=1920
23-12-2021,3147.136475,3185.658297,3129.898053,3168.419875,1051596,14,Asian Paints,ASIANPAINT.NS,Stock,Consumer Goods,https://1drv.ms/i/c/8705623eb284e7df/IQR9q3xMF-WOSJg76JgYgjx1AUHVbVF2v8vhKxkQU8rPlOs?width=1920&height=1920
24-12-2021,3163.411865,3178.05011,3140.491336,3158.7892,651404,14,Asian Paints,ASIANPAINT.NS,Stock,Consumer Goods,https://1drv.ms/i/c/8705623eb284e7df/IQR9q3xMF-WOSJg76JgYgjx1AUHVbVF2v8vhKxkQU8rPlOs?width=1920&height=1920
27-12-2021,3151.469727,3163.363432,3106.977075,3158.885364,640701,14,Asian Paints,ASIANPAINT.NS,Stock,Consumer Goods,https://1drv.ms/i/c/8705623eb284e7df/IQR9q3xMF-WOSJg76JgYgjx1AUHVbVF2v8vhKxkQU8rPlOs?width=1920&height=1920
28-12-2021,3243.729492,3250.278248,3152.047616,3154.888553,1211648,14,Asian Paints,ASIANPAINT.NS,Stock,Consumer Goods,https://1drv.ms/i/c/8705623eb284e7df/IQR9q3xMF-WOSJg76JgYgjx1AUHVbVF2v8vhKxkQU8rPlOs?width=1920&height=1920
29-12-2021,3243.00708,3260.871619,3222.542366,3247.581546,598421,14,Asian Paints,ASIANPAINT.NS,Stock,Consumer Goods,https://1drv.ms/i/c/8705623eb284e7df/IQR9q3xMF-WOSJg76JgYgjx1AUHVbVF2v8vhKxkQU8rPlOs?width=1920&height=1920
30-12-2021,3241.322021,3264.724073,3226.491216,3238.962607,691223,14,Asian Paints,ASIANPAINT.NS,Stock,Consumer Goods,https://1drv.ms/i/c/8705623eb284e7df/IQR9q3xMF-WOSJg76JgYgjx1AUHVbVF2v8vhKxkQU8rPlOs?width=1920&height=1920
31-12-2021,3257.934814,3279.170015,3237.181136,3264.724332,570671,14,Asian Paints,ASIANPAINT.NS,Stock,Consumer Goods,https://1drv.ms/i/c/8705623eb284e7df/IQR9q3xMF-WOSJg76JgYgjx1AUHVbVF2v8vhKxkQU8rPlOs?width=1920&height=1920
03-01-2022,3295.927002,3313.743345,3257.983101,3257.983101,696276,14,Asian Paints,ASIANPAINT.NS,Stock,Consumer Goods,https://1drv.ms/i/c/8705623eb284e7df/IQR9q3xMF-WOSJg76JgYgjx1AUHVbVF2v8vhKxkQU8rPlOs?width=1920&height=1920
04-01-2022,3331.463135,3344.127088,3288.848374,3307.098038,790886,14,Asian Paints,ASIANPAINT.NS,Stock,Consumer Goods,https://1drv.ms/i/c/8705623eb284e7df/IQR9q3xMF-WOSJg76JgYgjx1AUHVbVF2v8vhKxkQU8rPlOs?width=1920&height=1920
05-01-2022,3396.468994,3409.181148,3324.481341,3341.767961,1024506,14,Asian Paints,ASIANPAINT.NS,Stock,Consumer Goods,https://1drv.ms/i/c/8705623eb284e7df/IQR9q3xMF-WOSJg76JgYgjx1AUHVbVF2v8vhKxkQU8rPlOs?width=1920&height=1920
06-01-2022,3384.768066,3406.821951,3324.577717,3362.136495,1312743,14,Asian Paints,ASIANPAINT.NS,Stock,Consumer Goods,https://1drv.ms/i/c/8705623eb284e7df/IQR9q3xMF-WOSJg76JgYgjx1AUHVbVF2v8vhKxkQU8rPlOs?width=1920&height=1920
07-01-2022,3444.139648,3449.628961,3367.33677,3384.767753,964364,14,Asian Paints,ASIANPAINT.NS,Stock,Consumer Goods,https://1drv.ms/i/c/8705623eb284e7df/IQR9q3xMF-WOSJg76JgYgjx1AUHVbVF2v8vhKxkQU8rPlOs?width=1920&height=1920
10-01-2022,3422.182373,3457.333536,3396.661666,3447.70308,657511,14,Asian Paints,ASIANPAINT.NS,Stock,Consumer Goods,https://1drv.ms/i/c/8705623eb284e7df/IQR9q3xMF-WOSJg76JgYgjx1AUHVbVF2v8vhKxkQU8rPlOs?width=1920&height=1920
11-01-2022,3407.977295,3432.294194,3365.892253,3419.389478,734344,14,Asian Paints,ASIANPAINT.NS,Stock,Consumer Goods,https://1drv.ms/i/c/8705623eb284e7df/IQR9q3xMF-WOSJg76JgYgjx1AUHVbVF2v8vhKxkQU8rPlOs?width=1920&height=1920
12-01-2022,3412.84082,3450.062436,3403.402927,3425.456576,594543,14,Asian Paints,ASIANPAINT.NS,Stock,Consumer Goods,https://1drv.ms/i/c/8705623eb284e7df/IQR9q3xMF-WOSJg76JgYgjx1AUHVbVF2v8vhKxkQU8rPlOs?width=1920&height=1920
13-01-2022,3328.526123,3428.442097,3322.507088,3428.442097,1153984,14,Asian Paints,ASIANPAINT.NS,Stock,Consumer Goods,https://1drv.ms/i/c/8705623eb284e7df/IQR9q3xMF-WOSJg76JgYgjx1AUHVbVF2v8vhKxkQU8rPlOs?width=1920&height=1920
14-01-2022,3240.070068,3334.0634,3222.350126,3334.0634,1558978,14,Asian Paints,ASIANPAINT.NS,Stock,Consumer Goods,https://1drv.ms/i/c/8705623eb284e7df/IQR9q3xMF-WOSJg76JgYgjx1AUHVbVF2v8vhKxkQU8rPlOs?width=1920&height=1920
17-01-2022,3253.793945,3273.392017,3198.27446,3240.070545,1103159,14,Asian Paints,ASIANPAINT.NS,Stock,Consumer Goods,https://1drv.ms/i/c/8705623eb284e7df/IQR9q3xMF-WOSJg76JgYgjx1AUHVbVF2v8vhKxkQU8rPlOs?width=1920&height=1920
18-01-2022,3249.026367,3270.935651,3227.165283,3254.178754,558543,14,Asian Paints,ASIANPAINT.NS,Stock,Consumer Goods,https://1drv.ms/i/c/8705623eb284e7df/IQR9q3xMF-WOSJg76JgYgjx1AUHVbVF2v8vhKxkQU8rPlOs?width=1920&height=1920
19-01-2022,3159.174072,3245.463035,3146.991642,3245.463035,1495218,14,Asian Paints,ASIANPAINT.NS,Stock,Consumer Goods,https://1drv.ms/i/c/8705623eb284e7df/IQR9q3xMF-WOSJg76JgYgjx1AUHVbVF2v8vhKxkQU8rPlOs?width=1920&height=1920
20-01-2022,3184.213379,3240.551538,3102.932437,3160.715164,3075678,14,Asian Paints,ASIANPAINT.NS,Stock,Consumer Goods,https://1drv.ms/i/c/8705623eb284e7df/IQR9q3xMF-WOSJg76JgYgjx1AUHVbVF2v8vhKxkQU8rPlOs?width=1920&height=1920
21-01-2022,3153.82959,3202.078027,3121.95269,3178.098289,1441694,14,Asian Paints,ASIANPAINT.NS,Stock,Consumer Goods,https://1drv.ms/i/c/8705623eb284e7df/IQR9q3xMF-WOSJg76JgYgjx1AUHVbVF2v8vhKxkQU8rPlOs?width=1920&height=1920
24-01-2022,3038.553223,3149.159104,3019.147948,3147.233012,1575665,14,Asian Paints,ASIANPAINT.NS,Stock,Consumer Goods,https://1drv.ms/i/c/8705623eb284e7df/IQR9q3xMF-WOSJg76JgYgjx1AUHVbVF2v8vhKxkQU8rPlOs?width=1920&height=1920
25-01-2022,3030.800293,3040.286149,2899.488958,2985.44076,2699779,14,Asian Paints,ASIANPAINT.NS,Stock,Consumer Goods,https://1drv.ms/i/c/8705623eb284e7df/IQR9q3xMF-WOSJg76JgYgjx1AUHVbVF2v8vhKxkQU8rPlOs?width=1920&height=1920
27-01-2022,3001.764648,3026.852031,2957.753516,3024.059293,1834684,14,Asian Paints,ASIANPAINT.NS,Stock,Consumer Goods,https://1drv.ms/i/c/8705623eb284e7df/IQR9q3xMF-WOSJg76JgYgjx1AUHVbVF2v8vhKxkQU8rPlOs?width=1920&height=1920
28-01-2022,2995.889893,3052.853934,2988.329892,3014.332118,892060,14,Asian Paints,ASIANPAINT.NS,Stock,Consumer Goods,https://1drv.ms/i/c/8705623eb284e7df/IQR9q3xMF-WOSJg76JgYgjx1AUHVbVF2v8vhKxkQU8rPlOs?width=1920&height=1920
31-01-2022,3035.760742,3075.438177,3020.496374,3023.963433,944530,14,Asian Paints,ASIANPAINT.NS,Stock,Consumer Goods,https://1drv.ms/i/c/8705623eb284e7df/IQR9q3xMF-WOSJg76JgYgjx1AUHVbVF2v8vhKxkQU8rPlOs?width=1920&height=1920
01-02-2022,3078.134277,3093.639404,3025.503933,3075.967425,1008915,14,Asian Paints,ASIANPAINT.NS,Stock,Consumer Goods,https://1drv.ms/i/c/8705623eb284e7df/IQR9q3xMF-WOSJg76JgYgjx1AUHVbVF2v8vhKxkQU8rPlOs?width=1920&height=1920
02-02-2022,3079.530518,3124.263934,3074.185568,3086.368235,667265,14,Asian Paints,ASIANPAINT.NS,Stock,Consumer Goods,https://1drv.ms/i/c/8705623eb284e7df/IQR9q3xMF-WOSJg76JgYgjx1AUHVbVF2v8vhKxkQU8rPlOs?width=1920&height=1920
03-02-2022,3084.634766,3121.808416,3072.307736,3094.120858,899753,14,Asian Paints,ASIANPAINT.NS,Stock,Consumer Goods,https://1drv.ms/i/c/8705623eb284e7df/IQR9q3xMF-WOSJg76JgYgjx1AUHVbVF2v8vhKxkQU8rPlOs?width=1920&height=1920
04-02-2022,3117.04126,3128.742404,3058.680841,3070.189188,705765,14,Asian Paints,ASIANPAINT.NS,Stock,Consumer Goods,https://1drv.ms/i/c/8705623eb284e7df/IQR9q3xMF-WOSJg76JgYgjx1AUHVbVF2v8vhKxkQU8rPlOs?width=1920&height=1920
07-02-2022,3057.380371,3131.053349,3026.948276,3114.489014,860393,14,Asian Paints,ASIANPAINT.NS,Stock,Consumer Goods,https://1drv.ms/i/c/8705623eb284e7df/IQR9q3xMF-WOSJg76JgYgjx1AUHVbVF2v8vhKxkQU8rPlOs?width=1920&height=1920
08-02-2022,3097.490967,3104.376647,3049.194102,3061.521129,799206,14,Asian Paints,ASIANPAINT.NS,Stock,Consumer Goods,https://1drv.ms/i/c/8705623eb284e7df/IQR9q3xMF-WOSJg76JgYgjx1AUHVbVF2v8vhKxkQU8rPlOs?width=1920&height=1920
09-02-2022,3109.047852,3138.5651,3103.654703,3110.636782,472725,14,Asian Paints,ASIANPAINT.NS,Stock,Consumer Goods,https://1drv.ms/i/c/8705623eb284e7df/IQR9q3xMF-WOSJg76JgYgjx1AUHVbVF2v8vhKxkQU8rPlOs?width=1920&height=1920
10-02-2022,3119.063721,3127.971892,3058.632613,3101.006617,728666,14,Asian Paints,ASIANPAINT.NS,Stock,Consumer Goods,https://1drv.ms/i/c/8705623eb284e7df/IQR9q3xMF-WOSJg76JgYgjx1AUHVbVF2v8vhKxkQU8rPlOs?width=1920&height=1920
11-02-2022,3097.443604,3110.589082,3064.892615,3110.589082,587840,14,Asian Paints,ASIANPAINT.NS,Stock,Consumer Goods,https://1drv.ms/i/c/8705623eb284e7df/IQR9q3xMF-WOSJg76JgYgjx1AUHVbVF2v8vhKxkQU8rPlOs?width=1920&height=1920
14-02-2022,3027.285645,3065.085184,3004.702272,3023.963184,681236,14,Asian Paints,ASIANPAINT.NS,Stock,Consumer Goods,https://1drv.ms/i/c/8705623eb284e7df/IQR9q3xMF-WOSJg76JgYgjx1AUHVbVF2v8vhKxkQU8rPlOs?width=1920&height=1920
15-02-2022,3143.958252,3149.158603,3017.077015,3023.962696,676844,14,Asian Paints,ASIANPAINT.NS,Stock,Consumer Goods,https://1drv.ms/i/c/8705623eb284e7df/IQR9q3xMF-WOSJg76JgYgjx1AUHVbVF2v8vhKxkQU8rPlOs?width=1920&height=1920
16-02-2022,3132.642822,3163.701041,3103.895818,3158.789415,624320,14,Asian Paints,ASIANPAINT.NS,Stock,Consumer Goods,https://1drv.ms/i/c/8705623eb284e7df/IQR9q3xMF-WOSJg76JgYgjx1AUHVbVF2v8vhKxkQU8rPlOs?width=1920&height=1920
17-02-2022,3145.161865,3173.186345,3116.799991,3152.047546,636735,14,Asian Paints,ASIANPAINT.NS,Stock,Consumer Goods,https://1drv.ms/i/c/8705623eb284e7df/IQR9q3xMF-WOSJg76JgYgjx1AUHVbVF2v8vhKxkQU8rPlOs?width=1920&height=1920
18-02-2022,3138.0354,3151.084713,3110.685004,3116.55944,423801,14,Asian Paints,ASIANPAINT.NS,Stock,Consumer Goods,https://1drv.ms/i/c/8705623eb284e7df/IQR9q3xMF-WOSJg76JgYgjx1AUHVbVF2v8vhKxkQU8rPlOs?width=1920&height=1920
21-02-2022,3131.486816,3157.296483,3085.742155,3115.452203,547472,14,Asian Paints,ASIANPAINT.NS,Stock,Consumer Goods,https://1drv.ms/i/c/8705623eb284e7df/IQR9q3xMF-WOSJg76JgYgjx1AUHVbVF2v8vhKxkQU8rPlOs?width=1920&height=1920
22-02-2022,3107.891846,3117.185375,3004.701626,3004.701626,1147209,14,Asian Paints,ASIANPAINT.NS,Stock,Consumer Goods,https://1drv.ms/i/c/8705623eb284e7df/IQR9q3xMF-WOSJg76JgYgjx1AUHVbVF2v8vhKxkQU8rPlOs?width=1920&height=1920
23-02-2022,3117.570801,3175.064569,3110.63692,3117.28184,935896,14,Asian Paints,ASIANPAINT.NS,Stock,Consumer Goods,https://1drv.ms/i/c/8705623eb284e7df/IQR9q3xMF-WOSJg76JgYgjx1AUHVbVF2v8vhKxkQU8rPlOs?width=1920&height=1920
24-02-2022,2955.634766,3079.626871,2938.73327,3014.33234,1823450,14,Asian Paints,ASIANPAINT.NS,Stock,Consumer Goods,https://1drv.ms/i/c/8705623eb284e7df/IQR9q3xMF-WOSJg76JgYgjx1AUHVbVF2v8vhKxkQU8rPlOs?width=1920&height=1920
25-02-2022,3003.931641,3025.359404,2969.117638,2990.256441,1239456,14,Asian Paints,ASIANPAINT.NS,Stock,Consumer Goods,https://1drv.ms/i/c/8705623eb284e7df/IQR9q3xMF-WOSJg76JgYgjx1AUHVbVF2v8vhKxkQU8rPlOs?width=1920&height=1920
28-02-2022,3057.332275,3072.59664,2903.582157,2975.810569,1678348,14,Asian Paints,ASIANPAINT.NS,Stock,Consumer Goods,https://1drv.ms/i/c/8705623eb284e7df/IQR9q3xMF-WOSJg76JgYgjx1AUHVbVF2v8vhKxkQU8rPlOs?width=1920&height=1920
02-03-2022,2917.016602,2996.227093,2880.565471,2992.182349,3014206,14,Asian Paints,ASIANPAINT.NS,Stock,Consumer Goods,https://1drv.ms/i/c/8705623eb284e7df/IQR9q3xMF-WOSJg76JgYgjx1AUHVbVF2v8vhKxkQU8rPlOs?width=1920&height=1920
03-03-2022,2765.77002,2938.251547,2756.235964,2917.064548,4406840,14,Asian Paints,ASIANPAINT.NS,Stock,Consumer Goods,https://1drv.ms/i/c/8705623eb284e7df/IQR9q3xMF-WOSJg76JgYgjx1AUHVbVF2v8vhKxkQU8rPlOs?width=1920&height=1920
04-03-2022,2636.962891,2757.969696,2563.675271,2757.969696,6979253,14,Asian Paints,ASIANPAINT.NS,Stock,Consumer Goods,https://1drv.ms/i/c/8705623eb284e7df/IQR9q3xMF-WOSJg76JgYgjx1AUHVbVF2v8vhKxkQU8rPlOs?width=1920&height=1920
07-03-2022,2608.360596,2627.139983,2503.29247,2551.974233,3233760,14,Asian Paints,ASIANPAINT.NS,Stock,Consumer Goods,https://1drv.ms/i/c/8705623eb284e7df/IQR9q3xMF-WOSJg76JgYgjx1AUHVbVF2v8vhKxkQU8rPlOs?width=1920&height=1920
08-03-2022,2622.757813,2635.807125,2540.513827,2590.592189,2611102,14,Asian Paints,ASIANPAINT.NS,Stock,Consumer Goods,https://1drv.ms/i/c/8705623eb284e7df/IQR9q3xMF-WOSJg76JgYgjx1AUHVbVF2v8vhKxkQU8rPlOs?width=1920&height=1920
09-03-2022,2768.707275,2783.201155,2566.564144,2648.374802,4076068,14,Asian Paints,ASIANPAINT.NS,Stock,Consumer Goods,https://1drv.ms/i/c/8705623eb284e7df/IQR9q3xMF-WOSJg76JgYgjx1AUHVbVF2v8vhKxkQU8rPlOs?width=1920&height=1920
10-03-2022,2805.158936,2927.658274,2784.357059,2889.136455,3971987,14,Asian Paints,ASIANPAINT.NS,Stock,Consumer Goods,https://1drv.ms/i/c/8705623eb284e7df/IQR9q3xMF-WOSJg76JgYgjx1AUHVbVF2v8vhKxkQU8rPlOs?width=1920&height=1920
11-03-2022,2823.64917,2831.305334,2775.834059,2809.203489,1265493,14,Asian Paints,ASIANPAINT.NS,Stock,Consumer Goods,https://1drv.ms/i/c/8705623eb284e7df/IQR9q3xMF-WOSJg76JgYgjx1AUHVbVF2v8vhKxkQU8rPlOs?width=1920&height=1920
14-03-2022,2853.310791,2862.507921,2809.492228,2840.983764,1214217,14,Asian Paints,ASIANPAINT.NS,Stock,Consumer Goods,https://1drv.ms/i/c/8705623eb284e7df/IQR9q3xMF-WOSJg76JgYgjx1AUHVbVF2v8vhKxkQU8rPlOs?width=1920&height=1920
15-03-2022,2876.76123,2919.953915,2856.392912,2887.210368,1857685,14,Asian Paints,ASIANPAINT.NS,Stock,Consumer Goods,https://1drv.ms/i/c/8705623eb284e7df/IQR9q3xMF-WOSJg76JgYgjx1AUHVbVF2v8vhKxkQU8rPlOs?width=1920&height=1920
16-03-2022,2929.584229,2937.288592,2899.489059,2930.547274,1287234,14,Asian Paints,ASIANPAINT.NS,Stock,Consumer Goods,https://1drv.ms/i/c/8705623eb284e7df/IQR9q3xMF-WOSJg76JgYgjx1AUHVbVF2v8vhKxkQU8rPlOs?width=1920&height=1920
17-03-2022,3020.688721,3046.401989,2962.80959,2998.442275,2867519,14,Asian Paints,ASIANPAINT.NS,Stock,Consumer Goods,https://1drv.ms/i/c/8705623eb284e7df/IQR9q3xMF-WOSJg76JgYgjx1AUHVbVF2v8vhKxkQU8rPlOs?width=1920&height=1920
21-03-2022,2933.196289,3002.102252,2918.124719,3002.102252,1259015,14,Asian Paints,ASIANPAINT.NS,Stock,Consumer Goods,https://1drv.ms/i/c/8705623eb284e7df/IQR9q3xMF-WOSJg76JgYgjx1AUHVbVF2v8vhKxkQU8rPlOs?width=1920&height=1920
22-03-2022,2938.396484,2949.519708,2865.060656,2912.24989,1515772,14,Asian Paints,ASIANPAINT.NS,Stock,Consumer Goods,https://1drv.ms/i/c/8705623eb284e7df/IQR9q3xMF-WOSJg76JgYgjx1AUHVbVF2v8vhKxkQU8rPlOs?width=1920&height=1920
23-03-2022,2905.315674,2966.083703,2893.95169,2946.919192,948403,14,Asian Paints,ASIANPAINT.NS,Stock,Consumer Goods,https://1drv.ms/i/c/8705623eb284e7df/IQR9q3xMF-WOSJg76JgYgjx1AUHVbVF2v8vhKxkQU8rPlOs?width=1920&height=1920
24-03-2022,2913.549805,2926.647082,2841.513954,2859.763619,1243917,14,Asian Paints,ASIANPAINT.NS,Stock,Consumer Goods,https://1drv.ms/i/c/8705623eb284e7df/IQR9q3xMF-WOSJg76JgYgjx1AUHVbVF2v8vhKxkQU8rPlOs?width=1920&height=1920
25-03-2022,2934.351074,2951.300767,2880.468732,2913.549435,1083275,14,Asian Paints,ASIANPAINT.NS,Stock,Consumer Goods,https://1drv.ms/i/c/8705623eb284e7df/IQR9q3xMF-WOSJg76JgYgjx1AUHVbVF2v8vhKxkQU8rPlOs?width=1920&height=1920
28-03-2022,2915.571777,2945.570783,2884.946886,2934.351163,680332,14,Asian Paints,ASIANPAINT.NS,Stock,Consumer Goods,https://1drv.ms/i/c/8705623eb284e7df/IQR9q3xMF-WOSJg76JgYgjx1AUHVbVF2v8vhKxkQU8rPlOs?width=1920&height=1920
29-03-2022,2930.162109,2973.595317,2901.36691,2955.586415,1120936,14,Asian Paints,ASIANPAINT.NS,Stock,Consumer Goods,https://1drv.ms/i/c/8705623eb284e7df/IQR9q3xMF-WOSJg76JgYgjx1AUHVbVF2v8vhKxkQU8rPlOs?width=1920&height=1920
30-03-2022,2967.672852,2979.999881,2942.970594,2964.253993,849545,14,Asian Paints,ASIANPAINT.NS,Stock,Consumer Goods,https://1drv.ms/i/c/8705623eb284e7df/IQR9q3xMF-WOSJg76JgYgjx1AUHVbVF2v8vhKxkQU8rPlOs?width=1920&height=1920
31-03-2022,2966.131836,3013.610024,2952.793797,2999.886627,1464862,14,Asian Paints,ASIANPAINT.NS,Stock,Consumer Goods,https://1drv.ms/i/c/8705623eb284e7df/IQR9q3xMF-WOSJg76JgYgjx1AUHVbVF2v8vhKxkQU8rPlOs?width=1920&height=1920
01-04-2022,2999.067627,3005.664582,2973.546925,2995.071083,637392,14,Asian Paints,ASIANPAINT.NS,Stock,Consumer Goods,https://1drv.ms/i/c/8705623eb284e7df/IQR9q3xMF-WOSJg76JgYgjx1AUHVbVF2v8vhKxkQU8rPlOs?width=1920&height=1920
04-04-2022,3002.775879,3026.852016,2979.181264,3009.468998,873264,14,Asian Paints,ASIANPAINT.NS,Stock,Consumer Goods,https://1drv.ms/i/c/8705623eb284e7df/IQR9q3xMF-WOSJg76JgYgjx1AUHVbVF2v8vhKxkQU8rPlOs?width=1920&height=1920
05-04-2022,3024.733643,3040.334934,2966.180424,2995.071791,805874,14,Asian Paints,ASIANPAINT.NS,Stock,Consumer Goods,https://1drv.ms/i/c/8705623eb284e7df/IQR9q3xMF-WOSJg76JgYgjx1AUHVbVF2v8vhKxkQU8rPlOs?width=1920&height=1920
06-04-2022,3037.446045,3048.039547,2997.961172,3021.074269,736379,14,Asian Paints,ASIANPAINT.NS,Stock,Consumer Goods,https://1drv.ms/i/c/8705623eb284e7df/IQR9q3xMF-WOSJg76JgYgjx1AUHVbVF2v8vhKxkQU8rPlOs?width=1920&height=1920
07-04-2022,3038.408447,3090.364703,3029.259515,3037.445402,1025244,14,Asian Paints,ASIANPAINT.NS,Stock,Consumer Goods,https://1drv.ms/i/c/8705623eb284e7df/IQR9q3xMF-WOSJg76JgYgjx1AUHVbVF2v8vhKxkQU8rPlOs?width=1920&height=1920
08-04-2022,3087.764404,3101.006279,3034.748706,3050.927917,678898,14,Asian Paints,ASIANPAINT.NS,Stock,Consumer Goods,https://1drv.ms/i/c/8705623eb284e7df/IQR9q3xMF-WOSJg76JgYgjx1AUHVbVF2v8vhKxkQU8rPlOs?width=1920&height=1920
11-04-2022,3040.767822,3102.932453,3033.593181,3066.336726,672652,14,Asian Paints,ASIANPAINT.NS,Stock,Consumer Goods,https://1drv.ms/i/c/8705623eb284e7df/IQR9q3xMF-WOSJg76JgYgjx1AUHVbVF2v8vhKxkQU8rPlOs?width=1920&height=1920
12-04-2022,3013.032227,3045.246287,2999.068067,3038.119609,794265,14,Asian Paints,ASIANPAINT.NS,Stock,Consumer Goods,https://1drv.ms/i/c/8705623eb284e7df/IQR9q3xMF-WOSJg76JgYgjx1AUHVbVF2v8vhKxkQU8rPlOs?width=1920&height=1920
13-04-2022,2966.806641,3006.532276,2952.794514,3002.006008,1121350,14,Asian Paints,ASIANPAINT.NS,Stock,Consumer Goods,https://1drv.ms/i/c/8705623eb284e7df/IQR9q3xMF-WOSJg76JgYgjx1AUHVbVF2v8vhKxkQU8rPlOs?width=1920&height=1920
18-04-2022,2909.889893,2944.992851,2901.655807,2943.06676,1032504,14,Asian Paints,ASIANPAINT.NS,Stock,Consumer Goods,https://1drv.ms/i/c/8705623eb284e7df/IQR9q3xMF-WOSJg76JgYgjx1AUHVbVF2v8vhKxkQU8rPlOs?width=1920&height=1920
19-04-2022,2880.661621,2946.148714,2860.245104,2918.027833,749782,14,Asian Paints,ASIANPAINT.NS,Stock,Consumer Goods,https://1drv.ms/i/c/8705623eb284e7df/IQR9q3xMF-WOSJg76JgYgjx1AUHVbVF2v8vhKxkQU8rPlOs?width=1920&height=1920
20-04-2022,2969.069336,2975.329132,2869.875647,2880.758109,838182,14,Asian Paints,ASIANPAINT.NS,Stock,Consumer Goods,https://1drv.ms/i/c/8705623eb284e7df/IQR9q3xMF-WOSJg76JgYgjx1AUHVbVF2v8vhKxkQU8rPlOs?width=1920&height=1920
21-04-2022,3041.538574,3057.091666,2972.006733,2975.618154,1069035,14,Asian Paints,ASIANPAINT.NS,Stock,Consumer Goods,https://1drv.ms/i/c/8705623eb284e7df/IQR9q3xMF-WOSJg76JgYgjx1AUHVbVF2v8vhKxkQU8rPlOs?width=1920&height=1920
22-04-2022,3047.460938,3056.032183,2998.201257,3006.146382,681191,14,Asian Paints,ASIANPAINT.NS,Stock,Consumer Goods,https://1drv.ms/i/c/8705623eb284e7df/IQR9q3xMF-WOSJg76JgYgjx1AUHVbVF2v8vhKxkQU8rPlOs?width=1920&height=1920
25-04-2022,3014.9104,3038.505016,2980.722284,3018.184661,1096774,14,Asian Paints,ASIANPAINT.NS,Stock,Consumer Goods,https://1drv.ms/i/c/8705623eb284e7df/IQR9q3xMF-WOSJg76JgYgjx1AUHVbVF2v8vhKxkQU8rPlOs?width=1920&height=1920
26-04-2022,3010.142822,3032.341066,2991.026512,3014.332164,1703441,14,Asian Paints,ASIANPAINT.NS,Stock,Consumer Goods,https://1drv.ms/i/c/8705623eb284e7df/IQR9q3xMF-WOSJg76JgYgjx1AUHVbVF2v8vhKxkQU8rPlOs?width=1920&height=1920
27-04-2022,3032.004395,3047.075963,2971.910214,2981.588869,963536,14,Asian Paints,ASIANPAINT.NS,Stock,Consumer Goods,https://1drv.ms/i/c/8705623eb284e7df/IQR9q3xMF-WOSJg76JgYgjx1AUHVbVF2v8vhKxkQU8rPlOs?width=1920&height=1920
28-04-2022,3127.683105,3147.232978,3052.85451,3072.115422,2001838,14,Asian Paints,ASIANPAINT.NS,Stock,Consumer Goods,https://1drv.ms/i/c/8705623eb284e7df/IQR9q3xMF-WOSJg76JgYgjx1AUHVbVF2v8vhKxkQU8rPlOs?width=1920&height=1920
29-04-2022,3117.570801,3156.863104,3102.258472,3128.934785,1088970,14,Asian Paints,ASIANPAINT.NS,Stock,Consumer Goods,https://1drv.ms/i/c/8705623eb284e7df/IQR9q3xMF-WOSJg76JgYgjx1AUHVbVF2v8vhKxkQU8rPlOs?width=1920&height=1920
02-05-2022,3081.745605,3092.820629,3037.493712,3076.930378,595522,14,Asian Paints,ASIANPAINT.NS,Stock,Consumer Goods,https://1drv.ms/i/c/8705623eb284e7df/IQR9q3xMF-WOSJg76JgYgjx1AUHVbVF2v8vhKxkQU8rPlOs?width=1920&height=1920
04-05-2022,2986.259766,3076.641446,2967.576542,3060.558633,1120002,14,Asian Paints,ASIANPAINT.NS,Stock,Consumer Goods,https://1drv.ms/i/c/8705623eb284e7df/IQR9q3xMF-WOSJg76JgYgjx1AUHVbVF2v8vhKxkQU8rPlOs?width=1920&height=1920
05-05-2022,2962.857422,3011.394817,2956.549427,2990.015256,724601,14,Asian Paints,ASIANPAINT.NS,Stock,Consumer Goods,https://1drv.ms/i/c/8705623eb284e7df/IQR9q3xMF-WOSJg76JgYgjx1AUHVbVF2v8vhKxkQU8rPlOs?width=1920&height=1920
06-05-2022,2904.786133,2939.600135,2892.892426,2908.397554,923941,14,Asian Paints,ASIANPAINT.NS,Stock,Consumer Goods,https://1drv.ms/i/c/8705623eb284e7df/IQR9q3xMF-WOSJg76JgYgjx1AUHVbVF2v8vhKxkQU8rPlOs?width=1920&height=1920
09-05-2022,2894.192383,2926.502605,2865.060258,2889.955077,998324,14,Asian Paints,ASIANPAINT.NS,Stock,Consumer Goods,https://1drv.ms/i/c/8705623eb284e7df/IQR9q3xMF-WOSJg76JgYgjx1AUHVbVF2v8vhKxkQU8rPlOs?width=1920&height=1920
10-05-2022,2972.29541,3022.758898,2923.805978,2938.25166,2460016,14,Asian Paints,ASIANPAINT.NS,Stock,Consumer Goods,https://1drv.ms/i/c/8705623eb284e7df/IQR9q3xMF-WOSJg76JgYgjx1AUHVbVF2v8vhKxkQU8rPlOs?width=1920&height=1920
11-05-2022,2940.803955,2994.638342,2868.912699,2976.195879,1883969,14,Asian Paints,ASIANPAINT.NS,Stock,Consumer Goods,https://1drv.ms/i/c/8705623eb284e7df/IQR9q3xMF-WOSJg76JgYgjx1AUHVbVF2v8vhKxkQU8rPlOs?width=1920&height=1920
12-05-2022,2927.610107,2964.254036,2877.579941,2929.584398,1254245,14,Asian Paints,ASIANPAINT.NS,Stock,Consumer Goods,https://1drv.ms/i/c/8705623eb284e7df/IQR9q3xMF-WOSJg76JgYgjx1AUHVbVF2v8vhKxkQU8rPlOs?width=1920&height=1920
13-05-2022,2950.771484,3001.090613,2923.132125,2960.787064,1121729,14,Asian Paints,ASIANPAINT.NS,Stock,Consumer Goods,https://1drv.ms/i/c/8705623eb284e7df/IQR9q3xMF-WOSJg76JgYgjx1AUHVbVF2v8vhKxkQU8rPlOs?width=1920&height=1920
16-05-2022,2889.040283,2975.714384,2874.88356,2975.714384,733044,14,Asian Paints,ASIANPAINT.NS,Stock,Consumer Goods,https://1drv.ms/i/c/8705623eb284e7df/IQR9q3xMF-WOSJg76JgYgjx1AUHVbVF2v8vhKxkQU8rPlOs?width=1920&height=1920
17-05-2022,2937.288818,2943.645013,2841.947312,2888.077099,1179081,14,Asian Paints,ASIANPAINT.NS,Stock,Consumer Goods,https://1drv.ms/i/c/8705623eb284e7df/IQR9q3xMF-WOSJg76JgYgjx1AUHVbVF2v8vhKxkQU8rPlOs?width=1920&height=1920
18-05-2022,2985.537109,3013.176465,2914.175352,2918.027533,1379763,14,Asian Paints,ASIANPAINT.NS,Stock,Consumer Goods,https://1drv.ms/i/c/8705623eb284e7df/IQR9q3xMF-WOSJg76JgYgjx1AUHVbVF2v8vhKxkQU8rPlOs?width=1920&height=1920
19-05-2022,2934.302979,2958.186552,2889.569566,2889.617765,772390,14,Asian Paints,ASIANPAINT.NS,Stock,Consumer Goods,https://1drv.ms/i/c/8705623eb284e7df/IQR9q3xMF-WOSJg76JgYgjx1AUHVbVF2v8vhKxkQU8rPlOs?width=1920&height=1920
20-05-2022,2995.023682,3009.517565,2956.550056,2966.180512,778957,14,Asian Paints,ASIANPAINT.NS,Stock,Consumer Goods,https://1drv.ms/i/c/8705623eb284e7df/IQR9q3xMF-WOSJg76JgYgjx1AUHVbVF2v8vhKxkQU8rPlOs?width=1920&height=1920
23-05-2022,3056.898926,3070.189,3014.380562,3027.7668,813294,14,Asian Paints,ASIANPAINT.NS,Stock,Consumer Goods,https://1drv.ms/i/c/8705623eb284e7df/IQR9q3xMF-WOSJg76JgYgjx1AUHVbVF2v8vhKxkQU8rPlOs?width=1920&height=1920
24-05-2022,2972.777344,3065.999968,2956.549932,3057.428956,691307,14,Asian Paints,ASIANPAINT.NS,Stock,Consumer Goods,https://1drv.ms/i/c/8705623eb284e7df/IQR9q3xMF-WOSJg76JgYgjx1AUHVbVF2v8vhKxkQU8rPlOs?width=1920&height=1920
25-05-2022,2733.171143,2926.695076,2721.855359,2926.695076,3381427,14,Asian Paints,ASIANPAINT.NS,Stock,Consumer Goods,https://1drv.ms/i/c/8705623eb284e7df/IQR9q3xMF-WOSJg76JgYgjx1AUHVbVF2v8vhKxkQU8rPlOs?width=1920&height=1920
26-05-2022,2735.193604,2754.310151,2618.087411,2744.679696,3212196,14,Asian Paints,ASIANPAINT.NS,Stock,Consumer Goods,https://1drv.ms/i/c/8705623eb284e7df/IQR9q3xMF-WOSJg76JgYgjx1AUHVbVF2v8vhKxkQU8rPlOs?width=1920&height=1920
27-05-2022,2730.0896,2762.977509,2678.229506,2762.014464,1879534,14,Asian Paints,ASIANPAINT.NS,Stock,Consumer Goods,https://1drv.ms/i/c/8705623eb284e7df/IQR9q3xMF-WOSJg76JgYgjx1AUHVbVF2v8vhKxkQU8rPlOs?width=1920&height=1920
30-05-2022,2738.901611,2777.423434,2712.899381,2773.571252,2525482,14,Asian Paints,ASIANPAINT.NS,Stock,Consumer Goods,https://1drv.ms/i/c/8705623eb284e7df/IQR9q3xMF-WOSJg76JgYgjx1AUHVbVF2v8vhKxkQU8rPlOs?width=1920&height=1920
31-05-2022,2753.9729,2771.644879,2707.120832,2738.901333,2408221,14,Asian Paints,ASIANPAINT.NS,Stock,Consumer Goods,https://1drv.ms/i/c/8705623eb284e7df/IQR9q3xMF-WOSJg76JgYgjx1AUHVbVF2v8vhKxkQU8rPlOs?width=1920&height=1920
01-06-2022,2747.087402,2831.257488,2727.393168,2753.973084,1770795,14,Asian Paints,ASIANPAINT.NS,Stock,Consumer Goods,https://1drv.ms/i/c/8705623eb284e7df/IQR9q3xMF-WOSJg76JgYgjx1AUHVbVF2v8vhKxkQU8rPlOs?width=1920&height=1920
02-06-2022,2801.066406,2811.130186,2742.753946,2764.133512,1164197,14,Asian Paints,ASIANPAINT.NS,Stock,Consumer Goods,https://1drv.ms/i/c/8705623eb284e7df/IQR9q3xMF-WOSJg76JgYgjx1AUHVbVF2v8vhKxkQU8rPlOs?width=1920&height=1920
03-06-2022,2780.216064,2811.563244,2750.458051,2797.647283,1228489,14,Asian Paints,ASIANPAINT.NS,Stock,Consumer Goods,https://1drv.ms/i/c/8705623eb284e7df/IQR9q3xMF-WOSJg76JgYgjx1AUHVbVF2v8vhKxkQU8rPlOs?width=1920&height=1920
06-06-2022,2713.33252,2765.866699,2703.942826,2765.000052,1193698,14,Asian Paints,ASIANPAINT.NS,Stock,Consumer Goods,https://1drv.ms/i/c/8705623eb284e7df/IQR9q3xMF-WOSJg76JgYgjx1AUHVbVF2v8vhKxkQU8rPlOs?width=1920&height=1920
07-06-2022,2643.270752,2700.379393,2630.077077,2696.527211,1403598,14,Asian Paints,ASIANPAINT.NS,Stock,Consumer Goods,https://1drv.ms/i/c/8705623eb284e7df/IQR9q3xMF-WOSJg76JgYgjx1AUHVbVF2v8vhKxkQU8rPlOs?width=1920&height=1920
08-06-2022,2605.230713,2672.451338,2600.222923,2669.465803,1743575,14,Asian Paints,ASIANPAINT.NS,Stock,Consumer Goods,https://1drv.ms/i/c/8705623eb284e7df/IQR9q3xMF-WOSJg76JgYgjx1AUHVbVF2v8vhKxkQU8rPlOs?width=1920&height=1920
09-06-2022,2602.422119,2612.882997,2551.038087,2595.835623,1857501,14,Asian Paints,ASIANPAINT.NS,Stock,Consumer Goods,https://1drv.ms/i/c/8705623eb284e7df/IQR9q3xMF-WOSJg76JgYgjx1AUHVbVF2v8vhKxkQU8rPlOs?width=1920&height=1920
10-06-2022,2623.682373,2650.076594,2568.714593,2581.306331,1592920,14,Asian Paints,ASIANPAINT.NS,Stock,Consumer Goods,https://1drv.ms/i/c/8705623eb284e7df/IQR9q3xMF-WOSJg76JgYgjx1AUHVbVF2v8vhKxkQU8rPlOs?width=1920&height=1920
13-06-2022,2577.189941,2598.741187,2559.513077,2586.100971,1674206,14,Asian Paints,ASIANPAINT.NS,Stock,Consumer Goods,https://1drv.ms/i/c/8705623eb284e7df/IQR9q3xMF-WOSJg76JgYgjx1AUHVbVF2v8vhKxkQU8rPlOs?width=1920&height=1920
14-06-2022,2552.635742,2582.613953,2503.818638,2534.813685,2296040,14,Asian Paints,ASIANPAINT.NS,Stock,Consumer Goods,https://1drv.ms/i/c/8705623eb284e7df/IQR9q3xMF-WOSJg76JgYgjx1AUHVbVF2v8vhKxkQU8rPlOs?width=1920&height=1920
15-06-2022,2577.577148,2599.322301,2544.596669,2566.777406,928842,14,Asian Paints,ASIANPAINT.NS,Stock,Consumer Goods,https://1drv.ms/i/c/8705623eb284e7df/IQR9q3xMF-WOSJg76JgYgjx1AUHVbVF2v8vhKxkQU8rPlOs?width=1920&height=1920
16-06-2022,2573.993408,2639.857885,2557.091468,2610.31573,1280628,14,Asian Paints,ASIANPAINT.NS,Stock,Consumer Goods,https://1drv.ms/i/c/8705623eb284e7df/IQR9q3xMF-WOSJg76JgYgjx1AUHVbVF2v8vhKxkQU8rPlOs?width=1920&height=1920
17-06-2022,2499.169434,2573.557597,2479.603857,2566.874384,2043251,14,Asian Paints,ASIANPAINT.NS,Stock,Consumer Goods,https://1drv.ms/i/c/8705623eb284e7df/IQR9q3xMF-WOSJg76JgYgjx1AUHVbVF2v8vhKxkQU8rPlOs?width=1920&height=1920
20-06-2022,2577.141113,2589.393984,2507.063395,2518.347434,1595360,14,Asian Paints,ASIANPAINT.NS,Stock,Consumer Goods,https://1drv.ms/i/c/8705623eb284e7df/IQR9q3xMF-WOSJg76JgYgjx1AUHVbVF2v8vhKxkQU8rPlOs?width=1920&height=1920
21-06-2022,2594.237061,2624.893004,2557.09134,2590.943695,1042074,14,Asian Paints,ASIANPAINT.NS,Stock,Consumer Goods,https://1drv.ms/i/c/8705623eb284e7df/IQR9q3xMF-WOSJg76JgYgjx1AUHVbVF2v8vhKxkQU8rPlOs?width=1920&height=1920
22-06-2022,2582.614014,2622.907434,2543.870204,2603.584006,1871760,14,Asian Paints,ASIANPAINT.NS,Stock,Consumer Goods,https://1drv.ms/i/c/8705623eb284e7df/IQR9q3xMF-WOSJg76JgYgjx1AUHVbVF2v8vhKxkQU8rPlOs?width=1920&height=1920
23-06-2022,2671.579346,2681.023149,2590.943792,2590.943792,1612872,14,Asian Paints,ASIANPAINT.NS,Stock,Consumer Goods,https://1drv.ms/i/c/8705623eb284e7df/IQR9q3xMF-WOSJg76JgYgjx1AUHVbVF2v8vhKxkQU8rPlOs?width=1920&height=1920
24-06-2022,2674.19458,2697.344149,2640.3907,2687.851868,2215583,14,Asian Paints,ASIANPAINT.NS,Stock,Consumer Goods,https://1drv.ms/i/c/8705623eb284e7df/IQR9q3xMF-WOSJg76JgYgjx1AUHVbVF2v8vhKxkQU8rPlOs?width=1920&height=1920
27-06-2022,2732.358887,2738.848428,2678.166027,2692.598002,1295734,14,Asian Paints,ASIANPAINT.NS,Stock,Consumer Goods,https://1drv.ms/i/c/8705623eb284e7df/IQR9q3xMF-WOSJg76JgYgjx1AUHVbVF2v8vhKxkQU8rPlOs?width=1920&height=1920
28-06-2022,2640.875244,2697.344401,2619.372474,2692.695096,1838358,14,Asian Paints,ASIANPAINT.NS,Stock,Consumer Goods,https://1drv.ms/i/c/8705623eb284e7df/IQR9q3xMF-WOSJg76JgYgjx1AUHVbVF2v8vhKxkQU8rPlOs?width=1920&height=1920
29-06-2022,2613.076172,2633.610343,2593.89794,2621.502903,1066354,14,Asian Paints,ASIANPAINT.NS,Stock,Consumer Goods,https://1drv.ms/i/c/8705623eb284e7df/IQR9q3xMF-WOSJg76JgYgjx1AUHVbVF2v8vhKxkQU8rPlOs?width=1920&height=1920
30-06-2022,2610.557861,2641.31076,2595.835261,2629.5909,1291447,14,Asian Paints,ASIANPAINT.NS,Stock,Consumer Goods,https://1drv.ms/i/c/8705623eb284e7df/IQR9q3xMF-WOSJg76JgYgjx1AUHVbVF2v8vhKxkQU8rPlOs?width=1920&height=1920
01-07-2022,2686.059814,2692.694786,2600.678238,2619.953189,1477191,14,Asian Paints,ASIANPAINT.NS,Stock,Consumer Goods,https://1drv.ms/i/c/8705623eb284e7df/IQR9q3xMF-WOSJg76JgYgjx1AUHVbVF2v8vhKxkQU8rPlOs?width=1920&height=1920
04-07-2022,2702.671387,2710.129523,2658.600303,2687.997027,653147,14,Asian Paints,ASIANPAINT.NS,Stock,Consumer Goods,https://1drv.ms/i/c/8705623eb284e7df/IQR9q3xMF-WOSJg76JgYgjx1AUHVbVF2v8vhKxkQU8rPlOs?width=1920&height=1920
05-07-2022,2679.71582,2723.980578,2673.322997,2697.537879,1073043,14,Asian Paints,ASIANPAINT.NS,Stock,Consumer Goods,https://1drv.ms/i/c/8705623eb284e7df/IQR9q3xMF-WOSJg76JgYgjx1AUHVbVF2v8vhKxkQU8rPlOs?width=1920&height=1920
06-07-2022,2771.538574,2778.899993,2717.055087,2741.65755,2085735,14,Asian Paints,ASIANPAINT.NS,Stock,Consumer Goods,https://1drv.ms/i/c/8705623eb284e7df/IQR9q3xMF-WOSJg76JgYgjx1AUHVbVF2v8vhKxkQU8rPlOs?width=1920&height=1920
07-07-2022,2800.596191,2839.921253,2786.454843,2810.282144,1469087,14,Asian Paints,ASIANPAINT.NS,Stock,Consumer Goods,https://1drv.ms/i/c/8705623eb284e7df/IQR9q3xMF-WOSJg76JgYgjx1AUHVbVF2v8vhKxkQU8rPlOs?width=1920&height=1920
08-07-2022,2789.360596,2797.303029,2751.294756,2789.554267,1274148,14,Asian Paints,ASIANPAINT.NS,Stock,Consumer Goods,https://1drv.ms/i/c/8705623eb284e7df/IQR9q3xMF-WOSJg76JgYgjx1AUHVbVF2v8vhKxkQU8rPlOs?width=1920&height=1920
11-07-2022,2840.938477,2848.202941,2761.804288,2783.742877,1081885,14,Asian Paints,ASIANPAINT.NS,Stock,Consumer Goods,https://1drv.ms/i/c/8705623eb284e7df/IQR9q3xMF-WOSJg76JgYgjx1AUHVbVF2v8vhKxkQU8rPlOs?width=1920&height=1920
12-07-2022,2802.3396,2831.445933,2794.78451,2828.297998,1115524,14,Asian Paints,ASIANPAINT.NS,Stock,Consumer Goods,https://1drv.ms/i/c/8705623eb284e7df/IQR9q3xMF-WOSJg76JgYgjx1AUHVbVF2v8vhKxkQU8rPlOs?width=1920&height=1920
13-07-2022,2848.832031,2875.710547,2834.157909,2856.387121,2153712,14,Asian Paints,ASIANPAINT.NS,Stock,Consumer Goods,https://1drv.ms/i/c/8705623eb284e7df/IQR9q3xMF-WOSJg76JgYgjx1AUHVbVF2v8vhKxkQU8rPlOs?width=1920&height=1920
14-07-2022,2846.846924,2862.05406,2820.936998,2859.390423,882479,14,Asian Paints,ASIANPAINT.NS,Stock,Consumer Goods,https://1drv.ms/i/c/8705623eb284e7df/IQR9q3xMF-WOSJg76JgYgjx1AUHVbVF2v8vhKxkQU8rPlOs?width=1920&height=1920
15-07-2022,2884.62207,2891.257043,2848.106074,2857.307729,1668006,14,Asian Paints,ASIANPAINT.NS,Stock,Consumer Goods,https://1drv.ms/i/c/8705623eb284e7df/IQR9q3xMF-WOSJg76JgYgjx1AUHVbVF2v8vhKxkQU8rPlOs?width=1920&height=1920
18-07-2022,2923.075439,2930.000801,2894.550119,2900.700793,823390,14,Asian Paints,ASIANPAINT.NS,Stock,Consumer Goods,https://1drv.ms/i/c/8705623eb284e7df/IQR9q3xMF-WOSJg76JgYgjx1AUHVbVF2v8vhKxkQU8rPlOs?width=1920&height=1920
19-07-2022,2924.286133,2928.06356,2884.621967,2889.755569,638171,14,Asian Paints,ASIANPAINT.NS,Stock,Consumer Goods,https://1drv.ms/i/c/8705623eb284e7df/IQR9q3xMF-WOSJg76JgYgjx1AUHVbVF2v8vhKxkQU8rPlOs?width=1920&height=1920
20-07-2022,2912.033203,2949.081972,2905.785811,2937.749455,867436,14,Asian Paints,ASIANPAINT.NS,Stock,Consumer Goods,https://1drv.ms/i/c/8705623eb284e7df/IQR9q3xMF-WOSJg76JgYgjx1AUHVbVF2v8vhKxkQU8rPlOs?width=1920&height=1920
21-07-2022,2969.810547,2988.068429,2887.382981,2887.382981,1184060,14,Asian Paints,ASIANPAINT.NS,Stock,Consumer Goods,https://1drv.ms/i/c/8705623eb284e7df/IQR9q3xMF-WOSJg76JgYgjx1AUHVbVF2v8vhKxkQU8rPlOs?width=1920&height=1920
22-07-2022,2971.069336,2995.623323,2952.27868,2969.810351,1268141,14,Asian Paints,ASIANPAINT.NS,Stock,Consumer Goods,https://1drv.ms/i/c/8705623eb284e7df/IQR9q3xMF-WOSJg76JgYgjx1AUHVbVF2v8vhKxkQU8rPlOs?width=1920&height=1920
25-07-2022,3007.439697,3019.304989,2955.813524,2973.103044,985844,14,Asian Paints,ASIANPAINT.NS,Stock,Consumer Goods,https://1drv.ms/i/c/8705623eb284e7df/IQR9q3xMF-WOSJg76JgYgjx1AUHVbVF2v8vhKxkQU8rPlOs?width=1920&height=1920
26-07-2022,3010.878662,3050.881698,2957.12162,2998.77122,2876310,14,Asian Paints,ASIANPAINT.NS,Stock,Consumer Goods,https://1drv.ms/i/c/8705623eb284e7df/IQR9q3xMF-WOSJg76JgYgjx1AUHVbVF2v8vhKxkQU8rPlOs?width=1920&height=1920
27-07-2022,3085.993164,3092.724854,2998.771108,3021.000324,1976407,14,Asian Paints,ASIANPAINT.NS,Stock,Consumer Goods,https://1drv.ms/i/c/8705623eb284e7df/IQR9q3xMF-WOSJg76JgYgjx1AUHVbVF2v8vhKxkQU8rPlOs?width=1920&height=1920
28-07-2022,3169.631104,3176.992522,3082.070185,3097.567709,1332572,14,Asian Paints,ASIANPAINT.NS,Stock,Consumer Goods,https://1drv.ms/i/c/8705623eb284e7df/IQR9q3xMF-WOSJg76JgYgjx1AUHVbVF2v8vhKxkQU8rPlOs?width=1920&height=1920
29-07-2022,3229.054443,3249.0076,3172.149472,3182.222768,1836550,14,Asian Paints,ASIANPAINT.NS,Stock,Consumer Goods,https://1drv.ms/i/c/8705623eb284e7df/IQR9q3xMF-WOSJg76JgYgjx1AUHVbVF2v8vhKxkQU8rPlOs?width=1920&height=1920
01-08-2022,3220.143555,3249.637234,3210.409125,3235.156782,1076122,14,Asian Paints,ASIANPAINT.NS,Stock,Consumer Goods,https://1drv.ms/i/c/8705623eb284e7df/IQR9q3xMF-WOSJg76JgYgjx1AUHVbVF2v8vhKxkQU8rPlOs?width=1920&height=1920
02-08-2022,3289.494873,3297.824887,3221.160663,3226.390983,1650536,14,Asian Paints,ASIANPAINT.NS,Stock,Consumer Goods,https://1drv.ms/i/c/8705623eb284e7df/IQR9q3xMF-WOSJg76JgYgjx1AUHVbVF2v8vhKxkQU8rPlOs?width=1920&height=1920
03-08-2022,3331.628906,3339.716772,3265.377079,3297.098577,1169005,14,Asian Paints,ASIANPAINT.NS,Stock,Consumer Goods,https://1drv.ms/i/c/8705623eb284e7df/IQR9q3xMF-WOSJg76JgYgjx1AUHVbVF2v8vhKxkQU8rPlOs?width=1920&height=1920
04-08-2022,3351.823975,3367.75732,3303.781554,3346.496701,981434,14,Asian Paints,ASIANPAINT.NS,Stock,Consumer Goods,https://1drv.ms/i/c/8705623eb284e7df/IQR9q3xMF-WOSJg76JgYgjx1AUHVbVF2v8vhKxkQU8rPlOs?width=1920&height=1920
05-08-2022,3364.802979,3382.28617,3343.155016,3365.868528,792478,14,Asian Paints,ASIANPAINT.NS,Stock,Consumer Goods,https://1drv.ms/i/c/8705623eb284e7df/IQR9q3xMF-WOSJg76JgYgjx1AUHVbVF2v8vhKxkQU8rPlOs?width=1920&height=1920
08-08-2022,3349.838135,3367.757147,3328.625994,3356.182481,724644,14,Asian Paints,ASIANPAINT.NS,Stock,Consumer Goods,https://1drv.ms/i/c/8705623eb284e7df/IQR9q3xMF-WOSJg76JgYgjx1AUHVbVF2v8vhKxkQU8rPlOs?width=1920&height=1920
10-08-2022,3304.508057,3341.508586,3289.349635,3332.936423,1089295,14,Asian Paints,ASIANPAINT.NS,Stock,Consumer Goods,https://1drv.ms/i/c/8705623eb284e7df/IQR9q3xMF-WOSJg76JgYgjx1AUHVbVF2v8vhKxkQU8rPlOs?width=1920&height=1920
11-08-2022,3298.260742,3368.726052,3283.538141,3341.65386,1410533,14,Asian Paints,ASIANPAINT.NS,Stock,Consumer Goods,https://1drv.ms/i/c/8705623eb284e7df/IQR9q3xMF-WOSJg76JgYgjx1AUHVbVF2v8vhKxkQU8rPlOs?width=1920&height=1920
12-08-2022,3320.199463,3326.931153,3276.757869,3292.255394,548472,14,Asian Paints,ASIANPAINT.NS,Stock,Consumer Goods,https://1drv.ms/i/c/8705623eb284e7df/IQR9q3xMF-WOSJg76JgYgjx1AUHVbVF2v8vhKxkQU8rPlOs?width=1920&height=1920
16-08-2022,3391.052002,3399.236585,3346.787246,3361.025549,911189,14,Asian Paints,ASIANPAINT.NS,Stock,Consumer Goods,https://1drv.ms/i/c/8705623eb284e7df/IQR9q3xMF-WOSJg76JgYgjx1AUHVbVF2v8vhKxkQU8rPlOs?width=1920&height=1920
17-08-2022,3413.039063,3434.299681,3394.539035,3407.46964,817912,14,Asian Paints,ASIANPAINT.NS,Stock,Consumer Goods,https://1drv.ms/i/c/8705623eb284e7df/IQR9q3xMF-WOSJg76JgYgjx1AUHVbVF2v8vhKxkQU8rPlOs?width=1920&height=1920
18-08-2022,3424.323486,3431.44252,3405.145252,3414.29843,599877,14,Asian Paints,ASIANPAINT.NS,Stock,Consumer Goods,https://1drv.ms/i/c/8705623eb284e7df/IQR9q3xMF-WOSJg76JgYgjx1AUHVbVF2v8vhKxkQU8rPlOs?width=1920&height=1920
19-08-2022,3373.181641,3427.374501,3355.21415,3409.455488,581829,14,Asian Paints,ASIANPAINT.NS,Stock,Consumer Goods,https://1drv.ms/i/c/8705623eb284e7df/IQR9q3xMF-WOSJg76JgYgjx1AUHVbVF2v8vhKxkQU8rPlOs?width=1920&height=1920
22-08-2022,3244.552002,3376.087287,3228.521703,3353.373775,2336567,14,Asian Paints,ASIANPAINT.NS,Stock,Consumer Goods,https://1drv.ms/i/c/8705623eb284e7df/IQR9q3xMF-WOSJg76JgYgjx1AUHVbVF2v8vhKxkQU8rPlOs?width=1920&height=1920
23-08-2022,3251.186768,3277.677705,3212.685108,3228.327826,831446,14,Asian Paints,ASIANPAINT.NS,Stock,Consumer Goods,https://1drv.ms/i/c/8705623eb284e7df/IQR9q3xMF-WOSJg76JgYgjx1AUHVbVF2v8vhKxkQU8rPlOs?width=1920&height=1920
24-08-2022,3272.738037,3278.694803,3198.3014,3234.720675,1182154,14,Asian Paints,ASIANPAINT.NS,Stock,Consumer Goods,https://1drv.ms/i/c/8705623eb284e7df/IQR9q3xMF-WOSJg76JgYgjx1AUHVbVF2v8vhKxkQU8rPlOs?width=1920&height=1920
25-08-2022,3256.901855,3298.212352,3245.956681,3269.009297,615392,14,Asian Paints,ASIANPAINT.NS,Stock,Consumer Goods,https://1drv.ms/i/c/8705623eb284e7df/IQR9q3xMF-WOSJg76JgYgjx1AUHVbVF2v8vhKxkQU8rPlOs?width=1920&height=1920
26-08-2022,3219.174805,3278.210638,3201.836808,3273.222467,1384783,14,Asian Paints,ASIANPAINT.NS,Stock,Consumer Goods,https://1drv.ms/i/c/8705623eb284e7df/IQR9q3xMF-WOSJg76JgYgjx1AUHVbVF2v8vhKxkQU8rPlOs?width=1920&height=1920
29-08-2022,3238.256348,3243.196278,3135.052468,3145.029047,1031166,14,Asian Paints,ASIANPAINT.NS,Stock,Consumer Goods,https://1drv.ms/i/c/8705623eb284e7df/IQR9q3xMF-WOSJg76JgYgjx1AUHVbVF2v8vhKxkQU8rPlOs?width=1920&height=1920
30-08-2022,3285.087891,3302.667801,3226.390921,3226.390921,1426459,14,Asian Paints,ASIANPAINT.NS,Stock,Consumer Goods,https://1drv.ms/i/c/8705623eb284e7df/IQR9q3xMF-WOSJg76JgYgjx1AUHVbVF2v8vhKxkQU8rPlOs?width=1920&height=1920
01-09-2022,3338.3125,3365.28774,3210.893729,3210.893729,1417762,14,Asian Paints,ASIANPAINT.NS,Stock,Consumer Goods,https://1drv.ms/i/c/8705623eb284e7df/IQR9q3xMF-WOSJg76JgYgjx1AUHVbVF2v8vhKxkQU8rPlOs?width=1920&height=1920
02-09-2022,3323.299072,3379.429125,3317.439023,3379.429125,740821,14,Asian Paints,ASIANPAINT.NS,Stock,Consumer Goods,https://1drv.ms/i/c/8705623eb284e7df/IQR9q3xMF-WOSJg76JgYgjx1AUHVbVF2v8vhKxkQU8rPlOs?width=1920&height=1920
05-09-2022,3317.245117,3341.653671,3298.599658,3317.487266,518438,14,Asian Paints,ASIANPAINT.NS,Stock,Consumer Goods,https://1drv.ms/i/c/8705623eb284e7df/IQR9q3xMF-WOSJg76JgYgjx1AUHVbVF2v8vhKxkQU8rPlOs?width=1920&height=1920
06-09-2022,3288.623047,3326.688888,3277.72635,3312.595779,540937,14,Asian Paints,ASIANPAINT.NS,Stock,Consumer Goods,https://1drv.ms/i/c/8705623eb284e7df/IQR9q3xMF-WOSJg76JgYgjx1AUHVbVF2v8vhKxkQU8rPlOs?width=1920&height=1920
07-09-2022,3293.562988,3327.124719,3279.615075,3285.475123,682921,14,Asian Paints,ASIANPAINT.NS,Stock,Consumer Goods,https://1drv.ms/i/c/8705623eb284e7df/IQR9q3xMF-WOSJg76JgYgjx1AUHVbVF2v8vhKxkQU8rPlOs?width=1920&height=1920
08-09-2022,3341.798828,3375.215364,3319.763286,3341.653633,1143090,14,Asian Paints,ASIANPAINT.NS,Stock,Consumer Goods,https://1drv.ms/i/c/8705623eb284e7df/IQR9q3xMF-WOSJg76JgYgjx1AUHVbVF2v8vhKxkQU8rPlOs?width=1920&height=1920
09-09-2022,3333.759766,3374.295336,3325.623423,3374.295336,702805,14,Asian Paints,ASIANPAINT.NS,Stock,Consumer Goods,https://1drv.ms/i/c/8705623eb284e7df/IQR9q3xMF-WOSJg76JgYgjx1AUHVbVF2v8vhKxkQU8rPlOs?width=1920&height=1920
12-09-2022,3324.412842,3345.189164,3315.501812,3333.759929,641280,14,Asian Paints,ASIANPAINT.NS,Stock,Consumer Goods,https://1drv.ms/i/c/8705623eb284e7df/IQR9q3xMF-WOSJg76JgYgjx1AUHVbVF2v8vhKxkQU8rPlOs?width=1920&height=1920
13-09-2022,3314.726807,3350.371161,3307.413865,3324.219088,776044,14,Asian Paints,ASIANPAINT.NS,Stock,Consumer Goods,https://1drv.ms/i/c/8705623eb284e7df/IQR9q3xMF-WOSJg76JgYgjx1AUHVbVF2v8vhKxkQU8rPlOs?width=1920&height=1920
14-09-2022,3330.950928,3340.201061,3273.852279,3273.852279,816678,14,Asian Paints,ASIANPAINT.NS,Stock,Consumer Goods,https://1drv.ms/i/c/8705623eb284e7df/IQR9q3xMF-WOSJg76JgYgjx1AUHVbVF2v8vhKxkQU8rPlOs?width=1920&height=1920
15-09-2022,3288.767822,3350.128419,3282.665862,3331.96726,590182,14,Asian Paints,ASIANPAINT.NS,Stock,Consumer Goods,https://1drv.ms/i/c/8705623eb284e7df/IQR9q3xMF-WOSJg76JgYgjx1AUHVbVF2v8vhKxkQU8rPlOs?width=1920&height=1920
16-09-2022,3218.206543,3312.596113,3205.614803,3305.234694,1598265,14,Asian Paints,ASIANPAINT.NS,Stock,Consumer Goods,https://1drv.ms/i/c/8705623eb284e7df/IQR9q3xMF-WOSJg76JgYgjx1AUHVbVF2v8vhKxkQU8rPlOs?width=1920&height=1920
19-09-2022,3212.104004,3237.142286,3129.821885,3216.365728,1013563,14,Asian Paints,ASIANPAINT.NS,Stock,Consumer Goods,https://1drv.ms/i/c/8705623eb284e7df/IQR9q3xMF-WOSJg76JgYgjx1AUHVbVF2v8vhKxkQU8rPlOs?width=1920&height=1920
20-09-2022,3286.637451,3302.909899,3229.296658,3230.846505,708184,14,Asian Paints,ASIANPAINT.NS,Stock,Consumer Goods,https://1drv.ms/i/c/8705623eb284e7df/IQR9q3xMF-WOSJg76JgYgjx1AUHVbVF2v8vhKxkQU8rPlOs?width=1920&height=1920
21-09-2022,3250.654053,3317.341692,3242.856814,3298.066742,605378,14,Asian Paints,ASIANPAINT.NS,Stock,Consumer Goods,https://1drv.ms/i/c/8705623eb284e7df/IQR9q3xMF-WOSJg76JgYgjx1AUHVbVF2v8vhKxkQU8rPlOs?width=1920&height=1920
22-09-2022,3328.093506,3331.967887,3211.522965,3250.654358,829396,14,Asian Paints,ASIANPAINT.NS,Stock,Consumer Goods,https://1drv.ms/i/c/8705623eb284e7df/IQR9q3xMF-WOSJg76JgYgjx1AUHVbVF2v8vhKxkQU8rPlOs?width=1920&height=1920
23-09-2022,3288.623047,3329.982017,3276.467129,3327.124708,513370,14,Asian Paints,ASIANPAINT.NS,Stock,Consumer Goods,https://1drv.ms/i/c/8705623eb284e7df/IQR9q3xMF-WOSJg76JgYgjx1AUHVbVF2v8vhKxkQU8rPlOs?width=1920&height=1920
26-09-2022,3330.079102,3359.088483,3248.66862,3264.166144,1429914,14,Asian Paints,ASIANPAINT.NS,Stock,Consumer Goods,https://1drv.ms/i/c/8705623eb284e7df/IQR9q3xMF-WOSJg76JgYgjx1AUHVbVF2v8vhKxkQU8rPlOs?width=1920&height=1920
27-09-2022,3361.655029,3390.083395,3323.298799,3346.351413,1455383,14,Asian Paints,ASIANPAINT.NS,Stock,Consumer Goods,https://1drv.ms/i/c/8705623eb284e7df/IQR9q3xMF-WOSJg76JgYgjx1AUHVbVF2v8vhKxkQU8rPlOs?width=1920&height=1920
28-09-2022,3458.514648,3470.379941,3312.595864,3342.622318,1843428,14,Asian Paints,ASIANPAINT.NS,Stock,Consumer Goods,https://1drv.ms/i/c/8705623eb284e7df/IQR9q3xMF-WOSJg76JgYgjx1AUHVbVF2v8vhKxkQU8rPlOs?width=1920&height=1920
29-09-2022,3278.501465,3451.540923,3266.490741,3451.540923,2624894,14,Asian Paints,ASIANPAINT.NS,Stock,Consumer Goods,https://1drv.ms/i/c/8705623eb284e7df/IQR9q3xMF-WOSJg76JgYgjx1AUHVbVF2v8vhKxkQU8rPlOs?width=1920&height=1920
30-09-2022,3237.481201,3304.750095,3182.077599,3295.161097,2159720,14,Asian Paints,ASIANPAINT.NS,Stock,Consumer Goods,https://1drv.ms/i/c/8705623eb284e7df/IQR9q3xMF-WOSJg76JgYgjx1AUHVbVF2v8vhKxkQU8rPlOs?width=1920&height=1920
03-10-2022,3199.17334,3247.215762,3182.562025,3242.857083,934543,14,Asian Paints,ASIANPAINT.NS,Stock,Consumer Goods,https://1drv.ms/i/c/8705623eb284e7df/IQR9q3xMF-WOSJg76JgYgjx1AUHVbVF2v8vhKxkQU8rPlOs?width=1920&height=1920
04-10-2022,3232.928711,3262.567819,3208.035861,3225.422098,994382,14,Asian Paints,ASIANPAINT.NS,Stock,Consumer Goods,https://1drv.ms/i/c/8705623eb284e7df/IQR9q3xMF-WOSJg76JgYgjx1AUHVbVF2v8vhKxkQU8rPlOs?width=1920&height=1920
06-10-2022,3224.405518,3261.01847,3207.697247,3232.929204,922770,14,Asian Paints,ASIANPAINT.NS,Stock,Consumer Goods,https://1drv.ms/i/c/8705623eb284e7df/IQR9q3xMF-WOSJg76JgYgjx1AUHVbVF2v8vhKxkQU8rPlOs?width=1920&height=1920
07-10-2022,3238.692139,3254.092946,3184.01498,3213.799286,774544,14,Asian Paints,ASIANPAINT.NS,Stock,Consumer Goods,https://1drv.ms/i/c/8705623eb284e7df/IQR9q3xMF-WOSJg76JgYgjx1AUHVbVF2v8vhKxkQU8rPlOs?width=1920&height=1920
10-10-2022,3175.006592,3195.395568,3157.814027,3176.992259,734377,14,Asian Paints,ASIANPAINT.NS,Stock,Consumer Goods,https://1drv.ms/i/c/8705623eb284e7df/IQR9q3xMF-WOSJg76JgYgjx1AUHVbVF2v8vhKxkQU8rPlOs?width=1920&height=1920
11-10-2022,3195.105225,3254.480163,3171.180968,3187.162791,1411316,14,Asian Paints,ASIANPAINT.NS,Stock,Consumer Goods,https://1drv.ms/i/c/8705623eb284e7df/IQR9q3xMF-WOSJg76JgYgjx1AUHVbVF2v8vhKxkQU8rPlOs?width=1920&height=1920
12-10-2022,3146.191406,3234.62421,3105.316729,3230.265531,1812549,14,Asian Paints,ASIANPAINT.NS,Stock,Consumer Goods,https://1drv.ms/i/c/8705623eb284e7df/IQR9q3xMF-WOSJg76JgYgjx1AUHVbVF2v8vhKxkQU8rPlOs?width=1920&height=1920
13-10-2022,3108.222656,3155.877503,3093.596771,3128.660114,779890,14,Asian Paints,ASIANPAINT.NS,Stock,Consumer Goods,https://1drv.ms/i/c/8705623eb284e7df/IQR9q3xMF-WOSJg76JgYgjx1AUHVbVF2v8vhKxkQU8rPlOs?width=1920&height=1920
14-10-2022,3085.460205,3144.060218,3080.132931,3133.405671,845765,14,Asian Paints,ASIANPAINT.NS,Stock,Consumer Goods,https://1drv.ms/i/c/8705623eb284e7df/IQR9q3xMF-WOSJg76JgYgjx1AUHVbVF2v8vhKxkQU8rPlOs?width=1920&height=1920
17-10-2022,3097.180176,3116.939424,3070.543807,3085.460079,1067773,14,Asian Paints,ASIANPAINT.NS,Stock,Consumer Goods,https://1drv.ms/i/c/8705623eb284e7df/IQR9q3xMF-WOSJg76JgYgjx1AUHVbVF2v8vhKxkQU8rPlOs?width=1920&height=1920
18-10-2022,3124.542969,3147.934449,3111.12783,3116.939402,1015424,14,Asian Paints,ASIANPAINT.NS,Stock,Consumer Goods,https://1drv.ms/i/c/8705623eb284e7df/IQR9q3xMF-WOSJg76JgYgjx1AUHVbVF2v8vhKxkQU8rPlOs?width=1920&height=1920
19-10-2022,3111.854492,3143.769659,3095.969624,3140.185904,943543,14,Asian Paints,ASIANPAINT.NS,Stock,Consumer Goods,https://1drv.ms/i/c/8705623eb284e7df/IQR9q3xMF-WOSJg76JgYgjx1AUHVbVF2v8vhKxkQU8rPlOs?width=1920&height=1920
20-10-2022,3042.260742,3140.040622,3004.38881,3097.567626,2284352,14,Asian Paints,ASIANPAINT.NS,Stock,Consumer Goods,https://1drv.ms/i/c/8705623eb284e7df/IQR9q3xMF-WOSJg76JgYgjx1AUHVbVF2v8vhKxkQU8rPlOs?width=1920&height=1920
21-10-2022,2995.284424,3065.362398,2976.154664,3041.389661,1738731,14,Asian Paints,ASIANPAINT.NS,Stock,Consumer Goods,https://1drv.ms/i/c/8705623eb284e7df/IQR9q3xMF-WOSJg76JgYgjx1AUHVbVF2v8vhKxkQU8rPlOs?width=1920&height=1920
24-10-2022,3023.615234,3059.792361,3018.142766,3051.075004,178709,14,Asian Paints,ASIANPAINT.NS,Stock,Consumer Goods,https://1drv.ms/i/c/8705623eb284e7df/IQR9q3xMF-WOSJg76JgYgjx1AUHVbVF2v8vhKxkQU8rPlOs?width=1920&height=1920
25-10-2022,2988.019775,3036.546498,2983.176799,3035.577903,1016316,14,Asian Paints,ASIANPAINT.NS,Stock,Consumer Goods,https://1drv.ms/i/c/8705623eb284e7df/IQR9q3xMF-WOSJg76JgYgjx1AUHVbVF2v8vhKxkQU8rPlOs?width=1920&height=1920
27-10-2022,2947.871338,3024.923142,2937.749564,3024.923142,2005709,14,Asian Paints,ASIANPAINT.NS,Stock,Consumer Goods,https://1drv.ms/i/c/8705623eb284e7df/IQR9q3xMF-WOSJg76JgYgjx1AUHVbVF2v8vhKxkQU8rPlOs?width=1920&height=1920
28-10-2022,2957.508545,2975.137167,2944.529464,2962.642147,715736,14,Asian Paints,ASIANPAINT.NS,Stock,Consumer Goods,https://1drv.ms/i/c/8705623eb284e7df/IQR9q3xMF-WOSJg76JgYgjx1AUHVbVF2v8vhKxkQU8rPlOs?width=1920&height=1920
31-10-2022,3014.447266,3019.588276,2969.197186,2989.518492,814364,14,Asian Paints,ASIANPAINT.NS,Stock,Consumer Goods,https://1drv.ms/i/c/8705623eb284e7df/IQR9q3xMF-WOSJg76JgYgjx1AUHVbVF2v8vhKxkQU8rPlOs?width=1920&height=1920
01-11-2022,3064.595947,3069.445913,3017.163382,3017.163382,939335,14,Asian Paints,ASIANPAINT.NS,Stock,Consumer Goods,https://1drv.ms/i/c/8705623eb284e7df/IQR9q3xMF-WOSJg76JgYgjx1AUHVbVF2v8vhKxkQU8rPlOs?width=1920&height=1920
02-11-2022,3037.921143,3065.129495,3028.4154,3063.238056,787012,14,Asian Paints,ASIANPAINT.NS,Stock,Consumer Goods,https://1drv.ms/i/c/8705623eb284e7df/IQR9q3xMF-WOSJg76JgYgjx1AUHVbVF2v8vhKxkQU8rPlOs?width=1920&height=1920
03-11-2022,3047.039063,3054.265463,3011.828269,3011.828269,563798,14,Asian Paints,ASIANPAINT.NS,Stock,Consumer Goods,https://1drv.ms/i/c/8705623eb284e7df/IQR9q3xMF-WOSJg76JgYgjx1AUHVbVF2v8vhKxkQU8rPlOs?width=1920&height=1920
04-11-2022,3085.887695,3089.428075,3032.101388,3053.53833,609757,14,Asian Paints,ASIANPAINT.NS,Stock,Consumer Goods,https://1drv.ms/i/c/8705623eb284e7df/IQR9q3xMF-WOSJg76JgYgjx1AUHVbVF2v8vhKxkQU8rPlOs?width=1920&height=1920
07-11-2022,3010.421875,3102.037668,3004.504823,3090.397752,1669943,14,Asian Paints,ASIANPAINT.NS,Stock,Consumer Goods,https://1drv.ms/i/c/8705623eb284e7df/IQR9q3xMF-WOSJg76JgYgjx1AUHVbVF2v8vhKxkQU8rPlOs?width=1920&height=1920
09-11-2022,2993.883789,3051.59838,2987.578834,3051.59838,1391333,14,Asian Paints,ASIANPAINT.NS,Stock,Consumer Goods,https://1drv.ms/i/c/8705623eb284e7df/IQR9q3xMF-WOSJg76JgYgjx1AUHVbVF2v8vhKxkQU8rPlOs?width=1920&height=1920
10-11-2022,2953.774414,2993.398727,2942.474089,2993.398727,1375007,14,Asian Paints,ASIANPAINT.NS,Stock,Consumer Goods,https://1drv.ms/i/c/8705623eb284e7df/IQR9q3xMF-WOSJg76JgYgjx1AUHVbVF2v8vhKxkQU8rPlOs?width=1920&height=1920
11-11-2022,2963.716797,3005.038597,2956.538943,2997.9576,810288,14,Asian Paints,ASIANPAINT.NS,Stock,Consumer Goods,https://1drv.ms/i/c/8705623eb284e7df/IQR9q3xMF-WOSJg76JgYgjx1AUHVbVF2v8vhKxkQU8rPlOs?width=1920&height=1920
14-11-2022,2961.582764,2985.590092,2949.797443,2964.298792,811702,14,Asian Paints,ASIANPAINT.NS,Stock,Consumer Goods,https://1drv.ms/i/c/8705623eb284e7df/IQR9q3xMF-WOSJg76JgYgjx1AUHVbVF2v8vhKxkQU8rPlOs?width=1920&height=1920
15-11-2022,2986.899902,3002.128747,2950.719111,2976.423929,873840,14,Asian Paints,ASIANPAINT.NS,Stock,Consumer Goods,https://1drv.ms/i/c/8705623eb284e7df/IQR9q3xMF-WOSJg76JgYgjx1AUHVbVF2v8vhKxkQU8rPlOs?width=1920&height=1920
16-11-2022,2990.537598,3000.188983,2959.449268,2986.900123,770953,14,Asian Paints,ASIANPAINT.NS,Stock,Consumer Goods,https://1drv.ms/i/c/8705623eb284e7df/IQR9q3xMF-WOSJg76JgYgjx1AUHVbVF2v8vhKxkQU8rPlOs?width=1920&height=1920
17-11-2022,2979.430908,3003.632189,2968.178893,2999.218673,706271,14,Asian Paints,ASIANPAINT.NS,Stock,Consumer Goods,https://1drv.ms/i/c/8705623eb284e7df/IQR9q3xMF-WOSJg76JgYgjx1AUHVbVF2v8vhKxkQU8rPlOs?width=1920&height=1920
18-11-2022,3002.61377,3021.383232,2964.056542,3002.128773,1258576,14,Asian Paints,ASIANPAINT.NS,Stock,Consumer Goods,https://1drv.ms/i/c/8705623eb284e7df/IQR9q3xMF-WOSJg76JgYgjx1AUHVbVF2v8vhKxkQU8rPlOs?width=1920&height=1920
21-11-2022,3002.419678,3017.018121,2974.192784,3011.828563,612194,14,Asian Paints,ASIANPAINT.NS,Stock,Consumer Goods,https://1drv.ms/i/c/8705623eb284e7df/IQR9q3xMF-WOSJg76JgYgjx1AUHVbVF2v8vhKxkQU8rPlOs?width=1920&height=1920
22-11-2022,3010.712891,3025.893186,2980.109564,3010.858295,764079,14,Asian Paints,ASIANPAINT.NS,Stock,Consumer Goods,https://1drv.ms/i/c/8705623eb284e7df/IQR9q3xMF-WOSJg76JgYgjx1AUHVbVF2v8vhKxkQU8rPlOs?width=1920&height=1920
23-11-2022,3007.754395,3021.334297,2997.278423,3017.648276,488341,14,Asian Paints,ASIANPAINT.NS,Stock,Consumer Goods,https://1drv.ms/i/c/8705623eb284e7df/IQR9q3xMF-WOSJg76JgYgjx1AUHVbVF2v8vhKxkQU8rPlOs?width=1920&height=1920
24-11-2022,3021.819092,3026.62051,2999.218209,3024.389478,571872,14,Asian Paints,ASIANPAINT.NS,Stock,Consumer Goods,https://1drv.ms/i/c/8705623eb284e7df/IQR9q3xMF-WOSJg76JgYgjx1AUHVbVF2v8vhKxkQU8rPlOs?width=1920&height=1920
25-11-2022,3014.883545,3026.184105,2982.970871,3021.819137,898769,14,Asian Paints,ASIANPAINT.NS,Stock,Consumer Goods,https://1drv.ms/i/c/8705623eb284e7df/IQR9q3xMF-WOSJg76JgYgjx1AUHVbVF2v8vhKxkQU8rPlOs?width=1920&height=1920
28-11-2022,3056.642334,3064.208328,3003.777708,3014.884082,914689,14,Asian Paints,ASIANPAINT.NS,Stock,Consumer Goods,https://1drv.ms/i/c/8705623eb284e7df/IQR9q3xMF-WOSJg76JgYgjx1AUHVbVF2v8vhKxkQU8rPlOs?width=1920&height=1920
29-11-2022,3040.976563,3073.907777,3033.313476,3062.267861,877720,14,Asian Paints,ASIANPAINT.NS,Stock,Consumer Goods,https://1drv.ms/i/c/8705623eb284e7df/IQR9q3xMF-WOSJg76JgYgjx1AUHVbVF2v8vhKxkQU8rPlOs?width=1920&height=1920
30-11-2022,3079.873291,3103.929166,3039.279225,3045.681037,2547283,14,Asian Paints,ASIANPAINT.NS,Stock,Consumer Goods,https://1drv.ms/i/c/8705623eb284e7df/IQR9q3xMF-WOSJg76JgYgjx1AUHVbVF2v8vhKxkQU8rPlOs?width=1920&height=1920
01-12-2022,3083.94751,3101.067792,3066.390541,3095.247834,761717,14,Asian Paints,ASIANPAINT.NS,Stock,Consumer Goods,https://1drv.ms/i/c/8705623eb284e7df/IQR9q3xMF-WOSJg76JgYgjx1AUHVbVF2v8vhKxkQU8rPlOs?width=1920&height=1920
02-12-2022,3049.124756,3079.049138,3039.958368,3077.933504,932259,14,Asian Paints,ASIANPAINT.NS,Stock,Consumer Goods,https://1drv.ms/i/c/8705623eb284e7df/IQR9q3xMF-WOSJg76JgYgjx1AUHVbVF2v8vhKxkQU8rPlOs?width=1920&height=1920
05-12-2022,3062.170898,3073.616864,3019.103303,3036.078181,926122,14,Asian Paints,ASIANPAINT.NS,Stock,Consumer Goods,https://1drv.ms/i/c/8705623eb284e7df/IQR9q3xMF-WOSJg76JgYgjx1AUHVbVF2v8vhKxkQU8rPlOs?width=1920&height=1920
06-12-2022,3066.826904,3073.907901,3031.228208,3031.228208,958365,14,Asian Paints,ASIANPAINT.NS,Stock,Consumer Goods,https://1drv.ms/i/c/8705623eb284e7df/IQR9q3xMF-WOSJg76JgYgjx1AUHVbVF2v8vhKxkQU8rPlOs?width=1920&height=1920
07-12-2022,3129.682617,3137.636513,3081.08587,3084.57794,1832282,14,Asian Paints,ASIANPAINT.NS,Stock,Consumer Goods,https://1drv.ms/i/c/8705623eb284e7df/IQR9q3xMF-WOSJg76JgYgjx1AUHVbVF2v8vhKxkQU8rPlOs?width=1920&height=1920
08-12-2022,3124.78418,3143.650498,3106.548262,3133.077668,851312,14,Asian Paints,ASIANPAINT.NS,Stock,Consumer Goods,https://1drv.ms/i/c/8705623eb284e7df/IQR9q3xMF-WOSJg76JgYgjx1AUHVbVF2v8vhKxkQU8rPlOs?width=1920&height=1920
09-12-2022,3130.119141,3145.057176,3109.797833,3137.927632,847879,14,Asian Paints,ASIANPAINT.NS,Stock,Consumer Goods,https://1drv.ms/i/c/8705623eb284e7df/IQR9q3xMF-WOSJg76JgYgjx1AUHVbVF2v8vhKxkQU8rPlOs?width=1920&height=1920
12-12-2022,3071.337891,3133.07786,3047.621369,3130.16788,1323816,14,Asian Paints,ASIANPAINT.NS,Stock,Consumer Goods,https://1drv.ms/i/c/8705623eb284e7df/IQR9q3xMF-WOSJg76JgYgjx1AUHVbVF2v8vhKxkQU8rPlOs?width=1920&height=1920
13-12-2022,3083.122803,3089.427757,3048.348458,3089.427757,886601,14,Asian Paints,ASIANPAINT.NS,Stock,Consumer Goods,https://1drv.ms/i/c/8705623eb284e7df/IQR9q3xMF-WOSJg76JgYgjx1AUHVbVF2v8vhKxkQU8rPlOs?width=1920&height=1920
14-12-2022,3051.550049,3099.128262,3031.228739,3083.608371,1103870,14,Asian Paints,ASIANPAINT.NS,Stock,Consumer Goods,https://1drv.ms/i/c/8705623eb284e7df/IQR9q3xMF-WOSJg76JgYgjx1AUHVbVF2v8vhKxkQU8rPlOs?width=1920&height=1920
15-12-2022,3036.6604,3066.342046,3023.177355,3047.718227,799124,14,Asian Paints,ASIANPAINT.NS,Stock,Consumer Goods,https://1drv.ms/i/c/8705623eb284e7df/IQR9q3xMF-WOSJg76JgYgjx1AUHVbVF2v8vhKxkQU8rPlOs?width=1920&height=1920
16-12-2022,2964.201416,3023.468081,2958.769597,3021.528095,1192821,14,Asian Paints,ASIANPAINT.NS,Stock,Consumer Goods,https://1drv.ms/i/c/8705623eb284e7df/IQR9q3xMF-WOSJg76JgYgjx1AUHVbVF2v8vhKxkQU8rPlOs?width=1920&height=1920
19-12-2022,2988.5,2995.338498,2949.748826,2970.118679,655594,14,Asian Paints,ASIANPAINT.NS,Stock,Consumer Goods,https://1drv.ms/i/c/8705623eb284e7df/IQR9q3xMF-WOSJg76JgYgjx1AUHVbVF2v8vhKxkQU8rPlOs?width=1920&height=1920
20-12-2022,2989.664063,2995.969017,2927.439101,2982.777254,739257,14,Asian Paints,ASIANPAINT.NS,Stock,Consumer Goods,https://1drv.ms/i/c/8705623eb284e7df/IQR9q3xMF-WOSJg76JgYgjx1AUHVbVF2v8vhKxkQU8rPlOs?width=1920&height=1920
21-12-2022,2977.539063,3019.054812,2958.527341,2992.42855,616324,14,Asian Paints,ASIANPAINT.NS,Stock,Consumer Goods,https://1drv.ms/i/c/8705623eb284e7df/IQR9q3xMF-WOSJg76JgYgjx1AUHVbVF2v8vhKxkQU8rPlOs?width=1920&height=1920
22-12-2022,2995.87207,3000.673489,2946.887421,2981.758624,663202,14,Asian Paints,ASIANPAINT.NS,Stock,Consumer Goods,https://1drv.ms/i/c/8705623eb284e7df/IQR9q3xMF-WOSJg76JgYgjx1AUHVbVF2v8vhKxkQU8rPlOs?width=1920&height=1920
23-12-2022,2966.141846,2994.223336,2944.899091,2986.560248,1230858,14,Asian Paints,ASIANPAINT.NS,Stock,Consumer Goods,https://1drv.ms/i/c/8705623eb284e7df/IQR9q3xMF-WOSJg76JgYgjx1AUHVbVF2v8vhKxkQU8rPlOs?width=1920&height=1920
26-12-2022,2964.347168,2979.721415,2937.914859,2966.141513,536884,14,Asian Paints,ASIANPAINT.NS,Stock,Consumer Goods,https://1drv.ms/i/c/8705623eb284e7df/IQR9q3xMF-WOSJg76JgYgjx1AUHVbVF2v8vhKxkQU8rPlOs?width=1920&height=1920
27-12-2022,3019.200684,3035.108476,2964.590024,2968.178951,729041,14,Asian Paints,ASIANPAINT.NS,Stock,Consumer Goods,https://1drv.ms/i/c/8705623eb284e7df/IQR9q3xMF-WOSJg76JgYgjx1AUHVbVF2v8vhKxkQU8rPlOs?width=1920&height=1920
28-12-2022,3029.967041,3049.463995,3011.82822,3016.629637,972274,14,Asian Paints,ASIANPAINT.NS,Stock,Consumer Goods,https://1drv.ms/i/c/8705623eb284e7df/IQR9q3xMF-WOSJg76JgYgjx1AUHVbVF2v8vhKxkQU8rPlOs?width=1920&height=1920
29-12-2022,3021.673828,3031.228355,2999.752127,3007.948521,596265,14,Asian Paints,ASIANPAINT.NS,Stock,Consumer Goods,https://1drv.ms/i/c/8705623eb284e7df/IQR9q3xMF-WOSJg76JgYgjx1AUHVbVF2v8vhKxkQU8rPlOs?width=1920&height=1920
30-12-2022,2995.241211,3036.805505,2979.13947,3036.805505,836220,14,Asian Paints,ASIANPAINT.NS,Stock,Consumer Goods,https://1drv.ms/i/c/8705623eb284e7df/IQR9q3xMF-WOSJg76JgYgjx1AUHVbVF2v8vhKxkQU8rPlOs?width=1920&height=1920
02-01-2023,2955.811279,2995.241401,2930.348962,2995.241401,1015990,14,Asian Paints,ASIANPAINT.NS,Stock,Consumer Goods,https://1drv.ms/i/c/8705623eb284e7df/IQR9q3xMF-WOSJg76JgYgjx1AUHVbVF2v8vhKxkQU8rPlOs?width=1920&height=1920
03-01-2023,2937.381104,2968.129832,2934.228626,2955.568471,860367,14,Asian Paints,ASIANPAINT.NS,Stock,Consumer Goods,https://1drv.ms/i/c/8705623eb284e7df/IQR9q3xMF-WOSJg76JgYgjx1AUHVbVF2v8vhKxkQU8rPlOs?width=1920&height=1920
04-01-2023,2926.323486,2958.47866,2911.482546,2943.928765,836382,14,Asian Paints,ASIANPAINT.NS,Stock,Consumer Goods,https://1drv.ms/i/c/8705623eb284e7df/IQR9q3xMF-WOSJg76JgYgjx1AUHVbVF2v8vhKxkQU8rPlOs?width=1920&height=1920
05-01-2023,2914.19873,2955.180937,2905.517103,2948.342439,1113920,14,Asian Paints,ASIANPAINT.NS,Stock,Consumer Goods,https://1drv.ms/i/c/8705623eb284e7df/IQR9q3xMF-WOSJg76JgYgjx1AUHVbVF2v8vhKxkQU8rPlOs?width=1920&height=1920
06-01-2023,2889.027344,2932.774127,2863.419621,2919.67922,1045526,14,Asian Paints,ASIANPAINT.NS,Stock,Consumer Goods,https://1drv.ms/i/c/8705623eb284e7df/IQR9q3xMF-WOSJg76JgYgjx1AUHVbVF2v8vhKxkQU8rPlOs?width=1920&height=1920
09-01-2023,2894.60498,2927.099751,2862.449802,2903.48056,808263,14,Asian Paints,ASIANPAINT.NS,Stock,Consumer Goods,https://1drv.ms/i/c/8705623eb284e7df/IQR9q3xMF-WOSJg76JgYgjx1AUHVbVF2v8vhKxkQU8rPlOs?width=1920&height=1920
10-01-2023,2871.519043,2895.429277,2863.613457,2894.604688,864325,14,Asian Paints,ASIANPAINT.NS,Stock,Consumer Goods,https://1drv.ms/i/c/8705623eb284e7df/IQR9q3xMF-WOSJg76JgYgjx1AUHVbVF2v8vhKxkQU8rPlOs?width=1920&height=1920
11-01-2023,2852.167725,2885.632488,2846.929856,2885.632488,890426,14,Asian Paints,ASIANPAINT.NS,Stock,Consumer Goods,https://1drv.ms/i/c/8705623eb284e7df/IQR9q3xMF-WOSJg76JgYgjx1AUHVbVF2v8vhKxkQU8rPlOs?width=1920&height=1920
12-01-2023,2828.450928,2851.633902,2809.099616,2850.809313,1558620,14,Asian Paints,ASIANPAINT.NS,Stock,Consumer Goods,https://1drv.ms/i/c/8705623eb284e7df/IQR9q3xMF-WOSJg76JgYgjx1AUHVbVF2v8vhKxkQU8rPlOs?width=1920&height=1920
13-01-2023,2821.855225,2837.229709,2785.577579,2837.229709,1507864,14,Asian Paints,ASIANPAINT.NS,Stock,Consumer Goods,https://1drv.ms/i/c/8705623eb284e7df/IQR9q3xMF-WOSJg76JgYgjx1AUHVbVF2v8vhKxkQU8rPlOs?width=1920&height=1920
16-01-2023,2828.547852,2841.691303,2809.099446,2837.229241,644073,14,Asian Paints,ASIANPAINT.NS,Stock,Consumer Goods,https://1drv.ms/i/c/8705623eb284e7df/IQR9q3xMF-WOSJg76JgYgjx1AUHVbVF2v8vhKxkQU8rPlOs?width=1920&height=1920
17-01-2023,2852.6521,2856.483761,2823.79481,2837.229307,716489,14,Asian Paints,ASIANPAINT.NS,Stock,Consumer Goods,https://1drv.ms/i/c/8705623eb284e7df/IQR9q3xMF-WOSJg76JgYgjx1AUHVbVF2v8vhKxkQU8rPlOs?width=1920&height=1920
18-01-2023,2856.871826,2871.179223,2841.449033,2859.49076,893808,14,Asian Paints,ASIANPAINT.NS,Stock,Consumer Goods,https://1drv.ms/i/c/8705623eb284e7df/IQR9q3xMF-WOSJg76JgYgjx1AUHVbVF2v8vhKxkQU8rPlOs?width=1920&height=1920
19-01-2023,2780.145264,2884.371198,2758.272112,2866.23214,2379947,14,Asian Paints,ASIANPAINT.NS,Stock,Consumer Goods,https://1drv.ms/i/c/8705623eb284e7df/IQR9q3xMF-WOSJg76JgYgjx1AUHVbVF2v8vhKxkQU8rPlOs?width=1920&height=1920
20-01-2023,2704.146729,2762.540264,2697.550728,2762.540264,3171005,14,Asian Paints,ASIANPAINT.NS,Stock,Consumer Goods,https://1drv.ms/i/c/8705623eb284e7df/IQR9q3xMF-WOSJg76JgYgjx1AUHVbVF2v8vhKxkQU8rPlOs?width=1920&height=1920
23-01-2023,2700.897217,2715.980657,2684.795474,2715.980657,1402260,14,Asian Paints,ASIANPAINT.NS,Stock,Consumer Goods,https://1drv.ms/i/c/8705623eb284e7df/IQR9q3xMF-WOSJg76JgYgjx1AUHVbVF2v8vhKxkQU8rPlOs?width=1920&height=1920
24-01-2023,2726.262451,2742.267336,2700.896992,2711.130465,1061471,14,Asian Paints,ASIANPAINT.NS,Stock,Consumer Goods,https://1drv.ms/i/c/8705623eb284e7df/IQR9q3xMF-WOSJg76JgYgjx1AUHVbVF2v8vhKxkQU8rPlOs?width=1920&height=1920
25-01-2023,2691.730957,2726.65071,2684.068106,2726.553616,857953,14,Asian Paints,ASIANPAINT.NS,Stock,Consumer Goods,https://1drv.ms/i/c/8705623eb284e7df/IQR9q3xMF-WOSJg76JgYgjx1AUHVbVF2v8vhKxkQU8rPlOs?width=1920&height=1920
27-01-2023,2640.951416,2689.645255,2605.255862,2683.582799,1801498,14,Asian Paints,ASIANPAINT.NS,Stock,Consumer Goods,https://1drv.ms/i/c/8705623eb284e7df/IQR9q3xMF-WOSJg76JgYgjx1AUHVbVF2v8vhKxkQU8rPlOs?width=1920&height=1920
30-01-2023,2683.19458,2692.700559,2615.343617,2642.260923,1171912,14,Asian Paints,ASIANPAINT.NS,Stock,Consumer Goods,https://1drv.ms/i/c/8705623eb284e7df/IQR9q3xMF-WOSJg76JgYgjx1AUHVbVF2v8vhKxkQU8rPlOs?width=1920&height=1920
31-01-2023,2644.055908,2696.532395,2636.489914,2677.181079,1961805,14,Asian Paints,ASIANPAINT.NS,Stock,Consumer Goods,https://1drv.ms/i/c/8705623eb284e7df/IQR9q3xMF-WOSJg76JgYgjx1AUHVbVF2v8vhKxkQU8rPlOs?width=1920&height=1920
01-02-2023,2661.418213,2694.640472,2623.637034,2667.286718,1176872,14,Asian Paints,ASIANPAINT.NS,Stock,Consumer Goods,https://1drv.ms/i/c/8705623eb284e7df/IQR9q3xMF-WOSJg76JgYgjx1AUHVbVF2v8vhKxkQU8rPlOs?width=1920&height=1920
02-02-2023,2624.461914,2658.751267,2613.161588,2658.751267,1308570,14,Asian Paints,ASIANPAINT.NS,Stock,Consumer Goods,https://1drv.ms/i/c/8705623eb284e7df/IQR9q3xMF-WOSJg76JgYgjx1AUHVbVF2v8vhKxkQU8rPlOs?width=1920&height=1920
03-02-2023,2677.568604,2680.963579,2618.981121,2624.461486,1278409,14,Asian Paints,ASIANPAINT.NS,Stock,Consumer Goods,https://1drv.ms/i/c/8705623eb284e7df/IQR9q3xMF-WOSJg76JgYgjx1AUHVbVF2v8vhKxkQU8rPlOs?width=1920&height=1920
06-02-2023,2671.554932,2682.030904,2636.441229,2677.568841,1120284,14,Asian Paints,ASIANPAINT.NS,Stock,Consumer Goods,https://1drv.ms/i/c/8705623eb284e7df/IQR9q3xMF-WOSJg76JgYgjx1AUHVbVF2v8vhKxkQU8rPlOs?width=1920&height=1920
07-02-2023,2675.289063,2691.245399,2665.68599,2679.120487,732250,14,Asian Paints,ASIANPAINT.NS,Stock,Consumer Goods,https://1drv.ms/i/c/8705623eb284e7df/IQR9q3xMF-WOSJg76JgYgjx1AUHVbVF2v8vhKxkQU8rPlOs?width=1920&height=1920
08-02-2023,2682.613037,2700.460816,2661.952137,2684.940926,811956,14,Asian Paints,ASIANPAINT.NS,Stock,Consumer Goods,https://1drv.ms/i/c/8705623eb284e7df/IQR9q3xMF-WOSJg76JgYgjx1AUHVbVF2v8vhKxkQU8rPlOs?width=1920&height=1920
09-02-2023,2730.142578,2735.720038,2683.146225,2698.472162,946372,14,Asian Paints,ASIANPAINT.NS,Stock,Consumer Goods,https://1drv.ms/i/c/8705623eb284e7df/IQR9q3xMF-WOSJg76JgYgjx1AUHVbVF2v8vhKxkQU8rPlOs?width=1920&height=1920
10-02-2023,2720.442383,2746.001556,2709.19037,2745.08011,700072,14,Asian Paints,ASIANPAINT.NS,Stock,Consumer Goods,https://1drv.ms/i/c/8705623eb284e7df/IQR9q3xMF-WOSJg76JgYgjx1AUHVbVF2v8vhKxkQU8rPlOs?width=1920&height=1920
13-02-2023,2707.008057,2744.11029,2696.580632,2730.045391,467228,14,Asian Paints,ASIANPAINT.NS,Stock,Consumer Goods,https://1drv.ms/i/c/8705623eb284e7df/IQR9q3xMF-WOSJg76JgYgjx1AUHVbVF2v8vhKxkQU8rPlOs?width=1920&height=1920
14-02-2023,2693.670654,2720.587961,2682.030738,2720.587961,524746,14,Asian Paints,ASIANPAINT.NS,Stock,Consumer Goods,https://1drv.ms/i/c/8705623eb284e7df/IQR9q3xMF-WOSJg76JgYgjx1AUHVbVF2v8vhKxkQU8rPlOs?width=1920&height=1920
15-02-2023,2702.545898,2714.331455,2671.360718,2693.670557,817717,14,Asian Paints,ASIANPAINT.NS,Stock,Consumer Goods,https://1drv.ms/i/c/8705623eb284e7df/IQR9q3xMF-WOSJg76JgYgjx1AUHVbVF2v8vhKxkQU8rPlOs?width=1920&height=1920
16-02-2023,2721.751953,2749.299898,2706.377705,2713.070563,788964,14,Asian Paints,ASIANPAINT.NS,Stock,Consumer Goods,https://1drv.ms/i/c/8705623eb284e7df/IQR9q3xMF-WOSJg76JgYgjx1AUHVbVF2v8vhKxkQU8rPlOs?width=1920&height=1920
17-02-2023,2748.57251,2760.454925,2701.915747,2718.84208,840526,14,Asian Paints,ASIANPAINT.NS,Stock,Consumer Goods,https://1drv.ms/i/c/8705623eb284e7df/IQR9q3xMF-WOSJg76JgYgjx1AUHVbVF2v8vhKxkQU8rPlOs?width=1920&height=1920
20-02-2023,2740.76416,2766.420431,2727.7178,2759.630479,646218,14,Asian Paints,ASIANPAINT.NS,Stock,Consumer Goods,https://1drv.ms/i/c/8705623eb284e7df/IQR9q3xMF-WOSJg76JgYgjx1AUHVbVF2v8vhKxkQU8rPlOs?width=1920&height=1920
21-02-2023,2732.567383,2753.51909,2720.830373,2751.870149,631934,14,Asian Paints,ASIANPAINT.NS,Stock,Consumer Goods,https://1drv.ms/i/c/8705623eb284e7df/IQR9q3xMF-WOSJg76JgYgjx1AUHVbVF2v8vhKxkQU8rPlOs?width=1920&height=1920
22-02-2023,2712.052002,2729.511877,2696.58066,2725.631905,580270,14,Asian Paints,ASIANPAINT.NS,Stock,Consumer Goods,https://1drv.ms/i/c/8705623eb284e7df/IQR9q3xMF-WOSJg76JgYgjx1AUHVbVF2v8vhKxkQU8rPlOs?width=1920&height=1920
23-02-2023,2624.752686,2721.364089,2619.078368,2720.830546,1790570,14,Asian Paints,ASIANPAINT.NS,Stock,Consumer Goods,https://1drv.ms/i/c/8705623eb284e7df/IQR9q3xMF-WOSJg76JgYgjx1AUHVbVF2v8vhKxkQU8rPlOs?width=1920&height=1920
24-02-2023,2656.325684,2679.120518,2628.680885,2630.717965,1429040,14,Asian Paints,ASIANPAINT.NS,Stock,Consumer Goods,https://1drv.ms/i/c/8705623eb284e7df/IQR9q3xMF-WOSJg76JgYgjx1AUHVbVF2v8vhKxkQU8rPlOs?width=1920&height=1920
27-02-2023,2667.383789,2675.871228,2643.279604,2658.168855,561317,14,Asian Paints,ASIANPAINT.NS,Stock,Consumer Goods,https://1drv.ms/i/c/8705623eb284e7df/IQR9q3xMF-WOSJg76JgYgjx1AUHVbVF2v8vhKxkQU8rPlOs?width=1920&height=1920
28-02-2023,2743.916504,2753.810386,2645.607609,2667.481001,1815923,14,Asian Paints,ASIANPAINT.NS,Stock,Consumer Goods,https://1drv.ms/i/c/8705623eb284e7df/IQR9q3xMF-WOSJg76JgYgjx1AUHVbVF2v8vhKxkQU8rPlOs?width=1920&height=1920
01-03-2023,2755.653076,2767.681132,2731.548892,2743.140261,816598,14,Asian Paints,ASIANPAINT.NS,Stock,Consumer Goods,https://1drv.ms/i/c/8705623eb284e7df/IQR9q3xMF-WOSJg76JgYgjx1AUHVbVF2v8vhKxkQU8rPlOs?width=1920&height=1920
02-03-2023,2748.863281,2763.510271,2726.650535,2746.050396,604523,14,Asian Paints,ASIANPAINT.NS,Stock,Consumer Goods,https://1drv.ms/i/c/8705623eb284e7df/IQR9q3xMF-WOSJg76JgYgjx1AUHVbVF2v8vhKxkQU8rPlOs?width=1920&height=1920
03-03-2023,2743.964844,2766.420087,2726.310781,2751.918739,679295,14,Asian Paints,ASIANPAINT.NS,Stock,Consumer Goods,https://1drv.ms/i/c/8705623eb284e7df/IQR9q3xMF-WOSJg76JgYgjx1AUHVbVF2v8vhKxkQU8rPlOs?width=1920&height=1920
06-03-2023,2778.59375,2797.460068,2745.32294,2757.690352,1050267,14,Asian Paints,ASIANPAINT.NS,Stock,Consumer Goods,https://1drv.ms/i/c/8705623eb284e7df/IQR9q3xMF-WOSJg76JgYgjx1AUHVbVF2v8vhKxkQU8rPlOs?width=1920&height=1920
08-03-2023,2773.743652,2783.880032,2742.170331,2783.880032,580250,14,Asian Paints,ASIANPAINT.NS,Stock,Consumer Goods,https://1drv.ms/i/c/8705623eb284e7df/IQR9q3xMF-WOSJg76JgYgjx1AUHVbVF2v8vhKxkQU8rPlOs?width=1920&height=1920
09-03-2023,2767.923828,2786.256603,2751.724991,2776.120222,774224,14,Asian Paints,ASIANPAINT.NS,Stock,Consumer Goods,https://1drv.ms/i/c/8705623eb284e7df/IQR9q3xMF-WOSJg76JgYgjx1AUHVbVF2v8vhKxkQU8rPlOs?width=1920&height=1920
10-03-2023,2745.27417,2758.660121,2722.770379,2758.660121,489978,14,Asian Paints,ASIANPAINT.NS,Stock,Consumer Goods,https://1drv.ms/i/c/8705623eb284e7df/IQR9q3xMF-WOSJg76JgYgjx1AUHVbVF2v8vhKxkQU8rPlOs?width=1920&height=1920
13-03-2023,2700.654541,2763.946586,2689.014625,2738.775314,813217,14,Asian Paints,ASIANPAINT.NS,Stock,Consumer Goods,https://1drv.ms/i/c/8705623eb284e7df/IQR9q3xMF-WOSJg76JgYgjx1AUHVbVF2v8vhKxkQU8rPlOs?width=1920&height=1920
14-03-2023,2663.213135,2703.322207,2657.829626,2699.442235,1060450,14,Asian Paints,ASIANPAINT.NS,Stock,Consumer Goods,https://1drv.ms/i/c/8705623eb284e7df/IQR9q3xMF-WOSJg76JgYgjx1AUHVbVF2v8vhKxkQU8rPlOs?width=1920&height=1920
15-03-2023,2742.558105,2780.339522,2682.224588,2689.014539,2170346,14,Asian Paints,ASIANPAINT.NS,Stock,Consumer Goods,https://1drv.ms/i/c/8705623eb284e7df/IQR9q3xMF-WOSJg76JgYgjx1AUHVbVF2v8vhKxkQU8rPlOs?width=1920&height=1920
16-03-2023,2806.432373,2812.979826,2743.819275,2764.480174,1755487,14,Asian Paints,ASIANPAINT.NS,Stock,Consumer Goods,https://1drv.ms/i/c/8705623eb284e7df/IQR9q3xMF-WOSJg76JgYgjx1AUHVbVF2v8vhKxkQU8rPlOs?width=1920&height=1920
17-03-2023,2776.750488,2836.211109,2769.378683,2836.211109,1848073,14,Asian Paints,ASIANPAINT.NS,Stock,Consumer Goods,https://1drv.ms/i/c/8705623eb284e7df/IQR9q3xMF-WOSJg76JgYgjx1AUHVbVF2v8vhKxkQU8rPlOs?width=1920&height=1920
20-03-2023,2769.47583,2827.530014,2746.099137,2827.530014,1074367,14,Asian Paints,ASIANPAINT.NS,Stock,Consumer Goods,https://1drv.ms/i/c/8705623eb284e7df/IQR9q3xMF-WOSJg76JgYgjx1AUHVbVF2v8vhKxkQU8rPlOs?width=1920&height=1920
21-03-2023,2753.907227,2800.369797,2749.930161,2772.385404,691891,14,Asian Paints,ASIANPAINT.NS,Stock,Consumer Goods,https://1drv.ms/i/c/8705623eb284e7df/IQR9q3xMF-WOSJg76JgYgjx1AUHVbVF2v8vhKxkQU8rPlOs?width=1920&height=1920
22-03-2023,2754.634521,2767.535238,2730.384698,2740.230032,731807,14,Asian Paints,ASIANPAINT.NS,Stock,Consumer Goods,https://1drv.ms/i/c/8705623eb284e7df/IQR9q3xMF-WOSJg76JgYgjx1AUHVbVF2v8vhKxkQU8rPlOs?width=1920&height=1920
23-03-2023,2713.84668,2738.290458,2684.69834,2732.567593,1016581,14,Asian Paints,ASIANPAINT.NS,Stock,Consumer Goods,https://1drv.ms/i/c/8705623eb284e7df/IQR9q3xMF-WOSJg76JgYgjx1AUHVbVF2v8vhKxkQU8rPlOs?width=1920&height=1920
24-03-2023,2714.525391,2731.160676,2689.645165,2713.846443,784111,14,Asian Paints,ASIANPAINT.NS,Stock,Consumer Goods,https://1drv.ms/i/c/8705623eb284e7df/IQR9q3xMF-WOSJg76JgYgjx1AUHVbVF2v8vhKxkQU8rPlOs?width=1920&height=1920
27-03-2023,2719.61792,2735.380306,2702.88554,2714.525457,791560,14,Asian Paints,ASIANPAINT.NS,Stock,Consumer Goods,https://1drv.ms/i/c/8705623eb284e7df/IQR9q3xMF-WOSJg76JgYgjx1AUHVbVF2v8vhKxkQU8rPlOs?width=1920&height=1920
28-03-2023,2700.897217,2726.262678,2682.030899,2707.250719,558581,14,Asian Paints,ASIANPAINT.NS,Stock,Consumer Goods,https://1drv.ms/i/c/8705623eb284e7df/IQR9q3xMF-WOSJg76JgYgjx1AUHVbVF2v8vhKxkQU8rPlOs?width=1920&height=1920
29-03-2023,2687.365479,2709.917815,2672.330588,2700.896833,1087648,14,Asian Paints,ASIANPAINT.NS,Stock,Consumer Goods,https://1drv.ms/i/c/8705623eb284e7df/IQR9q3xMF-WOSJg76JgYgjx1AUHVbVF2v8vhKxkQU8rPlOs?width=1920&height=1920
31-03-2023,2678.78125,2691.730752,2665.055943,2673.349431,1967803,14,Asian Paints,ASIANPAINT.NS,Stock,Consumer Goods,https://1drv.ms/i/c/8705623eb284e7df/IQR9q3xMF-WOSJg76JgYgjx1AUHVbVF2v8vhKxkQU8rPlOs?width=1920&height=1920
03-04-2023,2693.670654,2698.181027,2627.371536,2664.522316,1035295,14,Asian Paints,ASIANPAINT.NS,Stock,Consumer Goods,https://1drv.ms/i/c/8705623eb284e7df/IQR9q3xMF-WOSJg76JgYgjx1AUHVbVF2v8vhKxkQU8rPlOs?width=1920&height=1920
05-04-2023,2724.22583,2727.184357,2669.663714,2677.181161,668643,14,Asian Paints,ASIANPAINT.NS,Stock,Consumer Goods,https://1drv.ms/i/c/8705623eb284e7df/IQR9q3xMF-WOSJg76JgYgjx1AUHVbVF2v8vhKxkQU8rPlOs?width=1920&height=1920
06-04-2023,2725.535156,2740.230457,2703.176768,2723.207031,627554,14,Asian Paints,ASIANPAINT.NS,Stock,Consumer Goods,https://1drv.ms/i/c/8705623eb284e7df/IQR9q3xMF-WOSJg76JgYgjx1AUHVbVF2v8vhKxkQU8rPlOs?width=1920&height=1920
10-04-2023,2693.040283,2725.680454,2672.427931,2725.680454,1215461,14,Asian Paints,ASIANPAINT.NS,Stock,Consumer Goods,https://1drv.ms/i/c/8705623eb284e7df/IQR9q3xMF-WOSJg76JgYgjx1AUHVbVF2v8vhKxkQU8rPlOs?width=1920&height=1920
11-04-2023,2671.166992,2706.280694,2667.529518,2706.280694,1246379,14,Asian Paints,ASIANPAINT.NS,Stock,Consumer Goods,https://1drv.ms/i/c/8705623eb284e7df/IQR9q3xMF-WOSJg76JgYgjx1AUHVbVF2v8vhKxkQU8rPlOs?width=1920&height=1920
12-04-2023,2703.128174,2721.994492,2668.450922,2672.864438,2235399,14,Asian Paints,ASIANPAINT.NS,Stock,Consumer Goods,https://1drv.ms/i/c/8705623eb284e7df/IQR9q3xMF-WOSJg76JgYgjx1AUHVbVF2v8vhKxkQU8rPlOs?width=1920&height=1920
13-04-2023,2725.437988,2728.881511,2698.520681,2703.079601,602597,14,Asian Paints,ASIANPAINT.NS,Stock,Consumer Goods,https://1drv.ms/i/c/8705623eb284e7df/IQR9q3xMF-WOSJg76JgYgjx1AUHVbVF2v8vhKxkQU8rPlOs?width=1920&height=1920
17-04-2023,2757.787598,2760.212581,2721.800757,2740.230627,754555,14,Asian Paints,ASIANPAINT.NS,Stock,Consumer Goods,https://1drv.ms/i/c/8705623eb284e7df/IQR9q3xMF-WOSJg76JgYgjx1AUHVbVF2v8vhKxkQU8rPlOs?width=1920&height=1920
18-04-2023,2768.942139,2772.67647,2745.17731,2762.54009,717724,14,Asian Paints,ASIANPAINT.NS,Stock,Consumer Goods,https://1drv.ms/i/c/8705623eb284e7df/IQR9q3xMF-WOSJg76JgYgjx1AUHVbVF2v8vhKxkQU8rPlOs?width=1920&height=1920
19-04-2023,2725.389404,2767.099105,2716.61092,2751.239861,799624,14,Asian Paints,ASIANPAINT.NS,Stock,Consumer Goods,https://1drv.ms/i/c/8705623eb284e7df/IQR9q3xMF-WOSJg76JgYgjx1AUHVbVF2v8vhKxkQU8rPlOs?width=1920&height=1920
20-04-2023,2758.514648,2765.450004,2728.735674,2735.380221,761101,14,Asian Paints,ASIANPAINT.NS,Stock,Consumer Goods,https://1drv.ms/i/c/8705623eb284e7df/IQR9q3xMF-WOSJg76JgYgjx1AUHVbVF2v8vhKxkQU8rPlOs?width=1920&height=1920
21-04-2023,2795.617188,2800.370059,2761.667429,2761.667429,894930,14,Asian Paints,ASIANPAINT.NS,Stock,Consumer Goods,https://1drv.ms/i/c/8705623eb284e7df/IQR9q3xMF-WOSJg76JgYgjx1AUHVbVF2v8vhKxkQU8rPlOs?width=1920&height=1920
24-04-2023,2804.346924,2811.039781,2766.420102,2795.616987,782967,14,Asian Paints,ASIANPAINT.NS,Stock,Consumer Goods,https://1drv.ms/i/c/8705623eb284e7df/IQR9q3xMF-WOSJg76JgYgjx1AUHVbVF2v8vhKxkQU8rPlOs?width=1920&height=1920
25-04-2023,2811.039795,2814.677269,2778.205436,2804.298391,636120,14,Asian Paints,ASIANPAINT.NS,Stock,Consumer Goods,https://1drv.ms/i/c/8705623eb284e7df/IQR9q3xMF-WOSJg76JgYgjx1AUHVbVF2v8vhKxkQU8rPlOs?width=1920&height=1920
26-04-2023,2822.679932,2828.93634,2801.38863,2810.021474,569221,14,Asian Paints,ASIANPAINT.NS,Stock,Consumer Goods,https://1drv.ms/i/c/8705623eb284e7df/IQR9q3xMF-WOSJg76JgYgjx1AUHVbVF2v8vhKxkQU8rPlOs?width=1920&height=1920
27-04-2023,2812.931396,2832.379805,2807.014581,2828.014836,599461,14,Asian Paints,ASIANPAINT.NS,Stock,Consumer Goods,https://1drv.ms/i/c/8705623eb284e7df/IQR9q3xMF-WOSJg76JgYgjx1AUHVbVF2v8vhKxkQU8rPlOs?width=1920&height=1920
28-04-2023,2815.259277,2832.331012,2761.182168,2832.331012,1080665,14,Asian Paints,ASIANPAINT.NS,Stock,Consumer Goods,https://1drv.ms/i/c/8705623eb284e7df/IQR9q3xMF-WOSJg76JgYgjx1AUHVbVF2v8vhKxkQU8rPlOs?width=1920&height=1920
02-05-2023,2812.543213,2845.668379,2806.189711,2823.601038,663800,14,Asian Paints,ASIANPAINT.NS,Stock,Consumer Goods,https://1drv.ms/i/c/8705623eb284e7df/IQR9q3xMF-WOSJg76JgYgjx1AUHVbVF2v8vhKxkQU8rPlOs?width=1920&height=1920
03-05-2023,2841.788574,2873.507299,2810.069849,2830.439703,1237193,14,Asian Paints,ASIANPAINT.NS,Stock,Consumer Goods,https://1drv.ms/i/c/8705623eb284e7df/IQR9q3xMF-WOSJg76JgYgjx1AUHVbVF2v8vhKxkQU8rPlOs?width=1920&height=1920
04-05-2023,2893.34375,2896.544537,2834.464985,2859.539399,1008540,14,Asian Paints,ASIANPAINT.NS,Stock,Consumer Goods,https://1drv.ms/i/c/8705623eb284e7df/IQR9q3xMF-WOSJg76JgYgjx1AUHVbVF2v8vhKxkQU8rPlOs?width=1920&height=1920
05-05-2023,2922.540527,2934.228991,2862.498052,2881.849366,1326561,14,Asian Paints,ASIANPAINT.NS,Stock,Consumer Goods,https://1drv.ms/i/c/8705623eb284e7df/IQR9q3xMF-WOSJg76JgYgjx1AUHVbVF2v8vhKxkQU8rPlOs?width=1920&height=1920
08-05-2023,2928.845215,2944.607601,2903.188948,2924.528794,941879,14,Asian Paints,ASIANPAINT.NS,Stock,Consumer Goods,https://1drv.ms/i/c/8705623eb284e7df/IQR9q3xMF-WOSJg76JgYgjx1AUHVbVF2v8vhKxkQU8rPlOs?width=1920&height=1920
09-05-2023,2943.734863,2982.534584,2920.406484,2925.547494,1025850,14,Asian Paints,ASIANPAINT.NS,Stock,Consumer Goods,https://1drv.ms/i/c/8705623eb284e7df/IQR9q3xMF-WOSJg76JgYgjx1AUHVbVF2v8vhKxkQU8rPlOs?width=1920&height=1920
10-05-2023,2950.136719,2965.268705,2928.311875,2951.640255,751851,14,Asian Paints,ASIANPAINT.NS,Stock,Consumer Goods,https://1drv.ms/i/c/8705623eb284e7df/IQR9q3xMF-WOSJg76JgYgjx1AUHVbVF2v8vhKxkQU8rPlOs?width=1920&height=1920
11-05-2023,3045.535889,3061.443681,2940.534134,2960.46754,3229605,14,Asian Paints,ASIANPAINT.NS,Stock,Consumer Goods,https://1drv.ms/i/c/8705623eb284e7df/IQR9q3xMF-WOSJg76JgYgjx1AUHVbVF2v8vhKxkQU8rPlOs?width=1920&height=1920
12-05-2023,3037.145264,3084.33533,2993.398483,3044.808114,1998170,14,Asian Paints,ASIANPAINT.NS,Stock,Consumer Goods,https://1drv.ms/i/c/8705623eb284e7df/IQR9q3xMF-WOSJg76JgYgjx1AUHVbVF2v8vhKxkQU8rPlOs?width=1920&height=1920
15-05-2023,3038.018066,3072.937814,3027.39669,3040.152004,810281,14,Asian Paints,ASIANPAINT.NS,Stock,Consumer Goods,https://1drv.ms/i/c/8705623eb284e7df/IQR9q3xMF-WOSJg76JgYgjx1AUHVbVF2v8vhKxkQU8rPlOs?width=1920&height=1920
16-05-2023,3043.935303,3070.706969,3028.657912,3038.01825,822404,14,Asian Paints,ASIANPAINT.NS,Stock,Consumer Goods,https://1drv.ms/i/c/8705623eb284e7df/IQR9q3xMF-WOSJg76JgYgjx1AUHVbVF2v8vhKxkQU8rPlOs?width=1920&height=1920
17-05-2023,2999.655029,3053.489645,2983.262241,3041.898275,835371,14,Asian Paints,ASIANPAINT.NS,Stock,Consumer Goods,https://1drv.ms/i/c/8705623eb284e7df/IQR9q3xMF-WOSJg76JgYgjx1AUHVbVF2v8vhKxkQU8rPlOs?width=1920&height=1920
18-05-2023,3015.756836,3031.228177,3000.430899,3012.458718,498067,14,Asian Paints,ASIANPAINT.NS,Stock,Consumer Goods,https://1drv.ms/i/c/8705623eb284e7df/IQR9q3xMF-WOSJg76JgYgjx1AUHVbVF2v8vhKxkQU8rPlOs?width=1920&height=1920
19-05-2023,2991.89502,3034.089717,2975.987228,3030.258292,633262,14,Asian Paints,ASIANPAINT.NS,Stock,Consumer Goods,https://1drv.ms/i/c/8705623eb284e7df/IQR9q3xMF-WOSJg76JgYgjx1AUHVbVF2v8vhKxkQU8rPlOs?width=1920&height=1920
22-05-2023,2992.331543,3012.410589,2954.598907,2977.878741,659425,14,Asian Paints,ASIANPAINT.NS,Stock,Consumer Goods,https://1drv.ms/i/c/8705623eb284e7df/IQR9q3xMF-WOSJg76JgYgjx1AUHVbVF2v8vhKxkQU8rPlOs?width=1920&height=1920
23-05-2023,3026.960449,3034.089756,2992.428601,2994.368588,581204,14,Asian Paints,ASIANPAINT.NS,Stock,Consumer Goods,https://1drv.ms/i/c/8705623eb284e7df/IQR9q3xMF-WOSJg76JgYgjx1AUHVbVF2v8vhKxkQU8rPlOs?width=1920&height=1920
24-05-2023,3008.433105,3039.133287,3005.03813,3021.52801,439465,14,Asian Paints,ASIANPAINT.NS,Stock,Consumer Goods,https://1drv.ms/i/c/8705623eb284e7df/IQR9q3xMF-WOSJg76JgYgjx1AUHVbVF2v8vhKxkQU8rPlOs?width=1920&height=1920
25-05-2023,3029.821777,3035.108192,2993.398492,3008.433384,500313,14,Asian Paints,ASIANPAINT.NS,Stock,Consumer Goods,https://1drv.ms/i/c/8705623eb284e7df/IQR9q3xMF-WOSJg76JgYgjx1AUHVbVF2v8vhKxkQU8rPlOs?width=1920&height=1920
26-05-2023,3034.526123,3042.819611,3018.375834,3029.288255,568249,14,Asian Paints,ASIANPAINT.NS,Stock,Consumer Goods,https://1drv.ms/i/c/8705623eb284e7df/IQR9q3xMF-WOSJg76JgYgjx1AUHVbVF2v8vhKxkQU8rPlOs?width=1920&height=1920
29-05-2023,3043.255859,3060.32783,3022.546651,3052.761838,535712,14,Asian Paints,ASIANPAINT.NS,Stock,Consumer Goods,https://1drv.ms/i/c/8705623eb284e7df/IQR9q3xMF-WOSJg76JgYgjx1AUHVbVF2v8vhKxkQU8rPlOs?width=1920&height=1920
30-05-2023,3050.045654,3060.327674,3033.701416,3052.470637,506026,14,Asian Paints,ASIANPAINT.NS,Stock,Consumer Goods,https://1drv.ms/i/c/8705623eb284e7df/IQR9q3xMF-WOSJg76JgYgjx1AUHVbVF2v8vhKxkQU8rPlOs?width=1920&height=1920
31-05-2023,3097.139404,3122.747364,3042.334794,3057.369687,2349066,14,Asian Paints,ASIANPAINT.NS,Stock,Consumer Goods,https://1drv.ms/i/c/8705623eb284e7df/IQR9q3xMF-WOSJg76JgYgjx1AUHVbVF2v8vhKxkQU8rPlOs?width=1920&height=1920
01-06-2023,3143.456543,3152.380432,3110.767823,3138.267222,1104861,14,Asian Paints,ASIANPAINT.NS,Stock,Consumer Goods,https://1drv.ms/i/c/8705623eb284e7df/IQR9q3xMF-WOSJg76JgYgjx1AUHVbVF2v8vhKxkQU8rPlOs?width=1920&height=1920
02-06-2023,3140.109863,3152.428727,3122.407491,3142.195254,781973,14,Asian Paints,ASIANPAINT.NS,Stock,Consumer Goods,https://1drv.ms/i/c/8705623eb284e7df/IQR9q3xMF-WOSJg76JgYgjx1AUHVbVF2v8vhKxkQU8rPlOs?width=1920&height=1920
05-06-2023,3103.735352,3142.729026,3099.127884,3142.729026,492565,14,Asian Paints,ASIANPAINT.NS,Stock,Consumer Goods,https://1drv.ms/i/c/8705623eb284e7df/IQR9q3xMF-WOSJg76JgYgjx1AUHVbVF2v8vhKxkQU8rPlOs?width=1920&height=1920
06-06-2023,3116.345215,3141.710439,3099.127838,3111.49525,577698,14,Asian Paints,ASIANPAINT.NS,Stock,Consumer Goods,https://1drv.ms/i/c/8705623eb284e7df/IQR9q3xMF-WOSJg76JgYgjx1AUHVbVF2v8vhKxkQU8rPlOs?width=1920&height=1920
07-06-2023,3128.03418,3132.350602,3110.040758,3120.468185,470038,14,Asian Paints,ASIANPAINT.NS,Stock,Consumer Goods,https://1drv.ms/i/c/8705623eb284e7df/IQR9q3xMF-WOSJg76JgYgjx1AUHVbVF2v8vhKxkQU8rPlOs?width=1920&height=1920
08-06-2023,3115.859863,3149.567118,3097.187499,3123.377309,561161,14,Asian Paints,ASIANPAINT.NS,Stock,Consumer Goods,https://1drv.ms/i/c/8705623eb284e7df/IQR9q3xMF-WOSJg76JgYgjx1AUHVbVF2v8vhKxkQU8rPlOs?width=1920&height=1920
09-06-2023,3105.65625,3162.632114,3093.938819,3134.217487,1239045,14,Asian Paints,ASIANPAINT.NS,Stock,Consumer Goods,https://1drv.ms/i/c/8705623eb284e7df/IQR9q3xMF-WOSJg76JgYgjx1AUHVbVF2v8vhKxkQU8rPlOs?width=1920&height=1920
12-06-2023,3119.521729,3126.942863,3076.948303,3110.196559,1029156,14,Asian Paints,ASIANPAINT.NS,Stock,Consumer Goods,https://1drv.ms/i/c/8705623eb284e7df/IQR9q3xMF-WOSJg76JgYgjx1AUHVbVF2v8vhKxkQU8rPlOs?width=1920&height=1920
13-06-2023,3186.018311,3194.952756,3129.676807,3134.412698,1598821,14,Asian Paints,ASIANPAINT.NS,Stock,Consumer Goods,https://1drv.ms/i/c/8705623eb284e7df/IQR9q3xMF-WOSJg76JgYgjx1AUHVbVF2v8vhKxkQU8rPlOs?width=1920&height=1920
14-06-2023,3193.195313,3212.431381,3176.400375,3188.117807,741615,14,Asian Paints,ASIANPAINT.NS,Stock,Consumer Goods,https://1drv.ms/i/c/8705623eb284e7df/IQR9q3xMF-WOSJg76JgYgjx1AUHVbVF2v8vhKxkQU8rPlOs?width=1920&height=1920
15-06-2023,3216.776611,3226.199283,3196.271107,3198.858611,806994,14,Asian Paints,ASIANPAINT.NS,Stock,Consumer Goods,https://1drv.ms/i/c/8705623eb284e7df/IQR9q3xMF-WOSJg76JgYgjx1AUHVbVF2v8vhKxkQU8rPlOs?width=1920&height=1920
16-06-2023,3238.746826,3243.775462,3209.160265,3214.237771,984671,14,Asian Paints,ASIANPAINT.NS,Stock,Consumer Goods,https://1drv.ms/i/c/8705623eb284e7df/IQR9q3xMF-WOSJg76JgYgjx1AUHVbVF2v8vhKxkQU8rPlOs?width=1920&height=1920
19-06-2023,3231.764893,3266.184844,3225.466821,3240.699576,516915,14,Asian Paints,ASIANPAINT.NS,Stock,Consumer Goods,https://1drv.ms/i/c/8705623eb284e7df/IQR9q3xMF-WOSJg76JgYgjx1AUHVbVF2v8vhKxkQU8rPlOs?width=1920&height=1920
20-06-2023,3240.553223,3248.511454,3199.932937,3236.940396,866290,14,Asian Paints,ASIANPAINT.NS,Stock,Consumer Goods,https://1drv.ms/i/c/8705623eb284e7df/IQR9q3xMF-WOSJg76JgYgjx1AUHVbVF2v8vhKxkQU8rPlOs?width=1920&height=1920
21-06-2023,3238.014648,3254.516602,3222.293666,3240.553282,742456,14,Asian Paints,ASIANPAINT.NS,Stock,Consumer Goods,https://1drv.ms/i/c/8705623eb284e7df/IQR9q3xMF-WOSJg76JgYgjx1AUHVbVF2v8vhKxkQU8rPlOs?width=1920&height=1920
22-06-2023,3171.566895,3248.511407,3166.098665,3246.704874,871640,14,Asian Paints,ASIANPAINT.NS,Stock,Consumer Goods,https://1drv.ms/i/c/8705623eb284e7df/IQR9q3xMF-WOSJg76JgYgjx1AUHVbVF2v8vhKxkQU8rPlOs?width=1920&height=1920
23-06-2023,3220.047607,3226.345679,3176.449095,3188.117656,1260659,14,Asian Paints,ASIANPAINT.NS,Stock,Consumer Goods,https://1drv.ms/i/c/8705623eb284e7df/IQR9q3xMF-WOSJg76JgYgjx1AUHVbVF2v8vhKxkQU8rPlOs?width=1920&height=1920
26-06-2023,3230.251465,3237.282114,3194.366833,3217.411209,592801,14,Asian Paints,ASIANPAINT.NS,Stock,Consumer Goods,https://1drv.ms/i/c/8705623eb284e7df/IQR9q3xMF-WOSJg76JgYgjx1AUHVbVF2v8vhKxkQU8rPlOs?width=1920&height=1920
27-06-2023,3247.681152,3265.745524,3196.271021,3197.882073,914141,14,Asian Paints,ASIANPAINT.NS,Stock,Consumer Goods,https://1drv.ms/i/c/8705623eb284e7df/IQR9q3xMF-WOSJg76JgYgjx1AUHVbVF2v8vhKxkQU8rPlOs?width=1920&height=1920
28-06-2023,3269.406982,3276.24215,3245.239784,3252.563177,713110,14,Asian Paints,ASIANPAINT.NS,Stock,Consumer Goods,https://1drv.ms/i/c/8705623eb284e7df/IQR9q3xMF-WOSJg76JgYgjx1AUHVbVF2v8vhKxkQU8rPlOs?width=1920&height=1920
30-06-2023,3282.882568,3368.371043,3265.013438,3274.045624,1436363,14,Asian Paints,ASIANPAINT.NS,Stock,Consumer Goods,https://1drv.ms/i/c/8705623eb284e7df/IQR9q3xMF-WOSJg76JgYgjx1AUHVbVF2v8vhKxkQU8rPlOs?width=1920&height=1920
03-07-2023,3279.611084,3300.3607,3258.617354,3285.762783,474224,14,Asian Paints,ASIANPAINT.NS,Stock,Consumer Goods,https://1drv.ms/i/c/8705623eb284e7df/IQR9q3xMF-WOSJg76JgYgjx1AUHVbVF2v8vhKxkQU8rPlOs?width=1920&height=1920
04-07-2023,3268.870361,3307.244997,3252.56365,3279.61134,473663,14,Asian Paints,ASIANPAINT.NS,Stock,Consumer Goods,https://1drv.ms/i/c/8705623eb284e7df/IQR9q3xMF-WOSJg76JgYgjx1AUHVbVF2v8vhKxkQU8rPlOs?width=1920&height=1920
05-07-2023,3294.941406,3319.938687,3262.083873,3272.434366,632406,14,Asian Paints,ASIANPAINT.NS,Stock,Consumer Goods,https://1drv.ms/i/c/8705623eb284e7df/IQR9q3xMF-WOSJg76JgYgjx1AUHVbVF2v8vhKxkQU8rPlOs?width=1920&height=1920
06-07-2023,3319.352295,3329.702786,3288.496541,3329.702786,693995,14,Asian Paints,ASIANPAINT.NS,Stock,Consumer Goods,https://1drv.ms/i/c/8705623eb284e7df/IQR9q3xMF-WOSJg76JgYgjx1AUHVbVF2v8vhKxkQU8rPlOs?width=1920&height=1920
07-07-2023,3264.964355,3333.609018,3258.568544,3305.291894,620761,14,Asian Paints,ASIANPAINT.NS,Stock,Consumer Goods,https://1drv.ms/i/c/8705623eb284e7df/IQR9q3xMF-WOSJg76JgYgjx1AUHVbVF2v8vhKxkQU8rPlOs?width=1920&height=1920
10-07-2023,3264.427246,3292.646868,3216.385828,3266.233779,548838,14,Asian Paints,ASIANPAINT.NS,Stock,Consumer Goods,https://1drv.ms/i/c/8705623eb284e7df/IQR9q3xMF-WOSJg76JgYgjx1AUHVbVF2v8vhKxkQU8rPlOs?width=1920&height=1920
11-07-2023,3312.663818,3319.889471,3266.233457,3271.066848,772158,14,Asian Paints,ASIANPAINT.NS,Stock,Consumer Goods,https://1drv.ms/i/c/8705623eb284e7df/IQR9q3xMF-WOSJg76JgYgjx1AUHVbVF2v8vhKxkQU8rPlOs?width=1920&height=1920
12-07-2023,3326.529785,3333.999552,3283.077646,3327.750351,1025127,14,Asian Paints,ASIANPAINT.NS,Stock,Consumer Goods,https://1drv.ms/i/c/8705623eb284e7df/IQR9q3xMF-WOSJg76JgYgjx1AUHVbVF2v8vhKxkQU8rPlOs?width=1920&height=1920
13-07-2023,3318.522705,3344.349826,3304.657127,3344.349826,750126,14,Asian Paints,ASIANPAINT.NS,Stock,Consumer Goods,https://1drv.ms/i/c/8705623eb284e7df/IQR9q3xMF-WOSJg76JgYgjx1AUHVbVF2v8vhKxkQU8rPlOs?width=1920&height=1920
14-07-2023,3348.988037,3358.020223,3307.244692,3318.522766,832843,14,Asian Paints,ASIANPAINT.NS,Stock,Consumer Goods,https://1drv.ms/i/c/8705623eb284e7df/IQR9q3xMF-WOSJg76JgYgjx1AUHVbVF2v8vhKxkQU8rPlOs?width=1920&height=1920
17-07-2023,3378.91626,3391.219657,3344.349935,3348.988085,817694,14,Asian Paints,ASIANPAINT.NS,Stock,Consumer Goods,https://1drv.ms/i/c/8705623eb284e7df/IQR9q3xMF-WOSJg76JgYgjx1AUHVbVF2v8vhKxkQU8rPlOs?width=1920&height=1920
18-07-2023,3430.717285,3440.042455,3374.229646,3378.525942,962485,14,Asian Paints,ASIANPAINT.NS,Stock,Consumer Goods,https://1drv.ms/i/c/8705623eb284e7df/IQR9q3xMF-WOSJg76JgYgjx1AUHVbVF2v8vhKxkQU8rPlOs?width=1920&height=1920
19-07-2023,3431.888672,3446.877313,3400.495819,3437.112788,620289,14,Asian Paints,ASIANPAINT.NS,Stock,Consumer Goods,https://1drv.ms/i/c/8705623eb284e7df/IQR9q3xMF-WOSJg76JgYgjx1AUHVbVF2v8vhKxkQU8rPlOs?width=1920&height=1920
20-07-2023,3442.971924,3451.759997,3412.653022,3427.397552,589848,14,Asian Paints,ASIANPAINT.NS,Stock,Consumer Goods,https://1drv.ms/i/c/8705623eb284e7df/IQR9q3xMF-WOSJg76JgYgjx1AUHVbVF2v8vhKxkQU8rPlOs?width=1920&height=1920
21-07-2023,3434.866943,3454.640107,3422.466044,3452.687202,857975,14,Asian Paints,ASIANPAINT.NS,Stock,Consumer Goods,https://1drv.ms/i/c/8705623eb284e7df/IQR9q3xMF-WOSJg76JgYgjx1AUHVbVF2v8vhKxkQU8rPlOs?width=1920&height=1920
24-07-2023,3460.254639,3483.982482,3416.119034,3423.442428,680246,14,Asian Paints,ASIANPAINT.NS,Stock,Consumer Goods,https://1drv.ms/i/c/8705623eb284e7df/IQR9q3xMF-WOSJg76JgYgjx1AUHVbVF2v8vhKxkQU8rPlOs?width=1920&height=1920
25-07-2023,3320.329102,3464.35585,3271.115989,3464.35585,2555630,14,Asian Paints,ASIANPAINT.NS,Stock,Consumer Goods,https://1drv.ms/i/c/8705623eb284e7df/IQR9q3xMF-WOSJg76JgYgjx1AUHVbVF2v8vhKxkQU8rPlOs?width=1920&height=1920
26-07-2023,3293.574463,3332.632565,3285.762842,3319.792309,959076,14,Asian Paints,ASIANPAINT.NS,Stock,Consumer Goods,https://1drv.ms/i/c/8705623eb284e7df/IQR9q3xMF-WOSJg76JgYgjx1AUHVbVF2v8vhKxkQU8rPlOs?width=1920&height=1920
27-07-2023,3290.059082,3333.608961,3272.092451,3310.1741,874078,14,Asian Paints,ASIANPAINT.NS,Stock,Consumer Goods,https://1drv.ms/i/c/8705623eb284e7df/IQR9q3xMF-WOSJg76JgYgjx1AUHVbVF2v8vhKxkQU8rPlOs?width=1920&height=1920
28-07-2023,3310.857666,3318.96227,3285.274656,3295.527408,553750,14,Asian Paints,ASIANPAINT.NS,Stock,Consumer Goods,https://1drv.ms/i/c/8705623eb284e7df/IQR9q3xMF-WOSJg76JgYgjx1AUHVbVF2v8vhKxkQU8rPlOs?width=1920&height=1920
31-07-2023,3297.822266,3308.22139,3244.898344,3244.947215,933890,14,Asian Paints,ASIANPAINT.NS,Stock,Consumer Goods,https://1drv.ms/i/c/8705623eb284e7df/IQR9q3xMF-WOSJg76JgYgjx1AUHVbVF2v8vhKxkQU8rPlOs?width=1920&height=1920
01-08-2023,3264.231934,3305.29181,3259.398541,3292.597927,698667,14,Asian Paints,ASIANPAINT.NS,Stock,Consumer Goods,https://1drv.ms/i/c/8705623eb284e7df/IQR9q3xMF-WOSJg76JgYgjx1AUHVbVF2v8vhKxkQU8rPlOs?width=1920&height=1920
02-08-2023,3283.712402,3292.549346,3252.221806,3262.523428,857218,14,Asian Paints,ASIANPAINT.NS,Stock,Consumer Goods,https://1drv.ms/i/c/8705623eb284e7df/IQR9q3xMF-WOSJg76JgYgjx1AUHVbVF2v8vhKxkQU8rPlOs?width=1920&height=1920
03-08-2023,3257.787598,3300.360786,3239.820727,3290.645131,711067,14,Asian Paints,ASIANPAINT.NS,Stock,Consumer Goods,https://1drv.ms/i/c/8705623eb284e7df/IQR9q3xMF-WOSJg76JgYgjx1AUHVbVF2v8vhKxkQU8rPlOs?width=1920&height=1920
04-08-2023,3261.009766,3293.867538,3244.751926,3259.545087,519248,14,Asian Paints,ASIANPAINT.NS,Stock,Consumer Goods,https://1drv.ms/i/c/8705623eb284e7df/IQR9q3xMF-WOSJg76JgYgjx1AUHVbVF2v8vhKxkQU8rPlOs?width=1920&height=1920
07-08-2023,3264.281006,3271.116174,3237.916786,3237.965656,360358,14,Asian Paints,ASIANPAINT.NS,Stock,Consumer Goods,https://1drv.ms/i/c/8705623eb284e7df/IQR9q3xMF-WOSJg76JgYgjx1AUHVbVF2v8vhKxkQU8rPlOs?width=1920&height=1920
08-08-2023,3269.212402,3280.832094,3254.174888,3264.281269,500258,14,Asian Paints,ASIANPAINT.NS,Stock,Consumer Goods,https://1drv.ms/i/c/8705623eb284e7df/IQR9q3xMF-WOSJg76JgYgjx1AUHVbVF2v8vhKxkQU8rPlOs?width=1920&height=1920
09-08-2023,3252.563232,3277.902127,3225.222563,3254.076781,643222,14,Asian Paints,ASIANPAINT.NS,Stock,Consumer Goods,https://1drv.ms/i/c/8705623eb284e7df/IQR9q3xMF-WOSJg76JgYgjx1AUHVbVF2v8vhKxkQU8rPlOs?width=1920&height=1920
10-08-2023,3161.655762,3241.822615,3153.941882,3232.058089,1253219,14,Asian Paints,ASIANPAINT.NS,Stock,Consumer Goods,https://1drv.ms/i/c/8705623eb284e7df/IQR9q3xMF-WOSJg76JgYgjx1AUHVbVF2v8vhKxkQU8rPlOs?width=1920&height=1920
11-08-2023,3110.343018,3172.445253,3105.118901,3161.655405,919023,14,Asian Paints,ASIANPAINT.NS,Stock,Consumer Goods,https://1drv.ms/i/c/8705623eb284e7df/IQR9q3xMF-WOSJg76JgYgjx1AUHVbVF2v8vhKxkQU8rPlOs?width=1920&height=1920
14-08-2023,3127.187256,3134.315169,3078.022771,3110.343448,815534,14,Asian Paints,ASIANPAINT.NS,Stock,Consumer Goods,https://1drv.ms/i/c/8705623eb284e7df/IQR9q3xMF-WOSJg76JgYgjx1AUHVbVF2v8vhKxkQU8rPlOs?width=1920&height=1920
16-08-2023,3118.838379,3133.289925,3102.092074,3119.668221,597686,14,Asian Paints,ASIANPAINT.NS,Stock,Consumer Goods,https://1drv.ms/i/c/8705623eb284e7df/IQR9q3xMF-WOSJg76JgYgjx1AUHVbVF2v8vhKxkQU8rPlOs?width=1920&height=1920
17-08-2023,3108.29248,3148.082921,3087.542864,3147.98518,873392,14,Asian Paints,ASIANPAINT.NS,Stock,Consumer Goods,https://1drv.ms/i/c/8705623eb284e7df/IQR9q3xMF-WOSJg76JgYgjx1AUHVbVF2v8vhKxkQU8rPlOs?width=1920&height=1920
18-08-2023,3089.056641,3110.489727,3080.707923,3100.139234,592652,14,Asian Paints,ASIANPAINT.NS,Stock,Consumer Goods,https://1drv.ms/i/c/8705623eb284e7df/IQR9q3xMF-WOSJg76JgYgjx1AUHVbVF2v8vhKxkQU8rPlOs?width=1920&height=1920
21-08-2023,3107.36499,3112.442496,3077.924803,3085.49231,353330,14,Asian Paints,ASIANPAINT.NS,Stock,Consumer Goods,https://1drv.ms/i/c/8705623eb284e7df/IQR9q3xMF-WOSJg76JgYgjx1AUHVbVF2v8vhKxkQU8rPlOs?width=1920&height=1920
22-08-2023,3104.826416,3123.281514,3096.331326,3123.281514,377068,14,Asian Paints,ASIANPAINT.NS,Stock,Consumer Goods,https://1drv.ms/i/c/8705623eb284e7df/IQR9q3xMF-WOSJg76JgYgjx1AUHVbVF2v8vhKxkQU8rPlOs?width=1920&height=1920
23-08-2023,3094.182861,3120.742323,3090.716407,3110.977797,370811,14,Asian Paints,ASIANPAINT.NS,Stock,Consumer Goods,https://1drv.ms/i/c/8705623eb284e7df/IQR9q3xMF-WOSJg76JgYgjx1AUHVbVF2v8vhKxkQU8rPlOs?width=1920&height=1920
24-08-2023,3149.645508,3156.773421,3096.233361,3110.001438,1167742,14,Asian Paints,ASIANPAINT.NS,Stock,Consumer Goods,https://1drv.ms/i/c/8705623eb284e7df/IQR9q3xMF-WOSJg76JgYgjx1AUHVbVF2v8vhKxkQU8rPlOs?width=1920&height=1920
25-08-2023,3182.551758,3188.11749,3140.466559,3148.961648,1363431,14,Asian Paints,ASIANPAINT.NS,Stock,Consumer Goods,https://1drv.ms/i/c/8705623eb284e7df/IQR9q3xMF-WOSJg76JgYgjx1AUHVbVF2v8vhKxkQU8rPlOs?width=1920&height=1920
28-08-2023,3182.942139,3194.952552,3154.96687,3188.068514,707315,14,Asian Paints,ASIANPAINT.NS,Stock,Consumer Goods,https://1drv.ms/i/c/8705623eb284e7df/IQR9q3xMF-WOSJg76JgYgjx1AUHVbVF2v8vhKxkQU8rPlOs?width=1920&height=1920
29-08-2023,3208.330322,3211.552664,3178.402145,3184.21199,533163,14,Asian Paints,ASIANPAINT.NS,Stock,Consumer Goods,https://1drv.ms/i/c/8705623eb284e7df/IQR9q3xMF-WOSJg76JgYgjx1AUHVbVF2v8vhKxkQU8rPlOs?width=1920&height=1920
30-08-2023,3217.118164,3225.076395,3199.249035,3223.562846,599080,14,Asian Paints,ASIANPAINT.NS,Stock,Consumer Goods,https://1drv.ms/i/c/8705623eb284e7df/IQR9q3xMF-WOSJg76JgYgjx1AUHVbVF2v8vhKxkQU8rPlOs?width=1920&height=1920
31-08-2023,3179.42749,3224.24657,3144.177455,3222.342535,1601967,14,Asian Paints,ASIANPAINT.NS,Stock,Consumer Goods,https://1drv.ms/i/c/8705623eb284e7df/IQR9q3xMF-WOSJg76JgYgjx1AUHVbVF2v8vhKxkQU8rPlOs?width=1920&height=1920
01-09-2023,3182.796143,3187.336552,3141.345777,3164.78064,650131,14,Asian Paints,ASIANPAINT.NS,Stock,Consumer Goods,https://1drv.ms/i/c/8705623eb284e7df/IQR9q3xMF-WOSJg76JgYgjx1AUHVbVF2v8vhKxkQU8rPlOs?width=1920&height=1920
04-09-2023,3159.361328,3189.338376,3140.369372,3182.796191,696213,14,Asian Paints,ASIANPAINT.NS,Stock,Consumer Goods,https://1drv.ms/i/c/8705623eb284e7df/IQR9q3xMF-WOSJg76JgYgjx1AUHVbVF2v8vhKxkQU8rPlOs?width=1920&height=1920
05-09-2023,3147.399658,3172.348069,3144.177317,3168.588632,597022,14,Asian Paints,ASIANPAINT.NS,Stock,Consumer Goods,https://1drv.ms/i/c/8705623eb284e7df/IQR9q3xMF-WOSJg76JgYgjx1AUHVbVF2v8vhKxkQU8rPlOs?width=1920&height=1920
06-09-2023,3149.352539,3153.941818,3119.765978,3133.436314,754106,14,Asian Paints,ASIANPAINT.NS,Stock,Consumer Goods,https://1drv.ms/i/c/8705623eb284e7df/IQR9q3xMF-WOSJg76JgYgjx1AUHVbVF2v8vhKxkQU8rPlOs?width=1920&height=1920
07-09-2023,3169.907227,3177.132881,3125.869116,3149.35285,923108,14,Asian Paints,ASIANPAINT.NS,Stock,Consumer Goods,https://1drv.ms/i/c/8705623eb284e7df/IQR9q3xMF-WOSJg76JgYgjx1AUHVbVF2v8vhKxkQU8rPlOs?width=1920&height=1920
08-09-2023,3161.80249,3186.213806,3155.894904,3174.008148,395918,14,Asian Paints,ASIANPAINT.NS,Stock,Consumer Goods,https://1drv.ms/i/c/8705623eb284e7df/IQR9q3xMF-WOSJg76JgYgjx1AUHVbVF2v8vhKxkQU8rPlOs?width=1920&height=1920
11-09-2023,3182.649414,3188.117644,3165.659235,3165.659235,359345,14,Asian Paints,ASIANPAINT.NS,Stock,Consumer Goods,https://1drv.ms/i/c/8705623eb284e7df/IQR9q3xMF-WOSJg76JgYgjx1AUHVbVF2v8vhKxkQU8rPlOs?width=1920&height=1920
12-09-2023,3180.159668,3202.569207,3166.635704,3183.235398,554905,14,Asian Paints,ASIANPAINT.NS,Stock,Consumer Goods,https://1drv.ms/i/c/8705623eb284e7df/IQR9q3xMF-WOSJg76JgYgjx1AUHVbVF2v8vhKxkQU8rPlOs?width=1920&height=1920
13-09-2023,3200.567139,3207.304565,3149.352253,3168.58832,880907,14,Asian Paints,ASIANPAINT.NS,Stock,Consumer Goods,https://1drv.ms/i/c/8705623eb284e7df/IQR9q3xMF-WOSJg76JgYgjx1AUHVbVF2v8vhKxkQU8rPlOs?width=1920&height=1920
14-09-2023,3163.950439,3216.630008,3147.350746,3204.717334,1102554,14,Asian Paints,ASIANPAINT.NS,Stock,Consumer Goods,https://1drv.ms/i/c/8705623eb284e7df/IQR9q3xMF-WOSJg76JgYgjx1AUHVbVF2v8vhKxkQU8rPlOs?width=1920&height=1920
15-09-2023,3121.376953,3163.706267,3110.001376,3158.824004,1568607,14,Asian Paints,ASIANPAINT.NS,Stock,Consumer Goods,https://1drv.ms/i/c/8705623eb284e7df/IQR9q3xMF-WOSJg76JgYgjx1AUHVbVF2v8vhKxkQU8rPlOs?width=1920&height=1920
18-09-2023,3130.800049,3153.844187,3114.883824,3124.64835,673602,14,Asian Paints,ASIANPAINT.NS,Stock,Consumer Goods,https://1drv.ms/i/c/8705623eb284e7df/IQR9q3xMF-WOSJg76JgYgjx1AUHVbVF2v8vhKxkQU8rPlOs?width=1920&height=1920
20-09-2023,3138.660645,3151.989128,3119.766191,3130.800153,901084,14,Asian Paints,ASIANPAINT.NS,Stock,Consumer Goods,https://1drv.ms/i/c/8705623eb284e7df/IQR9q3xMF-WOSJg76JgYgjx1AUHVbVF2v8vhKxkQU8rPlOs?width=1920&height=1920
21-09-2023,3167.807129,3184.406821,3105.656023,3134.412501,845739,14,Asian Paints,ASIANPAINT.NS,Stock,Consumer Goods,https://1drv.ms/i/c/8705623eb284e7df/IQR9q3xMF-WOSJg76JgYgjx1AUHVbVF2v8vhKxkQU8rPlOs?width=1920&height=1920
22-09-2023,3197.735596,3206.279555,3145.299905,3158.774998,896521,14,Asian Paints,ASIANPAINT.NS,Stock,Consumer Goods,https://1drv.ms/i/c/8705623eb284e7df/IQR9q3xMF-WOSJg76JgYgjx1AUHVbVF2v8vhKxkQU8rPlOs?width=1920&height=1920
25-09-2023,3244.99585,3256.273924,3194.122578,3195.245641,1422084,14,Asian Paints,ASIANPAINT.NS,Stock,Consumer Goods,https://1drv.ms/i/c/8705623eb284e7df/IQR9q3xMF-WOSJg76JgYgjx1AUHVbVF2v8vhKxkQU8rPlOs?width=1920&height=1920
26-09-2023,3215.263184,3246.607169,3183.577344,3244.752005,834560,14,Asian Paints,ASIANPAINT.NS,Stock,Consumer Goods,https://1drv.ms/i/c/8705623eb284e7df/IQR9q3xMF-WOSJg76JgYgjx1AUHVbVF2v8vhKxkQU8rPlOs?width=1920&height=1920
27-09-2023,3224.051025,3231.081436,3194.659709,3210.575933,516326,14,Asian Paints,ASIANPAINT.NS,Stock,Consumer Goods,https://1drv.ms/i/c/8705623eb284e7df/IQR9q3xMF-WOSJg76JgYgjx1AUHVbVF2v8vhKxkQU8rPlOs?width=1920&height=1920
28-09-2023,3095.696533,3211.552536,3080.707891,3204.522126,2104381,14,Asian Paints,ASIANPAINT.NS,Stock,Consumer Goods,https://1drv.ms/i/c/8705623eb284e7df/IQR9q3xMF-WOSJg76JgYgjx1AUHVbVF2v8vhKxkQU8rPlOs?width=1920&height=1920
29-09-2023,3086.615234,3119.765749,3060.202146,3119.765749,1550585,14,Asian Paints,ASIANPAINT.NS,Stock,Consumer Goods,https://1drv.ms/i/c/8705623eb284e7df/IQR9q3xMF-WOSJg76JgYgjx1AUHVbVF2v8vhKxkQU8rPlOs?width=1920&height=1920
03-10-2023,3092.278809,3151.793543,3087.542918,3091.546469,1219145,14,Asian Paints,ASIANPAINT.NS,Stock,Consumer Goods,https://1drv.ms/i/c/8705623eb284e7df/IQR9q3xMF-WOSJg76JgYgjx1AUHVbVF2v8vhKxkQU8rPlOs?width=1920&height=1920
04-10-2023,3095.25708,3113.907421,3077.144075,3090.423687,892584,14,Asian Paints,ASIANPAINT.NS,Stock,Consumer Goods,https://1drv.ms/i/c/8705623eb284e7df/IQR9q3xMF-WOSJg76JgYgjx1AUHVbVF2v8vhKxkQU8rPlOs?width=1920&height=1920
05-10-2023,3130.751221,3155.992616,3099.553607,3134.412918,1002610,14,Asian Paints,ASIANPAINT.NS,Stock,Consumer Goods,https://1drv.ms/i/c/8705623eb284e7df/IQR9q3xMF-WOSJg76JgYgjx1AUHVbVF2v8vhKxkQU8rPlOs?width=1920&height=1920
06-10-2023,3120.498291,3141.247908,3114.883689,3139.05089,814257,14,Asian Paints,ASIANPAINT.NS,Stock,Consumer Goods,https://1drv.ms/i/c/8705623eb284e7df/IQR9q3xMF-WOSJg76JgYgjx1AUHVbVF2v8vhKxkQU8rPlOs?width=1920&height=1920
09-10-2023,3078.559814,3088.519583,3058.933022,3066.110044,700012,14,Asian Paints,ASIANPAINT.NS,Stock,Consumer Goods,https://1drv.ms/i/c/8705623eb284e7df/IQR9q3xMF-WOSJg76JgYgjx1AUHVbVF2v8vhKxkQU8rPlOs?width=1920&height=1920
10-10-2023,3077.290283,3090.374652,3066.109949,3075.825604,847367,14,Asian Paints,ASIANPAINT.NS,Stock,Consumer Goods,https://1drv.ms/i/c/8705623eb284e7df/IQR9q3xMF-WOSJg76JgYgjx1AUHVbVF2v8vhKxkQU8rPlOs?width=1920&height=1920
11-10-2023,3089.398193,3110.001438,3077.827373,3094.378197,1025317,14,Asian Paints,ASIANPAINT.NS,Stock,Consumer Goods,https://1drv.ms/i/c/8705623eb284e7df/IQR9q3xMF-WOSJg76JgYgjx1AUHVbVF2v8vhKxkQU8rPlOs?width=1920&height=1920
12-10-2023,3084.711182,3113.41879,3075.874239,3110.977658,992531,14,Asian Paints,ASIANPAINT.NS,Stock,Consumer Goods,https://1drv.ms/i/c/8705623eb284e7df/IQR9q3xMF-WOSJg76JgYgjx1AUHVbVF2v8vhKxkQU8rPlOs?width=1920&height=1920
13-10-2023,3074.653809,3097.30746,3054.587661,3075.825504,854688,14,Asian Paints,ASIANPAINT.NS,Stock,Consumer Goods,https://1drv.ms/i/c/8705623eb284e7df/IQR9q3xMF-WOSJg76JgYgjx1AUHVbVF2v8vhKxkQU8rPlOs?width=1920&height=1920
16-10-2023,3038.769043,3054.343413,3023.194673,3050.437603,853011,14,Asian Paints,ASIANPAINT.NS,Stock,Consumer Goods,https://1drv.ms/i/c/8705623eb284e7df/IQR9q3xMF-WOSJg76JgYgjx1AUHVbVF2v8vhKxkQU8rPlOs?width=1920&height=1920
17-10-2023,3040.233887,3063.131651,3018.996044,3063.131651,792640,14,Asian Paints,ASIANPAINT.NS,Stock,Consumer Goods,https://1drv.ms/i/c/8705623eb284e7df/IQR9q3xMF-WOSJg76JgYgjx1AUHVbVF2v8vhKxkQU8rPlOs?width=1920&height=1920
18-10-2023,3023.536377,3041.844862,3017.238306,3036.767356,481985,14,Asian Paints,ASIANPAINT.NS,Stock,Consumer Goods,https://1drv.ms/i/c/8705623eb284e7df/IQR9q3xMF-WOSJg76JgYgjx1AUHVbVF2v8vhKxkQU8rPlOs?width=1920&height=1920
19-10-2023,3028.760742,3037.646318,3003.665958,3014.992665,568124,14,Asian Paints,ASIANPAINT.NS,Stock,Consumer Goods,https://1drv.ms/i/c/8705623eb284e7df/IQR9q3xMF-WOSJg76JgYgjx1AUHVbVF2v8vhKxkQU8rPlOs?width=1920&height=1920
20-10-2023,3032.715332,3041.747518,2992.387793,3019.679595,711434,14,Asian Paints,ASIANPAINT.NS,Stock,Consumer Goods,https://1drv.ms/i/c/8705623eb284e7df/IQR9q3xMF-WOSJg76JgYgjx1AUHVbVF2v8vhKxkQU8rPlOs?width=1920&height=1920
23-10-2023,2999.662354,3035.693359,2991.850733,3023.146086,374476,14,Asian Paints,ASIANPAINT.NS,Stock,Consumer Goods,https://1drv.ms/i/c/8705623eb284e7df/IQR9q3xMF-WOSJg76JgYgjx1AUHVbVF2v8vhKxkQU8rPlOs?width=1920&height=1920
25-10-2023,2988.726074,3034.814588,2980.133244,3020.558285,669290,14,Asian Paints,ASIANPAINT.NS,Stock,Consumer Goods,https://1drv.ms/i/c/8705623eb284e7df/IQR9q3xMF-WOSJg76JgYgjx1AUHVbVF2v8vhKxkQU8rPlOs?width=1920&height=1920
26-10-2023,2890.592773,2983.06279,2870.770737,2979.25472,1834111,14,Asian Paints,ASIANPAINT.NS,Stock,Consumer Goods,https://1drv.ms/i/c/8705623eb284e7df/IQR9q3xMF-WOSJg76JgYgjx1AUHVbVF2v8vhKxkQU8rPlOs?width=1920&height=1920
27-10-2023,2885.563477,2904.6043,2861.982244,2863.739906,1708185,14,Asian Paints,ASIANPAINT.NS,Stock,Consumer Goods,https://1drv.ms/i/c/8705623eb284e7df/IQR9q3xMF-WOSJg76JgYgjx1AUHVbVF2v8vhKxkQU8rPlOs?width=1920&height=1920
30-10-2023,2897.232666,2921.497371,2869.891993,2903.970094,878885,14,Asian Paints,ASIANPAINT.NS,Stock,Consumer Goods,https://1drv.ms/i/c/8705623eb284e7df/IQR9q3xMF-WOSJg76JgYgjx1AUHVbVF2v8vhKxkQU8rPlOs?width=1920&height=1920
31-10-2023,2925.158936,2941.8075,2896.158342,2899.087699,1152306,14,Asian Paints,ASIANPAINT.NS,Stock,Consumer Goods,https://1drv.ms/i/c/8705623eb284e7df/IQR9q3xMF-WOSJg76JgYgjx1AUHVbVF2v8vhKxkQU8rPlOs?width=1920&height=1920
01-11-2023,2865.44873,2938.047831,2861.005824,2927.355724,1029990,14,Asian Paints,ASIANPAINT.NS,Stock,Consumer Goods,https://1drv.ms/i/c/8705623eb284e7df/IQR9q3xMF-WOSJg76JgYgjx1AUHVbVF2v8vhKxkQU8rPlOs?width=1920&height=1920
02-11-2023,2885.807861,2892.252544,2864.911871,2891.324961,900125,14,Asian Paints,ASIANPAINT.NS,Stock,Consumer Goods,https://1drv.ms/i/c/8705623eb284e7df/IQR9q3xMF-WOSJg76JgYgjx1AUHVbVF2v8vhKxkQU8rPlOs?width=1920&height=1920
03-11-2023,2912.80542,2917.744923,2877.73839,2892.410747,715997,14,Asian Paints,ASIANPAINT.NS,Stock,Consumer Goods,https://1drv.ms/i/c/8705623eb284e7df/IQR9q3xMF-WOSJg76JgYgjx1AUHVbVF2v8vhKxkQU8rPlOs?width=1920&height=1920
06-11-2023,2963.131348,2967.777594,2918.674155,2932.514983,620959,14,Asian Paints,ASIANPAINT.NS,Stock,Consumer Goods,https://1drv.ms/i/c/8705623eb284e7df/IQR9q3xMF-WOSJg76JgYgjx1AUHVbVF2v8vhKxkQU8rPlOs?width=1920&height=1920
07-11-2023,2967.093018,2972.570554,2936.62328,2963.131433,757998,14,Asian Paints,ASIANPAINT.NS,Stock,Consumer Goods,https://1drv.ms/i/c/8705623eb284e7df/IQR9q3xMF-WOSJg76JgYgjx1AUHVbVF2v8vhKxkQU8rPlOs?width=1920&height=1920
08-11-2023,3027.641113,3031.260247,2979.662454,2991.204757,783400,14,Asian Paints,ASIANPAINT.NS,Stock,Consumer Goods,https://1drv.ms/i/c/8705623eb284e7df/IQR9q3xMF-WOSJg76JgYgjx1AUHVbVF2v8vhKxkQU8rPlOs?width=1920&height=1920
09-11-2023,3012.919434,3043.437887,3006.903863,3032.286992,849702,14,Asian Paints,ASIANPAINT.NS,Stock,Consumer Goods,https://1drv.ms/i/c/8705623eb284e7df/IQR9q3xMF-WOSJg76JgYgjx1AUHVbVF2v8vhKxkQU8rPlOs?width=1920&height=1920
10-11-2023,3009.251709,3017.615001,2973.695838,3002.942643,364232,14,Asian Paints,ASIANPAINT.NS,Stock,Consumer Goods,https://1drv.ms/i/c/8705623eb284e7df/IQR9q3xMF-WOSJg76JgYgjx1AUHVbVF2v8vhKxkQU8rPlOs?width=1920&height=1920
13-11-2023,3018.20166,3030.330713,2998.051528,3030.330713,405941,14,Asian Paints,ASIANPAINT.NS,Stock,Consumer Goods,https://1drv.ms/i/c/8705623eb284e7df/IQR9q3xMF-WOSJg76JgYgjx1AUHVbVF2v8vhKxkQU8rPlOs?width=1920&height=1920
15-11-2023,3048.133057,3050.725316,3011.452166,3018.299266,700017,14,Asian Paints,ASIANPAINT.NS,Stock,Consumer Goods,https://1drv.ms/i/c/8705623eb284e7df/IQR9q3xMF-WOSJg76JgYgjx1AUHVbVF2v8vhKxkQU8rPlOs?width=1920&height=1920
16-11-2023,3061.925293,3072.293615,3029.939603,3050.87207,675454,14,Asian Paints,ASIANPAINT.NS,Stock,Consumer Goods,https://1drv.ms/i/c/8705623eb284e7df/IQR9q3xMF-WOSJg76JgYgjx1AUHVbVF2v8vhKxkQU8rPlOs?width=1920&height=1920
17-11-2023,3099.682129,3157.735852,3076.939975,3081.195054,1430175,14,Asian Paints,ASIANPAINT.NS,Stock,Consumer Goods,https://1drv.ms/i/c/8705623eb284e7df/IQR9q3xMF-WOSJg76JgYgjx1AUHVbVF2v8vhKxkQU8rPlOs?width=1920&height=1920
20-11-2023,3071.755859,3102.616526,3063.588152,3099.682055,406431,14,Asian Paints,ASIANPAINT.NS,Stock,Consumer Goods,https://1drv.ms/i/c/8705623eb284e7df/IQR9q3xMF-WOSJg76JgYgjx1AUHVbVF2v8vhKxkQU8rPlOs?width=1920&height=1920
21-11-2023,3064.810791,3087.944111,3058.697309,3087.944111,409069,14,Asian Paints,ASIANPAINT.NS,Stock,Consumer Goods,https://1drv.ms/i/c/8705623eb284e7df/IQR9q3xMF-WOSJg76JgYgjx1AUHVbVF2v8vhKxkQU8rPlOs?width=1920&height=1920
22-11-2023,3064.566162,3088.041932,3053.023861,3071.413262,489889,14,Asian Paints,ASIANPAINT.NS,Stock,Consumer Goods,https://1drv.ms/i/c/8705623eb284e7df/IQR9q3xMF-WOSJg76JgYgjx1AUHVbVF2v8vhKxkQU8rPlOs?width=1920&height=1920
23-11-2023,3054.735596,3102.127258,3047.105923,3079.238478,792460,14,Asian Paints,ASIANPAINT.NS,Stock,Consumer Goods,https://1drv.ms/i/c/8705623eb284e7df/IQR9q3xMF-WOSJg76JgYgjx1AUHVbVF2v8vhKxkQU8rPlOs?width=1920&height=1920
24-11-2023,3067.647217,3071.217633,3043.046662,3049.893761,756329,14,Asian Paints,ASIANPAINT.NS,Stock,Consumer Goods,https://1drv.ms/i/c/8705623eb284e7df/IQR9q3xMF-WOSJg76JgYgjx1AUHVbVF2v8vhKxkQU8rPlOs?width=1920&height=1920
28-11-2023,3079.580811,3090.976245,3067.647104,3072.537889,647883,14,Asian Paints,ASIANPAINT.NS,Stock,Consumer Goods,https://1drv.ms/i/c/8705623eb284e7df/IQR9q3xMF-WOSJg76JgYgjx1AUHVbVF2v8vhKxkQU8rPlOs?width=1920&height=1920
29-11-2023,3079.580811,3100.757815,3073.369418,3079.580811,620725,14,Asian Paints,ASIANPAINT.NS,Stock,Consumer Goods,https://1drv.ms/i/c/8705623eb284e7df/IQR9q3xMF-WOSJg76JgYgjx1AUHVbVF2v8vhKxkQU8rPlOs?width=1920&height=1920
30-11-2023,3051.752197,3085.058494,3040.454674,3079.580957,1793116,14,Asian Paints,ASIANPAINT.NS,Stock,Consumer Goods,https://1drv.ms/i/c/8705623eb284e7df/IQR9q3xMF-WOSJg76JgYgjx1AUHVbVF2v8vhKxkQU8rPlOs?width=1920&height=1920
01-12-2023,3104.08374,3120.908234,3071.657927,3078.211532,960196,14,Asian Paints,ASIANPAINT.NS,Stock,Consumer Goods,https://1drv.ms/i/c/8705623eb284e7df/IQR9q3xMF-WOSJg76JgYgjx1AUHVbVF2v8vhKxkQU8rPlOs?width=1920&height=1920
04-12-2023,3124.771973,3134.455633,3097.334617,3120.32131,1018189,14,Asian Paints,ASIANPAINT.NS,Stock,Consumer Goods,https://1drv.ms/i/c/8705623eb284e7df/IQR9q3xMF-WOSJg76JgYgjx1AUHVbVF2v8vhKxkQU8rPlOs?width=1920&height=1920
05-12-2023,3155.779541,3176.712009,3110.539772,3127.168444,1005550,14,Asian Paints,ASIANPAINT.NS,Stock,Consumer Goods,https://1drv.ms/i/c/8705623eb284e7df/IQR9q3xMF-WOSJg76JgYgjx1AUHVbVF2v8vhKxkQU8rPlOs?width=1920&height=1920
06-12-2023,3181.504639,3217.158414,3162.332666,3193.682646,1229158,14,Asian Paints,ASIANPAINT.NS,Stock,Consumer Goods,https://1drv.ms/i/c/8705623eb284e7df/IQR9q3xMF-WOSJg76JgYgjx1AUHVbVF2v8vhKxkQU8rPlOs?width=1920&height=1920
07-12-2023,3180.77124,3227.869408,3175.92941,3212.26785,1071725,14,Asian Paints,ASIANPAINT.NS,Stock,Consumer Goods,https://1drv.ms/i/c/8705623eb284e7df/IQR9q3xMF-WOSJg76JgYgjx1AUHVbVF2v8vhKxkQU8rPlOs?width=1920&height=1920
08-12-2023,3161.403564,3198.377948,3157.295353,3183.901176,895852,14,Asian Paints,ASIANPAINT.NS,Stock,Consumer Goods,https://1drv.ms/i/c/8705623eb284e7df/IQR9q3xMF-WOSJg76JgYgjx1AUHVbVF2v8vhKxkQU8rPlOs?width=1920&height=1920
11-12-2023,3162.38208,3174.119966,3115.919615,3159.447609,910426,14,Asian Paints,ASIANPAINT.NS,Stock,Consumer Goods,https://1drv.ms/i/c/8705623eb284e7df/IQR9q3xMF-WOSJg76JgYgjx1AUHVbVF2v8vhKxkQU8rPlOs?width=1920&height=1920
12-12-2023,3154.312256,3185.906779,3139.884438,3157.491267,1019030,14,Asian Paints,ASIANPAINT.NS,Stock,Consumer Goods,https://1drv.ms/i/c/8705623eb284e7df/IQR9q3xMF-WOSJg76JgYgjx1AUHVbVF2v8vhKxkQU8rPlOs?width=1920&height=1920
13-12-2023,3172.799316,3183.85254,3120.614776,3169.229138,1052079,14,Asian Paints,ASIANPAINT.NS,Stock,Consumer Goods,https://1drv.ms/i/c/8705623eb284e7df/IQR9q3xMF-WOSJg76JgYgjx1AUHVbVF2v8vhKxkQU8rPlOs?width=1920&height=1920
14-12-2023,3170.549561,3187.42277,3147.709497,3183.901309,923107,14,Asian Paints,ASIANPAINT.NS,Stock,Consumer Goods,https://1drv.ms/i/c/8705623eb284e7df/IQR9q3xMF-WOSJg76JgYgjx1AUHVbVF2v8vhKxkQU8rPlOs?width=1920&height=1920
15-12-2023,3241.514404,3253.69265,3171.185011,3179.010267,1631687,14,Asian Paints,ASIANPAINT.NS,Stock,Consumer Goods,https://1drv.ms/i/c/8705623eb284e7df/IQR9q3xMF-WOSJg76JgYgjx1AUHVbVF2v8vhKxkQU8rPlOs?width=1920&height=1920
18-12-2023,3259.268311,3262.9364,3224.0057,3240.634371,911936,14,Asian Paints,ASIANPAINT.NS,Stock,Consumer Goods,https://1drv.ms/i/c/8705623eb284e7df/IQR9q3xMF-WOSJg76JgYgjx1AUHVbVF2v8vhKxkQU8rPlOs?width=1920&height=1920
19-12-2023,3263.180908,3280.640868,3228.064926,3263.082997,780448,14,Asian Paints,ASIANPAINT.NS,Stock,Consumer Goods,https://1drv.ms/i/c/8705623eb284e7df/IQR9q3xMF-WOSJg76JgYgjx1AUHVbVF2v8vhKxkQU8rPlOs?width=1920&height=1920
20-12-2023,3225.130615,3286.558929,3210.947337,3263.18107,979762,14,Asian Paints,ASIANPAINT.NS,Stock,Consumer Goods,https://1drv.ms/i/c/8705623eb284e7df/IQR9q3xMF-WOSJg76JgYgjx1AUHVbVF2v8vhKxkQU8rPlOs?width=1920&height=1920
21-12-2023,3230.803955,3247.481581,3200.383412,3208.355297,1585879,14,Asian Paints,ASIANPAINT.NS,Stock,Consumer Goods,https://1drv.ms/i/c/8705623eb284e7df/IQR9q3xMF-WOSJg76JgYgjx1AUHVbVF2v8vhKxkQU8rPlOs?width=1920&height=1920
22-12-2023,3268.316406,3277.608899,3215.202427,3237.60213,930563,14,Asian Paints,ASIANPAINT.NS,Stock,Consumer Goods,https://1drv.ms/i/c/8705623eb284e7df/IQR9q3xMF-WOSJg76JgYgjx1AUHVbVF2v8vhKxkQU8rPlOs?width=1920&height=1920
26-12-2023,3309.447754,3317.810806,3272.130919,3276.777165,600190,14,Asian Paints,ASIANPAINT.NS,Stock,Consumer Goods,https://1drv.ms/i/c/8705623eb284e7df/IQR9q3xMF-WOSJg76JgYgjx1AUHVbVF2v8vhKxkQU8rPlOs?width=1920&height=1920
27-12-2023,3330.08667,3335.466534,3280.738695,3307.197891,837182,14,Asian Paints,ASIANPAINT.NS,Stock,Consumer Goods,https://1drv.ms/i/c/8705623eb284e7df/IQR9q3xMF-WOSJg76JgYgjx1AUHVbVF2v8vhKxkQU8rPlOs?width=1920&height=1920
28-12-2023,3323.044434,3345.248554,3299.373078,3330.625152,779250,14,Asian Paints,ASIANPAINT.NS,Stock,Consumer Goods,https://1drv.ms/i/c/8705623eb284e7df/IQR9q3xMF-WOSJg76JgYgjx1AUHVbVF2v8vhKxkQU8rPlOs?width=1920&height=1920
29-12-2023,3328.081543,3348.182719,3309.985637,3335.515632,615676,14,Asian Paints,ASIANPAINT.NS,Stock,Consumer Goods,https://1drv.ms/i/c/8705623eb284e7df/IQR9q3xMF-WOSJg76JgYgjx1AUHVbVF2v8vhKxkQU8rPlOs?width=1920&height=1920
01-01-2024,3321.919434,3337.276452,3315.121051,3328.668622,283951,14,Asian Paints,ASIANPAINT.NS,Stock,Consumer Goods,https://1drv.ms/i/c/8705623eb284e7df/IQR9q3xMF-WOSJg76JgYgjx1AUHVbVF2v8vhKxkQU8rPlOs?width=1920&height=1920
02-01-2024,3317.273193,3324.658088,3271.935516,3321.821528,552394,14,Asian Paints,ASIANPAINT.NS,Stock,Consumer Goods,https://1drv.ms/i/c/8705623eb284e7df/IQR9q3xMF-WOSJg76JgYgjx1AUHVbVF2v8vhKxkQU8rPlOs?width=1920&height=1920
03-01-2024,3299.910889,3324.755983,3291.498642,3317.273177,379131,14,Asian Paints,ASIANPAINT.NS,Stock,Consumer Goods,https://1drv.ms/i/c/8705623eb284e7df/IQR9q3xMF-WOSJg76JgYgjx1AUHVbVF2v8vhKxkQU8rPlOs?width=1920&height=1920
04-01-2024,3306.12207,3326.956864,3290.324929,3298.345769,777127,14,Asian Paints,ASIANPAINT.NS,Stock,Consumer Goods,https://1drv.ms/i/c/8705623eb284e7df/IQR9q3xMF-WOSJg76JgYgjx1AUHVbVF2v8vhKxkQU8rPlOs?width=1920&height=1920
05-01-2024,3282.255127,3306.562188,3274.869993,3306.122065,416956,14,Asian Paints,ASIANPAINT.NS,Stock,Consumer Goods,https://1drv.ms/i/c/8705623eb284e7df/IQR9q3xMF-WOSJg76JgYgjx1AUHVbVF2v8vhKxkQU8rPlOs?width=1920&height=1920
08-01-2024,3226.353027,3302.747186,3222.880761,3281.71681,545884,14,Asian Paints,ASIANPAINT.NS,Stock,Consumer Goods,https://1drv.ms/i/c/8705623eb284e7df/IQR9q3xMF-WOSJg76JgYgjx1AUHVbVF2v8vhKxkQU8rPlOs?width=1920&height=1920
09-01-2024,3196.128662,3242.591129,3190.993337,3237.700343,670704,14,Asian Paints,ASIANPAINT.NS,Stock,Consumer Goods,https://1drv.ms/i/c/8705623eb284e7df/IQR9q3xMF-WOSJg76JgYgjx1AUHVbVF2v8vhKxkQU8rPlOs?width=1920&height=1920
10-01-2024,3215.055664,3221.071235,3187.031321,3220.093077,691087,14,Asian Paints,ASIANPAINT.NS,Stock,Consumer Goods,https://1drv.ms/i/c/8705623eb284e7df/IQR9q3xMF-WOSJg76JgYgjx1AUHVbVF2v8vhKxkQU8rPlOs?width=1920&height=1920
11-01-2024,3216.375977,3236.917275,3199.258228,3215.055608,537469,14,Asian Paints,ASIANPAINT.NS,Stock,Consumer Goods,https://1drv.ms/i/c/8705623eb284e7df/IQR9q3xMF-WOSJg76JgYgjx1AUHVbVF2v8vhKxkQU8rPlOs?width=1920&height=1920
12-01-2024,3206.203369,3222.978668,3173.141612,3222.978668,673004,14,Asian Paints,ASIANPAINT.NS,Stock,Consumer Goods,https://1drv.ms/i/c/8705623eb284e7df/IQR9q3xMF-WOSJg76JgYgjx1AUHVbVF2v8vhKxkQU8rPlOs?width=1920&height=1920
15-01-2024,3202.388428,3215.397965,3187.422815,3210.507179,728116,14,Asian Paints,ASIANPAINT.NS,Stock,Consumer Goods,https://1drv.ms/i/c/8705623eb284e7df/IQR9q3xMF-WOSJg76JgYgjx1AUHVbVF2v8vhKxkQU8rPlOs?width=1920&height=1920
16-01-2024,3224.88623,3247.481756,3202.388616,3203.415729,748215,14,Asian Paints,ASIANPAINT.NS,Stock,Consumer Goods,https://1drv.ms/i/c/8705623eb284e7df/IQR9q3xMF-WOSJg76JgYgjx1AUHVbVF2v8vhKxkQU8rPlOs?width=1920&height=1920
17-01-2024,3171.479004,3232.173703,3123.304764,3222.147592,2239241,14,Asian Paints,ASIANPAINT.NS,Stock,Consumer Goods,https://1drv.ms/i/c/8705623eb284e7df/IQR9q3xMF-WOSJg76JgYgjx1AUHVbVF2v8vhKxkQU8rPlOs?width=1920&height=1920
18-01-2024,3094.742432,3186.786871,2982.009826,3186.786871,1979174,14,Asian Paints,ASIANPAINT.NS,Stock,Consumer Goods,https://1drv.ms/i/c/8705623eb284e7df/IQR9q3xMF-WOSJg76JgYgjx1AUHVbVF2v8vhKxkQU8rPlOs?width=1920&height=1920
19-01-2024,3096.69873,3131.618891,3079.825521,3108.38766,936201,14,Asian Paints,ASIANPAINT.NS,Stock,Consumer Goods,https://1drv.ms/i/c/8705623eb284e7df/IQR9q3xMF-WOSJg76JgYgjx1AUHVbVF2v8vhKxkQU8rPlOs?width=1920&height=1920
23-01-2024,2987.976318,3041.090294,2955.550507,3020.108873,2365225,14,Asian Paints,ASIANPAINT.NS,Stock,Consumer Goods,https://1drv.ms/i/c/8705623eb284e7df/IQR9q3xMF-WOSJg76JgYgjx1AUHVbVF2v8vhKxkQU8rPlOs?width=1920&height=1920
24-01-2024,2933.933105,2988.269777,2911.093282,2988.269777,2665932,14,Asian Paints,ASIANPAINT.NS,Stock,Consumer Goods,https://1drv.ms/i/c/8705623eb284e7df/IQR9q3xMF-WOSJg76JgYgjx1AUHVbVF2v8vhKxkQU8rPlOs?width=1920&height=1920
25-01-2024,2884.781006,2950.121951,2878.031817,2944.301964,2001961,14,Asian Paints,ASIANPAINT.NS,Stock,Consumer Goods,https://1drv.ms/i/c/8705623eb284e7df/IQR9q3xMF-WOSJg76JgYgjx1AUHVbVF2v8vhKxkQU8rPlOs?width=1920&height=1920
29-01-2024,2911.044189,2923.173241,2875.830537,2875.830537,1862723,14,Asian Paints,ASIANPAINT.NS,Stock,Consumer Goods,https://1drv.ms/i/c/8705623eb284e7df/IQR9q3xMF-WOSJg76JgYgjx1AUHVbVF2v8vhKxkQU8rPlOs?width=1920&height=1920
30-01-2024,2889.573975,2939.362075,2886.590548,2924.689719,1273188,14,Asian Paints,ASIANPAINT.NS,Stock,Consumer Goods,https://1drv.ms/i/c/8705623eb284e7df/IQR9q3xMF-WOSJg76JgYgjx1AUHVbVF2v8vhKxkQU8rPlOs?width=1920&height=1920
31-01-2024,2893.241943,2906.984859,2883.655956,2901.213828,1771244,14,Asian Paints,ASIANPAINT.NS,Stock,Consumer Goods,https://1drv.ms/i/c/8705623eb284e7df/IQR9q3xMF-WOSJg76JgYgjx1AUHVbVF2v8vhKxkQU8rPlOs?width=1920&height=1920
01-02-2024,2865.364502,2907.914334,2856.169682,2896.323078,3006472,14,Asian Paints,ASIANPAINT.NS,Stock,Consumer Goods,https://1drv.ms/i/c/8705623eb284e7df/IQR9q3xMF-WOSJg76JgYgjx1AUHVbVF2v8vhKxkQU8rPlOs?width=1920&height=1920
02-02-2024,2872.162598,2897.643637,2860.180174,2885.563301,1881911,14,Asian Paints,ASIANPAINT.NS,Stock,Consumer Goods,https://1drv.ms/i/c/8705623eb284e7df/IQR9q3xMF-WOSJg76JgYgjx1AUHVbVF2v8vhKxkQU8rPlOs?width=1920&height=1920
05-02-2024,2853.626465,2900.235551,2848.393229,2885.563196,923435,14,Asian Paints,ASIANPAINT.NS,Stock,Consumer Goods,https://1drv.ms/i/c/8705623eb284e7df/IQR9q3xMF-WOSJg76JgYgjx1AUHVbVF2v8vhKxkQU8rPlOs?width=1920&height=1920
06-02-2024,2866.929443,2882.628912,2839.24755,2866.978399,1471312,14,Asian Paints,ASIANPAINT.NS,Stock,Consumer Goods,https://1drv.ms/i/c/8705623eb284e7df/IQR9q3xMF-WOSJg76JgYgjx1AUHVbVF2v8vhKxkQU8rPlOs?width=1920&height=1920
07-02-2024,2916.032959,2937.356832,2871.918217,2892.41056,1134012,14,Asian Paints,ASIANPAINT.NS,Stock,Consumer Goods,https://1drv.ms/i/c/8705623eb284e7df/IQR9q3xMF-WOSJg76JgYgjx1AUHVbVF2v8vhKxkQU8rPlOs?width=1920&height=1920
08-02-2024,2865.609131,2934.226756,2856.023144,2934.226756,1633654,14,Asian Paints,ASIANPAINT.NS,Stock,Consumer Goods,https://1drv.ms/i/c/8705623eb284e7df/IQR9q3xMF-WOSJg76JgYgjx1AUHVbVF2v8vhKxkQU8rPlOs?width=1920&height=1920
09-02-2024,2887.177246,2894.366796,2846.975133,2866.000241,1144765,14,Asian Paints,ASIANPAINT.NS,Stock,Consumer Goods,https://1drv.ms/i/c/8705623eb284e7df/IQR9q3xMF-WOSJg76JgYgjx1AUHVbVF2v8vhKxkQU8rPlOs?width=1920&height=1920
12-02-2024,2889.280518,2900.186874,2856.267715,2887.177337,614469,14,Asian Paints,ASIANPAINT.NS,Stock,Consumer Goods,https://1drv.ms/i/c/8705623eb284e7df/IQR9q3xMF-WOSJg76JgYgjx1AUHVbVF2v8vhKxkQU8rPlOs?width=1920&height=1920
13-02-2024,2906.69165,2916.130771,2881.357239,2900.186763,717118,14,Asian Paints,ASIANPAINT.NS,Stock,Consumer Goods,https://1drv.ms/i/c/8705623eb284e7df/IQR9q3xMF-WOSJg76JgYgjx1AUHVbVF2v8vhKxkQU8rPlOs?width=1920&height=1920
14-02-2024,2911.386963,2915.690998,2871.918464,2905.028941,750339,14,Asian Paints,ASIANPAINT.NS,Stock,Consumer Goods,https://1drv.ms/i/c/8705623eb284e7df/IQR9q3xMF-WOSJg76JgYgjx1AUHVbVF2v8vhKxkQU8rPlOs?width=1920&height=1920
15-02-2024,2950.659912,2958.436213,2902.632302,2914.908222,1068730,14,Asian Paints,ASIANPAINT.NS,Stock,Consumer Goods,https://1drv.ms/i/c/8705623eb284e7df/IQR9q3xMF-WOSJg76JgYgjx1AUHVbVF2v8vhKxkQU8rPlOs?width=1920&height=1920
16-02-2024,2942.198486,2968.706638,2934.471141,2968.706638,1179473,14,Asian Paints,ASIANPAINT.NS,Stock,Consumer Goods,https://1drv.ms/i/c/8705623eb284e7df/IQR9q3xMF-WOSJg76JgYgjx1AUHVbVF2v8vhKxkQU8rPlOs?width=1920&height=1920
19-02-2024,2932.613037,2952.762931,2922.244476,2942.198786,560700,14,Asian Paints,ASIANPAINT.NS,Stock,Consumer Goods,https://1drv.ms/i/c/8705623eb284e7df/IQR9q3xMF-WOSJg76JgYgjx1AUHVbVF2v8vhKxkQU8rPlOs?width=1920&height=1920
20-02-2024,2945.866699,2951.197846,2907.180777,2932.612862,729371,14,Asian Paints,ASIANPAINT.NS,Stock,Consumer Goods,https://1drv.ms/i/c/8705623eb284e7df/IQR9q3xMF-WOSJg76JgYgjx1AUHVbVF2v8vhKxkQU8rPlOs?width=1920&height=1920
21-02-2024,2936.231934,2960.636905,2918.331611,2946.258044,927130,14,Asian Paints,ASIANPAINT.NS,Stock,Consumer Goods,https://1drv.ms/i/c/8705623eb284e7df/IQR9q3xMF-WOSJg76JgYgjx1AUHVbVF2v8vhKxkQU8rPlOs?width=1920&height=1920
22-02-2024,2951.490967,2961.076954,2868.054362,2917.84246,2615821,14,Asian Paints,ASIANPAINT.NS,Stock,Consumer Goods,https://1drv.ms/i/c/8705623eb284e7df/IQR9q3xMF-WOSJg76JgYgjx1AUHVbVF2v8vhKxkQU8rPlOs?width=1920&height=1920
23-02-2024,2920.728271,2939.362213,2901.409668,2933.49327,1650523,14,Asian Paints,ASIANPAINT.NS,Stock,Consumer Goods,https://1drv.ms/i/c/8705623eb284e7df/IQR9q3xMF-WOSJg76JgYgjx1AUHVbVF2v8vhKxkQU8rPlOs?width=1920&height=1920
26-02-2024,2805.794678,2866.000295,2785.595829,2856.218724,3524491,14,Asian Paints,ASIANPAINT.NS,Stock,Consumer Goods,https://1drv.ms/i/c/8705623eb284e7df/IQR9q3xMF-WOSJg76JgYgjx1AUHVbVF2v8vhKxkQU8rPlOs?width=1920&height=1920
27-02-2024,2797.089111,2807.310805,2787.845575,2792.638449,1296180,14,Asian Paints,ASIANPAINT.NS,Stock,Consumer Goods,https://1drv.ms/i/c/8705623eb284e7df/IQR9q3xMF-WOSJg76JgYgjx1AUHVbVF2v8vhKxkQU8rPlOs?width=1920&height=1920
28-02-2024,2733.313477,2796.942407,2724.65669,2787.894453,2472196,14,Asian Paints,ASIANPAINT.NS,Stock,Consumer Goods,https://1drv.ms/i/c/8705623eb284e7df/IQR9q3xMF-WOSJg76JgYgjx1AUHVbVF2v8vhKxkQU8rPlOs?width=1920&height=1920
29-02-2024,2760.261475,2776.0099,2716.097776,2724.167572,2284424,14,Asian Paints,ASIANPAINT.NS,Stock,Consumer Goods,https://1drv.ms/i/c/8705623eb284e7df/IQR9q3xMF-WOSJg76JgYgjx1AUHVbVF2v8vhKxkQU8rPlOs?width=1920&height=1920
01-03-2024,2769.89624,2783.786023,2753.561065,2771.021025,978174,14,Asian Paints,ASIANPAINT.NS,Stock,Consumer Goods,https://1drv.ms/i/c/8705623eb284e7df/IQR9q3xMF-WOSJg76JgYgjx1AUHVbVF2v8vhKxkQU8rPlOs?width=1920&height=1920
04-03-2024,2769.89624,2798.458378,2766.228151,2797.529177,971299,14,Asian Paints,ASIANPAINT.NS,Stock,Consumer Goods,https://1drv.ms/i/c/8705623eb284e7df/IQR9q3xMF-WOSJg76JgYgjx1AUHVbVF2v8vhKxkQU8rPlOs?width=1920&height=1920
05-03-2024,2758.794189,2772.928751,2743.730666,2772.097222,736381,14,Asian Paints,ASIANPAINT.NS,Stock,Consumer Goods,https://1drv.ms/i/c/8705623eb284e7df/IQR9q3xMF-WOSJg76JgYgjx1AUHVbVF2v8vhKxkQU8rPlOs?width=1920&height=1920
06-03-2024,2765.543457,2776.987847,2717.075728,2766.179164,1723066,14,Asian Paints,ASIANPAINT.NS,Stock,Consumer Goods,https://1drv.ms/i/c/8705623eb284e7df/IQR9q3xMF-WOSJg76JgYgjx1AUHVbVF2v8vhKxkQU8rPlOs?width=1920&height=1920
07-03-2024,2807.848877,2830.786613,2763.293774,2763.293774,1564364,14,Asian Paints,ASIANPAINT.NS,Stock,Consumer Goods,https://1drv.ms/i/c/8705623eb284e7df/IQR9q3xMF-WOSJg76JgYgjx1AUHVbVF2v8vhKxkQU8rPlOs?width=1920&height=1920
11-03-2024,2814.01123,2833.280877,2790.78,2832.30272,866546,14,Asian Paints,ASIANPAINT.NS,Stock,Consumer Goods,https://1drv.ms/i/c/8705623eb284e7df/IQR9q3xMF-WOSJg76JgYgjx1AUHVbVF2v8vhKxkQU8rPlOs?width=1920&height=1920
12-03-2024,2813.32666,2836.557893,2802.860426,2817.092661,663186,14,Asian Paints,ASIANPAINT.NS,Stock,Consumer Goods,https://1drv.ms/i/c/8705623eb284e7df/IQR9q3xMF-WOSJg76JgYgjx1AUHVbVF2v8vhKxkQU8rPlOs?width=1920&height=1920
13-03-2024,2797.676025,2824.184179,2773.075469,2815.723216,955841,14,Asian Paints,ASIANPAINT.NS,Stock,Consumer Goods,https://1drv.ms/i/c/8705623eb284e7df/IQR9q3xMF-WOSJg76JgYgjx1AUHVbVF2v8vhKxkQU8rPlOs?width=1920&height=1920
14-03-2024,2829.074951,2834.74831,2778.944398,2797.529384,1381741,14,Asian Paints,ASIANPAINT.NS,Stock,Consumer Goods,https://1drv.ms/i/c/8705623eb284e7df/IQR9q3xMF-WOSJg76JgYgjx1AUHVbVF2v8vhKxkQU8rPlOs?width=1920&height=1920
15-03-2024,2804.914307,2833.672028,2787.747603,2831.76467,1356226,14,Asian Paints,ASIANPAINT.NS,Stock,Consumer Goods,https://1drv.ms/i/c/8705623eb284e7df/IQR9q3xMF-WOSJg76JgYgjx1AUHVbVF2v8vhKxkQU8rPlOs?width=1920&height=1920
18-03-2024,2784.324219,2803.398282,2755.713123,2803.398282,940424,14,Asian Paints,ASIANPAINT.NS,Stock,Consumer Goods,https://1drv.ms/i/c/8705623eb284e7df/IQR9q3xMF-WOSJg76JgYgjx1AUHVbVF2v8vhKxkQU8rPlOs?width=1920&height=1920
19-03-2024,2753.610107,2777.966123,2739.817997,2777.966123,1199135,14,Asian Paints,ASIANPAINT.NS,Stock,Consumer Goods,https://1drv.ms/i/c/8705623eb284e7df/IQR9q3xMF-WOSJg76JgYgjx1AUHVbVF2v8vhKxkQU8rPlOs?width=1920&height=1920
20-03-2024,2763.195801,2775.080552,2736.443348,2753.610053,818910,14,Asian Paints,ASIANPAINT.NS,Stock,Consumer Goods,https://1drv.ms/i/c/8705623eb284e7df/IQR9q3xMF-WOSJg76JgYgjx1AUHVbVF2v8vhKxkQU8rPlOs?width=1920&height=1920
21-03-2024,2759.527588,2783.247896,2744.708605,2782.856728,1167680,14,Asian Paints,ASIANPAINT.NS,Stock,Consumer Goods,https://1drv.ms/i/c/8705623eb284e7df/IQR9q3xMF-WOSJg76JgYgjx1AUHVbVF2v8vhKxkQU8rPlOs?width=1920&height=1920
22-03-2024,2779.433594,2792.785344,2746.665329,2759.528,1652689,14,Asian Paints,ASIANPAINT.NS,Stock,Consumer Goods,https://1drv.ms/i/c/8705623eb284e7df/IQR9q3xMF-WOSJg76JgYgjx1AUHVbVF2v8vhKxkQU8rPlOs?width=1920&height=1920
26-03-2024,2753.169922,2782.025558,2748.621587,2758.403158,1372390,14,Asian Paints,ASIANPAINT.NS,Stock,Consumer Goods,https://1drv.ms/i/c/8705623eb284e7df/IQR9q3xMF-WOSJg76JgYgjx1AUHVbVF2v8vhKxkQU8rPlOs?width=1920&height=1920
27-03-2024,2768.673584,2780.753919,2756.153126,2756.397665,1156231,14,Asian Paints,ASIANPAINT.NS,Stock,Consumer Goods,https://1drv.ms/i/c/8705623eb284e7df/IQR9q3xMF-WOSJg76JgYgjx1AUHVbVF2v8vhKxkQU8rPlOs?width=1920&height=1920
28-03-2024,2784.568848,2805.354687,2757.424987,2773.124457,1864623,14,Asian Paints,ASIANPAINT.NS,Stock,Consumer Goods,https://1drv.ms/i/c/8705623eb284e7df/IQR9q3xMF-WOSJg76JgYgjx1AUHVbVF2v8vhKxkQU8rPlOs?width=1920&height=1920
01-04-2024,2808.289063,2823.401542,2790.046528,2798.458536,558086,14,Asian Paints,ASIANPAINT.NS,Stock,Consumer Goods,https://1drv.ms/i/c/8705623eb284e7df/IQR9q3xMF-WOSJg76JgYgjx1AUHVbVF2v8vhKxkQU8rPlOs?width=1920&height=1920
02-04-2024,2811.419189,2829.221602,2793.616777,2811.272561,562473,14,Asian Paints,ASIANPAINT.NS,Stock,Consumer Goods,https://1drv.ms/i/c/8705623eb284e7df/IQR9q3xMF-WOSJg76JgYgjx1AUHVbVF2v8vhKxkQU8rPlOs?width=1920&height=1920
03-04-2024,2806.675293,2821.543234,2782.857071,2782.857071,816676,14,Asian Paints,ASIANPAINT.NS,Stock,Consumer Goods,https://1drv.ms/i/c/8705623eb284e7df/IQR9q3xMF-WOSJg76JgYgjx1AUHVbVF2v8vhKxkQU8rPlOs?width=1920&height=1920
04-04-2024,2854.555908,2878.96088,2788.970427,2807.310873,1831347,14,Asian Paints,ASIANPAINT.NS,Stock,Consumer Goods,https://1drv.ms/i/c/8705623eb284e7df/IQR9q3xMF-WOSJg76JgYgjx1AUHVbVF2v8vhKxkQU8rPlOs?width=1920&height=1920
05-04-2024,2820.467041,2863.799448,2817.092447,2860.131359,1155672,14,Asian Paints,ASIANPAINT.NS,Stock,Consumer Goods,https://1drv.ms/i/c/8705623eb284e7df/IQR9q3xMF-WOSJg76JgYgjx1AUHVbVF2v8vhKxkQU8rPlOs?width=1920&height=1920
08-04-2024,2828.830078,2845.409792,2811.027668,2844.48059,570695,14,Asian Paints,ASIANPAINT.NS,Stock,Consumer Goods,https://1drv.ms/i/c/8705623eb284e7df/IQR9q3xMF-WOSJg76JgYgjx1AUHVbVF2v8vhKxkQU8rPlOs?width=1920&height=1920
09-04-2024,2794.741455,2852.746219,2782.856942,2829.808483,1017670,14,Asian Paints,ASIANPAINT.NS,Stock,Consumer Goods,https://1drv.ms/i/c/8705623eb284e7df/IQR9q3xMF-WOSJg76JgYgjx1AUHVbVF2v8vhKxkQU8rPlOs?width=1920&height=1920
10-04-2024,2833.476563,2835.775327,2795.572975,2820.320397,740495,14,Asian Paints,ASIANPAINT.NS,Stock,Consumer Goods,https://1drv.ms/i/c/8705623eb284e7df/IQR9q3xMF-WOSJg76JgYgjx1AUHVbVF2v8vhKxkQU8rPlOs?width=1920&height=1920
12-04-2024,2792.149414,2829.808462,2782.856922,2826.873991,1766311,14,Asian Paints,ASIANPAINT.NS,Stock,Consumer Goods,https://1drv.ms/i/c/8705623eb284e7df/IQR9q3xMF-WOSJg76JgYgjx1AUHVbVF2v8vhKxkQU8rPlOs?width=1920&height=1920
15-04-2024,2782.269775,2791.1711,2750.920033,2768.379993,884519,14,Asian Paints,ASIANPAINT.NS,Stock,Consumer Goods,https://1drv.ms/i/c/8705623eb284e7df/IQR9q3xMF-WOSJg76JgYgjx1AUHVbVF2v8vhKxkQU8rPlOs?width=1920&height=1920
16-04-2024,2768.184326,2779.384176,2758.402756,2765.885562,911249,14,Asian Paints,ASIANPAINT.NS,Stock,Consumer Goods,https://1drv.ms/i/c/8705623eb284e7df/IQR9q3xMF-WOSJg76JgYgjx1AUHVbVF2v8vhKxkQU8rPlOs?width=1920&height=1920
18-04-2024,2746.371338,2796.746423,2738.937488,2792.638211,1732434,14,Asian Paints,ASIANPAINT.NS,Stock,Consumer Goods,https://1drv.ms/i/c/8705623eb284e7df/IQR9q3xMF-WOSJg76JgYgjx1AUHVbVF2v8vhKxkQU8rPlOs?width=1920&height=1920
19-04-2024,2747.203125,2760.457201,2705.729121,2729.058263,1337807,14,Asian Paints,ASIANPAINT.NS,Stock,Consumer Goods,https://1drv.ms/i/c/8705623eb284e7df/IQR9q3xMF-WOSJg76JgYgjx1AUHVbVF2v8vhKxkQU8rPlOs?width=1920&height=1920
22-04-2024,2779.776123,2784.42237,2752.583305,2784.42237,676040,14,Asian Paints,ASIANPAINT.NS,Stock,Consumer Goods,https://1drv.ms/i/c/8705623eb284e7df/IQR9q3xMF-WOSJg76JgYgjx1AUHVbVF2v8vhKxkQU8rPlOs?width=1920&height=1920
23-04-2024,2812.104004,2815.087431,2781.879042,2789.7043,929062,14,Asian Paints,ASIANPAINT.NS,Stock,Consumer Goods,https://1drv.ms/i/c/8705623eb284e7df/IQR9q3xMF-WOSJg76JgYgjx1AUHVbVF2v8vhKxkQU8rPlOs?width=1920&height=1920
24-04-2024,2805.110107,2820.124915,2797.52939,2819.978048,718441,14,Asian Paints,ASIANPAINT.NS,Stock,Consumer Goods,https://1drv.ms/i/c/8705623eb284e7df/IQR9q3xMF-WOSJg76JgYgjx1AUHVbVF2v8vhKxkQU8rPlOs?width=1920&height=1920
25-04-2024,2798.947754,2807.213134,2767.255557,2802.42026,1594152,14,Asian Paints,ASIANPAINT.NS,Stock,Consumer Goods,https://1drv.ms/i/c/8705623eb284e7df/IQR9q3xMF-WOSJg76JgYgjx1AUHVbVF2v8vhKxkQU8rPlOs?width=1920&height=1920
26-04-2024,2782.025635,2815.331934,2775.080862,2807.311093,625507,14,Asian Paints,ASIANPAINT.NS,Stock,Consumer Goods,https://1drv.ms/i/c/8705623eb284e7df/IQR9q3xMF-WOSJg76JgYgjx1AUHVbVF2v8vhKxkQU8rPlOs?width=1920&height=1920
29-04-2024,2805.550293,2811.174697,2776.988152,2782.025566,566219,14,Asian Paints,ASIANPAINT.NS,Stock,Consumer Goods,https://1drv.ms/i/c/8705623eb284e7df/IQR9q3xMF-WOSJg76JgYgjx1AUHVbVF2v8vhKxkQU8rPlOs?width=1920&height=1920
30-04-2024,2813.081787,2848.393352,2792.6384,2792.6384,1290649,14,Asian Paints,ASIANPAINT.NS,Stock,Consumer Goods,https://1drv.ms/i/c/8705623eb284e7df/IQR9q3xMF-WOSJg76JgYgjx1AUHVbVF2v8vhKxkQU8rPlOs?width=1920&height=1920
02-05-2024,2910.408691,2922.733567,2812.29972,2812.29972,2493406,14,Asian Paints,ASIANPAINT.NS,Stock,Consumer Goods,https://1drv.ms/i/c/8705623eb284e7df/IQR9q3xMF-WOSJg76JgYgjx1AUHVbVF2v8vhKxkQU8rPlOs?width=1920&height=1920
03-05-2024,2865.755859,2931.536927,2845.703638,2917.891682,1594445,14,Asian Paints,ASIANPAINT.NS,Stock,Consumer Goods,https://1drv.ms/i/c/8705623eb284e7df/IQR9q3xMF-WOSJg76JgYgjx1AUHVbVF2v8vhKxkQU8rPlOs?width=1920&height=1920
06-05-2024,2868.103516,2894.367132,2847.61117,2885.563717,768806,14,Asian Paints,ASIANPAINT.NS,Stock,Consumer Goods,https://1drv.ms/i/c/8705623eb284e7df/IQR9q3xMF-WOSJg76JgYgjx1AUHVbVF2v8vhKxkQU8rPlOs?width=1920&height=1920
07-05-2024,2849.371582,2903.121266,2840.568168,2882.628923,629534,14,Asian Paints,ASIANPAINT.NS,Stock,Consumer Goods,https://1drv.ms/i/c/8705623eb284e7df/IQR9q3xMF-WOSJg76JgYgjx1AUHVbVF2v8vhKxkQU8rPlOs?width=1920&height=1920
08-05-2024,2781.194092,2841.546336,2759.381141,2836.655551,1652877,14,Asian Paints,ASIANPAINT.NS,Stock,Consumer Goods,https://1drv.ms/i/c/8705623eb284e7df/IQR9q3xMF-WOSJg76JgYgjx1AUHVbVF2v8vhKxkQU8rPlOs?width=1920&height=1920
09-05-2024,2650.903564,2791.611315,2644.741127,2766.228187,3547959,14,Asian Paints,ASIANPAINT.NS,Stock,Consumer Goods,https://1drv.ms/i/c/8705623eb284e7df/IQR9q3xMF-WOSJg76JgYgjx1AUHVbVF2v8vhKxkQU8rPlOs?width=1920&height=1920
10-05-2024,2710.718018,2731.601768,2611.777517,2640.046163,2478584,14,Asian Paints,ASIANPAINT.NS,Stock,Consumer Goods,https://1drv.ms/i/c/8705623eb284e7df/IQR9q3xMF-WOSJg76JgYgjx1AUHVbVF2v8vhKxkQU8rPlOs?width=1920&height=1920
13-05-2024,2816.358887,2831.764861,2693.942619,2710.717918,2748823,14,Asian Paints,ASIANPAINT.NS,Stock,Consumer Goods,https://1drv.ms/i/c/8705623eb284e7df/IQR9q3xMF-WOSJg76JgYgjx1AUHVbVF2v8vhKxkQU8rPlOs?width=1920&height=1920
14-05-2024,2803.544922,2824.91775,2779.922523,2816.114336,999330,14,Asian Paints,ASIANPAINT.NS,Stock,Consumer Goods,https://1drv.ms/i/c/8705623eb284e7df/IQR9q3xMF-WOSJg76JgYgjx1AUHVbVF2v8vhKxkQU8rPlOs?width=1920&height=1920
15-05-2024,2752.240479,2811.467936,2744.855345,2803.544769,1230520,14,Asian Paints,ASIANPAINT.NS,Stock,Consumer Goods,https://1drv.ms/i/c/8705623eb284e7df/IQR9q3xMF-WOSJg76JgYgjx1AUHVbVF2v8vhKxkQU8rPlOs?width=1920&height=1920
16-05-2024,2752.583008,2775.618655,2725.683688,2759.430107,1534319,14,Asian Paints,ASIANPAINT.NS,Stock,Consumer Goods,https://1drv.ms/i/c/8705623eb284e7df/IQR9q3xMF-WOSJg76JgYgjx1AUHVbVF2v8vhKxkQU8rPlOs?width=1920&height=1920
17-05-2024,2748.523438,2776.20533,2725.24349,2753.120967,1325150,14,Asian Paints,ASIANPAINT.NS,Stock,Consumer Goods,https://1drv.ms/i/c/8705623eb284e7df/IQR9q3xMF-WOSJg76JgYgjx1AUHVbVF2v8vhKxkQU8rPlOs?width=1920&height=1920
21-05-2024,2789.508301,2804.327284,2739.817875,2753.512074,921822,14,Asian Paints,ASIANPAINT.NS,Stock,Consumer Goods,https://1drv.ms/i/c/8705623eb284e7df/IQR9q3xMF-WOSJg76JgYgjx1AUHVbVF2v8vhKxkQU8rPlOs?width=1920&height=1920
22-05-2024,2822.716797,2831.76475,2774.640472,2789.508412,933846,14,Asian Paints,ASIANPAINT.NS,Stock,Consumer Goods,https://1drv.ms/i/c/8705623eb284e7df/IQR9q3xMF-WOSJg76JgYgjx1AUHVbVF2v8vhKxkQU8rPlOs?width=1920&height=1920
23-05-2024,2840.32373,2857.44148,2814.451522,2821.983285,1181894,14,Asian Paints,ASIANPAINT.NS,Stock,Consumer Goods,https://1drv.ms/i/c/8705623eb284e7df/IQR9q3xMF-WOSJg76JgYgjx1AUHVbVF2v8vhKxkQU8rPlOs?width=1920&height=1920
24-05-2024,2811.957275,2846.632899,2804.376557,2846.632899,755822,14,Asian Paints,ASIANPAINT.NS,Stock,Consumer Goods,https://1drv.ms/i/c/8705623eb284e7df/IQR9q3xMF-WOSJg76JgYgjx1AUHVbVF2v8vhKxkQU8rPlOs?width=1920&height=1920
27-05-2024,2809.560791,2834.992877,2793.176659,2824.819899,817091,14,Asian Paints,ASIANPAINT.NS,Stock,Consumer Goods,https://1drv.ms/i/c/8705623eb284e7df/IQR9q3xMF-WOSJg76JgYgjx1AUHVbVF2v8vhKxkQU8rPlOs?width=1920&height=1920
28-05-2024,2847.61084,2857.196827,2801.441873,2813.03313,1084544,14,Asian Paints,ASIANPAINT.NS,Stock,Consumer Goods,https://1drv.ms/i/c/8705623eb284e7df/IQR9q3xMF-WOSJg76JgYgjx1AUHVbVF2v8vhKxkQU8rPlOs?width=1920&height=1920
29-05-2024,2836.802246,2857.88158,2818.168544,2832.74299,1758297,14,Asian Paints,ASIANPAINT.NS,Stock,Consumer Goods,https://1drv.ms/i/c/8705623eb284e7df/IQR9q3xMF-WOSJg76JgYgjx1AUHVbVF2v8vhKxkQU8rPlOs?width=1920&height=1920
30-05-2024,2820.711426,2847.268533,2812.201507,2812.446047,1344426,14,Asian Paints,ASIANPAINT.NS,Stock,Consumer Goods,https://1drv.ms/i/c/8705623eb284e7df/IQR9q3xMF-WOSJg76JgYgjx1AUHVbVF2v8vhKxkQU8rPlOs?width=1920&height=1920
31-05-2024,2818.266357,2842.524703,2793.225677,2820.71175,2520363,14,Asian Paints,ASIANPAINT.NS,Stock,Consumer Goods,https://1drv.ms/i/c/8705623eb284e7df/IQR9q3xMF-WOSJg76JgYgjx1AUHVbVF2v8vhKxkQU8rPlOs?width=1920&height=1920
03-06-2024,2803.838379,2885.563453,2797.578269,2885.563453,952701,14,Asian Paints,ASIANPAINT.NS,Stock,Consumer Goods,https://1drv.ms/i/c/8705623eb284e7df/IQR9q3xMF-WOSJg76JgYgjx1AUHVbVF2v8vhKxkQU8rPlOs?width=1920&height=1920
04-06-2024,2795.230713,2833.721293,2715.119737,2817.092621,2683847,14,Asian Paints,ASIANPAINT.NS,Stock,Consumer Goods,https://1drv.ms/i/c/8705623eb284e7df/IQR9q3xMF-WOSJg76JgYgjx1AUHVbVF2v8vhKxkQU8rPlOs?width=1920&height=1920
05-06-2024,2897.056885,2961.175133,2801.931104,2801.931104,2410576,14,Asian Paints,ASIANPAINT.NS,Stock,Consumer Goods,https://1drv.ms/i/c/8705623eb284e7df/IQR9q3xMF-WOSJg76JgYgjx1AUHVbVF2v8vhKxkQU8rPlOs?width=1920&height=1920
06-06-2024,2841.35083,2897.05683,2819.293339,2895.345055,1689408,14,Asian Paints,ASIANPAINT.NS,Stock,Consumer Goods,https://1drv.ms/i/c/8705623eb284e7df/IQR9q3xMF-WOSJg76JgYgjx1AUHVbVF2v8vhKxkQU8rPlOs?width=1920&height=1920
07-06-2024,2863.750488,2878.814251,2825.749228,2841.350786,1600180,14,Asian Paints,ASIANPAINT.NS,Stock,Consumer Goods,https://1drv.ms/i/c/8705623eb284e7df/IQR9q3xMF-WOSJg76JgYgjx1AUHVbVF2v8vhKxkQU8rPlOs?width=1920&height=1920
10-06-2024,2873.385742,2887.422155,2851.328249,2864.044293,876867,14,Asian Paints,ASIANPAINT.NS,Stock,Consumer Goods,https://1drv.ms/i/c/8705623eb284e7df/IQR9q3xMF-WOSJg76JgYgjx1AUHVbVF2v8vhKxkQU8rPlOs?width=1920&height=1920
11-06-2024,2866.521484,2884.200051,2859.163754,2878.91618,855430,14,Asian Paints,ASIANPAINT.NS,Stock,Consumer Goods,https://1drv.ms/i/c/8705623eb284e7df/IQR9q3xMF-WOSJg76JgYgjx1AUHVbVF2v8vhKxkQU8rPlOs?width=1920&height=1920
12-06-2024,2869.830078,2881.87901,2830.176937,2872.990418,1701770,14,Asian Paints,ASIANPAINT.NS,Stock,Consumer Goods,https://1drv.ms/i/c/8705623eb284e7df/IQR9q3xMF-WOSJg76JgYgjx1AUHVbVF2v8vhKxkQU8rPlOs?width=1920&height=1920
13-06-2024,2873.978027,2892.742832,2869.039921,2892.742832,726380,14,Asian Paints,ASIANPAINT.NS,Stock,Consumer Goods,https://1drv.ms/i/c/8705623eb284e7df/IQR9q3xMF-WOSJg76JgYgjx1AUHVbVF2v8vhKxkQU8rPlOs?width=1920&height=1920
14-06-2024,2885.43457,2895.063878,2869.138818,2873.978066,982815,14,Asian Paints,ASIANPAINT.NS,Stock,Consumer Goods,https://1drv.ms/i/c/8705623eb284e7df/IQR9q3xMF-WOSJg76JgYgjx1AUHVbVF2v8vhKxkQU8rPlOs?width=1920&height=1920
18-06-2024,2882.372559,2891.75496,2869.039672,2885.434281,741098,14,Asian Paints,ASIANPAINT.NS,Stock,Consumer Goods,https://1drv.ms/i/c/8705623eb284e7df/IQR9q3xMF-WOSJg76JgYgjx1AUHVbVF2v8vhKxkQU8rPlOs?width=1920&height=1920
19-06-2024,2855.904541,2883.854273,2846.96652,2881.87903,1018294,14,Asian Paints,ASIANPAINT.NS,Stock,Consumer Goods,https://1drv.ms/i/c/8705623eb284e7df/IQR9q3xMF-WOSJg76JgYgjx1AUHVbVF2v8vhKxkQU8rPlOs?width=1920&height=1920
20-06-2024,2879.409912,2888.298504,2836.843337,2849.287462,1129752,14,Asian Paints,ASIANPAINT.NS,Stock,Consumer Goods,https://1drv.ms/i/c/8705623eb284e7df/IQR9q3xMF-WOSJg76JgYgjx1AUHVbVF2v8vhKxkQU8rPlOs?width=1920&height=1920
21-06-2024,2855.065186,2891.755221,2844.448256,2888.792357,1722379,14,Asian Paints,ASIANPAINT.NS,Stock,Consumer Goods,https://1drv.ms/i/c/8705623eb284e7df/IQR9q3xMF-WOSJg76JgYgjx1AUHVbVF2v8vhKxkQU8rPlOs?width=1920&height=1920
24-06-2024,2860.200684,2864.05231,2835.855674,2847.312178,892125,14,Asian Paints,ASIANPAINT.NS,Stock,Consumer Goods,https://1drv.ms/i/c/8705623eb284e7df/IQR9q3xMF-WOSJg76JgYgjx1AUHVbVF2v8vhKxkQU8rPlOs?width=1920&height=1920
25-06-2024,2823.066162,2859.114341,2820.646538,2840.398965,1217792,14,Asian Paints,ASIANPAINT.NS,Stock,Consumer Goods,https://1drv.ms/i/c/8705623eb284e7df/IQR9q3xMF-WOSJg76JgYgjx1AUHVbVF2v8vhKxkQU8rPlOs?width=1920&height=1920
26-06-2024,2827.905518,2838.275541,2808.844378,2824.794366,960622,14,Asian Paints,ASIANPAINT.NS,Stock,Consumer Goods,https://1drv.ms/i/c/8705623eb284e7df/IQR9q3xMF-WOSJg76JgYgjx1AUHVbVF2v8vhKxkQU8rPlOs?width=1920&height=1920
27-06-2024,2845.188721,2867.064435,2809.782403,2825.337438,1628022,14,Asian Paints,ASIANPAINT.NS,Stock,Consumer Goods,https://1drv.ms/i/c/8705623eb284e7df/IQR9q3xMF-WOSJg76JgYgjx1AUHVbVF2v8vhKxkQU8rPlOs?width=1920&height=1920
28-06-2024,2880.940674,2895.705564,2826.769551,2829.534939,1206712,14,Asian Paints,ASIANPAINT.NS,Stock,Consumer Goods,https://1drv.ms/i/c/8705623eb284e7df/IQR9q3xMF-WOSJg76JgYgjx1AUHVbVF2v8vhKxkQU8rPlOs?width=1920&height=1920
01-07-2024,2891.557617,2902.618927,2852.250242,2853.534198,1104110,14,Asian Paints,ASIANPAINT.NS,Stock,Consumer Goods,https://1drv.ms/i/c/8705623eb284e7df/IQR9q3xMF-WOSJg76JgYgjx1AUHVbVF2v8vhKxkQU8rPlOs?width=1920&height=1920
02-07-2024,2889.384766,2899.65593,2875.95302,2891.557484,1064295,14,Asian Paints,ASIANPAINT.NS,Stock,Consumer Goods,https://1drv.ms/i/c/8705623eb284e7df/IQR9q3xMF-WOSJg76JgYgjx1AUHVbVF2v8vhKxkQU8rPlOs?width=1920&height=1920
03-07-2024,2889.335449,2912.44569,2879.903618,2893.433981,925189,14,Asian Paints,ASIANPAINT.NS,Stock,Consumer Goods,https://1drv.ms/i/c/8705623eb284e7df/IQR9q3xMF-WOSJg76JgYgjx1AUHVbVF2v8vhKxkQU8rPlOs?width=1920&height=1920
04-07-2024,2898.569824,2931.704569,2886.817227,2903.60679,968666,14,Asian Paints,ASIANPAINT.NS,Stock,Consumer Goods,https://1drv.ms/i/c/8705623eb284e7df/IQR9q3xMF-WOSJg76JgYgjx1AUHVbVF2v8vhKxkQU8rPlOs?width=1920&height=1920
05-07-2024,2899.557129,2910.420963,2877.039557,2900.791655,817429,14,Asian Paints,ASIANPAINT.NS,Stock,Consumer Goods,https://1drv.ms/i/c/8705623eb284e7df/IQR9q3xMF-WOSJg76JgYgjx1AUHVbVF2v8vhKxkQU8rPlOs?width=1920&height=1920
08-07-2024,2862.274658,2899.557363,2854.916928,2899.557363,828260,14,Asian Paints,ASIANPAINT.NS,Stock,Consumer Goods,https://1drv.ms/i/c/8705623eb284e7df/IQR9q3xMF-WOSJg76JgYgjx1AUHVbVF2v8vhKxkQU8rPlOs?width=1920&height=1920
09-07-2024,2869.040039,2877.138486,2854.225719,2872.941095,685431,14,Asian Paints,ASIANPAINT.NS,Stock,Consumer Goods,https://1drv.ms/i/c/8705623eb284e7df/IQR9q3xMF-WOSJg76JgYgjx1AUHVbVF2v8vhKxkQU8rPlOs?width=1920&height=1920
10-07-2024,2959.35791,2977.184524,2858.521916,2864.15131,2299950,14,Asian Paints,ASIANPAINT.NS,Stock,Consumer Goods,https://1drv.ms/i/c/8705623eb284e7df/IQR9q3xMF-WOSJg76JgYgjx1AUHVbVF2v8vhKxkQU8rPlOs?width=1920&height=1920
11-07-2024,2984.640869,2992.49241,2936.197998,2961.876151,1968980,14,Asian Paints,ASIANPAINT.NS,Stock,Consumer Goods,https://1drv.ms/i/c/8705623eb284e7df/IQR9q3xMF-WOSJg76JgYgjx1AUHVbVF2v8vhKxkQU8rPlOs?width=1920&height=1920
12-07-2024,2962.024414,3014.220298,2934.124112,2987.554522,1879930,14,Asian Paints,ASIANPAINT.NS,Stock,Consumer Goods,https://1drv.ms/i/c/8705623eb284e7df/IQR9q3xMF-WOSJg76JgYgjx1AUHVbVF2v8vhKxkQU8rPlOs?width=1920&height=1920
15-07-2024,2919.902344,2961.876249,2896.248862,2961.876249,2425341,14,Asian Paints,ASIANPAINT.NS,Stock,Consumer Goods,https://1drv.ms/i/c/8705623eb284e7df/IQR9q3xMF-WOSJg76JgYgjx1AUHVbVF2v8vhKxkQU8rPlOs?width=1920&height=1920
16-07-2024,2937.629883,2978.616163,2905.087812,2922.371183,2085611,14,Asian Paints,ASIANPAINT.NS,Stock,Consumer Goods,https://1drv.ms/i/c/8705623eb284e7df/IQR9q3xMF-WOSJg76JgYgjx1AUHVbVF2v8vhKxkQU8rPlOs?width=1920&height=1920
18-07-2024,2895.26123,2921.284907,2806.819696,2839.411198,5384611,14,Asian Paints,ASIANPAINT.NS,Stock,Consumer Goods,https://1drv.ms/i/c/8705623eb284e7df/IQR9q3xMF-WOSJg76JgYgjx1AUHVbVF2v8vhKxkQU8rPlOs?width=1920&height=1920
19-07-2024,2909.581787,2943.111482,2881.138245,2888.79231,2164746,14,Asian Paints,ASIANPAINT.NS,Stock,Consumer Goods,https://1drv.ms/i/c/8705623eb284e7df/IQR9q3xMF-WOSJg76JgYgjx1AUHVbVF2v8vhKxkQU8rPlOs?width=1920&height=1920
22-07-2024,2897.977295,2936.543956,2881.039445,2900.643824,1616347,14,Asian Paints,ASIANPAINT.NS,Stock,Consumer Goods,https://1drv.ms/i/c/8705623eb284e7df/IQR9q3xMF-WOSJg76JgYgjx1AUHVbVF2v8vhKxkQU8rPlOs?width=1920&height=1920
23-07-2024,2861.237793,2910.816334,2850.2751,2897.977257,1906312,14,Asian Paints,ASIANPAINT.NS,Stock,Consumer Goods,https://1drv.ms/i/c/8705623eb284e7df/IQR9q3xMF-WOSJg76JgYgjx1AUHVbVF2v8vhKxkQU8rPlOs?width=1920&height=1920
24-07-2024,2876.743408,2890.767583,2850.472585,2865.089428,1476148,14,Asian Paints,ASIANPAINT.NS,Stock,Consumer Goods,https://1drv.ms/i/c/8705623eb284e7df/IQR9q3xMF-WOSJg76JgYgjx1AUHVbVF2v8vhKxkQU8rPlOs?width=1920&height=1920
25-07-2024,2865.484375,2872.694059,2849.534387,2856.25026,1239922,14,Asian Paints,ASIANPAINT.NS,Stock,Consumer Goods,https://1drv.ms/i/c/8705623eb284e7df/IQR9q3xMF-WOSJg76JgYgjx1AUHVbVF2v8vhKxkQU8rPlOs?width=1920&height=1920
26-07-2024,2913.630859,2927.753892,2864.793035,2866.274467,1359780,14,Asian Paints,ASIANPAINT.NS,Stock,Consumer Goods,https://1drv.ms/i/c/8705623eb284e7df/IQR9q3xMF-WOSJg76JgYgjx1AUHVbVF2v8vhKxkQU8rPlOs?width=1920&height=1920
29-07-2024,2918.124268,2928.395673,2899.6558,2916.494789,854408,14,Asian Paints,ASIANPAINT.NS,Stock,Consumer Goods,https://1drv.ms/i/c/8705623eb284e7df/IQR9q3xMF-WOSJg76JgYgjx1AUHVbVF2v8vhKxkQU8rPlOs?width=1920&height=1920
30-07-2024,2967.851318,2995.257808,2933.235145,2936.691819,2144591,14,Asian Paints,ASIANPAINT.NS,Stock,Consumer Goods,https://1drv.ms/i/c/8705623eb284e7df/IQR9q3xMF-WOSJg76JgYgjx1AUHVbVF2v8vhKxkQU8rPlOs?width=1920&height=1920
31-07-2024,3046.268555,3059.650872,2967.851518,2967.851518,3549501,14,Asian Paints,ASIANPAINT.NS,Stock,Consumer Goods,https://1drv.ms/i/c/8705623eb284e7df/IQR9q3xMF-WOSJg76JgYgjx1AUHVbVF2v8vhKxkQU8rPlOs?width=1920&height=1920
01-08-2024,3060.983887,3090.21733,3024.886283,3049.77429,1675122,14,Asian Paints,ASIANPAINT.NS,Stock,Consumer Goods,https://1drv.ms/i/c/8705623eb284e7df/IQR9q3xMF-WOSJg76JgYgjx1AUHVbVF2v8vhKxkQU8rPlOs?width=1920&height=1920
02-08-2024,3068.24292,3090.316352,3022.121055,3031.997268,1348780,14,Asian Paints,ASIANPAINT.NS,Stock,Consumer Goods,https://1drv.ms/i/c/8705623eb284e7df/IQR9q3xMF-WOSJg76JgYgjx1AUHVbVF2v8vhKxkQU8rPlOs?width=1920&height=1920
05-08-2024,3055.107666,3106.069022,3017.479439,3031.947995,2019141,14,Asian Paints,ASIANPAINT.NS,Stock,Consumer Goods,https://1drv.ms/i/c/8705623eb284e7df/IQR9q3xMF-WOSJg76JgYgjx1AUHVbVF2v8vhKxkQU8rPlOs?width=1920&height=1920
06-08-2024,3063.354492,3096.192902,3047.848885,3063.305063,885743,14,Asian Paints,ASIANPAINT.NS,Stock,Consumer Goods,https://1drv.ms/i/c/8705623eb284e7df/IQR9q3xMF-WOSJg76JgYgjx1AUHVbVF2v8vhKxkQU8rPlOs?width=1920&height=1920
07-08-2024,3063.058105,3079.897097,3022.170679,3063.35444,1907105,14,Asian Paints,ASIANPAINT.NS,Stock,Consumer Goods,https://1drv.ms/i/c/8705623eb284e7df/IQR9q3xMF-WOSJg76JgYgjx1AUHVbVF2v8vhKxkQU8rPlOs?width=1920&height=1920
08-08-2024,2968.197021,3051.453547,2953.382702,3041.873668,1280109,14,Asian Paints,ASIANPAINT.NS,Stock,Consumer Goods,https://1drv.ms/i/c/8705623eb284e7df/IQR9q3xMF-WOSJg76JgYgjx1AUHVbVF2v8vhKxkQU8rPlOs?width=1920&height=1920
09-08-2024,3002.961426,3014.960928,2929.28478,3001.381135,1665414,14,Asian Paints,ASIANPAINT.NS,Stock,Consumer Goods,https://1drv.ms/i/c/8705623eb284e7df/IQR9q3xMF-WOSJg76JgYgjx1AUHVbVF2v8vhKxkQU8rPlOs?width=1920&height=1920
12-08-2024,3015.405273,3045.824057,2966.51802,2982.616295,1736881,14,Asian Paints,ASIANPAINT.NS,Stock,Consumer Goods,https://1drv.ms/i/c/8705623eb284e7df/IQR9q3xMF-WOSJg76JgYgjx1AUHVbVF2v8vhKxkQU8rPlOs?width=1920&height=1920
13-08-2024,2986.122314,3021.923585,2975.702862,3017.084096,502260,14,Asian Paints,ASIANPAINT.NS,Stock,Consumer Goods,https://1drv.ms/i/c/8705623eb284e7df/IQR9q3xMF-WOSJg76JgYgjx1AUHVbVF2v8vhKxkQU8rPlOs?width=1920&height=1920
14-08-2024,2988.393799,2997.232961,2956.987395,2997.232961,454671,14,Asian Paints,ASIANPAINT.NS,Stock,Consumer Goods,https://1drv.ms/i/c/8705623eb284e7df/IQR9q3xMF-WOSJg76JgYgjx1AUHVbVF2v8vhKxkQU8rPlOs?width=1920&height=1920
16-08-2024,3010.417725,3016.195406,2965.82672,3016.195406,514229,14,Asian Paints,ASIANPAINT.NS,Stock,Consumer Goods,https://1drv.ms/i/c/8705623eb284e7df/IQR9q3xMF-WOSJg76JgYgjx1AUHVbVF2v8vhKxkQU8rPlOs?width=1920&height=1920
19-08-2024,3038.219238,3049.626312,3000.739061,3016.145807,542858,14,Asian Paints,ASIANPAINT.NS,Stock,Consumer Goods,https://1drv.ms/i/c/8705623eb284e7df/IQR9q3xMF-WOSJg76JgYgjx1AUHVbVF2v8vhKxkQU8rPlOs?width=1920&height=1920
20-08-2024,3064.786621,3067.897773,3039.898611,3057.675795,668282,14,Asian Paints,ASIANPAINT.NS,Stock,Consumer Goods,https://1drv.ms/i/c/8705623eb284e7df/IQR9q3xMF-WOSJg76JgYgjx1AUHVbVF2v8vhKxkQU8rPlOs?width=1920&height=1920
21-08-2024,3112.537842,3131.352075,3045.873406,3062.613539,1186536,14,Asian Paints,ASIANPAINT.NS,Stock,Consumer Goods,https://1drv.ms/i/c/8705623eb284e7df/IQR9q3xMF-WOSJg76JgYgjx1AUHVbVF2v8vhKxkQU8rPlOs?width=1920&height=1920
22-08-2024,3147.153809,3159.054451,3116.981933,3127.796337,1540888,14,Asian Paints,ASIANPAINT.NS,Stock,Consumer Goods,https://1drv.ms/i/c/8705623eb284e7df/IQR9q3xMF-WOSJg76JgYgjx1AUHVbVF2v8vhKxkQU8rPlOs?width=1920&height=1920
23-08-2024,3115.599365,3159.005513,3109.772496,3150.511874,779284,14,Asian Paints,ASIANPAINT.NS,Stock,Consumer Goods,https://1drv.ms/i/c/8705623eb284e7df/IQR9q3xMF-WOSJg76JgYgjx1AUHVbVF2v8vhKxkQU8rPlOs?width=1920&height=1920
26-08-2024,3132.093018,3138.117363,3102.612424,3115.945312,472874,14,Asian Paints,ASIANPAINT.NS,Stock,Consumer Goods,https://1drv.ms/i/c/8705623eb284e7df/IQR9q3xMF-WOSJg76JgYgjx1AUHVbVF2v8vhKxkQU8rPlOs?width=1920&height=1920
27-08-2024,3127.006592,3163.992962,3111.007175,3114.95766,1003501,14,Asian Paints,ASIANPAINT.NS,Stock,Consumer Goods,https://1drv.ms/i/c/8705623eb284e7df/IQR9q3xMF-WOSJg76JgYgjx1AUHVbVF2v8vhKxkQU8rPlOs?width=1920&height=1920
28-08-2024,3086.810303,3126.315154,3080.193288,3113.920459,538366,14,Asian Paints,ASIANPAINT.NS,Stock,Consumer Goods,https://1drv.ms/i/c/8705623eb284e7df/IQR9q3xMF-WOSJg76JgYgjx1AUHVbVF2v8vhKxkQU8rPlOs?width=1920&height=1920
29-08-2024,3077.280029,3105.032044,3054.416451,3086.810479,849866,14,Asian Paints,ASIANPAINT.NS,Stock,Consumer Goods,https://1drv.ms/i/c/8705623eb284e7df/IQR9q3xMF-WOSJg76JgYgjx1AUHVbVF2v8vhKxkQU8rPlOs?width=1920&height=1920
30-08-2024,3088.094238,3127.54966,3072.193439,3091.304007,1567031,14,Asian Paints,ASIANPAINT.NS,Stock,Consumer Goods,https://1drv.ms/i/c/8705623eb284e7df/IQR9q3xMF-WOSJg76JgYgjx1AUHVbVF2v8vhKxkQU8rPlOs?width=1920&height=1920
02-09-2024,3111.945313,3144.586245,3100.735955,3109.031878,702358,14,Asian Paints,ASIANPAINT.NS,Stock,Consumer Goods,https://1drv.ms/i/c/8705623eb284e7df/IQR9q3xMF-WOSJg76JgYgjx1AUHVbVF2v8vhKxkQU8rPlOs?width=1920&height=1920
03-09-2024,3115.797363,3135.253456,3108.53825,3125.772194,577471,14,Asian Paints,ASIANPAINT.NS,Stock,Consumer Goods,https://1drv.ms/i/c/8705623eb284e7df/IQR9q3xMF-WOSJg76JgYgjx1AUHVbVF2v8vhKxkQU8rPlOs?width=1920&height=1920
04-09-2024,3191.64624,3211.74443,3116.438976,3116.438976,2379110,14,Asian Paints,ASIANPAINT.NS,Stock,Consumer Goods,https://1drv.ms/i/c/8705623eb284e7df/IQR9q3xMF-WOSJg76JgYgjx1AUHVbVF2v8vhKxkQU8rPlOs?width=1920&height=1920
05-09-2024,3198.164551,3216.682449,3177.177599,3199.892888,1482119,14,Asian Paints,ASIANPAINT.NS,Stock,Consumer Goods,https://1drv.ms/i/c/8705623eb284e7df/IQR9q3xMF-WOSJg76JgYgjx1AUHVbVF2v8vhKxkQU8rPlOs?width=1920&height=1920
06-09-2024,3233.175781,3245.224713,3185.424436,3197.917749,2131256,14,Asian Paints,ASIANPAINT.NS,Stock,Consumer Goods,https://1drv.ms/i/c/8705623eb284e7df/IQR9q3xMF-WOSJg76JgYgjx1AUHVbVF2v8vhKxkQU8rPlOs?width=1920&height=1920
09-09-2024,3240.138672,3272.977081,3217.670287,3233.175893,1272289,14,Asian Paints,ASIANPAINT.NS,Stock,Consumer Goods,https://1drv.ms/i/c/8705623eb284e7df/IQR9q3xMF-WOSJg76JgYgjx1AUHVbVF2v8vhKxkQU8rPlOs?width=1920&height=1920
10-09-2024,3254.261475,3269.026364,3230.410277,3249.273939,928920,14,Asian Paints,ASIANPAINT.NS,Stock,Consumer Goods,https://1drv.ms/i/c/8705623eb284e7df/IQR9q3xMF-WOSJg76JgYgjx1AUHVbVF2v8vhKxkQU8rPlOs?width=1920&height=1920
11-09-2024,3325.765137,3341.073266,3273.96445,3273.96445,2561892,14,Asian Paints,ASIANPAINT.NS,Stock,Consumer Goods,https://1drv.ms/i/c/8705623eb284e7df/IQR9q3xMF-WOSJg76JgYgjx1AUHVbVF2v8vhKxkQU8rPlOs?width=1920&height=1920
12-09-2024,3341.369629,3350.998936,3298.951344,3328.283647,1643536,14,Asian Paints,ASIANPAINT.NS,Stock,Consumer Goods,https://1drv.ms/i/c/8705623eb284e7df/IQR9q3xMF-WOSJg76JgYgjx1AUHVbVF2v8vhKxkQU8rPlOs?width=1920&height=1920
13-09-2024,3316.481934,3327.987626,3279.791656,3314.01288,1029400,14,Asian Paints,ASIANPAINT.NS,Stock,Consumer Goods,https://1drv.ms/i/c/8705623eb284e7df/IQR9q3xMF-WOSJg76JgYgjx1AUHVbVF2v8vhKxkQU8rPlOs?width=1920&height=1920
16-09-2024,3294.50708,3352.875352,3289.371498,3318.407467,1019280,14,Asian Paints,ASIANPAINT.NS,Stock,Consumer Goods,https://1drv.ms/i/c/8705623eb284e7df/IQR9q3xMF-WOSJg76JgYgjx1AUHVbVF2v8vhKxkQU8rPlOs?width=1920&height=1920
17-09-2024,3271.791748,3308.432352,3260.927914,3294.507037,586834,14,Asian Paints,ASIANPAINT.NS,Stock,Consumer Goods,https://1drv.ms/i/c/8705623eb284e7df/IQR9q3xMF-WOSJg76JgYgjx1AUHVbVF2v8vhKxkQU8rPlOs?width=1920&height=1920
18-09-2024,3234.114014,3283.692796,3211.300106,3271.791911,410510,14,Asian Paints,ASIANPAINT.NS,Stock,Consumer Goods,https://1drv.ms/i/c/8705623eb284e7df/IQR9q3xMF-WOSJg76JgYgjx1AUHVbVF2v8vhKxkQU8rPlOs?width=1920&height=1920
19-09-2024,3253.07666,3278.902862,3234.459901,3253.224707,963456,14,Asian Paints,ASIANPAINT.NS,Stock,Consumer Goods,https://1drv.ms/i/c/8705623eb284e7df/IQR9q3xMF-WOSJg76JgYgjx1AUHVbVF2v8vhKxkQU8rPlOs?width=1920&height=1920
20-09-2024,3266.01416,3283.643297,3225.620546,3263.100726,1504277,14,Asian Paints,ASIANPAINT.NS,Stock,Consumer Goods,https://1drv.ms/i/c/8705623eb284e7df/IQR9q3xMF-WOSJg76JgYgjx1AUHVbVF2v8vhKxkQU8rPlOs?width=1920&height=1920
23-09-2024,3236.879395,3283.741977,3232.682004,3275.890436,522775,14,Asian Paints,ASIANPAINT.NS,Stock,Consumer Goods,https://1drv.ms/i/c/8705623eb284e7df/IQR9q3xMF-WOSJg76JgYgjx1AUHVbVF2v8vhKxkQU8rPlOs?width=1920&height=1920
24-09-2024,3208.188965,3256.928173,3200.979522,3236.879412,1057933,14,Asian Paints,ASIANPAINT.NS,Stock,Consumer Goods,https://1drv.ms/i/c/8705623eb284e7df/IQR9q3xMF-WOSJg76JgYgjx1AUHVbVF2v8vhKxkQU8rPlOs?width=1920&height=1920
25-09-2024,3204.583984,3211.744238,3167.054378,3211.744238,740636,14,Asian Paints,ASIANPAINT.NS,Stock,Consumer Goods,https://1drv.ms/i/c/8705623eb284e7df/IQR9q3xMF-WOSJg76JgYgjx1AUHVbVF2v8vhKxkQU8rPlOs?width=1920&height=1920
26-09-2024,3236.484375,3245.175491,3187.15274,3209.769171,951080,14,Asian Paints,ASIANPAINT.NS,Stock,Consumer Goods,https://1drv.ms/i/c/8705623eb284e7df/IQR9q3xMF-WOSJg76JgYgjx1AUHVbVF2v8vhKxkQU8rPlOs?width=1920&height=1920
27-09-2024,3269.767334,3296.630586,3236.484543,3250.212383,1315996,14,Asian Paints,ASIANPAINT.NS,Stock,Consumer Goods,https://1drv.ms/i/c/8705623eb284e7df/IQR9q3xMF-WOSJg76JgYgjx1AUHVbVF2v8vhKxkQU8rPlOs?width=1920&height=1920
30-09-2024,3287.890137,3316.432296,3264.236414,3269.76719,1088162,14,Asian Paints,ASIANPAINT.NS,Stock,Consumer Goods,https://1drv.ms/i/c/8705623eb284e7df/IQR9q3xMF-WOSJg76JgYgjx1AUHVbVF2v8vhKxkQU8rPlOs?width=1920&height=1920
01-10-2024,3236.780762,3287.741876,3203.892924,3275.93985,968660,14,Asian Paints,ASIANPAINT.NS,Stock,Consumer Goods,https://1drv.ms/i/c/8705623eb284e7df/IQR9q3xMF-WOSJg76JgYgjx1AUHVbVF2v8vhKxkQU8rPlOs?width=1920&height=1920
03-10-2024,3110.315674,3185.967317,3087.797861,3152.783388,1741363,14,Asian Paints,ASIANPAINT.NS,Stock,Consumer Goods,https://1drv.ms/i/c/8705623eb284e7df/IQR9q3xMF-WOSJg76JgYgjx1AUHVbVF2v8vhKxkQU8rPlOs?width=1920&height=1920
04-10-2024,3034.466553,3117.67365,3016.738798,3096.192886,1551818,14,Asian Paints,ASIANPAINT.NS,Stock,Consumer Goods,https://1drv.ms/i/c/8705623eb284e7df/IQR9q3xMF-WOSJg76JgYgjx1AUHVbVF2v8vhKxkQU8rPlOs?width=1920&height=1920
07-10-2024,3024.343506,3060.194209,3000.393688,3036.935678,909812,14,Asian Paints,ASIANPAINT.NS,Stock,Consumer Goods,https://1drv.ms/i/c/8705623eb284e7df/IQR9q3xMF-WOSJg76JgYgjx1AUHVbVF2v8vhKxkQU8rPlOs?width=1920&height=1920
08-10-2024,3049.823975,3060.63838,3007.948687,3020.145907,817718,14,Asian Paints,ASIANPAINT.NS,Stock,Consumer Goods,https://1drv.ms/i/c/8705623eb284e7df/IQR9q3xMF-WOSJg76JgYgjx1AUHVbVF2v8vhKxkQU8rPlOs?width=1920&height=1920
09-10-2024,3040.738037,3107.748,3033.725829,3057.231265,1225598,14,Asian Paints,ASIANPAINT.NS,Stock,Consumer Goods,https://1drv.ms/i/c/8705623eb284e7df/IQR9q3xMF-WOSJg76JgYgjx1AUHVbVF2v8vhKxkQU8rPlOs?width=1920&height=1920
10-10-2024,3021.232422,3056.68793,3005.331622,3051.799253,1161933,14,Asian Paints,ASIANPAINT.NS,Stock,Consumer Goods,https://1drv.ms/i/c/8705623eb284e7df/IQR9q3xMF-WOSJg76JgYgjx1AUHVbVF2v8vhKxkQU8rPlOs?width=1920&height=1920
11-10-2024,2999.603271,3026.07157,2988.541961,3021.330939,976017,14,Asian Paints,ASIANPAINT.NS,Stock,Consumer Goods,https://1drv.ms/i/c/8705623eb284e7df/IQR9q3xMF-WOSJg76JgYgjx1AUHVbVF2v8vhKxkQU8rPlOs?width=1920&height=1920
14-10-2024,3001.529053,3017.182946,2979.850814,2999.405763,716011,14,Asian Paints,ASIANPAINT.NS,Stock,Consumer Goods,https://1drv.ms/i/c/8705623eb284e7df/IQR9q3xMF-WOSJg76JgYgjx1AUHVbVF2v8vhKxkQU8rPlOs?width=1920&height=1920
15-10-2024,3029.133301,3058.465604,3009.923874,3036.935412,1242322,14,Asian Paints,ASIANPAINT.NS,Stock,Consumer Goods,https://1drv.ms/i/c/8705623eb284e7df/IQR9q3xMF-WOSJg76JgYgjx1AUHVbVF2v8vhKxkQU8rPlOs?width=1920&height=1920
16-10-2024,3043.94751,3065.131937,3028.14557,3049.774379,764001,14,Asian Paints,ASIANPAINT.NS,Stock,Consumer Goods,https://1drv.ms/i/c/8705623eb284e7df/IQR9q3xMF-WOSJg76JgYgjx1AUHVbVF2v8vhKxkQU8rPlOs?width=1920&height=1920
17-10-2024,3018.022705,3046.81177,2999.405947,3044.737669,674481,14,Asian Paints,ASIANPAINT.NS,Stock,Consumer Goods,https://1drv.ms/i/c/8705623eb284e7df/IQR9q3xMF-WOSJg76JgYgjx1AUHVbVF2v8vhKxkQU8rPlOs?width=1920&height=1920
18-10-2024,2955.11084,3031.00963,2943.704007,3019.158175,899318,14,Asian Paints,ASIANPAINT.NS,Stock,Consumer Goods,https://1drv.ms/i/c/8705623eb284e7df/IQR9q3xMF-WOSJg76JgYgjx1AUHVbVF2v8vhKxkQU8rPlOs?width=1920&height=1920
21-10-2024,3011.45459,3019.158084,2963.406914,2969.826452,806970,14,Asian Paints,ASIANPAINT.NS,Stock,Consumer Goods,https://1drv.ms/i/c/8705623eb284e7df/IQR9q3xMF-WOSJg76JgYgjx1AUHVbVF2v8vhKxkQU8rPlOs?width=1920&height=1920
22-10-2024,2969.629395,3020.096702,2958.17289,3016.195645,541838,14,Asian Paints,ASIANPAINT.NS,Stock,Consumer Goods,https://1drv.ms/i/c/8705623eb284e7df/IQR9q3xMF-WOSJg76JgYgjx1AUHVbVF2v8vhKxkQU8rPlOs?width=1920&height=1920
23-10-2024,2952.691406,2989.035919,2935.259986,2962.814525,624689,14,Asian Paints,ASIANPAINT.NS,Stock,Consumer Goods,https://1drv.ms/i/c/8705623eb284e7df/IQR9q3xMF-WOSJg76JgYgjx1AUHVbVF2v8vhKxkQU8rPlOs?width=1920&height=1920
24-10-2024,2935.210449,2965.135422,2914.470402,2952.691298,571259,14,Asian Paints,ASIANPAINT.NS,Stock,Consumer Goods,https://1drv.ms/i/c/8705623eb284e7df/IQR9q3xMF-WOSJg76JgYgjx1AUHVbVF2v8vhKxkQU8rPlOs?width=1920&height=1920
25-10-2024,2921.383789,2978.221443,2915.458061,2938.667162,1047769,14,Asian Paints,ASIANPAINT.NS,Stock,Consumer Goods,https://1drv.ms/i/c/8705623eb284e7df/IQR9q3xMF-WOSJg76JgYgjx1AUHVbVF2v8vhKxkQU8rPlOs?width=1920&height=1920
28-10-2024,2964.690918,2984.295055,2926.371166,2950.913409,504961,14,Asian Paints,ASIANPAINT.NS,Stock,Consumer Goods,https://1drv.ms/i/c/8705623eb284e7df/IQR9q3xMF-WOSJg76JgYgjx1AUHVbVF2v8vhKxkQU8rPlOs?width=1920&height=1920
29-10-2024,2955.80249,2990.517282,2904.693088,2982.616312,613459,14,Asian Paints,ASIANPAINT.NS,Stock,Consumer Goods,https://1drv.ms/i/c/8705623eb284e7df/IQR9q3xMF-WOSJg76JgYgjx1AUHVbVF2v8vhKxkQU8rPlOs?width=1920&height=1920
30-10-2024,2959.55542,2968.789776,2926.865298,2968.789776,812725,14,Asian Paints,ASIANPAINT.NS,Stock,Consumer Goods,https://1drv.ms/i/c/8705623eb284e7df/IQR9q3xMF-WOSJg76JgYgjx1AUHVbVF2v8vhKxkQU8rPlOs?width=1920&height=1920
31-10-2024,2899.310547,2959.407403,2882.866748,2957.135826,1031171,14,Asian Paints,ASIANPAINT.NS,Stock,Consumer Goods,https://1drv.ms/i/c/8705623eb284e7df/IQR9q3xMF-WOSJg76JgYgjx1AUHVbVF2v8vhKxkQU8rPlOs?width=1920&height=1920
01-11-2024,2903.458496,2929.037791,2893.73033,2921.383726,112249,14,Asian Paints,ASIANPAINT.NS,Stock,Consumer Goods,https://1drv.ms/i/c/8705623eb284e7df/IQR9q3xMF-WOSJg76JgYgjx1AUHVbVF2v8vhKxkQU8rPlOs?width=1920&height=1920
04-11-2024,2879.212402,2925.482315,2849.78124,2925.482315,1146008,14,Asian Paints,ASIANPAINT.NS,Stock,Consumer Goods,https://1drv.ms/i/c/8705623eb284e7df/IQR9q3xMF-WOSJg76JgYgjx1AUHVbVF2v8vhKxkQU8rPlOs?width=1920&height=1920
05-11-2024,2851.559082,2882.669154,2837.139714,2859.163718,935417,14,Asian Paints,ASIANPAINT.NS,Stock,Consumer Goods,https://1drv.ms/i/c/8705623eb284e7df/IQR9q3xMF-WOSJg76JgYgjx1AUHVbVF2v8vhKxkQU8rPlOs?width=1920&height=1920
06-11-2024,2861.435059,2871.854511,2824.596738,2854.719186,1817087,14,Asian Paints,ASIANPAINT.NS,Stock,Consumer Goods,https://1drv.ms/i/c/8705623eb284e7df/IQR9q3xMF-WOSJg76JgYgjx1AUHVbVF2v8vhKxkQU8rPlOs?width=1920&height=1920
07-11-2024,2807.65918,2868.990315,2790.030044,2864.101638,1112489,14,Asian Paints,ASIANPAINT.NS,Stock,Consumer Goods,https://1drv.ms/i/c/8705623eb284e7df/IQR9q3xMF-WOSJg76JgYgjx1AUHVbVF2v8vhKxkQU8rPlOs?width=1920&height=1920
08-11-2024,2735.167725,2811.757804,2728.204946,2807.659272,2060410,14,Asian Paints,ASIANPAINT.NS,Stock,Consumer Goods,https://1drv.ms/i/c/8705623eb284e7df/IQR9q3xMF-WOSJg76JgYgjx1AUHVbVF2v8vhKxkQU8rPlOs?width=1920&height=1920
11-11-2024,2511.619629,2566.580654,2474.978785,2533.297867,8854840,14,Asian Paints,ASIANPAINT.NS,Stock,Consumer Goods,https://1drv.ms/i/c/8705623eb284e7df/IQR9q3xMF-WOSJg76JgYgjx1AUHVbVF2v8vhKxkQU8rPlOs?width=1920&height=1920
12-11-2024,2444.2146,2503.619923,2439.42454,2503.619923,3445898,14,Asian Paints,ASIANPAINT.NS,Stock,Consumer Goods,https://1drv.ms/i/c/8705623eb284e7df/IQR9q3xMF-WOSJg76JgYgjx1AUHVbVF2v8vhKxkQU8rPlOs?width=1920&height=1920
13-11-2024,2439.918457,2467.078043,2420.7587,2439.424646,1803766,14,Asian Paints,ASIANPAINT.NS,Stock,Consumer Goods,https://1drv.ms/i/c/8705623eb284e7df/IQR9q3xMF-WOSJg76JgYgjx1AUHVbVF2v8vhKxkQU8rPlOs?width=1920&height=1920
14-11-2024,2452.411621,2470.781473,2435.671489,2452.066098,1206967,14,Asian Paints,ASIANPAINT.NS,Stock,Consumer Goods,https://1drv.ms/i/c/8705623eb284e7df/IQR9q3xMF-WOSJg76JgYgjx1AUHVbVF2v8vhKxkQU8rPlOs?width=1920&height=1920
18-11-2024,2452.955078,2488.805781,2440.214859,2488.805781,945471,14,Asian Paints,ASIANPAINT.NS,Stock,Consumer Goods,https://1drv.ms/i/c/8705623eb284e7df/IQR9q3xMF-WOSJg76JgYgjx1AUHVbVF2v8vhKxkQU8rPlOs?width=1920&height=1920
19-11-2024,2457.159668,2476.451295,2445.931097,2461.413767,941508,14,Asian Paints,ASIANPAINT.NS,Stock,Consumer Goods,https://1drv.ms/i/c/8705623eb284e7df/IQR9q3xMF-WOSJg76JgYgjx1AUHVbVF2v8vhKxkQU8rPlOs?width=1920&height=1920
21-11-2024,2402.202881,2439.599001,2399.086638,2428.469218,1377572,14,Asian Paints,ASIANPAINT.NS,Stock,Consumer Goods,https://1drv.ms/i/c/8705623eb284e7df/IQR9q3xMF-WOSJg76JgYgjx1AUHVbVF2v8vhKxkQU8rPlOs?width=1920&height=1920
22-11-2024,2445.782471,2467.300054,2397.058747,2404.033461,3805843,14,Asian Paints,ASIANPAINT.NS,Stock,Consumer Goods,https://1drv.ms/i/c/8705623eb284e7df/IQR9q3xMF-WOSJg76JgYgjx1AUHVbVF2v8vhKxkQU8rPlOs?width=1920&height=1920
25-11-2024,2433.416016,2481.150424,2423.86923,2478.231996,1857124,14,Asian Paints,ASIANPAINT.NS,Stock,Consumer Goods,https://1drv.ms/i/c/8705623eb284e7df/IQR9q3xMF-WOSJg76JgYgjx1AUHVbVF2v8vhKxkQU8rPlOs?width=1920&height=1920
26-11-2024,2478.231934,2491.093017,2431.33854,2433.613769,1152258,14,Asian Paints,ASIANPAINT.NS,Stock,Consumer Goods,https://1drv.ms/i/c/8705623eb284e7df/IQR9q3xMF-WOSJg76JgYgjx1AUHVbVF2v8vhKxkQU8rPlOs?width=1920&height=1920
27-11-2024,2465.271729,2490.746567,2453.498987,2490.598266,864653,14,Asian Paints,ASIANPAINT.NS,Stock,Consumer Goods,https://1drv.ms/i/c/8705623eb284e7df/IQR9q3xMF-WOSJg76JgYgjx1AUHVbVF2v8vhKxkQU8rPlOs?width=1920&height=1920
28-11-2024,2431.783691,2479.221257,2427.084449,2473.285372,1506133,14,Asian Paints,ASIANPAINT.NS,Stock,Consumer Goods,https://1drv.ms/i/c/8705623eb284e7df/IQR9q3xMF-WOSJg76JgYgjx1AUHVbVF2v8vhKxkQU8rPlOs?width=1920&height=1920
29-11-2024,2453.103516,2464.876258,2428.815804,2431.783747,1030854,14,Asian Paints,ASIANPAINT.NS,Stock,Consumer Goods,https://1drv.ms/i/c/8705623eb284e7df/IQR9q3xMF-WOSJg76JgYgjx1AUHVbVF2v8vhKxkQU8rPlOs?width=1920&height=1920
02-12-2024,2452.559082,2459.434766,2435.048271,2453.103253,914624,14,Asian Paints,ASIANPAINT.NS,Stock,Consumer Goods,https://1drv.ms/i/c/8705623eb284e7df/IQR9q3xMF-WOSJg76JgYgjx1AUHVbVF2v8vhKxkQU8rPlOs?width=1920&height=1920
03-12-2024,2443.012207,2467.349431,2437.17535,2467.349431,1341985,14,Asian Paints,ASIANPAINT.NS,Stock,Consumer Goods,https://1drv.ms/i/c/8705623eb284e7df/IQR9q3xMF-WOSJg76JgYgjx1AUHVbVF2v8vhKxkQU8rPlOs?width=1920&height=1920
04-12-2024,2433.168457,2452.608624,2426.985244,2452.410568,1005012,14,Asian Paints,ASIANPAINT.NS,Stock,Consumer Goods,https://1drv.ms/i/c/8705623eb284e7df/IQR9q3xMF-WOSJg76JgYgjx1AUHVbVF2v8vhKxkQU8rPlOs?width=1920&height=1920
05-12-2024,2425.996094,2440.538963,2397.998455,2438.659363,3190834,14,Asian Paints,ASIANPAINT.NS,Stock,Consumer Goods,https://1drv.ms/i/c/8705623eb284e7df/IQR9q3xMF-WOSJg76JgYgjx1AUHVbVF2v8vhKxkQU8rPlOs?width=1920&height=1920
06-12-2024,2403.736328,2441.627105,2401.065228,2441.627105,1735948,14,Asian Paints,ASIANPAINT.NS,Stock,Consumer Goods,https://1drv.ms/i/c/8705623eb284e7df/IQR9q3xMF-WOSJg76JgYgjx1AUHVbVF2v8vhKxkQU8rPlOs?width=1920&height=1920
09-12-2024,2366.29126,2412.937328,2361.492989,2412.096314,2301281,14,Asian Paints,ASIANPAINT.NS,Stock,Consumer Goods,https://1drv.ms/i/c/8705623eb284e7df/IQR9q3xMF-WOSJg76JgYgjx1AUHVbVF2v8vhKxkQU8rPlOs?width=1920&height=1920
10-12-2024,2363.372559,2378.954257,2359.563844,2374.255015,1657888,14,Asian Paints,ASIANPAINT.NS,Stock,Consumer Goods,https://1drv.ms/i/c/8705623eb284e7df/IQR9q3xMF-WOSJg76JgYgjx1AUHVbVF2v8vhKxkQU8rPlOs?width=1920&height=1920
11-12-2024,2391.468994,2402.054607,2367.082257,2374.106484,1337700,14,Asian Paints,ASIANPAINT.NS,Stock,Consumer Goods,https://1drv.ms/i/c/8705623eb284e7df/IQR9q3xMF-WOSJg76JgYgjx1AUHVbVF2v8vhKxkQU8rPlOs?width=1920&height=1920
12-12-2024,2364.015869,2389.193868,2355.260342,2387.21524,1089028,14,Asian Paints,ASIANPAINT.NS,Stock,Consumer Goods,https://1drv.ms/i/c/8705623eb284e7df/IQR9q3xMF-WOSJg76JgYgjx1AUHVbVF2v8vhKxkQU8rPlOs?width=1920&height=1920
13-12-2024,2381.922119,2386.225732,2328.845512,2364.015678,1150861,14,Asian Paints,ASIANPAINT.NS,Stock,Consumer Goods,https://1drv.ms/i/c/8705623eb284e7df/IQR9q3xMF-WOSJg76JgYgjx1AUHVbVF2v8vhKxkQU8rPlOs?width=1920&height=1920
16-12-2024,2376.579834,2394.090646,2360.65178,2394.090646,987775,14,Asian Paints,ASIANPAINT.NS,Stock,Consumer Goods,https://1drv.ms/i/c/8705623eb284e7df/IQR9q3xMF-WOSJg76JgYgjx1AUHVbVF2v8vhKxkQU8rPlOs?width=1920&height=1920
17-12-2024,2330.824219,2374.255015,2325.382991,2362.482273,1258218,14,Asian Paints,ASIANPAINT.NS,Stock,Consumer Goods,https://1drv.ms/i/c/8705623eb284e7df/IQR9q3xMF-WOSJg76JgYgjx1AUHVbVF2v8vhKxkQU8rPlOs?width=1920&height=1920
18-12-2024,2320.386719,2347.345528,2315.984319,2331.61553,855682,14,Asian Paints,ASIANPAINT.NS,Stock,Consumer Goods,https://1drv.ms/i/c/8705623eb284e7df/IQR9q3xMF-WOSJg76JgYgjx1AUHVbVF2v8vhKxkQU8rPlOs?width=1920&height=1920
19-12-2024,2267.359619,2300.155285,2241.142795,2300.155285,2784409,14,Asian Paints,ASIANPAINT.NS,Stock,Consumer Goods,https://1drv.ms/i/c/8705623eb284e7df/IQR9q3xMF-WOSJg76JgYgjx1AUHVbVF2v8vhKxkQU8rPlOs?width=1920&height=1920
20-12-2024,2257.961182,2293.230133,2251.67894,2272.454537,1719502,14,Asian Paints,ASIANPAINT.NS,Stock,Consumer Goods,https://1drv.ms/i/c/8705623eb284e7df/IQR9q3xMF-WOSJg76JgYgjx1AUHVbVF2v8vhKxkQU8rPlOs?width=1920&height=1920
23-12-2024,2254.844727,2277.945308,2241.835342,2275.422509,855647,14,Asian Paints,ASIANPAINT.NS,Stock,Consumer Goods,https://1drv.ms/i/c/8705623eb284e7df/IQR9q3xMF-WOSJg76JgYgjx1AUHVbVF2v8vhKxkQU8rPlOs?width=1920&height=1920
24-12-2024,2259.593506,2270.475961,2252.816607,2257.713906,601558,14,Asian Paints,ASIANPAINT.NS,Stock,Consumer Goods,https://1drv.ms/i/c/8705623eb284e7df/IQR9q3xMF-WOSJg76JgYgjx1AUHVbVF2v8vhKxkQU8rPlOs?width=1920&height=1920
26-12-2024,2238.224121,2263.006488,2232.387265,2259.593402,1267334,14,Asian Paints,ASIANPAINT.NS,Stock,Consumer Goods,https://1drv.ms/i/c/8705623eb284e7df/IQR9q3xMF-WOSJg76JgYgjx1AUHVbVF2v8vhKxkQU8rPlOs?width=1920&height=1920
27-12-2024,2247.128174,2266.321014,2235.899603,2245.990559,821790,14,Asian Paints,ASIANPAINT.NS,Stock,Consumer Goods,https://1drv.ms/i/c/8705623eb284e7df/IQR9q3xMF-WOSJg76JgYgjx1AUHVbVF2v8vhKxkQU8rPlOs?width=1920&height=1920
30-12-2024,2263.798096,2274.235408,2232.684214,2255.883583,1076940,14,Asian Paints,ASIANPAINT.NS,Stock,Consumer Goods,https://1drv.ms/i/c/8705623eb284e7df/IQR9q3xMF-WOSJg76JgYgjx1AUHVbVF2v8vhKxkQU8rPlOs?width=1920&height=1920
31-12-2024,2256.971924,2273.097551,2248.711054,2255.636253,685486,14,Asian Paints,ASIANPAINT.NS,Stock,Consumer Goods,https://1drv.ms/i/c/8705623eb284e7df/IQR9q3xMF-WOSJg76JgYgjx1AUHVbVF2v8vhKxkQU8rPlOs?width=1920&height=1920
01-01-2025,2280.022705,2298.37453,2255.636208,2255.636208,1067328,14,Asian Paints,ASIANPAINT.NS,Stock,Consumer Goods,https://1drv.ms/i/c/8705623eb284e7df/IQR9q3xMF-WOSJg76JgYgjx1AUHVbVF2v8vhKxkQU8rPlOs?width=1920&height=1920
02-01-2025,2318.210449,2322.860178,2269.486726,2289.273009,1342922,14,Asian Paints,ASIANPAINT.NS,Stock,Consumer Goods,https://1drv.ms/i/c/8705623eb284e7df/IQR9q3xMF-WOSJg76JgYgjx1AUHVbVF2v8vhKxkQU8rPlOs?width=1920&height=1920
03-01-2025,2310.988281,2323.849365,2297.335698,2318.952308,1355319,14,Asian Paints,ASIANPAINT.NS,Stock,Consumer Goods,https://1drv.ms/i/c/8705623eb284e7df/IQR9q3xMF-WOSJg76JgYgjx1AUHVbVF2v8vhKxkQU8rPlOs?width=1920&height=1920
06-01-2025,2242.923584,2314.99522,2232.585299,2310.988449,1190987,14,Asian Paints,ASIANPAINT.NS,Stock,Consumer Goods,https://1drv.ms/i/c/8705623eb284e7df/IQR9q3xMF-WOSJg76JgYgjx1AUHVbVF2v8vhKxkQU8rPlOs?width=1920&height=1920
07-01-2025,2268.101563,2291.251415,2247.721596,2247.721596,740798,14,Asian Paints,ASIANPAINT.NS,Stock,Consumer Goods,https://1drv.ms/i/c/8705623eb284e7df/IQR9q3xMF-WOSJg76JgYgjx1AUHVbVF2v8vhKxkQU8rPlOs?width=1920&height=1920
08-01-2025,2309.405518,2313.016418,2248.414157,2262.610911,1439632,14,Asian Paints,ASIANPAINT.NS,Stock,Consumer Goods,https://1drv.ms/i/c/8705623eb284e7df/IQR9q3xMF-WOSJg76JgYgjx1AUHVbVF2v8vhKxkQU8rPlOs?width=1920&height=1920
09-01-2025,2325.086182,2336.166452,2296.495098,2316.874825,1362304,14,Asian Paints,ASIANPAINT.NS,Stock,Consumer Goods,https://1drv.ms/i/c/8705623eb284e7df/IQR9q3xMF-WOSJg76JgYgjx1AUHVbVF2v8vhKxkQU8rPlOs?width=1920&height=1920
10-01-2025,2295.950928,2323.800026,2291.251685,2310.64234,1214334,14,Asian Paints,ASIANPAINT.NS,Stock,Consumer Goods,https://1drv.ms/i/c/8705623eb284e7df/IQR9q3xMF-WOSJg76JgYgjx1AUHVbVF2v8vhKxkQU8rPlOs?width=1920&height=1920
13-01-2025,2228.578369,2277.30209,2222.395156,2267.260648,1181928,14,Asian Paints,ASIANPAINT.NS,Stock,Consumer Goods,https://1drv.ms/i/c/8705623eb284e7df/IQR9q3xMF-WOSJg76JgYgjx1AUHVbVF2v8vhKxkQU8rPlOs?width=1920&height=1920
14-01-2025,2216.01416,2261.918481,2213.095732,2244.753784,1316807,14,Asian Paints,ASIANPAINT.NS,Stock,Consumer Goods,https://1drv.ms/i/c/8705623eb284e7df/IQR9q3xMF-WOSJg76JgYgjx1AUHVbVF2v8vhKxkQU8rPlOs?width=1920&height=1920
15-01-2025,2205.873779,2229.666834,2196.27748,2224.967591,1308999,14,Asian Paints,ASIANPAINT.NS,Stock,Consumer Goods,https://1drv.ms/i/c/8705623eb284e7df/IQR9q3xMF-WOSJg76JgYgjx1AUHVbVF2v8vhKxkQU8rPlOs?width=1920&height=1920
16-01-2025,2191.924561,2215.915429,2184.207862,2215.074415,1936087,14,Asian Paints,ASIANPAINT.NS,Stock,Consumer Goods,https://1drv.ms/i/c/8705623eb284e7df/IQR9q3xMF-WOSJg76JgYgjx1AUHVbVF2v8vhKxkQU8rPlOs?width=1920&height=1920
17-01-2025,2236.839355,2244.803383,2188.857618,2201.867003,878848,14,Asian Paints,ASIANPAINT.NS,Stock,Consumer Goods,https://1drv.ms/i/c/8705623eb284e7df/IQR9q3xMF-WOSJg76JgYgjx1AUHVbVF2v8vhKxkQU8rPlOs?width=1920&height=1920
20-01-2025,2256.18042,2262.46242,2226.946139,2247.969064,555716,14,Asian Paints,ASIANPAINT.NS,Stock,Consumer Goods,https://1drv.ms/i/c/8705623eb284e7df/IQR9q3xMF-WOSJg76JgYgjx1AUHVbVF2v8vhKxkQU8rPlOs?width=1920&height=1920
21-01-2025,2236.196289,2290.26221,2230.903362,2256.180386,1410294,14,Asian Paints,ASIANPAINT.NS,Stock,Consumer Goods,https://1drv.ms/i/c/8705623eb284e7df/IQR9q3xMF-WOSJg76JgYgjx1AUHVbVF2v8vhKxkQU8rPlOs?width=1920&height=1920
22-01-2025,2237.92749,2245.742975,2220.911095,2245.742975,835523,14,Asian Paints,ASIANPAINT.NS,Stock,Consumer Goods,https://1drv.ms/i/c/8705623eb284e7df/IQR9q3xMF-WOSJg76JgYgjx1AUHVbVF2v8vhKxkQU8rPlOs?width=1920&height=1920
23-01-2025,2252.025391,2277.203388,2222.197424,2237.927664,1142465,14,Asian Paints,ASIANPAINT.NS,Stock,Consumer Goods,https://1drv.ms/i/c/8705623eb284e7df/IQR9q3xMF-WOSJg76JgYgjx1AUHVbVF2v8vhKxkQU8rPlOs?width=1920&height=1920
24-01-2025,2238.224121,2272.009342,2230.952807,2258.604088,543202,14,Asian Paints,ASIANPAINT.NS,Stock,Consumer Goods,https://1drv.ms/i/c/8705623eb284e7df/IQR9q3xMF-WOSJg76JgYgjx1AUHVbVF2v8vhKxkQU8rPlOs?width=1920&height=1920
27-01-2025,2227.440918,2253.410416,2222.197504,2231.20036,1097939,14,Asian Paints,ASIANPAINT.NS,Stock,Consumer Goods,https://1drv.ms/i/c/8705623eb284e7df/IQR9q3xMF-WOSJg76JgYgjx1AUHVbVF2v8vhKxkQU8rPlOs?width=1920&height=1920
28-01-2025,2217.844482,2242.824664,2210.226812,2235.849951,897501,14,Asian Paints,ASIANPAINT.NS,Stock,Consumer Goods,https://1drv.ms/i/c/8705623eb284e7df/IQR9q3xMF-WOSJg76JgYgjx1AUHVbVF2v8vhKxkQU8rPlOs?width=1920&height=1920
29-01-2025,2199.393799,2222.791225,2188.412556,2217.844654,1281088,14,Asian Paints,ASIANPAINT.NS,Stock,Consumer Goods,https://1drv.ms/i/c/8705623eb284e7df/IQR9q3xMF-WOSJg76JgYgjx1AUHVbVF2v8vhKxkQU8rPlOs?width=1920&height=1920
30-01-2025,2225.80835,2235.107805,2191.330658,2199.393471,1155718,14,Asian Paints,ASIANPAINT.NS,Stock,Consumer Goods,https://1drv.ms/i/c/8705623eb284e7df/IQR9q3xMF-WOSJg76JgYgjx1AUHVbVF2v8vhKxkQU8rPlOs?width=1920&height=1920
31-01-2025,2276.214111,2280.369183,2210.96889,2230.903474,1292909,14,Asian Paints,ASIANPAINT.NS,Stock,Consumer Goods,https://1drv.ms/i/c/8705623eb284e7df/IQR9q3xMF-WOSJg76JgYgjx1AUHVbVF2v8vhKxkQU8rPlOs?width=1920&height=1920
01-02-2025,2326.025879,2363.471516,2260.879687,2287.294326,1318619,14,Asian Paints,ASIANPAINT.NS,Stock,Consumer Goods,https://1drv.ms/i/c/8705623eb284e7df/IQR9q3xMF-WOSJg76JgYgjx1AUHVbVF2v8vhKxkQU8rPlOs?width=1920&height=1920
03-02-2025,2267.755371,2339.183805,2253.360802,2326.025878,1070382,14,Asian Paints,ASIANPAINT.NS,Stock,Consumer Goods,https://1drv.ms/i/c/8705623eb284e7df/IQR9q3xMF-WOSJg76JgYgjx1AUHVbVF2v8vhKxkQU8rPlOs?width=1920&height=1920
04-02-2025,2329.191895,2392.755329,2239.559935,2280.022787,5373733,14,Asian Paints,ASIANPAINT.NS,Stock,Consumer Goods,https://1drv.ms/i/c/8705623eb284e7df/IQR9q3xMF-WOSJg76JgYgjx1AUHVbVF2v8vhKxkQU8rPlOs?width=1920&height=1920
05-02-2025,2250.887451,2271.02009,2213.343028,2244.753752,3474642,14,Asian Paints,ASIANPAINT.NS,Stock,Consumer Goods,https://1drv.ms/i/c/8705623eb284e7df/IQR9q3xMF-WOSJg76JgYgjx1AUHVbVF2v8vhKxkQU8rPlOs?width=1920&height=1920
06-02-2025,2239.213623,2274.334277,2236.09738,2262.759349,1285954,14,Asian Paints,ASIANPAINT.NS,Stock,Consumer Goods,https://1drv.ms/i/c/8705623eb284e7df/IQR9q3xMF-WOSJg76JgYgjx1AUHVbVF2v8vhKxkQU8rPlOs?width=1920&height=1920
07-02-2025,2246.732422,2251.975835,2219.22944,2241.785851,1336756,14,Asian Paints,ASIANPAINT.NS,Stock,Consumer Goods,https://1drv.ms/i/c/8705623eb284e7df/IQR9q3xMF-WOSJg76JgYgjx1AUHVbVF2v8vhKxkQU8rPlOs?width=1920&height=1920
10-02-2025,2245.891602,2253.657815,2229.914273,2246.782129,1181565,14,Asian Paints,ASIANPAINT.NS,Stock,Consumer Goods,https://1drv.ms/i/c/8705623eb284e7df/IQR9q3xMF-WOSJg76JgYgjx1AUHVbVF2v8vhKxkQU8rPlOs?width=1920&height=1920
11-02-2025,2216.904785,2258.505253,2202.213373,2254.647025,1607942,14,Asian Paints,ASIANPAINT.NS,Stock,Consumer Goods,https://1drv.ms/i/c/8705623eb284e7df/IQR9q3xMF-WOSJg76JgYgjx1AUHVbVF2v8vhKxkQU8rPlOs?width=1920&height=1920
12-02-2025,2204.439209,2223.928649,2162.343844,2217.893978,1181706,14,Asian Paints,ASIANPAINT.NS,Stock,Consumer Goods,https://1drv.ms/i/c/8705623eb284e7df/IQR9q3xMF-WOSJg76JgYgjx1AUHVbVF2v8vhKxkQU8rPlOs?width=1920&height=1920
13-02-2025,2212.501953,2225.907207,2196.277299,2204.43914,921923,14,Asian Paints,ASIANPAINT.NS,Stock,Consumer Goods,https://1drv.ms/i/c/8705623eb284e7df/IQR9q3xMF-WOSJg76JgYgjx1AUHVbVF2v8vhKxkQU8rPlOs?width=1920&height=1920
14-02-2025,2207.456787,2226.501085,2179.459147,2212.502145,1380052,14,Asian Paints,ASIANPAINT.NS,Stock,Consumer Goods,https://1drv.ms/i/c/8705623eb284e7df/IQR9q3xMF-WOSJg76JgYgjx1AUHVbVF2v8vhKxkQU8rPlOs?width=1920&height=1920
17-02-2025,2226.797852,2235.849979,2202.262812,2207.456712,923900,14,Asian Paints,ASIANPAINT.NS,Stock,Consumer Goods,https://1drv.ms/i/c/8705623eb284e7df/IQR9q3xMF-WOSJg76JgYgjx1AUHVbVF2v8vhKxkQU8rPlOs?width=1920&height=1920
18-02-2025,2213.689209,2227.885721,2195.040543,2223.977978,735853,14,Asian Paints,ASIANPAINT.NS,Stock,Consumer Goods,https://1drv.ms/i/c/8705623eb284e7df/IQR9q3xMF-WOSJg76JgYgjx1AUHVbVF2v8vhKxkQU8rPlOs?width=1920&height=1920
19-02-2025,2215.17334,2225.758953,2202.312256,2213.689369,645234,14,Asian Paints,ASIANPAINT.NS,Stock,Consumer Goods,https://1drv.ms/i/c/8705623eb284e7df/IQR9q3xMF-WOSJg76JgYgjx1AUHVbVF2v8vhKxkQU8rPlOs?width=1920&height=1920
20-02-2025,2225.016846,2232.980872,2207.209193,2215.173219,637442,14,Asian Paints,ASIANPAINT.NS,Stock,Consumer Goods,https://1drv.ms/i/c/8705623eb284e7df/IQR9q3xMF-WOSJg76JgYgjx1AUHVbVF2v8vhKxkQU8rPlOs?width=1920&height=1920
21-02-2025,2233.47583,2241.588158,2213.095861,2225.017145,755585,14,Asian Paints,ASIANPAINT.NS,Stock,Consumer Goods,https://1drv.ms/i/c/8705623eb284e7df/IQR9q3xMF-WOSJg76JgYgjx1AUHVbVF2v8vhKxkQU8rPlOs?width=1920&height=1920
24-02-2025,2222.197266,2234.860534,2217.052881,2221.900423,765042,14,Asian Paints,ASIANPAINT.NS,Stock,Consumer Goods,https://1drv.ms/i/c/8705623eb284e7df/IQR9q3xMF-WOSJg76JgYgjx1AUHVbVF2v8vhKxkQU8rPlOs?width=1920&height=1920
25-02-2025,2200.976563,2232.980971,2194.00185,2222.197302,947702,14,Asian Paints,ASIANPAINT.NS,Stock,Consumer Goods,https://1drv.ms/i/c/8705623eb284e7df/IQR9q3xMF-WOSJg76JgYgjx1AUHVbVF2v8vhKxkQU8rPlOs?width=1920&height=1920
27-02-2025,2189.995117,2204.587501,2174.512448,2190.341474,1027196,14,Asian Paints,ASIANPAINT.NS,Stock,Consumer Goods,https://1drv.ms/i/c/8705623eb284e7df/IQR9q3xMF-WOSJg76JgYgjx1AUHVbVF2v8vhKxkQU8rPlOs?width=1920&height=1920
28-02-2025,2156.45752,2187.719943,2152.549777,2186.384273,1701193,14,Asian Paints,ASIANPAINT.NS,Stock,Consumer Goods,https://1drv.ms/i/c/8705623eb284e7df/IQR9q3xMF-WOSJg76JgYgjx1AUHVbVF2v8vhKxkQU8rPlOs?width=1920&height=1920
03-03-2025,2143.25,2169.912209,2106.249749,2156.45744,959068,14,Asian Paints,ASIANPAINT.NS,Stock,Consumer Goods,https://1drv.ms/i/c/8705623eb284e7df/IQR9q3xMF-WOSJg76JgYgjx1AUHVbVF2v8vhKxkQU8rPlOs?width=1920&height=1920
04-03-2025,2109.316895,2136.770363,2102.045339,2131.032293,2180989,14,Asian Paints,ASIANPAINT.NS,Stock,Consumer Goods,https://1drv.ms/i/c/8705623eb284e7df/IQR9q3xMF-WOSJg76JgYgjx1AUHVbVF2v8vhKxkQU8rPlOs?width=1920&height=1920
05-03-2025,2141.02417,2159.475024,2102.045288,2109.217816,1535212,14,Asian Paints,ASIANPAINT.NS,Stock,Consumer Goods,https://1drv.ms/i/c/8705623eb284e7df/IQR9q3xMF-WOSJg76JgYgjx1AUHVbVF2v8vhKxkQU8rPlOs?width=1920&height=1920
06-03-2025,2243.467529,2250.689571,2159.771702,2166.449572,1985096,14,Asian Paints,ASIANPAINT.NS,Stock,Consumer Goods,https://1drv.ms/i/c/8705623eb284e7df/IQR9q3xMF-WOSJg76JgYgjx1AUHVbVF2v8vhKxkQU8rPlOs?width=1920&height=1920
07-03-2025,2245.743164,2253.608163,2223.978252,2243.467693,921429,14,Asian Paints,ASIANPAINT.NS,Stock,Consumer Goods,https://1drv.ms/i/c/8705623eb284e7df/IQR9q3xMF-WOSJg76JgYgjx1AUHVbVF2v8vhKxkQU8rPlOs?width=1920&height=1920
10-03-2025,2254.251465,2268.497493,2237.680452,2245.743266,1072395,14,Asian Paints,ASIANPAINT.NS,Stock,Consumer Goods,https://1drv.ms/i/c/8705623eb284e7df/IQR9q3xMF-WOSJg76JgYgjx1AUHVbVF2v8vhKxkQU8rPlOs?width=1920&height=1920
11-03-2025,2262.957275,2266.419875,2233.772506,2249.700561,601228,14,Asian Paints,ASIANPAINT.NS,Stock,Consumer Goods,https://1drv.ms/i/c/8705623eb284e7df/IQR9q3xMF-WOSJg76JgYgjx1AUHVbVF2v8vhKxkQU8rPlOs?width=1920&height=1920
12-03-2025,2227.24292,2271.415699,2222.988821,2262.957015,749216,14,Asian Paints,ASIANPAINT.NS,Stock,Consumer Goods,https://1drv.ms/i/c/8705623eb284e7df/IQR9q3xMF-WOSJg76JgYgjx1AUHVbVF2v8vhKxkQU8rPlOs?width=1920&height=1920
13-03-2025,2207.456787,2233.079928,2198.750774,2231.150814,747470,14,Asian Paints,ASIANPAINT.NS,Stock,Consumer Goods,https://1drv.ms/i/c/8705623eb284e7df/IQR9q3xMF-WOSJg76JgYgjx1AUHVbVF2v8vhKxkQU8rPlOs?width=1920&height=1920
17-03-2025,2195.832275,2215.321716,2172.583393,2181.437706,838015,14,Asian Paints,ASIANPAINT.NS,Stock,Consumer Goods,https://1drv.ms/i/c/8705623eb284e7df/IQR9q3xMF-WOSJg76JgYgjx1AUHVbVF2v8vhKxkQU8rPlOs?width=1920&height=1920
18-03-2025,2195.832275,2195.832275,2195.832275,2195.832275,0,14,Asian Paints,ASIANPAINT.NS,Stock,Consumer Goods,https://1drv.ms/i/c/8705623eb284e7df/IQR9q3xMF-WOSJg76JgYgjx1AUHVbVF2v8vhKxkQU8rPlOs?width=1920&height=1920
19-03-2025,2256.328613,2263.50114,2243.616072,2249.700257,663292,14,Asian Paints,ASIANPAINT.NS,Stock,Consumer Goods,https://1drv.ms/i/c/8705623eb284e7df/IQR9q3xMF-WOSJg76JgYgjx1AUHVbVF2v8vhKxkQU8rPlOs?width=1920&height=1920
20-03-2025,2262.759277,2282.347746,2244.50648,2265.529405,1166849,14,Asian Paints,ASIANPAINT.NS,Stock,Consumer Goods,https://1drv.ms/i/c/8705623eb284e7df/IQR9q3xMF-WOSJg76JgYgjx1AUHVbVF2v8vhKxkQU8rPlOs?width=1920&height=1920
21-03-2025,2275.818359,2289.767787,2253.509517,2267.16186,1624115,14,Asian Paints,ASIANPAINT.NS,Stock,Consumer Goods,https://1drv.ms/i/c/8705623eb284e7df/IQR9q3xMF-WOSJg76JgYgjx1AUHVbVF2v8vhKxkQU8rPlOs?width=1920&height=1920
24-03-2025,2297.681885,2305.349069,2277.499975,2277.796576,1100353,14,Asian Paints,ASIANPAINT.NS,Stock,Consumer Goods,https://1drv.ms/i/c/8705623eb284e7df/IQR9q3xMF-WOSJg76JgYgjx1AUHVbVF2v8vhKxkQU8rPlOs?width=1920&height=1920
25-03-2025,2305.843994,2319.447064,2283.337097,2300.155438,1828005,14,Asian Paints,ASIANPAINT.NS,Stock,Consumer Goods,https://1drv.ms/i/c/8705623eb284e7df/IQR9q3xMF-WOSJg76JgYgjx1AUHVbVF2v8vhKxkQU8rPlOs?width=1920&height=1920
26-03-2025,2298.324951,2315.93479,2279.379683,2314.99499,1934287,14,Asian Paints,ASIANPAINT.NS,Stock,Consumer Goods,https://1drv.ms/i/c/8705623eb284e7df/IQR9q3xMF-WOSJg76JgYgjx1AUHVbVF2v8vhKxkQU8rPlOs?width=1920&height=1920
27-03-2025,2313.115479,2324.987248,2266.024029,2290.262225,1497861,14,Asian Paints,ASIANPAINT.NS,Stock,Consumer Goods,https://1drv.ms/i/c/8705623eb284e7df/IQR9q3xMF-WOSJg76JgYgjx1AUHVbVF2v8vhKxkQU8rPlOs?width=1920&height=1920
28-03-2025,2315.638184,2338.738767,2300.155513,2318.902969,1281871,14,Asian Paints,ASIANPAINT.NS,Stock,Consumer Goods,https://1drv.ms/i/c/8705623eb284e7df/IQR9q3xMF-WOSJg76JgYgjx1AUHVbVF2v8vhKxkQU8rPlOs?width=1920&height=1920
01-04-2025,2291.251465,2336.463071,2281.110995,2316.973632,970583,14,Asian Paints,ASIANPAINT.NS,Stock,Consumer Goods,https://1drv.ms/i/c/8705623eb284e7df/IQR9q3xMF-WOSJg76JgYgjx1AUHVbVF2v8vhKxkQU8rPlOs?width=1920&height=1920
02-04-2025,2282.001465,2303.519048,2267.656409,2303.123419,792693,14,Asian Paints,ASIANPAINT.NS,Stock,Consumer Goods,https://1drv.ms/i/c/8705623eb284e7df/IQR9q3xMF-WOSJg76JgYgjx1AUHVbVF2v8vhKxkQU8rPlOs?width=1920&height=1920
03-04-2025,2324.294678,2329.735906,2265.331697,2270.476082,608846,14,Asian Paints,ASIANPAINT.NS,Stock,Consumer Goods,https://1drv.ms/i/c/8705623eb284e7df/IQR9q3xMF-WOSJg76JgYgjx1AUHVbVF2v8vhKxkQU8rPlOs?width=1920&height=1920
04-04-2025,2330.873535,2338.68902,2278.192559,2324.294451,1163188,14,Asian Paints,ASIANPAINT.NS,Stock,Consumer Goods,https://1drv.ms/i/c/8705623eb284e7df/IQR9q3xMF-WOSJg76JgYgjx1AUHVbVF2v8vhKxkQU8rPlOs?width=1920&height=1920
07-04-2025,2316.330811,2328.845538,2166.598015,2166.598015,1745817,14,Asian Paints,ASIANPAINT.NS,Stock,Consumer Goods,https://1drv.ms/i/c/8705623eb284e7df/IQR9q3xMF-WOSJg76JgYgjx1AUHVbVF2v8vhKxkQU8rPlOs?width=1920&height=1920
08-04-2025,2368.615967,2394.140321,2330.824213,2330.824213,1876867,14,Asian Paints,ASIANPAINT.NS,Stock,Consumer Goods,https://1drv.ms/i/c/8705623eb284e7df/IQR9q3xMF-WOSJg76JgYgjx1AUHVbVF2v8vhKxkQU8rPlOs?width=1920&height=1920
09-04-2025,2385.384766,2403.489263,2365.351154,2374.354009,1186937,14,Asian Paints,ASIANPAINT.NS,Stock,Consumer Goods,https://1drv.ms/i/c/8705623eb284e7df/IQR9q3xMF-WOSJg76JgYgjx1AUHVbVF2v8vhKxkQU8rPlOs?width=1920&height=1920
11-04-2025,2368.022461,2421.841054,2354.81502,2413.431884,968152,14,Asian Paints,ASIANPAINT.NS,Stock,Consumer Goods,https://1drv.ms/i/c/8705623eb284e7df/IQR9q3xMF-WOSJg76JgYgjx1AUHVbVF2v8vhKxkQU8rPlOs?width=1920&height=1920
15-04-2025,2389.88623,2399.086901,2359.514333,2389.094731,1141122,14,Asian Paints,ASIANPAINT.NS,Stock,Consumer Goods,https://1drv.ms/i/c/8705623eb284e7df/IQR9q3xMF-WOSJg76JgYgjx1AUHVbVF2v8vhKxkQU8rPlOs?width=1920&height=1920
16-04-2025,2433.61377,2442.121968,2378.014363,2379.399548,1166695,14,Asian Paints,ASIANPAINT.NS,Stock,Consumer Goods,https://1drv.ms/i/c/8705623eb284e7df/IQR9q3xMF-WOSJg76JgYgjx1AUHVbVF2v8vhKxkQU8rPlOs?width=1920&height=1920
17-04-2025,2441.528076,2449.937246,2405.022484,2433.613564,885840,14,Asian Paints,ASIANPAINT.NS,Stock,Consumer Goods,https://1drv.ms/i/c/8705623eb284e7df/IQR9q3xMF-WOSJg76JgYgjx1AUHVbVF2v8vhKxkQU8rPlOs?width=1920&height=1920
21-04-2025,2418.873047,2444.496186,2414.91579,2439.549616,541913,14,Asian Paints,ASIANPAINT.NS,Stock,Consumer Goods,https://1drv.ms/i/c/8705623eb284e7df/IQR9q3xMF-WOSJg76JgYgjx1AUHVbVF2v8vhKxkQU8rPlOs?width=1920&height=1920
22-04-2025,2406.011963,2423.819617,2387.709651,2418.873047,543647,14,Asian Paints,ASIANPAINT.NS,Stock,Consumer Goods,https://1drv.ms/i/c/8705623eb284e7df/IQR9q3xMF-WOSJg76JgYgjx1AUHVbVF2v8vhKxkQU8rPlOs?width=1920&height=1920
23-04-2025,2426.886719,2430.349318,2399.680579,2410.958664,744684,14,Asian Paints,ASIANPAINT.NS,Stock,Consumer Goods,https://1drv.ms/i/c/8705623eb284e7df/IQR9q3xMF-WOSJg76JgYgjx1AUHVbVF2v8vhKxkQU8rPlOs?width=1920&height=1920
24-04-2025,2438.065674,2464.381527,2409.870221,2423.819647,1203452,14,Asian Paints,ASIANPAINT.NS,Stock,Consumer Goods,https://1drv.ms/i/c/8705623eb284e7df/IQR9q3xMF-WOSJg76JgYgjx1AUHVbVF2v8vhKxkQU8rPlOs?width=1920&height=1920
25-04-2025,2405.616211,2442.319618,2387.907344,2437.966733,702217,14,Asian Paints,ASIANPAINT.NS,Stock,Consumer Goods,https://1drv.ms/i/c/8705623eb284e7df/IQR9q3xMF-WOSJg76JgYgjx1AUHVbVF2v8vhKxkQU8rPlOs?width=1920&height=1920
28-04-2025,2425.996094,2433.514978,2379.300514,2394.041199,554920,14,Asian Paints,ASIANPAINT.NS,Stock,Consumer Goods,https://1drv.ms/i/c/8705623eb284e7df/IQR9q3xMF-WOSJg76JgYgjx1AUHVbVF2v8vhKxkQU8rPlOs?width=1920&height=1920
29-04-2025,2424.907959,2445.584528,2415.509475,2433.712758,1235066,14,Asian Paints,ASIANPAINT.NS,Stock,Consumer Goods,https://1drv.ms/i/c/8705623eb284e7df/IQR9q3xMF-WOSJg76JgYgjx1AUHVbVF2v8vhKxkQU8rPlOs?width=1920&height=1920
30-04-2025,2399.779297,2435.889264,2375.837943,2423.819679,1479669,14,Asian Paints,ASIANPAINT.NS,Stock,Consumer Goods,https://1drv.ms/i/c/8705623eb284e7df/IQR9q3xMF-WOSJg76JgYgjx1AUHVbVF2v8vhKxkQU8rPlOs?width=1920&height=1920
02-05-2025,2384.24707,2418.774037,2372.375301,2399.086782,744673,14,Asian Paints,ASIANPAINT.NS,Stock,Consumer Goods,https://1drv.ms/i/c/8705623eb284e7df/IQR9q3xMF-WOSJg76JgYgjx1AUHVbVF2v8vhKxkQU8rPlOs?width=1920&height=1920
05-05-2025,2410.859375,2448.552338,2397.207034,2397.207034,1229588,14,Asian Paints,ASIANPAINT.NS,Stock,Consumer Goods,https://1drv.ms/i/c/8705623eb284e7df/IQR9q3xMF-WOSJg76JgYgjx1AUHVbVF2v8vhKxkQU8rPlOs?width=1920&height=1920
06-05-2025,2392.161621,2423.720646,2365.549167,2415.905161,702802,14,Asian Paints,ASIANPAINT.NS,Stock,Consumer Goods,https://1drv.ms/i/c/8705623eb284e7df/IQR9q3xMF-WOSJg76JgYgjx1AUHVbVF2v8vhKxkQU8rPlOs?width=1920&height=1920
07-05-2025,2309.158203,2379.99295,2293.724806,2362.482138,1711738,14,Asian Paints,ASIANPAINT.NS,Stock,Consumer Goods,https://1drv.ms/i/c/8705623eb284e7df/IQR9q3xMF-WOSJg76JgYgjx1AUHVbVF2v8vhKxkQU8rPlOs?width=1920&height=1920
08-05-2025,2277.994629,2323.997732,2268.991774,2297.187225,2292261,14,Asian Paints,ASIANPAINT.NS,Stock,Consumer Goods,https://1drv.ms/i/c/8705623eb284e7df/IQR9q3xMF-WOSJg76JgYgjx1AUHVbVF2v8vhKxkQU8rPlOs?width=1920&height=1920
09-05-2025,2275.026855,2306.882722,2221.010208,2222.593207,1503010,14,Asian Paints,ASIANPAINT.NS,Stock,Consumer Goods,https://1drv.ms/i/c/8705623eb284e7df/IQR9q3xMF-WOSJg76JgYgjx1AUHVbVF2v8vhKxkQU8rPlOs?width=1920&height=1920
12-05-2025,2331.219727,2353.083666,2296.198103,2305.10193,940135,14,Asian Paints,ASIANPAINT.NS,Stock,Consumer Goods,https://1drv.ms/i/c/8705623eb284e7df/IQR9q3xMF-WOSJg76JgYgjx1AUHVbVF2v8vhKxkQU8rPlOs?width=1920&height=1920
13-05-2025,2299.759766,2332.802762,2290.361281,2328.845505,1220489,14,Asian Paints,ASIANPAINT.NS,Stock,Consumer Goods,https://1drv.ms/i/c/8705623eb284e7df/IQR9q3xMF-WOSJg76JgYgjx1AUHVbVF2v8vhKxkQU8rPlOs?width=1920&height=1920
14-05-2025,2257.911621,2294.2194,2252.767236,2294.2194,1549845,14,Asian Paints,ASIANPAINT.NS,Stock,Consumer Goods,https://1drv.ms/i/c/8705623eb284e7df/IQR9q3xMF-WOSJg76JgYgjx1AUHVbVF2v8vhKxkQU8rPlOs?width=1920&height=1920
15-05-2025,2305.00293,2310.543186,2243.764481,2260.582821,1675015,14,Asian Paints,ASIANPAINT.NS,Stock,Consumer Goods,https://1drv.ms/i/c/8705623eb284e7df/IQR9q3xMF-WOSJg76JgYgjx1AUHVbVF2v8vhKxkQU8rPlOs?width=1920&height=1920
16-05-2025,2328.449951,2329.834894,2290.262327,2308.960269,785113,14,Asian Paints,ASIANPAINT.NS,Stock,Consumer Goods,https://1drv.ms/i/c/8705623eb284e7df/IQR9q3xMF-WOSJg76JgYgjx1AUHVbVF2v8vhKxkQU8rPlOs?width=1920&height=1920
19-05-2025,2306.487061,2353.479486,2301.738546,2328.450029,552961,14,Asian Paints,ASIANPAINT.NS,Stock,Consumer Goods,https://1drv.ms/i/c/8705623eb284e7df/IQR9q3xMF-WOSJg76JgYgjx1AUHVbVF2v8vhKxkQU8rPlOs?width=1920&height=1920
20-05-2025,2271.06958,2322.612701,2266.914268,2322.414886,1095824,14,Asian Paints,ASIANPAINT.NS,Stock,Consumer Goods,https://1drv.ms/i/c/8705623eb284e7df/IQR9q3xMF-WOSJg76JgYgjx1AUHVbVF2v8vhKxkQU8rPlOs?width=1920&height=1920
21-05-2025,2287.689941,2291.449383,2265.529401,2271.465286,469330,14,Asian Paints,ASIANPAINT.NS,Stock,Consumer Goods,https://1drv.ms/i/c/8705623eb284e7df/IQR9q3xMF-WOSJg76JgYgjx1AUHVbVF2v8vhKxkQU8rPlOs?width=1920&height=1920
22-05-2025,2274.630859,2285.3155,2258.703048,2284.524,916504,14,Asian Paints,ASIANPAINT.NS,Stock,Consumer Goods,https://1drv.ms/i/c/8705623eb284e7df/IQR9q3xMF-WOSJg76JgYgjx1AUHVbVF2v8vhKxkQU8rPlOs?width=1920&height=1920
23-05-2025,2290.756836,2304.112577,2270.475897,2277.203281,458035,14,Asian Paints,ASIANPAINT.NS,Stock,Consumer Goods,https://1drv.ms/i/c/8705623eb284e7df/IQR9q3xMF-WOSJg76JgYgjx1AUHVbVF2v8vhKxkQU8rPlOs?width=1920&height=1920
26-05-2025,2302.331787,2313.016428,2278.192619,2291.251517,1258062,14,Asian Paints,ASIANPAINT.NS,Stock,Consumer Goods,https://1drv.ms/i/c/8705623eb284e7df/IQR9q3xMF-WOSJg76JgYgjx1AUHVbVF2v8vhKxkQU8rPlOs?width=1920&height=1920
27-05-2025,2302.727783,2326.471324,2276.510957,2288.382728,2485428,14,Asian Paints,ASIANPAINT.NS,Stock,Consumer Goods,https://1drv.ms/i/c/8705623eb284e7df/IQR9q3xMF-WOSJg76JgYgjx1AUHVbVF2v8vhKxkQU8rPlOs?width=1920&height=1920
28-05-2025,2278.588379,2308.06999,2275.719464,2302.72779,774808,14,Asian Paints,ASIANPAINT.NS,Stock,Consumer Goods,https://1drv.ms/i/c/8705623eb284e7df/IQR9q3xMF-WOSJg76JgYgjx1AUHVbVF2v8vhKxkQU8rPlOs?width=1920&height=1920
29-05-2025,2269.783447,2284.326317,2262.066749,2278.588246,1414643,14,Asian Paints,ASIANPAINT.NS,Stock,Consumer Goods,https://1drv.ms/i/c/8705623eb284e7df/IQR9q3xMF-WOSJg76JgYgjx1AUHVbVF2v8vhKxkQU8rPlOs?width=1920&height=1920
30-05-2025,2234.959717,2279.379826,2230.903432,2271.95997,3610431,14,Asian Paints,ASIANPAINT.NS,Stock,Consumer Goods,https://1drv.ms/i/c/8705623eb284e7df/IQR9q3xMF-WOSJg76JgYgjx1AUHVbVF2v8vhKxkQU8rPlOs?width=1920&height=1920
02-06-2025,2242.478516,2248.018772,2233.772502,2234.959872,702789,14,Asian Paints,ASIANPAINT.NS,Stock,Consumer Goods,https://1drv.ms/i/c/8705623eb284e7df/IQR9q3xMF-WOSJg76JgYgjx1AUHVbVF2v8vhKxkQU8rPlOs?width=1920&height=1920
03-06-2025,2231.595947,2262.858372,2222.69212,2248.315502,792587,14,Asian Paints,ASIANPAINT.NS,Stock,Consumer Goods,https://1drv.ms/i/c/8705623eb284e7df/IQR9q3xMF-WOSJg76JgYgjx1AUHVbVF2v8vhKxkQU8rPlOs?width=1920&height=1920
04-06-2025,2224.967529,2236.839299,2216.953988,2225.462186,768079,14,Asian Paints,ASIANPAINT.NS,Stock,Consumer Goods,https://1drv.ms/i/c/8705623eb284e7df/IQR9q3xMF-WOSJg76JgYgjx1AUHVbVF2v8vhKxkQU8rPlOs?width=1920&height=1920
05-06-2025,2219.526367,2236.839365,2209.138568,2227.045252,996614,14,Asian Paints,ASIANPAINT.NS,Stock,Consumer Goods,https://1drv.ms/i/c/8705623eb284e7df/IQR9q3xMF-WOSJg76JgYgjx1AUHVbVF2v8vhKxkQU8rPlOs?width=1920&height=1920
06-06-2025,2221.208008,2228.529077,2215.074309,2225.066478,822087,14,Asian Paints,ASIANPAINT.NS,Stock,Consumer Goods,https://1drv.ms/i/c/8705623eb284e7df/IQR9q3xMF-WOSJg76JgYgjx1AUHVbVF2v8vhKxkQU8rPlOs?width=1920&height=1920
09-06-2025,2223.87915,2231.694877,2212.106409,2216.063665,1041851,14,Asian Paints,ASIANPAINT.NS,Stock,Consumer Goods,https://1drv.ms/i/c/8705623eb284e7df/IQR9q3xMF-WOSJg76JgYgjx1AUHVbVF2v8vhKxkQU8rPlOs?width=1920&height=1920
10-06-2025,2215.442383,2236.509602,2211.748197,2236.509602,1809051,14,Asian Paints,ASIANPAINT.NS,Stock,Consumer Goods,https://1drv.ms/i/c/8705623eb284e7df/IQR9q3xMF-WOSJg76JgYgjx1AUHVbVF2v8vhKxkQU8rPlOs?width=1920&height=1920
11-06-2025,2205.358154,2222.431362,2203.76055,2205.557794,1430888,14,Asian Paints,ASIANPAINT.NS,Stock,Consumer Goods,https://1drv.ms/i/c/8705623eb284e7df/IQR9q3xMF-WOSJg76JgYgjx1AUHVbVF2v8vhKxkQU8rPlOs?width=1920&height=1920
12-06-2025,2215.94165,2259.473811,2204.659453,2220.53458,3417373,14,Asian Paints,ASIANPAINT.NS,Stock,Consumer Goods,https://1drv.ms/i/c/8705623eb284e7df/IQR9q3xMF-WOSJg76JgYgjx1AUHVbVF2v8vhKxkQU8rPlOs?width=1920&height=1920
13-06-2025,2210.749756,2213.645383,2171.411247,2171.610887,1786807,14,Asian Paints,ASIANPAINT.NS,Stock,Consumer Goods,https://1drv.ms/i/c/8705623eb284e7df/IQR9q3xMF-WOSJg76JgYgjx1AUHVbVF2v8vhKxkQU8rPlOs?width=1920&height=1920
16-06-2025,2241.302002,2246.49385,2205.857321,2210.749588,1301826,14,Asian Paints,ASIANPAINT.NS,Stock,Consumer Goods,https://1drv.ms/i/c/8705623eb284e7df/IQR9q3xMF-WOSJg76JgYgjx1AUHVbVF2v8vhKxkQU8rPlOs?width=1920&height=1920
17-06-2025,2261.270996,2277.445704,2223.529848,2227.523615,1540986,14,Asian Paints,ASIANPAINT.NS,Stock,Consumer Goods,https://1drv.ms/i/c/8705623eb284e7df/IQR9q3xMF-WOSJg76JgYgjx1AUHVbVF2v8vhKxkQU8rPlOs?width=1920&height=1920
18-06-2025,2277.844971,2280.441017,2251.486205,2253.483089,1131156,14,Asian Paints,ASIANPAINT.NS,Stock,Consumer Goods,https://1drv.ms/i/c/8705623eb284e7df/IQR9q3xMF-WOSJg76JgYgjx1AUHVbVF2v8vhKxkQU8rPlOs?width=1920&height=1920
19-06-2025,2264.46582,2281.43933,2260.472053,2266.462704,524926,14,Asian Paints,ASIANPAINT.NS,Stock,Consumer Goods,https://1drv.ms/i/c/8705623eb284e7df/IQR9q3xMF-WOSJg76JgYgjx1AUHVbVF2v8vhKxkQU8rPlOs?width=1920&height=1920
20-06-2025,2282.138184,2286.33159,2259.473605,2263.467372,1945026,14,Asian Paints,ASIANPAINT.NS,Stock,Consumer Goods,https://1drv.ms/i/c/8705623eb284e7df/IQR9q3xMF-WOSJg76JgYgjx1AUHVbVF2v8vhKxkQU8rPlOs?width=1920&height=1920
23-06-2025,2260.572021,2269.258416,2250.387721,2257.676394,596186,14,Asian Paints,ASIANPAINT.NS,Stock,Consumer Goods,https://1drv.ms/i/c/8705623eb284e7df/IQR9q3xMF-WOSJg76JgYgjx1AUHVbVF2v8vhKxkQU8rPlOs?width=1920&height=1920
24-06-2025,2271.754639,2306.100939,2265.364465,2301.408311,1044179,14,Asian Paints,ASIANPAINT.NS,Stock,Consumer Goods,https://1drv.ms/i/c/8705623eb284e7df/IQR9q3xMF-WOSJg76JgYgjx1AUHVbVF2v8vhKxkQU8rPlOs?width=1920&height=1920
25-06-2025,2276.347168,2290.724875,2271.85418,2272.553284,807368,14,Asian Paints,ASIANPAINT.NS,Stock,Consumer Goods,https://1drv.ms/i/c/8705623eb284e7df/IQR9q3xMF-WOSJg76JgYgjx1AUHVbVF2v8vhKxkQU8rPlOs?width=1920&height=1920
26-06-2025,2286.231934,2289.027619,2276.646795,2283.436248,921519,14,Asian Paints,ASIANPAINT.NS,Stock,Consumer Goods,https://1drv.ms/i/c/8705623eb284e7df/IQR9q3xMF-WOSJg76JgYgjx1AUHVbVF2v8vhKxkQU8rPlOs?width=1920&height=1920
27-06-2025,2355.024414,2360.815425,2273.551717,2279.442425,1555059,14,Asian Paints,ASIANPAINT.NS,Stock,Consumer Goods,https://1drv.ms/i/c/8705623eb284e7df/IQR9q3xMF-WOSJg76JgYgjx1AUHVbVF2v8vhKxkQU8rPlOs?width=1920&height=1920
30-06-2025,2337.452148,2366.207077,2322.475522,2358.319484,785414,14,Asian Paints,ASIANPAINT.NS,Stock,Consumer Goods,https://1drv.ms/i/c/8705623eb284e7df/IQR9q3xMF-WOSJg76JgYgjx1AUHVbVF2v8vhKxkQU8rPlOs?width=1920&height=1920
01-07-2025,2365.807861,2396.260336,2346.537886,2376.790721,1232160,14,Asian Paints,ASIANPAINT.NS,Stock,Consumer Goods,https://1drv.ms/i/c/8705623eb284e7df/IQR9q3xMF-WOSJg76JgYgjx1AUHVbVF2v8vhKxkQU8rPlOs?width=1920&height=1920
02-07-2025,2415.629883,2426.213463,2323.373962,2336.353705,1936030,14,Asian Paints,ASIANPAINT.NS,Stock,Consumer Goods,https://1drv.ms/i/c/8705623eb284e7df/IQR9q3xMF-WOSJg76JgYgjx1AUHVbVF2v8vhKxkQU8rPlOs?width=1920&height=1920
03-07-2025,2427.112061,2460.559861,2421.221351,2425.115177,1547480,14,Asian Paints,ASIANPAINT.NS,Stock,Consumer Goods,https://1drv.ms/i/c/8705623eb284e7df/IQR9q3xMF-WOSJg76JgYgjx1AUHVbVF2v8vhKxkQU8rPlOs?width=1920&height=1920
04-07-2025,2420.422363,2439.193116,2408.241423,2427.111874,602309,14,Asian Paints,ASIANPAINT.NS,Stock,Consumer Goods,https://1drv.ms/i/c/8705623eb284e7df/IQR9q3xMF-WOSJg76JgYgjx1AUHVbVF2v8vhKxkQU8rPlOs?width=1920&height=1920
07-07-2025,2438.993652,2461.258953,2417.227573,2419.524037,869054,14,Asian Paints,ASIANPAINT.NS,Stock,Consumer Goods,https://1drv.ms/i/c/8705623eb284e7df/IQR9q3xMF-WOSJg76JgYgjx1AUHVbVF2v8vhKxkQU8rPlOs?width=1920&height=1920
08-07-2025,2480.728516,2484.12312,2433.502171,2436.697136,1136367,14,Asian Paints,ASIANPAINT.NS,Stock,Consumer Goods,https://1drv.ms/i/c/8705623eb284e7df/IQR9q3xMF-WOSJg76JgYgjx1AUHVbVF2v8vhKxkQU8rPlOs?width=1920&height=1920
09-07-2025,2495.006104,2531.04995,2489.015453,2516.572544,2328636,14,Asian Paints,ASIANPAINT.NS,Stock,Consumer Goods,https://1drv.ms/i/c/8705623eb284e7df/IQR9q3xMF-WOSJg76JgYgjx1AUHVbVF2v8vhKxkQU8rPlOs?width=1920&height=1920
10-07-2025,2447.380371,2508.085678,2441.290023,2503.393051,932859,14,Asian Paints,ASIANPAINT.NS,Stock,Consumer Goods,https://1drv.ms/i/c/8705623eb284e7df/IQR9q3xMF-WOSJg76JgYgjx1AUHVbVF2v8vhKxkQU8rPlOs?width=1920&height=1920
11-07-2025,2435.39917,2480.928213,2431.704984,2443.686286,1050411,14,Asian Paints,ASIANPAINT.NS,Stock,Consumer Goods,https://1drv.ms/i/c/8705623eb284e7df/IQR9q3xMF-WOSJg76JgYgjx1AUHVbVF2v8vhKxkQU8rPlOs?width=1920&height=1920
14-07-2025,2397.85791,2444.784674,2387.27433,2427.311943,891618,14,Asian Paints,ASIANPAINT.NS,Stock,Consumer Goods,https://1drv.ms/i/c/8705623eb284e7df/IQR9q3xMF-WOSJg76JgYgjx1AUHVbVF2v8vhKxkQU8rPlOs?width=1920&height=1920
15-07-2025,2389.770264,2411.236761,2382.581532,2406.14461,610228,14,Asian Paints,ASIANPAINT.NS,Stock,Consumer Goods,https://1drv.ms/i/c/8705623eb284e7df/IQR9q3xMF-WOSJg76JgYgjx1AUHVbVF2v8vhKxkQU8rPlOs?width=1920&height=1920
16-07-2025,2406.743896,2418.625256,2367.305446,2377.289864,1200909,14,Asian Paints,ASIANPAINT.NS,Stock,Consumer Goods,https://1drv.ms/i/c/8705623eb284e7df/IQR9q3xMF-WOSJg76JgYgjx1AUHVbVF2v8vhKxkQU8rPlOs?width=1920&height=1920
17-07-2025,2395.161865,2410.238433,2390.269598,2400.353957,526163,14,Asian Paints,ASIANPAINT.NS,Stock,Consumer Goods,https://1drv.ms/i/c/8705623eb284e7df/IQR9q3xMF-WOSJg76JgYgjx1AUHVbVF2v8vhKxkQU8rPlOs?width=1920&height=1920
18-07-2025,2378.6875,2401.252381,2368.603385,2396.859335,599552,14,Asian Paints,ASIANPAINT.NS,Stock,Consumer Goods,https://1drv.ms/i/c/8705623eb284e7df/IQR9q3xMF-WOSJg76JgYgjx1AUHVbVF2v8vhKxkQU8rPlOs?width=1920&height=1920
21-07-2025,2371.698486,2404.247786,2357.121383,2378.687579,390931,14,Asian Paints,ASIANPAINT.NS,Stock,Consumer Goods,https://1drv.ms/i/c/8705623eb284e7df/IQR9q3xMF-WOSJg76JgYgjx1AUHVbVF2v8vhKxkQU8rPlOs?width=1920&height=1920
22-07-2025,2361.514404,2377.090193,2357.620579,2371.698462,411317,14,Asian Paints,ASIANPAINT.NS,Stock,Consumer Goods,https://1drv.ms/i/c/8705623eb284e7df/IQR9q3xMF-WOSJg76JgYgjx1AUHVbVF2v8vhKxkQU8rPlOs?width=1920&height=1920
23-07-2025,2371.698486,2380.984044,2348.934209,2359.317906,368999,14,Asian Paints,ASIANPAINT.NS,Stock,Consumer Goods,https://1drv.ms/i/c/8705623eb284e7df/IQR9q3xMF-WOSJg76JgYgjx1AUHVbVF2v8vhKxkQU8rPlOs?width=1920&height=1920
24-07-2025,2348.435059,2376.291487,2337.352257,2371.698558,506960,14,Asian Paints,ASIANPAINT.NS,Stock,Consumer Goods,https://1drv.ms/i/c/8705623eb284e7df/IQR9q3xMF-WOSJg76JgYgjx1AUHVbVF2v8vhKxkQU8rPlOs?width=1920&height=1920
25-07-2025,2332.55957,2346.837336,2322.175874,2336.353698,383636,14,Asian Paints,ASIANPAINT.NS,Stock,Consumer Goods,https://1drv.ms/i/c/8705623eb284e7df/IQR9q3xMF-WOSJg76JgYgjx1AUHVbVF2v8vhKxkQU8rPlOs?width=1920&height=1920
28-07-2025,2355.92334,2362.712549,2316.384948,2332.559656,650364,14,Asian Paints,ASIANPAINT.NS,Stock,Consumer Goods,https://1drv.ms/i/c/8705623eb284e7df/IQR9q3xMF-WOSJg76JgYgjx1AUHVbVF2v8vhKxkQU8rPlOs?width=1920&height=1920
29-07-2025,2397.757813,2414.531682,2321.37702,2355.324039,1742815,14,Asian Paints,ASIANPAINT.NS,Stock,Consumer Goods,https://1drv.ms/i/c/8705623eb284e7df/IQR9q3xMF-WOSJg76JgYgjx1AUHVbVF2v8vhKxkQU8rPlOs?width=1920&height=1920
30-07-2025,2412.035645,2439.992014,2362.812417,2405.246192,1685818,14,Asian Paints,ASIANPAINT.NS,Stock,Consumer Goods,https://1drv.ms/i/c/8705623eb284e7df/IQR9q3xMF-WOSJg76JgYgjx1AUHVbVF2v8vhKxkQU8rPlOs?width=1920&height=1920
31-07-2025,2392.366455,2413.43343,2369.801573,2397.658002,1274735,14,Asian Paints,ASIANPAINT.NS,Stock,Consumer Goods,https://1drv.ms/i/c/8705623eb284e7df/IQR9q3xMF-WOSJg76JgYgjx1AUHVbVF2v8vhKxkQU8rPlOs?width=1920&height=1920
01-08-2025,2427.211914,2468.148026,2374.294501,2374.294501,2225293,14,Asian Paints,ASIANPAINT.NS,Stock,Consumer Goods,https://1drv.ms/i/c/8705623eb284e7df/IQR9q3xMF-WOSJg76JgYgjx1AUHVbVF2v8vhKxkQU8rPlOs?width=1920&height=1920
04-08-2025,2445.982666,2463.155815,2435.798609,2439.392853,1165898,14,Asian Paints,ASIANPAINT.NS,Stock,Consumer Goods,https://1drv.ms/i/c/8705623eb284e7df/IQR9q3xMF-WOSJg76JgYgjx1AUHVbVF2v8vhKxkQU8rPlOs?width=1920&height=1920
05-08-2025,2433.00293,2459.860916,2405.346142,2458.063672,659094,14,Asian Paints,ASIANPAINT.NS,Stock,Consumer Goods,https://1drv.ms/i/c/8705623eb284e7df/IQR9q3xMF-WOSJg76JgYgjx1AUHVbVF2v8vhKxkQU8rPlOs?width=1920&height=1920
06-08-2025,2487.318115,2501.695823,2436.197945,2436.197945,2019109,14,Asian Paints,ASIANPAINT.NS,Stock,Consumer Goods,https://1drv.ms/i/c/8705623eb284e7df/IQR9q3xMF-WOSJg76JgYgjx1AUHVbVF2v8vhKxkQU8rPlOs?width=1920&height=1920
07-08-2025,2502.594238,2506.088784,2463.055848,2480.229241,1502806,14,Asian Paints,ASIANPAINT.NS,Stock,Consumer Goods,https://1drv.ms/i/c/8705623eb284e7df/IQR9q3xMF-WOSJg76JgYgjx1AUHVbVF2v8vhKxkQU8rPlOs?width=1920&height=1920
08-08-2025,2471.742432,2507.786032,2464.653398,2502.594183,1178226,14,Asian Paints,ASIANPAINT.NS,Stock,Consumer Goods,https://1drv.ms/i/c/8705623eb284e7df/IQR9q3xMF-WOSJg76JgYgjx1AUHVbVF2v8vhKxkQU8rPlOs?width=1920&height=1920
11-08-2025,2485.221436,2500.29776,2448.179149,2460.060509,721135,14,Asian Paints,ASIANPAINT.NS,Stock,Consumer Goods,https://1drv.ms/i/c/8705623eb284e7df/IQR9q3xMF-WOSJg76JgYgjx1AUHVbVF2v8vhKxkQU8rPlOs?width=1920&height=1920
12-08-2025,2474.438232,2498.900055,2470.144884,2485.221452,608984,14,Asian Paints,ASIANPAINT.NS,Stock,Consumer Goods,https://1drv.ms/i/c/8705623eb284e7df/IQR9q3xMF-WOSJg76JgYgjx1AUHVbVF2v8vhKxkQU8rPlOs?width=1920&height=1920
13-08-2025,2496.303955,2500.497362,2457.364728,2475.935841,350844,14,Asian Paints,ASIANPAINT.NS,Stock,Consumer Goods,https://1drv.ms/i/c/8705623eb284e7df/IQR9q3xMF-WOSJg76JgYgjx1AUHVbVF2v8vhKxkQU8rPlOs?width=1920&height=1920
14-08-2025,2524.759521,2530.949811,2493.807828,2501.096502,1088550,14,Asian Paints,ASIANPAINT.NS,Stock,Consumer Goods,https://1drv.ms/i/c/8705623eb284e7df/IQR9q3xMF-WOSJg76JgYgjx1AUHVbVF2v8vhKxkQU8rPlOs?width=1920&height=1920
18-08-2025,2583.368164,2590.956419,2532.647517,2546.026539,1755615,14,Asian Paints,ASIANPAINT.NS,Stock,Consumer Goods,https://1drv.ms/i/c/8705623eb284e7df/IQR9q3xMF-WOSJg76JgYgjx1AUHVbVF2v8vhKxkQU8rPlOs?width=1920&height=1920
19-08-2025,2575.380615,2590.956404,2557.209024,2583.368149,698587,14,Asian Paints,ASIANPAINT.NS,Stock,Consumer Goods,https://1drv.ms/i/c/8705623eb284e7df/IQR9q3xMF-WOSJg76JgYgjx1AUHVbVF2v8vhKxkQU8rPlOs?width=1920&height=1920
20-08-2025,2566.095215,2575.28083,2559.40546,2573.982807,308028,14,Asian Paints,ASIANPAINT.NS,Stock,Consumer Goods,https://1drv.ms/i/c/8705623eb284e7df/IQR9q3xMF-WOSJg76JgYgjx1AUHVbVF2v8vhKxkQU8rPlOs?width=1920&height=1920
21-08-2025,2562.600586,2571.98584,2555.311913,2570.887457,781082,14,Asian Paints,ASIANPAINT.NS,Stock,Consumer Goods,https://1drv.ms/i/c/8705623eb284e7df/IQR9q3xMF-WOSJg76JgYgjx1AUHVbVF2v8vhKxkQU8rPlOs?width=1920&height=1920
22-08-2025,2500.597412,2565.296488,2497.202808,2558.806616,523774,14,Asian Paints,ASIANPAINT.NS,Stock,Consumer Goods,https://1drv.ms/i/c/8705623eb284e7df/IQR9q3xMF-WOSJg76JgYgjx1AUHVbVF2v8vhKxkQU8rPlOs?width=1920&height=1920
25-08-2025,2489.015381,2518.569355,2472.141813,2512.079483,766497,14,Asian Paints,ASIANPAINT.NS,Stock,Consumer Goods,https://1drv.ms/i/c/8705623eb284e7df/IQR9q3xMF-WOSJg76JgYgjx1AUHVbVF2v8vhKxkQU8rPlOs?width=1920&height=1920
26-08-2025,2477.533203,2519.368058,2464.154181,2477.233866,7106393,14,Asian Paints,ASIANPAINT.NS,Stock,Consumer Goods,https://1drv.ms/i/c/8705623eb284e7df/IQR9q3xMF-WOSJg76JgYgjx1AUHVbVF2v8vhKxkQU8rPlOs?width=1920&height=1920
28-08-2025,2485.121582,2524.060811,2461.158979,2461.158979,1485769,14,Asian Paints,ASIANPAINT.NS,Stock,Consumer Goods,https://1drv.ms/i/c/8705623eb284e7df/IQR9q3xMF-WOSJg76JgYgjx1AUHVbVF2v8vhKxkQU8rPlOs?width=1920&height=1920
29-08-2025,2514.675537,2527.65528,2486.120005,2487.118447,1798653,14,Asian Paints,ASIANPAINT.NS,Stock,Consumer Goods,https://1drv.ms/i/c/8705623eb284e7df/IQR9q3xMF-WOSJg76JgYgjx1AUHVbVF2v8vhKxkQU8rPlOs?width=1920&height=1920
01-09-2025,2566.195068,2573.783324,2511.181071,2514.076455,1314833,14,Asian Paints,ASIANPAINT.NS,Stock,Consumer Goods,https://1drv.ms/i/c/8705623eb284e7df/IQR9q3xMF-WOSJg76JgYgjx1AUHVbVF2v8vhKxkQU8rPlOs?width=1920&height=1920
02-09-2025,2536.041992,2567.892186,2527.056017,2564.996802,1024054,14,Asian Paints,ASIANPAINT.NS,Stock,Consumer Goods,https://1drv.ms/i/c/8705623eb284e7df/IQR9q3xMF-WOSJg76JgYgjx1AUHVbVF2v8vhKxkQU8rPlOs?width=1920&height=1920
03-09-2025,2549.92041,2561.103153,2523.362005,2526.057749,925847,14,Asian Paints,ASIANPAINT.NS,Stock,Consumer Goods,https://1drv.ms/i/c/8705623eb284e7df/IQR9q3xMF-WOSJg76JgYgjx1AUHVbVF2v8vhKxkQU8rPlOs?width=1920&height=1920
04-09-2025,2564.597656,2578.97512,2549.021867,2549.920367,933071,14,Asian Paints,ASIANPAINT.NS,Stock,Consumer Goods,https://1drv.ms/i/c/8705623eb284e7df/IQR9q3xMF-WOSJg76JgYgjx1AUHVbVF2v8vhKxkQU8rPlOs?width=1920&height=1920
05-09-2025,2575.879883,2597.945544,2561.003198,2561.003198,1153436,14,Asian Paints,ASIANPAINT.NS,Stock,Consumer Goods,https://1drv.ms/i/c/8705623eb284e7df/IQR9q3xMF-WOSJg76JgYgjx1AUHVbVF2v8vhKxkQU8rPlOs?width=1920&height=1920
08-09-2025,2526.856445,2585.564869,2522.463155,2575.879789,742880,14,Asian Paints,ASIANPAINT.NS,Stock,Consumer Goods,https://1drv.ms/i/c/8705623eb284e7df/IQR9q3xMF-WOSJg76JgYgjx1AUHVbVF2v8vhKxkQU8rPlOs?width=1920&height=1920
09-09-2025,2533.346436,2547.624202,2520.865913,2536.04218,702450,14,Asian Paints,ASIANPAINT.NS,Stock,Consumer Goods,https://1drv.ms/i/c/8705623eb284e7df/IQR9q3xMF-WOSJg76JgYgjx1AUHVbVF2v8vhKxkQU8rPlOs?width=1920&height=1920
10-09-2025,2539.336914,2551.018634,2521.165323,2533.346264,520584,14,Asian Paints,ASIANPAINT.NS,Stock,Consumer Goods,https://1drv.ms/i/c/8705623eb284e7df/IQR9q3xMF-WOSJg76JgYgjx1AUHVbVF2v8vhKxkQU8rPlOs?width=1920&height=1920
11-09-2025,2551.917236,2555.511724,2531.748761,2537.040551,423961,14,Asian Paints,ASIANPAINT.NS,Stock,Consumer Goods,https://1drv.ms/i/c/8705623eb284e7df/IQR9q3xMF-WOSJg76JgYgjx1AUHVbVF2v8vhKxkQU8rPlOs?width=1920&height=1920
12-09-2025,2542.332275,2564.297994,2533.246358,2556.010879,547539,14,Asian Paints,ASIANPAINT.NS,Stock,Consumer Goods,https://1drv.ms/i/c/8705623eb284e7df/IQR9q3xMF-WOSJg76JgYgjx1AUHVbVF2v8vhKxkQU8rPlOs?width=1920&height=1920
15-09-2025,2498.700439,2539.53661,2494.10751,2531.149797,583051,14,Asian Paints,ASIANPAINT.NS,Stock,Consumer Goods,https://1drv.ms/i/c/8705623eb284e7df/IQR9q3xMF-WOSJg76JgYgjx1AUHVbVF2v8vhKxkQU8rPlOs?width=1920&height=1920
16-09-2025,2477.033936,2505.988745,2470.644006,2491.112061,760790,14,Asian Paints,ASIANPAINT.NS,Stock,Consumer Goods,https://1drv.ms/i/c/8705623eb284e7df/IQR9q3xMF-WOSJg76JgYgjx1AUHVbVF2v8vhKxkQU8rPlOs?width=1920&height=1920
17-09-2025,2489.714355,2493.009018,2476.934253,2478.132334,359627,14,Asian Paints,ASIANPAINT.NS,Stock,Consumer Goods,https://1drv.ms/i/c/8705623eb284e7df/IQR9q3xMF-WOSJg76JgYgjx1AUHVbVF2v8vhKxkQU8rPlOs?width=1920&height=1920
18-09-2025,2474.837646,2502.294796,2465.452391,2494.00768,400796,14,Asian Paints,ASIANPAINT.NS,Stock,Consumer Goods,https://1drv.ms/i/c/8705623eb284e7df/IQR9q3xMF-WOSJg76JgYgjx1AUHVbVF2v8vhKxkQU8rPlOs?width=1920&height=1920
19-09-2025,2477.832764,2505.589492,2464.653382,2471.143253,3731525,14,Asian Paints,ASIANPAINT.NS,Stock,Consumer Goods,https://1drv.ms/i/c/8705623eb284e7df/IQR9q3xMF-WOSJg76JgYgjx1AUHVbVF2v8vhKxkQU8rPlOs?width=1920&height=1920
22-09-2025,2478.831299,2499.099715,2470.244846,2490.213681,872806,14,Asian Paints,ASIANPAINT.NS,Stock,Consumer Goods,https://1drv.ms/i/c/8705623eb284e7df/IQR9q3xMF-WOSJg76JgYgjx1AUHVbVF2v8vhKxkQU8rPlOs?width=1920&height=1920
23-09-2025,2443.086914,2479.929559,2424.216463,2468.24784,1332111,14,Asian Paints,ASIANPAINT.NS,Stock,Consumer Goods,https://1drv.ms/i/c/8705623eb284e7df/IQR9q3xMF-WOSJg76JgYgjx1AUHVbVF2v8vhKxkQU8rPlOs?width=1920&height=1920
24-09-2025,2453.371094,2471.143406,2439.392909,2442.188595,637749,14,Asian Paints,ASIANPAINT.NS,Stock,Consumer Goods,https://1drv.ms/i/c/8705623eb284e7df/IQR9q3xMF-WOSJg76JgYgjx1AUHVbVF2v8vhKxkQU8rPlOs?width=1920&height=1920
25-09-2025,2400.253906,2458.862387,2384.278839,2454.66898,1518215,14,Asian Paints,ASIANPAINT.NS,Stock,Consumer Goods,https://1drv.ms/i/c/8705623eb284e7df/IQR9q3xMF-WOSJg76JgYgjx1AUHVbVF2v8vhKxkQU8rPlOs?width=1920&height=1920
26-09-2025,2339.149414,2396.260234,2335.355287,2393.76413,1089446,14,Asian Paints,ASIANPAINT.NS,Stock,Consumer Goods,https://1drv.ms/i/c/8705623eb284e7df/IQR9q3xMF-WOSJg76JgYgjx1AUHVbVF2v8vhKxkQU8rPlOs?width=1920&height=1920
29-09-2025,2338.949707,2360.016681,2325.570442,2339.249045,950369,14,Asian Paints,ASIANPAINT.NS,Stock,Consumer Goods,https://1drv.ms/i/c/8705623eb284e7df/IQR9q3xMF-WOSJg76JgYgjx1AUHVbVF2v8vhKxkQU8rPlOs?width=1920&height=1920
30-09-2025,2346.338135,2385.077724,2336.353717,2348.335018,778874,14,Asian Paints,ASIANPAINT.NS,Stock,Consumer Goods,https://1drv.ms/i/c/8705623eb284e7df/IQR9q3xMF-WOSJg76JgYgjx1AUHVbVF2v8vhKxkQU8rPlOs?width=1920&height=1920
01-10-2025,2332.1604,2353.327318,2317.583053,2349.73283,648279,14,Asian Paints,ASIANPAINT.NS,Stock,Consumer Goods,https://1drv.ms/i/c/8705623eb284e7df/IQR9q3xMF-WOSJg76JgYgjx1AUHVbVF2v8vhKxkQU8rPlOs?width=1920&height=1920
03-10-2025,2354.125977,2359.018244,2332.45984,2338.550188,659872,14,Asian Paints,ASIANPAINT.NS,Stock,Consumer Goods,https://1drv.ms/i/c/8705623eb284e7df/IQR9q3xMF-WOSJg76JgYgjx1AUHVbVF2v8vhKxkQU8rPlOs?width=1920&height=1920
06-10-2025,2351.130615,2355.523661,2330.46292,2351.330255,362107,14,Asian Paints,ASIANPAINT.NS,Stock,Consumer Goods,https://1drv.ms/i/c/8705623eb284e7df/IQR9q3xMF-WOSJg76JgYgjx1AUHVbVF2v8vhKxkQU8rPlOs?width=1920&height=1920
07-10-2025,2349.133789,2367.704659,2342.344336,2351.330312,498524,14,Asian Paints,ASIANPAINT.NS,Stock,Consumer Goods,https://1drv.ms/i/c/8705623eb284e7df/IQR9q3xMF-WOSJg76JgYgjx1AUHVbVF2v8vhKxkQU8rPlOs?width=1920&height=1920
08-10-2025,2324.871582,2365.707752,2316.384827,2356.322497,701799,14,Asian Paints,ASIANPAINT.NS,Stock,Consumer Goods,https://1drv.ms/i/c/8705623eb284e7df/IQR9q3xMF-WOSJg76JgYgjx1AUHVbVF2v8vhKxkQU8rPlOs?width=1920&height=1920
09-10-2025,2332.759277,2337.352207,2320.179057,2324.871685,587567,14,Asian Paints,ASIANPAINT.NS,Stock,Consumer Goods,https://1drv.ms/i/c/8705623eb284e7df/IQR9q3xMF-WOSJg76JgYgjx1AUHVbVF2v8vhKxkQU8rPlOs?width=1920&height=1920
10-10-2025,2336.553467,2354.12614,2332.959223,2335.255444,1117236,14,Asian Paints,ASIANPAINT.NS,Stock,Consumer Goods,https://1drv.ms/i/c/8705623eb284e7df/IQR9q3xMF-WOSJg76JgYgjx1AUHVbVF2v8vhKxkQU8rPlOs?width=1920&height=1920
13-10-2025,2338.849854,2362.912398,2333.358424,2336.553389,667732,14,Asian Paints,ASIANPAINT.NS,Stock,Consumer Goods,https://1drv.ms/i/c/8705623eb284e7df/IQR9q3xMF-WOSJg76JgYgjx1AUHVbVF2v8vhKxkQU8rPlOs?width=1920&height=1920
14-10-2025,2314.488037,2351.330442,2304.403677,2338.749978,353345,14,Asian Paints,ASIANPAINT.NS,Stock,Consumer Goods,https://1drv.ms/i/c/8705623eb284e7df/IQR9q3xMF-WOSJg76JgYgjx1AUHVbVF2v8vhKxkQU8rPlOs?width=1920&height=1920
15-10-2025,2371.39917,2380.285204,2321.377139,2326.369348,753640,14,Asian Paints,ASIANPAINT.NS,Stock,Consumer Goods,https://1drv.ms/i/c/8705623eb284e7df/IQR9q3xMF-WOSJg76JgYgjx1AUHVbVF2v8vhKxkQU8rPlOs?width=1920&height=1920
16-10-2025,2405.945068,2417.027869,2363.211712,2373.296071,715890,14,Asian Paints,ASIANPAINT.NS,Stock,Consumer Goods,https://1drv.ms/i/c/8705623eb284e7df/IQR9q3xMF-WOSJg76JgYgjx1AUHVbVF2v8vhKxkQU8rPlOs?width=1920&height=1920
17-10-2025,2503.892334,2540.035878,2417.227539,2417.227539,3719960,14,Asian Paints,ASIANPAINT.NS,Stock,Consumer Goods,https://1drv.ms/i/c/8705623eb284e7df/IQR9q3xMF-WOSJg76JgYgjx1AUHVbVF2v8vhKxkQU8rPlOs?width=1920&height=1920
20-10-2025,2512.079346,2533.146563,2496.803139,2503.892172,714986,14,Asian Paints,ASIANPAINT.NS,Stock,Consumer Goods,https://1drv.ms/i/c/8705623eb284e7df/IQR9q3xMF-WOSJg76JgYgjx1AUHVbVF2v8vhKxkQU8rPlOs?width=1920&height=1920
21-10-2025,2500.697266,2515.274369,2480.129268,2509.084079,107942,14,Asian Paints,ASIANPAINT.NS,Stock,Consumer Goods,https://1drv.ms/i/c/8705623eb284e7df/IQR9q3xMF-WOSJg76JgYgjx1AUHVbVF2v8vhKxkQU8rPlOs?width=1920&height=1920
23-10-2025,2498.500488,2542.032645,2492.909361,2514.974777,811738,14,Asian Paints,ASIANPAINT.NS,Stock,Consumer Goods,https://1drv.ms/i/c/8705623eb284e7df/IQR9q3xMF-WOSJg76JgYgjx1AUHVbVF2v8vhKxkQU8rPlOs?width=1920&height=1920
24-10-2025,2497.701904,2502.793811,2482.425697,2491.112091,327596,14,Asian Paints,ASIANPAINT.NS,Stock,Consumer Goods,https://1drv.ms/i/c/8705623eb284e7df/IQR9q3xMF-WOSJg76JgYgjx1AUHVbVF2v8vhKxkQU8rPlOs?width=1920&height=1920
27-10-2025,2514.875244,2526.057744,2495.70521,2497.702094,550089,14,Asian Paints,ASIANPAINT.NS,Stock,Consumer Goods,https://1drv.ms/i/c/8705623eb284e7df/IQR9q3xMF-WOSJg76JgYgjx1AUHVbVF2v8vhKxkQU8rPlOs?width=1920&height=1920
28-10-2025,2505.389893,2524.659867,2488.116802,2511.080962,1103957,14,Asian Paints,ASIANPAINT.NS,Stock,Consumer Goods,https://1drv.ms/i/c/8705623eb284e7df/IQR9q3xMF-WOSJg76JgYgjx1AUHVbVF2v8vhKxkQU8rPlOs?width=1920&height=1920
29-10-2025,2534.744141,2546.825384,2508.585014,2516.073328,615292,14,Asian Paints,ASIANPAINT.NS,Stock,Consumer Goods,https://1drv.ms/i/c/8705623eb284e7df/IQR9q3xMF-WOSJg76JgYgjx1AUHVbVF2v8vhKxkQU8rPlOs?width=1920&height=1920
30-10-2025,2519.567871,2534.744138,2509.383814,2531.549173,736486,14,Asian Paints,ASIANPAINT.NS,Stock,Consumer Goods,https://1drv.ms/i/c/8705623eb284e7df/IQR9q3xMF-WOSJg76JgYgjx1AUHVbVF2v8vhKxkQU8rPlOs?width=1920&height=1920
31-10-2025,2506.887695,2526.057729,2501.396265,2519.467916,609128,14,Asian Paints,ASIANPAINT.NS,Stock,Consumer Goods,https://1drv.ms/i/c/8705623eb284e7df/IQR9q3xMF-WOSJg76JgYgjx1AUHVbVF2v8vhKxkQU8rPlOs?width=1920&height=1920
03-11-2025,2508.2854,2511.380667,2491.11225,2492.310332,425210,14,Asian Paints,ASIANPAINT.NS,Stock,Consumer Goods,https://1drv.ms/i/c/8705623eb284e7df/IQR9q3xMF-WOSJg76JgYgjx1AUHVbVF2v8vhKxkQU8rPlOs?width=1920&height=1920
04-11-2025,2482.824951,2517.071551,2475.835859,2506.088692,527087,14,Asian Paints,ASIANPAINT.NS,Stock,Consumer Goods,https://1drv.ms/i/c/8705623eb284e7df/IQR9q3xMF-WOSJg76JgYgjx1AUHVbVF2v8vhKxkQU8rPlOs?width=1920&height=1920
06-11-2025,2598.843994,2626.900305,2556.110881,2556.110881,4448622,14,Asian Paints,ASIANPAINT.NS,Stock,Consumer Goods,https://1drv.ms/i/c/8705623eb284e7df/IQR9q3xMF-WOSJg76JgYgjx1AUHVbVF2v8vhKxkQU8rPlOs?width=1920&height=1920
07-11-2025,2609.727051,2614.818957,2580.97188,2598.84389,791663,14,Asian Paints,ASIANPAINT.NS,Stock,Consumer Goods,https://1drv.ms/i/c/8705623eb284e7df/IQR9q3xMF-WOSJg76JgYgjx1AUHVbVF2v8vhKxkQU8rPlOs?width=1920&height=1920
10-11-2025,2646.27002,2662.644611,2607.031452,2609.727196,1706880,14,Asian Paints,ASIANPAINT.NS,Stock,Consumer Goods,https://1drv.ms/i/c/8705623eb284e7df/IQR9q3xMF-WOSJg76JgYgjx1AUHVbVF2v8vhKxkQU8rPlOs?width=1920&height=1920
11-11-2025,2653.059326,2660.747279,2629.296364,2646.269874,776404,14,Asian Paints,ASIANPAINT.NS,Stock,Consumer Goods,https://1drv.ms/i/c/8705623eb284e7df/IQR9q3xMF-WOSJg76JgYgjx1AUHVbVF2v8vhKxkQU8rPlOs?width=1920&height=1920
12-11-2025,2765.484131,2834.276673,2637.983162,2655.855173,2859196,14,Asian Paints,ASIANPAINT.NS,Stock,Consumer Goods,https://1drv.ms/i/c/8705623eb284e7df/IQR9q3xMF-WOSJg76JgYgjx1AUHVbVF2v8vhKxkQU8rPlOs?width=1920&height=1920
13-11-2025,2874.913086,2892.5857,2835.574578,2854.44503,5933630,14,Asian Paints,ASIANPAINT.NS,Stock,Consumer Goods,https://1drv.ms/i/c/8705623eb284e7df/IQR9q3xMF-WOSJg76JgYgjx1AUHVbVF2v8vhKxkQU8rPlOs?width=1920&height=1920
14-11-2025,2901.871094,2905.36564,2857.540376,2860.635643,2494076,14,Asian Paints,ASIANPAINT.NS,Stock,Consumer Goods,https://1drv.ms/i/c/8705623eb284e7df/IQR9q3xMF-WOSJg76JgYgjx1AUHVbVF2v8vhKxkQU8rPlOs?width=1920&height=1920
17-11-2025,2883.399902,2922.339132,2875.51231,2901.871075,1230683,14,Asian Paints,ASIANPAINT.NS,Stock,Consumer Goods,https://1drv.ms/i/c/8705623eb284e7df/IQR9q3xMF-WOSJg76JgYgjx1AUHVbVF2v8vhKxkQU8rPlOs?width=1920&height=1920
18-11-2025,2906,2916,2862.100098,2886,1819066,14,Asian Paints,ASIANPAINT.NS,Stock,Consumer Goods,https://1drv.ms/i/c/8705623eb284e7df/IQR9q3xMF-WOSJg76JgYgjx1AUHVbVF2v8vhKxkQU8rPlOs?width=1920&height=1920
19-11-2025,2893.699951,2916,2887.199951,2914,1387906,14,Asian Paints,ASIANPAINT.NS,Stock,Consumer Goods,https://1drv.ms/i/c/8705623eb284e7df/IQR9q3xMF-WOSJg76JgYgjx1AUHVbVF2v8vhKxkQU8rPlOs?width=1920&height=1920
20-11-2025,2859.800049,2906.100098,2852.5,2897.399902,1062883,14,Asian Paints,ASIANPAINT.NS,Stock,Consumer Goods,https://1drv.ms/i/c/8705623eb284e7df/IQR9q3xMF-WOSJg76JgYgjx1AUHVbVF2v8vhKxkQU8rPlOs?width=1920&height=1920
21-11-2025,2876.600098,2895.600098,2854.100098,2869,857340,14,Asian Paints,ASIANPAINT.NS,Stock,Consumer Goods,https://1drv.ms/i/c/8705623eb284e7df/IQR9q3xMF-WOSJg76JgYgjx1AUHVbVF2v8vhKxkQU8rPlOs?width=1920&height=1920
24-11-2025,2879.199951,2896.5,2864.5,2876,5404326,14,Asian Paints,ASIANPAINT.NS,Stock,Consumer Goods,https://1drv.ms/i/c/8705623eb284e7df/IQR9q3xMF-WOSJg76JgYgjx1AUHVbVF2v8vhKxkQU8rPlOs?width=1920&height=1920
25-11-2025,2875.800049,2908.5,2869,2899.899902,972417,14,Asian Paints,ASIANPAINT.NS,Stock,Consumer Goods,https://1drv.ms/i/c/8705623eb284e7df/IQR9q3xMF-WOSJg76JgYgjx1AUHVbVF2v8vhKxkQU8rPlOs?width=1920&height=1920
26-11-2025,2874,2896.199951,2857.600098,2880,570376,14,Asian Paints,ASIANPAINT.NS,Stock,Consumer Goods,https://1drv.ms/i/c/8705623eb284e7df/IQR9q3xMF-WOSJg76JgYgjx1AUHVbVF2v8vhKxkQU8rPlOs?width=1920&height=1920
27-11-2025,2879.100098,2914.5,2871.399902,2880,1158685,14,Asian Paints,ASIANPAINT.NS,Stock,Consumer Goods,https://1drv.ms/i/c/8705623eb284e7df/IQR9q3xMF-WOSJg76JgYgjx1AUHVbVF2v8vhKxkQU8rPlOs?width=1920&height=1920
28-11-2025,2874.399902,2889.899902,2855.800049,2880,748446,14,Asian Paints,ASIANPAINT.NS,Stock,Consumer Goods,https://1drv.ms/i/c/8705623eb284e7df/IQR9q3xMF-WOSJg76JgYgjx1AUHVbVF2v8vhKxkQU8rPlOs?width=1920&height=1920
01-12-2025,2867.600098,2887.5,2848,2877.699951,499153,14,Asian Paints,ASIANPAINT.NS,Stock,Consumer Goods,https://1drv.ms/i/c/8705623eb284e7df/IQR9q3xMF-WOSJg76JgYgjx1AUHVbVF2v8vhKxkQU8rPlOs?width=1920&height=1920
02-12-2025,2954.399902,2962,2861.199951,2867,2102147,14,Asian Paints,ASIANPAINT.NS,Stock,Consumer Goods,https://1drv.ms/i/c/8705623eb284e7df/IQR9q3xMF-WOSJg76JgYgjx1AUHVbVF2v8vhKxkQU8rPlOs?width=1920&height=1920
03-12-2025,2953.5,2969.199951,2932.600098,2969,1252456,14,Asian Paints,ASIANPAINT.NS,Stock,Consumer Goods,https://1drv.ms/i/c/8705623eb284e7df/IQR9q3xMF-WOSJg76JgYgjx1AUHVbVF2v8vhKxkQU8rPlOs?width=1920&height=1920
04-12-2025,2957.199951,2985.699951,2934,2950,1466098,14,Asian Paints,ASIANPAINT.NS,Stock,Consumer Goods,https://1drv.ms/i/c/8705623eb284e7df/IQR9q3xMF-WOSJg76JgYgjx1AUHVbVF2v8vhKxkQU8rPlOs?width=1920&height=1920
05-12-2025,2968.5,2973.5,2941,2955,944978,14,Asian Paints,ASIANPAINT.NS,Stock,Consumer Goods,https://1drv.ms/i/c/8705623eb284e7df/IQR9q3xMF-WOSJg76JgYgjx1AUHVbVF2v8vhKxkQU8rPlOs?width=1920&height=1920
08-12-2025,2928.300049,2974.5,2914.800049,2970,983544,14,Asian Paints,ASIANPAINT.NS,Stock,Consumer Goods,https://1drv.ms/i/c/8705623eb284e7df/IQR9q3xMF-WOSJg76JgYgjx1AUHVbVF2v8vhKxkQU8rPlOs?width=1920&height=1920
09-12-2025,2796,2913.5,2788.5,2910,1839391,14,Asian Paints,ASIANPAINT.NS,Stock,Consumer Goods,https://1drv.ms/i/c/8705623eb284e7df/IQR9q3xMF-WOSJg76JgYgjx1AUHVbVF2v8vhKxkQU8rPlOs?width=1920&height=1920
10-12-2025,2804.5,2824,2796.699951,2810,845073,14,Asian Paints,ASIANPAINT.NS,Stock,Consumer Goods,https://1drv.ms/i/c/8705623eb284e7df/IQR9q3xMF-WOSJg76JgYgjx1AUHVbVF2v8vhKxkQU8rPlOs?width=1920&height=1920
11-12-2025,2779.399902,2811.600098,2763.199951,2800,777422,14,Asian Paints,ASIANPAINT.NS,Stock,Consumer Goods,https://1drv.ms/i/c/8705623eb284e7df/IQR9q3xMF-WOSJg76JgYgjx1AUHVbVF2v8vhKxkQU8rPlOs?width=1920&height=1920
12-12-2025,2764.800049,2797,2746,2795,977696,14,Asian Paints,ASIANPAINT.NS,Stock,Consumer Goods,https://1drv.ms/i/c/8705623eb284e7df/IQR9q3xMF-WOSJg76JgYgjx1AUHVbVF2v8vhKxkQU8rPlOs?width=1920&height=1920
15-12-2025,2780.199951,2802,2758.699951,2773.100098,1029674,14,Asian Paints,ASIANPAINT.NS,Stock,Consumer Goods,https://1drv.ms/i/c/8705623eb284e7df/IQR9q3xMF-WOSJg76JgYgjx1AUHVbVF2v8vhKxkQU8rPlOs?width=1920&height=1920
16-12-2025,2790.899902,2808,2776.100098,2793,916244,14,Asian Paints,ASIANPAINT.NS,Stock,Consumer Goods,https://1drv.ms/i/c/8705623eb284e7df/IQR9q3xMF-WOSJg76JgYgjx1AUHVbVF2v8vhKxkQU8rPlOs?width=1920&height=1920
17-12-2025,2785.699951,2806.5,2772,2800,636499,14,Asian Paints,ASIANPAINT.NS,Stock,Consumer Goods,https://1drv.ms/i/c/8705623eb284e7df/IQR9q3xMF-WOSJg76JgYgjx1AUHVbVF2v8vhKxkQU8rPlOs?width=1920&height=1920
18-12-2025,2759.699951,2793.800049,2755.300049,2780,417994,14,Asian Paints,ASIANPAINT.NS,Stock,Consumer Goods,https://1drv.ms/i/c/8705623eb284e7df/IQR9q3xMF-WOSJg76JgYgjx1AUHVbVF2v8vhKxkQU8rPlOs?width=1920&height=1920
19-12-2025,2799.899902,2812.399902,2759.699951,2766.399902,3895542,14,Asian Paints,ASIANPAINT.NS,Stock,Consumer Goods,https://1drv.ms/i/c/8705623eb284e7df/IQR9q3xMF-WOSJg76JgYgjx1AUHVbVF2v8vhKxkQU8rPlOs?width=1920&height=1920
22-12-2025,2807.600098,2823.100098,2780.300049,2785.800049,463953,14,Asian Paints,ASIANPAINT.NS,Stock,Consumer Goods,https://1drv.ms/i/c/8705623eb284e7df/IQR9q3xMF-WOSJg76JgYgjx1AUHVbVF2v8vhKxkQU8rPlOs?width=1920&height=1920
23-12-2025,2807.800049,2819,2783.100098,2798,431068,14,Asian Paints,ASIANPAINT.NS,Stock,Consumer Goods,https://1drv.ms/i/c/8705623eb284e7df/IQR9q3xMF-WOSJg76JgYgjx1AUHVbVF2v8vhKxkQU8rPlOs?width=1920&height=1920
24-12-2025,2785.5,2824.699951,2782,2807.800049,512144,14,Asian Paints,ASIANPAINT.NS,Stock,Consumer Goods,https://1drv.ms/i/c/8705623eb284e7df/IQR9q3xMF-WOSJg76JgYgjx1AUHVbVF2v8vhKxkQU8rPlOs?width=1920&height=1920
26-12-2025,2746.5,2794.399902,2743,2785,532078,14,Asian Paints,ASIANPAINT.NS,Stock,Consumer Goods,https://1drv.ms/i/c/8705623eb284e7df/IQR9q3xMF-WOSJg76JgYgjx1AUHVbVF2v8vhKxkQU8rPlOs?width=1920&height=1920
29-12-2025,2775.399902,2793.800049,2735,2746.5,815529,14,Asian Paints,ASIANPAINT.NS,Stock,Consumer Goods,https://1drv.ms/i/c/8705623eb284e7df/IQR9q3xMF-WOSJg76JgYgjx1AUHVbVF2v8vhKxkQU8rPlOs?width=1920&height=1920
30-12-2025,2758.300049,2792.399902,2741,2770.300049,4833527,14,Asian Paints,ASIANPAINT.NS,Stock,Consumer Goods,https://1drv.ms/i/c/8705623eb284e7df/IQR9q3xMF-WOSJg76JgYgjx1AUHVbVF2v8vhKxkQU8rPlOs?width=1920&height=1920
31-12-2025,2769.5,2796.800049,2754.899902,2755,1274705,14,Asian Paints,ASIANPAINT.NS,Stock,Consumer Goods,https://1drv.ms/i/c/8705623eb284e7df/IQR9q3xMF-WOSJg76JgYgjx1AUHVbVF2v8vhKxkQU8rPlOs?width=1920&height=1920
