Date,Close,High,Low,Open,Volume,AssetID,AssetName,Ticker,AssetType,Sector,Logo
01-01-2021,494.2082214,495.4074022,487.5407404,491.4261101,10377082,9,Bharti Airtel,BHARTIARTL.NS,Stock,Telecom,https://1drv.ms/i/c/8705623eb284e7df/IQSxu2hqOY7-QLx90cczkqQ3AaiyjTAlNRBkOjXYHjazv6Y?width=300&height=200
04-01-2021,496.0788879,499.3406712,490.8024633,495.9829356,13489114,9,Bharti Airtel,BHARTIARTL.NS,Stock,Telecom,https://1drv.ms/i/c/8705623eb284e7df/IQSxu2hqOY7-QLx90cczkqQ3AaiyjTAlNRBkOjXYHjazv6Y?width=300&height=200
05-01-2021,493.1049194,495.8870306,490.3228083,493.1049194,10689423,9,Bharti Airtel,BHARTIARTL.NS,Stock,Telecom,https://1drv.ms/i/c/8705623eb284e7df/IQSxu2hqOY7-QLx90cczkqQ3AaiyjTAlNRBkOjXYHjazv6Y?width=300&height=200
06-01-2021,503.9455872,510.1333657,492.2415175,494.0642842,30837593,9,Bharti Airtel,BHARTIARTL.NS,Stock,Telecom,https://1drv.ms/i/c/8705623eb284e7df/IQSxu2hqOY7-QLx90cczkqQ3AaiyjTAlNRBkOjXYHjazv6Y?width=300&height=200
07-01-2021,523.0845947,531.9106011,505.6723884,510.3732486,39444841,9,Bharti Airtel,BHARTIARTL.NS,Stock,Telecom,https://1drv.ms/i/c/8705623eb284e7df/IQSxu2hqOY7-QLx90cczkqQ3AaiyjTAlNRBkOjXYHjazv6Y?width=300&height=200
08-01-2021,518.2878418,527.4016152,515.4577097,526.9699042,14538362,9,Bharti Airtel,BHARTIARTL.NS,Stock,Telecom,https://1drv.ms/i/c/8705623eb284e7df/IQSxu2hqOY7-QLx90cczkqQ3AaiyjTAlNRBkOjXYHjazv6Y?width=300&height=200
11-01-2021,524.9073486,531.8146655,519.4870099,519.4870099,19892197,9,Bharti Airtel,BHARTIARTL.NS,Stock,Telecom,https://1drv.ms/i/c/8705623eb284e7df/IQSxu2hqOY7-QLx90cczkqQ3AaiyjTAlNRBkOjXYHjazv6Y?width=300&height=200
12-01-2021,542.7511597,545.8690592,522.8446714,526.6821092,25857074,9,Bharti Airtel,BHARTIARTL.NS,Stock,Telecom,https://1drv.ms/i/c/8705623eb284e7df/IQSxu2hqOY7-QLx90cczkqQ3AaiyjTAlNRBkOjXYHjazv6Y?width=300&height=200
13-01-2021,554.743042,577.2397372,543.950386,564.0966811,85239439,9,Bharti Airtel,BHARTIARTL.NS,Stock,Telecom,https://1drv.ms/i/c/8705623eb284e7df/IQSxu2hqOY7-QLx90cczkqQ3AaiyjTAlNRBkOjXYHjazv6Y?width=300&height=200
14-01-2021,556.9495239,561.0267082,546.8763472,559.0120967,16974338,9,Bharti Airtel,BHARTIARTL.NS,Stock,Telecom,https://1drv.ms/i/c/8705623eb284e7df/IQSxu2hqOY7-QLx90cczkqQ3AaiyjTAlNRBkOjXYHjazv6Y?width=300&height=200
15-01-2021,578.151123,585.8259391,569.6609059,584.7706124,57451072,9,Bharti Airtel,BHARTIARTL.NS,Stock,Telecom,https://1drv.ms/i/c/8705623eb284e7df/IQSxu2hqOY7-QLx90cczkqQ3AaiyjTAlNRBkOjXYHjazv6Y?width=300&height=200
18-01-2021,563.0894165,578.4869513,560.2593439,578.1511628,21359539,9,Bharti Airtel,BHARTIARTL.NS,Stock,Telecom,https://1drv.ms/i/c/8705623eb284e7df/IQSxu2hqOY7-QLx90cczkqQ3AaiyjTAlNRBkOjXYHjazv6Y?width=300&height=200
19-01-2021,568.2219238,573.1625307,562.6577012,567.0706745,11034273,9,Bharti Airtel,BHARTIARTL.NS,Stock,Telecom,https://1drv.ms/i/c/8705623eb284e7df/IQSxu2hqOY7-QLx90cczkqQ3AaiyjTAlNRBkOjXYHjazv6Y?width=300&height=200
20-01-2021,571.9153442,578.0071996,565.0559894,568.2218501,13333007,9,Bharti Airtel,BHARTIARTL.NS,Stock,Telecom,https://1drv.ms/i/c/8705623eb284e7df/IQSxu2hqOY7-QLx90cczkqQ3AaiyjTAlNRBkOjXYHjazv6Y?width=300&height=200
21-01-2021,557.717041,579.4942593,551.0495899,575.8487259,17380638,9,Bharti Airtel,BHARTIARTL.NS,Stock,Telecom,https://1drv.ms/i/c/8705623eb284e7df/IQSxu2hqOY7-QLx90cczkqQ3AaiyjTAlNRBkOjXYHjazv6Y?width=300&height=200
22-01-2021,553.3999634,561.746297,549.4666029,560.1633367,12662954,9,Bharti Airtel,BHARTIARTL.NS,Stock,Telecom,https://1drv.ms/i/c/8705623eb284e7df/IQSxu2hqOY7-QLx90cczkqQ3AaiyjTAlNRBkOjXYHjazv6Y?width=300&height=200
25-01-2021,557.1414185,563.9528126,546.3967235,555.4625356,12503932,9,Bharti Airtel,BHARTIARTL.NS,Stock,Telecom,https://1drv.ms/i/c/8705623eb284e7df/IQSxu2hqOY7-QLx90cczkqQ3AaiyjTAlNRBkOjXYHjazv6Y?width=300&height=200
27-01-2021,547.5958862,558.1007751,539.4894185,556.4218923,15567653,9,Bharti Airtel,BHARTIARTL.NS,Stock,Telecom,https://1drv.ms/i/c/8705623eb284e7df/IQSxu2hqOY7-QLx90cczkqQ3AaiyjTAlNRBkOjXYHjazv6Y?width=300&height=200
28-01-2021,547.6918335,552.4405949,539.8731338,543.4707056,15201598,9,Bharti Airtel,BHARTIARTL.NS,Stock,Telecom,https://1drv.ms/i/c/8705623eb284e7df/IQSxu2hqOY7-QLx90cczkqQ3AaiyjTAlNRBkOjXYHjazv6Y?width=300&height=200
29-01-2021,531.0950317,554.9827796,528.2169985,554.9827796,25521965,9,Bharti Airtel,BHARTIARTL.NS,Stock,Telecom,https://1drv.ms/i/c/8705623eb284e7df/IQSxu2hqOY7-QLx90cczkqQ3AaiyjTAlNRBkOjXYHjazv6Y?width=300&height=200
01-02-2021,555.6064453,557.4771731,526.8739518,536.2755519,14212955,9,Bharti Airtel,BHARTIARTL.NS,Stock,Telecom,https://1drv.ms/i/c/8705623eb284e7df/IQSxu2hqOY7-QLx90cczkqQ3AaiyjTAlNRBkOjXYHjazv6Y?width=300&height=200
02-02-2021,574.9852295,581.0291237,555.7023574,561.1226359,21711996,9,Bharti Airtel,BHARTIARTL.NS,Stock,Telecom,https://1drv.ms/i/c/8705623eb284e7df/IQSxu2hqOY7-QLx90cczkqQ3AaiyjTAlNRBkOjXYHjazv6Y?width=300&height=200
03-02-2021,584.0991211,597.1942166,575.0812103,584.6267547,30641248,9,Bharti Airtel,BHARTIARTL.NS,Stock,Telecom,https://1drv.ms/i/c/8705623eb284e7df/IQSxu2hqOY7-QLx90cczkqQ3AaiyjTAlNRBkOjXYHjazv6Y?width=300&height=200
04-02-2021,576.1845093,597.6739002,571.4357475,589.9031611,51976676,9,Bharti Airtel,BHARTIARTL.NS,Stock,Telecom,https://1drv.ms/i/c/8705623eb284e7df/IQSxu2hqOY7-QLx90cczkqQ3AaiyjTAlNRBkOjXYHjazv6Y?width=300&height=200
05-02-2021,557.4772339,581.2690639,552.8243946,579.2543925,35465208,9,Bharti Airtel,BHARTIARTL.NS,Stock,Telecom,https://1drv.ms/i/c/8705623eb284e7df/IQSxu2hqOY7-QLx90cczkqQ3AaiyjTAlNRBkOjXYHjazv6Y?width=300&height=200
08-02-2021,573.0186157,579.1104716,560.9308266,565.056032,21646080,9,Bharti Airtel,BHARTIARTL.NS,Stock,Telecom,https://1drv.ms/i/c/8705623eb284e7df/IQSxu2hqOY7-QLx90cczkqQ3AaiyjTAlNRBkOjXYHjazv6Y?width=300&height=200
09-02-2021,574.6015015,583.0438169,570.8120846,574.5535402,20927436,9,Bharti Airtel,BHARTIARTL.NS,Stock,Telecom,https://1drv.ms/i/c/8705623eb284e7df/IQSxu2hqOY7-QLx90cczkqQ3AaiyjTAlNRBkOjXYHjazv6Y?width=300&height=200
10-02-2021,566.2072754,583.0438873,556.6617902,580.3576984,31642664,9,Bharti Airtel,BHARTIARTL.NS,Stock,Telecom,https://1drv.ms/i/c/8705623eb284e7df/IQSxu2hqOY7-QLx90cczkqQ3AaiyjTAlNRBkOjXYHjazv6Y?width=300&height=200
11-02-2021,573.7861328,579.0145668,565.0560494,567.9340831,19253595,9,Bharti Airtel,BHARTIARTL.NS,Stock,Telecom,https://1drv.ms/i/c/8705623eb284e7df/IQSxu2hqOY7-QLx90cczkqQ3AaiyjTAlNRBkOjXYHjazv6Y?width=300&height=200
12-02-2021,562.4178467,573.5462921,560.8349459,573.5462921,15905053,9,Bharti Airtel,BHARTIARTL.NS,Stock,Telecom,https://1drv.ms/i/c/8705623eb284e7df/IQSxu2hqOY7-QLx90cczkqQ3AaiyjTAlNRBkOjXYHjazv6Y?width=300&height=200
15-02-2021,569.5650024,578.4869309,566.0153917,568.0300034,17972742,9,Bharti Airtel,BHARTIARTL.NS,Stock,Telecom,https://1drv.ms/i/c/8705623eb284e7df/IQSxu2hqOY7-QLx90cczkqQ3AaiyjTAlNRBkOjXYHjazv6Y?width=300&height=200
16-02-2021,569.8048096,577.1438374,568.8934263,570.8121154,15064854,9,Bharti Airtel,BHARTIARTL.NS,Stock,Telecom,https://1drv.ms/i/c/8705623eb284e7df/IQSxu2hqOY7-QLx90cczkqQ3AaiyjTAlNRBkOjXYHjazv6Y?width=300&height=200
17-02-2021,569.7089233,574.4576853,566.0633898,572.6828798,16436661,9,Bharti Airtel,BHARTIARTL.NS,Stock,Telecom,https://1drv.ms/i/c/8705623eb284e7df/IQSxu2hqOY7-QLx90cczkqQ3AaiyjTAlNRBkOjXYHjazv6Y?width=300&height=200
18-02-2021,565.1039429,573.6900819,561.4104488,572.7307374,22193564,9,Bharti Airtel,BHARTIARTL.NS,Stock,Telecom,https://1drv.ms/i/c/8705623eb284e7df/IQSxu2hqOY7-QLx90cczkqQ3AaiyjTAlNRBkOjXYHjazv6Y?width=300&height=200
19-02-2021,557.717041,571.7714815,552.1048571,566.0154137,19465126,9,Bharti Airtel,BHARTIARTL.NS,Stock,Telecom,https://1drv.ms/i/c/8705623eb284e7df/IQSxu2hqOY7-QLx90cczkqQ3AaiyjTAlNRBkOjXYHjazv6Y?width=300&height=200
22-02-2021,547.116272,561.1227522,544.909815,558.3407003,20227667,9,Bharti Airtel,BHARTIARTL.NS,Stock,Telecom,https://1drv.ms/i/c/8705623eb284e7df/IQSxu2hqOY7-QLx90cczkqQ3AaiyjTAlNRBkOjXYHjazv6Y?width=300&height=200
23-02-2021,542.5593872,553.5438894,541.0723493,551.6252001,23764401,9,Bharti Airtel,BHARTIARTL.NS,Stock,Telecom,https://1drv.ms/i/c/8705623eb284e7df/IQSxu2hqOY7-QLx90cczkqQ3AaiyjTAlNRBkOjXYHjazv6Y?width=300&height=200
24-02-2021,549.6585693,550.7617978,542.2236182,545.0057297,8888950,9,Bharti Airtel,BHARTIARTL.NS,Stock,Telecom,https://1drv.ms/i/c/8705623eb284e7df/IQSxu2hqOY7-QLx90cczkqQ3AaiyjTAlNRBkOjXYHjazv6Y?width=300&height=200
25-02-2021,555.6064453,560.6909951,553.5917741,556.3259239,16230241,9,Bharti Airtel,BHARTIARTL.NS,Stock,Telecom,https://1drv.ms/i/c/8705623eb284e7df/IQSxu2hqOY7-QLx90cczkqQ3AaiyjTAlNRBkOjXYHjazv6Y?width=300&height=200
26-02-2021,533.6854248,562.1300953,529.3203529,551.1455333,198547005,9,Bharti Airtel,BHARTIARTL.NS,Stock,Telecom,https://1drv.ms/i/c/8705623eb284e7df/IQSxu2hqOY7-QLx90cczkqQ3AaiyjTAlNRBkOjXYHjazv6Y?width=300&height=200
01-03-2021,510.5650635,536.3715039,499.8203685,535.3162368,55091122,9,Bharti Airtel,BHARTIARTL.NS,Stock,Telecom,https://1drv.ms/i/c/8705623eb284e7df/IQSxu2hqOY7-QLx90cczkqQ3AaiyjTAlNRBkOjXYHjazv6Y?width=300&height=200
02-03-2021,519.1992798,521.8854091,507.3512956,518.5277027,30622757,9,Bharti Airtel,BHARTIARTL.NS,Stock,Telecom,https://1drv.ms/i/c/8705623eb284e7df/IQSxu2hqOY7-QLx90cczkqQ3AaiyjTAlNRBkOjXYHjazv6Y?width=300&height=200
03-03-2021,524.0919189,528.3610086,518.0480237,526.4423193,24669015,9,Bharti Airtel,BHARTIARTL.NS,Stock,Telecom,https://1drv.ms/i/c/8705623eb284e7df/IQSxu2hqOY7-QLx90cczkqQ3AaiyjTAlNRBkOjXYHjazv6Y?width=300&height=200
04-03-2021,517.6641846,523.8040012,516.1292453,518.0479343,17678275,9,Bharti Airtel,BHARTIARTL.NS,Stock,Telecom,https://1drv.ms/i/c/8705623eb284e7df/IQSxu2hqOY7-QLx90cczkqQ3AaiyjTAlNRBkOjXYHjazv6Y?width=300&height=200
05-03-2021,511.1406555,516.6089553,503.0821493,513.2512493,16658703,9,Bharti Airtel,BHARTIARTL.NS,Stock,Telecom,https://1drv.ms/i/c/8705623eb284e7df/IQSxu2hqOY7-QLx90cczkqQ3AaiyjTAlNRBkOjXYHjazv6Y?width=300&height=200
08-03-2021,504.3293762,513.6830165,503.4179928,509.4139268,15293359,9,Bharti Airtel,BHARTIARTL.NS,Stock,Telecom,https://1drv.ms/i/c/8705623eb284e7df/IQSxu2hqOY7-QLx90cczkqQ3AaiyjTAlNRBkOjXYHjazv6Y?width=300&height=200
09-03-2021,500.5398254,510.3731963,493.3927028,508.5504298,20181762,9,Bharti Airtel,BHARTIARTL.NS,Stock,Telecom,https://1drv.ms/i/c/8705623eb284e7df/IQSxu2hqOY7-QLx90cczkqQ3AaiyjTAlNRBkOjXYHjazv6Y?width=300&height=200
10-03-2021,504.4732056,508.9341399,495.3594024,499.0528969,19013738,9,Bharti Airtel,BHARTIARTL.NS,Stock,Telecom,https://1drv.ms/i/c/8705623eb284e7df/IQSxu2hqOY7-QLx90cczkqQ3AaiyjTAlNRBkOjXYHjazv6Y?width=300&height=200
12-03-2021,502.8902283,511.0926777,500.3479832,508.9821436,11624491,9,Bharti Airtel,BHARTIARTL.NS,Stock,Telecom,https://1drv.ms/i/c/8705623eb284e7df/IQSxu2hqOY7-QLx90cczkqQ3AaiyjTAlNRBkOjXYHjazv6Y?width=300&height=200
15-03-2021,501.5951843,506.343946,495.4073759,506.343946,10875944,9,Bharti Airtel,BHARTIARTL.NS,Stock,Telecom,https://1drv.ms/i/c/8705623eb284e7df/IQSxu2hqOY7-QLx90cczkqQ3AaiyjTAlNRBkOjXYHjazv6Y?width=300&height=200
16-03-2021,507.7828979,512.0519868,502.6983484,502.6983484,13252045,9,Bharti Airtel,BHARTIARTL.NS,Stock,Telecom,https://1drv.ms/i/c/8705623eb284e7df/IQSxu2hqOY7-QLx90cczkqQ3AaiyjTAlNRBkOjXYHjazv6Y?width=300&height=200
17-03-2021,501.643158,509.413897,497.901702,507.3033031,8482758,9,Bharti Airtel,BHARTIARTL.NS,Stock,Telecom,https://1drv.ms/i/c/8705623eb284e7df/IQSxu2hqOY7-QLx90cczkqQ3AaiyjTAlNRBkOjXYHjazv6Y?width=300&height=200
18-03-2021,505.7683411,510.5650639,494.4000602,508.3105863,12465338,9,Bharti Airtel,BHARTIARTL.NS,Stock,Telecom,https://1drv.ms/i/c/8705623eb284e7df/IQSxu2hqOY7-QLx90cczkqQ3AaiyjTAlNRBkOjXYHjazv6Y?width=300&height=200
19-03-2021,508.4064941,513.0113718,504.137405,506.5357663,49597558,9,Bharti Airtel,BHARTIARTL.NS,Stock,Telecom,https://1drv.ms/i/c/8705623eb284e7df/IQSxu2hqOY7-QLx90cczkqQ3AaiyjTAlNRBkOjXYHjazv6Y?width=300&height=200
22-03-2021,506.5358276,512.2919552,501.7391044,511.3805718,13581706,9,Bharti Airtel,BHARTIARTL.NS,Stock,Telecom,https://1drv.ms/i/c/8705623eb284e7df/IQSxu2hqOY7-QLx90cczkqQ3AaiyjTAlNRBkOjXYHjazv6Y?width=300&height=200
23-03-2021,507.7349854,510.8048641,500.9235913,508.1666964,15239339,9,Bharti Airtel,BHARTIARTL.NS,Stock,Telecom,https://1drv.ms/i/c/8705623eb284e7df/IQSxu2hqOY7-QLx90cczkqQ3AaiyjTAlNRBkOjXYHjazv6Y?width=300&height=200
24-03-2021,502.3626099,511.7642701,500.300037,506.5357766,10801499,9,Bharti Airtel,BHARTIARTL.NS,Stock,Telecom,https://1drv.ms/i/c/8705623eb284e7df/IQSxu2hqOY7-QLx90cczkqQ3AaiyjTAlNRBkOjXYHjazv6Y?width=300&height=200
25-03-2021,487.1089783,502.3625982,479.2423173,502.1227919,17572322,9,Bharti Airtel,BHARTIARTL.NS,Stock,Telecom,https://1drv.ms/i/c/8705623eb284e7df/IQSxu2hqOY7-QLx90cczkqQ3AaiyjTAlNRBkOjXYHjazv6Y?width=300&height=200
26-03-2021,501.2593994,503.5618384,489.843157,491.2821739,11148490,9,Bharti Airtel,BHARTIARTL.NS,Stock,Telecom,https://1drv.ms/i/c/8705623eb284e7df/IQSxu2hqOY7-QLx90cczkqQ3AaiyjTAlNRBkOjXYHjazv6Y?width=300&height=200
30-03-2021,500.3000183,506.4398352,495.2634297,506.3439127,10691124,9,Bharti Airtel,BHARTIARTL.NS,Stock,Telecom,https://1drv.ms/i/c/8705623eb284e7df/IQSxu2hqOY7-QLx90cczkqQ3AaiyjTAlNRBkOjXYHjazv6Y?width=300&height=200
31-03-2021,496.2707825,504.5211636,495.2634468,501.1154963,7712521,9,Bharti Airtel,BHARTIARTL.NS,Stock,Telecom,https://1drv.ms/i/c/8705623eb284e7df/IQSxu2hqOY7-QLx90cczkqQ3AaiyjTAlNRBkOjXYHjazv6Y?width=300&height=200
01-04-2021,499.628479,502.602465,493.6325458,498.8130183,7111516,9,Bharti Airtel,BHARTIARTL.NS,Stock,Telecom,https://1drv.ms/i/c/8705623eb284e7df/IQSxu2hqOY7-QLx90cczkqQ3AaiyjTAlNRBkOjXYHjazv6Y?width=300&height=200
05-04-2021,506.7756348,507.4951133,493.6805101,499.6284821,9376649,9,Bharti Airtel,BHARTIARTL.NS,Stock,Telecom,https://1drv.ms/i/c/8705623eb284e7df/IQSxu2hqOY7-QLx90cczkqQ3AaiyjTAlNRBkOjXYHjazv6Y?width=300&height=200
06-04-2021,510.5650635,515.985402,503.2260358,507.0154528,13115141,9,Bharti Airtel,BHARTIARTL.NS,Stock,Telecom,https://1drv.ms/i/c/8705623eb284e7df/IQSxu2hqOY7-QLx90cczkqQ3AaiyjTAlNRBkOjXYHjazv6Y?width=300&height=200
07-04-2021,519.5829468,524.6674972,513.4910905,515.1699734,21391503,9,Bharti Airtel,BHARTIARTL.NS,Stock,Telecom,https://1drv.ms/i/c/8705623eb284e7df/IQSxu2hqOY7-QLx90cczkqQ3AaiyjTAlNRBkOjXYHjazv6Y?width=300&height=200
08-04-2021,520.9259644,526.2503799,518.5276031,524.5714973,11367448,9,Bharti Airtel,BHARTIARTL.NS,Stock,Telecom,https://1drv.ms/i/c/8705623eb284e7df/IQSxu2hqOY7-QLx90cczkqQ3AaiyjTAlNRBkOjXYHjazv6Y?width=300&height=200
09-04-2021,523.0845947,527.4016455,514.6902994,517.5683333,11641539,9,Bharti Airtel,BHARTIARTL.NS,Stock,Telecom,https://1drv.ms/i/c/8705623eb284e7df/IQSxu2hqOY7-QLx90cczkqQ3AaiyjTAlNRBkOjXYHjazv6Y?width=300&height=200
12-04-2021,501.2114258,516.9447483,497.4220088,515.6975765,9869735,9,Bharti Airtel,BHARTIARTL.NS,Stock,Telecom,https://1drv.ms/i/c/8705623eb284e7df/IQSxu2hqOY7-QLx90cczkqQ3AaiyjTAlNRBkOjXYHjazv6Y?width=300&height=200
13-04-2021,514.3544922,518.0479867,501.8349916,505.0008526,6657701,9,Bharti Airtel,BHARTIARTL.NS,Stock,Telecom,https://1drv.ms/i/c/8705623eb284e7df/IQSxu2hqOY7-QLx90cczkqQ3AaiyjTAlNRBkOjXYHjazv6Y?width=300&height=200
15-04-2021,517.4244385,523.9480056,508.6943549,518.0479946,9989813,9,Bharti Airtel,BHARTIARTL.NS,Stock,Telecom,https://1drv.ms/i/c/8705623eb284e7df/IQSxu2hqOY7-QLx90cczkqQ3AaiyjTAlNRBkOjXYHjazv6Y?width=300&height=200
16-04-2021,518.7675171,522.0293006,516.1292897,518.0959401,6273393,9,Bharti Airtel,BHARTIARTL.NS,Stock,Telecom,https://1drv.ms/i/c/8705623eb284e7df/IQSxu2hqOY7-QLx90cczkqQ3AaiyjTAlNRBkOjXYHjazv6Y?width=300&height=200
19-04-2021,505.0487671,513.2512163,501.9788886,510.612989,7368743,9,Bharti Airtel,BHARTIARTL.NS,Stock,Telecom,https://1drv.ms/i/c/8705623eb284e7df/IQSxu2hqOY7-QLx90cczkqQ3AaiyjTAlNRBkOjXYHjazv6Y?width=300&height=200
20-04-2021,508.6463623,515.1699291,504.5211569,507.4951131,7369109,9,Bharti Airtel,BHARTIARTL.NS,Stock,Telecom,https://1drv.ms/i/c/8705623eb284e7df/IQSxu2hqOY7-QLx90cczkqQ3AaiyjTAlNRBkOjXYHjazv6Y?width=300&height=200
22-04-2021,509.2698975,511.71622,504.66502,508.4544367,6675147,9,Bharti Airtel,BHARTIARTL.NS,Stock,Telecom,https://1drv.ms/i/c/8705623eb284e7df/IQSxu2hqOY7-QLx90cczkqQ3AaiyjTAlNRBkOjXYHjazv6Y?width=300&height=200
23-04-2021,501.3553162,510.8048782,497.9976101,507.4951334,7123670,9,Bharti Airtel,BHARTIARTL.NS,Stock,Telecom,https://1drv.ms/i/c/8705623eb284e7df/IQSxu2hqOY7-QLx90cczkqQ3AaiyjTAlNRBkOjXYHjazv6Y?width=300&height=200
26-04-2021,506.1040955,507.0154788,501.4992771,501.4992771,5929161,9,Bharti Airtel,BHARTIARTL.NS,Stock,Telecom,https://1drv.ms/i/c/8705623eb284e7df/IQSxu2hqOY7-QLx90cczkqQ3AaiyjTAlNRBkOjXYHjazv6Y?width=300&height=200
27-04-2021,512.5796509,516.6568949,504.8569334,506.008123,9875033,9,Bharti Airtel,BHARTIARTL.NS,Stock,Telecom,https://1drv.ms/i/c/8705623eb284e7df/IQSxu2hqOY7-QLx90cczkqQ3AaiyjTAlNRBkOjXYHjazv6Y?width=300&height=200
28-04-2021,522.1731567,525.7227673,513.8268236,514.1626121,12195400,9,Bharti Airtel,BHARTIARTL.NS,Stock,Telecom,https://1drv.ms/i/c/8705623eb284e7df/IQSxu2hqOY7-QLx90cczkqQ3AaiyjTAlNRBkOjXYHjazv6Y?width=300&height=200
29-04-2021,518.8634033,527.6414473,517.1845206,527.3536201,8846896,9,Bharti Airtel,BHARTIARTL.NS,Stock,Telecom,https://1drv.ms/i/c/8705623eb284e7df/IQSxu2hqOY7-QLx90cczkqQ3AaiyjTAlNRBkOjXYHjazv6Y?width=300&height=200
30-04-2021,514.9300537,524.7633649,511.8122138,511.8122138,8331737,9,Bharti Airtel,BHARTIARTL.NS,Stock,Telecom,https://1drv.ms/i/c/8705623eb284e7df/IQSxu2hqOY7-QLx90cczkqQ3AaiyjTAlNRBkOjXYHjazv6Y?width=300&height=200
03-05-2021,536.1317749,539.6333652,507.5431595,508.454543,14556346,9,Bharti Airtel,BHARTIARTL.NS,Stock,Telecom,https://1drv.ms/i/c/8705623eb284e7df/IQSxu2hqOY7-QLx90cczkqQ3AaiyjTAlNRBkOjXYHjazv6Y?width=300&height=200
04-05-2021,529.9918823,542.943034,524.4756212,542.943034,14196229,9,Bharti Airtel,BHARTIARTL.NS,Stock,Telecom,https://1drv.ms/i/c/8705623eb284e7df/IQSxu2hqOY7-QLx90cczkqQ3AaiyjTAlNRBkOjXYHjazv6Y?width=300&height=200
05-05-2021,537.1869507,541.9836734,531.4788447,534.2609558,12095639,9,Bharti Airtel,BHARTIARTL.NS,Stock,Telecom,https://1drv.ms/i/c/8705623eb284e7df/IQSxu2hqOY7-QLx90cczkqQ3AaiyjTAlNRBkOjXYHjazv6Y?width=300&height=200
06-05-2021,536.0357666,541.4560454,530.1357559,537.1869562,9169742,9,Bharti Airtel,BHARTIARTL.NS,Stock,Telecom,https://1drv.ms/i/c/8705623eb284e7df/IQSxu2hqOY7-QLx90cczkqQ3AaiyjTAlNRBkOjXYHjazv6Y?width=300&height=200
07-05-2021,545.3894043,549.6105322,534.2609598,538.3861652,12894499,9,Bharti Airtel,BHARTIARTL.NS,Stock,Telecom,https://1drv.ms/i/c/8705623eb284e7df/IQSxu2hqOY7-QLx90cczkqQ3AaiyjTAlNRBkOjXYHjazv6Y?width=300&height=200
10-05-2021,549.2747803,553.5438698,545.9650354,548.7471467,8365615,9,Bharti Airtel,BHARTIARTL.NS,Stock,Telecom,https://1drv.ms/i/c/8705623eb284e7df/IQSxu2hqOY7-QLx90cczkqQ3AaiyjTAlNRBkOjXYHjazv6Y?width=300&height=200
11-05-2021,545.2935181,551.4812968,541.1203511,542.5114068,8033470,9,Bharti Airtel,BHARTIARTL.NS,Stock,Telecom,https://1drv.ms/i/c/8705623eb284e7df/IQSxu2hqOY7-QLx90cczkqQ3AaiyjTAlNRBkOjXYHjazv6Y?width=300&height=200
12-05-2021,538.9138184,546.0129802,535.5081511,544.9097518,6815070,9,Bharti Airtel,BHARTIARTL.NS,Stock,Telecom,https://1drv.ms/i/c/8705623eb284e7df/IQSxu2hqOY7-QLx90cczkqQ3AaiyjTAlNRBkOjXYHjazv6Y?width=300&height=200
14-05-2021,537.6187134,546.2048538,533.5414689,541.0723421,7697716,9,Bharti Airtel,BHARTIARTL.NS,Stock,Telecom,https://1drv.ms/i/c/8705623eb284e7df/IQSxu2hqOY7-QLx90cczkqQ3AaiyjTAlNRBkOjXYHjazv6Y?width=300&height=200
17-05-2021,527.3056641,541.0243145,523.6121698,541.0243145,13677009,9,Bharti Airtel,BHARTIARTL.NS,Stock,Telecom,https://1drv.ms/i/c/8705623eb284e7df/IQSxu2hqOY7-QLx90cczkqQ3AaiyjTAlNRBkOjXYHjazv6Y?width=300&height=200
18-05-2021,514.5463867,530.423593,512.8195426,525.2430608,34968901,9,Bharti Airtel,BHARTIARTL.NS,Stock,Telecom,https://1drv.ms/i/c/8705623eb284e7df/IQSxu2hqOY7-QLx90cczkqQ3AaiyjTAlNRBkOjXYHjazv6Y?width=300&height=200
19-05-2021,506.7277222,518.5756463,504.8090329,516.0334009,19583966,9,Bharti Airtel,BHARTIARTL.NS,Stock,Telecom,https://1drv.ms/i/c/8705623eb284e7df/IQSxu2hqOY7-QLx90cczkqQ3AaiyjTAlNRBkOjXYHjazv6Y?width=300&height=200
20-05-2021,499.4845581,509.4138515,498.8610021,509.4138515,14036583,9,Bharti Airtel,BHARTIARTL.NS,Stock,Telecom,https://1drv.ms/i/c/8705623eb284e7df/IQSxu2hqOY7-QLx90cczkqQ3AaiyjTAlNRBkOjXYHjazv6Y?width=300&height=200
21-05-2021,509.3658752,511.620353,500.779735,501.9789456,10492773,9,Bharti Airtel,BHARTIARTL.NS,Stock,Telecom,https://1drv.ms/i/c/8705623eb284e7df/IQSxu2hqOY7-QLx90cczkqQ3AaiyjTAlNRBkOjXYHjazv6Y?width=300&height=200
24-05-2021,505.384552,511.3325237,504.6170525,509.4138347,6386039,9,Bharti Airtel,BHARTIARTL.NS,Stock,Telecom,https://1drv.ms/i/c/8705623eb284e7df/IQSxu2hqOY7-QLx90cczkqQ3AaiyjTAlNRBkOjXYHjazv6Y?width=300&height=200
25-05-2021,504.7130127,509.2219679,503.1780733,508.3585459,9412913,9,Bharti Airtel,BHARTIARTL.NS,Stock,Telecom,https://1drv.ms/i/c/8705623eb284e7df/IQSxu2hqOY7-QLx90cczkqQ3AaiyjTAlNRBkOjXYHjazv6Y?width=300&height=200
26-05-2021,504.3772888,509.221973,503.6577506,507.4951289,6908901,9,Bharti Airtel,BHARTIARTL.NS,Stock,Telecom,https://1drv.ms/i/c/8705623eb284e7df/IQSxu2hqOY7-QLx90cczkqQ3AaiyjTAlNRBkOjXYHjazv6Y?width=300&height=200
27-05-2021,498.6691589,505.5764459,497.613862,504.7130239,22783169,9,Bharti Airtel,BHARTIARTL.NS,Stock,Telecom,https://1drv.ms/i/c/8705623eb284e7df/IQSxu2hqOY7-QLx90cczkqQ3AaiyjTAlNRBkOjXYHjazv6Y?width=300&height=200
28-05-2021,502.3146667,507.0154672,499.2447581,501.0195337,10248988,9,Bharti Airtel,BHARTIARTL.NS,Stock,Telecom,https://1drv.ms/i/c/8705623eb284e7df/IQSxu2hqOY7-QLx90cczkqQ3AaiyjTAlNRBkOjXYHjazv6Y?width=300&height=200
31-05-2021,513.1552734,514.2105404,503.7536142,504.1373639,12803471,9,Bharti Airtel,BHARTIARTL.NS,Stock,Telecom,https://1drv.ms/i/c/8705623eb284e7df/IQSxu2hqOY7-QLx90cczkqQ3AaiyjTAlNRBkOjXYHjazv6Y?width=300&height=200
01-06-2021,511.2365417,516.5129961,508.742258,515.6016129,8435896,9,Bharti Airtel,BHARTIARTL.NS,Stock,Telecom,https://1drv.ms/i/c/8705623eb284e7df/IQSxu2hqOY7-QLx90cczkqQ3AaiyjTAlNRBkOjXYHjazv6Y?width=300&height=200
02-06-2021,507.9747925,512.8674974,506.5357756,508.3585422,10567595,9,Bharti Airtel,BHARTIARTL.NS,Stock,Telecom,https://1drv.ms/i/c/8705623eb284e7df/IQSxu2hqOY7-QLx90cczkqQ3AaiyjTAlNRBkOjXYHjazv6Y?width=300&height=200
03-06-2021,510.4212036,511.7162771,507.0154766,508.4544935,6290021,9,Bharti Airtel,BHARTIARTL.NS,Stock,Telecom,https://1drv.ms/i/c/8705623eb284e7df/IQSxu2hqOY7-QLx90cczkqQ3AaiyjTAlNRBkOjXYHjazv6Y?width=300&height=200
04-06-2021,511.0447388,514.018695,509.6057219,512.2439493,4878809,9,Bharti Airtel,BHARTIARTL.NS,Stock,Telecom,https://1drv.ms/i/c/8705623eb284e7df/IQSxu2hqOY7-QLx90cczkqQ3AaiyjTAlNRBkOjXYHjazv6Y?width=300&height=200
07-06-2021,514.642334,519.007346,511.3325891,512.2919337,9674473,9,Bharti Airtel,BHARTIARTL.NS,Stock,Telecom,https://1drv.ms/i/c/8705623eb284e7df/IQSxu2hqOY7-QLx90cczkqQ3AaiyjTAlNRBkOjXYHjazv6Y?width=300&height=200
08-06-2021,524.5715332,525.7227825,512.2918991,516.2251998,12822963,9,Bharti Airtel,BHARTIARTL.NS,Stock,Telecom,https://1drv.ms/i/c/8705623eb284e7df/IQSxu2hqOY7-QLx90cczkqQ3AaiyjTAlNRBkOjXYHjazv6Y?width=300&height=200
09-06-2021,518.0479736,529.0804958,513.5869797,527.5454968,12674395,9,Bharti Airtel,BHARTIARTL.NS,Stock,Telecom,https://1drv.ms/i/c/8705623eb284e7df/IQSxu2hqOY7-QLx90cczkqQ3AaiyjTAlNRBkOjXYHjazv6Y?width=300&height=200
10-06-2021,522.9886475,525.578854,518.3837696,521.7894369,7018193,9,Bharti Airtel,BHARTIARTL.NS,Stock,Telecom,https://1drv.ms/i/c/8705623eb284e7df/IQSxu2hqOY7-QLx90cczkqQ3AaiyjTAlNRBkOjXYHjazv6Y?width=300&height=200
11-06-2021,518.8634033,527.4015814,518.0959039,523.3243374,7777365,9,Bharti Airtel,BHARTIARTL.NS,Stock,Telecom,https://1drv.ms/i/c/8705623eb284e7df/IQSxu2hqOY7-QLx90cczkqQ3AaiyjTAlNRBkOjXYHjazv6Y?width=300&height=200
14-06-2021,517.4244385,518.8634554,507.7829715,518.8634554,5714387,9,Bharti Airtel,BHARTIARTL.NS,Stock,Telecom,https://1drv.ms/i/c/8705623eb284e7df/IQSxu2hqOY7-QLx90cczkqQ3AaiyjTAlNRBkOjXYHjazv6Y?width=300&height=200
15-06-2021,520.4463501,521.5496381,516.5130492,519.0073332,7264778,9,Bharti Airtel,BHARTIARTL.NS,Stock,Telecom,https://1drv.ms/i/c/8705623eb284e7df/IQSxu2hqOY7-QLx90cczkqQ3AaiyjTAlNRBkOjXYHjazv6Y?width=300&height=200
16-06-2021,514.9300537,521.6934863,513.1553081,521.6934863,10045600,9,Bharti Airtel,BHARTIARTL.NS,Stock,Telecom,https://1drv.ms/i/c/8705623eb284e7df/IQSxu2hqOY7-QLx90cczkqQ3AaiyjTAlNRBkOjXYHjazv6Y?width=300&height=200
17-06-2021,507.1594238,519.2472137,505.6244247,517.5683308,10214732,9,Bharti Airtel,BHARTIARTL.NS,Stock,Telecom,https://1drv.ms/i/c/8705623eb284e7df/IQSxu2hqOY7-QLx90cczkqQ3AaiyjTAlNRBkOjXYHjazv6Y?width=300&height=200
18-06-2021,516.8487549,519.870732,497.9016702,509.7975546,15000348,9,Bharti Airtel,BHARTIARTL.NS,Stock,Telecom,https://1drv.ms/i/c/8705623eb284e7df/IQSxu2hqOY7-QLx90cczkqQ3AaiyjTAlNRBkOjXYHjazv6Y?width=300&height=200
21-06-2021,517.6641846,519.8707008,511.3325229,513.2512118,5742834,9,Bharti Airtel,BHARTIARTL.NS,Stock,Telecom,https://1drv.ms/i/c/8705623eb284e7df/IQSxu2hqOY7-QLx90cczkqQ3AaiyjTAlNRBkOjXYHjazv6Y?width=300&height=200
22-06-2021,514.5943604,526.6821499,513.7309383,525.7707666,9114558,9,Bharti Airtel,BHARTIARTL.NS,Stock,Telecom,https://1drv.ms/i/c/8705623eb284e7df/IQSxu2hqOY7-QLx90cczkqQ3AaiyjTAlNRBkOjXYHjazv6Y?width=300&height=200
23-06-2021,512.3398438,517.2804501,511.0447108,516.1292606,4767421,9,Bharti Airtel,BHARTIARTL.NS,Stock,Telecom,https://1drv.ms/i/c/8705623eb284e7df/IQSxu2hqOY7-QLx90cczkqQ3AaiyjTAlNRBkOjXYHjazv6Y?width=300&height=200
24-06-2021,507.2553711,513.6830161,505.9602379,513.2513051,6419922,9,Bharti Airtel,BHARTIARTL.NS,Stock,Telecom,https://1drv.ms/i/c/8705623eb284e7df/IQSxu2hqOY7-QLx90cczkqQ3AaiyjTAlNRBkOjXYHjazv6Y?width=300&height=200
25-06-2021,513.347229,514.1147286,507.8309673,509.7016954,5504204,9,Bharti Airtel,BHARTIARTL.NS,Stock,Telecom,https://1drv.ms/i/c/8705623eb284e7df/IQSxu2hqOY7-QLx90cczkqQ3AaiyjTAlNRBkOjXYHjazv6Y?width=300&height=200
28-06-2021,509.6056824,515.1699043,508.8861442,515.1699043,5265796,9,Bharti Airtel,BHARTIARTL.NS,Stock,Telecom,https://1drv.ms/i/c/8705623eb284e7df/IQSxu2hqOY7-QLx90cczkqQ3AaiyjTAlNRBkOjXYHjazv6Y?width=300&height=200
29-06-2021,503.6098022,510.6130417,502.6984189,509.6536971,8713975,9,Bharti Airtel,BHARTIARTL.NS,Stock,Telecom,https://1drv.ms/i/c/8705623eb284e7df/IQSxu2hqOY7-QLx90cczkqQ3AaiyjTAlNRBkOjXYHjazv6Y?width=300&height=200
30-06-2021,504.2812805,508.8381968,503.0341684,505.5764135,5760552,9,Bharti Airtel,BHARTIARTL.NS,Stock,Telecom,https://1drv.ms/i/c/8705623eb284e7df/IQSxu2hqOY7-QLx90cczkqQ3AaiyjTAlNRBkOjXYHjazv6Y?width=300&height=200
01-07-2021,501.4032898,509.4138948,500.7797337,507.4951459,6575188,9,Bharti Airtel,BHARTIARTL.NS,Stock,Telecom,https://1drv.ms/i/c/8705623eb284e7df/IQSxu2hqOY7-QLx90cczkqQ3AaiyjTAlNRBkOjXYHjazv6Y?width=300&height=200
02-07-2021,503.6577454,511.3325615,498.8610225,504.2333402,13309063,9,Bharti Airtel,BHARTIARTL.NS,Stock,Telecom,https://1drv.ms/i/c/8705623eb284e7df/IQSxu2hqOY7-QLx90cczkqQ3AaiyjTAlNRBkOjXYHjazv6Y?width=300&height=200
05-07-2021,502.6504211,507.0154328,502.0268651,506.5357605,6373586,9,Bharti Airtel,BHARTIARTL.NS,Stock,Telecom,https://1drv.ms/i/c/8705623eb284e7df/IQSxu2hqOY7-QLx90cczkqQ3AaiyjTAlNRBkOjXYHjazv6Y?width=300&height=200
06-07-2021,504.7130127,506.2480117,499.9162899,502.2187288,10494366,9,Bharti Airtel,BHARTIARTL.NS,Stock,Telecom,https://1drv.ms/i/c/8705623eb284e7df/IQSxu2hqOY7-QLx90cczkqQ3AaiyjTAlNRBkOjXYHjazv6Y?width=300&height=200
07-07-2021,508.0707397,509.0300842,501.9308634,501.9308634,6669192,9,Bharti Airtel,BHARTIARTL.NS,Stock,Telecom,https://1drv.ms/i/c/8705623eb284e7df/IQSxu2hqOY7-QLx90cczkqQ3AaiyjTAlNRBkOjXYHjazv6Y?width=300&height=200
08-07-2021,503.9455872,511.1406716,502.2667043,508.4544829,5400962,9,Bharti Airtel,BHARTIARTL.NS,Stock,Telecom,https://1drv.ms/i/c/8705623eb284e7df/IQSxu2hqOY7-QLx90cczkqQ3AaiyjTAlNRBkOjXYHjazv6Y?width=300&height=200
09-07-2021,514.4504395,515.6496501,501.7390932,504.1374548,7303645,9,Bharti Airtel,BHARTIARTL.NS,Stock,Telecom,https://1drv.ms/i/c/8705623eb284e7df/IQSxu2hqOY7-QLx90cczkqQ3AaiyjTAlNRBkOjXYHjazv6Y?width=300&height=200
12-07-2021,508.1188049,517.0407344,507.1594602,517.0407344,8932790,9,Bharti Airtel,BHARTIARTL.NS,Stock,Telecom,https://1drv.ms/i/c/8705623eb284e7df/IQSxu2hqOY7-QLx90cczkqQ3AaiyjTAlNRBkOjXYHjazv6Y?width=300&height=200
13-07-2021,508.502533,513.7309672,506.7277275,511.8602392,8138019,9,Bharti Airtel,BHARTIARTL.NS,Stock,Telecom,https://1drv.ms/i/c/8705623eb284e7df/IQSxu2hqOY7-QLx90cczkqQ3AaiyjTAlNRBkOjXYHjazv6Y?width=300&height=200
14-07-2021,508.502533,509.7976065,505.2407492,507.4951674,6666859,9,Bharti Airtel,BHARTIARTL.NS,Stock,Telecom,https://1drv.ms/i/c/8705623eb284e7df/IQSxu2hqOY7-QLx90cczkqQ3AaiyjTAlNRBkOjXYHjazv6Y?width=300&height=200
15-07-2021,504.089447,510.8528798,503.657736,510.8528798,6886797,9,Bharti Airtel,BHARTIARTL.NS,Stock,Telecom,https://1drv.ms/i/c/8705623eb284e7df/IQSxu2hqOY7-QLx90cczkqQ3AaiyjTAlNRBkOjXYHjazv6Y?width=300&height=200
16-07-2021,519.1511841,521.3097391,504.5691114,505.5764172,11251138,9,Bharti Airtel,BHARTIARTL.NS,Stock,Telecom,https://1drv.ms/i/c/8705623eb284e7df/IQSxu2hqOY7-QLx90cczkqQ3AaiyjTAlNRBkOjXYHjazv6Y?width=300&height=200
19-07-2021,516.5609741,522.5569072,507.78293,517.0886076,9130551,9,Bharti Airtel,BHARTIARTL.NS,Stock,Telecom,https://1drv.ms/i/c/8705623eb284e7df/IQSxu2hqOY7-QLx90cczkqQ3AaiyjTAlNRBkOjXYHjazv6Y?width=300&height=200
20-07-2021,504.3772888,514.9780404,501.7390614,514.6423116,7646460,9,Bharti Airtel,BHARTIARTL.NS,Stock,Telecom,https://1drv.ms/i/c/8705623eb284e7df/IQSxu2hqOY7-QLx90cczkqQ3AaiyjTAlNRBkOjXYHjazv6Y?width=300&height=200
22-07-2021,524.475647,525.7228188,502.3626402,509.5098232,20220601,9,Bharti Airtel,BHARTIARTL.NS,Stock,Telecom,https://1drv.ms/i/c/8705623eb284e7df/IQSxu2hqOY7-QLx90cczkqQ3AaiyjTAlNRBkOjXYHjazv6Y?width=300&height=200
23-07-2021,526.0105591,537.858542,511.0926974,525.4349643,33200836,9,Bharti Airtel,BHARTIARTL.NS,Stock,Telecom,https://1drv.ms/i/c/8705623eb284e7df/IQSxu2hqOY7-QLx90cczkqQ3AaiyjTAlNRBkOjXYHjazv6Y?width=300&height=200
26-07-2021,521.9333496,531.3350105,520.0626216,522.844733,5214592,9,Bharti Airtel,BHARTIARTL.NS,Stock,Telecom,https://1drv.ms/i/c/8705623eb284e7df/IQSxu2hqOY7-QLx90cczkqQ3AaiyjTAlNRBkOjXYHjazv6Y?width=300&height=200
27-07-2021,518.5756836,523.6122731,514.354555,523.6122731,5835018,9,Bharti Airtel,BHARTIARTL.NS,Stock,Telecom,https://1drv.ms/i/c/8705623eb284e7df/IQSxu2hqOY7-QLx90cczkqQ3AaiyjTAlNRBkOjXYHjazv6Y?width=300&height=200
28-07-2021,544.8137817,547.4999705,515.9854227,517.5683234,32532037,9,Bharti Airtel,BHARTIARTL.NS,Stock,Telecom,https://1drv.ms/i/c/8705623eb284e7df/IQSxu2hqOY7-QLx90cczkqQ3AaiyjTAlNRBkOjXYHjazv6Y?width=300&height=200
29-07-2021,544.0942993,553.2560939,542.0317263,550.7617502,15844335,9,Bharti Airtel,BHARTIARTL.NS,Stock,Telecom,https://1drv.ms/i/c/8705623eb284e7df/IQSxu2hqOY7-QLx90cczkqQ3AaiyjTAlNRBkOjXYHjazv6Y?width=300&height=200
30-07-2021,538.8178711,545.3893991,535.1243767,542.8950556,10125413,9,Bharti Airtel,BHARTIARTL.NS,Stock,Telecom,https://1drv.ms/i/c/8705623eb284e7df/IQSxu2hqOY7-QLx90cczkqQ3AaiyjTAlNRBkOjXYHjazv6Y?width=300&height=200
02-08-2021,542.1755981,546.780476,537.2349318,542.9910589,6372299,9,Bharti Airtel,BHARTIARTL.NS,Stock,Telecom,https://1drv.ms/i/c/8705623eb284e7df/IQSxu2hqOY7-QLx90cczkqQ3AaiyjTAlNRBkOjXYHjazv6Y?width=300&height=200
03-08-2021,556.6137695,558.3406136,539.2495855,544.9097303,21680353,9,Bharti Airtel,BHARTIARTL.NS,Stock,Telecom,https://1drv.ms/i/c/8705623eb284e7df/IQSxu2hqOY7-QLx90cczkqQ3AaiyjTAlNRBkOjXYHjazv6Y?width=300&height=200
04-08-2021,551.0496216,563.0414897,547.1162607,551.6252165,21816567,9,Bharti Airtel,BHARTIARTL.NS,Stock,Telecom,https://1drv.ms/i/c/8705623eb284e7df/IQSxu2hqOY7-QLx90cczkqQ3AaiyjTAlNRBkOjXYHjazv6Y?width=300&height=200
05-08-2021,574.3617554,593.8365349,554.0235537,554.0235537,72423461,9,Bharti Airtel,BHARTIARTL.NS,Stock,Telecom,https://1drv.ms/i/c/8705623eb284e7df/IQSxu2hqOY7-QLx90cczkqQ3AaiyjTAlNRBkOjXYHjazv6Y?width=300&height=200
06-08-2021,583.1876831,591.8698045,564.5763282,570.3323952,29055626,9,Bharti Airtel,BHARTIARTL.NS,Stock,Telecom,https://1drv.ms/i/c/8705623eb284e7df/IQSxu2hqOY7-QLx90cczkqQ3AaiyjTAlNRBkOjXYHjazv6Y?width=300&height=200
09-08-2021,574.8892822,587.7925308,573.2584205,585.2022649,10078649,9,Bharti Airtel,BHARTIARTL.NS,Stock,Telecom,https://1drv.ms/i/c/8705623eb284e7df/IQSxu2hqOY7-QLx90cczkqQ3AaiyjTAlNRBkOjXYHjazv6Y?width=300&height=200
10-08-2021,596.9063721,602.4705944,574.0738879,577.7194211,34514358,9,Bharti Airtel,BHARTIARTL.NS,Stock,Telecom,https://1drv.ms/i/c/8705623eb284e7df/IQSxu2hqOY7-QLx90cczkqQ3AaiyjTAlNRBkOjXYHjazv6Y?width=300&height=200
11-08-2021,595.6112671,603.6697729,588.7519121,596.9063404,18731287,9,Bharti Airtel,BHARTIARTL.NS,Stock,Telecom,https://1drv.ms/i/c/8705623eb284e7df/IQSxu2hqOY7-QLx90cczkqQ3AaiyjTAlNRBkOjXYHjazv6Y?width=300&height=200
12-08-2021,597.817749,603.3819713,591.9177979,597.6738652,8430316,9,Bharti Airtel,BHARTIARTL.NS,Stock,Telecom,https://1drv.ms/i/c/8705623eb284e7df/IQSxu2hqOY7-QLx90cczkqQ3AaiyjTAlNRBkOjXYHjazv6Y?width=300&height=200
13-08-2021,611.15271,612.8315331,592.973065,597.8177491,21079044,9,Bharti Airtel,BHARTIARTL.NS,Stock,Telecom,https://1drv.ms/i/c/8705623eb284e7df/IQSxu2hqOY7-QLx90cczkqQ3AaiyjTAlNRBkOjXYHjazv6Y?width=300&height=200
16-08-2021,608.2747192,617.8202042,606.3080091,612.7836151,10506327,9,Bharti Airtel,BHARTIARTL.NS,Stock,Telecom,https://1drv.ms/i/c/8705623eb284e7df/IQSxu2hqOY7-QLx90cczkqQ3AaiyjTAlNRBkOjXYHjazv6Y?width=300&height=200
17-08-2021,600.8877563,612.0641635,597.6739338,608.2747461,11311229,9,Bharti Airtel,BHARTIARTL.NS,Stock,Telecom,https://1drv.ms/i/c/8705623eb284e7df/IQSxu2hqOY7-QLx90cczkqQ3AaiyjTAlNRBkOjXYHjazv6Y?width=300&height=200
18-08-2021,597.6259155,608.2267268,595.6113039,600.455988,7136872,9,Bharti Airtel,BHARTIARTL.NS,Stock,Telecom,https://1drv.ms/i/c/8705623eb284e7df/IQSxu2hqOY7-QLx90cczkqQ3AaiyjTAlNRBkOjXYHjazv6Y?width=300&height=200
20-08-2021,588.7519531,607.2673871,582.3243086,594.3161756,12770173,9,Bharti Airtel,BHARTIARTL.NS,Stock,Telecom,https://1drv.ms/i/c/8705623eb284e7df/IQSxu2hqOY7-QLx90cczkqQ3AaiyjTAlNRBkOjXYHjazv6Y?width=300&height=200
23-08-2021,597.3380737,604.8689463,582.8998846,593.2608296,12790616,9,Bharti Airtel,BHARTIARTL.NS,Stock,Telecom,https://1drv.ms/i/c/8705623eb284e7df/IQSxu2hqOY7-QLx90cczkqQ3AaiyjTAlNRBkOjXYHjazv6Y?width=300&height=200
24-08-2021,594.8917847,602.4226577,591.9657896,602.4226577,5885050,9,Bharti Airtel,BHARTIARTL.NS,Stock,Telecom,https://1drv.ms/i/c/8705623eb284e7df/IQSxu2hqOY7-QLx90cczkqQ3AaiyjTAlNRBkOjXYHjazv6Y?width=300&height=200
25-08-2021,587.5527344,597.0503172,586.1616788,597.0503172,8127668,9,Bharti Airtel,BHARTIARTL.NS,Stock,Telecom,https://1drv.ms/i/c/8705623eb284e7df/IQSxu2hqOY7-QLx90cczkqQ3AaiyjTAlNRBkOjXYHjazv6Y?width=300&height=200
26-08-2021,563.0414429,586.6413676,560.5470992,585.2023507,26316897,9,Bharti Airtel,BHARTIARTL.NS,Stock,Telecom,https://1drv.ms/i/c/8705623eb284e7df/IQSxu2hqOY7-QLx90cczkqQ3AaiyjTAlNRBkOjXYHjazv6Y?width=300&height=200
27-08-2021,570.9560547,580.7893664,561.2666267,564.8641987,16444274,9,Bharti Airtel,BHARTIARTL.NS,Stock,Telecom,https://1drv.ms/i/c/8705623eb284e7df/IQSxu2hqOY7-QLx90cczkqQ3AaiyjTAlNRBkOjXYHjazv6Y?width=300&height=200
30-08-2021,595.2275391,599.5925508,566.1112948,571.7714395,40506274,9,Bharti Airtel,BHARTIARTL.NS,Stock,Telecom,https://1drv.ms/i/c/8705623eb284e7df/IQSxu2hqOY7-QLx90cczkqQ3AaiyjTAlNRBkOjXYHjazv6Y?width=300&height=200
31-08-2021,637.0551147,640.9405141,599.592594,600.5998999,60781970,9,Bharti Airtel,BHARTIARTL.NS,Stock,Telecom,https://1drv.ms/i/c/8705623eb284e7df/IQSxu2hqOY7-QLx90cczkqQ3AaiyjTAlNRBkOjXYHjazv6Y?width=300&height=200
01-09-2021,639.3096313,645.9291812,627.4137454,640.8446306,30796359,9,Bharti Airtel,BHARTIARTL.NS,Stock,Telecom,https://1drv.ms/i/c/8705623eb284e7df/IQSxu2hqOY7-QLx90cczkqQ3AaiyjTAlNRBkOjXYHjazv6Y?width=300&height=200
02-09-2021,639.4055176,646.3607356,637.0550579,642.7152622,18951106,9,Bharti Airtel,BHARTIARTL.NS,Stock,Telecom,https://1drv.ms/i/c/8705623eb284e7df/IQSxu2hqOY7-QLx90cczkqQ3AaiyjTAlNRBkOjXYHjazv6Y?width=300&height=200
03-09-2021,631.6828003,642.3795346,627.4137107,640.8445951,7920313,9,Bharti Airtel,BHARTIARTL.NS,Stock,Telecom,https://1drv.ms/i/c/8705623eb284e7df/IQSxu2hqOY7-QLx90cczkqQ3AaiyjTAlNRBkOjXYHjazv6Y?width=300&height=200
06-09-2021,627.9892578,638.6859913,626.8380682,637.3908583,10223448,9,Bharti Airtel,BHARTIARTL.NS,Stock,Telecom,https://1drv.ms/i/c/8705623eb284e7df/IQSxu2hqOY7-QLx90cczkqQ3AaiyjTAlNRBkOjXYHjazv6Y?width=300&height=200
07-09-2021,643.2908325,652.8363162,621.6575008,631.2030441,28185127,9,Bharti Airtel,BHARTIARTL.NS,Stock,Telecom,https://1drv.ms/i/c/8705623eb284e7df/IQSxu2hqOY7-QLx90cczkqQ3AaiyjTAlNRBkOjXYHjazv6Y?width=300&height=200
08-09-2021,640.7006226,656.0022342,637.9664726,650.4380118,20876941,9,Bharti Airtel,BHARTIARTL.NS,Stock,Telecom,https://1drv.ms/i/c/8705623eb284e7df/IQSxu2hqOY7-QLx90cczkqQ3AaiyjTAlNRBkOjXYHjazv6Y?width=300&height=200
09-09-2021,658.2567139,660.2233643,639.9331846,640.7006245,19784500,9,Bharti Airtel,BHARTIARTL.NS,Stock,Telecom,https://1drv.ms/i/c/8705623eb284e7df/IQSxu2hqOY7-QLx90cczkqQ3AaiyjTAlNRBkOjXYHjazv6Y?width=300&height=200
13-09-2021,665.1160278,668.6655787,657.9688455,663.8688561,19704664,9,Bharti Airtel,BHARTIARTL.NS,Stock,Telecom,https://1drv.ms/i/c/8705623eb284e7df/IQSxu2hqOY7-QLx90cczkqQ3AaiyjTAlNRBkOjXYHjazv6Y?width=300&height=200
14-09-2021,665.9794312,671.2558259,661.0867265,666.746871,11694600,9,Bharti Airtel,BHARTIARTL.NS,Stock,Telecom,https://1drv.ms/i/c/8705623eb284e7df/IQSxu2hqOY7-QLx90cczkqQ3AaiyjTAlNRBkOjXYHjazv6Y?width=300&height=200
15-09-2021,696.0070801,705.0728926,667.8502382,668.6656394,56796797,9,Bharti Airtel,BHARTIARTL.NS,Stock,Telecom,https://1drv.ms/i/c/8705623eb284e7df/IQSxu2hqOY7-QLx90cczkqQ3AaiyjTAlNRBkOjXYHjazv6Y?width=300&height=200
16-09-2021,689.3875732,707.0395852,686.3176348,705.120896,45001991,9,Bharti Airtel,BHARTIARTL.NS,Stock,Telecom,https://1drv.ms/i/c/8705623eb284e7df/IQSxu2hqOY7-QLx90cczkqQ3AaiyjTAlNRBkOjXYHjazv6Y?width=300&height=200
17-09-2021,698.5493164,704.8810385,691.6900204,691.6900204,26649321,9,Bharti Airtel,BHARTIARTL.NS,Stock,Telecom,https://1drv.ms/i/c/8705623eb284e7df/IQSxu2hqOY7-QLx90cczkqQ3AaiyjTAlNRBkOjXYHjazv6Y?width=300&height=200
20-09-2021,695.4793701,703.8736644,691.0183764,695.5273314,14330899,9,Bharti Airtel,BHARTIARTL.NS,Stock,Telecom,https://1drv.ms/i/c/8705623eb284e7df/IQSxu2hqOY7-QLx90cczkqQ3AaiyjTAlNRBkOjXYHjazv6Y?width=300&height=200
21-09-2021,697.1102905,710.6370969,692.6493561,693.5127782,14216876,9,Bharti Airtel,BHARTIARTL.NS,Stock,Telecom,https://1drv.ms/i/c/8705623eb284e7df/IQSxu2hqOY7-QLx90cczkqQ3AaiyjTAlNRBkOjXYHjazv6Y?width=300&height=200
22-09-2021,697.2062378,702.2907877,694.663933,697.4460441,16348622,9,Bharti Airtel,BHARTIARTL.NS,Stock,Telecom,https://1drv.ms/i/c/8705623eb284e7df/IQSxu2hqOY7-QLx90cczkqQ3AaiyjTAlNRBkOjXYHjazv6Y?width=300&height=200
23-09-2021,697.2542114,710.0135179,693.8005233,703.5858736,26497345,9,Bharti Airtel,BHARTIARTL.NS,Stock,Telecom,https://1drv.ms/i/c/8705623eb284e7df/IQSxu2hqOY7-QLx90cczkqQ3AaiyjTAlNRBkOjXYHjazv6Y?width=300&height=200
24-09-2021,709.342041,722.3891754,698.4054409,699.4127468,72175065,9,Bharti Airtel,BHARTIARTL.NS,Stock,Telecom,https://1drv.ms/i/c/8705623eb284e7df/IQSxu2hqOY7-QLx90cczkqQ3AaiyjTAlNRBkOjXYHjazv6Y?width=300&height=200
27-09-2021,706.1913452,715.3296956,701.8909977,714.4500478,11282248,9,Bharti Airtel,BHARTIARTL.NS,Stock,Telecom,https://1drv.ms/i/c/8705623eb284e7df/IQSxu2hqOY7-QLx90cczkqQ3AaiyjTAlNRBkOjXYHjazv6Y?width=300&height=200
28-09-2021,680.3890991,710.3451434,670.4688726,707.9995155,21944239,9,Bharti Airtel,BHARTIARTL.NS,Stock,Telecom,https://1drv.ms/i/c/8705623eb284e7df/IQSxu2hqOY7-QLx90cczkqQ3AaiyjTAlNRBkOjXYHjazv6Y?width=300&height=200
29-09-2021,678.385498,686.1066653,673.5476142,681.2198657,16729859,9,Bharti Airtel,BHARTIARTL.NS,Stock,Telecom,https://1drv.ms/i/c/8705623eb284e7df/IQSxu2hqOY7-QLx90cczkqQ3AaiyjTAlNRBkOjXYHjazv6Y?width=300&height=200
30-09-2021,672.7167969,693.7300344,671.250757,680.046996,13911568,9,Bharti Airtel,BHARTIARTL.NS,Stock,Telecom,https://1drv.ms/i/c/8705623eb284e7df/IQSxu2hqOY7-QLx90cczkqQ3AaiyjTAlNRBkOjXYHjazv6Y?width=300&height=200
01-10-2021,660.5975952,671.7883186,652.5343759,671.7883186,14952128,9,Bharti Airtel,BHARTIARTL.NS,Stock,Telecom,https://1drv.ms/i/c/8705623eb284e7df/IQSxu2hqOY7-QLx90cczkqQ3AaiyjTAlNRBkOjXYHjazv6Y?width=300&height=200
04-10-2021,665.9730225,670.6643378,654.5379003,659.7178956,8917898,9,Bharti Airtel,BHARTIARTL.NS,Stock,Telecom,https://1drv.ms/i/c/8705623eb284e7df/IQSxu2hqOY7-QLx90cczkqQ3AaiyjTAlNRBkOjXYHjazv6Y?width=300&height=200
05-10-2021,683.4188843,687.5238076,664.9956747,668.9051142,25598885,9,Bharti Airtel,BHARTIARTL.NS,Stock,Telecom,https://1drv.ms/i/c/8705623eb284e7df/IQSxu2hqOY7-QLx90cczkqQ3AaiyjTAlNRBkOjXYHjazv6Y?width=300&height=200
06-10-2021,675.7466431,691.9219371,672.6190795,689.7717334,10406502,9,Bharti Airtel,BHARTIARTL.NS,Stock,Telecom,https://1drv.ms/i/c/8705623eb284e7df/IQSxu2hqOY7-QLx90cczkqQ3AaiyjTAlNRBkOjXYHjazv6Y?width=300&height=200
07-10-2021,676.8217163,686.3021191,675.6488725,679.9981359,8121590,9,Bharti Airtel,BHARTIARTL.NS,Stock,Telecom,https://1drv.ms/i/c/8705623eb284e7df/IQSxu2hqOY7-QLx90cczkqQ3AaiyjTAlNRBkOjXYHjazv6Y?width=300&height=200
08-10-2021,679.7537842,683.7120797,673.303233,679.4117321,6297352,9,Bharti Airtel,BHARTIARTL.NS,Stock,Telecom,https://1drv.ms/i/c/8705623eb284e7df/IQSxu2hqOY7-QLx90cczkqQ3AaiyjTAlNRBkOjXYHjazv6Y?width=300&height=200
11-10-2021,675.2090454,680.2913287,669.491514,677.4081051,8792050,9,Bharti Airtel,BHARTIARTL.NS,Stock,Telecom,https://1drv.ms/i/c/8705623eb284e7df/IQSxu2hqOY7-QLx90cczkqQ3AaiyjTAlNRBkOjXYHjazv6Y?width=300&height=200
12-10-2021,670.8109741,682.5882092,668.709686,675.3557217,8579567,9,Bharti Airtel,BHARTIARTL.NS,Stock,Telecom,https://1drv.ms/i/c/8705623eb284e7df/IQSxu2hqOY7-QLx90cczkqQ3AaiyjTAlNRBkOjXYHjazv6Y?width=300&height=200
13-10-2021,674.2806396,681.0243874,667.6345444,673.4009919,7062149,9,Bharti Airtel,BHARTIARTL.NS,Stock,Telecom,https://1drv.ms/i/c/8705623eb284e7df/IQSxu2hqOY7-QLx90cczkqQ3AaiyjTAlNRBkOjXYHjazv6Y?width=300&height=200
14-10-2021,670.2734375,678.287801,666.4128538,677.310441,9820591,9,Bharti Airtel,BHARTIARTL.NS,Stock,Telecom,https://1drv.ms/i/c/8705623eb284e7df/IQSxu2hqOY7-QLx90cczkqQ3AaiyjTAlNRBkOjXYHjazv6Y?width=300&height=200
18-10-2021,665.1911011,686.05777,664.2626569,684.1519063,8574445,9,Bharti Airtel,BHARTIARTL.NS,Stock,Telecom,https://1drv.ms/i/c/8705623eb284e7df/IQSxu2hqOY7-QLx90cczkqQ3AaiyjTAlNRBkOjXYHjazv6Y?width=300&height=200
19-10-2021,665.6798096,683.1745758,660.1577619,683.1745758,7328862,9,Bharti Airtel,BHARTIARTL.NS,Stock,Telecom,https://1drv.ms/i/c/8705623eb284e7df/IQSxu2hqOY7-QLx90cczkqQ3AaiyjTAlNRBkOjXYHjazv6Y?width=300&height=200
20-10-2021,692.4106445,697.737268,665.9730707,667.9277906,21217306,9,Bharti Airtel,BHARTIARTL.NS,Stock,Telecom,https://1drv.ms/i/c/8705623eb284e7df/IQSxu2hqOY7-QLx90cczkqQ3AaiyjTAlNRBkOjXYHjazv6Y?width=300&height=200
21-10-2021,680.2913208,696.2222746,673.5964296,694.8540066,8908979,9,Bharti Airtel,BHARTIARTL.NS,Stock,Telecom,https://1drv.ms/i/c/8705623eb284e7df/IQSxu2hqOY7-QLx90cczkqQ3AaiyjTAlNRBkOjXYHjazv6Y?width=300&height=200
22-10-2021,678.7764282,689.3319029,668.7584896,682.6858677,6587256,9,Bharti Airtel,BHARTIARTL.NS,Stock,Telecom,https://1drv.ms/i/c/8705623eb284e7df/IQSxu2hqOY7-QLx90cczkqQ3AaiyjTAlNRBkOjXYHjazv6Y?width=300&height=200
25-10-2021,675.4534302,688.0613973,659.717959,677.3104379,9540441,9,Bharti Airtel,BHARTIARTL.NS,Stock,Telecom,https://1drv.ms/i/c/8705623eb284e7df/IQSxu2hqOY7-QLx90cczkqQ3AaiyjTAlNRBkOjXYHjazv6Y?width=300&height=200
26-10-2021,680.4379883,693.7789154,673.4009849,679.2651444,10953878,9,Bharti Airtel,BHARTIARTL.NS,Stock,Telecom,https://1drv.ms/i/c/8705623eb284e7df/IQSxu2hqOY7-QLx90cczkqQ3AaiyjTAlNRBkOjXYHjazv6Y?width=300&height=200
27-10-2021,686.4486694,698.4702434,678.2877385,683.5655056,11878571,9,Bharti Airtel,BHARTIARTL.NS,Stock,Telecom,https://1drv.ms/i/c/8705623eb284e7df/IQSxu2hqOY7-QLx90cczkqQ3AaiyjTAlNRBkOjXYHjazv6Y?width=300&height=200
28-10-2021,674.1339111,690.0648637,668.9050601,686.8395883,8884507,9,Bharti Airtel,BHARTIARTL.NS,Stock,Telecom,https://1drv.ms/i/c/8705623eb284e7df/IQSxu2hqOY7-QLx90cczkqQ3AaiyjTAlNRBkOjXYHjazv6Y?width=300&height=200
29-10-2021,669.8335571,685.1292628,661.7214822,676.528508,8602343,9,Bharti Airtel,BHARTIARTL.NS,Stock,Telecom,https://1drv.ms/i/c/8705623eb284e7df/IQSxu2hqOY7-QLx90cczkqQ3AaiyjTAlNRBkOjXYHjazv6Y?width=300&height=200
01-11-2021,696.3688965,706.4356911,673.987332,674.3294437,17121001,9,Bharti Airtel,BHARTIARTL.NS,Stock,Telecom,https://1drv.ms/i/c/8705623eb284e7df/IQSxu2hqOY7-QLx90cczkqQ3AaiyjTAlNRBkOjXYHjazv6Y?width=300&height=200
02-11-2021,697.7861328,706.7289404,693.4857253,696.368949,7725455,9,Bharti Airtel,BHARTIARTL.NS,Stock,Telecom,https://1drv.ms/i/c/8705623eb284e7df/IQSxu2hqOY7-QLx90cczkqQ3AaiyjTAlNRBkOjXYHjazv6Y?width=300&height=200
03-11-2021,683.2723389,715.9161861,680.2425468,709.3190062,23261507,9,Bharti Airtel,BHARTIARTL.NS,Stock,Telecom,https://1drv.ms/i/c/8705623eb284e7df/IQSxu2hqOY7-QLx90cczkqQ3AaiyjTAlNRBkOjXYHjazv6Y?width=300&height=200
04-11-2021,685.2269287,688.8431719,683.3699809,688.061296,1064714,9,Bharti Airtel,BHARTIARTL.NS,Stock,Telecom,https://1drv.ms/i/c/8705623eb284e7df/IQSxu2hqOY7-QLx90cczkqQ3AaiyjTAlNRBkOjXYHjazv6Y?width=300&height=200
08-11-2021,692.9481201,698.714567,688.061321,691.4332243,7565546,9,Bharti Airtel,BHARTIARTL.NS,Stock,Telecom,https://1drv.ms/i/c/8705623eb284e7df/IQSxu2hqOY7-QLx90cczkqQ3AaiyjTAlNRBkOjXYHjazv6Y?width=300&height=200
09-11-2021,697.0531006,700.2295203,689.1853652,695.5870607,5278131,9,Bharti Airtel,BHARTIARTL.NS,Stock,Telecom,https://1drv.ms/i/c/8705623eb284e7df/IQSxu2hqOY7-QLx90cczkqQ3AaiyjTAlNRBkOjXYHjazv6Y?width=300&height=200
10-11-2021,718.7993164,721.2915721,691.3354687,701.2556951,15180490,9,Bharti Airtel,BHARTIARTL.NS,Stock,Telecom,https://1drv.ms/i/c/8705623eb284e7df/IQSxu2hqOY7-QLx90cczkqQ3AaiyjTAlNRBkOjXYHjazv6Y?width=300&height=200
11-11-2021,712.1043701,721.8779687,707.8528786,718.3594971,7421118,9,Bharti Airtel,BHARTIARTL.NS,Stock,Telecom,https://1drv.ms/i/c/8705623eb284e7df/IQSxu2hqOY7-QLx90cczkqQ3AaiyjTAlNRBkOjXYHjazv6Y?width=300&height=200
12-11-2021,726.6671143,728.1331542,708.8302954,716.4048349,9207508,9,Bharti Airtel,BHARTIARTL.NS,Stock,Telecom,https://1drv.ms/i/c/8705623eb284e7df/IQSxu2hqOY7-QLx90cczkqQ3AaiyjTAlNRBkOjXYHjazv6Y?width=300&height=200
15-11-2021,720.8518066,729.11051,719.5323946,723.2463504,5454742,9,Bharti Airtel,BHARTIARTL.NS,Stock,Telecom,https://1drv.ms/i/c/8705623eb284e7df/IQSxu2hqOY7-QLx90cczkqQ3AaiyjTAlNRBkOjXYHjazv6Y?width=300&height=200
16-11-2021,713.7659912,725.2499711,710.5895712,724.5658072,4639931,9,Bharti Airtel,BHARTIARTL.NS,Stock,Telecom,https://1drv.ms/i/c/8705623eb284e7df/IQSxu2hqOY7-QLx90cczkqQ3AaiyjTAlNRBkOjXYHjazv6Y?width=300&height=200
17-11-2021,703.7479248,715.7694386,700.0339694,708.146044,8002927,9,Bharti Airtel,BHARTIARTL.NS,Stock,Telecom,https://1drv.ms/i/c/8705623eb284e7df/IQSxu2hqOY7-QLx90cczkqQ3AaiyjTAlNRBkOjXYHjazv6Y?width=300&height=200
18-11-2021,698.177002,707.0710126,691.9707906,704.2855012,4469597,9,Bharti Airtel,BHARTIARTL.NS,Stock,Telecom,https://1drv.ms/i/c/8705623eb284e7df/IQSxu2hqOY7-QLx90cczkqQ3AaiyjTAlNRBkOjXYHjazv6Y?width=300&height=200
22-11-2021,725.2987671,738.8352377,716.5025279,723.2463351,36884348,9,Bharti Airtel,BHARTIARTL.NS,Stock,Telecom,https://1drv.ms/i/c/8705623eb284e7df/IQSxu2hqOY7-QLx90cczkqQ3AaiyjTAlNRBkOjXYHjazv6Y?width=300&height=200
23-11-2021,741.7185059,743.7709379,719.0437426,728.1331784,18240414,9,Bharti Airtel,BHARTIARTL.NS,Stock,Telecom,https://1drv.ms/i/c/8705623eb284e7df/IQSxu2hqOY7-QLx90cczkqQ3AaiyjTAlNRBkOjXYHjazv6Y?width=300&height=200
24-11-2021,741.7185059,764.1000134,739.1284781,746.7030179,21653712,9,Bharti Airtel,BHARTIARTL.NS,Stock,Telecom,https://1drv.ms/i/c/8705623eb284e7df/IQSxu2hqOY7-QLx90cczkqQ3AaiyjTAlNRBkOjXYHjazv6Y?width=300&height=200
25-11-2021,747.8269043,751.1010359,735.7564745,741.8649735,8483653,9,Bharti Airtel,BHARTIARTL.NS,Stock,Telecom,https://1drv.ms/i/c/8705623eb284e7df/IQSxu2hqOY7-QLx90cczkqQ3AaiyjTAlNRBkOjXYHjazv6Y?width=300&height=200
26-11-2021,722.0245972,745.7255738,716.5024901,745.7255738,11142921,9,Bharti Airtel,BHARTIARTL.NS,Stock,Telecom,https://1drv.ms/i/c/8705623eb284e7df/IQSxu2hqOY7-QLx90cczkqQ3AaiyjTAlNRBkOjXYHjazv6Y?width=300&height=200
29-11-2021,722.6109619,737.906667,710.6383041,734.9745875,15885643,9,Bharti Airtel,BHARTIARTL.NS,Stock,Telecom,https://1drv.ms/i/c/8705623eb284e7df/IQSxu2hqOY7-QLx90cczkqQ3AaiyjTAlNRBkOjXYHjazv6Y?width=300&height=200
30-11-2021,711.7623901,733.2154532,706.2891982,723.2463697,14272616,9,Bharti Airtel,BHARTIARTL.NS,Stock,Telecom,https://1drv.ms/i/c/8705623eb284e7df/IQSxu2hqOY7-QLx90cczkqQ3AaiyjTAlNRBkOjXYHjazv6Y?width=300&height=200
01-12-2021,705.8981323,720.7051575,701.988693,716.4047504,10488561,9,Bharti Airtel,BHARTIARTL.NS,Stock,Telecom,https://1drv.ms/i/c/8705623eb284e7df/IQSxu2hqOY7-QLx90cczkqQ3AaiyjTAlNRBkOjXYHjazv6Y?width=300&height=200
02-12-2021,715.9649658,719.0436733,697.9815799,707.5108387,11507427,9,Bharti Airtel,BHARTIARTL.NS,Stock,Telecom,https://1drv.ms/i/c/8705623eb284e7df/IQSxu2hqOY7-QLx90cczkqQ3AaiyjTAlNRBkOjXYHjazv6Y?width=300&height=200
03-12-2021,702.0864258,718.0174391,700.08285,713.4726919,11024093,9,Bharti Airtel,BHARTIARTL.NS,Stock,Telecom,https://1drv.ms/i/c/8705623eb284e7df/IQSxu2hqOY7-QLx90cczkqQ3AaiyjTAlNRBkOjXYHjazv6Y?width=300&height=200
06-12-2021,681.8062744,705.5561688,678.1411746,701.7444412,8804487,9,Bharti Airtel,BHARTIARTL.NS,Stock,Telecom,https://1drv.ms/i/c/8705623eb284e7df/IQSxu2hqOY7-QLx90cczkqQ3AaiyjTAlNRBkOjXYHjazv6Y?width=300&height=200
07-12-2021,683.0278931,689.7228437,678.3854339,686.4486525,10238693,9,Bharti Airtel,BHARTIARTL.NS,Stock,Telecom,https://1drv.ms/i/c/8705623eb284e7df/IQSxu2hqOY7-QLx90cczkqQ3AaiyjTAlNRBkOjXYHjazv6Y?width=300&height=200
08-12-2021,698.9589844,702.7217963,686.3998734,689.0387571,8296393,9,Bharti Airtel,BHARTIARTL.NS,Stock,Telecom,https://1drv.ms/i/c/8705623eb284e7df/IQSxu2hqOY7-QLx90cczkqQ3AaiyjTAlNRBkOjXYHjazv6Y?width=300&height=200
09-12-2021,697.7861328,707.5597321,694.9029091,700.5715847,9069515,9,Bharti Airtel,BHARTIARTL.NS,Stock,Telecom,https://1drv.ms/i/c/8705623eb284e7df/IQSxu2hqOY7-QLx90cczkqQ3AaiyjTAlNRBkOjXYHjazv6Y?width=300&height=200
10-12-2021,694.6096802,702.6240431,690.9934367,694.9028762,4251339,9,Bharti Airtel,BHARTIARTL.NS,Stock,Telecom,https://1drv.ms/i/c/8705623eb284e7df/IQSxu2hqOY7-QLx90cczkqQ3AaiyjTAlNRBkOjXYHjazv6Y?width=300&height=200
13-12-2021,687.1817017,702.1353554,682.5392423,698.812308,9896899,9,Bharti Airtel,BHARTIARTL.NS,Stock,Telecom,https://1drv.ms/i/c/8705623eb284e7df/IQSxu2hqOY7-QLx90cczkqQ3AaiyjTAlNRBkOjXYHjazv6Y?width=300&height=200
14-12-2021,675.9420166,690.3092177,672.814513,685.1292226,9275631,9,Bharti Airtel,BHARTIARTL.NS,Stock,Telecom,https://1drv.ms/i/c/8705623eb284e7df/IQSxu2hqOY7-QLx90cczkqQ3AaiyjTAlNRBkOjXYHjazv6Y?width=300&height=200
15-12-2021,669.9313354,679.1673982,668.6118638,676.0886907,7674319,9,Bharti Airtel,BHARTIARTL.NS,Stock,Telecom,https://1drv.ms/i/c/8705623eb284e7df/IQSxu2hqOY7-QLx90cczkqQ3AaiyjTAlNRBkOjXYHjazv6Y?width=300&height=200
16-12-2021,665.9730225,674.2805811,662.2590073,674.2805811,9633006,9,Bharti Airtel,BHARTIARTL.NS,Stock,Telecom,https://1drv.ms/i/c/8705623eb284e7df/IQSxu2hqOY7-QLx90cczkqQ3AaiyjTAlNRBkOjXYHjazv6Y?width=300&height=200
17-12-2021,650.9705811,670.1757279,646.1326374,665.5821242,13850460,9,Bharti Airtel,BHARTIARTL.NS,Stock,Telecom,https://1drv.ms/i/c/8705623eb284e7df/IQSxu2hqOY7-QLx90cczkqQ3AaiyjTAlNRBkOjXYHjazv6Y?width=300&height=200
20-12-2021,643.3471069,646.1814743,630.4948013,644.2267546,11812939,9,Bharti Airtel,BHARTIARTL.NS,Stock,Telecom,https://1drv.ms/i/c/8705623eb284e7df/IQSxu2hqOY7-QLx90cczkqQ3AaiyjTAlNRBkOjXYHjazv6Y?width=300&height=200
21-12-2021,651.8990479,655.7107753,644.2756526,648.9181121,8084499,9,Bharti Airtel,BHARTIARTL.NS,Stock,Telecom,https://1drv.ms/i/c/8705623eb284e7df/IQSxu2hqOY7-QLx90cczkqQ3AaiyjTAlNRBkOjXYHjazv6Y?width=300&height=200
22-12-2021,669.2471924,670.4688923,651.8990541,651.8990541,8522226,9,Bharti Airtel,BHARTIARTL.NS,Stock,Telecom,https://1drv.ms/i/c/8705623eb284e7df/IQSxu2hqOY7-QLx90cczkqQ3AaiyjTAlNRBkOjXYHjazv6Y?width=300&height=200
23-12-2021,663.3829956,673.400934,660.2065761,673.400934,5602466,9,Bharti Airtel,BHARTIARTL.NS,Stock,Telecom,https://1drv.ms/i/c/8705623eb284e7df/IQSxu2hqOY7-QLx90cczkqQ3AaiyjTAlNRBkOjXYHjazv6Y?width=300&height=200
24-12-2021,661.7214966,667.390172,657.4211489,666.6571521,3756020,9,Bharti Airtel,BHARTIARTL.NS,Stock,Telecom,https://1drv.ms/i/c/8705623eb284e7df/IQSxu2hqOY7-QLx90cczkqQ3AaiyjTAlNRBkOjXYHjazv6Y?width=300&height=200
27-12-2021,660.4509277,662.9920395,653.5116966,659.6690518,3658572,9,Bharti Airtel,BHARTIARTL.NS,Stock,Telecom,https://1drv.ms/i/c/8705623eb284e7df/IQSxu2hqOY7-QLx90cczkqQ3AaiyjTAlNRBkOjXYHjazv6Y?width=300&height=200
28-12-2021,664.6535645,668.0254679,659.7667651,664.4580805,3892590,9,Bharti Airtel,BHARTIARTL.NS,Stock,Telecom,https://1drv.ms/i/c/8705623eb284e7df/IQSxu2hqOY7-QLx90cczkqQ3AaiyjTAlNRBkOjXYHjazv6Y?width=300&height=200
29-12-2021,661.526001,668.0254679,659.7179091,664.5558524,3847574,9,Bharti Airtel,BHARTIARTL.NS,Stock,Telecom,https://1drv.ms/i/c/8705623eb284e7df/IQSxu2hqOY7-QLx90cczkqQ3AaiyjTAlNRBkOjXYHjazv6Y?width=300&height=200
30-12-2021,663.9693604,670.273343,658.9359931,662.1612686,5701612,9,Bharti Airtel,BHARTIARTL.NS,Stock,Telecom,https://1drv.ms/i/c/8705623eb284e7df/IQSxu2hqOY7-QLx90cczkqQ3AaiyjTAlNRBkOjXYHjazv6Y?width=300&height=200
31-12-2021,668.3186646,678.3854592,664.604709,665.0933889,4598628,9,Bharti Airtel,BHARTIARTL.NS,Stock,Telecom,https://1drv.ms/i/c/8705623eb284e7df/IQSxu2hqOY7-QLx90cczkqQ3AaiyjTAlNRBkOjXYHjazv6Y?width=300&height=200
03-01-2022,675.6488647,676.9194206,667.6345019,672.2281052,2939833,9,Bharti Airtel,BHARTIARTL.NS,Stock,Telecom,https://1drv.ms/i/c/8705623eb284e7df/IQSxu2hqOY7-QLx90cczkqQ3AaiyjTAlNRBkOjXYHjazv6Y?width=300&height=200
04-01-2022,681.659668,687.3283434,674.7692927,676.5773846,6473875,9,Bharti Airtel,BHARTIARTL.NS,Stock,Telecom,https://1drv.ms/i/c/8705623eb284e7df/IQSxu2hqOY7-QLx90cczkqQ3AaiyjTAlNRBkOjXYHjazv6Y?width=300&height=200
05-01-2022,684.1519165,686.8396562,676.0886975,685.0315643,4586105,9,Bharti Airtel,BHARTIARTL.NS,Stock,Telecom,https://1drv.ms/i/c/8705623eb284e7df/IQSxu2hqOY7-QLx90cczkqQ3AaiyjTAlNRBkOjXYHjazv6Y?width=300&height=200
06-01-2022,694.3165283,704.1878399,684.151961,686.1066809,21642414,9,Bharti Airtel,BHARTIARTL.NS,Stock,Telecom,https://1drv.ms/i/c/8705623eb284e7df/IQSxu2hqOY7-QLx90cczkqQ3AaiyjTAlNRBkOjXYHjazv6Y?width=300&height=200
07-01-2022,688.7455444,698.9589675,685.5691247,697.7372676,4315015,9,Bharti Airtel,BHARTIARTL.NS,Stock,Telecom,https://1drv.ms/i/c/8705623eb284e7df/IQSxu2hqOY7-QLx90cczkqQ3AaiyjTAlNRBkOjXYHjazv6Y?width=300&height=200
10-01-2022,688.9898071,695.2448741,687.7192513,689.429631,3565324,9,Bharti Airtel,BHARTIARTL.NS,Stock,Telecom,https://1drv.ms/i/c/8705623eb284e7df/IQSxu2hqOY7-QLx90cczkqQ3AaiyjTAlNRBkOjXYHjazv6Y?width=300&height=200
11-01-2022,687.5238037,693.485675,678.8741332,687.0839798,10642484,9,Bharti Airtel,BHARTIARTL.NS,Stock,Telecom,https://1drv.ms/i/c/8705623eb284e7df/IQSxu2hqOY7-QLx90cczkqQ3AaiyjTAlNRBkOjXYHjazv6Y?width=300&height=200
12-01-2022,713.6682129,716.1116126,688.2568554,691.9219551,12366953,9,Bharti Airtel,BHARTIARTL.NS,Stock,Telecom,https://1drv.ms/i/c/8705623eb284e7df/IQSxu2hqOY7-QLx90cczkqQ3AaiyjTAlNRBkOjXYHjazv6Y?width=300&height=200
13-01-2022,715.2319946,718.9948662,709.7099467,712.4953987,5829874,9,Bharti Airtel,BHARTIARTL.NS,Stock,Telecom,https://1drv.ms/i/c/8705623eb284e7df/IQSxu2hqOY7-QLx90cczkqQ3AaiyjTAlNRBkOjXYHjazv6Y?width=300&height=200
14-01-2022,704.2854614,714.3523153,702.1841736,713.4238115,5344096,9,Bharti Airtel,BHARTIARTL.NS,Stock,Telecom,https://1drv.ms/i/c/8705623eb284e7df/IQSxu2hqOY7-QLx90cczkqQ3AaiyjTAlNRBkOjXYHjazv6Y?width=300&height=200
17-01-2022,712.1043701,718.1151571,703.2592753,703.6990992,4340924,9,Bharti Airtel,BHARTIARTL.NS,Stock,Telecom,https://1drv.ms/i/c/8705623eb284e7df/IQSxu2hqOY7-QLx90cczkqQ3AaiyjTAlNRBkOjXYHjazv6Y?width=300&height=200
18-01-2022,698.177002,714.1568717,696.4177661,710.5406282,4312058,9,Bharti Airtel,BHARTIARTL.NS,Stock,Telecom,https://1drv.ms/i/c/8705623eb284e7df/IQSxu2hqOY7-QLx90cczkqQ3AaiyjTAlNRBkOjXYHjazv6Y?width=300&height=200
19-01-2022,687.7681274,698.8122816,685.8134078,697.8349218,5879490,9,Bharti Airtel,BHARTIARTL.NS,Stock,Telecom,https://1drv.ms/i/c/8705623eb284e7df/IQSxu2hqOY7-QLx90cczkqQ3AaiyjTAlNRBkOjXYHjazv6Y?width=300&height=200
20-01-2022,699.2032471,703.3570264,689.2830209,690.0160408,4812496,9,Bharti Airtel,BHARTIARTL.NS,Stock,Telecom,https://1drv.ms/i/c/8705623eb284e7df/IQSxu2hqOY7-QLx90cczkqQ3AaiyjTAlNRBkOjXYHjazv6Y?width=300&height=200
21-01-2022,679.5094604,697.8349583,673.7430133,693.5345509,6704622,9,Bharti Airtel,BHARTIARTL.NS,Stock,Telecom,https://1drv.ms/i/c/8705623eb284e7df/IQSxu2hqOY7-QLx90cczkqQ3AaiyjTAlNRBkOjXYHjazv6Y?width=300&height=200
24-01-2022,674.2806396,690.9934706,662.0147248,674.6715478,11091633,9,Bharti Airtel,BHARTIARTL.NS,Stock,Telecom,https://1drv.ms/i/c/8705623eb284e7df/IQSxu2hqOY7-QLx90cczkqQ3AaiyjTAlNRBkOjXYHjazv6Y?width=300&height=200
25-01-2022,695.7335815,704.138912,666.7060419,668.5141337,14128764,9,Bharti Airtel,BHARTIARTL.NS,Stock,Telecom,https://1drv.ms/i/c/8705623eb284e7df/IQSxu2hqOY7-QLx90cczkqQ3AaiyjTAlNRBkOjXYHjazv6Y?width=300&height=200
27-01-2022,691.237854,699.7897539,685.6180341,690.504834,8937312,9,Bharti Airtel,BHARTIARTL.NS,Stock,Telecom,https://1drv.ms/i/c/8705623eb284e7df/IQSxu2hqOY7-QLx90cczkqQ3AaiyjTAlNRBkOjXYHjazv6Y?width=300&height=200
28-01-2022,699.5942383,736.9294002,685.7646308,698.7146501,21450677,9,Bharti Airtel,BHARTIARTL.NS,Stock,Telecom,https://1drv.ms/i/c/8705623eb284e7df/IQSxu2hqOY7-QLx90cczkqQ3AaiyjTAlNRBkOjXYHjazv6Y?width=300&height=200
31-01-2022,712.7885132,718.3594762,703.2592548,711.5179573,10745370,9,Bharti Airtel,BHARTIARTL.NS,Stock,Telecom,https://1drv.ms/i/c/8705623eb284e7df/IQSxu2hqOY7-QLx90cczkqQ3AaiyjTAlNRBkOjXYHjazv6Y?width=300&height=200
01-02-2022,706.6800537,718.3595163,702.0375943,716.4047965,4814511,9,Bharti Airtel,BHARTIARTL.NS,Stock,Telecom,https://1drv.ms/i/c/8705623eb284e7df/IQSxu2hqOY7-QLx90cczkqQ3AaiyjTAlNRBkOjXYHjazv6Y?width=300&height=200
02-02-2022,708.6347046,715.1830271,704.1877295,709.6609204,3286577,9,Bharti Airtel,BHARTIARTL.NS,Stock,Telecom,https://1drv.ms/i/c/8705623eb284e7df/IQSxu2hqOY7-QLx90cczkqQ3AaiyjTAlNRBkOjXYHjazv6Y?width=300&height=200
03-02-2022,705.3118286,712.4954004,702.2331209,709.5633205,3651578,9,Bharti Airtel,BHARTIARTL.NS,Stock,Telecom,https://1drv.ms/i/c/8705623eb284e7df/IQSxu2hqOY7-QLx90cczkqQ3AaiyjTAlNRBkOjXYHjazv6Y?width=300&height=200
04-02-2022,703.8945923,706.875528,700.2783488,704.7741804,3284198,9,Bharti Airtel,BHARTIARTL.NS,Stock,Telecom,https://1drv.ms/i/c/8705623eb284e7df/IQSxu2hqOY7-QLx90cczkqQ3AaiyjTAlNRBkOjXYHjazv6Y?width=300&height=200
07-02-2022,690.5047607,703.7968314,683.6632415,701.7443995,6833983,9,Bharti Airtel,BHARTIARTL.NS,Stock,Telecom,https://1drv.ms/i/c/8705623eb284e7df/IQSxu2hqOY7-QLx90cczkqQ3AaiyjTAlNRBkOjXYHjazv6Y?width=300&height=200
08-02-2022,692.8504028,698.5190779,685.1292364,695.0983185,7167684,9,Bharti Airtel,BHARTIARTL.NS,Stock,Telecom,https://1drv.ms/i/c/8705623eb284e7df/IQSxu2hqOY7-QLx90cczkqQ3AaiyjTAlNRBkOjXYHjazv6Y?width=300&height=200
09-02-2022,703.0637817,709.6609607,686.2532401,691.0911236,10185173,9,Bharti Airtel,BHARTIARTL.NS,Stock,Telecom,https://1drv.ms/i/c/8705623eb284e7df/IQSxu2hqOY7-QLx90cczkqQ3AaiyjTAlNRBkOjXYHjazv6Y?width=300&height=200
10-02-2022,707.6574097,710.4917772,692.5571876,706.5823377,6074014,9,Bharti Airtel,BHARTIARTL.NS,Stock,Telecom,https://1drv.ms/i/c/8705623eb284e7df/IQSxu2hqOY7-QLx90cczkqQ3AaiyjTAlNRBkOjXYHjazv6Y?width=300&height=200
11-02-2022,698.9589844,708.9769238,694.8052046,705.36068,5646980,9,Bharti Airtel,BHARTIARTL.NS,Stock,Telecom,https://1drv.ms/i/c/8705623eb284e7df/IQSxu2hqOY7-QLx90cczkqQ3AaiyjTAlNRBkOjXYHjazv6Y?width=300&height=200
14-02-2022,674.085144,688.0613789,669.4915405,688.0613789,7441445,9,Bharti Airtel,BHARTIARTL.NS,Stock,Telecom,https://1drv.ms/i/c/8705623eb284e7df/IQSxu2hqOY7-QLx90cczkqQ3AaiyjTAlNRBkOjXYHjazv6Y?width=300&height=200
15-02-2022,695.4404297,696.9553256,671.0552881,680.2424951,4650249,9,Bharti Airtel,BHARTIARTL.NS,Stock,Telecom,https://1drv.ms/i/c/8705623eb284e7df/IQSxu2hqOY7-QLx90cczkqQ3AaiyjTAlNRBkOjXYHjazv6Y?width=300&height=200
16-02-2022,705.458374,711.7135013,691.9708191,701.1580262,5433910,9,Bharti Airtel,BHARTIARTL.NS,Stock,Telecom,https://1drv.ms/i/c/8705623eb284e7df/IQSxu2hqOY7-QLx90cczkqQ3AaiyjTAlNRBkOjXYHjazv6Y?width=300&height=200
17-02-2022,700.7670898,711.0293694,698.8123699,708.0484335,5107708,9,Bharti Airtel,BHARTIARTL.NS,Stock,Telecom,https://1drv.ms/i/c/8705623eb284e7df/IQSxu2hqOY7-QLx90cczkqQ3AaiyjTAlNRBkOjXYHjazv6Y?width=300&height=200
18-02-2022,696.4177856,703.259305,695.2449418,695.9291057,4099366,9,Bharti Airtel,BHARTIARTL.NS,Stock,Telecom,https://1drv.ms/i/c/8705623eb284e7df/IQSxu2hqOY7-QLx90cczkqQ3AaiyjTAlNRBkOjXYHjazv6Y?width=300&height=200
21-02-2022,693.8766479,700.3271992,687.083985,692.0196403,4307430,9,Bharti Airtel,BHARTIARTL.NS,Stock,Telecom,https://1drv.ms/i/c/8705623eb284e7df/IQSxu2hqOY7-QLx90cczkqQ3AaiyjTAlNRBkOjXYHjazv6Y?width=300&height=200
22-02-2022,683.4188843,686.5953038,671.9349059,678.4832289,9148804,9,Bharti Airtel,BHARTIARTL.NS,Stock,Telecom,https://1drv.ms/i/c/8705623eb284e7df/IQSxu2hqOY7-QLx90cczkqQ3AaiyjTAlNRBkOjXYHjazv6Y?width=300&height=200
23-02-2022,688.4522705,692.8992457,683.6631836,684.2495756,4124469,9,Bharti Airtel,BHARTIARTL.NS,Stock,Telecom,https://1drv.ms/i/c/8705623eb284e7df/IQSxu2hqOY7-QLx90cczkqQ3AaiyjTAlNRBkOjXYHjazv6Y?width=300&height=200
24-02-2022,655.7107544,672.9611201,630.836934,666.559425,14139461,9,Bharti Airtel,BHARTIARTL.NS,Stock,Telecom,https://1drv.ms/i/c/8705623eb284e7df/IQSxu2hqOY7-QLx90cczkqQ3AaiyjTAlNRBkOjXYHjazv6Y?width=300&height=200
25-02-2022,673.0588379,679.4116765,662.1612525,662.1612525,6452099,9,Bharti Airtel,BHARTIARTL.NS,Stock,Telecom,https://1drv.ms/i/c/8705623eb284e7df/IQSxu2hqOY7-QLx90cczkqQ3AaiyjTAlNRBkOjXYHjazv6Y?width=300&height=200
28-02-2022,670.9575195,674.3782789,651.361467,665.5820405,8301523,9,Bharti Airtel,BHARTIARTL.NS,Stock,Telecom,https://1drv.ms/i/c/8705623eb284e7df/IQSxu2hqOY7-QLx90cczkqQ3AaiyjTAlNRBkOjXYHjazv6Y?width=300&height=200
02-03-2022,658.9848633,668.5141216,650.9216447,668.5141216,10220908,9,Bharti Airtel,BHARTIARTL.NS,Stock,Telecom,https://1drv.ms/i/c/8705623eb284e7df/IQSxu2hqOY7-QLx90cczkqQ3AaiyjTAlNRBkOjXYHjazv6Y?width=300&height=200
03-03-2022,656.8347168,664.4092561,653.4628132,659.7179405,6517030,9,Bharti Airtel,BHARTIARTL.NS,Stock,Telecom,https://1drv.ms/i/c/8705623eb284e7df/IQSxu2hqOY7-QLx90cczkqQ3AaiyjTAlNRBkOjXYHjazv6Y?width=300&height=200
04-03-2022,638.9001465,652.8275244,635.2839031,649.9443009,7094874,9,Bharti Airtel,BHARTIARTL.NS,Stock,Telecom,https://1drv.ms/i/c/8705623eb284e7df/IQSxu2hqOY7-QLx90cczkqQ3AaiyjTAlNRBkOjXYHjazv6Y?width=300&height=200
07-03-2022,660.1088867,663.9694105,624.5329632,625.5103231,12615451,9,Bharti Airtel,BHARTIARTL.NS,Stock,Telecom,https://1drv.ms/i/c/8705623eb284e7df/IQSxu2hqOY7-QLx90cczkqQ3AaiyjTAlNRBkOjXYHjazv6Y?width=300&height=200
08-03-2022,667.5368042,671.2996159,652.485438,659.7179251,8462985,9,Bharti Airtel,BHARTIARTL.NS,Stock,Telecom,https://1drv.ms/i/c/8705623eb284e7df/IQSxu2hqOY7-QLx90cczkqQ3AaiyjTAlNRBkOjXYHjazv6Y?width=300&height=200
09-03-2022,675.8443604,682.1971996,659.0337584,666.5594414,9896395,9,Bharti Airtel,BHARTIARTL.NS,Stock,Telecom,https://1drv.ms/i/c/8705623eb284e7df/IQSxu2hqOY7-QLx90cczkqQ3AaiyjTAlNRBkOjXYHjazv6Y?width=300&height=200
10-03-2022,681.9527588,691.4820163,674.9646128,684.1029621,5989327,9,Bharti Airtel,BHARTIARTL.NS,Stock,Telecom,https://1drv.ms/i/c/8705623eb284e7df/IQSxu2hqOY7-QLx90cczkqQ3AaiyjTAlNRBkOjXYHjazv6Y?width=300&height=200
11-03-2022,679.1185303,686.4976455,675.8443983,680.926682,3353880,9,Bharti Airtel,BHARTIARTL.NS,Stock,Telecom,https://1drv.ms/i/c/8705623eb284e7df/IQSxu2hqOY7-QLx90cczkqQ3AaiyjTAlNRBkOjXYHjazv6Y?width=300&height=200
14-03-2022,684.5429077,688.8921116,672.5702488,672.5702488,4016137,9,Bharti Airtel,BHARTIARTL.NS,Stock,Telecom,https://1drv.ms/i/c/8705623eb284e7df/IQSxu2hqOY7-QLx90cczkqQ3AaiyjTAlNRBkOjXYHjazv6Y?width=300&height=200
15-03-2022,687.1817017,693.4368287,679.7537905,683.17455,6006439,9,Bharti Airtel,BHARTIARTL.NS,Stock,Telecom,https://1drv.ms/i/c/8705623eb284e7df/IQSxu2hqOY7-QLx90cczkqQ3AaiyjTAlNRBkOjXYHjazv6Y?width=300&height=200
16-03-2022,695.880249,699.3010087,689.0387297,693.9255292,3843706,9,Bharti Airtel,BHARTIARTL.NS,Stock,Telecom,https://1drv.ms/i/c/8705623eb284e7df/IQSxu2hqOY7-QLx90cczkqQ3AaiyjTAlNRBkOjXYHjazv6Y?width=300&height=200
17-03-2022,706.5335083,711.469164,698.8123411,703.6991407,8168953,9,Bharti Airtel,BHARTIARTL.NS,Stock,Telecom,https://1drv.ms/i/c/8705623eb284e7df/IQSxu2hqOY7-QLx90cczkqQ3AaiyjTAlNRBkOjXYHjazv6Y?width=300&height=200
21-03-2022,692.1663208,707.950648,690.797993,705.653876,6317305,9,Bharti Airtel,BHARTIARTL.NS,Stock,Telecom,https://1drv.ms/i/c/8705623eb284e7df/IQSxu2hqOY7-QLx90cczkqQ3AaiyjTAlNRBkOjXYHjazv6Y?width=300&height=200
22-03-2022,702.9661255,704.6765054,689.8694786,692.4595063,3000133,9,Bharti Airtel,BHARTIARTL.NS,Stock,Telecom,https://1drv.ms/i/c/8705623eb284e7df/IQSxu2hqOY7-QLx90cczkqQ3AaiyjTAlNRBkOjXYHjazv6Y?width=300&height=200
23-03-2022,688.9898071,703.5524324,687.0839436,702.9660404,7974713,9,Bharti Airtel,BHARTIARTL.NS,Stock,Telecom,https://1drv.ms/i/c/8705623eb284e7df/IQSxu2hqOY7-QLx90cczkqQ3AaiyjTAlNRBkOjXYHjazv6Y?width=300&height=200
24-03-2022,690.3581543,692.8015541,682.050595,682.1972228,3597143,9,Bharti Airtel,BHARTIARTL.NS,Stock,Telecom,https://1drv.ms/i/c/8705623eb284e7df/IQSxu2hqOY7-QLx90cczkqQ3AaiyjTAlNRBkOjXYHjazv6Y?width=300&height=200
25-03-2022,693.2901611,698.274732,689.8694018,696.1733845,2930336,9,Bharti Airtel,BHARTIARTL.NS,Stock,Telecom,https://1drv.ms/i/c/8705623eb284e7df/IQSxu2hqOY7-QLx90cczkqQ3AaiyjTAlNRBkOjXYHjazv6Y?width=300&height=200
28-03-2022,716.4536743,720.3142579,694.0232523,699.0566797,7960258,9,Bharti Airtel,BHARTIARTL.NS,Stock,Telecom,https://1drv.ms/i/c/8705623eb284e7df/IQSxu2hqOY7-QLx90cczkqQ3AaiyjTAlNRBkOjXYHjazv6Y?width=300&height=200
29-03-2022,737.8577881,745.7255225,720.3141679,723.637215,15833573,9,Bharti Airtel,BHARTIARTL.NS,Stock,Telecom,https://1drv.ms/i/c/8705623eb284e7df/IQSxu2hqOY7-QLx90cczkqQ3AaiyjTAlNRBkOjXYHjazv6Y?width=300&height=200
30-03-2022,732.53125,752.469416,727.7421626,745.4812688,9938988,9,Bharti Airtel,BHARTIARTL.NS,Stock,Telecom,https://1drv.ms/i/c/8705623eb284e7df/IQSxu2hqOY7-QLx90cczkqQ3AaiyjTAlNRBkOjXYHjazv6Y?width=300&height=200
31-03-2022,737.8577881,741.8160833,722.9530512,735.9519246,7371181,9,Bharti Airtel,BHARTIARTL.NS,Stock,Telecom,https://1drv.ms/i/c/8705623eb284e7df/IQSxu2hqOY7-QLx90cczkqQ3AaiyjTAlNRBkOjXYHjazv6Y?width=300&height=200
01-04-2022,741.3274536,749.2929603,732.2868749,742.5980095,5920139,9,Bharti Airtel,BHARTIARTL.NS,Stock,Telecom,https://1drv.ms/i/c/8705623eb284e7df/IQSxu2hqOY7-QLx90cczkqQ3AaiyjTAlNRBkOjXYHjazv6Y?width=300&height=200
04-04-2022,750.4169312,757.4539345,739.07958,740.6921881,5783224,9,Bharti Airtel,BHARTIARTL.NS,Stock,Telecom,https://1drv.ms/i/c/8705623eb284e7df/IQSxu2hqOY7-QLx90cczkqQ3AaiyjTAlNRBkOjXYHjazv6Y?width=300&height=200
05-04-2022,749.2440186,756.2810212,743.7708274,750.4168623,3990794,9,Bharti Airtel,BHARTIARTL.NS,Stock,Telecom,https://1drv.ms/i/c/8705623eb284e7df/IQSxu2hqOY7-QLx90cczkqQ3AaiyjTAlNRBkOjXYHjazv6Y?width=300&height=200
06-04-2022,758.0892334,763.024889,745.7256068,746.7029667,7490027,9,Bharti Airtel,BHARTIARTL.NS,Stock,Telecom,https://1drv.ms/i/c/8705623eb284e7df/IQSxu2hqOY7-QLx90cczkqQ3AaiyjTAlNRBkOjXYHjazv6Y?width=300&height=200
07-04-2022,745.1392212,760.2393841,742.3537096,757.4539322,5818505,9,Bharti Airtel,BHARTIARTL.NS,Stock,Telecom,https://1drv.ms/i/c/8705623eb284e7df/IQSxu2hqOY7-QLx90cczkqQ3AaiyjTAlNRBkOjXYHjazv6Y?width=300&height=200
08-04-2022,744.8459473,750.9544466,740.4478278,750.9544466,5583587,9,Bharti Airtel,BHARTIARTL.NS,Stock,Telecom,https://1drv.ms/i/c/8705623eb284e7df/IQSxu2hqOY7-QLx90cczkqQ3AaiyjTAlNRBkOjXYHjazv6Y?width=300&height=200
11-04-2022,740.8876343,747.8757812,738.8840585,739.8614183,4927865,9,Bharti Airtel,BHARTIARTL.NS,Stock,Telecom,https://1drv.ms/i/c/8705623eb284e7df/IQSxu2hqOY7-QLx90cczkqQ3AaiyjTAlNRBkOjXYHjazv6Y?width=300&height=200
12-04-2022,724.8590088,742.7446834,723.3440532,742.7446834,3904026,9,Bharti Airtel,BHARTIARTL.NS,Stock,Telecom,https://1drv.ms/i/c/8705623eb284e7df/IQSxu2hqOY7-QLx90cczkqQ3AaiyjTAlNRBkOjXYHjazv6Y?width=300&height=200
13-04-2022,723.8815918,739.3727215,721.2427083,725.2010037,6343030,9,Bharti Airtel,BHARTIARTL.NS,Stock,Telecom,https://1drv.ms/i/c/8705623eb284e7df/IQSxu2hqOY7-QLx90cczkqQ3AaiyjTAlNRBkOjXYHjazv6Y?width=300&height=200
18-04-2022,712.9840088,723.392915,707.0221376,719.9721556,8950327,9,Bharti Airtel,BHARTIARTL.NS,Stock,Telecom,https://1drv.ms/i/c/8705623eb284e7df/IQSxu2hqOY7-QLx90cczkqQ3AaiyjTAlNRBkOjXYHjazv6Y?width=300&height=200
19-04-2022,707.1199341,722.2690135,700.6204665,722.2690135,9957060,9,Bharti Airtel,BHARTIARTL.NS,Stock,Telecom,https://1drv.ms/i/c/8705623eb284e7df/IQSxu2hqOY7-QLx90cczkqQ3AaiyjTAlNRBkOjXYHjazv6Y?width=300&height=200
20-04-2022,722.6109619,727.6443889,707.5596564,713.5215275,6632292,9,Bharti Airtel,BHARTIARTL.NS,Stock,Telecom,https://1drv.ms/i/c/8705623eb284e7df/IQSxu2hqOY7-QLx90cczkqQ3AaiyjTAlNRBkOjXYHjazv6Y?width=300&height=200
21-04-2022,719.0924683,727.0579744,713.4726494,727.0579744,6111830,9,Bharti Airtel,BHARTIARTL.NS,Stock,Telecom,https://1drv.ms/i/c/8705623eb284e7df/IQSxu2hqOY7-QLx90cczkqQ3AaiyjTAlNRBkOjXYHjazv6Y?width=300&height=200
22-04-2022,722.0245972,724.1259447,712.4953385,714.4500582,5182247,9,Bharti Airtel,BHARTIARTL.NS,Stock,Telecom,https://1drv.ms/i/c/8705623eb284e7df/IQSxu2hqOY7-QLx90cczkqQ3AaiyjTAlNRBkOjXYHjazv6Y?width=300&height=200
25-04-2022,722.6109619,726.1783491,712.6419394,713.4238154,3571031,9,Bharti Airtel,BHARTIARTL.NS,Stock,Telecom,https://1drv.ms/i/c/8705623eb284e7df/IQSxu2hqOY7-QLx90cczkqQ3AaiyjTAlNRBkOjXYHjazv6Y?width=300&height=200
26-04-2022,739.1773071,741.7184788,722.3667043,728.1331518,4987848,9,Bharti Airtel,BHARTIARTL.NS,Stock,Telecom,https://1drv.ms/i/c/8705623eb284e7df/IQSxu2hqOY7-QLx90cczkqQ3AaiyjTAlNRBkOjXYHjazv6Y?width=300&height=200
27-04-2022,735.4633179,744.308413,729.5014464,733.0199181,4571399,9,Bharti Airtel,BHARTIARTL.NS,Stock,Telecom,https://1drv.ms/i/c/8705623eb284e7df/IQSxu2hqOY7-QLx90cczkqQ3AaiyjTAlNRBkOjXYHjazv6Y?width=300&height=200
28-04-2022,730.4298706,737.2225336,727.742131,733.997258,6101866,9,Bharti Airtel,BHARTIARTL.NS,Stock,Telecom,https://1drv.ms/i/c/8705623eb284e7df/IQSxu2hqOY7-QLx90cczkqQ3AaiyjTAlNRBkOjXYHjazv6Y?width=300&height=200
29-04-2022,722.2689819,743.7709002,718.8970783,734.9746609,7219115,9,Bharti Airtel,BHARTIARTL.NS,Stock,Telecom,https://1drv.ms/i/c/8705623eb284e7df/IQSxu2hqOY7-QLx90cczkqQ3AaiyjTAlNRBkOjXYHjazv6Y?width=300&height=200
02-05-2022,724.5657349,726.1295465,713.814776,717.3821635,3938533,9,Bharti Airtel,BHARTIARTL.NS,Stock,Telecom,https://1drv.ms/i/c/8705623eb284e7df/IQSxu2hqOY7-QLx90cczkqQ3AaiyjTAlNRBkOjXYHjazv6Y?width=300&height=200
04-05-2022,706.0447998,722.611002,700.7670326,720.3142302,6785271,9,Bharti Airtel,BHARTIARTL.NS,Stock,Telecom,https://1drv.ms/i/c/8705623eb284e7df/IQSxu2hqOY7-QLx90cczkqQ3AaiyjTAlNRBkOjXYHjazv6Y?width=300&height=200
05-05-2022,702.6729126,716.5025194,698.0793091,709.563288,4836692,9,Bharti Airtel,BHARTIARTL.NS,Stock,Telecom,https://1drv.ms/i/c/8705623eb284e7df/IQSxu2hqOY7-QLx90cczkqQ3AaiyjTAlNRBkOjXYHjazv6Y?width=300&height=200
06-05-2022,694.1698608,707.5108472,691.7264611,695.1472207,5912312,9,Bharti Airtel,BHARTIARTL.NS,Stock,Telecom,https://1drv.ms/i/c/8705623eb284e7df/IQSxu2hqOY7-QLx90cczkqQ3AaiyjTAlNRBkOjXYHjazv6Y?width=300&height=200
09-05-2022,695.3915405,704.1877793,688.5011654,690.1137734,4819274,9,Bharti Airtel,BHARTIARTL.NS,Stock,Telecom,https://1drv.ms/i/c/8705623eb284e7df/IQSxu2hqOY7-QLx90cczkqQ3AaiyjTAlNRBkOjXYHjazv6Y?width=300&height=200
10-05-2022,703.3570557,712.0066667,694.0721369,694.9028689,6746893,9,Bharti Airtel,BHARTIARTL.NS,Stock,Telecom,https://1drv.ms/i/c/8705623eb284e7df/IQSxu2hqOY7-QLx90cczkqQ3AaiyjTAlNRBkOjXYHjazv6Y?width=300&height=200
11-05-2022,706.4846191,718.3595664,700.6693751,703.357115,6919703,9,Bharti Airtel,BHARTIARTL.NS,Stock,Telecom,https://1drv.ms/i/c/8705623eb284e7df/IQSxu2hqOY7-QLx90cczkqQ3AaiyjTAlNRBkOjXYHjazv6Y?width=300&height=200
12-05-2022,689.4297485,706.4357763,685.3736808,699.0567204,6754953,9,Bharti Airtel,BHARTIARTL.NS,Stock,Telecom,https://1drv.ms/i/c/8705623eb284e7df/IQSxu2hqOY7-QLx90cczkqQ3AaiyjTAlNRBkOjXYHjazv6Y?width=300&height=200
13-05-2022,674.2806396,696.8576302,669.2472121,696.8576302,11938252,9,Bharti Airtel,BHARTIARTL.NS,Stock,Telecom,https://1drv.ms/i/c/8705623eb284e7df/IQSxu2hqOY7-QLx90cczkqQ3AaiyjTAlNRBkOjXYHjazv6Y?width=300&height=200
16-05-2022,677.5058594,682.1971747,664.2626453,670.3222287,5412233,9,Bharti Airtel,BHARTIARTL.NS,Stock,Telecom,https://1drv.ms/i/c/8705623eb284e7df/IQSxu2hqOY7-QLx90cczkqQ3AaiyjTAlNRBkOjXYHjazv6Y?width=300&height=200
17-05-2022,691.0422974,693.925521,675.2090552,679.2651226,4847812,9,Bharti Airtel,BHARTIARTL.NS,Stock,Telecom,https://1drv.ms/i/c/8705623eb284e7df/IQSxu2hqOY7-QLx90cczkqQ3AaiyjTAlNRBkOjXYHjazv6Y?width=300&height=200
18-05-2022,680.3890991,710.6872552,673.5964361,704.6764681,18992703,9,Bharti Airtel,BHARTIARTL.NS,Stock,Telecom,https://1drv.ms/i/c/8705623eb284e7df/IQSxu2hqOY7-QLx90cczkqQ3AaiyjTAlNRBkOjXYHjazv6Y?width=300&height=200
19-05-2022,658.9848633,677.31036,652.7297365,669.4914814,7322668,9,Bharti Airtel,BHARTIARTL.NS,Stock,Telecom,https://1drv.ms/i/c/8705623eb284e7df/IQSxu2hqOY7-QLx90cczkqQ3AaiyjTAlNRBkOjXYHjazv6Y?width=300&height=200
20-05-2022,672.3258667,675.8443383,667.5367796,672.9122587,5577407,9,Bharti Airtel,BHARTIARTL.NS,Stock,Telecom,https://1drv.ms/i/c/8705623eb284e7df/IQSxu2hqOY7-QLx90cczkqQ3AaiyjTAlNRBkOjXYHjazv6Y?width=300&height=200
23-05-2022,670.3222046,678.1899988,664.2137058,666.3639093,3788601,9,Bharti Airtel,BHARTIARTL.NS,Stock,Telecom,https://1drv.ms/i/c/8705623eb284e7df/IQSxu2hqOY7-QLx90cczkqQ3AaiyjTAlNRBkOjXYHjazv6Y?width=300&height=200
24-05-2022,662.845459,673.6452733,660.5486276,673.6452733,4053608,9,Bharti Airtel,BHARTIARTL.NS,Stock,Telecom,https://1drv.ms/i/c/8705623eb284e7df/IQSxu2hqOY7-QLx90cczkqQ3AaiyjTAlNRBkOjXYHjazv6Y?width=300&height=200
25-05-2022,672.6191406,674.2806645,664.1649531,665.8264769,4188088,9,Bharti Airtel,BHARTIARTL.NS,Stock,Telecom,https://1drv.ms/i/c/8705623eb284e7df/IQSxu2hqOY7-QLx90cczkqQ3AaiyjTAlNRBkOjXYHjazv6Y?width=300&height=200
26-05-2022,677.9456787,679.7537706,660.5975415,674.3782914,5780597,9,Bharti Airtel,BHARTIARTL.NS,Stock,Telecom,https://1drv.ms/i/c/8705623eb284e7df/IQSxu2hqOY7-QLx90cczkqQ3AaiyjTAlNRBkOjXYHjazv6Y?width=300&height=200
27-05-2022,668.9050903,684.1518798,660.6952439,681.2686564,7131633,9,Bharti Airtel,BHARTIARTL.NS,Stock,Telecom,https://1drv.ms/i/c/8705623eb284e7df/IQSxu2hqOY7-QLx90cczkqQ3AaiyjTAlNRBkOjXYHjazv6Y?width=300&height=200
30-05-2022,683.2233276,687.8169304,667.5367154,671.8859783,4675033,9,Bharti Airtel,BHARTIARTL.NS,Stock,Telecom,https://1drv.ms/i/c/8705623eb284e7df/IQSxu2hqOY7-QLx90cczkqQ3AaiyjTAlNRBkOjXYHjazv6Y?width=300&height=200
31-05-2022,684.3474731,690.6025413,676.9195015,681.7085893,44593174,9,Bharti Airtel,BHARTIARTL.NS,Stock,Telecom,https://1drv.ms/i/c/8705623eb284e7df/IQSxu2hqOY7-QLx90cczkqQ3AaiyjTAlNRBkOjXYHjazv6Y?width=300&height=200
01-06-2022,678.9230957,690.2115909,675.6000481,685.6668434,3749781,9,Bharti Airtel,BHARTIARTL.NS,Stock,Telecom,https://1drv.ms/i/c/8705623eb284e7df/IQSxu2hqOY7-QLx90cczkqQ3AaiyjTAlNRBkOjXYHjazv6Y?width=300&height=200
02-06-2022,680.1936646,681.1710245,667.5856974,673.3032889,3466993,9,Bharti Airtel,BHARTIARTL.NS,Stock,Telecom,https://1drv.ms/i/c/8705623eb284e7df/IQSxu2hqOY7-QLx90cczkqQ3AaiyjTAlNRBkOjXYHjazv6Y?width=300&height=200
03-06-2022,670.9575195,684.9337531,669.7358198,681.2686537,6673615,9,Bharti Airtel,BHARTIARTL.NS,Stock,Telecom,https://1drv.ms/i/c/8705623eb284e7df/IQSxu2hqOY7-QLx90cczkqQ3AaiyjTAlNRBkOjXYHjazv6Y?width=300&height=200
06-06-2022,667.487915,674.1828061,661.1839321,666.7548952,6407024,9,Bharti Airtel,BHARTIARTL.NS,Stock,Telecom,https://1drv.ms/i/c/8705623eb284e7df/IQSxu2hqOY7-QLx90cczkqQ3AaiyjTAlNRBkOjXYHjazv6Y?width=300&height=200
07-06-2022,669.784668,671.6905315,658.0563502,662.7965811,8349903,9,Bharti Airtel,BHARTIARTL.NS,Stock,Telecom,https://1drv.ms/i/c/8705623eb284e7df/IQSxu2hqOY7-QLx90cczkqQ3AaiyjTAlNRBkOjXYHjazv6Y?width=300&height=200
08-06-2022,648.2828369,672.2281555,645.4973849,667.0481597,13904149,9,Bharti Airtel,BHARTIARTL.NS,Stock,Telecom,https://1drv.ms/i/c/8705623eb284e7df/IQSxu2hqOY7-QLx90cczkqQ3AaiyjTAlNRBkOjXYHjazv6Y?width=300&height=200
09-06-2022,661.0372925,664.0182877,640.2683962,645.0574832,6774925,9,Bharti Airtel,BHARTIARTL.NS,Stock,Telecom,https://1drv.ms/i/c/8705623eb284e7df/IQSxu2hqOY7-QLx90cczkqQ3AaiyjTAlNRBkOjXYHjazv6Y?width=300&height=200
10-06-2022,658.1052246,661.1350759,652.8763733,652.8763733,3221484,9,Bharti Airtel,BHARTIARTL.NS,Stock,Telecom,https://1drv.ms/i/c/8705623eb284e7df/IQSxu2hqOY7-QLx90cczkqQ3AaiyjTAlNRBkOjXYHjazv6Y?width=300&height=200
13-06-2022,656.1016846,658.1052604,643.1028099,645.1552418,5982102,9,Bharti Airtel,BHARTIARTL.NS,Stock,Telecom,https://1drv.ms/i/c/8705623eb284e7df/IQSxu2hqOY7-QLx90cczkqQ3AaiyjTAlNRBkOjXYHjazv6Y?width=300&height=200
14-06-2022,666.6082764,673.7919071,653.9514543,653.9514543,8878530,9,Bharti Airtel,BHARTIARTL.NS,Stock,Telecom,https://1drv.ms/i/c/8705623eb284e7df/IQSxu2hqOY7-QLx90cczkqQ3AaiyjTAlNRBkOjXYHjazv6Y?width=300&height=200
15-06-2022,666.6571655,669.4915331,658.2518942,666.5105973,6005970,9,Bharti Airtel,BHARTIARTL.NS,Stock,Telecom,https://1drv.ms/i/c/8705623eb284e7df/IQSxu2hqOY7-QLx90cczkqQ3AaiyjTAlNRBkOjXYHjazv6Y?width=300&height=200
16-06-2022,639.388855,668.4164558,635.2839315,667.6345201,9525587,9,Bharti Airtel,BHARTIARTL.NS,Stock,Telecom,https://1drv.ms/i/c/8705623eb284e7df/IQSxu2hqOY7-QLx90cczkqQ3AaiyjTAlNRBkOjXYHjazv6Y?width=300&height=200
17-06-2022,629.0776978,646.7678874,623.5555907,641.1480682,11085830,9,Bharti Airtel,BHARTIARTL.NS,Stock,Telecom,https://1drv.ms/i/c/8705623eb284e7df/IQSxu2hqOY7-QLx90cczkqQ3AaiyjTAlNRBkOjXYHjazv6Y?width=300&height=200
20-06-2022,626.3899536,632.7916487,619.8416307,630.3482491,3883001,9,Bharti Airtel,BHARTIARTL.NS,Stock,Telecom,https://1drv.ms/i/c/8705623eb284e7df/IQSxu2hqOY7-QLx90cczkqQ3AaiyjTAlNRBkOjXYHjazv6Y?width=300&height=200
21-06-2022,639.4865723,643.2494437,625.9990175,627.5627695,3515991,9,Bharti Airtel,BHARTIARTL.NS,Stock,Telecom,https://1drv.ms/i/c/8705623eb284e7df/IQSxu2hqOY7-QLx90cczkqQ3AaiyjTAlNRBkOjXYHjazv6Y?width=300&height=200
22-06-2022,628.2958374,635.6260372,626.9275692,633.9156573,4348884,9,Bharti Airtel,BHARTIARTL.NS,Stock,Telecom,https://1drv.ms/i/c/8705623eb284e7df/IQSxu2hqOY7-QLx90cczkqQ3AaiyjTAlNRBkOjXYHjazv6Y?width=300&height=200
23-06-2022,645.2529907,649.5533383,633.0848485,633.4758164,4336533,9,Bharti Airtel,BHARTIARTL.NS,Stock,Telecom,https://1drv.ms/i/c/8705623eb284e7df/IQSxu2hqOY7-QLx90cczkqQ3AaiyjTAlNRBkOjXYHjazv6Y?width=300&height=200
24-06-2022,656.0039673,660.4020868,647.1099565,647.1099565,5621332,9,Bharti Airtel,BHARTIARTL.NS,Stock,Telecom,https://1drv.ms/i/c/8705623eb284e7df/IQSxu2hqOY7-QLx90cczkqQ3AaiyjTAlNRBkOjXYHjazv6Y?width=300&height=200
27-06-2022,668.465332,671.4462679,656.003993,659.7179488,5284297,9,Bharti Airtel,BHARTIARTL.NS,Stock,Telecom,https://1drv.ms/i/c/8705623eb284e7df/IQSxu2hqOY7-QLx90cczkqQ3AaiyjTAlNRBkOjXYHjazv6Y?width=300&height=200
28-06-2022,665.7286987,669.3937982,660.9884676,667.5367906,3216376,9,Bharti Airtel,BHARTIARTL.NS,Stock,Telecom,https://1drv.ms/i/c/8705623eb284e7df/IQSxu2hqOY7-QLx90cczkqQ3AaiyjTAlNRBkOjXYHjazv6Y?width=300&height=200
29-06-2022,672.2280884,673.4986442,659.7178943,661.672614,5011798,9,Bharti Airtel,BHARTIARTL.NS,Stock,Telecom,https://1drv.ms/i/c/8705623eb284e7df/IQSxu2hqOY7-QLx90cczkqQ3AaiyjTAlNRBkOjXYHjazv6Y?width=300&height=200
30-06-2022,669.442627,675.942034,663.627324,674.1827983,6505666,9,Bharti Airtel,BHARTIARTL.NS,Stock,Telecom,https://1drv.ms/i/c/8705623eb284e7df/IQSxu2hqOY7-QLx90cczkqQ3AaiyjTAlNRBkOjXYHjazv6Y?width=300&height=200
01-07-2022,658.2030029,670.2733732,650.9216601,669.3448694,4488771,9,Bharti Airtel,BHARTIARTL.NS,Stock,Telecom,https://1drv.ms/i/c/8705623eb284e7df/IQSxu2hqOY7-QLx90cczkqQ3AaiyjTAlNRBkOjXYHjazv6Y?width=300&height=200
04-07-2022,666.461731,669.9802027,650.970541,655.3198044,4229588,9,Bharti Airtel,BHARTIARTL.NS,Stock,Telecom,https://1drv.ms/i/c/8705623eb284e7df/IQSxu2hqOY7-QLx90cczkqQ3AaiyjTAlNRBkOjXYHjazv6Y?width=300&height=200
05-07-2022,668.9539795,673.694151,664.6535722,667.8299918,3494504,9,Bharti Airtel,BHARTIARTL.NS,Stock,Telecom,https://1drv.ms/i/c/8705623eb284e7df/IQSxu2hqOY7-QLx90cczkqQ3AaiyjTAlNRBkOjXYHjazv6Y?width=300&height=200
06-07-2022,678.2389526,679.2163126,668.7096931,669.0028891,4697006,9,Bharti Airtel,BHARTIARTL.NS,Stock,Telecom,https://1drv.ms/i/c/8705623eb284e7df/IQSxu2hqOY7-QLx90cczkqQ3AaiyjTAlNRBkOjXYHjazv6Y?width=300&height=200
07-07-2022,671.2507324,680.7311349,669.9313205,676.3330156,3485283,9,Bharti Airtel,BHARTIARTL.NS,Stock,Telecom,https://1drv.ms/i/c/8705623eb284e7df/IQSxu2hqOY7-QLx90cczkqQ3AaiyjTAlNRBkOjXYHjazv6Y?width=300&height=200
08-07-2022,679.4116821,680.8288061,671.1041239,672.4235358,2732170,9,Bharti Airtel,BHARTIARTL.NS,Stock,Telecom,https://1drv.ms/i/c/8705623eb284e7df/IQSxu2hqOY7-QLx90cczkqQ3AaiyjTAlNRBkOjXYHjazv6Y?width=300&height=200
11-07-2022,645.5950317,665.5820524,644.0312799,659.7178934,18687521,9,Bharti Airtel,BHARTIARTL.NS,Stock,Telecom,https://1drv.ms/i/c/8705623eb284e7df/IQSxu2hqOY7-QLx90cczkqQ3AaiyjTAlNRBkOjXYHjazv6Y?width=300&height=200
12-07-2022,647.989563,651.8012902,645.0574835,648.2339029,7416645,9,Bharti Airtel,BHARTIARTL.NS,Stock,Telecom,https://1drv.ms/i/c/8705623eb284e7df/IQSxu2hqOY7-QLx90cczkqQ3AaiyjTAlNRBkOjXYHjazv6Y?width=300&height=200
13-07-2022,628.9310913,654.8311285,626.4876916,654.8311285,12030163,9,Bharti Airtel,BHARTIARTL.NS,Stock,Telecom,https://1drv.ms/i/c/8705623eb284e7df/IQSxu2hqOY7-QLx90cczkqQ3AaiyjTAlNRBkOjXYHjazv6Y?width=300&height=200
14-07-2022,627.1229858,637.4341206,614.5150196,635.2839169,11379990,9,Bharti Airtel,BHARTIARTL.NS,Stock,Telecom,https://1drv.ms/i/c/8705623eb284e7df/IQSxu2hqOY7-QLx90cczkqQ3AaiyjTAlNRBkOjXYHjazv6Y?width=300&height=200
15-07-2022,637.0431519,642.614115,628.6867369,634.2577001,5567877,9,Bharti Airtel,BHARTIARTL.NS,Stock,Telecom,https://1drv.ms/i/c/8705623eb284e7df/IQSxu2hqOY7-QLx90cczkqQ3AaiyjTAlNRBkOjXYHjazv6Y?width=300&height=200
18-07-2022,648.0383911,654.8310535,634.4531259,642.1253764,8982417,9,Bharti Airtel,BHARTIARTL.NS,Stock,Telecom,https://1drv.ms/i/c/8705623eb284e7df/IQSxu2hqOY7-QLx90cczkqQ3AaiyjTAlNRBkOjXYHjazv6Y?width=300&height=200
19-07-2022,657.6655273,661.6726792,648.0873522,659.7179594,7836419,9,Bharti Airtel,BHARTIARTL.NS,Stock,Telecom,https://1drv.ms/i/c/8705623eb284e7df/IQSxu2hqOY7-QLx90cczkqQ3AaiyjTAlNRBkOjXYHjazv6Y?width=300&height=200
20-07-2022,655.4664307,664.6047217,653.071887,664.6047217,4458819,9,Bharti Airtel,BHARTIARTL.NS,Stock,Telecom,https://1drv.ms/i/c/8705623eb284e7df/IQSxu2hqOY7-QLx90cczkqQ3AaiyjTAlNRBkOjXYHjazv6Y?width=300&height=200
21-07-2022,662.9920654,664.5558771,656.0039779,656.297174,3550107,9,Bharti Airtel,BHARTIARTL.NS,Stock,Telecom,https://1drv.ms/i/c/8705623eb284e7df/IQSxu2hqOY7-QLx90cczkqQ3AaiyjTAlNRBkOjXYHjazv6Y?width=300&height=200
22-07-2022,663.4807739,666.4617695,659.9134459,664.3115657,2415220,9,Bharti Airtel,BHARTIARTL.NS,Stock,Telecom,https://1drv.ms/i/c/8705623eb284e7df/IQSxu2hqOY7-QLx90cczkqQ3AaiyjTAlNRBkOjXYHjazv6Y?width=300&height=200
25-07-2022,663.0409546,671.0064017,661.2328031,664.6047065,2913348,9,Bharti Airtel,BHARTIARTL.NS,Stock,Telecom,https://1drv.ms/i/c/8705623eb284e7df/IQSxu2hqOY7-QLx90cczkqQ3AaiyjTAlNRBkOjXYHjazv6Y?width=300&height=200
26-07-2022,668.6118774,669.8335773,655.0754668,667.1458376,5016687,9,Bharti Airtel,BHARTIARTL.NS,Stock,Telecom,https://1drv.ms/i/c/8705623eb284e7df/IQSxu2hqOY7-QLx90cczkqQ3AaiyjTAlNRBkOjXYHjazv6Y?width=300&height=200
27-07-2022,659.6201782,668.4652728,654.5378951,668.4652728,6237523,9,Bharti Airtel,BHARTIARTL.NS,Stock,Telecom,https://1drv.ms/i/c/8705623eb284e7df/IQSxu2hqOY7-QLx90cczkqQ3AaiyjTAlNRBkOjXYHjazv6Y?width=300&height=200
28-07-2022,651.7524414,664.0183562,649.1624734,663.4319044,7374170,9,Bharti Airtel,BHARTIARTL.NS,Stock,Telecom,https://1drv.ms/i/c/8705623eb284e7df/IQSxu2hqOY7-QLx90cczkqQ3AaiyjTAlNRBkOjXYHjazv6Y?width=300&height=200
29-07-2022,662.6011353,665.2400188,655.8084722,657.5677081,7669970,9,Bharti Airtel,BHARTIARTL.NS,Stock,Telecom,https://1drv.ms/i/c/8705623eb284e7df/IQSxu2hqOY7-QLx90cczkqQ3AaiyjTAlNRBkOjXYHjazv6Y?width=300&height=200
01-08-2022,681.7443237,685.033008,664.6626509,665.5462085,8812526,9,Bharti Airtel,BHARTIARTL.NS,Stock,Telecom,https://1drv.ms/i/c/8705623eb284e7df/IQSxu2hqOY7-QLx90cczkqQ3AaiyjTAlNRBkOjXYHjazv6Y?width=300&height=200
02-08-2022,674.2342529,687.4872561,668.6876616,687.1927569,6236599,9,Bharti Airtel,BHARTIARTL.NS,Stock,Telecom,https://1drv.ms/i/c/8705623eb284e7df/IQSxu2hqOY7-QLx90cczkqQ3AaiyjTAlNRBkOjXYHjazv6Y?width=300&height=200
03-08-2022,680.4682007,684.1004578,674.4306967,675.4124008,5237250,9,Bharti Airtel,BHARTIARTL.NS,Stock,Telecom,https://1drv.ms/i/c/8705623eb284e7df/IQSxu2hqOY7-QLx90cczkqQ3AaiyjTAlNRBkOjXYHjazv6Y?width=300&height=200
04-08-2022,681.5970459,685.7202145,668.245896,685.4257153,6352142,9,Bharti Airtel,BHARTIARTL.NS,Stock,Telecom,https://1drv.ms/i/c/8705623eb284e7df/IQSxu2hqOY7-QLx90cczkqQ3AaiyjTAlNRBkOjXYHjazv6Y?width=300&height=200
05-08-2022,690.776062,697.0098586,683.6095747,685.2294103,5811092,9,Bharti Airtel,BHARTIARTL.NS,Stock,Telecom,https://1drv.ms/i/c/8705623eb284e7df/IQSxu2hqOY7-QLx90cczkqQ3AaiyjTAlNRBkOjXYHjazv6Y?width=300&height=200
08-08-2022,691.4631958,696.8625679,686.2111033,694.9973662,5918607,9,Bharti Airtel,BHARTIARTL.NS,Stock,Telecom,https://1drv.ms/i/c/8705623eb284e7df/IQSxu2hqOY7-QLx90cczkqQ3AaiyjTAlNRBkOjXYHjazv6Y?width=300&height=200
10-08-2022,702.1638184,704.8635045,693.0830559,700.8385419,12201239,9,Bharti Airtel,BHARTIARTL.NS,Stock,Telecom,https://1drv.ms/i/c/8705623eb284e7df/IQSxu2hqOY7-QLx90cczkqQ3AaiyjTAlNRBkOjXYHjazv6Y?width=300&height=200
11-08-2022,696.8135376,706.2379326,692.7885749,705.6488742,7142902,9,Bharti Airtel,BHARTIARTL.NS,Stock,Telecom,https://1drv.ms/i/c/8705623eb284e7df/IQSxu2hqOY7-QLx90cczkqQ3AaiyjTAlNRBkOjXYHjazv6Y?width=300&height=200
12-08-2022,696.7153931,699.4641525,693.7212076,696.8626127,4540159,9,Bharti Airtel,BHARTIARTL.NS,Stock,Telecom,https://1drv.ms/i/c/8705623eb284e7df/IQSxu2hqOY7-QLx90cczkqQ3AaiyjTAlNRBkOjXYHjazv6Y?width=300&height=200
16-08-2022,691.2177124,702.9000131,687.6836022,701.9183092,6679663,9,Bharti Airtel,BHARTIARTL.NS,Stock,Telecom,https://1drv.ms/i/c/8705623eb284e7df/IQSxu2hqOY7-QLx90cczkqQ3AaiyjTAlNRBkOjXYHjazv6Y?width=300&height=200
17-08-2022,709.7229614,711.3918703,689.4507486,694.0647697,8812954,9,Bharti Airtel,BHARTIARTL.NS,Stock,Telecom,https://1drv.ms/i/c/8705623eb284e7df/IQSxu2hqOY7-QLx90cczkqQ3AaiyjTAlNRBkOjXYHjazv6Y?width=300&height=200
18-08-2022,719.7854004,722.5341597,707.7104529,711.7354154,10354897,9,Bharti Airtel,BHARTIARTL.NS,Stock,Telecom,https://1drv.ms/i/c/8705623eb284e7df/IQSxu2hqOY7-QLx90cczkqQ3AaiyjTAlNRBkOjXYHjazv6Y?width=300&height=200
19-08-2022,718.9018555,724.1048749,712.717132,716.840301,13743828,9,Bharti Airtel,BHARTIARTL.NS,Stock,Telecom,https://1drv.ms/i/c/8705623eb284e7df/IQSxu2hqOY7-QLx90cczkqQ3AaiyjTAlNRBkOjXYHjazv6Y?width=300&height=200
22-08-2022,714.2878418,720.9634773,711.1464368,718.460084,8118490,9,Bharti Airtel,BHARTIARTL.NS,Stock,Telecom,https://1drv.ms/i/c/8705623eb284e7df/IQSxu2hqOY7-QLx90cczkqQ3AaiyjTAlNRBkOjXYHjazv6Y?width=300&height=200
23-08-2022,724.1049194,729.0134399,709.3302847,711.7354718,8229797,9,Bharti Airtel,BHARTIARTL.NS,Stock,Telecom,https://1drv.ms/i/c/8705623eb284e7df/IQSxu2hqOY7-QLx90cczkqQ3AaiyjTAlNRBkOjXYHjazv6Y?width=300&height=200
24-08-2022,725.2338867,740.4012267,704.8635271,709.6247679,14922081,9,Bharti Airtel,BHARTIARTL.NS,Stock,Telecom,https://1drv.ms/i/c/8705623eb284e7df/IQSxu2hqOY7-QLx90cczkqQ3AaiyjTAlNRBkOjXYHjazv6Y?width=300&height=200
25-08-2022,727.442688,740.2539136,721.7978898,731.1731513,9849958,9,Bharti Airtel,BHARTIARTL.NS,Stock,Telecom,https://1drv.ms/i/c/8705623eb284e7df/IQSxu2hqOY7-QLx90cczkqQ3AaiyjTAlNRBkOjXYHjazv6Y?width=300&height=200
26-08-2022,717.4783325,727.9335039,714.6805001,727.9335039,5928897,9,Bharti Airtel,BHARTIARTL.NS,Stock,Telecom,https://1drv.ms/i/c/8705623eb284e7df/IQSxu2hqOY7-QLx90cczkqQ3AaiyjTAlNRBkOjXYHjazv6Y?width=300&height=200
29-08-2022,707.4158936,711.6372688,702.0165214,704.5689878,5878942,9,Bharti Airtel,BHARTIARTL.NS,Stock,Telecom,https://1drv.ms/i/c/8705623eb284e7df/IQSxu2hqOY7-QLx90cczkqQ3AaiyjTAlNRBkOjXYHjazv6Y?width=300&height=200
30-08-2022,713.3061523,716.7421166,698.7769441,708.7903376,8894800,9,Bharti Airtel,BHARTIARTL.NS,Stock,Telecom,https://1drv.ms/i/c/8705623eb284e7df/IQSxu2hqOY7-QLx90cczkqQ3AaiyjTAlNRBkOjXYHjazv6Y?width=300&height=200
01-09-2022,721.6015015,732.3511721,713.2079444,713.2079444,11869518,9,Bharti Airtel,BHARTIARTL.NS,Stock,Telecom,https://1drv.ms/i/c/8705623eb284e7df/IQSxu2hqOY7-QLx90cczkqQ3AaiyjTAlNRBkOjXYHjazv6Y?width=300&height=200
02-09-2022,721.5524292,727.3445067,706.483297,711.7353893,5693707,9,Bharti Airtel,BHARTIARTL.NS,Stock,Telecom,https://1drv.ms/i/c/8705623eb284e7df/IQSxu2hqOY7-QLx90cczkqQ3AaiyjTAlNRBkOjXYHjazv6Y?width=300&height=200
05-09-2022,726.8536987,728.375328,719.8344908,721.5524729,3660135,9,Bharti Airtel,BHARTIARTL.NS,Stock,Telecom,https://1drv.ms/i/c/8705623eb284e7df/IQSxu2hqOY7-QLx90cczkqQ3AaiyjTAlNRBkOjXYHjazv6Y?width=300&height=200
06-09-2022,747.3222046,751.0035948,726.8536992,726.8536992,10166270,9,Bharti Airtel,BHARTIARTL.NS,Stock,Telecom,https://1drv.ms/i/c/8705623eb284e7df/IQSxu2hqOY7-QLx90cczkqQ3AaiyjTAlNRBkOjXYHjazv6Y?width=300&height=200
07-09-2022,739.321228,747.9602708,673.6452691,741.6773415,126794211,9,Bharti Airtel,BHARTIARTL.NS,Stock,Telecom,https://1drv.ms/i/c/8705623eb284e7df/IQSxu2hqOY7-QLx90cczkqQ3AaiyjTAlNRBkOjXYHjazv6Y?width=300&height=200
08-09-2022,755.7157593,761.8023363,743.1990327,745.1133676,10648073,9,Bharti Airtel,BHARTIARTL.NS,Stock,Telecom,https://1drv.ms/i/c/8705623eb284e7df/IQSxu2hqOY7-QLx90cczkqQ3AaiyjTAlNRBkOjXYHjazv6Y?width=300&height=200
09-09-2022,751.7398682,760.6242777,748.9420356,758.8572224,4627905,9,Bharti Airtel,BHARTIARTL.NS,Stock,Telecom,https://1drv.ms/i/c/8705623eb284e7df/IQSxu2hqOY7-QLx90cczkqQ3AaiyjTAlNRBkOjXYHjazv6Y?width=300&height=200
12-09-2022,755.0776978,757.2865319,750.5127499,752.9670101,2654087,9,Bharti Airtel,BHARTIARTL.NS,Stock,Telecom,https://1drv.ms/i/c/8705623eb284e7df/IQSxu2hqOY7-QLx90cczkqQ3AaiyjTAlNRBkOjXYHjazv6Y?width=300&height=200
13-09-2022,769.9013672,774.4663148,755.9120851,759.8389011,8335652,9,Bharti Airtel,BHARTIARTL.NS,Stock,Telecom,https://1drv.ms/i/c/8705623eb284e7df/IQSxu2hqOY7-QLx90cczkqQ3AaiyjTAlNRBkOjXYHjazv6Y?width=300&height=200
14-09-2022,769.0178223,773.9754755,761.5568957,761.8023217,6645392,9,Bharti Airtel,BHARTIARTL.NS,Stock,Telecom,https://1drv.ms/i/c/8705623eb284e7df/IQSxu2hqOY7-QLx90cczkqQ3AaiyjTAlNRBkOjXYHjazv6Y?width=300&height=200
15-09-2022,770.7357788,776.1842839,767.6925204,773.5827443,5485310,9,Bharti Airtel,BHARTIARTL.NS,Stock,Telecom,https://1drv.ms/i/c/8705623eb284e7df/IQSxu2hqOY7-QLx90cczkqQ3AaiyjTAlNRBkOjXYHjazv6Y?width=300&height=200
16-09-2022,765.3855591,773.5827636,762.2440943,773.5827636,20211162,9,Bharti Airtel,BHARTIARTL.NS,Stock,Telecom,https://1drv.ms/i/c/8705623eb284e7df/IQSxu2hqOY7-QLx90cczkqQ3AaiyjTAlNRBkOjXYHjazv6Y?width=300&height=200
19-09-2022,768.428833,771.6193711,758.0718674,759.3480707,5760313,9,Bharti Airtel,BHARTIARTL.NS,Stock,Telecom,https://1drv.ms/i/c/8705623eb284e7df/IQSxu2hqOY7-QLx90cczkqQ3AaiyjTAlNRBkOjXYHjazv6Y?width=300&height=200
20-09-2022,777.6568604,782.3690276,770.6376527,772.3065615,7936714,9,Bharti Airtel,BHARTIARTL.NS,Stock,Telecom,https://1drv.ms/i/c/8705623eb284e7df/IQSxu2hqOY7-QLx90cczkqQ3AaiyjTAlNRBkOjXYHjazv6Y?width=300&height=200
21-09-2022,765.9254761,782.4180914,764.7474193,777.6568509,9966193,9,Bharti Airtel,BHARTIARTL.NS,Stock,Telecom,https://1drv.ms/i/c/8705623eb284e7df/IQSxu2hqOY7-QLx90cczkqQ3AaiyjTAlNRBkOjXYHjazv6Y?width=300&height=200
22-09-2022,769.7540894,780.2583342,762.1458833,776.7242238,7721133,9,Bharti Airtel,BHARTIARTL.NS,Stock,Telecom,https://1drv.ms/i/c/8705623eb284e7df/IQSxu2hqOY7-QLx90cczkqQ3AaiyjTAlNRBkOjXYHjazv6Y?width=300&height=200
23-09-2022,757.2373657,773.5827615,754.635886,773.5827615,9271829,9,Bharti Airtel,BHARTIARTL.NS,Stock,Telecom,https://1drv.ms/i/c/8705623eb284e7df/IQSxu2hqOY7-QLx90cczkqQ3AaiyjTAlNRBkOjXYHjazv6Y?width=300&height=200
26-09-2022,741.2355957,757.0410661,739.4194673,755.8630093,13144297,9,Bharti Airtel,BHARTIARTL.NS,Stock,Telecom,https://1drv.ms/i/c/8705623eb284e7df/IQSxu2hqOY7-QLx90cczkqQ3AaiyjTAlNRBkOjXYHjazv6Y?width=300&height=200
27-09-2022,746.684082,751.0036039,743.3463242,744.9660999,5965026,9,Bharti Airtel,BHARTIARTL.NS,Stock,Telecom,https://1drv.ms/i/c/8705623eb284e7df/IQSxu2hqOY7-QLx90cczkqQ3AaiyjTAlNRBkOjXYHjazv6Y?width=300&height=200
28-09-2022,747.5185547,756.8938163,741.1865516,741.6774037,5546932,9,Bharti Airtel,BHARTIARTL.NS,Stock,Telecom,https://1drv.ms/i/c/8705623eb284e7df/IQSxu2hqOY7-QLx90cczkqQ3AaiyjTAlNRBkOjXYHjazv6Y?width=300&height=200
29-09-2022,750.6599731,754.9303615,745.4078209,749.9727684,5413233,9,Bharti Airtel,BHARTIARTL.NS,Stock,Telecom,https://1drv.ms/i/c/8705623eb284e7df/IQSxu2hqOY7-QLx90cczkqQ3AaiyjTAlNRBkOjXYHjazv6Y?width=300&height=200
30-09-2022,785.2650757,794.1985584,747.5185438,751.936212,7469164,9,Bharti Airtel,BHARTIARTL.NS,Stock,Telecom,https://1drv.ms/i/c/8705623eb284e7df/IQSxu2hqOY7-QLx90cczkqQ3AaiyjTAlNRBkOjXYHjazv6Y?width=300&height=200
03-10-2022,788.6519165,800.6287178,783.4488971,788.7010496,12619046,9,Bharti Airtel,BHARTIARTL.NS,Stock,Telecom,https://1drv.ms/i/c/8705623eb284e7df/IQSxu2hqOY7-QLx90cczkqQ3AaiyjTAlNRBkOjXYHjazv6Y?width=300&height=200
04-10-2022,793.9040527,801.8067581,792.7259959,798.125368,5772140,9,Bharti Airtel,BHARTIARTL.NS,Stock,Telecom,https://1drv.ms/i/c/8705623eb284e7df/IQSxu2hqOY7-QLx90cczkqQ3AaiyjTAlNRBkOjXYHjazv6Y?width=300&height=200
06-10-2022,774.1717529,800.923187,772.2574781,795.7201678,6503205,9,Bharti Airtel,BHARTIARTL.NS,Stock,Telecom,https://1drv.ms/i/c/8705623eb284e7df/IQSxu2hqOY7-QLx90cczkqQ3AaiyjTAlNRBkOjXYHjazv6Y?width=300&height=200
07-10-2022,778.5894165,782.2217333,770.3431389,777.5095661,6025982,9,Bharti Airtel,BHARTIARTL.NS,Stock,Telecom,https://1drv.ms/i/c/8705623eb284e7df/IQSxu2hqOY7-QLx90cczkqQ3AaiyjTAlNRBkOjXYHjazv6Y?width=300&height=200
10-10-2022,777.8531494,780.2583362,765.4346296,770.5885757,3519416,9,Bharti Airtel,BHARTIARTL.NS,Stock,Telecom,https://1drv.ms/i/c/8705623eb284e7df/IQSxu2hqOY7-QLx90cczkqQ3AaiyjTAlNRBkOjXYHjazv6Y?width=300&height=200
11-10-2022,766.0236206,782.9089414,761.8023054,782.9089414,3699862,9,Bharti Airtel,BHARTIARTL.NS,Stock,Telecom,https://1drv.ms/i/c/8705623eb284e7df/IQSxu2hqOY7-QLx90cczkqQ3AaiyjTAlNRBkOjXYHjazv6Y?width=300&height=200
12-10-2022,761.3605347,767.054406,755.1267382,766.0236287,5984299,9,Bharti Airtel,BHARTIARTL.NS,Stock,Telecom,https://1drv.ms/i/c/8705623eb284e7df/IQSxu2hqOY7-QLx90cczkqQ3AaiyjTAlNRBkOjXYHjazv6Y?width=300&height=200
13-10-2022,754.8322754,764.7474624,753.6051453,760.8206462,2842056,9,Bharti Airtel,BHARTIARTL.NS,Stock,Telecom,https://1drv.ms/i/c/8705623eb284e7df/IQSxu2hqOY7-QLx90cczkqQ3AaiyjTAlNRBkOjXYHjazv6Y?width=300&height=200
14-10-2022,751.9362183,765.6800748,749.0892526,765.6800748,3608210,9,Bharti Airtel,BHARTIARTL.NS,Stock,Telecom,https://1drv.ms/i/c/8705623eb284e7df/IQSxu2hqOY7-QLx90cczkqQ3AaiyjTAlNRBkOjXYHjazv6Y?width=300&height=200
17-10-2022,751.9852905,756.8938107,745.9477867,747.0767704,4566333,9,Bharti Airtel,BHARTIARTL.NS,Stock,Telecom,https://1drv.ms/i/c/8705623eb284e7df/IQSxu2hqOY7-QLx90cczkqQ3AaiyjTAlNRBkOjXYHjazv6Y?width=300&height=200
18-10-2022,768.8215332,771.2266601,754.5868248,755.7648217,4391263,9,Bharti Airtel,BHARTIARTL.NS,Stock,Telecom,https://1drv.ms/i/c/8705623eb284e7df/IQSxu2hqOY7-QLx90cczkqQ3AaiyjTAlNRBkOjXYHjazv6Y?width=300&height=200
19-10-2022,769.0669556,774.2209017,765.2382859,773.5336969,5219180,9,Bharti Airtel,BHARTIARTL.NS,Stock,Telecom,https://1drv.ms/i/c/8705623eb284e7df/IQSxu2hqOY7-QLx90cczkqQ3AaiyjTAlNRBkOjXYHjazv6Y?width=300&height=200
20-10-2022,778.3931274,779.4729779,764.0602131,767.6925298,4756732,9,Bharti Airtel,BHARTIARTL.NS,Stock,Telecom,https://1drv.ms/i/c/8705623eb284e7df/IQSxu2hqOY7-QLx90cczkqQ3AaiyjTAlNRBkOjXYHjazv6Y?width=300&height=200
21-10-2022,782.8598633,788.1610289,775.3007305,775.5461565,4807736,9,Bharti Airtel,BHARTIARTL.NS,Stock,Telecom,https://1drv.ms/i/c/8705623eb284e7df/IQSxu2hqOY7-QLx90cczkqQ3AaiyjTAlNRBkOjXYHjazv6Y?width=300&height=200
24-10-2022,787.4248047,792.7260306,785.3632501,785.3632501,522406,9,Bharti Airtel,BHARTIARTL.NS,Stock,Telecom,https://1drv.ms/i/c/8705623eb284e7df/IQSxu2hqOY7-QLx90cczkqQ3AaiyjTAlNRBkOjXYHjazv6Y?width=300&height=200
25-10-2022,787.6210938,791.5969829,784.0869834,791.40069,3184277,9,Bharti Airtel,BHARTIARTL.NS,Stock,Telecom,https://1drv.ms/i/c/8705623eb284e7df/IQSxu2hqOY7-QLx90cczkqQ3AaiyjTAlNRBkOjXYHjazv6Y?width=300&height=200
27-10-2022,802.1503296,807.157056,789.4863837,791.744291,8159181,9,Bharti Airtel,BHARTIARTL.NS,Stock,Telecom,https://1drv.ms/i/c/8705623eb284e7df/IQSxu2hqOY7-QLx90cczkqQ3AaiyjTAlNRBkOjXYHjazv6Y?width=300&height=200
28-10-2022,801.9049072,809.3168205,796.4564619,804.0155948,3905093,9,Bharti Airtel,BHARTIARTL.NS,Stock,Telecom,https://1drv.ms/i/c/8705623eb284e7df/IQSxu2hqOY7-QLx90cczkqQ3AaiyjTAlNRBkOjXYHjazv6Y?width=300&height=200
31-10-2022,816.777771,818.5448263,804.9973224,807.9424345,5487233,9,Bharti Airtel,BHARTIARTL.NS,Stock,Telecom,https://1drv.ms/i/c/8705623eb284e7df/IQSxu2hqOY7-QLx90cczkqQ3AaiyjTAlNRBkOjXYHjazv6Y?width=300&height=200
01-11-2022,820.2628174,826.0548953,806.0281085,812.8509637,10488759,9,Bharti Airtel,BHARTIARTL.NS,Stock,Telecom,https://1drv.ms/i/c/8705623eb284e7df/IQSxu2hqOY7-QLx90cczkqQ3AaiyjTAlNRBkOjXYHjazv6Y?width=300&height=200
02-11-2022,795.03302,814.8143811,792.4806134,814.8143811,11729925,9,Bharti Airtel,BHARTIARTL.NS,Stock,Telecom,https://1drv.ms/i/c/8705623eb284e7df/IQSxu2hqOY7-QLx90cczkqQ3AaiyjTAlNRBkOjXYHjazv6Y?width=300&height=200
03-11-2022,803.6720581,809.3168565,789.4864224,794.9348679,5897840,9,Bharti Airtel,BHARTIARTL.NS,Stock,Telecom,https://1drv.ms/i/c/8705623eb284e7df/IQSxu2hqOY7-QLx90cczkqQ3AaiyjTAlNRBkOjXYHjazv6Y?width=300&height=200
04-11-2022,801.4631958,806.7643616,794.3949148,800.775991,3768226,9,Bharti Airtel,BHARTIARTL.NS,Stock,Telecom,https://1drv.ms/i/c/8705623eb284e7df/IQSxu2hqOY7-QLx90cczkqQ3AaiyjTAlNRBkOjXYHjazv6Y?width=300&height=200
07-11-2022,807.6478882,808.9731646,794.1985315,802.0521634,7171570,9,Bharti Airtel,BHARTIARTL.NS,Stock,Telecom,https://1drv.ms/i/c/8705623eb284e7df/IQSxu2hqOY7-QLx90cczkqQ3AaiyjTAlNRBkOjXYHjazv6Y?width=300&height=200
09-11-2022,804.0646973,810.3967004,799.5488826,809.1204971,3969171,9,Bharti Airtel,BHARTIARTL.NS,Stock,Telecom,https://1drv.ms/i/c/8705623eb284e7df/IQSxu2hqOY7-QLx90cczkqQ3AaiyjTAlNRBkOjXYHjazv6Y?width=300&height=200
10-11-2022,810.6420898,815.5015367,802.5921049,804.800939,4425290,9,Bharti Airtel,BHARTIARTL.NS,Stock,Telecom,https://1drv.ms/i/c/8705623eb284e7df/IQSxu2hqOY7-QLx90cczkqQ3AaiyjTAlNRBkOjXYHjazv6Y?width=300&height=200
11-11-2022,811.7710571,821.5880971,808.7277388,815.5505935,4325441,9,Bharti Airtel,BHARTIARTL.NS,Stock,Telecom,https://1drv.ms/i/c/8705623eb284e7df/IQSxu2hqOY7-QLx90cczkqQ3AaiyjTAlNRBkOjXYHjazv6Y?width=300&height=200
14-11-2022,806.8625488,815.5996786,802.0521752,803.0338792,10406576,9,Bharti Airtel,BHARTIARTL.NS,Stock,Telecom,https://1drv.ms/i/c/8705623eb284e7df/IQSxu2hqOY7-QLx90cczkqQ3AaiyjTAlNRBkOjXYHjazv6Y?width=300&height=200
15-11-2022,819.9682617,823.4042257,807.5988154,807.5988154,6229710,9,Bharti Airtel,BHARTIARTL.NS,Stock,Telecom,https://1drv.ms/i/c/8705623eb284e7df/IQSxu2hqOY7-QLx90cczkqQ3AaiyjTAlNRBkOjXYHjazv6Y?width=300&height=200
16-11-2022,825.8094482,828.6072808,812.9000162,822.1771313,3445345,9,Bharti Airtel,BHARTIARTL.NS,Stock,Telecom,https://1drv.ms/i/c/8705623eb284e7df/IQSxu2hqOY7-QLx90cczkqQ3AaiyjTAlNRBkOjXYHjazv6Y?width=300&height=200
17-11-2022,830.6688843,833.8594224,823.0606781,826.3984358,4545534,9,Bharti Airtel,BHARTIARTL.NS,Stock,Telecom,https://1drv.ms/i/c/8705623eb284e7df/IQSxu2hqOY7-QLx90cczkqQ3AaiyjTAlNRBkOjXYHjazv6Y?width=300&height=200
18-11-2022,821.9807739,836.2645556,815.8941969,834.3993539,7405949,9,Bharti Airtel,BHARTIARTL.NS,Stock,Telecom,https://1drv.ms/i/c/8705623eb284e7df/IQSxu2hqOY7-QLx90cczkqQ3AaiyjTAlNRBkOjXYHjazv6Y?width=300&height=200
21-11-2022,835.6264648,837.1971673,819.7228479,821.6862559,5527122,9,Bharti Airtel,BHARTIARTL.NS,Stock,Telecom,https://1drv.ms/i/c/8705623eb284e7df/IQSxu2hqOY7-QLx90cczkqQ3AaiyjTAlNRBkOjXYHjazv6Y?width=300&height=200
22-11-2022,832.0922852,844.8053639,829.6380252,837.7862163,7601660,9,Bharti Airtel,BHARTIARTL.NS,Stock,Telecom,https://1drv.ms/i/c/8705623eb284e7df/IQSxu2hqOY7-QLx90cczkqQ3AaiyjTAlNRBkOjXYHjazv6Y?width=300&height=200
23-11-2022,827.8219604,836.2645915,826.2021248,836.2645915,4596816,9,Bharti Airtel,BHARTIARTL.NS,Stock,Telecom,https://1drv.ms/i/c/8705623eb284e7df/IQSxu2hqOY7-QLx90cczkqQ3AaiyjTAlNRBkOjXYHjazv6Y?width=300&height=200
24-11-2022,832.8286133,835.430153,822.4225742,830.5216327,3455310,9,Bharti Airtel,BHARTIARTL.NS,Stock,Telecom,https://1drv.ms/i/c/8705623eb284e7df/IQSxu2hqOY7-QLx90cczkqQ3AaiyjTAlNRBkOjXYHjazv6Y?width=300&height=200
25-11-2022,831.3560181,844.2654498,826.202072,836.4118177,2991065,9,Bharti Airtel,BHARTIARTL.NS,Stock,Telecom,https://1drv.ms/i/c/8705623eb284e7df/IQSxu2hqOY7-QLx90cczkqQ3AaiyjTAlNRBkOjXYHjazv6Y?width=300&height=200
28-11-2022,822.0789795,836.9517596,820.7536431,824.876812,3668846,9,Bharti Airtel,BHARTIARTL.NS,Stock,Telecom,https://1drv.ms/i/c/8705623eb284e7df/IQSxu2hqOY7-QLx90cczkqQ3AaiyjTAlNRBkOjXYHjazv6Y?width=300&height=200
29-11-2022,820.557251,829.3435136,819.7228266,823.6496425,2680296,9,Bharti Airtel,BHARTIARTL.NS,Stock,Telecom,https://1drv.ms/i/c/8705623eb284e7df/IQSxu2hqOY7-QLx90cczkqQ3AaiyjTAlNRBkOjXYHjazv6Y?width=300&height=200
30-11-2022,833.2213135,836.4118516,817.3667691,819.52653,6874390,9,Bharti Airtel,BHARTIARTL.NS,Stock,Telecom,https://1drv.ms/i/c/8705623eb284e7df/IQSxu2hqOY7-QLx90cczkqQ3AaiyjTAlNRBkOjXYHjazv6Y?width=300&height=200
01-12-2022,833.0739746,837.5898489,826.2020467,837.3934961,4506664,9,Bharti Airtel,BHARTIARTL.NS,Stock,Telecom,https://1drv.ms/i/c/8705623eb284e7df/IQSxu2hqOY7-QLx90cczkqQ3AaiyjTAlNRBkOjXYHjazv6Y?width=300&height=200
02-12-2022,833.1231079,836.3627191,823.747787,835.8227939,3505272,9,Bharti Airtel,BHARTIARTL.NS,Stock,Telecom,https://1drv.ms/i/c/8705623eb284e7df/IQSxu2hqOY7-QLx90cczkqQ3AaiyjTAlNRBkOjXYHjazv6Y?width=300&height=200
05-12-2022,828.6563721,836.0191525,825.4658339,835.430154,3311316,9,Bharti Airtel,BHARTIARTL.NS,Stock,Telecom,https://1drv.ms/i/c/8705623eb284e7df/IQSxu2hqOY7-QLx90cczkqQ3AaiyjTAlNRBkOjXYHjazv6Y?width=300&height=200
06-12-2022,818.1030273,829.5399032,814.5198436,829.4417568,5567349,9,Bharti Airtel,BHARTIARTL.NS,Stock,Telecom,https://1drv.ms/i/c/8705623eb284e7df/IQSxu2hqOY7-QLx90cczkqQ3AaiyjTAlNRBkOjXYHjazv6Y?width=300&height=200
07-12-2022,818.7411499,826.2020765,816.7777419,822.2261872,3771882,9,Bharti Airtel,BHARTIARTL.NS,Stock,Telecom,https://1drv.ms/i/c/8705623eb284e7df/IQSxu2hqOY7-QLx90cczkqQ3AaiyjTAlNRBkOjXYHjazv6Y?width=300&height=200
08-12-2022,817.3667603,824.8277469,811.1820368,817.7594658,4822179,9,Bharti Airtel,BHARTIARTL.NS,Stock,Telecom,https://1drv.ms/i/c/8705623eb284e7df/IQSxu2hqOY7-QLx90cczkqQ3AaiyjTAlNRBkOjXYHjazv6Y?width=300&height=200
09-12-2022,819.6246948,821.2935437,808.875024,815.1088205,4615843,9,Bharti Airtel,BHARTIARTL.NS,Stock,Telecom,https://1drv.ms/i/c/8705623eb284e7df/IQSxu2hqOY7-QLx90cczkqQ3AaiyjTAlNRBkOjXYHjazv6Y?width=300&height=200
12-12-2022,813.2435913,821.6371483,810.2984794,817.3667,3149823,9,Bharti Airtel,BHARTIARTL.NS,Stock,Telecom,https://1drv.ms/i/c/8705623eb284e7df/IQSxu2hqOY7-QLx90cczkqQ3AaiyjTAlNRBkOjXYHjazv6Y?width=300&height=200
13-12-2022,822.717041,824.6313758,806.9607035,806.9607035,3832999,9,Bharti Airtel,BHARTIARTL.NS,Stock,Telecom,https://1drv.ms/i/c/8705623eb284e7df/IQSxu2hqOY7-QLx90cczkqQ3AaiyjTAlNRBkOjXYHjazv6Y?width=300&height=200
14-12-2022,814.0289307,826.5947293,812.9981535,825.2694529,7491333,9,Bharti Airtel,BHARTIARTL.NS,Stock,Telecom,https://1drv.ms/i/c/8705623eb284e7df/IQSxu2hqOY7-QLx90cczkqQ3AaiyjTAlNRBkOjXYHjazv6Y?width=300&height=200
15-12-2022,811.2311401,815.7960881,809.267732,813.8326799,2996482,9,Bharti Airtel,BHARTIARTL.NS,Stock,Telecom,https://1drv.ms/i/c/8705623eb284e7df/IQSxu2hqOY7-QLx90cczkqQ3AaiyjTAlNRBkOjXYHjazv6Y?width=300&height=200
16-12-2022,807.6969604,817.4649272,804.899128,809.9057944,4309644,9,Bharti Airtel,BHARTIARTL.NS,Stock,Telecom,https://1drv.ms/i/c/8705623eb284e7df/IQSxu2hqOY7-QLx90cczkqQ3AaiyjTAlNRBkOjXYHjazv6Y?width=300&height=200
19-12-2022,825.0240479,829.5889354,806.9606707,807.6478754,6397169,9,Bharti Airtel,BHARTIARTL.NS,Stock,Telecom,https://1drv.ms/i/c/8705623eb284e7df/IQSxu2hqOY7-QLx90cczkqQ3AaiyjTAlNRBkOjXYHjazv6Y?width=300&height=200
20-12-2022,813.7835693,824.3859609,806.9607143,824.3859609,2828863,9,Bharti Airtel,BHARTIARTL.NS,Stock,Telecom,https://1drv.ms/i/c/8705623eb284e7df/IQSxu2hqOY7-QLx90cczkqQ3AaiyjTAlNRBkOjXYHjazv6Y?width=300&height=200
21-12-2022,799.1071167,817.8085673,797.487281,817.7594941,5079337,9,Bharti Airtel,BHARTIARTL.NS,Stock,Telecom,https://1drv.ms/i/c/8705623eb284e7df/IQSxu2hqOY7-QLx90cczkqQ3AaiyjTAlNRBkOjXYHjazv6Y?width=300&height=200
22-12-2022,801.6594849,809.6113234,794.6894102,804.0155985,3626834,9,Bharti Airtel,BHARTIARTL.NS,Stock,Telecom,https://1drv.ms/i/c/8705623eb284e7df/IQSxu2hqOY7-QLx90cczkqQ3AaiyjTAlNRBkOjXYHjazv6Y?width=300&height=200
23-12-2022,793.8549805,802.9848159,790.2717368,799.107073,2804496,9,Bharti Airtel,BHARTIARTL.NS,Stock,Telecom,https://1drv.ms/i/c/8705623eb284e7df/IQSxu2hqOY7-QLx90cczkqQ3AaiyjTAlNRBkOjXYHjazv6Y?width=300&height=200
26-12-2022,796.1619873,800.2851563,786.4922263,790.3208362,6023206,9,Bharti Airtel,BHARTIARTL.NS,Stock,Telecom,https://1drv.ms/i/c/8705623eb284e7df/IQSxu2hqOY7-QLx90cczkqQ3AaiyjTAlNRBkOjXYHjazv6Y?width=300&height=200
27-12-2022,799.892395,804.4573425,790.2717079,800.0887478,1782053,9,Bharti Airtel,BHARTIARTL.NS,Stock,Telecom,https://1drv.ms/i/c/8705623eb284e7df/IQSxu2hqOY7-QLx90cczkqQ3AaiyjTAlNRBkOjXYHjazv6Y?width=300&height=200
28-12-2022,789.093689,799.0089356,786.7867085,798.125378,2907741,9,Bharti Airtel,BHARTIARTL.NS,Stock,Telecom,https://1drv.ms/i/c/8705623eb284e7df/IQSxu2hqOY7-QLx90cczkqQ3AaiyjTAlNRBkOjXYHjazv6Y?width=300&height=200
29-12-2022,805.7335815,809.6603977,746.1932082,792.2842244,6110313,9,Bharti Airtel,BHARTIARTL.NS,Stock,Telecom,https://1drv.ms/i/c/8705623eb284e7df/IQSxu2hqOY7-QLx90cczkqQ3AaiyjTAlNRBkOjXYHjazv6Y?width=300&height=200
30-12-2022,791.3516235,809.7095016,790.2226998,809.6113551,3113243,9,Bharti Airtel,BHARTIARTL.NS,Stock,Telecom,https://1drv.ms/i/c/8705623eb284e7df/IQSxu2hqOY7-QLx90cczkqQ3AaiyjTAlNRBkOjXYHjazv6Y?width=300&height=200
02-01-2023,798.6162109,801.2668237,790.8607253,791.4988569,1626846,9,Bharti Airtel,BHARTIARTL.NS,Stock,Telecom,https://1drv.ms/i/c/8705623eb284e7df/IQSxu2hqOY7-QLx90cczkqQ3AaiyjTAlNRBkOjXYHjazv6Y?width=300&height=200
03-01-2023,802.6411743,803.8192311,793.7076918,795.5238202,1717603,9,Bharti Airtel,BHARTIARTL.NS,Stock,Telecom,https://1drv.ms/i/c/8705623eb284e7df/IQSxu2hqOY7-QLx90cczkqQ3AaiyjTAlNRBkOjXYHjazv6Y?width=300&height=200
04-01-2023,796.9473267,805.4390906,791.449808,803.9665345,2970216,9,Bharti Airtel,BHARTIARTL.NS,Stock,Telecom,https://1drv.ms/i/c/8705623eb284e7df/IQSxu2hqOY7-QLx90cczkqQ3AaiyjTAlNRBkOjXYHjazv6Y?width=300&height=200
05-01-2023,792.333252,809.905777,789.0445676,809.905777,5297349,9,Bharti Airtel,BHARTIARTL.NS,Stock,Telecom,https://1drv.ms/i/c/8705623eb284e7df/IQSxu2hqOY7-QLx90cczkqQ3AaiyjTAlNRBkOjXYHjazv6Y?width=300&height=200
06-01-2023,781.4364014,797.3890917,777.5095853,792.7750708,3199618,9,Bharti Airtel,BHARTIARTL.NS,Stock,Telecom,https://1drv.ms/i/c/8705623eb284e7df/IQSxu2hqOY7-QLx90cczkqQ3AaiyjTAlNRBkOjXYHjazv6Y?width=300&height=200
09-01-2023,804.4083252,806.4698797,786.3940199,788.0138555,4340729,9,Bharti Airtel,BHARTIARTL.NS,Stock,Telecom,https://1drv.ms/i/c/8705623eb284e7df/IQSxu2hqOY7-QLx90cczkqQ3AaiyjTAlNRBkOjXYHjazv6Y?width=300&height=200
10-01-2023,778.3439941,810.9856522,775.8406609,810.9856522,8392344,9,Bharti Airtel,BHARTIARTL.NS,Stock,Telecom,https://1drv.ms/i/c/8705623eb284e7df/IQSxu2hqOY7-QLx90cczkqQ3AaiyjTAlNRBkOjXYHjazv6Y?width=300&height=200
11-01-2023,751.5435181,765.385581,737.8978678,760.8206333,28389020,9,Bharti Airtel,BHARTIARTL.NS,Stock,Telecom,https://1drv.ms/i/c/8705623eb284e7df/IQSxu2hqOY7-QLx90cczkqQ3AaiyjTAlNRBkOjXYHjazv6Y?width=300&height=200
12-01-2023,743.0518188,755.2249131,739.7630743,751.0035977,12732671,9,Bharti Airtel,BHARTIARTL.NS,Stock,Telecom,https://1drv.ms/i/c/8705623eb284e7df/IQSxu2hqOY7-QLx90cczkqQ3AaiyjTAlNRBkOjXYHjazv6Y?width=300&height=200
13-01-2023,750.3163452,751.9361808,738.2413982,743.1499181,12279288,9,Bharti Airtel,BHARTIARTL.NS,Stock,Telecom,https://1drv.ms/i/c/8705623eb284e7df/IQSxu2hqOY7-QLx90cczkqQ3AaiyjTAlNRBkOjXYHjazv6Y?width=300&height=200
16-01-2023,745.2606201,754.046823,740.8429521,752.3779742,5779293,9,Bharti Airtel,BHARTIARTL.NS,Stock,Telecom,https://1drv.ms/i/c/8705623eb284e7df/IQSxu2hqOY7-QLx90cczkqQ3AaiyjTAlNRBkOjXYHjazv6Y?width=300&height=200
17-01-2023,751.6907959,754.8322608,744.8679408,745.2606464,6594428,9,Bharti Airtel,BHARTIARTL.NS,Stock,Telecom,https://1drv.ms/i/c/8705623eb284e7df/IQSxu2hqOY7-QLx90cczkqQ3AaiyjTAlNRBkOjXYHjazv6Y?width=300&height=200
18-01-2023,762.3422241,765.7291149,751.985259,754.1450197,5800899,9,Bharti Airtel,BHARTIARTL.NS,Stock,Telecom,https://1drv.ms/i/c/8705623eb284e7df/IQSxu2hqOY7-QLx90cczkqQ3AaiyjTAlNRBkOjXYHjazv6Y?width=300&height=200
19-01-2023,757.8754883,762.2931563,751.6416918,761.8023043,4169463,9,Bharti Airtel,BHARTIARTL.NS,Stock,Telecom,https://1drv.ms/i/c/8705623eb284e7df/IQSxu2hqOY7-QLx90cczkqQ3AaiyjTAlNRBkOjXYHjazv6Y?width=300&height=200
20-01-2023,750.463623,761.6550125,744.4261196,761.6550125,6289718,9,Bharti Airtel,BHARTIARTL.NS,Stock,Telecom,https://1drv.ms/i/c/8705623eb284e7df/IQSxu2hqOY7-QLx90cczkqQ3AaiyjTAlNRBkOjXYHjazv6Y?width=300&height=200
23-01-2023,758.5627441,761.8023556,749.8746272,753.8505766,2685320,9,Bharti Airtel,BHARTIARTL.NS,Stock,Telecom,https://1drv.ms/i/c/8705623eb284e7df/IQSxu2hqOY7-QLx90cczkqQ3AaiyjTAlNRBkOjXYHjazv6Y?width=300&height=200
24-01-2023,761.4587402,763.3239419,747.0767525,758.8572006,5012125,9,Bharti Airtel,BHARTIARTL.NS,Stock,Telecom,https://1drv.ms/i/c/8705623eb284e7df/IQSxu2hqOY7-QLx90cczkqQ3AaiyjTAlNRBkOjXYHjazv6Y?width=300&height=200
25-01-2023,762.2931519,766.2199678,753.9486679,760.7715226,6560514,9,Bharti Airtel,BHARTIARTL.NS,Stock,Telecom,https://1drv.ms/i/c/8705623eb284e7df/IQSxu2hqOY7-QLx90cczkqQ3AaiyjTAlNRBkOjXYHjazv6Y?width=300&height=200
27-01-2023,760.3297119,764.6492333,751.7888755,760.7714907,6745926,9,Bharti Airtel,BHARTIARTL.NS,Stock,Telecom,https://1drv.ms/i/c/8705623eb284e7df/IQSxu2hqOY7-QLx90cczkqQ3AaiyjTAlNRBkOjXYHjazv6Y?width=300&height=200
30-01-2023,756.1084595,760.7715536,749.0401784,757.4828092,5420851,9,Bharti Airtel,BHARTIARTL.NS,Stock,Telecom,https://1drv.ms/i/c/8705623eb284e7df/IQSxu2hqOY7-QLx90cczkqQ3AaiyjTAlNRBkOjXYHjazv6Y?width=300&height=200
31-01-2023,756.206604,764.7474411,754.3414023,760.8206249,8537557,9,Bharti Airtel,BHARTIARTL.NS,Stock,Telecom,https://1drv.ms/i/c/8705623eb284e7df/IQSxu2hqOY7-QLx90cczkqQ3AaiyjTAlNRBkOjXYHjazv6Y?width=300&height=200
01-02-2023,755.0285645,770.2941104,742.7572638,761.7532732,4472974,9,Bharti Airtel,BHARTIARTL.NS,Stock,Telecom,https://1drv.ms/i/c/8705623eb284e7df/IQSxu2hqOY7-QLx90cczkqQ3AaiyjTAlNRBkOjXYHjazv6Y?width=300&height=200
02-02-2023,763.5203247,766.7108629,751.0526713,751.1017445,2841909,9,Bharti Airtel,BHARTIARTL.NS,Stock,Telecom,https://1drv.ms/i/c/8705623eb284e7df/IQSxu2hqOY7-QLx90cczkqQ3AaiyjTAlNRBkOjXYHjazv6Y?width=300&height=200
03-02-2023,778.3931274,780.4056087,764.1584194,765.6309754,5493687,9,Bharti Airtel,BHARTIARTL.NS,Stock,Telecom,https://1drv.ms/i/c/8705623eb284e7df/IQSxu2hqOY7-QLx90cczkqQ3AaiyjTAlNRBkOjXYHjazv6Y?width=300&height=200
06-02-2023,774.8098755,780.111101,764.5510568,775.2516543,2407975,9,Bharti Airtel,BHARTIARTL.NS,Stock,Telecom,https://1drv.ms/i/c/8705623eb284e7df/IQSxu2hqOY7-QLx90cczkqQ3AaiyjTAlNRBkOjXYHjazv6Y?width=300&height=200
07-02-2023,771.5211792,781.2890858,768.6742137,779.374811,4126502,9,Bharti Airtel,BHARTIARTL.NS,Stock,Telecom,https://1drv.ms/i/c/8705623eb284e7df/IQSxu2hqOY7-QLx90cczkqQ3AaiyjTAlNRBkOjXYHjazv6Y?width=300&height=200
08-02-2023,760.9187012,766.7107784,751.0035153,763.7656666,9951783,9,Bharti Airtel,BHARTIARTL.NS,Stock,Telecom,https://1drv.ms/i/c/8705623eb284e7df/IQSxu2hqOY7-QLx90cczkqQ3AaiyjTAlNRBkOjXYHjazv6Y?width=300&height=200
09-02-2023,752.6234131,760.9187641,747.3712606,755.9120976,5913945,9,Bharti Airtel,BHARTIARTL.NS,Stock,Telecom,https://1drv.ms/i/c/8705623eb284e7df/IQSxu2hqOY7-QLx90cczkqQ3AaiyjTAlNRBkOjXYHjazv6Y?width=300&height=200
10-02-2023,757.826416,759.053546,747.0767452,754.881304,2954992,9,Bharti Airtel,BHARTIARTL.NS,Stock,Telecom,https://1drv.ms/i/c/8705623eb284e7df/IQSxu2hqOY7-QLx90cczkqQ3AaiyjTAlNRBkOjXYHjazv6Y?width=300&height=200
13-02-2023,754.5376587,765.3364025,752.6724571,756.8937722,3705892,9,Bharti Airtel,BHARTIARTL.NS,Stock,Telecom,https://1drv.ms/i/c/8705623eb284e7df/IQSxu2hqOY7-QLx90cczkqQ3AaiyjTAlNRBkOjXYHjazv6Y?width=300&height=200
14-02-2023,761.0169678,763.3730215,752.1816316,754.9303909,3502010,9,Bharti Airtel,BHARTIARTL.NS,Stock,Telecom,https://1drv.ms/i/c/8705623eb284e7df/IQSxu2hqOY7-QLx90cczkqQ3AaiyjTAlNRBkOjXYHjazv6Y?width=300&height=200
15-02-2023,771.0303955,772.7483776,758.0718899,760.8206493,3602838,9,Bharti Airtel,BHARTIARTL.NS,Stock,Telecom,https://1drv.ms/i/c/8705623eb284e7df/IQSxu2hqOY7-QLx90cczkqQ3AaiyjTAlNRBkOjXYHjazv6Y?width=300&height=200
16-02-2023,770.0977173,776.0370145,766.3181209,775.2025901,3399428,9,Bharti Airtel,BHARTIARTL.NS,Stock,Telecom,https://1drv.ms/i/c/8705623eb284e7df/IQSxu2hqOY7-QLx90cczkqQ3AaiyjTAlNRBkOjXYHjazv6Y?width=300&height=200
17-02-2023,762.5876465,773.0428179,756.2065706,771.5702619,3093216,9,Bharti Airtel,BHARTIARTL.NS,Stock,Telecom,https://1drv.ms/i/c/8705623eb284e7df/IQSxu2hqOY7-QLx90cczkqQ3AaiyjTAlNRBkOjXYHjazv6Y?width=300&height=200
20-02-2023,764.8947144,779.2766424,762.8821732,766.9562688,3381774,9,Bharti Airtel,BHARTIARTL.NS,Stock,Telecom,https://1drv.ms/i/c/8705623eb284e7df/IQSxu2hqOY7-QLx90cczkqQ3AaiyjTAlNRBkOjXYHjazv6Y?width=300&height=200
21-02-2023,764.7964478,773.5827101,763.9129502,768.7232635,2769616,9,Bharti Airtel,BHARTIARTL.NS,Stock,Telecom,https://1drv.ms/i/c/8705623eb284e7df/IQSxu2hqOY7-QLx90cczkqQ3AaiyjTAlNRBkOjXYHjazv6Y?width=300&height=200
22-02-2023,758.0227661,767.3489541,752.4761146,762.7840065,3261898,9,Bharti Airtel,BHARTIARTL.NS,Stock,Telecom,https://1drv.ms/i/c/8705623eb284e7df/IQSxu2hqOY7-QLx90cczkqQ3AaiyjTAlNRBkOjXYHjazv6Y?width=300&height=200
23-02-2023,748.9910889,763.2748703,747.9111785,759.8389062,4062194,9,Bharti Airtel,BHARTIARTL.NS,Stock,Telecom,https://1drv.ms/i/c/8705623eb284e7df/IQSxu2hqOY7-QLx90cczkqQ3AaiyjTAlNRBkOjXYHjazv6Y?width=300&height=200
24-02-2023,743.2481079,761.6059855,741.1865534,761.5078391,4357223,9,Bharti Airtel,BHARTIARTL.NS,Stock,Telecom,https://1drv.ms/i/c/8705623eb284e7df/IQSxu2hqOY7-QLx90cczkqQ3AaiyjTAlNRBkOjXYHjazv6Y?width=300&height=200
27-02-2023,739.124939,740.5974949,724.9393047,739.2230854,6719439,9,Bharti Airtel,BHARTIARTL.NS,Stock,Telecom,https://1drv.ms/i/c/8705623eb284e7df/IQSxu2hqOY7-QLx90cczkqQ3AaiyjTAlNRBkOjXYHjazv6Y?width=300&height=200
28-02-2023,728.6697998,743.2480804,726.1173934,741.1865259,10562614,9,Bharti Airtel,BHARTIARTL.NS,Stock,Telecom,https://1drv.ms/i/c/8705623eb284e7df/IQSxu2hqOY7-QLx90cczkqQ3AaiyjTAlNRBkOjXYHjazv6Y?width=300&height=200
01-03-2023,736.4743652,739.6649033,727.4426763,728.8170859,3744982,9,Bharti Airtel,BHARTIARTL.NS,Stock,Telecom,https://1drv.ms/i/c/8705623eb284e7df/IQSxu2hqOY7-QLx90cczkqQ3AaiyjTAlNRBkOjXYHjazv6Y?width=300&height=200
02-03-2023,726.5591431,738.0450924,722.3378276,737.2597412,4910541,9,Bharti Airtel,BHARTIARTL.NS,Stock,Telecom,https://1drv.ms/i/c/8705623eb284e7df/IQSxu2hqOY7-QLx90cczkqQ3AaiyjTAlNRBkOjXYHjazv6Y?width=300&height=200
03-03-2023,750.4146118,751.8871679,729.9460461,731.369529,5759333,9,Bharti Airtel,BHARTIARTL.NS,Stock,Telecom,https://1drv.ms/i/c/8705623eb284e7df/IQSxu2hqOY7-QLx90cczkqQ3AaiyjTAlNRBkOjXYHjazv6Y?width=300&height=200
06-03-2023,752.5742798,761.7041751,751.1017238,752.6724861,4597345,9,Bharti Airtel,BHARTIARTL.NS,Stock,Telecom,https://1drv.ms/i/c/8705623eb284e7df/IQSxu2hqOY7-QLx90cczkqQ3AaiyjTAlNRBkOjXYHjazv6Y?width=300&height=200
08-03-2023,752.5252075,755.813952,746.7822629,750.0218742,3546995,9,Bharti Airtel,BHARTIARTL.NS,Stock,Telecom,https://1drv.ms/i/c/8705623eb284e7df/IQSxu2hqOY7-QLx90cczkqQ3AaiyjTAlNRBkOjXYHjazv6Y?width=300&height=200
09-03-2023,759.249939,780.4547226,756.108474,780.4547226,5240056,9,Bharti Airtel,BHARTIARTL.NS,Stock,Telecom,https://1drv.ms/i/c/8705623eb284e7df/IQSxu2hqOY7-QLx90cczkqQ3AaiyjTAlNRBkOjXYHjazv6Y?width=300&height=200
10-03-2023,759.5934448,764.6983174,754.1449998,758.8571668,4113931,9,Bharti Airtel,BHARTIARTL.NS,Stock,Telecom,https://1drv.ms/i/c/8705623eb284e7df/IQSxu2hqOY7-QLx90cczkqQ3AaiyjTAlNRBkOjXYHjazv6Y?width=300&height=200
13-03-2023,751.2980957,763.5693963,749.187468,763.2258238,3447889,9,Bharti Airtel,BHARTIARTL.NS,Stock,Telecom,https://1drv.ms/i/c/8705623eb284e7df/IQSxu2hqOY7-QLx90cczkqQ3AaiyjTAlNRBkOjXYHjazv6Y?width=300&height=200
14-03-2023,757.6791382,762.538585,750.0218589,750.0218589,3753502,9,Bharti Airtel,BHARTIARTL.NS,Stock,Telecom,https://1drv.ms/i/c/8705623eb284e7df/IQSxu2hqOY7-QLx90cczkqQ3AaiyjTAlNRBkOjXYHjazv6Y?width=300&height=200
15-03-2023,742.8063965,751.5435266,738.7323007,744.131673,8101060,9,Bharti Airtel,BHARTIARTL.NS,Stock,Telecom,https://1drv.ms/i/c/8705623eb284e7df/IQSxu2hqOY7-QLx90cczkqQ3AaiyjTAlNRBkOjXYHjazv6Y?width=300&height=200
16-03-2023,732.302124,745.1133495,729.8969372,736.2780133,7465693,9,Bharti Airtel,BHARTIARTL.NS,Stock,Telecom,https://1drv.ms/i/c/8705623eb284e7df/IQSxu2hqOY7-QLx90cczkqQ3AaiyjTAlNRBkOjXYHjazv6Y?width=300&height=200
17-03-2023,743.3953857,745.5551466,725.6265666,736.2780314,9306857,9,Bharti Airtel,BHARTIARTL.NS,Stock,Telecom,https://1drv.ms/i/c/8705623eb284e7df/IQSxu2hqOY7-QLx90cczkqQ3AaiyjTAlNRBkOjXYHjazv6Y?width=300&height=200
20-03-2023,740.9901733,745.8986934,735.0999493,741.1374529,3566109,9,Bharti Airtel,BHARTIARTL.NS,Stock,Telecom,https://1drv.ms/i/c/8705623eb284e7df/IQSxu2hqOY7-QLx90cczkqQ3AaiyjTAlNRBkOjXYHjazv6Y?width=300&height=200
21-03-2023,743.1008301,751.985239,741.3337749,746.0950152,5332221,9,Bharti Airtel,BHARTIARTL.NS,Stock,Telecom,https://1drv.ms/i/c/8705623eb284e7df/IQSxu2hqOY7-QLx90cczkqQ3AaiyjTAlNRBkOjXYHjazv6Y?width=300&height=200
22-03-2023,742.8554688,749.2365451,739.3704313,747.0767842,2680654,9,Bharti Airtel,BHARTIARTL.NS,Stock,Telecom,https://1drv.ms/i/c/8705623eb284e7df/IQSxu2hqOY7-QLx90cczkqQ3AaiyjTAlNRBkOjXYHjazv6Y?width=300&height=200
23-03-2023,749.5801392,751.7889733,743.0027098,744.1316935,2454948,9,Bharti Airtel,BHARTIARTL.NS,Stock,Telecom,https://1drv.ms/i/c/8705623eb284e7df/IQSxu2hqOY7-QLx90cczkqQ3AaiyjTAlNRBkOjXYHjazv6Y?width=300&height=200
24-03-2023,748.5002441,752.9669855,744.9660737,749.5800946,2336818,9,Bharti Airtel,BHARTIARTL.NS,Stock,Telecom,https://1drv.ms/i/c/8705623eb284e7df/IQSxu2hqOY7-QLx90cczkqQ3AaiyjTAlNRBkOjXYHjazv6Y?width=300&height=200
27-03-2023,747.8129883,755.6175467,745.4568748,749.0401182,2258853,9,Bharti Airtel,BHARTIARTL.NS,Stock,Telecom,https://1drv.ms/i/c/8705623eb284e7df/IQSxu2hqOY7-QLx90cczkqQ3AaiyjTAlNRBkOjXYHjazv6Y?width=300&height=200
28-03-2023,734.7564087,751.5925972,729.2097568,751.5925972,4166723,9,Bharti Airtel,BHARTIARTL.NS,Stock,Telecom,https://1drv.ms/i/c/8705623eb284e7df/IQSxu2hqOY7-QLx90cczkqQ3AaiyjTAlNRBkOjXYHjazv6Y?width=300&height=200
29-03-2023,729.9950562,741.0883591,725.3319622,737.2596896,4891868,9,Bharti Airtel,BHARTIARTL.NS,Stock,Telecom,https://1drv.ms/i/c/8705623eb284e7df/IQSxu2hqOY7-QLx90cczkqQ3AaiyjTAlNRBkOjXYHjazv6Y?width=300&height=200
31-03-2023,735.2963257,739.2231418,728.4734706,738.3887174,5796532,9,Bharti Airtel,BHARTIARTL.NS,Stock,Telecom,https://1drv.ms/i/c/8705623eb284e7df/IQSxu2hqOY7-QLx90cczkqQ3AaiyjTAlNRBkOjXYHjazv6Y?width=300&height=200
03-04-2023,746.6350098,747.9603462,738.2905253,741.1865642,2120667,9,Bharti Airtel,BHARTIARTL.NS,Stock,Telecom,https://1drv.ms/i/c/8705623eb284e7df/IQSxu2hqOY7-QLx90cczkqQ3AaiyjTAlNRBkOjXYHjazv6Y?width=300&height=200
05-04-2023,749.4819336,753.9486748,742.1682268,753.9486748,3197932,9,Bharti Airtel,BHARTIARTL.NS,Stock,Telecom,https://1drv.ms/i/c/8705623eb284e7df/IQSxu2hqOY7-QLx90cczkqQ3AaiyjTAlNRBkOjXYHjazv6Y?width=300&height=200
06-04-2023,751.9362183,754.6359044,745.2115097,748.6474738,1777379,9,Bharti Airtel,BHARTIARTL.NS,Stock,Telecom,https://1drv.ms/i/c/8705623eb284e7df/IQSxu2hqOY7-QLx90cczkqQ3AaiyjTAlNRBkOjXYHjazv6Y?width=300&height=200
10-04-2023,755.666687,762.0968365,752.4270757,754.8813358,1701065,9,Bharti Airtel,BHARTIARTL.NS,Stock,Telecom,https://1drv.ms/i/c/8705623eb284e7df/IQSxu2hqOY7-QLx90cczkqQ3AaiyjTAlNRBkOjXYHjazv6Y?width=300&height=200
11-04-2023,759.9862671,761.8023957,754.0960424,761.8023957,3485481,9,Bharti Airtel,BHARTIARTL.NS,Stock,Telecom,https://1drv.ms/i/c/8705623eb284e7df/IQSxu2hqOY7-QLx90cczkqQ3AaiyjTAlNRBkOjXYHjazv6Y?width=300&height=200
12-04-2023,756.9919434,760.3788342,751.1017193,759.838909,3794841,9,Bharti Airtel,BHARTIARTL.NS,Stock,Telecom,https://1drv.ms/i/c/8705623eb284e7df/IQSxu2hqOY7-QLx90cczkqQ3AaiyjTAlNRBkOjXYHjazv6Y?width=300&height=200
13-04-2023,753.0160522,757.0410747,751.4453498,755.9120911,4292170,9,Bharti Airtel,BHARTIARTL.NS,Stock,Telecom,https://1drv.ms/i/c/8705623eb284e7df/IQSxu2hqOY7-QLx90cczkqQ3AaiyjTAlNRBkOjXYHjazv6Y?width=300&height=200
17-04-2023,745.7514648,774.5644532,740.5483857,774.5644532,9083437,9,Bharti Airtel,BHARTIARTL.NS,Stock,Telecom,https://1drv.ms/i/c/8705623eb284e7df/IQSxu2hqOY7-QLx90cczkqQ3AaiyjTAlNRBkOjXYHjazv6Y?width=300&height=200
18-04-2023,745.8496094,751.0035553,738.7813286,751.0035553,4051481,9,Bharti Airtel,BHARTIARTL.NS,Stock,Telecom,https://1drv.ms/i/c/8705623eb284e7df/IQSxu2hqOY7-QLx90cczkqQ3AaiyjTAlNRBkOjXYHjazv6Y?width=300&height=200
19-04-2023,750.6599731,752.819674,742.1682097,747.4203021,3429794,9,Bharti Airtel,BHARTIARTL.NS,Stock,Telecom,https://1drv.ms/i/c/8705623eb284e7df/IQSxu2hqOY7-QLx90cczkqQ3AaiyjTAlNRBkOjXYHjazv6Y?width=300&height=200
20-04-2023,758.1699829,759.5934657,748.6474422,750.0218517,2355441,9,Bharti Airtel,BHARTIARTL.NS,Stock,Telecom,https://1drv.ms/i/c/8705623eb284e7df/IQSxu2hqOY7-QLx90cczkqQ3AaiyjTAlNRBkOjXYHjazv6Y?width=300&height=200
21-04-2023,751.1999512,761.0660649,750.4636731,755.519413,4524208,9,Bharti Airtel,BHARTIARTL.NS,Stock,Telecom,https://1drv.ms/i/c/8705623eb284e7df/IQSxu2hqOY7-QLx90cczkqQ3AaiyjTAlNRBkOjXYHjazv6Y?width=300&height=200
24-04-2023,746.3405151,753.3597232,741.8247004,751.1999622,5271105,9,Bharti Airtel,BHARTIARTL.NS,Stock,Telecom,https://1drv.ms/i/c/8705623eb284e7df/IQSxu2hqOY7-QLx90cczkqQ3AaiyjTAlNRBkOjXYHjazv6Y?width=300&height=200
25-04-2023,758.4645386,762.7840604,747.8130734,750.9545384,5773233,9,Bharti Airtel,BHARTIARTL.NS,Stock,Telecom,https://1drv.ms/i/c/8705623eb284e7df/IQSxu2hqOY7-QLx90cczkqQ3AaiyjTAlNRBkOjXYHjazv6Y?width=300&height=200
26-04-2023,759.2989502,765.6309528,753.065094,765.6309528,5057352,9,Bharti Airtel,BHARTIARTL.NS,Stock,Telecom,https://1drv.ms/i/c/8705623eb284e7df/IQSxu2hqOY7-QLx90cczkqQ3AaiyjTAlNRBkOjXYHjazv6Y?width=300&height=200
27-04-2023,772.1102295,774.7608424,757.2373893,757.8755209,4129769,9,Bharti Airtel,BHARTIARTL.NS,Stock,Telecom,https://1drv.ms/i/c/8705623eb284e7df/IQSxu2hqOY7-QLx90cczkqQ3AaiyjTAlNRBkOjXYHjazv6Y?width=300&height=200
28-04-2023,784.6759644,787.3756502,772.7973704,775.3988499,6572656,9,Bharti Airtel,BHARTIARTL.NS,Stock,Telecom,https://1drv.ms/i/c/8705623eb284e7df/IQSxu2hqOY7-QLx90cczkqQ3AaiyjTAlNRBkOjXYHjazv6Y?width=300&height=200
02-05-2023,775.7425537,792.038817,774.1227181,785.6086674,6301210,9,Bharti Airtel,BHARTIARTL.NS,Stock,Telecom,https://1drv.ms/i/c/8705623eb284e7df/IQSxu2hqOY7-QLx90cczkqQ3AaiyjTAlNRBkOjXYHjazv6Y?width=300&height=200
03-05-2023,765.0419312,779.9638442,762.9803767,779.9638442,3908267,9,Bharti Airtel,BHARTIARTL.NS,Stock,Telecom,https://1drv.ms/i/c/8705623eb284e7df/IQSxu2hqOY7-QLx90cczkqQ3AaiyjTAlNRBkOjXYHjazv6Y?width=300&height=200
04-05-2023,774.6626587,778.1968293,759.4953787,765.0419708,2457671,9,Bharti Airtel,BHARTIARTL.NS,Stock,Telecom,https://1drv.ms/i/c/8705623eb284e7df/IQSxu2hqOY7-QLx90cczkqQ3AaiyjTAlNRBkOjXYHjazv6Y?width=300&height=200
05-05-2023,772.8955688,776.4788125,765.9745674,774.6626241,1438467,9,Bharti Airtel,BHARTIARTL.NS,Stock,Telecom,https://1drv.ms/i/c/8705623eb284e7df/IQSxu2hqOY7-QLx90cczkqQ3AaiyjTAlNRBkOjXYHjazv6Y?width=300&height=200
08-05-2023,779.2276001,780.7492294,770.8340423,775.4480634,2489174,9,Bharti Airtel,BHARTIARTL.NS,Stock,Telecom,https://1drv.ms/i/c/8705623eb284e7df/IQSxu2hqOY7-QLx90cczkqQ3AaiyjTAlNRBkOjXYHjazv6Y?width=300&height=200
09-05-2023,779.0802612,783.7433552,776.0370028,782.3199323,2486331,9,Bharti Airtel,BHARTIARTL.NS,Stock,Telecom,https://1drv.ms/i/c/8705623eb284e7df/IQSxu2hqOY7-QLx90cczkqQ3AaiyjTAlNRBkOjXYHjazv6Y?width=300&height=200
10-05-2023,781.4855347,782.9580908,773.6319019,782.4181655,2737334,9,Bharti Airtel,BHARTIARTL.NS,Stock,Telecom,https://1drv.ms/i/c/8705623eb284e7df/IQSxu2hqOY7-QLx90cczkqQ3AaiyjTAlNRBkOjXYHjazv6Y?width=300&height=200
11-05-2023,774.1717529,780.0129037,769.3614393,780.0129037,4808171,9,Bharti Airtel,BHARTIARTL.NS,Stock,Telecom,https://1drv.ms/i/c/8705623eb284e7df/IQSxu2hqOY7-QLx90cczkqQ3AaiyjTAlNRBkOjXYHjazv6Y?width=300&height=200
12-05-2023,777.4605103,779.1784923,770.1468033,773.0919154,2576010,9,Bharti Airtel,BHARTIARTL.NS,Stock,Telecom,https://1drv.ms/i/c/8705623eb284e7df/IQSxu2hqOY7-QLx90cczkqQ3AaiyjTAlNRBkOjXYHjazv6Y?width=300&height=200
15-05-2023,782.4671631,787.8174619,775.1043831,778.4912739,7569060,9,Bharti Airtel,BHARTIARTL.NS,Stock,Telecom,https://1drv.ms/i/c/8705623eb284e7df/IQSxu2hqOY7-QLx90cczkqQ3AaiyjTAlNRBkOjXYHjazv6Y?width=300&height=200
16-05-2023,772.9446411,786.590351,769.6559566,786.1976455,4846217,9,Bharti Airtel,BHARTIARTL.NS,Stock,Telecom,https://1drv.ms/i/c/8705623eb284e7df/IQSxu2hqOY7-QLx90cczkqQ3AaiyjTAlNRBkOjXYHjazv6Y?width=300&height=200
17-05-2023,777.7550049,783.0562305,769.5578003,773.5827628,6529233,9,Bharti Airtel,BHARTIARTL.NS,Stock,Telecom,https://1drv.ms/i/c/8705623eb284e7df/IQSxu2hqOY7-QLx90cczkqQ3AaiyjTAlNRBkOjXYHjazv6Y?width=300&height=200
18-05-2023,784.7250977,788.3083414,780.1111366,783.350748,11383252,9,Bharti Airtel,BHARTIARTL.NS,Stock,Telecom,https://1drv.ms/i/c/8705623eb284e7df/IQSxu2hqOY7-QLx90cczkqQ3AaiyjTAlNRBkOjXYHjazv6Y?width=300&height=200
19-05-2023,791.0079956,793.560402,778.7366956,784.7250661,3432240,9,Bharti Airtel,BHARTIARTL.NS,Stock,Telecom,https://1drv.ms/i/c/8705623eb284e7df/IQSxu2hqOY7-QLx90cczkqQ3AaiyjTAlNRBkOjXYHjazv6Y?width=300&height=200
22-05-2023,787.1793213,789.2900088,784.8723409,786.3448969,9996762,9,Bharti Airtel,BHARTIARTL.NS,Stock,Telecom,https://1drv.ms/i/c/8705623eb284e7df/IQSxu2hqOY7-QLx90cczkqQ3AaiyjTAlNRBkOjXYHjazv6Y?width=300&height=200
23-05-2023,785.3141479,794.1494842,783.3507399,794.1494842,6516636,9,Bharti Airtel,BHARTIARTL.NS,Stock,Telecom,https://1drv.ms/i/c/8705623eb284e7df/IQSxu2hqOY7-QLx90cczkqQ3AaiyjTAlNRBkOjXYHjazv6Y?width=300&height=200
24-05-2023,786.7376099,788.2101659,780.4546803,788.2101659,9104329,9,Bharti Airtel,BHARTIARTL.NS,Stock,Telecom,https://1drv.ms/i/c/8705623eb284e7df/IQSxu2hqOY7-QLx90cczkqQ3AaiyjTAlNRBkOjXYHjazv6Y?width=300&height=200
25-05-2023,807.6478882,810.3966474,783.252508,784.97049,9570396,9,Bharti Airtel,BHARTIARTL.NS,Stock,Telecom,https://1drv.ms/i/c/8705623eb284e7df/IQSxu2hqOY7-QLx90cczkqQ3AaiyjTAlNRBkOjXYHjazv6Y?width=300&height=200
26-05-2023,802.9848022,814.1761919,798.518061,812.7527691,6150206,9,Bharti Airtel,BHARTIARTL.NS,Stock,Telecom,https://1drv.ms/i/c/8705623eb284e7df/IQSxu2hqOY7-QLx90cczkqQ3AaiyjTAlNRBkOjXYHjazv6Y?width=300&height=200
29-05-2023,806.2244263,814.225338,803.0338882,814.225338,3684829,9,Bharti Airtel,BHARTIARTL.NS,Stock,Telecom,https://1drv.ms/i/c/8705623eb284e7df/IQSxu2hqOY7-QLx90cczkqQ3AaiyjTAlNRBkOjXYHjazv6Y?width=300&height=200
30-05-2023,803.475708,811.2311342,797.929056,806.2244674,5148256,9,Bharti Airtel,BHARTIARTL.NS,Stock,Telecom,https://1drv.ms/i/c/8705623eb284e7df/IQSxu2hqOY7-QLx90cczkqQ3AaiyjTAlNRBkOjXYHjazv6Y?width=300&height=200
31-05-2023,834.3502808,872.4894584,803.0338982,804.0156022,47342125,9,Bharti Airtel,BHARTIARTL.NS,Stock,Telecom,https://1drv.ms/i/c/8705623eb284e7df/IQSxu2hqOY7-QLx90cczkqQ3AaiyjTAlNRBkOjXYHjazv6Y?width=300&height=200
01-06-2023,812.8018188,822.6188586,807.9423722,822.6188586,9713155,9,Bharti Airtel,BHARTIARTL.NS,Stock,Telecom,https://1drv.ms/i/c/8705623eb284e7df/IQSxu2hqOY7-QLx90cczkqQ3AaiyjTAlNRBkOjXYHjazv6Y?width=300&height=200
02-06-2023,821.1954346,823.9441939,811.8201729,817.5631176,6834131,9,Bharti Airtel,BHARTIARTL.NS,Stock,Telecom,https://1drv.ms/i/c/8705623eb284e7df/IQSxu2hqOY7-QLx90cczkqQ3AaiyjTAlNRBkOjXYHjazv6Y?width=300&height=200
05-06-2023,819.2319946,825.9566431,816.9250142,823.1588107,5298053,9,Bharti Airtel,BHARTIARTL.NS,Stock,Telecom,https://1drv.ms/i/c/8705623eb284e7df/IQSxu2hqOY7-QLx90cczkqQ3AaiyjTAlNRBkOjXYHjazv6Y?width=300&height=200
06-06-2023,814.2744141,822.9133975,811.0348028,819.2320074,2722174,9,Bharti Airtel,BHARTIARTL.NS,Stock,Telecom,https://1drv.ms/i/c/8705623eb284e7df/IQSxu2hqOY7-QLx90cczkqQ3AaiyjTAlNRBkOjXYHjazv6Y?width=300&height=200
07-06-2023,828.8035889,831.9941268,812.1146211,813.7344567,4110739,9,Bharti Airtel,BHARTIARTL.NS,Stock,Telecom,https://1drv.ms/i/c/8705623eb284e7df/IQSxu2hqOY7-QLx90cczkqQ3AaiyjTAlNRBkOjXYHjazv6Y?width=300&height=200
08-06-2023,820.7045898,833.8594481,819.281107,832.1905393,4050621,9,Bharti Airtel,BHARTIARTL.NS,Stock,Telecom,https://1drv.ms/i/c/8705623eb284e7df/IQSxu2hqOY7-QLx90cczkqQ3AaiyjTAlNRBkOjXYHjazv6Y?width=300&height=200
09-06-2023,818.2503052,824.4350286,813.7835638,823.2078985,3332436,9,Bharti Airtel,BHARTIARTL.NS,Stock,Telecom,https://1drv.ms/i/c/8705623eb284e7df/IQSxu2hqOY7-QLx90cczkqQ3AaiyjTAlNRBkOjXYHjazv6Y?width=300&height=200
12-06-2023,821.0481567,827.6746591,816.5323421,819.5756007,1569715,9,Bharti Airtel,BHARTIARTL.NS,Stock,Telecom,https://1drv.ms/i/c/8705623eb284e7df/IQSxu2hqOY7-QLx90cczkqQ3AaiyjTAlNRBkOjXYHjazv6Y?width=300&height=200
13-06-2023,819.0847778,828.5582462,817.5140753,822.7661681,3224345,9,Bharti Airtel,BHARTIARTL.NS,Stock,Telecom,https://1drv.ms/i/c/8705623eb284e7df/IQSxu2hqOY7-QLx90cczkqQ3AaiyjTAlNRBkOjXYHjazv6Y?width=300&height=200
14-06-2023,812.8018188,818.6920427,804.0155563,816.777708,5108720,9,Bharti Airtel,BHARTIARTL.NS,Stock,Telecom,https://1drv.ms/i/c/8705623eb284e7df/IQSxu2hqOY7-QLx90cczkqQ3AaiyjTAlNRBkOjXYHjazv6Y?width=300&height=200
15-06-2023,814.5198364,818.5447989,809.1204643,811.8692236,3865201,9,Bharti Airtel,BHARTIARTL.NS,Stock,Telecom,https://1drv.ms/i/c/8705623eb284e7df/IQSxu2hqOY7-QLx90cczkqQ3AaiyjTAlNRBkOjXYHjazv6Y?width=300&height=200
16-06-2023,822.4715576,824.6313183,805.7825905,807.4514992,4907797,9,Bharti Airtel,BHARTIARTL.NS,Stock,Telecom,https://1drv.ms/i/c/8705623eb284e7df/IQSxu2hqOY7-QLx90cczkqQ3AaiyjTAlNRBkOjXYHjazv6Y?width=300&height=200
19-06-2023,812.9981689,824.6313371,812.3600374,824.6313371,3017364,9,Bharti Airtel,BHARTIARTL.NS,Stock,Telecom,https://1drv.ms/i/c/8705623eb284e7df/IQSxu2hqOY7-QLx90cczkqQ3AaiyjTAlNRBkOjXYHjazv6Y?width=300&height=200
20-06-2023,815.9924316,818.4466918,811.721983,812.9491131,2691557,9,Bharti Airtel,BHARTIARTL.NS,Stock,Telecom,https://1drv.ms/i/c/8705623eb284e7df/IQSxu2hqOY7-QLx90cczkqQ3AaiyjTAlNRBkOjXYHjazv6Y?width=300&height=200
21-06-2023,823.6496582,825.3676402,815.2070277,816.7777302,3022724,9,Bharti Airtel,BHARTIARTL.NS,Stock,Telecom,https://1drv.ms/i/c/8705623eb284e7df/IQSxu2hqOY7-QLx90cczkqQ3AaiyjTAlNRBkOjXYHjazv6Y?width=300&height=200
22-06-2023,827.380127,828.0673317,819.4283484,821.3917565,4380046,9,Bharti Airtel,BHARTIARTL.NS,Stock,Telecom,https://1drv.ms/i/c/8705623eb284e7df/IQSxu2hqOY7-QLx90cczkqQ3AaiyjTAlNRBkOjXYHjazv6Y?width=300&height=200
23-06-2023,839.1606445,846.965204,825.9567125,828.5582523,7667340,9,Bharti Airtel,BHARTIARTL.NS,Stock,Telecom,https://1drv.ms/i/c/8705623eb284e7df/IQSxu2hqOY7-QLx90cczkqQ3AaiyjTAlNRBkOjXYHjazv6Y?width=300&height=200
26-06-2023,836.3627319,841.6638976,830.8651536,841.6638976,4431992,9,Bharti Airtel,BHARTIARTL.NS,Stock,Telecom,https://1drv.ms/i/c/8705623eb284e7df/IQSxu2hqOY7-QLx90cczkqQ3AaiyjTAlNRBkOjXYHjazv6Y?width=300&height=200
27-06-2023,849.0758057,855.4077485,837.9825026,840.8294682,5533649,9,Bharti Airtel,BHARTIARTL.NS,Stock,Telecom,https://1drv.ms/i/c/8705623eb284e7df/IQSxu2hqOY7-QLx90cczkqQ3AaiyjTAlNRBkOjXYHjazv6Y?width=300&height=200
28-06-2023,856.2422485,857.6165982,847.7995581,853.5916357,6272649,9,Bharti Airtel,BHARTIARTL.NS,Stock,Telecom,https://1drv.ms/i/c/8705623eb284e7df/IQSxu2hqOY7-QLx90cczkqQ3AaiyjTAlNRBkOjXYHjazv6Y?width=300&height=200
30-06-2023,862.6724243,866.8446665,851.1864751,863.8995544,5217511,9,Bharti Airtel,BHARTIARTL.NS,Stock,Telecom,https://1drv.ms/i/c/8705623eb284e7df/IQSxu2hqOY7-QLx90cczkqQ3AaiyjTAlNRBkOjXYHjazv6Y?width=300&height=200
03-07-2023,863.0650635,867.9735833,858.5982625,863.8994879,3333167,9,Bharti Airtel,BHARTIARTL.NS,Stock,Telecom,https://1drv.ms/i/c/8705623eb284e7df/IQSxu2hqOY7-QLx90cczkqQ3AaiyjTAlNRBkOjXYHjazv6Y?width=300&height=200
04-07-2023,849.321228,857.8129316,837.6879998,857.8129316,7397493,9,Bharti Airtel,BHARTIARTL.NS,Stock,Telecom,https://1drv.ms/i/c/8705623eb284e7df/IQSxu2hqOY7-QLx90cczkqQ3AaiyjTAlNRBkOjXYHjazv6Y?width=300&height=200
05-07-2023,850.7938232,855.0642118,847.2596528,852.1190997,4284477,9,Bharti Airtel,BHARTIARTL.NS,Stock,Telecom,https://1drv.ms/i/c/8705623eb284e7df/IQSxu2hqOY7-QLx90cczkqQ3AaiyjTAlNRBkOjXYHjazv6Y?width=300&height=200
06-07-2023,853.7389526,861.8380111,847.6523755,848.5358732,6365222,9,Bharti Airtel,BHARTIARTL.NS,Stock,Telecom,https://1drv.ms/i/c/8705623eb284e7df/IQSxu2hqOY7-QLx90cczkqQ3AaiyjTAlNRBkOjXYHjazv6Y?width=300&height=200
07-07-2023,854.524292,867.4336641,846.7197329,849.173993,18763997,9,Bharti Airtel,BHARTIARTL.NS,Stock,Telecom,https://1drv.ms/i/c/8705623eb284e7df/IQSxu2hqOY7-QLx90cczkqQ3AaiyjTAlNRBkOjXYHjazv6Y?width=300&height=200
10-07-2023,869.2007446,873.3238535,849.1739591,851.1373671,4310681,9,Bharti Airtel,BHARTIARTL.NS,Stock,Telecom,https://1drv.ms/i/c/8705623eb284e7df/IQSxu2hqOY7-QLx90cczkqQ3AaiyjTAlNRBkOjXYHjazv6Y?width=300&height=200
11-07-2023,875.5817871,876.8089171,870.084209,873.7165256,3353977,9,Bharti Airtel,BHARTIARTL.NS,Stock,Telecom,https://1drv.ms/i/c/8705623eb284e7df/IQSxu2hqOY7-QLx90cczkqQ3AaiyjTAlNRBkOjXYHjazv6Y?width=300&height=200
12-07-2023,873.6674805,879.3122784,866.9427722,873.6674805,3033186,9,Bharti Airtel,BHARTIARTL.NS,Stock,Telecom,https://1drv.ms/i/c/8705623eb284e7df/IQSxu2hqOY7-QLx90cczkqQ3AaiyjTAlNRBkOjXYHjazv6Y?width=300&height=200
13-07-2023,868.8571167,876.9561747,867.0900615,875.0418399,4228714,9,Bharti Airtel,BHARTIARTL.NS,Stock,Telecom,https://1drv.ms/i/c/8705623eb284e7df/IQSxu2hqOY7-QLx90cczkqQ3AaiyjTAlNRBkOjXYHjazv6Y?width=300&height=200
14-07-2023,870.2806396,873.9620298,863.5559909,868.8080836,3860080,9,Bharti Airtel,BHARTIARTL.NS,Stock,Telecom,https://1drv.ms/i/c/8705623eb284e7df/IQSxu2hqOY7-QLx90cczkqQ3AaiyjTAlNRBkOjXYHjazv6Y?width=300&height=200
17-07-2023,862.0342407,880.2448975,859.9726863,869.7897261,5614592,9,Bharti Airtel,BHARTIARTL.NS,Stock,Telecom,https://1drv.ms/i/c/8705623eb284e7df/IQSxu2hqOY7-QLx90cczkqQ3AaiyjTAlNRBkOjXYHjazv6Y?width=300&height=200
18-07-2023,859.4328613,864.0959558,847.357913,861.0035639,4731911,9,Bharti Airtel,BHARTIARTL.NS,Stock,Telecom,https://1drv.ms/i/c/8705623eb284e7df/IQSxu2hqOY7-QLx90cczkqQ3AaiyjTAlNRBkOjXYHjazv6Y?width=300&height=200
19-07-2023,854.8187866,860.9544368,851.3337493,859.4328076,6641825,9,Bharti Airtel,BHARTIARTL.NS,Stock,Telecom,https://1drv.ms/i/c/8705623eb284e7df/IQSxu2hqOY7-QLx90cczkqQ3AaiyjTAlNRBkOjXYHjazv6Y?width=300&height=200
20-07-2023,868.6607666,870.476955,852.1190781,855.0641901,3779959,9,Bharti Airtel,BHARTIARTL.NS,Stock,Telecom,https://1drv.ms/i/c/8705623eb284e7df/IQSxu2hqOY7-QLx90cczkqQ3AaiyjTAlNRBkOjXYHjazv6Y?width=300&height=200
21-07-2023,869.7897339,875.5818114,858.7946372,862.0342484,7001587,9,Bharti Airtel,BHARTIARTL.NS,Stock,Telecom,https://1drv.ms/i/c/8705623eb284e7df/IQSxu2hqOY7-QLx90cczkqQ3AaiyjTAlNRBkOjXYHjazv6Y?width=300&height=200
24-07-2023,871.9004517,876.2689866,864.6848911,868.80806,4125577,9,Bharti Airtel,BHARTIARTL.NS,Stock,Telecom,https://1drv.ms/i/c/8705623eb284e7df/IQSxu2hqOY7-QLx90cczkqQ3AaiyjTAlNRBkOjXYHjazv6Y?width=300&height=200
25-07-2023,867.4827881,878.3306056,863.0159868,871.7531766,3652262,9,Bharti Airtel,BHARTIARTL.NS,Stock,Telecom,https://1drv.ms/i/c/8705623eb284e7df/IQSxu2hqOY7-QLx90cczkqQ3AaiyjTAlNRBkOjXYHjazv6Y?width=300&height=200
26-07-2023,873.1276245,880.0976994,867.1391937,870.2806587,2845581,9,Bharti Airtel,BHARTIARTL.NS,Stock,Telecom,https://1drv.ms/i/c/8705623eb284e7df/IQSxu2hqOY7-QLx90cczkqQ3AaiyjTAlNRBkOjXYHjazv6Y?width=300&height=200
27-07-2023,878.7723999,884.9080502,871.9004716,873.0784685,3445446,9,Bharti Airtel,BHARTIARTL.NS,Stock,Telecom,https://1drv.ms/i/c/8705623eb284e7df/IQSxu2hqOY7-QLx90cczkqQ3AaiyjTAlNRBkOjXYHjazv6Y?width=300&height=200
28-07-2023,878.7232666,883.435494,874.2565252,883.435494,2314339,9,Bharti Airtel,BHARTIARTL.NS,Stock,Telecom,https://1drv.ms/i/c/8705623eb284e7df/IQSxu2hqOY7-QLx90cczkqQ3AaiyjTAlNRBkOjXYHjazv6Y?width=300&height=200
31-07-2023,873.6184082,881.3738338,869.0534607,877.6433706,4424817,9,Bharti Airtel,BHARTIARTL.NS,Stock,Telecom,https://1drv.ms/i/c/8705623eb284e7df/IQSxu2hqOY7-QLx90cczkqQ3AaiyjTAlNRBkOjXYHjazv6Y?width=300&height=200
01-08-2023,875.3364258,880.981224,871.9004617,878.1342583,2087412,9,Bharti Airtel,BHARTIARTL.NS,Stock,Telecom,https://1drv.ms/i/c/8705623eb284e7df/IQSxu2hqOY7-QLx90cczkqQ3AaiyjTAlNRBkOjXYHjazv6Y?width=300&height=200
02-08-2023,862.0342407,874.3546736,856.6348688,867.040967,3328903,9,Bharti Airtel,BHARTIARTL.NS,Stock,Telecom,https://1drv.ms/i/c/8705623eb284e7df/IQSxu2hqOY7-QLx90cczkqQ3AaiyjTAlNRBkOjXYHjazv6Y?width=300&height=200
03-08-2023,855.7514648,865.9120782,849.2721819,858.9910763,4642067,9,Bharti Airtel,BHARTIARTL.NS,Stock,Telecom,https://1drv.ms/i/c/8705623eb284e7df/IQSxu2hqOY7-QLx90cczkqQ3AaiyjTAlNRBkOjXYHjazv6Y?width=300&height=200
04-08-2023,873.3730469,876.6126583,850.3520745,853.1008339,7066276,9,Bharti Airtel,BHARTIARTL.NS,Stock,Telecom,https://1drv.ms/i/c/8705623eb284e7df/IQSxu2hqOY7-QLx90cczkqQ3AaiyjTAlNRBkOjXYHjazv6Y?width=300&height=200
07-08-2023,875.0910034,884.0735594,867.924516,868.9553532,4086452,9,Bharti Airtel,BHARTIARTL.NS,Stock,Telecom,https://1drv.ms/i/c/8705623eb284e7df/IQSxu2hqOY7-QLx90cczkqQ3AaiyjTAlNRBkOjXYHjazv6Y?width=300&height=200
08-08-2023,869.2007446,877.9378743,864.3412979,875.6799671,3282856,9,Bharti Airtel,BHARTIARTL.NS,Stock,Telecom,https://1drv.ms/i/c/8705623eb284e7df/IQSxu2hqOY7-QLx90cczkqQ3AaiyjTAlNRBkOjXYHjazv6Y?width=300&height=200
09-08-2023,867.5318604,881.0302907,862.7214867,868.8080636,3185159,9,Bharti Airtel,BHARTIARTL.NS,Stock,Telecom,https://1drv.ms/i/c/8705623eb284e7df/IQSxu2hqOY7-QLx90cczkqQ3AaiyjTAlNRBkOjXYHjazv6Y?width=300&height=200
10-08-2023,858.7946777,867.7282204,852.3154551,865.8629588,3439922,9,Bharti Airtel,BHARTIARTL.NS,Stock,Telecom,https://1drv.ms/i/c/8705623eb284e7df/IQSxu2hqOY7-QLx90cczkqQ3AaiyjTAlNRBkOjXYHjazv6Y?width=300&height=200
11-08-2023,858.5480957,861.6546921,853.0746232,859.9781172,2812690,9,Bharti Airtel,BHARTIARTL.NS,Stock,Telecom,https://1drv.ms/i/c/8705623eb284e7df/IQSxu2hqOY7-QLx90cczkqQ3AaiyjTAlNRBkOjXYHjazv6Y?width=300&height=200
14-08-2023,855.0963745,858.5974203,845.7766452,858.498823,2665905,9,Bharti Airtel,BHARTIARTL.NS,Stock,Telecom,https://1drv.ms/i/c/8705623eb284e7df/IQSxu2hqOY7-QLx90cczkqQ3AaiyjTAlNRBkOjXYHjazv6Y?width=300&height=200
16-08-2023,845.1356201,861.9505472,841.4373197,858.0056935,3962408,9,Bharti Airtel,BHARTIARTL.NS,Stock,Telecom,https://1drv.ms/i/c/8705623eb284e7df/IQSxu2hqOY7-QLx90cczkqQ3AaiyjTAlNRBkOjXYHjazv6Y?width=300&height=200
17-08-2023,844.8890991,847.9956355,838.2814568,845.3822059,3013019,9,Bharti Airtel,BHARTIARTL.NS,Stock,Telecom,https://1drv.ms/i/c/8705623eb284e7df/IQSxu2hqOY7-QLx90cczkqQ3AaiyjTAlNRBkOjXYHjazv6Y?width=300&height=200
18-08-2023,844.4452515,850.1159787,840.5003977,844.8890595,4929835,9,Bharti Airtel,BHARTIARTL.NS,Stock,Telecom,https://1drv.ms/i/c/8705623eb284e7df/IQSxu2hqOY7-QLx90cczkqQ3AaiyjTAlNRBkOjXYHjazv6Y?width=300&height=200
21-08-2023,859.928772,861.9504974,842.324827,843.8535059,3220142,9,Bharti Airtel,BHARTIARTL.NS,Stock,Telecom,https://1drv.ms/i/c/8705623eb284e7df/IQSxu2hqOY7-QLx90cczkqQ3AaiyjTAlNRBkOjXYHjazv6Y?width=300&height=200
22-08-2023,865.5502319,867.8185108,854.2580762,858.9918886,3333869,9,Bharti Airtel,BHARTIARTL.NS,Stock,Telecom,https://1drv.ms/i/c/8705623eb284e7df/IQSxu2hqOY7-QLx90cczkqQ3AaiyjTAlNRBkOjXYHjazv6Y?width=300&height=200
23-08-2023,856.1812744,864.9092398,854.8498501,864.9092398,1860153,9,Bharti Airtel,BHARTIARTL.NS,Stock,Telecom,https://1drv.ms/i/c/8705623eb284e7df/IQSxu2hqOY7-QLx90cczkqQ3AaiyjTAlNRBkOjXYHjazv6Y?width=300&height=200
24-08-2023,857.4632568,862.6408772,852.2856365,860.9643024,2842728,9,Bharti Airtel,BHARTIARTL.NS,Stock,Telecom,https://1drv.ms/i/c/8705623eb284e7df/IQSxu2hqOY7-QLx90cczkqQ3AaiyjTAlNRBkOjXYHjazv6Y?width=300&height=200
25-08-2023,861.4574585,863.8736935,849.2283875,857.463306,3124339,9,Bharti Airtel,BHARTIARTL.NS,Stock,Telecom,https://1drv.ms/i/c/8705623eb284e7df/IQSxu2hqOY7-QLx90cczkqQ3AaiyjTAlNRBkOjXYHjazv6Y?width=300&height=200
28-08-2023,858.3508301,863.6764066,853.9128697,861.9998318,3094455,9,Bharti Airtel,BHARTIARTL.NS,Stock,Telecom,https://1drv.ms/i/c/8705623eb284e7df/IQSxu2hqOY7-QLx90cczkqQ3AaiyjTAlNRBkOjXYHjazv6Y?width=300&height=200
29-08-2023,843.40979,858.0057377,836.8021476,858.0057377,14064286,9,Bharti Airtel,BHARTIARTL.NS,Stock,Telecom,https://1drv.ms/i/c/8705623eb284e7df/IQSxu2hqOY7-QLx90cczkqQ3AaiyjTAlNRBkOjXYHjazv6Y?width=300&height=200
30-08-2023,845.9245605,850.7076716,844.6424951,847.9955847,3261665,9,Bharti Airtel,BHARTIARTL.NS,Stock,Telecom,https://1drv.ms/i/c/8705623eb284e7df/IQSxu2hqOY7-QLx90cczkqQ3AaiyjTAlNRBkOjXYHjazv6Y?width=300&height=200
31-08-2023,844.5932617,847.6504995,835.3721294,843.7056455,12528190,9,Bharti Airtel,BHARTIARTL.NS,Stock,Telecom,https://1drv.ms/i/c/8705623eb284e7df/IQSxu2hqOY7-QLx90cczkqQ3AaiyjTAlNRBkOjXYHjazv6Y?width=300&height=200
01-09-2023,854.0115356,855.5894531,840.9935063,841.3880157,4427899,9,Bharti Airtel,BHARTIARTL.NS,Stock,Telecom,https://1drv.ms/i/c/8705623eb284e7df/IQSxu2hqOY7-QLx90cczkqQ3AaiyjTAlNRBkOjXYHjazv6Y?width=300&height=200
04-09-2023,853.3704834,857.4632933,847.8477122,853.8142915,3102649,9,Bharti Airtel,BHARTIARTL.NS,Stock,Telecom,https://1drv.ms/i/c/8705623eb284e7df/IQSxu2hqOY7-QLx90cczkqQ3AaiyjTAlNRBkOjXYHjazv6Y?width=300&height=200
05-09-2023,853.9622192,855.8359886,846.5656186,851.2007735,2216754,9,Bharti Airtel,BHARTIARTL.NS,Stock,Telecom,https://1drv.ms/i/c/8705623eb284e7df/IQSxu2hqOY7-QLx90cczkqQ3AaiyjTAlNRBkOjXYHjazv6Y?width=300&height=200
06-09-2023,868.1636353,870.2347195,853.8635411,855.1949653,4235096,9,Bharti Airtel,BHARTIARTL.NS,Stock,Telecom,https://1drv.ms/i/c/8705623eb284e7df/IQSxu2hqOY7-QLx90cczkqQ3AaiyjTAlNRBkOjXYHjazv6Y?width=300&height=200
07-09-2023,863.232605,871.5168219,861.1122822,868.1636721,4532834,9,Bharti Airtel,BHARTIARTL.NS,Stock,Telecom,https://1drv.ms/i/c/8705623eb284e7df/IQSxu2hqOY7-QLx90cczkqQ3AaiyjTAlNRBkOjXYHjazv6Y?width=300&height=200
08-09-2023,873.637146,878.3710186,866.0433507,869.6429936,3741470,9,Bharti Airtel,BHARTIARTL.NS,Stock,Telecom,https://1drv.ms/i/c/8705623eb284e7df/IQSxu2hqOY7-QLx90cczkqQ3AaiyjTAlNRBkOjXYHjazv6Y?width=300&height=200
11-09-2023,878.5189209,879.9982411,871.4181721,875.7575353,2733894,9,Bharti Airtel,BHARTIARTL.NS,Stock,Telecom,https://1drv.ms/i/c/8705623eb284e7df/IQSxu2hqOY7-QLx90cczkqQ3AaiyjTAlNRBkOjXYHjazv6Y?width=300&height=200
12-09-2023,878.1244507,884.1403285,872.7988742,882.5624111,4106031,9,Bharti Airtel,BHARTIARTL.NS,Stock,Telecom,https://1drv.ms/i/c/8705623eb284e7df/IQSxu2hqOY7-QLx90cczkqQ3AaiyjTAlNRBkOjXYHjazv6Y?width=300&height=200
13-09-2023,902.5332031,905.3438872,873.3412508,875.8067843,5222561,9,Bharti Airtel,BHARTIARTL.NS,Stock,Telecom,https://1drv.ms/i/c/8705623eb284e7df/IQSxu2hqOY7-QLx90cczkqQ3AaiyjTAlNRBkOjXYHjazv6Y?width=300&height=200
14-09-2023,902.3359985,907.9080684,897.5528272,907.6122164,5513106,9,Bharti Airtel,BHARTIARTL.NS,Stock,Telecom,https://1drv.ms/i/c/8705623eb284e7df/IQSxu2hqOY7-QLx90cczkqQ3AaiyjTAlNRBkOjXYHjazv6Y?width=300&height=200
15-09-2023,923.2437134,935.6206797,897.4542085,900.0183393,14003428,9,Bharti Airtel,BHARTIARTL.NS,Stock,Telecom,https://1drv.ms/i/c/8705623eb284e7df/IQSxu2hqOY7-QLx90cczkqQ3AaiyjTAlNRBkOjXYHjazv6Y?width=300&height=200
18-09-2023,907.5136108,922.8985163,905.3439293,916.5867864,2977375,9,Bharti Airtel,BHARTIARTL.NS,Stock,Telecom,https://1drv.ms/i/c/8705623eb284e7df/IQSxu2hqOY7-QLx90cczkqQ3AaiyjTAlNRBkOjXYHjazv6Y?width=300&height=200
20-09-2023,898.1445923,906.6260038,892.3259089,898.4404443,5241903,9,Bharti Airtel,BHARTIARTL.NS,Stock,Telecom,https://1drv.ms/i/c/8705623eb284e7df/IQSxu2hqOY7-QLx90cczkqQ3AaiyjTAlNRBkOjXYHjazv6Y?width=300&height=200
21-09-2023,905.2946167,907.4642983,890.8958647,897.6514627,4896202,9,Bharti Airtel,BHARTIARTL.NS,Stock,Telecom,https://1drv.ms/i/c/8705623eb284e7df/IQSxu2hqOY7-QLx90cczkqQ3AaiyjTAlNRBkOjXYHjazv6Y?width=300&height=200
22-09-2023,898.8349609,909.63395,891.3397026,905.294647,6112928,9,Bharti Airtel,BHARTIARTL.NS,Stock,Telecom,https://1drv.ms/i/c/8705623eb284e7df/IQSxu2hqOY7-QLx90cczkqQ3AaiyjTAlNRBkOjXYHjazv6Y?width=300&height=200
25-09-2023,897.8487549,900.7580364,889.6138364,899.4266723,5278045,9,Bharti Airtel,BHARTIARTL.NS,Stock,Telecom,https://1drv.ms/i/c/8705623eb284e7df/IQSxu2hqOY7-QLx90cczkqQ3AaiyjTAlNRBkOjXYHjazv6Y?width=300&height=200
26-09-2023,900.1170044,908.2532651,895.4817893,897.4542161,5355047,9,Bharti Airtel,BHARTIARTL.NS,Stock,Telecom,https://1drv.ms/i/c/8705623eb284e7df/IQSxu2hqOY7-QLx90cczkqQ3AaiyjTAlNRBkOjXYHjazv6Y?width=300&height=200
27-09-2023,907.5629272,908.351886,894.9394071,902.336008,4713145,9,Bharti Airtel,BHARTIARTL.NS,Stock,Telecom,https://1drv.ms/i/c/8705623eb284e7df/IQSxu2hqOY7-QLx90cczkqQ3AaiyjTAlNRBkOjXYHjazv6Y?width=300&height=200
28-09-2023,912.8884888,919.15092,905.9356359,913.2336394,7386917,9,Bharti Airtel,BHARTIARTL.NS,Stock,Telecom,https://1drv.ms/i/c/8705623eb284e7df/IQSxu2hqOY7-QLx90cczkqQ3AaiyjTAlNRBkOjXYHjazv6Y?width=300&height=200
29-09-2023,913.6281128,923.4902467,909.0914951,919.1508837,5608557,9,Bharti Airtel,BHARTIARTL.NS,Stock,Telecom,https://1drv.ms/i/c/8705623eb284e7df/IQSxu2hqOY7-QLx90cczkqQ3AaiyjTAlNRBkOjXYHjazv6Y?width=300&height=200
03-10-2023,912.5432739,915.4526156,903.4207997,905.5904813,4338272,9,Bharti Airtel,BHARTIARTL.NS,Stock,Telecom,https://1drv.ms/i/c/8705623eb284e7df/IQSxu2hqOY7-QLx90cczkqQ3AaiyjTAlNRBkOjXYHjazv6Y?width=300&height=200
04-10-2023,911.5077515,913.1843263,905.6397696,905.6397696,5603669,9,Bharti Airtel,BHARTIARTL.NS,Stock,Telecom,https://1drv.ms/i/c/8705623eb284e7df/IQSxu2hqOY7-QLx90cczkqQ3AaiyjTAlNRBkOjXYHjazv6Y?width=300&height=200
05-10-2023,916.0443726,916.7840327,906.7247033,912.2967733,7063132,9,Bharti Airtel,BHARTIARTL.NS,Stock,Telecom,https://1drv.ms/i/c/8705623eb284e7df/IQSxu2hqOY7-QLx90cczkqQ3AaiyjTAlNRBkOjXYHjazv6Y?width=300&height=200
06-10-2023,913.282959,916.3895554,911.5570854,916.3895554,2420855,9,Bharti Airtel,BHARTIARTL.NS,Stock,Telecom,https://1drv.ms/i/c/8705623eb284e7df/IQSxu2hqOY7-QLx90cczkqQ3AaiyjTAlNRBkOjXYHjazv6Y?width=300&height=200
09-10-2023,911.8036499,915.255397,903.9139422,905.3439637,2248103,9,Bharti Airtel,BHARTIARTL.NS,Stock,Telecom,https://1drv.ms/i/c/8705623eb284e7df/IQSxu2hqOY7-QLx90cczkqQ3AaiyjTAlNRBkOjXYHjazv6Y?width=300&height=200
10-10-2023,935.2755127,940.8969415,908.3518972,911.8036443,7897875,9,Bharti Airtel,BHARTIARTL.NS,Stock,Telecom,https://1drv.ms/i/c/8705623eb284e7df/IQSxu2hqOY7-QLx90cczkqQ3AaiyjTAlNRBkOjXYHjazv6Y?width=300&height=200
11-10-2023,942.4255371,943.6090053,934.9303391,935.4234458,5645289,9,Bharti Airtel,BHARTIARTL.NS,Stock,Telecom,https://1drv.ms/i/c/8705623eb284e7df/IQSxu2hqOY7-QLx90cczkqQ3AaiyjTAlNRBkOjXYHjazv6Y?width=300&height=200
12-10-2023,937.2479248,943.6090136,933.9441338,942.4255454,5544735,9,Bharti Airtel,BHARTIARTL.NS,Stock,Telecom,https://1drv.ms/i/c/8705623eb284e7df/IQSxu2hqOY7-QLx90cczkqQ3AaiyjTAlNRBkOjXYHjazv6Y?width=300&height=200
13-10-2023,941.0448608,942.7707343,933.2537507,933.2537507,4421671,9,Bharti Airtel,BHARTIARTL.NS,Stock,Telecom,https://1drv.ms/i/c/8705623eb284e7df/IQSxu2hqOY7-QLx90cczkqQ3AaiyjTAlNRBkOjXYHjazv6Y?width=300&height=200
16-10-2023,933.5003052,945.532121,930.8375169,944.7431623,1881721,9,Bharti Airtel,BHARTIARTL.NS,Stock,Telecom,https://1drv.ms/i/c/8705623eb284e7df/IQSxu2hqOY7-QLx90cczkqQ3AaiyjTAlNRBkOjXYHjazv6Y?width=300&height=200
17-10-2023,940.5025024,947.0114873,932.9579453,933.5003507,3863410,9,Bharti Airtel,BHARTIARTL.NS,Stock,Telecom,https://1drv.ms/i/c/8705623eb284e7df/IQSxu2hqOY7-QLx90cczkqQ3AaiyjTAlNRBkOjXYHjazv6Y?width=300&height=200
18-10-2023,939.713501,945.6801408,937.5438795,939.8614571,2334392,9,Bharti Airtel,BHARTIARTL.NS,Stock,Telecom,https://1drv.ms/i/c/8705623eb284e7df/IQSxu2hqOY7-QLx90cczkqQ3AaiyjTAlNRBkOjXYHjazv6Y?width=300&height=200
19-10-2023,929.9499512,938.1848091,928.3719736,932.7606353,4306963,9,Bharti Airtel,BHARTIARTL.NS,Stock,Telecom,https://1drv.ms/i/c/8705623eb284e7df/IQSxu2hqOY7-QLx90cczkqQ3AaiyjTAlNRBkOjXYHjazv6Y?width=300&height=200
20-10-2023,932.1689453,934.4372242,924.0819832,924.8709419,3125104,9,Bharti Airtel,BHARTIARTL.NS,Stock,Telecom,https://1drv.ms/i/c/8705623eb284e7df/IQSxu2hqOY7-QLx90cczkqQ3AaiyjTAlNRBkOjXYHjazv6Y?width=300&height=200
23-10-2023,926.3502808,936.0151605,924.0820019,928.6185597,2180066,9,Bharti Airtel,BHARTIARTL.NS,Stock,Telecom,https://1drv.ms/i/c/8705623eb284e7df/IQSxu2hqOY7-QLx90cczkqQ3AaiyjTAlNRBkOjXYHjazv6Y?width=300&height=200
25-10-2023,909.8804932,926.6954804,906.3301489,911.85292,6365249,9,Bharti Airtel,BHARTIARTL.NS,Stock,Telecom,https://1drv.ms/i/c/8705623eb284e7df/IQSxu2hqOY7-QLx90cczkqQ3AaiyjTAlNRBkOjXYHjazv6Y?width=300&height=200
26-10-2023,893.0162354,911.8528872,887.6413603,908.9436059,6595332,9,Bharti Airtel,BHARTIARTL.NS,Stock,Telecom,https://1drv.ms/i/c/8705623eb284e7df/IQSxu2hqOY7-QLx90cczkqQ3AaiyjTAlNRBkOjXYHjazv6Y?width=300&height=200
27-10-2023,901.9907837,905.7384429,893.9531803,898.193886,3508393,9,Bharti Airtel,BHARTIARTL.NS,Stock,Telecom,https://1drv.ms/i/c/8705623eb284e7df/IQSxu2hqOY7-QLx90cczkqQ3AaiyjTAlNRBkOjXYHjazv6Y?width=300&height=200
30-10-2023,913.4802246,919.1016534,897.7994064,902.1880684,3686768,9,Bharti Airtel,BHARTIARTL.NS,Stock,Telecom,https://1drv.ms/i/c/8705623eb284e7df/IQSxu2hqOY7-QLx90cczkqQ3AaiyjTAlNRBkOjXYHjazv6Y?width=300&height=200
31-10-2023,901.7935791,910.8173958,899.8211523,907.6122022,5697563,9,Bharti Airtel,BHARTIARTL.NS,Stock,Telecom,https://1drv.ms/i/c/8705623eb284e7df/IQSxu2hqOY7-QLx90cczkqQ3AaiyjTAlNRBkOjXYHjazv6Y?width=300&height=200
01-11-2023,900.8566284,901.9414391,883.1047875,890.5506865,4821458,9,Bharti Airtel,BHARTIARTL.NS,Stock,Telecom,https://1drv.ms/i/c/8705623eb284e7df/IQSxu2hqOY7-QLx90cczkqQ3AaiyjTAlNRBkOjXYHjazv6Y?width=300&height=200
02-11-2023,911.1132813,913.1843656,903.7660391,907.3163835,6611573,9,Bharti Airtel,BHARTIARTL.NS,Stock,Telecom,https://1drv.ms/i/c/8705623eb284e7df/IQSxu2hqOY7-QLx90cczkqQ3AaiyjTAlNRBkOjXYHjazv6Y?width=300&height=200
03-11-2023,917.9181519,920.8274935,909.4860391,912.2474246,3895154,9,Bharti Airtel,BHARTIARTL.NS,Stock,Telecom,https://1drv.ms/i/c/8705623eb284e7df/IQSxu2hqOY7-QLx90cczkqQ3AaiyjTAlNRBkOjXYHjazv6Y?width=300&height=200
06-11-2023,926.251709,927.7310292,917.178533,921.3206416,2760800,9,Bharti Airtel,BHARTIARTL.NS,Stock,Telecom,https://1drv.ms/i/c/8705623eb284e7df/IQSxu2hqOY7-QLx90cczkqQ3AaiyjTAlNRBkOjXYHjazv6Y?width=300&height=200
07-11-2023,924.2299194,926.0050915,919.5947044,923.1450486,3616946,9,Bharti Airtel,BHARTIARTL.NS,Stock,Telecom,https://1drv.ms/i/c/8705623eb284e7df/IQSxu2hqOY7-QLx90cczkqQ3AaiyjTAlNRBkOjXYHjazv6Y?width=300&height=200
08-11-2023,923.8353882,928.8157537,921.5178108,928.8157537,1808553,9,Bharti Airtel,BHARTIARTL.NS,Stock,Telecom,https://1drv.ms/i/c/8705623eb284e7df/IQSxu2hqOY7-QLx90cczkqQ3AaiyjTAlNRBkOjXYHjazv6Y?width=300&height=200
09-11-2023,919.4960938,924.3778624,917.7209216,923.835457,3914416,9,Bharti Airtel,BHARTIARTL.NS,Stock,Telecom,https://1drv.ms/i/c/8705623eb284e7df/IQSxu2hqOY7-QLx90cczkqQ3AaiyjTAlNRBkOjXYHjazv6Y?width=300&height=200
10-11-2023,922.6026611,924.0819813,916.1922739,916.1922739,1345614,9,Bharti Airtel,BHARTIARTL.NS,Stock,Telecom,https://1drv.ms/i/c/8705623eb284e7df/IQSxu2hqOY7-QLx90cczkqQ3AaiyjTAlNRBkOjXYHjazv6Y?width=300&height=200
13-11-2023,922.1095581,927.3364773,920.9260899,925.0681984,1656368,9,Bharti Airtel,BHARTIARTL.NS,Stock,Telecom,https://1drv.ms/i/c/8705623eb284e7df/IQSxu2hqOY7-QLx90cczkqQ3AaiyjTAlNRBkOjXYHjazv6Y?width=300&height=200
15-11-2023,936.902771,939.5655593,923.2930375,934.9303441,4816316,9,Bharti Airtel,BHARTIARTL.NS,Stock,Telecom,https://1drv.ms/i/c/8705623eb284e7df/IQSxu2hqOY7-QLx90cczkqQ3AaiyjTAlNRBkOjXYHjazv6Y?width=300&height=200
16-11-2023,936.4589844,940.7490491,930.2458516,935.916579,5310736,9,Bharti Airtel,BHARTIARTL.NS,Stock,Telecom,https://1drv.ms/i/c/8705623eb284e7df/IQSxu2hqOY7-QLx90cczkqQ3AaiyjTAlNRBkOjXYHjazv6Y?width=300&height=200
17-11-2023,934.2399292,940.8475709,932.9578638,935.7192493,3249469,9,Bharti Airtel,BHARTIARTL.NS,Stock,Telecom,https://1drv.ms/i/c/8705623eb284e7df/IQSxu2hqOY7-QLx90cczkqQ3AaiyjTAlNRBkOjXYHjazv6Y?width=300&height=200
20-11-2023,948.1456299,951.0056128,928.9637663,935.9165591,4646962,9,Bharti Airtel,BHARTIARTL.NS,Stock,Telecom,https://1drv.ms/i/c/8705623eb284e7df/IQSxu2hqOY7-QLx90cczkqQ3AaiyjTAlNRBkOjXYHjazv6Y?width=300&height=200
21-11-2023,957.465332,962.8895062,947.7511533,953.6684342,5704644,9,Bharti Airtel,BHARTIARTL.NS,Stock,Telecom,https://1drv.ms/i/c/8705623eb284e7df/IQSxu2hqOY7-QLx90cczkqQ3AaiyjTAlNRBkOjXYHjazv6Y?width=300&height=200
22-11-2023,956.3804932,962.8401792,952.6328941,960.8677523,3309732,9,Bharti Airtel,BHARTIARTL.NS,Stock,Telecom,https://1drv.ms/i/c/8705623eb284e7df/IQSxu2hqOY7-QLx90cczkqQ3AaiyjTAlNRBkOjXYHjazv6Y?width=300&height=200
23-11-2023,963.1854248,967.4754294,950.4139481,956.627081,2749555,9,Bharti Airtel,BHARTIARTL.NS,Stock,Telecom,https://1drv.ms/i/c/8705623eb284e7df/IQSxu2hqOY7-QLx90cczkqQ3AaiyjTAlNRBkOjXYHjazv6Y?width=300&height=200
24-11-2023,959.7336426,963.6784964,957.6132596,961.5581134,2322104,9,Bharti Airtel,BHARTIARTL.NS,Stock,Telecom,https://1drv.ms/i/c/8705623eb284e7df/IQSxu2hqOY7-QLx90cczkqQ3AaiyjTAlNRBkOjXYHjazv6Y?width=300&height=200
28-11-2023,971.3216553,974.3788929,957.8105189,960.6212032,5096984,9,Bharti Airtel,BHARTIARTL.NS,Stock,Telecom,https://1drv.ms/i/c/8705623eb284e7df/IQSxu2hqOY7-QLx90cczkqQ3AaiyjTAlNRBkOjXYHjazv6Y?width=300&height=200
29-11-2023,981.6768799,993.2155289,977.288218,982.1699866,5647918,9,Bharti Airtel,BHARTIARTL.NS,Stock,Telecom,https://1drv.ms/i/c/8705623eb284e7df/IQSxu2hqOY7-QLx90cczkqQ3AaiyjTAlNRBkOjXYHjazv6Y?width=300&height=200
30-11-2023,1000.710754,1004.162501,979.0140595,981.2823383,9934052,9,Bharti Airtel,BHARTIARTL.NS,Stock,Telecom,https://1drv.ms/i/c/8705623eb284e7df/IQSxu2hqOY7-QLx90cczkqQ3AaiyjTAlNRBkOjXYHjazv6Y?width=300&height=200
01-12-2023,1000.710754,1008.452506,994.3003673,1001.006606,5544950,9,Bharti Airtel,BHARTIARTL.NS,Stock,Telecom,https://1drv.ms/i/c/8705623eb284e7df/IQSxu2hqOY7-QLx90cczkqQ3AaiyjTAlNRBkOjXYHjazv6Y?width=300&height=200
04-12-2023,1018.659851,1029.606796,1011.065936,1021.717089,5164902,9,Bharti Airtel,BHARTIARTL.NS,Stock,Telecom,https://1drv.ms/i/c/8705623eb284e7df/IQSxu2hqOY7-QLx90cczkqQ3AaiyjTAlNRBkOjXYHjazv6Y?width=300&height=200
05-12-2023,1016.884705,1031.529951,1008.008783,1024.478621,4266159,9,Bharti Airtel,BHARTIARTL.NS,Stock,Telecom,https://1drv.ms/i/c/8705623eb284e7df/IQSxu2hqOY7-QLx90cczkqQ3AaiyjTAlNRBkOjXYHjazv6Y?width=300&height=200
06-12-2023,1010.326294,1020.730894,999.4780065,1014.91221,4121251,9,Bharti Airtel,BHARTIARTL.NS,Stock,Telecom,https://1drv.ms/i/c/8705623eb284e7df/IQSxu2hqOY7-QLx90cczkqQ3AaiyjTAlNRBkOjXYHjazv6Y?width=300&height=200
07-12-2023,986.2134399,1005.641857,984.2410131,1001.006642,13805235,9,Bharti Airtel,BHARTIARTL.NS,Stock,Telecom,https://1drv.ms/i/c/8705623eb284e7df/IQSxu2hqOY7-QLx90cczkqQ3AaiyjTAlNRBkOjXYHjazv6Y?width=300&height=200
08-12-2023,986.4599609,990.1582612,977.6333389,984.9313422,6630766,9,Bharti Airtel,BHARTIARTL.NS,Stock,Telecom,https://1drv.ms/i/c/8705623eb284e7df/IQSxu2hqOY7-QLx90cczkqQ3AaiyjTAlNRBkOjXYHjazv6Y?width=300&height=200
11-12-2023,987.0516968,990.7499972,978.3730305,982.3671829,6195119,9,Bharti Airtel,BHARTIARTL.NS,Stock,Telecom,https://1drv.ms/i/c/8705623eb284e7df/IQSxu2hqOY7-QLx90cczkqQ3AaiyjTAlNRBkOjXYHjazv6Y?width=300&height=200
12-12-2023,981.5289307,987.0517019,973.3926697,985.4737844,7119331,9,Bharti Airtel,BHARTIARTL.NS,Stock,Telecom,https://1drv.ms/i/c/8705623eb284e7df/IQSxu2hqOY7-QLx90cczkqQ3AaiyjTAlNRBkOjXYHjazv6Y?width=300&height=200
13-12-2023,986.1148682,988.1858924,977.830651,979.5072259,4153219,9,Bharti Airtel,BHARTIARTL.NS,Stock,Telecom,https://1drv.ms/i/c/8705623eb284e7df/IQSxu2hqOY7-QLx90cczkqQ3AaiyjTAlNRBkOjXYHjazv6Y?width=300&height=200
14-12-2023,991.3417969,997.2590777,985.3752174,992.1307556,6541673,9,Bharti Airtel,BHARTIARTL.NS,Stock,Telecom,https://1drv.ms/i/c/8705623eb284e7df/IQSxu2hqOY7-QLx90cczkqQ3AaiyjTAlNRBkOjXYHjazv6Y?width=300&height=200
15-12-2023,978.8661499,996.913844,974.6254441,985.8683015,10119597,9,Bharti Airtel,BHARTIARTL.NS,Stock,Telecom,https://1drv.ms/i/c/8705623eb284e7df/IQSxu2hqOY7-QLx90cczkqQ3AaiyjTAlNRBkOjXYHjazv6Y?width=300&height=200
18-12-2023,976.5978394,985.0299521,968.6095347,981.2823531,5750263,9,Bharti Airtel,BHARTIARTL.NS,Stock,Telecom,https://1drv.ms/i/c/8705623eb284e7df/IQSxu2hqOY7-QLx90cczkqQ3AaiyjTAlNRBkOjXYHjazv6Y?width=300&height=200
19-12-2023,974.8226929,984.1917206,972.3078606,981.726187,3912964,9,Bharti Airtel,BHARTIARTL.NS,Stock,Telecom,https://1drv.ms/i/c/8705623eb284e7df/IQSxu2hqOY7-QLx90cczkqQ3AaiyjTAlNRBkOjXYHjazv6Y?width=300&height=200
20-12-2023,958.1556396,979.9509924,955.6408075,979.2113324,3990591,9,Bharti Airtel,BHARTIARTL.NS,Stock,Telecom,https://1drv.ms/i/c/8705623eb284e7df/IQSxu2hqOY7-QLx90cczkqQ3AaiyjTAlNRBkOjXYHjazv6Y?width=300&height=200
21-12-2023,964.4181519,968.0177948,946.7649071,954.6546147,4294277,9,Bharti Airtel,BHARTIARTL.NS,Stock,Telecom,https://1drv.ms/i/c/8705623eb284e7df/IQSxu2hqOY7-QLx90cczkqQ3AaiyjTAlNRBkOjXYHjazv6Y?width=300&height=200
22-12-2023,975.9074707,985.1779009,962.1004829,968.3629742,4605120,9,Bharti Airtel,BHARTIARTL.NS,Stock,Telecom,https://1drv.ms/i/c/8705623eb284e7df/IQSxu2hqOY7-QLx90cczkqQ3AaiyjTAlNRBkOjXYHjazv6Y?width=300&height=200
26-12-2023,986.0654297,988.6789192,976.0061013,981.2823188,2460643,9,Bharti Airtel,BHARTIARTL.NS,Stock,Telecom,https://1drv.ms/i/c/8705623eb284e7df/IQSxu2hqOY7-QLx90cczkqQ3AaiyjTAlNRBkOjXYHjazv6Y?width=300&height=200
27-12-2023,1007.121155,1009.931899,984.2409914,986.2134183,4791379,9,Bharti Airtel,BHARTIARTL.NS,Stock,Telecom,https://1drv.ms/i/c/8705623eb284e7df/IQSxu2hqOY7-QLx90cczkqQ3AaiyjTAlNRBkOjXYHjazv6Y?width=300&height=200
28-12-2023,1022.40741,1027.58503,1008.107375,1009.78395,5288328,9,Bharti Airtel,BHARTIARTL.NS,Stock,Telecom,https://1drv.ms/i/c/8705623eb284e7df/IQSxu2hqOY7-QLx90cczkqQ3AaiyjTAlNRBkOjXYHjazv6Y?width=300&height=200
29-12-2023,1017.969421,1028.867128,1010.277029,1018.906396,4631749,9,Bharti Airtel,BHARTIARTL.NS,Stock,Telecom,https://1drv.ms/i/c/8705623eb284e7df/IQSxu2hqOY7-QLx90cczkqQ3AaiyjTAlNRBkOjXYHjazv6Y?width=300&height=200
01-01-2024,999.0834961,1017.722894,993.1169169,1017.722894,3804406,9,Bharti Airtel,BHARTIARTL.NS,Stock,Telecom,https://1drv.ms/i/c/8705623eb284e7df/IQSxu2hqOY7-QLx90cczkqQ3AaiyjTAlNRBkOjXYHjazv6Y?width=300&height=200
02-01-2024,1007.614258,1011.312498,1001.992829,1003.373552,6865791,9,Bharti Airtel,BHARTIARTL.NS,Stock,Telecom,https://1drv.ms/i/c/8705623eb284e7df/IQSxu2hqOY7-QLx90cczkqQ3AaiyjTAlNRBkOjXYHjazv6Y?width=300&height=200
03-01-2024,1020.928101,1022.703333,1007.269069,1017.722907,3604276,9,Bharti Airtel,BHARTIARTL.NS,Stock,Telecom,https://1drv.ms/i/c/8705623eb284e7df/IQSxu2hqOY7-QLx90cczkqQ3AaiyjTAlNRBkOjXYHjazv6Y?width=300&height=200
04-01-2024,1033.453003,1044.202753,1013.383585,1020.97738,4664043,9,Bharti Airtel,BHARTIARTL.NS,Stock,Telecom,https://1drv.ms/i/c/8705623eb284e7df/IQSxu2hqOY7-QLx90cczkqQ3AaiyjTAlNRBkOjXYHjazv6Y?width=300&height=200
05-01-2024,1032.171021,1048.986009,1024.626463,1039.27183,4008221,9,Bharti Airtel,BHARTIARTL.NS,Stock,Telecom,https://1drv.ms/i/c/8705623eb284e7df/IQSxu2hqOY7-QLx90cczkqQ3AaiyjTAlNRBkOjXYHjazv6Y?width=300&height=200
08-01-2024,1034.58728,1044.400056,1030.839621,1035.524135,4489695,9,Bharti Airtel,BHARTIARTL.NS,Stock,Telecom,https://1drv.ms/i/c/8705623eb284e7df/IQSxu2hqOY7-QLx90cczkqQ3AaiyjTAlNRBkOjXYHjazv6Y?width=300&height=200
09-01-2024,1049.824219,1053.177369,1033.601056,1042.427618,3371125,9,Bharti Airtel,BHARTIARTL.NS,Stock,Telecom,https://1drv.ms/i/c/8705623eb284e7df/IQSxu2hqOY7-QLx90cczkqQ3AaiyjTAlNRBkOjXYHjazv6Y?width=300&height=200
10-01-2024,1048.04895,1058.502909,1040.751067,1052.240357,3111573,9,Bharti Airtel,BHARTIARTL.NS,Stock,Telecom,https://1drv.ms/i/c/8705623eb284e7df/IQSxu2hqOY7-QLx90cczkqQ3AaiyjTAlNRBkOjXYHjazv6Y?width=300&height=200
11-01-2024,1048.196899,1059.094606,1042.772726,1051.056942,2604325,9,Bharti Airtel,BHARTIARTL.NS,Stock,Telecom,https://1drv.ms/i/c/8705623eb284e7df/IQSxu2hqOY7-QLx90cczkqQ3AaiyjTAlNRBkOjXYHjazv6Y?width=300&height=200
12-01-2024,1061.510742,1063.680484,1037.101961,1043.512348,3394013,9,Bharti Airtel,BHARTIARTL.NS,Stock,Telecom,https://1drv.ms/i/c/8705623eb284e7df/IQSxu2hqOY7-QLx90cczkqQ3AaiyjTAlNRBkOjXYHjazv6Y?width=300&height=200
15-01-2024,1087.201782,1089.470001,1059.73576,1063.187508,3312897,9,Bharti Airtel,BHARTIARTL.NS,Stock,Telecom,https://1drv.ms/i/c/8705623eb284e7df/IQSxu2hqOY7-QLx90cczkqQ3AaiyjTAlNRBkOjXYHjazv6Y?width=300&height=200
16-01-2024,1080.79126,1101.600338,1077.931217,1091.738204,5025540,9,Bharti Airtel,BHARTIARTL.NS,Stock,Telecom,https://1drv.ms/i/c/8705623eb284e7df/IQSxu2hqOY7-QLx90cczkqQ3AaiyjTAlNRBkOjXYHjazv6Y?width=300&height=200
17-01-2024,1070.288208,1093.66142,1063.927179,1076.945149,4568700,9,Bharti Airtel,BHARTIARTL.NS,Stock,Telecom,https://1drv.ms/i/c/8705623eb284e7df/IQSxu2hqOY7-QLx90cczkqQ3AaiyjTAlNRBkOjXYHjazv6Y?width=300&height=200
18-01-2024,1072.063354,1080.889917,1060.376629,1060.376629,4407330,9,Bharti Airtel,BHARTIARTL.NS,Stock,Telecom,https://1drv.ms/i/c/8705623eb284e7df/IQSxu2hqOY7-QLx90cczkqQ3AaiyjTAlNRBkOjXYHjazv6Y?width=300&height=200
19-01-2024,1109.490112,1120.683611,1074.775448,1075.958856,11753391,9,Bharti Airtel,BHARTIARTL.NS,Stock,Telecom,https://1drv.ms/i/c/8705623eb284e7df/IQSxu2hqOY7-QLx90cczkqQ3AaiyjTAlNRBkOjXYHjazv6Y?width=300&height=200
23-01-2024,1142.035156,1156.38461,1119.352247,1129.214382,18194595,9,Bharti Airtel,BHARTIARTL.NS,Stock,Telecom,https://1drv.ms/i/c/8705623eb284e7df/IQSxu2hqOY7-QLx90cczkqQ3AaiyjTAlNRBkOjXYHjazv6Y?width=300&height=200
24-01-2024,1173.544678,1177.53889,1124.38196,1124.38196,9546592,9,Bharti Airtel,BHARTIARTL.NS,Stock,Telecom,https://1drv.ms/i/c/8705623eb284e7df/IQSxu2hqOY7-QLx90cczkqQ3AaiyjTAlNRBkOjXYHjazv6Y?width=300&height=200
25-01-2024,1144.550049,1184.097183,1141.098302,1169.649133,11424697,9,Bharti Airtel,BHARTIARTL.NS,Stock,Telecom,https://1drv.ms/i/c/8705623eb284e7df/IQSxu2hqOY7-QLx90cczkqQ3AaiyjTAlNRBkOjXYHjazv6Y?width=300&height=200
29-01-2024,1146.12793,1153.623127,1142.03512,1142.03512,4015858,9,Bharti Airtel,BHARTIARTL.NS,Stock,Telecom,https://1drv.ms/i/c/8705623eb284e7df/IQSxu2hqOY7-QLx90cczkqQ3AaiyjTAlNRBkOjXYHjazv6Y?width=300&height=200
30-01-2024,1142.67627,1164.570161,1138.632818,1146.128017,3902023,9,Bharti Airtel,BHARTIARTL.NS,Stock,Telecom,https://1drv.ms/i/c/8705623eb284e7df/IQSxu2hqOY7-QLx90cczkqQ3AaiyjTAlNRBkOjXYHjazv6Y?width=300&height=200
31-01-2024,1154.560059,1158.850183,1130.397829,1143.021409,5981966,9,Bharti Airtel,BHARTIARTL.NS,Stock,Telecom,https://1drv.ms/i/c/8705623eb284e7df/IQSxu2hqOY7-QLx90cczkqQ3AaiyjTAlNRBkOjXYHjazv6Y?width=300&height=200
01-02-2024,1135.328857,1154.066913,1133.109877,1148.98801,3606209,9,Bharti Airtel,BHARTIARTL.NS,Stock,Telecom,https://1drv.ms/i/c/8705623eb284e7df/IQSxu2hqOY7-QLx90cczkqQ3AaiyjTAlNRBkOjXYHjazv6Y?width=300&height=200
02-02-2024,1134.934448,1158.997959,1129.510274,1139.076496,4969983,9,Bharti Airtel,BHARTIARTL.NS,Stock,Telecom,https://1drv.ms/i/c/8705623eb284e7df/IQSxu2hqOY7-QLx90cczkqQ3AaiyjTAlNRBkOjXYHjazv6Y?width=300&height=200
05-02-2024,1098.19812,1143.66254,1094.697014,1138.43556,7809331,9,Bharti Airtel,BHARTIARTL.NS,Stock,Telecom,https://1drv.ms/i/c/8705623eb284e7df/IQSxu2hqOY7-QLx90cczkqQ3AaiyjTAlNRBkOjXYHjazv6Y?width=300&height=200
06-02-2024,1118.415405,1140.161339,1107.517699,1109.490125,9863065,9,Bharti Airtel,BHARTIARTL.NS,Stock,Telecom,https://1drv.ms/i/c/8705623eb284e7df/IQSxu2hqOY7-QLx90cczkqQ3AaiyjTAlNRBkOjXYHjazv6Y?width=300&height=200
07-02-2024,1118.661865,1132.419493,1116.196332,1123.099825,2770694,9,Bharti Airtel,BHARTIARTL.NS,Stock,Telecom,https://1drv.ms/i/c/8705623eb284e7df/IQSxu2hqOY7-QLx90cczkqQ3AaiyjTAlNRBkOjXYHjazv6Y?width=300&height=200
08-02-2024,1126.403687,1130.693691,1100.811376,1128.622667,6519392,9,Bharti Airtel,BHARTIARTL.NS,Stock,Telecom,https://1drv.ms/i/c/8705623eb284e7df/IQSxu2hqOY7-QLx90cczkqQ3AaiyjTAlNRBkOjXYHjazv6Y?width=300&height=200
09-02-2024,1104.805664,1130.151303,1100.86081,1130.151303,4203171,9,Bharti Airtel,BHARTIARTL.NS,Stock,Telecom,https://1drv.ms/i/c/8705623eb284e7df/IQSxu2hqOY7-QLx90cczkqQ3AaiyjTAlNRBkOjXYHjazv6Y?width=300&height=200
12-02-2024,1103.276978,1113.435025,1095.979094,1107.419146,3887976,9,Bharti Airtel,BHARTIARTL.NS,Stock,Telecom,https://1drv.ms/i/c/8705623eb284e7df/IQSxu2hqOY7-QLx90cczkqQ3AaiyjTAlNRBkOjXYHjazv6Y?width=300&height=200
13-02-2024,1102.438721,1109.490171,1088.582493,1095.683182,3211554,9,Bharti Airtel,BHARTIARTL.NS,Stock,Telecom,https://1drv.ms/i/c/8705623eb284e7df/IQSxu2hqOY7-QLx90cczkqQ3AaiyjTAlNRBkOjXYHjazv6Y?width=300&height=200
14-02-2024,1100.466187,1105.693166,1089.469883,1094.696862,4653070,9,Bharti Airtel,BHARTIARTL.NS,Stock,Telecom,https://1drv.ms/i/c/8705623eb284e7df/IQSxu2hqOY7-QLx90cczkqQ3AaiyjTAlNRBkOjXYHjazv6Y?width=300&height=200
15-02-2024,1105.24939,1115.851184,1094.10525,1106.827428,5056712,9,Bharti Airtel,BHARTIARTL.NS,Stock,Telecom,https://1drv.ms/i/c/8705623eb284e7df/IQSxu2hqOY7-QLx90cczkqQ3AaiyjTAlNRBkOjXYHjazv6Y?width=300&height=200
16-02-2024,1104.559082,1111.511935,1101.452486,1108.503936,3091952,9,Bharti Airtel,BHARTIARTL.NS,Stock,Telecom,https://1drv.ms/i/c/8705623eb284e7df/IQSxu2hqOY7-QLx90cczkqQ3AaiyjTAlNRBkOjXYHjazv6Y?width=300&height=200
19-02-2024,1126.453003,1129.214449,1102.931835,1105.594684,4711035,9,Bharti Airtel,BHARTIARTL.NS,Stock,Telecom,https://1drv.ms/i/c/8705623eb284e7df/IQSxu2hqOY7-QLx90cczkqQ3AaiyjTAlNRBkOjXYHjazv6Y?width=300&height=200
20-02-2024,1128.178833,1135.72339,1119.352271,1129.214405,5397418,9,Bharti Airtel,BHARTIARTL.NS,Stock,Telecom,https://1drv.ms/i/c/8705623eb284e7df/IQSxu2hqOY7-QLx90cczkqQ3AaiyjTAlNRBkOjXYHjazv6Y?width=300&height=200
21-02-2024,1124.184692,1143.169301,1116.985286,1139.076491,4570259,9,Bharti Airtel,BHARTIARTL.NS,Stock,Telecom,https://1drv.ms/i/c/8705623eb284e7df/IQSxu2hqOY7-QLx90cczkqQ3AaiyjTAlNRBkOjXYHjazv6Y?width=300&height=200
22-02-2024,1119.894653,1123.050488,1082.517142,1121.916319,8642368,9,Bharti Airtel,BHARTIARTL.NS,Stock,Telecom,https://1drv.ms/i/c/8705623eb284e7df/IQSxu2hqOY7-QLx90cczkqQ3AaiyjTAlNRBkOjXYHjazv6Y?width=300&height=200
23-02-2024,1110.229736,1116.245614,1099.923854,1111.462503,6709844,9,Bharti Airtel,BHARTIARTL.NS,Stock,Telecom,https://1drv.ms/i/c/8705623eb284e7df/IQSxu2hqOY7-QLx90cczkqQ3AaiyjTAlNRBkOjXYHjazv6Y?width=300&height=200
26-02-2024,1094.746216,1110.377674,1089.124727,1102.685161,3186134,9,Bharti Airtel,BHARTIARTL.NS,Stock,Telecom,https://1drv.ms/i/c/8705623eb284e7df/IQSxu2hqOY7-QLx90cczkqQ3AaiyjTAlNRBkOjXYHjazv6Y?width=300&height=200
27-02-2024,1111.955688,1115.407436,1086.116944,1097.655593,7149094,9,Bharti Airtel,BHARTIARTL.NS,Stock,Telecom,https://1drv.ms/i/c/8705623eb284e7df/IQSxu2hqOY7-QLx90cczkqQ3AaiyjTAlNRBkOjXYHjazv6Y?width=300&height=200
28-02-2024,1113.188354,1136.758878,1108.010734,1117.774271,5302711,9,Bharti Airtel,BHARTIARTL.NS,Stock,Telecom,https://1drv.ms/i/c/8705623eb284e7df/IQSxu2hqOY7-QLx90cczkqQ3AaiyjTAlNRBkOjXYHjazv6Y?width=300&height=200
29-02-2024,1107.862793,1122.261484,1083.848521,1103.424833,13818650,9,Bharti Airtel,BHARTIARTL.NS,Stock,Telecom,https://1drv.ms/i/c/8705623eb284e7df/IQSxu2hqOY7-QLx90cczkqQ3AaiyjTAlNRBkOjXYHjazv6Y?width=300&height=200
01-03-2024,1113.13916,1125.023081,1101.99502,1112.448859,5927490,9,Bharti Airtel,BHARTIARTL.NS,Stock,Telecom,https://1drv.ms/i/c/8705623eb284e7df/IQSxu2hqOY7-QLx90cczkqQ3AaiyjTAlNRBkOjXYHjazv6Y?width=300&height=200
04-03-2024,1117.872925,1133.405786,1116.393605,1116.393605,5855090,9,Bharti Airtel,BHARTIARTL.NS,Stock,Telecom,https://1drv.ms/i/c/8705623eb284e7df/IQSxu2hqOY7-QLx90cczkqQ3AaiyjTAlNRBkOjXYHjazv6Y?width=300&height=200
05-03-2024,1152.784912,1163.485304,1117.429184,1117.429184,5375008,9,Bharti Airtel,BHARTIARTL.NS,Stock,Telecom,https://1drv.ms/i/c/8705623eb284e7df/IQSxu2hqOY7-QLx90cczkqQ3AaiyjTAlNRBkOjXYHjazv6Y?width=300&height=200
06-03-2024,1177.24292,1180.102963,1141.394086,1157.765205,5464839,9,Bharti Airtel,BHARTIARTL.NS,Stock,Telecom,https://1drv.ms/i/c/8705623eb284e7df/IQSxu2hqOY7-QLx90cczkqQ3AaiyjTAlNRBkOjXYHjazv6Y?width=300&height=200
07-03-2024,1183.160278,1196.86867,1173.05159,1193.170369,8903981,9,Bharti Airtel,BHARTIARTL.NS,Stock,Telecom,https://1drv.ms/i/c/8705623eb284e7df/IQSxu2hqOY7-QLx90cczkqQ3AaiyjTAlNRBkOjXYHjazv6Y?width=300&height=200
11-03-2024,1180.102905,1201.503808,1169.649068,1169.649068,6679208,9,Bharti Airtel,BHARTIARTL.NS,Stock,Telecom,https://1drv.ms/i/c/8705623eb284e7df/IQSxu2hqOY7-QLx90cczkqQ3AaiyjTAlNRBkOjXYHjazv6Y?width=300&height=200
12-03-2024,1187.647583,1191.345884,1181.286554,1183.456176,4249548,9,Bharti Airtel,BHARTIARTL.NS,Stock,Telecom,https://1drv.ms/i/c/8705623eb284e7df/IQSxu2hqOY7-QLx90cczkqQ3AaiyjTAlNRBkOjXYHjazv6Y?width=300&height=200
13-03-2024,1152.636963,1195.290694,1135.821976,1195.290694,7528096,9,Bharti Airtel,BHARTIARTL.NS,Stock,Telecom,https://1drv.ms/i/c/8705623eb284e7df/IQSxu2hqOY7-QLx90cczkqQ3AaiyjTAlNRBkOjXYHjazv6Y?width=300&height=200
14-03-2024,1178.130493,1183.160157,1147.50864,1157.765163,8569080,9,Bharti Airtel,BHARTIARTL.NS,Stock,Telecom,https://1drv.ms/i/c/8705623eb284e7df/IQSxu2hqOY7-QLx90cczkqQ3AaiyjTAlNRBkOjXYHjazv6Y?width=300&height=200
15-03-2024,1203.18042,1205.941866,1171.473633,1173.594016,10115416,9,Bharti Airtel,BHARTIARTL.NS,Stock,Telecom,https://1drv.ms/i/c/8705623eb284e7df/IQSxu2hqOY7-QLx90cczkqQ3AaiyjTAlNRBkOjXYHjazv6Y?width=300&height=200
18-03-2024,1208.407349,1213.584969,1198.446497,1208.111436,4141080,9,Bharti Airtel,BHARTIARTL.NS,Stock,Telecom,https://1drv.ms/i/c/8705623eb284e7df/IQSxu2hqOY7-QLx90cczkqQ3AaiyjTAlNRBkOjXYHjazv6Y?width=300&height=200
19-03-2024,1211.415283,1223.299204,1197.854848,1199.432766,7703719,9,Bharti Airtel,BHARTIARTL.NS,Stock,Telecom,https://1drv.ms/i/c/8705623eb284e7df/IQSxu2hqOY7-QLx90cczkqQ3AaiyjTAlNRBkOjXYHjazv6Y?width=300&height=200
20-03-2024,1214.817749,1221.918438,1206.780086,1211.316643,6596032,9,Bharti Airtel,BHARTIARTL.NS,Stock,Telecom,https://1drv.ms/i/c/8705623eb284e7df/IQSxu2hqOY7-QLx90cczkqQ3AaiyjTAlNRBkOjXYHjazv6Y?width=300&height=200
21-03-2024,1203.969482,1225.764777,1197.36178,1220.932306,9952250,9,Bharti Airtel,BHARTIARTL.NS,Stock,Telecom,https://1drv.ms/i/c/8705623eb284e7df/IQSxu2hqOY7-QLx90cczkqQ3AaiyjTAlNRBkOjXYHjazv6Y?width=300&height=200
22-03-2024,1219.05835,1227.835673,1205.152765,1210.034473,7840007,9,Bharti Airtel,BHARTIARTL.NS,Stock,Telecom,https://1drv.ms/i/c/8705623eb284e7df/IQSxu2hqOY7-QLx90cczkqQ3AaiyjTAlNRBkOjXYHjazv6Y?width=300&height=200
26-03-2024,1196.375488,1216.987373,1193.318251,1208.111452,10898138,9,Bharti Airtel,BHARTIARTL.NS,Stock,Telecom,https://1drv.ms/i/c/8705623eb284e7df/IQSxu2hqOY7-QLx90cczkqQ3AaiyjTAlNRBkOjXYHjazv6Y?width=300&height=200
27-03-2024,1207.914307,1211.316695,1193.860765,1193.860765,5779169,9,Bharti Airtel,BHARTIARTL.NS,Stock,Telecom,https://1drv.ms/i/c/8705623eb284e7df/IQSxu2hqOY7-QLx90cczkqQ3AaiyjTAlNRBkOjXYHjazv6Y?width=300&height=200
28-03-2024,1211.661865,1221.425403,1203.476366,1210.034589,10518377,9,Bharti Airtel,BHARTIARTL.NS,Stock,Telecom,https://1drv.ms/i/c/8705623eb284e7df/IQSxu2hqOY7-QLx90cczkqQ3AaiyjTAlNRBkOjXYHjazv6Y?width=300&height=200
01-04-2024,1200.566895,1214.916348,1191.345823,1211.070092,5461473,9,Bharti Airtel,BHARTIARTL.NS,Stock,Telecom,https://1drv.ms/i/c/8705623eb284e7df/IQSxu2hqOY7-QLx90cczkqQ3AaiyjTAlNRBkOjXYHjazv6Y?width=300&height=200
02-04-2024,1191.592407,1210.82357,1186.611981,1208.111483,3625577,9,Bharti Airtel,BHARTIARTL.NS,Stock,Telecom,https://1drv.ms/i/c/8705623eb284e7df/IQSxu2hqOY7-QLx90cczkqQ3AaiyjTAlNRBkOjXYHjazv6Y?width=300&height=200
03-04-2024,1208.801758,1223.496362,1173.051521,1178.525054,9532291,9,Bharti Airtel,BHARTIARTL.NS,Stock,Telecom,https://1drv.ms/i/c/8705623eb284e7df/IQSxu2hqOY7-QLx90cczkqQ3AaiyjTAlNRBkOjXYHjazv6Y?width=300&height=200
04-04-2024,1190.21167,1216.001176,1184.738258,1214.965603,7327626,9,Bharti Airtel,BHARTIARTL.NS,Stock,Telecom,https://1drv.ms/i/c/8705623eb284e7df/IQSxu2hqOY7-QLx90cczkqQ3AaiyjTAlNRBkOjXYHjazv6Y?width=300&height=200
05-04-2024,1174.5802,1194.64962,1172.558415,1189.274804,4227519,9,Bharti Airtel,BHARTIARTL.NS,Stock,Telecom,https://1drv.ms/i/c/8705623eb284e7df/IQSxu2hqOY7-QLx90cczkqQ3AaiyjTAlNRBkOjXYHjazv6Y?width=300&height=200
08-04-2024,1188.091309,1193.860754,1166.789122,1171.621592,4827733,9,Bharti Airtel,BHARTIARTL.NS,Stock,Telecom,https://1drv.ms/i/c/8705623eb284e7df/IQSxu2hqOY7-QLx90cczkqQ3AaiyjTAlNRBkOjXYHjazv6Y?width=300&height=200
09-04-2024,1187.844727,1198.199968,1181.77961,1198.199968,3372798,9,Bharti Airtel,BHARTIARTL.NS,Stock,Telecom,https://1drv.ms/i/c/8705623eb284e7df/IQSxu2hqOY7-QLx90cczkqQ3AaiyjTAlNRBkOjXYHjazv6Y?width=300&height=200
10-04-2024,1212.450806,1213.732811,1192.085474,1196.523435,6442196,9,Bharti Airtel,BHARTIARTL.NS,Stock,Telecom,https://1drv.ms/i/c/8705623eb284e7df/IQSxu2hqOY7-QLx90cczkqQ3AaiyjTAlNRBkOjXYHjazv6Y?width=300&height=200
12-04-2024,1208.653931,1214.867003,1202.73665,1209.196276,7877073,9,Bharti Airtel,BHARTIARTL.NS,Stock,Telecom,https://1drv.ms/i/c/8705623eb284e7df/IQSxu2hqOY7-QLx90cczkqQ3AaiyjTAlNRBkOjXYHjazv6Y?width=300&height=200
15-04-2024,1207.667725,1217.973607,1193.663421,1193.909975,4281602,9,Bharti Airtel,BHARTIARTL.NS,Stock,Telecom,https://1drv.ms/i/c/8705623eb284e7df/IQSxu2hqOY7-QLx90cczkqQ3AaiyjTAlNRBkOjXYHjazv6Y?width=300&height=200
16-04-2024,1199.679321,1216.938057,1195.340078,1207.026684,5235632,9,Bharti Airtel,BHARTIARTL.NS,Stock,Telecom,https://1drv.ms/i/c/8705623eb284e7df/IQSxu2hqOY7-QLx90cczkqQ3AaiyjTAlNRBkOjXYHjazv6Y?width=300&height=200
18-04-2024,1248.299683,1264.177695,1199.038369,1203.180417,19939924,9,Bharti Airtel,BHARTIARTL.NS,Stock,Telecom,https://1drv.ms/i/c/8705623eb284e7df/IQSxu2hqOY7-QLx90cczkqQ3AaiyjTAlNRBkOjXYHjazv6Y?width=300&height=200
19-04-2024,1271.229126,1278.625727,1236.070593,1262.353205,13103862,9,Bharti Airtel,BHARTIARTL.NS,Stock,Telecom,https://1drv.ms/i/c/8705623eb284e7df/IQSxu2hqOY7-QLx90cczkqQ3AaiyjTAlNRBkOjXYHjazv6Y?width=300&height=200
22-04-2024,1279.661255,1287.403006,1270.489422,1286.022283,7894656,9,Bharti Airtel,BHARTIARTL.NS,Stock,Telecom,https://1drv.ms/i/c/8705623eb284e7df/IQSxu2hqOY7-QLx90cczkqQ3AaiyjTAlNRBkOjXYHjazv6Y?width=300&height=200
23-04-2024,1323.843506,1332.374276,1284.148417,1291.939527,12074766,9,Bharti Airtel,BHARTIARTL.NS,Stock,Telecom,https://1drv.ms/i/c/8705623eb284e7df/IQSxu2hqOY7-QLx90cczkqQ3AaiyjTAlNRBkOjXYHjazv6Y?width=300&height=200
24-04-2024,1317.975586,1335.332917,1315.164902,1333.360491,6277492,9,Bharti Airtel,BHARTIARTL.NS,Stock,Telecom,https://1drv.ms/i/c/8705623eb284e7df/IQSxu2hqOY7-QLx90cczkqQ3AaiyjTAlNRBkOjXYHjazv6Y?width=300&height=200
25-04-2024,1320.243896,1325.273681,1306.091758,1312.650101,8512627,9,Bharti Airtel,BHARTIARTL.NS,Stock,Telecom,https://1drv.ms/i/c/8705623eb284e7df/IQSxu2hqOY7-QLx90cczkqQ3AaiyjTAlNRBkOjXYHjazv6Y?width=300&height=200
26-04-2024,1307.718994,1327.14735,1303.77414,1319.553555,5289771,9,Bharti Airtel,BHARTIARTL.NS,Stock,Telecom,https://1drv.ms/i/c/8705623eb284e7df/IQSxu2hqOY7-QLx90cczkqQ3AaiyjTAlNRBkOjXYHjazv6Y?width=300&height=200
29-04-2024,1314.080078,1327.443319,1301.801769,1306.239729,3195888,9,Bharti Airtel,BHARTIARTL.NS,Stock,Telecom,https://1drv.ms/i/c/8705623eb284e7df/IQSxu2hqOY7-QLx90cczkqQ3AaiyjTAlNRBkOjXYHjazv6Y?width=300&height=200
30-04-2024,1304.070068,1316.397736,1301.75237,1304.908326,5272565,9,Bharti Airtel,BHARTIARTL.NS,Stock,Telecom,https://1drv.ms/i/c/8705623eb284e7df/IQSxu2hqOY7-QLx90cczkqQ3AaiyjTAlNRBkOjXYHjazv6Y?width=300&height=200
02-05-2024,1286.071655,1301.703114,1275.765653,1297.117197,7995432,9,Bharti Airtel,BHARTIARTL.NS,Stock,Telecom,https://1drv.ms/i/c/8705623eb284e7df/IQSxu2hqOY7-QLx90cczkqQ3AaiyjTAlNRBkOjXYHjazv6Y?width=300&height=200
03-05-2024,1259.789063,1292.432703,1240.804454,1287.994743,11290875,9,Bharti Airtel,BHARTIARTL.NS,Stock,Telecom,https://1drv.ms/i/c/8705623eb284e7df/IQSxu2hqOY7-QLx90cczkqQ3AaiyjTAlNRBkOjXYHjazv6Y?width=300&height=200
06-05-2024,1265.706299,1280.548738,1255.64685,1257.422082,5555467,9,Bharti Airtel,BHARTIARTL.NS,Stock,Telecom,https://1drv.ms/i/c/8705623eb284e7df/IQSxu2hqOY7-QLx90cczkqQ3AaiyjTAlNRBkOjXYHjazv6Y?width=300&height=200
07-05-2024,1268.418457,1276.603956,1253.477299,1268.615652,5767030,9,Bharti Airtel,BHARTIARTL.NS,Stock,Telecom,https://1drv.ms/i/c/8705623eb284e7df/IQSxu2hqOY7-QLx90cczkqQ3AaiyjTAlNRBkOjXYHjazv6Y?width=300&height=200
08-05-2024,1270.834595,1281.485748,1257.126204,1258.556286,2682816,9,Bharti Airtel,BHARTIARTL.NS,Stock,Telecom,https://1drv.ms/i/c/8705623eb284e7df/IQSxu2hqOY7-QLx90cczkqQ3AaiyjTAlNRBkOjXYHjazv6Y?width=300&height=200
09-05-2024,1257.865845,1277.442277,1252.540389,1265.311804,4809145,9,Bharti Airtel,BHARTIARTL.NS,Stock,Telecom,https://1drv.ms/i/c/8705623eb284e7df/IQSxu2hqOY7-QLx90cczkqQ3AaiyjTAlNRBkOjXYHjazv6Y?width=300&height=200
10-05-2024,1283.211548,1290.460192,1254.216851,1257.471403,5532513,9,Bharti Airtel,BHARTIARTL.NS,Stock,Telecom,https://1drv.ms/i/c/8705623eb284e7df/IQSxu2hqOY7-QLx90cczkqQ3AaiyjTAlNRBkOjXYHjazv6Y?width=300&height=200
13-05-2024,1268.221191,1284.937582,1263.733992,1283.211709,3703942,9,Bharti Airtel,BHARTIARTL.NS,Stock,Telecom,https://1drv.ms/i/c/8705623eb284e7df/IQSxu2hqOY7-QLx90cczkqQ3AaiyjTAlNRBkOjXYHjazv6Y?width=300&height=200
14-05-2024,1266.593994,1281.9789,1263.043529,1272.757828,3262908,9,Bharti Airtel,BHARTIARTL.NS,Stock,Telecom,https://1drv.ms/i/c/8705623eb284e7df/IQSxu2hqOY7-QLx90cczkqQ3AaiyjTAlNRBkOjXYHjazv6Y?width=300&height=200
15-05-2024,1291.840942,1300.0758,1262.846245,1263.881817,6891004,9,Bharti Airtel,BHARTIARTL.NS,Stock,Telecom,https://1drv.ms/i/c/8705623eb284e7df/IQSxu2hqOY7-QLx90cczkqQ3AaiyjTAlNRBkOjXYHjazv6Y?width=300&height=200
16-05-2024,1326.555786,1338.143795,1303.083977,1309.691559,11932181,9,Bharti Airtel,BHARTIARTL.NS,Stock,Telecom,https://1drv.ms/i/c/8705623eb284e7df/IQSxu2hqOY7-QLx90cczkqQ3AaiyjTAlNRBkOjXYHjazv6Y?width=300&height=200
17-05-2024,1325.914673,1341.250341,1320.786411,1334.93855,6614017,9,Bharti Airtel,BHARTIARTL.NS,Stock,Telecom,https://1drv.ms/i/c/8705623eb284e7df/IQSxu2hqOY7-QLx90cczkqQ3AaiyjTAlNRBkOjXYHjazv6Y?width=300&height=200
21-05-2024,1325.766846,1343.962436,1317.334672,1337.305495,5422220,9,Bharti Airtel,BHARTIARTL.NS,Stock,Telecom,https://1drv.ms/i/c/8705623eb284e7df/IQSxu2hqOY7-QLx90cczkqQ3AaiyjTAlNRBkOjXYHjazv6Y?width=300&height=200
22-05-2024,1329.317017,1332.374254,1311.220025,1323.64629,3026723,9,Bharti Airtel,BHARTIARTL.NS,Stock,Telecom,https://1drv.ms/i/c/8705623eb284e7df/IQSxu2hqOY7-QLx90cczkqQ3AaiyjTAlNRBkOjXYHjazv6Y?width=300&height=200
23-05-2024,1355.106567,1358.311761,1325.766719,1332.127747,7147341,9,Bharti Airtel,BHARTIARTL.NS,Stock,Telecom,https://1drv.ms/i/c/8705623eb284e7df/IQSxu2hqOY7-QLx90cczkqQ3AaiyjTAlNRBkOjXYHjazv6Y?width=300&height=200
24-05-2024,1369.357422,1378.479897,1355.106685,1356.536647,5622368,9,Bharti Airtel,BHARTIARTL.NS,Stock,Telecom,https://1drv.ms/i/c/8705623eb284e7df/IQSxu2hqOY7-QLx90cczkqQ3AaiyjTAlNRBkOjXYHjazv6Y?width=300&height=200
27-05-2024,1365.264526,1387.602284,1359.002095,1376.753937,6553974,9,Bharti Airtel,BHARTIARTL.NS,Stock,Telecom,https://1drv.ms/i/c/8705623eb284e7df/IQSxu2hqOY7-QLx90cczkqQ3AaiyjTAlNRBkOjXYHjazv6Y?width=300&height=200
28-05-2024,1352.147949,1367.828646,1348.055139,1365.708384,2068963,9,Bharti Airtel,BHARTIARTL.NS,Stock,Telecom,https://1drv.ms/i/c/8705623eb284e7df/IQSxu2hqOY7-QLx90cczkqQ3AaiyjTAlNRBkOjXYHjazv6Y?width=300&height=200
29-05-2024,1358.114502,1371.083233,1336.812316,1336.812316,4445083,9,Bharti Airtel,BHARTIARTL.NS,Stock,Telecom,https://1drv.ms/i/c/8705623eb284e7df/IQSxu2hqOY7-QLx90cczkqQ3AaiyjTAlNRBkOjXYHjazv6Y?width=300&height=200
30-05-2024,1358.16394,1367.335654,1344.702102,1359.791217,7100303,9,Bharti Airtel,BHARTIARTL.NS,Stock,Telecom,https://1drv.ms/i/c/8705623eb284e7df/IQSxu2hqOY7-QLx90cczkqQ3AaiyjTAlNRBkOjXYHjazv6Y?width=300&height=200
31-05-2024,1353.824585,1368.864341,1319.553666,1360.974633,24825643,9,Bharti Airtel,BHARTIARTL.NS,Stock,Telecom,https://1drv.ms/i/c/8705623eb284e7df/IQSxu2hqOY7-QLx90cczkqQ3AaiyjTAlNRBkOjXYHjazv6Y?width=300&height=200
03-06-2024,1371.921387,1400.866725,1365.905509,1395.787822,6017122,9,Bharti Airtel,BHARTIARTL.NS,Stock,Telecom,https://1drv.ms/i/c/8705623eb284e7df/IQSxu2hqOY7-QLx90cczkqQ3AaiyjTAlNRBkOjXYHjazv6Y?width=300&height=200
04-06-2024,1281.781616,1377.740236,1202.243595,1371.921553,19924421,9,Bharti Airtel,BHARTIARTL.NS,Stock,Telecom,https://1drv.ms/i/c/8705623eb284e7df/IQSxu2hqOY7-QLx90cczkqQ3AaiyjTAlNRBkOjXYHjazv6Y?width=300&height=200
05-06-2024,1325.815918,1330.155281,1262.205156,1307.373776,12175520,9,Bharti Airtel,BHARTIARTL.NS,Stock,Telecom,https://1drv.ms/i/c/8705623eb284e7df/IQSxu2hqOY7-QLx90cczkqQ3AaiyjTAlNRBkOjXYHjazv6Y?width=300&height=200
06-06-2024,1351.704102,1357.276232,1310.677647,1340.26405,10279789,9,Bharti Airtel,BHARTIARTL.NS,Stock,Telecom,https://1drv.ms/i/c/8705623eb284e7df/IQSxu2hqOY7-QLx90cczkqQ3AaiyjTAlNRBkOjXYHjazv6Y?width=300&height=200
07-06-2024,1405.600708,1410.926285,1344.356877,1351.704119,12280748,9,Bharti Airtel,BHARTIARTL.NS,Stock,Telecom,https://1drv.ms/i/c/8705623eb284e7df/IQSxu2hqOY7-QLx90cczkqQ3AaiyjTAlNRBkOjXYHjazv6Y?width=300&height=200
10-06-2024,1406.389771,1416.843609,1401.458703,1401.458703,5318477,9,Bharti Airtel,BHARTIARTL.NS,Stock,Telecom,https://1drv.ms/i/c/8705623eb284e7df/IQSxu2hqOY7-QLx90cczkqQ3AaiyjTAlNRBkOjXYHjazv6Y?width=300&height=200
11-06-2024,1407.57312,1414.821765,1393.519579,1406.340353,4416792,9,Bharti Airtel,BHARTIARTL.NS,Stock,Telecom,https://1drv.ms/i/c/8705623eb284e7df/IQSxu2hqOY7-QLx90cczkqQ3AaiyjTAlNRBkOjXYHjazv6Y?width=300&height=200
12-06-2024,1418.569458,1427.889127,1402.494131,1405.354174,4876138,9,Bharti Airtel,BHARTIARTL.NS,Stock,Telecom,https://1drv.ms/i/c/8705623eb284e7df/IQSxu2hqOY7-QLx90cczkqQ3AaiyjTAlNRBkOjXYHjazv6Y?width=300&height=200
13-06-2024,1406.09375,1435.877346,1400.866771,1429.023211,7990376,9,Bharti Airtel,BHARTIARTL.NS,Stock,Telecom,https://1drv.ms/i/c/8705623eb284e7df/IQSxu2hqOY7-QLx90cczkqQ3AaiyjTAlNRBkOjXYHjazv6Y?width=300&height=200
14-06-2024,1407.721069,1414.230054,1401.359921,1414.230054,3978442,9,Bharti Airtel,BHARTIARTL.NS,Stock,Telecom,https://1drv.ms/i/c/8705623eb284e7df/IQSxu2hqOY7-QLx90cczkqQ3AaiyjTAlNRBkOjXYHjazv6Y?width=300&height=200
18-06-2024,1408.657837,1424.0921,1398.450553,1424.0921,8671131,9,Bharti Airtel,BHARTIARTL.NS,Stock,Telecom,https://1drv.ms/i/c/8705623eb284e7df/IQSxu2hqOY7-QLx90cczkqQ3AaiyjTAlNRBkOjXYHjazv6Y?width=300&height=200
19-06-2024,1373.154175,1415.019005,1369.160083,1414.180627,8640918,9,Bharti Airtel,BHARTIARTL.NS,Stock,Telecom,https://1drv.ms/i/c/8705623eb284e7df/IQSxu2hqOY7-QLx90cczkqQ3AaiyjTAlNRBkOjXYHjazv6Y?width=300&height=200
20-06-2024,1362.108643,1387.552876,1357.276173,1386.566662,8742855,9,Bharti Airtel,BHARTIARTL.NS,Stock,Telecom,https://1drv.ms/i/c/8705623eb284e7df/IQSxu2hqOY7-QLx90cczkqQ3AaiyjTAlNRBkOjXYHjazv6Y?width=300&height=200
21-06-2024,1396.527588,1404.318578,1353.923095,1365.856254,43929578,9,Bharti Airtel,BHARTIARTL.NS,Stock,Telecom,https://1drv.ms/i/c/8705623eb284e7df/IQSxu2hqOY7-QLx90cczkqQ3AaiyjTAlNRBkOjXYHjazv6Y?width=300&height=200
24-06-2024,1400.22583,1404.170684,1370.19556,1382.671183,6195831,9,Bharti Airtel,BHARTIARTL.NS,Stock,Telecom,https://1drv.ms/i/c/8705623eb284e7df/IQSxu2hqOY7-QLx90cczkqQ3AaiyjTAlNRBkOjXYHjazv6Y?width=300&height=200
25-06-2024,1395.442749,1414.230164,1390.413084,1414.230164,6353748,9,Bharti Airtel,BHARTIARTL.NS,Stock,Telecom,https://1drv.ms/i/c/8705623eb284e7df/IQSxu2hqOY7-QLx90cczkqQ3AaiyjTAlNRBkOjXYHjazv6Y?width=300&height=200
26-06-2024,1439.37854,1459.546557,1389.525402,1395.442682,9579826,9,Bharti Airtel,BHARTIARTL.NS,Stock,Telecom,https://1drv.ms/i/c/8705623eb284e7df/IQSxu2hqOY7-QLx90cczkqQ3AaiyjTAlNRBkOjXYHjazv6Y?width=300&height=200
27-06-2024,1455.453857,1468.471827,1420.196727,1443.816491,19675528,9,Bharti Airtel,BHARTIARTL.NS,Stock,Telecom,https://1drv.ms/i/c/8705623eb284e7df/IQSxu2hqOY7-QLx90cczkqQ3AaiyjTAlNRBkOjXYHjazv6Y?width=300&height=200
28-06-2024,1424.141479,1515.070305,1416.843476,1515.070305,29145832,9,Bharti Airtel,BHARTIARTL.NS,Stock,Telecom,https://1drv.ms/i/c/8705623eb284e7df/IQSxu2hqOY7-QLx90cczkqQ3AaiyjTAlNRBkOjXYHjazv6Y?width=300&height=200
01-07-2024,1433.954346,1446.577926,1429.269832,1430.009492,6011806,9,Bharti Airtel,BHARTIARTL.NS,Stock,Telecom,https://1drv.ms/i/c/8705623eb284e7df/IQSxu2hqOY7-QLx90cczkqQ3AaiyjTAlNRBkOjXYHjazv6Y?width=300&height=200
02-07-2024,1399.387573,1453.08697,1397.464505,1441.844112,7792632,9,Bharti Airtel,BHARTIARTL.NS,Stock,Telecom,https://1drv.ms/i/c/8705623eb284e7df/IQSxu2hqOY7-QLx90cczkqQ3AaiyjTAlNRBkOjXYHjazv6Y?width=300&height=200
03-07-2024,1400.275146,1412.652173,1389.032289,1408.263451,8261388,9,Bharti Airtel,BHARTIARTL.NS,Stock,Telecom,https://1drv.ms/i/c/8705623eb284e7df/IQSxu2hqOY7-QLx90cczkqQ3AaiyjTAlNRBkOjXYHjazv6Y?width=300&height=200
04-07-2024,1403.43103,1421.23211,1392.040217,1398.450604,9570938,9,Bharti Airtel,BHARTIARTL.NS,Stock,Telecom,https://1drv.ms/i/c/8705623eb284e7df/IQSxu2hqOY7-QLx90cczkqQ3AaiyjTAlNRBkOjXYHjazv6Y?width=300&height=200
05-07-2024,1409.98938,1413.835637,1397.316561,1402.888691,4881198,9,Bharti Airtel,BHARTIARTL.NS,Stock,Telecom,https://1drv.ms/i/c/8705623eb284e7df/IQSxu2hqOY7-QLx90cczkqQ3AaiyjTAlNRBkOjXYHjazv6Y?width=300&height=200
08-07-2024,1415.364258,1419.013199,1403.529696,1411.271448,3261797,9,Bharti Airtel,BHARTIARTL.NS,Stock,Telecom,https://1drv.ms/i/c/8705623eb284e7df/IQSxu2hqOY7-QLx90cczkqQ3AaiyjTAlNRBkOjXYHjazv6Y?width=300&height=200
09-07-2024,1415.758667,1421.774545,1408.460664,1416.202415,2897480,9,Bharti Airtel,BHARTIARTL.NS,Stock,Telecom,https://1drv.ms/i/c/8705623eb284e7df/IQSxu2hqOY7-QLx90cczkqQ3AaiyjTAlNRBkOjXYHjazv6Y?width=300&height=200
10-07-2024,1425.127686,1428.776627,1406.488229,1421.133473,3416762,9,Bharti Airtel,BHARTIARTL.NS,Stock,Telecom,https://1drv.ms/i/c/8705623eb284e7df/IQSxu2hqOY7-QLx90cczkqQ3AaiyjTAlNRBkOjXYHjazv6Y?width=300&height=200
11-07-2024,1418.125488,1430.847665,1408.312713,1430.009408,4178558,9,Bharti Airtel,BHARTIARTL.NS,Stock,Telecom,https://1drv.ms/i/c/8705623eb284e7df/IQSxu2hqOY7-QLx90cczkqQ3AaiyjTAlNRBkOjXYHjazv6Y?width=300&height=200
12-07-2024,1413.490479,1427.642618,1401.853111,1422.119847,6342135,9,Bharti Airtel,BHARTIARTL.NS,Stock,Telecom,https://1drv.ms/i/c/8705623eb284e7df/IQSxu2hqOY7-QLx90cczkqQ3AaiyjTAlNRBkOjXYHjazv6Y?width=300&height=200
15-07-2024,1417.780396,1420.147332,1406.389703,1413.490391,3324806,9,Bharti Airtel,BHARTIARTL.NS,Stock,Telecom,https://1drv.ms/i/c/8705623eb284e7df/IQSxu2hqOY7-QLx90cczkqQ3AaiyjTAlNRBkOjXYHjazv6Y?width=300&height=200
16-07-2024,1446.281982,1452.988282,1425.078394,1431.981888,6967651,9,Bharti Airtel,BHARTIARTL.NS,Stock,Telecom,https://1drv.ms/i/c/8705623eb284e7df/IQSxu2hqOY7-QLx90cczkqQ3AaiyjTAlNRBkOjXYHjazv6Y?width=300&height=200
18-07-2024,1463.195679,1465.463898,1438.934851,1445.788986,6470342,9,Bharti Airtel,BHARTIARTL.NS,Stock,Telecom,https://1drv.ms/i/c/8705623eb284e7df/IQSxu2hqOY7-QLx90cczkqQ3AaiyjTAlNRBkOjXYHjazv6Y?width=300&height=200
19-07-2024,1441.597534,1459.59593,1431.932594,1459.59593,3858596,9,Bharti Airtel,BHARTIARTL.NS,Stock,Telecom,https://1drv.ms/i/c/8705623eb284e7df/IQSxu2hqOY7-QLx90cczkqQ3AaiyjTAlNRBkOjXYHjazv6Y?width=300&height=200
22-07-2024,1445.197144,1451.706128,1429.072579,1430.009433,3560584,9,Bharti Airtel,BHARTIARTL.NS,Stock,Telecom,https://1drv.ms/i/c/8705623eb284e7df/IQSxu2hqOY7-QLx90cczkqQ3AaiyjTAlNRBkOjXYHjazv6Y?width=300&height=200
23-07-2024,1445.493042,1449.733808,1408.75659,1449.733808,2936143,9,Bharti Airtel,BHARTIARTL.NS,Stock,Telecom,https://1drv.ms/i/c/8705623eb284e7df/IQSxu2hqOY7-QLx90cczkqQ3AaiyjTAlNRBkOjXYHjazv6Y?width=300&height=200
24-07-2024,1435.137695,1455.256473,1416.744912,1445.788848,4529339,9,Bharti Airtel,BHARTIARTL.NS,Stock,Telecom,https://1drv.ms/i/c/8705623eb284e7df/IQSxu2hqOY7-QLx90cczkqQ3AaiyjTAlNRBkOjXYHjazv6Y?width=300&height=200
25-07-2024,1429.171265,1433.954376,1420.245985,1425.078455,4277756,9,Bharti Airtel,BHARTIARTL.NS,Stock,Telecom,https://1drv.ms/i/c/8705623eb284e7df/IQSxu2hqOY7-QLx90cczkqQ3AaiyjTAlNRBkOjXYHjazv6Y?width=300&height=200
26-07-2024,1493.521606,1499.044377,1429.171182,1430.255992,9564987,9,Bharti Airtel,BHARTIARTL.NS,Stock,Telecom,https://1drv.ms/i/c/8705623eb284e7df/IQSxu2hqOY7-QLx90cczkqQ3AaiyjTAlNRBkOjXYHjazv6Y?width=300&height=200
29-07-2024,1460.927246,1503.975487,1456.686601,1503.975487,4589313,9,Bharti Airtel,BHARTIARTL.NS,Stock,Telecom,https://1drv.ms/i/c/8705623eb284e7df/IQSxu2hqOY7-QLx90cczkqQ3AaiyjTAlNRBkOjXYHjazv6Y?width=300&height=200
30-07-2024,1450.078857,1464.428311,1443.865785,1463.935204,4263689,9,Bharti Airtel,BHARTIARTL.NS,Stock,Telecom,https://1drv.ms/i/c/8705623eb284e7df/IQSxu2hqOY7-QLx90cczkqQ3AaiyjTAlNRBkOjXYHjazv6Y?width=300&height=200
31-07-2024,1470.986694,1483.41296,1452.840343,1457.475498,5634305,9,Bharti Airtel,BHARTIARTL.NS,Stock,Telecom,https://1drv.ms/i/c/8705623eb284e7df/IQSxu2hqOY7-QLx90cczkqQ3AaiyjTAlNRBkOjXYHjazv6Y?width=300&height=200
01-08-2024,1484.744385,1490.168559,1464.527009,1464.527009,4531379,9,Bharti Airtel,BHARTIARTL.NS,Stock,Telecom,https://1drv.ms/i/c/8705623eb284e7df/IQSxu2hqOY7-QLx90cczkqQ3AaiyjTAlNRBkOjXYHjazv6Y?width=300&height=200
02-08-2024,1473.205688,1484.399187,1463.146239,1473.50148,3335905,9,Bharti Airtel,BHARTIARTL.NS,Stock,Telecom,https://1drv.ms/i/c/8705623eb284e7df/IQSxu2hqOY7-QLx90cczkqQ3AaiyjTAlNRBkOjXYHjazv6Y?width=300&height=200
05-08-2024,1445.493042,1467.485651,1431.488859,1461.56837,5111901,9,Bharti Airtel,BHARTIARTL.NS,Stock,Telecom,https://1drv.ms/i/c/8705623eb284e7df/IQSxu2hqOY7-QLx90cczkqQ3AaiyjTAlNRBkOjXYHjazv6Y?width=300&height=200
06-08-2024,1423.648438,1472.318046,1411.370008,1462.653106,8249573,9,Bharti Airtel,BHARTIARTL.NS,Stock,Telecom,https://1drv.ms/i/c/8705623eb284e7df/IQSxu2hqOY7-QLx90cczkqQ3AaiyjTAlNRBkOjXYHjazv6Y?width=300&height=200
07-08-2024,1429.796997,1442.838,1410.805738,1439.962018,5700734,9,Bharti Airtel,BHARTIARTL.NS,Stock,Telecom,https://1drv.ms/i/c/8705623eb284e7df/IQSxu2hqOY7-QLx90cczkqQ3AaiyjTAlNRBkOjXYHjazv6Y?width=300&height=200
08-08-2024,1439.763794,1454.341874,1418.14448,1423.103027,5986360,9,Bharti Airtel,BHARTIARTL.NS,Stock,Telecom,https://1drv.ms/i/c/8705623eb284e7df/IQSxu2hqOY7-QLx90cczkqQ3AaiyjTAlNRBkOjXYHjazv6Y?width=300&height=200
09-08-2024,1451.96167,1469.713292,1445.218119,1452.854233,3615910,9,Bharti Airtel,BHARTIARTL.NS,Stock,Telecom,https://1drv.ms/i/c/8705623eb284e7df/IQSxu2hqOY7-QLx90cczkqQ3AaiyjTAlNRBkOjXYHjazv6Y?width=300&height=200
12-08-2024,1446.507324,1465.250656,1433.0201,1453.845998,4028226,9,Bharti Airtel,BHARTIARTL.NS,Stock,Telecom,https://1drv.ms/i/c/8705623eb284e7df/IQSxu2hqOY7-QLx90cczkqQ3AaiyjTAlNRBkOjXYHjazv6Y?width=300&height=200
13-08-2024,1447.598145,1466.143183,1438.325686,1455.829381,4495208,9,Bharti Airtel,BHARTIARTL.NS,Stock,Telecom,https://1drv.ms/i/c/8705623eb284e7df/IQSxu2hqOY7-QLx90cczkqQ3AaiyjTAlNRBkOjXYHjazv6Y?width=300&height=200
14-08-2024,1459.498657,1467.82904,1441.052887,1441.052887,5891784,9,Bharti Airtel,BHARTIARTL.NS,Stock,Telecom,https://1drv.ms/i/c/8705623eb284e7df/IQSxu2hqOY7-QLx90cczkqQ3AaiyjTAlNRBkOjXYHjazv6Y?width=300&height=200
16-08-2024,1471.250488,1478.638675,1455.928506,1467.729872,7176426,9,Bharti Airtel,BHARTIARTL.NS,Stock,Telecom,https://1drv.ms/i/c/8705623eb284e7df/IQSxu2hqOY7-QLx90cczkqQ3AaiyjTAlNRBkOjXYHjazv6Y?width=300&height=200
19-08-2024,1457.46582,1476.754521,1452.160199,1474.671955,4404075,9,Bharti Airtel,BHARTIARTL.NS,Stock,Telecom,https://1drv.ms/i/c/8705623eb284e7df/IQSxu2hqOY7-QLx90cczkqQ3AaiyjTAlNRBkOjXYHjazv6Y?width=300&height=200
20-08-2024,1437.135742,1472.440574,1434.507688,1467.729954,10046892,9,Bharti Airtel,BHARTIARTL.NS,Stock,Telecom,https://1drv.ms/i/c/8705623eb284e7df/IQSxu2hqOY7-QLx90cczkqQ3AaiyjTAlNRBkOjXYHjazv6Y?width=300&height=200
21-08-2024,1451.317139,1454.441048,1435.697715,1440.953823,6175510,9,Bharti Airtel,BHARTIARTL.NS,Stock,Telecom,https://1drv.ms/i/c/8705623eb284e7df/IQSxu2hqOY7-QLx90cczkqQ3AaiyjTAlNRBkOjXYHjazv6Y?width=300&height=200
22-08-2024,1474.027222,1487.464932,1452.854251,1461.482074,6781325,9,Bharti Airtel,BHARTIARTL.NS,Stock,Telecom,https://1drv.ms/i/c/8705623eb284e7df/IQSxu2hqOY7-QLx90cczkqQ3AaiyjTAlNRBkOjXYHjazv6Y?width=300&height=200
23-08-2024,1494.258179,1497.481234,1467.085316,1480.622174,6238112,9,Bharti Airtel,BHARTIARTL.NS,Stock,Telecom,https://1drv.ms/i/c/8705623eb284e7df/IQSxu2hqOY7-QLx90cczkqQ3AaiyjTAlNRBkOjXYHjazv6Y?width=300&height=200
26-08-2024,1501.001831,1508.092457,1492.522667,1496.489505,4307432,9,Bharti Airtel,BHARTIARTL.NS,Stock,Telecom,https://1drv.ms/i/c/8705623eb284e7df/IQSxu2hqOY7-QLx90cczkqQ3AaiyjTAlNRBkOjXYHjazv6Y?width=300&height=200
27-08-2024,1510.125488,1513.695618,1489.547518,1505.414869,3965066,9,Bharti Airtel,BHARTIARTL.NS,Stock,Telecom,https://1drv.ms/i/c/8705623eb284e7df/IQSxu2hqOY7-QLx90cczkqQ3AaiyjTAlNRBkOjXYHjazv6Y?width=300&height=200
28-08-2024,1543.446899,1551.529355,1509.034632,1515.282328,6225319,9,Bharti Airtel,BHARTIARTL.NS,Stock,Telecom,https://1drv.ms/i/c/8705623eb284e7df/IQSxu2hqOY7-QLx90cczkqQ3AaiyjTAlNRBkOjXYHjazv6Y?width=300&height=200
29-08-2024,1552.917847,1558.669689,1533.133171,1552.025284,8036748,9,Bharti Airtel,BHARTIARTL.NS,Stock,Telecom,https://1drv.ms/i/c/8705623eb284e7df/IQSxu2hqOY7-QLx90cczkqQ3AaiyjTAlNRBkOjXYHjazv6Y?width=300&height=200
30-08-2024,1575.875854,1595.065407,1548.653359,1562.933999,37820442,9,Bharti Airtel,BHARTIARTL.NS,Stock,Telecom,https://1drv.ms/i/c/8705623eb284e7df/IQSxu2hqOY7-QLx90cczkqQ3AaiyjTAlNRBkOjXYHjazv6Y?width=300&height=200
02-09-2024,1558.32251,1591.693555,1552.521034,1591.693555,4890314,9,Bharti Airtel,BHARTIARTL.NS,Stock,Telecom,https://1drv.ms/i/c/8705623eb284e7df/IQSxu2hqOY7-QLx90cczkqQ3AaiyjTAlNRBkOjXYHjazv6Y?width=300&height=200
03-09-2024,1547.661743,1565.909221,1545.678324,1565.909221,4546295,9,Bharti Airtel,BHARTIARTL.NS,Stock,Telecom,https://1drv.ms/i/c/8705623eb284e7df/IQSxu2hqOY7-QLx90cczkqQ3AaiyjTAlNRBkOjXYHjazv6Y?width=300&height=200
04-09-2024,1548.950928,1553.016912,1529.215887,1545.083237,5213811,9,Bharti Airtel,BHARTIARTL.NS,Stock,Telecom,https://1drv.ms/i/c/8705623eb284e7df/IQSxu2hqOY7-QLx90cczkqQ3AaiyjTAlNRBkOjXYHjazv6Y?width=300&height=200
05-09-2024,1534.372803,1550.04186,1528.720107,1546.075023,5652812,9,Bharti Airtel,BHARTIARTL.NS,Stock,Telecom,https://1drv.ms/i/c/8705623eb284e7df/IQSxu2hqOY7-QLx90cczkqQ3AaiyjTAlNRBkOjXYHjazv6Y?width=300&height=200
06-09-2024,1526.48877,1542.703195,1517.513751,1539.926481,5497805,9,Bharti Airtel,BHARTIARTL.NS,Stock,Telecom,https://1drv.ms/i/c/8705623eb284e7df/IQSxu2hqOY7-QLx90cczkqQ3AaiyjTAlNRBkOjXYHjazv6Y?width=300&height=200
09-09-2024,1529.860596,1533.92658,1510.621408,1510.621408,3912508,9,Bharti Airtel,BHARTIARTL.NS,Stock,Telecom,https://1drv.ms/i/c/8705623eb284e7df/IQSxu2hqOY7-QLx90cczkqQ3AaiyjTAlNRBkOjXYHjazv6Y?width=300&height=200
10-09-2024,1564.768677,1572.851133,1532.339827,1532.339827,6163457,9,Bharti Airtel,BHARTIARTL.NS,Stock,Telecom,https://1drv.ms/i/c/8705623eb284e7df/IQSxu2hqOY7-QLx90cczkqQ3AaiyjTAlNRBkOjXYHjazv6Y?width=300&height=200
11-09-2024,1564.719116,1585.64416,1561.396793,1565.36363,5994914,9,Bharti Airtel,BHARTIARTL.NS,Stock,Telecom,https://1drv.ms/i/c/8705623eb284e7df/IQSxu2hqOY7-QLx90cczkqQ3AaiyjTAlNRBkOjXYHjazv6Y?width=300&height=200
12-09-2024,1633.097412,1639.097302,1576.917052,1582.916942,12204496,9,Bharti Airtel,BHARTIARTL.NS,Stock,Telecom,https://1drv.ms/i/c/8705623eb284e7df/IQSxu2hqOY7-QLx90cczkqQ3AaiyjTAlNRBkOjXYHjazv6Y?width=300&height=200
13-09-2024,1620.899414,1641.179944,1617.527699,1637.312253,5609618,9,Bharti Airtel,BHARTIARTL.NS,Stock,Telecom,https://1drv.ms/i/c/8705623eb284e7df/IQSxu2hqOY7-QLx90cczkqQ3AaiyjTAlNRBkOjXYHjazv6Y?width=300&height=200
16-09-2024,1621.891113,1639.246028,1616.585492,1620.899404,3762063,9,Bharti Airtel,BHARTIARTL.NS,Stock,Telecom,https://1drv.ms/i/c/8705623eb284e7df/IQSxu2hqOY7-QLx90cczkqQ3AaiyjTAlNRBkOjXYHjazv6Y?width=300&height=200
17-09-2024,1647.973145,1652.237544,1624.9159,1636.320559,4223072,9,Bharti Airtel,BHARTIARTL.NS,Stock,Telecom,https://1drv.ms/i/c/8705623eb284e7df/IQSxu2hqOY7-QLx90cczkqQ3AaiyjTAlNRBkOjXYHjazv6Y?width=300&height=200
18-09-2024,1641.179932,1657.096795,1634.188332,1641.477372,3171195,9,Bharti Airtel,BHARTIARTL.NS,Stock,Telecom,https://1drv.ms/i/c/8705623eb284e7df/IQSxu2hqOY7-QLx90cczkqQ3AaiyjTAlNRBkOjXYHjazv6Y?width=300&height=200
19-09-2024,1651.047363,1697.508924,1634.039523,1634.039523,8498240,9,Bharti Airtel,BHARTIARTL.NS,Stock,Telecom,https://1drv.ms/i/c/8705623eb284e7df/IQSxu2hqOY7-QLx90cczkqQ3AaiyjTAlNRBkOjXYHjazv6Y?width=300&height=200
20-09-2024,1697.558594,1709.112033,1652.187888,1657.146435,21646275,9,Bharti Airtel,BHARTIARTL.NS,Stock,Telecom,https://1drv.ms/i/c/8705623eb284e7df/IQSxu2hqOY7-QLx90cczkqQ3AaiyjTAlNRBkOjXYHjazv6Y?width=300&height=200
23-09-2024,1735.937744,1739.706288,1704.748531,1704.748531,5001827,9,Bharti Airtel,BHARTIARTL.NS,Stock,Telecom,https://1drv.ms/i/c/8705623eb284e7df/IQSxu2hqOY7-QLx90cczkqQ3AaiyjTAlNRBkOjXYHjazv6Y?width=300&height=200
24-09-2024,1742.086304,1752.89596,1731.623721,1737.474831,7579205,9,Bharti Airtel,BHARTIARTL.NS,Stock,Telecom,https://1drv.ms/i/c/8705623eb284e7df/IQSxu2hqOY7-QLx90cczkqQ3AaiyjTAlNRBkOjXYHjazv6Y?width=300&height=200
25-09-2024,1745.805298,1752.251409,1730.532948,1740.995531,4017103,9,Bharti Airtel,BHARTIARTL.NS,Stock,Telecom,https://1drv.ms/i/c/8705623eb284e7df/IQSxu2hqOY7-QLx90cczkqQ3AaiyjTAlNRBkOjXYHjazv6Y?width=300&height=200
26-09-2024,1756.416504,1764.251032,1731.673403,1755.325648,7417423,9,Bharti Airtel,BHARTIARTL.NS,Stock,Telecom,https://1drv.ms/i/c/8705623eb284e7df/IQSxu2hqOY7-QLx90cczkqQ3AaiyjTAlNRBkOjXYHjazv6Y?width=300&height=200
27-09-2024,1720.219116,1748.829908,1708.219457,1740.648306,7116861,9,Bharti Airtel,BHARTIARTL.NS,Stock,Telecom,https://1drv.ms/i/c/8705623eb284e7df/IQSxu2hqOY7-QLx90cczkqQ3AaiyjTAlNRBkOjXYHjazv6Y?width=300&height=200
30-09-2024,1695.376831,1718.632368,1690.071089,1699.789889,6907288,9,Bharti Airtel,BHARTIARTL.NS,Stock,Telecom,https://1drv.ms/i/c/8705623eb284e7df/IQSxu2hqOY7-QLx90cczkqQ3AaiyjTAlNRBkOjXYHjazv6Y?width=300&height=200
01-10-2024,1684.616699,1708.566505,1681.939132,1690.864517,3649090,9,Bharti Airtel,BHARTIARTL.NS,Stock,Telecom,https://1drv.ms/i/c/8705623eb284e7df/IQSxu2hqOY7-QLx90cczkqQ3AaiyjTAlNRBkOjXYHjazv6Y?width=300&height=200
03-10-2024,1659.57605,1680.947436,1651.196154,1651.196154,7200276,9,Bharti Airtel,BHARTIARTL.NS,Stock,Telecom,https://1drv.ms/i/c/8705623eb284e7df/IQSxu2hqOY7-QLx90cczkqQ3AaiyjTAlNRBkOjXYHjazv6Y?width=300&height=200
04-10-2024,1627.296021,1672.71624,1616.635144,1656.204374,8576527,9,Bharti Airtel,BHARTIARTL.NS,Stock,Telecom,https://1drv.ms/i/c/8705623eb284e7df/IQSxu2hqOY7-QLx90cczkqQ3AaiyjTAlNRBkOjXYHjazv6Y?width=300&height=200
07-10-2024,1648.27063,1656.154671,1628.833029,1637.312193,5387707,9,Bharti Airtel,BHARTIARTL.NS,Stock,Telecom,https://1drv.ms/i/c/8705623eb284e7df/IQSxu2hqOY7-QLx90cczkqQ3AaiyjTAlNRBkOjXYHjazv6Y?width=300&height=200
08-10-2024,1643.70874,1665.575982,1638.303972,1648.816068,5224335,9,Bharti Airtel,BHARTIARTL.NS,Stock,Telecom,https://1drv.ms/i/c/8705623eb284e7df/IQSxu2hqOY7-QLx90cczkqQ3AaiyjTAlNRBkOjXYHjazv6Y?width=300&height=200
09-10-2024,1664.1875,1690.467799,1647.278928,1652.931623,3414614,9,Bharti Airtel,BHARTIARTL.NS,Stock,Telecom,https://1drv.ms/i/c/8705623eb284e7df/IQSxu2hqOY7-QLx90cczkqQ3AaiyjTAlNRBkOjXYHjazv6Y?width=300&height=200
10-10-2024,1664.1875,1684.864617,1651.196131,1672.61703,5047657,9,Bharti Airtel,BHARTIARTL.NS,Stock,Telecom,https://1drv.ms/i/c/8705623eb284e7df/IQSxu2hqOY7-QLx90cczkqQ3AaiyjTAlNRBkOjXYHjazv6Y?width=300&height=200
11-10-2024,1673.410522,1676.23687,1644.898876,1664.187576,2367678,9,Bharti Airtel,BHARTIARTL.NS,Stock,Telecom,https://1drv.ms/i/c/8705623eb284e7df/IQSxu2hqOY7-QLx90cczkqQ3AaiyjTAlNRBkOjXYHjazv6Y?width=300&height=200
14-10-2024,1681.54248,1695.872754,1665.427202,1672.022094,2069815,9,Bharti Airtel,BHARTIARTL.NS,Stock,Telecom,https://1drv.ms/i/c/8705623eb284e7df/IQSxu2hqOY7-QLx90cczkqQ3AaiyjTAlNRBkOjXYHjazv6Y?width=300&height=200
15-10-2024,1703.012939,1718.384435,1685.856319,1693.839628,5891334,9,Bharti Airtel,BHARTIARTL.NS,Stock,Telecom,https://1drv.ms/i/c/8705623eb284e7df/IQSxu2hqOY7-QLx90cczkqQ3AaiyjTAlNRBkOjXYHjazv6Y?width=300&height=200
16-10-2024,1719.574463,1727.805699,1702.864184,1705.740165,3299887,9,Bharti Airtel,BHARTIARTL.NS,Stock,Telecom,https://1drv.ms/i/c/8705623eb284e7df/IQSxu2hqOY7-QLx90cczkqQ3AaiyjTAlNRBkOjXYHjazv6Y?width=300&height=200
17-10-2024,1687.046509,1723.541343,1680.35247,1722.35134,4373392,9,Bharti Airtel,BHARTIARTL.NS,Stock,Telecom,https://1drv.ms/i/c/8705623eb284e7df/IQSxu2hqOY7-QLx90cczkqQ3AaiyjTAlNRBkOjXYHjazv6Y?width=300&height=200
18-10-2024,1693.690918,1701.872521,1671.228675,1695.823117,4154915,9,Bharti Airtel,BHARTIARTL.NS,Stock,Telecom,https://1drv.ms/i/c/8705623eb284e7df/IQSxu2hqOY7-QLx90cczkqQ3AaiyjTAlNRBkOjXYHjazv6Y?width=300&height=200
21-10-2024,1678.517822,1694.78176,1648.221051,1691.410045,3836168,9,Bharti Airtel,BHARTIARTL.NS,Stock,Telecom,https://1drv.ms/i/c/8705623eb284e7df/IQSxu2hqOY7-QLx90cczkqQ3AaiyjTAlNRBkOjXYHjazv6Y?width=300&height=200
22-10-2024,1678.220215,1698.699038,1673.360815,1677.972287,3070057,9,Bharti Airtel,BHARTIARTL.NS,Stock,Telecom,https://1drv.ms/i/c/8705623eb284e7df/IQSxu2hqOY7-QLx90cczkqQ3AaiyjTAlNRBkOjXYHjazv6Y?width=300&height=200
23-10-2024,1671.82373,1687.244739,1666.170914,1675.988861,2764757,9,Bharti Airtel,BHARTIARTL.NS,Stock,Telecom,https://1drv.ms/i/c/8705623eb284e7df/IQSxu2hqOY7-QLx90cczkqQ3AaiyjTAlNRBkOjXYHjazv6Y?width=300&height=200
24-10-2024,1664.534668,1678.964089,1643.659257,1673.013832,3669575,9,Bharti Airtel,BHARTIARTL.NS,Stock,Telecom,https://1drv.ms/i/c/8705623eb284e7df/IQSxu2hqOY7-QLx90cczkqQ3AaiyjTAlNRBkOjXYHjazv6Y?width=300&height=200
25-10-2024,1652.187866,1670.782418,1642.121992,1667.162654,3434386,9,Bharti Airtel,BHARTIARTL.NS,Stock,Telecom,https://1drv.ms/i/c/8705623eb284e7df/IQSxu2hqOY7-QLx90cczkqQ3AaiyjTAlNRBkOjXYHjazv6Y?width=300&height=200
28-10-2024,1649.559814,1663.939601,1632.006606,1644.402974,2811651,9,Bharti Airtel,BHARTIARTL.NS,Stock,Telecom,https://1drv.ms/i/c/8705623eb284e7df/IQSxu2hqOY7-QLx90cczkqQ3AaiyjTAlNRBkOjXYHjazv6Y?width=300&height=200
29-10-2024,1623.527466,1654.121677,1596.652165,1636.816396,6990747,9,Bharti Airtel,BHARTIARTL.NS,Stock,Telecom,https://1drv.ms/i/c/8705623eb284e7df/IQSxu2hqOY7-QLx90cczkqQ3AaiyjTAlNRBkOjXYHjazv6Y?width=300&height=200
30-10-2024,1619.808594,1637.31229,1604.387585,1614.304679,4622628,9,Bharti Airtel,BHARTIARTL.NS,Stock,Telecom,https://1drv.ms/i/c/8705623eb284e7df/IQSxu2hqOY7-QLx90cczkqQ3AaiyjTAlNRBkOjXYHjazv6Y?width=300&height=200
31-10-2024,1599.230591,1625.21345,1588.867276,1620.453197,4921681,9,Bharti Airtel,BHARTIARTL.NS,Stock,Telecom,https://1drv.ms/i/c/8705623eb284e7df/IQSxu2hqOY7-QLx90cczkqQ3AaiyjTAlNRBkOjXYHjazv6Y?width=300&height=200
01-11-2024,1603.048584,1612.866531,1592.040634,1606.569201,279441,9,Bharti Airtel,BHARTIARTL.NS,Stock,Telecom,https://1drv.ms/i/c/8705623eb284e7df/IQSxu2hqOY7-QLx90cczkqQ3AaiyjTAlNRBkOjXYHjazv6Y?width=300&height=200
04-11-2024,1578.057617,1610.38732,1560.008554,1605.726334,6094029,9,Bharti Airtel,BHARTIARTL.NS,Stock,Telecom,https://1drv.ms/i/c/8705623eb284e7df/IQSxu2hqOY7-QLx90cczkqQ3AaiyjTAlNRBkOjXYHjazv6Y?width=300&height=200
05-11-2024,1565.314209,1580.685705,1553.016988,1570.123976,6473278,9,Bharti Airtel,BHARTIARTL.NS,Stock,Telecom,https://1drv.ms/i/c/8705623eb284e7df/IQSxu2hqOY7-QLx90cczkqQ3AaiyjTAlNRBkOjXYHjazv6Y?width=300&height=200
06-11-2024,1585.545044,1597.395923,1553.512782,1569.875987,6631728,9,Bharti Airtel,BHARTIARTL.NS,Stock,Telecom,https://1drv.ms/i/c/8705623eb284e7df/IQSxu2hqOY7-QLx90cczkqQ3AaiyjTAlNRBkOjXYHjazv6Y?width=300&height=200
07-11-2024,1562.735718,1595.214201,1556.636681,1582.718565,5160994,9,Bharti Airtel,BHARTIARTL.NS,Stock,Telecom,https://1drv.ms/i/c/8705623eb284e7df/IQSxu2hqOY7-QLx90cczkqQ3AaiyjTAlNRBkOjXYHjazv6Y?width=300&height=200
08-11-2024,1556.884644,1566.40503,1545.926206,1557.9755,3096384,9,Bharti Airtel,BHARTIARTL.NS,Stock,Telecom,https://1drv.ms/i/c/8705623eb284e7df/IQSxu2hqOY7-QLx90cczkqQ3AaiyjTAlNRBkOjXYHjazv6Y?width=300&height=200
11-11-2024,1547.612183,1568.487593,1538.934725,1548.058403,3664301,9,Bharti Airtel,BHARTIARTL.NS,Stock,Telecom,https://1drv.ms/i/c/8705623eb284e7df/IQSxu2hqOY7-QLx90cczkqQ3AaiyjTAlNRBkOjXYHjazv6Y?width=300&height=200
12-11-2024,1542.752808,1581.77655,1537.248772,1555.793811,4479934,9,Bharti Airtel,BHARTIARTL.NS,Stock,Telecom,https://1drv.ms/i/c/8705623eb284e7df/IQSxu2hqOY7-QLx90cczkqQ3AaiyjTAlNRBkOjXYHjazv6Y?width=300&height=200
13-11-2024,1537.595825,1559.463066,1533.529841,1546.967552,5816699,9,Bharti Airtel,BHARTIARTL.NS,Stock,Telecom,https://1drv.ms/i/c/8705623eb284e7df/IQSxu2hqOY7-QLx90cczkqQ3AaiyjTAlNRBkOjXYHjazv6Y?width=300&height=200
14-11-2024,1537.645386,1555.0003,1523.811088,1537.149531,5139154,9,Bharti Airtel,BHARTIARTL.NS,Stock,Telecom,https://1drv.ms/i/c/8705623eb284e7df/IQSxu2hqOY7-QLx90cczkqQ3AaiyjTAlNRBkOjXYHjazv6Y?width=300&height=200
18-11-2024,1524.257324,1555.942391,1516.76987,1555.942391,4816078,9,Bharti Airtel,BHARTIARTL.NS,Stock,Telecom,https://1drv.ms/i/c/8705623eb284e7df/IQSxu2hqOY7-QLx90cczkqQ3AaiyjTAlNRBkOjXYHjazv6Y?width=300&height=200
19-11-2024,1512.852661,1545.083216,1506.704111,1524.257319,6238241,9,Bharti Airtel,BHARTIARTL.NS,Stock,Telecom,https://1drv.ms/i/c/8705623eb284e7df/IQSxu2hqOY7-QLx90cczkqQ3AaiyjTAlNRBkOjXYHjazv6Y?width=300&height=200
21-11-2024,1512.505615,1529.265528,1498.472903,1525.249057,7356679,9,Bharti Airtel,BHARTIARTL.NS,Stock,Telecom,https://1drv.ms/i/c/8705623eb284e7df/IQSxu2hqOY7-QLx90cczkqQ3AaiyjTAlNRBkOjXYHjazv6Y?width=300&height=200
22-11-2024,1556.289673,1561.942368,1507.596642,1520.290572,7640321,9,Bharti Airtel,BHARTIARTL.NS,Stock,Telecom,https://1drv.ms/i/c/8705623eb284e7df/IQSxu2hqOY7-QLx90cczkqQ3AaiyjTAlNRBkOjXYHjazv6Y?width=300&height=200
25-11-2024,1565.661255,1595.908392,1549.595611,1568.834677,12155641,9,Bharti Airtel,BHARTIARTL.NS,Stock,Telecom,https://1drv.ms/i/c/8705623eb284e7df/IQSxu2hqOY7-QLx90cczkqQ3AaiyjTAlNRBkOjXYHjazv6Y?width=300&height=200
26-11-2024,1564.173706,1591.544862,1553.016975,1576.818001,4030593,9,Bharti Airtel,BHARTIARTL.NS,Stock,Telecom,https://1drv.ms/i/c/8705623eb284e7df/IQSxu2hqOY7-QLx90cczkqQ3AaiyjTAlNRBkOjXYHjazv6Y?width=300&height=200
27-11-2024,1564.570435,1570.619838,1541.265263,1556.140904,4982785,9,Bharti Airtel,BHARTIARTL.NS,Stock,Telecom,https://1drv.ms/i/c/8705623eb284e7df/IQSxu2hqOY7-QLx90cczkqQ3AaiyjTAlNRBkOjXYHjazv6Y?width=300&height=200
28-11-2024,1547.463379,1575.330389,1544.041909,1557.975474,6714728,9,Bharti Airtel,BHARTIARTL.NS,Stock,Telecom,https://1drv.ms/i/c/8705623eb284e7df/IQSxu2hqOY7-QLx90cczkqQ3AaiyjTAlNRBkOjXYHjazv6Y?width=300&height=200
29-11-2024,1613.660034,1635.229714,1538.290117,1538.290117,10775801,9,Bharti Airtel,BHARTIARTL.NS,Stock,Telecom,https://1drv.ms/i/c/8705623eb284e7df/IQSxu2hqOY7-QLx90cczkqQ3AaiyjTAlNRBkOjXYHjazv6Y?width=300&height=200
02-12-2024,1629.973511,1632.551931,1603.792359,1613.65994,3790108,9,Bharti Airtel,BHARTIARTL.NS,Stock,Telecom,https://1drv.ms/i/c/8705623eb284e7df/IQSxu2hqOY7-QLx90cczkqQ3AaiyjTAlNRBkOjXYHjazv6Y?width=300&height=200
03-12-2024,1607.114746,1639.196522,1599.776072,1639.196522,9131055,9,Bharti Airtel,BHARTIARTL.NS,Stock,Telecom,https://1drv.ms/i/c/8705623eb284e7df/IQSxu2hqOY7-QLx90cczkqQ3AaiyjTAlNRBkOjXYHjazv6Y?width=300&height=200
04-12-2024,1570.966797,1616.982136,1569.280939,1616.238354,8772014,9,Bharti Airtel,BHARTIARTL.NS,Stock,Telecom,https://1drv.ms/i/c/8705623eb284e7df/IQSxu2hqOY7-QLx90cczkqQ3AaiyjTAlNRBkOjXYHjazv6Y?width=300&height=200
05-12-2024,1601.957764,1608.602289,1572.206482,1586.735049,10324005,9,Bharti Airtel,BHARTIARTL.NS,Stock,Telecom,https://1drv.ms/i/c/8705623eb284e7df/IQSxu2hqOY7-QLx90cczkqQ3AaiyjTAlNRBkOjXYHjazv6Y?width=300&height=200
06-12-2024,1584.602905,1611.180767,1581.578264,1604.585875,4296866,9,Bharti Airtel,BHARTIARTL.NS,Stock,Telecom,https://1drv.ms/i/c/8705623eb284e7df/IQSxu2hqOY7-QLx90cczkqQ3AaiyjTAlNRBkOjXYHjazv6Y?width=300&height=200
09-12-2024,1589.263916,1592.586118,1575.875839,1582.669024,4264409,9,Bharti Airtel,BHARTIARTL.NS,Stock,Telecom,https://1drv.ms/i/c/8705623eb284e7df/IQSxu2hqOY7-QLx90cczkqQ3AaiyjTAlNRBkOjXYHjazv6Y?width=300&height=200
10-12-2024,1565.562134,1598.486839,1557.033457,1597.197689,14645786,9,Bharti Airtel,BHARTIARTL.NS,Stock,Telecom,https://1drv.ms/i/c/8705623eb284e7df/IQSxu2hqOY7-QLx90cczkqQ3AaiyjTAlNRBkOjXYHjazv6Y?width=300&height=200
11-12-2024,1572.851074,1574.834493,1558.173727,1574.834493,3853182,9,Bharti Airtel,BHARTIARTL.NS,Stock,Telecom,https://1drv.ms/i/c/8705623eb284e7df/IQSxu2hqOY7-QLx90cczkqQ3AaiyjTAlNRBkOjXYHjazv6Y?width=300&height=200
12-12-2024,1597.197632,1604.486672,1565.413297,1565.413297,13120939,9,Bharti Airtel,BHARTIARTL.NS,Stock,Telecom,https://1drv.ms/i/c/8705623eb284e7df/IQSxu2hqOY7-QLx90cczkqQ3AaiyjTAlNRBkOjXYHjazv6Y?width=300&height=200
13-12-2024,1667.807251,1671.030306,1593.478681,1604.585778,12900707,9,Bharti Airtel,BHARTIARTL.NS,Stock,Telecom,https://1drv.ms/i/c/8705623eb284e7df/IQSxu2hqOY7-QLx90cczkqQ3AaiyjTAlNRBkOjXYHjazv6Y?width=300&height=200
16-12-2024,1648.766479,1673.013725,1646.386353,1667.807251,4375126,9,Bharti Airtel,BHARTIARTL.NS,Stock,Telecom,https://1drv.ms/i/c/8705623eb284e7df/IQSxu2hqOY7-QLx90cczkqQ3AaiyjTAlNRBkOjXYHjazv6Y?width=300&height=200
17-12-2024,1601.908203,1644.89878,1595.164531,1636.816325,6182486,9,Bharti Airtel,BHARTIARTL.NS,Stock,Telecom,https://1drv.ms/i/c/8705623eb284e7df/IQSxu2hqOY7-QLx90cczkqQ3AaiyjTAlNRBkOjXYHjazv6Y?width=300&height=200
18-12-2024,1588.619385,1609.54443,1582.867422,1607.957719,3905144,9,Bharti Airtel,BHARTIARTL.NS,Stock,Telecom,https://1drv.ms/i/c/8705623eb284e7df/IQSxu2hqOY7-QLx90cczkqQ3AaiyjTAlNRBkOjXYHjazv6Y?width=300&height=200
19-12-2024,1587.032593,1596.404198,1572.305611,1573.247808,5865855,9,Bharti Airtel,BHARTIARTL.NS,Stock,Telecom,https://1drv.ms/i/c/8705623eb284e7df/IQSxu2hqOY7-QLx90cczkqQ3AaiyjTAlNRBkOjXYHjazv6Y?width=300&height=200
20-12-2024,1565.016602,1608.85023,1560.355616,1596.652156,9738879,9,Bharti Airtel,BHARTIARTL.NS,Stock,Telecom,https://1drv.ms/i/c/8705623eb284e7df/IQSxu2hqOY7-QLx90cczkqQ3AaiyjTAlNRBkOjXYHjazv6Y?width=300&height=200
23-12-2024,1573.743652,1594.123208,1565.264489,1572.85109,4363599,9,Bharti Airtel,BHARTIARTL.NS,Stock,Telecom,https://1drv.ms/i/c/8705623eb284e7df/IQSxu2hqOY7-QLx90cczkqQ3AaiyjTAlNRBkOjXYHjazv6Y?width=300&height=200
24-12-2024,1570.768555,1585.545049,1561.942317,1576.817958,3610076,9,Bharti Airtel,BHARTIARTL.NS,Stock,Telecom,https://1drv.ms/i/c/8705623eb284e7df/IQSxu2hqOY7-QLx90cczkqQ3AaiyjTAlNRBkOjXYHjazv6Y?width=300&height=200
26-12-2024,1586.239258,1593.528298,1567.99178,1570.768615,3400479,9,Bharti Airtel,BHARTIARTL.NS,Stock,Telecom,https://1drv.ms/i/c/8705623eb284e7df/IQSxu2hqOY7-QLx90cczkqQ3AaiyjTAlNRBkOjXYHjazv6Y?width=300&height=200
27-12-2024,1586.586304,1614.949169,1583.065808,1586.23923,2559578,9,Bharti Airtel,BHARTIARTL.NS,Stock,Telecom,https://1drv.ms/i/c/8705623eb284e7df/IQSxu2hqOY7-QLx90cczkqQ3AaiyjTAlNRBkOjXYHjazv6Y?width=300&height=200
30-12-2024,1573.743652,1599.676877,1567.991689,1591.693568,4438130,9,Bharti Airtel,BHARTIARTL.NS,Stock,Telecom,https://1drv.ms/i/c/8705623eb284e7df/IQSxu2hqOY7-QLx90cczkqQ3AaiyjTAlNRBkOjXYHjazv6Y?width=300&height=200
31-12-2024,1574.58667,1583.958276,1550.388935,1569.87605,2249626,9,Bharti Airtel,BHARTIARTL.NS,Stock,Telecom,https://1drv.ms/i/c/8705623eb284e7df/IQSxu2hqOY7-QLx90cczkqQ3AaiyjTAlNRBkOjXYHjazv6Y?width=300&height=200
01-01-2025,1582.470703,1593.230847,1570.917385,1579.793136,1405565,9,Bharti Airtel,BHARTIARTL.NS,Stock,Telecom,https://1drv.ms/i/c/8705623eb284e7df/IQSxu2hqOY7-QLx90cczkqQ3AaiyjTAlNRBkOjXYHjazv6Y?width=300&height=200
02-01-2025,1596.354614,1606.172562,1575.231276,1586.635935,3728040,9,Bharti Airtel,BHARTIARTL.NS,Stock,Telecom,https://1drv.ms/i/c/8705623eb284e7df/IQSxu2hqOY7-QLx90cczkqQ3AaiyjTAlNRBkOjXYHjazv6Y?width=300&height=200
03-01-2025,1585.594604,1603.594155,1580.09069,1601.610736,3669685,9,Bharti Airtel,BHARTIARTL.NS,Stock,Telecom,https://1drv.ms/i/c/8705623eb284e7df/IQSxu2hqOY7-QLx90cczkqQ3AaiyjTAlNRBkOjXYHjazv6Y?width=300&height=200
06-01-2025,1575.280762,1596.503367,1554.10779,1582.916997,4584188,9,Bharti Airtel,BHARTIARTL.NS,Stock,Telecom,https://1drv.ms/i/c/8705623eb284e7df/IQSxu2hqOY7-QLx90cczkqQ3AaiyjTAlNRBkOjXYHjazv6Y?width=300&height=200
07-01-2025,1577.660889,1589.710182,1570.917337,1580.784798,2830856,9,Bharti Airtel,BHARTIARTL.NS,Stock,Telecom,https://1drv.ms/i/c/8705623eb284e7df/IQSxu2hqOY7-QLx90cczkqQ3AaiyjTAlNRBkOjXYHjazv6Y?width=300&height=200
08-01-2025,1585.94165,1600.07351,1564.768679,1585.49543,3674564,9,Bharti Airtel,BHARTIARTL.NS,Stock,Telecom,https://1drv.ms/i/c/8705623eb284e7df/IQSxu2hqOY7-QLx90cczkqQ3AaiyjTAlNRBkOjXYHjazv6Y?width=300&height=200
09-01-2025,1593.726685,1606.767567,1579.198117,1586.735085,4684859,9,Bharti Airtel,BHARTIARTL.NS,Stock,Telecom,https://1drv.ms/i/c/8705623eb284e7df/IQSxu2hqOY7-QLx90cczkqQ3AaiyjTAlNRBkOjXYHjazv6Y?width=300&height=200
10-01-2025,1602.503296,1611.527828,1578.603123,1594.668767,4145892,9,Bharti Airtel,BHARTIARTL.NS,Stock,Telecom,https://1drv.ms/i/c/8705623eb284e7df/IQSxu2hqOY7-QLx90cczkqQ3AaiyjTAlNRBkOjXYHjazv6Y?width=300&height=200
13-01-2025,1583.958252,1601.313167,1565.016626,1566.900898,3705039,9,Bharti Airtel,BHARTIARTL.NS,Stock,Telecom,https://1drv.ms/i/c/8705623eb284e7df/IQSxu2hqOY7-QLx90cczkqQ3AaiyjTAlNRBkOjXYHjazv6Y?width=300&height=200
14-01-2025,1586.834229,1619.858201,1565.413329,1591.396068,7284572,9,Bharti Airtel,BHARTIARTL.NS,Stock,Telecom,https://1drv.ms/i/c/8705623eb284e7df/IQSxu2hqOY7-QLx90cczkqQ3AaiyjTAlNRBkOjXYHjazv6Y?width=300&height=200
15-01-2025,1594.123291,1600.470256,1579.793138,1594.718414,2960985,9,Bharti Airtel,BHARTIARTL.NS,Stock,Telecom,https://1drv.ms/i/c/8705623eb284e7df/IQSxu2hqOY7-QLx90cczkqQ3AaiyjTAlNRBkOjXYHjazv6Y?width=300&height=200
16-01-2025,1616.684692,1621.444946,1587.280604,1605.627229,5299325,9,Bharti Airtel,BHARTIARTL.NS,Stock,Telecom,https://1drv.ms/i/c/8705623eb284e7df/IQSxu2hqOY7-QLx90cczkqQ3AaiyjTAlNRBkOjXYHjazv6Y?width=300&height=200
17-01-2025,1614.00708,1625.411738,1609.544388,1616.5855,2678801,9,Bharti Airtel,BHARTIARTL.NS,Stock,Telecom,https://1drv.ms/i/c/8705623eb284e7df/IQSxu2hqOY7-QLx90cczkqQ3AaiyjTAlNRBkOjXYHjazv6Y?width=300&height=200
20-01-2025,1627.543945,1631.362002,1604.684995,1624.420036,3933044,9,Bharti Airtel,BHARTIARTL.NS,Stock,Telecom,https://1drv.ms/i/c/8705623eb284e7df/IQSxu2hqOY7-QLx90cczkqQ3AaiyjTAlNRBkOjXYHjazv6Y?width=300&height=200
21-01-2025,1612.668335,1642.964986,1606.866859,1640.287419,7958844,9,Bharti Airtel,BHARTIARTL.NS,Stock,Telecom,https://1drv.ms/i/c/8705623eb284e7df/IQSxu2hqOY7-QLx90cczkqQ3AaiyjTAlNRBkOjXYHjazv6Y?width=300&height=200
22-01-2025,1618.221802,1627.395114,1609.098124,1614.007037,3262136,9,Bharti Airtel,BHARTIARTL.NS,Stock,Telecom,https://1drv.ms/i/c/8705623eb284e7df/IQSxu2hqOY7-QLx90cczkqQ3AaiyjTAlNRBkOjXYHjazv6Y?width=300&height=200
23-01-2025,1622.436646,1631.758738,1603.79246,1611.031987,2457080,9,Bharti Airtel,BHARTIARTL.NS,Stock,Telecom,https://1drv.ms/i/c/8705623eb284e7df/IQSxu2hqOY7-QLx90cczkqQ3AaiyjTAlNRBkOjXYHjazv6Y?width=300&height=200
24-01-2025,1631.163696,1648.121903,1620.50282,1620.50282,3620058,9,Bharti Airtel,BHARTIARTL.NS,Stock,Telecom,https://1drv.ms/i/c/8705623eb284e7df/IQSxu2hqOY7-QLx90cczkqQ3AaiyjTAlNRBkOjXYHjazv6Y?width=300&height=200
27-01-2025,1589.313477,1633.543692,1580.487239,1625.362089,6622807,9,Bharti Airtel,BHARTIARTL.NS,Stock,Telecom,https://1drv.ms/i/c/8705623eb284e7df/IQSxu2hqOY7-QLx90cczkqQ3AaiyjTAlNRBkOjXYHjazv6Y?width=300&height=200
28-01-2025,1604.932861,1616.783861,1583.75989,1594.321619,5216471,9,Bharti Airtel,BHARTIARTL.NS,Stock,Telecom,https://1drv.ms/i/c/8705623eb284e7df/IQSxu2hqOY7-QLx90cczkqQ3AaiyjTAlNRBkOjXYHjazv6Y?width=300&height=200
29-01-2025,1587.181274,1613.412061,1579.941868,1606.569242,5009227,9,Bharti Airtel,BHARTIARTL.NS,Stock,Telecom,https://1drv.ms/i/c/8705623eb284e7df/IQSxu2hqOY7-QLx90cczkqQ3AaiyjTAlNRBkOjXYHjazv6Y?width=300&height=200
30-01-2025,1627.147217,1631.312348,1581.974805,1593.379463,4283637,9,Bharti Airtel,BHARTIARTL.NS,Stock,Telecom,https://1drv.ms/i/c/8705623eb284e7df/IQSxu2hqOY7-QLx90cczkqQ3AaiyjTAlNRBkOjXYHjazv6Y?width=300&height=200
31-01-2025,1612.817017,1625.510824,1561.198495,1625.510824,8340866,9,Bharti Airtel,BHARTIARTL.NS,Stock,Telecom,https://1drv.ms/i/c/8705623eb284e7df/IQSxu2hqOY7-QLx90cczkqQ3AaiyjTAlNRBkOjXYHjazv6Y?width=300&height=200
01-02-2025,1609.792358,1630.370329,1595.858792,1613.511269,2741589,9,Bharti Airtel,BHARTIARTL.NS,Stock,Telecom,https://1drv.ms/i/c/8705623eb284e7df/IQSxu2hqOY7-QLx90cczkqQ3AaiyjTAlNRBkOjXYHjazv6Y?width=300&height=200
03-02-2025,1638.651001,1647.229311,1594.76786,1606.470079,4146970,9,Bharti Airtel,BHARTIARTL.NS,Stock,Telecom,https://1drv.ms/i/c/8705623eb284e7df/IQSxu2hqOY7-QLx90cczkqQ3AaiyjTAlNRBkOjXYHjazv6Y?width=300&height=200
04-02-2025,1647.675537,1654.468843,1615.544249,1648.369806,6385876,9,Bharti Airtel,BHARTIARTL.NS,Stock,Telecom,https://1drv.ms/i/c/8705623eb284e7df/IQSxu2hqOY7-QLx90cczkqQ3AaiyjTAlNRBkOjXYHjazv6Y?width=300&height=200
05-02-2025,1646.683838,1661.311552,1635.42796,1656.154711,3920893,9,Bharti Airtel,BHARTIARTL.NS,Stock,Telecom,https://1drv.ms/i/c/8705623eb284e7df/IQSxu2hqOY7-QLx90cczkqQ3AaiyjTAlNRBkOjXYHjazv6Y?width=300&height=200
06-02-2025,1606.321289,1653.477119,1599.875178,1652.088702,5229162,9,Bharti Airtel,BHARTIARTL.NS,Stock,Telecom,https://1drv.ms/i/c/8705623eb284e7df/IQSxu2hqOY7-QLx90cczkqQ3AaiyjTAlNRBkOjXYHjazv6Y?width=300&height=200
07-02-2025,1662.848755,1693.393453,1621.444887,1621.494521,14873255,9,Bharti Airtel,BHARTIARTL.NS,Stock,Telecom,https://1drv.ms/i/c/8705623eb284e7df/IQSxu2hqOY7-QLx90cczkqQ3AaiyjTAlNRBkOjXYHjazv6Y?width=300&height=200
10-02-2025,1679.013672,1685.906004,1664.138031,1684.765514,6782878,9,Bharti Airtel,BHARTIARTL.NS,Stock,Telecom,https://1drv.ms/i/c/8705623eb284e7df/IQSxu2hqOY7-QLx90cczkqQ3AaiyjTAlNRBkOjXYHjazv6Y?width=300&height=200
11-02-2025,1682.682983,1692.500931,1672.2204,1691.856296,8965266,9,Bharti Airtel,BHARTIARTL.NS,Stock,Telecom,https://1drv.ms/i/c/8705623eb284e7df/IQSxu2hqOY7-QLx90cczkqQ3AaiyjTAlNRBkOjXYHjazv6Y?width=300&height=200
12-02-2025,1697.360352,1699.49243,1670.534563,1689.872897,7148192,9,Bharti Airtel,BHARTIARTL.NS,Stock,Telecom,https://1drv.ms/i/c/8705623eb284e7df/IQSxu2hqOY7-QLx90cczkqQ3AaiyjTAlNRBkOjXYHjazv6Y?width=300&height=200
13-02-2025,1700.384888,1714.070526,1689.773646,1695.823049,5356002,9,Bharti Airtel,BHARTIARTL.NS,Stock,Telecom,https://1drv.ms/i/c/8705623eb284e7df/IQSxu2hqOY7-QLx90cczkqQ3AaiyjTAlNRBkOjXYHjazv6Y?width=300&height=200
14-02-2025,1702.814697,1709.806176,1691.112478,1699.789935,5125863,9,Bharti Airtel,BHARTIARTL.NS,Stock,Telecom,https://1drv.ms/i/c/8705623eb284e7df/IQSxu2hqOY7-QLx90cczkqQ3AaiyjTAlNRBkOjXYHjazv6Y?width=300&height=200
17-02-2025,1661.658691,1702.66585,1652.435746,1697.558522,4906462,9,Bharti Airtel,BHARTIARTL.NS,Stock,Telecom,https://1drv.ms/i/c/8705623eb284e7df/IQSxu2hqOY7-QLx90cczkqQ3AaiyjTAlNRBkOjXYHjazv6Y?width=300&height=200
18-02-2025,1655.063843,1681.889509,1642.072474,1677.972306,7529598,9,Bharti Airtel,BHARTIARTL.NS,Stock,Telecom,https://1drv.ms/i/c/8705623eb284e7df/IQSxu2hqOY7-QLx90cczkqQ3AaiyjTAlNRBkOjXYHjazv6Y?width=300&height=200
19-02-2025,1631.560303,1659.576094,1624.866264,1656.154745,7776555,9,Bharti Airtel,BHARTIARTL.NS,Stock,Telecom,https://1drv.ms/i/c/8705623eb284e7df/IQSxu2hqOY7-QLx90cczkqQ3AaiyjTAlNRBkOjXYHjazv6Y?width=300&height=200
20-02-2025,1629.87439,1636.122207,1613.759112,1626.254626,5524503,9,Bharti Airtel,BHARTIARTL.NS,Stock,Telecom,https://1drv.ms/i/c/8705623eb284e7df/IQSxu2hqOY7-QLx90cczkqQ3AaiyjTAlNRBkOjXYHjazv6Y?width=300&height=200
21-02-2025,1625.659668,1644.948368,1615.69294,1629.874433,5447583,9,Bharti Airtel,BHARTIARTL.NS,Stock,Telecom,https://1drv.ms/i/c/8705623eb284e7df/IQSxu2hqOY7-QLx90cczkqQ3AaiyjTAlNRBkOjXYHjazv6Y?width=300&height=200
24-02-2025,1588.024292,1623.973757,1584.751603,1613.511175,4673190,9,Bharti Airtel,BHARTIARTL.NS,Stock,Telecom,https://1drv.ms/i/c/8705623eb284e7df/IQSxu2hqOY7-QLx90cczkqQ3AaiyjTAlNRBkOjXYHjazv6Y?width=300&height=200
25-02-2025,1627.79187,1635.477618,1583.759948,1583.759948,6286808,9,Bharti Airtel,BHARTIARTL.NS,Stock,Telecom,https://1drv.ms/i/c/8705623eb284e7df/IQSxu2hqOY7-QLx90cczkqQ3AaiyjTAlNRBkOjXYHjazv6Y?width=300&height=200
27-02-2025,1636.717285,1642.270834,1625.064699,1629.775319,7568745,9,Bharti Airtel,BHARTIARTL.NS,Stock,Telecom,https://1drv.ms/i/c/8705623eb284e7df/IQSxu2hqOY7-QLx90cczkqQ3AaiyjTAlNRBkOjXYHjazv6Y?width=300&height=200
28-02-2025,1557.182129,1634.783393,1546.570886,1628.337282,13640211,9,Bharti Airtel,BHARTIARTL.NS,Stock,Telecom,https://1drv.ms/i/c/8705623eb284e7df/IQSxu2hqOY7-QLx90cczkqQ3AaiyjTAlNRBkOjXYHjazv6Y?width=300&height=200
03-03-2025,1582.569946,1589.462278,1559.710996,1565.90918,6993525,9,Bharti Airtel,BHARTIARTL.NS,Stock,Telecom,https://1drv.ms/i/c/8705623eb284e7df/IQSxu2hqOY7-QLx90cczkqQ3AaiyjTAlNRBkOjXYHjazv6Y?width=300&height=200
04-03-2025,1562.289429,1577.313851,1555.000389,1575.826287,5219668,9,Bharti Airtel,BHARTIARTL.NS,Stock,Telecom,https://1drv.ms/i/c/8705623eb284e7df/IQSxu2hqOY7-QLx90cczkqQ3AaiyjTAlNRBkOjXYHjazv6Y?width=300&height=200
05-03-2025,1604.83374,1612.618635,1564.024874,1564.917437,6295425,9,Bharti Airtel,BHARTIARTL.NS,Stock,Telecom,https://1drv.ms/i/c/8705623eb284e7df/IQSxu2hqOY7-QLx90cczkqQ3AaiyjTAlNRBkOjXYHjazv6Y?width=300&height=200
06-03-2025,1613.412109,1618.221876,1577.264228,1604.585871,5174009,9,Bharti Airtel,BHARTIARTL.NS,Stock,Telecom,https://1drv.ms/i/c/8705623eb284e7df/IQSxu2hqOY7-QLx90cczkqQ3AaiyjTAlNRBkOjXYHjazv6Y?width=300&height=200
07-03-2025,1617.180542,1628.783615,1602.205754,1615.494684,3035558,9,Bharti Airtel,BHARTIARTL.NS,Stock,Telecom,https://1drv.ms/i/c/8705623eb284e7df/IQSxu2hqOY7-QLx90cczkqQ3AaiyjTAlNRBkOjXYHjazv6Y?width=300&height=200
10-03-2025,1617.428467,1641.179981,1613.114555,1626.403486,3778450,9,Bharti Airtel,BHARTIARTL.NS,Stock,Telecom,https://1drv.ms/i/c/8705623eb284e7df/IQSxu2hqOY7-QLx90cczkqQ3AaiyjTAlNRBkOjXYHjazv6Y?width=300&height=200
11-03-2025,1649.163086,1662.50165,1610.585687,1616.48631,6078564,9,Bharti Airtel,BHARTIARTL.NS,Stock,Telecom,https://1drv.ms/i/c/8705623eb284e7df/IQSxu2hqOY7-QLx90cczkqQ3AaiyjTAlNRBkOjXYHjazv6Y?width=300&height=200
12-03-2025,1629.229736,1702.417937,1620.453132,1675.988858,9907628,9,Bharti Airtel,BHARTIARTL.NS,Stock,Telecom,https://1drv.ms/i/c/8705623eb284e7df/IQSxu2hqOY7-QLx90cczkqQ3AaiyjTAlNRBkOjXYHjazv6Y?width=300&height=200
13-03-2025,1618.965576,1643.163309,1616.089595,1637.113906,8317331,9,Bharti Airtel,BHARTIARTL.NS,Stock,Telecom,https://1drv.ms/i/c/8705623eb284e7df/IQSxu2hqOY7-QLx90cczkqQ3AaiyjTAlNRBkOjXYHjazv6Y?width=300&height=200
17-03-2025,1625.560547,1634.733859,1598.833905,1598.833905,6405522,9,Bharti Airtel,BHARTIARTL.NS,Stock,Telecom,https://1drv.ms/i/c/8705623eb284e7df/IQSxu2hqOY7-QLx90cczkqQ3AaiyjTAlNRBkOjXYHjazv6Y?width=300&height=200
18-03-2025,1625.560547,1625.560547,1625.560547,1625.560547,0,9,Bharti Airtel,BHARTIARTL.NS,Stock,Telecom,https://1drv.ms/i/c/8705623eb284e7df/IQSxu2hqOY7-QLx90cczkqQ3AaiyjTAlNRBkOjXYHjazv6Y?width=300&height=200
19-03-2025,1623.577026,1628.436427,1614.007007,1621.444827,6283464,9,Bharti Airtel,BHARTIARTL.NS,Stock,Telecom,https://1drv.ms/i/c/8705623eb284e7df/IQSxu2hqOY7-QLx90cczkqQ3AaiyjTAlNRBkOjXYHjazv6Y?width=300&height=200
20-03-2025,1691.112427,1695.475972,1632.452792,1646.237577,12074465,9,Bharti Airtel,BHARTIARTL.NS,Stock,Telecom,https://1drv.ms/i/c/8705623eb284e7df/IQSxu2hqOY7-QLx90cczkqQ3AaiyjTAlNRBkOjXYHjazv6Y?width=300&height=200
21-03-2025,1711.492188,1717.045736,1677.97236,1695.476056,14715349,9,Bharti Airtel,BHARTIARTL.NS,Stock,Telecom,https://1drv.ms/i/c/8705623eb284e7df/IQSxu2hqOY7-QLx90cczkqQ3AaiyjTAlNRBkOjXYHjazv6Y?width=300&height=200
24-03-2025,1704.550171,1725.574362,1700.632846,1725.574362,4120999,9,Bharti Airtel,BHARTIARTL.NS,Stock,Telecom,https://1drv.ms/i/c/8705623eb284e7df/IQSxu2hqOY7-QLx90cczkqQ3AaiyjTAlNRBkOjXYHjazv6Y?width=300&height=200
25-03-2025,1716.153076,1726.07017,1691.955343,1710.698675,4857399,9,Bharti Airtel,BHARTIARTL.NS,Stock,Telecom,https://1drv.ms/i/c/8705623eb284e7df/IQSxu2hqOY7-QLx90cczkqQ3AaiyjTAlNRBkOjXYHjazv6Y?width=300&height=200
26-03-2025,1724.136475,1750.367141,1711.839253,1724.731476,7142394,9,Bharti Airtel,BHARTIARTL.NS,Stock,Telecom,https://1drv.ms/i/c/8705623eb284e7df/IQSxu2hqOY7-QLx90cczkqQ3AaiyjTAlNRBkOjXYHjazv6Y?width=300&height=200
27-03-2025,1710.401123,1731.921289,1699.046099,1725.524691,6222339,9,Bharti Airtel,BHARTIARTL.NS,Stock,Telecom,https://1drv.ms/i/c/8705623eb284e7df/IQSxu2hqOY7-QLx90cczkqQ3AaiyjTAlNRBkOjXYHjazv6Y?width=300&height=200
28-03-2025,1719.029175,1731.276762,1646.237677,1718.930028,4133264,9,Bharti Airtel,BHARTIARTL.NS,Stock,Telecom,https://1drv.ms/i/c/8705623eb284e7df/IQSxu2hqOY7-QLx90cczkqQ3AaiyjTAlNRBkOjXYHjazv6Y?width=300&height=200
01-04-2025,1709.855835,1750.367141,1694.285924,1700.781669,6773056,9,Bharti Airtel,BHARTIARTL.NS,Stock,Telecom,https://1drv.ms/i/c/8705623eb284e7df/IQSxu2hqOY7-QLx90cczkqQ3AaiyjTAlNRBkOjXYHjazv6Y?width=300&height=200
02-04-2025,1740.053345,1745.805308,1702.71546,1705.740223,6431226,9,Bharti Airtel,BHARTIARTL.NS,Stock,Telecom,https://1drv.ms/i/c/8705623eb284e7df/IQSxu2hqOY7-QLx90cczkqQ3AaiyjTAlNRBkOjXYHjazv6Y?width=300&height=200
03-04-2025,1731.524658,1740.400409,1721.062075,1733.508077,2341989,9,Bharti Airtel,BHARTIARTL.NS,Stock,Telecom,https://1drv.ms/i/c/8705623eb284e7df/IQSxu2hqOY7-QLx90cczkqQ3AaiyjTAlNRBkOjXYHjazv6Y?width=300&height=200
04-04-2025,1728.995728,1756.119077,1725.574378,1739.954165,7817334,9,Bharti Airtel,BHARTIARTL.NS,Stock,Telecom,https://1drv.ms/i/c/8705623eb284e7df/IQSxu2hqOY7-QLx90cczkqQ3AaiyjTAlNRBkOjXYHjazv6Y?width=300&height=200
07-04-2025,1672.666748,1760.036325,1655.55976,1715.657328,14870388,9,Bharti Airtel,BHARTIARTL.NS,Stock,Telecom,https://1drv.ms/i/c/8705623eb284e7df/IQSxu2hqOY7-QLx90cczkqQ3AaiyjTAlNRBkOjXYHjazv6Y?width=300&height=200
08-04-2025,1706.136841,1727.8553,1692.649617,1706.434281,7206935,9,Bharti Airtel,BHARTIARTL.NS,Stock,Telecom,https://1drv.ms/i/c/8705623eb284e7df/IQSxu2hqOY7-QLx90cczkqQ3AaiyjTAlNRBkOjXYHjazv6Y?width=300&height=200
09-04-2025,1701.327148,1712.533392,1697.409824,1705.393133,5600666,9,Bharti Airtel,BHARTIARTL.NS,Stock,Telecom,https://1drv.ms/i/c/8705623eb284e7df/IQSxu2hqOY7-QLx90cczkqQ3AaiyjTAlNRBkOjXYHjazv6Y?width=300&height=200
11-04-2025,1742.036743,1752.350545,1717.98779,1745.408579,8340002,9,Bharti Airtel,BHARTIARTL.NS,Stock,Telecom,https://1drv.ms/i/c/8705623eb284e7df/IQSxu2hqOY7-QLx90cczkqQ3AaiyjTAlNRBkOjXYHjazv6Y?width=300&height=200
15-04-2025,1783.886963,1804.911154,1766.333633,1793.208935,10313411,9,Bharti Airtel,BHARTIARTL.NS,Stock,Telecom,https://1drv.ms/i/c/8705623eb284e7df/IQSxu2hqOY7-QLx90cczkqQ3AaiyjTAlNRBkOjXYHjazv6Y?width=300&height=200
16-04-2025,1807.489502,1811.357193,1779.225784,1787.457021,6180958,9,Bharti Airtel,BHARTIARTL.NS,Stock,Telecom,https://1drv.ms/i/c/8705623eb284e7df/IQSxu2hqOY7-QLx90cczkqQ3AaiyjTAlNRBkOjXYHjazv6Y?width=300&height=200
17-04-2025,1873.438232,1881.966909,1810.563831,1818.795068,10894325,9,Bharti Airtel,BHARTIARTL.NS,Stock,Telecom,https://1drv.ms/i/c/8705623eb284e7df/IQSxu2hqOY7-QLx90cczkqQ3AaiyjTAlNRBkOjXYHjazv6Y?width=300&height=200
21-04-2025,1867.785522,1888.512273,1853.108175,1882.661164,3501123,9,Bharti Airtel,BHARTIARTL.NS,Stock,Telecom,https://1drv.ms/i/c/8705623eb284e7df/IQSxu2hqOY7-QLx90cczkqQ3AaiyjTAlNRBkOjXYHjazv6Y?width=300&height=200
22-04-2025,1836.844116,1872.347361,1821.571888,1872.347361,6155127,9,Bharti Airtel,BHARTIARTL.NS,Stock,Telecom,https://1drv.ms/i/c/8705623eb284e7df/IQSxu2hqOY7-QLx90cczkqQ3AaiyjTAlNRBkOjXYHjazv6Y?width=300&height=200
23-04-2025,1866.000366,1870.264765,1820.877589,1851.521433,6855027,9,Bharti Airtel,BHARTIARTL.NS,Stock,Telecom,https://1drv.ms/i/c/8705623eb284e7df/IQSxu2hqOY7-QLx90cczkqQ3AaiyjTAlNRBkOjXYHjazv6Y?width=300&height=200
24-04-2025,1830.298828,1862.231943,1824.249425,1858.959254,5180688,9,Bharti Airtel,BHARTIARTL.NS,Stock,Telecom,https://1drv.ms/i/c/8705623eb284e7df/IQSxu2hqOY7-QLx90cczkqQ3AaiyjTAlNRBkOjXYHjazv6Y?width=300&height=200
25-04-2025,1802.134277,1846.265346,1791.02718,1831.389705,4570083,9,Bharti Airtel,BHARTIARTL.NS,Stock,Telecom,https://1drv.ms/i/c/8705623eb284e7df/IQSxu2hqOY7-QLx90cczkqQ3AaiyjTAlNRBkOjXYHjazv6Y?width=300&height=200
28-04-2025,1806.696289,1823.654496,1798.365906,1820.778515,3301891,9,Bharti Airtel,BHARTIARTL.NS,Stock,Telecom,https://1drv.ms/i/c/8705623eb284e7df/IQSxu2hqOY7-QLx90cczkqQ3AaiyjTAlNRBkOjXYHjazv6Y?width=300&height=200
29-04-2025,1808.679688,1832.480714,1802.531016,1808.58042,4684155,9,Bharti Airtel,BHARTIARTL.NS,Stock,Telecom,https://1drv.ms/i/c/8705623eb284e7df/IQSxu2hqOY7-QLx90cczkqQ3AaiyjTAlNRBkOjXYHjazv6Y?width=300&height=200
30-04-2025,1849.042236,1861.339457,1811.853133,1821.770227,9139821,9,Bharti Airtel,BHARTIARTL.NS,Stock,Telecom,https://1drv.ms/i/c/8705623eb284e7df/IQSxu2hqOY7-QLx90cczkqQ3AaiyjTAlNRBkOjXYHjazv6Y?width=300&height=200
02-05-2025,1832.877319,1867.983857,1816.910822,1836.645864,3866806,9,Bharti Airtel,BHARTIARTL.NS,Stock,Telecom,https://1drv.ms/i/c/8705623eb284e7df/IQSxu2hqOY7-QLx90cczkqQ3AaiyjTAlNRBkOjXYHjazv6Y?width=300&height=200
05-05-2025,1850.529785,1857.967606,1833.869018,1852.513204,3548839,9,Bharti Airtel,BHARTIARTL.NS,Stock,Telecom,https://1drv.ms/i/c/8705623eb284e7df/IQSxu2hqOY7-QLx90cczkqQ3AaiyjTAlNRBkOjXYHjazv6Y?width=300&height=200
06-05-2025,1885.239624,1896.148428,1866.992146,1872.644963,8597920,9,Bharti Airtel,BHARTIARTL.NS,Stock,Telecom,https://1drv.ms/i/c/8705623eb284e7df/IQSxu2hqOY7-QLx90cczkqQ3AaiyjTAlNRBkOjXYHjazv6Y?width=300&height=200
07-05-2025,1881.074463,1901.106945,1869.868098,1885.239594,5554616,9,Bharti Airtel,BHARTIARTL.NS,Stock,Telecom,https://1drv.ms/i/c/8705623eb284e7df/IQSxu2hqOY7-QLx90cczkqQ3AaiyjTAlNRBkOjXYHjazv6Y?width=300&height=200
08-05-2025,1859.355957,1889.999801,1846.95959,1881.27271,5500724,9,Bharti Airtel,BHARTIARTL.NS,Stock,Telecom,https://1drv.ms/i/c/8705623eb284e7df/IQSxu2hqOY7-QLx90cczkqQ3AaiyjTAlNRBkOjXYHjazv6Y?width=300&height=200
09-05-2025,1833.075684,1855.587439,1821.274317,1839.620941,3686209,9,Bharti Airtel,BHARTIARTL.NS,Stock,Telecom,https://1drv.ms/i/c/8705623eb284e7df/IQSxu2hqOY7-QLx90cczkqQ3AaiyjTAlNRBkOjXYHjazv6Y?width=300&height=200
12-05-2025,1855.290039,1867.785554,1838.629272,1853.405767,3936019,9,Bharti Airtel,BHARTIARTL.NS,Stock,Telecom,https://1drv.ms/i/c/8705623eb284e7df/IQSxu2hqOY7-QLx90cczkqQ3AaiyjTAlNRBkOjXYHjazv6Y?width=300&height=200
13-05-2025,1805.506104,1868.082942,1801.539266,1854.496572,8817763,9,Bharti Airtel,BHARTIARTL.NS,Stock,Telecom,https://1drv.ms/i/c/8705623eb284e7df/IQSxu2hqOY7-QLx90cczkqQ3AaiyjTAlNRBkOjXYHjazv6Y?width=300&height=200
14-05-2025,1818.993408,1855.190803,1805.109476,1814.828277,7401614,9,Bharti Airtel,BHARTIARTL.NS,Stock,Telecom,https://1drv.ms/i/c/8705623eb284e7df/IQSxu2hqOY7-QLx90cczkqQ3AaiyjTAlNRBkOjXYHjazv6Y?width=300&height=200
15-05-2025,1851.719727,1854.397415,1809.869639,1834.563227,8788351,9,Bharti Airtel,BHARTIARTL.NS,Stock,Telecom,https://1drv.ms/i/c/8705623eb284e7df/IQSxu2hqOY7-QLx90cczkqQ3AaiyjTAlNRBkOjXYHjazv6Y?width=300&height=200
16-05-2025,1798.960815,1818.795003,1795.093125,1818.795003,100662047,9,Bharti Airtel,BHARTIARTL.NS,Stock,Telecom,https://1drv.ms/i/c/8705623eb284e7df/IQSxu2hqOY7-QLx90cczkqQ3AaiyjTAlNRBkOjXYHjazv6Y?width=300&height=200
19-05-2025,1803.22522,1813.5389,1794.002274,1806.894496,5799804,9,Bharti Airtel,BHARTIARTL.NS,Stock,Telecom,https://1drv.ms/i/c/8705623eb284e7df/IQSxu2hqOY7-QLx90cczkqQ3AaiyjTAlNRBkOjXYHjazv6Y?width=300&height=200
20-05-2025,1793.903198,1809.770549,1784.581105,1794.795761,12512596,9,Bharti Airtel,BHARTIARTL.NS,Stock,Telecom,https://1drv.ms/i/c/8705623eb284e7df/IQSxu2hqOY7-QLx90cczkqQ3AaiyjTAlNRBkOjXYHjazv6Y?width=300&height=200
21-05-2025,1807.390381,1811.357218,1790.333028,1797.969142,6849562,9,Bharti Airtel,BHARTIARTL.NS,Stock,Telecom,https://1drv.ms/i/c/8705623eb284e7df/IQSxu2hqOY7-QLx90cczkqQ3AaiyjTAlNRBkOjXYHjazv6Y?width=300&height=200
22-05-2025,1816.216675,1821.472662,1801.241887,1804.812016,6496923,9,Bharti Airtel,BHARTIARTL.NS,Stock,Telecom,https://1drv.ms/i/c/8705623eb284e7df/IQSxu2hqOY7-QLx90cczkqQ3AaiyjTAlNRBkOjXYHjazv6Y?width=300&height=200
23-05-2025,1816.514038,1826.5304,1806.398651,1809.869634,3460945,9,Bharti Airtel,BHARTIARTL.NS,Stock,Telecom,https://1drv.ms/i/c/8705623eb284e7df/IQSxu2hqOY7-QLx90cczkqQ3AaiyjTAlNRBkOjXYHjazv6Y?width=300&height=200
26-05-2025,1832.083984,1834.662405,1815.720779,1818.795054,3254715,9,Bharti Airtel,BHARTIARTL.NS,Stock,Telecom,https://1drv.ms/i/c/8705623eb284e7df/IQSxu2hqOY7-QLx90cczkqQ3AaiyjTAlNRBkOjXYHjazv6Y?width=300&height=200
27-05-2025,1828.513916,1842.199434,1818.497554,1828.712209,5847725,9,Bharti Airtel,BHARTIARTL.NS,Stock,Telecom,https://1drv.ms/i/c/8705623eb284e7df/IQSxu2hqOY7-QLx90cczkqQ3AaiyjTAlNRBkOjXYHjazv6Y?width=300&height=200
28-05-2025,1840.711792,1851.521449,1829.802989,1832.67897,3713699,9,Bharti Airtel,BHARTIARTL.NS,Stock,Telecom,https://1drv.ms/i/c/8705623eb284e7df/IQSxu2hqOY7-QLx90cczkqQ3AaiyjTAlNRBkOjXYHjazv6Y?width=300&height=200
29-05-2025,1848.149658,1851.521494,1835.158289,1842.59611,5786774,9,Bharti Airtel,BHARTIARTL.NS,Stock,Telecom,https://1drv.ms/i/c/8705623eb284e7df/IQSxu2hqOY7-QLx90cczkqQ3AaiyjTAlNRBkOjXYHjazv6Y?width=300&height=200
30-05-2025,1840.810913,1851.521423,1827.720398,1838.629201,16712960,9,Bharti Airtel,BHARTIARTL.NS,Stock,Telecom,https://1drv.ms/i/c/8705623eb284e7df/IQSxu2hqOY7-QLx90cczkqQ3AaiyjTAlNRBkOjXYHjazv6Y?width=300&height=200
02-06-2025,1838.728394,1843.587794,1816.315785,1828.712153,3199499,9,Bharti Airtel,BHARTIARTL.NS,Stock,Telecom,https://1drv.ms/i/c/8705623eb284e7df/IQSxu2hqOY7-QLx90cczkqQ3AaiyjTAlNRBkOjXYHjazv6Y?width=300&height=200
03-06-2025,1826.034546,1854.000702,1816.8116,1851.521429,5596977,9,Bharti Airtel,BHARTIARTL.NS,Stock,Telecom,https://1drv.ms/i/c/8705623eb284e7df/IQSxu2hqOY7-QLx90cczkqQ3AaiyjTAlNRBkOjXYHjazv6Y?width=300&height=200
04-06-2025,1859.851807,1868.975485,1834.662364,1839.620911,5892170,9,Bharti Airtel,BHARTIARTL.NS,Stock,Telecom,https://1drv.ms/i/c/8705623eb284e7df/IQSxu2hqOY7-QLx90cczkqQ3AaiyjTAlNRBkOjXYHjazv6Y?width=300&height=200
05-06-2025,1863.223633,1873.33902,1853.108124,1868.380473,8999675,9,Bharti Airtel,BHARTIARTL.NS,Stock,Telecom,https://1drv.ms/i/c/8705623eb284e7df/IQSxu2hqOY7-QLx90cczkqQ3AaiyjTAlNRBkOjXYHjazv6Y?width=300&height=200
06-06-2025,1854.694946,1866.298019,1851.819086,1856.579218,4644174,9,Bharti Airtel,BHARTIARTL.NS,Stock,Telecom,https://1drv.ms/i/c/8705623eb284e7df/IQSxu2hqOY7-QLx90cczkqQ3AaiyjTAlNRBkOjXYHjazv6Y?width=300&height=200
09-06-2025,1849.637207,1859.455154,1833.373148,1858.463445,3649505,9,Bharti Airtel,BHARTIARTL.NS,Stock,Telecom,https://1drv.ms/i/c/8705623eb284e7df/IQSxu2hqOY7-QLx90cczkqQ3AaiyjTAlNRBkOjXYHjazv6Y?width=300&height=200
10-06-2025,1841.703491,1860.050115,1834.95994,1851.12473,7925901,9,Bharti Airtel,BHARTIARTL.NS,Stock,Telecom,https://1drv.ms/i/c/8705623eb284e7df/IQSxu2hqOY7-QLx90cczkqQ3AaiyjTAlNRBkOjXYHjazv6Y?width=300&height=200
11-06-2025,1844.777832,1851.02565,1832.480732,1842.496973,8907265,9,Bharti Airtel,BHARTIARTL.NS,Stock,Telecom,https://1drv.ms/i/c/8705623eb284e7df/IQSxu2hqOY7-QLx90cczkqQ3AaiyjTAlNRBkOjXYHjazv6Y?width=300&height=200
12-06-2025,1828.9104,1867.388773,1816.414886,1856.380823,7346031,9,Bharti Airtel,BHARTIARTL.NS,Stock,Telecom,https://1drv.ms/i/c/8705623eb284e7df/IQSxu2hqOY7-QLx90cczkqQ3AaiyjTAlNRBkOjXYHjazv6Y?width=300&height=200
13-06-2025,1825.141968,1829.307099,1799.952525,1799.952525,4613000,9,Bharti Airtel,BHARTIARTL.NS,Stock,Telecom,https://1drv.ms/i/c/8705623eb284e7df/IQSxu2hqOY7-QLx90cczkqQ3AaiyjTAlNRBkOjXYHjazv6Y?width=300&height=200
16-06-2025,1845.868774,1854.496598,1823.555313,1826.827881,5722187,9,Bharti Airtel,BHARTIARTL.NS,Stock,Telecom,https://1drv.ms/i/c/8705623eb284e7df/IQSxu2hqOY7-QLx90cczkqQ3AaiyjTAlNRBkOjXYHjazv6Y?width=300&height=200
17-06-2025,1839.422607,1863.421926,1832.282227,1863.421926,6561555,9,Bharti Airtel,BHARTIARTL.NS,Stock,Telecom,https://1drv.ms/i/c/8705623eb284e7df/IQSxu2hqOY7-QLx90cczkqQ3AaiyjTAlNRBkOjXYHjazv6Y?width=300&height=200
18-06-2025,1850.430664,1855.488358,1827.81964,1832.282333,5069427,9,Bharti Airtel,BHARTIARTL.NS,Stock,Telecom,https://1drv.ms/i/c/8705623eb284e7df/IQSxu2hqOY7-QLx90cczkqQ3AaiyjTAlNRBkOjXYHjazv6Y?width=300&height=200
19-06-2025,1861.438599,1863.422017,1848.645523,1856.480051,4712312,9,Bharti Airtel,BHARTIARTL.NS,Stock,Telecom,https://1drv.ms/i/c/8705623eb284e7df/IQSxu2hqOY7-QLx90cczkqQ3AaiyjTAlNRBkOjXYHjazv6Y?width=300&height=200
20-06-2025,1920.643555,1932.841629,1858.463423,1864.41368,16228526,9,Bharti Airtel,BHARTIARTL.NS,Stock,Telecom,https://1drv.ms/i/c/8705623eb284e7df/IQSxu2hqOY7-QLx90cczkqQ3AaiyjTAlNRBkOjXYHjazv6Y?width=300&height=200
23-06-2025,1920.246948,1932.841609,1911.123149,1913.999131,2946463,9,Bharti Airtel,BHARTIARTL.NS,Stock,Telecom,https://1drv.ms/i/c/8705623eb284e7df/IQSxu2hqOY7-QLx90cczkqQ3AaiyjTAlNRBkOjXYHjazv6Y?width=300&height=200
24-06-2025,1917.569336,1946.725617,1913.106643,1934.725958,6837210,9,Bharti Airtel,BHARTIARTL.NS,Stock,Telecom,https://1drv.ms/i/c/8705623eb284e7df/IQSxu2hqOY7-QLx90cczkqQ3AaiyjTAlNRBkOjXYHjazv6Y?width=300&height=200
25-06-2025,1949.303955,1953.667501,1921.9328,1925.899638,4152765,9,Bharti Airtel,BHARTIARTL.NS,Stock,Telecom,https://1drv.ms/i/c/8705623eb284e7df/IQSxu2hqOY7-QLx90cczkqQ3AaiyjTAlNRBkOjXYHjazv6Y?width=300&height=200
26-06-2025,1997.600342,2001.666326,1949.998289,1953.667566,9413241,9,Bharti Airtel,BHARTIARTL.NS,Stock,Telecom,https://1drv.ms/i/c/8705623eb284e7df/IQSxu2hqOY7-QLx90cczkqQ3AaiyjTAlNRBkOjXYHjazv6Y?width=300&height=200
27-06-2025,2010.294067,2022.095433,1991.947444,1993.335861,6405854,9,Bharti Airtel,BHARTIARTL.NS,Stock,Telecom,https://1drv.ms/i/c/8705623eb284e7df/IQSxu2hqOY7-QLx90cczkqQ3AaiyjTAlNRBkOjXYHjazv6Y?width=300&height=200
30-06-2025,1992.939209,2007.120702,1983.617116,2001.269592,5597484,9,Bharti Airtel,BHARTIARTL.NS,Stock,Telecom,https://1drv.ms/i/c/8705623eb284e7df/IQSxu2hqOY7-QLx90cczkqQ3AaiyjTAlNRBkOjXYHjazv6Y?width=300&height=200
01-07-2025,2002.657959,2013.96347,1990.261592,1992.344157,3769165,9,Bharti Airtel,BHARTIARTL.NS,Stock,Telecom,https://1drv.ms/i/c/8705623eb284e7df/IQSxu2hqOY7-QLx90cczkqQ3AaiyjTAlNRBkOjXYHjazv6Y?width=300&height=200
02-07-2025,2016.442749,2028.839116,2001.567108,2020.112025,6513288,9,Bharti Airtel,BHARTIARTL.NS,Stock,Telecom,https://1drv.ms/i/c/8705623eb284e7df/IQSxu2hqOY7-QLx90cczkqQ3AaiyjTAlNRBkOjXYHjazv6Y?width=300&height=200
03-07-2025,2002.558838,2027.946574,1996.211874,2024.872299,5558647,9,Bharti Airtel,BHARTIARTL.NS,Stock,Telecom,https://1drv.ms/i/c/8705623eb284e7df/IQSxu2hqOY7-QLx90cczkqQ3AaiyjTAlNRBkOjXYHjazv6Y?width=300&height=200
04-07-2025,2000.476196,2019.616237,1988.476537,2010.194997,2178315,9,Bharti Airtel,BHARTIARTL.NS,Stock,Telecom,https://1drv.ms/i/c/8705623eb284e7df/IQSxu2hqOY7-QLx90cczkqQ3AaiyjTAlNRBkOjXYHjazv6Y?width=300&height=200
07-07-2025,2017.037842,2019.120407,1993.930964,2001.269638,4165432,9,Bharti Airtel,BHARTIARTL.NS,Stock,Telecom,https://1drv.ms/i/c/8705623eb284e7df/IQSxu2hqOY7-QLx90cczkqQ3AaiyjTAlNRBkOjXYHjazv6Y?width=300&height=200
08-07-2025,2013.170044,2018.128591,1998.09611,2009.203206,3624619,9,Bharti Airtel,BHARTIARTL.NS,Stock,Telecom,https://1drv.ms/i/c/8705623eb284e7df/IQSxu2hqOY7-QLx90cczkqQ3AaiyjTAlNRBkOjXYHjazv6Y?width=300&height=200
09-07-2025,2002.955444,2023.781342,1981.931253,2018.128647,2937734,9,Bharti Airtel,BHARTIARTL.NS,Stock,Telecom,https://1drv.ms/i/c/8705623eb284e7df/IQSxu2hqOY7-QLx90cczkqQ3AaiyjTAlNRBkOjXYHjazv6Y?width=300&height=200
10-07-2025,1948.213135,2011.781684,1946.031422,2011.781684,5695845,9,Bharti Airtel,BHARTIARTL.NS,Stock,Telecom,https://1drv.ms/i/c/8705623eb284e7df/IQSxu2hqOY7-QLx90cczkqQ3AaiyjTAlNRBkOjXYHjazv6Y?width=300&height=200
11-07-2025,1905.966309,1942.85785,1898.330074,1925.899643,13103980,9,Bharti Airtel,BHARTIARTL.NS,Stock,Telecom,https://1drv.ms/i/c/8705623eb284e7df/IQSxu2hqOY7-QLx90cczkqQ3AaiyjTAlNRBkOjXYHjazv6Y?width=300&height=200
14-07-2025,1904.974609,1911.519867,1884.446152,1899.1235,5269381,9,Bharti Airtel,BHARTIARTL.NS,Stock,Telecom,https://1drv.ms/i/c/8705623eb284e7df/IQSxu2hqOY7-QLx90cczkqQ3AaiyjTAlNRBkOjXYHjazv6Y?width=300&height=200
15-07-2025,1918.164307,1926.891398,1907.255503,1908.842335,4163140,9,Bharti Airtel,BHARTIARTL.NS,Stock,Telecom,https://1drv.ms/i/c/8705623eb284e7df/IQSxu2hqOY7-QLx90cczkqQ3AaiyjTAlNRBkOjXYHjazv6Y?width=300&height=200
16-07-2025,1920.544434,1927.883107,1912.809173,1927.883107,4211258,9,Bharti Airtel,BHARTIARTL.NS,Stock,Telecom,https://1drv.ms/i/c/8705623eb284e7df/IQSxu2hqOY7-QLx90cczkqQ3AaiyjTAlNRBkOjXYHjazv6Y?width=300&height=200
17-07-2025,1913.900024,1928.775666,1911.619044,1927.585542,6256455,9,Bharti Airtel,BHARTIARTL.NS,Stock,Telecom,https://1drv.ms/i/c/8705623eb284e7df/IQSxu2hqOY7-QLx90cczkqQ3AaiyjTAlNRBkOjXYHjazv6Y?width=300&height=200
18-07-2025,1901,1916,1891.800049,1915.099976,4643961,9,Bharti Airtel,BHARTIARTL.NS,Stock,Telecom,https://1drv.ms/i/c/8705623eb284e7df/IQSxu2hqOY7-QLx90cczkqQ3AaiyjTAlNRBkOjXYHjazv6Y?width=300&height=200
21-07-2025,1909.199951,1919.900024,1892.599976,1894.800049,5109654,9,Bharti Airtel,BHARTIARTL.NS,Stock,Telecom,https://1drv.ms/i/c/8705623eb284e7df/IQSxu2hqOY7-QLx90cczkqQ3AaiyjTAlNRBkOjXYHjazv6Y?width=300&height=200
22-07-2025,1906.800049,1911.300049,1883,1909.199951,4513541,9,Bharti Airtel,BHARTIARTL.NS,Stock,Telecom,https://1drv.ms/i/c/8705623eb284e7df/IQSxu2hqOY7-QLx90cczkqQ3AaiyjTAlNRBkOjXYHjazv6Y?width=300&height=200
23-07-2025,1943.800049,1949,1907.300049,1920,5194282,9,Bharti Airtel,BHARTIARTL.NS,Stock,Telecom,https://1drv.ms/i/c/8705623eb284e7df/IQSxu2hqOY7-QLx90cczkqQ3AaiyjTAlNRBkOjXYHjazv6Y?width=300&height=200
24-07-2025,1936.099976,1970.400024,1933.699951,1943.800049,4150685,9,Bharti Airtel,BHARTIARTL.NS,Stock,Telecom,https://1drv.ms/i/c/8705623eb284e7df/IQSxu2hqOY7-QLx90cczkqQ3AaiyjTAlNRBkOjXYHjazv6Y?width=300&height=200
25-07-2025,1937.900024,1952.699951,1925,1936.099976,3896884,9,Bharti Airtel,BHARTIARTL.NS,Stock,Telecom,https://1drv.ms/i/c/8705623eb284e7df/IQSxu2hqOY7-QLx90cczkqQ3AaiyjTAlNRBkOjXYHjazv6Y?width=300&height=200
28-07-2025,1890.300049,1930,1885,1930,3575044,9,Bharti Airtel,BHARTIARTL.NS,Stock,Telecom,https://1drv.ms/i/c/8705623eb284e7df/IQSxu2hqOY7-QLx90cczkqQ3AaiyjTAlNRBkOjXYHjazv6Y?width=300&height=200
29-07-2025,1918.300049,1923.599976,1880,1880,3748040,9,Bharti Airtel,BHARTIARTL.NS,Stock,Telecom,https://1drv.ms/i/c/8705623eb284e7df/IQSxu2hqOY7-QLx90cczkqQ3AaiyjTAlNRBkOjXYHjazv6Y?width=300&height=200
30-07-2025,1932.599976,1939.199951,1922.099976,1934,5044683,9,Bharti Airtel,BHARTIARTL.NS,Stock,Telecom,https://1drv.ms/i/c/8705623eb284e7df/IQSxu2hqOY7-QLx90cczkqQ3AaiyjTAlNRBkOjXYHjazv6Y?width=300&height=200
31-07-2025,1914.300049,1926.5,1895.599976,1913,4674966,9,Bharti Airtel,BHARTIARTL.NS,Stock,Telecom,https://1drv.ms/i/c/8705623eb284e7df/IQSxu2hqOY7-QLx90cczkqQ3AaiyjTAlNRBkOjXYHjazv6Y?width=300&height=200
01-08-2025,1884.400024,1919.699951,1878,1914,5192594,9,Bharti Airtel,BHARTIARTL.NS,Stock,Telecom,https://1drv.ms/i/c/8705623eb284e7df/IQSxu2hqOY7-QLx90cczkqQ3AaiyjTAlNRBkOjXYHjazv6Y?width=300&height=200
04-08-2025,1914.599976,1919.900024,1878.5,1892,3074380,9,Bharti Airtel,BHARTIARTL.NS,Stock,Telecom,https://1drv.ms/i/c/8705623eb284e7df/IQSxu2hqOY7-QLx90cczkqQ3AaiyjTAlNRBkOjXYHjazv6Y?width=300&height=200
05-08-2025,1931.800049,1937.599976,1912.099976,1920,5167672,9,Bharti Airtel,BHARTIARTL.NS,Stock,Telecom,https://1drv.ms/i/c/8705623eb284e7df/IQSxu2hqOY7-QLx90cczkqQ3AaiyjTAlNRBkOjXYHjazv6Y?width=300&height=200
06-08-2025,1929.699951,1964.800049,1921.599976,1930,5461349,9,Bharti Airtel,BHARTIARTL.NS,Stock,Telecom,https://1drv.ms/i/c/8705623eb284e7df/IQSxu2hqOY7-QLx90cczkqQ3AaiyjTAlNRBkOjXYHjazv6Y?width=300&height=200
07-08-2025,1922.599976,1933.300049,1909.099976,1928.099976,4268534,9,Bharti Airtel,BHARTIARTL.NS,Stock,Telecom,https://1drv.ms/i/c/8705623eb284e7df/IQSxu2hqOY7-QLx90cczkqQ3AaiyjTAlNRBkOjXYHjazv6Y?width=300&height=200
08-08-2025,1858.599976,1893.800049,1856,1886.300049,93801105,9,Bharti Airtel,BHARTIARTL.NS,Stock,Telecom,https://1drv.ms/i/c/8705623eb284e7df/IQSxu2hqOY7-QLx90cczkqQ3AaiyjTAlNRBkOjXYHjazv6Y?width=300&height=200
11-08-2025,1857.400024,1866,1845.699951,1863,5266532,9,Bharti Airtel,BHARTIARTL.NS,Stock,Telecom,https://1drv.ms/i/c/8705623eb284e7df/IQSxu2hqOY7-QLx90cczkqQ3AaiyjTAlNRBkOjXYHjazv6Y?width=300&height=200
12-08-2025,1850.300049,1865,1847.099976,1857.400024,4645011,9,Bharti Airtel,BHARTIARTL.NS,Stock,Telecom,https://1drv.ms/i/c/8705623eb284e7df/IQSxu2hqOY7-QLx90cczkqQ3AaiyjTAlNRBkOjXYHjazv6Y?width=300&height=200
13-08-2025,1867.400024,1872.5,1851.800049,1853,6697206,9,Bharti Airtel,BHARTIARTL.NS,Stock,Telecom,https://1drv.ms/i/c/8705623eb284e7df/IQSxu2hqOY7-QLx90cczkqQ3AaiyjTAlNRBkOjXYHjazv6Y?width=300&height=200
14-08-2025,1873.800049,1883,1866.800049,1873,3958631,9,Bharti Airtel,BHARTIARTL.NS,Stock,Telecom,https://1drv.ms/i/c/8705623eb284e7df/IQSxu2hqOY7-QLx90cczkqQ3AaiyjTAlNRBkOjXYHjazv6Y?width=300&height=200
18-08-2025,1892.300049,1912.599976,1870.300049,1892.5,7146376,9,Bharti Airtel,BHARTIARTL.NS,Stock,Telecom,https://1drv.ms/i/c/8705623eb284e7df/IQSxu2hqOY7-QLx90cczkqQ3AaiyjTAlNRBkOjXYHjazv6Y?width=300&height=200
19-08-2025,1909.699951,1931.800049,1900,1901.099976,5706265,9,Bharti Airtel,BHARTIARTL.NS,Stock,Telecom,https://1drv.ms/i/c/8705623eb284e7df/IQSxu2hqOY7-QLx90cczkqQ3AaiyjTAlNRBkOjXYHjazv6Y?width=300&height=200
20-08-2025,1928.400024,1952,1926,1937,6962619,9,Bharti Airtel,BHARTIARTL.NS,Stock,Telecom,https://1drv.ms/i/c/8705623eb284e7df/IQSxu2hqOY7-QLx90cczkqQ3AaiyjTAlNRBkOjXYHjazv6Y?width=300&height=200
21-08-2025,1929.900024,1940.900024,1927.699951,1930,3376913,9,Bharti Airtel,BHARTIARTL.NS,Stock,Telecom,https://1drv.ms/i/c/8705623eb284e7df/IQSxu2hqOY7-QLx90cczkqQ3AaiyjTAlNRBkOjXYHjazv6Y?width=300&height=200
22-08-2025,1933.300049,1947.699951,1917.400024,1934,3271920,9,Bharti Airtel,BHARTIARTL.NS,Stock,Telecom,https://1drv.ms/i/c/8705623eb284e7df/IQSxu2hqOY7-QLx90cczkqQ3AaiyjTAlNRBkOjXYHjazv6Y?width=300&height=200
25-08-2025,1930.699951,1940.099976,1913.199951,1940,2451388,9,Bharti Airtel,BHARTIARTL.NS,Stock,Telecom,https://1drv.ms/i/c/8705623eb284e7df/IQSxu2hqOY7-QLx90cczkqQ3AaiyjTAlNRBkOjXYHjazv6Y?width=300&height=200
26-08-2025,1904.699951,1925.800049,1896.199951,1922.099976,5984656,9,Bharti Airtel,BHARTIARTL.NS,Stock,Telecom,https://1drv.ms/i/c/8705623eb284e7df/IQSxu2hqOY7-QLx90cczkqQ3AaiyjTAlNRBkOjXYHjazv6Y?width=300&height=200
28-08-2025,1881.099976,1899.800049,1878.199951,1893,5494113,9,Bharti Airtel,BHARTIARTL.NS,Stock,Telecom,https://1drv.ms/i/c/8705623eb284e7df/IQSxu2hqOY7-QLx90cczkqQ3AaiyjTAlNRBkOjXYHjazv6Y?width=300&height=200
29-08-2025,1888.800049,1900.099976,1872.5,1872.5,4339042,9,Bharti Airtel,BHARTIARTL.NS,Stock,Telecom,https://1drv.ms/i/c/8705623eb284e7df/IQSxu2hqOY7-QLx90cczkqQ3AaiyjTAlNRBkOjXYHjazv6Y?width=300&height=200
01-09-2025,1900.599976,1904.800049,1884.199951,1889,3421488,9,Bharti Airtel,BHARTIARTL.NS,Stock,Telecom,https://1drv.ms/i/c/8705623eb284e7df/IQSxu2hqOY7-QLx90cczkqQ3AaiyjTAlNRBkOjXYHjazv6Y?width=300&height=200
02-09-2025,1887.199951,1917.5,1878,1904.5,4423049,9,Bharti Airtel,BHARTIARTL.NS,Stock,Telecom,https://1drv.ms/i/c/8705623eb284e7df/IQSxu2hqOY7-QLx90cczkqQ3AaiyjTAlNRBkOjXYHjazv6Y?width=300&height=200
03-09-2025,1883.900024,1892.099976,1870,1891,3803044,9,Bharti Airtel,BHARTIARTL.NS,Stock,Telecom,https://1drv.ms/i/c/8705623eb284e7df/IQSxu2hqOY7-QLx90cczkqQ3AaiyjTAlNRBkOjXYHjazv6Y?width=300&height=200
04-09-2025,1880.400024,1903.5,1876.599976,1899,5205333,9,Bharti Airtel,BHARTIARTL.NS,Stock,Telecom,https://1drv.ms/i/c/8705623eb284e7df/IQSxu2hqOY7-QLx90cczkqQ3AaiyjTAlNRBkOjXYHjazv6Y?width=300&height=200
05-09-2025,1895.300049,1910.699951,1875.699951,1887,2620140,9,Bharti Airtel,BHARTIARTL.NS,Stock,Telecom,https://1drv.ms/i/c/8705623eb284e7df/IQSxu2hqOY7-QLx90cczkqQ3AaiyjTAlNRBkOjXYHjazv6Y?width=300&height=200
08-09-2025,1887.699951,1899,1884.099976,1898,2547552,9,Bharti Airtel,BHARTIARTL.NS,Stock,Telecom,https://1drv.ms/i/c/8705623eb284e7df/IQSxu2hqOY7-QLx90cczkqQ3AaiyjTAlNRBkOjXYHjazv6Y?width=300&height=200
09-09-2025,1893.699951,1904,1883,1892,4517793,9,Bharti Airtel,BHARTIARTL.NS,Stock,Telecom,https://1drv.ms/i/c/8705623eb284e7df/IQSxu2hqOY7-QLx90cczkqQ3AaiyjTAlNRBkOjXYHjazv6Y?width=300&height=200
10-09-2025,1891.400024,1905,1883,1904,3566139,9,Bharti Airtel,BHARTIARTL.NS,Stock,Telecom,https://1drv.ms/i/c/8705623eb284e7df/IQSxu2hqOY7-QLx90cczkqQ3AaiyjTAlNRBkOjXYHjazv6Y?width=300&height=200
11-09-2025,1913,1916,1882.099976,1884,4718266,9,Bharti Airtel,BHARTIARTL.NS,Stock,Telecom,https://1drv.ms/i/c/8705623eb284e7df/IQSxu2hqOY7-QLx90cczkqQ3AaiyjTAlNRBkOjXYHjazv6Y?width=300&height=200
12-09-2025,1902.599976,1925,1901.599976,1925,3192824,9,Bharti Airtel,BHARTIARTL.NS,Stock,Telecom,https://1drv.ms/i/c/8705623eb284e7df/IQSxu2hqOY7-QLx90cczkqQ3AaiyjTAlNRBkOjXYHjazv6Y?width=300&height=200
15-09-2025,1904.5,1913,1898.400024,1904,3553258,9,Bharti Airtel,BHARTIARTL.NS,Stock,Telecom,https://1drv.ms/i/c/8705623eb284e7df/IQSxu2hqOY7-QLx90cczkqQ3AaiyjTAlNRBkOjXYHjazv6Y?width=300&height=200
16-09-2025,1939.5,1942,1902.5,1903.300049,5427586,9,Bharti Airtel,BHARTIARTL.NS,Stock,Telecom,https://1drv.ms/i/c/8705623eb284e7df/IQSxu2hqOY7-QLx90cczkqQ3AaiyjTAlNRBkOjXYHjazv6Y?width=300&height=200
17-09-2025,1941.300049,1950.099976,1932.599976,1938.099976,4234637,9,Bharti Airtel,BHARTIARTL.NS,Stock,Telecom,https://1drv.ms/i/c/8705623eb284e7df/IQSxu2hqOY7-QLx90cczkqQ3AaiyjTAlNRBkOjXYHjazv6Y?width=300&height=200
18-09-2025,1941.099976,1949.800049,1920.5,1944.5,5080814,9,Bharti Airtel,BHARTIARTL.NS,Stock,Telecom,https://1drv.ms/i/c/8705623eb284e7df/IQSxu2hqOY7-QLx90cczkqQ3AaiyjTAlNRBkOjXYHjazv6Y?width=300&height=200
19-09-2025,1962.400024,1976.800049,1927.800049,1930.199951,11287603,9,Bharti Airtel,BHARTIARTL.NS,Stock,Telecom,https://1drv.ms/i/c/8705623eb284e7df/IQSxu2hqOY7-QLx90cczkqQ3AaiyjTAlNRBkOjXYHjazv6Y?width=300&height=200
22-09-2025,1956.199951,1966,1944,1954,4469137,9,Bharti Airtel,BHARTIARTL.NS,Stock,Telecom,https://1drv.ms/i/c/8705623eb284e7df/IQSxu2hqOY7-QLx90cczkqQ3AaiyjTAlNRBkOjXYHjazv6Y?width=300&height=200
23-09-2025,1938.699951,1955,1930.099976,1950,4348633,9,Bharti Airtel,BHARTIARTL.NS,Stock,Telecom,https://1drv.ms/i/c/8705623eb284e7df/IQSxu2hqOY7-QLx90cczkqQ3AaiyjTAlNRBkOjXYHjazv6Y?width=300&height=200
24-09-2025,1931.099976,1937.300049,1918.800049,1926,5237977,9,Bharti Airtel,BHARTIARTL.NS,Stock,Telecom,https://1drv.ms/i/c/8705623eb284e7df/IQSxu2hqOY7-QLx90cczkqQ3AaiyjTAlNRBkOjXYHjazv6Y?width=300&height=200
25-09-2025,1935.599976,1950,1928.800049,1930,7133365,9,Bharti Airtel,BHARTIARTL.NS,Stock,Telecom,https://1drv.ms/i/c/8705623eb284e7df/IQSxu2hqOY7-QLx90cczkqQ3AaiyjTAlNRBkOjXYHjazv6Y?width=300&height=200
26-09-2025,1916.599976,1944.699951,1911.900024,1931.099976,3239306,9,Bharti Airtel,BHARTIARTL.NS,Stock,Telecom,https://1drv.ms/i/c/8705623eb284e7df/IQSxu2hqOY7-QLx90cczkqQ3AaiyjTAlNRBkOjXYHjazv6Y?width=300&height=200
29-09-2025,1902.199951,1928,1897.5,1928,5072608,9,Bharti Airtel,BHARTIARTL.NS,Stock,Telecom,https://1drv.ms/i/c/8705623eb284e7df/IQSxu2hqOY7-QLx90cczkqQ3AaiyjTAlNRBkOjXYHjazv6Y?width=300&height=200
30-09-2025,1878.400024,1907.599976,1875.199951,1896,5945625,9,Bharti Airtel,BHARTIARTL.NS,Stock,Telecom,https://1drv.ms/i/c/8705623eb284e7df/IQSxu2hqOY7-QLx90cczkqQ3AaiyjTAlNRBkOjXYHjazv6Y?width=300&height=200
01-10-2025,1867.599976,1877,1855.900024,1868,5675393,9,Bharti Airtel,BHARTIARTL.NS,Stock,Telecom,https://1drv.ms/i/c/8705623eb284e7df/IQSxu2hqOY7-QLx90cczkqQ3AaiyjTAlNRBkOjXYHjazv6Y?width=300&height=200
03-10-2025,1896.699951,1900.300049,1848.099976,1851.199951,5828332,9,Bharti Airtel,BHARTIARTL.NS,Stock,Telecom,https://1drv.ms/i/c/8705623eb284e7df/IQSxu2hqOY7-QLx90cczkqQ3AaiyjTAlNRBkOjXYHjazv6Y?width=300&height=200
06-10-2025,1903.099976,1907,1887.5,1892.599976,2809218,9,Bharti Airtel,BHARTIARTL.NS,Stock,Telecom,https://1drv.ms/i/c/8705623eb284e7df/IQSxu2hqOY7-QLx90cczkqQ3AaiyjTAlNRBkOjXYHjazv6Y?width=300&height=200
07-10-2025,1929,1946,1900,1900,5713060,9,Bharti Airtel,BHARTIARTL.NS,Stock,Telecom,https://1drv.ms/i/c/8705623eb284e7df/IQSxu2hqOY7-QLx90cczkqQ3AaiyjTAlNRBkOjXYHjazv6Y?width=300&height=200
08-10-2025,1943.5,1962.599976,1927.599976,1929,4957406,9,Bharti Airtel,BHARTIARTL.NS,Stock,Telecom,https://1drv.ms/i/c/8705623eb284e7df/IQSxu2hqOY7-QLx90cczkqQ3AaiyjTAlNRBkOjXYHjazv6Y?width=300&height=200
09-10-2025,1942,1948.800049,1931.300049,1945,3945737,9,Bharti Airtel,BHARTIARTL.NS,Stock,Telecom,https://1drv.ms/i/c/8705623eb284e7df/IQSxu2hqOY7-QLx90cczkqQ3AaiyjTAlNRBkOjXYHjazv6Y?width=300&height=200
10-10-2025,1939.900024,1947.599976,1935.400024,1937,2512581,9,Bharti Airtel,BHARTIARTL.NS,Stock,Telecom,https://1drv.ms/i/c/8705623eb284e7df/IQSxu2hqOY7-QLx90cczkqQ3AaiyjTAlNRBkOjXYHjazv6Y?width=300&height=200
13-10-2025,1954.900024,1965.900024,1936,1937.900024,3672419,9,Bharti Airtel,BHARTIARTL.NS,Stock,Telecom,https://1drv.ms/i/c/8705623eb284e7df/IQSxu2hqOY7-QLx90cczkqQ3AaiyjTAlNRBkOjXYHjazv6Y?width=300&height=200
14-10-2025,1946.599976,1964,1939.199951,1964,4454239,9,Bharti Airtel,BHARTIARTL.NS,Stock,Telecom,https://1drv.ms/i/c/8705623eb284e7df/IQSxu2hqOY7-QLx90cczkqQ3AaiyjTAlNRBkOjXYHjazv6Y?width=300&height=200
15-10-2025,1968.5,1976,1951.599976,1957.199951,3447352,9,Bharti Airtel,BHARTIARTL.NS,Stock,Telecom,https://1drv.ms/i/c/8705623eb284e7df/IQSxu2hqOY7-QLx90cczkqQ3AaiyjTAlNRBkOjXYHjazv6Y?width=300&height=200
16-10-2025,1967.400024,1986.900024,1962,1962.300049,3700674,9,Bharti Airtel,BHARTIARTL.NS,Stock,Telecom,https://1drv.ms/i/c/8705623eb284e7df/IQSxu2hqOY7-QLx90cczkqQ3AaiyjTAlNRBkOjXYHjazv6Y?width=300&height=200
17-10-2025,2012,2034.300049,1970.300049,1973.599976,6743801,9,Bharti Airtel,BHARTIARTL.NS,Stock,Telecom,https://1drv.ms/i/c/8705623eb284e7df/IQSxu2hqOY7-QLx90cczkqQ3AaiyjTAlNRBkOjXYHjazv6Y?width=300&height=200
20-10-2025,2051.5,2057,2019.699951,2026,7387180,9,Bharti Airtel,BHARTIARTL.NS,Stock,Telecom,https://1drv.ms/i/c/8705623eb284e7df/IQSxu2hqOY7-QLx90cczkqQ3AaiyjTAlNRBkOjXYHjazv6Y?width=300&height=200
21-10-2025,2043.5,2058.5,2038.5,2051.800049,240850,9,Bharti Airtel,BHARTIARTL.NS,Stock,Telecom,https://1drv.ms/i/c/8705623eb284e7df/IQSxu2hqOY7-QLx90cczkqQ3AaiyjTAlNRBkOjXYHjazv6Y?width=300&height=200
23-10-2025,2007.900024,2067,2003.599976,2063.899902,8790128,9,Bharti Airtel,BHARTIARTL.NS,Stock,Telecom,https://1drv.ms/i/c/8705623eb284e7df/IQSxu2hqOY7-QLx90cczkqQ3AaiyjTAlNRBkOjXYHjazv6Y?width=300&height=200
24-10-2025,2029.300049,2033,2006.900024,2008,3236799,9,Bharti Airtel,BHARTIARTL.NS,Stock,Telecom,https://1drv.ms/i/c/8705623eb284e7df/IQSxu2hqOY7-QLx90cczkqQ3AaiyjTAlNRBkOjXYHjazv6Y?width=300&height=200
27-10-2025,2080.100098,2094,2030,2030,5796831,9,Bharti Airtel,BHARTIARTL.NS,Stock,Telecom,https://1drv.ms/i/c/8705623eb284e7df/IQSxu2hqOY7-QLx90cczkqQ3AaiyjTAlNRBkOjXYHjazv6Y?width=300&height=200
28-10-2025,2090.199951,2102.600098,2071.699951,2092,9891522,9,Bharti Airtel,BHARTIARTL.NS,Stock,Telecom,https://1drv.ms/i/c/8705623eb284e7df/IQSxu2hqOY7-QLx90cczkqQ3AaiyjTAlNRBkOjXYHjazv6Y?width=300&height=200
29-10-2025,2100.600098,2110.399902,2081.600098,2083,2742750,9,Bharti Airtel,BHARTIARTL.NS,Stock,Telecom,https://1drv.ms/i/c/8705623eb284e7df/IQSxu2hqOY7-QLx90cczkqQ3AaiyjTAlNRBkOjXYHjazv6Y?width=300&height=200
30-10-2025,2066.300049,2088,2058.600098,2070,4222189,9,Bharti Airtel,BHARTIARTL.NS,Stock,Telecom,https://1drv.ms/i/c/8705623eb284e7df/IQSxu2hqOY7-QLx90cczkqQ3AaiyjTAlNRBkOjXYHjazv6Y?width=300&height=200
31-10-2025,2054.5,2073.800049,2051.699951,2056,4659723,9,Bharti Airtel,BHARTIARTL.NS,Stock,Telecom,https://1drv.ms/i/c/8705623eb284e7df/IQSxu2hqOY7-QLx90cczkqQ3AaiyjTAlNRBkOjXYHjazv6Y?width=300&height=200
03-11-2025,2074,2081,2047.199951,2055,2979629,9,Bharti Airtel,BHARTIARTL.NS,Stock,Telecom,https://1drv.ms/i/c/8705623eb284e7df/IQSxu2hqOY7-QLx90cczkqQ3AaiyjTAlNRBkOjXYHjazv6Y?width=300&height=200
04-11-2025,2113.300049,2135.600098,2103.5,2107,12263078,9,Bharti Airtel,BHARTIARTL.NS,Stock,Telecom,https://1drv.ms/i/c/8705623eb284e7df/IQSxu2hqOY7-QLx90cczkqQ3AaiyjTAlNRBkOjXYHjazv6Y?width=300&height=200
06-11-2025,2094.899902,2123.300049,2080.5,2115,9546299,9,Bharti Airtel,BHARTIARTL.NS,Stock,Telecom,https://1drv.ms/i/c/8705623eb284e7df/IQSxu2hqOY7-QLx90cczkqQ3AaiyjTAlNRBkOjXYHjazv6Y?width=300&height=200
07-11-2025,2001.199951,2048,1995.599976,2048,70392750,9,Bharti Airtel,BHARTIARTL.NS,Stock,Telecom,https://1drv.ms/i/c/8705623eb284e7df/IQSxu2hqOY7-QLx90cczkqQ3AaiyjTAlNRBkOjXYHjazv6Y?width=300&height=200
10-11-2025,2019.800049,2028.800049,1992.199951,1995,7457061,9,Bharti Airtel,BHARTIARTL.NS,Stock,Telecom,https://1drv.ms/i/c/8705623eb284e7df/IQSxu2hqOY7-QLx90cczkqQ3AaiyjTAlNRBkOjXYHjazv6Y?width=300&height=200
11-11-2025,2042.300049,2056.899902,2017.400024,2020.099976,14825625,9,Bharti Airtel,BHARTIARTL.NS,Stock,Telecom,https://1drv.ms/i/c/8705623eb284e7df/IQSxu2hqOY7-QLx90cczkqQ3AaiyjTAlNRBkOjXYHjazv6Y?width=300&height=200
12-11-2025,2073.800049,2079.800049,2054.899902,2060,8210277,9,Bharti Airtel,BHARTIARTL.NS,Stock,Telecom,https://1drv.ms/i/c/8705623eb284e7df/IQSxu2hqOY7-QLx90cczkqQ3AaiyjTAlNRBkOjXYHjazv6Y?width=300&height=200
13-11-2025,2091.800049,2107,2079,2099.899902,5958875,9,Bharti Airtel,BHARTIARTL.NS,Stock,Telecom,https://1drv.ms/i/c/8705623eb284e7df/IQSxu2hqOY7-QLx90cczkqQ3AaiyjTAlNRBkOjXYHjazv6Y?width=300&height=200
14-11-2025,2100.699951,2107.899902,2081.899902,2090,6312655,9,Bharti Airtel,BHARTIARTL.NS,Stock,Telecom,https://1drv.ms/i/c/8705623eb284e7df/IQSxu2hqOY7-QLx90cczkqQ3AaiyjTAlNRBkOjXYHjazv6Y?width=300&height=200
17-11-2025,2112.199951,2122,2100.899902,2112,5998770,9,Bharti Airtel,BHARTIARTL.NS,Stock,Telecom,https://1drv.ms/i/c/8705623eb284e7df/IQSxu2hqOY7-QLx90cczkqQ3AaiyjTAlNRBkOjXYHjazv6Y?width=300&height=200
18-11-2025,2149.199951,2159,2110.300049,2122,10972556,9,Bharti Airtel,BHARTIARTL.NS,Stock,Telecom,https://1drv.ms/i/c/8705623eb284e7df/IQSxu2hqOY7-QLx90cczkqQ3AaiyjTAlNRBkOjXYHjazv6Y?width=300&height=200
19-11-2025,2159.800049,2166.199951,2146.699951,2155,7419461,9,Bharti Airtel,BHARTIARTL.NS,Stock,Telecom,https://1drv.ms/i/c/8705623eb284e7df/IQSxu2hqOY7-QLx90cczkqQ3AaiyjTAlNRBkOjXYHjazv6Y?width=300&height=200
20-11-2025,2158.300049,2169.300049,2149.899902,2153.100098,7452899,9,Bharti Airtel,BHARTIARTL.NS,Stock,Telecom,https://1drv.ms/i/c/8705623eb284e7df/IQSxu2hqOY7-QLx90cczkqQ3AaiyjTAlNRBkOjXYHjazv6Y?width=300&height=200
21-11-2025,2162.699951,2174.5,2148.600098,2150.100098,6720938,9,Bharti Airtel,BHARTIARTL.NS,Stock,Telecom,https://1drv.ms/i/c/8705623eb284e7df/IQSxu2hqOY7-QLx90cczkqQ3AaiyjTAlNRBkOjXYHjazv6Y?width=300&height=200
24-11-2025,2152.100098,2165.800049,2140.399902,2162.100098,9686848,9,Bharti Airtel,BHARTIARTL.NS,Stock,Telecom,https://1drv.ms/i/c/8705623eb284e7df/IQSxu2hqOY7-QLx90cczkqQ3AaiyjTAlNRBkOjXYHjazv6Y?width=300&height=200
25-11-2025,2161.600098,2170.699951,2138.699951,2159,7102592,9,Bharti Airtel,BHARTIARTL.NS,Stock,Telecom,https://1drv.ms/i/c/8705623eb284e7df/IQSxu2hqOY7-QLx90cczkqQ3AaiyjTAlNRBkOjXYHjazv6Y?width=300&height=200
26-11-2025,2126.800049,2134.899902,2097.5,2104,43174047,9,Bharti Airtel,BHARTIARTL.NS,Stock,Telecom,https://1drv.ms/i/c/8705623eb284e7df/IQSxu2hqOY7-QLx90cczkqQ3AaiyjTAlNRBkOjXYHjazv6Y?width=300&height=200
27-11-2025,2115.600098,2136.899902,2103.800049,2132,4444877,9,Bharti Airtel,BHARTIARTL.NS,Stock,Telecom,https://1drv.ms/i/c/8705623eb284e7df/IQSxu2hqOY7-QLx90cczkqQ3AaiyjTAlNRBkOjXYHjazv6Y?width=300&height=200
28-11-2025,2101.600098,2129.5,2096.399902,2118,6263457,9,Bharti Airtel,BHARTIARTL.NS,Stock,Telecom,https://1drv.ms/i/c/8705623eb284e7df/IQSxu2hqOY7-QLx90cczkqQ3AaiyjTAlNRBkOjXYHjazv6Y?width=300&height=200
01-12-2025,2089.699951,2119,2083.100098,2114.699951,5058900,9,Bharti Airtel,BHARTIARTL.NS,Stock,Telecom,https://1drv.ms/i/c/8705623eb284e7df/IQSxu2hqOY7-QLx90cczkqQ3AaiyjTAlNRBkOjXYHjazv6Y?width=300&height=200
02-12-2025,2104,2114.800049,2087.100098,2089.800049,6591396,9,Bharti Airtel,BHARTIARTL.NS,Stock,Telecom,https://1drv.ms/i/c/8705623eb284e7df/IQSxu2hqOY7-QLx90cczkqQ3AaiyjTAlNRBkOjXYHjazv6Y?width=300&height=200
03-12-2025,2086,2109.899902,2081.600098,2100.100098,4357641,9,Bharti Airtel,BHARTIARTL.NS,Stock,Telecom,https://1drv.ms/i/c/8705623eb284e7df/IQSxu2hqOY7-QLx90cczkqQ3AaiyjTAlNRBkOjXYHjazv6Y?width=300&height=200
04-12-2025,2103.800049,2108.5,2074.100098,2094.800049,4611819,9,Bharti Airtel,BHARTIARTL.NS,Stock,Telecom,https://1drv.ms/i/c/8705623eb284e7df/IQSxu2hqOY7-QLx90cczkqQ3AaiyjTAlNRBkOjXYHjazv6Y?width=300&height=200
05-12-2025,2108.800049,2111.899902,2090,2092.600098,2938290,9,Bharti Airtel,BHARTIARTL.NS,Stock,Telecom,https://1drv.ms/i/c/8705623eb284e7df/IQSxu2hqOY7-QLx90cczkqQ3AaiyjTAlNRBkOjXYHjazv6Y?width=300&height=200
08-12-2025,2086.199951,2114.399902,2078.899902,2114.399902,4327091,9,Bharti Airtel,BHARTIARTL.NS,Stock,Telecom,https://1drv.ms/i/c/8705623eb284e7df/IQSxu2hqOY7-QLx90cczkqQ3AaiyjTAlNRBkOjXYHjazv6Y?width=300&height=200
09-12-2025,2089.699951,2100.399902,2080.399902,2086.800049,5139229,9,Bharti Airtel,BHARTIARTL.NS,Stock,Telecom,https://1drv.ms/i/c/8705623eb284e7df/IQSxu2hqOY7-QLx90cczkqQ3AaiyjTAlNRBkOjXYHjazv6Y?width=300&height=200
10-12-2025,2067,2096.899902,2062.199951,2072,3987451,9,Bharti Airtel,BHARTIARTL.NS,Stock,Telecom,https://1drv.ms/i/c/8705623eb284e7df/IQSxu2hqOY7-QLx90cczkqQ3AaiyjTAlNRBkOjXYHjazv6Y?width=300&height=200
11-12-2025,2053.199951,2069.199951,2038,2066,3254850,9,Bharti Airtel,BHARTIARTL.NS,Stock,Telecom,https://1drv.ms/i/c/8705623eb284e7df/IQSxu2hqOY7-QLx90cczkqQ3AaiyjTAlNRBkOjXYHjazv6Y?width=300&height=200
12-12-2025,2083.399902,2087.100098,2050.600098,2053.100098,2706420,9,Bharti Airtel,BHARTIARTL.NS,Stock,Telecom,https://1drv.ms/i/c/8705623eb284e7df/IQSxu2hqOY7-QLx90cczkqQ3AaiyjTAlNRBkOjXYHjazv6Y?width=300&height=200
15-12-2025,2069.699951,2078.899902,2061.5,2070.100098,3233614,9,Bharti Airtel,BHARTIARTL.NS,Stock,Telecom,https://1drv.ms/i/c/8705623eb284e7df/IQSxu2hqOY7-QLx90cczkqQ3AaiyjTAlNRBkOjXYHjazv6Y?width=300&height=200
16-12-2025,2102,2106.600098,2070.100098,2070.100098,5756692,9,Bharti Airtel,BHARTIARTL.NS,Stock,Telecom,https://1drv.ms/i/c/8705623eb284e7df/IQSxu2hqOY7-QLx90cczkqQ3AaiyjTAlNRBkOjXYHjazv6Y?width=300&height=200
17-12-2025,2108,2128,2096.399902,2117.600098,6412516,9,Bharti Airtel,BHARTIARTL.NS,Stock,Telecom,https://1drv.ms/i/c/8705623eb284e7df/IQSxu2hqOY7-QLx90cczkqQ3AaiyjTAlNRBkOjXYHjazv6Y?width=300&height=200
18-12-2025,2092,2116.600098,2088.100098,2099,3760341,9,Bharti Airtel,BHARTIARTL.NS,Stock,Telecom,https://1drv.ms/i/c/8705623eb284e7df/IQSxu2hqOY7-QLx90cczkqQ3AaiyjTAlNRBkOjXYHjazv6Y?width=300&height=200
19-12-2025,2097.699951,2115,2082,2113.899902,10127415,9,Bharti Airtel,BHARTIARTL.NS,Stock,Telecom,https://1drv.ms/i/c/8705623eb284e7df/IQSxu2hqOY7-QLx90cczkqQ3AaiyjTAlNRBkOjXYHjazv6Y?width=300&height=200
22-12-2025,2147.600098,2151.699951,2101.699951,2118,7670853,9,Bharti Airtel,BHARTIARTL.NS,Stock,Telecom,https://1drv.ms/i/c/8705623eb284e7df/IQSxu2hqOY7-QLx90cczkqQ3AaiyjTAlNRBkOjXYHjazv6Y?width=300&height=200
23-12-2025,2122.899902,2164,2119.199951,2157,4110853,9,Bharti Airtel,BHARTIARTL.NS,Stock,Telecom,https://1drv.ms/i/c/8705623eb284e7df/IQSxu2hqOY7-QLx90cczkqQ3AaiyjTAlNRBkOjXYHjazv6Y?width=300&height=200
24-12-2025,2123.699951,2137.199951,2111,2111,3145464,9,Bharti Airtel,BHARTIARTL.NS,Stock,Telecom,https://1drv.ms/i/c/8705623eb284e7df/IQSxu2hqOY7-QLx90cczkqQ3AaiyjTAlNRBkOjXYHjazv6Y?width=300&height=200
26-12-2025,2105.399902,2123,2101.800049,2123,1297870,9,Bharti Airtel,BHARTIARTL.NS,Stock,Telecom,https://1drv.ms/i/c/8705623eb284e7df/IQSxu2hqOY7-QLx90cczkqQ3AaiyjTAlNRBkOjXYHjazv6Y?width=300&height=200
29-12-2025,2081.600098,2112.699951,2079.399902,2105.399902,2371034,9,Bharti Airtel,BHARTIARTL.NS,Stock,Telecom,https://1drv.ms/i/c/8705623eb284e7df/IQSxu2hqOY7-QLx90cczkqQ3AaiyjTAlNRBkOjXYHjazv6Y?width=300&height=200
30-12-2025,2099.800049,2102.800049,2071.600098,2077,6983390,9,Bharti Airtel,BHARTIARTL.NS,Stock,Telecom,https://1drv.ms/i/c/8705623eb284e7df/IQSxu2hqOY7-QLx90cczkqQ3AaiyjTAlNRBkOjXYHjazv6Y?width=300&height=200
31-12-2025,2105.600098,2121,2090.100098,2096,2991434,9,Bharti Airtel,BHARTIARTL.NS,Stock,Telecom,https://1drv.ms/i/c/8705623eb284e7df/IQSxu2hqOY7-QLx90cczkqQ3AaiyjTAlNRBkOjXYHjazv6Y?width=300&height=200
