Date,Close,High,Low,Open,Volume,AssetID,AssetName,Ticker,AssetType,Sector,Logo
01-01-2021,37.90501022,38.92817688,37.04630661,37.37457275,459165743,103,Binance Coin,BNB-USD,Crypto,Cryptocurrency,https://1drv.ms/i/c/8705623eb284e7df/IQRKpJgHnRqQQJByd4eQSA4fAS83utsBfBaNDvQwVOOsD-s?width=300&height=300
02-01-2021,38.24159241,38.83625412,36.92560196,37.91710663,521965394,103,Binance Coin,BNB-USD,Crypto,Cryptocurrency,https://1drv.ms/i/c/8705623eb284e7df/IQRKpJgHnRqQQJByd4eQSA4fAS83utsBfBaNDvQwVOOsD-s?width=300&height=300
03-01-2021,41.14897919,41.60632324,37.81810379,38.25372696,758008613,103,Binance Coin,BNB-USD,Crypto,Cryptocurrency,https://1drv.ms/i/c/8705623eb284e7df/IQRKpJgHnRqQQJByd4eQSA4fAS83utsBfBaNDvQwVOOsD-s?width=300&height=300
04-01-2021,40.92635345,43.13212204,38.14398193,41.19828033,807877171,103,Binance Coin,BNB-USD,Crypto,Cryptocurrency,https://1drv.ms/i/c/8705623eb284e7df/IQRKpJgHnRqQQJByd4eQSA4fAS83utsBfBaNDvQwVOOsD-s?width=300&height=300
05-01-2021,41.73460007,41.73460007,38.97895432,40.93727875,644270927,103,Binance Coin,BNB-USD,Crypto,Cryptocurrency,https://1drv.ms/i/c/8705623eb284e7df/IQRKpJgHnRqQQJByd4eQSA4fAS83utsBfBaNDvQwVOOsD-s?width=300&height=300
06-01-2021,42.16595459,42.19270325,40.5925293,41.77553558,641021601,103,Binance Coin,BNB-USD,Crypto,Cryptocurrency,https://1drv.ms/i/c/8705623eb284e7df/IQRKpJgHnRqQQJByd4eQSA4fAS83utsBfBaNDvQwVOOsD-s?width=300&height=300
07-01-2021,43.44948959,44.47003555,41.49586868,42.19662476,829964770,103,Binance Coin,BNB-USD,Crypto,Cryptocurrency,https://1drv.ms/i/c/8705623eb284e7df/IQRKpJgHnRqQQJByd4eQSA4fAS83utsBfBaNDvQwVOOsD-s?width=300&height=300
08-01-2021,42.39531708,43.59046555,40.53448105,43.56868744,650561500,103,Binance Coin,BNB-USD,Crypto,Cryptocurrency,https://1drv.ms/i/c/8705623eb284e7df/IQRKpJgHnRqQQJByd4eQSA4fAS83utsBfBaNDvQwVOOsD-s?width=300&height=300
09-01-2021,43.9328537,44.11974335,41.59010315,42.37369537,590039660,103,Binance Coin,BNB-USD,Crypto,Cryptocurrency,https://1drv.ms/i/c/8705623eb284e7df/IQRKpJgHnRqQQJByd4eQSA4fAS83utsBfBaNDvQwVOOsD-s?width=300&height=300
10-01-2021,42.44847488,45.1554184,40.59486389,43.94412231,701488832,103,Binance Coin,BNB-USD,Crypto,Cryptocurrency,https://1drv.ms/i/c/8705623eb284e7df/IQRKpJgHnRqQQJByd4eQSA4fAS83utsBfBaNDvQwVOOsD-s?width=300&height=300
11-01-2021,38.37136078,42.47750092,35.17088318,42.47262192,890728694,103,Binance Coin,BNB-USD,Crypto,Cryptocurrency,https://1drv.ms/i/c/8705623eb284e7df/IQRKpJgHnRqQQJByd4eQSA4fAS83utsBfBaNDvQwVOOsD-s?width=300&height=300
12-01-2021,38.11161041,39.9309082,37.1855011,38.27951813,567249584,103,Binance Coin,BNB-USD,Crypto,Cryptocurrency,https://1drv.ms/i/c/8705623eb284e7df/IQRKpJgHnRqQQJByd4eQSA4fAS83utsBfBaNDvQwVOOsD-s?width=300&height=300
13-01-2021,40.13593292,40.40154266,37.14378357,38.10942459,542384725,103,Binance Coin,BNB-USD,Crypto,Cryptocurrency,https://1drv.ms/i/c/8705623eb284e7df/IQRKpJgHnRqQQJByd4eQSA4fAS83utsBfBaNDvQwVOOsD-s?width=300&height=300
14-01-2021,41.7936821,41.87310028,39.65635681,40.11882782,534108764,103,Binance Coin,BNB-USD,Crypto,Cryptocurrency,https://1drv.ms/i/c/8705623eb284e7df/IQRKpJgHnRqQQJByd4eQSA4fAS83utsBfBaNDvQwVOOsD-s?width=300&height=300
15-01-2021,40.91897964,42.41106033,39.0954628,41.79495239,562019413,103,Binance Coin,BNB-USD,Crypto,Cryptocurrency,https://1drv.ms/i/c/8705623eb284e7df/IQRKpJgHnRqQQJByd4eQSA4fAS83utsBfBaNDvQwVOOsD-s?width=300&height=300
16-01-2021,43.17182541,43.91791916,40.73382187,40.91943359,604218252,103,Binance Coin,BNB-USD,Crypto,Cryptocurrency,https://1drv.ms/i/c/8705623eb284e7df/IQRKpJgHnRqQQJByd4eQSA4fAS83utsBfBaNDvQwVOOsD-s?width=300&height=300
17-01-2021,45.68461227,46.65454483,41.09147263,43.15613937,664875513,103,Binance Coin,BNB-USD,Crypto,Cryptocurrency,https://1drv.ms/i/c/8705623eb284e7df/IQRKpJgHnRqQQJByd4eQSA4fAS83utsBfBaNDvQwVOOsD-s?width=300&height=300
18-01-2021,45.3531723,46.80380249,44.15646362,45.76753235,586905636,103,Binance Coin,BNB-USD,Crypto,Cryptocurrency,https://1drv.ms/i/c/8705623eb284e7df/IQRKpJgHnRqQQJByd4eQSA4fAS83utsBfBaNDvQwVOOsD-s?width=300&height=300
19-01-2021,42.78553391,47.09810257,41.94388962,45.33563995,750638729,103,Binance Coin,BNB-USD,Crypto,Cryptocurrency,https://1drv.ms/i/c/8705623eb284e7df/IQRKpJgHnRqQQJByd4eQSA4fAS83utsBfBaNDvQwVOOsD-s?width=300&height=300
20-01-2021,42.60689926,42.75456238,40.30640411,42.66294861,684094133,103,Binance Coin,BNB-USD,Crypto,Cryptocurrency,https://1drv.ms/i/c/8705623eb284e7df/IQRKpJgHnRqQQJByd4eQSA4fAS83utsBfBaNDvQwVOOsD-s?width=300&height=300
21-01-2021,38.64583969,42.63518906,38.44939041,42.6060257,621983627,103,Binance Coin,BNB-USD,Crypto,Cryptocurrency,https://1drv.ms/i/c/8705623eb284e7df/IQRKpJgHnRqQQJByd4eQSA4fAS83utsBfBaNDvQwVOOsD-s?width=300&height=300
22-01-2021,40.85757065,41.40969467,36.95341492,38.63531113,561072899,103,Binance Coin,BNB-USD,Crypto,Cryptocurrency,https://1drv.ms/i/c/8705623eb284e7df/IQRKpJgHnRqQQJByd4eQSA4fAS83utsBfBaNDvQwVOOsD-s?width=300&height=300
23-01-2021,40.81547928,41.85029221,39.58652878,40.86509323,468609053,103,Binance Coin,BNB-USD,Crypto,Cryptocurrency,https://1drv.ms/i/c/8705623eb284e7df/IQRKpJgHnRqQQJByd4eQSA4fAS83utsBfBaNDvQwVOOsD-s?width=300&height=300
24-01-2021,41.88160706,42.19152451,40.50406265,40.86247253,450486066,103,Binance Coin,BNB-USD,Crypto,Cryptocurrency,https://1drv.ms/i/c/8705623eb284e7df/IQRKpJgHnRqQQJByd4eQSA4fAS83utsBfBaNDvQwVOOsD-s?width=300&height=300
25-01-2021,41.623703,43.35352707,40.63365555,41.87605286,507172505,103,Binance Coin,BNB-USD,Crypto,Cryptocurrency,https://1drv.ms/i/c/8705623eb284e7df/IQRKpJgHnRqQQJByd4eQSA4fAS83utsBfBaNDvQwVOOsD-s?width=300&height=300
26-01-2021,41.69473648,42.47721481,40.00783157,41.65512848,546536514,103,Binance Coin,BNB-USD,Crypto,Cryptocurrency,https://1drv.ms/i/c/8705623eb284e7df/IQRKpJgHnRqQQJByd4eQSA4fAS83utsBfBaNDvQwVOOsD-s?width=300&height=300
27-01-2021,40.99487686,42.0478363,39.73080063,41.75617218,519618043,103,Binance Coin,BNB-USD,Crypto,Cryptocurrency,https://1drv.ms/i/c/8705623eb284e7df/IQRKpJgHnRqQQJByd4eQSA4fAS83utsBfBaNDvQwVOOsD-s?width=300&height=300
28-01-2021,42.52910614,43.07650757,40.50751877,40.98641968,533847527,103,Binance Coin,BNB-USD,Crypto,Cryptocurrency,https://1drv.ms/i/c/8705623eb284e7df/IQRKpJgHnRqQQJByd4eQSA4fAS83utsBfBaNDvQwVOOsD-s?width=300&height=300
29-01-2021,42.85234833,44.00945282,41.9070015,42.38618088,651771603,103,Binance Coin,BNB-USD,Crypto,Cryptocurrency,https://1drv.ms/i/c/8705623eb284e7df/IQRKpJgHnRqQQJByd4eQSA4fAS83utsBfBaNDvQwVOOsD-s?width=300&height=300
30-01-2021,44.77227783,44.98825455,42.68006516,42.85351181,533768579,103,Binance Coin,BNB-USD,Crypto,Cryptocurrency,https://1drv.ms/i/c/8705623eb284e7df/IQRKpJgHnRqQQJByd4eQSA4fAS83utsBfBaNDvQwVOOsD-s?width=300&height=300
31-01-2021,44.27599335,45.70771027,43.42907333,44.79869843,512545443,103,Binance Coin,BNB-USD,Crypto,Cryptocurrency,https://1drv.ms/i/c/8705623eb284e7df/IQRKpJgHnRqQQJByd4eQSA4fAS83utsBfBaNDvQwVOOsD-s?width=300&height=300
01-02-2021,51.60769653,52.13868332,43.52419281,44.3090744,1256933735,103,Binance Coin,BNB-USD,Crypto,Cryptocurrency,https://1drv.ms/i/c/8705623eb284e7df/IQRKpJgHnRqQQJByd4eQSA4fAS83utsBfBaNDvQwVOOsD-s?width=300&height=300
02-02-2021,51.05640411,52.91186523,49.38707352,51.5518837,1006694242,103,Binance Coin,BNB-USD,Crypto,Cryptocurrency,https://1drv.ms/i/c/8705623eb284e7df/IQRKpJgHnRqQQJByd4eQSA4fAS83utsBfBaNDvQwVOOsD-s?width=300&height=300
03-02-2021,52.24263763,52.67743301,49.95558548,51.05010223,714000888,103,Binance Coin,BNB-USD,Crypto,Cryptocurrency,https://1drv.ms/i/c/8705623eb284e7df/IQRKpJgHnRqQQJByd4eQSA4fAS83utsBfBaNDvQwVOOsD-s?width=300&height=300
04-02-2021,55.92512512,57.07091141,51.60264206,52.24221039,940905214,103,Binance Coin,BNB-USD,Crypto,Cryptocurrency,https://1drv.ms/i/c/8705623eb284e7df/IQRKpJgHnRqQQJByd4eQSA4fAS83utsBfBaNDvQwVOOsD-s?width=300&height=300
05-02-2021,67.8455658,68.46395874,56.01080322,56.01080322,1431595319,103,Binance Coin,BNB-USD,Crypto,Cryptocurrency,https://1drv.ms/i/c/8705623eb284e7df/IQRKpJgHnRqQQJByd4eQSA4fAS83utsBfBaNDvQwVOOsD-s?width=300&height=300
06-02-2021,72.7335968,75.40187836,62.20812607,67.85463715,2114553792,103,Binance Coin,BNB-USD,Crypto,Cryptocurrency,https://1drv.ms/i/c/8705623eb284e7df/IQRKpJgHnRqQQJByd4eQSA4fAS83utsBfBaNDvQwVOOsD-s?width=300&height=300
07-02-2021,68.59052277,74.61254883,64.49789429,72.86821747,1493688265,103,Binance Coin,BNB-USD,Crypto,Cryptocurrency,https://1drv.ms/i/c/8705623eb284e7df/IQRKpJgHnRqQQJByd4eQSA4fAS83utsBfBaNDvQwVOOsD-s?width=300&height=300
08-02-2021,79.83154297,79.83154297,67.85923767,68.52555847,2133574291,103,Binance Coin,BNB-USD,Crypto,Cryptocurrency,https://1drv.ms/i/c/8705623eb284e7df/IQRKpJgHnRqQQJByd4eQSA4fAS83utsBfBaNDvQwVOOsD-s?width=300&height=300
09-02-2021,107.8992767,115.1318436,78.44632721,79.80702209,4425849540,103,Binance Coin,BNB-USD,Crypto,Cryptocurrency,https://1drv.ms/i/c/8705623eb284e7df/IQRKpJgHnRqQQJByd4eQSA4fAS83utsBfBaNDvQwVOOsD-s?width=300&height=300
10-02-2021,129.7371521,148.0747681,107.7085571,107.7085571,7000323240,103,Binance Coin,BNB-USD,Crypto,Cryptocurrency,https://1drv.ms/i/c/8705623eb284e7df/IQRKpJgHnRqQQJByd4eQSA4fAS83utsBfBaNDvQwVOOsD-s?width=300&height=300
11-02-2021,124.4342575,131.5356903,119.0962601,129.3052368,2809765027,103,Binance Coin,BNB-USD,Crypto,Cryptocurrency,https://1drv.ms/i/c/8705623eb284e7df/IQRKpJgHnRqQQJByd4eQSA4fAS83utsBfBaNDvQwVOOsD-s?width=300&height=300
12-02-2021,136.9483948,140.2431641,121.727066,124.1594315,2981627650,103,Binance Coin,BNB-USD,Crypto,Cryptocurrency,https://1drv.ms/i/c/8705623eb284e7df/IQRKpJgHnRqQQJByd4eQSA4fAS83utsBfBaNDvQwVOOsD-s?width=300&height=300
13-02-2021,133.4526825,138.4705353,125.7285995,136.9279938,2116751635,103,Binance Coin,BNB-USD,Crypto,Cryptocurrency,https://1drv.ms/i/c/8705623eb284e7df/IQRKpJgHnRqQQJByd4eQSA4fAS83utsBfBaNDvQwVOOsD-s?width=300&height=300
14-02-2021,136.4265137,138.7567596,128.73172,133.4737701,2312597445,103,Binance Coin,BNB-USD,Crypto,Cryptocurrency,https://1drv.ms/i/c/8705623eb284e7df/IQRKpJgHnRqQQJByd4eQSA4fAS83utsBfBaNDvQwVOOsD-s?width=300&height=300
15-02-2021,129.5678864,139.2197571,119.7349854,136.2767792,2414986848,103,Binance Coin,BNB-USD,Crypto,Cryptocurrency,https://1drv.ms/i/c/8705623eb284e7df/IQRKpJgHnRqQQJByd4eQSA4fAS83utsBfBaNDvQwVOOsD-s?width=300&height=300
16-02-2021,130.0566559,133.2806091,126.7966385,129.7397919,1925775294,103,Binance Coin,BNB-USD,Crypto,Cryptocurrency,https://1drv.ms/i/c/8705623eb284e7df/IQRKpJgHnRqQQJByd4eQSA4fAS83utsBfBaNDvQwVOOsD-s?width=300&height=300
17-02-2021,164.670105,175.1161499,127.0921173,130.0801392,5236224271,103,Binance Coin,BNB-USD,Crypto,Cryptocurrency,https://1drv.ms/i/c/8705623eb284e7df/IQRKpJgHnRqQQJByd4eQSA4fAS83utsBfBaNDvQwVOOsD-s?width=300&height=300
18-02-2021,195.9326324,199.4556274,163.2748871,165.0188293,6110987389,103,Binance Coin,BNB-USD,Crypto,Cryptocurrency,https://1drv.ms/i/c/8705623eb284e7df/IQRKpJgHnRqQQJByd4eQSA4fAS83utsBfBaNDvQwVOOsD-s?width=300&height=300
19-02-2021,332.6160278,342.8796082,195.3857422,195.987854,17982945189,103,Binance Coin,BNB-USD,Crypto,Cryptocurrency,https://1drv.ms/i/c/8705623eb284e7df/IQRKpJgHnRqQQJByd4eQSA4fAS83utsBfBaNDvQwVOOsD-s?width=300&height=300
20-02-2021,255.9537354,334.4550476,227.9137573,332.918457,9680520706,103,Binance Coin,BNB-USD,Crypto,Cryptocurrency,https://1drv.ms/i/c/8705623eb284e7df/IQRKpJgHnRqQQJByd4eQSA4fAS83utsBfBaNDvQwVOOsD-s?width=300&height=300
21-02-2021,293.923584,307.5881042,250.5408173,254.5392761,8505963719,103,Binance Coin,BNB-USD,Crypto,Cryptocurrency,https://1drv.ms/i/c/8705623eb284e7df/IQRKpJgHnRqQQJByd4eQSA4fAS83utsBfBaNDvQwVOOsD-s?width=300&height=300
22-02-2021,267.5097961,295.4785767,223.0193634,294.6123657,7885768925,103,Binance Coin,BNB-USD,Crypto,Cryptocurrency,https://1drv.ms/i/c/8705623eb284e7df/IQRKpJgHnRqQQJByd4eQSA4fAS83utsBfBaNDvQwVOOsD-s?width=300&height=300
23-02-2021,230.9942474,268.5368347,190.4124603,267.3644104,8280752930,103,Binance Coin,BNB-USD,Crypto,Cryptocurrency,https://1drv.ms/i/c/8705623eb284e7df/IQRKpJgHnRqQQJByd4eQSA4fAS83utsBfBaNDvQwVOOsD-s?width=300&height=300
24-02-2021,254.3591309,280.0881958,214.5247192,231.1215973,7154121651,103,Binance Coin,BNB-USD,Crypto,Cryptocurrency,https://1drv.ms/i/c/8705623eb284e7df/IQRKpJgHnRqQQJByd4eQSA4fAS83utsBfBaNDvQwVOOsD-s?width=300&height=300
25-02-2021,233.8859558,264.7051392,233.8859558,254.4676056,4059853073,103,Binance Coin,BNB-USD,Crypto,Cryptocurrency,https://1drv.ms/i/c/8705623eb284e7df/IQRKpJgHnRqQQJByd4eQSA4fAS83utsBfBaNDvQwVOOsD-s?width=300&height=300
26-02-2021,221.6804352,238.7550049,210.3107605,235.2702942,4167145958,103,Binance Coin,BNB-USD,Crypto,Cryptocurrency,https://1drv.ms/i/c/8705623eb284e7df/IQRKpJgHnRqQQJByd4eQSA4fAS83utsBfBaNDvQwVOOsD-s?width=300&height=300
27-02-2021,225.2494354,237.1794281,220.0993958,221.9809113,2755271254,103,Binance Coin,BNB-USD,Crypto,Cryptocurrency,https://1drv.ms/i/c/8705623eb284e7df/IQRKpJgHnRqQQJByd4eQSA4fAS83utsBfBaNDvQwVOOsD-s?width=300&height=300
28-02-2021,209.5744019,228.1730499,195.8526764,225.4459381,3129699003,103,Binance Coin,BNB-USD,Crypto,Cryptocurrency,https://1drv.ms/i/c/8705623eb284e7df/IQRKpJgHnRqQQJByd4eQSA4fAS83utsBfBaNDvQwVOOsD-s?width=300&height=300
01-03-2021,254.6299286,259.4910583,209.9513092,209.9513092,5008256561,103,Binance Coin,BNB-USD,Crypto,Cryptocurrency,https://1drv.ms/i/c/8705623eb284e7df/IQRKpJgHnRqQQJByd4eQSA4fAS83utsBfBaNDvQwVOOsD-s?width=300&height=300
02-03-2021,239.5225372,264.1693115,228.6416473,254.9533539,5882262804,103,Binance Coin,BNB-USD,Crypto,Cryptocurrency,https://1drv.ms/i/c/8705623eb284e7df/IQRKpJgHnRqQQJByd4eQSA4fAS83utsBfBaNDvQwVOOsD-s?width=300&height=300
03-03-2021,241.0913696,254.2536316,236.9087524,239.6889801,5827707431,103,Binance Coin,BNB-USD,Crypto,Cryptocurrency,https://1drv.ms/i/c/8705623eb284e7df/IQRKpJgHnRqQQJByd4eQSA4fAS83utsBfBaNDvQwVOOsD-s?width=300&height=300
04-03-2021,229.9450684,249.4656067,226.0849457,241.0454865,5580339595,103,Binance Coin,BNB-USD,Crypto,Cryptocurrency,https://1drv.ms/i/c/8705623eb284e7df/IQRKpJgHnRqQQJByd4eQSA4fAS83utsBfBaNDvQwVOOsD-s?width=300&height=300
05-03-2021,226.3725586,230.3666382,216.2726135,229.8352966,4969642573,103,Binance Coin,BNB-USD,Crypto,Cryptocurrency,https://1drv.ms/i/c/8705623eb284e7df/IQRKpJgHnRqQQJByd4eQSA4fAS83utsBfBaNDvQwVOOsD-s?width=300&height=300
06-03-2021,226.6668549,232.0988922,220.0750732,226.1977692,4489684331,103,Binance Coin,BNB-USD,Crypto,Cryptocurrency,https://1drv.ms/i/c/8705623eb284e7df/IQRKpJgHnRqQQJByd4eQSA4fAS83utsBfBaNDvQwVOOsD-s?width=300&height=300
07-03-2021,240.1792145,243.3431244,225.5463715,226.6727448,5081569247,103,Binance Coin,BNB-USD,Crypto,Cryptocurrency,https://1drv.ms/i/c/8705623eb284e7df/IQRKpJgHnRqQQJByd4eQSA4fAS83utsBfBaNDvQwVOOsD-s?width=300&height=300
08-03-2021,240.3186646,242.6882629,229.4411163,240.1795807,5016770824,103,Binance Coin,BNB-USD,Crypto,Cryptocurrency,https://1drv.ms/i/c/8705623eb284e7df/IQRKpJgHnRqQQJByd4eQSA4fAS83utsBfBaNDvQwVOOsD-s?width=300&height=300
09-03-2021,293.4632263,296.6586304,236.0502472,240.3954773,8676266998,103,Binance Coin,BNB-USD,Crypto,Cryptocurrency,https://1drv.ms/i/c/8705623eb284e7df/IQRKpJgHnRqQQJByd4eQSA4fAS83utsBfBaNDvQwVOOsD-s?width=300&height=300
10-03-2021,279.3580322,295.0706177,268.5784912,293.4238892,4544623650,103,Binance Coin,BNB-USD,Crypto,Cryptocurrency,https://1drv.ms/i/c/8705623eb284e7df/IQRKpJgHnRqQQJByd4eQSA4fAS83utsBfBaNDvQwVOOsD-s?width=300&height=300
11-03-2021,289.790802,313.1101379,273.3779297,278.5090942,4676132222,103,Binance Coin,BNB-USD,Crypto,Cryptocurrency,https://1drv.ms/i/c/8705623eb284e7df/IQRKpJgHnRqQQJByd4eQSA4fAS83utsBfBaNDvQwVOOsD-s?width=300&height=300
12-03-2021,263.6858215,290.0347595,253.9466553,289.999115,3960814749,103,Binance Coin,BNB-USD,Crypto,Cryptocurrency,https://1drv.ms/i/c/8705623eb284e7df/IQRKpJgHnRqQQJByd4eQSA4fAS83utsBfBaNDvQwVOOsD-s?width=300&height=300
13-03-2021,276.1047058,283.0136108,256.1889648,263.5920105,2903774859,103,Binance Coin,BNB-USD,Crypto,Cryptocurrency,https://1drv.ms/i/c/8705623eb284e7df/IQRKpJgHnRqQQJByd4eQSA4fAS83utsBfBaNDvQwVOOsD-s?width=300&height=300
14-03-2021,264.6367493,276.3712463,264.6367493,276.18573,2044273970,103,Binance Coin,BNB-USD,Crypto,Cryptocurrency,https://1drv.ms/i/c/8705623eb284e7df/IQRKpJgHnRqQQJByd4eQSA4fAS83utsBfBaNDvQwVOOsD-s?width=300&height=300
15-03-2021,254.6608276,267.2337341,250.6129761,264.0635071,2488528410,103,Binance Coin,BNB-USD,Crypto,Cryptocurrency,https://1drv.ms/i/c/8705623eb284e7df/IQRKpJgHnRqQQJByd4eQSA4fAS83utsBfBaNDvQwVOOsD-s?width=300&height=300
16-03-2021,258.1006775,258.8761292,242.1815338,254.4504395,2425543830,103,Binance Coin,BNB-USD,Crypto,Cryptocurrency,https://1drv.ms/i/c/8705623eb284e7df/IQRKpJgHnRqQQJByd4eQSA4fAS83utsBfBaNDvQwVOOsD-s?width=300&height=300
17-03-2021,269.8548584,270.9628906,249.9289246,258.3858643,2271426252,103,Binance Coin,BNB-USD,Crypto,Cryptocurrency,https://1drv.ms/i/c/8705623eb284e7df/IQRKpJgHnRqQQJByd4eQSA4fAS83utsBfBaNDvQwVOOsD-s?width=300&height=300
18-03-2021,261.7048035,277.7722473,258.7264099,269.6378479,2445995134,103,Binance Coin,BNB-USD,Crypto,Cryptocurrency,https://1drv.ms/i/c/8705623eb284e7df/IQRKpJgHnRqQQJByd4eQSA4fAS83utsBfBaNDvQwVOOsD-s?width=300&height=300
19-03-2021,264.0574341,269.2347107,256.2732849,261.6304321,1873443830,103,Binance Coin,BNB-USD,Crypto,Cryptocurrency,https://1drv.ms/i/c/8705623eb284e7df/IQRKpJgHnRqQQJByd4eQSA4fAS83utsBfBaNDvQwVOOsD-s?width=300&height=300
20-03-2021,264.7416687,274.8731689,262.9725037,264.0921936,2004752539,103,Binance Coin,BNB-USD,Crypto,Cryptocurrency,https://1drv.ms/i/c/8705623eb284e7df/IQRKpJgHnRqQQJByd4eQSA4fAS83utsBfBaNDvQwVOOsD-s?width=300&height=300
21-03-2021,264.8861694,268.8781738,257.51828,264.9569397,1718563711,103,Binance Coin,BNB-USD,Crypto,Cryptocurrency,https://1drv.ms/i/c/8705623eb284e7df/IQRKpJgHnRqQQJByd4eQSA4fAS83utsBfBaNDvQwVOOsD-s?width=300&height=300
22-03-2021,255.9001923,276.968689,255.2108612,265.070282,2323911466,103,Binance Coin,BNB-USD,Crypto,Cryptocurrency,https://1drv.ms/i/c/8705623eb284e7df/IQRKpJgHnRqQQJByd4eQSA4fAS83utsBfBaNDvQwVOOsD-s?width=300&height=300
23-03-2021,255.6896667,263.149292,253.0116425,255.9450989,2010488139,103,Binance Coin,BNB-USD,Crypto,Cryptocurrency,https://1drv.ms/i/c/8705623eb284e7df/IQRKpJgHnRqQQJByd4eQSA4fAS83utsBfBaNDvQwVOOsD-s?width=300&height=300
24-03-2021,249.8513794,268.6208496,243.2281342,255.8943024,2385752951,103,Binance Coin,BNB-USD,Crypto,Cryptocurrency,https://1drv.ms/i/c/8705623eb284e7df/IQRKpJgHnRqQQJByd4eQSA4fAS83utsBfBaNDvQwVOOsD-s?width=300&height=300
25-03-2021,234.885437,250.1392365,227.2940674,249.4659119,2314734091,103,Binance Coin,BNB-USD,Crypto,Cryptocurrency,https://1drv.ms/i/c/8705623eb284e7df/IQRKpJgHnRqQQJByd4eQSA4fAS83utsBfBaNDvQwVOOsD-s?width=300&height=300
26-03-2021,255.1045685,255.1045685,234.7909393,234.7909393,2099285452,103,Binance Coin,BNB-USD,Crypto,Cryptocurrency,https://1drv.ms/i/c/8705623eb284e7df/IQRKpJgHnRqQQJByd4eQSA4fAS83utsBfBaNDvQwVOOsD-s?width=300&height=300
27-03-2021,269.1023254,275.5933838,250.4947968,255.1164856,2457659540,103,Binance Coin,BNB-USD,Crypto,Cryptocurrency,https://1drv.ms/i/c/8705623eb284e7df/IQRKpJgHnRqQQJByd4eQSA4fAS83utsBfBaNDvQwVOOsD-s?width=300&height=300
28-03-2021,269.1912842,280.9924011,262.2886658,269.31073,2527142069,103,Binance Coin,BNB-USD,Crypto,Cryptocurrency,https://1drv.ms/i/c/8705623eb284e7df/IQRKpJgHnRqQQJByd4eQSA4fAS83utsBfBaNDvQwVOOsD-s?width=300&height=300
29-03-2021,275.2146301,277.4790039,265.3678284,268.9693909,2067448661,103,Binance Coin,BNB-USD,Crypto,Cryptocurrency,https://1drv.ms/i/c/8705623eb284e7df/IQRKpJgHnRqQQJByd4eQSA4fAS83utsBfBaNDvQwVOOsD-s?width=300&height=300
30-03-2021,311.4264832,311.4264832,271.5785522,275.2386475,4039620710,103,Binance Coin,BNB-USD,Crypto,Cryptocurrency,https://1drv.ms/i/c/8705623eb284e7df/IQRKpJgHnRqQQJByd4eQSA4fAS83utsBfBaNDvQwVOOsD-s?width=300&height=300
31-03-2021,302.063446,316.4865417,289.0092773,311.5514221,3545493416,103,Binance Coin,BNB-USD,Crypto,Cryptocurrency,https://1drv.ms/i/c/8705623eb284e7df/IQRKpJgHnRqQQJByd4eQSA4fAS83utsBfBaNDvQwVOOsD-s?width=300&height=300
01-04-2021,335.2128906,339.2091064,301.5886536,302.2454834,3718677616,103,Binance Coin,BNB-USD,Crypto,Cryptocurrency,https://1drv.ms/i/c/8705623eb284e7df/IQRKpJgHnRqQQJByd4eQSA4fAS83utsBfBaNDvQwVOOsD-s?width=300&height=300
02-04-2021,339.0077209,356.7835083,329.7513733,335.085968,3950524039,103,Binance Coin,BNB-USD,Crypto,Cryptocurrency,https://1drv.ms/i/c/8705623eb284e7df/IQRKpJgHnRqQQJByd4eQSA4fAS83utsBfBaNDvQwVOOsD-s?width=300&height=300
03-04-2021,323.1335144,349.6299133,319.1937866,338.9091797,2953164849,103,Binance Coin,BNB-USD,Crypto,Cryptocurrency,https://1drv.ms/i/c/8705623eb284e7df/IQRKpJgHnRqQQJByd4eQSA4fAS83utsBfBaNDvQwVOOsD-s?width=300&height=300
04-04-2021,351.6243896,353.4342041,319.8490295,323.3548584,3200674446,103,Binance Coin,BNB-USD,Crypto,Cryptocurrency,https://1drv.ms/i/c/8705623eb284e7df/IQRKpJgHnRqQQJByd4eQSA4fAS83utsBfBaNDvQwVOOsD-s?width=300&height=300
05-04-2021,367.7724915,381.0292969,339.4616394,351.2410583,4073047973,103,Binance Coin,BNB-USD,Crypto,Cryptocurrency,https://1drv.ms/i/c/8705623eb284e7df/IQRKpJgHnRqQQJByd4eQSA4fAS83utsBfBaNDvQwVOOsD-s?width=300&height=300
06-04-2021,403.5907593,412.2567444,364.1296692,368.0990295,5277448222,103,Binance Coin,BNB-USD,Crypto,Cryptocurrency,https://1drv.ms/i/c/8705623eb284e7df/IQRKpJgHnRqQQJByd4eQSA4fAS83utsBfBaNDvQwVOOsD-s?width=300&height=300
07-04-2021,374.6588135,414.357666,358.7438049,403.6992798,5976362849,103,Binance Coin,BNB-USD,Crypto,Cryptocurrency,https://1drv.ms/i/c/8705623eb284e7df/IQRKpJgHnRqQQJByd4eQSA4fAS83utsBfBaNDvQwVOOsD-s?width=300&height=300
08-04-2021,418.0383911,422.4665833,372.5151672,376.2690125,4550316562,103,Binance Coin,BNB-USD,Crypto,Cryptocurrency,https://1drv.ms/i/c/8705623eb284e7df/IQRKpJgHnRqQQJByd4eQSA4fAS83utsBfBaNDvQwVOOsD-s?width=300&height=300
09-04-2021,453.1784668,453.6978149,405.4436035,418.054718,4701175013,103,Binance Coin,BNB-USD,Crypto,Cryptocurrency,https://1drv.ms/i/c/8705623eb284e7df/IQRKpJgHnRqQQJByd4eQSA4fAS83utsBfBaNDvQwVOOsD-s?width=300&height=300
10-04-2021,472.5603333,487.2752075,451.3551636,454.3431702,6160670397,103,Binance Coin,BNB-USD,Crypto,Cryptocurrency,https://1drv.ms/i/c/8705623eb284e7df/IQRKpJgHnRqQQJByd4eQSA4fAS83utsBfBaNDvQwVOOsD-s?width=300&height=300
11-04-2021,525.3855591,529.6450195,459.5904236,471.6464233,5697422904,103,Binance Coin,BNB-USD,Crypto,Cryptocurrency,https://1drv.ms/i/c/8705623eb284e7df/IQRKpJgHnRqQQJByd4eQSA4fAS83utsBfBaNDvQwVOOsD-s?width=300&height=300
12-04-2021,598.7226563,637.4423218,516.2792358,526.7017822,14436315725,103,Binance Coin,BNB-USD,Crypto,Cryptocurrency,https://1drv.ms/i/c/8705623eb284e7df/IQRKpJgHnRqQQJByd4eQSA4fAS83utsBfBaNDvQwVOOsD-s?width=300&height=300
13-04-2021,549.5865479,602.2964478,532.9558716,596.9885864,9433830832,103,Binance Coin,BNB-USD,Crypto,Cryptocurrency,https://1drv.ms/i/c/8705623eb284e7df/IQRKpJgHnRqQQJByd4eQSA4fAS83utsBfBaNDvQwVOOsD-s?width=300&height=300
14-04-2021,549.5918579,590.4174194,526.5343018,550.4014893,7452346448,103,Binance Coin,BNB-USD,Crypto,Cryptocurrency,https://1drv.ms/i/c/8705623eb284e7df/IQRKpJgHnRqQQJByd4eQSA4fAS83utsBfBaNDvQwVOOsD-s?width=300&height=300
15-04-2021,542.6320801,556.8338013,536.0784302,550.4133301,4608061831,103,Binance Coin,BNB-USD,Crypto,Cryptocurrency,https://1drv.ms/i/c/8705623eb284e7df/IQRKpJgHnRqQQJByd4eQSA4fAS83utsBfBaNDvQwVOOsD-s?width=300&height=300
16-04-2021,510.2201843,548.8850098,493.009491,542.5736694,6886285728,103,Binance Coin,BNB-USD,Crypto,Cryptocurrency,https://1drv.ms/i/c/8705623eb284e7df/IQRKpJgHnRqQQJByd4eQSA4fAS83utsBfBaNDvQwVOOsD-s?width=300&height=300
17-04-2021,520.416748,548.602356,509.0485535,509.5812988,5195399091,103,Binance Coin,BNB-USD,Crypto,Cryptocurrency,https://1drv.ms/i/c/8705623eb284e7df/IQRKpJgHnRqQQJByd4eQSA4fAS83utsBfBaNDvQwVOOsD-s?width=300&height=300
18-04-2021,481.0342407,526.0587769,429.052887,520.590271,6711806048,103,Binance Coin,BNB-USD,Crypto,Cryptocurrency,https://1drv.ms/i/c/8705623eb284e7df/IQRKpJgHnRqQQJByd4eQSA4fAS83utsBfBaNDvQwVOOsD-s?width=300&height=300
19-04-2021,505.092926,539.7112427,469.1521606,481.396698,7141301320,103,Binance Coin,BNB-USD,Crypto,Cryptocurrency,https://1drv.ms/i/c/8705623eb284e7df/IQRKpJgHnRqQQJByd4eQSA4fAS83utsBfBaNDvQwVOOsD-s?width=300&height=300
20-04-2021,587.0291138,588.0648193,475.5903931,503.795166,9330924061,103,Binance Coin,BNB-USD,Crypto,Cryptocurrency,https://1drv.ms/i/c/8705623eb284e7df/IQRKpJgHnRqQQJByd4eQSA4fAS83utsBfBaNDvQwVOOsD-s?width=300&height=300
21-04-2021,546.0235596,612.6870728,537.3493652,586.9011841,8456300946,103,Binance Coin,BNB-USD,Crypto,Cryptocurrency,https://1drv.ms/i/c/8705623eb284e7df/IQRKpJgHnRqQQJByd4eQSA4fAS83utsBfBaNDvQwVOOsD-s?width=300&height=300
22-04-2021,506.0130005,582.0377197,481.2602234,544.0054932,8342960849,103,Binance Coin,BNB-USD,Crypto,Cryptocurrency,https://1drv.ms/i/c/8705623eb284e7df/IQRKpJgHnRqQQJByd4eQSA4fAS83utsBfBaNDvQwVOOsD-s?width=300&height=300
23-04-2021,526.5652466,530.0749512,452.4355164,505.8588867,8893557870,103,Binance Coin,BNB-USD,Crypto,Cryptocurrency,https://1drv.ms/i/c/8705623eb284e7df/IQRKpJgHnRqQQJByd4eQSA4fAS83utsBfBaNDvQwVOOsD-s?width=300&height=300
24-04-2021,496.4150696,527.440918,483.959137,526.7583618,4070234640,103,Binance Coin,BNB-USD,Crypto,Cryptocurrency,https://1drv.ms/i/c/8705623eb284e7df/IQRKpJgHnRqQQJByd4eQSA4fAS83utsBfBaNDvQwVOOsD-s?width=300&height=300
25-04-2021,505.0770569,517.0830078,478.8894348,496.2568359,3419309603,103,Binance Coin,BNB-USD,Crypto,Cryptocurrency,https://1drv.ms/i/c/8705623eb284e7df/IQRKpJgHnRqQQJByd4eQSA4fAS83utsBfBaNDvQwVOOsD-s?width=300&height=300
26-04-2021,534.5776978,549.9667358,502.3114624,504.7487488,4072866875,103,Binance Coin,BNB-USD,Crypto,Cryptocurrency,https://1drv.ms/i/c/8705623eb284e7df/IQRKpJgHnRqQQJByd4eQSA4fAS83utsBfBaNDvQwVOOsD-s?width=300&height=300
27-04-2021,568.47052,578.6234741,525.7677612,535.4284668,4050720272,103,Binance Coin,BNB-USD,Crypto,Cryptocurrency,https://1drv.ms/i/c/8705623eb284e7df/IQRKpJgHnRqQQJByd4eQSA4fAS83utsBfBaNDvQwVOOsD-s?width=300&height=300
28-04-2021,562.6325684,578.8881226,539.0725098,568.7456665,3648784689,103,Binance Coin,BNB-USD,Crypto,Cryptocurrency,https://1drv.ms/i/c/8705623eb284e7df/IQRKpJgHnRqQQJByd4eQSA4fAS83utsBfBaNDvQwVOOsD-s?width=300&height=300
29-04-2021,599.706543,614.8241577,554.284668,562.8735962,6585918998,103,Binance Coin,BNB-USD,Crypto,Cryptocurrency,https://1drv.ms/i/c/8705623eb284e7df/IQRKpJgHnRqQQJByd4eQSA4fAS83utsBfBaNDvQwVOOsD-s?width=300&height=300
30-04-2021,624.0805664,627.7774658,586.2058105,599.9884644,5741358048,103,Binance Coin,BNB-USD,Crypto,Cryptocurrency,https://1drv.ms/i/c/8705623eb284e7df/IQRKpJgHnRqQQJByd4eQSA4fAS83utsBfBaNDvQwVOOsD-s?width=300&height=300
01-05-2021,619.347229,641.8608398,611.302002,622.4692993,4065705136,103,Binance Coin,BNB-USD,Crypto,Cryptocurrency,https://1drv.ms/i/c/8705623eb284e7df/IQRKpJgHnRqQQJByd4eQSA4fAS83utsBfBaNDvQwVOOsD-s?width=300&height=300
02-05-2021,622.1010132,628.6209717,595.8587646,619.9721069,3765184551,103,Binance Coin,BNB-USD,Crypto,Cryptocurrency,https://1drv.ms/i/c/8705623eb284e7df/IQRKpJgHnRqQQJByd4eQSA4fAS83utsBfBaNDvQwVOOsD-s?width=300&height=300
03-05-2021,675.684082,679.8150024,621.90271,621.90271,5274868721,103,Binance Coin,BNB-USD,Crypto,Cryptocurrency,https://1drv.ms/i/c/8705623eb284e7df/IQRKpJgHnRqQQJByd4eQSA4fAS83utsBfBaNDvQwVOOsD-s?width=300&height=300
04-05-2021,611.2003174,676.9168701,606.2677002,676.315918,5728175230,103,Binance Coin,BNB-USD,Crypto,Cryptocurrency,https://1drv.ms/i/c/8705623eb284e7df/IQRKpJgHnRqQQJByd4eQSA4fAS83utsBfBaNDvQwVOOsD-s?width=300&height=300
05-05-2021,651.6627197,656.2369995,605.1661987,609.3310547,4248449283,103,Binance Coin,BNB-USD,Crypto,Cryptocurrency,https://1drv.ms/i/c/8705623eb284e7df/IQRKpJgHnRqQQJByd4eQSA4fAS83utsBfBaNDvQwVOOsD-s?width=300&height=300
06-05-2021,633.2803955,653.4128418,621.0661011,651.0494995,3975000211,103,Binance Coin,BNB-USD,Crypto,Cryptocurrency,https://1drv.ms/i/c/8705623eb284e7df/IQRKpJgHnRqQQJByd4eQSA4fAS83utsBfBaNDvQwVOOsD-s?width=300&height=300
07-05-2021,624.5632935,644.1245117,612.1624756,634.006897,3658116306,103,Binance Coin,BNB-USD,Crypto,Cryptocurrency,https://1drv.ms/i/c/8705623eb284e7df/IQRKpJgHnRqQQJByd4eQSA4fAS83utsBfBaNDvQwVOOsD-s?width=300&height=300
08-05-2021,646.1008301,657.5446167,618.8406982,624.3944092,3910931715,103,Binance Coin,BNB-USD,Crypto,Cryptocurrency,https://1drv.ms/i/c/8705623eb284e7df/IQRKpJgHnRqQQJByd4eQSA4fAS83utsBfBaNDvQwVOOsD-s?width=300&height=300
09-05-2021,662.2285767,678.2283936,631.465271,646.3121338,4321052943,103,Binance Coin,BNB-USD,Crypto,Cryptocurrency,https://1drv.ms/i/c/8705623eb284e7df/IQRKpJgHnRqQQJByd4eQSA4fAS83utsBfBaNDvQwVOOsD-s?width=300&height=300
10-05-2021,631.3519897,690.9319458,596.1658936,661.4500122,5157435389,103,Binance Coin,BNB-USD,Crypto,Cryptocurrency,https://1drv.ms/i/c/8705623eb284e7df/IQRKpJgHnRqQQJByd4eQSA4fAS83utsBfBaNDvQwVOOsD-s?width=300&height=300
11-05-2021,672.3339233,672.4594116,623.2498169,631.2406006,4865455319,103,Binance Coin,BNB-USD,Crypto,Cryptocurrency,https://1drv.ms/i/c/8705623eb284e7df/IQRKpJgHnRqQQJByd4eQSA4fAS83utsBfBaNDvQwVOOsD-s?width=300&height=300
12-05-2021,588.1851807,684.1376953,588.1851807,671.7788696,4311561442,103,Binance Coin,BNB-USD,Crypto,Cryptocurrency,https://1drv.ms/i/c/8705623eb284e7df/IQRKpJgHnRqQQJByd4eQSA4fAS83utsBfBaNDvQwVOOsD-s?width=300&height=300
13-05-2021,571.4345093,632.9707031,530.2382202,592.9545898,7417114170,103,Binance Coin,BNB-USD,Crypto,Cryptocurrency,https://1drv.ms/i/c/8705623eb284e7df/IQRKpJgHnRqQQJByd4eQSA4fAS83utsBfBaNDvQwVOOsD-s?width=300&height=300
14-05-2021,603.1282959,614.4854126,567.034729,570.9605103,3735474448,103,Binance Coin,BNB-USD,Crypto,Cryptocurrency,https://1drv.ms/i/c/8705623eb284e7df/IQRKpJgHnRqQQJByd4eQSA4fAS83utsBfBaNDvQwVOOsD-s?width=300&height=300
15-05-2021,563.041687,610.5141602,561.168396,602.5543823,3480395174,103,Binance Coin,BNB-USD,Crypto,Cryptocurrency,https://1drv.ms/i/c/8705623eb284e7df/IQRKpJgHnRqQQJByd4eQSA4fAS83utsBfBaNDvQwVOOsD-s?width=300&height=300
16-05-2021,562.829834,606.003418,535.057373,562.6489258,4047395255,103,Binance Coin,BNB-USD,Crypto,Cryptocurrency,https://1drv.ms/i/c/8705623eb284e7df/IQRKpJgHnRqQQJByd4eQSA4fAS83utsBfBaNDvQwVOOsD-s?width=300&height=300
17-05-2021,511.964386,564.4455566,485.9970703,564.4455566,5123430659,103,Binance Coin,BNB-USD,Crypto,Cryptocurrency,https://1drv.ms/i/c/8705623eb284e7df/IQRKpJgHnRqQQJByd4eQSA4fAS83utsBfBaNDvQwVOOsD-s?width=300&height=300
18-05-2021,508.0223083,534.1778564,496.9785461,511.3919983,3548216902,103,Binance Coin,BNB-USD,Crypto,Cryptocurrency,https://1drv.ms/i/c/8705623eb284e7df/IQRKpJgHnRqQQJByd4eQSA4fAS83utsBfBaNDvQwVOOsD-s?width=300&height=300
19-05-2021,339.0254822,515.7165527,283.4537048,508.8627319,8779943654,103,Binance Coin,BNB-USD,Crypto,Cryptocurrency,https://1drv.ms/i/c/8705623eb284e7df/IQRKpJgHnRqQQJByd4eQSA4fAS83utsBfBaNDvQwVOOsD-s?width=300&height=300
20-05-2021,393.6127625,424.2942505,286.089447,335.5567322,7093839295,103,Binance Coin,BNB-USD,Crypto,Cryptocurrency,https://1drv.ms/i/c/8705623eb284e7df/IQRKpJgHnRqQQJByd4eQSA4fAS83utsBfBaNDvQwVOOsD-s?width=300&height=300
21-05-2021,326.2963257,415.7067261,275.3926697,391.5415649,6291181865,103,Binance Coin,BNB-USD,Crypto,Cryptocurrency,https://1drv.ms/i/c/8705623eb284e7df/IQRKpJgHnRqQQJByd4eQSA4fAS83utsBfBaNDvQwVOOsD-s?width=300&height=300
22-05-2021,299.5040894,335.7347412,285.3534241,326.7977905,3871242832,103,Binance Coin,BNB-USD,Crypto,Cryptocurrency,https://1drv.ms/i/c/8705623eb284e7df/IQRKpJgHnRqQQJByd4eQSA4fAS83utsBfBaNDvQwVOOsD-s?width=300&height=300
23-05-2021,262.9456787,313.5251465,213.5164642,300.0354309,5336233746,103,Binance Coin,BNB-USD,Crypto,Cryptocurrency,https://1drv.ms/i/c/8705623eb284e7df/IQRKpJgHnRqQQJByd4eQSA4fAS83utsBfBaNDvQwVOOsD-s?width=300&height=300
24-05-2021,345.3096313,350.2731018,258.6227112,261.1195374,6066277282,103,Binance Coin,BNB-USD,Crypto,Cryptocurrency,https://1drv.ms/i/c/8705623eb284e7df/IQRKpJgHnRqQQJByd4eQSA4fAS83utsBfBaNDvQwVOOsD-s?width=300&height=300
25-05-2021,344.1139832,374.5971985,307.7294617,345.4898376,5656677341,103,Binance Coin,BNB-USD,Crypto,Cryptocurrency,https://1drv.ms/i/c/8705623eb284e7df/IQRKpJgHnRqQQJByd4eQSA4fAS83utsBfBaNDvQwVOOsD-s?width=300&height=300
26-05-2021,379.8543091,387.7651978,337.0569763,343.5319824,4502557689,103,Binance Coin,BNB-USD,Crypto,Cryptocurrency,https://1drv.ms/i/c/8705623eb284e7df/IQRKpJgHnRqQQJByd4eQSA4fAS83utsBfBaNDvQwVOOsD-s?width=300&height=300
27-05-2021,367.6557922,387.4900818,340.8908386,379.6934814,3965850350,103,Binance Coin,BNB-USD,Crypto,Cryptocurrency,https://1drv.ms/i/c/8705623eb284e7df/IQRKpJgHnRqQQJByd4eQSA4fAS83utsBfBaNDvQwVOOsD-s?width=300&height=300
28-05-2021,329.8799133,373.3132324,313.7230225,369.8356934,4482824807,103,Binance Coin,BNB-USD,Crypto,Cryptocurrency,https://1drv.ms/i/c/8705623eb284e7df/IQRKpJgHnRqQQJByd4eQSA4fAS83utsBfBaNDvQwVOOsD-s?width=300&height=300
29-05-2021,305.0521545,346.9239502,296.5707397,328.9868469,3070017878,103,Binance Coin,BNB-USD,Crypto,Cryptocurrency,https://1drv.ms/i/c/8705623eb284e7df/IQRKpJgHnRqQQJByd4eQSA4fAS83utsBfBaNDvQwVOOsD-s?width=300&height=300
30-05-2021,325.7840271,337.7423706,292.852356,305.042572,3246314973,103,Binance Coin,BNB-USD,Crypto,Cryptocurrency,https://1drv.ms/i/c/8705623eb284e7df/IQRKpJgHnRqQQJByd4eQSA4fAS83utsBfBaNDvQwVOOsD-s?width=300&height=300
31-05-2021,354.3293457,355.9771423,307.9440308,325.808136,3865691845,103,Binance Coin,BNB-USD,Crypto,Cryptocurrency,https://1drv.ms/i/c/8705623eb284e7df/IQRKpJgHnRqQQJByd4eQSA4fAS83utsBfBaNDvQwVOOsD-s?width=300&height=300
01-06-2021,362.7946472,364.3201294,340.4742432,353.7825317,3425775257,103,Binance Coin,BNB-USD,Crypto,Cryptocurrency,https://1drv.ms/i/c/8705623eb284e7df/IQRKpJgHnRqQQJByd4eQSA4fAS83utsBfBaNDvQwVOOsD-s?width=300&height=300
02-06-2021,401.2623291,418.6651306,350.9567871,362.3608704,4486850584,103,Binance Coin,BNB-USD,Crypto,Cryptocurrency,https://1drv.ms/i/c/8705623eb284e7df/IQRKpJgHnRqQQJByd4eQSA4fAS83utsBfBaNDvQwVOOsD-s?width=300&height=300
03-06-2021,427.8079224,432.3081055,392.0331726,401.7608337,4370188399,103,Binance Coin,BNB-USD,Crypto,Cryptocurrency,https://1drv.ms/i/c/8705623eb284e7df/IQRKpJgHnRqQQJByd4eQSA4fAS83utsBfBaNDvQwVOOsD-s?width=300&height=300
04-06-2021,391.3953247,428.4431458,366.2748413,428.1873779,4951450795,103,Binance Coin,BNB-USD,Crypto,Cryptocurrency,https://1drv.ms/i/c/8705623eb284e7df/IQRKpJgHnRqQQJByd4eQSA4fAS83utsBfBaNDvQwVOOsD-s?width=300&height=300
05-06-2021,390.4318542,425.9027405,375.0675049,390.9588013,3956143113,103,Binance Coin,BNB-USD,Crypto,Cryptocurrency,https://1drv.ms/i/c/8705623eb284e7df/IQRKpJgHnRqQQJByd4eQSA4fAS83utsBfBaNDvQwVOOsD-s?width=300&height=300
06-06-2021,393.8202209,400.0411682,382.3449707,390.2367249,2101917655,103,Binance Coin,BNB-USD,Crypto,Cryptocurrency,https://1drv.ms/i/c/8705623eb284e7df/IQRKpJgHnRqQQJByd4eQSA4fAS83utsBfBaNDvQwVOOsD-s?width=300&height=300
07-06-2021,357.3102112,407.3756714,355.9754639,393.6546631,2927240962,103,Binance Coin,BNB-USD,Crypto,Cryptocurrency,https://1drv.ms/i/c/8705623eb284e7df/IQRKpJgHnRqQQJByd4eQSA4fAS83utsBfBaNDvQwVOOsD-s?width=300&height=300
08-06-2021,354.0013733,365.9231873,320.2380066,358.1654358,4491122307,103,Binance Coin,BNB-USD,Crypto,Cryptocurrency,https://1drv.ms/i/c/8705623eb284e7df/IQRKpJgHnRqQQJByd4eQSA4fAS83utsBfBaNDvQwVOOsD-s?width=300&height=300
09-06-2021,375.7346802,378.7413635,334.4190979,352.7659302,3543408536,103,Binance Coin,BNB-USD,Crypto,Cryptocurrency,https://1drv.ms/i/c/8705623eb284e7df/IQRKpJgHnRqQQJByd4eQSA4fAS83utsBfBaNDvQwVOOsD-s?width=300&height=300
10-06-2021,352.183197,376.9501953,345.5176697,375.6690063,2505012942,103,Binance Coin,BNB-USD,Crypto,Cryptocurrency,https://1drv.ms/i/c/8705623eb284e7df/IQRKpJgHnRqQQJByd4eQSA4fAS83utsBfBaNDvQwVOOsD-s?width=300&height=300
11-06-2021,345.9336853,365.3039856,341.477356,352.0848389,2269923678,103,Binance Coin,BNB-USD,Crypto,Cryptocurrency,https://1drv.ms/i/c/8705623eb284e7df/IQRKpJgHnRqQQJByd4eQSA4fAS83utsBfBaNDvQwVOOsD-s?width=300&height=300
12-06-2021,343.7410278,348.8785706,325.8177185,345.9017029,2146761411,103,Binance Coin,BNB-USD,Crypto,Cryptocurrency,https://1drv.ms/i/c/8705623eb284e7df/IQRKpJgHnRqQQJByd4eQSA4fAS83utsBfBaNDvQwVOOsD-s?width=300&height=300
13-06-2021,366.6489563,369.0580444,331.1119385,344.0428467,2171880359,103,Binance Coin,BNB-USD,Crypto,Cryptocurrency,https://1drv.ms/i/c/8705623eb284e7df/IQRKpJgHnRqQQJByd4eQSA4fAS83utsBfBaNDvQwVOOsD-s?width=300&height=300
14-06-2021,368.7927551,377.0186462,355.3109436,365.7546997,2271215183,103,Binance Coin,BNB-USD,Crypto,Cryptocurrency,https://1drv.ms/i/c/8705623eb284e7df/IQRKpJgHnRqQQJByd4eQSA4fAS83utsBfBaNDvQwVOOsD-s?width=300&height=300
15-06-2021,373.5661621,379.6598511,363.9349976,372.7368469,2246535807,103,Binance Coin,BNB-USD,Crypto,Cryptocurrency,https://1drv.ms/i/c/8705623eb284e7df/IQRKpJgHnRqQQJByd4eQSA4fAS83utsBfBaNDvQwVOOsD-s?width=300&height=300
16-06-2021,347.0334473,366.8166199,343.6485596,366.8166199,1626149384,103,Binance Coin,BNB-USD,Crypto,Cryptocurrency,https://1drv.ms/i/c/8705623eb284e7df/IQRKpJgHnRqQQJByd4eQSA4fAS83utsBfBaNDvQwVOOsD-s?width=300&height=300
17-06-2021,352.7385254,362.2593994,346.0375366,347.2123718,1379161855,103,Binance Coin,BNB-USD,Crypto,Cryptocurrency,https://1drv.ms/i/c/8705623eb284e7df/IQRKpJgHnRqQQJByd4eQSA4fAS83utsBfBaNDvQwVOOsD-s?width=300&height=300
18-06-2021,336.8096924,357.0742798,328.0473328,353.0133667,1613940591,103,Binance Coin,BNB-USD,Crypto,Cryptocurrency,https://1drv.ms/i/c/8705623eb284e7df/IQRKpJgHnRqQQJByd4eQSA4fAS83utsBfBaNDvQwVOOsD-s?width=300&height=300
19-06-2021,335.7128296,345.4595947,332.0964966,337.5522766,1140833816,103,Binance Coin,BNB-USD,Crypto,Cryptocurrency,https://1drv.ms/i/c/8705623eb284e7df/IQRKpJgHnRqQQJByd4eQSA4fAS83utsBfBaNDvQwVOOsD-s?width=300&height=300
20-06-2021,340.0671997,340.7895203,310.7758789,334.6509399,1756674565,103,Binance Coin,BNB-USD,Crypto,Cryptocurrency,https://1drv.ms/i/c/8705623eb284e7df/IQRKpJgHnRqQQJByd4eQSA4fAS83utsBfBaNDvQwVOOsD-s?width=300&height=300
21-06-2021,270.984436,341.7993469,269.4336853,339.3266296,2911962314,103,Binance Coin,BNB-USD,Crypto,Cryptocurrency,https://1drv.ms/i/c/8705623eb284e7df/IQRKpJgHnRqQQJByd4eQSA4fAS83utsBfBaNDvQwVOOsD-s?width=300&height=300
22-06-2021,261.8180847,291.022583,226.2978363,270.793396,4089344405,103,Binance Coin,BNB-USD,Crypto,Cryptocurrency,https://1drv.ms/i/c/8705623eb284e7df/IQRKpJgHnRqQQJByd4eQSA4fAS83utsBfBaNDvQwVOOsD-s?width=300&height=300
23-06-2021,294.4902954,309.1264343,252.2031403,262.058197,3170293549,103,Binance Coin,BNB-USD,Crypto,Cryptocurrency,https://1drv.ms/i/c/8705623eb284e7df/IQRKpJgHnRqQQJByd4eQSA4fAS83utsBfBaNDvQwVOOsD-s?width=300&height=300
24-06-2021,308.3970337,316.1907654,281.9847107,296.2639465,2323626593,103,Binance Coin,BNB-USD,Crypto,Cryptocurrency,https://1drv.ms/i/c/8705623eb284e7df/IQRKpJgHnRqQQJByd4eQSA4fAS83utsBfBaNDvQwVOOsD-s?width=300&height=300
25-06-2021,281.6209106,313.9770813,275.8381958,308.5820313,2317971593,103,Binance Coin,BNB-USD,Crypto,Cryptocurrency,https://1drv.ms/i/c/8705623eb284e7df/IQRKpJgHnRqQQJByd4eQSA4fAS83utsBfBaNDvQwVOOsD-s?width=300&height=300
26-06-2021,279.4380493,289.9497986,264.6010132,281.1339417,1921847994,103,Binance Coin,BNB-USD,Crypto,Cryptocurrency,https://1drv.ms/i/c/8705623eb284e7df/IQRKpJgHnRqQQJByd4eQSA4fAS83utsBfBaNDvQwVOOsD-s?width=300&height=300
27-06-2021,290.5670166,291.1489258,270.289917,279.8652954,1521388056,103,Binance Coin,BNB-USD,Crypto,Cryptocurrency,https://1drv.ms/i/c/8705623eb284e7df/IQRKpJgHnRqQQJByd4eQSA4fAS83utsBfBaNDvQwVOOsD-s?width=300&height=300
28-06-2021,289.5341187,298.7206116,283.9518433,290.8186951,1722578691,103,Binance Coin,BNB-USD,Crypto,Cryptocurrency,https://1drv.ms/i/c/8705623eb284e7df/IQRKpJgHnRqQQJByd4eQSA4fAS83utsBfBaNDvQwVOOsD-s?width=300&height=300
29-06-2021,300.2115479,315.4393311,289.2211609,289.9191284,1946428384,103,Binance Coin,BNB-USD,Crypto,Cryptocurrency,https://1drv.ms/i/c/8705623eb284e7df/IQRKpJgHnRqQQJByd4eQSA4fAS83utsBfBaNDvQwVOOsD-s?width=300&height=300
30-06-2021,303.2958679,304.8013611,281.7780151,300.9588013,1903538448,103,Binance Coin,BNB-USD,Crypto,Cryptocurrency,https://1drv.ms/i/c/8705623eb284e7df/IQRKpJgHnRqQQJByd4eQSA4fAS83utsBfBaNDvQwVOOsD-s?width=300&height=300
01-07-2021,288.2184143,303.5273743,281.5791321,303.5273743,1357794786,103,Binance Coin,BNB-USD,Crypto,Cryptocurrency,https://1drv.ms/i/c/8705623eb284e7df/IQRKpJgHnRqQQJByd4eQSA4fAS83utsBfBaNDvQwVOOsD-s?width=300&height=300
02-07-2021,287.4230957,290.6216736,277.3503113,287.7544556,1133632645,103,Binance Coin,BNB-USD,Crypto,Cryptocurrency,https://1drv.ms/i/c/8705623eb284e7df/IQRKpJgHnRqQQJByd4eQSA4fAS83utsBfBaNDvQwVOOsD-s?width=300&height=300
03-07-2021,298.2371216,302.6058655,283.434021,287.2156067,1113777297,103,Binance Coin,BNB-USD,Crypto,Cryptocurrency,https://1drv.ms/i/c/8705623eb284e7df/IQRKpJgHnRqQQJByd4eQSA4fAS83utsBfBaNDvQwVOOsD-s?width=300&height=300
04-07-2021,307.7320862,314.7130127,292.787384,298.1135559,1387395766,103,Binance Coin,BNB-USD,Crypto,Cryptocurrency,https://1drv.ms/i/c/8705623eb284e7df/IQRKpJgHnRqQQJByd4eQSA4fAS83utsBfBaNDvQwVOOsD-s?width=300&height=300
05-07-2021,302.3779907,307.684845,293.523468,307.684845,1504869977,103,Binance Coin,BNB-USD,Crypto,Cryptocurrency,https://1drv.ms/i/c/8705623eb284e7df/IQRKpJgHnRqQQJByd4eQSA4fAS83utsBfBaNDvQwVOOsD-s?width=300&height=300
06-07-2021,320.9348145,321.5209656,302.1955872,302.1955872,2203265498,103,Binance Coin,BNB-USD,Crypto,Cryptocurrency,https://1drv.ms/i/c/8705623eb284e7df/IQRKpJgHnRqQQJByd4eQSA4fAS83utsBfBaNDvQwVOOsD-s?width=300&height=300
07-07-2021,327.5224609,339.1676636,318.5299683,320.1917725,2067233169,103,Binance Coin,BNB-USD,Crypto,Cryptocurrency,https://1drv.ms/i/c/8705623eb284e7df/IQRKpJgHnRqQQJByd4eQSA4fAS83utsBfBaNDvQwVOOsD-s?width=300&height=300
08-07-2021,310.427124,327.9578552,305.0754395,327.9578552,1883785090,103,Binance Coin,BNB-USD,Crypto,Cryptocurrency,https://1drv.ms/i/c/8705623eb284e7df/IQRKpJgHnRqQQJByd4eQSA4fAS83utsBfBaNDvQwVOOsD-s?width=300&height=300
09-07-2021,316.4845276,319.4439087,301.8282166,310.0102844,1358583891,103,Binance Coin,BNB-USD,Crypto,Cryptocurrency,https://1drv.ms/i/c/8705623eb284e7df/IQRKpJgHnRqQQJByd4eQSA4fAS83utsBfBaNDvQwVOOsD-s?width=300&height=300
10-07-2021,316.1401367,320.93927,310.8869019,316.9963074,1179686219,103,Binance Coin,BNB-USD,Crypto,Cryptocurrency,https://1drv.ms/i/c/8705623eb284e7df/IQRKpJgHnRqQQJByd4eQSA4fAS83utsBfBaNDvQwVOOsD-s?width=300&height=300
11-07-2021,322.0316467,326.7518005,312.6390076,316.056366,1189805384,103,Binance Coin,BNB-USD,Crypto,Cryptocurrency,https://1drv.ms/i/c/8705623eb284e7df/IQRKpJgHnRqQQJByd4eQSA4fAS83utsBfBaNDvQwVOOsD-s?width=300&height=300
12-07-2021,316.328186,334.282074,309.1420593,322.0349121,1614469810,103,Binance Coin,BNB-USD,Crypto,Cryptocurrency,https://1drv.ms/i/c/8705623eb284e7df/IQRKpJgHnRqQQJByd4eQSA4fAS83utsBfBaNDvQwVOOsD-s?width=300&height=300
13-07-2021,308.8111572,318.2951355,305.4894104,316.2688904,1231759805,103,Binance Coin,BNB-USD,Crypto,Cryptocurrency,https://1drv.ms/i/c/8705623eb284e7df/IQRKpJgHnRqQQJByd4eQSA4fAS83utsBfBaNDvQwVOOsD-s?width=300&height=300
14-07-2021,309.4063721,313.2157898,290.662384,308.9526062,1646743038,103,Binance Coin,BNB-USD,Crypto,Cryptocurrency,https://1drv.ms/i/c/8705623eb284e7df/IQRKpJgHnRqQQJByd4eQSA4fAS83utsBfBaNDvQwVOOsD-s?width=300&height=300
15-07-2021,315.2440186,323.8858948,301.6566772,309.5006409,2242114046,103,Binance Coin,BNB-USD,Crypto,Cryptocurrency,https://1drv.ms/i/c/8705623eb284e7df/IQRKpJgHnRqQQJByd4eQSA4fAS83utsBfBaNDvQwVOOsD-s?width=300&height=300
16-07-2021,302.9855957,322.9977722,301.9324951,315.6911011,1688212208,103,Binance Coin,BNB-USD,Crypto,Cryptocurrency,https://1drv.ms/i/c/8705623eb284e7df/IQRKpJgHnRqQQJByd4eQSA4fAS83utsBfBaNDvQwVOOsD-s?width=300&height=300
17-07-2021,300.4979248,306.5308533,295.3874817,302.934845,1298507379,103,Binance Coin,BNB-USD,Crypto,Cryptocurrency,https://1drv.ms/i/c/8705623eb284e7df/IQRKpJgHnRqQQJByd4eQSA4fAS83utsBfBaNDvQwVOOsD-s?width=300&height=300
18-07-2021,302.4804993,309.1142578,299.9722595,300.5959778,1254819647,103,Binance Coin,BNB-USD,Crypto,Cryptocurrency,https://1drv.ms/i/c/8705623eb284e7df/IQRKpJgHnRqQQJByd4eQSA4fAS83utsBfBaNDvQwVOOsD-s?width=300&height=300
19-07-2021,280.0186157,303.8291931,279.7085266,302.268219,1514754521,103,Binance Coin,BNB-USD,Crypto,Cryptocurrency,https://1drv.ms/i/c/8705623eb284e7df/IQRKpJgHnRqQQJByd4eQSA4fAS83utsBfBaNDvQwVOOsD-s?width=300&height=300
20-07-2021,264.7823792,283.2061462,255.8507538,280.5649719,1819454491,103,Binance Coin,BNB-USD,Crypto,Cryptocurrency,https://1drv.ms/i/c/8705623eb284e7df/IQRKpJgHnRqQQJByd4eQSA4fAS83utsBfBaNDvQwVOOsD-s?width=300&height=300
21-07-2021,292.5313721,298.791748,261.2263794,264.494751,1957623339,103,Binance Coin,BNB-USD,Crypto,Cryptocurrency,https://1drv.ms/i/c/8705623eb284e7df/IQRKpJgHnRqQQJByd4eQSA4fAS83utsBfBaNDvQwVOOsD-s?width=300&height=300
22-07-2021,293.6411438,298.4039001,287.7333679,293.1426697,1495118544,103,Binance Coin,BNB-USD,Crypto,Cryptocurrency,https://1drv.ms/i/c/8705623eb284e7df/IQRKpJgHnRqQQJByd4eQSA4fAS83utsBfBaNDvQwVOOsD-s?width=300&height=300
23-07-2021,299.2829895,300.9937744,281.696106,293.6013184,1849700307,103,Binance Coin,BNB-USD,Crypto,Cryptocurrency,https://1drv.ms/i/c/8705623eb284e7df/IQRKpJgHnRqQQJByd4eQSA4fAS83utsBfBaNDvQwVOOsD-s?width=300&height=300
24-07-2021,302.0718689,307.8405151,296.1115112,299.0478516,1644709273,103,Binance Coin,BNB-USD,Crypto,Cryptocurrency,https://1drv.ms/i/c/8705623eb284e7df/IQRKpJgHnRqQQJByd4eQSA4fAS83utsBfBaNDvQwVOOsD-s?width=300&height=300
25-07-2021,302.4361572,304.0578918,292.890625,301.8466187,1351522797,103,Binance Coin,BNB-USD,Crypto,Cryptocurrency,https://1drv.ms/i/c/8705623eb284e7df/IQRKpJgHnRqQQJByd4eQSA4fAS83utsBfBaNDvQwVOOsD-s?width=300&height=300
26-07-2021,304.478241,327.6352844,301.0974121,302.7328796,2572081528,103,Binance Coin,BNB-USD,Crypto,Cryptocurrency,https://1drv.ms/i/c/8705623eb284e7df/IQRKpJgHnRqQQJByd4eQSA4fAS83utsBfBaNDvQwVOOsD-s?width=300&height=300
27-07-2021,313.6026001,318.3718262,298.4818115,304.1242676,1870220991,103,Binance Coin,BNB-USD,Crypto,Cryptocurrency,https://1drv.ms/i/c/8705623eb284e7df/IQRKpJgHnRqQQJByd4eQSA4fAS83utsBfBaNDvQwVOOsD-s?width=300&height=300
28-07-2021,313.4286499,318.4422913,308.2234497,314.0551147,1626648048,103,Binance Coin,BNB-USD,Crypto,Cryptocurrency,https://1drv.ms/i/c/8705623eb284e7df/IQRKpJgHnRqQQJByd4eQSA4fAS83utsBfBaNDvQwVOOsD-s?width=300&height=300
29-07-2021,316.7494507,319.7590027,309.1445313,313.6192322,1384576144,103,Binance Coin,BNB-USD,Crypto,Cryptocurrency,https://1drv.ms/i/c/8705623eb284e7df/IQRKpJgHnRqQQJByd4eQSA4fAS83utsBfBaNDvQwVOOsD-s?width=300&height=300
30-07-2021,322.9093628,325.2501221,307.0097656,317.0640869,1588918308,103,Binance Coin,BNB-USD,Crypto,Cryptocurrency,https://1drv.ms/i/c/8705623eb284e7df/IQRKpJgHnRqQQJByd4eQSA4fAS83utsBfBaNDvQwVOOsD-s?width=300&height=300
31-07-2021,333.5495911,338.0251465,317.6859131,322.5388794,1717984015,103,Binance Coin,BNB-USD,Crypto,Cryptocurrency,https://1drv.ms/i/c/8705623eb284e7df/IQRKpJgHnRqQQJByd4eQSA4fAS83utsBfBaNDvQwVOOsD-s?width=300&height=300
01-08-2021,333.4840088,347.4176025,329.3417358,332.2926941,1788390755,103,Binance Coin,BNB-USD,Crypto,Cryptocurrency,https://1drv.ms/i/c/8705623eb284e7df/IQRKpJgHnRqQQJByd4eQSA4fAS83utsBfBaNDvQwVOOsD-s?width=300&height=300
02-08-2021,331.1031189,338.0423279,326.4152832,332.9232178,1348495243,103,Binance Coin,BNB-USD,Crypto,Cryptocurrency,https://1drv.ms/i/c/8705623eb284e7df/IQRKpJgHnRqQQJByd4eQSA4fAS83utsBfBaNDvQwVOOsD-s?width=300&height=300
03-08-2021,322.7477417,334.6349792,318.0628357,330.8720398,1365471563,103,Binance Coin,BNB-USD,Crypto,Cryptocurrency,https://1drv.ms/i/c/8705623eb284e7df/IQRKpJgHnRqQQJByd4eQSA4fAS83utsBfBaNDvQwVOOsD-s?width=300&height=300
04-08-2021,334.9187927,336.9674683,320.0412598,323.506073,1279262186,103,Binance Coin,BNB-USD,Crypto,Cryptocurrency,https://1drv.ms/i/c/8705623eb284e7df/IQRKpJgHnRqQQJByd4eQSA4fAS83utsBfBaNDvQwVOOsD-s?width=300&height=300
05-08-2021,337.8738708,340.0484314,323.8970947,334.9127197,1551187442,103,Binance Coin,BNB-USD,Crypto,Cryptocurrency,https://1drv.ms/i/c/8705623eb284e7df/IQRKpJgHnRqQQJByd4eQSA4fAS83utsBfBaNDvQwVOOsD-s?width=300&height=300
06-08-2021,342.1369934,347.0429688,331.659668,337.9479675,1623970506,103,Binance Coin,BNB-USD,Crypto,Cryptocurrency,https://1drv.ms/i/c/8705623eb284e7df/IQRKpJgHnRqQQJByd4eQSA4fAS83utsBfBaNDvQwVOOsD-s?width=300&height=300
07-08-2021,355.7413635,359.7502136,340.5938416,342.3764343,1903003766,103,Binance Coin,BNB-USD,Crypto,Cryptocurrency,https://1drv.ms/i/c/8705623eb284e7df/IQRKpJgHnRqQQJByd4eQSA4fAS83utsBfBaNDvQwVOOsD-s?width=300&height=300
08-08-2021,342.0647583,359.7386169,337.2527161,356.2665405,1547133821,103,Binance Coin,BNB-USD,Crypto,Cryptocurrency,https://1drv.ms/i/c/8705623eb284e7df/IQRKpJgHnRqQQJByd4eQSA4fAS83utsBfBaNDvQwVOOsD-s?width=300&height=300
09-08-2021,354.9668274,357.3993225,333.6714478,341.9162903,1648422571,103,Binance Coin,BNB-USD,Crypto,Cryptocurrency,https://1drv.ms/i/c/8705623eb284e7df/IQRKpJgHnRqQQJByd4eQSA4fAS83utsBfBaNDvQwVOOsD-s?width=300&height=300
10-08-2021,371.9543762,375.7229309,349.313324,354.4496155,2150475826,103,Binance Coin,BNB-USD,Crypto,Cryptocurrency,https://1drv.ms/i/c/8705623eb284e7df/IQRKpJgHnRqQQJByd4eQSA4fAS83utsBfBaNDvQwVOOsD-s?width=300&height=300
11-08-2021,391.7570496,408.5890198,371.216217,372.0937195,2542670896,103,Binance Coin,BNB-USD,Crypto,Cryptocurrency,https://1drv.ms/i/c/8705623eb284e7df/IQRKpJgHnRqQQJByd4eQSA4fAS83utsBfBaNDvQwVOOsD-s?width=300&height=300
12-08-2021,385.8189697,406.0915527,372.2202148,391.4052734,2217067872,103,Binance Coin,BNB-USD,Crypto,Cryptocurrency,https://1drv.ms/i/c/8705623eb284e7df/IQRKpJgHnRqQQJByd4eQSA4fAS83utsBfBaNDvQwVOOsD-s?width=300&height=300
13-08-2021,410.9448853,411.1705322,383.2167664,386.0440674,1724229835,103,Binance Coin,BNB-USD,Crypto,Cryptocurrency,https://1drv.ms/i/c/8705623eb284e7df/IQRKpJgHnRqQQJByd4eQSA4fAS83utsBfBaNDvQwVOOsD-s?width=300&height=300
14-08-2021,409.0344849,418.9212646,400.7520447,410.7835388,2023364348,103,Binance Coin,BNB-USD,Crypto,Cryptocurrency,https://1drv.ms/i/c/8705623eb284e7df/IQRKpJgHnRqQQJByd4eQSA4fAS83utsBfBaNDvQwVOOsD-s?width=300&height=300
15-08-2021,414.5950317,414.9309998,396.8652039,408.9822083,1826134192,103,Binance Coin,BNB-USD,Crypto,Cryptocurrency,https://1drv.ms/i/c/8705623eb284e7df/IQRKpJgHnRqQQJByd4eQSA4fAS83utsBfBaNDvQwVOOsD-s?width=300&height=300
16-08-2021,417.4708557,436.6184082,411.1232605,414.357666,2620571467,103,Binance Coin,BNB-USD,Crypto,Cryptocurrency,https://1drv.ms/i/c/8705623eb284e7df/IQRKpJgHnRqQQJByd4eQSA4fAS83utsBfBaNDvQwVOOsD-s?width=300&height=300
17-08-2021,401.908905,435.7232056,399.7459106,416.0691223,2572609791,103,Binance Coin,BNB-USD,Crypto,Cryptocurrency,https://1drv.ms/i/c/8705623eb284e7df/IQRKpJgHnRqQQJByd4eQSA4fAS83utsBfBaNDvQwVOOsD-s?width=300&height=300
18-08-2021,398.2514648,412.3062439,387.8158875,401.8820496,2288117050,103,Binance Coin,BNB-USD,Crypto,Cryptocurrency,https://1drv.ms/i/c/8705623eb284e7df/IQRKpJgHnRqQQJByd4eQSA4fAS83utsBfBaNDvQwVOOsD-s?width=300&height=300
19-08-2021,430.9888611,431.2602234,391.4950562,396.4943848,2549215331,103,Binance Coin,BNB-USD,Crypto,Cryptocurrency,https://1drv.ms/i/c/8705623eb284e7df/IQRKpJgHnRqQQJByd4eQSA4fAS83utsBfBaNDvQwVOOsD-s?width=300&height=300
20-08-2021,454.9363098,457.6037292,422.0801697,430.9750366,2451578694,103,Binance Coin,BNB-USD,Crypto,Cryptocurrency,https://1drv.ms/i/c/8705623eb284e7df/IQRKpJgHnRqQQJByd4eQSA4fAS83utsBfBaNDvQwVOOsD-s?width=300&height=300
21-08-2021,448.9202576,460.2557068,444.9776611,455.1333923,2120660728,103,Binance Coin,BNB-USD,Crypto,Cryptocurrency,https://1drv.ms/i/c/8705623eb284e7df/IQRKpJgHnRqQQJByd4eQSA4fAS83utsBfBaNDvQwVOOsD-s?width=300&height=300
22-08-2021,449.0534973,458.4028931,439.1682129,449.2256165,1826865701,103,Binance Coin,BNB-USD,Crypto,Cryptocurrency,https://1drv.ms/i/c/8705623eb284e7df/IQRKpJgHnRqQQJByd4eQSA4fAS83utsBfBaNDvQwVOOsD-s?width=300&height=300
23-08-2021,499.8905945,509.3427124,447.6663818,449.1054688,3857489743,103,Binance Coin,BNB-USD,Crypto,Cryptocurrency,https://1drv.ms/i/c/8705623eb284e7df/IQRKpJgHnRqQQJByd4eQSA4fAS83utsBfBaNDvQwVOOsD-s?width=300&height=300
24-08-2021,471.595459,504.1023254,461.7559814,500.2177124,2978438301,103,Binance Coin,BNB-USD,Crypto,Cryptocurrency,https://1drv.ms/i/c/8705623eb284e7df/IQRKpJgHnRqQQJByd4eQSA4fAS83utsBfBaNDvQwVOOsD-s?width=300&height=300
25-08-2021,502.7862549,506.295166,470.6392212,472.2020264,3289398273,103,Binance Coin,BNB-USD,Crypto,Cryptocurrency,https://1drv.ms/i/c/8705623eb284e7df/IQRKpJgHnRqQQJByd4eQSA4fAS83utsBfBaNDvQwVOOsD-s?width=300&height=300
26-08-2021,479.0061035,518.7563477,472.0317688,503.5524902,3277913533,103,Binance Coin,BNB-USD,Crypto,Cryptocurrency,https://1drv.ms/i/c/8705623eb284e7df/IQRKpJgHnRqQQJByd4eQSA4fAS83utsBfBaNDvQwVOOsD-s?width=300&height=300
27-08-2021,494.4986877,495.0123291,467.9011841,478.6301575,2563319587,103,Binance Coin,BNB-USD,Crypto,Cryptocurrency,https://1drv.ms/i/c/8705623eb284e7df/IQRKpJgHnRqQQJByd4eQSA4fAS83utsBfBaNDvQwVOOsD-s?width=300&height=300
28-08-2021,486.1969299,496.8854065,483.3242493,494.6706238,1676741698,103,Binance Coin,BNB-USD,Crypto,Cryptocurrency,https://1drv.ms/i/c/8705623eb284e7df/IQRKpJgHnRqQQJByd4eQSA4fAS83utsBfBaNDvQwVOOsD-s?width=300&height=300
29-08-2021,480.28302,495.6763,477.2008057,486.2085876,1763538464,103,Binance Coin,BNB-USD,Crypto,Cryptocurrency,https://1drv.ms/i/c/8705623eb284e7df/IQRKpJgHnRqQQJByd4eQSA4fAS83utsBfBaNDvQwVOOsD-s?width=300&height=300
30-08-2021,459.4907532,481.1316528,458.1532898,480.2899475,2007036766,103,Binance Coin,BNB-USD,Crypto,Cryptocurrency,https://1drv.ms/i/c/8705623eb284e7df/IQRKpJgHnRqQQJByd4eQSA4fAS83utsBfBaNDvQwVOOsD-s?width=300&height=300
31-08-2021,464.4187317,477.2822266,452.4851685,460.6239929,2378049328,103,Binance Coin,BNB-USD,Crypto,Cryptocurrency,https://1drv.ms/i/c/8705623eb284e7df/IQRKpJgHnRqQQJByd4eQSA4fAS83utsBfBaNDvQwVOOsD-s?width=300&height=300
01-09-2021,490.0687256,490.0687256,455.7580872,464.2729187,2303587593,103,Binance Coin,BNB-USD,Crypto,Cryptocurrency,https://1drv.ms/i/c/8705623eb284e7df/IQRKpJgHnRqQQJByd4eQSA4fAS83utsBfBaNDvQwVOOsD-s?width=300&height=300
02-09-2021,483.921051,504.5412598,480.0368958,489.8598938,2324361979,103,Binance Coin,BNB-USD,Crypto,Cryptocurrency,https://1drv.ms/i/c/8705623eb284e7df/IQRKpJgHnRqQQJByd4eQSA4fAS83utsBfBaNDvQwVOOsD-s?width=300&height=300
03-09-2021,488.6047058,494.3952026,475.2258911,483.7565918,2051522050,103,Binance Coin,BNB-USD,Crypto,Cryptocurrency,https://1drv.ms/i/c/8705623eb284e7df/IQRKpJgHnRqQQJByd4eQSA4fAS83utsBfBaNDvQwVOOsD-s?width=300&height=300
04-09-2021,498.0784302,510.0576477,485.8561096,488.4070129,2310249697,103,Binance Coin,BNB-USD,Crypto,Cryptocurrency,https://1drv.ms/i/c/8705623eb284e7df/IQRKpJgHnRqQQJByd4eQSA4fAS83utsBfBaNDvQwVOOsD-s?width=300&height=300
05-09-2021,504.619873,505.1166992,489.4749146,497.7048645,1899639214,103,Binance Coin,BNB-USD,Crypto,Cryptocurrency,https://1drv.ms/i/c/8705623eb284e7df/IQRKpJgHnRqQQJByd4eQSA4fAS83utsBfBaNDvQwVOOsD-s?width=300&height=300
06-09-2021,495.9250183,508.8222351,488.6789551,504.6980896,2206397359,103,Binance Coin,BNB-USD,Crypto,Cryptocurrency,https://1drv.ms/i/c/8705623eb284e7df/IQRKpJgHnRqQQJByd4eQSA4fAS83utsBfBaNDvQwVOOsD-s?width=300&height=300
07-09-2021,417.5087891,504.6031494,372.302948,496.0363464,4471687569,103,Binance Coin,BNB-USD,Crypto,Cryptocurrency,https://1drv.ms/i/c/8705623eb284e7df/IQRKpJgHnRqQQJByd4eQSA4fAS83utsBfBaNDvQwVOOsD-s?width=300&height=300
08-09-2021,415.1131592,425.4935608,384.2314453,417.9188843,2940929033,103,Binance Coin,BNB-USD,Crypto,Cryptocurrency,https://1drv.ms/i/c/8705623eb284e7df/IQRKpJgHnRqQQJByd4eQSA4fAS83utsBfBaNDvQwVOOsD-s?width=300&height=300
09-09-2021,421.2700195,435.7174072,404.5211487,405.5805969,2392139922,103,Binance Coin,BNB-USD,Crypto,Cryptocurrency,https://1drv.ms/i/c/8705623eb284e7df/IQRKpJgHnRqQQJByd4eQSA4fAS83utsBfBaNDvQwVOOsD-s?width=300&height=300
10-09-2021,401.6217957,438.9221802,394.0628357,421.2688904,2306735739,103,Binance Coin,BNB-USD,Crypto,Cryptocurrency,https://1drv.ms/i/c/8705623eb284e7df/IQRKpJgHnRqQQJByd4eQSA4fAS83utsBfBaNDvQwVOOsD-s?width=300&height=300
11-09-2021,405.5273743,415.3570251,400.2992554,401.2634888,1567255682,103,Binance Coin,BNB-USD,Crypto,Cryptocurrency,https://1drv.ms/i/c/8705623eb284e7df/IQRKpJgHnRqQQJByd4eQSA4fAS83utsBfBaNDvQwVOOsD-s?width=300&height=300
12-09-2021,416.6832275,421.2075806,398.032135,405.3991699,1671909230,103,Binance Coin,BNB-USD,Crypto,Cryptocurrency,https://1drv.ms/i/c/8705623eb284e7df/IQRKpJgHnRqQQJByd4eQSA4fAS83utsBfBaNDvQwVOOsD-s?width=300&height=300
13-09-2021,399.063446,419.2820129,385.3760376,416.7966003,2194763765,103,Binance Coin,BNB-USD,Crypto,Cryptocurrency,https://1drv.ms/i/c/8705623eb284e7df/IQRKpJgHnRqQQJByd4eQSA4fAS83utsBfBaNDvQwVOOsD-s?width=300&height=300
14-09-2021,414.2362366,414.3195496,396.4160767,399.2067871,1598465255,103,Binance Coin,BNB-USD,Crypto,Cryptocurrency,https://1drv.ms/i/c/8705623eb284e7df/IQRKpJgHnRqQQJByd4eQSA4fAS83utsBfBaNDvQwVOOsD-s?width=300&height=300
15-09-2021,431.4230347,436.4163513,410.453949,414.4934998,1838828414,103,Binance Coin,BNB-USD,Crypto,Cryptocurrency,https://1drv.ms/i/c/8705623eb284e7df/IQRKpJgHnRqQQJByd4eQSA4fAS83utsBfBaNDvQwVOOsD-s?width=300&height=300
16-09-2021,424.649231,433.1927795,416.176239,431.2905884,1720989872,103,Binance Coin,BNB-USD,Crypto,Cryptocurrency,https://1drv.ms/i/c/8705623eb284e7df/IQRKpJgHnRqQQJByd4eQSA4fAS83utsBfBaNDvQwVOOsD-s?width=300&height=300
17-09-2021,406.6328125,425.7662354,401.842041,424.4035645,1516642578,103,Binance Coin,BNB-USD,Crypto,Cryptocurrency,https://1drv.ms/i/c/8705623eb284e7df/IQRKpJgHnRqQQJByd4eQSA4fAS83utsBfBaNDvQwVOOsD-s?width=300&height=300
18-09-2021,410.8092957,420.0019836,401.7784424,406.4624329,1310349981,103,Binance Coin,BNB-USD,Crypto,Cryptocurrency,https://1drv.ms/i/c/8705623eb284e7df/IQRKpJgHnRqQQJByd4eQSA4fAS83utsBfBaNDvQwVOOsD-s?width=300&height=300
19-09-2021,408.4716492,419.1825867,403.7186279,410.6031189,1243314915,103,Binance Coin,BNB-USD,Crypto,Cryptocurrency,https://1drv.ms/i/c/8705623eb284e7df/IQRKpJgHnRqQQJByd4eQSA4fAS83utsBfBaNDvQwVOOsD-s?width=300&height=300
20-09-2021,361.9659119,409.6433105,357.2733154,408.5135498,2344102082,103,Binance Coin,BNB-USD,Crypto,Cryptocurrency,https://1drv.ms/i/c/8705623eb284e7df/IQRKpJgHnRqQQJByd4eQSA4fAS83utsBfBaNDvQwVOOsD-s?width=300&height=300
21-09-2021,344.5346069,375.6661072,339.0143433,364.0535278,2045164899,103,Binance Coin,BNB-USD,Crypto,Cryptocurrency,https://1drv.ms/i/c/8705623eb284e7df/IQRKpJgHnRqQQJByd4eQSA4fAS83utsBfBaNDvQwVOOsD-s?width=300&height=300
22-09-2021,379.4403381,380.0084534,342.6800537,343.6654053,1678913732,103,Binance Coin,BNB-USD,Crypto,Cryptocurrency,https://1drv.ms/i/c/8705623eb284e7df/IQRKpJgHnRqQQJByd4eQSA4fAS83utsBfBaNDvQwVOOsD-s?width=300&height=300
23-09-2021,383.8204041,384.7772217,369.6520081,379.1556702,1576382603,103,Binance Coin,BNB-USD,Crypto,Cryptocurrency,https://1drv.ms/i/c/8705623eb284e7df/IQRKpJgHnRqQQJByd4eQSA4fAS83utsBfBaNDvQwVOOsD-s?width=300&height=300
24-09-2021,355.3162842,385.3192749,335.5061951,383.8063049,2081157733,103,Binance Coin,BNB-USD,Crypto,Cryptocurrency,https://1drv.ms/i/c/8705623eb284e7df/IQRKpJgHnRqQQJByd4eQSA4fAS83utsBfBaNDvQwVOOsD-s?width=300&height=300
25-09-2021,349.8800964,360.6300659,344.190918,355.4073792,1388464569,103,Binance Coin,BNB-USD,Crypto,Cryptocurrency,https://1drv.ms/i/c/8705623eb284e7df/IQRKpJgHnRqQQJByd4eQSA4fAS83utsBfBaNDvQwVOOsD-s?width=300&height=300
26-09-2021,344.1817627,352.6981506,320.3687439,349.8806763,1958526741,103,Binance Coin,BNB-USD,Crypto,Cryptocurrency,https://1drv.ms/i/c/8705623eb284e7df/IQRKpJgHnRqQQJByd4eQSA4fAS83utsBfBaNDvQwVOOsD-s?width=300&height=300
27-09-2021,336.1912231,357.2929993,335.7904663,344.6517029,1507056912,103,Binance Coin,BNB-USD,Crypto,Cryptocurrency,https://1drv.ms/i/c/8705623eb284e7df/IQRKpJgHnRqQQJByd4eQSA4fAS83utsBfBaNDvQwVOOsD-s?width=300&height=300
28-09-2021,333.0325928,344.2755737,330.0738525,335.8075562,1294330921,103,Binance Coin,BNB-USD,Crypto,Cryptocurrency,https://1drv.ms/i/c/8705623eb284e7df/IQRKpJgHnRqQQJByd4eQSA4fAS83utsBfBaNDvQwVOOsD-s?width=300&height=300
29-09-2021,367.9895935,375.0068665,331.4485168,333.3979187,2385693434,103,Binance Coin,BNB-USD,Crypto,Cryptocurrency,https://1drv.ms/i/c/8705623eb284e7df/IQRKpJgHnRqQQJByd4eQSA4fAS83utsBfBaNDvQwVOOsD-s?width=300&height=300
30-09-2021,387.0573425,388.2687683,366.6442566,367.7860107,1796235646,103,Binance Coin,BNB-USD,Crypto,Cryptocurrency,https://1drv.ms/i/c/8705623eb284e7df/IQRKpJgHnRqQQJByd4eQSA4fAS83utsBfBaNDvQwVOOsD-s?width=300&height=300
01-10-2021,421.6431885,423.3442688,382.1313782,387.6359863,2162493378,103,Binance Coin,BNB-USD,Crypto,Cryptocurrency,https://1drv.ms/i/c/8705623eb284e7df/IQRKpJgHnRqQQJByd4eQSA4fAS83utsBfBaNDvQwVOOsD-s?width=300&height=300
02-10-2021,428.0983276,438.1070251,411.0383301,421.4770813,1740937420,103,Binance Coin,BNB-USD,Crypto,Cryptocurrency,https://1drv.ms/i/c/8705623eb284e7df/IQRKpJgHnRqQQJByd4eQSA4fAS83utsBfBaNDvQwVOOsD-s?width=300&height=300
03-10-2021,430.5088196,437.1003723,421.9388733,427.3511047,1470899248,103,Binance Coin,BNB-USD,Crypto,Cryptocurrency,https://1drv.ms/i/c/8705623eb284e7df/IQRKpJgHnRqQQJByd4eQSA4fAS83utsBfBaNDvQwVOOsD-s?width=300&height=300
04-10-2021,425.7489014,430.7255859,411.9521484,430.5845032,1647171955,103,Binance Coin,BNB-USD,Crypto,Cryptocurrency,https://1drv.ms/i/c/8705623eb284e7df/IQRKpJgHnRqQQJByd4eQSA4fAS83utsBfBaNDvQwVOOsD-s?width=300&height=300
05-10-2021,442.7061462,443.9142456,424.1143494,426.2142029,1526827785,103,Binance Coin,BNB-USD,Crypto,Cryptocurrency,https://1drv.ms/i/c/8705623eb284e7df/IQRKpJgHnRqQQJByd4eQSA4fAS83utsBfBaNDvQwVOOsD-s?width=300&height=300
06-10-2021,435.4013672,442.4793091,415.6677246,442.40625,2006344571,103,Binance Coin,BNB-USD,Crypto,Cryptocurrency,https://1drv.ms/i/c/8705623eb284e7df/IQRKpJgHnRqQQJByd4eQSA4fAS83utsBfBaNDvQwVOOsD-s?width=300&height=300
07-10-2021,438.7617493,449.9358826,424.3091736,434.9619141,1962989705,103,Binance Coin,BNB-USD,Crypto,Cryptocurrency,https://1drv.ms/i/c/8705623eb284e7df/IQRKpJgHnRqQQJByd4eQSA4fAS83utsBfBaNDvQwVOOsD-s?width=300&height=300
08-10-2021,419.1020508,441.5137939,416.7060242,438.4752502,2678048368,103,Binance Coin,BNB-USD,Crypto,Cryptocurrency,https://1drv.ms/i/c/8705623eb284e7df/IQRKpJgHnRqQQJByd4eQSA4fAS83utsBfBaNDvQwVOOsD-s?width=300&height=300
09-10-2021,421.549469,425.974823,416.8238525,418.7559814,1404867667,103,Binance Coin,BNB-USD,Crypto,Cryptocurrency,https://1drv.ms/i/c/8705623eb284e7df/IQRKpJgHnRqQQJByd4eQSA4fAS83utsBfBaNDvQwVOOsD-s?width=300&height=300
10-10-2021,405.0693054,422.050415,402.8292542,421.7956848,1437068558,103,Binance Coin,BNB-USD,Crypto,Cryptocurrency,https://1drv.ms/i/c/8705623eb284e7df/IQRKpJgHnRqQQJByd4eQSA4fAS83utsBfBaNDvQwVOOsD-s?width=300&height=300
11-10-2021,413.4562073,423.5501099,401.2212524,404.5274658,1473121389,103,Binance Coin,BNB-USD,Crypto,Cryptocurrency,https://1drv.ms/i/c/8705623eb284e7df/IQRKpJgHnRqQQJByd4eQSA4fAS83utsBfBaNDvQwVOOsD-s?width=300&height=300
12-10-2021,443.8675232,443.8675232,392.5707703,413.4867554,3142304145,103,Binance Coin,BNB-USD,Crypto,Cryptocurrency,https://1drv.ms/i/c/8705623eb284e7df/IQRKpJgHnRqQQJByd4eQSA4fAS83utsBfBaNDvQwVOOsD-s?width=300&height=300
13-10-2021,470.7496948,471.6569214,434.4466248,444.4056396,5149146903,103,Binance Coin,BNB-USD,Crypto,Cryptocurrency,https://1drv.ms/i/c/8705623eb284e7df/IQRKpJgHnRqQQJByd4eQSA4fAS83utsBfBaNDvQwVOOsD-s?width=300&height=300
14-10-2021,472.0223999,482.6448669,461.8553467,470.5386658,2486819344,103,Binance Coin,BNB-USD,Crypto,Cryptocurrency,https://1drv.ms/i/c/8705623eb284e7df/IQRKpJgHnRqQQJByd4eQSA4fAS83utsBfBaNDvQwVOOsD-s?width=300&height=300
15-10-2021,473.7026367,476.7559509,453.9000854,472.6004028,2804538828,103,Binance Coin,BNB-USD,Crypto,Cryptocurrency,https://1drv.ms/i/c/8705623eb284e7df/IQRKpJgHnRqQQJByd4eQSA4fAS83utsBfBaNDvQwVOOsD-s?width=300&height=300
16-10-2021,465.6424561,483.5578003,463.5114746,473.9946899,1904086807,103,Binance Coin,BNB-USD,Crypto,Cryptocurrency,https://1drv.ms/i/c/8705623eb284e7df/IQRKpJgHnRqQQJByd4eQSA4fAS83utsBfBaNDvQwVOOsD-s?width=300&height=300
17-10-2021,470.6255493,472.2980042,455.4051819,465.7221069,1646437501,103,Binance Coin,BNB-USD,Crypto,Cryptocurrency,https://1drv.ms/i/c/8705623eb284e7df/IQRKpJgHnRqQQJByd4eQSA4fAS83utsBfBaNDvQwVOOsD-s?width=300&height=300
18-10-2021,485.1110229,487.4996948,467.5847778,470.9144287,1999805026,103,Binance Coin,BNB-USD,Crypto,Cryptocurrency,https://1drv.ms/i/c/8705623eb284e7df/IQRKpJgHnRqQQJByd4eQSA4fAS83utsBfBaNDvQwVOOsD-s?width=300&height=300
19-10-2021,488.1488647,497.2583313,481.9736328,485.0994263,1844483840,103,Binance Coin,BNB-USD,Crypto,Cryptocurrency,https://1drv.ms/i/c/8705623eb284e7df/IQRKpJgHnRqQQJByd4eQSA4fAS83utsBfBaNDvQwVOOsD-s?width=300&height=300
20-10-2021,501.0203247,505.2679443,482.2460327,488.053833,1890415594,103,Binance Coin,BNB-USD,Crypto,Cryptocurrency,https://1drv.ms/i/c/8705623eb284e7df/IQRKpJgHnRqQQJByd4eQSA4fAS83utsBfBaNDvQwVOOsD-s?width=300&height=300
21-10-2021,471.2569275,504.6486206,467.4223633,501.3478394,3081793454,103,Binance Coin,BNB-USD,Crypto,Cryptocurrency,https://1drv.ms/i/c/8705623eb284e7df/IQRKpJgHnRqQQJByd4eQSA4fAS83utsBfBaNDvQwVOOsD-s?width=300&height=300
22-10-2021,478.643158,498.0141907,470.9593811,470.9593811,1962748496,103,Binance Coin,BNB-USD,Crypto,Cryptocurrency,https://1drv.ms/i/c/8705623eb284e7df/IQRKpJgHnRqQQJByd4eQSA4fAS83utsBfBaNDvQwVOOsD-s?width=300&height=300
23-10-2021,485.9064331,485.9064331,473.1125793,478.9422607,1170864603,103,Binance Coin,BNB-USD,Crypto,Cryptocurrency,https://1drv.ms/i/c/8705623eb284e7df/IQRKpJgHnRqQQJByd4eQSA4fAS83utsBfBaNDvQwVOOsD-s?width=300&height=300
24-10-2021,476.6331177,486.8027039,468.1982117,485.9901428,1246191889,103,Binance Coin,BNB-USD,Crypto,Cryptocurrency,https://1drv.ms/i/c/8705623eb284e7df/IQRKpJgHnRqQQJByd4eQSA4fAS83utsBfBaNDvQwVOOsD-s?width=300&height=300
25-10-2021,484.6450806,488.8943176,474.8721619,475.9242554,1337787876,103,Binance Coin,BNB-USD,Crypto,Cryptocurrency,https://1drv.ms/i/c/8705623eb284e7df/IQRKpJgHnRqQQJByd4eQSA4fAS83utsBfBaNDvQwVOOsD-s?width=300&height=300
26-10-2021,478.0250549,489.7741699,475.2862854,484.7068787,1486193826,103,Binance Coin,BNB-USD,Crypto,Cryptocurrency,https://1drv.ms/i/c/8705623eb284e7df/IQRKpJgHnRqQQJByd4eQSA4fAS83utsBfBaNDvQwVOOsD-s?width=300&height=300
27-10-2021,449.0079956,486.167511,440.4450073,478.1210632,2340091135,103,Binance Coin,BNB-USD,Crypto,Cryptocurrency,https://1drv.ms/i/c/8705623eb284e7df/IQRKpJgHnRqQQJByd4eQSA4fAS83utsBfBaNDvQwVOOsD-s?width=300&height=300
28-10-2021,492.0155334,494.9148865,447.6197205,448.8858337,2626956133,103,Binance Coin,BNB-USD,Crypto,Cryptocurrency,https://1drv.ms/i/c/8705623eb284e7df/IQRKpJgHnRqQQJByd4eQSA4fAS83utsBfBaNDvQwVOOsD-s?width=300&height=300
29-10-2021,529.6221313,533.4754028,488.8721619,492.4325562,2667451365,103,Binance Coin,BNB-USD,Crypto,Cryptocurrency,https://1drv.ms/i/c/8705623eb284e7df/IQRKpJgHnRqQQJByd4eQSA4fAS83utsBfBaNDvQwVOOsD-s?width=300&height=300
30-10-2021,527.9212036,539.9388428,511.9313049,529.8226929,2194893915,103,Binance Coin,BNB-USD,Crypto,Cryptocurrency,https://1drv.ms/i/c/8705623eb284e7df/IQRKpJgHnRqQQJByd4eQSA4fAS83utsBfBaNDvQwVOOsD-s?width=300&height=300
31-10-2021,524.3644409,534.7709351,510.5654602,528.5473022,2076289915,103,Binance Coin,BNB-USD,Crypto,Cryptocurrency,https://1drv.ms/i/c/8705623eb284e7df/IQRKpJgHnRqQQJByd4eQSA4fAS83utsBfBaNDvQwVOOsD-s?width=300&height=300
01-11-2021,551.2559204,552.0736694,512.1762695,524.7382202,2535579529,103,Binance Coin,BNB-USD,Crypto,Cryptocurrency,https://1drv.ms/i/c/8705623eb284e7df/IQRKpJgHnRqQQJByd4eQSA4fAS83utsBfBaNDvQwVOOsD-s?width=300&height=300
02-11-2021,554.4476318,564.0227051,538.3999634,551.7475586,2401108112,103,Binance Coin,BNB-USD,Crypto,Cryptocurrency,https://1drv.ms/i/c/8705623eb284e7df/IQRKpJgHnRqQQJByd4eQSA4fAS83utsBfBaNDvQwVOOsD-s?width=300&height=300
03-11-2021,568.5787964,570.2593384,538.5310059,554.557373,2567651316,103,Binance Coin,BNB-USD,Crypto,Cryptocurrency,https://1drv.ms/i/c/8705623eb284e7df/IQRKpJgHnRqQQJByd4eQSA4fAS83utsBfBaNDvQwVOOsD-s?width=300&height=300
04-11-2021,559.7373047,569.1212769,544.8768311,568.578125,2260479871,103,Binance Coin,BNB-USD,Crypto,Cryptocurrency,https://1drv.ms/i/c/8705623eb284e7df/IQRKpJgHnRqQQJByd4eQSA4fAS83utsBfBaNDvQwVOOsD-s?width=300&height=300
05-11-2021,608.6480713,615.5808716,555.0560913,559.3905029,3675930507,103,Binance Coin,BNB-USD,Crypto,Cryptocurrency,https://1drv.ms/i/c/8705623eb284e7df/IQRKpJgHnRqQQJByd4eQSA4fAS83utsBfBaNDvQwVOOsD-s?width=300&height=300
06-11-2021,636.1139526,636.1139526,596.7644653,608.2634888,2779927044,103,Binance Coin,BNB-USD,Crypto,Cryptocurrency,https://1drv.ms/i/c/8705623eb284e7df/IQRKpJgHnRqQQJByd4eQSA4fAS83utsBfBaNDvQwVOOsD-s?width=300&height=300
07-11-2021,650.4540405,669.3458252,632.0792847,638.1860352,3017167868,103,Binance Coin,BNB-USD,Crypto,Cryptocurrency,https://1drv.ms/i/c/8705623eb284e7df/IQRKpJgHnRqQQJByd4eQSA4fAS83utsBfBaNDvQwVOOsD-s?width=300&height=300
08-11-2021,654.3150024,655.7136841,632.6870728,650.4674072,2828112534,103,Binance Coin,BNB-USD,Crypto,Cryptocurrency,https://1drv.ms/i/c/8705623eb284e7df/IQRKpJgHnRqQQJByd4eQSA4fAS83utsBfBaNDvQwVOOsD-s?width=300&height=300
09-11-2021,635.1906128,657.0405884,632.331665,654.0003662,2198989754,103,Binance Coin,BNB-USD,Crypto,Cryptocurrency,https://1drv.ms/i/c/8705623eb284e7df/IQRKpJgHnRqQQJByd4eQSA4fAS83utsBfBaNDvQwVOOsD-s?width=300&height=300
10-11-2021,615.2780762,662.3065186,578.0742798,635.0383911,3653998344,103,Binance Coin,BNB-USD,Crypto,Cryptocurrency,https://1drv.ms/i/c/8705623eb284e7df/IQRKpJgHnRqQQJByd4eQSA4fAS83utsBfBaNDvQwVOOsD-s?width=300&height=300
11-11-2021,629.892334,634.8444214,606.4091797,615.4552002,2341652507,103,Binance Coin,BNB-USD,Crypto,Cryptocurrency,https://1drv.ms/i/c/8705623eb284e7df/IQRKpJgHnRqQQJByd4eQSA4fAS83utsBfBaNDvQwVOOsD-s?width=300&height=300
12-11-2021,626.6425171,634.5205688,604.1627197,629.1442261,2209163398,103,Binance Coin,BNB-USD,Crypto,Cryptocurrency,https://1drv.ms/i/c/8705623eb284e7df/IQRKpJgHnRqQQJByd4eQSA4fAS83utsBfBaNDvQwVOOsD-s?width=300&height=300
13-11-2021,650.104126,655.3208618,620.5878296,627.0795898,2106170805,103,Binance Coin,BNB-USD,Crypto,Cryptocurrency,https://1drv.ms/i/c/8705623eb284e7df/IQRKpJgHnRqQQJByd4eQSA4fAS83utsBfBaNDvQwVOOsD-s?width=300&height=300
14-11-2021,650.9180908,659.9926758,634.5494995,650.0622559,2101401990,103,Binance Coin,BNB-USD,Crypto,Cryptocurrency,https://1drv.ms/i/c/8705623eb284e7df/IQRKpJgHnRqQQJByd4eQSA4fAS83utsBfBaNDvQwVOOsD-s?width=300&height=300
15-11-2021,633.048645,660.0441895,631.9422607,650.9431152,2146877925,103,Binance Coin,BNB-USD,Crypto,Cryptocurrency,https://1drv.ms/i/c/8705623eb284e7df/IQRKpJgHnRqQQJByd4eQSA4fAS83utsBfBaNDvQwVOOsD-s?width=300&height=300
16-11-2021,589.822876,635.260376,574.1801147,634.9476318,3772957260,103,Binance Coin,BNB-USD,Crypto,Cryptocurrency,https://1drv.ms/i/c/8705623eb284e7df/IQRKpJgHnRqQQJByd4eQSA4fAS83utsBfBaNDvQwVOOsD-s?width=300&height=300
17-11-2021,578.0927734,593.1080933,554.3214111,589.328064,2704847734,103,Binance Coin,BNB-USD,Crypto,Cryptocurrency,https://1drv.ms/i/c/8705623eb284e7df/IQRKpJgHnRqQQJByd4eQSA4fAS83utsBfBaNDvQwVOOsD-s?width=300&height=300
18-11-2021,532.2376099,587.9127197,518.4230957,578.0348511,2917116815,103,Binance Coin,BNB-USD,Crypto,Cryptocurrency,https://1drv.ms/i/c/8705623eb284e7df/IQRKpJgHnRqQQJByd4eQSA4fAS83utsBfBaNDvQwVOOsD-s?width=300&height=300
19-11-2021,581.5308228,585.8994751,525.2415161,531.505127,2481119529,103,Binance Coin,BNB-USD,Crypto,Cryptocurrency,https://1drv.ms/i/c/8705623eb284e7df/IQRKpJgHnRqQQJByd4eQSA4fAS83utsBfBaNDvQwVOOsD-s?width=300&height=300
20-11-2021,603.8400269,604.8842163,574.0227661,581.4785156,2336197759,103,Binance Coin,BNB-USD,Crypto,Cryptocurrency,https://1drv.ms/i/c/8705623eb284e7df/IQRKpJgHnRqQQJByd4eQSA4fAS83utsBfBaNDvQwVOOsD-s?width=300&height=300
21-11-2021,585.2942505,605.177124,580.5870972,604.4089966,2055539646,103,Binance Coin,BNB-USD,Crypto,Cryptocurrency,https://1drv.ms/i/c/8705623eb284e7df/IQRKpJgHnRqQQJByd4eQSA4fAS83utsBfBaNDvQwVOOsD-s?width=300&height=300
22-11-2021,559.1270142,585.1484985,554.2702637,584.8157959,2251971535,103,Binance Coin,BNB-USD,Crypto,Cryptocurrency,https://1drv.ms/i/c/8705623eb284e7df/IQRKpJgHnRqQQJByd4eQSA4fAS83utsBfBaNDvQwVOOsD-s?width=300&height=300
23-11-2021,591.4395752,605.0904541,559.041626,559.5701904,2927434189,103,Binance Coin,BNB-USD,Crypto,Cryptocurrency,https://1drv.ms/i/c/8705623eb284e7df/IQRKpJgHnRqQQJByd4eQSA4fAS83utsBfBaNDvQwVOOsD-s?width=300&height=300
24-11-2021,581.3953247,594.8309937,577.5083618,591.1955566,2917418688,103,Binance Coin,BNB-USD,Crypto,Cryptocurrency,https://1drv.ms/i/c/8705623eb284e7df/IQRKpJgHnRqQQJByd4eQSA4fAS83utsBfBaNDvQwVOOsD-s?width=300&height=300
25-11-2021,603.7302246,646.9588013,587.8598022,590.3569946,2537227998,103,Binance Coin,BNB-USD,Crypto,Cryptocurrency,https://1drv.ms/i/c/8705623eb284e7df/IQRKpJgHnRqQQJByd4eQSA4fAS83utsBfBaNDvQwVOOsD-s?width=300&height=300
26-11-2021,585.1473389,657.5129395,566.5331421,639.0036011,4254504824,103,Binance Coin,BNB-USD,Crypto,Cryptocurrency,https://1drv.ms/i/c/8705623eb284e7df/IQRKpJgHnRqQQJByd4eQSA4fAS83utsBfBaNDvQwVOOsD-s?width=300&height=300
27-11-2021,600.336792,621.3866577,584.7943115,587.1033325,2485529516,103,Binance Coin,BNB-USD,Crypto,Cryptocurrency,https://1drv.ms/i/c/8705623eb284e7df/IQRKpJgHnRqQQJByd4eQSA4fAS83utsBfBaNDvQwVOOsD-s?width=300&height=300
28-11-2021,611.3668213,612.7375488,574.5512695,601.0064087,2731676788,103,Binance Coin,BNB-USD,Crypto,Cryptocurrency,https://1drv.ms/i/c/8705623eb284e7df/IQRKpJgHnRqQQJByd4eQSA4fAS83utsBfBaNDvQwVOOsD-s?width=300&height=300
29-11-2021,624.3100586,628.4968872,602.4429321,611.7626343,2425803182,103,Binance Coin,BNB-USD,Crypto,Cryptocurrency,https://1drv.ms/i/c/8705623eb284e7df/IQRKpJgHnRqQQJByd4eQSA4fAS83utsBfBaNDvQwVOOsD-s?width=300&height=300
30-11-2021,622.6698608,635.1295166,604.8676147,623.9569702,2781531694,103,Binance Coin,BNB-USD,Crypto,Cryptocurrency,https://1drv.ms/i/c/8705623eb284e7df/IQRKpJgHnRqQQJByd4eQSA4fAS83utsBfBaNDvQwVOOsD-s?width=300&height=300
01-12-2021,627.9715576,650.2531738,619.1972046,621.8128662,2806563703,103,Binance Coin,BNB-USD,Crypto,Cryptocurrency,https://1drv.ms/i/c/8705623eb284e7df/IQRKpJgHnRqQQJByd4eQSA4fAS83utsBfBaNDvQwVOOsD-s?width=300&height=300
02-12-2021,619.4701538,629.8849487,606.6478271,627.5718384,2378758113,103,Binance Coin,BNB-USD,Crypto,Cryptocurrency,https://1drv.ms/i/c/8705623eb284e7df/IQRKpJgHnRqQQJByd4eQSA4fAS83utsBfBaNDvQwVOOsD-s?width=300&height=300
03-12-2021,594.6359863,628.3163452,579.8452148,620.2990112,2483348354,103,Binance Coin,BNB-USD,Crypto,Cryptocurrency,https://1drv.ms/i/c/8705623eb284e7df/IQRKpJgHnRqQQJByd4eQSA4fAS83utsBfBaNDvQwVOOsD-s?width=300&height=300
04-12-2021,569.0772705,596.1486816,495.1322632,596.1486816,4458419873,103,Binance Coin,BNB-USD,Crypto,Cryptocurrency,https://1drv.ms/i/c/8705623eb284e7df/IQRKpJgHnRqQQJByd4eQSA4fAS83utsBfBaNDvQwVOOsD-s?width=300&height=300
05-12-2021,557.7830811,581.8065796,543.6355591,568.6514282,2394235567,103,Binance Coin,BNB-USD,Crypto,Cryptocurrency,https://1drv.ms/i/c/8705623eb284e7df/IQRKpJgHnRqQQJByd4eQSA4fAS83utsBfBaNDvQwVOOsD-s?width=300&height=300
06-12-2021,589.2561646,593.383728,534.2636719,557.9497681,3567503629,103,Binance Coin,BNB-USD,Crypto,Cryptocurrency,https://1drv.ms/i/c/8705623eb284e7df/IQRKpJgHnRqQQJByd4eQSA4fAS83utsBfBaNDvQwVOOsD-s?width=300&height=300
07-12-2021,579.6898804,593.7992554,573.338501,589.1107788,2112954675,103,Binance Coin,BNB-USD,Crypto,Cryptocurrency,https://1drv.ms/i/c/8705623eb284e7df/IQRKpJgHnRqQQJByd4eQSA4fAS83utsBfBaNDvQwVOOsD-s?width=300&height=300
08-12-2021,607.5927734,607.7808838,567.6162109,579.1826782,2245501623,103,Binance Coin,BNB-USD,Crypto,Cryptocurrency,https://1drv.ms/i/c/8705623eb284e7df/IQRKpJgHnRqQQJByd4eQSA4fAS83utsBfBaNDvQwVOOsD-s?width=300&height=300
09-12-2021,571.6489868,616.6473389,568.0395508,606.6359253,2132955304,103,Binance Coin,BNB-USD,Crypto,Cryptocurrency,https://1drv.ms/i/c/8705623eb284e7df/IQRKpJgHnRqQQJByd4eQSA4fAS83utsBfBaNDvQwVOOsD-s?width=300&height=300
10-12-2021,552.9668579,594.597229,551.7358398,570.9810181,2089946472,103,Binance Coin,BNB-USD,Crypto,Cryptocurrency,https://1drv.ms/i/c/8705623eb284e7df/IQRKpJgHnRqQQJByd4eQSA4fAS83utsBfBaNDvQwVOOsD-s?width=300&height=300
11-12-2021,564.3225098,572.1915283,542.5656738,553.6710815,1824951693,103,Binance Coin,BNB-USD,Crypto,Cryptocurrency,https://1drv.ms/i/c/8705623eb284e7df/IQRKpJgHnRqQQJByd4eQSA4fAS83utsBfBaNDvQwVOOsD-s?width=300&height=300
12-12-2021,570.8239746,574.1850586,559.5152588,564.1414185,1307635490,103,Binance Coin,BNB-USD,Crypto,Cryptocurrency,https://1drv.ms/i/c/8705623eb284e7df/IQRKpJgHnRqQQJByd4eQSA4fAS83utsBfBaNDvQwVOOsD-s?width=300&height=300
13-12-2021,521.0115967,572.8823853,511.9984741,571.1774292,1900967743,103,Binance Coin,BNB-USD,Crypto,Cryptocurrency,https://1drv.ms/i/c/8705623eb284e7df/IQRKpJgHnRqQQJByd4eQSA4fAS83utsBfBaNDvQwVOOsD-s?width=300&height=300
14-12-2021,511.2293701,536.2976685,510.4207764,520.6317139,2232411089,103,Binance Coin,BNB-USD,Crypto,Cryptocurrency,https://1drv.ms/i/c/8705623eb284e7df/IQRKpJgHnRqQQJByd4eQSA4fAS83utsBfBaNDvQwVOOsD-s?width=300&height=300
15-12-2021,541.0269775,546.578125,503.0374756,528.4280396,2079796859,103,Binance Coin,BNB-USD,Crypto,Cryptocurrency,https://1drv.ms/i/c/8705623eb284e7df/IQRKpJgHnRqQQJByd4eQSA4fAS83utsBfBaNDvQwVOOsD-s?width=300&height=300
16-12-2021,526.246521,545.1519775,525.1216431,541.4038086,1500825557,103,Binance Coin,BNB-USD,Crypto,Cryptocurrency,https://1drv.ms/i/c/8705623eb284e7df/IQRKpJgHnRqQQJByd4eQSA4fAS83utsBfBaNDvQwVOOsD-s?width=300&height=300
17-12-2021,525.7062988,535.4282837,511.7005005,526.1488037,1804795681,103,Binance Coin,BNB-USD,Crypto,Cryptocurrency,https://1drv.ms/i/c/8705623eb284e7df/IQRKpJgHnRqQQJByd4eQSA4fAS83utsBfBaNDvQwVOOsD-s?width=300&height=300
18-12-2021,533.8913574,537.8184204,517.3238525,526.1723633,1294574825,103,Binance Coin,BNB-USD,Crypto,Cryptocurrency,https://1drv.ms/i/c/8705623eb284e7df/IQRKpJgHnRqQQJByd4eQSA4fAS83utsBfBaNDvQwVOOsD-s?width=300&height=300
19-12-2021,529.9720459,543.7507935,527.7727051,534.0184937,1199582659,103,Binance Coin,BNB-USD,Crypto,Cryptocurrency,https://1drv.ms/i/c/8705623eb284e7df/IQRKpJgHnRqQQJByd4eQSA4fAS83utsBfBaNDvQwVOOsD-s?width=300&height=300
20-12-2021,523.1624756,534.7802124,506.3703613,529.7280273,1467380399,103,Binance Coin,BNB-USD,Crypto,Cryptocurrency,https://1drv.ms/i/c/8705623eb284e7df/IQRKpJgHnRqQQJByd4eQSA4fAS83utsBfBaNDvQwVOOsD-s?width=300&height=300
21-12-2021,528.7109985,535.1061401,517.7602539,523.3884277,1461697111,103,Binance Coin,BNB-USD,Crypto,Cryptocurrency,https://1drv.ms/i/c/8705623eb284e7df/IQRKpJgHnRqQQJByd4eQSA4fAS83utsBfBaNDvQwVOOsD-s?width=300&height=300
22-12-2021,533.6449585,544.6470947,527.638855,528.7727661,1597323976,103,Binance Coin,BNB-USD,Crypto,Cryptocurrency,https://1drv.ms/i/c/8705623eb284e7df/IQRKpJgHnRqQQJByd4eQSA4fAS83utsBfBaNDvQwVOOsD-s?width=300&height=300
23-12-2021,548.7258301,552.5286865,524.7810669,533.7183228,1867124970,103,Binance Coin,BNB-USD,Crypto,Cryptocurrency,https://1drv.ms/i/c/8705623eb284e7df/IQRKpJgHnRqQQJByd4eQSA4fAS83utsBfBaNDvQwVOOsD-s?width=300&height=300
24-12-2021,541.9020386,554.125061,538.2337036,549.0022583,1677259160,103,Binance Coin,BNB-USD,Crypto,Cryptocurrency,https://1drv.ms/i/c/8705623eb284e7df/IQRKpJgHnRqQQJByd4eQSA4fAS83utsBfBaNDvQwVOOsD-s?width=300&height=300
25-12-2021,547.3262329,550.8659668,540.5454102,542.4671021,1305388019,103,Binance Coin,BNB-USD,Crypto,Cryptocurrency,https://1drv.ms/i/c/8705623eb284e7df/IQRKpJgHnRqQQJByd4eQSA4fAS83utsBfBaNDvQwVOOsD-s?width=300&height=300
26-12-2021,546.9949951,549.4100342,537.461731,547.3241577,1576727325,103,Binance Coin,BNB-USD,Crypto,Cryptocurrency,https://1drv.ms/i/c/8705623eb284e7df/IQRKpJgHnRqQQJByd4eQSA4fAS83utsBfBaNDvQwVOOsD-s?width=300&height=300
27-12-2021,562.6414795,571.5488892,543.5063477,546.5078735,2180356553,103,Binance Coin,BNB-USD,Crypto,Cryptocurrency,https://1drv.ms/i/c/8705623eb284e7df/IQRKpJgHnRqQQJByd4eQSA4fAS83utsBfBaNDvQwVOOsD-s?width=300&height=300
28-12-2021,534.9280396,563.590332,530.0599365,563.590332,2791585162,103,Binance Coin,BNB-USD,Crypto,Cryptocurrency,https://1drv.ms/i/c/8705623eb284e7df/IQRKpJgHnRqQQJByd4eQSA4fAS83utsBfBaNDvQwVOOsD-s?width=300&height=300
29-12-2021,514.0007935,540.6157837,511.7453308,534.8500366,2159325741,103,Binance Coin,BNB-USD,Crypto,Cryptocurrency,https://1drv.ms/i/c/8705623eb284e7df/IQRKpJgHnRqQQJByd4eQSA4fAS83utsBfBaNDvQwVOOsD-s?width=300&height=300
30-12-2021,518.909729,527.5682983,509.003479,514.5702515,1950603827,103,Binance Coin,BNB-USD,Crypto,Cryptocurrency,https://1drv.ms/i/c/8705623eb284e7df/IQRKpJgHnRqQQJByd4eQSA4fAS83utsBfBaNDvQwVOOsD-s?width=300&height=300
31-12-2021,511.708313,527.6973267,507.8857117,519.1230469,2020489898,103,Binance Coin,BNB-USD,Crypto,Cryptocurrency,https://1drv.ms/i/c/8705623eb284e7df/IQRKpJgHnRqQQJByd4eQSA4fAS83utsBfBaNDvQwVOOsD-s?width=300&height=300
01-01-2022,527.3527222,527.3527222,511.9035339,511.9103699,1622547014,103,Binance Coin,BNB-USD,Crypto,Cryptocurrency,https://1drv.ms/i/c/8705623eb284e7df/IQRKpJgHnRqQQJByd4eQSA4fAS83utsBfBaNDvQwVOOsD-s?width=300&height=300
02-01-2022,531.3966675,533.3710327,518.75354,527.291626,1462276185,103,Binance Coin,BNB-USD,Crypto,Cryptocurrency,https://1drv.ms/i/c/8705623eb284e7df/IQRKpJgHnRqQQJByd4eQSA4fAS83utsBfBaNDvQwVOOsD-s?width=300&height=300
03-01-2022,512.1359863,532.0955811,510.6521606,531.388855,1949153130,103,Binance Coin,BNB-USD,Crypto,Cryptocurrency,https://1drv.ms/i/c/8705623eb284e7df/IQRKpJgHnRqQQJByd4eQSA4fAS83utsBfBaNDvQwVOOsD-s?width=300&height=300
04-01-2022,507.5061035,519.7016602,503.2153625,512.1303101,2200879165,103,Binance Coin,BNB-USD,Crypto,Cryptocurrency,https://1drv.ms/i/c/8705623eb284e7df/IQRKpJgHnRqQQJByd4eQSA4fAS83utsBfBaNDvQwVOOsD-s?width=300&height=300
05-01-2022,475.0569458,515.2391968,462.0575562,507.5978088,2870757788,103,Binance Coin,BNB-USD,Crypto,Cryptocurrency,https://1drv.ms/i/c/8705623eb284e7df/IQRKpJgHnRqQQJByd4eQSA4fAS83utsBfBaNDvQwVOOsD-s?width=300&height=300
06-01-2022,473.2756042,481.0628357,460.2485046,475.079071,4400228627,103,Binance Coin,BNB-USD,Crypto,Cryptocurrency,https://1drv.ms/i/c/8705623eb284e7df/IQRKpJgHnRqQQJByd4eQSA4fAS83utsBfBaNDvQwVOOsD-s?width=300&height=300
07-01-2022,447.7884827,474.2962036,439.2600098,473.000061,4613172287,103,Binance Coin,BNB-USD,Crypto,Cryptocurrency,https://1drv.ms/i/c/8705623eb284e7df/IQRKpJgHnRqQQJByd4eQSA4fAS83utsBfBaNDvQwVOOsD-s?width=300&height=300
08-01-2022,430.2461548,458.4837952,419.1954651,447.8568115,4068139021,103,Binance Coin,BNB-USD,Crypto,Cryptocurrency,https://1drv.ms/i/c/8705623eb284e7df/IQRKpJgHnRqQQJByd4eQSA4fAS83utsBfBaNDvQwVOOsD-s?width=300&height=300
09-01-2022,438.8030701,444.4932556,428.239502,430.2531128,3347862691,103,Binance Coin,BNB-USD,Crypto,Cryptocurrency,https://1drv.ms/i/c/8705623eb284e7df/IQRKpJgHnRqQQJByd4eQSA4fAS83utsBfBaNDvQwVOOsD-s?width=300&height=300
10-01-2022,424.9337769,445.0361633,408.6987915,438.7856445,4156063326,103,Binance Coin,BNB-USD,Crypto,Cryptocurrency,https://1drv.ms/i/c/8705623eb284e7df/IQRKpJgHnRqQQJByd4eQSA4fAS83utsBfBaNDvQwVOOsD-s?width=300&height=300
11-01-2022,463.5183105,467.2810669,422.0009155,424.8912048,4600615710,103,Binance Coin,BNB-USD,Crypto,Cryptocurrency,https://1drv.ms/i/c/8705623eb284e7df/IQRKpJgHnRqQQJByd4eQSA4fAS83utsBfBaNDvQwVOOsD-s?width=300&height=300
12-01-2022,487.0074158,489.327301,457.1161194,463.5627441,4131335431,103,Binance Coin,BNB-USD,Crypto,Cryptocurrency,https://1drv.ms/i/c/8705623eb284e7df/IQRKpJgHnRqQQJByd4eQSA4fAS83utsBfBaNDvQwVOOsD-s?width=300&height=300
13-01-2022,475.0291138,488.2112427,467.8756104,487.042572,4151007744,103,Binance Coin,BNB-USD,Crypto,Cryptocurrency,https://1drv.ms/i/c/8705623eb284e7df/IQRKpJgHnRqQQJByd4eQSA4fAS83utsBfBaNDvQwVOOsD-s?width=300&height=300
14-01-2022,489.8674316,491.6606445,468.9396057,475.1271973,3112235914,103,Binance Coin,BNB-USD,Crypto,Cryptocurrency,https://1drv.ms/i/c/8705623eb284e7df/IQRKpJgHnRqQQJByd4eQSA4fAS83utsBfBaNDvQwVOOsD-s?width=300&height=300
15-01-2022,494.9880676,501.3111267,486.3059082,489.9179993,1766015929,103,Binance Coin,BNB-USD,Crypto,Cryptocurrency,https://1drv.ms/i/c/8705623eb284e7df/IQRKpJgHnRqQQJByd4eQSA4fAS83utsBfBaNDvQwVOOsD-s?width=300&height=300
16-01-2022,498.4279175,505.3009644,489.5021362,494.9241028,1771927950,103,Binance Coin,BNB-USD,Crypto,Cryptocurrency,https://1drv.ms/i/c/8705623eb284e7df/IQRKpJgHnRqQQJByd4eQSA4fAS83utsBfBaNDvQwVOOsD-s?width=300&height=300
17-01-2022,475.7098694,498.9439087,468.5765076,498.5061646,2134608006,103,Binance Coin,BNB-USD,Crypto,Cryptocurrency,https://1drv.ms/i/c/8705623eb284e7df/IQRKpJgHnRqQQJByd4eQSA4fAS83utsBfBaNDvQwVOOsD-s?width=300&height=300
18-01-2022,472.0050659,479.6621094,458.1524658,475.7364197,2106859289,103,Binance Coin,BNB-USD,Crypto,Cryptocurrency,https://1drv.ms/i/c/8705623eb284e7df/IQRKpJgHnRqQQJByd4eQSA4fAS83utsBfBaNDvQwVOOsD-s?width=300&height=300
19-01-2022,462.8220825,472.774292,454.758606,471.9172058,1780063381,103,Binance Coin,BNB-USD,Crypto,Cryptocurrency,https://1drv.ms/i/c/8705623eb284e7df/IQRKpJgHnRqQQJByd4eQSA4fAS83utsBfBaNDvQwVOOsD-s?width=300&height=300
20-01-2022,440.0054321,478.3539429,439.9780579,462.8569641,1881741995,103,Binance Coin,BNB-USD,Crypto,Cryptocurrency,https://1drv.ms/i/c/8705623eb284e7df/IQRKpJgHnRqQQJByd4eQSA4fAS83utsBfBaNDvQwVOOsD-s?width=300&height=300
21-01-2022,383.0739136,444.1802368,376.7701721,440.0671387,3647221590,103,Binance Coin,BNB-USD,Crypto,Cryptocurrency,https://1drv.ms/i/c/8705623eb284e7df/IQRKpJgHnRqQQJByd4eQSA4fAS83utsBfBaNDvQwVOOsD-s?width=300&height=300
22-01-2022,358.0961609,388.9119873,340.0548096,383.4745483,4226932408,103,Binance Coin,BNB-USD,Crypto,Cryptocurrency,https://1drv.ms/i/c/8705623eb284e7df/IQRKpJgHnRqQQJByd4eQSA4fAS83utsBfBaNDvQwVOOsD-s?width=300&height=300
23-01-2022,383.93396,388.5939026,357.1706543,358.3265991,2786834863,103,Binance Coin,BNB-USD,Crypto,Cryptocurrency,https://1drv.ms/i/c/8705623eb284e7df/IQRKpJgHnRqQQJByd4eQSA4fAS83utsBfBaNDvQwVOOsD-s?width=300&height=300
24-01-2022,371.3689575,384.0406189,337.8539429,384.0406189,3210871602,103,Binance Coin,BNB-USD,Crypto,Cryptocurrency,https://1drv.ms/i/c/8705623eb284e7df/IQRKpJgHnRqQQJByd4eQSA4fAS83utsBfBaNDvQwVOOsD-s?width=300&height=300
25-01-2022,384.6193542,387.1768494,358.0835571,371.3868408,2325661159,103,Binance Coin,BNB-USD,Crypto,Cryptocurrency,https://1drv.ms/i/c/8705623eb284e7df/IQRKpJgHnRqQQJByd4eQSA4fAS83utsBfBaNDvQwVOOsD-s?width=300&height=300
26-01-2022,375.7554626,400.1520691,367.5751038,384.5862427,2226973227,103,Binance Coin,BNB-USD,Crypto,Cryptocurrency,https://1drv.ms/i/c/8705623eb284e7df/IQRKpJgHnRqQQJByd4eQSA4fAS83utsBfBaNDvQwVOOsD-s?width=300&height=300
27-01-2022,390.0882874,391.8043823,360.3316956,375.5421753,1952844398,103,Binance Coin,BNB-USD,Crypto,Cryptocurrency,https://1drv.ms/i/c/8705623eb284e7df/IQRKpJgHnRqQQJByd4eQSA4fAS83utsBfBaNDvQwVOOsD-s?width=300&height=300
28-01-2022,386.0843811,393.3755798,376.7521667,390.0006714,1592850476,103,Binance Coin,BNB-USD,Crypto,Cryptocurrency,https://1drv.ms/i/c/8705623eb284e7df/IQRKpJgHnRqQQJByd4eQSA4fAS83utsBfBaNDvQwVOOsD-s?width=300&height=300
29-01-2022,389.132782,396.7722778,381.6837769,386.0657349,1330610935,103,Binance Coin,BNB-USD,Crypto,Cryptocurrency,https://1drv.ms/i/c/8705623eb284e7df/IQRKpJgHnRqQQJByd4eQSA4fAS83utsBfBaNDvQwVOOsD-s?width=300&height=300
30-01-2022,377.612915,389.2471924,373.0362854,389.2022095,1289330238,103,Binance Coin,BNB-USD,Crypto,Cryptocurrency,https://1drv.ms/i/c/8705623eb284e7df/IQRKpJgHnRqQQJByd4eQSA4fAS83utsBfBaNDvQwVOOsD-s?width=300&height=300
31-01-2022,375.2773132,384.9773865,366.11203,377.6489868,1386778184,103,Binance Coin,BNB-USD,Crypto,Cryptocurrency,https://1drv.ms/i/c/8705623eb284e7df/IQRKpJgHnRqQQJByd4eQSA4fAS83utsBfBaNDvQwVOOsD-s?width=300&height=300
01-02-2022,385.4638062,387.7675476,374.3268433,375.0991821,1392647608,103,Binance Coin,BNB-USD,Crypto,Cryptocurrency,https://1drv.ms/i/c/8705623eb284e7df/IQRKpJgHnRqQQJByd4eQSA4fAS83utsBfBaNDvQwVOOsD-s?width=300&height=300
02-02-2022,367.4716797,386.1147156,366.8953857,385.4887695,1290849744,103,Binance Coin,BNB-USD,Crypto,Cryptocurrency,https://1drv.ms/i/c/8705623eb284e7df/IQRKpJgHnRqQQJByd4eQSA4fAS83utsBfBaNDvQwVOOsD-s?width=300&height=300
03-02-2022,370.8777466,370.8777466,360.491333,367.3708496,1202744039,103,Binance Coin,BNB-USD,Crypto,Cryptocurrency,https://1drv.ms/i/c/8705623eb284e7df/IQRKpJgHnRqQQJByd4eQSA4fAS83utsBfBaNDvQwVOOsD-s?width=300&height=300
04-02-2022,399.0296021,399.2165222,369.817627,370.7108459,1711084752,103,Binance Coin,BNB-USD,Crypto,Cryptocurrency,https://1drv.ms/i/c/8705623eb284e7df/IQRKpJgHnRqQQJByd4eQSA4fAS83utsBfBaNDvQwVOOsD-s?width=300&height=300
05-02-2022,414.2000122,430.3477783,396.9337158,399.1488647,2039010962,103,Binance Coin,BNB-USD,Crypto,Cryptocurrency,https://1drv.ms/i/c/8705623eb284e7df/IQRKpJgHnRqQQJByd4eQSA4fAS83utsBfBaNDvQwVOOsD-s?width=300&height=300
06-02-2022,419.5455627,421.1134338,408.6130676,414.2172546,1427593921,103,Binance Coin,BNB-USD,Crypto,Cryptocurrency,https://1drv.ms/i/c/8705623eb284e7df/IQRKpJgHnRqQQJByd4eQSA4fAS83utsBfBaNDvQwVOOsD-s?width=300&height=300
07-02-2022,433.2292786,438.641571,414.2497253,419.6664429,1755674427,103,Binance Coin,BNB-USD,Crypto,Cryptocurrency,https://1drv.ms/i/c/8705623eb284e7df/IQRKpJgHnRqQQJByd4eQSA4fAS83utsBfBaNDvQwVOOsD-s?width=300&height=300
08-02-2022,408.7767639,444.2886047,407.1643066,433.4591064,2247004672,103,Binance Coin,BNB-USD,Crypto,Cryptocurrency,https://1drv.ms/i/c/8705623eb284e7df/IQRKpJgHnRqQQJByd4eQSA4fAS83utsBfBaNDvQwVOOsD-s?width=300&height=300
09-02-2022,422.4655457,427.3935242,407.9497986,408.5169067,1601745132,103,Binance Coin,BNB-USD,Crypto,Cryptocurrency,https://1drv.ms/i/c/8705623eb284e7df/IQRKpJgHnRqQQJByd4eQSA4fAS83utsBfBaNDvQwVOOsD-s?width=300&height=300
10-02-2022,415.1192322,434.1714478,411.2454834,422.5140381,2037888603,103,Binance Coin,BNB-USD,Crypto,Cryptocurrency,https://1drv.ms/i/c/8705623eb284e7df/IQRKpJgHnRqQQJByd4eQSA4fAS83utsBfBaNDvQwVOOsD-s?width=300&height=300
11-02-2022,400.4223938,419.2860107,393.9773254,415.1871948,1714654174,103,Binance Coin,BNB-USD,Crypto,Cryptocurrency,https://1drv.ms/i/c/8705623eb284e7df/IQRKpJgHnRqQQJByd4eQSA4fAS83utsBfBaNDvQwVOOsD-s?width=300&height=300
12-02-2022,403.38974,407.13974,394.7994995,400.4990234,1372516416,103,Binance Coin,BNB-USD,Crypto,Cryptocurrency,https://1drv.ms/i/c/8705623eb284e7df/IQRKpJgHnRqQQJByd4eQSA4fAS83utsBfBaNDvQwVOOsD-s?width=300&height=300
13-02-2022,398.8867798,406.7127686,395.6553345,403.2715759,1151509777,103,Binance Coin,BNB-USD,Crypto,Cryptocurrency,https://1drv.ms/i/c/8705623eb284e7df/IQRKpJgHnRqQQJByd4eQSA4fAS83utsBfBaNDvQwVOOsD-s?width=300&height=300
14-02-2022,403.6607971,403.9344788,391.383667,398.6431274,1269083662,103,Binance Coin,BNB-USD,Crypto,Cryptocurrency,https://1drv.ms/i/c/8705623eb284e7df/IQRKpJgHnRqQQJByd4eQSA4fAS83utsBfBaNDvQwVOOsD-s?width=300&height=300
15-02-2022,432.4093933,436.2481079,403.0949402,403.6642151,2538883559,103,Binance Coin,BNB-USD,Crypto,Cryptocurrency,https://1drv.ms/i/c/8705623eb284e7df/IQRKpJgHnRqQQJByd4eQSA4fAS83utsBfBaNDvQwVOOsD-s?width=300&height=300
16-02-2022,427.9181213,433.4287415,423.0782471,432.4919434,1670788158,103,Binance Coin,BNB-USD,Crypto,Cryptocurrency,https://1drv.ms/i/c/8705623eb284e7df/IQRKpJgHnRqQQJByd4eQSA4fAS83utsBfBaNDvQwVOOsD-s?width=300&height=300
17-02-2022,402.4500427,431.0183716,400.8066711,427.5499268,1644013199,103,Binance Coin,BNB-USD,Crypto,Cryptocurrency,https://1drv.ms/i/c/8705623eb284e7df/IQRKpJgHnRqQQJByd4eQSA4fAS83utsBfBaNDvQwVOOsD-s?width=300&height=300
18-02-2022,399.5691833,410.9429321,393.8162842,402.6498413,1554511893,103,Binance Coin,BNB-USD,Crypto,Cryptocurrency,https://1drv.ms/i/c/8705623eb284e7df/IQRKpJgHnRqQQJByd4eQSA4fAS83utsBfBaNDvQwVOOsD-s?width=300&height=300
19-02-2022,400.0435791,406.3809509,393.9336548,399.5214233,1192395484,103,Binance Coin,BNB-USD,Crypto,Cryptocurrency,https://1drv.ms/i/c/8705623eb284e7df/IQRKpJgHnRqQQJByd4eQSA4fAS83utsBfBaNDvQwVOOsD-s?width=300&height=300
20-02-2022,380.8259277,400.1314392,376.0079651,400.0033875,1431745519,103,Binance Coin,BNB-USD,Crypto,Cryptocurrency,https://1drv.ms/i/c/8705623eb284e7df/IQRKpJgHnRqQQJByd4eQSA4fAS83utsBfBaNDvQwVOOsD-s?width=300&height=300
21-02-2022,356.6612549,393.6240845,356.184967,380.7365417,2164511484,103,Binance Coin,BNB-USD,Crypto,Cryptocurrency,https://1drv.ms/i/c/8705623eb284e7df/IQRKpJgHnRqQQJByd4eQSA4fAS83utsBfBaNDvQwVOOsD-s?width=300&height=300
22-02-2022,374.3074646,374.8593445,350.147583,356.7254639,2037210077,103,Binance Coin,BNB-USD,Crypto,Cryptocurrency,https://1drv.ms/i/c/8705623eb284e7df/IQRKpJgHnRqQQJByd4eQSA4fAS83utsBfBaNDvQwVOOsD-s?width=300&height=300
23-02-2022,366.5394897,383.2476196,366.5394897,374.2992859,1644707704,103,Binance Coin,BNB-USD,Crypto,Cryptocurrency,https://1drv.ms/i/c/8705623eb284e7df/IQRKpJgHnRqQQJByd4eQSA4fAS83utsBfBaNDvQwVOOsD-s?width=300&height=300
24-02-2022,361.2346497,368.1685181,324.4836731,366.3491821,2972951900,103,Binance Coin,BNB-USD,Crypto,Cryptocurrency,https://1drv.ms/i/c/8705623eb284e7df/IQRKpJgHnRqQQJByd4eQSA4fAS83utsBfBaNDvQwVOOsD-s?width=300&height=300
25-02-2022,374.9149475,376.8026123,357.3665466,361.2160034,1839035023,103,Binance Coin,BNB-USD,Crypto,Cryptocurrency,https://1drv.ms/i/c/8705623eb284e7df/IQRKpJgHnRqQQJByd4eQSA4fAS83utsBfBaNDvQwVOOsD-s?width=300&height=300
26-02-2022,373.6387634,385.2103271,371.4750366,374.8885803,1319208551,103,Binance Coin,BNB-USD,Crypto,Cryptocurrency,https://1drv.ms/i/c/8705623eb284e7df/IQRKpJgHnRqQQJByd4eQSA4fAS83utsBfBaNDvQwVOOsD-s?width=300&height=300
27-02-2022,360.5310364,380.9590759,359.6255188,373.5999756,1600855952,103,Binance Coin,BNB-USD,Crypto,Cryptocurrency,https://1drv.ms/i/c/8705623eb284e7df/IQRKpJgHnRqQQJByd4eQSA4fAS83utsBfBaNDvQwVOOsD-s?width=300&height=300
28-02-2022,395.6124268,396.4573364,356.6175842,360.3821716,1868349380,103,Binance Coin,BNB-USD,Crypto,Cryptocurrency,https://1drv.ms/i/c/8705623eb284e7df/IQRKpJgHnRqQQJByd4eQSA4fAS83utsBfBaNDvQwVOOsD-s?width=300&height=300
01-03-2022,408.4822998,418.4899597,391.3292236,395.624115,2885318336,103,Binance Coin,BNB-USD,Crypto,Cryptocurrency,https://1drv.ms/i/c/8705623eb284e7df/IQRKpJgHnRqQQJByd4eQSA4fAS83utsBfBaNDvQwVOOsD-s?width=300&height=300
02-03-2022,409.0003052,414.9128418,404.53479,408.5185242,2045870796,103,Binance Coin,BNB-USD,Crypto,Cryptocurrency,https://1drv.ms/i/c/8705623eb284e7df/IQRKpJgHnRqQQJByd4eQSA4fAS83utsBfBaNDvQwVOOsD-s?width=300&height=300
03-03-2022,402.5506897,412.8005981,397.9063416,409.0327454,1598018507,103,Binance Coin,BNB-USD,Crypto,Cryptocurrency,https://1drv.ms/i/c/8705623eb284e7df/IQRKpJgHnRqQQJByd4eQSA4fAS83utsBfBaNDvQwVOOsD-s?width=300&height=300
04-03-2022,374.2808838,402.9167175,372.8684082,402.5751953,1740563403,103,Binance Coin,BNB-USD,Crypto,Cryptocurrency,https://1drv.ms/i/c/8705623eb284e7df/IQRKpJgHnRqQQJByd4eQSA4fAS83utsBfBaNDvQwVOOsD-s?width=300&height=300
05-03-2022,384.8733521,386.8440552,368.1757202,374.4416504,1321262776,103,Binance Coin,BNB-USD,Crypto,Cryptocurrency,https://1drv.ms/i/c/8705623eb284e7df/IQRKpJgHnRqQQJByd4eQSA4fAS83utsBfBaNDvQwVOOsD-s?width=300&height=300
06-03-2022,375.0112,387.164093,373.0179443,384.9118042,1305295273,103,Binance Coin,BNB-USD,Crypto,Cryptocurrency,https://1drv.ms/i/c/8705623eb284e7df/IQRKpJgHnRqQQJByd4eQSA4fAS83utsBfBaNDvQwVOOsD-s?width=300&height=300
07-03-2022,381.344635,384.417572,364.431366,375.0715942,2058321705,103,Binance Coin,BNB-USD,Crypto,Cryptocurrency,https://1drv.ms/i/c/8705623eb284e7df/IQRKpJgHnRqQQJByd4eQSA4fAS83utsBfBaNDvQwVOOsD-s?width=300&height=300
08-03-2022,381.9585571,387.6297913,377.7055664,381.2547607,1684540144,103,Binance Coin,BNB-USD,Crypto,Cryptocurrency,https://1drv.ms/i/c/8705623eb284e7df/IQRKpJgHnRqQQJByd4eQSA4fAS83utsBfBaNDvQwVOOsD-s?width=300&height=300
09-03-2022,393.5557556,402.0280762,381.8405457,382.0426331,2425559108,103,Binance Coin,BNB-USD,Crypto,Cryptocurrency,https://1drv.ms/i/c/8705623eb284e7df/IQRKpJgHnRqQQJByd4eQSA4fAS83utsBfBaNDvQwVOOsD-s?width=300&height=300
10-03-2022,372.1590271,394.4041138,364.0878906,393.4803772,2105808203,103,Binance Coin,BNB-USD,Crypto,Cryptocurrency,https://1drv.ms/i/c/8705623eb284e7df/IQRKpJgHnRqQQJByd4eQSA4fAS83utsBfBaNDvQwVOOsD-s?width=300&height=300
11-03-2022,372.1840515,379.5717163,365.6082764,372.1961365,1550840418,103,Binance Coin,BNB-USD,Crypto,Cryptocurrency,https://1drv.ms/i/c/8705623eb284e7df/IQRKpJgHnRqQQJByd4eQSA4fAS83utsBfBaNDvQwVOOsD-s?width=300&height=300
12-03-2022,372.7303772,379.1956482,372.1268616,372.1861877,1211417865,103,Binance Coin,BNB-USD,Crypto,Cryptocurrency,https://1drv.ms/i/c/8705623eb284e7df/IQRKpJgHnRqQQJByd4eQSA4fAS83utsBfBaNDvQwVOOsD-s?width=300&height=300
13-03-2022,361.849823,376.9284058,361.1508789,372.6088867,1242011950,103,Binance Coin,BNB-USD,Crypto,Cryptocurrency,https://1drv.ms/i/c/8705623eb284e7df/IQRKpJgHnRqQQJByd4eQSA4fAS83utsBfBaNDvQwVOOsD-s?width=300&height=300
14-03-2022,373.466156,373.6095276,360.3018494,361.8345337,1455465550,103,Binance Coin,BNB-USD,Crypto,Cryptocurrency,https://1drv.ms/i/c/8705623eb284e7df/IQRKpJgHnRqQQJByd4eQSA4fAS83utsBfBaNDvQwVOOsD-s?width=300&height=300
15-03-2022,371.6288452,374.3332825,362.6847534,373.4724121,1360640456,103,Binance Coin,BNB-USD,Crypto,Cryptocurrency,https://1drv.ms/i/c/8705623eb284e7df/IQRKpJgHnRqQQJByd4eQSA4fAS83utsBfBaNDvQwVOOsD-s?width=300&height=300
16-03-2022,385.5282288,386.3632507,368.4816589,371.5427856,1788844135,103,Binance Coin,BNB-USD,Crypto,Cryptocurrency,https://1drv.ms/i/c/8705623eb284e7df/IQRKpJgHnRqQQJByd4eQSA4fAS83utsBfBaNDvQwVOOsD-s?width=300&height=300
17-03-2022,391.8247375,392.8704224,382.1614685,385.4595642,1635657390,103,Binance Coin,BNB-USD,Crypto,Cryptocurrency,https://1drv.ms/i/c/8705623eb284e7df/IQRKpJgHnRqQQJByd4eQSA4fAS83utsBfBaNDvQwVOOsD-s?width=300&height=300
18-03-2022,397.6455078,399.9235229,384.2483215,391.7787781,1666543771,103,Binance Coin,BNB-USD,Crypto,Cryptocurrency,https://1drv.ms/i/c/8705623eb284e7df/IQRKpJgHnRqQQJByd4eQSA4fAS83utsBfBaNDvQwVOOsD-s?width=300&height=300
19-03-2022,399.8535461,406.0037231,395.4147949,397.5616455,1532550954,103,Binance Coin,BNB-USD,Crypto,Cryptocurrency,https://1drv.ms/i/c/8705623eb284e7df/IQRKpJgHnRqQQJByd4eQSA4fAS83utsBfBaNDvQwVOOsD-s?width=300&height=300
20-03-2022,390.7683716,400.6107178,386.7667236,399.9197388,1334193471,103,Binance Coin,BNB-USD,Crypto,Cryptocurrency,https://1drv.ms/i/c/8705623eb284e7df/IQRKpJgHnRqQQJByd4eQSA4fAS83utsBfBaNDvQwVOOsD-s?width=300&height=300
21-03-2022,396.4478149,398.961731,386.5613708,390.7389526,1657341491,103,Binance Coin,BNB-USD,Crypto,Cryptocurrency,https://1drv.ms/i/c/8705623eb284e7df/IQRKpJgHnRqQQJByd4eQSA4fAS83utsBfBaNDvQwVOOsD-s?width=300&height=300
22-03-2022,404.3149414,409.6425476,395.5757446,396.3555908,1795119554,103,Binance Coin,BNB-USD,Crypto,Cryptocurrency,https://1drv.ms/i/c/8705623eb284e7df/IQRKpJgHnRqQQJByd4eQSA4fAS83utsBfBaNDvQwVOOsD-s?width=300&height=300
23-03-2022,408.6097717,411.0295715,398.8558655,404.3272705,1645651129,103,Binance Coin,BNB-USD,Crypto,Cryptocurrency,https://1drv.ms/i/c/8705623eb284e7df/IQRKpJgHnRqQQJByd4eQSA4fAS83utsBfBaNDvQwVOOsD-s?width=300&height=300
24-03-2022,414.1269836,416.5054016,406.0115662,408.5542603,1831451218,103,Binance Coin,BNB-USD,Crypto,Cryptocurrency,https://1drv.ms/i/c/8705623eb284e7df/IQRKpJgHnRqQQJByd4eQSA4fAS83utsBfBaNDvQwVOOsD-s?width=300&height=300
25-03-2022,410.8111572,421.153717,406.296051,414.1482544,1678265707,103,Binance Coin,BNB-USD,Crypto,Cryptocurrency,https://1drv.ms/i/c/8705623eb284e7df/IQRKpJgHnRqQQJByd4eQSA4fAS83utsBfBaNDvQwVOOsD-s?width=300&height=300
26-03-2022,415.9197998,416.3175354,407.9812622,410.8162537,1082240527,103,Binance Coin,BNB-USD,Crypto,Cryptocurrency,https://1drv.ms/i/c/8705623eb284e7df/IQRKpJgHnRqQQJByd4eQSA4fAS83utsBfBaNDvQwVOOsD-s?width=300&height=300
27-03-2022,430.5032654,431.0255737,412.3829041,415.931366,1499505093,103,Binance Coin,BNB-USD,Crypto,Cryptocurrency,https://1drv.ms/i/c/8705623eb284e7df/IQRKpJgHnRqQQJByd4eQSA4fAS83utsBfBaNDvQwVOOsD-s?width=300&height=300
28-03-2022,430.3908691,440.7283936,428.5652161,430.546814,2128699500,103,Binance Coin,BNB-USD,Crypto,Cryptocurrency,https://1drv.ms/i/c/8705623eb284e7df/IQRKpJgHnRqQQJByd4eQSA4fAS83utsBfBaNDvQwVOOsD-s?width=300&height=300
29-03-2022,434.5056763,441.5075378,430.0748901,430.0748901,1987696098,103,Binance Coin,BNB-USD,Crypto,Cryptocurrency,https://1drv.ms/i/c/8705623eb284e7df/IQRKpJgHnRqQQJByd4eQSA4fAS83utsBfBaNDvQwVOOsD-s?width=300&height=300
30-03-2022,442.684845,448.9471741,427.6920776,434.429718,2181737151,103,Binance Coin,BNB-USD,Crypto,Cryptocurrency,https://1drv.ms/i/c/8705623eb284e7df/IQRKpJgHnRqQQJByd4eQSA4fAS83utsBfBaNDvQwVOOsD-s?width=300&height=300
31-03-2022,428.9161072,451.9610901,424.9502869,442.6588745,2632534284,103,Binance Coin,BNB-USD,Crypto,Cryptocurrency,https://1drv.ms/i/c/8705623eb284e7df/IQRKpJgHnRqQQJByd4eQSA4fAS83utsBfBaNDvQwVOOsD-s?width=300&height=300
01-04-2022,446.6042786,446.7965393,414.7493896,429.1240234,2718206274,103,Binance Coin,BNB-USD,Crypto,Cryptocurrency,https://1drv.ms/i/c/8705623eb284e7df/IQRKpJgHnRqQQJByd4eQSA4fAS83utsBfBaNDvQwVOOsD-s?width=300&height=300
02-04-2022,436.9553528,453.5584717,436.7767029,446.8442078,2272901729,103,Binance Coin,BNB-USD,Crypto,Cryptocurrency,https://1drv.ms/i/c/8705623eb284e7df/IQRKpJgHnRqQQJByd4eQSA4fAS83utsBfBaNDvQwVOOsD-s?width=300&height=300
03-04-2022,450.348877,455.2284546,432.8217163,436.8658142,2128734028,103,Binance Coin,BNB-USD,Crypto,Cryptocurrency,https://1drv.ms/i/c/8705623eb284e7df/IQRKpJgHnRqQQJByd4eQSA4fAS83utsBfBaNDvQwVOOsD-s?width=300&height=300
04-04-2022,447.5249329,450.4326172,434.178009,450.2645569,2248856403,103,Binance Coin,BNB-USD,Crypto,Cryptocurrency,https://1drv.ms/i/c/8705623eb284e7df/IQRKpJgHnRqQQJByd4eQSA4fAS83utsBfBaNDvQwVOOsD-s?width=300&height=300
05-04-2022,445.1726074,459.8055725,445.0386047,447.6300354,2268650039,103,Binance Coin,BNB-USD,Crypto,Cryptocurrency,https://1drv.ms/i/c/8705623eb284e7df/IQRKpJgHnRqQQJByd4eQSA4fAS83utsBfBaNDvQwVOOsD-s?width=300&height=300
06-04-2022,420.1463623,445.0276489,418.881134,445.0011292,2323241738,103,Binance Coin,BNB-USD,Crypto,Cryptocurrency,https://1drv.ms/i/c/8705623eb284e7df/IQRKpJgHnRqQQJByd4eQSA4fAS83utsBfBaNDvQwVOOsD-s?width=300&height=300
07-04-2022,436.7967834,438.2937012,417.6010437,420.1826477,2125042415,103,Binance Coin,BNB-USD,Crypto,Cryptocurrency,https://1drv.ms/i/c/8705623eb284e7df/IQRKpJgHnRqQQJByd4eQSA4fAS83utsBfBaNDvQwVOOsD-s?width=300&height=300
08-04-2022,421.6772461,440.6429749,419.4332886,436.9345093,1951923760,103,Binance Coin,BNB-USD,Crypto,Cryptocurrency,https://1drv.ms/i/c/8705623eb284e7df/IQRKpJgHnRqQQJByd4eQSA4fAS83utsBfBaNDvQwVOOsD-s?width=300&height=300
09-04-2022,427.1530457,428.0207825,420.2725525,421.6653442,1399108286,103,Binance Coin,BNB-USD,Crypto,Cryptocurrency,https://1drv.ms/i/c/8705623eb284e7df/IQRKpJgHnRqQQJByd4eQSA4fAS83utsBfBaNDvQwVOOsD-s?width=300&height=300
10-04-2022,418.5906677,429.3641052,418.5906677,427.1497498,1410282903,103,Binance Coin,BNB-USD,Crypto,Cryptocurrency,https://1drv.ms/i/c/8705623eb284e7df/IQRKpJgHnRqQQJByd4eQSA4fAS83utsBfBaNDvQwVOOsD-s?width=300&height=300
11-04-2022,394.0868835,419.4907837,392.1099243,418.6584473,2192782724,103,Binance Coin,BNB-USD,Crypto,Cryptocurrency,https://1drv.ms/i/c/8705623eb284e7df/IQRKpJgHnRqQQJByd4eQSA4fAS83utsBfBaNDvQwVOOsD-s?width=300&height=300
12-04-2022,413.8739319,416.6358032,393.1668091,394.2887878,2140526232,103,Binance Coin,BNB-USD,Crypto,Cryptocurrency,https://1drv.ms/i/c/8705623eb284e7df/IQRKpJgHnRqQQJByd4eQSA4fAS83utsBfBaNDvQwVOOsD-s?width=300&height=300
13-04-2022,423.1301575,424.3359375,411.0592651,413.8126526,1932053164,103,Binance Coin,BNB-USD,Crypto,Cryptocurrency,https://1drv.ms/i/c/8705623eb284e7df/IQRKpJgHnRqQQJByd4eQSA4fAS83utsBfBaNDvQwVOOsD-s?width=300&height=300
14-04-2022,414.6637268,426.8072205,412.0471191,423.0670166,1615484732,103,Binance Coin,BNB-USD,Crypto,Cryptocurrency,https://1drv.ms/i/c/8705623eb284e7df/IQRKpJgHnRqQQJByd4eQSA4fAS83utsBfBaNDvQwVOOsD-s?width=300&height=300
15-04-2022,417.2937317,419.7969666,413.2726135,414.6671143,1242920077,103,Binance Coin,BNB-USD,Crypto,Cryptocurrency,https://1drv.ms/i/c/8705623eb284e7df/IQRKpJgHnRqQQJByd4eQSA4fAS83utsBfBaNDvQwVOOsD-s?width=300&height=300
16-04-2022,417.4784546,418.6585999,411.9129028,417.2938843,1022481382,103,Binance Coin,BNB-USD,Crypto,Cryptocurrency,https://1drv.ms/i/c/8705623eb284e7df/IQRKpJgHnRqQQJByd4eQSA4fAS83utsBfBaNDvQwVOOsD-s?width=300&height=300
17-04-2022,407.3777161,417.8806763,406.1683044,417.4115295,1088306780,103,Binance Coin,BNB-USD,Crypto,Cryptocurrency,https://1drv.ms/i/c/8705623eb284e7df/IQRKpJgHnRqQQJByd4eQSA4fAS83utsBfBaNDvQwVOOsD-s?width=300&height=300
18-04-2022,416.9684143,417.9469604,397.1496582,407.4329224,1925668122,103,Binance Coin,BNB-USD,Crypto,Cryptocurrency,https://1drv.ms/i/c/8705623eb284e7df/IQRKpJgHnRqQQJByd4eQSA4fAS83utsBfBaNDvQwVOOsD-s?width=300&height=300
19-04-2022,422.3870544,424.2740173,415.0993958,417.0076599,1854452731,103,Binance Coin,BNB-USD,Crypto,Cryptocurrency,https://1drv.ms/i/c/8705623eb284e7df/IQRKpJgHnRqQQJByd4eQSA4fAS83utsBfBaNDvQwVOOsD-s?width=300&height=300
20-04-2022,418.354248,430.9751587,415.7283936,422.3642883,2035166767,103,Binance Coin,BNB-USD,Crypto,Cryptocurrency,https://1drv.ms/i/c/8705623eb284e7df/IQRKpJgHnRqQQJByd4eQSA4fAS83utsBfBaNDvQwVOOsD-s?width=300&height=300
21-04-2022,405.0214539,425.4741211,402.0796814,418.316864,2190281843,103,Binance Coin,BNB-USD,Crypto,Cryptocurrency,https://1drv.ms/i/c/8705623eb284e7df/IQRKpJgHnRqQQJByd4eQSA4fAS83utsBfBaNDvQwVOOsD-s?width=300&height=300
22-04-2022,406.9875183,413.28125,404.1090393,404.96698,1895749713,103,Binance Coin,BNB-USD,Crypto,Cryptocurrency,https://1drv.ms/i/c/8705623eb284e7df/IQRKpJgHnRqQQJByd4eQSA4fAS83utsBfBaNDvQwVOOsD-s?width=300&height=300
23-04-2022,401.6524658,407.8970642,399.2784119,406.9933472,1354484386,103,Binance Coin,BNB-USD,Crypto,Cryptocurrency,https://1drv.ms/i/c/8705623eb284e7df/IQRKpJgHnRqQQJByd4eQSA4fAS83utsBfBaNDvQwVOOsD-s?width=300&height=300
24-04-2022,399.1053772,405.4305725,398.3466187,401.5250244,1222468479,103,Binance Coin,BNB-USD,Crypto,Cryptocurrency,https://1drv.ms/i/c/8705623eb284e7df/IQRKpJgHnRqQQJByd4eQSA4fAS83utsBfBaNDvQwVOOsD-s?width=300&height=300
25-04-2022,404.3502808,404.8739014,383.1906738,399.1299133,1910707893,103,Binance Coin,BNB-USD,Crypto,Cryptocurrency,https://1drv.ms/i/c/8705623eb284e7df/IQRKpJgHnRqQQJByd4eQSA4fAS83utsBfBaNDvQwVOOsD-s?width=300&height=300
26-04-2022,385.4830627,407.0845032,382.0809937,404.2688599,1671963898,103,Binance Coin,BNB-USD,Crypto,Cryptocurrency,https://1drv.ms/i/c/8705623eb284e7df/IQRKpJgHnRqQQJByd4eQSA4fAS83utsBfBaNDvQwVOOsD-s?width=300&height=300
27-04-2022,391.4458313,394.4585266,384.0776978,385.5621643,1512587369,103,Binance Coin,BNB-USD,Crypto,Cryptocurrency,https://1drv.ms/i/c/8705623eb284e7df/IQRKpJgHnRqQQJByd4eQSA4fAS83utsBfBaNDvQwVOOsD-s?width=300&height=300
28-04-2022,406.7182007,408.2324524,388.877655,391.4386597,2116381172,103,Binance Coin,BNB-USD,Crypto,Cryptocurrency,https://1drv.ms/i/c/8705623eb284e7df/IQRKpJgHnRqQQJByd4eQSA4fAS83utsBfBaNDvQwVOOsD-s?width=300&height=300
29-04-2022,393.0621643,410.1757813,390.539978,406.6417236,1928209754,103,Binance Coin,BNB-USD,Crypto,Cryptocurrency,https://1drv.ms/i/c/8705623eb284e7df/IQRKpJgHnRqQQJByd4eQSA4fAS83utsBfBaNDvQwVOOsD-s?width=300&height=300
30-04-2022,377.7678223,399.5930786,377.7678223,392.9985352,1467605770,103,Binance Coin,BNB-USD,Crypto,Cryptocurrency,https://1drv.ms/i/c/8705623eb284e7df/IQRKpJgHnRqQQJByd4eQSA4fAS83utsBfBaNDvQwVOOsD-s?width=300&height=300
01-05-2022,390.2819824,391.0769958,377.2899475,377.7656555,1553846706,103,Binance Coin,BNB-USD,Crypto,Cryptocurrency,https://1drv.ms/i/c/8705623eb284e7df/IQRKpJgHnRqQQJByd4eQSA4fAS83utsBfBaNDvQwVOOsD-s?width=300&height=300
02-05-2022,389.6706543,392.2167053,382.7744141,390.261261,1388077917,103,Binance Coin,BNB-USD,Crypto,Cryptocurrency,https://1drv.ms/i/c/8705623eb284e7df/IQRKpJgHnRqQQJByd4eQSA4fAS83utsBfBaNDvQwVOOsD-s?width=300&height=300
03-05-2022,383.4757996,391.7547607,380.3462219,389.6341553,1295877765,103,Binance Coin,BNB-USD,Crypto,Cryptocurrency,https://1drv.ms/i/c/8705623eb284e7df/IQRKpJgHnRqQQJByd4eQSA4fAS83utsBfBaNDvQwVOOsD-s?width=300&height=300
04-05-2022,402.502655,402.8627014,383.4280396,383.483551,1714496792,103,Binance Coin,BNB-USD,Crypto,Cryptocurrency,https://1drv.ms/i/c/8705623eb284e7df/IQRKpJgHnRqQQJByd4eQSA4fAS83utsBfBaNDvQwVOOsD-s?width=300&height=300
05-05-2022,378.7736206,412.4003601,372.5527649,402.46521,2389487319,103,Binance Coin,BNB-USD,Crypto,Cryptocurrency,https://1drv.ms/i/c/8705623eb284e7df/IQRKpJgHnRqQQJByd4eQSA4fAS83utsBfBaNDvQwVOOsD-s?width=300&height=300
06-05-2022,379.3042908,382.6810913,371.9733276,378.7567444,1834770716,103,Binance Coin,BNB-USD,Crypto,Cryptocurrency,https://1drv.ms/i/c/8705623eb284e7df/IQRKpJgHnRqQQJByd4eQSA4fAS83utsBfBaNDvQwVOOsD-s?width=300&height=300
07-05-2022,365.6841125,380.3874207,361.1955872,379.2881775,1527960119,103,Binance Coin,BNB-USD,Crypto,Cryptocurrency,https://1drv.ms/i/c/8705623eb284e7df/IQRKpJgHnRqQQJByd4eQSA4fAS83utsBfBaNDvQwVOOsD-s?width=300&height=300
08-05-2022,355.3987427,366.5095825,351.1437683,365.7330017,1875845651,103,Binance Coin,BNB-USD,Crypto,Cryptocurrency,https://1drv.ms/i/c/8705623eb284e7df/IQRKpJgHnRqQQJByd4eQSA4fAS83utsBfBaNDvQwVOOsD-s?width=300&height=300
09-05-2022,299.348938,358.9507141,299.348938,355.3774109,2943374129,103,Binance Coin,BNB-USD,Crypto,Cryptocurrency,https://1drv.ms/i/c/8705623eb284e7df/IQRKpJgHnRqQQJByd4eQSA4fAS83utsBfBaNDvQwVOOsD-s?width=300&height=300
10-05-2022,319.3269653,332.4388428,290.586792,298.8207092,3210603809,103,Binance Coin,BNB-USD,Crypto,Cryptocurrency,https://1drv.ms/i/c/8705623eb284e7df/IQRKpJgHnRqQQJByd4eQSA4fAS83utsBfBaNDvQwVOOsD-s?width=300&height=300
11-05-2022,269.9627686,322.7668152,262.6204529,319.1227722,3870618668,103,Binance Coin,BNB-USD,Crypto,Cryptocurrency,https://1drv.ms/i/c/8705623eb284e7df/IQRKpJgHnRqQQJByd4eQSA4fAS83utsBfBaNDvQwVOOsD-s?width=300&height=300
12-05-2022,269.4072571,283.4751282,216.361496,269.8880005,4739990237,103,Binance Coin,BNB-USD,Crypto,Cryptocurrency,https://1drv.ms/i/c/8705623eb284e7df/IQRKpJgHnRqQQJByd4eQSA4fAS83utsBfBaNDvQwVOOsD-s?width=300&height=300
13-05-2022,290.584198,312.6887817,265.7095947,269.1427307,2774121165,103,Binance Coin,BNB-USD,Crypto,Cryptocurrency,https://1drv.ms/i/c/8705623eb284e7df/IQRKpJgHnRqQQJByd4eQSA4fAS83utsBfBaNDvQwVOOsD-s?width=300&height=300
14-05-2022,297.3876038,298.8028564,272.6511536,290.6180725,1884570404,103,Binance Coin,BNB-USD,Crypto,Cryptocurrency,https://1drv.ms/i/c/8705623eb284e7df/IQRKpJgHnRqQQJByd4eQSA4fAS83utsBfBaNDvQwVOOsD-s?width=300&height=300
15-05-2022,312.0077209,312.1765442,286.6437683,297.3973694,1611088257,103,Binance Coin,BNB-USD,Crypto,Cryptocurrency,https://1drv.ms/i/c/8705623eb284e7df/IQRKpJgHnRqQQJByd4eQSA4fAS83utsBfBaNDvQwVOOsD-s?width=300&height=300
16-05-2022,297.7101135,312.1442566,290.4618225,312.084137,1754184298,103,Binance Coin,BNB-USD,Crypto,Cryptocurrency,https://1drv.ms/i/c/8705623eb284e7df/IQRKpJgHnRqQQJByd4eQSA4fAS83utsBfBaNDvQwVOOsD-s?width=300&height=300
17-05-2022,305.9634399,310.194458,296.961792,297.6993103,1584497815,103,Binance Coin,BNB-USD,Crypto,Cryptocurrency,https://1drv.ms/i/c/8705623eb284e7df/IQRKpJgHnRqQQJByd4eQSA4fAS83utsBfBaNDvQwVOOsD-s?width=300&height=300
18-05-2022,287.4387817,307.7114563,287.4387817,305.9898682,1520090732,103,Binance Coin,BNB-USD,Crypto,Cryptocurrency,https://1drv.ms/i/c/8705623eb284e7df/IQRKpJgHnRqQQJByd4eQSA4fAS83utsBfBaNDvQwVOOsD-s?width=300&height=300
19-05-2022,306.7915649,307.9598083,287.2145996,287.45047,1646882950,103,Binance Coin,BNB-USD,Crypto,Cryptocurrency,https://1drv.ms/i/c/8705623eb284e7df/IQRKpJgHnRqQQJByd4eQSA4fAS83utsBfBaNDvQwVOOsD-s?width=300&height=300
20-05-2022,302.3592224,315.2738647,294.7608032,306.7810669,1756670714,103,Binance Coin,BNB-USD,Crypto,Cryptocurrency,https://1drv.ms/i/c/8705623eb284e7df/IQRKpJgHnRqQQJByd4eQSA4fAS83utsBfBaNDvQwVOOsD-s?width=300&height=300
21-05-2022,312.4660339,313.6601563,300.1300659,302.3659363,1318736979,103,Binance Coin,BNB-USD,Crypto,Cryptocurrency,https://1drv.ms/i/c/8705623eb284e7df/IQRKpJgHnRqQQJByd4eQSA4fAS83utsBfBaNDvQwVOOsD-s?width=300&height=300
22-05-2022,319.6090088,322.8570251,311.8273315,312.4880371,1604297406,103,Binance Coin,BNB-USD,Crypto,Cryptocurrency,https://1drv.ms/i/c/8705623eb284e7df/IQRKpJgHnRqQQJByd4eQSA4fAS83utsBfBaNDvQwVOOsD-s?width=300&height=300
23-05-2022,316.7605591,336.3075256,316.3497314,319.5171204,2228144099,103,Binance Coin,BNB-USD,Crypto,Cryptocurrency,https://1drv.ms/i/c/8705623eb284e7df/IQRKpJgHnRqQQJByd4eQSA4fAS83utsBfBaNDvQwVOOsD-s?width=300&height=300
24-05-2022,328.1893311,329.8186646,313.5509033,316.8508301,2002782969,103,Binance Coin,BNB-USD,Crypto,Cryptocurrency,https://1drv.ms/i/c/8705623eb284e7df/IQRKpJgHnRqQQJByd4eQSA4fAS83utsBfBaNDvQwVOOsD-s?width=300&height=300
25-05-2022,325.7348022,336.6660461,324.5485535,328.1956787,2008481372,103,Binance Coin,BNB-USD,Crypto,Cryptocurrency,https://1drv.ms/i/c/8705623eb284e7df/IQRKpJgHnRqQQJByd4eQSA4fAS83utsBfBaNDvQwVOOsD-s?width=300&height=300
26-05-2022,304.9639282,330.892334,298.7865906,325.7552795,2686414043,103,Binance Coin,BNB-USD,Crypto,Cryptocurrency,https://1drv.ms/i/c/8705623eb284e7df/IQRKpJgHnRqQQJByd4eQSA4fAS83utsBfBaNDvQwVOOsD-s?width=300&height=300
27-05-2022,300.9720459,308.8649292,292.1418762,304.7908325,2593113824,103,Binance Coin,BNB-USD,Crypto,Cryptocurrency,https://1drv.ms/i/c/8705623eb284e7df/IQRKpJgHnRqQQJByd4eQSA4fAS83utsBfBaNDvQwVOOsD-s?width=300&height=300
28-05-2022,307.8154297,309.2090454,297.7169189,302.4350281,1471633413,103,Binance Coin,BNB-USD,Crypto,Cryptocurrency,https://1drv.ms/i/c/8705623eb284e7df/IQRKpJgHnRqQQJByd4eQSA4fAS83utsBfBaNDvQwVOOsD-s?width=300&height=300
29-05-2022,305.9750671,307.944397,299.3061829,307.752533,1208835000,103,Binance Coin,BNB-USD,Crypto,Cryptocurrency,https://1drv.ms/i/c/8705623eb284e7df/IQRKpJgHnRqQQJByd4eQSA4fAS83utsBfBaNDvQwVOOsD-s?width=300&height=300
30-05-2022,321.7528992,323.257782,304.3365784,305.9440918,2064357375,103,Binance Coin,BNB-USD,Crypto,Cryptocurrency,https://1drv.ms/i/c/8705623eb284e7df/IQRKpJgHnRqQQJByd4eQSA4fAS83utsBfBaNDvQwVOOsD-s?width=300&height=300
31-05-2022,320.4851074,323.701355,314.2755127,321.7203064,1711532960,103,Binance Coin,BNB-USD,Crypto,Cryptocurrency,https://1drv.ms/i/c/8705623eb284e7df/IQRKpJgHnRqQQJByd4eQSA4fAS83utsBfBaNDvQwVOOsD-s?width=300&height=300
01-06-2022,300.5040588,323.8850708,297.9685974,320.4720154,1763624947,103,Binance Coin,BNB-USD,Crypto,Cryptocurrency,https://1drv.ms/i/c/8705623eb284e7df/IQRKpJgHnRqQQJByd4eQSA4fAS83utsBfBaNDvQwVOOsD-s?width=300&height=300
02-06-2022,308.1017761,309.0408936,298.6712036,300.4664612,1228180850,103,Binance Coin,BNB-USD,Crypto,Cryptocurrency,https://1drv.ms/i/c/8705623eb284e7df/IQRKpJgHnRqQQJByd4eQSA4fAS83utsBfBaNDvQwVOOsD-s?width=300&height=300
03-06-2022,298.3978882,309.85672,293.8630676,308.1941833,1115211127,103,Binance Coin,BNB-USD,Crypto,Cryptocurrency,https://1drv.ms/i/c/8705623eb284e7df/IQRKpJgHnRqQQJByd4eQSA4fAS83utsBfBaNDvQwVOOsD-s?width=300&height=300
04-06-2022,301.631134,302.6377869,295.283905,298.5028381,805954970,103,Binance Coin,BNB-USD,Crypto,Cryptocurrency,https://1drv.ms/i/c/8705623eb284e7df/IQRKpJgHnRqQQJByd4eQSA4fAS83utsBfBaNDvQwVOOsD-s?width=300&height=300
05-06-2022,298.9347229,301.9407654,295.4252625,301.5979004,779603321,103,Binance Coin,BNB-USD,Crypto,Cryptocurrency,https://1drv.ms/i/c/8705623eb284e7df/IQRKpJgHnRqQQJByd4eQSA4fAS83utsBfBaNDvQwVOOsD-s?width=300&height=300
06-06-2022,295.3960266,311.699707,289.4282837,298.9845886,1470941103,103,Binance Coin,BNB-USD,Crypto,Cryptocurrency,https://1drv.ms/i/c/8705623eb284e7df/IQRKpJgHnRqQQJByd4eQSA4fAS83utsBfBaNDvQwVOOsD-s?width=300&height=300
07-06-2022,290.3411255,295.3734131,274.4277649,295.3734131,1752763456,103,Binance Coin,BNB-USD,Crypto,Cryptocurrency,https://1drv.ms/i/c/8705623eb284e7df/IQRKpJgHnRqQQJByd4eQSA4fAS83utsBfBaNDvQwVOOsD-s?width=300&height=300
08-06-2022,288.6160889,294.0399475,284.3733215,290.2988281,1136631692,103,Binance Coin,BNB-USD,Crypto,Cryptocurrency,https://1drv.ms/i/c/8705623eb284e7df/IQRKpJgHnRqQQJByd4eQSA4fAS83utsBfBaNDvQwVOOsD-s?width=300&height=300
09-06-2022,289.9196472,292.9806519,286.4792786,288.6175537,800984464,103,Binance Coin,BNB-USD,Crypto,Cryptocurrency,https://1drv.ms/i/c/8705623eb284e7df/IQRKpJgHnRqQQJByd4eQSA4fAS83utsBfBaNDvQwVOOsD-s?width=300&height=300
10-06-2022,286.0466919,297.2312927,283.4785461,289.8885803,1362797648,103,Binance Coin,BNB-USD,Crypto,Cryptocurrency,https://1drv.ms/i/c/8705623eb284e7df/IQRKpJgHnRqQQJByd4eQSA4fAS83utsBfBaNDvQwVOOsD-s?width=300&height=300
11-06-2022,269.4869995,290.3717957,265.6297913,286.1053772,1220361307,103,Binance Coin,BNB-USD,Crypto,Cryptocurrency,https://1drv.ms/i/c/8705623eb284e7df/IQRKpJgHnRqQQJByd4eQSA4fAS83utsBfBaNDvQwVOOsD-s?width=300&height=300
12-06-2022,255.950882,271.3798828,251.9914398,269.6625671,1380200465,103,Binance Coin,BNB-USD,Crypto,Cryptocurrency,https://1drv.ms/i/c/8705623eb284e7df/IQRKpJgHnRqQQJByd4eQSA4fAS83utsBfBaNDvQwVOOsD-s?width=300&height=300
13-06-2022,222.5057831,256.8543091,214.6053009,255.6677246,2471570710,103,Binance Coin,BNB-USD,Crypto,Cryptocurrency,https://1drv.ms/i/c/8705623eb284e7df/IQRKpJgHnRqQQJByd4eQSA4fAS83utsBfBaNDvQwVOOsD-s?width=300&height=300
14-06-2022,223.2212524,230.3656311,205.3931732,222.5522003,2027226914,103,Binance Coin,BNB-USD,Crypto,Cryptocurrency,https://1drv.ms/i/c/8705623eb284e7df/IQRKpJgHnRqQQJByd4eQSA4fAS83utsBfBaNDvQwVOOsD-s?width=300&height=300
15-06-2022,233.3967133,234.0170898,199.2922211,223.1894379,2244407305,103,Binance Coin,BNB-USD,Crypto,Cryptocurrency,https://1drv.ms/i/c/8705623eb284e7df/IQRKpJgHnRqQQJByd4eQSA4fAS83utsBfBaNDvQwVOOsD-s?width=300&height=300
16-06-2022,209.5387421,236.328537,208.0655975,233.467865,1483212957,103,Binance Coin,BNB-USD,Crypto,Cryptocurrency,https://1drv.ms/i/c/8705623eb284e7df/IQRKpJgHnRqQQJByd4eQSA4fAS83utsBfBaNDvQwVOOsD-s?width=300&height=300
17-06-2022,215.8917999,221.6413422,208.1029205,209.7086792,1108538874,103,Binance Coin,BNB-USD,Crypto,Cryptocurrency,https://1drv.ms/i/c/8705623eb284e7df/IQRKpJgHnRqQQJByd4eQSA4fAS83utsBfBaNDvQwVOOsD-s?width=300&height=300
18-06-2022,197.0429993,218.5502014,184.5400543,215.8156128,1579731402,103,Binance Coin,BNB-USD,Crypto,Cryptocurrency,https://1drv.ms/i/c/8705623eb284e7df/IQRKpJgHnRqQQJByd4eQSA4fAS83utsBfBaNDvQwVOOsD-s?width=300&height=300
19-06-2022,214.9205322,216.0824738,190.1214905,196.9557953,1333254615,103,Binance Coin,BNB-USD,Crypto,Cryptocurrency,https://1drv.ms/i/c/8705623eb284e7df/IQRKpJgHnRqQQJByd4eQSA4fAS83utsBfBaNDvQwVOOsD-s?width=300&height=300
20-06-2022,216.9342651,218.0797119,205.1668243,214.8797455,1235838900,103,Binance Coin,BNB-USD,Crypto,Cryptocurrency,https://1drv.ms/i/c/8705623eb284e7df/IQRKpJgHnRqQQJByd4eQSA4fAS83utsBfBaNDvQwVOOsD-s?width=300&height=300
21-06-2022,219.4986267,227.6422119,213.5508118,216.9011078,1165714518,103,Binance Coin,BNB-USD,Crypto,Cryptocurrency,https://1drv.ms/i/c/8705623eb284e7df/IQRKpJgHnRqQQJByd4eQSA4fAS83utsBfBaNDvQwVOOsD-s?width=300&height=300
22-06-2022,214.2619171,220.5269318,211.5919342,219.6734009,1050984086,103,Binance Coin,BNB-USD,Crypto,Cryptocurrency,https://1drv.ms/i/c/8705623eb284e7df/IQRKpJgHnRqQQJByd4eQSA4fAS83utsBfBaNDvQwVOOsD-s?width=300&height=300
23-06-2022,228.9537506,229.7714233,214.2310333,214.2310333,1148541185,103,Binance Coin,BNB-USD,Crypto,Cryptocurrency,https://1drv.ms/i/c/8705623eb284e7df/IQRKpJgHnRqQQJByd4eQSA4fAS83utsBfBaNDvQwVOOsD-s?width=300&height=300
24-06-2022,240.2383118,242.8162537,228.6300354,228.9228668,1127877901,103,Binance Coin,BNB-USD,Crypto,Cryptocurrency,https://1drv.ms/i/c/8705623eb284e7df/IQRKpJgHnRqQQJByd4eQSA4fAS83utsBfBaNDvQwVOOsD-s?width=300&height=300
25-06-2022,239.6906586,241.4977264,230.4462128,240.2621765,915553554,103,Binance Coin,BNB-USD,Crypto,Cryptocurrency,https://1drv.ms/i/c/8705623eb284e7df/IQRKpJgHnRqQQJByd4eQSA4fAS83utsBfBaNDvQwVOOsD-s?width=300&height=300
26-06-2022,233.8587494,244.6654663,233.6321869,239.6125793,823875890,103,Binance Coin,BNB-USD,Crypto,Cryptocurrency,https://1drv.ms/i/c/8705623eb284e7df/IQRKpJgHnRqQQJByd4eQSA4fAS83utsBfBaNDvQwVOOsD-s?width=300&height=300
27-06-2022,233.6540222,240.6182098,230.5070801,233.8336639,841135242,103,Binance Coin,BNB-USD,Crypto,Cryptocurrency,https://1drv.ms/i/c/8705623eb284e7df/IQRKpJgHnRqQQJByd4eQSA4fAS83utsBfBaNDvQwVOOsD-s?width=300&height=300
28-06-2022,226.9273376,241.4232483,226.1501007,233.5728455,1082126615,103,Binance Coin,BNB-USD,Crypto,Cryptocurrency,https://1drv.ms/i/c/8705623eb284e7df/IQRKpJgHnRqQQJByd4eQSA4fAS83utsBfBaNDvQwVOOsD-s?width=300&height=300
29-06-2022,219.2844696,229.4347076,215.9478149,226.9046021,1062609997,103,Binance Coin,BNB-USD,Crypto,Cryptocurrency,https://1drv.ms/i/c/8705623eb284e7df/IQRKpJgHnRqQQJByd4eQSA4fAS83utsBfBaNDvQwVOOsD-s?width=300&height=300
30-06-2022,219.3000946,219.8870697,205.9266663,219.3875732,1088852065,103,Binance Coin,BNB-USD,Crypto,Cryptocurrency,https://1drv.ms/i/c/8705623eb284e7df/IQRKpJgHnRqQQJByd4eQSA4fAS83utsBfBaNDvQwVOOsD-s?width=300&height=300
01-07-2022,216.0154572,226.3796234,213.6656342,219.5289917,1234215934,103,Binance Coin,BNB-USD,Crypto,Cryptocurrency,https://1drv.ms/i/c/8705623eb284e7df/IQRKpJgHnRqQQJByd4eQSA4fAS83utsBfBaNDvQwVOOsD-s?width=300&height=300
02-07-2022,218.0352325,219.4220123,214.2104492,216.2319794,767361243,103,Binance Coin,BNB-USD,Crypto,Cryptocurrency,https://1drv.ms/i/c/8705623eb284e7df/IQRKpJgHnRqQQJByd4eQSA4fAS83utsBfBaNDvQwVOOsD-s?width=300&height=300
03-07-2022,218.9803162,219.7887115,214.4644928,218.0475769,724525676,103,Binance Coin,BNB-USD,Crypto,Cryptocurrency,https://1drv.ms/i/c/8705623eb284e7df/IQRKpJgHnRqQQJByd4eQSA4fAS83utsBfBaNDvQwVOOsD-s?width=300&height=300
04-07-2022,231.5741272,231.7682037,215.2137299,218.9786072,1039372640,103,Binance Coin,BNB-USD,Crypto,Cryptocurrency,https://1drv.ms/i/c/8705623eb284e7df/IQRKpJgHnRqQQJByd4eQSA4fAS83utsBfBaNDvQwVOOsD-s?width=300&height=300
05-07-2022,230.8463593,235.7591553,223.2283783,231.4841156,1310031377,103,Binance Coin,BNB-USD,Crypto,Cryptocurrency,https://1drv.ms/i/c/8705623eb284e7df/IQRKpJgHnRqQQJByd4eQSA4fAS83utsBfBaNDvQwVOOsD-s?width=300&height=300
06-07-2022,238.499939,239.4906006,229.2979279,230.911087,1266715664,103,Binance Coin,BNB-USD,Crypto,Cryptocurrency,https://1drv.ms/i/c/8705623eb284e7df/IQRKpJgHnRqQQJByd4eQSA4fAS83utsBfBaNDvQwVOOsD-s?width=300&height=300
07-07-2022,241.5445099,243.302887,235.4365997,238.5029602,1108137930,103,Binance Coin,BNB-USD,Crypto,Cryptocurrency,https://1drv.ms/i/c/8705623eb284e7df/IQRKpJgHnRqQQJByd4eQSA4fAS83utsBfBaNDvQwVOOsD-s?width=300&height=300
08-07-2022,240.7507172,246.6830139,237.1403961,241.5444336,1341618380,103,Binance Coin,BNB-USD,Crypto,Cryptocurrency,https://1drv.ms/i/c/8705623eb284e7df/IQRKpJgHnRqQQJByd4eQSA4fAS83utsBfBaNDvQwVOOsD-s?width=300&height=300
09-07-2022,243.2410736,244.6934662,240.6688232,240.7565765,851653424,103,Binance Coin,BNB-USD,Crypto,Cryptocurrency,https://1drv.ms/i/c/8705623eb284e7df/IQRKpJgHnRqQQJByd4eQSA4fAS83utsBfBaNDvQwVOOsD-s?width=300&height=300
10-07-2022,234.6555786,243.3271332,232.1019745,243.2509308,881096013,103,Binance Coin,BNB-USD,Crypto,Cryptocurrency,https://1drv.ms/i/c/8705623eb284e7df/IQRKpJgHnRqQQJByd4eQSA4fAS83utsBfBaNDvQwVOOsD-s?width=300&height=300
11-07-2022,225.8585052,234.6499329,225.5014191,234.5993652,1021066311,103,Binance Coin,BNB-USD,Crypto,Cryptocurrency,https://1drv.ms/i/c/8705623eb284e7df/IQRKpJgHnRqQQJByd4eQSA4fAS83utsBfBaNDvQwVOOsD-s?width=300&height=300
12-07-2022,220.4645538,228.1908417,220.4645538,225.8683929,1140033692,103,Binance Coin,BNB-USD,Crypto,Cryptocurrency,https://1drv.ms/i/c/8705623eb284e7df/IQRKpJgHnRqQQJByd4eQSA4fAS83utsBfBaNDvQwVOOsD-s?width=300&height=300
13-07-2022,230.524765,230.5387115,216.816803,220.4924164,1431776142,103,Binance Coin,BNB-USD,Crypto,Cryptocurrency,https://1drv.ms/i/c/8705623eb284e7df/IQRKpJgHnRqQQJByd4eQSA4fAS83utsBfBaNDvQwVOOsD-s?width=300&height=300
14-07-2022,238.1644745,239.6601563,227.5799103,230.5123291,1609361574,103,Binance Coin,BNB-USD,Crypto,Cryptocurrency,https://1drv.ms/i/c/8705623eb284e7df/IQRKpJgHnRqQQJByd4eQSA4fAS83utsBfBaNDvQwVOOsD-s?width=300&height=300
15-07-2022,238.5739899,241.8334198,235.6831512,238.2266235,1151260376,103,Binance Coin,BNB-USD,Crypto,Cryptocurrency,https://1drv.ms/i/c/8705623eb284e7df/IQRKpJgHnRqQQJByd4eQSA4fAS83utsBfBaNDvQwVOOsD-s?width=300&height=300
16-07-2022,249.5938721,250.7587585,234.1176758,238.5590668,1030985968,103,Binance Coin,BNB-USD,Crypto,Cryptocurrency,https://1drv.ms/i/c/8705623eb284e7df/IQRKpJgHnRqQQJByd4eQSA4fAS83utsBfBaNDvQwVOOsD-s?width=300&height=300
17-07-2022,247.8484802,255.2964935,246.9508057,249.6408081,1050861669,103,Binance Coin,BNB-USD,Crypto,Cryptocurrency,https://1drv.ms/i/c/8705623eb284e7df/IQRKpJgHnRqQQJByd4eQSA4fAS83utsBfBaNDvQwVOOsD-s?width=300&height=300
18-07-2022,264.8860474,264.8860474,247.8218231,247.8344727,1632324536,103,Binance Coin,BNB-USD,Crypto,Cryptocurrency,https://1drv.ms/i/c/8705623eb284e7df/IQRKpJgHnRqQQJByd4eQSA4fAS83utsBfBaNDvQwVOOsD-s?width=300&height=300
19-07-2022,268.8173218,274.2436523,256.6991882,264.4949341,1925805446,103,Binance Coin,BNB-USD,Crypto,Cryptocurrency,https://1drv.ms/i/c/8705623eb284e7df/IQRKpJgHnRqQQJByd4eQSA4fAS83utsBfBaNDvQwVOOsD-s?width=300&height=300
20-07-2022,258.3388062,271.7902527,256.9964905,268.7727051,1675018362,103,Binance Coin,BNB-USD,Crypto,Cryptocurrency,https://1drv.ms/i/c/8705623eb284e7df/IQRKpJgHnRqQQJByd4eQSA4fAS83utsBfBaNDvQwVOOsD-s?width=300&height=300
21-07-2022,265.4625549,265.9075317,251.5456543,258.3401184,1220055525,103,Binance Coin,BNB-USD,Crypto,Cryptocurrency,https://1drv.ms/i/c/8705623eb284e7df/IQRKpJgHnRqQQJByd4eQSA4fAS83utsBfBaNDvQwVOOsD-s?width=300&height=300
22-07-2022,262.8774414,271.1519775,261.6124573,265.4770203,1173778496,103,Binance Coin,BNB-USD,Crypto,Cryptocurrency,https://1drv.ms/i/c/8705623eb284e7df/IQRKpJgHnRqQQJByd4eQSA4fAS83utsBfBaNDvQwVOOsD-s?width=300&height=300
23-07-2022,259.4630127,271.6138611,253.2238617,262.7201538,1108172504,103,Binance Coin,BNB-USD,Crypto,Cryptocurrency,https://1drv.ms/i/c/8705623eb284e7df/IQRKpJgHnRqQQJByd4eQSA4fAS83utsBfBaNDvQwVOOsD-s?width=300&height=300
24-07-2022,261.8648682,265.8866882,257.4329529,259.473877,913146574,103,Binance Coin,BNB-USD,Crypto,Cryptocurrency,https://1drv.ms/i/c/8705623eb284e7df/IQRKpJgHnRqQQJByd4eQSA4fAS83utsBfBaNDvQwVOOsD-s?width=300&height=300
25-07-2022,245.1484985,262.4361267,245.1484985,261.8410034,1005244476,103,Binance Coin,BNB-USD,Crypto,Cryptocurrency,https://1drv.ms/i/c/8705623eb284e7df/IQRKpJgHnRqQQJByd4eQSA4fAS83utsBfBaNDvQwVOOsD-s?width=300&height=300
26-07-2022,248.958374,248.958374,240.1132965,245.1236725,926779355,103,Binance Coin,BNB-USD,Crypto,Cryptocurrency,https://1drv.ms/i/c/8705623eb284e7df/IQRKpJgHnRqQQJByd4eQSA4fAS83utsBfBaNDvQwVOOsD-s?width=300&height=300
27-07-2022,271.504364,271.504364,247.8041077,249.0158081,1405510237,103,Binance Coin,BNB-USD,Crypto,Cryptocurrency,https://1drv.ms/i/c/8705623eb284e7df/IQRKpJgHnRqQQJByd4eQSA4fAS83utsBfBaNDvQwVOOsD-s?width=300&height=300
28-07-2022,277.2939148,280.1273804,264.7391052,271.5153503,1648592412,103,Binance Coin,BNB-USD,Crypto,Cryptocurrency,https://1drv.ms/i/c/8705623eb284e7df/IQRKpJgHnRqQQJByd4eQSA4fAS83utsBfBaNDvQwVOOsD-s?width=300&height=300
29-07-2022,293.9533386,301.2096863,275.3043518,277.3141174,2562325488,103,Binance Coin,BNB-USD,Crypto,Cryptocurrency,https://1drv.ms/i/c/8705623eb284e7df/IQRKpJgHnRqQQJByd4eQSA4fAS83utsBfBaNDvQwVOOsD-s?width=300&height=300
30-07-2022,287.5361328,299.7239685,285.4088135,293.9151001,1578905327,103,Binance Coin,BNB-USD,Crypto,Cryptocurrency,https://1drv.ms/i/c/8705623eb284e7df/IQRKpJgHnRqQQJByd4eQSA4fAS83utsBfBaNDvQwVOOsD-s?width=300&height=300
31-07-2022,283.5794678,296.2102051,282.609314,287.57724,1313531523,103,Binance Coin,BNB-USD,Crypto,Cryptocurrency,https://1drv.ms/i/c/8705623eb284e7df/IQRKpJgHnRqQQJByd4eQSA4fAS83utsBfBaNDvQwVOOsD-s?width=300&height=300
01-08-2022,283.5394897,290.0847778,278.3435364,283.6294861,1314157614,103,Binance Coin,BNB-USD,Crypto,Cryptocurrency,https://1drv.ms/i/c/8705623eb284e7df/IQRKpJgHnRqQQJByd4eQSA4fAS83utsBfBaNDvQwVOOsD-s?width=300&height=300
02-08-2022,283.8209839,290.5367737,274.8204651,283.4763489,1768344106,103,Binance Coin,BNB-USD,Crypto,Cryptocurrency,https://1drv.ms/i/c/8705623eb284e7df/IQRKpJgHnRqQQJByd4eQSA4fAS83utsBfBaNDvQwVOOsD-s?width=300&height=300
03-08-2022,298.356781,305.1868591,278.8118286,283.8738403,2133584480,103,Binance Coin,BNB-USD,Crypto,Cryptocurrency,https://1drv.ms/i/c/8705623eb284e7df/IQRKpJgHnRqQQJByd4eQSA4fAS83utsBfBaNDvQwVOOsD-s?width=300&height=300
04-08-2022,310.7060547,312.7481079,297.4320374,298.3701172,1926587001,103,Binance Coin,BNB-USD,Crypto,Cryptocurrency,https://1drv.ms/i/c/8705623eb284e7df/IQRKpJgHnRqQQJByd4eQSA4fAS83utsBfBaNDvQwVOOsD-s?width=300&height=300
05-08-2022,315.1855469,320.956604,308.6068115,310.6936035,1585061398,103,Binance Coin,BNB-USD,Crypto,Cryptocurrency,https://1drv.ms/i/c/8705623eb284e7df/IQRKpJgHnRqQQJByd4eQSA4fAS83utsBfBaNDvQwVOOsD-s?width=300&height=300
06-08-2022,315.0689087,321.8396912,313.7336426,315.196991,1151509385,103,Binance Coin,BNB-USD,Crypto,Cryptocurrency,https://1drv.ms/i/c/8705623eb284e7df/IQRKpJgHnRqQQJByd4eQSA4fAS83utsBfBaNDvQwVOOsD-s?width=300&height=300
07-08-2022,322.9211426,325.1716614,309.0248718,315.1231079,1012978419,103,Binance Coin,BNB-USD,Crypto,Cryptocurrency,https://1drv.ms/i/c/8705623eb284e7df/IQRKpJgHnRqQQJByd4eQSA4fAS83utsBfBaNDvQwVOOsD-s?width=300&height=300
08-08-2022,324.800415,332.8811035,322.5393677,322.9548035,1318773332,103,Binance Coin,BNB-USD,Crypto,Cryptocurrency,https://1drv.ms/i/c/8705623eb284e7df/IQRKpJgHnRqQQJByd4eQSA4fAS83utsBfBaNDvQwVOOsD-s?width=300&height=300
09-08-2022,324.912323,327.82547,313.4969177,324.8363647,1139003043,103,Binance Coin,BNB-USD,Crypto,Cryptocurrency,https://1drv.ms/i/c/8705623eb284e7df/IQRKpJgHnRqQQJByd4eQSA4fAS83utsBfBaNDvQwVOOsD-s?width=300&height=300
10-08-2022,328.4711609,336.2836914,314.4125977,324.8590393,1738218767,103,Binance Coin,BNB-USD,Crypto,Cryptocurrency,https://1drv.ms/i/c/8705623eb284e7df/IQRKpJgHnRqQQJByd4eQSA4fAS83utsBfBaNDvQwVOOsD-s?width=300&height=300
11-08-2022,323.8002319,334.097229,322.3075562,328.4602051,1511577808,103,Binance Coin,BNB-USD,Crypto,Cryptocurrency,https://1drv.ms/i/c/8705623eb284e7df/IQRKpJgHnRqQQJByd4eQSA4fAS83utsBfBaNDvQwVOOsD-s?width=300&height=300
12-08-2022,327.514679,327.514679,318.2651672,323.7721252,980643843,103,Binance Coin,BNB-USD,Crypto,Cryptocurrency,https://1drv.ms/i/c/8705623eb284e7df/IQRKpJgHnRqQQJByd4eQSA4fAS83utsBfBaNDvQwVOOsD-s?width=300&height=300
13-08-2022,323.8701477,332.5167542,323.4788818,327.5741577,991712327,103,Binance Coin,BNB-USD,Crypto,Cryptocurrency,https://1drv.ms/i/c/8705623eb284e7df/IQRKpJgHnRqQQJByd4eQSA4fAS83utsBfBaNDvQwVOOsD-s?width=300&height=300
14-08-2022,317.9866333,330.8052979,316.6592712,323.9740906,936178150,103,Binance Coin,BNB-USD,Crypto,Cryptocurrency,https://1drv.ms/i/c/8705623eb284e7df/IQRKpJgHnRqQQJByd4eQSA4fAS83utsBfBaNDvQwVOOsD-s?width=300&height=300
15-08-2022,319.8872986,326.8336487,314.8580933,318.0324707,1141553086,103,Binance Coin,BNB-USD,Crypto,Cryptocurrency,https://1drv.ms/i/c/8705623eb284e7df/IQRKpJgHnRqQQJByd4eQSA4fAS83utsBfBaNDvQwVOOsD-s?width=300&height=300
16-08-2022,316.4236755,322.1582947,312.8060608,319.7127686,963072351,103,Binance Coin,BNB-USD,Crypto,Cryptocurrency,https://1drv.ms/i/c/8705623eb284e7df/IQRKpJgHnRqQQJByd4eQSA4fAS83utsBfBaNDvQwVOOsD-s?width=300&height=300
17-08-2022,306.6364136,323.2359924,305.3348999,316.4016113,1111784114,103,Binance Coin,BNB-USD,Crypto,Cryptocurrency,https://1drv.ms/i/c/8705623eb284e7df/IQRKpJgHnRqQQJByd4eQSA4fAS83utsBfBaNDvQwVOOsD-s?width=300&height=300
18-08-2022,298.1412354,310.1879578,297.0264282,306.7964783,1041814513,103,Binance Coin,BNB-USD,Crypto,Cryptocurrency,https://1drv.ms/i/c/8705623eb284e7df/IQRKpJgHnRqQQJByd4eQSA4fAS83utsBfBaNDvQwVOOsD-s?width=300&height=300
19-08-2022,279.7187195,298.1907043,278.5794373,298.152771,1598319492,103,Binance Coin,BNB-USD,Crypto,Cryptocurrency,https://1drv.ms/i/c/8705623eb284e7df/IQRKpJgHnRqQQJByd4eQSA4fAS83utsBfBaNDvQwVOOsD-s?width=300&height=300
20-08-2022,283.6931458,288.9055176,278.3320618,279.6201172,1315367730,103,Binance Coin,BNB-USD,Crypto,Cryptocurrency,https://1drv.ms/i/c/8705623eb284e7df/IQRKpJgHnRqQQJByd4eQSA4fAS83utsBfBaNDvQwVOOsD-s?width=300&height=300
21-08-2022,302.0562744,303.6579285,283.6390991,283.6390991,1249205607,103,Binance Coin,BNB-USD,Crypto,Cryptocurrency,https://1drv.ms/i/c/8705623eb284e7df/IQRKpJgHnRqQQJByd4eQSA4fAS83utsBfBaNDvQwVOOsD-s?width=300&height=300
22-08-2022,300.5591125,303.8237915,289.3067017,302.0341797,1463703478,103,Binance Coin,BNB-USD,Crypto,Cryptocurrency,https://1drv.ms/i/c/8705623eb284e7df/IQRKpJgHnRqQQJByd4eQSA4fAS83utsBfBaNDvQwVOOsD-s?width=300&height=300
23-08-2022,299.0299377,301.1950073,294.3196716,300.5709229,1034959891,103,Binance Coin,BNB-USD,Crypto,Cryptocurrency,https://1drv.ms/i/c/8705623eb284e7df/IQRKpJgHnRqQQJByd4eQSA4fAS83utsBfBaNDvQwVOOsD-s?width=300&height=300
24-08-2022,296.4496765,299.9586792,294.7120361,299.0151062,935405757,103,Binance Coin,BNB-USD,Crypto,Cryptocurrency,https://1drv.ms/i/c/8705623eb284e7df/IQRKpJgHnRqQQJByd4eQSA4fAS83utsBfBaNDvQwVOOsD-s?width=300&height=300
25-08-2022,301.5836487,306.1381531,296.2020874,296.4873047,973529233,103,Binance Coin,BNB-USD,Crypto,Cryptocurrency,https://1drv.ms/i/c/8705623eb284e7df/IQRKpJgHnRqQQJByd4eQSA4fAS83utsBfBaNDvQwVOOsD-s?width=300&height=300
26-08-2022,279.598175,301.5559998,277.8516541,301.5559998,1210077085,103,Binance Coin,BNB-USD,Crypto,Cryptocurrency,https://1drv.ms/i/c/8705623eb284e7df/IQRKpJgHnRqQQJByd4eQSA4fAS83utsBfBaNDvQwVOOsD-s?width=300&height=300
27-08-2022,277.8015747,283.8500977,274.5443726,279.5718384,962669292,103,Binance Coin,BNB-USD,Crypto,Cryptocurrency,https://1drv.ms/i/c/8705623eb284e7df/IQRKpJgHnRqQQJByd4eQSA4fAS83utsBfBaNDvQwVOOsD-s?width=300&height=300
28-08-2022,276.250885,283.6283264,276.250885,277.8034363,758285305,103,Binance Coin,BNB-USD,Crypto,Cryptocurrency,https://1drv.ms/i/c/8705623eb284e7df/IQRKpJgHnRqQQJByd4eQSA4fAS83utsBfBaNDvQwVOOsD-s?width=300&height=300
29-08-2022,286.221405,286.3310242,272.8059692,276.2806091,1009161525,103,Binance Coin,BNB-USD,Crypto,Cryptocurrency,https://1drv.ms/i/c/8705623eb284e7df/IQRKpJgHnRqQQJByd4eQSA4fAS83utsBfBaNDvQwVOOsD-s?width=300&height=300
30-08-2022,281.425354,291.6630859,277.0744629,286.215271,979620743,103,Binance Coin,BNB-USD,Crypto,Cryptocurrency,https://1drv.ms/i/c/8705623eb284e7df/IQRKpJgHnRqQQJByd4eQSA4fAS83utsBfBaNDvQwVOOsD-s?width=300&height=300
31-08-2022,279.2380981,289.7711182,278.0787964,281.4564819,952486877,103,Binance Coin,BNB-USD,Crypto,Cryptocurrency,https://1drv.ms/i/c/8705623eb284e7df/IQRKpJgHnRqQQJByd4eQSA4fAS83utsBfBaNDvQwVOOsD-s?width=300&height=300
01-09-2022,278.4172363,280.2213135,271.4728088,279.2513428,954919263,103,Binance Coin,BNB-USD,Crypto,Cryptocurrency,https://1drv.ms/i/c/8705623eb284e7df/IQRKpJgHnRqQQJByd4eQSA4fAS83utsBfBaNDvQwVOOsD-s?width=300&height=300
02-09-2022,277.4161072,282.9059143,274.487915,278.38797,807053745,103,Binance Coin,BNB-USD,Crypto,Cryptocurrency,https://1drv.ms/i/c/8705623eb284e7df/IQRKpJgHnRqQQJByd4eQSA4fAS83utsBfBaNDvQwVOOsD-s?width=300&height=300
03-09-2022,277.7755737,278.4322815,274.7754517,277.4311218,490102253,103,Binance Coin,BNB-USD,Crypto,Cryptocurrency,https://1drv.ms/i/c/8705623eb284e7df/IQRKpJgHnRqQQJByd4eQSA4fAS83utsBfBaNDvQwVOOsD-s?width=300&height=300
04-09-2022,278.8418579,279.8131409,275.4532166,277.7819214,512014471,103,Binance Coin,BNB-USD,Crypto,Cryptocurrency,https://1drv.ms/i/c/8705623eb284e7df/IQRKpJgHnRqQQJByd4eQSA4fAS83utsBfBaNDvQwVOOsD-s?width=300&height=300
05-09-2022,276.6859131,280.6126404,273.7195129,278.8544922,665273781,103,Binance Coin,BNB-USD,Crypto,Cryptocurrency,https://1drv.ms/i/c/8705623eb284e7df/IQRKpJgHnRqQQJByd4eQSA4fAS83utsBfBaNDvQwVOOsD-s?width=300&height=300
06-09-2022,262.668396,285.7541809,262.5975647,276.7518616,1173656468,103,Binance Coin,BNB-USD,Crypto,Cryptocurrency,https://1drv.ms/i/c/8705623eb284e7df/IQRKpJgHnRqQQJByd4eQSA4fAS83utsBfBaNDvQwVOOsD-s?width=300&height=300
07-09-2022,278.761322,279.763855,259.9939575,262.6126404,963734560,103,Binance Coin,BNB-USD,Crypto,Cryptocurrency,https://1drv.ms/i/c/8705623eb284e7df/IQRKpJgHnRqQQJByd4eQSA4fAS83utsBfBaNDvQwVOOsD-s?width=300&height=300
08-09-2022,280.5774841,282.063324,276.0489197,278.7602234,870477242,103,Binance Coin,BNB-USD,Crypto,Cryptocurrency,https://1drv.ms/i/c/8705623eb284e7df/IQRKpJgHnRqQQJByd4eQSA4fAS83utsBfBaNDvQwVOOsD-s?width=300&height=300
09-09-2022,293.407135,294.9559326,280.2208252,280.5370178,1139680146,103,Binance Coin,BNB-USD,Crypto,Cryptocurrency,https://1drv.ms/i/c/8705623eb284e7df/IQRKpJgHnRqQQJByd4eQSA4fAS83utsBfBaNDvQwVOOsD-s?width=300&height=300
10-09-2022,296.9690552,298.441864,291.2474976,293.3950806,851195253,103,Binance Coin,BNB-USD,Crypto,Cryptocurrency,https://1drv.ms/i/c/8705623eb284e7df/IQRKpJgHnRqQQJByd4eQSA4fAS83utsBfBaNDvQwVOOsD-s?width=300&height=300
11-09-2022,295.1618652,297.8752136,291.3034973,296.9197388,700835025,103,Binance Coin,BNB-USD,Crypto,Cryptocurrency,https://1drv.ms/i/c/8705623eb284e7df/IQRKpJgHnRqQQJByd4eQSA4fAS83utsBfBaNDvQwVOOsD-s?width=300&height=300
12-09-2022,293.6587219,299.1763,291.1506958,295.1741028,998624528,103,Binance Coin,BNB-USD,Crypto,Cryptocurrency,https://1drv.ms/i/c/8705623eb284e7df/IQRKpJgHnRqQQJByd4eQSA4fAS83utsBfBaNDvQwVOOsD-s?width=300&height=300
13-09-2022,277.5769348,297.6877136,275.9689636,293.649231,1136956066,103,Binance Coin,BNB-USD,Crypto,Cryptocurrency,https://1drv.ms/i/c/8705623eb284e7df/IQRKpJgHnRqQQJByd4eQSA4fAS83utsBfBaNDvQwVOOsD-s?width=300&height=300
14-09-2022,279.3858643,282.1502686,274.8305664,277.4132996,956413768,103,Binance Coin,BNB-USD,Crypto,Cryptocurrency,https://1drv.ms/i/c/8705623eb284e7df/IQRKpJgHnRqQQJByd4eQSA4fAS83utsBfBaNDvQwVOOsD-s?width=300&height=300
15-09-2022,270.8068848,280.2467957,268.0102234,279.3830566,1080164338,103,Binance Coin,BNB-USD,Crypto,Cryptocurrency,https://1drv.ms/i/c/8705623eb284e7df/IQRKpJgHnRqQQJByd4eQSA4fAS83utsBfBaNDvQwVOOsD-s?width=300&height=300
16-09-2022,274.6545715,276.2632446,269.1295166,270.8122559,803452434,103,Binance Coin,BNB-USD,Crypto,Cryptocurrency,https://1drv.ms/i/c/8705623eb284e7df/IQRKpJgHnRqQQJByd4eQSA4fAS83utsBfBaNDvQwVOOsD-s?width=300&height=300
17-09-2022,279.2493286,279.5317078,274.730011,274.730011,560951664,103,Binance Coin,BNB-USD,Crypto,Cryptocurrency,https://1drv.ms/i/c/8705623eb284e7df/IQRKpJgHnRqQQJByd4eQSA4fAS83utsBfBaNDvQwVOOsD-s?width=300&height=300
18-09-2022,266.3131714,279.6207581,264.7436523,279.2207336,789437105,103,Binance Coin,BNB-USD,Crypto,Cryptocurrency,https://1drv.ms/i/c/8705623eb284e7df/IQRKpJgHnRqQQJByd4eQSA4fAS83utsBfBaNDvQwVOOsD-s?width=300&height=300
19-09-2022,272.0698242,272.6191101,257.1868286,266.2519226,1074224923,103,Binance Coin,BNB-USD,Crypto,Cryptocurrency,https://1drv.ms/i/c/8705623eb284e7df/IQRKpJgHnRqQQJByd4eQSA4fAS83utsBfBaNDvQwVOOsD-s?width=300&height=300
20-09-2022,266.3695984,273.203125,265.6932068,272.1305542,845702947,103,Binance Coin,BNB-USD,Crypto,Cryptocurrency,https://1drv.ms/i/c/8705623eb284e7df/IQRKpJgHnRqQQJByd4eQSA4fAS83utsBfBaNDvQwVOOsD-s?width=300&height=300
21-09-2022,264.7920837,275.8335571,261.275177,266.3947449,1057177278,103,Binance Coin,BNB-USD,Crypto,Cryptocurrency,https://1drv.ms/i/c/8705623eb284e7df/IQRKpJgHnRqQQJByd4eQSA4fAS83utsBfBaNDvQwVOOsD-s?width=300&height=300
22-09-2022,275.5002747,275.9076538,264.0281067,264.6077576,843345381,103,Binance Coin,BNB-USD,Crypto,Cryptocurrency,https://1drv.ms/i/c/8705623eb284e7df/IQRKpJgHnRqQQJByd4eQSA4fAS83utsBfBaNDvQwVOOsD-s?width=300&height=300
23-09-2022,276.6262512,277.3817139,269.6694641,275.4934998,869618433,103,Binance Coin,BNB-USD,Crypto,Cryptocurrency,https://1drv.ms/i/c/8705623eb284e7df/IQRKpJgHnRqQQJByd4eQSA4fAS83utsBfBaNDvQwVOOsD-s?width=300&height=300
24-09-2022,275.135376,284.6324463,275.135376,276.6270447,818302597,103,Binance Coin,BNB-USD,Crypto,Cryptocurrency,https://1drv.ms/i/c/8705623eb284e7df/IQRKpJgHnRqQQJByd4eQSA4fAS83utsBfBaNDvQwVOOsD-s?width=300&height=300
25-09-2022,274.0612488,279.2016907,271.6731262,275.1043396,640533920,103,Binance Coin,BNB-USD,Crypto,Cryptocurrency,https://1drv.ms/i/c/8705623eb284e7df/IQRKpJgHnRqQQJByd4eQSA4fAS83utsBfBaNDvQwVOOsD-s?width=300&height=300
26-09-2022,275.9278564,276.446991,271.188324,274.1417847,716989161,103,Binance Coin,BNB-USD,Crypto,Cryptocurrency,https://1drv.ms/i/c/8705623eb284e7df/IQRKpJgHnRqQQJByd4eQSA4fAS83utsBfBaNDvQwVOOsD-s?width=300&height=300
27-09-2022,272.4015503,286.0679932,270.8220825,275.9259644,927431127,103,Binance Coin,BNB-USD,Crypto,Cryptocurrency,https://1drv.ms/i/c/8705623eb284e7df/IQRKpJgHnRqQQJByd4eQSA4fAS83utsBfBaNDvQwVOOsD-s?width=300&height=300
28-09-2022,281.7812195,283.3424377,266.9765625,272.3344421,857467325,103,Binance Coin,BNB-USD,Crypto,Cryptocurrency,https://1drv.ms/i/c/8705623eb284e7df/IQRKpJgHnRqQQJByd4eQSA4fAS83utsBfBaNDvQwVOOsD-s?width=300&height=300
29-09-2022,283.789032,285.2337646,277.5006409,281.7666626,800888080,103,Binance Coin,BNB-USD,Crypto,Cryptocurrency,https://1drv.ms/i/c/8705623eb284e7df/IQRKpJgHnRqQQJByd4eQSA4fAS83utsBfBaNDvQwVOOsD-s?width=300&height=300
30-09-2022,284.1922913,289.5371094,280.8930054,283.8342896,905481572,103,Binance Coin,BNB-USD,Crypto,Cryptocurrency,https://1drv.ms/i/c/8705623eb284e7df/IQRKpJgHnRqQQJByd4eQSA4fAS83utsBfBaNDvQwVOOsD-s?width=300&height=300
01-10-2022,282.8719177,285.1928711,278.3609009,284.273407,593375648,103,Binance Coin,BNB-USD,Crypto,Cryptocurrency,https://1drv.ms/i/c/8705623eb284e7df/IQRKpJgHnRqQQJByd4eQSA4fAS83utsBfBaNDvQwVOOsD-s?width=300&height=300
02-10-2022,284.4331055,287.3795166,279.9544373,282.89505,556343468,103,Binance Coin,BNB-USD,Crypto,Cryptocurrency,https://1drv.ms/i/c/8705623eb284e7df/IQRKpJgHnRqQQJByd4eQSA4fAS83utsBfBaNDvQwVOOsD-s?width=300&height=300
03-10-2022,287.0319824,288.6329041,283.8986511,284.4148865,700566674,103,Binance Coin,BNB-USD,Crypto,Cryptocurrency,https://1drv.ms/i/c/8705623eb284e7df/IQRKpJgHnRqQQJByd4eQSA4fAS83utsBfBaNDvQwVOOsD-s?width=300&height=300
04-10-2022,296.2984619,297.9946594,286.5289612,287.0241699,794566055,103,Binance Coin,BNB-USD,Crypto,Cryptocurrency,https://1drv.ms/i/c/8705623eb284e7df/IQRKpJgHnRqQQJByd4eQSA4fAS83utsBfBaNDvQwVOOsD-s?width=300&height=300
05-10-2022,294.1376648,296.3330688,289.9037476,296.2894592,656837388,103,Binance Coin,BNB-USD,Crypto,Cryptocurrency,https://1drv.ms/i/c/8705623eb284e7df/IQRKpJgHnRqQQJByd4eQSA4fAS83utsBfBaNDvQwVOOsD-s?width=300&height=300
06-10-2022,286.6341553,297.6993713,279.8035583,294.1552734,1010110227,103,Binance Coin,BNB-USD,Crypto,Cryptocurrency,https://1drv.ms/i/c/8705623eb284e7df/IQRKpJgHnRqQQJByd4eQSA4fAS83utsBfBaNDvQwVOOsD-s?width=300&height=300
07-10-2022,283.1826782,286.9586182,280.1914673,286.7719421,952606066,103,Binance Coin,BNB-USD,Crypto,Cryptocurrency,https://1drv.ms/i/c/8705623eb284e7df/IQRKpJgHnRqQQJByd4eQSA4fAS83utsBfBaNDvQwVOOsD-s?width=300&height=300
08-10-2022,276.469574,282.9942017,276.0498657,282.9942017,604706997,103,Binance Coin,BNB-USD,Crypto,Cryptocurrency,https://1drv.ms/i/c/8705623eb284e7df/IQRKpJgHnRqQQJByd4eQSA4fAS83utsBfBaNDvQwVOOsD-s?width=300&height=300
09-10-2022,278.2380676,279.2800293,275.4630432,276.4495544,570350814,103,Binance Coin,BNB-USD,Crypto,Cryptocurrency,https://1drv.ms/i/c/8705623eb284e7df/IQRKpJgHnRqQQJByd4eQSA4fAS83utsBfBaNDvQwVOOsD-s?width=300&height=300
10-10-2022,271.8060608,279.0643005,271.8060608,278.2445679,655201928,103,Binance Coin,BNB-USD,Crypto,Cryptocurrency,https://1drv.ms/i/c/8705623eb284e7df/IQRKpJgHnRqQQJByd4eQSA4fAS83utsBfBaNDvQwVOOsD-s?width=300&height=300
11-10-2022,271.3713989,273.6628418,268.4468384,271.7315369,584301468,103,Binance Coin,BNB-USD,Crypto,Cryptocurrency,https://1drv.ms/i/c/8705623eb284e7df/IQRKpJgHnRqQQJByd4eQSA4fAS83utsBfBaNDvQwVOOsD-s?width=300&height=300
12-10-2022,270.9710083,272.7352295,269.6601563,271.4066162,546926291,103,Binance Coin,BNB-USD,Crypto,Cryptocurrency,https://1drv.ms/i/c/8705623eb284e7df/IQRKpJgHnRqQQJByd4eQSA4fAS83utsBfBaNDvQwVOOsD-s?width=300&height=300
13-10-2022,271.8514099,273.4926453,257.9745178,270.9587097,1124480167,103,Binance Coin,BNB-USD,Crypto,Cryptocurrency,https://1drv.ms/i/c/8705623eb284e7df/IQRKpJgHnRqQQJByd4eQSA4fAS83utsBfBaNDvQwVOOsD-s?width=300&height=300
14-10-2022,269.5671692,276.5288696,268.3430176,271.8459167,809144930,103,Binance Coin,BNB-USD,Crypto,Cryptocurrency,https://1drv.ms/i/c/8705623eb284e7df/IQRKpJgHnRqQQJByd4eQSA4fAS83utsBfBaNDvQwVOOsD-s?width=300&height=300
15-10-2022,268.4040833,271.364502,267.8848267,269.559021,491674298,103,Binance Coin,BNB-USD,Crypto,Cryptocurrency,https://1drv.ms/i/c/8705623eb284e7df/IQRKpJgHnRqQQJByd4eQSA4fAS83utsBfBaNDvQwVOOsD-s?width=300&height=300
16-10-2022,272.5199585,273.743042,268.3623047,268.4115906,563344666,103,Binance Coin,BNB-USD,Crypto,Cryptocurrency,https://1drv.ms/i/c/8705623eb284e7df/IQRKpJgHnRqQQJByd4eQSA4fAS83utsBfBaNDvQwVOOsD-s?width=300&height=300
17-10-2022,275.5125732,275.8415222,270.4273376,272.5019226,594844795,103,Binance Coin,BNB-USD,Crypto,Cryptocurrency,https://1drv.ms/i/c/8705623eb284e7df/IQRKpJgHnRqQQJByd4eQSA4fAS83utsBfBaNDvQwVOOsD-s?width=300&height=300
18-10-2022,273.2145691,275.8152466,270.5332031,275.5345154,599934776,103,Binance Coin,BNB-USD,Crypto,Cryptocurrency,https://1drv.ms/i/c/8705623eb284e7df/IQRKpJgHnRqQQJByd4eQSA4fAS83utsBfBaNDvQwVOOsD-s?width=300&height=300
19-10-2022,271.9813538,273.6477051,270.6843567,273.2234497,497761035,103,Binance Coin,BNB-USD,Crypto,Cryptocurrency,https://1drv.ms/i/c/8705623eb284e7df/IQRKpJgHnRqQQJByd4eQSA4fAS83utsBfBaNDvQwVOOsD-s?width=300&height=300
20-10-2022,269.2712708,273.2851563,267.8604736,271.9537354,539795617,103,Binance Coin,BNB-USD,Crypto,Cryptocurrency,https://1drv.ms/i/c/8705623eb284e7df/IQRKpJgHnRqQQJByd4eQSA4fAS83utsBfBaNDvQwVOOsD-s?width=300&height=300
21-10-2022,270.0384216,271.0479126,264.5229797,269.2449036,593811687,103,Binance Coin,BNB-USD,Crypto,Cryptocurrency,https://1drv.ms/i/c/8705623eb284e7df/IQRKpJgHnRqQQJByd4eQSA4fAS83utsBfBaNDvQwVOOsD-s?width=300&height=300
22-10-2022,270.4794922,271.0074158,268.5668945,270.0330811,391459296,103,Binance Coin,BNB-USD,Crypto,Cryptocurrency,https://1drv.ms/i/c/8705623eb284e7df/IQRKpJgHnRqQQJByd4eQSA4fAS83utsBfBaNDvQwVOOsD-s?width=300&height=300
23-10-2022,276.0081787,276.5697937,269.1025391,270.4799805,483765500,103,Binance Coin,BNB-USD,Crypto,Cryptocurrency,https://1drv.ms/i/c/8705623eb284e7df/IQRKpJgHnRqQQJByd4eQSA4fAS83utsBfBaNDvQwVOOsD-s?width=300&height=300
24-10-2022,273.977417,276.8754578,271.8848877,276.0007629,535946814,103,Binance Coin,BNB-USD,Crypto,Cryptocurrency,https://1drv.ms/i/c/8705623eb284e7df/IQRKpJgHnRqQQJByd4eQSA4fAS83utsBfBaNDvQwVOOsD-s?width=300&height=300
25-10-2022,284.4325256,289.6018066,272.3665161,273.951355,940035659,103,Binance Coin,BNB-USD,Crypto,Cryptocurrency,https://1drv.ms/i/c/8705623eb284e7df/IQRKpJgHnRqQQJByd4eQSA4fAS83utsBfBaNDvQwVOOsD-s?width=300&height=300
26-10-2022,290.3769836,291.7023926,284.1638184,284.3562012,1017326051,103,Binance Coin,BNB-USD,Crypto,Cryptocurrency,https://1drv.ms/i/c/8705623eb284e7df/IQRKpJgHnRqQQJByd4eQSA4fAS83utsBfBaNDvQwVOOsD-s?width=300&height=300
27-10-2022,286.8441162,293.069458,285.2253113,290.3919983,874526054,103,Binance Coin,BNB-USD,Crypto,Cryptocurrency,https://1drv.ms/i/c/8705623eb284e7df/IQRKpJgHnRqQQJByd4eQSA4fAS83utsBfBaNDvQwVOOsD-s?width=300&height=300
28-10-2022,298.0141907,300.7218018,286.1366882,286.841156,1072756219,103,Binance Coin,BNB-USD,Crypto,Cryptocurrency,https://1drv.ms/i/c/8705623eb284e7df/IQRKpJgHnRqQQJByd4eQSA4fAS83utsBfBaNDvQwVOOsD-s?width=300&height=300
29-10-2022,304.2179565,307.914978,295.9452515,298.0037842,1397370727,103,Binance Coin,BNB-USD,Crypto,Cryptocurrency,https://1drv.ms/i/c/8705623eb284e7df/IQRKpJgHnRqQQJByd4eQSA4fAS83utsBfBaNDvQwVOOsD-s?width=300&height=300
30-10-2022,313.7547913,318.0692749,302.5343628,304.2299194,1451550019,103,Binance Coin,BNB-USD,Crypto,Cryptocurrency,https://1drv.ms/i/c/8705623eb284e7df/IQRKpJgHnRqQQJByd4eQSA4fAS83utsBfBaNDvQwVOOsD-s?width=300&height=300
31-10-2022,326.3607178,336.7953186,307.6253357,313.6713562,2168405759,103,Binance Coin,BNB-USD,Crypto,Cryptocurrency,https://1drv.ms/i/c/8705623eb284e7df/IQRKpJgHnRqQQJByd4eQSA4fAS83utsBfBaNDvQwVOOsD-s?width=300&height=300
01-11-2022,324.5794373,334.2062378,317.9355164,326.2778625,1329110451,103,Binance Coin,BNB-USD,Crypto,Cryptocurrency,https://1drv.ms/i/c/8705623eb284e7df/IQRKpJgHnRqQQJByd4eQSA4fAS83utsBfBaNDvQwVOOsD-s?width=300&height=300
02-11-2022,320.1505432,329.0394592,316.2809143,324.4679871,1411029750,103,Binance Coin,BNB-USD,Crypto,Cryptocurrency,https://1drv.ms/i/c/8705623eb284e7df/IQRKpJgHnRqQQJByd4eQSA4fAS83utsBfBaNDvQwVOOsD-s?width=300&height=300
03-11-2022,329.71698,338.6425781,318.495575,320.1744385,1514834239,103,Binance Coin,BNB-USD,Crypto,Cryptocurrency,https://1drv.ms/i/c/8705623eb284e7df/IQRKpJgHnRqQQJByd4eQSA4fAS83utsBfBaNDvQwVOOsD-s?width=300&height=300
04-11-2022,354.4063721,358.1820068,328.7398376,329.6709595,1938879952,103,Binance Coin,BNB-USD,Crypto,Cryptocurrency,https://1drv.ms/i/c/8705623eb284e7df/IQRKpJgHnRqQQJByd4eQSA4fAS83utsBfBaNDvQwVOOsD-s?width=300&height=300
05-11-2022,349.2537231,360.3093262,347.0196228,354.4194641,1231594445,103,Binance Coin,BNB-USD,Crypto,Cryptocurrency,https://1drv.ms/i/c/8705623eb284e7df/IQRKpJgHnRqQQJByd4eQSA4fAS83utsBfBaNDvQwVOOsD-s?width=300&height=300
06-11-2022,339.3893738,354.4880981,339.1924133,349.288147,1143505730,103,Binance Coin,BNB-USD,Crypto,Cryptocurrency,https://1drv.ms/i/c/8705623eb284e7df/IQRKpJgHnRqQQJByd4eQSA4fAS83utsBfBaNDvQwVOOsD-s?width=300&height=300
07-11-2022,337.0145569,344.0419006,327.6837769,338.8971558,1811518274,103,Binance Coin,BNB-USD,Crypto,Cryptocurrency,https://1drv.ms/i/c/8705623eb284e7df/IQRKpJgHnRqQQJByd4eQSA4fAS83utsBfBaNDvQwVOOsD-s?width=300&height=300
08-11-2022,327.6902771,388.7155151,302.7518921,336.9876404,5390603525,103,Binance Coin,BNB-USD,Crypto,Cryptocurrency,https://1drv.ms/i/c/8705623eb284e7df/IQRKpJgHnRqQQJByd4eQSA4fAS83utsBfBaNDvQwVOOsD-s?width=300&height=300
09-11-2022,266.8531189,332.0610046,261.7302551,327.8196716,3191459132,103,Binance Coin,BNB-USD,Crypto,Cryptocurrency,https://1drv.ms/i/c/8705623eb284e7df/IQRKpJgHnRqQQJByd4eQSA4fAS83utsBfBaNDvQwVOOsD-s?width=300&height=300
10-11-2022,304.0800476,311.0740051,264.4677429,266.8857727,2461275687,103,Binance Coin,BNB-USD,Crypto,Cryptocurrency,https://1drv.ms/i/c/8705623eb284e7df/IQRKpJgHnRqQQJByd4eQSA4fAS83utsBfBaNDvQwVOOsD-s?width=300&height=300
11-11-2022,289.8205566,304.9127808,280.6268616,303.9868774,1625174426,103,Binance Coin,BNB-USD,Crypto,Cryptocurrency,https://1drv.ms/i/c/8705623eb284e7df/IQRKpJgHnRqQQJByd4eQSA4fAS83utsBfBaNDvQwVOOsD-s?width=300&height=300
12-11-2022,282.3412781,290.3691711,272.0461121,289.8576355,1189401392,103,Binance Coin,BNB-USD,Crypto,Cryptocurrency,https://1drv.ms/i/c/8705623eb284e7df/IQRKpJgHnRqQQJByd4eQSA4fAS83utsBfBaNDvQwVOOsD-s?width=300&height=300
13-11-2022,276.5794373,286.0844727,274.0527039,282.3652649,956106804,103,Binance Coin,BNB-USD,Crypto,Cryptocurrency,https://1drv.ms/i/c/8705623eb284e7df/IQRKpJgHnRqQQJByd4eQSA4fAS83utsBfBaNDvQwVOOsD-s?width=300&height=300
14-11-2022,278.5784302,290.719635,268.2330322,276.6222534,1541330420,103,Binance Coin,BNB-USD,Crypto,Cryptocurrency,https://1drv.ms/i/c/8705623eb284e7df/IQRKpJgHnRqQQJByd4eQSA4fAS83utsBfBaNDvQwVOOsD-s?width=300&height=300
15-11-2022,276.8740234,281.8825378,274.0931091,278.6280212,1116291060,103,Binance Coin,BNB-USD,Crypto,Cryptocurrency,https://1drv.ms/i/c/8705623eb284e7df/IQRKpJgHnRqQQJByd4eQSA4fAS83utsBfBaNDvQwVOOsD-s?width=300&height=300
16-11-2022,272.081604,279.7919922,269.650177,276.8630066,908816092,103,Binance Coin,BNB-USD,Crypto,Cryptocurrency,https://1drv.ms/i/c/8705623eb284e7df/IQRKpJgHnRqQQJByd4eQSA4fAS83utsBfBaNDvQwVOOsD-s?width=300&height=300
17-11-2022,267.9113159,273.2224731,264.3984985,272.0883179,854777255,103,Binance Coin,BNB-USD,Crypto,Cryptocurrency,https://1drv.ms/i/c/8705623eb284e7df/IQRKpJgHnRqQQJByd4eQSA4fAS83utsBfBaNDvQwVOOsD-s?width=300&height=300
18-11-2022,273.9199829,274.5059509,267.9135437,267.9141235,685307608,103,Binance Coin,BNB-USD,Crypto,Cryptocurrency,https://1drv.ms/i/c/8705623eb284e7df/IQRKpJgHnRqQQJByd4eQSA4fAS83utsBfBaNDvQwVOOsD-s?width=300&height=300
19-11-2022,272.3976746,274.2624512,269.6495361,273.887207,551451228,103,Binance Coin,BNB-USD,Crypto,Cryptocurrency,https://1drv.ms/i/c/8705623eb284e7df/IQRKpJgHnRqQQJByd4eQSA4fAS83utsBfBaNDvQwVOOsD-s?width=300&height=300
20-11-2022,264.2351379,273.6504822,262.5552979,272.4302979,720361905,103,Binance Coin,BNB-USD,Crypto,Cryptocurrency,https://1drv.ms/i/c/8705623eb284e7df/IQRKpJgHnRqQQJByd4eQSA4fAS83utsBfBaNDvQwVOOsD-s?width=300&height=300
21-11-2022,254.1682587,264.7425537,250.6569366,264.2357788,1094850661,103,Binance Coin,BNB-USD,Crypto,Cryptocurrency,https://1drv.ms/i/c/8705623eb284e7df/IQRKpJgHnRqQQJByd4eQSA4fAS83utsBfBaNDvQwVOOsD-s?width=300&height=300
22-11-2022,266.3243408,266.8921509,252.3899536,254.0190887,800429058,103,Binance Coin,BNB-USD,Crypto,Cryptocurrency,https://1drv.ms/i/c/8705623eb284e7df/IQRKpJgHnRqQQJByd4eQSA4fAS83utsBfBaNDvQwVOOsD-s?width=300&height=300
23-11-2022,297.8474426,300.0202026,265.0349731,266.4203491,1920236928,103,Binance Coin,BNB-USD,Crypto,Cryptocurrency,https://1drv.ms/i/c/8705623eb284e7df/IQRKpJgHnRqQQJByd4eQSA4fAS83utsBfBaNDvQwVOOsD-s?width=300&height=300
24-11-2022,300.4278259,303.0646362,294.5315552,297.9458618,1219177799,103,Binance Coin,BNB-USD,Crypto,Cryptocurrency,https://1drv.ms/i/c/8705623eb284e7df/IQRKpJgHnRqQQJByd4eQSA4fAS83utsBfBaNDvQwVOOsD-s?width=300&height=300
25-11-2022,300.5776978,304.163269,294.912323,300.3338318,949045515,103,Binance Coin,BNB-USD,Crypto,Cryptocurrency,https://1drv.ms/i/c/8705623eb284e7df/IQRKpJgHnRqQQJByd4eQSA4fAS83utsBfBaNDvQwVOOsD-s?width=300&height=300
26-11-2022,311.3884583,316.9621277,300.3894653,300.5717468,1221554861,103,Binance Coin,BNB-USD,Crypto,Cryptocurrency,https://1drv.ms/i/c/8705623eb284e7df/IQRKpJgHnRqQQJByd4eQSA4fAS83utsBfBaNDvQwVOOsD-s?width=300&height=300
27-11-2022,307.4292908,316.2198792,307.1563721,311.3720398,793779029,103,Binance Coin,BNB-USD,Crypto,Cryptocurrency,https://1drv.ms/i/c/8705623eb284e7df/IQRKpJgHnRqQQJByd4eQSA4fAS83utsBfBaNDvQwVOOsD-s?width=300&height=300
28-11-2022,293.5272522,309.0960999,289.4936829,307.3995667,1154829072,103,Binance Coin,BNB-USD,Crypto,Cryptocurrency,https://1drv.ms/i/c/8705623eb284e7df/IQRKpJgHnRqQQJByd4eQSA4fAS83utsBfBaNDvQwVOOsD-s?width=300&height=300
29-11-2022,295.4981689,304.8228149,289.7636414,293.4918213,986451640,103,Binance Coin,BNB-USD,Crypto,Cryptocurrency,https://1drv.ms/i/c/8705623eb284e7df/IQRKpJgHnRqQQJByd4eQSA4fAS83utsBfBaNDvQwVOOsD-s?width=300&height=300
30-11-2022,300.794342,304.6509705,294.3822632,295.5482178,1009620336,103,Binance Coin,BNB-USD,Crypto,Cryptocurrency,https://1drv.ms/i/c/8705623eb284e7df/IQRKpJgHnRqQQJByd4eQSA4fAS83utsBfBaNDvQwVOOsD-s?width=300&height=300
01-12-2022,292.0162048,301.4796753,290.5537109,300.754364,1433086340,103,Binance Coin,BNB-USD,Crypto,Cryptocurrency,https://1drv.ms/i/c/8705623eb284e7df/IQRKpJgHnRqQQJByd4eQSA4fAS83utsBfBaNDvQwVOOsD-s?width=300&height=300
02-12-2022,293.5274963,293.5274963,286.140686,292.0285645,854253818,103,Binance Coin,BNB-USD,Crypto,Cryptocurrency,https://1drv.ms/i/c/8705623eb284e7df/IQRKpJgHnRqQQJByd4eQSA4fAS83utsBfBaNDvQwVOOsD-s?width=300&height=300
03-12-2022,290.5631409,294.0430298,289.7044678,293.5003662,634607105,103,Binance Coin,BNB-USD,Crypto,Cryptocurrency,https://1drv.ms/i/c/8705623eb284e7df/IQRKpJgHnRqQQJByd4eQSA4fAS83utsBfBaNDvQwVOOsD-s?width=300&height=300
04-12-2022,292.2882996,292.337616,288.5040588,290.5531006,633441009,103,Binance Coin,BNB-USD,Crypto,Cryptocurrency,https://1drv.ms/i/c/8705623eb284e7df/IQRKpJgHnRqQQJByd4eQSA4fAS83utsBfBaNDvQwVOOsD-s?width=300&height=300
05-12-2022,288.4742737,296.9121704,286.5386963,292.2088928,705616866,103,Binance Coin,BNB-USD,Crypto,Cryptocurrency,https://1drv.ms/i/c/8705623eb284e7df/IQRKpJgHnRqQQJByd4eQSA4fAS83utsBfBaNDvQwVOOsD-s?width=300&height=300
06-12-2022,290.3544617,290.6016235,287.1078796,288.4617615,610280514,103,Binance Coin,BNB-USD,Crypto,Cryptocurrency,https://1drv.ms/i/c/8705623eb284e7df/IQRKpJgHnRqQQJByd4eQSA4fAS83utsBfBaNDvQwVOOsD-s?width=300&height=300
07-12-2022,284.2844238,290.4856873,282.020813,290.384613,759320494,103,Binance Coin,BNB-USD,Crypto,Cryptocurrency,https://1drv.ms/i/c/8705623eb284e7df/IQRKpJgHnRqQQJByd4eQSA4fAS83utsBfBaNDvQwVOOsD-s?width=300&height=300
08-12-2022,290.5371704,291.5117188,282.8092041,284.295166,646645162,103,Binance Coin,BNB-USD,Crypto,Cryptocurrency,https://1drv.ms/i/c/8705623eb284e7df/IQRKpJgHnRqQQJByd4eQSA4fAS83utsBfBaNDvQwVOOsD-s?width=300&height=300
09-12-2022,286.0904236,291.5705872,285.5756226,290.5220032,644239750,103,Binance Coin,BNB-USD,Crypto,Cryptocurrency,https://1drv.ms/i/c/8705623eb284e7df/IQRKpJgHnRqQQJByd4eQSA4fAS83utsBfBaNDvQwVOOsD-s?width=300&height=300
10-12-2022,288.1252136,289.4926147,286.1065063,286.1065063,439735200,103,Binance Coin,BNB-USD,Crypto,Cryptocurrency,https://1drv.ms/i/c/8705623eb284e7df/IQRKpJgHnRqQQJByd4eQSA4fAS83utsBfBaNDvQwVOOsD-s?width=300&height=300
11-12-2022,284.3904114,290.9364319,284.1882935,288.1442566,496833486,103,Binance Coin,BNB-USD,Crypto,Cryptocurrency,https://1drv.ms/i/c/8705623eb284e7df/IQRKpJgHnRqQQJByd4eQSA4fAS83utsBfBaNDvQwVOOsD-s?width=300&height=300
12-12-2022,276.2781982,285.5374451,273.5308533,284.4343872,974762447,103,Binance Coin,BNB-USD,Crypto,Cryptocurrency,https://1drv.ms/i/c/8705623eb284e7df/IQRKpJgHnRqQQJByd4eQSA4fAS83utsBfBaNDvQwVOOsD-s?width=300&height=300
13-12-2022,271.9516907,280.6873474,257.4403687,276.2844849,1925504273,103,Binance Coin,BNB-USD,Crypto,Cryptocurrency,https://1drv.ms/i/c/8705623eb284e7df/IQRKpJgHnRqQQJByd4eQSA4fAS83utsBfBaNDvQwVOOsD-s?width=300&height=300
14-12-2022,268.2315369,277.8570862,266.1462402,271.9580688,1026628081,103,Binance Coin,BNB-USD,Crypto,Cryptocurrency,https://1drv.ms/i/c/8705623eb284e7df/IQRKpJgHnRqQQJByd4eQSA4fAS83utsBfBaNDvQwVOOsD-s?width=300&height=300
15-12-2022,258.2737122,268.1503601,257.0812073,268.1503601,709349174,103,Binance Coin,BNB-USD,Crypto,Cryptocurrency,https://1drv.ms/i/c/8705623eb284e7df/IQRKpJgHnRqQQJByd4eQSA4fAS83utsBfBaNDvQwVOOsD-s?width=300&height=300
16-12-2022,231.2324371,264.2475891,227.3452301,258.2687683,1264053277,103,Binance Coin,BNB-USD,Crypto,Cryptocurrency,https://1drv.ms/i/c/8705623eb284e7df/IQRKpJgHnRqQQJByd4eQSA4fAS83utsBfBaNDvQwVOOsD-s?width=300&height=300
17-12-2022,242.5292816,243.581955,221.0031891,231.2207489,1196953526,103,Binance Coin,BNB-USD,Crypto,Cryptocurrency,https://1drv.ms/i/c/8705623eb284e7df/IQRKpJgHnRqQQJByd4eQSA4fAS83utsBfBaNDvQwVOOsD-s?width=300&height=300
18-12-2022,251.1563873,253.3396912,240.0365295,242.5169067,925487110,103,Binance Coin,BNB-USD,Crypto,Cryptocurrency,https://1drv.ms/i/c/8705623eb284e7df/IQRKpJgHnRqQQJByd4eQSA4fAS83utsBfBaNDvQwVOOsD-s?width=300&height=300
19-12-2022,240.6578064,252.9330139,238.6507874,251.2426758,751196285,103,Binance Coin,BNB-USD,Crypto,Cryptocurrency,https://1drv.ms/i/c/8705623eb284e7df/IQRKpJgHnRqQQJByd4eQSA4fAS83utsBfBaNDvQwVOOsD-s?width=300&height=300
20-12-2022,251.7445374,252.6286621,239.8014374,240.6682281,667866377,103,Binance Coin,BNB-USD,Crypto,Cryptocurrency,https://1drv.ms/i/c/8705623eb284e7df/IQRKpJgHnRqQQJByd4eQSA4fAS83utsBfBaNDvQwVOOsD-s?width=300&height=300
21-12-2022,246.0469818,251.6943207,245.7572479,251.6943207,479296549,103,Binance Coin,BNB-USD,Crypto,Cryptocurrency,https://1drv.ms/i/c/8705623eb284e7df/IQRKpJgHnRqQQJByd4eQSA4fAS83utsBfBaNDvQwVOOsD-s?width=300&height=300
22-12-2022,245.890625,248.0320282,240.4832001,246.0683289,543367184,103,Binance Coin,BNB-USD,Crypto,Cryptocurrency,https://1drv.ms/i/c/8705623eb284e7df/IQRKpJgHnRqQQJByd4eQSA4fAS83utsBfBaNDvQwVOOsD-s?width=300&height=300
23-12-2022,246.1481781,248.2747192,244.4529419,245.8941345,388929772,103,Binance Coin,BNB-USD,Crypto,Cryptocurrency,https://1drv.ms/i/c/8705623eb284e7df/IQRKpJgHnRqQQJByd4eQSA4fAS83utsBfBaNDvQwVOOsD-s?width=300&height=300
24-12-2022,244.6355286,246.1817169,243.9530487,246.1516418,280627376,103,Binance Coin,BNB-USD,Crypto,Cryptocurrency,https://1drv.ms/i/c/8705623eb284e7df/IQRKpJgHnRqQQJByd4eQSA4fAS83utsBfBaNDvQwVOOsD-s?width=300&height=300
25-12-2022,243.1414948,245.7309875,241.7005005,244.6363983,298063868,103,Binance Coin,BNB-USD,Crypto,Cryptocurrency,https://1drv.ms/i/c/8705623eb284e7df/IQRKpJgHnRqQQJByd4eQSA4fAS83utsBfBaNDvQwVOOsD-s?width=300&height=300
26-12-2022,244.198288,244.5959473,242.2244263,243.147934,276115280,103,Binance Coin,BNB-USD,Crypto,Cryptocurrency,https://1drv.ms/i/c/8705623eb284e7df/IQRKpJgHnRqQQJByd4eQSA4fAS83utsBfBaNDvQwVOOsD-s?width=300&height=300
27-12-2022,246.5966797,247.6796875,242.5621796,244.202652,391342277,103,Binance Coin,BNB-USD,Crypto,Cryptocurrency,https://1drv.ms/i/c/8705623eb284e7df/IQRKpJgHnRqQQJByd4eQSA4fAS83utsBfBaNDvQwVOOsD-s?width=300&height=300
28-12-2022,244.141922,246.8400421,242.1092834,246.6071167,414698978,103,Binance Coin,BNB-USD,Crypto,Cryptocurrency,https://1drv.ms/i/c/8705623eb284e7df/IQRKpJgHnRqQQJByd4eQSA4fAS83utsBfBaNDvQwVOOsD-s?width=300&height=300
29-12-2022,246.4797211,246.6009979,243.5799103,244.1714172,345312528,103,Binance Coin,BNB-USD,Crypto,Cryptocurrency,https://1drv.ms/i/c/8705623eb284e7df/IQRKpJgHnRqQQJByd4eQSA4fAS83utsBfBaNDvQwVOOsD-s?width=300&height=300
30-12-2022,245.7792206,246.4972382,243.1274719,246.4580078,342300809,103,Binance Coin,BNB-USD,Crypto,Cryptocurrency,https://1drv.ms/i/c/8705623eb284e7df/IQRKpJgHnRqQQJByd4eQSA4fAS83utsBfBaNDvQwVOOsD-s?width=300&height=300
31-12-2022,246.3491974,247.5836182,245.1082458,245.788681,307551853,103,Binance Coin,BNB-USD,Crypto,Cryptocurrency,https://1drv.ms/i/c/8705623eb284e7df/IQRKpJgHnRqQQJByd4eQSA4fAS83utsBfBaNDvQwVOOsD-s?width=300&height=300
01-01-2023,244.1369781,246.4858093,243.5752869,246.332901,278651737,103,Binance Coin,BNB-USD,Crypto,Cryptocurrency,https://1drv.ms/i/c/8705623eb284e7df/IQRKpJgHnRqQQJByd4eQSA4fAS83utsBfBaNDvQwVOOsD-s?width=300&height=300
02-01-2023,245.5359039,247.715271,241.6924896,244.1522217,357733262,103,Binance Coin,BNB-USD,Crypto,Cryptocurrency,https://1drv.ms/i/c/8705623eb284e7df/IQRKpJgHnRqQQJByd4eQSA4fAS83utsBfBaNDvQwVOOsD-s?width=300&height=300
03-01-2023,246.1333618,246.8314514,244.7840424,245.5521393,377452410,103,Binance Coin,BNB-USD,Crypto,Cryptocurrency,https://1drv.ms/i/c/8705623eb284e7df/IQRKpJgHnRqQQJByd4eQSA4fAS83utsBfBaNDvQwVOOsD-s?width=300&height=300
04-01-2023,259.1196899,260.5160522,245.7049713,246.1408997,632924961,103,Binance Coin,BNB-USD,Crypto,Cryptocurrency,https://1drv.ms/i/c/8705623eb284e7df/IQRKpJgHnRqQQJByd4eQSA4fAS83utsBfBaNDvQwVOOsD-s?width=300&height=300
05-01-2023,256.4228516,259.0764771,255.5965576,259.0764771,342934041,103,Binance Coin,BNB-USD,Crypto,Cryptocurrency,https://1drv.ms/i/c/8705623eb284e7df/IQRKpJgHnRqQQJByd4eQSA4fAS83utsBfBaNDvQwVOOsD-s?width=300&height=300
06-01-2023,259.867157,260.2217407,255.0677032,256.4501953,417893264,103,Binance Coin,BNB-USD,Crypto,Cryptocurrency,https://1drv.ms/i/c/8705623eb284e7df/IQRKpJgHnRqQQJByd4eQSA4fAS83utsBfBaNDvQwVOOsD-s?width=300&height=300
07-01-2023,261.2828369,262.9636536,259.5932922,259.8548889,327712514,103,Binance Coin,BNB-USD,Crypto,Cryptocurrency,https://1drv.ms/i/c/8705623eb284e7df/IQRKpJgHnRqQQJByd4eQSA4fAS83utsBfBaNDvQwVOOsD-s?width=300&height=300
08-01-2023,274.3850708,274.3850708,260.5169067,261.2529297,491734030,103,Binance Coin,BNB-USD,Crypto,Cryptocurrency,https://1drv.ms/i/c/8705623eb284e7df/IQRKpJgHnRqQQJByd4eQSA4fAS83utsBfBaNDvQwVOOsD-s?width=300&height=300
09-01-2023,272.7015381,283.0254211,271.8993835,274.4424438,783671054,103,Binance Coin,BNB-USD,Crypto,Cryptocurrency,https://1drv.ms/i/c/8705623eb284e7df/IQRKpJgHnRqQQJByd4eQSA4fAS83utsBfBaNDvQwVOOsD-s?width=300&height=300
10-01-2023,277.2896423,278.2676697,271.1498413,272.6551819,470259383,103,Binance Coin,BNB-USD,Crypto,Cryptocurrency,https://1drv.ms/i/c/8705623eb284e7df/IQRKpJgHnRqQQJByd4eQSA4fAS83utsBfBaNDvQwVOOsD-s?width=300&height=300
11-01-2023,285.0465088,285.1723938,274.5263977,277.2935181,466458216,103,Binance Coin,BNB-USD,Crypto,Cryptocurrency,https://1drv.ms/i/c/8705623eb284e7df/IQRKpJgHnRqQQJByd4eQSA4fAS83utsBfBaNDvQwVOOsD-s?width=300&height=300
12-01-2023,287.8123474,287.9513855,279.7410278,286.9006653,655903255,103,Binance Coin,BNB-USD,Crypto,Cryptocurrency,https://1drv.ms/i/c/8705623eb284e7df/IQRKpJgHnRqQQJByd4eQSA4fAS83utsBfBaNDvQwVOOsD-s?width=300&height=300
13-01-2023,293.7330017,295.2747803,285.1912231,287.8114929,561853825,103,Binance Coin,BNB-USD,Crypto,Cryptocurrency,https://1drv.ms/i/c/8705623eb284e7df/IQRKpJgHnRqQQJByd4eQSA4fAS83utsBfBaNDvQwVOOsD-s?width=300&height=300
14-01-2023,305.2411194,314.0033569,293.6006165,293.7196655,1087358891,103,Binance Coin,BNB-USD,Crypto,Cryptocurrency,https://1drv.ms/i/c/8705623eb284e7df/IQRKpJgHnRqQQJByd4eQSA4fAS83utsBfBaNDvQwVOOsD-s?width=300&height=300
15-01-2023,302.0706482,305.763855,292.9245911,305.3287354,562889882,103,Binance Coin,BNB-USD,Crypto,Cryptocurrency,https://1drv.ms/i/c/8705623eb284e7df/IQRKpJgHnRqQQJByd4eQSA4fAS83utsBfBaNDvQwVOOsD-s?width=300&height=300
16-01-2023,298.9992371,307.5973816,294.1819458,302.0799866,602126315,103,Binance Coin,BNB-USD,Crypto,Cryptocurrency,https://1drv.ms/i/c/8705623eb284e7df/IQRKpJgHnRqQQJByd4eQSA4fAS83utsBfBaNDvQwVOOsD-s?width=300&height=300
17-01-2023,299.8245239,304.788147,296.9747925,299.0591125,529752305,103,Binance Coin,BNB-USD,Crypto,Cryptocurrency,https://1drv.ms/i/c/8705623eb284e7df/IQRKpJgHnRqQQJByd4eQSA4fAS83utsBfBaNDvQwVOOsD-s?width=300&height=300
18-01-2023,286.9910583,304.8897705,282.6310425,299.8314514,844268123,103,Binance Coin,BNB-USD,Crypto,Cryptocurrency,https://1drv.ms/i/c/8705623eb284e7df/IQRKpJgHnRqQQJByd4eQSA4fAS83utsBfBaNDvQwVOOsD-s?width=300&height=300
19-01-2023,294.8522034,295.1185303,286.8704529,286.885498,431382130,103,Binance Coin,BNB-USD,Crypto,Cryptocurrency,https://1drv.ms/i/c/8705623eb284e7df/IQRKpJgHnRqQQJByd4eQSA4fAS83utsBfBaNDvQwVOOsD-s?width=300&height=300
20-01-2023,304.973175,305.0209351,287.2264404,294.84552,669836014,103,Binance Coin,BNB-USD,Crypto,Cryptocurrency,https://1drv.ms/i/c/8705623eb284e7df/IQRKpJgHnRqQQJByd4eQSA4fAS83utsBfBaNDvQwVOOsD-s?width=300&height=300
21-01-2023,299.2611694,309.6165771,299.0642395,305.0204773,755028964,103,Binance Coin,BNB-USD,Crypto,Cryptocurrency,https://1drv.ms/i/c/8705623eb284e7df/IQRKpJgHnRqQQJByd4eQSA4fAS83utsBfBaNDvQwVOOsD-s?width=300&height=300
22-01-2023,303.0464478,310.602417,299.1035767,299.2391052,571771274,103,Binance Coin,BNB-USD,Crypto,Cryptocurrency,https://1drv.ms/i/c/8705623eb284e7df/IQRKpJgHnRqQQJByd4eQSA4fAS83utsBfBaNDvQwVOOsD-s?width=300&height=300
23-01-2023,305.5040894,307.4292603,302.3316956,303.0203247,520678637,103,Binance Coin,BNB-USD,Crypto,Cryptocurrency,https://1drv.ms/i/c/8705623eb284e7df/IQRKpJgHnRqQQJByd4eQSA4fAS83utsBfBaNDvQwVOOsD-s?width=300&height=300
24-01-2023,300.6123352,322.7462158,299.6996155,305.3908997,887528741,103,Binance Coin,BNB-USD,Crypto,Cryptocurrency,https://1drv.ms/i/c/8705623eb284e7df/IQRKpJgHnRqQQJByd4eQSA4fAS83utsBfBaNDvQwVOOsD-s?width=300&height=300
25-01-2023,307.3076477,313.2007446,294.7146606,300.6381531,667706772,103,Binance Coin,BNB-USD,Crypto,Cryptocurrency,https://1drv.ms/i/c/8705623eb284e7df/IQRKpJgHnRqQQJByd4eQSA4fAS83utsBfBaNDvQwVOOsD-s?width=300&height=300
26-01-2023,304.8665466,309.263092,302.3926697,307.096405,540954388,103,Binance Coin,BNB-USD,Crypto,Cryptocurrency,https://1drv.ms/i/c/8705623eb284e7df/IQRKpJgHnRqQQJByd4eQSA4fAS83utsBfBaNDvQwVOOsD-s?width=300&height=300
27-01-2023,308.1231079,309.8944702,300.3205872,304.8744507,484897937,103,Binance Coin,BNB-USD,Crypto,Cryptocurrency,https://1drv.ms/i/c/8705623eb284e7df/IQRKpJgHnRqQQJByd4eQSA4fAS83utsBfBaNDvQwVOOsD-s?width=300&height=300
28-01-2023,306.2443237,313.0773621,304.0933228,308.157135,434715822,103,Binance Coin,BNB-USD,Crypto,Cryptocurrency,https://1drv.ms/i/c/8705623eb284e7df/IQRKpJgHnRqQQJByd4eQSA4fAS83utsBfBaNDvQwVOOsD-s?width=300&height=300
29-01-2023,317.3362122,320.1185608,305.1980896,306.2362976,664644693,103,Binance Coin,BNB-USD,Crypto,Cryptocurrency,https://1drv.ms/i/c/8705623eb284e7df/IQRKpJgHnRqQQJByd4eQSA4fAS83utsBfBaNDvQwVOOsD-s?width=300&height=300
30-01-2023,307.0688782,320.2548218,303.5807495,317.3753967,630938594,103,Binance Coin,BNB-USD,Crypto,Cryptocurrency,https://1drv.ms/i/c/8705623eb284e7df/IQRKpJgHnRqQQJByd4eQSA4fAS83utsBfBaNDvQwVOOsD-s?width=300&height=300
31-01-2023,312.3610535,313.8247986,305.681366,307.0965576,487472184,103,Binance Coin,BNB-USD,Crypto,Cryptocurrency,https://1drv.ms/i/c/8705623eb284e7df/IQRKpJgHnRqQQJByd4eQSA4fAS83utsBfBaNDvQwVOOsD-s?width=300&height=300
01-02-2023,317.4725952,319.2076721,306.1482849,312.2771301,616638893,103,Binance Coin,BNB-USD,Crypto,Cryptocurrency,https://1drv.ms/i/c/8705623eb284e7df/IQRKpJgHnRqQQJByd4eQSA4fAS83utsBfBaNDvQwVOOsD-s?width=300&height=300
02-02-2023,323.3497925,333.4955444,316.7110596,317.3461914,909077028,103,Binance Coin,BNB-USD,Crypto,Cryptocurrency,https://1drv.ms/i/c/8705623eb284e7df/IQRKpJgHnRqQQJByd4eQSA4fAS83utsBfBaNDvQwVOOsD-s?width=300&height=300
03-02-2023,332.2686768,334.545166,318.9032288,323.2913513,861598551,103,Binance Coin,BNB-USD,Crypto,Cryptocurrency,https://1drv.ms/i/c/8705623eb284e7df/IQRKpJgHnRqQQJByd4eQSA4fAS83utsBfBaNDvQwVOOsD-s?width=300&height=300
04-02-2023,330.6170959,333.8709412,327.7414246,332.2496948,440935963,103,Binance Coin,BNB-USD,Crypto,Cryptocurrency,https://1drv.ms/i/c/8705623eb284e7df/IQRKpJgHnRqQQJByd4eQSA4fAS83utsBfBaNDvQwVOOsD-s?width=300&height=300
05-02-2023,327.8693542,337.3205261,324.8794861,330.5582581,662969265,103,Binance Coin,BNB-USD,Crypto,Cryptocurrency,https://1drv.ms/i/c/8705623eb284e7df/IQRKpJgHnRqQQJByd4eQSA4fAS83utsBfBaNDvQwVOOsD-s?width=300&height=300
06-02-2023,324.6271667,330.957428,321.9461365,327.8618469,521894604,103,Binance Coin,BNB-USD,Crypto,Cryptocurrency,https://1drv.ms/i/c/8705623eb284e7df/IQRKpJgHnRqQQJByd4eQSA4fAS83utsBfBaNDvQwVOOsD-s?width=300&height=300
07-02-2023,333.2278748,333.5267334,324.2054749,324.5574036,521804212,103,Binance Coin,BNB-USD,Crypto,Cryptocurrency,https://1drv.ms/i/c/8705623eb284e7df/IQRKpJgHnRqQQJByd4eQSA4fAS83utsBfBaNDvQwVOOsD-s?width=300&height=300
08-02-2023,328.0886536,334.7283936,324.4905396,333.2173157,515127902,103,Binance Coin,BNB-USD,Crypto,Cryptocurrency,https://1drv.ms/i/c/8705623eb284e7df/IQRKpJgHnRqQQJByd4eQSA4fAS83utsBfBaNDvQwVOOsD-s?width=300&height=300
09-02-2023,305.9604187,329.0126038,303.358551,328.1722107,778492045,103,Binance Coin,BNB-USD,Crypto,Cryptocurrency,https://1drv.ms/i/c/8705623eb284e7df/IQRKpJgHnRqQQJByd4eQSA4fAS83utsBfBaNDvQwVOOsD-s?width=300&height=300
10-02-2023,305.9541321,309.0569153,303.016571,306.0072632,492880078,103,Binance Coin,BNB-USD,Crypto,Cryptocurrency,https://1drv.ms/i/c/8705623eb284e7df/IQRKpJgHnRqQQJByd4eQSA4fAS83utsBfBaNDvQwVOOsD-s?width=300&height=300
11-02-2023,310.6160278,311.1468811,305.4541016,305.9799194,348569462,103,Binance Coin,BNB-USD,Crypto,Cryptocurrency,https://1drv.ms/i/c/8705623eb284e7df/IQRKpJgHnRqQQJByd4eQSA4fAS83utsBfBaNDvQwVOOsD-s?width=300&height=300
12-02-2023,312.929657,320.2348633,306.5174866,310.6056213,520994815,103,Binance Coin,BNB-USD,Crypto,Cryptocurrency,https://1drv.ms/i/c/8705623eb284e7df/IQRKpJgHnRqQQJByd4eQSA4fAS83utsBfBaNDvQwVOOsD-s?width=300&height=300
13-02-2023,294.4753418,315.1230469,283.6963806,312.901825,1322505522,103,Binance Coin,BNB-USD,Crypto,Cryptocurrency,https://1drv.ms/i/c/8705623eb284e7df/IQRKpJgHnRqQQJByd4eQSA4fAS83utsBfBaNDvQwVOOsD-s?width=300&height=300
14-02-2023,296.1203613,301.1332703,290.1734924,294.4703979,662196432,103,Binance Coin,BNB-USD,Crypto,Cryptocurrency,https://1drv.ms/i/c/8705623eb284e7df/IQRKpJgHnRqQQJByd4eQSA4fAS83utsBfBaNDvQwVOOsD-s?width=300&height=300
15-02-2023,317.16922,317.3873291,294.3832703,296.144928,667519216,103,Binance Coin,BNB-USD,Crypto,Cryptocurrency,https://1drv.ms/i/c/8705623eb284e7df/IQRKpJgHnRqQQJByd4eQSA4fAS83utsBfBaNDvQwVOOsD-s?width=300&height=300
16-02-2023,304.7637024,326.6348877,304.5027466,317.1503906,1036335164,103,Binance Coin,BNB-USD,Crypto,Cryptocurrency,https://1drv.ms/i/c/8705623eb284e7df/IQRKpJgHnRqQQJByd4eQSA4fAS83utsBfBaNDvQwVOOsD-s?width=300&height=300
17-02-2023,313.3779907,316.4135437,303.5519104,304.7427368,701575686,103,Binance Coin,BNB-USD,Crypto,Cryptocurrency,https://1drv.ms/i/c/8705623eb284e7df/IQRKpJgHnRqQQJByd4eQSA4fAS83utsBfBaNDvQwVOOsD-s?width=300&height=300
18-02-2023,316.6827087,318.6784973,313.3005371,313.3858643,467884011,103,Binance Coin,BNB-USD,Crypto,Cryptocurrency,https://1drv.ms/i/c/8705623eb284e7df/IQRKpJgHnRqQQJByd4eQSA4fAS83utsBfBaNDvQwVOOsD-s?width=300&height=300
19-02-2023,311.9358521,318.4264526,311.309845,316.6196594,522437732,103,Binance Coin,BNB-USD,Crypto,Cryptocurrency,https://1drv.ms/i/c/8705623eb284e7df/IQRKpJgHnRqQQJByd4eQSA4fAS83utsBfBaNDvQwVOOsD-s?width=300&height=300
20-02-2023,315.3774414,319.3007813,309.4282532,312.0279236,676396150,103,Binance Coin,BNB-USD,Crypto,Cryptocurrency,https://1drv.ms/i/c/8705623eb284e7df/IQRKpJgHnRqQQJByd4eQSA4fAS83utsBfBaNDvQwVOOsD-s?width=300&height=300
21-02-2023,311.4720154,316.9972839,309.9552612,315.399353,579359973,103,Binance Coin,BNB-USD,Crypto,Cryptocurrency,https://1drv.ms/i/c/8705623eb284e7df/IQRKpJgHnRqQQJByd4eQSA4fAS83utsBfBaNDvQwVOOsD-s?width=300&height=300
22-02-2023,312.7811279,312.8093872,304.2212219,311.4826355,549179249,103,Binance Coin,BNB-USD,Crypto,Cryptocurrency,https://1drv.ms/i/c/8705623eb284e7df/IQRKpJgHnRqQQJByd4eQSA4fAS83utsBfBaNDvQwVOOsD-s?width=300&height=300
23-02-2023,308.5339355,314.8948975,306.1802063,312.8053284,472852406,103,Binance Coin,BNB-USD,Crypto,Cryptocurrency,https://1drv.ms/i/c/8705623eb284e7df/IQRKpJgHnRqQQJByd4eQSA4fAS83utsBfBaNDvQwVOOsD-s?width=300&height=300
24-02-2023,302.0537109,311.7994385,300.058136,308.4597168,479926281,103,Binance Coin,BNB-USD,Crypto,Cryptocurrency,https://1drv.ms/i/c/8705623eb284e7df/IQRKpJgHnRqQQJByd4eQSA4fAS83utsBfBaNDvQwVOOsD-s?width=300&height=300
25-02-2023,302.384613,303.0292358,297.2241211,302.1002502,310503640,103,Binance Coin,BNB-USD,Crypto,Cryptocurrency,https://1drv.ms/i/c/8705623eb284e7df/IQRKpJgHnRqQQJByd4eQSA4fAS83utsBfBaNDvQwVOOsD-s?width=300&height=300
26-02-2023,308.9970703,309.5875549,300.9662476,302.3690186,312320211,103,Binance Coin,BNB-USD,Crypto,Cryptocurrency,https://1drv.ms/i/c/8705623eb284e7df/IQRKpJgHnRqQQJByd4eQSA4fAS83utsBfBaNDvQwVOOsD-s?width=300&height=300
27-02-2023,304.8558044,309.3254395,300.9360962,308.985199,404806423,103,Binance Coin,BNB-USD,Crypto,Cryptocurrency,https://1drv.ms/i/c/8705623eb284e7df/IQRKpJgHnRqQQJByd4eQSA4fAS83utsBfBaNDvQwVOOsD-s?width=300&height=300
28-02-2023,301.474823,305.6327209,300.5692749,304.8549805,337673265,103,Binance Coin,BNB-USD,Crypto,Cryptocurrency,https://1drv.ms/i/c/8705623eb284e7df/IQRKpJgHnRqQQJByd4eQSA4fAS83utsBfBaNDvQwVOOsD-s?width=300&height=300
01-03-2023,302.9074707,306.1851501,301.0980225,301.5103455,377974810,103,Binance Coin,BNB-USD,Crypto,Cryptocurrency,https://1drv.ms/i/c/8705623eb284e7df/IQRKpJgHnRqQQJByd4eQSA4fAS83utsBfBaNDvQwVOOsD-s?width=300&height=300
02-03-2023,299.946167,303.5541687,296.519165,302.9161072,370516889,103,Binance Coin,BNB-USD,Crypto,Cryptocurrency,https://1drv.ms/i/c/8705623eb284e7df/IQRKpJgHnRqQQJByd4eQSA4fAS83utsBfBaNDvQwVOOsD-s?width=300&height=300
03-03-2023,290.2828369,300.0876465,287.979248,299.9775696,450262903,103,Binance Coin,BNB-USD,Crypto,Cryptocurrency,https://1drv.ms/i/c/8705623eb284e7df/IQRKpJgHnRqQQJByd4eQSA4fAS83utsBfBaNDvQwVOOsD-s?width=300&height=300
04-03-2023,289.5038757,291.3275452,286.6190796,290.2898865,289197235,103,Binance Coin,BNB-USD,Crypto,Cryptocurrency,https://1drv.ms/i/c/8705623eb284e7df/IQRKpJgHnRqQQJByd4eQSA4fAS83utsBfBaNDvQwVOOsD-s?width=300&height=300
05-03-2023,288.699707,292.4590759,287.8759155,289.5206299,287599378,103,Binance Coin,BNB-USD,Crypto,Cryptocurrency,https://1drv.ms/i/c/8705623eb284e7df/IQRKpJgHnRqQQJByd4eQSA4fAS83utsBfBaNDvQwVOOsD-s?width=300&height=300
06-03-2023,288.0549622,289.7183838,283.9531555,288.7044983,374160712,103,Binance Coin,BNB-USD,Crypto,Cryptocurrency,https://1drv.ms/i/c/8705623eb284e7df/IQRKpJgHnRqQQJByd4eQSA4fAS83utsBfBaNDvQwVOOsD-s?width=300&height=300
07-03-2023,289.343689,290.2167358,284.3740845,287.9955444,373176525,103,Binance Coin,BNB-USD,Crypto,Cryptocurrency,https://1drv.ms/i/c/8705623eb284e7df/IQRKpJgHnRqQQJByd4eQSA4fAS83utsBfBaNDvQwVOOsD-s?width=300&height=300
08-03-2023,286.8670044,293.6416321,285.5854797,289.3274536,436665040,103,Binance Coin,BNB-USD,Crypto,Cryptocurrency,https://1drv.ms/i/c/8705623eb284e7df/IQRKpJgHnRqQQJByd4eQSA4fAS83utsBfBaNDvQwVOOsD-s?width=300&height=300
09-03-2023,277.2961121,291.3664856,272.728363,286.9457703,505668979,103,Binance Coin,BNB-USD,Crypto,Cryptocurrency,https://1drv.ms/i/c/8705623eb284e7df/IQRKpJgHnRqQQJByd4eQSA4fAS83utsBfBaNDvQwVOOsD-s?width=300&height=300
10-03-2023,277.4195862,278.1007385,265.7124329,277.3235168,558776711,103,Binance Coin,BNB-USD,Crypto,Cryptocurrency,https://1drv.ms/i/c/8705623eb284e7df/IQRKpJgHnRqQQJByd4eQSA4fAS83utsBfBaNDvQwVOOsD-s?width=300&height=300
11-03-2023,277.9614258,281.644104,272.2830811,277.4346619,523623578,103,Binance Coin,BNB-USD,Crypto,Cryptocurrency,https://1drv.ms/i/c/8705623eb284e7df/IQRKpJgHnRqQQJByd4eQSA4fAS83utsBfBaNDvQwVOOsD-s?width=300&height=300
12-03-2023,289.6757813,289.7134094,276.6386108,277.9440308,483074620,103,Binance Coin,BNB-USD,Crypto,Cryptocurrency,https://1drv.ms/i/c/8705623eb284e7df/IQRKpJgHnRqQQJByd4eQSA4fAS83utsBfBaNDvQwVOOsD-s?width=300&height=300
13-03-2023,308.9122009,313.7537231,287.5561829,289.7408142,1122664621,103,Binance Coin,BNB-USD,Crypto,Cryptocurrency,https://1drv.ms/i/c/8705623eb284e7df/IQRKpJgHnRqQQJByd4eQSA4fAS83utsBfBaNDvQwVOOsD-s?width=300&height=300
14-03-2023,309.3707886,319.8389587,304.0131226,308.9379883,866173920,103,Binance Coin,BNB-USD,Crypto,Cryptocurrency,https://1drv.ms/i/c/8705623eb284e7df/IQRKpJgHnRqQQJByd4eQSA4fAS83utsBfBaNDvQwVOOsD-s?width=300&height=300
15-03-2023,307.124939,313.9241638,301.6941528,309.4461365,596861029,103,Binance Coin,BNB-USD,Crypto,Cryptocurrency,https://1drv.ms/i/c/8705623eb284e7df/IQRKpJgHnRqQQJByd4eQSA4fAS83utsBfBaNDvQwVOOsD-s?width=300&height=300
16-03-2023,329.8608704,333.0071716,304.4295349,307.2134399,1337194824,103,Binance Coin,BNB-USD,Crypto,Cryptocurrency,https://1drv.ms/i/c/8705623eb284e7df/IQRKpJgHnRqQQJByd4eQSA4fAS83utsBfBaNDvQwVOOsD-s?width=300&height=300
17-03-2023,339.0811462,340.27005,327.1355896,329.886322,934568148,103,Binance Coin,BNB-USD,Crypto,Cryptocurrency,https://1drv.ms/i/c/8705623eb284e7df/IQRKpJgHnRqQQJByd4eQSA4fAS83utsBfBaNDvQwVOOsD-s?width=300&height=300
18-03-2023,331.524292,346.4451294,330.7912292,339.040741,828471428,103,Binance Coin,BNB-USD,Crypto,Cryptocurrency,https://1drv.ms/i/c/8705623eb284e7df/IQRKpJgHnRqQQJByd4eQSA4fAS83utsBfBaNDvQwVOOsD-s?width=300&height=300
19-03-2023,336.978241,341.8165894,331.5301819,331.5301819,705888292,103,Binance Coin,BNB-USD,Crypto,Cryptocurrency,https://1drv.ms/i/c/8705623eb284e7df/IQRKpJgHnRqQQJByd4eQSA4fAS83utsBfBaNDvQwVOOsD-s?width=300&height=300
20-03-2023,332.9230042,339.7980347,332.8540955,337.000946,682276624,103,Binance Coin,BNB-USD,Crypto,Cryptocurrency,https://1drv.ms/i/c/8705623eb284e7df/IQRKpJgHnRqQQJByd4eQSA4fAS83utsBfBaNDvQwVOOsD-s?width=300&height=300
21-03-2023,335.3092346,339.547699,328.993988,333.0158081,638610697,103,Binance Coin,BNB-USD,Crypto,Cryptocurrency,https://1drv.ms/i/c/8705623eb284e7df/IQRKpJgHnRqQQJByd4eQSA4fAS83utsBfBaNDvQwVOOsD-s?width=300&height=300
22-03-2023,321.8877258,339.685791,317.6002502,335.2941284,1280612242,103,Binance Coin,BNB-USD,Crypto,Cryptocurrency,https://1drv.ms/i/c/8705623eb284e7df/IQRKpJgHnRqQQJByd4eQSA4fAS83utsBfBaNDvQwVOOsD-s?width=300&height=300
23-03-2023,329.8370056,331.9685059,319.8922119,321.8635254,547390925,103,Binance Coin,BNB-USD,Crypto,Cryptocurrency,https://1drv.ms/i/c/8705623eb284e7df/IQRKpJgHnRqQQJByd4eQSA4fAS83utsBfBaNDvQwVOOsD-s?width=300&height=300
24-03-2023,322.3593445,330.1739807,317.7767944,329.808075,468651735,103,Binance Coin,BNB-USD,Crypto,Cryptocurrency,https://1drv.ms/i/c/8705623eb284e7df/IQRKpJgHnRqQQJByd4eQSA4fAS83utsBfBaNDvQwVOOsD-s?width=300&height=300
25-03-2023,322.6730652,325.0028381,319.9109192,322.3198547,439062620,103,Binance Coin,BNB-USD,Crypto,Cryptocurrency,https://1drv.ms/i/c/8705623eb284e7df/IQRKpJgHnRqQQJByd4eQSA4fAS83utsBfBaNDvQwVOOsD-s?width=300&height=300
26-03-2023,328.8880005,329.5675354,322.0966492,322.6365051,363216136,103,Binance Coin,BNB-USD,Crypto,Cryptocurrency,https://1drv.ms/i/c/8705623eb284e7df/IQRKpJgHnRqQQJByd4eQSA4fAS83utsBfBaNDvQwVOOsD-s?width=300&height=300
27-03-2023,310.9491272,329.3305054,306.4544373,328.90448,656817420,103,Binance Coin,BNB-USD,Crypto,Cryptocurrency,https://1drv.ms/i/c/8705623eb284e7df/IQRKpJgHnRqQQJByd4eQSA4fAS83utsBfBaNDvQwVOOsD-s?width=300&height=300
28-03-2023,313.2606201,314.986145,307.3712769,310.9465637,478328374,103,Binance Coin,BNB-USD,Crypto,Cryptocurrency,https://1drv.ms/i/c/8705623eb284e7df/IQRKpJgHnRqQQJByd4eQSA4fAS83utsBfBaNDvQwVOOsD-s?width=300&height=300
29-03-2023,313.8417664,319.5325012,312.7904053,313.2275391,482942200,103,Binance Coin,BNB-USD,Crypto,Cryptocurrency,https://1drv.ms/i/c/8705623eb284e7df/IQRKpJgHnRqQQJByd4eQSA4fAS83utsBfBaNDvQwVOOsD-s?width=300&height=300
30-03-2023,316.5675659,317.7957153,311.0036316,313.8626099,594180917,103,Binance Coin,BNB-USD,Crypto,Cryptocurrency,https://1drv.ms/i/c/8705623eb284e7df/IQRKpJgHnRqQQJByd4eQSA4fAS83utsBfBaNDvQwVOOsD-s?width=300&height=300
31-03-2023,317.0400085,319.6335754,313.786499,316.6324158,419430009,103,Binance Coin,BNB-USD,Crypto,Cryptocurrency,https://1drv.ms/i/c/8705623eb284e7df/IQRKpJgHnRqQQJByd4eQSA4fAS83utsBfBaNDvQwVOOsD-s?width=300&height=300
01-04-2023,315.2173157,318.4306335,313.5613098,317.0597839,463135728,103,Binance Coin,BNB-USD,Crypto,Cryptocurrency,https://1drv.ms/i/c/8705623eb284e7df/IQRKpJgHnRqQQJByd4eQSA4fAS83utsBfBaNDvQwVOOsD-s?width=300&height=300
02-04-2023,313.9286194,316.1884155,311.5365601,314.9420776,442429679,103,Binance Coin,BNB-USD,Crypto,Cryptocurrency,https://1drv.ms/i/c/8705623eb284e7df/IQRKpJgHnRqQQJByd4eQSA4fAS83utsBfBaNDvQwVOOsD-s?width=300&height=300
03-04-2023,308.5623779,314.0332336,300.5087585,313.9376526,701865645,103,Binance Coin,BNB-USD,Crypto,Cryptocurrency,https://1drv.ms/i/c/8705623eb284e7df/IQRKpJgHnRqQQJByd4eQSA4fAS83utsBfBaNDvQwVOOsD-s?width=300&height=300
04-04-2023,310.9948425,312.0874939,308.4649658,308.5898438,575672802,103,Binance Coin,BNB-USD,Crypto,Cryptocurrency,https://1drv.ms/i/c/8705623eb284e7df/IQRKpJgHnRqQQJByd4eQSA4fAS83utsBfBaNDvQwVOOsD-s?width=300&height=300
05-04-2023,314.0631714,316.3108215,310.5144043,311.0009155,592856922,103,Binance Coin,BNB-USD,Crypto,Cryptocurrency,https://1drv.ms/i/c/8705623eb284e7df/IQRKpJgHnRqQQJByd4eQSA4fAS83utsBfBaNDvQwVOOsD-s?width=300&height=300
06-04-2023,312.4546509,314.591217,311.0617371,314.0839539,530706217,103,Binance Coin,BNB-USD,Crypto,Cryptocurrency,https://1drv.ms/i/c/8705623eb284e7df/IQRKpJgHnRqQQJByd4eQSA4fAS83utsBfBaNDvQwVOOsD-s?width=300&height=300
07-04-2023,310.6994934,312.8652649,309.983429,312.453949,478098163,103,Binance Coin,BNB-USD,Crypto,Cryptocurrency,https://1drv.ms/i/c/8705623eb284e7df/IQRKpJgHnRqQQJByd4eQSA4fAS83utsBfBaNDvQwVOOsD-s?width=300&height=300
08-04-2023,310.6347351,312.6832581,310.388031,310.6653137,461767801,103,Binance Coin,BNB-USD,Crypto,Cryptocurrency,https://1drv.ms/i/c/8705623eb284e7df/IQRKpJgHnRqQQJByd4eQSA4fAS83utsBfBaNDvQwVOOsD-s?width=300&height=300
09-04-2023,312.8722534,313.6131592,309.8845825,310.6590576,465627007,103,Binance Coin,BNB-USD,Crypto,Cryptocurrency,https://1drv.ms/i/c/8705623eb284e7df/IQRKpJgHnRqQQJByd4eQSA4fAS83utsBfBaNDvQwVOOsD-s?width=300&height=300
10-04-2023,318.3790588,318.3790588,311.8117981,312.8681335,565754261,103,Binance Coin,BNB-USD,Crypto,Cryptocurrency,https://1drv.ms/i/c/8705623eb284e7df/IQRKpJgHnRqQQJByd4eQSA4fAS83utsBfBaNDvQwVOOsD-s?width=300&height=300
11-04-2023,322.7582703,332.8777771,318.1430664,318.4115295,896643000,103,Binance Coin,BNB-USD,Crypto,Cryptocurrency,https://1drv.ms/i/c/8705623eb284e7df/IQRKpJgHnRqQQJByd4eQSA4fAS83utsBfBaNDvQwVOOsD-s?width=300&height=300
12-04-2023,318.9537659,323.4898071,317.3410339,322.7652283,639928192,103,Binance Coin,BNB-USD,Crypto,Cryptocurrency,https://1drv.ms/i/c/8705623eb284e7df/IQRKpJgHnRqQQJByd4eQSA4fAS83utsBfBaNDvQwVOOsD-s?width=300&height=300
13-04-2023,324.9480896,325.2355042,318.1626282,320.023468,684442464,103,Binance Coin,BNB-USD,Crypto,Cryptocurrency,https://1drv.ms/i/c/8705623eb284e7df/IQRKpJgHnRqQQJByd4eQSA4fAS83utsBfBaNDvQwVOOsD-s?width=300&height=300
14-04-2023,329.1738586,335.5227661,324.0371094,324.975708,941862415,103,Binance Coin,BNB-USD,Crypto,Cryptocurrency,https://1drv.ms/i/c/8705623eb284e7df/IQRKpJgHnRqQQJByd4eQSA4fAS83utsBfBaNDvQwVOOsD-s?width=300&height=300
15-04-2023,333.4072876,335.97052,327.5720215,329.172699,730957108,103,Binance Coin,BNB-USD,Crypto,Cryptocurrency,https://1drv.ms/i/c/8705623eb284e7df/IQRKpJgHnRqQQJByd4eQSA4fAS83utsBfBaNDvQwVOOsD-s?width=300&height=300
16-04-2023,348.2209167,349.9566345,331.2898254,333.3901978,936315454,103,Binance Coin,BNB-USD,Crypto,Cryptocurrency,https://1drv.ms/i/c/8705623eb284e7df/IQRKpJgHnRqQQJByd4eQSA4fAS83utsBfBaNDvQwVOOsD-s?width=300&height=300
17-04-2023,339.9941101,350.0722961,338.2606201,348.1757507,856381072,103,Binance Coin,BNB-USD,Crypto,Cryptocurrency,https://1drv.ms/i/c/8705623eb284e7df/IQRKpJgHnRqQQJByd4eQSA4fAS83utsBfBaNDvQwVOOsD-s?width=300&height=300
18-04-2023,343.1934509,346.493042,337.859314,340.0447693,741280408,103,Binance Coin,BNB-USD,Crypto,Cryptocurrency,https://1drv.ms/i/c/8705623eb284e7df/IQRKpJgHnRqQQJByd4eQSA4fAS83utsBfBaNDvQwVOOsD-s?width=300&height=300
19-04-2023,322.7075195,343.5299072,321.0520325,343.1696167,826810466,103,Binance Coin,BNB-USD,Crypto,Cryptocurrency,https://1drv.ms/i/c/8705623eb284e7df/IQRKpJgHnRqQQJByd4eQSA4fAS83utsBfBaNDvQwVOOsD-s?width=300&height=300
20-04-2023,317.8899231,326.5525208,315.9021912,322.587738,663981561,103,Binance Coin,BNB-USD,Crypto,Cryptocurrency,https://1drv.ms/i/c/8705623eb284e7df/IQRKpJgHnRqQQJByd4eQSA4fAS83utsBfBaNDvQwVOOsD-s?width=300&height=300
21-04-2023,321.6749878,331.4171753,316.1169434,317.9211121,1057530805,103,Binance Coin,BNB-USD,Crypto,Cryptocurrency,https://1drv.ms/i/c/8705623eb284e7df/IQRKpJgHnRqQQJByd4eQSA4fAS83utsBfBaNDvQwVOOsD-s?width=300&height=300
22-04-2023,331.9950867,332.9909973,320.3104553,321.6567383,670641138,103,Binance Coin,BNB-USD,Crypto,Cryptocurrency,https://1drv.ms/i/c/8705623eb284e7df/IQRKpJgHnRqQQJByd4eQSA4fAS83utsBfBaNDvQwVOOsD-s?width=300&height=300
23-04-2023,330.6188354,332.2207031,327.779541,332.0133362,639990072,103,Binance Coin,BNB-USD,Crypto,Cryptocurrency,https://1drv.ms/i/c/8705623eb284e7df/IQRKpJgHnRqQQJByd4eQSA4fAS83utsBfBaNDvQwVOOsD-s?width=300&height=300
24-04-2023,331.2458801,333.4481201,328.1448669,330.6213074,662758378,103,Binance Coin,BNB-USD,Crypto,Cryptocurrency,https://1drv.ms/i/c/8705623eb284e7df/IQRKpJgHnRqQQJByd4eQSA4fAS83utsBfBaNDvQwVOOsD-s?width=300&height=300
25-04-2023,338.3255615,339.7011719,328.8067932,331.2005005,682400159,103,Binance Coin,BNB-USD,Crypto,Cryptocurrency,https://1drv.ms/i/c/8705623eb284e7df/IQRKpJgHnRqQQJByd4eQSA4fAS83utsBfBaNDvQwVOOsD-s?width=300&height=300
26-04-2023,330.8217773,344.8168335,325.4385376,338.3247986,910334786,103,Binance Coin,BNB-USD,Crypto,Cryptocurrency,https://1drv.ms/i/c/8705623eb284e7df/IQRKpJgHnRqQQJByd4eQSA4fAS83utsBfBaNDvQwVOOsD-s?width=300&height=300
27-04-2023,331.1950989,336.445282,329.1021729,330.8463745,750494420,103,Binance Coin,BNB-USD,Crypto,Cryptocurrency,https://1drv.ms/i/c/8705623eb284e7df/IQRKpJgHnRqQQJByd4eQSA4fAS83utsBfBaNDvQwVOOsD-s?width=300&height=300
28-04-2023,324.5002441,331.1993103,319.5908508,331.1993103,1069178743,103,Binance Coin,BNB-USD,Crypto,Cryptocurrency,https://1drv.ms/i/c/8705623eb284e7df/IQRKpJgHnRqQQJByd4eQSA4fAS83utsBfBaNDvQwVOOsD-s?width=300&height=300
29-04-2023,322.1347351,324.7434387,321.8706055,324.4894714,536818146,103,Binance Coin,BNB-USD,Crypto,Cryptocurrency,https://1drv.ms/i/c/8705623eb284e7df/IQRKpJgHnRqQQJByd4eQSA4fAS83utsBfBaNDvQwVOOsD-s?width=300&height=300
30-04-2023,337.6455383,337.9449158,320.723053,322.1066284,865228956,103,Binance Coin,BNB-USD,Crypto,Cryptocurrency,https://1drv.ms/i/c/8705623eb284e7df/IQRKpJgHnRqQQJByd4eQSA4fAS83utsBfBaNDvQwVOOsD-s?width=300&height=300
01-05-2023,328.7242126,339.3916626,326.6700439,337.6052246,912601797,103,Binance Coin,BNB-USD,Crypto,Cryptocurrency,https://1drv.ms/i/c/8705623eb284e7df/IQRKpJgHnRqQQJByd4eQSA4fAS83utsBfBaNDvQwVOOsD-s?width=300&height=300
02-05-2023,321.9526978,328.7589722,321.9526978,328.7380371,686766524,103,Binance Coin,BNB-USD,Crypto,Cryptocurrency,https://1drv.ms/i/c/8705623eb284e7df/IQRKpJgHnRqQQJByd4eQSA4fAS83utsBfBaNDvQwVOOsD-s?width=300&height=300
03-05-2023,326.2128906,327.4369202,320.9884949,321.975708,822037855,103,Binance Coin,BNB-USD,Crypto,Cryptocurrency,https://1drv.ms/i/c/8705623eb284e7df/IQRKpJgHnRqQQJByd4eQSA4fAS83utsBfBaNDvQwVOOsD-s?width=300&height=300
04-05-2023,323.9171448,327.4441223,323.5232239,326.2037354,467074893,103,Binance Coin,BNB-USD,Crypto,Cryptocurrency,https://1drv.ms/i/c/8705623eb284e7df/IQRKpJgHnRqQQJByd4eQSA4fAS83utsBfBaNDvQwVOOsD-s?width=300&height=300
05-05-2023,326.9403076,328.9045715,323.926178,323.926178,519090054,103,Binance Coin,BNB-USD,Crypto,Cryptocurrency,https://1drv.ms/i/c/8705623eb284e7df/IQRKpJgHnRqQQJByd4eQSA4fAS83utsBfBaNDvQwVOOsD-s?width=300&height=300
06-05-2023,322.7740173,328.736908,320.5791016,326.9453735,494274153,103,Binance Coin,BNB-USD,Crypto,Cryptocurrency,https://1drv.ms/i/c/8705623eb284e7df/IQRKpJgHnRqQQJByd4eQSA4fAS83utsBfBaNDvQwVOOsD-s?width=300&height=300
07-05-2023,321.6110535,325.8141479,321.5129395,322.7579651,437921018,103,Binance Coin,BNB-USD,Crypto,Cryptocurrency,https://1drv.ms/i/c/8705623eb284e7df/IQRKpJgHnRqQQJByd4eQSA4fAS83utsBfBaNDvQwVOOsD-s?width=300&height=300
08-05-2023,313.9712219,322.4250183,311.8853455,321.4257507,636404503,103,Binance Coin,BNB-USD,Crypto,Cryptocurrency,https://1drv.ms/i/c/8705623eb284e7df/IQRKpJgHnRqQQJByd4eQSA4fAS83utsBfBaNDvQwVOOsD-s?width=300&height=300
09-05-2023,312.5137024,315.7340393,311.5994568,314.0020752,461175016,103,Binance Coin,BNB-USD,Crypto,Cryptocurrency,https://1drv.ms/i/c/8705623eb284e7df/IQRKpJgHnRqQQJByd4eQSA4fAS83utsBfBaNDvQwVOOsD-s?width=300&height=300
10-05-2023,314.5774536,316.677887,308.8152771,312.4984436,545212280,103,Binance Coin,BNB-USD,Crypto,Cryptocurrency,https://1drv.ms/i/c/8705623eb284e7df/IQRKpJgHnRqQQJByd4eQSA4fAS83utsBfBaNDvQwVOOsD-s?width=300&height=300
11-05-2023,307.6958313,314.5896301,304.9615173,314.5896301,484941644,103,Binance Coin,BNB-USD,Crypto,Cryptocurrency,https://1drv.ms/i/c/8705623eb284e7df/IQRKpJgHnRqQQJByd4eQSA4fAS83utsBfBaNDvQwVOOsD-s?width=300&height=300
12-05-2023,308.6031189,308.8200989,301.5823975,307.6890259,509746023,103,Binance Coin,BNB-USD,Crypto,Cryptocurrency,https://1drv.ms/i/c/8705623eb284e7df/IQRKpJgHnRqQQJByd4eQSA4fAS83utsBfBaNDvQwVOOsD-s?width=300&height=300
13-05-2023,311.0868835,311.8979492,307.8395386,308.6343079,385073781,103,Binance Coin,BNB-USD,Crypto,Cryptocurrency,https://1drv.ms/i/c/8705623eb284e7df/IQRKpJgHnRqQQJByd4eQSA4fAS83utsBfBaNDvQwVOOsD-s?width=300&height=300
14-05-2023,312.1358948,314.6377258,310.0058594,311.089447,404468149,103,Binance Coin,BNB-USD,Crypto,Cryptocurrency,https://1drv.ms/i/c/8705623eb284e7df/IQRKpJgHnRqQQJByd4eQSA4fAS83utsBfBaNDvQwVOOsD-s?width=300&height=300
15-05-2023,313.5294189,316.3658142,311.0141296,312.133606,432273711,103,Binance Coin,BNB-USD,Crypto,Cryptocurrency,https://1drv.ms/i/c/8705623eb284e7df/IQRKpJgHnRqQQJByd4eQSA4fAS83utsBfBaNDvQwVOOsD-s?width=300&height=300
16-05-2023,311.3800354,314.0379333,309.692749,313.5429077,402988974,103,Binance Coin,BNB-USD,Crypto,Cryptocurrency,https://1drv.ms/i/c/8705623eb284e7df/IQRKpJgHnRqQQJByd4eQSA4fAS83utsBfBaNDvQwVOOsD-s?width=300&height=300
17-05-2023,314.0835266,314.269989,307.6412048,311.369812,437721579,103,Binance Coin,BNB-USD,Crypto,Cryptocurrency,https://1drv.ms/i/c/8705623eb284e7df/IQRKpJgHnRqQQJByd4eQSA4fAS83utsBfBaNDvQwVOOsD-s?width=300&height=300
18-05-2023,309.4566956,314.6662903,306.6496277,314.091217,383049498,103,Binance Coin,BNB-USD,Crypto,Cryptocurrency,https://1drv.ms/i/c/8705623eb284e7df/IQRKpJgHnRqQQJByd4eQSA4fAS83utsBfBaNDvQwVOOsD-s?width=300&height=300
19-05-2023,308.9642944,311.1976013,307.9300537,309.4467773,334636708,103,Binance Coin,BNB-USD,Crypto,Cryptocurrency,https://1drv.ms/i/c/8705623eb284e7df/IQRKpJgHnRqQQJByd4eQSA4fAS83utsBfBaNDvQwVOOsD-s?width=300&height=300
20-05-2023,310.7199707,311.8423157,308.0879822,308.9824219,277393160,103,Binance Coin,BNB-USD,Crypto,Cryptocurrency,https://1drv.ms/i/c/8705623eb284e7df/IQRKpJgHnRqQQJByd4eQSA4fAS83utsBfBaNDvQwVOOsD-s?width=300&height=300
21-05-2023,306.5067139,311.5177002,306.4785156,310.7096252,302803530,103,Binance Coin,BNB-USD,Crypto,Cryptocurrency,https://1drv.ms/i/c/8705623eb284e7df/IQRKpJgHnRqQQJByd4eQSA4fAS83utsBfBaNDvQwVOOsD-s?width=300&height=300
22-05-2023,309.245636,310.8353882,305.0476379,306.523468,355156561,103,Binance Coin,BNB-USD,Crypto,Cryptocurrency,https://1drv.ms/i/c/8705623eb284e7df/IQRKpJgHnRqQQJByd4eQSA4fAS83utsBfBaNDvQwVOOsD-s?width=300&height=300
23-05-2023,313.5062256,315.212677,309.2388916,309.249176,361568579,103,Binance Coin,BNB-USD,Crypto,Cryptocurrency,https://1drv.ms/i/c/8705623eb284e7df/IQRKpJgHnRqQQJByd4eQSA4fAS83utsBfBaNDvQwVOOsD-s?width=300&height=300
24-05-2023,305.9327698,313.550415,304.1655273,313.5191345,418835791,103,Binance Coin,BNB-USD,Crypto,Cryptocurrency,https://1drv.ms/i/c/8705623eb284e7df/IQRKpJgHnRqQQJByd4eQSA4fAS83utsBfBaNDvQwVOOsD-s?width=300&height=300
25-05-2023,304.7336426,306.6758728,302.9423523,305.922699,401117895,103,Binance Coin,BNB-USD,Crypto,Cryptocurrency,https://1drv.ms/i/c/8705623eb284e7df/IQRKpJgHnRqQQJByd4eQSA4fAS83utsBfBaNDvQwVOOsD-s?width=300&height=300
26-05-2023,306.886322,308.4143677,301.8935547,304.725708,475658791,103,Binance Coin,BNB-USD,Crypto,Cryptocurrency,https://1drv.ms/i/c/8705623eb284e7df/IQRKpJgHnRqQQJByd4eQSA4fAS83utsBfBaNDvQwVOOsD-s?width=300&height=300
27-05-2023,307.5917664,307.5984497,304.4021301,306.8948975,331579600,103,Binance Coin,BNB-USD,Crypto,Cryptocurrency,https://1drv.ms/i/c/8705623eb284e7df/IQRKpJgHnRqQQJByd4eQSA4fAS83utsBfBaNDvQwVOOsD-s?width=300&height=300
28-05-2023,314.27005,314.4509888,306.9979858,307.580719,405623337,103,Binance Coin,BNB-USD,Crypto,Cryptocurrency,https://1drv.ms/i/c/8705623eb284e7df/IQRKpJgHnRqQQJByd4eQSA4fAS83utsBfBaNDvQwVOOsD-s?width=300&height=300
29-05-2023,311.8071899,316.7955933,310.7929382,314.2846375,543284868,103,Binance Coin,BNB-USD,Crypto,Cryptocurrency,https://1drv.ms/i/c/8705623eb284e7df/IQRKpJgHnRqQQJByd4eQSA4fAS83utsBfBaNDvQwVOOsD-s?width=300&height=300
30-05-2023,311.6845093,314.2766113,311.3135071,311.8103333,392038878,103,Binance Coin,BNB-USD,Crypto,Cryptocurrency,https://1drv.ms/i/c/8705623eb284e7df/IQRKpJgHnRqQQJByd4eQSA4fAS83utsBfBaNDvQwVOOsD-s?width=300&height=300
31-05-2023,306.8666992,311.8466492,305.3764038,311.6957092,474410245,103,Binance Coin,BNB-USD,Crypto,Cryptocurrency,https://1drv.ms/i/c/8705623eb284e7df/IQRKpJgHnRqQQJByd4eQSA4fAS83utsBfBaNDvQwVOOsD-s?width=300&height=300
01-06-2023,304.9532776,307.6137695,303.6445618,306.8828125,354897855,103,Binance Coin,BNB-USD,Crypto,Cryptocurrency,https://1drv.ms/i/c/8705623eb284e7df/IQRKpJgHnRqQQJByd4eQSA4fAS83utsBfBaNDvQwVOOsD-s?width=300&height=300
02-06-2023,307.4237976,308.3961487,303.7401428,304.9506836,382256220,103,Binance Coin,BNB-USD,Crypto,Cryptocurrency,https://1drv.ms/i/c/8705623eb284e7df/IQRKpJgHnRqQQJByd4eQSA4fAS83utsBfBaNDvQwVOOsD-s?width=300&height=300
03-06-2023,306.7201233,308.1976624,305.6489868,307.4338989,260995871,103,Binance Coin,BNB-USD,Crypto,Cryptocurrency,https://1drv.ms/i/c/8705623eb284e7df/IQRKpJgHnRqQQJByd4eQSA4fAS83utsBfBaNDvQwVOOsD-s?width=300&height=300
04-06-2023,305.1567993,307.5839233,305.0121155,306.7184448,273449324,103,Binance Coin,BNB-USD,Crypto,Cryptocurrency,https://1drv.ms/i/c/8705623eb284e7df/IQRKpJgHnRqQQJByd4eQSA4fAS83utsBfBaNDvQwVOOsD-s?width=300&height=300
05-06-2023,276.8892517,305.1672668,272.8895569,305.1672668,928515688,103,Binance Coin,BNB-USD,Crypto,Cryptocurrency,https://1drv.ms/i/c/8705623eb284e7df/IQRKpJgHnRqQQJByd4eQSA4fAS83utsBfBaNDvQwVOOsD-s?width=300&height=300
06-06-2023,281.495575,285.5967102,273.723938,276.9336243,691784529,103,Binance Coin,BNB-USD,Crypto,Cryptocurrency,https://1drv.ms/i/c/8705623eb284e7df/IQRKpJgHnRqQQJByd4eQSA4fAS83utsBfBaNDvQwVOOsD-s?width=300&height=300
07-06-2023,259.391449,281.4814453,256.0957031,281.4814453,958739195,103,Binance Coin,BNB-USD,Crypto,Cryptocurrency,https://1drv.ms/i/c/8705623eb284e7df/IQRKpJgHnRqQQJByd4eQSA4fAS83utsBfBaNDvQwVOOsD-s?width=300&height=300
08-06-2023,262.1484985,266.8072205,257.7645264,259.4009094,562863852,103,Binance Coin,BNB-USD,Crypto,Cryptocurrency,https://1drv.ms/i/c/8705623eb284e7df/IQRKpJgHnRqQQJByd4eQSA4fAS83utsBfBaNDvQwVOOsD-s?width=300&height=300
09-06-2023,260.716095,263.9214172,256.5093994,262.1507874,491429998,103,Binance Coin,BNB-USD,Crypto,Cryptocurrency,https://1drv.ms/i/c/8705623eb284e7df/IQRKpJgHnRqQQJByd4eQSA4fAS83utsBfBaNDvQwVOOsD-s?width=300&height=300
10-06-2023,239.0890808,260.716095,233.1691895,260.6986694,1068424942,103,Binance Coin,BNB-USD,Crypto,Cryptocurrency,https://1drv.ms/i/c/8705623eb284e7df/IQRKpJgHnRqQQJByd4eQSA4fAS83utsBfBaNDvQwVOOsD-s?width=300&height=300
11-06-2023,235.438797,239.3482666,234.4306946,239.0874176,376213808,103,Binance Coin,BNB-USD,Crypto,Cryptocurrency,https://1drv.ms/i/c/8705623eb284e7df/IQRKpJgHnRqQQJByd4eQSA4fAS83utsBfBaNDvQwVOOsD-s?width=300&height=300
12-06-2023,231.0514374,238.4732208,222.0713348,235.4039154,1014433334,103,Binance Coin,BNB-USD,Crypto,Cryptocurrency,https://1drv.ms/i/c/8705623eb284e7df/IQRKpJgHnRqQQJByd4eQSA4fAS83utsBfBaNDvQwVOOsD-s?width=300&height=300
13-06-2023,243.8905334,245.6421967,229.3116913,231.0750427,864407068,103,Binance Coin,BNB-USD,Crypto,Cryptocurrency,https://1drv.ms/i/c/8705623eb284e7df/IQRKpJgHnRqQQJByd4eQSA4fAS83utsBfBaNDvQwVOOsD-s?width=300&height=300
14-06-2023,237.5742645,251.6301575,234.0425568,243.8905334,738634212,103,Binance Coin,BNB-USD,Crypto,Cryptocurrency,https://1drv.ms/i/c/8705623eb284e7df/IQRKpJgHnRqQQJByd4eQSA4fAS83utsBfBaNDvQwVOOsD-s?width=300&height=300
15-06-2023,236.2806854,240.1553345,231.0658112,237.6096954,502420772,103,Binance Coin,BNB-USD,Crypto,Cryptocurrency,https://1drv.ms/i/c/8705623eb284e7df/IQRKpJgHnRqQQJByd4eQSA4fAS83utsBfBaNDvQwVOOsD-s?width=300&height=300
16-06-2023,239.1146698,242.8019867,232.8285217,236.2734528,488582672,103,Binance Coin,BNB-USD,Crypto,Cryptocurrency,https://1drv.ms/i/c/8705623eb284e7df/IQRKpJgHnRqQQJByd4eQSA4fAS83utsBfBaNDvQwVOOsD-s?width=300&height=300
17-06-2023,244.6105804,249.1301117,237.4179077,239.1290283,451849200,103,Binance Coin,BNB-USD,Crypto,Cryptocurrency,https://1drv.ms/i/c/8705623eb284e7df/IQRKpJgHnRqQQJByd4eQSA4fAS83utsBfBaNDvQwVOOsD-s?width=300&height=300
18-06-2023,244.087265,248.2725677,242.7691498,244.5958099,372246652,103,Binance Coin,BNB-USD,Crypto,Cryptocurrency,https://1drv.ms/i/c/8705623eb284e7df/IQRKpJgHnRqQQJByd4eQSA4fAS83utsBfBaNDvQwVOOsD-s?width=300&height=300
19-06-2023,242.9033661,244.4120026,239.1456604,244.0900421,359118142,103,Binance Coin,BNB-USD,Crypto,Cryptocurrency,https://1drv.ms/i/c/8705623eb284e7df/IQRKpJgHnRqQQJByd4eQSA4fAS83utsBfBaNDvQwVOOsD-s?width=300&height=300
20-06-2023,247.6744385,247.8226929,239.0187378,242.8818512,477391843,103,Binance Coin,BNB-USD,Crypto,Cryptocurrency,https://1drv.ms/i/c/8705623eb284e7df/IQRKpJgHnRqQQJByd4eQSA4fAS83utsBfBaNDvQwVOOsD-s?width=300&height=300
21-06-2023,249.2863464,253.5419312,245.5482483,247.6829376,717670519,103,Binance Coin,BNB-USD,Crypto,Cryptocurrency,https://1drv.ms/i/c/8705623eb284e7df/IQRKpJgHnRqQQJByd4eQSA4fAS83utsBfBaNDvQwVOOsD-s?width=300&height=300
22-06-2023,240.7924347,256.2200317,240.0522003,249.276474,709030407,103,Binance Coin,BNB-USD,Crypto,Cryptocurrency,https://1drv.ms/i/c/8705623eb284e7df/IQRKpJgHnRqQQJByd4eQSA4fAS83utsBfBaNDvQwVOOsD-s?width=300&height=300
23-06-2023,244.5649414,248.8097839,240.0948181,240.7920532,493157882,103,Binance Coin,BNB-USD,Crypto,Cryptocurrency,https://1drv.ms/i/c/8705623eb284e7df/IQRKpJgHnRqQQJByd4eQSA4fAS83utsBfBaNDvQwVOOsD-s?width=300&height=300
24-06-2023,236.6596527,248.4286194,231.994751,244.5535126,558809140,103,Binance Coin,BNB-USD,Crypto,Cryptocurrency,https://1drv.ms/i/c/8705623eb284e7df/IQRKpJgHnRqQQJByd4eQSA4fAS83utsBfBaNDvQwVOOsD-s?width=300&height=300
25-06-2023,238.8929901,241.872757,235.6361389,236.6367645,414941211,103,Binance Coin,BNB-USD,Crypto,Cryptocurrency,https://1drv.ms/i/c/8705623eb284e7df/IQRKpJgHnRqQQJByd4eQSA4fAS83utsBfBaNDvQwVOOsD-s?width=300&height=300
26-06-2023,236.1342621,241.1738434,234.2963409,238.8791199,427457532,103,Binance Coin,BNB-USD,Crypto,Cryptocurrency,https://1drv.ms/i/c/8705623eb284e7df/IQRKpJgHnRqQQJByd4eQSA4fAS83utsBfBaNDvQwVOOsD-s?width=300&height=300
27-06-2023,237.4926758,240.8228455,234.9900665,236.131073,348181738,103,Binance Coin,BNB-USD,Crypto,Cryptocurrency,https://1drv.ms/i/c/8705623eb284e7df/IQRKpJgHnRqQQJByd4eQSA4fAS83utsBfBaNDvQwVOOsD-s?width=300&height=300
28-06-2023,230.6503601,237.5801544,226.9770966,237.5026398,480872336,103,Binance Coin,BNB-USD,Crypto,Cryptocurrency,https://1drv.ms/i/c/8705623eb284e7df/IQRKpJgHnRqQQJByd4eQSA4fAS83utsBfBaNDvQwVOOsD-s?width=300&height=300
29-06-2023,233.2324524,236.4210052,230.5876923,230.6324005,332343168,103,Binance Coin,BNB-USD,Crypto,Cryptocurrency,https://1drv.ms/i/c/8705623eb284e7df/IQRKpJgHnRqQQJByd4eQSA4fAS83utsBfBaNDvQwVOOsD-s?width=300&height=300
30-06-2023,240.3697815,241.3129425,232.2005157,233.1944427,626872820,103,Binance Coin,BNB-USD,Crypto,Cryptocurrency,https://1drv.ms/i/c/8705623eb284e7df/IQRKpJgHnRqQQJByd4eQSA4fAS83utsBfBaNDvQwVOOsD-s?width=300&height=300
01-07-2023,247.7594299,248.4702606,240.3869019,240.3869019,603755323,103,Binance Coin,BNB-USD,Crypto,Cryptocurrency,https://1drv.ms/i/c/8705623eb284e7df/IQRKpJgHnRqQQJByd4eQSA4fAS83utsBfBaNDvQwVOOsD-s?width=300&height=300
02-07-2023,246.2579193,248.0563965,243.241272,247.786026,519491311,103,Binance Coin,BNB-USD,Crypto,Cryptocurrency,https://1drv.ms/i/c/8705623eb284e7df/IQRKpJgHnRqQQJByd4eQSA4fAS83utsBfBaNDvQwVOOsD-s?width=300&height=300
03-07-2023,246.3822174,251.3798523,245.8848267,246.2546387,669962148,103,Binance Coin,BNB-USD,Crypto,Cryptocurrency,https://1drv.ms/i/c/8705623eb284e7df/IQRKpJgHnRqQQJByd4eQSA4fAS83utsBfBaNDvQwVOOsD-s?width=300&height=300
04-07-2023,242.4929199,246.8387909,241.2285309,246.3452911,439591635,103,Binance Coin,BNB-USD,Crypto,Cryptocurrency,https://1drv.ms/i/c/8705623eb284e7df/IQRKpJgHnRqQQJByd4eQSA4fAS83utsBfBaNDvQwVOOsD-s?width=300&height=300
05-07-2023,239.0810852,243.8611145,237.1201172,242.4994812,455501209,103,Binance Coin,BNB-USD,Crypto,Cryptocurrency,https://1drv.ms/i/c/8705623eb284e7df/IQRKpJgHnRqQQJByd4eQSA4fAS83utsBfBaNDvQwVOOsD-s?width=300&height=300
06-07-2023,232.3194275,244.1026764,232.171814,239.0685272,536134671,103,Binance Coin,BNB-USD,Crypto,Cryptocurrency,https://1drv.ms/i/c/8705623eb284e7df/IQRKpJgHnRqQQJByd4eQSA4fAS83utsBfBaNDvQwVOOsD-s?width=300&height=300
07-07-2023,235.6211548,236.0791168,231.6457367,232.3334198,418416864,103,Binance Coin,BNB-USD,Crypto,Cryptocurrency,https://1drv.ms/i/c/8705623eb284e7df/IQRKpJgHnRqQQJByd4eQSA4fAS83utsBfBaNDvQwVOOsD-s?width=300&height=300
08-07-2023,236.287384,237.411911,234.637146,235.61026,319300746,103,Binance Coin,BNB-USD,Crypto,Cryptocurrency,https://1drv.ms/i/c/8705623eb284e7df/IQRKpJgHnRqQQJByd4eQSA4fAS83utsBfBaNDvQwVOOsD-s?width=300&height=300
09-07-2023,234.228363,237.019516,233.4760437,236.2945557,289327973,103,Binance Coin,BNB-USD,Crypto,Cryptocurrency,https://1drv.ms/i/c/8705623eb284e7df/IQRKpJgHnRqQQJByd4eQSA4fAS83utsBfBaNDvQwVOOsD-s?width=300&height=300
10-07-2023,245.8742676,246.2996979,232.0075684,234.2329559,834091613,103,Binance Coin,BNB-USD,Crypto,Cryptocurrency,https://1drv.ms/i/c/8705623eb284e7df/IQRKpJgHnRqQQJByd4eQSA4fAS83utsBfBaNDvQwVOOsD-s?width=300&height=300
11-07-2023,248.5383301,249.2053986,244.9390106,245.8962708,536228377,103,Binance Coin,BNB-USD,Crypto,Cryptocurrency,https://1drv.ms/i/c/8705623eb284e7df/IQRKpJgHnRqQQJByd4eQSA4fAS83utsBfBaNDvQwVOOsD-s?width=300&height=300
12-07-2023,244.0198822,250.3406525,242.80336,248.5380859,505389150,103,Binance Coin,BNB-USD,Crypto,Cryptocurrency,https://1drv.ms/i/c/8705623eb284e7df/IQRKpJgHnRqQQJByd4eQSA4fAS83utsBfBaNDvQwVOOsD-s?width=300&height=300
13-07-2023,256.4896851,257.265625,243.0497284,244.0022278,761150982,103,Binance Coin,BNB-USD,Crypto,Cryptocurrency,https://1drv.ms/i/c/8705623eb284e7df/IQRKpJgHnRqQQJByd4eQSA4fAS83utsBfBaNDvQwVOOsD-s?width=300&height=300
14-07-2023,248.1916199,261.1026001,244.2756653,256.4642029,799468588,103,Binance Coin,BNB-USD,Crypto,Cryptocurrency,https://1drv.ms/i/c/8705623eb284e7df/IQRKpJgHnRqQQJByd4eQSA4fAS83utsBfBaNDvQwVOOsD-s?width=300&height=300
15-07-2023,251.0997009,252.537262,247.5080719,248.1755219,422767368,103,Binance Coin,BNB-USD,Crypto,Cryptocurrency,https://1drv.ms/i/c/8705623eb284e7df/IQRKpJgHnRqQQJByd4eQSA4fAS83utsBfBaNDvQwVOOsD-s?width=300&height=300
16-07-2023,242.6568298,251.8824158,242.5801392,251.0982361,441487283,103,Binance Coin,BNB-USD,Crypto,Cryptocurrency,https://1drv.ms/i/c/8705623eb284e7df/IQRKpJgHnRqQQJByd4eQSA4fAS83utsBfBaNDvQwVOOsD-s?width=300&height=300
17-07-2023,244.3529968,244.6820374,240.5975952,242.6580963,671028354,103,Binance Coin,BNB-USD,Crypto,Cryptocurrency,https://1drv.ms/i/c/8705623eb284e7df/IQRKpJgHnRqQQJByd4eQSA4fAS83utsBfBaNDvQwVOOsD-s?width=300&height=300
18-07-2023,240.2649384,246.5308533,238.7042236,244.3345795,751858394,103,Binance Coin,BNB-USD,Crypto,Cryptocurrency,https://1drv.ms/i/c/8705623eb284e7df/IQRKpJgHnRqQQJByd4eQSA4fAS83utsBfBaNDvQwVOOsD-s?width=300&height=300
19-07-2023,241.1608124,243.9277039,239.9935913,240.2741852,499664149,103,Binance Coin,BNB-USD,Crypto,Cryptocurrency,https://1drv.ms/i/c/8705623eb284e7df/IQRKpJgHnRqQQJByd4eQSA4fAS83utsBfBaNDvQwVOOsD-s?width=300&height=300
20-07-2023,242.733139,243.1425934,240.3877411,241.1388855,485038743,103,Binance Coin,BNB-USD,Crypto,Cryptocurrency,https://1drv.ms/i/c/8705623eb284e7df/IQRKpJgHnRqQQJByd4eQSA4fAS83utsBfBaNDvQwVOOsD-s?width=300&height=300
21-07-2023,243.7889862,245.1633453,242.3674774,242.7542877,413015398,103,Binance Coin,BNB-USD,Crypto,Cryptocurrency,https://1drv.ms/i/c/8705623eb284e7df/IQRKpJgHnRqQQJByd4eQSA4fAS83utsBfBaNDvQwVOOsD-s?width=300&height=300
22-07-2023,241.0307465,244.8587341,240.512619,243.809082,310128851,103,Binance Coin,BNB-USD,Crypto,Cryptocurrency,https://1drv.ms/i/c/8705623eb284e7df/IQRKpJgHnRqQQJByd4eQSA4fAS83utsBfBaNDvQwVOOsD-s?width=300&height=300
23-07-2023,242.4559631,243.9764862,240.7612152,241.054657,279600847,103,Binance Coin,BNB-USD,Crypto,Cryptocurrency,https://1drv.ms/i/c/8705623eb284e7df/IQRKpJgHnRqQQJByd4eQSA4fAS83utsBfBaNDvQwVOOsD-s?width=300&height=300
24-07-2023,238.9462128,242.8918762,236.2923889,242.4494324,451906472,103,Binance Coin,BNB-USD,Crypto,Cryptocurrency,https://1drv.ms/i/c/8705623eb284e7df/IQRKpJgHnRqQQJByd4eQSA4fAS83utsBfBaNDvQwVOOsD-s?width=300&height=300
25-07-2023,237.8085632,239.637207,236.9994049,238.9640961,366519529,103,Binance Coin,BNB-USD,Crypto,Cryptocurrency,https://1drv.ms/i/c/8705623eb284e7df/IQRKpJgHnRqQQJByd4eQSA4fAS83utsBfBaNDvQwVOOsD-s?width=300&height=300
26-07-2023,238.9623566,240.2377167,236.6411285,237.8190765,417581395,103,Binance Coin,BNB-USD,Crypto,Cryptocurrency,https://1drv.ms/i/c/8705623eb284e7df/IQRKpJgHnRqQQJByd4eQSA4fAS83utsBfBaNDvQwVOOsD-s?width=300&height=300
27-07-2023,240.4987946,243.1635132,238.638443,238.9601135,433186880,103,Binance Coin,BNB-USD,Crypto,Cryptocurrency,https://1drv.ms/i/c/8705623eb284e7df/IQRKpJgHnRqQQJByd4eQSA4fAS83utsBfBaNDvQwVOOsD-s?width=300&height=300
28-07-2023,241.9770355,242.7969971,239.9878693,240.505127,388148322,103,Binance Coin,BNB-USD,Crypto,Cryptocurrency,https://1drv.ms/i/c/8705623eb284e7df/IQRKpJgHnRqQQJByd4eQSA4fAS83utsBfBaNDvQwVOOsD-s?width=300&height=300
29-07-2023,242.5763702,242.7262726,241.3231354,241.971344,317500344,103,Binance Coin,BNB-USD,Crypto,Cryptocurrency,https://1drv.ms/i/c/8705623eb284e7df/IQRKpJgHnRqQQJByd4eQSA4fAS83utsBfBaNDvQwVOOsD-s?width=300&height=300
30-07-2023,242.5259857,243.7857208,240.9251862,242.5822144,425584373,103,Binance Coin,BNB-USD,Crypto,Cryptocurrency,https://1drv.ms/i/c/8705623eb284e7df/IQRKpJgHnRqQQJByd4eQSA4fAS83utsBfBaNDvQwVOOsD-s?width=300&height=300
31-07-2023,241.1206512,244.2025757,240.7644501,242.5195923,1092564922,103,Binance Coin,BNB-USD,Crypto,Cryptocurrency,https://1drv.ms/i/c/8705623eb284e7df/IQRKpJgHnRqQQJByd4eQSA4fAS83utsBfBaNDvQwVOOsD-s?width=300&height=300
01-08-2023,247.5050201,247.5050201,238.5302429,241.1280518,830645013,103,Binance Coin,BNB-USD,Crypto,Cryptocurrency,https://1drv.ms/i/c/8705623eb284e7df/IQRKpJgHnRqQQJByd4eQSA4fAS83utsBfBaNDvQwVOOsD-s?width=300&height=300
02-08-2023,240.4946442,248.5115509,236.8917694,247.4903107,650256385,103,Binance Coin,BNB-USD,Crypto,Cryptocurrency,https://1drv.ms/i/c/8705623eb284e7df/IQRKpJgHnRqQQJByd4eQSA4fAS83utsBfBaNDvQwVOOsD-s?width=300&height=300
03-08-2023,241.0615234,241.583252,238.5096436,240.5099792,400525696,103,Binance Coin,BNB-USD,Crypto,Cryptocurrency,https://1drv.ms/i/c/8705623eb284e7df/IQRKpJgHnRqQQJByd4eQSA4fAS83utsBfBaNDvQwVOOsD-s?width=300&height=300
04-08-2023,241.4760132,243.1554718,240.4522858,241.0428619,370373499,103,Binance Coin,BNB-USD,Crypto,Cryptocurrency,https://1drv.ms/i/c/8705623eb284e7df/IQRKpJgHnRqQQJByd4eQSA4fAS83utsBfBaNDvQwVOOsD-s?width=300&height=300
05-08-2023,242.9593506,243.0277252,240.0903931,241.4896698,300760369,103,Binance Coin,BNB-USD,Crypto,Cryptocurrency,https://1drv.ms/i/c/8705623eb284e7df/IQRKpJgHnRqQQJByd4eQSA4fAS83utsBfBaNDvQwVOOsD-s?width=300&height=300
06-08-2023,242.7985992,245.1790161,242.6147308,242.9602966,417704185,103,Binance Coin,BNB-USD,Crypto,Cryptocurrency,https://1drv.ms/i/c/8705623eb284e7df/IQRKpJgHnRqQQJByd4eQSA4fAS83utsBfBaNDvQwVOOsD-s?width=300&height=300
07-08-2023,241.7975006,244.3242493,239.9353638,242.791687,425652309,103,Binance Coin,BNB-USD,Crypto,Cryptocurrency,https://1drv.ms/i/c/8705623eb284e7df/IQRKpJgHnRqQQJByd4eQSA4fAS83utsBfBaNDvQwVOOsD-s?width=300&height=300
08-08-2023,245.1499023,247.6473694,241.3302002,241.7918701,504987528,103,Binance Coin,BNB-USD,Crypto,Cryptocurrency,https://1drv.ms/i/c/8705623eb284e7df/IQRKpJgHnRqQQJByd4eQSA4fAS83utsBfBaNDvQwVOOsD-s?width=300&height=300
09-08-2023,243.8936462,245.340271,242.7664948,245.1363068,399576464,103,Binance Coin,BNB-USD,Crypto,Cryptocurrency,https://1drv.ms/i/c/8705623eb284e7df/IQRKpJgHnRqQQJByd4eQSA4fAS83utsBfBaNDvQwVOOsD-s?width=300&height=300
10-08-2023,241.2624664,243.9261017,240.3945923,243.8855438,365863690,103,Binance Coin,BNB-USD,Crypto,Cryptocurrency,https://1drv.ms/i/c/8705623eb284e7df/IQRKpJgHnRqQQJByd4eQSA4fAS83utsBfBaNDvQwVOOsD-s?width=300&height=300
11-08-2023,239.7068939,241.9139099,238.3598022,241.2607269,386856576,103,Binance Coin,BNB-USD,Crypto,Cryptocurrency,https://1drv.ms/i/c/8705623eb284e7df/IQRKpJgHnRqQQJByd4eQSA4fAS83utsBfBaNDvQwVOOsD-s?width=300&height=300
12-08-2023,240.2736206,241.0026093,239.4037781,239.7035675,284512149,103,Binance Coin,BNB-USD,Crypto,Cryptocurrency,https://1drv.ms/i/c/8705623eb284e7df/IQRKpJgHnRqQQJByd4eQSA4fAS83utsBfBaNDvQwVOOsD-s?width=300&height=300
13-08-2023,240.0333405,241.6295929,239.9025879,240.2696838,296580783,103,Binance Coin,BNB-USD,Crypto,Cryptocurrency,https://1drv.ms/i/c/8705623eb284e7df/IQRKpJgHnRqQQJByd4eQSA4fAS83utsBfBaNDvQwVOOsD-s?width=300&height=300
14-08-2023,240.3392487,241.0249329,239.7473602,240.041275,381157536,103,Binance Coin,BNB-USD,Crypto,Cryptocurrency,https://1drv.ms/i/c/8705623eb284e7df/IQRKpJgHnRqQQJByd4eQSA4fAS83utsBfBaNDvQwVOOsD-s?width=300&height=300
15-08-2023,236.6795807,240.4103088,235.3605347,240.3504639,482870297,103,Binance Coin,BNB-USD,Crypto,Cryptocurrency,https://1drv.ms/i/c/8705623eb284e7df/IQRKpJgHnRqQQJByd4eQSA4fAS83utsBfBaNDvQwVOOsD-s?width=300&height=300
16-08-2023,231.8687439,237.0142212,231.2051697,236.6896973,461572144,103,Binance Coin,BNB-USD,Crypto,Cryptocurrency,https://1drv.ms/i/c/8705623eb284e7df/IQRKpJgHnRqQQJByd4eQSA4fAS83utsBfBaNDvQwVOOsD-s?width=300&height=300
17-08-2023,218.5358429,232.1050568,214.5474396,231.8725739,786294218,103,Binance Coin,BNB-USD,Crypto,Cryptocurrency,https://1drv.ms/i/c/8705623eb284e7df/IQRKpJgHnRqQQJByd4eQSA4fAS83utsBfBaNDvQwVOOsD-s?width=300&height=300
18-08-2023,216.1125488,220.1370087,214.0222473,218.5657349,567051050,103,Binance Coin,BNB-USD,Crypto,Cryptocurrency,https://1drv.ms/i/c/8705623eb284e7df/IQRKpJgHnRqQQJByd4eQSA4fAS83utsBfBaNDvQwVOOsD-s?width=300&height=300
19-08-2023,216.9994507,218.9975891,214.3288422,216.1444855,477267428,103,Binance Coin,BNB-USD,Crypto,Cryptocurrency,https://1drv.ms/i/c/8705623eb284e7df/IQRKpJgHnRqQQJByd4eQSA4fAS83utsBfBaNDvQwVOOsD-s?width=300&height=300
20-08-2023,216.6358032,217.882431,215.6808624,217.0158539,297744717,103,Binance Coin,BNB-USD,Crypto,Cryptocurrency,https://1drv.ms/i/c/8705623eb284e7df/IQRKpJgHnRqQQJByd4eQSA4fAS83utsBfBaNDvQwVOOsD-s?width=300&height=300
21-08-2023,210.6389465,216.7411804,207.5687714,216.6307983,582113967,103,Binance Coin,BNB-USD,Crypto,Cryptocurrency,https://1drv.ms/i/c/8705623eb284e7df/IQRKpJgHnRqQQJByd4eQSA4fAS83utsBfBaNDvQwVOOsD-s?width=300&height=300
22-08-2023,210.8343506,211.8742523,204.3991394,210.5799561,637832641,103,Binance Coin,BNB-USD,Crypto,Cryptocurrency,https://1drv.ms/i/c/8705623eb284e7df/IQRKpJgHnRqQQJByd4eQSA4fAS83utsBfBaNDvQwVOOsD-s?width=300&height=300
23-08-2023,216.399292,218.3167114,210.8186951,210.8186951,566160608,103,Binance Coin,BNB-USD,Crypto,Cryptocurrency,https://1drv.ms/i/c/8705623eb284e7df/IQRKpJgHnRqQQJByd4eQSA4fAS83utsBfBaNDvQwVOOsD-s?width=300&height=300
24-08-2023,218.6463928,220.3855133,215.8997345,216.4448395,394620698,103,Binance Coin,BNB-USD,Crypto,Cryptocurrency,https://1drv.ms/i/c/8705623eb284e7df/IQRKpJgHnRqQQJByd4eQSA4fAS83utsBfBaNDvQwVOOsD-s?width=300&height=300
25-08-2023,218.3310547,219.2549896,214.2651672,218.6810913,423891092,103,Binance Coin,BNB-USD,Crypto,Cryptocurrency,https://1drv.ms/i/c/8705623eb284e7df/IQRKpJgHnRqQQJByd4eQSA4fAS83utsBfBaNDvQwVOOsD-s?width=300&height=300
26-08-2023,216.3642426,218.786438,216.214035,218.3318024,273738258,103,Binance Coin,BNB-USD,Crypto,Cryptocurrency,https://1drv.ms/i/c/8705623eb284e7df/IQRKpJgHnRqQQJByd4eQSA4fAS83utsBfBaNDvQwVOOsD-s?width=300&height=300
27-08-2023,218.3580017,219.5391846,216.0803986,216.3699493,325410553,103,Binance Coin,BNB-USD,Crypto,Cryptocurrency,https://1drv.ms/i/c/8705623eb284e7df/IQRKpJgHnRqQQJByd4eQSA4fAS83utsBfBaNDvQwVOOsD-s?width=300&height=300
28-08-2023,218.7185669,218.9700165,215.8501892,218.3582458,332786869,103,Binance Coin,BNB-USD,Crypto,Cryptocurrency,https://1drv.ms/i/c/8705623eb284e7df/IQRKpJgHnRqQQJByd4eQSA4fAS83utsBfBaNDvQwVOOsD-s?width=300&height=300
29-08-2023,226.8628845,233.0600128,217.0478668,218.7215118,593296661,103,Binance Coin,BNB-USD,Crypto,Cryptocurrency,https://1drv.ms/i/c/8705623eb284e7df/IQRKpJgHnRqQQJByd4eQSA4fAS83utsBfBaNDvQwVOOsD-s?width=300&height=300
30-08-2023,223.7994385,227.0490112,221.9781494,226.8701477,359750612,103,Binance Coin,BNB-USD,Crypto,Cryptocurrency,https://1drv.ms/i/c/8705623eb284e7df/IQRKpJgHnRqQQJByd4eQSA4fAS83utsBfBaNDvQwVOOsD-s?width=300&height=300
31-08-2023,216.5977936,225.5888824,215.4484253,223.818573,428616639,103,Binance Coin,BNB-USD,Crypto,Cryptocurrency,https://1drv.ms/i/c/8705623eb284e7df/IQRKpJgHnRqQQJByd4eQSA4fAS83utsBfBaNDvQwVOOsD-s?width=300&height=300
01-09-2023,213.6305542,217.965744,211.5917206,216.5984802,438229562,103,Binance Coin,BNB-USD,Crypto,Cryptocurrency,https://1drv.ms/i/c/8705623eb284e7df/IQRKpJgHnRqQQJByd4eQSA4fAS83utsBfBaNDvQwVOOsD-s?width=300&height=300
02-09-2023,214.4485474,215.5995026,213.2905426,213.6269226,291979876,103,Binance Coin,BNB-USD,Crypto,Cryptocurrency,https://1drv.ms/i/c/8705623eb284e7df/IQRKpJgHnRqQQJByd4eQSA4fAS83utsBfBaNDvQwVOOsD-s?width=300&height=300
03-09-2023,214.3999481,215.1148987,213.4119568,214.4548187,264565518,103,Binance Coin,BNB-USD,Crypto,Cryptocurrency,https://1drv.ms/i/c/8705623eb284e7df/IQRKpJgHnRqQQJByd4eQSA4fAS83utsBfBaNDvQwVOOsD-s?width=300&height=300
04-09-2023,215.1975098,216.2675171,213.2823792,214.3931122,364530693,103,Binance Coin,BNB-USD,Crypto,Cryptocurrency,https://1drv.ms/i/c/8705623eb284e7df/IQRKpJgHnRqQQJByd4eQSA4fAS83utsBfBaNDvQwVOOsD-s?width=300&height=300
05-09-2023,214.4781342,215.7220001,213.6724396,215.2110138,298056096,103,Binance Coin,BNB-USD,Crypto,Cryptocurrency,https://1drv.ms/i/c/8705623eb284e7df/IQRKpJgHnRqQQJByd4eQSA4fAS83utsBfBaNDvQwVOOsD-s?width=300&height=300
06-09-2023,215.1346588,217.1808319,212.3167114,214.4890442,367874698,103,Binance Coin,BNB-USD,Crypto,Cryptocurrency,https://1drv.ms/i/c/8705623eb284e7df/IQRKpJgHnRqQQJByd4eQSA4fAS83utsBfBaNDvQwVOOsD-s?width=300&height=300
07-09-2023,216.8871765,217.6039581,213.5731201,215.1394653,414939879,103,Binance Coin,BNB-USD,Crypto,Cryptocurrency,https://1drv.ms/i/c/8705623eb284e7df/IQRKpJgHnRqQQJByd4eQSA4fAS83utsBfBaNDvQwVOOsD-s?width=300&height=300
08-09-2023,214.562027,218.2228241,213.6194763,216.8837433,350437594,103,Binance Coin,BNB-USD,Crypto,Cryptocurrency,https://1drv.ms/i/c/8705623eb284e7df/IQRKpJgHnRqQQJByd4eQSA4fAS83utsBfBaNDvQwVOOsD-s?width=300&height=300
09-09-2023,214.2229462,215.3301392,214.2229462,214.5670319,218159197,103,Binance Coin,BNB-USD,Crypto,Cryptocurrency,https://1drv.ms/i/c/8705623eb284e7df/IQRKpJgHnRqQQJByd4eQSA4fAS83utsBfBaNDvQwVOOsD-s?width=300&height=300
10-09-2023,212.3180237,214.2278442,211.53862,214.2205658,334977578,103,Binance Coin,BNB-USD,Crypto,Cryptocurrency,https://1drv.ms/i/c/8705623eb284e7df/IQRKpJgHnRqQQJByd4eQSA4fAS83utsBfBaNDvQwVOOsD-s?width=300&height=300
11-09-2023,206.0342102,212.6100922,204.3567352,212.3226166,466832593,103,Binance Coin,BNB-USD,Crypto,Cryptocurrency,https://1drv.ms/i/c/8705623eb284e7df/IQRKpJgHnRqQQJByd4eQSA4fAS83utsBfBaNDvQwVOOsD-s?width=300&height=300
12-09-2023,210.9943695,213.487442,205.2624817,206.0431519,435525863,103,Binance Coin,BNB-USD,Crypto,Cryptocurrency,https://1drv.ms/i/c/8705623eb284e7df/IQRKpJgHnRqQQJByd4eQSA4fAS83utsBfBaNDvQwVOOsD-s?width=300&height=300
13-09-2023,212.6425934,213.1578522,209.4974365,211.0238647,329580406,103,Binance Coin,BNB-USD,Crypto,Cryptocurrency,https://1drv.ms/i/c/8705623eb284e7df/IQRKpJgHnRqQQJByd4eQSA4fAS83utsBfBaNDvQwVOOsD-s?width=300&height=300
14-09-2023,212.2828369,214.8835602,211.3829346,212.6405792,370840987,103,Binance Coin,BNB-USD,Crypto,Cryptocurrency,https://1drv.ms/i/c/8705623eb284e7df/IQRKpJgHnRqQQJByd4eQSA4fAS83utsBfBaNDvQwVOOsD-s?width=300&height=300
15-09-2023,214.1755219,214.9447479,211.1946716,212.3043518,477731080,103,Binance Coin,BNB-USD,Crypto,Cryptocurrency,https://1drv.ms/i/c/8705623eb284e7df/IQRKpJgHnRqQQJByd4eQSA4fAS83utsBfBaNDvQwVOOsD-s?width=300&height=300
16-09-2023,214.9605408,215.7035522,213.5628967,214.1683807,483436741,103,Binance Coin,BNB-USD,Crypto,Cryptocurrency,https://1drv.ms/i/c/8705623eb284e7df/IQRKpJgHnRqQQJByd4eQSA4fAS83utsBfBaNDvQwVOOsD-s?width=300&height=300
17-09-2023,216.4657745,216.635025,213.7097473,214.9489746,432102186,103,Binance Coin,BNB-USD,Crypto,Cryptocurrency,https://1drv.ms/i/c/8705623eb284e7df/IQRKpJgHnRqQQJByd4eQSA4fAS83utsBfBaNDvQwVOOsD-s?width=300&height=300
18-09-2023,216.0039215,221.0098572,215.3173065,216.4709167,572231452,103,Binance Coin,BNB-USD,Crypto,Cryptocurrency,https://1drv.ms/i/c/8705623eb284e7df/IQRKpJgHnRqQQJByd4eQSA4fAS83utsBfBaNDvQwVOOsD-s?width=300&height=300
19-09-2023,217.2109528,219.7490234,215.6417694,216.00177,385547582,103,Binance Coin,BNB-USD,Crypto,Cryptocurrency,https://1drv.ms/i/c/8705623eb284e7df/IQRKpJgHnRqQQJByd4eQSA4fAS83utsBfBaNDvQwVOOsD-s?width=300&height=300
20-09-2023,214.363327,217.7566986,213.7604675,217.2106018,372917826,103,Binance Coin,BNB-USD,Crypto,Cryptocurrency,https://1drv.ms/i/c/8705623eb284e7df/IQRKpJgHnRqQQJByd4eQSA4fAS83utsBfBaNDvQwVOOsD-s?width=300&height=300
21-09-2023,210.7939453,215.109375,209.5868835,214.3537445,384479845,103,Binance Coin,BNB-USD,Crypto,Cryptocurrency,https://1drv.ms/i/c/8705623eb284e7df/IQRKpJgHnRqQQJByd4eQSA4fAS83utsBfBaNDvQwVOOsD-s?width=300&height=300
22-09-2023,211.1508636,212.0265808,209.9416809,210.7893829,274805031,103,Binance Coin,BNB-USD,Crypto,Cryptocurrency,https://1drv.ms/i/c/8705623eb284e7df/IQRKpJgHnRqQQJByd4eQSA4fAS83utsBfBaNDvQwVOOsD-s?width=300&height=300
23-09-2023,210.5606079,211.5832214,210.1420135,211.1380615,215040995,103,Binance Coin,BNB-USD,Crypto,Cryptocurrency,https://1drv.ms/i/c/8705623eb284e7df/IQRKpJgHnRqQQJByd4eQSA4fAS83utsBfBaNDvQwVOOsD-s?width=300&height=300
24-09-2023,208.2828979,211.2372742,207.9329376,210.5747833,287192497,103,Binance Coin,BNB-USD,Crypto,Cryptocurrency,https://1drv.ms/i/c/8705623eb284e7df/IQRKpJgHnRqQQJByd4eQSA4fAS83utsBfBaNDvQwVOOsD-s?width=300&height=300
25-09-2023,210.0738068,210.5183868,207.4780884,208.2601318,294180845,103,Binance Coin,BNB-USD,Crypto,Cryptocurrency,https://1drv.ms/i/c/8705623eb284e7df/IQRKpJgHnRqQQJByd4eQSA4fAS83utsBfBaNDvQwVOOsD-s?width=300&height=300
26-09-2023,212.3784485,213.1878204,209.8669128,210.0501709,615780140,103,Binance Coin,BNB-USD,Crypto,Cryptocurrency,https://1drv.ms/i/c/8705623eb284e7df/IQRKpJgHnRqQQJByd4eQSA4fAS83utsBfBaNDvQwVOOsD-s?width=300&height=300
27-09-2023,211.9854126,215.7287445,210.8860016,212.3713989,753741988,103,Binance Coin,BNB-USD,Crypto,Cryptocurrency,https://1drv.ms/i/c/8705623eb284e7df/IQRKpJgHnRqQQJByd4eQSA4fAS83utsBfBaNDvQwVOOsD-s?width=300&height=300
28-09-2023,215.0759888,216.7753296,211.6513214,211.9909515,358321830,103,Binance Coin,BNB-USD,Crypto,Cryptocurrency,https://1drv.ms/i/c/8705623eb284e7df/IQRKpJgHnRqQQJByd4eQSA4fAS83utsBfBaNDvQwVOOsD-s?width=300&height=300
29-09-2023,215.2794189,217.2577057,214.5063782,215.0939789,335321479,103,Binance Coin,BNB-USD,Crypto,Cryptocurrency,https://1drv.ms/i/c/8705623eb284e7df/IQRKpJgHnRqQQJByd4eQSA4fAS83utsBfBaNDvQwVOOsD-s?width=300&height=300
30-09-2023,214.8213043,216.3121643,214.4836884,215.2777863,243788424,103,Binance Coin,BNB-USD,Crypto,Cryptocurrency,https://1drv.ms/i/c/8705623eb284e7df/IQRKpJgHnRqQQJByd4eQSA4fAS83utsBfBaNDvQwVOOsD-s?width=300&height=300
01-10-2023,218.0471344,219.1338348,213.5065155,214.8003235,387408083,103,Binance Coin,BNB-USD,Crypto,Cryptocurrency,https://1drv.ms/i/c/8705623eb284e7df/IQRKpJgHnRqQQJByd4eQSA4fAS83utsBfBaNDvQwVOOsD-s?width=300&height=300
02-10-2023,214.7579346,221.1882935,213.5463257,218.0493469,466879383,103,Binance Coin,BNB-USD,Crypto,Cryptocurrency,https://1drv.ms/i/c/8705623eb284e7df/IQRKpJgHnRqQQJByd4eQSA4fAS83utsBfBaNDvQwVOOsD-s?width=300&height=300
03-10-2023,213.4359436,215.7211914,212.7705688,214.7349091,305437646,103,Binance Coin,BNB-USD,Crypto,Cryptocurrency,https://1drv.ms/i/c/8705623eb284e7df/IQRKpJgHnRqQQJByd4eQSA4fAS83utsBfBaNDvQwVOOsD-s?width=300&height=300
04-10-2023,213.4130859,213.7624054,210.9364014,213.4414673,357560724,103,Binance Coin,BNB-USD,Crypto,Cryptocurrency,https://1drv.ms/i/c/8705623eb284e7df/IQRKpJgHnRqQQJByd4eQSA4fAS83utsBfBaNDvQwVOOsD-s?width=300&height=300
05-10-2023,210.6796722,213.7835999,210.4712372,213.4227448,351872670,103,Binance Coin,BNB-USD,Crypto,Cryptocurrency,https://1drv.ms/i/c/8705623eb284e7df/IQRKpJgHnRqQQJByd4eQSA4fAS83utsBfBaNDvQwVOOsD-s?width=300&height=300
06-10-2023,213.5555267,214.3929596,210.557251,210.6652679,271152975,103,Binance Coin,BNB-USD,Crypto,Cryptocurrency,https://1drv.ms/i/c/8705623eb284e7df/IQRKpJgHnRqQQJByd4eQSA4fAS83utsBfBaNDvQwVOOsD-s?width=300&height=300
07-10-2023,212.3644714,213.8598633,211.7608032,213.5439606,211771782,103,Binance Coin,BNB-USD,Crypto,Cryptocurrency,https://1drv.ms/i/c/8705623eb284e7df/IQRKpJgHnRqQQJByd4eQSA4fAS83utsBfBaNDvQwVOOsD-s?width=300&height=300
08-10-2023,211.519989,212.8467712,209.7017822,212.381012,267193041,103,Binance Coin,BNB-USD,Crypto,Cryptocurrency,https://1drv.ms/i/c/8705623eb284e7df/IQRKpJgHnRqQQJByd4eQSA4fAS83utsBfBaNDvQwVOOsD-s?width=300&height=300
09-10-2023,205.7509613,212.1028595,203.6554413,211.5226135,416312027,103,Binance Coin,BNB-USD,Crypto,Cryptocurrency,https://1drv.ms/i/c/8705623eb284e7df/IQRKpJgHnRqQQJByd4eQSA4fAS83utsBfBaNDvQwVOOsD-s?width=300&height=300
10-10-2023,208.5768738,210.4542847,205.7500916,205.7500916,441959353,103,Binance Coin,BNB-USD,Crypto,Cryptocurrency,https://1drv.ms/i/c/8705623eb284e7df/IQRKpJgHnRqQQJByd4eQSA4fAS83utsBfBaNDvQwVOOsD-s?width=300&height=300
11-10-2023,206.5334167,208.730545,204.8092499,208.5822906,323117665,103,Binance Coin,BNB-USD,Crypto,Cryptocurrency,https://1drv.ms/i/c/8705623eb284e7df/IQRKpJgHnRqQQJByd4eQSA4fAS83utsBfBaNDvQwVOOsD-s?width=300&height=300
12-10-2023,205.2294159,206.6591034,203.6584473,206.5358734,302337006,103,Binance Coin,BNB-USD,Crypto,Cryptocurrency,https://1drv.ms/i/c/8705623eb284e7df/IQRKpJgHnRqQQJByd4eQSA4fAS83utsBfBaNDvQwVOOsD-s?width=300&height=300
13-10-2023,206.0361176,207.9425354,204.6176147,205.2257996,296977151,103,Binance Coin,BNB-USD,Crypto,Cryptocurrency,https://1drv.ms/i/c/8705623eb284e7df/IQRKpJgHnRqQQJByd4eQSA4fAS83utsBfBaNDvQwVOOsD-s?width=300&height=300
14-10-2023,206.6018982,207.0255432,205.8272858,206.0402832,203846460,103,Binance Coin,BNB-USD,Crypto,Cryptocurrency,https://1drv.ms/i/c/8705623eb284e7df/IQRKpJgHnRqQQJByd4eQSA4fAS83utsBfBaNDvQwVOOsD-s?width=300&height=300
15-10-2023,209.7425079,210.2316132,206.4785767,206.6002808,352524312,103,Binance Coin,BNB-USD,Crypto,Cryptocurrency,https://1drv.ms/i/c/8705623eb284e7df/IQRKpJgHnRqQQJByd4eQSA4fAS83utsBfBaNDvQwVOOsD-s?width=300&height=300
16-10-2023,214.8239594,217.1212311,209.7488098,209.7488098,521099239,103,Binance Coin,BNB-USD,Crypto,Cryptocurrency,https://1drv.ms/i/c/8705623eb284e7df/IQRKpJgHnRqQQJByd4eQSA4fAS83utsBfBaNDvQwVOOsD-s?width=300&height=300
17-10-2023,211.6432343,215.0122223,210.3823547,214.8121185,352621995,103,Binance Coin,BNB-USD,Crypto,Cryptocurrency,https://1drv.ms/i/c/8705623eb284e7df/IQRKpJgHnRqQQJByd4eQSA4fAS83utsBfBaNDvQwVOOsD-s?width=300&height=300
18-10-2023,210.5010376,213.5762787,210.0966949,211.6362,275336939,103,Binance Coin,BNB-USD,Crypto,Cryptocurrency,https://1drv.ms/i/c/8705623eb284e7df/IQRKpJgHnRqQQJByd4eQSA4fAS83utsBfBaNDvQwVOOsD-s?width=300&height=300
19-10-2023,211.144165,211.4120178,208.5371246,210.4916229,281310969,103,Binance Coin,BNB-USD,Crypto,Cryptocurrency,https://1drv.ms/i/c/8705623eb284e7df/IQRKpJgHnRqQQJByd4eQSA4fAS83utsBfBaNDvQwVOOsD-s?width=300&height=300
20-10-2023,212.3008423,216.102417,210.7465515,211.14505,335590168,103,Binance Coin,BNB-USD,Crypto,Cryptocurrency,https://1drv.ms/i/c/8705623eb284e7df/IQRKpJgHnRqQQJByd4eQSA4fAS83utsBfBaNDvQwVOOsD-s?width=300&height=300
21-10-2023,214.3056641,215.6127777,211.6225128,212.2985229,267943731,103,Binance Coin,BNB-USD,Crypto,Cryptocurrency,https://1drv.ms/i/c/8705623eb284e7df/IQRKpJgHnRqQQJByd4eQSA4fAS83utsBfBaNDvQwVOOsD-s?width=300&height=300
22-10-2023,217.7473755,218.0048523,213.8342896,214.3217316,286771903,103,Binance Coin,BNB-USD,Crypto,Cryptocurrency,https://1drv.ms/i/c/8705623eb284e7df/IQRKpJgHnRqQQJByd4eQSA4fAS83utsBfBaNDvQwVOOsD-s?width=300&height=300
23-10-2023,228.3527679,229.9814606,218.3049774,218.4559174,611625206,103,Binance Coin,BNB-USD,Crypto,Cryptocurrency,https://1drv.ms/i/c/8705623eb284e7df/IQRKpJgHnRqQQJByd4eQSA4fAS83utsBfBaNDvQwVOOsD-s?width=300&height=300
24-10-2023,225.1429596,236.7500763,223.1171417,228.3383026,658304834,103,Binance Coin,BNB-USD,Crypto,Cryptocurrency,https://1drv.ms/i/c/8705623eb284e7df/IQRKpJgHnRqQQJByd4eQSA4fAS83utsBfBaNDvQwVOOsD-s?width=300&height=300
25-10-2023,222.1799316,228.8148193,222.0341797,225.1686401,414309192,103,Binance Coin,BNB-USD,Crypto,Cryptocurrency,https://1drv.ms/i/c/8705623eb284e7df/IQRKpJgHnRqQQJByd4eQSA4fAS83utsBfBaNDvQwVOOsD-s?width=300&height=300
26-10-2023,223.2360382,227.8578796,219.9267273,222.1855164,438534864,103,Binance Coin,BNB-USD,Crypto,Cryptocurrency,https://1drv.ms/i/c/8705623eb284e7df/IQRKpJgHnRqQQJByd4eQSA4fAS83utsBfBaNDvQwVOOsD-s?width=300&height=300
27-10-2023,224.4759064,229.8517914,220.2035065,223.2190857,554008090,103,Binance Coin,BNB-USD,Crypto,Cryptocurrency,https://1drv.ms/i/c/8705623eb284e7df/IQRKpJgHnRqQQJByd4eQSA4fAS83utsBfBaNDvQwVOOsD-s?width=300&height=300
28-10-2023,225.7740784,227.9706116,224.3576202,224.4715118,244363054,103,Binance Coin,BNB-USD,Crypto,Cryptocurrency,https://1drv.ms/i/c/8705623eb284e7df/IQRKpJgHnRqQQJByd4eQSA4fAS83utsBfBaNDvQwVOOsD-s?width=300&height=300
29-10-2023,227.1484528,228.1461334,224.258316,225.7879944,207847188,103,Binance Coin,BNB-USD,Crypto,Cryptocurrency,https://1drv.ms/i/c/8705623eb284e7df/IQRKpJgHnRqQQJByd4eQSA4fAS83utsBfBaNDvQwVOOsD-s?width=300&height=300
30-10-2023,228.2874298,229.1914978,225.0212097,227.1349182,282899321,103,Binance Coin,BNB-USD,Crypto,Cryptocurrency,https://1drv.ms/i/c/8705623eb284e7df/IQRKpJgHnRqQQJByd4eQSA4fAS83utsBfBaNDvQwVOOsD-s?width=300&height=300
31-10-2023,226.4399414,229.2413025,224.3313141,228.2823639,319329197,103,Binance Coin,BNB-USD,Crypto,Cryptocurrency,https://1drv.ms/i/c/8705623eb284e7df/IQRKpJgHnRqQQJByd4eQSA4fAS83utsBfBaNDvQwVOOsD-s?width=300&height=300
01-11-2023,228.0001068,229.1410828,222.8603973,226.4181671,384772000,103,Binance Coin,BNB-USD,Crypto,Cryptocurrency,https://1drv.ms/i/c/8705623eb284e7df/IQRKpJgHnRqQQJByd4eQSA4fAS83utsBfBaNDvQwVOOsD-s?width=300&height=300
02-11-2023,231.7230225,233.3360748,227.907486,228.0166473,487639810,103,Binance Coin,BNB-USD,Crypto,Cryptocurrency,https://1drv.ms/i/c/8705623eb284e7df/IQRKpJgHnRqQQJByd4eQSA4fAS83utsBfBaNDvQwVOOsD-s?width=300&height=300
03-11-2023,230.6059723,232.211319,226.3467407,231.7032623,332547803,103,Binance Coin,BNB-USD,Crypto,Cryptocurrency,https://1drv.ms/i/c/8705623eb284e7df/IQRKpJgHnRqQQJByd4eQSA4fAS83utsBfBaNDvQwVOOsD-s?width=300&height=300
04-11-2023,237.4546051,238.509964,229.6553345,230.5974884,267965564,103,Binance Coin,BNB-USD,Crypto,Cryptocurrency,https://1drv.ms/i/c/8705623eb284e7df/IQRKpJgHnRqQQJByd4eQSA4fAS83utsBfBaNDvQwVOOsD-s?width=300&height=300
05-11-2023,244.3224792,245.5940247,236.7861786,237.4422302,419858434,103,Binance Coin,BNB-USD,Crypto,Cryptocurrency,https://1drv.ms/i/c/8705623eb284e7df/IQRKpJgHnRqQQJByd4eQSA4fAS83utsBfBaNDvQwVOOsD-s?width=300&height=300
06-11-2023,254.6347961,255.3423004,242.1800995,244.3204498,524115628,103,Binance Coin,BNB-USD,Crypto,Cryptocurrency,https://1drv.ms/i/c/8705623eb284e7df/IQRKpJgHnRqQQJByd4eQSA4fAS83utsBfBaNDvQwVOOsD-s?width=300&height=300
07-11-2023,246.3952942,255.5460968,242.6949768,254.6532898,549207441,103,Binance Coin,BNB-USD,Crypto,Cryptocurrency,https://1drv.ms/i/c/8705623eb284e7df/IQRKpJgHnRqQQJByd4eQSA4fAS83utsBfBaNDvQwVOOsD-s?width=300&height=300
08-11-2023,247.123291,247.8090668,244.5803833,246.3901215,369346518,103,Binance Coin,BNB-USD,Crypto,Cryptocurrency,https://1drv.ms/i/c/8705623eb284e7df/IQRKpJgHnRqQQJByd4eQSA4fAS83utsBfBaNDvQwVOOsD-s?width=300&height=300
09-11-2023,251.510849,255.4546509,243.3295441,247.0521698,1116630429,103,Binance Coin,BNB-USD,Crypto,Cryptocurrency,https://1drv.ms/i/c/8705623eb284e7df/IQRKpJgHnRqQQJByd4eQSA4fAS83utsBfBaNDvQwVOOsD-s?width=300&height=300
10-11-2023,251.0823669,257.7880249,248.9433136,251.526825,873515280,103,Binance Coin,BNB-USD,Crypto,Cryptocurrency,https://1drv.ms/i/c/8705623eb284e7df/IQRKpJgHnRqQQJByd4eQSA4fAS83utsBfBaNDvQwVOOsD-s?width=300&height=300
11-11-2023,251.4216156,255.0783997,246.7211304,251.0984802,872206327,103,Binance Coin,BNB-USD,Crypto,Cryptocurrency,https://1drv.ms/i/c/8705623eb284e7df/IQRKpJgHnRqQQJByd4eQSA4fAS83utsBfBaNDvQwVOOsD-s?width=300&height=300
12-11-2023,247.6400146,251.6469269,245.8324585,251.4344177,758715918,103,Binance Coin,BNB-USD,Crypto,Cryptocurrency,https://1drv.ms/i/c/8705623eb284e7df/IQRKpJgHnRqQQJByd4eQSA4fAS83utsBfBaNDvQwVOOsD-s?width=300&height=300
13-11-2023,241.3350677,250.1243134,241.1271362,247.6404724,888039233,103,Binance Coin,BNB-USD,Crypto,Cryptocurrency,https://1drv.ms/i/c/8705623eb284e7df/IQRKpJgHnRqQQJByd4eQSA4fAS83utsBfBaNDvQwVOOsD-s?width=300&height=300
14-11-2023,242.2636719,248.6652222,236.2857361,241.3698425,917236070,103,Binance Coin,BNB-USD,Crypto,Cryptocurrency,https://1drv.ms/i/c/8705623eb284e7df/IQRKpJgHnRqQQJByd4eQSA4fAS83utsBfBaNDvQwVOOsD-s?width=300&height=300
15-11-2023,253.7553406,254.181778,242.2611694,242.2810059,921052035,103,Binance Coin,BNB-USD,Crypto,Cryptocurrency,https://1drv.ms/i/c/8705623eb284e7df/IQRKpJgHnRqQQJByd4eQSA4fAS83utsBfBaNDvQwVOOsD-s?width=300&height=300
16-11-2023,242.7588806,255.5850372,240.6756744,253.7447815,950453378,103,Binance Coin,BNB-USD,Crypto,Cryptocurrency,https://1drv.ms/i/c/8705623eb284e7df/IQRKpJgHnRqQQJByd4eQSA4fAS83utsBfBaNDvQwVOOsD-s?width=300&height=300
17-11-2023,244.7453613,245.9875946,238.999649,242.8399506,788884171,103,Binance Coin,BNB-USD,Crypto,Cryptocurrency,https://1drv.ms/i/c/8705623eb284e7df/IQRKpJgHnRqQQJByd4eQSA4fAS83utsBfBaNDvQwVOOsD-s?width=300&height=300
18-11-2023,244.9507599,245.3530579,239.2808228,244.7462616,679630905,103,Binance Coin,BNB-USD,Crypto,Cryptocurrency,https://1drv.ms/i/c/8705623eb284e7df/IQRKpJgHnRqQQJByd4eQSA4fAS83utsBfBaNDvQwVOOsD-s?width=300&height=300
19-11-2023,246.5877838,246.936264,242.4235077,244.9676819,618053586,103,Binance Coin,BNB-USD,Crypto,Cryptocurrency,https://1drv.ms/i/c/8705623eb284e7df/IQRKpJgHnRqQQJByd4eQSA4fAS83utsBfBaNDvQwVOOsD-s?width=300&height=300
20-11-2023,253.6350861,263.8700256,243.1417542,246.584549,1289010990,103,Binance Coin,BNB-USD,Crypto,Cryptocurrency,https://1drv.ms/i/c/8705623eb284e7df/IQRKpJgHnRqQQJByd4eQSA4fAS83utsBfBaNDvQwVOOsD-s?width=300&height=300
21-11-2023,226.4864044,269.917572,224.9817047,253.6438599,2480554399,103,Binance Coin,BNB-USD,Crypto,Cryptocurrency,https://1drv.ms/i/c/8705623eb284e7df/IQRKpJgHnRqQQJByd4eQSA4fAS83utsBfBaNDvQwVOOsD-s?width=300&height=300
22-11-2023,236.1365967,238.1766968,225.6582489,226.461319,1338117919,103,Binance Coin,BNB-USD,Crypto,Cryptocurrency,https://1drv.ms/i/c/8705623eb284e7df/IQRKpJgHnRqQQJByd4eQSA4fAS83utsBfBaNDvQwVOOsD-s?width=300&height=300
23-11-2023,233.7658081,238.7913361,230.752243,236.0960236,766695224,103,Binance Coin,BNB-USD,Crypto,Cryptocurrency,https://1drv.ms/i/c/8705623eb284e7df/IQRKpJgHnRqQQJByd4eQSA4fAS83utsBfBaNDvQwVOOsD-s?width=300&height=300
24-11-2023,232.9009552,236.379303,232.1928558,233.7527008,709881299,103,Binance Coin,BNB-USD,Crypto,Cryptocurrency,https://1drv.ms/i/c/8705623eb284e7df/IQRKpJgHnRqQQJByd4eQSA4fAS83utsBfBaNDvQwVOOsD-s?width=300&height=300
25-11-2023,234.4399414,235.7812958,232.6833496,232.9174347,553022191,103,Binance Coin,BNB-USD,Crypto,Cryptocurrency,https://1drv.ms/i/c/8705623eb284e7df/IQRKpJgHnRqQQJByd4eQSA4fAS83utsBfBaNDvQwVOOsD-s?width=300&height=300
26-11-2023,232.0471954,234.4946594,229.3850555,234.4282074,606332049,103,Binance Coin,BNB-USD,Crypto,Cryptocurrency,https://1drv.ms/i/c/8705623eb284e7df/IQRKpJgHnRqQQJByd4eQSA4fAS83utsBfBaNDvQwVOOsD-s?width=300&height=300
27-11-2023,227.4214783,232.8093872,223.4868317,231.9838867,795547656,103,Binance Coin,BNB-USD,Crypto,Cryptocurrency,https://1drv.ms/i/c/8705623eb284e7df/IQRKpJgHnRqQQJByd4eQSA4fAS83utsBfBaNDvQwVOOsD-s?width=300&height=300
28-11-2023,229.6929626,231.7555237,224.6786346,227.4279938,674267936,103,Binance Coin,BNB-USD,Crypto,Cryptocurrency,https://1drv.ms/i/c/8705623eb284e7df/IQRKpJgHnRqQQJByd4eQSA4fAS83utsBfBaNDvQwVOOsD-s?width=300&height=300
29-11-2023,227.3427582,231.1974487,226.5194397,229.6932373,602240832,103,Binance Coin,BNB-USD,Crypto,Cryptocurrency,https://1drv.ms/i/c/8705623eb284e7df/IQRKpJgHnRqQQJByd4eQSA4fAS83utsBfBaNDvQwVOOsD-s?width=300&height=300
30-11-2023,227.6838074,229.1439667,226.2265472,227.3430328,572448874,103,Binance Coin,BNB-USD,Crypto,Cryptocurrency,https://1drv.ms/i/c/8705623eb284e7df/IQRKpJgHnRqQQJByd4eQSA4fAS83utsBfBaNDvQwVOOsD-s?width=300&height=300
01-12-2023,228.545639,229.8910675,227.232666,227.6888123,611750028,103,Binance Coin,BNB-USD,Crypto,Cryptocurrency,https://1drv.ms/i/c/8705623eb284e7df/IQRKpJgHnRqQQJByd4eQSA4fAS83utsBfBaNDvQwVOOsD-s?width=300&height=300
02-12-2023,229.3008423,230.0343018,226.6896057,228.538559,628871423,103,Binance Coin,BNB-USD,Crypto,Cryptocurrency,https://1drv.ms/i/c/8705623eb284e7df/IQRKpJgHnRqQQJByd4eQSA4fAS83utsBfBaNDvQwVOOsD-s?width=300&height=300
03-12-2023,228.0982056,231.6390381,226.4960175,229.2895355,719496781,103,Binance Coin,BNB-USD,Crypto,Cryptocurrency,https://1drv.ms/i/c/8705623eb284e7df/IQRKpJgHnRqQQJByd4eQSA4fAS83utsBfBaNDvQwVOOsD-s?width=300&height=300
04-12-2023,233.2953033,236.8349457,227.1553192,228.07547,2139028703,103,Binance Coin,BNB-USD,Crypto,Cryptocurrency,https://1drv.ms/i/c/8705623eb284e7df/IQRKpJgHnRqQQJByd4eQSA4fAS83utsBfBaNDvQwVOOsD-s?width=300&height=300
05-12-2023,231.2613525,234.4846802,228.4075317,233.3086548,851959167,103,Binance Coin,BNB-USD,Crypto,Cryptocurrency,https://1drv.ms/i/c/8705623eb284e7df/IQRKpJgHnRqQQJByd4eQSA4fAS83utsBfBaNDvQwVOOsD-s?width=300&height=300
06-12-2023,229.424408,234.5861053,229.424408,231.263443,850327297,103,Binance Coin,BNB-USD,Crypto,Cryptocurrency,https://1drv.ms/i/c/8705623eb284e7df/IQRKpJgHnRqQQJByd4eQSA4fAS83utsBfBaNDvQwVOOsD-s?width=300&height=300
07-12-2023,232.9774323,234.5384369,229.2009735,229.5322113,813730268,103,Binance Coin,BNB-USD,Crypto,Cryptocurrency,https://1drv.ms/i/c/8705623eb284e7df/IQRKpJgHnRqQQJByd4eQSA4fAS83utsBfBaNDvQwVOOsD-s?width=300&height=300
08-12-2023,238.9159851,239.8386993,232.6486053,232.960495,828993280,103,Binance Coin,BNB-USD,Crypto,Cryptocurrency,https://1drv.ms/i/c/8705623eb284e7df/IQRKpJgHnRqQQJByd4eQSA4fAS83utsBfBaNDvQwVOOsD-s?width=300&height=300
09-12-2023,237.7686005,245.0052795,237.079895,238.9132538,856746249,103,Binance Coin,BNB-USD,Crypto,Cryptocurrency,https://1drv.ms/i/c/8705623eb284e7df/IQRKpJgHnRqQQJByd4eQSA4fAS83utsBfBaNDvQwVOOsD-s?width=300&height=300
10-12-2023,239.7331543,241.2505798,237.5577545,237.7937164,640133489,103,Binance Coin,BNB-USD,Crypto,Cryptocurrency,https://1drv.ms/i/c/8705623eb284e7df/IQRKpJgHnRqQQJByd4eQSA4fAS83utsBfBaNDvQwVOOsD-s?width=300&height=300
11-12-2023,246.4208679,246.7558594,230.5310364,239.7689056,1442275453,103,Binance Coin,BNB-USD,Crypto,Cryptocurrency,https://1drv.ms/i/c/8705623eb284e7df/IQRKpJgHnRqQQJByd4eQSA4fAS83utsBfBaNDvQwVOOsD-s?width=300&height=300
12-12-2023,254.4949799,256.709198,245.9919434,246.3657837,1394681963,103,Binance Coin,BNB-USD,Crypto,Cryptocurrency,https://1drv.ms/i/c/8705623eb284e7df/IQRKpJgHnRqQQJByd4eQSA4fAS83utsBfBaNDvQwVOOsD-s?width=300&height=300
13-12-2023,252.4233246,255.562973,244.8139801,254.4039612,1052163656,103,Binance Coin,BNB-USD,Crypto,Cryptocurrency,https://1drv.ms/i/c/8705623eb284e7df/IQRKpJgHnRqQQJByd4eQSA4fAS83utsBfBaNDvQwVOOsD-s?width=300&height=300
14-12-2023,253.541214,254.0879211,248.725708,252.4056091,876150236,103,Binance Coin,BNB-USD,Crypto,Cryptocurrency,https://1drv.ms/i/c/8705623eb284e7df/IQRKpJgHnRqQQJByd4eQSA4fAS83utsBfBaNDvQwVOOsD-s?width=300&height=300
15-12-2023,244.8984375,253.5497131,243.8673706,253.5174408,769388533,103,Binance Coin,BNB-USD,Crypto,Cryptocurrency,https://1drv.ms/i/c/8705623eb284e7df/IQRKpJgHnRqQQJByd4eQSA4fAS83utsBfBaNDvQwVOOsD-s?width=300&height=300
16-12-2023,244.3509674,248.08638,243.4506531,244.8964233,651447427,103,Binance Coin,BNB-USD,Crypto,Cryptocurrency,https://1drv.ms/i/c/8705623eb284e7df/IQRKpJgHnRqQQJByd4eQSA4fAS83utsBfBaNDvQwVOOsD-s?width=300&height=300
17-12-2023,239.3082886,244.4321747,239.2306366,244.350708,650163942,103,Binance Coin,BNB-USD,Crypto,Cryptocurrency,https://1drv.ms/i/c/8705623eb284e7df/IQRKpJgHnRqQQJByd4eQSA4fAS83utsBfBaNDvQwVOOsD-s?width=300&height=300
18-12-2023,241.3484344,241.3484344,232.7528076,239.2471466,871708609,103,Binance Coin,BNB-USD,Crypto,Cryptocurrency,https://1drv.ms/i/c/8705623eb284e7df/IQRKpJgHnRqQQJByd4eQSA4fAS83utsBfBaNDvQwVOOsD-s?width=300&height=300
19-12-2023,252.6371918,254.574585,241.3476868,241.3476868,1254351945,103,Binance Coin,BNB-USD,Crypto,Cryptocurrency,https://1drv.ms/i/c/8705623eb284e7df/IQRKpJgHnRqQQJByd4eQSA4fAS83utsBfBaNDvQwVOOsD-s?width=300&height=300
20-12-2023,260.1073608,261.5574036,250.7650452,252.6297607,1053279744,103,Binance Coin,BNB-USD,Crypto,Cryptocurrency,https://1drv.ms/i/c/8705623eb284e7df/IQRKpJgHnRqQQJByd4eQSA4fAS83utsBfBaNDvQwVOOsD-s?width=300&height=300
21-12-2023,271.246582,274.4406128,256.5984802,260.1486206,1183480386,103,Binance Coin,BNB-USD,Crypto,Cryptocurrency,https://1drv.ms/i/c/8705623eb284e7df/IQRKpJgHnRqQQJByd4eQSA4fAS83utsBfBaNDvQwVOOsD-s?width=300&height=300
22-12-2023,271.3764954,276.15979,265.4194946,271.2765198,1014769310,103,Binance Coin,BNB-USD,Crypto,Cryptocurrency,https://1drv.ms/i/c/8705623eb284e7df/IQRKpJgHnRqQQJByd4eQSA4fAS83utsBfBaNDvQwVOOsD-s?width=300&height=300
23-12-2023,271.3909607,272.1670837,266.168457,271.3812866,695725248,103,Binance Coin,BNB-USD,Crypto,Cryptocurrency,https://1drv.ms/i/c/8705623eb284e7df/IQRKpJgHnRqQQJByd4eQSA4fAS83utsBfBaNDvQwVOOsD-s?width=300&height=300
24-12-2023,264.7171021,272.5901489,262.7756348,271.377533,803502105,103,Binance Coin,BNB-USD,Crypto,Cryptocurrency,https://1drv.ms/i/c/8705623eb284e7df/IQRKpJgHnRqQQJByd4eQSA4fAS83utsBfBaNDvQwVOOsD-s?width=300&height=300
25-12-2023,267.0733643,267.9342041,262.4871216,264.7352905,738674209,103,Binance Coin,BNB-USD,Crypto,Cryptocurrency,https://1drv.ms/i/c/8705623eb284e7df/IQRKpJgHnRqQQJByd4eQSA4fAS83utsBfBaNDvQwVOOsD-s?width=300&height=300
26-12-2023,297.6932373,302.7075806,265.0900574,267.0721741,1941843757,103,Binance Coin,BNB-USD,Crypto,Cryptocurrency,https://1drv.ms/i/c/8705623eb284e7df/IQRKpJgHnRqQQJByd4eQSA4fAS83utsBfBaNDvQwVOOsD-s?width=300&height=300
27-12-2023,323.6773376,323.7694092,286.4033813,297.7483215,1893987416,103,Binance Coin,BNB-USD,Crypto,Cryptocurrency,https://1drv.ms/i/c/8705623eb284e7df/IQRKpJgHnRqQQJByd4eQSA4fAS83utsBfBaNDvQwVOOsD-s?width=300&height=300
28-12-2023,323.598999,337.4258118,321.327301,323.8037109,1987714005,103,Binance Coin,BNB-USD,Crypto,Cryptocurrency,https://1drv.ms/i/c/8705623eb284e7df/IQRKpJgHnRqQQJByd4eQSA4fAS83utsBfBaNDvQwVOOsD-s?width=300&height=300
29-12-2023,313.8787537,325.5014343,309.1914368,323.513031,1415732360,103,Binance Coin,BNB-USD,Crypto,Cryptocurrency,https://1drv.ms/i/c/8705623eb284e7df/IQRKpJgHnRqQQJByd4eQSA4fAS83utsBfBaNDvQwVOOsD-s?width=300&height=300
30-12-2023,317.1661987,320.1115723,313.5600586,313.8419495,901159404,103,Binance Coin,BNB-USD,Crypto,Cryptocurrency,https://1drv.ms/i/c/8705623eb284e7df/IQRKpJgHnRqQQJByd4eQSA4fAS83utsBfBaNDvQwVOOsD-s?width=300&height=300
31-12-2023,312.4356995,325.0065308,310.6978455,317.0681458,953254184,103,Binance Coin,BNB-USD,Crypto,Cryptocurrency,https://1drv.ms/i/c/8705623eb284e7df/IQRKpJgHnRqQQJByd4eQSA4fAS83utsBfBaNDvQwVOOsD-s?width=300&height=300
01-01-2024,314.4082947,315.7456665,308.0967407,312.3859253,910568057,103,Binance Coin,BNB-USD,Crypto,Cryptocurrency,https://1drv.ms/i/c/8705623eb284e7df/IQRKpJgHnRqQQJByd4eQSA4fAS83utsBfBaNDvQwVOOsD-s?width=300&height=300
02-01-2024,312.1038208,320.9332275,308.350647,314.2675476,1133024158,103,Binance Coin,BNB-USD,Crypto,Cryptocurrency,https://1drv.ms/i/c/8705623eb284e7df/IQRKpJgHnRqQQJByd4eQSA4fAS83utsBfBaNDvQwVOOsD-s?width=300&height=300
03-01-2024,316.6612854,332.7492065,301.4191895,312.1516113,1927148986,103,Binance Coin,BNB-USD,Crypto,Cryptocurrency,https://1drv.ms/i/c/8705623eb284e7df/IQRKpJgHnRqQQJByd4eQSA4fAS83utsBfBaNDvQwVOOsD-s?width=300&height=300
04-01-2024,323.6000061,323.8224792,312.1454468,316.6244507,1285291962,103,Binance Coin,BNB-USD,Crypto,Cryptocurrency,https://1drv.ms/i/c/8705623eb284e7df/IQRKpJgHnRqQQJByd4eQSA4fAS83utsBfBaNDvQwVOOsD-s?width=300&height=300
05-01-2024,317.4502869,327.0423279,310.6506653,323.6202393,1257230413,103,Binance Coin,BNB-USD,Crypto,Cryptocurrency,https://1drv.ms/i/c/8705623eb284e7df/IQRKpJgHnRqQQJByd4eQSA4fAS83utsBfBaNDvQwVOOsD-s?width=300&height=300
06-01-2024,307.7944946,317.8272705,301.3959656,317.4951782,1051283820,103,Binance Coin,BNB-USD,Crypto,Cryptocurrency,https://1drv.ms/i/c/8705623eb284e7df/IQRKpJgHnRqQQJByd4eQSA4fAS83utsBfBaNDvQwVOOsD-s?width=300&height=300
07-01-2024,302.8905334,309.8823853,301.0862122,307.7940674,817795075,103,Binance Coin,BNB-USD,Crypto,Cryptocurrency,https://1drv.ms/i/c/8705623eb284e7df/IQRKpJgHnRqQQJByd4eQSA4fAS83utsBfBaNDvQwVOOsD-s?width=300&height=300
08-01-2024,304.5003967,308.2834778,290.8804016,302.9035034,1141697708,103,Binance Coin,BNB-USD,Crypto,Cryptocurrency,https://1drv.ms/i/c/8705623eb284e7df/IQRKpJgHnRqQQJByd4eQSA4fAS83utsBfBaNDvQwVOOsD-s?width=300&height=300
09-01-2024,300.9761047,306.6708069,296.519989,304.4752502,1374376391,103,Binance Coin,BNB-USD,Crypto,Cryptocurrency,https://1drv.ms/i/c/8705623eb284e7df/IQRKpJgHnRqQQJByd4eQSA4fAS83utsBfBaNDvQwVOOsD-s?width=300&height=300
10-01-2024,305.0968323,309.6028748,290.1220398,300.982605,1199728038,103,Binance Coin,BNB-USD,Crypto,Cryptocurrency,https://1drv.ms/i/c/8705623eb284e7df/IQRKpJgHnRqQQJByd4eQSA4fAS83utsBfBaNDvQwVOOsD-s?width=300&height=300
11-01-2024,308.7015076,316.7200623,302.647522,305.2237854,1326827289,103,Binance Coin,BNB-USD,Crypto,Cryptocurrency,https://1drv.ms/i/c/8705623eb284e7df/IQRKpJgHnRqQQJByd4eQSA4fAS83utsBfBaNDvQwVOOsD-s?width=300&height=300
12-01-2024,296.6304626,312.6865845,290.7372742,308.6283264,1198386629,103,Binance Coin,BNB-USD,Crypto,Cryptocurrency,https://1drv.ms/i/c/8705623eb284e7df/IQRKpJgHnRqQQJByd4eQSA4fAS83utsBfBaNDvQwVOOsD-s?width=300&height=300
13-01-2024,302.2272949,302.9240417,291.5197449,296.6254272,816347256,103,Binance Coin,BNB-USD,Crypto,Cryptocurrency,https://1drv.ms/i/c/8705623eb284e7df/IQRKpJgHnRqQQJByd4eQSA4fAS83utsBfBaNDvQwVOOsD-s?width=300&height=300
14-01-2024,299.0513306,306.5023193,299.0142517,302.2271118,787643004,103,Binance Coin,BNB-USD,Crypto,Cryptocurrency,https://1drv.ms/i/c/8705623eb284e7df/IQRKpJgHnRqQQJByd4eQSA4fAS83utsBfBaNDvQwVOOsD-s?width=300&height=300
15-01-2024,317.5672607,319.5900574,299.0258179,299.0258179,1667214322,103,Binance Coin,BNB-USD,Crypto,Cryptocurrency,https://1drv.ms/i/c/8705623eb284e7df/IQRKpJgHnRqQQJByd4eQSA4fAS83utsBfBaNDvQwVOOsD-s?width=300&height=300
16-01-2024,315.2262573,318.7459412,313.5428467,317.5467834,1143877764,103,Binance Coin,BNB-USD,Crypto,Cryptocurrency,https://1drv.ms/i/c/8705623eb284e7df/IQRKpJgHnRqQQJByd4eQSA4fAS83utsBfBaNDvQwVOOsD-s?width=300&height=300
17-01-2024,309.0853882,315.9275513,307.3587646,315.1612244,1206464161,103,Binance Coin,BNB-USD,Crypto,Cryptocurrency,https://1drv.ms/i/c/8705623eb284e7df/IQRKpJgHnRqQQJByd4eQSA4fAS83utsBfBaNDvQwVOOsD-s?width=300&height=300
18-01-2024,313.2928772,315.1431885,305.7171631,309.0931091,1105813150,103,Binance Coin,BNB-USD,Crypto,Cryptocurrency,https://1drv.ms/i/c/8705623eb284e7df/IQRKpJgHnRqQQJByd4eQSA4fAS83utsBfBaNDvQwVOOsD-s?width=300&height=300
19-01-2024,314.3004456,315.6400757,306.3778381,313.2928772,1036123822,103,Binance Coin,BNB-USD,Crypto,Cryptocurrency,https://1drv.ms/i/c/8705623eb284e7df/IQRKpJgHnRqQQJByd4eQSA4fAS83utsBfBaNDvQwVOOsD-s?width=300&height=300
20-01-2024,316.9603882,316.9603882,312.3036194,314.3002319,694855739,103,Binance Coin,BNB-USD,Crypto,Cryptocurrency,https://1drv.ms/i/c/8705623eb284e7df/IQRKpJgHnRqQQJByd4eQSA4fAS83utsBfBaNDvQwVOOsD-s?width=300&height=300
21-01-2024,318.3186951,321.2838135,316.2225952,316.9617615,723174009,103,Binance Coin,BNB-USD,Crypto,Cryptocurrency,https://1drv.ms/i/c/8705623eb284e7df/IQRKpJgHnRqQQJByd4eQSA4fAS83utsBfBaNDvQwVOOsD-s?width=300&height=300
22-01-2024,305.4370117,319.7400818,304.5782166,318.3790894,948987847,103,Binance Coin,BNB-USD,Crypto,Cryptocurrency,https://1drv.ms/i/c/8705623eb284e7df/IQRKpJgHnRqQQJByd4eQSA4fAS83utsBfBaNDvQwVOOsD-s?width=300&height=300
23-01-2024,298.4039001,311.1738586,291.0572815,305.4375,1065495592,103,Binance Coin,BNB-USD,Crypto,Cryptocurrency,https://1drv.ms/i/c/8705623eb284e7df/IQRKpJgHnRqQQJByd4eQSA4fAS83utsBfBaNDvQwVOOsD-s?width=300&height=300
24-01-2024,293.0914307,300.3409729,290.8543396,298.4072266,960725208,103,Binance Coin,BNB-USD,Crypto,Cryptocurrency,https://1drv.ms/i/c/8705623eb284e7df/IQRKpJgHnRqQQJByd4eQSA4fAS83utsBfBaNDvQwVOOsD-s?width=300&height=300
25-01-2024,291.919281,296.0524902,287.7281494,293.0929871,1086918042,103,Binance Coin,BNB-USD,Crypto,Cryptocurrency,https://1drv.ms/i/c/8705623eb284e7df/IQRKpJgHnRqQQJByd4eQSA4fAS83utsBfBaNDvQwVOOsD-s?width=300&height=300
26-01-2024,302.3179932,303.7918396,290.8773804,291.9390564,964268733,103,Binance Coin,BNB-USD,Crypto,Cryptocurrency,https://1drv.ms/i/c/8705623eb284e7df/IQRKpJgHnRqQQJByd4eQSA4fAS83utsBfBaNDvQwVOOsD-s?width=300&height=300
27-01-2024,305.8248291,307.411438,302.0614319,302.3171692,691653061,103,Binance Coin,BNB-USD,Crypto,Cryptocurrency,https://1drv.ms/i/c/8705623eb284e7df/IQRKpJgHnRqQQJByd4eQSA4fAS83utsBfBaNDvQwVOOsD-s?width=300&height=300
28-01-2024,304.9756165,308.7686462,303.2923584,305.7743835,782354766,103,Binance Coin,BNB-USD,Crypto,Cryptocurrency,https://1drv.ms/i/c/8705623eb284e7df/IQRKpJgHnRqQQJByd4eQSA4fAS83utsBfBaNDvQwVOOsD-s?width=300&height=300
29-01-2024,310.7080078,310.7130127,304.6035767,305.0214539,824640185,103,Binance Coin,BNB-USD,Crypto,Cryptocurrency,https://1drv.ms/i/c/8705623eb284e7df/IQRKpJgHnRqQQJByd4eQSA4fAS83utsBfBaNDvQwVOOsD-s?width=300&height=300
30-01-2024,307.462738,312.9622192,306.9179382,310.7080078,777667889,103,Binance Coin,BNB-USD,Crypto,Cryptocurrency,https://1drv.ms/i/c/8705623eb284e7df/IQRKpJgHnRqQQJByd4eQSA4fAS83utsBfBaNDvQwVOOsD-s?width=300&height=300
31-01-2024,300.3510742,307.8649902,298.9606323,307.4723816,814318731,103,Binance Coin,BNB-USD,Crypto,Cryptocurrency,https://1drv.ms/i/c/8705623eb284e7df/IQRKpJgHnRqQQJByd4eQSA4fAS83utsBfBaNDvQwVOOsD-s?width=300&height=300
01-02-2024,300.1759033,301.8831787,296.5621338,300.3510742,754502530,103,Binance Coin,BNB-USD,Crypto,Cryptocurrency,https://1drv.ms/i/c/8705623eb284e7df/IQRKpJgHnRqQQJByd4eQSA4fAS83utsBfBaNDvQwVOOsD-s?width=300&height=300
02-02-2024,301.1549683,304.2850647,299.9427795,300.1639099,699579739,103,Binance Coin,BNB-USD,Crypto,Cryptocurrency,https://1drv.ms/i/c/8705623eb284e7df/IQRKpJgHnRqQQJByd4eQSA4fAS83utsBfBaNDvQwVOOsD-s?width=300&height=300
03-02-2024,299.7367249,303.5091553,299.625061,301.1813965,606345017,103,Binance Coin,BNB-USD,Crypto,Cryptocurrency,https://1drv.ms/i/c/8705623eb284e7df/IQRKpJgHnRqQQJByd4eQSA4fAS83utsBfBaNDvQwVOOsD-s?width=300&height=300
04-02-2024,304.7341614,307.4093323,298.212616,299.7156677,818836774,103,Binance Coin,BNB-USD,Crypto,Cryptocurrency,https://1drv.ms/i/c/8705623eb284e7df/IQRKpJgHnRqQQJByd4eQSA4fAS83utsBfBaNDvQwVOOsD-s?width=300&height=300
05-02-2024,300.8540344,306.5231323,299.5491333,304.7184448,826414727,103,Binance Coin,BNB-USD,Crypto,Cryptocurrency,https://1drv.ms/i/c/8705623eb284e7df/IQRKpJgHnRqQQJByd4eQSA4fAS83utsBfBaNDvQwVOOsD-s?width=300&height=300
06-02-2024,302.710144,303.5723572,300.6394653,300.8583679,680038428,103,Binance Coin,BNB-USD,Crypto,Cryptocurrency,https://1drv.ms/i/c/8705623eb284e7df/IQRKpJgHnRqQQJByd4eQSA4fAS83utsBfBaNDvQwVOOsD-s?width=300&height=300
07-02-2024,307.6345825,308.4780884,300.8495483,302.7116089,776516914,103,Binance Coin,BNB-USD,Crypto,Cryptocurrency,https://1drv.ms/i/c/8705623eb284e7df/IQRKpJgHnRqQQJByd4eQSA4fAS83utsBfBaNDvQwVOOsD-s?width=300&height=300
08-02-2024,318.8718872,320.4073486,307.5062256,307.5735474,1206142745,103,Binance Coin,BNB-USD,Crypto,Cryptocurrency,https://1drv.ms/i/c/8705623eb284e7df/IQRKpJgHnRqQQJByd4eQSA4fAS83utsBfBaNDvQwVOOsD-s?width=300&height=300
09-02-2024,323.8422852,325.6445923,318.2023926,318.9233704,1094700959,103,Binance Coin,BNB-USD,Crypto,Cryptocurrency,https://1drv.ms/i/c/8705623eb284e7df/IQRKpJgHnRqQQJByd4eQSA4fAS83utsBfBaNDvQwVOOsD-s?width=300&height=300
10-02-2024,323.1338806,325.4266968,319.5799561,323.8716125,737748174,103,Binance Coin,BNB-USD,Crypto,Cryptocurrency,https://1drv.ms/i/c/8705623eb284e7df/IQRKpJgHnRqQQJByd4eQSA4fAS83utsBfBaNDvQwVOOsD-s?width=300&height=300
11-02-2024,320.7875366,324.7683105,320.3093872,323.1035156,706320478,103,Binance Coin,BNB-USD,Crypto,Cryptocurrency,https://1drv.ms/i/c/8705623eb284e7df/IQRKpJgHnRqQQJByd4eQSA4fAS83utsBfBaNDvQwVOOsD-s?width=300&height=300
12-02-2024,327.9446106,331.4398499,315.9324341,320.8040161,982444950,103,Binance Coin,BNB-USD,Crypto,Cryptocurrency,https://1drv.ms/i/c/8705623eb284e7df/IQRKpJgHnRqQQJByd4eQSA4fAS83utsBfBaNDvQwVOOsD-s?width=300&height=300
13-02-2024,324.8682251,329.20578,319.4844055,327.9324036,886487720,103,Binance Coin,BNB-USD,Crypto,Cryptocurrency,https://1drv.ms/i/c/8705623eb284e7df/IQRKpJgHnRqQQJByd4eQSA4fAS83utsBfBaNDvQwVOOsD-s?width=300&height=300
14-02-2024,334.2459717,334.3691406,323.8765869,324.8655701,887463520,103,Binance Coin,BNB-USD,Crypto,Cryptocurrency,https://1drv.ms/i/c/8705623eb284e7df/IQRKpJgHnRqQQJByd4eQSA4fAS83utsBfBaNDvQwVOOsD-s?width=300&height=300
15-02-2024,354.7108154,365.1331177,333.8529968,334.2108765,1744161787,103,Binance Coin,BNB-USD,Crypto,Cryptocurrency,https://1drv.ms/i/c/8705623eb284e7df/IQRKpJgHnRqQQJByd4eQSA4fAS83utsBfBaNDvQwVOOsD-s?width=300&height=300
16-02-2024,360.8903809,365.5620728,351.7015991,354.687561,1461675119,103,Binance Coin,BNB-USD,Crypto,Cryptocurrency,https://1drv.ms/i/c/8705623eb284e7df/IQRKpJgHnRqQQJByd4eQSA4fAS83utsBfBaNDvQwVOOsD-s?width=300&height=300
17-02-2024,352.9081116,363.2817993,349.0432129,360.8729553,1101515839,103,Binance Coin,BNB-USD,Crypto,Cryptocurrency,https://1drv.ms/i/c/8705623eb284e7df/IQRKpJgHnRqQQJByd4eQSA4fAS83utsBfBaNDvQwVOOsD-s?width=300&height=300
18-02-2024,349.6799622,358.0088501,349.6799622,352.9129944,959954204,103,Binance Coin,BNB-USD,Crypto,Cryptocurrency,https://1drv.ms/i/c/8705623eb284e7df/IQRKpJgHnRqQQJByd4eQSA4fAS83utsBfBaNDvQwVOOsD-s?width=300&height=300
19-02-2024,351.8070984,355.6981201,349.6237793,349.6782837,1290009052,103,Binance Coin,BNB-USD,Crypto,Cryptocurrency,https://1drv.ms/i/c/8705623eb284e7df/IQRKpJgHnRqQQJByd4eQSA4fAS83utsBfBaNDvQwVOOsD-s?width=300&height=300
20-02-2024,354.8639221,360.3736267,346.0740051,351.8079529,1489888631,103,Binance Coin,BNB-USD,Crypto,Cryptocurrency,https://1drv.ms/i/c/8705623eb284e7df/IQRKpJgHnRqQQJByd4eQSA4fAS83utsBfBaNDvQwVOOsD-s?width=300&height=300
21-02-2024,378.537323,379.0655212,351.4012451,354.8638611,2264483250,103,Binance Coin,BNB-USD,Crypto,Cryptocurrency,https://1drv.ms/i/c/8705623eb284e7df/IQRKpJgHnRqQQJByd4eQSA4fAS83utsBfBaNDvQwVOOsD-s?width=300&height=300
22-02-2024,382.0097656,386.5940857,374.3027039,378.7139587,2002118598,103,Binance Coin,BNB-USD,Crypto,Cryptocurrency,https://1drv.ms/i/c/8705623eb284e7df/IQRKpJgHnRqQQJByd4eQSA4fAS83utsBfBaNDvQwVOOsD-s?width=300&height=300
23-02-2024,375.3190918,385.4579468,369.4000854,381.9831238,1755398357,103,Binance Coin,BNB-USD,Crypto,Cryptocurrency,https://1drv.ms/i/c/8705623eb284e7df/IQRKpJgHnRqQQJByd4eQSA4fAS83utsBfBaNDvQwVOOsD-s?width=300&height=300
24-02-2024,381.7427979,383.0737,371.9991455,375.323822,1088410661,103,Binance Coin,BNB-USD,Crypto,Cryptocurrency,https://1drv.ms/i/c/8705623eb284e7df/IQRKpJgHnRqQQJByd4eQSA4fAS83utsBfBaNDvQwVOOsD-s?width=300&height=300
25-02-2024,388.5517273,390.4501038,378.1285706,381.7426147,1324081579,103,Binance Coin,BNB-USD,Crypto,Cryptocurrency,https://1drv.ms/i/c/8705623eb284e7df/IQRKpJgHnRqQQJByd4eQSA4fAS83utsBfBaNDvQwVOOsD-s?width=300&height=300
26-02-2024,401.6438904,404.440094,382.2568665,388.5350037,2011146388,103,Binance Coin,BNB-USD,Crypto,Cryptocurrency,https://1drv.ms/i/c/8705623eb284e7df/IQRKpJgHnRqQQJByd4eQSA4fAS83utsBfBaNDvQwVOOsD-s?width=300&height=300
27-02-2024,394.995636,403.7400513,390.9178772,401.6438904,1750697179,103,Binance Coin,BNB-USD,Crypto,Cryptocurrency,https://1drv.ms/i/c/8705623eb284e7df/IQRKpJgHnRqQQJByd4eQSA4fAS83utsBfBaNDvQwVOOsD-s?width=300&height=300
28-02-2024,415.7716064,427.046814,394.6610718,394.9517212,2323818531,103,Binance Coin,BNB-USD,Crypto,Cryptocurrency,https://1drv.ms/i/c/8705623eb284e7df/IQRKpJgHnRqQQJByd4eQSA4fAS83utsBfBaNDvQwVOOsD-s?width=300&height=300
29-02-2024,399.778717,419.7790222,392.3798828,415.5836182,2058367303,103,Binance Coin,BNB-USD,Crypto,Cryptocurrency,https://1drv.ms/i/c/8705623eb284e7df/IQRKpJgHnRqQQJByd4eQSA4fAS83utsBfBaNDvQwVOOsD-s?width=300&height=300
01-03-2024,407.8107605,408.5527954,399.478302,399.6724243,1527194519,103,Binance Coin,BNB-USD,Crypto,Cryptocurrency,https://1drv.ms/i/c/8705623eb284e7df/IQRKpJgHnRqQQJByd4eQSA4fAS83utsBfBaNDvQwVOOsD-s?width=300&height=300
02-03-2024,410.9858704,414.8451538,406.5416565,407.8048401,1520439801,103,Binance Coin,BNB-USD,Crypto,Cryptocurrency,https://1drv.ms/i/c/8705623eb284e7df/IQRKpJgHnRqQQJByd4eQSA4fAS83utsBfBaNDvQwVOOsD-s?width=300&height=300
03-03-2024,414.381073,416.6257019,405.0853271,410.9778137,1810575392,103,Binance Coin,BNB-USD,Crypto,Cryptocurrency,https://1drv.ms/i/c/8705623eb284e7df/IQRKpJgHnRqQQJByd4eQSA4fAS83utsBfBaNDvQwVOOsD-s?width=300&height=300
04-03-2024,419.0354309,423.8005676,411.476532,414.414032,2111212949,103,Binance Coin,BNB-USD,Crypto,Cryptocurrency,https://1drv.ms/i/c/8705623eb284e7df/IQRKpJgHnRqQQJByd4eQSA4fAS83utsBfBaNDvQwVOOsD-s?width=300&height=300
05-03-2024,394.6617432,427.0828857,363.2206421,419.016449,3319029162,103,Binance Coin,BNB-USD,Crypto,Cryptocurrency,https://1drv.ms/i/c/8705623eb284e7df/IQRKpJgHnRqQQJByd4eQSA4fAS83utsBfBaNDvQwVOOsD-s?width=300&height=300
06-03-2024,429.0119629,433.4255066,386.2295227,394.6649475,3281109608,103,Binance Coin,BNB-USD,Crypto,Cryptocurrency,https://1drv.ms/i/c/8705623eb284e7df/IQRKpJgHnRqQQJByd4eQSA4fAS83utsBfBaNDvQwVOOsD-s?width=300&height=300
07-03-2024,475.2906494,477.2071838,423.7870178,429.0119629,3328990543,103,Binance Coin,BNB-USD,Crypto,Cryptocurrency,https://1drv.ms/i/c/8705623eb284e7df/IQRKpJgHnRqQQJByd4eQSA4fAS83utsBfBaNDvQwVOOsD-s?width=300&height=300
08-03-2024,488.0941772,489.5785522,464.8338623,475.27771,3644157779,103,Binance Coin,BNB-USD,Crypto,Cryptocurrency,https://1drv.ms/i/c/8705623eb284e7df/IQRKpJgHnRqQQJByd4eQSA4fAS83utsBfBaNDvQwVOOsD-s?width=300&height=300
09-03-2024,489.5618286,494.0759583,482.640625,488.0927124,2314944823,103,Binance Coin,BNB-USD,Crypto,Cryptocurrency,https://1drv.ms/i/c/8705623eb284e7df/IQRKpJgHnRqQQJByd4eQSA4fAS83utsBfBaNDvQwVOOsD-s?width=300&height=300
10-03-2024,529.3747559,537.4152832,486.8355408,489.5409241,4507153439,103,Binance Coin,BNB-USD,Crypto,Cryptocurrency,https://1drv.ms/i/c/8705623eb284e7df/IQRKpJgHnRqQQJByd4eQSA4fAS83utsBfBaNDvQwVOOsD-s?width=300&height=300
11-03-2024,522.7180176,532.7896729,509.9839172,529.4474487,3950105375,103,Binance Coin,BNB-USD,Crypto,Cryptocurrency,https://1drv.ms/i/c/8705623eb284e7df/IQRKpJgHnRqQQJByd4eQSA4fAS83utsBfBaNDvQwVOOsD-s?width=300&height=300
12-03-2024,537.8657227,547.0183105,521.9139404,522.7189941,4381078189,103,Binance Coin,BNB-USD,Crypto,Cryptocurrency,https://1drv.ms/i/c/8705623eb284e7df/IQRKpJgHnRqQQJByd4eQSA4fAS83utsBfBaNDvQwVOOsD-s?width=300&height=300
13-03-2024,630.5613403,631.168396,532.0458984,537.8657227,5717769152,103,Binance Coin,BNB-USD,Crypto,Cryptocurrency,https://1drv.ms/i/c/8705623eb284e7df/IQRKpJgHnRqQQJByd4eQSA4fAS83utsBfBaNDvQwVOOsD-s?width=300&height=300
14-03-2024,602.9887085,630.9562378,569.2069092,630.5613403,4918366892,103,Binance Coin,BNB-USD,Crypto,Cryptocurrency,https://1drv.ms/i/c/8705623eb284e7df/IQRKpJgHnRqQQJByd4eQSA4fAS83utsBfBaNDvQwVOOsD-s?width=300&height=300
15-03-2024,632.8027954,634.2008057,547.7039795,602.9675903,5849156503,103,Binance Coin,BNB-USD,Crypto,Cryptocurrency,https://1drv.ms/i/c/8705623eb284e7df/IQRKpJgHnRqQQJByd4eQSA4fAS83utsBfBaNDvQwVOOsD-s?width=300&height=300
16-03-2024,576.7752075,641.4811401,571.2868652,632.8027954,3952760767,103,Binance Coin,BNB-USD,Crypto,Cryptocurrency,https://1drv.ms/i/c/8705623eb284e7df/IQRKpJgHnRqQQJByd4eQSA4fAS83utsBfBaNDvQwVOOsD-s?width=300&height=300
17-03-2024,571.0855713,589.6356812,550.1432495,576.7752075,3512190982,103,Binance Coin,BNB-USD,Crypto,Cryptocurrency,https://1drv.ms/i/c/8705623eb284e7df/IQRKpJgHnRqQQJByd4eQSA4fAS83utsBfBaNDvQwVOOsD-s?width=300&height=300
18-03-2024,554.5571289,586.5149536,540.8463135,571.0855713,3982384372,103,Binance Coin,BNB-USD,Crypto,Cryptocurrency,https://1drv.ms/i/c/8705623eb284e7df/IQRKpJgHnRqQQJByd4eQSA4fAS83utsBfBaNDvQwVOOsD-s?width=300&height=300
19-03-2024,507.0765686,559.8604126,498.5623474,554.5571289,4346763421,103,Binance Coin,BNB-USD,Crypto,Cryptocurrency,https://1drv.ms/i/c/8705623eb284e7df/IQRKpJgHnRqQQJByd4eQSA4fAS83utsBfBaNDvQwVOOsD-s?width=300&height=300
20-03-2024,556.7005005,558.9464722,501.1168518,507.0864563,3177352364,103,Binance Coin,BNB-USD,Crypto,Cryptocurrency,https://1drv.ms/i/c/8705623eb284e7df/IQRKpJgHnRqQQJByd4eQSA4fAS83utsBfBaNDvQwVOOsD-s?width=300&height=300
21-03-2024,553.24823,570.0532227,541.6550903,556.7005005,2595135487,103,Binance Coin,BNB-USD,Crypto,Cryptocurrency,https://1drv.ms/i/c/8705623eb284e7df/IQRKpJgHnRqQQJByd4eQSA4fAS83utsBfBaNDvQwVOOsD-s?width=300&height=300
22-03-2024,551.7785645,587.7314453,535.9726563,553.24823,2949959002,103,Binance Coin,BNB-USD,Crypto,Cryptocurrency,https://1drv.ms/i/c/8705623eb284e7df/IQRKpJgHnRqQQJByd4eQSA4fAS83utsBfBaNDvQwVOOsD-s?width=300&height=300
23-03-2024,551.8795166,567.5446777,544.9212646,551.7785645,1962524597,103,Binance Coin,BNB-USD,Crypto,Cryptocurrency,https://1drv.ms/i/c/8705623eb284e7df/IQRKpJgHnRqQQJByd4eQSA4fAS83utsBfBaNDvQwVOOsD-s?width=300&height=300
24-03-2024,567.994812,572.4882202,549.5263062,551.8795166,1745465728,103,Binance Coin,BNB-USD,Crypto,Cryptocurrency,https://1drv.ms/i/c/8705623eb284e7df/IQRKpJgHnRqQQJByd4eQSA4fAS83utsBfBaNDvQwVOOsD-s?width=300&height=300
25-03-2024,587.4276123,597.6621704,565.1378784,567.994812,2490221265,103,Binance Coin,BNB-USD,Crypto,Cryptocurrency,https://1drv.ms/i/c/8705623eb284e7df/IQRKpJgHnRqQQJByd4eQSA4fAS83utsBfBaNDvQwVOOsD-s?width=300&height=300
26-03-2024,580.1505127,597.0130005,572.8078003,587.4276123,2086911757,103,Binance Coin,BNB-USD,Crypto,Cryptocurrency,https://1drv.ms/i/c/8705623eb284e7df/IQRKpJgHnRqQQJByd4eQSA4fAS83utsBfBaNDvQwVOOsD-s?width=300&height=300
27-03-2024,574.5115967,584.9867554,565.5116577,580.1593018,1983797879,103,Binance Coin,BNB-USD,Crypto,Cryptocurrency,https://1drv.ms/i/c/8705623eb284e7df/IQRKpJgHnRqQQJByd4eQSA4fAS83utsBfBaNDvQwVOOsD-s?width=300&height=300
28-03-2024,583.270874,591.3146362,574.2017822,574.5115967,1986567688,103,Binance Coin,BNB-USD,Crypto,Cryptocurrency,https://1drv.ms/i/c/8705623eb284e7df/IQRKpJgHnRqQQJByd4eQSA4fAS83utsBfBaNDvQwVOOsD-s?width=300&height=300
29-03-2024,612.657959,619.9725952,582.4693604,583.2867432,2788931743,103,Binance Coin,BNB-USD,Crypto,Cryptocurrency,https://1drv.ms/i/c/8705623eb284e7df/IQRKpJgHnRqQQJByd4eQSA4fAS83utsBfBaNDvQwVOOsD-s?width=300&height=300
30-03-2024,601.0163574,612.9949341,597.6298218,612.6601563,1750650703,103,Binance Coin,BNB-USD,Crypto,Cryptocurrency,https://1drv.ms/i/c/8705623eb284e7df/IQRKpJgHnRqQQJByd4eQSA4fAS83utsBfBaNDvQwVOOsD-s?width=300&height=300
31-03-2024,606.9086304,608.6642456,600.8792725,601.005127,1456592924,103,Binance Coin,BNB-USD,Crypto,Cryptocurrency,https://1drv.ms/i/c/8705623eb284e7df/IQRKpJgHnRqQQJByd4eQSA4fAS83utsBfBaNDvQwVOOsD-s?width=300&height=300
01-04-2024,576.3966675,607.6455688,570.0531616,606.9086914,2020241864,103,Binance Coin,BNB-USD,Crypto,Cryptocurrency,https://1drv.ms/i/c/8705623eb284e7df/IQRKpJgHnRqQQJByd4eQSA4fAS83utsBfBaNDvQwVOOsD-s?width=300&height=300
02-04-2024,550.6814575,578.1329956,546.8681641,576.3765869,2480273065,103,Binance Coin,BNB-USD,Crypto,Cryptocurrency,https://1drv.ms/i/c/8705623eb284e7df/IQRKpJgHnRqQQJByd4eQSA4fAS83utsBfBaNDvQwVOOsD-s?width=300&height=300
03-04-2024,562.0196533,567.9979858,540.2468262,550.6814575,2096610785,103,Binance Coin,BNB-USD,Crypto,Cryptocurrency,https://1drv.ms/i/c/8705623eb284e7df/IQRKpJgHnRqQQJByd4eQSA4fAS83utsBfBaNDvQwVOOsD-s?width=300&height=300
04-04-2024,585.4415283,597.8353271,561.3491211,562.0196533,2340488273,103,Binance Coin,BNB-USD,Crypto,Cryptocurrency,https://1drv.ms/i/c/8705623eb284e7df/IQRKpJgHnRqQQJByd4eQSA4fAS83utsBfBaNDvQwVOOsD-s?width=300&height=300
05-04-2024,578.9669189,591.3327026,565.7509766,585.4832153,1983792648,103,Binance Coin,BNB-USD,Crypto,Cryptocurrency,https://1drv.ms/i/c/8705623eb284e7df/IQRKpJgHnRqQQJByd4eQSA4fAS83utsBfBaNDvQwVOOsD-s?width=300&height=300
06-04-2024,585.9667969,590.6022339,575.9175415,578.9669189,1328988130,103,Binance Coin,BNB-USD,Crypto,Cryptocurrency,https://1drv.ms/i/c/8705623eb284e7df/IQRKpJgHnRqQQJByd4eQSA4fAS83utsBfBaNDvQwVOOsD-s?width=300&height=300
07-04-2024,584.1021729,590.8859253,578.7191162,585.9667969,1374676397,103,Binance Coin,BNB-USD,Crypto,Cryptocurrency,https://1drv.ms/i/c/8705623eb284e7df/IQRKpJgHnRqQQJByd4eQSA4fAS83utsBfBaNDvQwVOOsD-s?width=300&height=300
08-04-2024,586.9009399,600.8928833,577.9833374,584.1021729,1739232272,103,Binance Coin,BNB-USD,Crypto,Cryptocurrency,https://1drv.ms/i/c/8705623eb284e7df/IQRKpJgHnRqQQJByd4eQSA4fAS83utsBfBaNDvQwVOOsD-s?width=300&height=300
09-04-2024,580.8303223,589.666748,574.1403198,586.9009399,1988165022,103,Binance Coin,BNB-USD,Crypto,Cryptocurrency,https://1drv.ms/i/c/8705623eb284e7df/IQRKpJgHnRqQQJByd4eQSA4fAS83utsBfBaNDvQwVOOsD-s?width=300&height=300
10-04-2024,610.0839233,610.4829712,574.4614258,580.8303223,1654268255,103,Binance Coin,BNB-USD,Crypto,Cryptocurrency,https://1drv.ms/i/c/8705623eb284e7df/IQRKpJgHnRqQQJByd4eQSA4fAS83utsBfBaNDvQwVOOsD-s?width=300&height=300
11-04-2024,604.8937988,617.4686279,592.6021729,610.0839233,1299527568,103,Binance Coin,BNB-USD,Crypto,Cryptocurrency,https://1drv.ms/i/c/8705623eb284e7df/IQRKpJgHnRqQQJByd4eQSA4fAS83utsBfBaNDvQwVOOsD-s?width=300&height=300
12-04-2024,596.380127,626.9840698,575.5808716,604.8937988,2619549858,103,Binance Coin,BNB-USD,Crypto,Cryptocurrency,https://1drv.ms/i/c/8705623eb284e7df/IQRKpJgHnRqQQJByd4eQSA4fAS83utsBfBaNDvQwVOOsD-s?width=300&height=300
13-04-2024,554.2998047,599.8919678,517.2700806,596.374939,2660310655,103,Binance Coin,BNB-USD,Crypto,Cryptocurrency,https://1drv.ms/i/c/8705623eb284e7df/IQRKpJgHnRqQQJByd4eQSA4fAS83utsBfBaNDvQwVOOsD-s?width=300&height=300
14-04-2024,567.2184448,570.2575684,537.180542,554.2998047,1724305772,103,Binance Coin,BNB-USD,Crypto,Cryptocurrency,https://1drv.ms/i/c/8705623eb284e7df/IQRKpJgHnRqQQJByd4eQSA4fAS83utsBfBaNDvQwVOOsD-s?width=300&height=300
15-04-2024,552.8745117,585.4859619,546.8653564,567.2184448,1488692418,103,Binance Coin,BNB-USD,Crypto,Cryptocurrency,https://1drv.ms/i/c/8705623eb284e7df/IQRKpJgHnRqQQJByd4eQSA4fAS83utsBfBaNDvQwVOOsD-s?width=300&height=300
16-04-2024,537.8293457,554.1048584,524.2218628,552.8746948,1299731119,103,Binance Coin,BNB-USD,Crypto,Cryptocurrency,https://1drv.ms/i/c/8705623eb284e7df/IQRKpJgHnRqQQJByd4eQSA4fAS83utsBfBaNDvQwVOOsD-s?width=300&height=300
17-04-2024,534.4160156,548.0428467,514.112854,537.8313599,1411927485,103,Binance Coin,BNB-USD,Crypto,Cryptocurrency,https://1drv.ms/i/c/8705623eb284e7df/IQRKpJgHnRqQQJByd4eQSA4fAS83utsBfBaNDvQwVOOsD-s?width=300&height=300
18-04-2024,552.1721191,555.0400391,527.4300537,534.414978,1439312699,103,Binance Coin,BNB-USD,Crypto,Cryptocurrency,https://1drv.ms/i/c/8705623eb284e7df/IQRKpJgHnRqQQJByd4eQSA4fAS83utsBfBaNDvQwVOOsD-s?width=300&height=300
19-04-2024,554.8892822,564.5448608,525.0286255,552.1721191,1320094794,103,Binance Coin,BNB-USD,Crypto,Cryptocurrency,https://1drv.ms/i/c/8705623eb284e7df/IQRKpJgHnRqQQJByd4eQSA4fAS83utsBfBaNDvQwVOOsD-s?width=300&height=300
20-04-2024,570.9605103,574.0986938,549.8000488,554.8881226,697007137,103,Binance Coin,BNB-USD,Crypto,Cryptocurrency,https://1drv.ms/i/c/8705623eb284e7df/IQRKpJgHnRqQQJByd4eQSA4fAS83utsBfBaNDvQwVOOsD-s?width=300&height=300
21-04-2024,579.6199341,582.2720337,567.1710815,570.9605103,782061076,103,Binance Coin,BNB-USD,Crypto,Cryptocurrency,https://1drv.ms/i/c/8705623eb284e7df/IQRKpJgHnRqQQJByd4eQSA4fAS83utsBfBaNDvQwVOOsD-s?width=300&height=300
22-04-2024,605.5755005,608.5170288,579.1416626,579.6146851,1300340623,103,Binance Coin,BNB-USD,Crypto,Cryptocurrency,https://1drv.ms/i/c/8705623eb284e7df/IQRKpJgHnRqQQJByd4eQSA4fAS83utsBfBaNDvQwVOOsD-s?width=300&height=300
23-04-2024,606.8406372,613.543335,599.937561,605.5755005,1380221181,103,Binance Coin,BNB-USD,Crypto,Cryptocurrency,https://1drv.ms/i/c/8705623eb284e7df/IQRKpJgHnRqQQJByd4eQSA4fAS83utsBfBaNDvQwVOOsD-s?width=300&height=300
24-04-2024,608.0861206,617.3051147,592.9440918,606.8406372,1518718475,103,Binance Coin,BNB-USD,Crypto,Cryptocurrency,https://1drv.ms/i/c/8705623eb284e7df/IQRKpJgHnRqQQJByd4eQSA4fAS83utsBfBaNDvQwVOOsD-s?width=300&height=300
25-04-2024,614.0050049,617.8062134,601.7774658,608.0906372,1161642323,103,Binance Coin,BNB-USD,Crypto,Cryptocurrency,https://1drv.ms/i/c/8705623eb284e7df/IQRKpJgHnRqQQJByd4eQSA4fAS83utsBfBaNDvQwVOOsD-s?width=300&height=300
26-04-2024,597.7054443,614.8342285,597.1796265,614.0050049,817787521,103,Binance Coin,BNB-USD,Crypto,Cryptocurrency,https://1drv.ms/i/c/8705623eb284e7df/IQRKpJgHnRqQQJByd4eQSA4fAS83utsBfBaNDvQwVOOsD-s?width=300&height=300
27-04-2024,595.72052,599.2827759,586.15271,597.7054443,781864034,103,Binance Coin,BNB-USD,Crypto,Cryptocurrency,https://1drv.ms/i/c/8705623eb284e7df/IQRKpJgHnRqQQJByd4eQSA4fAS83utsBfBaNDvQwVOOsD-s?width=300&height=300
28-04-2024,600.071167,607.8242798,595.7165527,595.72052,681109845,103,Binance Coin,BNB-USD,Crypto,Cryptocurrency,https://1drv.ms/i/c/8705623eb284e7df/IQRKpJgHnRqQQJByd4eQSA4fAS83utsBfBaNDvQwVOOsD-s?width=300&height=300
29-04-2024,592.8312378,602.598938,583.338501,600.071167,868114786,103,Binance Coin,BNB-USD,Crypto,Cryptocurrency,https://1drv.ms/i/c/8705623eb284e7df/IQRKpJgHnRqQQJByd4eQSA4fAS83utsBfBaNDvQwVOOsD-s?width=300&height=300
30-04-2024,578.4880371,603.3228149,556.1708984,592.8317871,1727881192,103,Binance Coin,BNB-USD,Crypto,Cryptocurrency,https://1drv.ms/i/c/8705623eb284e7df/IQRKpJgHnRqQQJByd4eQSA4fAS83utsBfBaNDvQwVOOsD-s?width=300&height=300
01-05-2024,561.4082031,579.3329468,538.0464478,578.4874878,1502825527,103,Binance Coin,BNB-USD,Crypto,Cryptocurrency,https://1drv.ms/i/c/8705623eb284e7df/IQRKpJgHnRqQQJByd4eQSA4fAS83utsBfBaNDvQwVOOsD-s?width=300&height=300
02-05-2024,560.5267334,565.4573975,543.5223389,561.4082031,877449354,103,Binance Coin,BNB-USD,Crypto,Cryptocurrency,https://1drv.ms/i/c/8705623eb284e7df/IQRKpJgHnRqQQJByd4eQSA4fAS83utsBfBaNDvQwVOOsD-s?width=300&height=300
03-05-2024,587.010437,590.244812,559.4467163,560.5267334,854728192,103,Binance Coin,BNB-USD,Crypto,Cryptocurrency,https://1drv.ms/i/c/8705623eb284e7df/IQRKpJgHnRqQQJByd4eQSA4fAS83utsBfBaNDvQwVOOsD-s?width=300&height=300
04-05-2024,585.8465576,593.1934204,583.2993774,587.0184326,582273374,103,Binance Coin,BNB-USD,Crypto,Cryptocurrency,https://1drv.ms/i/c/8705623eb284e7df/IQRKpJgHnRqQQJByd4eQSA4fAS83utsBfBaNDvQwVOOsD-s?width=300&height=300
05-05-2024,592.1403809,594.9953003,580.2462769,585.8465576,531182053,103,Binance Coin,BNB-USD,Crypto,Cryptocurrency,https://1drv.ms/i/c/8705623eb284e7df/IQRKpJgHnRqQQJByd4eQSA4fAS83utsBfBaNDvQwVOOsD-s?width=300&height=300
06-05-2024,588.4759521,601.8867188,583.3734131,592.1398926,1522319999,103,Binance Coin,BNB-USD,Crypto,Cryptocurrency,https://1drv.ms/i/c/8705623eb284e7df/IQRKpJgHnRqQQJByd4eQSA4fAS83utsBfBaNDvQwVOOsD-s?width=300&height=300
07-05-2024,577.4862061,599.9354858,576.7245483,588.4759521,1535678414,103,Binance Coin,BNB-USD,Crypto,Cryptocurrency,https://1drv.ms/i/c/8705623eb284e7df/IQRKpJgHnRqQQJByd4eQSA4fAS83utsBfBaNDvQwVOOsD-s?width=300&height=300
08-05-2024,588.1974487,589.5725708,575.1480103,577.4862061,1603241013,103,Binance Coin,BNB-USD,Crypto,Cryptocurrency,https://1drv.ms/i/c/8705623eb284e7df/IQRKpJgHnRqQQJByd4eQSA4fAS83utsBfBaNDvQwVOOsD-s?width=300&height=300
09-05-2024,596.0319824,602.5897217,586.7303467,588.1974487,1897318659,103,Binance Coin,BNB-USD,Crypto,Cryptocurrency,https://1drv.ms/i/c/8705623eb284e7df/IQRKpJgHnRqQQJByd4eQSA4fAS83utsBfBaNDvQwVOOsD-s?width=300&height=300
10-05-2024,585.6221924,596.583374,582.0457764,596.0276489,1521708160,103,Binance Coin,BNB-USD,Crypto,Cryptocurrency,https://1drv.ms/i/c/8705623eb284e7df/IQRKpJgHnRqQQJByd4eQSA4fAS83utsBfBaNDvQwVOOsD-s?width=300&height=300
11-05-2024,592.0278931,594.206543,581.8966675,585.6221924,1333662111,103,Binance Coin,BNB-USD,Crypto,Cryptocurrency,https://1drv.ms/i/c/8705623eb284e7df/IQRKpJgHnRqQQJByd4eQSA4fAS83utsBfBaNDvQwVOOsD-s?width=300&height=300
12-05-2024,594.4245605,599.1841431,587.8043213,592.0291748,1276671115,103,Binance Coin,BNB-USD,Crypto,Cryptocurrency,https://1drv.ms/i/c/8705623eb284e7df/IQRKpJgHnRqQQJByd4eQSA4fAS83utsBfBaNDvQwVOOsD-s?width=300&height=300
13-05-2024,591.6069336,597.7680054,585.520752,594.4245605,1636169234,103,Binance Coin,BNB-USD,Crypto,Cryptocurrency,https://1drv.ms/i/c/8705623eb284e7df/IQRKpJgHnRqQQJByd4eQSA4fAS83utsBfBaNDvQwVOOsD-s?width=300&height=300
14-05-2024,566.7070313,592.8369751,563.4202271,591.6069336,1944063031,103,Binance Coin,BNB-USD,Crypto,Cryptocurrency,https://1drv.ms/i/c/8705623eb284e7df/IQRKpJgHnRqQQJByd4eQSA4fAS83utsBfBaNDvQwVOOsD-s?width=300&height=300
15-05-2024,582.0743408,587.4215088,561.1272583,566.7070313,1895100260,103,Binance Coin,BNB-USD,Crypto,Cryptocurrency,https://1drv.ms/i/c/8705623eb284e7df/IQRKpJgHnRqQQJByd4eQSA4fAS83utsBfBaNDvQwVOOsD-s?width=300&height=300
16-05-2024,569.1902466,586.4363403,565.7623291,582.1001587,1911862000,103,Binance Coin,BNB-USD,Crypto,Cryptocurrency,https://1drv.ms/i/c/8705623eb284e7df/IQRKpJgHnRqQQJByd4eQSA4fAS83utsBfBaNDvQwVOOsD-s?width=300&height=300
17-05-2024,581.1783447,584.6660156,568.836731,569.1902466,1557134929,103,Binance Coin,BNB-USD,Crypto,Cryptocurrency,https://1drv.ms/i/c/8705623eb284e7df/IQRKpJgHnRqQQJByd4eQSA4fAS83utsBfBaNDvQwVOOsD-s?width=300&height=300
18-05-2024,580.4811401,581.9871826,575.0185547,581.1783447,1358737176,103,Binance Coin,BNB-USD,Crypto,Cryptocurrency,https://1drv.ms/i/c/8705623eb284e7df/IQRKpJgHnRqQQJByd4eQSA4fAS83utsBfBaNDvQwVOOsD-s?width=300&height=300
19-05-2024,574.6316528,581.876709,572.3696289,580.4815674,1298887094,103,Binance Coin,BNB-USD,Crypto,Cryptocurrency,https://1drv.ms/i/c/8705623eb284e7df/IQRKpJgHnRqQQJByd4eQSA4fAS83utsBfBaNDvQwVOOsD-s?width=300&height=300
20-05-2024,600.616333,601.5638428,569.5235596,574.6316528,2145457267,103,Binance Coin,BNB-USD,Crypto,Cryptocurrency,https://1drv.ms/i/c/8705623eb284e7df/IQRKpJgHnRqQQJByd4eQSA4fAS83utsBfBaNDvQwVOOsD-s?width=300&height=300
21-05-2024,618.4204712,629.861084,593.9327393,600.6010742,3564986916,103,Binance Coin,BNB-USD,Crypto,Cryptocurrency,https://1drv.ms/i/c/8705623eb284e7df/IQRKpJgHnRqQQJByd4eQSA4fAS83utsBfBaNDvQwVOOsD-s?width=300&height=300
22-05-2024,614.671875,625.5662842,610.5460205,618.4204712,2138536549,103,Binance Coin,BNB-USD,Crypto,Cryptocurrency,https://1drv.ms/i/c/8705623eb284e7df/IQRKpJgHnRqQQJByd4eQSA4fAS83utsBfBaNDvQwVOOsD-s?width=300&height=300
23-05-2024,598.6708374,616.5244751,581.9541016,614.671875,2631566566,103,Binance Coin,BNB-USD,Crypto,Cryptocurrency,https://1drv.ms/i/c/8705623eb284e7df/IQRKpJgHnRqQQJByd4eQSA4fAS83utsBfBaNDvQwVOOsD-s?width=300&height=300
24-05-2024,600.2258911,604.3148804,588.8939819,598.6708374,1778282198,103,Binance Coin,BNB-USD,Crypto,Cryptocurrency,https://1drv.ms/i/c/8705623eb284e7df/IQRKpJgHnRqQQJByd4eQSA4fAS83utsBfBaNDvQwVOOsD-s?width=300&height=300
25-05-2024,602.194458,606.3673096,599.6072388,600.2266235,1392399167,103,Binance Coin,BNB-USD,Crypto,Cryptocurrency,https://1drv.ms/i/c/8705623eb284e7df/IQRKpJgHnRqQQJByd4eQSA4fAS83utsBfBaNDvQwVOOsD-s?width=300&height=300
26-05-2024,599.8259277,604.8300781,598.6958618,602.194458,1372657185,103,Binance Coin,BNB-USD,Crypto,Cryptocurrency,https://1drv.ms/i/c/8705623eb284e7df/IQRKpJgHnRqQQJByd4eQSA4fAS83utsBfBaNDvQwVOOsD-s?width=300&height=300
27-05-2024,603.5264282,613.3881836,599.7007446,599.8259277,1691663828,103,Binance Coin,BNB-USD,Crypto,Cryptocurrency,https://1drv.ms/i/c/8705623eb284e7df/IQRKpJgHnRqQQJByd4eQSA4fAS83utsBfBaNDvQwVOOsD-s?width=300&height=300
28-05-2024,601.2132568,604.9851074,593.7161865,603.5264282,1852329404,103,Binance Coin,BNB-USD,Crypto,Cryptocurrency,https://1drv.ms/i/c/8705623eb284e7df/IQRKpJgHnRqQQJByd4eQSA4fAS83utsBfBaNDvQwVOOsD-s?width=300&height=300
29-05-2024,594.9720459,602.9315186,592.9666138,601.2132568,1642696946,103,Binance Coin,BNB-USD,Crypto,Cryptocurrency,https://1drv.ms/i/c/8705623eb284e7df/IQRKpJgHnRqQQJByd4eQSA4fAS83utsBfBaNDvQwVOOsD-s?width=300&height=300
30-05-2024,595.0267944,601.6650391,586.5576782,594.9725342,1737524745,103,Binance Coin,BNB-USD,Crypto,Cryptocurrency,https://1drv.ms/i/c/8705623eb284e7df/IQRKpJgHnRqQQJByd4eQSA4fAS83utsBfBaNDvQwVOOsD-s?width=300&height=300
31-05-2024,593.5223389,598.423645,589.7748413,595.0267944,1590349553,103,Binance Coin,BNB-USD,Crypto,Cryptocurrency,https://1drv.ms/i/c/8705623eb284e7df/IQRKpJgHnRqQQJByd4eQSA4fAS83utsBfBaNDvQwVOOsD-s?width=300&height=300
01-06-2024,601.3041992,607.5828857,592.680603,593.5223389,1520074486,103,Binance Coin,BNB-USD,Crypto,Cryptocurrency,https://1drv.ms/i/c/8705623eb284e7df/IQRKpJgHnRqQQJByd4eQSA4fAS83utsBfBaNDvQwVOOsD-s?width=300&height=300
02-06-2024,603.0266113,604.9780884,596.1647949,601.3041382,1667233984,103,Binance Coin,BNB-USD,Crypto,Cryptocurrency,https://1drv.ms/i/c/8705623eb284e7df/IQRKpJgHnRqQQJByd4eQSA4fAS83utsBfBaNDvQwVOOsD-s?width=300&height=300
03-06-2024,626.4329834,637.2471313,601.1831665,603.0509644,2952110605,103,Binance Coin,BNB-USD,Crypto,Cryptocurrency,https://1drv.ms/i/c/8705623eb284e7df/IQRKpJgHnRqQQJByd4eQSA4fAS83utsBfBaNDvQwVOOsD-s?width=300&height=300
04-06-2024,686.201416,687.4038086,625.2649536,626.4329834,3416994948,103,Binance Coin,BNB-USD,Crypto,Cryptocurrency,https://1drv.ms/i/c/8705623eb284e7df/IQRKpJgHnRqQQJByd4eQSA4fAS83utsBfBaNDvQwVOOsD-s?width=300&height=300
05-06-2024,698.8894043,712.5883789,685.7770996,686.201416,3501231414,103,Binance Coin,BNB-USD,Crypto,Cryptocurrency,https://1drv.ms/i/c/8705623eb284e7df/IQRKpJgHnRqQQJByd4eQSA4fAS83utsBfBaNDvQwVOOsD-s?width=300&height=300
06-06-2024,710.4640503,720.6726074,692.994751,698.8894043,2997888288,103,Binance Coin,BNB-USD,Crypto,Cryptocurrency,https://1drv.ms/i/c/8705623eb284e7df/IQRKpJgHnRqQQJByd4eQSA4fAS83utsBfBaNDvQwVOOsD-s?width=300&height=300
07-06-2024,683.3609619,710.838501,665.1801758,710.4603882,2987033806,103,Binance Coin,BNB-USD,Crypto,Cryptocurrency,https://1drv.ms/i/c/8705623eb284e7df/IQRKpJgHnRqQQJByd4eQSA4fAS83utsBfBaNDvQwVOOsD-s?width=300&height=300
08-06-2024,682.6651611,694.3128052,678.645813,683.3685913,1966216051,103,Binance Coin,BNB-USD,Crypto,Cryptocurrency,https://1drv.ms/i/c/8705623eb284e7df/IQRKpJgHnRqQQJByd4eQSA4fAS83utsBfBaNDvQwVOOsD-s?width=300&height=300
09-06-2024,673.3153076,684.7598877,670.8135376,682.6638794,1856183346,103,Binance Coin,BNB-USD,Crypto,Cryptocurrency,https://1drv.ms/i/c/8705623eb284e7df/IQRKpJgHnRqQQJByd4eQSA4fAS83utsBfBaNDvQwVOOsD-s?width=300&height=300
10-06-2024,624.3868408,674.3134766,615.7729492,673.3354492,3184376694,103,Binance Coin,BNB-USD,Crypto,Cryptocurrency,https://1drv.ms/i/c/8705623eb284e7df/IQRKpJgHnRqQQJByd4eQSA4fAS83utsBfBaNDvQwVOOsD-s?width=300&height=300
11-06-2024,602.5581055,628.2633667,597.0418701,624.3967896,2604834485,103,Binance Coin,BNB-USD,Crypto,Cryptocurrency,https://1drv.ms/i/c/8705623eb284e7df/IQRKpJgHnRqQQJByd4eQSA4fAS83utsBfBaNDvQwVOOsD-s?width=300&height=300
12-06-2024,619.1948242,634.6758423,592.2932739,602.6026001,2221546160,103,Binance Coin,BNB-USD,Crypto,Cryptocurrency,https://1drv.ms/i/c/8705623eb284e7df/IQRKpJgHnRqQQJByd4eQSA4fAS83utsBfBaNDvQwVOOsD-s?width=300&height=300
13-06-2024,599.5150757,619.298584,596.3087769,619.2251587,1879189691,103,Binance Coin,BNB-USD,Crypto,Cryptocurrency,https://1drv.ms/i/c/8705623eb284e7df/IQRKpJgHnRqQQJByd4eQSA4fAS83utsBfBaNDvQwVOOsD-s?width=300&height=300
14-06-2024,603.180542,611.6287231,590.4963379,599.4786987,1848914113,103,Binance Coin,BNB-USD,Crypto,Cryptocurrency,https://1drv.ms/i/c/8705623eb284e7df/IQRKpJgHnRqQQJByd4eQSA4fAS83utsBfBaNDvQwVOOsD-s?width=300&height=300
15-06-2024,607.8029175,609.0504761,601.5859375,603.1141968,1471028668,103,Binance Coin,BNB-USD,Crypto,Cryptocurrency,https://1drv.ms/i/c/8705623eb284e7df/IQRKpJgHnRqQQJByd4eQSA4fAS83utsBfBaNDvQwVOOsD-s?width=300&height=300
16-06-2024,610.0540161,611.1975098,601.4769287,607.8084717,1428836675,103,Binance Coin,BNB-USD,Crypto,Cryptocurrency,https://1drv.ms/i/c/8705623eb284e7df/IQRKpJgHnRqQQJByd4eQSA4fAS83utsBfBaNDvQwVOOsD-s?width=300&height=300
17-06-2024,604.4673462,611.9440308,592.4261475,610.0736694,1797626078,103,Binance Coin,BNB-USD,Crypto,Cryptocurrency,https://1drv.ms/i/c/8705623eb284e7df/IQRKpJgHnRqQQJByd4eQSA4fAS83utsBfBaNDvQwVOOsD-s?width=300&height=300
18-06-2024,588.7020874,604.652832,575.7617188,604.3328857,2265505402,103,Binance Coin,BNB-USD,Crypto,Cryptocurrency,https://1drv.ms/i/c/8705623eb284e7df/IQRKpJgHnRqQQJByd4eQSA4fAS83utsBfBaNDvQwVOOsD-s?width=300&height=300
19-06-2024,598.7717285,605.7316895,587.0141602,588.5847168,1788904109,103,Binance Coin,BNB-USD,Crypto,Cryptocurrency,https://1drv.ms/i/c/8705623eb284e7df/IQRKpJgHnRqQQJByd4eQSA4fAS83utsBfBaNDvQwVOOsD-s?width=300&height=300
20-06-2024,587.1071777,607.4007568,584.7599487,598.7717285,1817442036,103,Binance Coin,BNB-USD,Crypto,Cryptocurrency,https://1drv.ms/i/c/8705623eb284e7df/IQRKpJgHnRqQQJByd4eQSA4fAS83utsBfBaNDvQwVOOsD-s?width=300&height=300
21-06-2024,585.9119263,588.7054443,578.0158691,587.1126099,1672110625,103,Binance Coin,BNB-USD,Crypto,Cryptocurrency,https://1drv.ms/i/c/8705623eb284e7df/IQRKpJgHnRqQQJByd4eQSA4fAS83utsBfBaNDvQwVOOsD-s?width=300&height=300
22-06-2024,590.7633667,590.9393311,581.1376343,585.9009399,1387634576,103,Binance Coin,BNB-USD,Crypto,Cryptocurrency,https://1drv.ms/i/c/8705623eb284e7df/IQRKpJgHnRqQQJByd4eQSA4fAS83utsBfBaNDvQwVOOsD-s?width=300&height=300
23-06-2024,577.2108765,592.772644,576.0581665,590.6715698,1444372224,103,Binance Coin,BNB-USD,Crypto,Cryptocurrency,https://1drv.ms/i/c/8705623eb284e7df/IQRKpJgHnRqQQJByd4eQSA4fAS83utsBfBaNDvQwVOOsD-s?width=300&height=300
24-06-2024,567.578125,581.2367554,552.9365234,577.2229004,2033721646,103,Binance Coin,BNB-USD,Crypto,Cryptocurrency,https://1drv.ms/i/c/8705623eb284e7df/IQRKpJgHnRqQQJByd4eQSA4fAS83utsBfBaNDvQwVOOsD-s?width=300&height=300
25-06-2024,578.1034546,579.100769,566.8991089,567.6530762,1581413208,103,Binance Coin,BNB-USD,Crypto,Cryptocurrency,https://1drv.ms/i/c/8705623eb284e7df/IQRKpJgHnRqQQJByd4eQSA4fAS83utsBfBaNDvQwVOOsD-s?width=300&height=300
26-06-2024,572.4017944,584.1988525,567.8788452,578.1137085,1537826836,103,Binance Coin,BNB-USD,Crypto,Cryptocurrency,https://1drv.ms/i/c/8705623eb284e7df/IQRKpJgHnRqQQJByd4eQSA4fAS83utsBfBaNDvQwVOOsD-s?width=300&height=300
27-06-2024,580.7982788,583.7315063,566.4297485,572.3585205,1659378248,103,Binance Coin,BNB-USD,Crypto,Cryptocurrency,https://1drv.ms/i/c/8705623eb284e7df/IQRKpJgHnRqQQJByd4eQSA4fAS83utsBfBaNDvQwVOOsD-s?width=300&height=300
28-06-2024,566.4644775,584.3499756,565.0053711,580.8659668,1618598501,103,Binance Coin,BNB-USD,Crypto,Cryptocurrency,https://1drv.ms/i/c/8705623eb284e7df/IQRKpJgHnRqQQJByd4eQSA4fAS83utsBfBaNDvQwVOOsD-s?width=300&height=300
29-06-2024,569.1276855,572.9425659,566.065918,566.4916382,1375085097,103,Binance Coin,BNB-USD,Crypto,Cryptocurrency,https://1drv.ms/i/c/8705623eb284e7df/IQRKpJgHnRqQQJByd4eQSA4fAS83utsBfBaNDvQwVOOsD-s?width=300&height=300
30-06-2024,581.7711182,584.0786743,567.7850342,569.1678467,1564676508,103,Binance Coin,BNB-USD,Crypto,Cryptocurrency,https://1drv.ms/i/c/8705623eb284e7df/IQRKpJgHnRqQQJByd4eQSA4fAS83utsBfBaNDvQwVOOsD-s?width=300&height=300
01-07-2024,576.6869507,587.281189,576.1364746,581.6745605,1613874196,103,Binance Coin,BNB-USD,Crypto,Cryptocurrency,https://1drv.ms/i/c/8705623eb284e7df/IQRKpJgHnRqQQJByd4eQSA4fAS83utsBfBaNDvQwVOOsD-s?width=300&height=300
02-07-2024,578.9810791,581.034729,573.8269653,576.6046753,1528045271,103,Binance Coin,BNB-USD,Crypto,Cryptocurrency,https://1drv.ms/i/c/8705623eb284e7df/IQRKpJgHnRqQQJByd4eQSA4fAS83utsBfBaNDvQwVOOsD-s?width=300&height=300
03-07-2024,556.5777588,579.9353638,550.416687,579.010376,1736158280,103,Binance Coin,BNB-USD,Crypto,Cryptocurrency,https://1drv.ms/i/c/8705623eb284e7df/IQRKpJgHnRqQQJByd4eQSA4fAS83utsBfBaNDvQwVOOsD-s?width=300&height=300
04-07-2024,513.9945068,556.8927612,512.4223633,556.4862061,2056945763,103,Binance Coin,BNB-USD,Crypto,Cryptocurrency,https://1drv.ms/i/c/8705623eb284e7df/IQRKpJgHnRqQQJByd4eQSA4fAS83utsBfBaNDvQwVOOsD-s?width=300&height=300
05-07-2024,497.9958191,515.2207642,456.9234009,513.614502,2865780557,103,Binance Coin,BNB-USD,Crypto,Cryptocurrency,https://1drv.ms/i/c/8705623eb284e7df/IQRKpJgHnRqQQJByd4eQSA4fAS83utsBfBaNDvQwVOOsD-s?width=300&height=300
06-07-2024,527.6743774,530.4472046,496.6573181,497.9655151,1604647597,103,Binance Coin,BNB-USD,Crypto,Cryptocurrency,https://1drv.ms/i/c/8705623eb284e7df/IQRKpJgHnRqQQJByd4eQSA4fAS83utsBfBaNDvQwVOOsD-s?width=300&height=300
07-07-2024,490.6131287,527.4404907,488.9649353,527.4404907,1660301909,103,Binance Coin,BNB-USD,Crypto,Cryptocurrency,https://1drv.ms/i/c/8705623eb284e7df/IQRKpJgHnRqQQJByd4eQSA4fAS83utsBfBaNDvQwVOOsD-s?width=300&height=300
08-07-2024,510.6142578,523.1556396,472.1614075,490.7127991,2305009896,103,Binance Coin,BNB-USD,Crypto,Cryptocurrency,https://1drv.ms/i/c/8705623eb284e7df/IQRKpJgHnRqQQJByd4eQSA4fAS83utsBfBaNDvQwVOOsD-s?width=300&height=300
09-07-2024,516.5681152,520.6463013,507.2747803,510.5447693,1586240513,103,Binance Coin,BNB-USD,Crypto,Cryptocurrency,https://1drv.ms/i/c/8705623eb284e7df/IQRKpJgHnRqQQJByd4eQSA4fAS83utsBfBaNDvQwVOOsD-s?width=300&height=300
10-07-2024,524.5165405,529.1921387,511.8351746,516.6347046,1592646761,103,Binance Coin,BNB-USD,Crypto,Cryptocurrency,https://1drv.ms/i/c/8705623eb284e7df/IQRKpJgHnRqQQJByd4eQSA4fAS83utsBfBaNDvQwVOOsD-s?width=300&height=300
11-07-2024,525.1380615,540.0792236,521.0379639,524.5767212,1685684515,103,Binance Coin,BNB-USD,Crypto,Cryptocurrency,https://1drv.ms/i/c/8705623eb284e7df/IQRKpJgHnRqQQJByd4eQSA4fAS83utsBfBaNDvQwVOOsD-s?width=300&height=300
12-07-2024,533.7573242,537.3161621,517.9932861,525.1171265,1600204226,103,Binance Coin,BNB-USD,Crypto,Cryptocurrency,https://1drv.ms/i/c/8705623eb284e7df/IQRKpJgHnRqQQJByd4eQSA4fAS83utsBfBaNDvQwVOOsD-s?width=300&height=300
13-07-2024,532.3488159,539.199646,527.7648315,533.7614136,1436156860,103,Binance Coin,BNB-USD,Crypto,Cryptocurrency,https://1drv.ms/i/c/8705623eb284e7df/IQRKpJgHnRqQQJByd4eQSA4fAS83utsBfBaNDvQwVOOsD-s?width=300&height=300
14-07-2024,544.8187256,547.3585815,532.1102295,532.37854,1486806663,103,Binance Coin,BNB-USD,Crypto,Cryptocurrency,https://1drv.ms/i/c/8705623eb284e7df/IQRKpJgHnRqQQJByd4eQSA4fAS83utsBfBaNDvQwVOOsD-s?width=300&height=300
15-07-2024,586.1410522,586.5435791,544.7008057,544.9208984,2019082961,103,Binance Coin,BNB-USD,Crypto,Cryptocurrency,https://1drv.ms/i/c/8705623eb284e7df/IQRKpJgHnRqQQJByd4eQSA4fAS83utsBfBaNDvQwVOOsD-s?width=300&height=300
16-07-2024,576.5839844,587.3955078,556.6705322,586.0093994,2082707183,103,Binance Coin,BNB-USD,Crypto,Cryptocurrency,https://1drv.ms/i/c/8705623eb284e7df/IQRKpJgHnRqQQJByd4eQSA4fAS83utsBfBaNDvQwVOOsD-s?width=300&height=300
17-07-2024,568.9127197,584.0094604,565.4176636,576.56073,1739938322,103,Binance Coin,BNB-USD,Crypto,Cryptocurrency,https://1drv.ms/i/c/8705623eb284e7df/IQRKpJgHnRqQQJByd4eQSA4fAS83utsBfBaNDvQwVOOsD-s?width=300&height=300
18-07-2024,571.9515381,579.3433228,562.9327393,568.9682617,1636814280,103,Binance Coin,BNB-USD,Crypto,Cryptocurrency,https://1drv.ms/i/c/8705623eb284e7df/IQRKpJgHnRqQQJByd4eQSA4fAS83utsBfBaNDvQwVOOsD-s?width=300&height=300
19-07-2024,593.7021484,598.0529175,565.973877,571.927124,2052978808,103,Binance Coin,BNB-USD,Crypto,Cryptocurrency,https://1drv.ms/i/c/8705623eb284e7df/IQRKpJgHnRqQQJByd4eQSA4fAS83utsBfBaNDvQwVOOsD-s?width=300&height=300
20-07-2024,593.5722046,598.3012695,587.2839966,593.7093506,1585229672,103,Binance Coin,BNB-USD,Crypto,Cryptocurrency,https://1drv.ms/i/c/8705623eb284e7df/IQRKpJgHnRqQQJByd4eQSA4fAS83utsBfBaNDvQwVOOsD-s?width=300&height=300
21-07-2024,601.8511963,603.6642456,583.5407715,593.5726318,1815088659,103,Binance Coin,BNB-USD,Crypto,Cryptocurrency,https://1drv.ms/i/c/8705623eb284e7df/IQRKpJgHnRqQQJByd4eQSA4fAS83utsBfBaNDvQwVOOsD-s?width=300&height=300
22-07-2024,587.9177856,605.1911621,587.7719727,601.8511963,1985538902,103,Binance Coin,BNB-USD,Crypto,Cryptocurrency,https://1drv.ms/i/c/8705623eb284e7df/IQRKpJgHnRqQQJByd4eQSA4fAS83utsBfBaNDvQwVOOsD-s?width=300&height=300
23-07-2024,582.0995483,593.1072998,578.2872925,587.9177856,1839296067,103,Binance Coin,BNB-USD,Crypto,Cryptocurrency,https://1drv.ms/i/c/8705623eb284e7df/IQRKpJgHnRqQQJByd4eQSA4fAS83utsBfBaNDvQwVOOsD-s?width=300&height=300
24-07-2024,574.5784912,588.8692017,570.9536133,582.1049805,1601708271,103,Binance Coin,BNB-USD,Crypto,Cryptocurrency,https://1drv.ms/i/c/8705623eb284e7df/IQRKpJgHnRqQQJByd4eQSA4fAS83utsBfBaNDvQwVOOsD-s?width=300&height=300
25-07-2024,570.7133789,575.8388062,554.7559814,574.5784912,1995371028,103,Binance Coin,BNB-USD,Crypto,Cryptocurrency,https://1drv.ms/i/c/8705623eb284e7df/IQRKpJgHnRqQQJByd4eQSA4fAS83utsBfBaNDvQwVOOsD-s?width=300&height=300
26-07-2024,581.0779419,582.7736206,570.4503784,570.7133789,1665724792,103,Binance Coin,BNB-USD,Crypto,Cryptocurrency,https://1drv.ms/i/c/8705623eb284e7df/IQRKpJgHnRqQQJByd4eQSA4fAS83utsBfBaNDvQwVOOsD-s?width=300&height=300
27-07-2024,581.5888062,592.8525391,574.8931274,581.0779419,1760015335,103,Binance Coin,BNB-USD,Crypto,Cryptocurrency,https://1drv.ms/i/c/8705623eb284e7df/IQRKpJgHnRqQQJByd4eQSA4fAS83utsBfBaNDvQwVOOsD-s?width=300&height=300
28-07-2024,584.0996094,584.6899414,575.0437622,581.5888062,1464043630,103,Binance Coin,BNB-USD,Crypto,Cryptocurrency,https://1drv.ms/i/c/8705623eb284e7df/IQRKpJgHnRqQQJByd4eQSA4fAS83utsBfBaNDvQwVOOsD-s?width=300&height=300
29-07-2024,574.6425781,596.6491089,573.986084,584.0996094,1825858615,103,Binance Coin,BNB-USD,Crypto,Cryptocurrency,https://1drv.ms/i/c/8705623eb284e7df/IQRKpJgHnRqQQJByd4eQSA4fAS83utsBfBaNDvQwVOOsD-s?width=300&height=300
30-07-2024,587.6651001,587.6651001,567.9902344,574.6425781,1811656040,103,Binance Coin,BNB-USD,Crypto,Cryptocurrency,https://1drv.ms/i/c/8705623eb284e7df/IQRKpJgHnRqQQJByd4eQSA4fAS83utsBfBaNDvQwVOOsD-s?width=300&height=300
31-07-2024,576.3681641,592.5235596,575.2519531,587.6651001,1798590737,103,Binance Coin,BNB-USD,Crypto,Cryptocurrency,https://1drv.ms/i/c/8705623eb284e7df/IQRKpJgHnRqQQJByd4eQSA4fAS83utsBfBaNDvQwVOOsD-s?width=300&height=300
01-08-2024,575.1467285,577.2913208,553.7516479,576.3681641,2045220020,103,Binance Coin,BNB-USD,Crypto,Cryptocurrency,https://1drv.ms/i/c/8705623eb284e7df/IQRKpJgHnRqQQJByd4eQSA4fAS83utsBfBaNDvQwVOOsD-s?width=300&height=300
02-08-2024,542.9151611,577.0011597,540.1186523,575.1467285,2062337930,103,Binance Coin,BNB-USD,Crypto,Cryptocurrency,https://1drv.ms/i/c/8705623eb284e7df/IQRKpJgHnRqQQJByd4eQSA4fAS83utsBfBaNDvQwVOOsD-s?width=300&height=300
03-08-2024,529.4813232,544.666687,522.1957397,542.9151611,1826715291,103,Binance Coin,BNB-USD,Crypto,Cryptocurrency,https://1drv.ms/i/c/8705623eb284e7df/IQRKpJgHnRqQQJByd4eQSA4fAS83utsBfBaNDvQwVOOsD-s?width=300&height=300
04-08-2024,497.039093,531.6157837,488.2488098,529.4813232,1980159444,103,Binance Coin,BNB-USD,Crypto,Cryptocurrency,https://1drv.ms/i/c/8705623eb284e7df/IQRKpJgHnRqQQJByd4eQSA4fAS83utsBfBaNDvQwVOOsD-s?width=300&height=300
05-08-2024,464.6269226,499.3894348,407.5245972,497.039093,4703145244,103,Binance Coin,BNB-USD,Crypto,Cryptocurrency,https://1drv.ms/i/c/8705623eb284e7df/IQRKpJgHnRqQQJByd4eQSA4fAS83utsBfBaNDvQwVOOsD-s?width=300&height=300
06-08-2024,484.323822,492.8955078,464.2871399,464.6269226,2087680023,103,Binance Coin,BNB-USD,Crypto,Cryptocurrency,https://1drv.ms/i/c/8705623eb284e7df/IQRKpJgHnRqQQJByd4eQSA4fAS83utsBfBaNDvQwVOOsD-s?width=300&height=300
07-08-2024,474.224762,497.6240845,468.9976807,484.323822,1883200228,103,Binance Coin,BNB-USD,Crypto,Cryptocurrency,https://1drv.ms/i/c/8705623eb284e7df/IQRKpJgHnRqQQJByd4eQSA4fAS83utsBfBaNDvQwVOOsD-s?width=300&height=300
08-08-2024,517.3375244,521.0404663,469.1906738,474.199707,1790085695,103,Binance Coin,BNB-USD,Crypto,Cryptocurrency,https://1drv.ms/i/c/8705623eb284e7df/IQRKpJgHnRqQQJByd4eQSA4fAS83utsBfBaNDvQwVOOsD-s?width=300&height=300
09-08-2024,509.1827087,517.7231445,500.1761169,517.3375244,1565495419,103,Binance Coin,BNB-USD,Crypto,Cryptocurrency,https://1drv.ms/i/c/8705623eb284e7df/IQRKpJgHnRqQQJByd4eQSA4fAS83utsBfBaNDvQwVOOsD-s?width=300&height=300
10-08-2024,523.317627,524.9590454,507.8503113,509.1827087,1394699693,103,Binance Coin,BNB-USD,Crypto,Cryptocurrency,https://1drv.ms/i/c/8705623eb284e7df/IQRKpJgHnRqQQJByd4eQSA4fAS83utsBfBaNDvQwVOOsD-s?width=300&height=300
11-08-2024,503.8045349,535.5400391,503.2338562,523.3178101,1563057068,103,Binance Coin,BNB-USD,Crypto,Cryptocurrency,https://1drv.ms/i/c/8705623eb284e7df/IQRKpJgHnRqQQJByd4eQSA4fAS83utsBfBaNDvQwVOOsD-s?width=300&height=300
12-08-2024,518.5361328,523.5446167,500.2337036,503.8041687,1786263873,103,Binance Coin,BNB-USD,Crypto,Cryptocurrency,https://1drv.ms/i/c/8705623eb284e7df/IQRKpJgHnRqQQJByd4eQSA4fAS83utsBfBaNDvQwVOOsD-s?width=300&height=300
13-08-2024,524.12854,525.6865234,514.5475464,518.5361328,1757981177,103,Binance Coin,BNB-USD,Crypto,Cryptocurrency,https://1drv.ms/i/c/8705623eb284e7df/IQRKpJgHnRqQQJByd4eQSA4fAS83utsBfBaNDvQwVOOsD-s?width=300&height=300
14-08-2024,524.0153198,531.505188,516.5063477,524.12854,1604400640,103,Binance Coin,BNB-USD,Crypto,Cryptocurrency,https://1drv.ms/i/c/8705623eb284e7df/IQRKpJgHnRqQQJByd4eQSA4fAS83utsBfBaNDvQwVOOsD-s?width=300&height=300
15-08-2024,519.8703613,533.6436768,511.6082458,524.0153198,1645936961,103,Binance Coin,BNB-USD,Crypto,Cryptocurrency,https://1drv.ms/i/c/8705623eb284e7df/IQRKpJgHnRqQQJByd4eQSA4fAS83utsBfBaNDvQwVOOsD-s?width=300&height=300
16-08-2024,519.9686279,524.3740234,511.0402832,519.8703613,1538941515,103,Binance Coin,BNB-USD,Crypto,Cryptocurrency,https://1drv.ms/i/c/8705623eb284e7df/IQRKpJgHnRqQQJByd4eQSA4fAS83utsBfBaNDvQwVOOsD-s?width=300&height=300
17-08-2024,542.2342529,547.161377,518.9406738,519.9686279,1554176167,103,Binance Coin,BNB-USD,Crypto,Cryptocurrency,https://1drv.ms/i/c/8705623eb284e7df/IQRKpJgHnRqQQJByd4eQSA4fAS83utsBfBaNDvQwVOOsD-s?width=300&height=300
18-08-2024,531.6085205,542.3954468,531.2366943,542.2342529,1458218557,103,Binance Coin,BNB-USD,Crypto,Cryptocurrency,https://1drv.ms/i/c/8705623eb284e7df/IQRKpJgHnRqQQJByd4eQSA4fAS83utsBfBaNDvQwVOOsD-s?width=300&height=300
19-08-2024,559.8188477,560.6581421,529.6116333,531.6085205,1721716619,103,Binance Coin,BNB-USD,Crypto,Cryptocurrency,https://1drv.ms/i/c/8705623eb284e7df/IQRKpJgHnRqQQJByd4eQSA4fAS83utsBfBaNDvQwVOOsD-s?width=300&height=300
20-08-2024,569.2669678,574.5568848,559.1103516,559.8188477,2062353969,103,Binance Coin,BNB-USD,Crypto,Cryptocurrency,https://1drv.ms/i/c/8705623eb284e7df/IQRKpJgHnRqQQJByd4eQSA4fAS83utsBfBaNDvQwVOOsD-s?width=300&height=300
21-08-2024,570.0197144,575.0878296,547.611084,569.2669678,1887431524,103,Binance Coin,BNB-USD,Crypto,Cryptocurrency,https://1drv.ms/i/c/8705623eb284e7df/IQRKpJgHnRqQQJByd4eQSA4fAS83utsBfBaNDvQwVOOsD-s?width=300&height=300
22-08-2024,583.0518799,589.4165649,561.2243042,570.0197144,1998394415,103,Binance Coin,BNB-USD,Crypto,Cryptocurrency,https://1drv.ms/i/c/8705623eb284e7df/IQRKpJgHnRqQQJByd4eQSA4fAS83utsBfBaNDvQwVOOsD-s?width=300&height=300
23-08-2024,591.8060303,597.5437622,575.769043,583.0518799,2037288685,103,Binance Coin,BNB-USD,Crypto,Cryptocurrency,https://1drv.ms/i/c/8705623eb284e7df/IQRKpJgHnRqQQJByd4eQSA4fAS83utsBfBaNDvQwVOOsD-s?width=300&height=300
24-08-2024,580.762207,592.7732544,575.8374023,591.8067627,1954023736,103,Binance Coin,BNB-USD,Crypto,Cryptocurrency,https://1drv.ms/i/c/8705623eb284e7df/IQRKpJgHnRqQQJByd4eQSA4fAS83utsBfBaNDvQwVOOsD-s?width=300&height=300
25-08-2024,574.249939,583.9363403,569.9006958,580.762207,1681089758,103,Binance Coin,BNB-USD,Crypto,Cryptocurrency,https://1drv.ms/i/c/8705623eb284e7df/IQRKpJgHnRqQQJByd4eQSA4fAS83utsBfBaNDvQwVOOsD-s?width=300&height=300
26-08-2024,548.8280029,575.9812012,547.2277222,574.249939,1818728257,103,Binance Coin,BNB-USD,Crypto,Cryptocurrency,https://1drv.ms/i/c/8705623eb284e7df/IQRKpJgHnRqQQJByd4eQSA4fAS83utsBfBaNDvQwVOOsD-s?width=300&height=300
27-08-2024,533.9758911,558.2140503,523.4385376,548.8280029,1853530701,103,Binance Coin,BNB-USD,Crypto,Cryptocurrency,https://1drv.ms/i/c/8705623eb284e7df/IQRKpJgHnRqQQJByd4eQSA4fAS83utsBfBaNDvQwVOOsD-s?width=300&height=300
28-08-2024,536.8161621,546.109375,523.7744141,533.9758911,1861040561,103,Binance Coin,BNB-USD,Crypto,Cryptocurrency,https://1drv.ms/i/c/8705623eb284e7df/IQRKpJgHnRqQQJByd4eQSA4fAS83utsBfBaNDvQwVOOsD-s?width=300&height=300
29-08-2024,536.6256714,545.4614868,532.3034058,536.8161621,1577402536,103,Binance Coin,BNB-USD,Crypto,Cryptocurrency,https://1drv.ms/i/c/8705623eb284e7df/IQRKpJgHnRqQQJByd4eQSA4fAS83utsBfBaNDvQwVOOsD-s?width=300&height=300
30-08-2024,535.3157959,542.8146973,523.0588379,536.6256714,1598876190,103,Binance Coin,BNB-USD,Crypto,Cryptocurrency,https://1drv.ms/i/c/8705623eb284e7df/IQRKpJgHnRqQQJByd4eQSA4fAS83utsBfBaNDvQwVOOsD-s?width=300&height=300
31-08-2024,532.8969727,541.1749878,531.6283569,535.3157959,1284869085,103,Binance Coin,BNB-USD,Crypto,Cryptocurrency,https://1drv.ms/i/c/8705623eb284e7df/IQRKpJgHnRqQQJByd4eQSA4fAS83utsBfBaNDvQwVOOsD-s?width=300&height=300
01-09-2024,512.5952148,532.9790649,508.7206116,532.8969727,1498350087,103,Binance Coin,BNB-USD,Crypto,Cryptocurrency,https://1drv.ms/i/c/8705623eb284e7df/IQRKpJgHnRqQQJByd4eQSA4fAS83utsBfBaNDvQwVOOsD-s?width=300&height=300
02-09-2024,526.4387207,529.022644,502.1722717,512.5952148,1653356892,103,Binance Coin,BNB-USD,Crypto,Cryptocurrency,https://1drv.ms/i/c/8705623eb284e7df/IQRKpJgHnRqQQJByd4eQSA4fAS83utsBfBaNDvQwVOOsD-s?width=300&height=300
03-09-2024,518.6689453,537.956665,518.6689453,526.4387207,1559458476,103,Binance Coin,BNB-USD,Crypto,Cryptocurrency,https://1drv.ms/i/c/8705623eb284e7df/IQRKpJgHnRqQQJByd4eQSA4fAS83utsBfBaNDvQwVOOsD-s?width=300&height=300
04-09-2024,507.8204956,523.4694214,496.4385071,518.6379395,1898187560,103,Binance Coin,BNB-USD,Crypto,Cryptocurrency,https://1drv.ms/i/c/8705623eb284e7df/IQRKpJgHnRqQQJByd4eQSA4fAS83utsBfBaNDvQwVOOsD-s?width=300&height=300
05-09-2024,502.0693665,512.6257935,497.3491821,507.8204956,1468645986,103,Binance Coin,BNB-USD,Crypto,Cryptocurrency,https://1drv.ms/i/c/8705623eb284e7df/IQRKpJgHnRqQQJByd4eQSA4fAS83utsBfBaNDvQwVOOsD-s?width=300&height=300
06-09-2024,486.9027405,508.8201294,473.1689148,502.0693665,1860035342,103,Binance Coin,BNB-USD,Crypto,Cryptocurrency,https://1drv.ms/i/c/8705623eb284e7df/IQRKpJgHnRqQQJByd4eQSA4fAS83utsBfBaNDvQwVOOsD-s?width=300&height=300
07-09-2024,493.2261353,499.1057739,483.2615967,486.9027405,1358748616,103,Binance Coin,BNB-USD,Crypto,Cryptocurrency,https://1drv.ms/i/c/8705623eb284e7df/IQRKpJgHnRqQQJByd4eQSA4fAS83utsBfBaNDvQwVOOsD-s?width=300&height=300
08-09-2024,503.0001526,506.4251099,491.0293274,493.2261353,1378399660,103,Binance Coin,BNB-USD,Crypto,Cryptocurrency,https://1drv.ms/i/c/8705623eb284e7df/IQRKpJgHnRqQQJByd4eQSA4fAS83utsBfBaNDvQwVOOsD-s?width=300&height=300
09-09-2024,518.5453491,524.6112671,501.9822083,503.0001526,1602303180,103,Binance Coin,BNB-USD,Crypto,Cryptocurrency,https://1drv.ms/i/c/8705623eb284e7df/IQRKpJgHnRqQQJByd4eQSA4fAS83utsBfBaNDvQwVOOsD-s?width=300&height=300
10-09-2024,517.4838257,523.9138184,514.0165405,518.5453491,1461007853,103,Binance Coin,BNB-USD,Crypto,Cryptocurrency,https://1drv.ms/i/c/8705623eb284e7df/IQRKpJgHnRqQQJByd4eQSA4fAS83utsBfBaNDvQwVOOsD-s?width=300&height=300
11-09-2024,530.1940308,534.5135498,507.2425232,517.4838257,1629703281,103,Binance Coin,BNB-USD,Crypto,Cryptocurrency,https://1drv.ms/i/c/8705623eb284e7df/IQRKpJgHnRqQQJByd4eQSA4fAS83utsBfBaNDvQwVOOsD-s?width=300&height=300
12-09-2024,544.303772,547.791748,530.149353,530.1940308,1725751181,103,Binance Coin,BNB-USD,Crypto,Cryptocurrency,https://1drv.ms/i/c/8705623eb284e7df/IQRKpJgHnRqQQJByd4eQSA4fAS83utsBfBaNDvQwVOOsD-s?width=300&height=300
13-09-2024,557.0180664,559.5098877,539.0565796,544.303772,1745545933,103,Binance Coin,BNB-USD,Crypto,Cryptocurrency,https://1drv.ms/i/c/8705623eb284e7df/IQRKpJgHnRqQQJByd4eQSA4fAS83utsBfBaNDvQwVOOsD-s?width=300&height=300
14-09-2024,553.5650635,559.3895264,548.8692017,557.0180664,1412065214,103,Binance Coin,BNB-USD,Crypto,Cryptocurrency,https://1drv.ms/i/c/8705623eb284e7df/IQRKpJgHnRqQQJByd4eQSA4fAS83utsBfBaNDvQwVOOsD-s?width=300&height=300
15-09-2024,553.97229,561.5770874,552.3637085,553.5650635,1565883242,103,Binance Coin,BNB-USD,Crypto,Cryptocurrency,https://1drv.ms/i/c/8705623eb284e7df/IQRKpJgHnRqQQJByd4eQSA4fAS83utsBfBaNDvQwVOOsD-s?width=300&height=300
16-09-2024,533.809082,554.7008667,527.4401245,553.97229,1805132571,103,Binance Coin,BNB-USD,Crypto,Cryptocurrency,https://1drv.ms/i/c/8705623eb284e7df/IQRKpJgHnRqQQJByd4eQSA4fAS83utsBfBaNDvQwVOOsD-s?width=300&height=300
17-09-2024,546.0135498,552.5006104,529.4241333,533.8087158,1617928146,103,Binance Coin,BNB-USD,Crypto,Cryptocurrency,https://1drv.ms/i/c/8705623eb284e7df/IQRKpJgHnRqQQJByd4eQSA4fAS83utsBfBaNDvQwVOOsD-s?width=300&height=300
18-09-2024,559.0445557,559.0445557,537.5084229,546.0135498,1657679444,103,Binance Coin,BNB-USD,Crypto,Cryptocurrency,https://1drv.ms/i/c/8705623eb284e7df/IQRKpJgHnRqQQJByd4eQSA4fAS83utsBfBaNDvQwVOOsD-s?width=300&height=300
19-09-2024,566.2235107,571.7189941,553.5143433,559.0445557,1859308230,103,Binance Coin,BNB-USD,Crypto,Cryptocurrency,https://1drv.ms/i/c/8705623eb284e7df/IQRKpJgHnRqQQJByd4eQSA4fAS83utsBfBaNDvQwVOOsD-s?width=300&height=300
20-09-2024,568.585083,576.9052734,559.6436157,566.2235107,1821452417,103,Binance Coin,BNB-USD,Crypto,Cryptocurrency,https://1drv.ms/i/c/8705623eb284e7df/IQRKpJgHnRqQQJByd4eQSA4fAS83utsBfBaNDvQwVOOsD-s?width=300&height=300
21-09-2024,589.0379639,590.0252686,566.8111572,568.576416,1694887390,103,Binance Coin,BNB-USD,Crypto,Cryptocurrency,https://1drv.ms/i/c/8705623eb284e7df/IQRKpJgHnRqQQJByd4eQSA4fAS83utsBfBaNDvQwVOOsD-s?width=300&height=300
22-09-2024,588.0869141,593.9545288,577.4526367,589.0379639,1680179600,103,Binance Coin,BNB-USD,Crypto,Cryptocurrency,https://1drv.ms/i/c/8705623eb284e7df/IQRKpJgHnRqQQJByd4eQSA4fAS83utsBfBaNDvQwVOOsD-s?width=300&height=300
23-09-2024,604.3660278,615.7206421,585.5076294,588.0869141,2189508231,103,Binance Coin,BNB-USD,Crypto,Cryptocurrency,https://1drv.ms/i/c/8705623eb284e7df/IQRKpJgHnRqQQJByd4eQSA4fAS83utsBfBaNDvQwVOOsD-s?width=300&height=300
24-09-2024,606.5230713,612.607605,600.2676392,604.3660278,1904808937,103,Binance Coin,BNB-USD,Crypto,Cryptocurrency,https://1drv.ms/i/c/8705623eb284e7df/IQRKpJgHnRqQQJByd4eQSA4fAS83utsBfBaNDvQwVOOsD-s?width=300&height=300
25-09-2024,587.3525391,607.7629395,584.8588257,606.5230713,1744393946,103,Binance Coin,BNB-USD,Crypto,Cryptocurrency,https://1drv.ms/i/c/8705623eb284e7df/IQRKpJgHnRqQQJByd4eQSA4fAS83utsBfBaNDvQwVOOsD-s?width=300&height=300
26-09-2024,596.7769165,608.854187,581.2283325,587.3513794,2081857126,103,Binance Coin,BNB-USD,Crypto,Cryptocurrency,https://1drv.ms/i/c/8705623eb284e7df/IQRKpJgHnRqQQJByd4eQSA4fAS83utsBfBaNDvQwVOOsD-s?width=300&height=300
27-09-2024,607.8670044,614.4735107,596.5009766,596.7769165,2144197609,103,Binance Coin,BNB-USD,Crypto,Cryptocurrency,https://1drv.ms/i/c/8705623eb284e7df/IQRKpJgHnRqQQJByd4eQSA4fAS83utsBfBaNDvQwVOOsD-s?width=300&height=300
28-09-2024,601.5671997,617.3323975,595.2077637,607.8670044,1858159482,103,Binance Coin,BNB-USD,Crypto,Cryptocurrency,https://1drv.ms/i/c/8705623eb284e7df/IQRKpJgHnRqQQJByd4eQSA4fAS83utsBfBaNDvQwVOOsD-s?width=300&height=300
29-09-2024,596.4111938,602.6604004,593.0492554,601.5671997,1649655134,103,Binance Coin,BNB-USD,Crypto,Cryptocurrency,https://1drv.ms/i/c/8705623eb284e7df/IQRKpJgHnRqQQJByd4eQSA4fAS83utsBfBaNDvQwVOOsD-s?width=300&height=300
30-09-2024,567.2600708,596.4414673,564.6533203,596.4111938,1978021598,103,Binance Coin,BNB-USD,Crypto,Cryptocurrency,https://1drv.ms/i/c/8705623eb284e7df/IQRKpJgHnRqQQJByd4eQSA4fAS83utsBfBaNDvQwVOOsD-s?width=300&height=300
01-10-2024,547.9971313,582.4347534,538.4796143,567.2600708,2124076272,103,Binance Coin,BNB-USD,Crypto,Cryptocurrency,https://1drv.ms/i/c/8705623eb284e7df/IQRKpJgHnRqQQJByd4eQSA4fAS83utsBfBaNDvQwVOOsD-s?width=300&height=300
02-10-2024,542.7123413,557.9986572,536.1533203,547.9971313,1821113448,103,Binance Coin,BNB-USD,Crypto,Cryptocurrency,https://1drv.ms/i/c/8705623eb284e7df/IQRKpJgHnRqQQJByd4eQSA4fAS83utsBfBaNDvQwVOOsD-s?width=300&height=300
03-10-2024,544.4249878,550.5075684,535.3806152,542.7123413,1611934612,103,Binance Coin,BNB-USD,Crypto,Cryptocurrency,https://1drv.ms/i/c/8705623eb284e7df/IQRKpJgHnRqQQJByd4eQSA4fAS83utsBfBaNDvQwVOOsD-s?width=300&height=300
04-10-2024,555.3842163,557.4121704,542.2801514,544.4249878,1518084330,103,Binance Coin,BNB-USD,Crypto,Cryptocurrency,https://1drv.ms/i/c/8705623eb284e7df/IQRKpJgHnRqQQJByd4eQSA4fAS83utsBfBaNDvQwVOOsD-s?width=300&height=300
05-10-2024,563.2091675,564.8151245,552.3409424,555.3842163,1426434745,103,Binance Coin,BNB-USD,Crypto,Cryptocurrency,https://1drv.ms/i/c/8705623eb284e7df/IQRKpJgHnRqQQJByd4eQSA4fAS83utsBfBaNDvQwVOOsD-s?width=300&height=300
06-10-2024,570.5427246,571.4304199,561.5877686,563.2091675,1416593714,103,Binance Coin,BNB-USD,Crypto,Cryptocurrency,https://1drv.ms/i/c/8705623eb284e7df/IQRKpJgHnRqQQJByd4eQSA4fAS83utsBfBaNDvQwVOOsD-s?width=300&height=300
07-10-2024,564.1497192,580.9834595,564.1204224,570.5427246,1703177011,103,Binance Coin,BNB-USD,Crypto,Cryptocurrency,https://1drv.ms/i/c/8705623eb284e7df/IQRKpJgHnRqQQJByd4eQSA4fAS83utsBfBaNDvQwVOOsD-s?width=300&height=300
08-10-2024,580.4038696,585.9742432,560.2928467,564.1497192,2143563900,103,Binance Coin,BNB-USD,Crypto,Cryptocurrency,https://1drv.ms/i/c/8705623eb284e7df/IQRKpJgHnRqQQJByd4eQSA4fAS83utsBfBaNDvQwVOOsD-s?width=300&height=300
09-10-2024,570.2771606,585.0736694,567.1437988,580.4038696,1913652029,103,Binance Coin,BNB-USD,Crypto,Cryptocurrency,https://1drv.ms/i/c/8705623eb284e7df/IQRKpJgHnRqQQJByd4eQSA4fAS83utsBfBaNDvQwVOOsD-s?width=300&height=300
10-10-2024,562.725769,572.06073,551.7832031,570.2768555,1559089785,103,Binance Coin,BNB-USD,Crypto,Cryptocurrency,https://1drv.ms/i/c/8705623eb284e7df/IQRKpJgHnRqQQJByd4eQSA4fAS83utsBfBaNDvQwVOOsD-s?width=300&height=300
11-10-2024,572.8572388,577.1348267,560.0671997,562.725769,1622508791,103,Binance Coin,BNB-USD,Crypto,Cryptocurrency,https://1drv.ms/i/c/8705623eb284e7df/IQRKpJgHnRqQQJByd4eQSA4fAS83utsBfBaNDvQwVOOsD-s?width=300&height=300
12-10-2024,576.4497681,578.7108154,572.8572388,572.8572388,1482994534,103,Binance Coin,BNB-USD,Crypto,Cryptocurrency,https://1drv.ms/i/c/8705623eb284e7df/IQRKpJgHnRqQQJByd4eQSA4fAS83utsBfBaNDvQwVOOsD-s?width=300&height=300
13-10-2024,571.8217163,578.0640259,565.1304932,576.4497681,1472484694,103,Binance Coin,BNB-USD,Crypto,Cryptocurrency,https://1drv.ms/i/c/8705623eb284e7df/IQRKpJgHnRqQQJByd4eQSA4fAS83utsBfBaNDvQwVOOsD-s?width=300&height=300
14-10-2024,588.9004517,591.4108276,569.9707642,571.8217163,1825783992,103,Binance Coin,BNB-USD,Crypto,Cryptocurrency,https://1drv.ms/i/c/8705623eb284e7df/IQRKpJgHnRqQQJByd4eQSA4fAS83utsBfBaNDvQwVOOsD-s?width=300&height=300
15-10-2024,594.189209,598.8892822,578.489563,588.9004517,2040945899,103,Binance Coin,BNB-USD,Crypto,Cryptocurrency,https://1drv.ms/i/c/8705623eb284e7df/IQRKpJgHnRqQQJByd4eQSA4fAS83utsBfBaNDvQwVOOsD-s?width=300&height=300
16-10-2024,600.8178101,605.104187,589.9337769,594.189209,1918592073,103,Binance Coin,BNB-USD,Crypto,Cryptocurrency,https://1drv.ms/i/c/8705623eb284e7df/IQRKpJgHnRqQQJByd4eQSA4fAS83utsBfBaNDvQwVOOsD-s?width=300&height=300
17-10-2024,592.0396118,605.8289795,585.7150269,600.8178101,1739191571,103,Binance Coin,BNB-USD,Crypto,Cryptocurrency,https://1drv.ms/i/c/8705623eb284e7df/IQRKpJgHnRqQQJByd4eQSA4fAS83utsBfBaNDvQwVOOsD-s?width=300&height=300
18-10-2024,599.3649902,602.1707153,591.6998291,592.0396118,1638190792,103,Binance Coin,BNB-USD,Crypto,Cryptocurrency,https://1drv.ms/i/c/8705623eb284e7df/IQRKpJgHnRqQQJByd4eQSA4fAS83utsBfBaNDvQwVOOsD-s?width=300&height=300
19-10-2024,597.9749146,600.9993286,595.7270508,599.3649902,1432675869,103,Binance Coin,BNB-USD,Crypto,Cryptocurrency,https://1drv.ms/i/c/8705623eb284e7df/IQRKpJgHnRqQQJByd4eQSA4fAS83utsBfBaNDvQwVOOsD-s?width=300&height=300
20-10-2024,605.5178223,606.3153687,593.7393188,597.9749146,1608355248,103,Binance Coin,BNB-USD,Crypto,Cryptocurrency,https://1drv.ms/i/c/8705623eb284e7df/IQRKpJgHnRqQQJByd4eQSA4fAS83utsBfBaNDvQwVOOsD-s?width=300&height=300
21-10-2024,598.8175659,610.9203491,591.6964722,605.5178223,1917193200,103,Binance Coin,BNB-USD,Crypto,Cryptocurrency,https://1drv.ms/i/c/8705623eb284e7df/IQRKpJgHnRqQQJByd4eQSA4fAS83utsBfBaNDvQwVOOsD-s?width=300&height=300
22-10-2024,593.3606567,599.5232544,587.2017212,598.8175659,1739710555,103,Binance Coin,BNB-USD,Crypto,Cryptocurrency,https://1drv.ms/i/c/8705623eb284e7df/IQRKpJgHnRqQQJByd4eQSA4fAS83utsBfBaNDvQwVOOsD-s?width=300&height=300
23-10-2024,582.4733887,593.810791,573.0883179,593.3606567,1719055847,103,Binance Coin,BNB-USD,Crypto,Cryptocurrency,https://1drv.ms/i/c/8705623eb284e7df/IQRKpJgHnRqQQJByd4eQSA4fAS83utsBfBaNDvQwVOOsD-s?width=300&height=300
24-10-2024,594.1547852,597.5253296,583.0283813,584.6485596,1595144217,103,Binance Coin,BNB-USD,Crypto,Cryptocurrency,https://1drv.ms/i/c/8705623eb284e7df/IQRKpJgHnRqQQJByd4eQSA4fAS83utsBfBaNDvQwVOOsD-s?width=300&height=300
25-10-2024,574.2536011,596.9539795,567.0568848,594.1547852,1712373877,103,Binance Coin,BNB-USD,Crypto,Cryptocurrency,https://1drv.ms/i/c/8705623eb284e7df/IQRKpJgHnRqQQJByd4eQSA4fAS83utsBfBaNDvQwVOOsD-s?width=300&height=300
26-10-2024,582.8060913,586.1702271,571.3250122,574.2536011,1433826425,103,Binance Coin,BNB-USD,Crypto,Cryptocurrency,https://1drv.ms/i/c/8705623eb284e7df/IQRKpJgHnRqQQJByd4eQSA4fAS83utsBfBaNDvQwVOOsD-s?width=300&height=300
27-10-2024,588.7158203,590.1192627,581.2571411,582.8060913,1402058513,103,Binance Coin,BNB-USD,Crypto,Cryptocurrency,https://1drv.ms/i/c/8705623eb284e7df/IQRKpJgHnRqQQJByd4eQSA4fAS83utsBfBaNDvQwVOOsD-s?width=300&height=300
28-10-2024,600.5960693,603.7217407,585.1207886,588.7158203,1671332663,103,Binance Coin,BNB-USD,Crypto,Cryptocurrency,https://1drv.ms/i/c/8705623eb284e7df/IQRKpJgHnRqQQJByd4eQSA4fAS83utsBfBaNDvQwVOOsD-s?width=300&height=300
29-10-2024,605.6682739,611.7814941,599.9456787,600.5960693,1886358424,103,Binance Coin,BNB-USD,Crypto,Cryptocurrency,https://1drv.ms/i/c/8705623eb284e7df/IQRKpJgHnRqQQJByd4eQSA4fAS83utsBfBaNDvQwVOOsD-s?width=300&height=300
30-10-2024,595.7278442,606.0651855,594.4475098,605.6682739,1662620787,103,Binance Coin,BNB-USD,Crypto,Cryptocurrency,https://1drv.ms/i/c/8705623eb284e7df/IQRKpJgHnRqQQJByd4eQSA4fAS83utsBfBaNDvQwVOOsD-s?width=300&height=300
31-10-2024,576.0344849,596.0688477,571.4256592,595.7278442,1810695051,103,Binance Coin,BNB-USD,Crypto,Cryptocurrency,https://1drv.ms/i/c/8705623eb284e7df/IQRKpJgHnRqQQJByd4eQSA4fAS83utsBfBaNDvQwVOOsD-s?width=300&height=300
01-11-2024,572.7622681,584.7971802,568.1642456,576.0344849,1708220753,103,Binance Coin,BNB-USD,Crypto,Cryptocurrency,https://1drv.ms/i/c/8705623eb284e7df/IQRKpJgHnRqQQJByd4eQSA4fAS83utsBfBaNDvQwVOOsD-s?width=300&height=300
02-11-2024,568.0368042,576.4204712,562.9451294,572.7622681,1427236241,103,Binance Coin,BNB-USD,Crypto,Cryptocurrency,https://1drv.ms/i/c/8705623eb284e7df/IQRKpJgHnRqQQJByd4eQSA4fAS83utsBfBaNDvQwVOOsD-s?width=300&height=300
03-11-2024,557.6416016,569.0484619,547.8166504,568.0368042,1584005358,103,Binance Coin,BNB-USD,Crypto,Cryptocurrency,https://1drv.ms/i/c/8705623eb284e7df/IQRKpJgHnRqQQJByd4eQSA4fAS83utsBfBaNDvQwVOOsD-s?width=300&height=300
04-11-2024,552.071106,564.1986084,543.9083252,557.6416016,1580672363,103,Binance Coin,BNB-USD,Crypto,Cryptocurrency,https://1drv.ms/i/c/8705623eb284e7df/IQRKpJgHnRqQQJByd4eQSA4fAS83utsBfBaNDvQwVOOsD-s?width=300&height=300
05-11-2024,563.6120605,571.97052,551.2522583,552.071106,1513727150,103,Binance Coin,BNB-USD,Crypto,Cryptocurrency,https://1drv.ms/i/c/8705623eb284e7df/IQRKpJgHnRqQQJByd4eQSA4fAS83utsBfBaNDvQwVOOsD-s?width=300&height=300
06-11-2024,591.9952393,594.8584595,563.2849121,563.6120605,2342544855,103,Binance Coin,BNB-USD,Crypto,Cryptocurrency,https://1drv.ms/i/c/8705623eb284e7df/IQRKpJgHnRqQQJByd4eQSA4fAS83utsBfBaNDvQwVOOsD-s?width=300&height=300
07-11-2024,598.4359131,610.3167114,588.6566162,591.9952393,1970633102,103,Binance Coin,BNB-USD,Crypto,Cryptocurrency,https://1drv.ms/i/c/8705623eb284e7df/IQRKpJgHnRqQQJByd4eQSA4fAS83utsBfBaNDvQwVOOsD-s?width=300&height=300
08-11-2024,597.9484253,605.9241333,589.548645,598.4359131,1878681588,103,Binance Coin,BNB-USD,Crypto,Cryptocurrency,https://1drv.ms/i/c/8705623eb284e7df/IQRKpJgHnRqQQJByd4eQSA4fAS83utsBfBaNDvQwVOOsD-s?width=300&height=300
09-11-2024,624.3746948,637.8369751,597.8457031,597.9484253,2739276599,103,Binance Coin,BNB-USD,Crypto,Cryptocurrency,https://1drv.ms/i/c/8705623eb284e7df/IQRKpJgHnRqQQJByd4eQSA4fAS83utsBfBaNDvQwVOOsD-s?width=300&height=300
10-11-2024,628.3024902,643.6643066,613.5671387,624.3746948,2965668641,103,Binance Coin,BNB-USD,Crypto,Cryptocurrency,https://1drv.ms/i/c/8705623eb284e7df/IQRKpJgHnRqQQJByd4eQSA4fAS83utsBfBaNDvQwVOOsD-s?width=300&height=300
11-11-2024,661.887207,664.1434937,614.0211792,628.3024902,3375111971,103,Binance Coin,BNB-USD,Crypto,Cryptocurrency,https://1drv.ms/i/c/8705623eb284e7df/IQRKpJgHnRqQQJByd4eQSA4fAS83utsBfBaNDvQwVOOsD-s?width=300&height=300
12-11-2024,627.0038452,666.9176025,613.6227417,661.887146,3603680244,103,Binance Coin,BNB-USD,Crypto,Cryptocurrency,https://1drv.ms/i/c/8705623eb284e7df/IQRKpJgHnRqQQJByd4eQSA4fAS83utsBfBaNDvQwVOOsD-s?width=300&height=300
13-11-2024,621.0003052,638.8924561,600.524353,627.0038452,3294001434,103,Binance Coin,BNB-USD,Crypto,Cryptocurrency,https://1drv.ms/i/c/8705623eb284e7df/IQRKpJgHnRqQQJByd4eQSA4fAS83utsBfBaNDvQwVOOsD-s?width=300&height=300
14-11-2024,621.6801147,659.5319824,612.5340576,621,3392713356,103,Binance Coin,BNB-USD,Crypto,Cryptocurrency,https://1drv.ms/i/c/8705623eb284e7df/IQRKpJgHnRqQQJByd4eQSA4fAS83utsBfBaNDvQwVOOsD-s?width=300&height=300
15-11-2024,618.8664551,628.1688843,604.2251587,621.6801147,2547491086,103,Binance Coin,BNB-USD,Crypto,Cryptocurrency,https://1drv.ms/i/c/8705623eb284e7df/IQRKpJgHnRqQQJByd4eQSA4fAS83utsBfBaNDvQwVOOsD-s?width=300&height=300
16-11-2024,622.3731689,633.4874878,617.8651733,618.987793,2115528251,103,Binance Coin,BNB-USD,Crypto,Cryptocurrency,https://1drv.ms/i/c/8705623eb284e7df/IQRKpJgHnRqQQJByd4eQSA4fAS83utsBfBaNDvQwVOOsD-s?width=300&height=300
17-11-2024,618.4000854,646.4497681,606.1865234,622.3731689,2452647630,103,Binance Coin,BNB-USD,Crypto,Cryptocurrency,https://1drv.ms/i/c/8705623eb284e7df/IQRKpJgHnRqQQJByd4eQSA4fAS83utsBfBaNDvQwVOOsD-s?width=300&height=300
18-11-2024,619.4354858,629.097168,613.055481,618.4000854,2284855769,103,Binance Coin,BNB-USD,Crypto,Cryptocurrency,https://1drv.ms/i/c/8705623eb284e7df/IQRKpJgHnRqQQJByd4eQSA4fAS83utsBfBaNDvQwVOOsD-s?width=300&height=300
19-11-2024,615.9874268,621.5847778,606.5615845,619.4354858,2075194269,103,Binance Coin,BNB-USD,Crypto,Cryptocurrency,https://1drv.ms/i/c/8705623eb284e7df/IQRKpJgHnRqQQJByd4eQSA4fAS83utsBfBaNDvQwVOOsD-s?width=300&height=300
20-11-2024,606.1174927,620.4660034,600.7662354,615.9874268,2115915285,103,Binance Coin,BNB-USD,Crypto,Cryptocurrency,https://1drv.ms/i/c/8705623eb284e7df/IQRKpJgHnRqQQJByd4eQSA4fAS83utsBfBaNDvQwVOOsD-s?width=300&height=300
21-11-2024,622.826355,629.3636475,594.5480957,606.1171265,2698689844,103,Binance Coin,BNB-USD,Crypto,Cryptocurrency,https://1drv.ms/i/c/8705623eb284e7df/IQRKpJgHnRqQQJByd4eQSA4fAS83utsBfBaNDvQwVOOsD-s?width=300&height=300
22-11-2024,633.5134277,639.7319336,617.4517822,622.826355,2447537777,103,Binance Coin,BNB-USD,Crypto,Cryptocurrency,https://1drv.ms/i/c/8705623eb284e7df/IQRKpJgHnRqQQJByd4eQSA4fAS83utsBfBaNDvQwVOOsD-s?width=300&height=300
23-11-2024,651.1972656,679.4188843,632.2477417,633.5134888,3306614137,103,Binance Coin,BNB-USD,Crypto,Cryptocurrency,https://1drv.ms/i/c/8705623eb284e7df/IQRKpJgHnRqQQJByd4eQSA4fAS83utsBfBaNDvQwVOOsD-s?width=300&height=300
24-11-2024,660.3175659,687.3417358,638.9230347,651.1972656,3110188599,103,Binance Coin,BNB-USD,Crypto,Cryptocurrency,https://1drv.ms/i/c/8705623eb284e7df/IQRKpJgHnRqQQJByd4eQSA4fAS83utsBfBaNDvQwVOOsD-s?width=300&height=300
25-11-2024,636.6397095,675.9611206,627.2687988,660.3167114,2787672069,103,Binance Coin,BNB-USD,Crypto,Cryptocurrency,https://1drv.ms/i/c/8705623eb284e7df/IQRKpJgHnRqQQJByd4eQSA4fAS83utsBfBaNDvQwVOOsD-s?width=300&height=300
26-11-2024,613.5872803,645.2929688,600.991272,636.6397095,2637257322,103,Binance Coin,BNB-USD,Crypto,Cryptocurrency,https://1drv.ms/i/c/8705623eb284e7df/IQRKpJgHnRqQQJByd4eQSA4fAS83utsBfBaNDvQwVOOsD-s?width=300&height=300
27-11-2024,644.9484863,646.8518066,608.62146,613.5872803,2393610865,103,Binance Coin,BNB-USD,Crypto,Cryptocurrency,https://1drv.ms/i/c/8705623eb284e7df/IQRKpJgHnRqQQJByd4eQSA4fAS83utsBfBaNDvQwVOOsD-s?width=300&height=300
28-11-2024,654.3616333,663.0219727,641.6170654,644.9484863,2597378212,103,Binance Coin,BNB-USD,Crypto,Cryptocurrency,https://1drv.ms/i/c/8705623eb284e7df/IQRKpJgHnRqQQJByd4eQSA4fAS83utsBfBaNDvQwVOOsD-s?width=300&height=300
29-11-2024,654.8097534,663.324707,649.163208,654.3617554,2098059690,103,Binance Coin,BNB-USD,Crypto,Cryptocurrency,https://1drv.ms/i/c/8705623eb284e7df/IQRKpJgHnRqQQJByd4eQSA4fAS83utsBfBaNDvQwVOOsD-s?width=300&height=300
30-11-2024,654.3291626,676.9244385,648.892395,654.8097534,2273610461,103,Binance Coin,BNB-USD,Crypto,Cryptocurrency,https://1drv.ms/i/c/8705623eb284e7df/IQRKpJgHnRqQQJByd4eQSA4fAS83utsBfBaNDvQwVOOsD-s?width=300&height=300
01-12-2024,655.9324951,664.2872925,646.5952759,654.3291626,2055110342,103,Binance Coin,BNB-USD,Crypto,Cryptocurrency,https://1drv.ms/i/c/8705623eb284e7df/IQRKpJgHnRqQQJByd4eQSA4fAS83utsBfBaNDvQwVOOsD-s?width=300&height=300
02-12-2024,647.5944824,667.4237061,629.9060059,655.9324951,2641248821,103,Binance Coin,BNB-USD,Crypto,Cryptocurrency,https://1drv.ms/i/c/8705623eb284e7df/IQRKpJgHnRqQQJByd4eQSA4fAS83utsBfBaNDvQwVOOsD-s?width=300&height=300
03-12-2024,737.6965942,744.7792969,625.9749756,647.6990967,4177512806,103,Binance Coin,BNB-USD,Crypto,Cryptocurrency,https://1drv.ms/i/c/8705623eb284e7df/IQRKpJgHnRqQQJByd4eQSA4fAS83utsBfBaNDvQwVOOsD-s?width=300&height=300
04-12-2024,739.2527466,793.3505249,723.543335,737.6965942,5614818578,103,Binance Coin,BNB-USD,Crypto,Cryptocurrency,https://1drv.ms/i/c/8705623eb284e7df/IQRKpJgHnRqQQJByd4eQSA4fAS83utsBfBaNDvQwVOOsD-s?width=300&height=300
05-12-2024,714.3219604,739.9475098,695.9388428,739.2536621,3771629643,103,Binance Coin,BNB-USD,Crypto,Cryptocurrency,https://1drv.ms/i/c/8705623eb284e7df/IQRKpJgHnRqQQJByd4eQSA4fAS83utsBfBaNDvQwVOOsD-s?width=300&height=300
06-12-2024,732.0062866,746.1255493,708.4383545,717.9584961,2870854029,103,Binance Coin,BNB-USD,Crypto,Cryptocurrency,https://1drv.ms/i/c/8705623eb284e7df/IQRKpJgHnRqQQJByd4eQSA4fAS83utsBfBaNDvQwVOOsD-s?width=300&height=300
07-12-2024,750.272644,761.0914307,730.8739624,732.0062866,2326982728,103,Binance Coin,BNB-USD,Crypto,Cryptocurrency,https://1drv.ms/i/c/8705623eb284e7df/IQRKpJgHnRqQQJByd4eQSA4fAS83utsBfBaNDvQwVOOsD-s?width=300&height=300
08-12-2024,743.2956543,757.5942993,729.0515137,751.7319336,2035017685,103,Binance Coin,BNB-USD,Crypto,Cryptocurrency,https://1drv.ms/i/c/8705623eb284e7df/IQRKpJgHnRqQQJByd4eQSA4fAS83utsBfBaNDvQwVOOsD-s?width=300&height=300
09-12-2024,689.9243774,743.2956543,662.2440796,743.2956543,3267965774,103,Binance Coin,BNB-USD,Crypto,Cryptocurrency,https://1drv.ms/i/c/8705623eb284e7df/IQRKpJgHnRqQQJByd4eQSA4fAS83utsBfBaNDvQwVOOsD-s?width=300&height=300
10-12-2024,676.9829102,704.5599976,650.59729,689.9243774,3102408468,103,Binance Coin,BNB-USD,Crypto,Cryptocurrency,https://1drv.ms/i/c/8705623eb284e7df/IQRKpJgHnRqQQJByd4eQSA4fAS83utsBfBaNDvQwVOOsD-s?width=300&height=300
11-12-2024,711.8114014,712.8771362,660.1540527,676.9829102,2276828057,103,Binance Coin,BNB-USD,Crypto,Cryptocurrency,https://1drv.ms/i/c/8705623eb284e7df/IQRKpJgHnRqQQJByd4eQSA4fAS83utsBfBaNDvQwVOOsD-s?width=300&height=300
12-12-2024,705.9442139,725.2216797,700.1067505,711.8114014,2393129125,103,Binance Coin,BNB-USD,Crypto,Cryptocurrency,https://1drv.ms/i/c/8705623eb284e7df/IQRKpJgHnRqQQJByd4eQSA4fAS83utsBfBaNDvQwVOOsD-s?width=300&height=300
13-12-2024,726.2548218,729.6268921,698.5020752,705.9443359,2449855057,103,Binance Coin,BNB-USD,Crypto,Cryptocurrency,https://1drv.ms/i/c/8705623eb284e7df/IQRKpJgHnRqQQJByd4eQSA4fAS83utsBfBaNDvQwVOOsD-s?width=300&height=300
14-12-2024,715.6956787,731.6613159,705.5390015,726.2548218,1957844883,103,Binance Coin,BNB-USD,Crypto,Cryptocurrency,https://1drv.ms/i/c/8705623eb284e7df/IQRKpJgHnRqQQJByd4eQSA4fAS83utsBfBaNDvQwVOOsD-s?width=300&height=300
15-12-2024,719.1342773,723.0733032,703.1802979,715.6956787,1831103596,103,Binance Coin,BNB-USD,Crypto,Cryptocurrency,https://1drv.ms/i/c/8705623eb284e7df/IQRKpJgHnRqQQJByd4eQSA4fAS83utsBfBaNDvQwVOOsD-s?width=300&height=300
16-12-2024,720.326355,730.0011597,704.3413086,719.1342773,2276490785,103,Binance Coin,BNB-USD,Crypto,Cryptocurrency,https://1drv.ms/i/c/8705623eb284e7df/IQRKpJgHnRqQQJByd4eQSA4fAS83utsBfBaNDvQwVOOsD-s?width=300&height=300
17-12-2024,716.6824951,735.7572021,713.7290039,720.326355,2363860623,103,Binance Coin,BNB-USD,Crypto,Cryptocurrency,https://1drv.ms/i/c/8705623eb284e7df/IQRKpJgHnRqQQJByd4eQSA4fAS83utsBfBaNDvQwVOOsD-s?width=300&height=300
18-12-2024,687.6237793,721.7589111,686.6619263,716.7249146,2702479586,103,Binance Coin,BNB-USD,Crypto,Cryptocurrency,https://1drv.ms/i/c/8705623eb284e7df/IQRKpJgHnRqQQJByd4eQSA4fAS83utsBfBaNDvQwVOOsD-s?width=300&height=300
19-12-2024,666.5693359,704.4877319,651.0365601,687.6243896,2806454484,103,Binance Coin,BNB-USD,Crypto,Cryptocurrency,https://1drv.ms/i/c/8705623eb284e7df/IQRKpJgHnRqQQJByd4eQSA4fAS83utsBfBaNDvQwVOOsD-s?width=300&height=300
20-12-2024,678.0866089,679.4436646,619.5003662,666.5693359,3064285256,103,Binance Coin,BNB-USD,Crypto,Cryptocurrency,https://1drv.ms/i/c/8705623eb284e7df/IQRKpJgHnRqQQJByd4eQSA4fAS83utsBfBaNDvQwVOOsD-s?width=300&height=300
21-12-2024,663.27948,692.6364136,652.6074829,678.0866089,2185739949,103,Binance Coin,BNB-USD,Crypto,Cryptocurrency,https://1drv.ms/i/c/8705623eb284e7df/IQRKpJgHnRqQQJByd4eQSA4fAS83utsBfBaNDvQwVOOsD-s?width=300&height=300
22-12-2024,648.7047119,668.8275146,639.6086426,663.2660522,1091595586,103,Binance Coin,BNB-USD,Crypto,Cryptocurrency,https://1drv.ms/i/c/8705623eb284e7df/IQRKpJgHnRqQQJByd4eQSA4fAS83utsBfBaNDvQwVOOsD-s?width=300&height=300
23-12-2024,693.0007324,697.3999023,637.965271,648.7047119,1738271695,103,Binance Coin,BNB-USD,Crypto,Cryptocurrency,https://1drv.ms/i/c/8705623eb284e7df/IQRKpJgHnRqQQJByd4eQSA4fAS83utsBfBaNDvQwVOOsD-s?width=300&height=300
24-12-2024,696.7411499,698.4424438,681.9980469,693.0007324,1145844254,103,Binance Coin,BNB-USD,Crypto,Cryptocurrency,https://1drv.ms/i/c/8705623eb284e7df/IQRKpJgHnRqQQJByd4eQSA4fAS83utsBfBaNDvQwVOOsD-s?width=300&height=300
25-12-2024,702.3269653,711.9866333,695.9627075,696.7411499,893387310,103,Binance Coin,BNB-USD,Crypto,Cryptocurrency,https://1drv.ms/i/c/8705623eb284e7df/IQRKpJgHnRqQQJByd4eQSA4fAS83utsBfBaNDvQwVOOsD-s?width=300&height=300
26-12-2024,688.3601074,718.1624146,683.2624512,702.3269653,1253518341,103,Binance Coin,BNB-USD,Crypto,Cryptocurrency,https://1drv.ms/i/c/8705623eb284e7df/IQRKpJgHnRqQQJByd4eQSA4fAS83utsBfBaNDvQwVOOsD-s?width=300&height=300
27-12-2024,690.4293823,709.6464233,685.1991577,688.3508911,1884726979,103,Binance Coin,BNB-USD,Crypto,Cryptocurrency,https://1drv.ms/i/c/8705623eb284e7df/IQRKpJgHnRqQQJByd4eQSA4fAS83utsBfBaNDvQwVOOsD-s?width=300&height=300
28-12-2024,720.9590454,729.3158569,690.4293823,690.4293823,1890880986,103,Binance Coin,BNB-USD,Crypto,Cryptocurrency,https://1drv.ms/i/c/8705623eb284e7df/IQRKpJgHnRqQQJByd4eQSA4fAS83utsBfBaNDvQwVOOsD-s?width=300&height=300
29-12-2024,693.7545166,722.7669678,689.4752197,720.9590454,1647228348,103,Binance Coin,BNB-USD,Crypto,Cryptocurrency,https://1drv.ms/i/c/8705623eb284e7df/IQRKpJgHnRqQQJByd4eQSA4fAS83utsBfBaNDvQwVOOsD-s?width=300&height=300
30-12-2024,704.1463013,711.0356445,686.9070435,693.7542725,1790325219,103,Binance Coin,BNB-USD,Crypto,Cryptocurrency,https://1drv.ms/i/c/8705623eb284e7df/IQRKpJgHnRqQQJByd4eQSA4fAS83utsBfBaNDvQwVOOsD-s?width=300&height=300
31-12-2024,700.9868774,713.5983276,698.0257568,704.1463013,2372886701,103,Binance Coin,BNB-USD,Crypto,Cryptocurrency,https://1drv.ms/i/c/8705623eb284e7df/IQRKpJgHnRqQQJByd4eQSA4fAS83utsBfBaNDvQwVOOsD-s?width=300&height=300
01-01-2025,706.5129395,709.1989746,699.758606,700.9868774,1420234997,103,Binance Coin,BNB-USD,Crypto,Cryptocurrency,https://1drv.ms/i/c/8705623eb284e7df/IQRKpJgHnRqQQJByd4eQSA4fAS83utsBfBaNDvQwVOOsD-s?width=300&height=300
02-01-2025,705.6785889,714.4386597,697.7047119,706.5124512,1880664942,103,Binance Coin,BNB-USD,Crypto,Cryptocurrency,https://1drv.ms/i/c/8705623eb284e7df/IQRKpJgHnRqQQJByd4eQSA4fAS83utsBfBaNDvQwVOOsD-s?width=300&height=300
03-01-2025,713.6435547,715.0968628,697.5460815,705.6785889,1822243906,103,Binance Coin,BNB-USD,Crypto,Cryptocurrency,https://1drv.ms/i/c/8705623eb284e7df/IQRKpJgHnRqQQJByd4eQSA4fAS83utsBfBaNDvQwVOOsD-s?width=300&height=300
04-01-2025,713.8411865,721.15625,708.8513184,713.6435547,1524500208,103,Binance Coin,BNB-USD,Crypto,Cryptocurrency,https://1drv.ms/i/c/8705623eb284e7df/IQRKpJgHnRqQQJByd4eQSA4fAS83utsBfBaNDvQwVOOsD-s?width=300&height=300
05-01-2025,709.2583008,713.8411865,703.0022583,713.8411865,1411808759,103,Binance Coin,BNB-USD,Crypto,Cryptocurrency,https://1drv.ms/i/c/8705623eb284e7df/IQRKpJgHnRqQQJByd4eQSA4fAS83utsBfBaNDvQwVOOsD-s?width=300&height=300
06-01-2025,729.4000854,745.1535645,706.1865845,709.2583008,2056633884,103,Binance Coin,BNB-USD,Crypto,Cryptocurrency,https://1drv.ms/i/c/8705623eb284e7df/IQRKpJgHnRqQQJByd4eQSA4fAS83utsBfBaNDvQwVOOsD-s?width=300&height=300
07-01-2025,697.3688965,733.0914307,691.5519409,729.3932495,2200352831,103,Binance Coin,BNB-USD,Crypto,Cryptocurrency,https://1drv.ms/i/c/8705623eb284e7df/IQRKpJgHnRqQQJByd4eQSA4fAS83utsBfBaNDvQwVOOsD-s?width=300&height=300
08-01-2025,695.8371582,706.7611084,677.1226196,697.3688965,2189465209,103,Binance Coin,BNB-USD,Crypto,Cryptocurrency,https://1drv.ms/i/c/8705623eb284e7df/IQRKpJgHnRqQQJByd4eQSA4fAS83utsBfBaNDvQwVOOsD-s?width=300&height=300
09-01-2025,685.1207275,700.9730225,675.7342529,695.8371582,1931492677,103,Binance Coin,BNB-USD,Crypto,Cryptocurrency,https://1drv.ms/i/c/8705623eb284e7df/IQRKpJgHnRqQQJByd4eQSA4fAS83utsBfBaNDvQwVOOsD-s?width=300&height=300
10-01-2025,693.6244507,700.4706421,683.6865845,685.1203613,1680784122,103,Binance Coin,BNB-USD,Crypto,Cryptocurrency,https://1drv.ms/i/c/8705623eb284e7df/IQRKpJgHnRqQQJByd4eQSA4fAS83utsBfBaNDvQwVOOsD-s?width=300&height=300
11-01-2025,696.6578369,700.7665405,690.4573364,693.6244507,1290072226,103,Binance Coin,BNB-USD,Crypto,Cryptocurrency,https://1drv.ms/i/c/8705623eb284e7df/IQRKpJgHnRqQQJByd4eQSA4fAS83utsBfBaNDvQwVOOsD-s?width=300&height=300
12-01-2025,693.0482788,697.9985962,689.8890991,696.6578369,1291862069,103,Binance Coin,BNB-USD,Crypto,Cryptocurrency,https://1drv.ms/i/c/8705623eb284e7df/IQRKpJgHnRqQQJByd4eQSA4fAS83utsBfBaNDvQwVOOsD-s?width=300&height=300
13-01-2025,688.2675171,699.4813843,659.7593994,693.0480957,2127442444,103,Binance Coin,BNB-USD,Crypto,Cryptocurrency,https://1drv.ms/i/c/8705623eb284e7df/IQRKpJgHnRqQQJByd4eQSA4fAS83utsBfBaNDvQwVOOsD-s?width=300&height=300
14-01-2025,698.6196899,699.8079224,686.4327393,688.2675171,1566844744,103,Binance Coin,BNB-USD,Crypto,Cryptocurrency,https://1drv.ms/i/c/8705623eb284e7df/IQRKpJgHnRqQQJByd4eQSA4fAS83utsBfBaNDvQwVOOsD-s?width=300&height=300
15-01-2025,714.0284424,714.6610107,688.7565308,698.6196899,1856118408,103,Binance Coin,BNB-USD,Crypto,Cryptocurrency,https://1drv.ms/i/c/8705623eb284e7df/IQRKpJgHnRqQQJByd4eQSA4fAS83utsBfBaNDvQwVOOsD-s?width=300&height=300
16-01-2025,708.2980347,717.0333252,701.2029419,714.0716553,1899114340,103,Binance Coin,BNB-USD,Crypto,Cryptocurrency,https://1drv.ms/i/c/8705623eb284e7df/IQRKpJgHnRqQQJByd4eQSA4fAS83utsBfBaNDvQwVOOsD-s?width=300&height=300
17-01-2025,721.7504883,729.8535156,708.1862183,708.2980347,1946000436,103,Binance Coin,BNB-USD,Crypto,Cryptocurrency,https://1drv.ms/i/c/8705623eb284e7df/IQRKpJgHnRqQQJByd4eQSA4fAS83utsBfBaNDvQwVOOsD-s?width=300&height=300
18-01-2025,709.4249878,723.0932007,695.2164307,721.7504883,2200623289,103,Binance Coin,BNB-USD,Crypto,Cryptocurrency,https://1drv.ms/i/c/8705623eb284e7df/IQRKpJgHnRqQQJByd4eQSA4fAS83utsBfBaNDvQwVOOsD-s?width=300&height=300
19-01-2025,682.2039795,713.4689331,676.84729,709.4248047,2841079952,103,Binance Coin,BNB-USD,Crypto,Cryptocurrency,https://1drv.ms/i/c/8705623eb284e7df/IQRKpJgHnRqQQJByd4eQSA4fAS83utsBfBaNDvQwVOOsD-s?width=300&height=300
20-01-2025,681.8033447,707.576355,672.1893921,682.204895,2865652878,103,Binance Coin,BNB-USD,Crypto,Cryptocurrency,https://1drv.ms/i/c/8705623eb284e7df/IQRKpJgHnRqQQJByd4eQSA4fAS83utsBfBaNDvQwVOOsD-s?width=300&height=300
21-01-2025,691.8165894,696.9175415,675.4456787,681.8033447,2008007873,103,Binance Coin,BNB-USD,Crypto,Cryptocurrency,https://1drv.ms/i/c/8705623eb284e7df/IQRKpJgHnRqQQJByd4eQSA4fAS83utsBfBaNDvQwVOOsD-s?width=300&height=300
22-01-2025,694.9832153,703.2702637,690.2745361,691.8165894,1762077789,103,Binance Coin,BNB-USD,Crypto,Cryptocurrency,https://1drv.ms/i/c/8705623eb284e7df/IQRKpJgHnRqQQJByd4eQSA4fAS83utsBfBaNDvQwVOOsD-s?width=300&height=300
23-01-2025,690.2037354,697.0014648,681.0576782,694.9648438,2277458782,103,Binance Coin,BNB-USD,Crypto,Cryptocurrency,https://1drv.ms/i/c/8705623eb284e7df/IQRKpJgHnRqQQJByd4eQSA4fAS83utsBfBaNDvQwVOOsD-s?width=300&height=300
24-01-2025,680.2131958,690.8380127,679.086731,690.2037354,1730218663,103,Binance Coin,BNB-USD,Crypto,Cryptocurrency,https://1drv.ms/i/c/8705623eb284e7df/IQRKpJgHnRqQQJByd4eQSA4fAS83utsBfBaNDvQwVOOsD-s?width=300&height=300
25-01-2025,686.2684937,689.4597168,678.1116333,680.2141724,1457363671,103,Binance Coin,BNB-USD,Crypto,Cryptocurrency,https://1drv.ms/i/c/8705623eb284e7df/IQRKpJgHnRqQQJByd4eQSA4fAS83utsBfBaNDvQwVOOsD-s?width=300&height=300
26-01-2025,666.7637939,690.3150024,665.0410156,686.269165,1529267261,103,Binance Coin,BNB-USD,Crypto,Cryptocurrency,https://1drv.ms/i/c/8705623eb284e7df/IQRKpJgHnRqQQJByd4eQSA4fAS83utsBfBaNDvQwVOOsD-s?width=300&height=300
27-01-2025,679.793335,679.9133301,639.9559937,666.7637939,2295184879,103,Binance Coin,BNB-USD,Crypto,Cryptocurrency,https://1drv.ms/i/c/8705623eb284e7df/IQRKpJgHnRqQQJByd4eQSA4fAS83utsBfBaNDvQwVOOsD-s?width=300&height=300
28-01-2025,661.4245605,682.8566895,659.5821533,679.793335,1659082131,103,Binance Coin,BNB-USD,Crypto,Cryptocurrency,https://1drv.ms/i/c/8705623eb284e7df/IQRKpJgHnRqQQJByd4eQSA4fAS83utsBfBaNDvQwVOOsD-s?width=300&height=300
29-01-2025,667.68573,678.9920654,660.2319946,661.4260254,1716776649,103,Binance Coin,BNB-USD,Crypto,Cryptocurrency,https://1drv.ms/i/c/8705623eb284e7df/IQRKpJgHnRqQQJByd4eQSA4fAS83utsBfBaNDvQwVOOsD-s?width=300&height=300
30-01-2025,677.5535889,682.324707,666.6491699,667.7298584,1506319921,103,Binance Coin,BNB-USD,Crypto,Cryptocurrency,https://1drv.ms/i/c/8705623eb284e7df/IQRKpJgHnRqQQJByd4eQSA4fAS83utsBfBaNDvQwVOOsD-s?width=300&height=300
31-01-2025,677.3753662,689.2151489,673.793457,677.557251,1589542506,103,Binance Coin,BNB-USD,Crypto,Cryptocurrency,https://1drv.ms/i/c/8705623eb284e7df/IQRKpJgHnRqQQJByd4eQSA4fAS83utsBfBaNDvQwVOOsD-s?width=300&height=300
01-02-2025,653.4329224,681.2196045,651.1262207,677.3399048,1544346912,103,Binance Coin,BNB-USD,Crypto,Cryptocurrency,https://1drv.ms/i/c/8705623eb284e7df/IQRKpJgHnRqQQJByd4eQSA4fAS83utsBfBaNDvQwVOOsD-s?width=300&height=300
02-02-2025,617.600647,662.633728,602.7611694,653.4325562,2282982721,103,Binance Coin,BNB-USD,Crypto,Cryptocurrency,https://1drv.ms/i/c/8705623eb284e7df/IQRKpJgHnRqQQJByd4eQSA4fAS83utsBfBaNDvQwVOOsD-s?width=300&height=300
03-02-2025,617.1207886,619.1079712,519.1922607,617.600647,3960962742,103,Binance Coin,BNB-USD,Crypto,Cryptocurrency,https://1drv.ms/i/c/8705623eb284e7df/IQRKpJgHnRqQQJByd4eQSA4fAS83utsBfBaNDvQwVOOsD-s?width=300&height=300
04-02-2025,573.3278198,619.3443604,559.2634888,617.1207886,2336864401,103,Binance Coin,BNB-USD,Crypto,Cryptocurrency,https://1drv.ms/i/c/8705623eb284e7df/IQRKpJgHnRqQQJByd4eQSA4fAS83utsBfBaNDvQwVOOsD-s?width=300&height=300
05-02-2025,569.7468872,578.9624023,562.0692749,573.3278198,1494467850,103,Binance Coin,BNB-USD,Crypto,Cryptocurrency,https://1drv.ms/i/c/8705623eb284e7df/IQRKpJgHnRqQQJByd4eQSA4fAS83utsBfBaNDvQwVOOsD-s?width=300&height=300
06-02-2025,572.2740479,589.0063477,569.5974121,569.7468872,1722558011,103,Binance Coin,BNB-USD,Crypto,Cryptocurrency,https://1drv.ms/i/c/8705623eb284e7df/IQRKpJgHnRqQQJByd4eQSA4fAS83utsBfBaNDvQwVOOsD-s?width=300&height=300
07-02-2025,578.0668335,589.6243286,571.2775269,572.2747192,1583843573,103,Binance Coin,BNB-USD,Crypto,Cryptocurrency,https://1drv.ms/i/c/8705623eb284e7df/IQRKpJgHnRqQQJByd4eQSA4fAS83utsBfBaNDvQwVOOsD-s?width=300&height=300
08-02-2025,613.3242188,633.0552368,574.0418701,578.0668335,2087349099,103,Binance Coin,BNB-USD,Crypto,Cryptocurrency,https://1drv.ms/i/c/8705623eb284e7df/IQRKpJgHnRqQQJByd4eQSA4fAS83utsBfBaNDvQwVOOsD-s?width=300&height=300
09-02-2025,616.6420898,647.7876587,603.4038696,613.3242188,2630256614,103,Binance Coin,BNB-USD,Crypto,Cryptocurrency,https://1drv.ms/i/c/8705623eb284e7df/IQRKpJgHnRqQQJByd4eQSA4fAS83utsBfBaNDvQwVOOsD-s?width=300&height=300
10-02-2025,618.3145142,621.4203491,597.0648193,616.6420898,1860480297,103,Binance Coin,BNB-USD,Crypto,Cryptocurrency,https://1drv.ms/i/c/8705623eb284e7df/IQRKpJgHnRqQQJByd4eQSA4fAS83utsBfBaNDvQwVOOsD-s?width=300&height=300
11-02-2025,642.5872803,646.0993042,615.6916504,618.3145142,2162944541,103,Binance Coin,BNB-USD,Crypto,Cryptocurrency,https://1drv.ms/i/c/8705623eb284e7df/IQRKpJgHnRqQQJByd4eQSA4fAS83utsBfBaNDvQwVOOsD-s?width=300&height=300
12-02-2025,698.0373535,704.7020264,627.5713501,642.5872803,3007130370,103,Binance Coin,BNB-USD,Crypto,Cryptocurrency,https://1drv.ms/i/c/8705623eb284e7df/IQRKpJgHnRqQQJByd4eQSA4fAS83utsBfBaNDvQwVOOsD-s?width=300&height=300
13-02-2025,668.2775269,730.8347168,660.6467285,698.0373535,5139846836,103,Binance Coin,BNB-USD,Crypto,Cryptocurrency,https://1drv.ms/i/c/8705623eb284e7df/IQRKpJgHnRqQQJByd4eQSA4fAS83utsBfBaNDvQwVOOsD-s?width=300&height=300
14-02-2025,658.0436401,683.999939,652.4675903,668.2775269,2581045409,103,Binance Coin,BNB-USD,Crypto,Cryptocurrency,https://1drv.ms/i/c/8705623eb284e7df/IQRKpJgHnRqQQJByd4eQSA4fAS83utsBfBaNDvQwVOOsD-s?width=300&height=300
15-02-2025,662.3276978,670.7623291,654.4702759,658.0436401,1794465917,103,Binance Coin,BNB-USD,Crypto,Cryptocurrency,https://1drv.ms/i/c/8705623eb284e7df/IQRKpJgHnRqQQJByd4eQSA4fAS83utsBfBaNDvQwVOOsD-s?width=300&height=300
16-02-2025,674.1008301,685.0858765,654.3810425,662.3275757,2009553142,103,Binance Coin,BNB-USD,Crypto,Cryptocurrency,https://1drv.ms/i/c/8705623eb284e7df/IQRKpJgHnRqQQJByd4eQSA4fAS83utsBfBaNDvQwVOOsD-s?width=300&height=300
17-02-2025,667.2290649,681.6255493,659.2930908,674.1008301,1942930816,103,Binance Coin,BNB-USD,Crypto,Cryptocurrency,https://1drv.ms/i/c/8705623eb284e7df/IQRKpJgHnRqQQJByd4eQSA4fAS83utsBfBaNDvQwVOOsD-s?width=300&height=300
18-02-2025,647.4433594,667.7595215,630.6552734,667.2362061,1985512627,103,Binance Coin,BNB-USD,Crypto,Cryptocurrency,https://1drv.ms/i/c/8705623eb284e7df/IQRKpJgHnRqQQJByd4eQSA4fAS83utsBfBaNDvQwVOOsD-s?width=300&height=300
19-02-2025,653.5147095,659.9885864,638.1408691,647.4436035,1916599180,103,Binance Coin,BNB-USD,Crypto,Cryptocurrency,https://1drv.ms/i/c/8705623eb284e7df/IQRKpJgHnRqQQJByd4eQSA4fAS83utsBfBaNDvQwVOOsD-s?width=300&height=300
20-02-2025,657.2009888,658.9291382,646.6703491,653.5147095,1709065792,103,Binance Coin,BNB-USD,Crypto,Cryptocurrency,https://1drv.ms/i/c/8705623eb284e7df/IQRKpJgHnRqQQJByd4eQSA4fAS83utsBfBaNDvQwVOOsD-s?width=300&height=300
21-02-2025,646.8995361,668.0032959,635.3399048,657.2009888,1926193637,103,Binance Coin,BNB-USD,Crypto,Cryptocurrency,https://1drv.ms/i/c/8705623eb284e7df/IQRKpJgHnRqQQJByd4eQSA4fAS83utsBfBaNDvQwVOOsD-s?width=300&height=300
22-02-2025,668.5747681,679.123291,645.6533813,646.8995361,1899367077,103,Binance Coin,BNB-USD,Crypto,Cryptocurrency,https://1drv.ms/i/c/8705623eb284e7df/IQRKpJgHnRqQQJByd4eQSA4fAS83utsBfBaNDvQwVOOsD-s?width=300&height=300
23-02-2025,657.9036865,671.0719604,648.9799194,668.5744629,1502735946,103,Binance Coin,BNB-USD,Crypto,Cryptocurrency,https://1drv.ms/i/c/8705623eb284e7df/IQRKpJgHnRqQQJByd4eQSA4fAS83utsBfBaNDvQwVOOsD-s?width=300&height=300
24-02-2025,613.9630127,659.1483154,612.821228,657.9036865,1901201673,103,Binance Coin,BNB-USD,Crypto,Cryptocurrency,https://1drv.ms/i/c/8705623eb284e7df/IQRKpJgHnRqQQJByd4eQSA4fAS83utsBfBaNDvQwVOOsD-s?width=300&height=300
25-02-2025,622.9407959,627.2440186,589.2698364,613.9630127,2591258749,103,Binance Coin,BNB-USD,Crypto,Cryptocurrency,https://1drv.ms/i/c/8705623eb284e7df/IQRKpJgHnRqQQJByd4eQSA4fAS83utsBfBaNDvQwVOOsD-s?width=300&height=300
26-02-2025,610.6930542,630.8197632,595.2650146,622.9407959,1996066325,103,Binance Coin,BNB-USD,Crypto,Cryptocurrency,https://1drv.ms/i/c/8705623eb284e7df/IQRKpJgHnRqQQJByd4eQSA4fAS83utsBfBaNDvQwVOOsD-s?width=300&height=300
27-02-2025,605.1236572,618.6282349,595.800293,610.6930542,1866447677,103,Binance Coin,BNB-USD,Crypto,Cryptocurrency,https://1drv.ms/i/c/8705623eb284e7df/IQRKpJgHnRqQQJByd4eQSA4fAS83utsBfBaNDvQwVOOsD-s?width=300&height=300
28-02-2025,587.4515991,605.4012451,559.970459,605.1236572,2166029990,103,Binance Coin,BNB-USD,Crypto,Cryptocurrency,https://1drv.ms/i/c/8705623eb284e7df/IQRKpJgHnRqQQJByd4eQSA4fAS83utsBfBaNDvQwVOOsD-s?width=300&height=300
01-03-2025,607.5115356,608.8959351,586.5928345,587.4458008,1694454521,103,Binance Coin,BNB-USD,Crypto,Cryptocurrency,https://1drv.ms/i/c/8705623eb284e7df/IQRKpJgHnRqQQJByd4eQSA4fAS83utsBfBaNDvQwVOOsD-s?width=300&height=300
02-03-2025,622.9360962,634.5426636,602.6329956,607.5109253,2130538305,103,Binance Coin,BNB-USD,Crypto,Cryptocurrency,https://1drv.ms/i/c/8705623eb284e7df/IQRKpJgHnRqQQJByd4eQSA4fAS83utsBfBaNDvQwVOOsD-s?width=300&height=300
03-03-2025,575.1699829,623.2995605,568.5407104,622.9360962,2161303026,103,Binance Coin,BNB-USD,Crypto,Cryptocurrency,https://1drv.ms/i/c/8705623eb284e7df/IQRKpJgHnRqQQJByd4eQSA4fAS83utsBfBaNDvQwVOOsD-s?width=300&height=300
04-03-2025,583.586853,587.8701782,551.6925049,575.1699829,1969539538,103,Binance Coin,BNB-USD,Crypto,Cryptocurrency,https://1drv.ms/i/c/8705623eb284e7df/IQRKpJgHnRqQQJByd4eQSA4fAS83utsBfBaNDvQwVOOsD-s?width=300&height=300
05-03-2025,597.9758301,604.5371704,581.3215332,583.5859985,1534770591,103,Binance Coin,BNB-USD,Crypto,Cryptocurrency,https://1drv.ms/i/c/8705623eb284e7df/IQRKpJgHnRqQQJByd4eQSA4fAS83utsBfBaNDvQwVOOsD-s?width=300&height=300
06-03-2025,596.7237549,612.031311,589.8913574,597.9758301,1621101888,103,Binance Coin,BNB-USD,Crypto,Cryptocurrency,https://1drv.ms/i/c/8705623eb284e7df/IQRKpJgHnRqQQJByd4eQSA4fAS83utsBfBaNDvQwVOOsD-s?width=300&height=300
07-03-2025,593.9633789,609.4311523,579.3677979,596.7236938,1866542048,103,Binance Coin,BNB-USD,Crypto,Cryptocurrency,https://1drv.ms/i/c/8705623eb284e7df/IQRKpJgHnRqQQJByd4eQSA4fAS83utsBfBaNDvQwVOOsD-s?width=300&height=300
08-03-2025,593.0808716,601.6478882,591.7102051,593.9637451,1147671365,103,Binance Coin,BNB-USD,Crypto,Cryptocurrency,https://1drv.ms/i/c/8705623eb284e7df/IQRKpJgHnRqQQJByd4eQSA4fAS83utsBfBaNDvQwVOOsD-s?width=300&height=300
09-03-2025,554.5804443,593.0997314,551.1481323,593.0823975,1540503120,103,Binance Coin,BNB-USD,Crypto,Cryptocurrency,https://1drv.ms/i/c/8705623eb284e7df/IQRKpJgHnRqQQJByd4eQSA4fAS83utsBfBaNDvQwVOOsD-s?width=300&height=300
10-03-2025,532.1218872,572.050354,524.9960938,554.5804443,1896805158,103,Binance Coin,BNB-USD,Crypto,Cryptocurrency,https://1drv.ms/i/c/8705623eb284e7df/IQRKpJgHnRqQQJByd4eQSA4fAS83utsBfBaNDvQwVOOsD-s?width=300&height=300
11-03-2025,551.4745483,565.1582031,509.8356934,532.1062012,2438043846,103,Binance Coin,BNB-USD,Crypto,Cryptocurrency,https://1drv.ms/i/c/8705623eb284e7df/IQRKpJgHnRqQQJByd4eQSA4fAS83utsBfBaNDvQwVOOsD-s?width=300&height=300
12-03-2025,569.8948364,574.4215698,545.2668457,551.4745483,1792696031,103,Binance Coin,BNB-USD,Crypto,Cryptocurrency,https://1drv.ms/i/c/8705623eb284e7df/IQRKpJgHnRqQQJByd4eQSA4fAS83utsBfBaNDvQwVOOsD-s?width=300&height=300
13-03-2025,579.218811,603.4050293,568.1260376,569.8948364,2402408414,103,Binance Coin,BNB-USD,Crypto,Cryptocurrency,https://1drv.ms/i/c/8705623eb284e7df/IQRKpJgHnRqQQJByd4eQSA4fAS83utsBfBaNDvQwVOOsD-s?width=300&height=300
14-03-2025,587.1362915,589.163208,577.246521,579.218811,1535548122,103,Binance Coin,BNB-USD,Crypto,Cryptocurrency,https://1drv.ms/i/c/8705623eb284e7df/IQRKpJgHnRqQQJByd4eQSA4fAS83utsBfBaNDvQwVOOsD-s?width=300&height=300
15-03-2025,619.486084,619.4995117,587.0839844,587.1140747,1403335470,103,Binance Coin,BNB-USD,Crypto,Cryptocurrency,https://1drv.ms/i/c/8705623eb284e7df/IQRKpJgHnRqQQJByd4eQSA4fAS83utsBfBaNDvQwVOOsD-s?width=300&height=300
16-03-2025,602.2166138,621.3615112,593.9570923,619.4927368,1437680152,103,Binance Coin,BNB-USD,Crypto,Cryptocurrency,https://1drv.ms/i/c/8705623eb284e7df/IQRKpJgHnRqQQJByd4eQSA4fAS83utsBfBaNDvQwVOOsD-s?width=300&height=300
17-03-2025,631.3626099,643.0403442,602.2096558,602.2096558,2488514984,103,Binance Coin,BNB-USD,Crypto,Cryptocurrency,https://1drv.ms/i/c/8705623eb284e7df/IQRKpJgHnRqQQJByd4eQSA4fAS83utsBfBaNDvQwVOOsD-s?width=300&height=300
18-03-2025,628.1344604,642.888855,622.4001465,631.3464966,2175151767,103,Binance Coin,BNB-USD,Crypto,Cryptocurrency,https://1drv.ms/i/c/8705623eb284e7df/IQRKpJgHnRqQQJByd4eQSA4fAS83utsBfBaNDvQwVOOsD-s?width=300&height=300
19-03-2025,619.2575073,628.1376343,605.6179199,628.1344604,2006233746,103,Binance Coin,BNB-USD,Crypto,Cryptocurrency,https://1drv.ms/i/c/8705623eb284e7df/IQRKpJgHnRqQQJByd4eQSA4fAS83utsBfBaNDvQwVOOsD-s?width=300&height=300
20-03-2025,629.9424438,637.2163696,616.9637451,619.2509766,2327219768,103,Binance Coin,BNB-USD,Crypto,Cryptocurrency,https://1drv.ms/i/c/8705623eb284e7df/IQRKpJgHnRqQQJByd4eQSA4fAS83utsBfBaNDvQwVOOsD-s?width=300&height=300
21-03-2025,634.6077881,637.1900635,625.8570557,629.9424438,1472201311,103,Binance Coin,BNB-USD,Crypto,Cryptocurrency,https://1drv.ms/i/c/8705623eb284e7df/IQRKpJgHnRqQQJByd4eQSA4fAS83utsBfBaNDvQwVOOsD-s?width=300&height=300
22-03-2025,626.5744019,635.7655029,624.1967163,634.5969849,1182741851,103,Binance Coin,BNB-USD,Crypto,Cryptocurrency,https://1drv.ms/i/c/8705623eb284e7df/IQRKpJgHnRqQQJByd4eQSA4fAS83utsBfBaNDvQwVOOsD-s?width=300&height=300
23-03-2025,623.3494873,628.9656372,619.8584595,626.5744019,1222239081,103,Binance Coin,BNB-USD,Crypto,Cryptocurrency,https://1drv.ms/i/c/8705623eb284e7df/IQRKpJgHnRqQQJByd4eQSA4fAS83utsBfBaNDvQwVOOsD-s?width=300&height=300
24-03-2025,636.6445313,639.022583,619.0501709,623.3494873,1788439257,103,Binance Coin,BNB-USD,Crypto,Cryptocurrency,https://1drv.ms/i/c/8705623eb284e7df/IQRKpJgHnRqQQJByd4eQSA4fAS83utsBfBaNDvQwVOOsD-s?width=300&height=300
25-03-2025,629.9428711,644.8742676,627.4440918,636.6449585,2238118522,103,Binance Coin,BNB-USD,Crypto,Cryptocurrency,https://1drv.ms/i/c/8705623eb284e7df/IQRKpJgHnRqQQJByd4eQSA4fAS83utsBfBaNDvQwVOOsD-s?width=300&height=300
26-03-2025,617.8167725,634.0476685,615.84552,629.9423828,1600178624,103,Binance Coin,BNB-USD,Crypto,Cryptocurrency,https://1drv.ms/i/c/8705623eb284e7df/IQRKpJgHnRqQQJByd4eQSA4fAS83utsBfBaNDvQwVOOsD-s?width=300&height=300
27-03-2025,637.2069702,641.489624,617.6777954,617.8167725,2441273622,103,Binance Coin,BNB-USD,Crypto,Cryptocurrency,https://1drv.ms/i/c/8705623eb284e7df/IQRKpJgHnRqQQJByd4eQSA4fAS83utsBfBaNDvQwVOOsD-s?width=300&height=300
28-03-2025,619.4749146,637.2418823,615.9251099,637.2064209,1608298526,103,Binance Coin,BNB-USD,Crypto,Cryptocurrency,https://1drv.ms/i/c/8705623eb284e7df/IQRKpJgHnRqQQJByd4eQSA4fAS83utsBfBaNDvQwVOOsD-s?width=300&height=300
29-03-2025,603.237854,623.2124023,598.218811,619.4746094,1367332800,103,Binance Coin,BNB-USD,Crypto,Cryptocurrency,https://1drv.ms/i/c/8705623eb284e7df/IQRKpJgHnRqQQJByd4eQSA4fAS83utsBfBaNDvQwVOOsD-s?width=300&height=300
30-03-2025,601.8302002,612.7893677,594.2143555,603.1913452,1204098085,103,Binance Coin,BNB-USD,Crypto,Cryptocurrency,https://1drv.ms/i/c/8705623eb284e7df/IQRKpJgHnRqQQJByd4eQSA4fAS83utsBfBaNDvQwVOOsD-s?width=300&height=300
31-03-2025,605.0728149,608.5010986,588.0861816,601.8302002,1538796118,103,Binance Coin,BNB-USD,Crypto,Cryptocurrency,https://1drv.ms/i/c/8705623eb284e7df/IQRKpJgHnRqQQJByd4eQSA4fAS83utsBfBaNDvQwVOOsD-s?width=300&height=300
01-04-2025,611.2971191,618.1237793,604.7547607,605.0728149,2091803391,103,Binance Coin,BNB-USD,Crypto,Cryptocurrency,https://1drv.ms/i/c/8705623eb284e7df/IQRKpJgHnRqQQJByd4eQSA4fAS83utsBfBaNDvQwVOOsD-s?width=300&height=300
02-04-2025,590.6375732,611.5181885,585.1218872,611.2971191,1835749587,103,Binance Coin,BNB-USD,Crypto,Cryptocurrency,https://1drv.ms/i/c/8705623eb284e7df/IQRKpJgHnRqQQJByd4eQSA4fAS83utsBfBaNDvQwVOOsD-s?width=300&height=300
03-04-2025,592.1244507,609.3446655,579.4440918,590.6375732,2067033502,103,Binance Coin,BNB-USD,Crypto,Cryptocurrency,https://1drv.ms/i/c/8705623eb284e7df/IQRKpJgHnRqQQJByd4eQSA4fAS83utsBfBaNDvQwVOOsD-s?width=300&height=300
04-04-2025,597.5794067,599.4798584,585.3539429,592.1237183,1520730677,103,Binance Coin,BNB-USD,Crypto,Cryptocurrency,https://1drv.ms/i/c/8705623eb284e7df/IQRKpJgHnRqQQJByd4eQSA4fAS83utsBfBaNDvQwVOOsD-s?width=300&height=300
05-04-2025,593.1148682,598.5463257,589.9329834,597.5792847,1008300251,103,Binance Coin,BNB-USD,Crypto,Cryptocurrency,https://1drv.ms/i/c/8705623eb284e7df/IQRKpJgHnRqQQJByd4eQSA4fAS83utsBfBaNDvQwVOOsD-s?width=300&height=300
06-04-2025,554.5949097,593.4614868,545.3226929,593.1387939,1679604717,103,Binance Coin,BNB-USD,Crypto,Cryptocurrency,https://1drv.ms/i/c/8705623eb284e7df/IQRKpJgHnRqQQJByd4eQSA4fAS83utsBfBaNDvQwVOOsD-s?width=300&height=300
07-04-2025,554.4833984,564.7924194,522.7157593,554.5949097,2852045942,103,Binance Coin,BNB-USD,Crypto,Cryptocurrency,https://1drv.ms/i/c/8705623eb284e7df/IQRKpJgHnRqQQJByd4eQSA4fAS83utsBfBaNDvQwVOOsD-s?width=300&height=300
08-04-2025,553.4674072,564.9382324,548.1412354,554.4859009,1676208165,103,Binance Coin,BNB-USD,Crypto,Cryptocurrency,https://1drv.ms/i/c/8705623eb284e7df/IQRKpJgHnRqQQJByd4eQSA4fAS83utsBfBaNDvQwVOOsD-s?width=300&height=300
09-04-2025,582.3693237,585.6036987,534.8805542,553.4674072,1963610005,103,Binance Coin,BNB-USD,Crypto,Cryptocurrency,https://1drv.ms/i/c/8705623eb284e7df/IQRKpJgHnRqQQJByd4eQSA4fAS83utsBfBaNDvQwVOOsD-s?width=300&height=300
10-04-2025,577.4059448,582.3907471,567.2200928,582.3781738,1731740429,103,Binance Coin,BNB-USD,Crypto,Cryptocurrency,https://1drv.ms/i/c/8705623eb284e7df/IQRKpJgHnRqQQJByd4eQSA4fAS83utsBfBaNDvQwVOOsD-s?width=300&height=300
11-04-2025,586.0889893,589.8585205,575.7572632,577.4059448,1369541748,103,Binance Coin,BNB-USD,Crypto,Cryptocurrency,https://1drv.ms/i/c/8705623eb284e7df/IQRKpJgHnRqQQJByd4eQSA4fAS83utsBfBaNDvQwVOOsD-s?width=300&height=300
12-04-2025,597.1230469,600.0559082,583.9794922,586.0889893,1331878416,103,Binance Coin,BNB-USD,Crypto,Cryptocurrency,https://1drv.ms/i/c/8705623eb284e7df/IQRKpJgHnRqQQJByd4eQSA4fAS83utsBfBaNDvQwVOOsD-s?width=300&height=300
13-04-2025,584.0424805,597.5099487,580.8244629,597.12323,1318461096,103,Binance Coin,BNB-USD,Crypto,Cryptocurrency,https://1drv.ms/i/c/8705623eb284e7df/IQRKpJgHnRqQQJByd4eQSA4fAS83utsBfBaNDvQwVOOsD-s?width=300&height=300
14-04-2025,584.3352051,592.5643921,583.3970337,584.0424805,1359554984,103,Binance Coin,BNB-USD,Crypto,Cryptocurrency,https://1drv.ms/i/c/8705623eb284e7df/IQRKpJgHnRqQQJByd4eQSA4fAS83utsBfBaNDvQwVOOsD-s?width=300&height=300
15-04-2025,579.6860352,590.515686,579.6400757,584.3346558,1329270099,103,Binance Coin,BNB-USD,Crypto,Cryptocurrency,https://1drv.ms/i/c/8705623eb284e7df/IQRKpJgHnRqQQJByd4eQSA4fAS83utsBfBaNDvQwVOOsD-s?width=300&height=300
16-04-2025,582.8062134,585.4108276,576.4592285,579.6860962,1435912484,103,Binance Coin,BNB-USD,Crypto,Cryptocurrency,https://1drv.ms/i/c/8705623eb284e7df/IQRKpJgHnRqQQJByd4eQSA4fAS83utsBfBaNDvQwVOOsD-s?width=300&height=300
17-04-2025,590.1621704,592.859314,581.2038574,582.8062134,1401643770,103,Binance Coin,BNB-USD,Crypto,Cryptocurrency,https://1drv.ms/i/c/8705623eb284e7df/IQRKpJgHnRqQQJByd4eQSA4fAS83utsBfBaNDvQwVOOsD-s?width=300&height=300
18-04-2025,591.763855,595.7663574,587.2661133,590.1621704,1418376835,103,Binance Coin,BNB-USD,Crypto,Cryptocurrency,https://1drv.ms/i/c/8705623eb284e7df/IQRKpJgHnRqQQJByd4eQSA4fAS83utsBfBaNDvQwVOOsD-s?width=300&height=300
19-04-2025,591.7767944,594.1421509,587.9763794,591.763855,1227124904,103,Binance Coin,BNB-USD,Crypto,Cryptocurrency,https://1drv.ms/i/c/8705623eb284e7df/IQRKpJgHnRqQQJByd4eQSA4fAS83utsBfBaNDvQwVOOsD-s?width=300&height=300
20-04-2025,592.9724121,595.1541138,587.7653809,591.7767944,1307477245,103,Binance Coin,BNB-USD,Crypto,Cryptocurrency,https://1drv.ms/i/c/8705623eb284e7df/IQRKpJgHnRqQQJByd4eQSA4fAS83utsBfBaNDvQwVOOsD-s?width=300&height=300
21-04-2025,597.4141846,607.8202515,592.6761475,592.9724121,1430343137,103,Binance Coin,BNB-USD,Crypto,Cryptocurrency,https://1drv.ms/i/c/8705623eb284e7df/IQRKpJgHnRqQQJByd4eQSA4fAS83utsBfBaNDvQwVOOsD-s?width=300&height=300
22-04-2025,618.8269653,618.9900513,595.8809814,597.4171753,1734142941,103,Binance Coin,BNB-USD,Crypto,Cryptocurrency,https://1drv.ms/i/c/8705623eb284e7df/IQRKpJgHnRqQQJByd4eQSA4fAS83utsBfBaNDvQwVOOsD-s?width=300&height=300
23-04-2025,605.8150024,619.8624878,601.9541626,618.8269653,1834047719,103,Binance Coin,BNB-USD,Crypto,Cryptocurrency,https://1drv.ms/i/c/8705623eb284e7df/IQRKpJgHnRqQQJByd4eQSA4fAS83utsBfBaNDvQwVOOsD-s?width=300&height=300
24-04-2025,601.7158203,606.7443237,594.3950806,605.8150024,1573943361,103,Binance Coin,BNB-USD,Crypto,Cryptocurrency,https://1drv.ms/i/c/8705623eb284e7df/IQRKpJgHnRqQQJByd4eQSA4fAS83utsBfBaNDvQwVOOsD-s?width=300&height=300
25-04-2025,600.1810303,610.1796265,597.7703247,601.715271,1735398071,103,Binance Coin,BNB-USD,Crypto,Cryptocurrency,https://1drv.ms/i/c/8705623eb284e7df/IQRKpJgHnRqQQJByd4eQSA4fAS83utsBfBaNDvQwVOOsD-s?width=300&height=300
26-04-2025,607.7041016,609.1361084,600.0881958,600.1918945,1507509250,103,Binance Coin,BNB-USD,Crypto,Cryptocurrency,https://1drv.ms/i/c/8705623eb284e7df/IQRKpJgHnRqQQJByd4eQSA4fAS83utsBfBaNDvQwVOOsD-s?width=300&height=300
27-04-2025,603.6184692,608.5829468,597.9349976,607.7041016,1452152303,103,Binance Coin,BNB-USD,Crypto,Cryptocurrency,https://1drv.ms/i/c/8705623eb284e7df/IQRKpJgHnRqQQJByd4eQSA4fAS83utsBfBaNDvQwVOOsD-s?width=300&height=300
28-04-2025,606.3649902,608.1511841,598.9937134,603.6246338,1478956158,103,Binance Coin,BNB-USD,Crypto,Cryptocurrency,https://1drv.ms/i/c/8705623eb284e7df/IQRKpJgHnRqQQJByd4eQSA4fAS83utsBfBaNDvQwVOOsD-s?width=300&height=300
29-04-2025,601.0289917,610.6404419,598.6602783,606.3649902,1587553456,103,Binance Coin,BNB-USD,Crypto,Cryptocurrency,https://1drv.ms/i/c/8705623eb284e7df/IQRKpJgHnRqQQJByd4eQSA4fAS83utsBfBaNDvQwVOOsD-s?width=300&height=300
30-04-2025,599.6817017,604.4778442,592.4177856,601.0189819,1504095222,103,Binance Coin,BNB-USD,Crypto,Cryptocurrency,https://1drv.ms/i/c/8705623eb284e7df/IQRKpJgHnRqQQJByd4eQSA4fAS83utsBfBaNDvQwVOOsD-s?width=300&height=300
01-05-2025,599.9182129,605.1372681,598.4885864,599.6871948,1406049035,103,Binance Coin,BNB-USD,Crypto,Cryptocurrency,https://1drv.ms/i/c/8705623eb284e7df/IQRKpJgHnRqQQJByd4eQSA4fAS83utsBfBaNDvQwVOOsD-s?width=300&height=300
02-05-2025,601.1641846,603.5050659,595.8296509,599.9290161,1444818831,103,Binance Coin,BNB-USD,Crypto,Cryptocurrency,https://1drv.ms/i/c/8705623eb284e7df/IQRKpJgHnRqQQJByd4eQSA4fAS83utsBfBaNDvQwVOOsD-s?width=300&height=300
03-05-2025,599.3313599,601.2944336,595.5932007,601.1643677,1221915136,103,Binance Coin,BNB-USD,Crypto,Cryptocurrency,https://1drv.ms/i/c/8705623eb284e7df/IQRKpJgHnRqQQJByd4eQSA4fAS83utsBfBaNDvQwVOOsD-s?width=300&height=300
04-05-2025,585.9950562,600.4434814,585.3081055,599.3313599,1306600030,103,Binance Coin,BNB-USD,Crypto,Cryptocurrency,https://1drv.ms/i/c/8705623eb284e7df/IQRKpJgHnRqQQJByd4eQSA4fAS83utsBfBaNDvQwVOOsD-s?width=300&height=300
05-05-2025,597.6897583,599.8522339,584.6096802,585.9950562,1465943685,103,Binance Coin,BNB-USD,Crypto,Cryptocurrency,https://1drv.ms/i/c/8705623eb284e7df/IQRKpJgHnRqQQJByd4eQSA4fAS83utsBfBaNDvQwVOOsD-s?width=300&height=300
06-05-2025,602.473877,602.9686279,593.598999,597.6897583,1594251780,103,Binance Coin,BNB-USD,Crypto,Cryptocurrency,https://1drv.ms/i/c/8705623eb284e7df/IQRKpJgHnRqQQJByd4eQSA4fAS83utsBfBaNDvQwVOOsD-s?width=300&height=300
07-05-2025,603.2796631,608.9858398,598.2972412,602.473877,1537003234,103,Binance Coin,BNB-USD,Crypto,Cryptocurrency,https://1drv.ms/i/c/8705623eb284e7df/IQRKpJgHnRqQQJByd4eQSA4fAS83utsBfBaNDvQwVOOsD-s?width=300&height=300
08-05-2025,628.6634521,628.6717529,601.0078735,603.2794189,2061341461,103,Binance Coin,BNB-USD,Crypto,Cryptocurrency,https://1drv.ms/i/c/8705623eb284e7df/IQRKpJgHnRqQQJByd4eQSA4fAS83utsBfBaNDvQwVOOsD-s?width=300&height=300
09-05-2025,666.878479,667.800354,623.8834839,628.6528931,2418287835,103,Binance Coin,BNB-USD,Crypto,Cryptocurrency,https://1drv.ms/i/c/8705623eb284e7df/IQRKpJgHnRqQQJByd4eQSA4fAS83utsBfBaNDvQwVOOsD-s?width=300&height=300
10-05-2025,663.6172485,677.3533936,649.3594971,666.8892822,2282413256,103,Binance Coin,BNB-USD,Crypto,Cryptocurrency,https://1drv.ms/i/c/8705623eb284e7df/IQRKpJgHnRqQQJByd4eQSA4fAS83utsBfBaNDvQwVOOsD-s?width=300&height=300
11-05-2025,650.6254272,667.635498,648.8480835,663.6165161,1906600802,103,Binance Coin,BNB-USD,Crypto,Cryptocurrency,https://1drv.ms/i/c/8705623eb284e7df/IQRKpJgHnRqQQJByd4eQSA4fAS83utsBfBaNDvQwVOOsD-s?width=300&height=300
12-05-2025,660.484314,690.3782349,648.9622803,650.6254272,2609669556,103,Binance Coin,BNB-USD,Crypto,Cryptocurrency,https://1drv.ms/i/c/8705623eb284e7df/IQRKpJgHnRqQQJByd4eQSA4fAS83utsBfBaNDvQwVOOsD-s?width=300&height=300
13-05-2025,665.5705566,670.8955078,641.6828613,660.484314,2108811440,103,Binance Coin,BNB-USD,Crypto,Cryptocurrency,https://1drv.ms/i/c/8705623eb284e7df/IQRKpJgHnRqQQJByd4eQSA4fAS83utsBfBaNDvQwVOOsD-s?width=300&height=300
14-05-2025,652.5710449,665.6529541,648.1204834,665.6119995,1876674692,103,Binance Coin,BNB-USD,Crypto,Cryptocurrency,https://1drv.ms/i/c/8705623eb284e7df/IQRKpJgHnRqQQJByd4eQSA4fAS83utsBfBaNDvQwVOOsD-s?width=300&height=300
15-05-2025,651.2642212,660.2804565,643.4594116,652.571167,1888457576,103,Binance Coin,BNB-USD,Crypto,Cryptocurrency,https://1drv.ms/i/c/8705623eb284e7df/IQRKpJgHnRqQQJByd4eQSA4fAS83utsBfBaNDvQwVOOsD-s?width=300&height=300
16-05-2025,646.3213501,659.6885986,644.3860474,651.2623291,1634445685,103,Binance Coin,BNB-USD,Crypto,Cryptocurrency,https://1drv.ms/i/c/8705623eb284e7df/IQRKpJgHnRqQQJByd4eQSA4fAS83utsBfBaNDvQwVOOsD-s?width=300&height=300
17-05-2025,639.6188965,646.7220459,635.4848633,646.3213501,1449713512,103,Binance Coin,BNB-USD,Crypto,Cryptocurrency,https://1drv.ms/i/c/8705623eb284e7df/IQRKpJgHnRqQQJByd4eQSA4fAS83utsBfBaNDvQwVOOsD-s?width=300&height=300
18-05-2025,652.1643066,654.7149658,635.4116821,639.6188965,1592388678,103,Binance Coin,BNB-USD,Crypto,Cryptocurrency,https://1drv.ms/i/c/8705623eb284e7df/IQRKpJgHnRqQQJByd4eQSA4fAS83utsBfBaNDvQwVOOsD-s?width=300&height=300
19-05-2025,649.8529053,652.9885864,634.1826782,652.116394,1595233688,103,Binance Coin,BNB-USD,Crypto,Cryptocurrency,https://1drv.ms/i/c/8705623eb284e7df/IQRKpJgHnRqQQJByd4eQSA4fAS83utsBfBaNDvQwVOOsD-s?width=300&height=300
20-05-2025,650.3308105,653.4020996,641.1644287,649.8463745,1512635652,103,Binance Coin,BNB-USD,Crypto,Cryptocurrency,https://1drv.ms/i/c/8705623eb284e7df/IQRKpJgHnRqQQJByd4eQSA4fAS83utsBfBaNDvQwVOOsD-s?width=300&height=300
21-05-2025,673.1486206,677.0289917,649.1345215,650.3308105,2377493291,103,Binance Coin,BNB-USD,Crypto,Cryptocurrency,https://1drv.ms/i/c/8705623eb284e7df/IQRKpJgHnRqQQJByd4eQSA4fAS83utsBfBaNDvQwVOOsD-s?width=300&height=300
22-05-2025,686.2356567,688.0584106,673.1314087,673.1505127,2248278627,103,Binance Coin,BNB-USD,Crypto,Cryptocurrency,https://1drv.ms/i/c/8705623eb284e7df/IQRKpJgHnRqQQJByd4eQSA4fAS83utsBfBaNDvQwVOOsD-s?width=300&height=300
23-05-2025,656.2316895,690.9200439,654.8810425,686.2514038,1996132529,103,Binance Coin,BNB-USD,Crypto,Cryptocurrency,https://1drv.ms/i/c/8705623eb284e7df/IQRKpJgHnRqQQJByd4eQSA4fAS83utsBfBaNDvQwVOOsD-s?width=300&height=300
24-05-2025,668.3065186,676.8643188,656.1278076,656.2304077,1475660792,103,Binance Coin,BNB-USD,Crypto,Cryptocurrency,https://1drv.ms/i/c/8705623eb284e7df/IQRKpJgHnRqQQJByd4eQSA4fAS83utsBfBaNDvQwVOOsD-s?width=300&height=300
25-05-2025,669.9168701,671.4579468,658.1526489,668.3065186,1591152958,103,Binance Coin,BNB-USD,Crypto,Cryptocurrency,https://1drv.ms/i/c/8705623eb284e7df/IQRKpJgHnRqQQJByd4eQSA4fAS83utsBfBaNDvQwVOOsD-s?width=300&height=300
26-05-2025,674.3926392,677.6790771,668.8999023,669.9174805,1568627598,103,Binance Coin,BNB-USD,Crypto,Cryptocurrency,https://1drv.ms/i/c/8705623eb284e7df/IQRKpJgHnRqQQJByd4eQSA4fAS83utsBfBaNDvQwVOOsD-s?width=300&height=300
27-05-2025,687.1594849,695.8684082,667.230957,674.3926392,2019130226,103,Binance Coin,BNB-USD,Crypto,Cryptocurrency,https://1drv.ms/i/c/8705623eb284e7df/IQRKpJgHnRqQQJByd4eQSA4fAS83utsBfBaNDvQwVOOsD-s?width=300&height=300
28-05-2025,687.4055176,688.9776001,680.6652832,687.1602173,1759924602,103,Binance Coin,BNB-USD,Crypto,Cryptocurrency,https://1drv.ms/i/c/8705623eb284e7df/IQRKpJgHnRqQQJByd4eQSA4fAS83utsBfBaNDvQwVOOsD-s?width=300&height=300
29-05-2025,675.1721802,690.843689,673.9274292,687.4058228,1938258667,103,Binance Coin,BNB-USD,Crypto,Cryptocurrency,https://1drv.ms/i/c/8705623eb284e7df/IQRKpJgHnRqQQJByd4eQSA4fAS83utsBfBaNDvQwVOOsD-s?width=300&height=300
30-05-2025,655.4821777,678.1555786,654.6506348,675.2001953,1904377880,103,Binance Coin,BNB-USD,Crypto,Cryptocurrency,https://1drv.ms/i/c/8705623eb284e7df/IQRKpJgHnRqQQJByd4eQSA4fAS83utsBfBaNDvQwVOOsD-s?width=300&height=300
31-05-2025,658.5012817,661.3086548,646.9629517,655.5108643,1478599983,103,Binance Coin,BNB-USD,Crypto,Cryptocurrency,https://1drv.ms/i/c/8705623eb284e7df/IQRKpJgHnRqQQJByd4eQSA4fAS83utsBfBaNDvQwVOOsD-s?width=300&height=300
01-06-2025,660.9917603,662.3483276,648.2598267,658.4995728,1468711165,103,Binance Coin,BNB-USD,Crypto,Cryptocurrency,https://1drv.ms/i/c/8705623eb284e7df/IQRKpJgHnRqQQJByd4eQSA4fAS83utsBfBaNDvQwVOOsD-s?width=300&height=300
02-06-2025,666.5907593,666.9949341,650.449707,660.9854736,1782539875,103,Binance Coin,BNB-USD,Crypto,Cryptocurrency,https://1drv.ms/i/c/8705623eb284e7df/IQRKpJgHnRqQQJByd4eQSA4fAS83utsBfBaNDvQwVOOsD-s?width=300&height=300
03-06-2025,661.6989136,672.7042236,658.5495605,666.5907593,1696519631,103,Binance Coin,BNB-USD,Crypto,Cryptocurrency,https://1drv.ms/i/c/8705623eb284e7df/IQRKpJgHnRqQQJByd4eQSA4fAS83utsBfBaNDvQwVOOsD-s?width=300&height=300
04-06-2025,663.7062988,671.9303589,661.3744507,661.6989746,1561308740,103,Binance Coin,BNB-USD,Crypto,Cryptocurrency,https://1drv.ms/i/c/8705623eb284e7df/IQRKpJgHnRqQQJByd4eQSA4fAS83utsBfBaNDvQwVOOsD-s?width=300&height=300
05-06-2025,634.0535889,670.5805664,626.6804199,663.7078857,1987901562,103,Binance Coin,BNB-USD,Crypto,Cryptocurrency,https://1drv.ms/i/c/8705623eb284e7df/IQRKpJgHnRqQQJByd4eQSA4fAS83utsBfBaNDvQwVOOsD-s?width=300&height=300
06-06-2025,643.4342041,651.3796387,631.1067505,634.052002,1728825229,103,Binance Coin,BNB-USD,Crypto,Cryptocurrency,https://1drv.ms/i/c/8705623eb284e7df/IQRKpJgHnRqQQJByd4eQSA4fAS83utsBfBaNDvQwVOOsD-s?width=300&height=300
07-06-2025,651.1504517,653.8911743,640.9490356,643.4424438,1468009270,103,Binance Coin,BNB-USD,Crypto,Cryptocurrency,https://1drv.ms/i/c/8705623eb284e7df/IQRKpJgHnRqQQJByd4eQSA4fAS83utsBfBaNDvQwVOOsD-s?width=300&height=300
08-06-2025,652.1478271,656.27771,646.9312744,651.1504517,1385072458,103,Binance Coin,BNB-USD,Crypto,Cryptocurrency,https://1drv.ms/i/c/8705623eb284e7df/IQRKpJgHnRqQQJByd4eQSA4fAS83utsBfBaNDvQwVOOsD-s?width=300&height=300
09-06-2025,665.9540405,667.713501,648.583313,652.1478271,1629752670,103,Binance Coin,BNB-USD,Crypto,Cryptocurrency,https://1drv.ms/i/c/8705623eb284e7df/IQRKpJgHnRqQQJByd4eQSA4fAS83utsBfBaNDvQwVOOsD-s?width=300&height=300
10-06-2025,673.6104736,673.6307373,657.6258545,665.9545898,1849736872,103,Binance Coin,BNB-USD,Crypto,Cryptocurrency,https://1drv.ms/i/c/8705623eb284e7df/IQRKpJgHnRqQQJByd4eQSA4fAS83utsBfBaNDvQwVOOsD-s?width=300&height=300
11-06-2025,667.6690674,673.9506226,663.1364136,673.6104736,1778663531,103,Binance Coin,BNB-USD,Crypto,Cryptocurrency,https://1drv.ms/i/c/8705623eb284e7df/IQRKpJgHnRqQQJByd4eQSA4fAS83utsBfBaNDvQwVOOsD-s?width=300&height=300
12-06-2025,656.2438354,669.515686,652.7897339,667.6690674,1695465665,103,Binance Coin,BNB-USD,Crypto,Cryptocurrency,https://1drv.ms/i/c/8705623eb284e7df/IQRKpJgHnRqQQJByd4eQSA4fAS83utsBfBaNDvQwVOOsD-s?width=300&height=300
13-06-2025,655.2557373,659.3117676,641.3123169,656.2520142,1964558213,103,Binance Coin,BNB-USD,Crypto,Cryptocurrency,https://1drv.ms/i/c/8705623eb284e7df/IQRKpJgHnRqQQJByd4eQSA4fAS83utsBfBaNDvQwVOOsD-s?width=300&height=300
14-06-2025,645.9127808,655.4783936,639.6327515,655.2623901,1337524307,103,Binance Coin,BNB-USD,Crypto,Cryptocurrency,https://1drv.ms/i/c/8705623eb284e7df/IQRKpJgHnRqQQJByd4eQSA4fAS83utsBfBaNDvQwVOOsD-s?width=300&height=300
15-06-2025,648.2807617,651.7022095,642.9979858,645.9123535,1352632285,103,Binance Coin,BNB-USD,Crypto,Cryptocurrency,https://1drv.ms/i/c/8705623eb284e7df/IQRKpJgHnRqQQJByd4eQSA4fAS83utsBfBaNDvQwVOOsD-s?width=300&height=300
16-06-2025,650.961731,659.2434082,646.8132935,648.2817993,1588063609,103,Binance Coin,BNB-USD,Crypto,Cryptocurrency,https://1drv.ms/i/c/8705623eb284e7df/IQRKpJgHnRqQQJByd4eQSA4fAS83utsBfBaNDvQwVOOsD-s?width=300&height=300
17-06-2025,648.5108032,659.0388184,640.8545532,650.9661865,1784039065,103,Binance Coin,BNB-USD,Crypto,Cryptocurrency,https://1drv.ms/i/c/8705623eb284e7df/IQRKpJgHnRqQQJByd4eQSA4fAS83utsBfBaNDvQwVOOsD-s?width=300&height=300
18-06-2025,644.8067627,653.4296875,637.9425659,648.5108032,1667361898,103,Binance Coin,BNB-USD,Crypto,Cryptocurrency,https://1drv.ms/i/c/8705623eb284e7df/IQRKpJgHnRqQQJByd4eQSA4fAS83utsBfBaNDvQwVOOsD-s?width=300&height=300
19-06-2025,644.6807251,646.4259033,639.0229492,644.8067627,1374982734,103,Binance Coin,BNB-USD,Crypto,Cryptocurrency,https://1drv.ms/i/c/8705623eb284e7df/IQRKpJgHnRqQQJByd4eQSA4fAS83utsBfBaNDvQwVOOsD-s?width=300&height=300
20-06-2025,641.7844238,649.5967407,638.6568604,644.6846924,1614121225,103,Binance Coin,BNB-USD,Crypto,Cryptocurrency,https://1drv.ms/i/c/8705623eb284e7df/IQRKpJgHnRqQQJByd4eQSA4fAS83utsBfBaNDvQwVOOsD-s?width=300&height=300
21-06-2025,628.7478638,644.9034424,624.710083,641.7844238,1486820788,103,Binance Coin,BNB-USD,Crypto,Cryptocurrency,https://1drv.ms/i/c/8705623eb284e7df/IQRKpJgHnRqQQJByd4eQSA4fAS83utsBfBaNDvQwVOOsD-s?width=300&height=300
22-06-2025,615.9946289,635.1699219,602.7050781,628.7477417,1895564160,103,Binance Coin,BNB-USD,Crypto,Cryptocurrency,https://1drv.ms/i/c/8705623eb284e7df/IQRKpJgHnRqQQJByd4eQSA4fAS83utsBfBaNDvQwVOOsD-s?width=300&height=300
23-06-2025,641.2962036,642.7957764,615.5883789,615.9945679,1783710380,103,Binance Coin,BNB-USD,Crypto,Cryptocurrency,https://1drv.ms/i/c/8705623eb284e7df/IQRKpJgHnRqQQJByd4eQSA4fAS83utsBfBaNDvQwVOOsD-s?width=300&height=300
24-06-2025,643.7371826,644.2817383,636.9046021,641.2962036,1498769929,103,Binance Coin,BNB-USD,Crypto,Cryptocurrency,https://1drv.ms/i/c/8705623eb284e7df/IQRKpJgHnRqQQJByd4eQSA4fAS83utsBfBaNDvQwVOOsD-s?width=300&height=300
25-06-2025,645.9231567,650.2681885,642.5645752,643.7371826,1653677161,103,Binance Coin,BNB-USD,Crypto,Cryptocurrency,https://1drv.ms/i/c/8705623eb284e7df/IQRKpJgHnRqQQJByd4eQSA4fAS83utsBfBaNDvQwVOOsD-s?width=300&height=300
26-06-2025,642.4142456,649.9841309,641.8189087,645.9231567,1439442979,103,Binance Coin,BNB-USD,Crypto,Cryptocurrency,https://1drv.ms/i/c/8705623eb284e7df/IQRKpJgHnRqQQJByd4eQSA4fAS83utsBfBaNDvQwVOOsD-s?width=300&height=300
27-06-2025,646.1536255,647.4111328,640.5480347,642.4138794,1358247058,103,Binance Coin,BNB-USD,Crypto,Cryptocurrency,https://1drv.ms/i/c/8705623eb284e7df/IQRKpJgHnRqQQJByd4eQSA4fAS83utsBfBaNDvQwVOOsD-s?width=300&height=300
28-06-2025,648.7504272,649.1661377,644.5742188,646.1536255,1185616315,103,Binance Coin,BNB-USD,Crypto,Cryptocurrency,https://1drv.ms/i/c/8705623eb284e7df/IQRKpJgHnRqQQJByd4eQSA4fAS83utsBfBaNDvQwVOOsD-s?width=300&height=300
29-06-2025,655.0361938,655.6026611,647.2733154,648.7504272,1284469590,103,Binance Coin,BNB-USD,Crypto,Cryptocurrency,https://1drv.ms/i/c/8705623eb284e7df/IQRKpJgHnRqQQJByd4eQSA4fAS83utsBfBaNDvQwVOOsD-s?width=300&height=300
30-06-2025,657.0253296,659.8912354,651.8738403,655.0361938,1487336817,103,Binance Coin,BNB-USD,Crypto,Cryptocurrency,https://1drv.ms/i/c/8705623eb284e7df/IQRKpJgHnRqQQJByd4eQSA4fAS83utsBfBaNDvQwVOOsD-s?width=300&height=300
01-07-2025,646.3979492,658.9859619,644.6724854,657.0258179,1382771755,103,Binance Coin,BNB-USD,Crypto,Cryptocurrency,https://1drv.ms/i/c/8705623eb284e7df/IQRKpJgHnRqQQJByd4eQSA4fAS83utsBfBaNDvQwVOOsD-s?width=300&height=300
02-07-2025,660.057251,664.7877808,644.8728027,646.3979492,1576434816,103,Binance Coin,BNB-USD,Crypto,Cryptocurrency,https://1drv.ms/i/c/8705623eb284e7df/IQRKpJgHnRqQQJByd4eQSA4fAS83utsBfBaNDvQwVOOsD-s?width=300&height=300
03-07-2025,663.3231201,664.3876953,657.2025757,660.057251,1512518612,103,Binance Coin,BNB-USD,Crypto,Cryptocurrency,https://1drv.ms/i/c/8705623eb284e7df/IQRKpJgHnRqQQJByd4eQSA4fAS83utsBfBaNDvQwVOOsD-s?width=300&height=300
04-07-2025,653.739502,664.0619507,650.711853,663.3231201,1379813703,103,Binance Coin,BNB-USD,Crypto,Cryptocurrency,https://1drv.ms/i/c/8705623eb284e7df/IQRKpJgHnRqQQJByd4eQSA4fAS83utsBfBaNDvQwVOOsD-s?width=300&height=300
05-07-2025,656.1428833,656.6618652,652.3401489,653.739502,1193229342,103,Binance Coin,BNB-USD,Crypto,Cryptocurrency,https://1drv.ms/i/c/8705623eb284e7df/IQRKpJgHnRqQQJByd4eQSA4fAS83utsBfBaNDvQwVOOsD-s?width=300&height=300
06-07-2025,663.0889893,664.6273804,653.8736572,656.1429443,1387600565,103,Binance Coin,BNB-USD,Crypto,Cryptocurrency,https://1drv.ms/i/c/8705623eb284e7df/IQRKpJgHnRqQQJByd4eQSA4fAS83utsBfBaNDvQwVOOsD-s?width=300&height=300
07-07-2025,661.0181885,663.2283325,657.1060791,663.0889893,1524912345,103,Binance Coin,BNB-USD,Crypto,Cryptocurrency,https://1drv.ms/i/c/8705623eb284e7df/IQRKpJgHnRqQQJByd4eQSA4fAS83utsBfBaNDvQwVOOsD-s?width=300&height=300
08-07-2025,660.7628784,662.4974365,657.5650635,661.0180664,1517607542,103,Binance Coin,BNB-USD,Crypto,Cryptocurrency,https://1drv.ms/i/c/8705623eb284e7df/IQRKpJgHnRqQQJByd4eQSA4fAS83utsBfBaNDvQwVOOsD-s?width=300&height=300
09-07-2025,669.1525269,670.7850952,659.5992432,660.7628784,1667011677,103,Binance Coin,BNB-USD,Crypto,Cryptocurrency,https://1drv.ms/i/c/8705623eb284e7df/IQRKpJgHnRqQQJByd4eQSA4fAS83utsBfBaNDvQwVOOsD-s?width=300&height=300
10-07-2025,685.6607056,687.354248,668.0310669,669.1525269,2023565748,103,Binance Coin,BNB-USD,Crypto,Cryptocurrency,https://1drv.ms/i/c/8705623eb284e7df/IQRKpJgHnRqQQJByd4eQSA4fAS83utsBfBaNDvQwVOOsD-s?width=300&height=300
11-07-2025,689.8733521,696.8695068,683.8527222,685.6607056,2327541748,103,Binance Coin,BNB-USD,Crypto,Cryptocurrency,https://1drv.ms/i/c/8705623eb284e7df/IQRKpJgHnRqQQJByd4eQSA4fAS83utsBfBaNDvQwVOOsD-s?width=300&height=300
12-07-2025,685.7778931,696.954895,680.4016113,689.8733521,1715321874,103,Binance Coin,BNB-USD,Crypto,Cryptocurrency,https://1drv.ms/i/c/8705623eb284e7df/IQRKpJgHnRqQQJByd4eQSA4fAS83utsBfBaNDvQwVOOsD-s?width=300&height=300
13-07-2025,692.2304077,694.0123291,685.4672241,685.7778931,1631603869,103,Binance Coin,BNB-USD,Crypto,Cryptocurrency,https://1drv.ms/i/c/8705623eb284e7df/IQRKpJgHnRqQQJByd4eQSA4fAS83utsBfBaNDvQwVOOsD-s?width=300&height=300
14-07-2025,689.416748,706.7133179,686.8288574,692.2304077,2362276526,103,Binance Coin,BNB-USD,Crypto,Cryptocurrency,https://1drv.ms/i/c/8705623eb284e7df/IQRKpJgHnRqQQJByd4eQSA4fAS83utsBfBaNDvQwVOOsD-s?width=300&height=300
15-07-2025,689.9211426,692.9431763,675.876709,689.416748,2167202399,103,Binance Coin,BNB-USD,Crypto,Cryptocurrency,https://1drv.ms/i/c/8705623eb284e7df/IQRKpJgHnRqQQJByd4eQSA4fAS83utsBfBaNDvQwVOOsD-s?width=300&height=300
16-07-2025,708.1260986,714.7908936,685.6761475,689.9211426,2298649454,103,Binance Coin,BNB-USD,Crypto,Cryptocurrency,https://1drv.ms/i/c/8705623eb284e7df/IQRKpJgHnRqQQJByd4eQSA4fAS83utsBfBaNDvQwVOOsD-s?width=300&height=300
17-07-2025,721.2119751,726.6606445,707.8897705,708.1260986,2877681453,103,Binance Coin,BNB-USD,Crypto,Cryptocurrency,https://1drv.ms/i/c/8705623eb284e7df/IQRKpJgHnRqQQJByd4eQSA4fAS83utsBfBaNDvQwVOOsD-s?width=300&height=300
18-07-2025,730.2163696,763.0548096,720.2355957,721.2119751,3407382999,103,Binance Coin,BNB-USD,Crypto,Cryptocurrency,https://1drv.ms/i/c/8705623eb284e7df/IQRKpJgHnRqQQJByd4eQSA4fAS83utsBfBaNDvQwVOOsD-s?width=300&height=300
19-07-2025,733.5290527,742.3317871,721.0870361,730.2608032,2067691091,103,Binance Coin,BNB-USD,Crypto,Cryptocurrency,https://1drv.ms/i/c/8705623eb284e7df/IQRKpJgHnRqQQJByd4eQSA4fAS83utsBfBaNDvQwVOOsD-s?width=300&height=300
20-07-2025,757.7399292,760.4404907,732.3448486,733.5290527,2353254456,103,Binance Coin,BNB-USD,Crypto,Cryptocurrency,https://1drv.ms/i/c/8705623eb284e7df/IQRKpJgHnRqQQJByd4eQSA4fAS83utsBfBaNDvQwVOOsD-s?width=300&height=300
21-07-2025,766.7839355,780.9653931,747.5570679,757.7399292,2776231461,103,Binance Coin,BNB-USD,Crypto,Cryptocurrency,https://1drv.ms/i/c/8705623eb284e7df/IQRKpJgHnRqQQJByd4eQSA4fAS83utsBfBaNDvQwVOOsD-s?width=300&height=300
22-07-2025,786.1411743,787.24823,746.1088257,766.7839355,3009453883,103,Binance Coin,BNB-USD,Crypto,Cryptocurrency,https://1drv.ms/i/c/8705623eb284e7df/IQRKpJgHnRqQQJByd4eQSA4fAS83utsBfBaNDvQwVOOsD-s?width=300&height=300
23-07-2025,776.6404419,809.3135986,753.7788696,786.1411743,3987433985,103,Binance Coin,BNB-USD,Crypto,Cryptocurrency,https://1drv.ms/i/c/8705623eb284e7df/IQRKpJgHnRqQQJByd4eQSA4fAS83utsBfBaNDvQwVOOsD-s?width=300&height=300
24-07-2025,771.2399902,785.4175415,745.394104,776.6744995,2833667773,103,Binance Coin,BNB-USD,Crypto,Cryptocurrency,https://1drv.ms/i/c/8705623eb284e7df/IQRKpJgHnRqQQJByd4eQSA4fAS83utsBfBaNDvQwVOOsD-s?width=300&height=300
25-07-2025,785.6064453,785.644104,753.6062012,771.2399902,2536046506,103,Binance Coin,BNB-USD,Crypto,Cryptocurrency,https://1drv.ms/i/c/8705623eb284e7df/IQRKpJgHnRqQQJByd4eQSA4fAS83utsBfBaNDvQwVOOsD-s?width=300&height=300
26-07-2025,793.2825928,797.1967163,778.9398193,785.6064453,1760509145,103,Binance Coin,BNB-USD,Crypto,Cryptocurrency,https://1drv.ms/i/c/8705623eb284e7df/IQRKpJgHnRqQQJByd4eQSA4fAS83utsBfBaNDvQwVOOsD-s?width=300&height=300
27-07-2025,843.2619629,846.2210693,792.6633301,793.2825928,2914460887,103,Binance Coin,BNB-USD,Crypto,Cryptocurrency,https://1drv.ms/i/c/8705623eb284e7df/IQRKpJgHnRqQQJByd4eQSA4fAS83utsBfBaNDvQwVOOsD-s?width=300&height=300
28-07-2025,822.0185547,859.5628662,821.6815796,843.2619629,3448410233,103,Binance Coin,BNB-USD,Crypto,Cryptocurrency,https://1drv.ms/i/c/8705623eb284e7df/IQRKpJgHnRqQQJByd4eQSA4fAS83utsBfBaNDvQwVOOsD-s?width=300&height=300
29-07-2025,804.8989258,834.4614258,800.6428223,822.0791626,3097306022,103,Binance Coin,BNB-USD,Crypto,Cryptocurrency,https://1drv.ms/i/c/8705623eb284e7df/IQRKpJgHnRqQQJByd4eQSA4fAS83utsBfBaNDvQwVOOsD-s?width=300&height=300
30-07-2025,793.1448364,810.4419556,771.1812744,804.8989258,2836541071,103,Binance Coin,BNB-USD,Crypto,Cryptocurrency,https://1drv.ms/i/c/8705623eb284e7df/IQRKpJgHnRqQQJByd4eQSA4fAS83utsBfBaNDvQwVOOsD-s?width=300&height=300
31-07-2025,783.6668091,813.0089111,782.8258667,793.1448364,2581137230,103,Binance Coin,BNB-USD,Crypto,Cryptocurrency,https://1drv.ms/i/c/8705623eb284e7df/IQRKpJgHnRqQQJByd4eQSA4fAS83utsBfBaNDvQwVOOsD-s?width=300&height=300
01-08-2025,757.1865845,794.8995361,746.3453369,783.6646729,3061372565,103,Binance Coin,BNB-USD,Crypto,Cryptocurrency,https://1drv.ms/i/c/8705623eb284e7df/IQRKpJgHnRqQQJByd4eQSA4fAS83utsBfBaNDvQwVOOsD-s?width=300&height=300
02-08-2025,736.6464233,769.5610352,732.5317383,757.2212524,2181365266,103,Binance Coin,BNB-USD,Crypto,Cryptocurrency,https://1drv.ms/i/c/8705623eb284e7df/IQRKpJgHnRqQQJByd4eQSA4fAS83utsBfBaNDvQwVOOsD-s?width=300&height=300
03-08-2025,751.5609741,755.125061,732.3884888,736.6464233,1761506433,103,Binance Coin,BNB-USD,Crypto,Cryptocurrency,https://1drv.ms/i/c/8705623eb284e7df/IQRKpJgHnRqQQJByd4eQSA4fAS83utsBfBaNDvQwVOOsD-s?width=300&height=300
04-08-2025,769.059082,769.5585327,750.8377075,751.5598145,1940596416,103,Binance Coin,BNB-USD,Crypto,Cryptocurrency,https://1drv.ms/i/c/8705623eb284e7df/IQRKpJgHnRqQQJByd4eQSA4fAS83utsBfBaNDvQwVOOsD-s?width=300&height=300
05-08-2025,754.8510132,769.1633911,746.6951904,769.0582886,1951120762,103,Binance Coin,BNB-USD,Crypto,Cryptocurrency,https://1drv.ms/i/c/8705623eb284e7df/IQRKpJgHnRqQQJByd4eQSA4fAS83utsBfBaNDvQwVOOsD-s?width=300&height=300
06-08-2025,769.8478394,774.8028564,747.7263794,754.8510132,1969112524,103,Binance Coin,BNB-USD,Crypto,Cryptocurrency,https://1drv.ms/i/c/8705623eb284e7df/IQRKpJgHnRqQQJByd4eQSA4fAS83utsBfBaNDvQwVOOsD-s?width=300&height=300
07-08-2025,788.1963501,788.1963501,765.3430786,769.8478394,2162190917,103,Binance Coin,BNB-USD,Crypto,Cryptocurrency,https://1drv.ms/i/c/8705623eb284e7df/IQRKpJgHnRqQQJByd4eQSA4fAS83utsBfBaNDvQwVOOsD-s?width=300&height=300
08-08-2025,793.4395752,797.8942261,781.4666138,788.1965332,2429517922,103,Binance Coin,BNB-USD,Crypto,Cryptocurrency,https://1drv.ms/i/c/8705623eb284e7df/IQRKpJgHnRqQQJByd4eQSA4fAS83utsBfBaNDvQwVOOsD-s?width=300&height=300
09-08-2025,799.086731,818.512085,793.1973267,793.4395752,2215143664,103,Binance Coin,BNB-USD,Crypto,Cryptocurrency,https://1drv.ms/i/c/8705623eb284e7df/IQRKpJgHnRqQQJByd4eQSA4fAS83utsBfBaNDvQwVOOsD-s?width=300&height=300
10-08-2025,805.8734741,815.0725098,796.2681885,799.086731,2090904941,103,Binance Coin,BNB-USD,Crypto,Cryptocurrency,https://1drv.ms/i/c/8705623eb284e7df/IQRKpJgHnRqQQJByd4eQSA4fAS83utsBfBaNDvQwVOOsD-s?width=300&height=300
11-08-2025,806.7302246,826.5098267,793.3786621,805.8734741,2805693912,103,Binance Coin,BNB-USD,Crypto,Cryptocurrency,https://1drv.ms/i/c/8705623eb284e7df/IQRKpJgHnRqQQJByd4eQSA4fAS83utsBfBaNDvQwVOOsD-s?width=300&height=300
12-08-2025,832.9265747,838.8615112,798.6620483,806.7435913,2889217820,103,Binance Coin,BNB-USD,Crypto,Cryptocurrency,https://1drv.ms/i/c/8705623eb284e7df/IQRKpJgHnRqQQJByd4eQSA4fAS83utsBfBaNDvQwVOOsD-s?width=300&height=300
13-08-2025,849.0054932,857.7623901,829.0764771,832.9265747,3364649534,103,Binance Coin,BNB-USD,Crypto,Cryptocurrency,https://1drv.ms/i/c/8705623eb284e7df/IQRKpJgHnRqQQJByd4eQSA4fAS83utsBfBaNDvQwVOOsD-s?width=300&height=300
14-08-2025,840.9309692,868.6798096,826.0021973,849.0054932,4687490471,103,Binance Coin,BNB-USD,Crypto,Cryptocurrency,https://1drv.ms/i/c/8705623eb284e7df/IQRKpJgHnRqQQJByd4eQSA4fAS83utsBfBaNDvQwVOOsD-s?width=300&height=300
15-08-2025,827.2891846,853.4983521,813.8512573,840.9309692,3843113557,103,Binance Coin,BNB-USD,Crypto,Cryptocurrency,https://1drv.ms/i/c/8705623eb284e7df/IQRKpJgHnRqQQJByd4eQSA4fAS83utsBfBaNDvQwVOOsD-s?width=300&height=300
16-08-2025,839.3980713,839.5164795,826.6146851,827.2891846,1960223183,103,Binance Coin,BNB-USD,Crypto,Cryptocurrency,https://1drv.ms/i/c/8705623eb284e7df/IQRKpJgHnRqQQJByd4eQSA4fAS83utsBfBaNDvQwVOOsD-s?width=300&height=300
17-08-2025,856.4029541,863.3430786,839.1815796,839.3967896,2286889646,103,Binance Coin,BNB-USD,Crypto,Cryptocurrency,https://1drv.ms/i/c/8705623eb284e7df/IQRKpJgHnRqQQJByd4eQSA4fAS83utsBfBaNDvQwVOOsD-s?width=300&height=300
18-08-2025,847.4179077,858.3074341,826.5350342,856.4033203,2765082388,103,Binance Coin,BNB-USD,Crypto,Cryptocurrency,https://1drv.ms/i/c/8705623eb284e7df/IQRKpJgHnRqQQJByd4eQSA4fAS83utsBfBaNDvQwVOOsD-s?width=300&height=300
19-08-2025,823.565918,851.9415894,823.3566895,847.4179077,2718797059,103,Binance Coin,BNB-USD,Crypto,Cryptocurrency,https://1drv.ms/i/c/8705623eb284e7df/IQRKpJgHnRqQQJByd4eQSA4fAS83utsBfBaNDvQwVOOsD-s?width=300&height=300
20-08-2025,869.1038818,880.3314819,819.329895,823.565918,3612563758,103,Binance Coin,BNB-USD,Crypto,Cryptocurrency,https://1drv.ms/i/c/8705623eb284e7df/IQRKpJgHnRqQQJByd4eQSA4fAS83utsBfBaNDvQwVOOsD-s?width=300&height=300
21-08-2025,839.0408325,882.5895386,834.0795898,869.1038818,2848998239,103,Binance Coin,BNB-USD,Crypto,Cryptocurrency,https://1drv.ms/i/c/8705623eb284e7df/IQRKpJgHnRqQQJByd4eQSA4fAS83utsBfBaNDvQwVOOsD-s?width=300&height=300
22-08-2025,898.7745361,899.7001343,839.0408325,839.0408325,3534039226,103,Binance Coin,BNB-USD,Crypto,Cryptocurrency,https://1drv.ms/i/c/8705623eb284e7df/IQRKpJgHnRqQQJByd4eQSA4fAS83utsBfBaNDvQwVOOsD-s?width=300&height=300
23-08-2025,880.0461426,899.359436,876.512146,898.7745361,2470653598,103,Binance Coin,BNB-USD,Crypto,Cryptocurrency,https://1drv.ms/i/c/8705623eb284e7df/IQRKpJgHnRqQQJByd4eQSA4fAS83utsBfBaNDvQwVOOsD-s?width=300&height=300
24-08-2025,876.0802002,885.5560303,860.0352173,880.0533447,2909070734,103,Binance Coin,BNB-USD,Crypto,Cryptocurrency,https://1drv.ms/i/c/8705623eb284e7df/IQRKpJgHnRqQQJByd4eQSA4fAS83utsBfBaNDvQwVOOsD-s?width=300&height=300
25-08-2025,840.171936,879.9407349,835.2559814,876.0802002,3300479072,103,Binance Coin,BNB-USD,Crypto,Cryptocurrency,https://1drv.ms/i/c/8705623eb284e7df/IQRKpJgHnRqQQJByd4eQSA4fAS83utsBfBaNDvQwVOOsD-s?width=300&height=300
26-08-2025,863.6304932,867.7128296,832.7194214,840.1710205,2609863400,103,Binance Coin,BNB-USD,Crypto,Cryptocurrency,https://1drv.ms/i/c/8705623eb284e7df/IQRKpJgHnRqQQJByd4eQSA4fAS83utsBfBaNDvQwVOOsD-s?width=300&height=300
27-08-2025,855.6463013,866.9847412,853.8656616,863.6304932,2391188252,103,Binance Coin,BNB-USD,Crypto,Cryptocurrency,https://1drv.ms/i/c/8705623eb284e7df/IQRKpJgHnRqQQJByd4eQSA4fAS83utsBfBaNDvQwVOOsD-s?width=300&height=300
28-08-2025,874.3660278,878.8085938,851.8986206,855.6463013,2744315947,103,Binance Coin,BNB-USD,Crypto,Cryptocurrency,https://1drv.ms/i/c/8705623eb284e7df/IQRKpJgHnRqQQJByd4eQSA4fAS83utsBfBaNDvQwVOOsD-s?width=300&height=300
29-08-2025,863.2765503,876.8477173,851.3141479,874.3545532,2614507748,103,Binance Coin,BNB-USD,Crypto,Cryptocurrency,https://1drv.ms/i/c/8705623eb284e7df/IQRKpJgHnRqQQJByd4eQSA4fAS83utsBfBaNDvQwVOOsD-s?width=300&height=300
30-08-2025,862.4039917,863.6447754,852.8187256,863.2821655,2030968355,103,Binance Coin,BNB-USD,Crypto,Cryptocurrency,https://1drv.ms/i/c/8705623eb284e7df/IQRKpJgHnRqQQJByd4eQSA4fAS83utsBfBaNDvQwVOOsD-s?width=300&height=300
31-08-2025,857.8167725,867.5966797,857.3178101,862.4039917,1741117798,103,Binance Coin,BNB-USD,Crypto,Cryptocurrency,https://1drv.ms/i/c/8705623eb284e7df/IQRKpJgHnRqQQJByd4eQSA4fAS83utsBfBaNDvQwVOOsD-s?width=300&height=300
01-09-2025,845.8262939,866.973877,840.897522,857.8126221,2756614903,103,Binance Coin,BNB-USD,Crypto,Cryptocurrency,https://1drv.ms/i/c/8705623eb284e7df/IQRKpJgHnRqQQJByd4eQSA4fAS83utsBfBaNDvQwVOOsD-s?width=300&height=300
02-09-2025,851.7772217,856.4644165,841.6126099,845.8262939,2385434736,103,Binance Coin,BNB-USD,Crypto,Cryptocurrency,https://1drv.ms/i/c/8705623eb284e7df/IQRKpJgHnRqQQJByd4eQSA4fAS83utsBfBaNDvQwVOOsD-s?width=300&height=300
03-09-2025,855.2587891,863.4725342,849.157959,851.7772217,1915348780,103,Binance Coin,BNB-USD,Crypto,Cryptocurrency,https://1drv.ms/i/c/8705623eb284e7df/IQRKpJgHnRqQQJByd4eQSA4fAS83utsBfBaNDvQwVOOsD-s?width=300&height=300
04-09-2025,843.8029785,856.9368286,841.8807983,855.2588501,1915009280,103,Binance Coin,BNB-USD,Crypto,Cryptocurrency,https://1drv.ms/i/c/8705623eb284e7df/IQRKpJgHnRqQQJByd4eQSA4fAS83utsBfBaNDvQwVOOsD-s?width=300&height=300
05-09-2025,849.979248,857.2246094,843.746521,843.8029785,2025139739,103,Binance Coin,BNB-USD,Crypto,Cryptocurrency,https://1drv.ms/i/c/8705623eb284e7df/IQRKpJgHnRqQQJByd4eQSA4fAS83utsBfBaNDvQwVOOsD-s?width=300&height=300
06-09-2025,861.7720947,864.4991455,849.574585,849.979248,1992250771,103,Binance Coin,BNB-USD,Crypto,Cryptocurrency,https://1drv.ms/i/c/8705623eb284e7df/IQRKpJgHnRqQQJByd4eQSA4fAS83utsBfBaNDvQwVOOsD-s?width=300&height=300
07-09-2025,880.6130371,882.8858032,861.2745361,861.7720947,1996378716,103,Binance Coin,BNB-USD,Crypto,Cryptocurrency,https://1drv.ms/i/c/8705623eb284e7df/IQRKpJgHnRqQQJByd4eQSA4fAS83utsBfBaNDvQwVOOsD-s?width=300&height=300
08-09-2025,878.2759399,885.2318115,872.0386353,880.6130371,2289021738,103,Binance Coin,BNB-USD,Crypto,Cryptocurrency,https://1drv.ms/i/c/8705623eb284e7df/IQRKpJgHnRqQQJByd4eQSA4fAS83utsBfBaNDvQwVOOsD-s?width=300&height=300
09-09-2025,880.0150146,884.2359009,871.8602295,878.2759399,1795168603,103,Binance Coin,BNB-USD,Crypto,Cryptocurrency,https://1drv.ms/i/c/8705623eb284e7df/IQRKpJgHnRqQQJByd4eQSA4fAS83utsBfBaNDvQwVOOsD-s?width=300&height=300
10-09-2025,893.5665894,906.1226196,877.5120239,880.0150146,2868650920,103,Binance Coin,BNB-USD,Crypto,Cryptocurrency,https://1drv.ms/i/c/8705623eb284e7df/IQRKpJgHnRqQQJByd4eQSA4fAS83utsBfBaNDvQwVOOsD-s?width=300&height=300
11-09-2025,902.9833374,903.3329468,889.3707275,893.5665894,2250551806,103,Binance Coin,BNB-USD,Crypto,Cryptocurrency,https://1drv.ms/i/c/8705623eb284e7df/IQRKpJgHnRqQQJByd4eQSA4fAS83utsBfBaNDvQwVOOsD-s?width=300&height=300
12-09-2025,925.0307007,928.6170044,901.9741211,902.9833374,2648100391,103,Binance Coin,BNB-USD,Crypto,Cryptocurrency,https://1drv.ms/i/c/8705623eb284e7df/IQRKpJgHnRqQQJByd4eQSA4fAS83utsBfBaNDvQwVOOsD-s?width=300&height=300
13-09-2025,933.8996582,942.5284424,923.8671875,925.0307007,2744192106,103,Binance Coin,BNB-USD,Crypto,Cryptocurrency,https://1drv.ms/i/c/8705623eb284e7df/IQRKpJgHnRqQQJByd4eQSA4fAS83utsBfBaNDvQwVOOsD-s?width=300&height=300
14-09-2025,927.2416992,944.0581665,923.7640381,933.8996582,2338327311,103,Binance Coin,BNB-USD,Crypto,Cryptocurrency,https://1drv.ms/i/c/8705623eb284e7df/IQRKpJgHnRqQQJByd4eQSA4fAS83utsBfBaNDvQwVOOsD-s?width=300&height=300
15-09-2025,919.9702148,935.2177124,911.5524292,927.2432251,2475846477,103,Binance Coin,BNB-USD,Crypto,Cryptocurrency,https://1drv.ms/i/c/8705623eb284e7df/IQRKpJgHnRqQQJByd4eQSA4fAS83utsBfBaNDvQwVOOsD-s?width=300&height=300
16-09-2025,955.7125854,958.6553955,917.2383423,919.9702148,3101245055,103,Binance Coin,BNB-USD,Crypto,Cryptocurrency,https://1drv.ms/i/c/8705623eb284e7df/IQRKpJgHnRqQQJByd4eQSA4fAS83utsBfBaNDvQwVOOsD-s?width=300&height=300
17-09-2025,990.3097534,993.1290283,947.7709961,955.6878662,3641636248,103,Binance Coin,BNB-USD,Crypto,Cryptocurrency,https://1drv.ms/i/c/8705623eb284e7df/IQRKpJgHnRqQQJByd4eQSA4fAS83utsBfBaNDvQwVOOsD-s?width=300&height=300
18-09-2025,981.8352051,1005.292236,980.3798218,990.3190308,3741252935,103,Binance Coin,BNB-USD,Crypto,Cryptocurrency,https://1drv.ms/i/c/8705623eb284e7df/IQRKpJgHnRqQQJByd4eQSA4fAS83utsBfBaNDvQwVOOsD-s?width=300&height=300
19-09-2025,984.1240845,1002.082886,975.8117676,981.8352051,3293771895,103,Binance Coin,BNB-USD,Crypto,Cryptocurrency,https://1drv.ms/i/c/8705623eb284e7df/IQRKpJgHnRqQQJByd4eQSA4fAS83utsBfBaNDvQwVOOsD-s?width=300&height=300
20-09-2025,1042.650146,1043.243896,984.119751,984.1345215,3759046572,103,Binance Coin,BNB-USD,Crypto,Cryptocurrency,https://1drv.ms/i/c/8705623eb284e7df/IQRKpJgHnRqQQJByd4eQSA4fAS83utsBfBaNDvQwVOOsD-s?width=300&height=300
21-09-2025,1048.672363,1080.477661,1041.026245,1042.66272,4306431415,103,Binance Coin,BNB-USD,Crypto,Cryptocurrency,https://1drv.ms/i/c/8705623eb284e7df/IQRKpJgHnRqQQJByd4eQSA4fAS83utsBfBaNDvQwVOOsD-s?width=300&height=300
22-09-2025,993.0140381,1050.318359,978.5733032,1048.671143,4892903256,103,Binance Coin,BNB-USD,Crypto,Cryptocurrency,https://1drv.ms/i/c/8705623eb284e7df/IQRKpJgHnRqQQJByd4eQSA4fAS83utsBfBaNDvQwVOOsD-s?width=300&height=300
23-09-2025,1017.019897,1026.245605,964.5532227,993.0140381,4038510425,103,Binance Coin,BNB-USD,Crypto,Cryptocurrency,https://1drv.ms/i/c/8705623eb284e7df/IQRKpJgHnRqQQJByd4eQSA4fAS83utsBfBaNDvQwVOOsD-s?width=300&height=300
24-09-2025,1018.847839,1034.05481,995.2929077,1017.029297,3603925585,103,Binance Coin,BNB-USD,Crypto,Cryptocurrency,https://1drv.ms/i/c/8705623eb284e7df/IQRKpJgHnRqQQJByd4eQSA4fAS83utsBfBaNDvQwVOOsD-s?width=300&height=300
25-09-2025,945.713623,1019.842834,943.3248291,1018.871887,4693762081,103,Binance Coin,BNB-USD,Crypto,Cryptocurrency,https://1drv.ms/i/c/8705623eb284e7df/IQRKpJgHnRqQQJByd4eQSA4fAS83utsBfBaNDvQwVOOsD-s?width=300&height=300
26-09-2025,960.9239502,964.7283936,933.505249,945.713623,3789703570,103,Binance Coin,BNB-USD,Crypto,Cryptocurrency,https://1drv.ms/i/c/8705623eb284e7df/IQRKpJgHnRqQQJByd4eQSA4fAS83utsBfBaNDvQwVOOsD-s?width=300&height=300
27-09-2025,968.7895508,983.9268799,957.4020996,960.9239502,2777184185,103,Binance Coin,BNB-USD,Crypto,Cryptocurrency,https://1drv.ms/i/c/8705623eb284e7df/IQRKpJgHnRqQQJByd4eQSA4fAS83utsBfBaNDvQwVOOsD-s?width=300&height=300
28-09-2025,993.3155518,993.3856812,964.2875366,968.7895508,2519459113,103,Binance Coin,BNB-USD,Crypto,Cryptocurrency,https://1drv.ms/i/c/8705623eb284e7df/IQRKpJgHnRqQQJByd4eQSA4fAS83utsBfBaNDvQwVOOsD-s?width=300&height=300
29-09-2025,1030.741211,1035.725464,992.6415405,993.3157959,3359320684,103,Binance Coin,BNB-USD,Crypto,Cryptocurrency,https://1drv.ms/i/c/8705623eb284e7df/IQRKpJgHnRqQQJByd4eQSA4fAS83utsBfBaNDvQwVOOsD-s?width=300&height=300
30-09-2025,1008.483459,1032.796021,994.4840088,1030.741211,3076619211,103,Binance Coin,BNB-USD,Crypto,Cryptocurrency,https://1drv.ms/i/c/8705623eb284e7df/IQRKpJgHnRqQQJByd4eQSA4fAS83utsBfBaNDvQwVOOsD-s?width=300&height=300
01-10-2025,1026.166748,1034.829712,1003.883728,1008.483459,3100184262,103,Binance Coin,BNB-USD,Crypto,Cryptocurrency,https://1drv.ms/i/c/8705623eb284e7df/IQRKpJgHnRqQQJByd4eQSA4fAS83utsBfBaNDvQwVOOsD-s?width=300&height=300
02-10-2025,1090.65564,1097.211792,1023.982727,1026.166748,3813163059,103,Binance Coin,BNB-USD,Crypto,Cryptocurrency,https://1drv.ms/i/c/8705623eb284e7df/IQRKpJgHnRqQQJByd4eQSA4fAS83utsBfBaNDvQwVOOsD-s?width=300&height=300
03-10-2025,1189.919067,1190.354248,1085.595459,1090.65564,6097241167,103,Binance Coin,BNB-USD,Crypto,Cryptocurrency,https://1drv.ms/i/c/8705623eb284e7df/IQRKpJgHnRqQQJByd4eQSA4fAS83utsBfBaNDvQwVOOsD-s?width=300&height=300
04-10-2025,1150.547607,1190.008423,1138.266113,1189.928833,3775482131,103,Binance Coin,BNB-USD,Crypto,Cryptocurrency,https://1drv.ms/i/c/8705623eb284e7df/IQRKpJgHnRqQQJByd4eQSA4fAS83utsBfBaNDvQwVOOsD-s?width=300&height=300
05-10-2025,1165.527588,1186.85437,1145.528809,1150.545288,3611451465,103,Binance Coin,BNB-USD,Crypto,Cryptocurrency,https://1drv.ms/i/c/8705623eb284e7df/IQRKpJgHnRqQQJByd4eQSA4fAS83utsBfBaNDvQwVOOsD-s?width=300&height=300
06-10-2025,1223.581055,1237.81189,1164.016846,1165.527588,5653272930,103,Binance Coin,BNB-USD,Crypto,Cryptocurrency,https://1drv.ms/i/c/8705623eb284e7df/IQRKpJgHnRqQQJByd4eQSA4fAS83utsBfBaNDvQwVOOsD-s?width=300&height=300
07-10-2025,1310.214355,1336.565552,1209.281494,1223.580078,11163171147,103,Binance Coin,BNB-USD,Crypto,Cryptocurrency,https://1drv.ms/i/c/8705623eb284e7df/IQRKpJgHnRqQQJByd4eQSA4fAS83utsBfBaNDvQwVOOsD-s?width=300&height=300
08-10-2025,1306.599365,1332.831543,1270.310303,1310.227661,7916662087,103,Binance Coin,BNB-USD,Crypto,Cryptocurrency,https://1drv.ms/i/c/8705623eb284e7df/IQRKpJgHnRqQQJByd4eQSA4fAS83utsBfBaNDvQwVOOsD-s?width=300&height=300
09-10-2025,1255.890625,1318.057373,1228.082031,1306.597412,8172167891,103,Binance Coin,BNB-USD,Crypto,Cryptocurrency,https://1drv.ms/i/c/8705623eb284e7df/IQRKpJgHnRqQQJByd4eQSA4fAS83utsBfBaNDvQwVOOsD-s?width=300&height=300
10-10-2025,1106.89856,1276.358154,962.4681396,1255.887573,10329526518,103,Binance Coin,BNB-USD,Crypto,Cryptocurrency,https://1drv.ms/i/c/8705623eb284e7df/IQRKpJgHnRqQQJByd4eQSA4fAS83utsBfBaNDvQwVOOsD-s?width=300&height=300
11-10-2025,1137.199341,1180.525879,1080.718384,1106.89856,8101403820,103,Binance Coin,BNB-USD,Crypto,Cryptocurrency,https://1drv.ms/i/c/8705623eb284e7df/IQRKpJgHnRqQQJByd4eQSA4fAS83utsBfBaNDvQwVOOsD-s?width=300&height=300
12-10-2025,1303.11731,1319.771973,1110.197388,1137.199341,10201040572,103,Binance Coin,BNB-USD,Crypto,Cryptocurrency,https://1drv.ms/i/c/8705623eb284e7df/IQRKpJgHnRqQQJByd4eQSA4fAS83utsBfBaNDvQwVOOsD-s?width=300&height=300
13-10-2025,1293.473267,1370.546021,1257.110229,1303.147339,11820387271,103,Binance Coin,BNB-USD,Crypto,Cryptocurrency,https://1drv.ms/i/c/8705623eb284e7df/IQRKpJgHnRqQQJByd4eQSA4fAS83utsBfBaNDvQwVOOsD-s?width=300&height=300
14-10-2025,1211.051147,1316.407104,1147.75,1293.473267,10106588255,103,Binance Coin,BNB-USD,Crypto,Cryptocurrency,https://1drv.ms/i/c/8705623eb284e7df/IQRKpJgHnRqQQJByd4eQSA4fAS83utsBfBaNDvQwVOOsD-s?width=300&height=300
15-10-2025,1162.691772,1221.70752,1151.835205,1211.051147,5853929585,103,Binance Coin,BNB-USD,Crypto,Cryptocurrency,https://1drv.ms/i/c/8705623eb284e7df/IQRKpJgHnRqQQJByd4eQSA4fAS83utsBfBaNDvQwVOOsD-s?width=300&height=300
16-10-2025,1145.825317,1193.773926,1125.333252,1162.693726,5605348340,103,Binance Coin,BNB-USD,Crypto,Cryptocurrency,https://1drv.ms/i/c/8705623eb284e7df/IQRKpJgHnRqQQJByd4eQSA4fAS83utsBfBaNDvQwVOOsD-s?width=300&height=300
17-10-2025,1071.963013,1154.891235,1024.083252,1145.817993,6656427568,103,Binance Coin,BNB-USD,Crypto,Cryptocurrency,https://1drv.ms/i/c/8705623eb284e7df/IQRKpJgHnRqQQJByd4eQSA4fAS83utsBfBaNDvQwVOOsD-s?width=300&height=300
18-10-2025,1093.152466,1129.192505,1071.473877,1071.965576,3767783165,103,Binance Coin,BNB-USD,Crypto,Cryptocurrency,https://1drv.ms/i/c/8705623eb284e7df/IQRKpJgHnRqQQJByd4eQSA4fAS83utsBfBaNDvQwVOOsD-s?width=300&height=300
19-10-2025,1109.680054,1132.34729,1069.307495,1093.152466,3690436753,103,Binance Coin,BNB-USD,Crypto,Cryptocurrency,https://1drv.ms/i/c/8705623eb284e7df/IQRKpJgHnRqQQJByd4eQSA4fAS83utsBfBaNDvQwVOOsD-s?width=300&height=300
20-10-2025,1101.061646,1142.744507,1090.006836,1109.682129,4209252745,103,Binance Coin,BNB-USD,Crypto,Cryptocurrency,https://1drv.ms/i/c/8705623eb284e7df/IQRKpJgHnRqQQJByd4eQSA4fAS83utsBfBaNDvQwVOOsD-s?width=300&height=300
21-10-2025,1057.44043,1114.313232,1054.304932,1101.164917,4398689427,103,Binance Coin,BNB-USD,Crypto,Cryptocurrency,https://1drv.ms/i/c/8705623eb284e7df/IQRKpJgHnRqQQJByd4eQSA4fAS83utsBfBaNDvQwVOOsD-s?width=300&height=300
22-10-2025,1072.047974,1082.929077,1054.07019,1057.44043,3625757780,103,Binance Coin,BNB-USD,Crypto,Cryptocurrency,https://1drv.ms/i/c/8705623eb284e7df/IQRKpJgHnRqQQJByd4eQSA4fAS83utsBfBaNDvQwVOOsD-s?width=300&height=300
23-10-2025,1127.572998,1150.999268,1071.939453,1072.050903,5661131703,103,Binance Coin,BNB-USD,Crypto,Cryptocurrency,https://1drv.ms/i/c/8705623eb284e7df/IQRKpJgHnRqQQJByd4eQSA4fAS83utsBfBaNDvQwVOOsD-s?width=300&height=300
24-10-2025,1109.148682,1141.639404,1098.93103,1127.572632,3451758493,103,Binance Coin,BNB-USD,Crypto,Cryptocurrency,https://1drv.ms/i/c/8705623eb284e7df/IQRKpJgHnRqQQJByd4eQSA4fAS83utsBfBaNDvQwVOOsD-s?width=300&height=300
25-10-2025,1116.741211,1120.070679,1102.495117,1109.149902,2230311136,103,Binance Coin,BNB-USD,Crypto,Cryptocurrency,https://1drv.ms/i/c/8705623eb284e7df/IQRKpJgHnRqQQJByd4eQSA4fAS83utsBfBaNDvQwVOOsD-s?width=300&height=300
26-10-2025,1137.586914,1141.955688,1115.533569,1116.741943,2746697366,103,Binance Coin,BNB-USD,Crypto,Cryptocurrency,https://1drv.ms/i/c/8705623eb284e7df/IQRKpJgHnRqQQJByd4eQSA4fAS83utsBfBaNDvQwVOOsD-s?width=300&height=300
27-10-2025,1139.745972,1180.014893,1134.291016,1137.587646,4501355092,103,Binance Coin,BNB-USD,Crypto,Cryptocurrency,https://1drv.ms/i/c/8705623eb284e7df/IQRKpJgHnRqQQJByd4eQSA4fAS83utsBfBaNDvQwVOOsD-s?width=300&height=300
28-10-2025,1103.144775,1148.55835,1088.881592,1139.750854,4178047763,103,Binance Coin,BNB-USD,Crypto,Cryptocurrency,https://1drv.ms/i/c/8705623eb284e7df/IQRKpJgHnRqQQJByd4eQSA4fAS83utsBfBaNDvQwVOOsD-s?width=300&height=300
29-10-2025,1107.16333,1120.72998,1089.768188,1103.14917,4169218996,103,Binance Coin,BNB-USD,Crypto,Cryptocurrency,https://1drv.ms/i/c/8705623eb284e7df/IQRKpJgHnRqQQJByd4eQSA4fAS83utsBfBaNDvQwVOOsD-s?width=300&height=300
30-10-2025,1078.61145,1123.696899,1050.128296,1107.161987,4153774666,103,Binance Coin,BNB-USD,Crypto,Cryptocurrency,https://1drv.ms/i/c/8705623eb284e7df/IQRKpJgHnRqQQJByd4eQSA4fAS83utsBfBaNDvQwVOOsD-s?width=300&height=300
31-10-2025,1088.955444,1104.247559,1073.453979,1078.612549,4399392720,103,Binance Coin,BNB-USD,Crypto,Cryptocurrency,https://1drv.ms/i/c/8705623eb284e7df/IQRKpJgHnRqQQJByd4eQSA4fAS83utsBfBaNDvQwVOOsD-s?width=300&height=300
01-11-2025,1094.642334,1097.138184,1082.466919,1088.944336,2138185589,103,Binance Coin,BNB-USD,Crypto,Cryptocurrency,https://1drv.ms/i/c/8705623eb284e7df/IQRKpJgHnRqQQJByd4eQSA4fAS83utsBfBaNDvQwVOOsD-s?width=300&height=300
02-11-2025,1084.359863,1094.644531,1073.653076,1094.641479,2049912244,103,Binance Coin,BNB-USD,Crypto,Cryptocurrency,https://1drv.ms/i/c/8705623eb284e7df/IQRKpJgHnRqQQJByd4eQSA4fAS83utsBfBaNDvQwVOOsD-s?width=300&height=300
03-11-2025,992.5354004,1086.594482,975.7961426,1084.336426,4849653054,103,Binance Coin,BNB-USD,Crypto,Cryptocurrency,https://1drv.ms/i/c/8705623eb284e7df/IQRKpJgHnRqQQJByd4eQSA4fAS83utsBfBaNDvQwVOOsD-s?width=300&height=300
04-11-2025,937.8932495,1000.198608,886.385437,992.5518799,5824529918,103,Binance Coin,BNB-USD,Crypto,Cryptocurrency,https://1drv.ms/i/c/8705623eb284e7df/IQRKpJgHnRqQQJByd4eQSA4fAS83utsBfBaNDvQwVOOsD-s?width=300&height=300
05-11-2025,959.9510498,966.8039551,903.8692627,937.8823242,3816276917,103,Binance Coin,BNB-USD,Crypto,Cryptocurrency,https://1drv.ms/i/c/8705623eb284e7df/IQRKpJgHnRqQQJByd4eQSA4fAS83utsBfBaNDvQwVOOsD-s?width=300&height=300
06-11-2025,949.180481,964.3312378,927.4452515,959.9534302,2798073439,103,Binance Coin,BNB-USD,Crypto,Cryptocurrency,https://1drv.ms/i/c/8705623eb284e7df/IQRKpJgHnRqQQJByd4eQSA4fAS83utsBfBaNDvQwVOOsD-s?width=300&height=300
07-11-2025,990.5523682,994.4128418,927.1098633,949.2072144,3614944089,103,Binance Coin,BNB-USD,Crypto,Cryptocurrency,https://1drv.ms/i/c/8705623eb284e7df/IQRKpJgHnRqQQJByd4eQSA4fAS83utsBfBaNDvQwVOOsD-s?width=300&height=300
08-11-2025,990.2227173,1005.863586,981.1117554,990.5819092,2913804232,103,Binance Coin,BNB-USD,Crypto,Cryptocurrency,https://1drv.ms/i/c/8705623eb284e7df/IQRKpJgHnRqQQJByd4eQSA4fAS83utsBfBaNDvQwVOOsD-s?width=300&height=300
09-11-2025,996.579834,1005.938477,977.644043,990.2310791,2642212274,103,Binance Coin,BNB-USD,Crypto,Cryptocurrency,https://1drv.ms/i/c/8705623eb284e7df/IQRKpJgHnRqQQJByd4eQSA4fAS83utsBfBaNDvQwVOOsD-s?width=300&height=300
10-11-2025,991.9196777,1017.682861,977.107666,996.5888672,2844075057,103,Binance Coin,BNB-USD,Crypto,Cryptocurrency,https://1drv.ms/i/c/8705623eb284e7df/IQRKpJgHnRqQQJByd4eQSA4fAS83utsBfBaNDvQwVOOsD-s?width=300&height=300
11-11-2025,958.2657471,1005.972534,956.8362427,991.9202881,2696896367,103,Binance Coin,BNB-USD,Crypto,Cryptocurrency,https://1drv.ms/i/c/8705623eb284e7df/IQRKpJgHnRqQQJByd4eQSA4fAS83utsBfBaNDvQwVOOsD-s?width=300&height=300
12-11-2025,953.010498,976.9577637,940.8616943,958.2320557,2405972144,103,Binance Coin,BNB-USD,Crypto,Cryptocurrency,https://1drv.ms/i/c/8705623eb284e7df/IQRKpJgHnRqQQJByd4eQSA4fAS83utsBfBaNDvQwVOOsD-s?width=300&height=300
13-11-2025,928.0466309,969.8464966,907.619751,953.0198364,3034452281,103,Binance Coin,BNB-USD,Crypto,Cryptocurrency,https://1drv.ms/i/c/8705623eb284e7df/IQRKpJgHnRqQQJByd4eQSA4fAS83utsBfBaNDvQwVOOsD-s?width=300&height=300
14-11-2025,915.3092651,932.6450195,889.4031982,928.0397339,3778463496,103,Binance Coin,BNB-USD,Crypto,Cryptocurrency,https://1drv.ms/i/c/8705623eb284e7df/IQRKpJgHnRqQQJByd4eQSA4fAS83utsBfBaNDvQwVOOsD-s?width=300&height=300
15-11-2025,932.2019043,944.0817261,915.1938477,915.1938477,1963778260,103,Binance Coin,BNB-USD,Crypto,Cryptocurrency,https://1drv.ms/i/c/8705623eb284e7df/IQRKpJgHnRqQQJByd4eQSA4fAS83utsBfBaNDvQwVOOsD-s?width=300&height=300
16-11-2025,927.2578735,948.5120239,910.9035034,932.1851807,2497118342,103,Binance Coin,BNB-USD,Crypto,Cryptocurrency,https://1drv.ms/i/c/8705623eb284e7df/IQRKpJgHnRqQQJByd4eQSA4fAS83utsBfBaNDvQwVOOsD-s?width=300&height=300
17-11-2025,906.4824219,936.9906616,893.0040894,927.2578735,3757441490,103,Binance Coin,BNB-USD,Crypto,Cryptocurrency,https://1drv.ms/i/c/8705623eb284e7df/IQRKpJgHnRqQQJByd4eQSA4fAS83utsBfBaNDvQwVOOsD-s?width=300&height=300
18-11-2025,932.4823608,937.3841553,888.5147095,906.4705811,3623344375,103,Binance Coin,BNB-USD,Crypto,Cryptocurrency,https://1drv.ms/i/c/8705623eb284e7df/IQRKpJgHnRqQQJByd4eQSA4fAS83utsBfBaNDvQwVOOsD-s?width=300&height=300
19-11-2025,895.6196899,939.2861328,872.9431763,932.4846802,3254464199,103,Binance Coin,BNB-USD,Crypto,Cryptocurrency,https://1drv.ms/i/c/8705623eb284e7df/IQRKpJgHnRqQQJByd4eQSA4fAS83utsBfBaNDvQwVOOsD-s?width=300&height=300
20-11-2025,866.3438721,912.65802,866.3438721,895.6640015,3038816761,103,Binance Coin,BNB-USD,Crypto,Cryptocurrency,https://1drv.ms/i/c/8705623eb284e7df/IQRKpJgHnRqQQJByd4eQSA4fAS83utsBfBaNDvQwVOOsD-s?width=300&height=300
21-11-2025,830.0787354,874.2615967,793.8209229,866.3346558,4772315493,103,Binance Coin,BNB-USD,Crypto,Cryptocurrency,https://1drv.ms/i/c/8705623eb284e7df/IQRKpJgHnRqQQJByd4eQSA4fAS83utsBfBaNDvQwVOOsD-s?width=300&height=300
22-11-2025,833.3510742,841.4924927,815.2092896,830.0795288,2015396840,103,Binance Coin,BNB-USD,Crypto,Cryptocurrency,https://1drv.ms/i/c/8705623eb284e7df/IQRKpJgHnRqQQJByd4eQSA4fAS83utsBfBaNDvQwVOOsD-s?width=300&height=300
23-11-2025,843.2247925,854.4036865,833.2874756,833.3475952,1754920246,103,Binance Coin,BNB-USD,Crypto,Cryptocurrency,https://1drv.ms/i/c/8705623eb284e7df/IQRKpJgHnRqQQJByd4eQSA4fAS83utsBfBaNDvQwVOOsD-s?width=300&height=300
24-11-2025,864.4211426,875.2612915,832.0480347,843.2236328,2485800089,103,Binance Coin,BNB-USD,Crypto,Cryptocurrency,https://1drv.ms/i/c/8705623eb284e7df/IQRKpJgHnRqQQJByd4eQSA4fAS83utsBfBaNDvQwVOOsD-s?width=300&height=300
25-11-2025,862.1080322,866.9095459,838.9786377,864.4609985,2007620452,103,Binance Coin,BNB-USD,Crypto,Cryptocurrency,https://1drv.ms/i/c/8705623eb284e7df/IQRKpJgHnRqQQJByd4eQSA4fAS83utsBfBaNDvQwVOOsD-s?width=300&height=300
26-11-2025,891.7533569,896.6287842,852.4906006,862.1033936,2040255309,103,Binance Coin,BNB-USD,Crypto,Cryptocurrency,https://1drv.ms/i/c/8705623eb284e7df/IQRKpJgHnRqQQJByd4eQSA4fAS83utsBfBaNDvQwVOOsD-s?width=300&height=300
27-11-2025,895.5598145,902.5869141,885.2288208,891.7745972,1780660164,103,Binance Coin,BNB-USD,Crypto,Cryptocurrency,https://1drv.ms/i/c/8705623eb284e7df/IQRKpJgHnRqQQJByd4eQSA4fAS83utsBfBaNDvQwVOOsD-s?width=300&height=300
28-11-2025,887.6467896,904.3790894,877.3135376,895.5643921,2009647841,103,Binance Coin,BNB-USD,Crypto,Cryptocurrency,https://1drv.ms/i/c/8705623eb284e7df/IQRKpJgHnRqQQJByd4eQSA4fAS83utsBfBaNDvQwVOOsD-s?width=300&height=300
29-11-2025,873.6898804,888.8530273,869.8357544,887.6465454,1357539865,103,Binance Coin,BNB-USD,Crypto,Cryptocurrency,https://1drv.ms/i/c/8705623eb284e7df/IQRKpJgHnRqQQJByd4eQSA4fAS83utsBfBaNDvQwVOOsD-s?width=300&height=300
30-11-2025,877.5767822,899.5747681,871.0737305,873.6884766,1452982911,103,Binance Coin,BNB-USD,Crypto,Cryptocurrency,https://1drv.ms/i/c/8705623eb284e7df/IQRKpJgHnRqQQJByd4eQSA4fAS83utsBfBaNDvQwVOOsD-s?width=300&height=300
01-12-2025,827.4053955,877.704834,803.458252,877.5615845,2778473663,103,Binance Coin,BNB-USD,Crypto,Cryptocurrency,https://1drv.ms/i/c/8705623eb284e7df/IQRKpJgHnRqQQJByd4eQSA4fAS83utsBfBaNDvQwVOOsD-s?width=300&height=300
02-12-2025,877.034668,884.0598755,821.3009644,827.4092407,2264885312,103,Binance Coin,BNB-USD,Crypto,Cryptocurrency,https://1drv.ms/i/c/8705623eb284e7df/IQRKpJgHnRqQQJByd4eQSA4fAS83utsBfBaNDvQwVOOsD-s?width=300&height=300
03-12-2025,921.7537231,922.1299438,874.4122314,877.0285034,2754777581,103,Binance Coin,BNB-USD,Crypto,Cryptocurrency,https://1drv.ms/i/c/8705623eb284e7df/IQRKpJgHnRqQQJByd4eQSA4fAS83utsBfBaNDvQwVOOsD-s?width=300&height=300
04-12-2025,900.0661011,927.4549561,889.6174316,921.7321167,2052379059,103,Binance Coin,BNB-USD,Crypto,Cryptocurrency,https://1drv.ms/i/c/8705623eb284e7df/IQRKpJgHnRqQQJByd4eQSA4fAS83utsBfBaNDvQwVOOsD-s?width=300&height=300
05-12-2025,884.2180786,906.852356,873.4063721,900.0637207,1968850986,103,Binance Coin,BNB-USD,Crypto,Cryptocurrency,https://1drv.ms/i/c/8705623eb284e7df/IQRKpJgHnRqQQJByd4eQSA4fAS83utsBfBaNDvQwVOOsD-s?width=300&height=300
06-12-2025,890.5450439,896.6558228,878.9838257,884.2127686,1418385761,103,Binance Coin,BNB-USD,Crypto,Cryptocurrency,https://1drv.ms/i/c/8705623eb284e7df/IQRKpJgHnRqQQJByd4eQSA4fAS83utsBfBaNDvQwVOOsD-s?width=300&height=300
07-12-2025,894.0222778,905.114502,872.8945923,890.5266724,1779976227,103,Binance Coin,BNB-USD,Crypto,Cryptocurrency,https://1drv.ms/i/c/8705623eb284e7df/IQRKpJgHnRqQQJByd4eQSA4fAS83utsBfBaNDvQwVOOsD-s?width=300&height=300
08-12-2025,897.6040649,911.5386353,891.7789917,894.0273438,1906067258,103,Binance Coin,BNB-USD,Crypto,Cryptocurrency,https://1drv.ms/i/c/8705623eb284e7df/IQRKpJgHnRqQQJByd4eQSA4fAS83utsBfBaNDvQwVOOsD-s?width=300&height=300
09-12-2025,898.8104248,926.5170898,882.4072266,897.5906372,2357057936,103,Binance Coin,BNB-USD,Crypto,Cryptocurrency,https://1drv.ms/i/c/8705623eb284e7df/IQRKpJgHnRqQQJByd4eQSA4fAS83utsBfBaNDvQwVOOsD-s?width=300&height=300
10-12-2025,894.6506348,914.1864014,884.9475098,898.7805786,2429639422,103,Binance Coin,BNB-USD,Crypto,Cryptocurrency,https://1drv.ms/i/c/8705623eb284e7df/IQRKpJgHnRqQQJByd4eQSA4fAS83utsBfBaNDvQwVOOsD-s?width=300&height=300
11-12-2025,886.166626,894.6589966,861.2536621,894.6589966,2524483059,103,Binance Coin,BNB-USD,Crypto,Cryptocurrency,https://1drv.ms/i/c/8705623eb284e7df/IQRKpJgHnRqQQJByd4eQSA4fAS83utsBfBaNDvQwVOOsD-s?width=300&height=300
12-12-2025,881.8676147,895.4688721,873.6081543,886.1660767,1807202490,103,Binance Coin,BNB-USD,Crypto,Cryptocurrency,https://1drv.ms/i/c/8705623eb284e7df/IQRKpJgHnRqQQJByd4eQSA4fAS83utsBfBaNDvQwVOOsD-s?width=300&height=300
13-12-2025,897.4295654,903.7582397,880.7807007,881.8624268,1472368344,103,Binance Coin,BNB-USD,Crypto,Cryptocurrency,https://1drv.ms/i/c/8705623eb284e7df/IQRKpJgHnRqQQJByd4eQSA4fAS83utsBfBaNDvQwVOOsD-s?width=300&height=300
14-12-2025,877.8068848,899.2176514,874.1296387,897.435791,1640570319,103,Binance Coin,BNB-USD,Crypto,Cryptocurrency,https://1drv.ms/i/c/8705623eb284e7df/IQRKpJgHnRqQQJByd4eQSA4fAS83utsBfBaNDvQwVOOsD-s?width=300&height=300
15-12-2025,858.545105,894.2052612,843.7678833,877.7892456,2222157806,103,Binance Coin,BNB-USD,Crypto,Cryptocurrency,https://1drv.ms/i/c/8705623eb284e7df/IQRKpJgHnRqQQJByd4eQSA4fAS83utsBfBaNDvQwVOOsD-s?width=300&height=300
16-12-2025,874.8990479,877.6130981,851.3676147,858.5458984,2379705373,103,Binance Coin,BNB-USD,Crypto,Cryptocurrency,https://1drv.ms/i/c/8705623eb284e7df/IQRKpJgHnRqQQJByd4eQSA4fAS83utsBfBaNDvQwVOOsD-s?width=300&height=300
17-12-2025,842.9301758,875.1108398,834.8516846,874.9055176,2968394043,103,Binance Coin,BNB-USD,Crypto,Cryptocurrency,https://1drv.ms/i/c/8705623eb284e7df/IQRKpJgHnRqQQJByd4eQSA4fAS83utsBfBaNDvQwVOOsD-s?width=300&height=300
18-12-2025,829.3011475,850.8983765,819.9838257,842.9312744,3195634004,103,Binance Coin,BNB-USD,Crypto,Cryptocurrency,https://1drv.ms/i/c/8705623eb284e7df/IQRKpJgHnRqQQJByd4eQSA4fAS83utsBfBaNDvQwVOOsD-s?width=300&height=300
19-12-2025,855.9432983,861.0877075,823.171814,829.303894,5429911683,103,Binance Coin,BNB-USD,Crypto,Cryptocurrency,https://1drv.ms/i/c/8705623eb284e7df/IQRKpJgHnRqQQJByd4eQSA4fAS83utsBfBaNDvQwVOOsD-s?width=300&height=300
20-12-2025,853.5861816,858.7412109,850.8908691,855.9429932,1374684930,103,Binance Coin,BNB-USD,Crypto,Cryptocurrency,https://1drv.ms/i/c/8705623eb284e7df/IQRKpJgHnRqQQJByd4eQSA4fAS83utsBfBaNDvQwVOOsD-s?width=300&height=300
21-12-2025,857.8892212,858.9291382,846.0993042,853.5969849,1501917010,103,Binance Coin,BNB-USD,Crypto,Cryptocurrency,https://1drv.ms/i/c/8705623eb284e7df/IQRKpJgHnRqQQJByd4eQSA4fAS83utsBfBaNDvQwVOOsD-s?width=300&height=300
22-12-2025,857.8574219,869.0992432,852.6373291,857.8866577,1959463444,103,Binance Coin,BNB-USD,Crypto,Cryptocurrency,https://1drv.ms/i/c/8705623eb284e7df/IQRKpJgHnRqQQJByd4eQSA4fAS83utsBfBaNDvQwVOOsD-s?width=300&height=300
23-12-2025,843.7714233,860.7771606,839.5874634,857.8599243,1696809904,103,Binance Coin,BNB-USD,Crypto,Cryptocurrency,https://1drv.ms/i/c/8705623eb284e7df/IQRKpJgHnRqQQJByd4eQSA4fAS83utsBfBaNDvQwVOOsD-s?width=300&height=300
24-12-2025,846.2596436,849.3277588,835.2703857,843.7693481,1535799969,103,Binance Coin,BNB-USD,Crypto,Cryptocurrency,https://1drv.ms/i/c/8705623eb284e7df/IQRKpJgHnRqQQJByd4eQSA4fAS83utsBfBaNDvQwVOOsD-s?width=300&height=300
25-12-2025,829.4244385,847.0791626,827.6585693,846.243103,1415229398,103,Binance Coin,BNB-USD,Crypto,Cryptocurrency,https://1drv.ms/i/c/8705623eb284e7df/IQRKpJgHnRqQQJByd4eQSA4fAS83utsBfBaNDvQwVOOsD-s?width=300&height=300
26-12-2025,834.1515503,845.7174683,823.3729248,829.4263916,1730790904,103,Binance Coin,BNB-USD,Crypto,Cryptocurrency,https://1drv.ms/i/c/8705623eb284e7df/IQRKpJgHnRqQQJByd4eQSA4fAS83utsBfBaNDvQwVOOsD-s?width=300&height=300
27-12-2025,844.5545044,844.5943604,834.145874,834.1513672,1496575663,103,Binance Coin,BNB-USD,Crypto,Cryptocurrency,https://1drv.ms/i/c/8705623eb284e7df/IQRKpJgHnRqQQJByd4eQSA4fAS83utsBfBaNDvQwVOOsD-s?width=300&height=300
28-12-2025,858.8287964,864.9430542,839.5921021,844.5575562,1855190489,103,Binance Coin,BNB-USD,Crypto,Cryptocurrency,https://1drv.ms/i/c/8705623eb284e7df/IQRKpJgHnRqQQJByd4eQSA4fAS83utsBfBaNDvQwVOOsD-s?width=300&height=300
29-12-2025,851.187561,869.9858398,846.6453247,858.8352051,2271142660,103,Binance Coin,BNB-USD,Crypto,Cryptocurrency,https://1drv.ms/i/c/8705623eb284e7df/IQRKpJgHnRqQQJByd4eQSA4fAS83utsBfBaNDvQwVOOsD-s?width=300&height=300
30-12-2025,860.5537109,862.0198364,848.4505005,851.1907349,2042633098,103,Binance Coin,BNB-USD,Crypto,Cryptocurrency,https://1drv.ms/i/c/8705623eb284e7df/IQRKpJgHnRqQQJByd4eQSA4fAS83utsBfBaNDvQwVOOsD-s?width=300&height=300
31-12-2025,863.2573853,873.8369141,856.8807983,860.555542,2539874072,103,Binance Coin,BNB-USD,Crypto,Cryptocurrency,https://1drv.ms/i/c/8705623eb284e7df/IQRKpJgHnRqQQJByd4eQSA4fAS83utsBfBaNDvQwVOOsD-s?width=300&height=300
