Date,Close,High,Low,Open,Volume,AssetID,AssetName,Ticker,AssetType,Sector,Logo
01-01-2021,730.3675537,749.2018433,719.7922363,737.708374,13652004358,102,Ethereum,ETH-USD,Crypto,Cryptocurrency,https://1drv.ms/i/c/8705623eb284e7df/IQRB032Is1qmSqWe2uA2YrV2AVzGXU-EocnTDqBITRLSmRo?width=1140&height=760
02-01-2021,774.5349731,786.7984619,718.1094971,730.4026489,19740771179,102,Ethereum,ETH-USD,Crypto,Cryptocurrency,https://1drv.ms/i/c/8705623eb284e7df/IQRB032Is1qmSqWe2uA2YrV2AVzGXU-EocnTDqBITRLSmRo?width=1140&height=760
03-01-2021,975.5076904,1006.565002,771.5616455,774.5118408,45200463368,102,Ethereum,ETH-USD,Crypto,Cryptocurrency,https://1drv.ms/i/c/8705623eb284e7df/IQRB032Is1qmSqWe2uA2YrV2AVzGXU-EocnTDqBITRLSmRo?width=1140&height=760
04-01-2021,1040.233032,1153.189209,912.3053589,977.0588379,56945985763,102,Ethereum,ETH-USD,Crypto,Cryptocurrency,https://1drv.ms/i/c/8705623eb284e7df/IQRB032Is1qmSqWe2uA2YrV2AVzGXU-EocnTDqBITRLSmRo?width=1140&height=760
05-01-2021,1100.006104,1129.37146,986.8112793,1041.498779,41535932781,102,Ethereum,ETH-USD,Crypto,Cryptocurrency,https://1drv.ms/i/c/8705623eb284e7df/IQRB032Is1qmSqWe2uA2YrV2AVzGXU-EocnTDqBITRLSmRo?width=1140&height=760
06-01-2021,1207.112183,1209.428589,1064.233398,1101.005005,44699914188,102,Ethereum,ETH-USD,Crypto,Cryptocurrency,https://1drv.ms/i/c/8705623eb284e7df/IQRB032Is1qmSqWe2uA2YrV2AVzGXU-EocnTDqBITRLSmRo?width=1140&height=760
07-01-2021,1225.678101,1282.57959,1167.443115,1208.078369,40468027280,102,Ethereum,ETH-USD,Crypto,Cryptocurrency,https://1drv.ms/i/c/8705623eb284e7df/IQRB032Is1qmSqWe2uA2YrV2AVzGXU-EocnTDqBITRLSmRo?width=1140&height=760
08-01-2021,1224.197144,1273.827515,1076.081543,1225.967896,44334826666,102,Ethereum,ETH-USD,Crypto,Cryptocurrency,https://1drv.ms/i/c/8705623eb284e7df/IQRB032Is1qmSqWe2uA2YrV2AVzGXU-EocnTDqBITRLSmRo?width=1140&height=760
09-01-2021,1281.077271,1303.871826,1182.270386,1223.740479,33233105361,102,Ethereum,ETH-USD,Crypto,Cryptocurrency,https://1drv.ms/i/c/8705623eb284e7df/IQRB032Is1qmSqWe2uA2YrV2AVzGXU-EocnTDqBITRLSmRo?width=1140&height=760
10-01-2021,1262.246704,1347.926147,1194.715576,1280.871094,40616938053,102,Ethereum,ETH-USD,Crypto,Cryptocurrency,https://1drv.ms/i/c/8705623eb284e7df/IQRB032Is1qmSqWe2uA2YrV2AVzGXU-EocnTDqBITRLSmRo?width=1140&height=760
11-01-2021,1090.145386,1261.622925,924.9226074,1261.622925,60733630300,102,Ethereum,ETH-USD,Crypto,Cryptocurrency,https://1drv.ms/i/c/8705623eb284e7df/IQRB032Is1qmSqWe2uA2YrV2AVzGXU-EocnTDqBITRLSmRo?width=1140&height=760
12-01-2021,1043.43457,1149.240234,1012.76416,1088.526733,37494601692,102,Ethereum,ETH-USD,Crypto,Cryptocurrency,https://1drv.ms/i/c/8705623eb284e7df/IQRB032Is1qmSqWe2uA2YrV2AVzGXU-EocnTDqBITRLSmRo?width=1140&height=760
13-01-2021,1130.73938,1134.338501,994.5490723,1043.740967,30109792795,102,Ethereum,ETH-USD,Crypto,Cryptocurrency,https://1drv.ms/i/c/8705623eb284e7df/IQRB032Is1qmSqWe2uA2YrV2AVzGXU-EocnTDqBITRLSmRo?width=1140&height=760
14-01-2021,1218.453003,1244.163086,1093.060791,1130.231201,33410915929,102,Ethereum,ETH-USD,Crypto,Cryptocurrency,https://1drv.ms/i/c/8705623eb284e7df/IQRB032Is1qmSqWe2uA2YrV2AVzGXU-EocnTDqBITRLSmRo?width=1140&height=760
15-01-2021,1171.834595,1250.505859,1090.721069,1221.877197,35972039310,102,Ethereum,ETH-USD,Crypto,Cryptocurrency,https://1drv.ms/i/c/8705623eb284e7df/IQRB032Is1qmSqWe2uA2YrV2AVzGXU-EocnTDqBITRLSmRo?width=1140&height=760
16-01-2021,1233.537598,1290.053589,1157.623779,1171.443115,32319240157,102,Ethereum,ETH-USD,Crypto,Cryptocurrency,https://1drv.ms/i/c/8705623eb284e7df/IQRB032Is1qmSqWe2uA2YrV2AVzGXU-EocnTDqBITRLSmRo?width=1140&height=760
17-01-2021,1230.172241,1265.644653,1174.38855,1233.453369,29258032819,102,Ethereum,ETH-USD,Crypto,Cryptocurrency,https://1drv.ms/i/c/8705623eb284e7df/IQRB032Is1qmSqWe2uA2YrV2AVzGXU-EocnTDqBITRLSmRo?width=1140&height=760
18-01-2021,1257.279541,1259.450073,1187.311035,1230.313232,25817455560,102,Ethereum,ETH-USD,Crypto,Cryptocurrency,https://1drv.ms/i/c/8705623eb284e7df/IQRB032Is1qmSqWe2uA2YrV2AVzGXU-EocnTDqBITRLSmRo?width=1140&height=760
19-01-2021,1377.295898,1432.300049,1254.522949,1257.43457,47195935190,102,Ethereum,ETH-USD,Crypto,Cryptocurrency,https://1drv.ms/i/c/8705623eb284e7df/IQRB032Is1qmSqWe2uA2YrV2AVzGXU-EocnTDqBITRLSmRo?width=1140&height=760
20-01-2021,1382.274048,1405.744141,1243.299927,1375.248413,46784030909,102,Ethereum,ETH-USD,Crypto,Cryptocurrency,https://1drv.ms/i/c/8705623eb284e7df/IQRB032Is1qmSqWe2uA2YrV2AVzGXU-EocnTDqBITRLSmRo?width=1140&height=760
21-01-2021,1121.570923,1382.684448,1098.476196,1382.684448,45932464754,102,Ethereum,ETH-USD,Crypto,Cryptocurrency,https://1drv.ms/i/c/8705623eb284e7df/IQRB032Is1qmSqWe2uA2YrV2AVzGXU-EocnTDqBITRLSmRo?width=1140&height=760
22-01-2021,1236.512207,1271.687622,1046.596558,1118.889038,43918338506,102,Ethereum,ETH-USD,Crypto,Cryptocurrency,https://1drv.ms/i/c/8705623eb284e7df/IQRB032Is1qmSqWe2uA2YrV2AVzGXU-EocnTDqBITRLSmRo?width=1140&height=760
23-01-2021,1230.990601,1272.151123,1200.893311,1235.267944,27253895441,102,Ethereum,ETH-USD,Crypto,Cryptocurrency,https://1drv.ms/i/c/8705623eb284e7df/IQRB032Is1qmSqWe2uA2YrV2AVzGXU-EocnTDqBITRLSmRo?width=1140&height=760
24-01-2021,1391.609375,1395.111328,1225.274048,1231.210571,36418163554,102,Ethereum,ETH-USD,Crypto,Cryptocurrency,https://1drv.ms/i/c/8705623eb284e7df/IQRB032Is1qmSqWe2uA2YrV2AVzGXU-EocnTDqBITRLSmRo?width=1140&height=760
25-01-2021,1324.414795,1467.784912,1304.973999,1390.639893,43565777745,102,Ethereum,ETH-USD,Crypto,Cryptocurrency,https://1drv.ms/i/c/8705623eb284e7df/IQRB032Is1qmSqWe2uA2YrV2AVzGXU-EocnTDqBITRLSmRo?width=1140&height=760
26-01-2021,1357.058105,1376.085083,1253.340332,1323.741699,41572917750,102,Ethereum,ETH-USD,Crypto,Cryptocurrency,https://1drv.ms/i/c/8705623eb284e7df/IQRB032Is1qmSqWe2uA2YrV2AVzGXU-EocnTDqBITRLSmRo?width=1140&height=760
27-01-2021,1253.187134,1368.074097,1215.311279,1358.333374,39394416990,102,Ethereum,ETH-USD,Crypto,Cryptocurrency,https://1drv.ms/i/c/8705623eb284e7df/IQRB032Is1qmSqWe2uA2YrV2AVzGXU-EocnTDqBITRLSmRo?width=1140&height=760
28-01-2021,1332.492188,1356.288696,1226.17395,1251.279785,34637234789,102,Ethereum,ETH-USD,Crypto,Cryptocurrency,https://1drv.ms/i/c/8705623eb284e7df/IQRB032Is1qmSqWe2uA2YrV2AVzGXU-EocnTDqBITRLSmRo?width=1140&height=760
29-01-2021,1382.522827,1428.981201,1292.240112,1369.086792,53611955259,102,Ethereum,ETH-USD,Crypto,Cryptocurrency,https://1drv.ms/i/c/8705623eb284e7df/IQRB032Is1qmSqWe2uA2YrV2AVzGXU-EocnTDqBITRLSmRo?width=1140&height=760
30-01-2021,1376.115479,1402.39978,1328.529053,1382.231934,30616574234,102,Ethereum,ETH-USD,Crypto,Cryptocurrency,https://1drv.ms/i/c/8705623eb284e7df/IQRB032Is1qmSqWe2uA2YrV2AVzGXU-EocnTDqBITRLSmRo?width=1140&height=760
31-01-2021,1314.986206,1378.916016,1288.501587,1376.823608,25198853581,102,Ethereum,ETH-USD,Crypto,Cryptocurrency,https://1drv.ms/i/c/8705623eb284e7df/IQRB032Is1qmSqWe2uA2YrV2AVzGXU-EocnTDqBITRLSmRo?width=1140&height=760
01-02-2021,1369.040527,1373.845825,1274.357788,1314.855225,29210670920,102,Ethereum,ETH-USD,Crypto,Cryptocurrency,https://1drv.ms/i/c/8705623eb284e7df/IQRB032Is1qmSqWe2uA2YrV2AVzGXU-EocnTDqBITRLSmRo?width=1140&height=760
02-02-2021,1515.193726,1542.990967,1362.77124,1369.505127,45437142801,102,Ethereum,ETH-USD,Crypto,Cryptocurrency,https://1drv.ms/i/c/8705623eb284e7df/IQRB032Is1qmSqWe2uA2YrV2AVzGXU-EocnTDqBITRLSmRo?width=1140&height=760
03-02-2021,1660.909546,1660.909546,1510.010254,1514.769653,41874566399,102,Ethereum,ETH-USD,Crypto,Cryptocurrency,https://1drv.ms/i/c/8705623eb284e7df/IQRB032Is1qmSqWe2uA2YrV2AVzGXU-EocnTDqBITRLSmRo?width=1140&height=760
04-02-2021,1594.762695,1689.186646,1561.853516,1661.170166,44396871836,102,Ethereum,ETH-USD,Crypto,Cryptocurrency,https://1drv.ms/i/c/8705623eb284e7df/IQRB032Is1qmSqWe2uA2YrV2AVzGXU-EocnTDqBITRLSmRo?width=1140&height=760
05-02-2021,1718.650879,1756.510986,1594.793335,1594.793335,40108628454,102,Ethereum,ETH-USD,Crypto,Cryptocurrency,https://1drv.ms/i/c/8705623eb284e7df/IQRB032Is1qmSqWe2uA2YrV2AVzGXU-EocnTDqBITRLSmRo?width=1140&height=760
06-02-2021,1677.846802,1738.314453,1649.068726,1717.797485,39873420648,102,Ethereum,ETH-USD,Crypto,Cryptocurrency,https://1drv.ms/i/c/8705623eb284e7df/IQRB032Is1qmSqWe2uA2YrV2AVzGXU-EocnTDqBITRLSmRo?width=1140&height=760
07-02-2021,1614.227783,1690.036621,1501.750244,1677.605713,39889440151,102,Ethereum,ETH-USD,Crypto,Cryptocurrency,https://1drv.ms/i/c/8705623eb284e7df/IQRB032Is1qmSqWe2uA2YrV2AVzGXU-EocnTDqBITRLSmRo?width=1140&height=760
08-02-2021,1746.616821,1770.59082,1571.579956,1613.642212,48012285956,102,Ethereum,ETH-USD,Crypto,Cryptocurrency,https://1drv.ms/i/c/8705623eb284e7df/IQRB032Is1qmSqWe2uA2YrV2AVzGXU-EocnTDqBITRLSmRo?width=1140&height=760
09-02-2021,1768.035034,1815.963623,1711.620605,1746.926147,44180727529,102,Ethereum,ETH-USD,Crypto,Cryptocurrency,https://1drv.ms/i/c/8705623eb284e7df/IQRB032Is1qmSqWe2uA2YrV2AVzGXU-EocnTDqBITRLSmRo?width=1140&height=760
10-02-2021,1744.243408,1826.696777,1686.542358,1768.039795,41916084617,102,Ethereum,ETH-USD,Crypto,Cryptocurrency,https://1drv.ms/i/c/8705623eb284e7df/IQRB032Is1qmSqWe2uA2YrV2AVzGXU-EocnTDqBITRLSmRo?width=1140&height=760
11-02-2021,1783.797974,1806.539063,1708.679199,1743.714233,36021495262,102,Ethereum,ETH-USD,Crypto,Cryptocurrency,https://1drv.ms/i/c/8705623eb284e7df/IQRB032Is1qmSqWe2uA2YrV2AVzGXU-EocnTDqBITRLSmRo?width=1140&height=760
12-02-2021,1843.532593,1861.356934,1744.168945,1783.489136,37905036865,102,Ethereum,ETH-USD,Crypto,Cryptocurrency,https://1drv.ms/i/c/8705623eb284e7df/IQRB032Is1qmSqWe2uA2YrV2AVzGXU-EocnTDqBITRLSmRo?width=1140&height=760
13-02-2021,1814.109863,1871.603516,1770.612061,1843.986816,35359490535,102,Ethereum,ETH-USD,Crypto,Cryptocurrency,https://1drv.ms/i/c/8705623eb284e7df/IQRB032Is1qmSqWe2uA2YrV2AVzGXU-EocnTDqBITRLSmRo?width=1140&height=760
14-02-2021,1805.084106,1848.154053,1789.914185,1814.372314,31439114900,102,Ethereum,ETH-USD,Crypto,Cryptocurrency,https://1drv.ms/i/c/8705623eb284e7df/IQRB032Is1qmSqWe2uA2YrV2AVzGXU-EocnTDqBITRLSmRo?width=1140&height=760
15-02-2021,1779.791016,1833.830566,1683.906616,1804.676758,38955610883,102,Ethereum,ETH-USD,Crypto,Cryptocurrency,https://1drv.ms/i/c/8705623eb284e7df/IQRB032Is1qmSqWe2uA2YrV2AVzGXU-EocnTDqBITRLSmRo?width=1140&height=760
16-02-2021,1781.067505,1824.518677,1729.641968,1778.945557,34269369268,102,Ethereum,ETH-USD,Crypto,Cryptocurrency,https://1drv.ms/i/c/8705623eb284e7df/IQRB032Is1qmSqWe2uA2YrV2AVzGXU-EocnTDqBITRLSmRo?width=1140&height=760
17-02-2021,1848.458252,1853.667603,1736.705811,1781.350098,35955412703,102,Ethereum,ETH-USD,Crypto,Cryptocurrency,https://1drv.ms/i/c/8705623eb284e7df/IQRB032Is1qmSqWe2uA2YrV2AVzGXU-EocnTDqBITRLSmRo?width=1140&height=760
18-02-2021,1937.449219,1949.903442,1848.206299,1848.206299,28255902969,102,Ethereum,ETH-USD,Crypto,Cryptocurrency,https://1drv.ms/i/c/8705623eb284e7df/IQRB032Is1qmSqWe2uA2YrV2AVzGXU-EocnTDqBITRLSmRo?width=1140&height=760
19-02-2021,1960.164795,1969.546997,1896.684448,1938.859863,26268814253,102,Ethereum,ETH-USD,Crypto,Cryptocurrency,https://1drv.ms/i/c/8705623eb284e7df/IQRB032Is1qmSqWe2uA2YrV2AVzGXU-EocnTDqBITRLSmRo?width=1140&height=760
20-02-2021,1919.534058,2036.286499,1830.531494,1959.902954,34696091102,102,Ethereum,ETH-USD,Crypto,Cryptocurrency,https://1drv.ms/i/c/8705623eb284e7df/IQRB032Is1qmSqWe2uA2YrV2AVzGXU-EocnTDqBITRLSmRo?width=1140&height=760
21-02-2021,1935.601074,1974.259644,1890.368164,1918.673096,23626547717,102,Ethereum,ETH-USD,Crypto,Cryptocurrency,https://1drv.ms/i/c/8705623eb284e7df/IQRB032Is1qmSqWe2uA2YrV2AVzGXU-EocnTDqBITRLSmRo?width=1140&height=760
22-02-2021,1781.99292,1936.453735,1580.626587,1935.557861,42409646036,102,Ethereum,ETH-USD,Crypto,Cryptocurrency,https://1drv.ms/i/c/8705623eb284e7df/IQRB032Is1qmSqWe2uA2YrV2AVzGXU-EocnTDqBITRLSmRo?width=1140&height=760
23-02-2021,1570.203979,1781.409058,1378.840942,1781.409058,52029864713,102,Ethereum,ETH-USD,Crypto,Cryptocurrency,https://1drv.ms/i/c/8705623eb284e7df/IQRB032Is1qmSqWe2uA2YrV2AVzGXU-EocnTDqBITRLSmRo?width=1140&height=760
24-02-2021,1626.575684,1710.983765,1511.018921,1571.47644,31329000537,102,Ethereum,ETH-USD,Crypto,Cryptocurrency,https://1drv.ms/i/c/8705623eb284e7df/IQRB032Is1qmSqWe2uA2YrV2AVzGXU-EocnTDqBITRLSmRo?width=1140&height=760
25-02-2021,1475.703735,1670.224121,1465.05896,1625.393921,24481681873,102,Ethereum,ETH-USD,Crypto,Cryptocurrency,https://1drv.ms/i/c/8705623eb284e7df/IQRB032Is1qmSqWe2uA2YrV2AVzGXU-EocnTDqBITRLSmRo?width=1140&height=760
26-02-2021,1446.033691,1559.028931,1407.979248,1478.65332,31435997881,102,Ethereum,ETH-USD,Crypto,Cryptocurrency,https://1drv.ms/i/c/8705623eb284e7df/IQRB032Is1qmSqWe2uA2YrV2AVzGXU-EocnTDqBITRLSmRo?width=1140&height=760
27-02-2021,1459.973145,1524.932373,1433.786987,1446.929443,20742103233,102,Ethereum,ETH-USD,Crypto,Cryptocurrency,https://1drv.ms/i/c/8705623eb284e7df/IQRB032Is1qmSqWe2uA2YrV2AVzGXU-EocnTDqBITRLSmRo?width=1140&height=760
28-02-2021,1416.04895,1468.391479,1300.472168,1459.860474,27637026080,102,Ethereum,ETH-USD,Crypto,Cryptocurrency,https://1drv.ms/i/c/8705623eb284e7df/IQRB032Is1qmSqWe2uA2YrV2AVzGXU-EocnTDqBITRLSmRo?width=1140&height=760
01-03-2021,1564.707642,1567.69458,1416.416138,1417.151123,24032838645,102,Ethereum,ETH-USD,Crypto,Cryptocurrency,https://1drv.ms/i/c/8705623eb284e7df/IQRB032Is1qmSqWe2uA2YrV2AVzGXU-EocnTDqBITRLSmRo?width=1140&height=760
02-03-2021,1492.608765,1597.610107,1461.325439,1564.063477,22523669722,102,Ethereum,ETH-USD,Crypto,Cryptocurrency,https://1drv.ms/i/c/8705623eb284e7df/IQRB032Is1qmSqWe2uA2YrV2AVzGXU-EocnTDqBITRLSmRo?width=1140&height=760
03-03-2021,1575.853149,1650.360596,1481.905762,1491.451172,22674780680,102,Ethereum,ETH-USD,Crypto,Cryptocurrency,https://1drv.ms/i/c/8705623eb284e7df/IQRB032Is1qmSqWe2uA2YrV2AVzGXU-EocnTDqBITRLSmRo?width=1140&height=760
04-03-2021,1541.914307,1622.953857,1511.103394,1574.623779,22906118718,102,Ethereum,ETH-USD,Crypto,Cryptocurrency,https://1drv.ms/i/c/8705623eb284e7df/IQRB032Is1qmSqWe2uA2YrV2AVzGXU-EocnTDqBITRLSmRo?width=1140&height=760
05-03-2021,1533.275024,1547.878174,1450.891357,1541.541748,21067146937,102,Ethereum,ETH-USD,Crypto,Cryptocurrency,https://1drv.ms/i/c/8705623eb284e7df/IQRB032Is1qmSqWe2uA2YrV2AVzGXU-EocnTDqBITRLSmRo?width=1140&height=760
06-03-2021,1654.741577,1669.106567,1519.141113,1532.372803,22746262366,102,Ethereum,ETH-USD,Crypto,Cryptocurrency,https://1drv.ms/i/c/8705623eb284e7df/IQRB032Is1qmSqWe2uA2YrV2AVzGXU-EocnTDqBITRLSmRo?width=1140&height=760
07-03-2021,1723.153809,1730.924194,1636.564453,1655.392456,23809935410,102,Ethereum,ETH-USD,Crypto,Cryptocurrency,https://1drv.ms/i/c/8705623eb284e7df/IQRB032Is1qmSqWe2uA2YrV2AVzGXU-EocnTDqBITRLSmRo?width=1140&height=760
08-03-2021,1834.727905,1835.192139,1670.942017,1724.229248,27630991158,102,Ethereum,ETH-USD,Crypto,Cryptocurrency,https://1drv.ms/i/c/8705623eb284e7df/IQRB032Is1qmSqWe2uA2YrV2AVzGXU-EocnTDqBITRLSmRo?width=1140&height=760
09-03-2021,1868.048828,1868.048828,1804.266357,1835.148071,23461244507,102,Ethereum,ETH-USD,Crypto,Cryptocurrency,https://1drv.ms/i/c/8705623eb284e7df/IQRB032Is1qmSqWe2uA2YrV2AVzGXU-EocnTDqBITRLSmRo?width=1140&height=760
10-03-2021,1799.16626,1873.803223,1766.490479,1868.489014,25154173185,102,Ethereum,ETH-USD,Crypto,Cryptocurrency,https://1drv.ms/i/c/8705623eb284e7df/IQRB032Is1qmSqWe2uA2YrV2AVzGXU-EocnTDqBITRLSmRo?width=1140&height=760
11-03-2021,1826.194946,1843.818848,1734.617065,1798.033936,24013132909,102,Ethereum,ETH-USD,Crypto,Cryptocurrency,https://1drv.ms/i/c/8705623eb284e7df/IQRB032Is1qmSqWe2uA2YrV2AVzGXU-EocnTDqBITRLSmRo?width=1140&height=760
12-03-2021,1772.102417,1839.497314,1728.980957,1826.546753,22435821312,102,Ethereum,ETH-USD,Crypto,Cryptocurrency,https://1drv.ms/i/c/8705623eb284e7df/IQRB032Is1qmSqWe2uA2YrV2AVzGXU-EocnTDqBITRLSmRo?width=1140&height=760
13-03-2021,1924.685425,1937.645508,1733.639893,1772.166382,25014689475,102,Ethereum,ETH-USD,Crypto,Cryptocurrency,https://1drv.ms/i/c/8705623eb284e7df/IQRB032Is1qmSqWe2uA2YrV2AVzGXU-EocnTDqBITRLSmRo?width=1140&height=760
14-03-2021,1854.564331,1930.779785,1845.119995,1923.86377,19344589211,102,Ethereum,ETH-USD,Crypto,Cryptocurrency,https://1drv.ms/i/c/8705623eb284e7df/IQRB032Is1qmSqWe2uA2YrV2AVzGXU-EocnTDqBITRLSmRo?width=1140&height=760
15-03-2021,1791.702271,1889.196655,1749.606323,1854.08667,26244738810,102,Ethereum,ETH-USD,Crypto,Cryptocurrency,https://1drv.ms/i/c/8705623eb284e7df/IQRB032Is1qmSqWe2uA2YrV2AVzGXU-EocnTDqBITRLSmRo?width=1140&height=760
16-03-2021,1806.971802,1817.060181,1720.053223,1792.413818,23828509590,102,Ethereum,ETH-USD,Crypto,Cryptocurrency,https://1drv.ms/i/c/8705623eb284e7df/IQRB032Is1qmSqWe2uA2YrV2AVzGXU-EocnTDqBITRLSmRo?width=1140&height=760
17-03-2021,1823.449341,1839.81897,1749.179932,1807.056152,24512917348,102,Ethereum,ETH-USD,Crypto,Cryptocurrency,https://1drv.ms/i/c/8705623eb284e7df/IQRB032Is1qmSqWe2uA2YrV2AVzGXU-EocnTDqBITRLSmRo?width=1140&height=760
18-03-2021,1782.855103,1848.646118,1705.716064,1823.158447,23263845504,102,Ethereum,ETH-USD,Crypto,Cryptocurrency,https://1drv.ms/i/c/8705623eb284e7df/IQRB032Is1qmSqWe2uA2YrV2AVzGXU-EocnTDqBITRLSmRo?width=1140&height=760
19-03-2021,1817.624146,1841.196045,1746.473389,1782.568726,21249297710,102,Ethereum,ETH-USD,Crypto,Cryptocurrency,https://1drv.ms/i/c/8705623eb284e7df/IQRB032Is1qmSqWe2uA2YrV2AVzGXU-EocnTDqBITRLSmRo?width=1140&height=760
20-03-2021,1812.634644,1874.708984,1811.728638,1817.522705,22677674970,102,Ethereum,ETH-USD,Crypto,Cryptocurrency,https://1drv.ms/i/c/8705623eb284e7df/IQRB032Is1qmSqWe2uA2YrV2AVzGXU-EocnTDqBITRLSmRo?width=1140&height=760
21-03-2021,1788.217041,1823.353027,1764.139282,1812.606567,22977404620,102,Ethereum,ETH-USD,Crypto,Cryptocurrency,https://1drv.ms/i/c/8705623eb284e7df/IQRB032Is1qmSqWe2uA2YrV2AVzGXU-EocnTDqBITRLSmRo?width=1140&height=760
22-03-2021,1691.333984,1811.968262,1674.299805,1788.362183,23599296129,102,Ethereum,ETH-USD,Crypto,Cryptocurrency,https://1drv.ms/i/c/8705623eb284e7df/IQRB032Is1qmSqWe2uA2YrV2AVzGXU-EocnTDqBITRLSmRo?width=1140&height=760
23-03-2021,1678.650146,1725.108765,1662.539917,1690.871826,21998237965,102,Ethereum,ETH-USD,Crypto,Cryptocurrency,https://1drv.ms/i/c/8705623eb284e7df/IQRB032Is1qmSqWe2uA2YrV2AVzGXU-EocnTDqBITRLSmRo?width=1140&height=760
24-03-2021,1593.413452,1740.428223,1570.787964,1678.002563,31228051473,102,Ethereum,ETH-USD,Crypto,Cryptocurrency,https://1drv.ms/i/c/8705623eb284e7df/IQRB032Is1qmSqWe2uA2YrV2AVzGXU-EocnTDqBITRLSmRo?width=1140&height=760
25-03-2021,1595.359253,1625.911499,1560.370483,1593.123291,29650328701,102,Ethereum,ETH-USD,Crypto,Cryptocurrency,https://1drv.ms/i/c/8705623eb284e7df/IQRB032Is1qmSqWe2uA2YrV2AVzGXU-EocnTDqBITRLSmRo?width=1140&height=760
26-03-2021,1702.842041,1702.922852,1594.736694,1595.210083,22548516548,102,Ethereum,ETH-USD,Crypto,Cryptocurrency,https://1drv.ms/i/c/8705623eb284e7df/IQRB032Is1qmSqWe2uA2YrV2AVzGXU-EocnTDqBITRLSmRo?width=1140&height=760
27-03-2021,1716.494629,1732.824341,1674.319336,1703.036133,18102277710,102,Ethereum,ETH-USD,Crypto,Cryptocurrency,https://1drv.ms/i/c/8705623eb284e7df/IQRB032Is1qmSqWe2uA2YrV2AVzGXU-EocnTDqBITRLSmRo?width=1140&height=760
28-03-2021,1691.355957,1728.584106,1672.6604,1716.40564,16599472938,102,Ethereum,ETH-USD,Crypto,Cryptocurrency,https://1drv.ms/i/c/8705623eb284e7df/IQRB032Is1qmSqWe2uA2YrV2AVzGXU-EocnTDqBITRLSmRo?width=1140&height=760
29-03-2021,1819.684937,1837.187988,1683.716553,1691.263184,22796570548,102,Ethereum,ETH-USD,Crypto,Cryptocurrency,https://1drv.ms/i/c/8705623eb284e7df/IQRB032Is1qmSqWe2uA2YrV2AVzGXU-EocnTDqBITRLSmRo?width=1140&height=760
30-03-2021,1846.033691,1860.974731,1793.922363,1819.466309,22512781703,102,Ethereum,ETH-USD,Crypto,Cryptocurrency,https://1drv.ms/i/c/8705623eb284e7df/IQRB032Is1qmSqWe2uA2YrV2AVzGXU-EocnTDqBITRLSmRo?width=1140&height=760
31-03-2021,1918.362061,1947.837769,1793.002197,1846.098267,30226902621,102,Ethereum,ETH-USD,Crypto,Cryptocurrency,https://1drv.ms/i/c/8705623eb284e7df/IQRB032Is1qmSqWe2uA2YrV2AVzGXU-EocnTDqBITRLSmRo?width=1140&height=760
01-04-2021,1977.276855,1989.055054,1912.178467,1919.157227,30914259795,102,Ethereum,ETH-USD,Crypto,Cryptocurrency,https://1drv.ms/i/c/8705623eb284e7df/IQRB032Is1qmSqWe2uA2YrV2AVzGXU-EocnTDqBITRLSmRo?width=1140&height=760
02-04-2021,2143.225586,2152.451904,1960.678711,1976.932739,34862511022,102,Ethereum,ETH-USD,Crypto,Cryptocurrency,https://1drv.ms/i/c/8705623eb284e7df/IQRB032Is1qmSqWe2uA2YrV2AVzGXU-EocnTDqBITRLSmRo?width=1140&height=760
03-04-2021,2028.422485,2144.962402,2028.422485,2142.895996,32011518871,102,Ethereum,ETH-USD,Crypto,Cryptocurrency,https://1drv.ms/i/c/8705623eb284e7df/IQRB032Is1qmSqWe2uA2YrV2AVzGXU-EocnTDqBITRLSmRo?width=1140&height=760
04-04-2021,2093.122803,2110.353516,2007.111816,2027.671265,26006501902,102,Ethereum,ETH-USD,Crypto,Cryptocurrency,https://1drv.ms/i/c/8705623eb284e7df/IQRB032Is1qmSqWe2uA2YrV2AVzGXU-EocnTDqBITRLSmRo?width=1140&height=760
05-04-2021,2107.887207,2140.985352,2032.387695,2093.260742,28889391170,102,Ethereum,ETH-USD,Crypto,Cryptocurrency,https://1drv.ms/i/c/8705623eb284e7df/IQRB032Is1qmSqWe2uA2YrV2AVzGXU-EocnTDqBITRLSmRo?width=1140&height=760
06-04-2021,2118.378906,2151.223389,2057.609131,2109.493164,29222865881,102,Ethereum,ETH-USD,Crypto,Cryptocurrency,https://1drv.ms/i/c/8705623eb284e7df/IQRB032Is1qmSqWe2uA2YrV2AVzGXU-EocnTDqBITRLSmRo?width=1140&height=760
07-04-2021,1971.077271,2133.1875,1945.442139,2117.728516,36116271935,102,Ethereum,ETH-USD,Crypto,Cryptocurrency,https://1drv.ms/i/c/8705623eb284e7df/IQRB032Is1qmSqWe2uA2YrV2AVzGXU-EocnTDqBITRLSmRo?width=1140&height=760
08-04-2021,2088.57373,2091.516357,1959.079468,1969.133179,25312956529,102,Ethereum,ETH-USD,Crypto,Cryptocurrency,https://1drv.ms/i/c/8705623eb284e7df/IQRB032Is1qmSqWe2uA2YrV2AVzGXU-EocnTDqBITRLSmRo?width=1140&height=760
09-04-2021,2072.108887,2102.873779,2055.16333,2088.772217,19812472092,102,Ethereum,ETH-USD,Crypto,Cryptocurrency,https://1drv.ms/i/c/8705623eb284e7df/IQRB032Is1qmSqWe2uA2YrV2AVzGXU-EocnTDqBITRLSmRo?width=1140&height=760
10-04-2021,2135.942139,2196.996338,2062.787598,2071.111572,24986243611,102,Ethereum,ETH-USD,Crypto,Cryptocurrency,https://1drv.ms/i/c/8705623eb284e7df/IQRB032Is1qmSqWe2uA2YrV2AVzGXU-EocnTDqBITRLSmRo?width=1140&height=760
11-04-2021,2157.656982,2165.191406,2119.865723,2136.156982,19692836132,102,Ethereum,ETH-USD,Crypto,Cryptocurrency,https://1drv.ms/i/c/8705623eb284e7df/IQRB032Is1qmSqWe2uA2YrV2AVzGXU-EocnTDqBITRLSmRo?width=1140&height=760
12-04-2021,2139.353271,2199.71875,2110.368896,2157.361816,21727936609,102,Ethereum,ETH-USD,Crypto,Cryptocurrency,https://1drv.ms/i/c/8705623eb284e7df/IQRB032Is1qmSqWe2uA2YrV2AVzGXU-EocnTDqBITRLSmRo?width=1140&height=760
13-04-2021,2299.187744,2318.42334,2138.55957,2139.364258,29456642939,102,Ethereum,ETH-USD,Crypto,Cryptocurrency,https://1drv.ms/i/c/8705623eb284e7df/IQRB032Is1qmSqWe2uA2YrV2AVzGXU-EocnTDqBITRLSmRo?width=1140&height=760
14-04-2021,2435.10498,2449.6875,2284.563721,2299.3479,35592822986,102,Ethereum,ETH-USD,Crypto,Cryptocurrency,https://1drv.ms/i/c/8705623eb284e7df/IQRB032Is1qmSqWe2uA2YrV2AVzGXU-EocnTDqBITRLSmRo?width=1140&height=760
15-04-2021,2519.116211,2544.267334,2409.924072,2436.034668,32325606817,102,Ethereum,ETH-USD,Crypto,Cryptocurrency,https://1drv.ms/i/c/8705623eb284e7df/IQRB032Is1qmSqWe2uA2YrV2AVzGXU-EocnTDqBITRLSmRo?width=1140&height=760
16-04-2021,2431.946533,2547.555664,2318.675049,2516.601807,36196928256,102,Ethereum,ETH-USD,Crypto,Cryptocurrency,https://1drv.ms/i/c/8705623eb284e7df/IQRB032Is1qmSqWe2uA2YrV2AVzGXU-EocnTDqBITRLSmRo?width=1140&height=760
17-04-2021,2344.89502,2497.385254,2333.682861,2429.980957,32349808978,102,Ethereum,ETH-USD,Crypto,Cryptocurrency,https://1drv.ms/i/c/8705623eb284e7df/IQRB032Is1qmSqWe2uA2YrV2AVzGXU-EocnTDqBITRLSmRo?width=1140&height=760
18-04-2021,2237.136963,2365.460449,2011.766846,2346.452393,50696368718,102,Ethereum,ETH-USD,Crypto,Cryptocurrency,https://1drv.ms/i/c/8705623eb284e7df/IQRB032Is1qmSqWe2uA2YrV2AVzGXU-EocnTDqBITRLSmRo?width=1140&height=760
19-04-2021,2166.188721,2276.776855,2086.688721,2238.032715,34060654971,102,Ethereum,ETH-USD,Crypto,Cryptocurrency,https://1drv.ms/i/c/8705623eb284e7df/IQRB032Is1qmSqWe2uA2YrV2AVzGXU-EocnTDqBITRLSmRo?width=1140&height=760
20-04-2021,2330.210938,2345.834961,2060.143799,2161.939453,39433483315,102,Ethereum,ETH-USD,Crypto,Cryptocurrency,https://1drv.ms/i/c/8705623eb284e7df/IQRB032Is1qmSqWe2uA2YrV2AVzGXU-EocnTDqBITRLSmRo?width=1140&height=760
21-04-2021,2364.751709,2467.200684,2238.366943,2331.160156,38899067643,102,Ethereum,ETH-USD,Crypto,Cryptocurrency,https://1drv.ms/i/c/8705623eb284e7df/IQRB032Is1qmSqWe2uA2YrV2AVzGXU-EocnTDqBITRLSmRo?width=1140&height=760
22-04-2021,2403.535156,2641.094971,2315.960205,2357.871094,53575904724,102,Ethereum,ETH-USD,Crypto,Cryptocurrency,https://1drv.ms/i/c/8705623eb284e7df/IQRB032Is1qmSqWe2uA2YrV2AVzGXU-EocnTDqBITRLSmRo?width=1140&height=760
23-04-2021,2363.586182,2439.537109,2117.039551,2401.256348,55413933925,102,Ethereum,ETH-USD,Crypto,Cryptocurrency,https://1drv.ms/i/c/8705623eb284e7df/IQRB032Is1qmSqWe2uA2YrV2AVzGXU-EocnTDqBITRLSmRo?width=1140&height=760
24-04-2021,2211.625732,2367.740967,2163.693115,2367.199219,31854226936,102,Ethereum,ETH-USD,Crypto,Cryptocurrency,https://1drv.ms/i/c/8705623eb284e7df/IQRB032Is1qmSqWe2uA2YrV2AVzGXU-EocnTDqBITRLSmRo?width=1140&height=760
25-04-2021,2316.05957,2354.08667,2172.515137,2214.413818,31814355546,102,Ethereum,ETH-USD,Crypto,Cryptocurrency,https://1drv.ms/i/c/8705623eb284e7df/IQRB032Is1qmSqWe2uA2YrV2AVzGXU-EocnTDqBITRLSmRo?width=1140&height=760
26-04-2021,2534.481689,2536.337402,2308.315186,2319.478027,35208325408,102,Ethereum,ETH-USD,Crypto,Cryptocurrency,https://1drv.ms/i/c/8705623eb284e7df/IQRB032Is1qmSqWe2uA2YrV2AVzGXU-EocnTDqBITRLSmRo?width=1140&height=760
27-04-2021,2662.865234,2676.392822,2485.375,2534.03125,32275969215,102,Ethereum,ETH-USD,Crypto,Cryptocurrency,https://1drv.ms/i/c/8705623eb284e7df/IQRB032Is1qmSqWe2uA2YrV2AVzGXU-EocnTDqBITRLSmRo?width=1140&height=760
28-04-2021,2746.380127,2757.477295,2564.081543,2664.685547,34269031076,102,Ethereum,ETH-USD,Crypto,Cryptocurrency,https://1drv.ms/i/c/8705623eb284e7df/IQRB032Is1qmSqWe2uA2YrV2AVzGXU-EocnTDqBITRLSmRo?width=1140&height=760
29-04-2021,2756.876953,2797.972412,2672.106689,2748.649658,32578127990,102,Ethereum,ETH-USD,Crypto,Cryptocurrency,https://1drv.ms/i/c/8705623eb284e7df/IQRB032Is1qmSqWe2uA2YrV2AVzGXU-EocnTDqBITRLSmRo?width=1140&height=760
30-04-2021,2773.207031,2796.054932,2728.169922,2757.734131,29777179889,102,Ethereum,ETH-USD,Crypto,Cryptocurrency,https://1drv.ms/i/c/8705623eb284e7df/IQRB032Is1qmSqWe2uA2YrV2AVzGXU-EocnTDqBITRLSmRo?width=1140&height=760
01-05-2021,2945.892822,2951.440918,2755.908447,2772.838379,28726205272,102,Ethereum,ETH-USD,Crypto,Cryptocurrency,https://1drv.ms/i/c/8705623eb284e7df/IQRB032Is1qmSqWe2uA2YrV2AVzGXU-EocnTDqBITRLSmRo?width=1140&height=760
02-05-2021,2952.056152,2984.891846,2860.526123,2945.560059,28032013047,102,Ethereum,ETH-USD,Crypto,Cryptocurrency,https://1drv.ms/i/c/8705623eb284e7df/IQRB032Is1qmSqWe2uA2YrV2AVzGXU-EocnTDqBITRLSmRo?width=1140&height=760
03-05-2021,3431.086182,3450.037842,2951.175781,2951.175781,49174290212,102,Ethereum,ETH-USD,Crypto,Cryptocurrency,https://1drv.ms/i/c/8705623eb284e7df/IQRB032Is1qmSqWe2uA2YrV2AVzGXU-EocnTDqBITRLSmRo?width=1140&height=760
04-05-2021,3253.629395,3523.585938,3180.742676,3431.131592,62402045158,102,Ethereum,ETH-USD,Crypto,Cryptocurrency,https://1drv.ms/i/c/8705623eb284e7df/IQRB032Is1qmSqWe2uA2YrV2AVzGXU-EocnTDqBITRLSmRo?width=1140&height=760
05-05-2021,3522.783203,3541.462646,3213.101563,3240.554688,48334198383,102,Ethereum,ETH-USD,Crypto,Cryptocurrency,https://1drv.ms/i/c/8705623eb284e7df/IQRB032Is1qmSqWe2uA2YrV2AVzGXU-EocnTDqBITRLSmRo?width=1140&height=760
06-05-2021,3490.880371,3598.895996,3386.23999,3524.930908,44300394788,102,Ethereum,ETH-USD,Crypto,Cryptocurrency,https://1drv.ms/i/c/8705623eb284e7df/IQRB032Is1qmSqWe2uA2YrV2AVzGXU-EocnTDqBITRLSmRo?width=1140&height=760
07-05-2021,3484.729004,3573.290039,3370.261963,3490.105225,39607240515,102,Ethereum,ETH-USD,Crypto,Cryptocurrency,https://1drv.ms/i/c/8705623eb284e7df/IQRB032Is1qmSqWe2uA2YrV2AVzGXU-EocnTDqBITRLSmRo?width=1140&height=760
08-05-2021,3902.647705,3950.165039,3453.768555,3481.988037,50208491286,102,Ethereum,ETH-USD,Crypto,Cryptocurrency,https://1drv.ms/i/c/8705623eb284e7df/IQRB032Is1qmSqWe2uA2YrV2AVzGXU-EocnTDqBITRLSmRo?width=1140&height=760
09-05-2021,3928.844727,3981.259033,3743.989014,3911.463135,50568290278,102,Ethereum,ETH-USD,Crypto,Cryptocurrency,https://1drv.ms/i/c/8705623eb284e7df/IQRB032Is1qmSqWe2uA2YrV2AVzGXU-EocnTDqBITRLSmRo?width=1140&height=760
10-05-2021,3952.293945,4197.473145,3684.45166,3924.41333,62691789007,102,Ethereum,ETH-USD,Crypto,Cryptocurrency,https://1drv.ms/i/c/8705623eb284e7df/IQRB032Is1qmSqWe2uA2YrV2AVzGXU-EocnTDqBITRLSmRo?width=1140&height=760
11-05-2021,4168.701172,4178.208984,3783.889404,3948.271973,52679737865,102,Ethereum,ETH-USD,Crypto,Cryptocurrency,https://1drv.ms/i/c/8705623eb284e7df/IQRB032Is1qmSqWe2uA2YrV2AVzGXU-EocnTDqBITRLSmRo?width=1140&height=760
12-05-2021,3785.848633,4362.350586,3785.848633,4174.635742,69023382175,102,Ethereum,ETH-USD,Crypto,Cryptocurrency,https://1drv.ms/i/c/8705623eb284e7df/IQRB032Is1qmSqWe2uA2YrV2AVzGXU-EocnTDqBITRLSmRo?width=1140&height=760
13-05-2021,3715.148438,4032.563477,3549.407227,3828.918457,78398214539,102,Ethereum,ETH-USD,Crypto,Cryptocurrency,https://1drv.ms/i/c/8705623eb284e7df/IQRB032Is1qmSqWe2uA2YrV2AVzGXU-EocnTDqBITRLSmRo?width=1140&height=760
14-05-2021,4079.057373,4171.01709,3703.399902,3720.122314,48174271215,102,Ethereum,ETH-USD,Crypto,Cryptocurrency,https://1drv.ms/i/c/8705623eb284e7df/IQRB032Is1qmSqWe2uA2YrV2AVzGXU-EocnTDqBITRLSmRo?width=1140&height=760
15-05-2021,3638.12207,4129.185547,3638.12207,4075.95166,42422321751,102,Ethereum,ETH-USD,Crypto,Cryptocurrency,https://1drv.ms/i/c/8705623eb284e7df/IQRB032Is1qmSqWe2uA2YrV2AVzGXU-EocnTDqBITRLSmRo?width=1140&height=760
16-05-2021,3587.506104,3878.895996,3350.95166,3641.830811,47359478734,102,Ethereum,ETH-USD,Crypto,Cryptocurrency,https://1drv.ms/i/c/8705623eb284e7df/IQRB032Is1qmSqWe2uA2YrV2AVzGXU-EocnTDqBITRLSmRo?width=1140&height=760
17-05-2021,3282.397705,3587.765625,3129.008789,3581.343018,54061732774,102,Ethereum,ETH-USD,Crypto,Cryptocurrency,https://1drv.ms/i/c/8705623eb284e7df/IQRB032Is1qmSqWe2uA2YrV2AVzGXU-EocnTDqBITRLSmRo?width=1140&height=760
18-05-2021,3380.070068,3562.465088,3246.404053,3276.872314,40416525218,102,Ethereum,ETH-USD,Crypto,Cryptocurrency,https://1drv.ms/i/c/8705623eb284e7df/IQRB032Is1qmSqWe2uA2YrV2AVzGXU-EocnTDqBITRLSmRo?width=1140&height=760
19-05-2021,2460.679199,3437.935791,1952.460205,3382.657227,84482912776,102,Ethereum,ETH-USD,Crypto,Cryptocurrency,https://1drv.ms/i/c/8705623eb284e7df/IQRB032Is1qmSqWe2uA2YrV2AVzGXU-EocnTDqBITRLSmRo?width=1140&height=760
20-05-2021,2784.294189,2993.145264,2170.229004,2439.638672,67610826680,102,Ethereum,ETH-USD,Crypto,Cryptocurrency,https://1drv.ms/i/c/8705623eb284e7df/IQRB032Is1qmSqWe2uA2YrV2AVzGXU-EocnTDqBITRLSmRo?width=1140&height=760
21-05-2021,2430.621338,2938.205078,2113.347168,2772.341309,53774070802,102,Ethereum,ETH-USD,Crypto,Cryptocurrency,https://1drv.ms/i/c/8705623eb284e7df/IQRB032Is1qmSqWe2uA2YrV2AVzGXU-EocnTDqBITRLSmRo?width=1140&height=760
22-05-2021,2295.705566,2483.983154,2168.124268,2436.014648,42089937660,102,Ethereum,ETH-USD,Crypto,Cryptocurrency,https://1drv.ms/i/c/8705623eb284e7df/IQRB032Is1qmSqWe2uA2YrV2AVzGXU-EocnTDqBITRLSmRo?width=1140&height=760
23-05-2021,2109.579834,2384.411621,1737.46875,2298.367188,56005721977,102,Ethereum,ETH-USD,Crypto,Cryptocurrency,https://1drv.ms/i/c/8705623eb284e7df/IQRB032Is1qmSqWe2uA2YrV2AVzGXU-EocnTDqBITRLSmRo?width=1140&height=760
24-05-2021,2643.591064,2672.595703,2090.639648,2099.936035,53697121740,102,Ethereum,ETH-USD,Crypto,Cryptocurrency,https://1drv.ms/i/c/8705623eb284e7df/IQRB032Is1qmSqWe2uA2YrV2AVzGXU-EocnTDqBITRLSmRo?width=1140&height=760
25-05-2021,2706.628906,2750.534912,2394.355469,2649.033203,49558333256,102,Ethereum,ETH-USD,Crypto,Cryptocurrency,https://1drv.ms/i/c/8705623eb284e7df/IQRB032Is1qmSqWe2uA2YrV2AVzGXU-EocnTDqBITRLSmRo?width=1140&height=760
26-05-2021,2888.69873,2911.735596,2652.094482,2707.052734,42499766020,102,Ethereum,ETH-USD,Crypto,Cryptocurrency,https://1drv.ms/i/c/8705623eb284e7df/IQRB032Is1qmSqWe2uA2YrV2AVzGXU-EocnTDqBITRLSmRo?width=1140&height=760
27-05-2021,2736.488525,2888.752441,2642.60791,2888.752441,33373635283,102,Ethereum,ETH-USD,Crypto,Cryptocurrency,https://1drv.ms/i/c/8705623eb284e7df/IQRB032Is1qmSqWe2uA2YrV2AVzGXU-EocnTDqBITRLSmRo?width=1140&height=760
28-05-2021,2419.90625,2761.363281,2336.361328,2742.468994,39999114805,102,Ethereum,ETH-USD,Crypto,Cryptocurrency,https://1drv.ms/i/c/8705623eb284e7df/IQRB032Is1qmSqWe2uA2YrV2AVzGXU-EocnTDqBITRLSmRo?width=1140&height=760
29-05-2021,2279.51416,2566.938477,2208.490967,2414.067139,33773720220,102,Ethereum,ETH-USD,Crypto,Cryptocurrency,https://1drv.ms/i/c/8705623eb284e7df/IQRB032Is1qmSqWe2uA2YrV2AVzGXU-EocnTDqBITRLSmRo?width=1140&height=760
30-05-2021,2390.30542,2472.187744,2188.834473,2278.288818,25876619428,102,Ethereum,ETH-USD,Crypto,Cryptocurrency,https://1drv.ms/i/c/8705623eb284e7df/IQRB032Is1qmSqWe2uA2YrV2AVzGXU-EocnTDqBITRLSmRo?width=1140&height=760
31-05-2021,2714.945313,2715.85498,2279.505127,2387.198486,31007383150,102,Ethereum,ETH-USD,Crypto,Cryptocurrency,https://1drv.ms/i/c/8705623eb284e7df/IQRB032Is1qmSqWe2uA2YrV2AVzGXU-EocnTDqBITRLSmRo?width=1140&height=760
01-06-2021,2633.518311,2739.737549,2531.160645,2707.560547,27363223090,102,Ethereum,ETH-USD,Crypto,Cryptocurrency,https://1drv.ms/i/c/8705623eb284e7df/IQRB032Is1qmSqWe2uA2YrV2AVzGXU-EocnTDqBITRLSmRo?width=1140&height=760
02-06-2021,2706.125,2801.392334,2555.401367,2634.456055,27723267359,102,Ethereum,ETH-USD,Crypto,Cryptocurrency,https://1drv.ms/i/c/8705623eb284e7df/IQRB032Is1qmSqWe2uA2YrV2AVzGXU-EocnTDqBITRLSmRo?width=1140&height=760
03-06-2021,2855.126465,2891.254883,2667.684326,2708.376221,30038207402,102,Ethereum,ETH-USD,Crypto,Cryptocurrency,https://1drv.ms/i/c/8705623eb284e7df/IQRB032Is1qmSqWe2uA2YrV2AVzGXU-EocnTDqBITRLSmRo?width=1140&height=760
04-06-2021,2688.195068,2857.165527,2562.637451,2857.165527,34173841611,102,Ethereum,ETH-USD,Crypto,Cryptocurrency,https://1drv.ms/i/c/8705623eb284e7df/IQRB032Is1qmSqWe2uA2YrV2AVzGXU-EocnTDqBITRLSmRo?width=1140&height=760
05-06-2021,2630.576904,2817.484863,2558.233643,2691.619385,30496672724,102,Ethereum,ETH-USD,Crypto,Cryptocurrency,https://1drv.ms/i/c/8705623eb284e7df/IQRB032Is1qmSqWe2uA2YrV2AVzGXU-EocnTDqBITRLSmRo?width=1140&height=760
06-06-2021,2715.092773,2743.441162,2616.162354,2629.748779,25311639414,102,Ethereum,ETH-USD,Crypto,Cryptocurrency,https://1drv.ms/i/c/8705623eb284e7df/IQRB032Is1qmSqWe2uA2YrV2AVzGXU-EocnTDqBITRLSmRo?width=1140&height=760
07-06-2021,2590.263184,2845.185059,2583.995117,2713.047363,30600111277,102,Ethereum,ETH-USD,Crypto,Cryptocurrency,https://1drv.ms/i/c/8705623eb284e7df/IQRB032Is1qmSqWe2uA2YrV2AVzGXU-EocnTDqBITRLSmRo?width=1140&height=760
08-06-2021,2517.438721,2620.846191,2315.546631,2594.602295,41909736778,102,Ethereum,ETH-USD,Crypto,Cryptocurrency,https://1drv.ms/i/c/8705623eb284e7df/IQRB032Is1qmSqWe2uA2YrV2AVzGXU-EocnTDqBITRLSmRo?width=1140&height=760
09-06-2021,2608.26709,2625.070557,2412.197754,2510.199219,36075832186,102,Ethereum,ETH-USD,Crypto,Cryptocurrency,https://1drv.ms/i/c/8705623eb284e7df/IQRB032Is1qmSqWe2uA2YrV2AVzGXU-EocnTDqBITRLSmRo?width=1140&height=760
10-06-2021,2471.518555,2619.957764,2435.401611,2611.142578,28753626390,102,Ethereum,ETH-USD,Crypto,Cryptocurrency,https://1drv.ms/i/c/8705623eb284e7df/IQRB032Is1qmSqWe2uA2YrV2AVzGXU-EocnTDqBITRLSmRo?width=1140&height=760
11-06-2021,2353.768799,2495.414795,2326.869629,2472.858887,24832564195,102,Ethereum,ETH-USD,Crypto,Cryptocurrency,https://1drv.ms/i/c/8705623eb284e7df/IQRB032Is1qmSqWe2uA2YrV2AVzGXU-EocnTDqBITRLSmRo?width=1140&height=760
12-06-2021,2372.484375,2447.227783,2265.758057,2354.752197,25724364410,102,Ethereum,ETH-USD,Crypto,Cryptocurrency,https://1drv.ms/i/c/8705623eb284e7df/IQRB032Is1qmSqWe2uA2YrV2AVzGXU-EocnTDqBITRLSmRo?width=1140&height=760
13-06-2021,2508.391602,2547.36792,2312.640137,2372.690186,27092945370,102,Ethereum,ETH-USD,Crypto,Cryptocurrency,https://1drv.ms/i/c/8705623eb284e7df/IQRB032Is1qmSqWe2uA2YrV2AVzGXU-EocnTDqBITRLSmRo?width=1140&height=760
14-06-2021,2537.891113,2606.432861,2469.388184,2508.770508,26964576331,102,Ethereum,ETH-USD,Crypto,Cryptocurrency,https://1drv.ms/i/c/8705623eb284e7df/IQRB032Is1qmSqWe2uA2YrV2AVzGXU-EocnTDqBITRLSmRo?width=1140&height=760
15-06-2021,2610.936768,2639.229248,2515.153076,2587.762695,29005279219,102,Ethereum,ETH-USD,Crypto,Cryptocurrency,https://1drv.ms/i/c/8705623eb284e7df/IQRB032Is1qmSqWe2uA2YrV2AVzGXU-EocnTDqBITRLSmRo?width=1140&height=760
16-06-2021,2367.663574,2554.628906,2354.350586,2544.864746,24101926180,102,Ethereum,ETH-USD,Crypto,Cryptocurrency,https://1drv.ms/i/c/8705623eb284e7df/IQRB032Is1qmSqWe2uA2YrV2AVzGXU-EocnTDqBITRLSmRo?width=1140&height=760
17-06-2021,2372.001953,2457.175537,2312.301514,2367.306396,21871633186,102,Ethereum,ETH-USD,Crypto,Cryptocurrency,https://1drv.ms/i/c/8705623eb284e7df/IQRB032Is1qmSqWe2uA2YrV2AVzGXU-EocnTDqBITRLSmRo?width=1140&height=760
18-06-2021,2231.733154,2377.195068,2147.30835,2374.586914,22752818388,102,Ethereum,ETH-USD,Crypto,Cryptocurrency,https://1drv.ms/i/c/8705623eb284e7df/IQRB032Is1qmSqWe2uA2YrV2AVzGXU-EocnTDqBITRLSmRo?width=1140&height=760
19-06-2021,2178.499023,2278.415039,2168.88501,2235.15918,18765854896,102,Ethereum,ETH-USD,Crypto,Cryptocurrency,https://1drv.ms/i/c/8705623eb284e7df/IQRB032Is1qmSqWe2uA2YrV2AVzGXU-EocnTDqBITRLSmRo?width=1140&height=760
20-06-2021,2246.364502,2275.382813,2049.962646,2171.337891,22535930423,102,Ethereum,ETH-USD,Crypto,Cryptocurrency,https://1drv.ms/i/c/8705623eb284e7df/IQRB032Is1qmSqWe2uA2YrV2AVzGXU-EocnTDqBITRLSmRo?width=1140&height=760
21-06-2021,1888.44751,2259.464111,1867.185425,2245.317871,33745173825,102,Ethereum,ETH-USD,Crypto,Cryptocurrency,https://1drv.ms/i/c/8705623eb284e7df/IQRB032Is1qmSqWe2uA2YrV2AVzGXU-EocnTDqBITRLSmRo?width=1140&height=760
22-06-2021,1874.950073,1993.15979,1707.600586,1886.667603,35547251725,102,Ethereum,ETH-USD,Crypto,Cryptocurrency,https://1drv.ms/i/c/8705623eb284e7df/IQRB032Is1qmSqWe2uA2YrV2AVzGXU-EocnTDqBITRLSmRo?width=1140&height=760
23-06-2021,1989.736328,2043.530396,1827.571533,1878.625,28408659206,102,Ethereum,ETH-USD,Crypto,Cryptocurrency,https://1drv.ms/i/c/8705623eb284e7df/IQRB032Is1qmSqWe2uA2YrV2AVzGXU-EocnTDqBITRLSmRo?width=1140&height=760
24-06-2021,1988.456299,2032.339355,1887.432007,1968.957397,20272845769,102,Ethereum,ETH-USD,Crypto,Cryptocurrency,https://1drv.ms/i/c/8705623eb284e7df/IQRB032Is1qmSqWe2uA2YrV2AVzGXU-EocnTDqBITRLSmRo?width=1140&height=760
25-06-2021,1813.217285,2017.759521,1794.400391,1989.21582,22774334998,102,Ethereum,ETH-USD,Crypto,Cryptocurrency,https://1drv.ms/i/c/8705623eb284e7df/IQRB032Is1qmSqWe2uA2YrV2AVzGXU-EocnTDqBITRLSmRo?width=1140&height=760
26-06-2021,1829.239258,1850.17981,1719.559448,1810.884277,20637542361,102,Ethereum,ETH-USD,Crypto,Cryptocurrency,https://1drv.ms/i/c/8705623eb284e7df/IQRB032Is1qmSqWe2uA2YrV2AVzGXU-EocnTDqBITRLSmRo?width=1140&height=760
27-06-2021,1978.894653,1979.95813,1811.24585,1830.996948,19885474742,102,Ethereum,ETH-USD,Crypto,Cryptocurrency,https://1drv.ms/i/c/8705623eb284e7df/IQRB032Is1qmSqWe2uA2YrV2AVzGXU-EocnTDqBITRLSmRo?width=1140&height=760
28-06-2021,2079.657471,2139.80542,1963.615479,1981.386475,25514602841,102,Ethereum,ETH-USD,Crypto,Cryptocurrency,https://1drv.ms/i/c/8705623eb284e7df/IQRB032Is1qmSqWe2uA2YrV2AVzGXU-EocnTDqBITRLSmRo?width=1140&height=760
29-06-2021,2160.768311,2242.23877,2076.240234,2083.44873,24815124419,102,Ethereum,ETH-USD,Crypto,Cryptocurrency,https://1drv.ms/i/c/8705623eb284e7df/IQRB032Is1qmSqWe2uA2YrV2AVzGXU-EocnTDqBITRLSmRo?width=1140&height=760
30-06-2021,2274.547607,2282.989014,2090.760742,2164.216309,25828056268,102,Ethereum,ETH-USD,Crypto,Cryptocurrency,https://1drv.ms/i/c/8705623eb284e7df/IQRB032Is1qmSqWe2uA2YrV2AVzGXU-EocnTDqBITRLSmRo?width=1140&height=760
01-07-2021,2113.605469,2274.397461,2081.081055,2274.397461,29061701793,102,Ethereum,ETH-USD,Crypto,Cryptocurrency,https://1drv.ms/i/c/8705623eb284e7df/IQRB032Is1qmSqWe2uA2YrV2AVzGXU-EocnTDqBITRLSmRo?width=1140&height=760
02-07-2021,2150.040283,2155.596436,2021.824829,2109.892578,31796212554,102,Ethereum,ETH-USD,Crypto,Cryptocurrency,https://1drv.ms/i/c/8705623eb284e7df/IQRB032Is1qmSqWe2uA2YrV2AVzGXU-EocnTDqBITRLSmRo?width=1140&height=760
03-07-2021,2226.114258,2237.567139,2117.590088,2150.834961,17433361641,102,Ethereum,ETH-USD,Crypto,Cryptocurrency,https://1drv.ms/i/c/8705623eb284e7df/IQRB032Is1qmSqWe2uA2YrV2AVzGXU-EocnTDqBITRLSmRo?width=1140&height=760
04-07-2021,2321.724121,2384.286865,2190.837646,2226.550293,18787107473,102,Ethereum,ETH-USD,Crypto,Cryptocurrency,https://1drv.ms/i/c/8705623eb284e7df/IQRB032Is1qmSqWe2uA2YrV2AVzGXU-EocnTDqBITRLSmRo?width=1140&height=760
05-07-2021,2198.58252,2321.922852,2163.041504,2321.922852,20103794829,102,Ethereum,ETH-USD,Crypto,Cryptocurrency,https://1drv.ms/i/c/8705623eb284e7df/IQRB032Is1qmSqWe2uA2YrV2AVzGXU-EocnTDqBITRLSmRo?width=1140&height=760
06-07-2021,2324.679443,2346.294922,2197.919434,2197.919434,20891861314,102,Ethereum,ETH-USD,Crypto,Cryptocurrency,https://1drv.ms/i/c/8705623eb284e7df/IQRB032Is1qmSqWe2uA2YrV2AVzGXU-EocnTDqBITRLSmRo?width=1140&height=760
07-07-2021,2315.161865,2403.773438,2298.026855,2323.208496,22398345285,102,Ethereum,ETH-USD,Crypto,Cryptocurrency,https://1drv.ms/i/c/8705623eb284e7df/IQRB032Is1qmSqWe2uA2YrV2AVzGXU-EocnTDqBITRLSmRo?width=1140&height=760
08-07-2021,2120.026367,2324.006836,2089.414307,2317.949219,23188123689,102,Ethereum,ETH-USD,Crypto,Cryptocurrency,https://1drv.ms/i/c/8705623eb284e7df/IQRB032Is1qmSqWe2uA2YrV2AVzGXU-EocnTDqBITRLSmRo?width=1140&height=760
09-07-2021,2146.692383,2185.376221,2051.06665,2115.573975,23029574602,102,Ethereum,ETH-USD,Crypto,Cryptocurrency,https://1drv.ms/i/c/8705623eb284e7df/IQRB032Is1qmSqWe2uA2YrV2AVzGXU-EocnTDqBITRLSmRo?width=1140&height=760
10-07-2021,2111.403564,2190.124023,2081.923584,2146.999756,17581542471,102,Ethereum,ETH-USD,Crypto,Cryptocurrency,https://1drv.ms/i/c/8705623eb284e7df/IQRB032Is1qmSqWe2uA2YrV2AVzGXU-EocnTDqBITRLSmRo?width=1140&height=760
11-07-2021,2139.664795,2172.65332,2083.803711,2110.875732,14705386138,102,Ethereum,ETH-USD,Crypto,Cryptocurrency,https://1drv.ms/i/c/8705623eb284e7df/IQRB032Is1qmSqWe2uA2YrV2AVzGXU-EocnTDqBITRLSmRo?width=1140&height=760
12-07-2021,2036.721069,2167.710205,2011.018921,2140.506836,17768129077,102,Ethereum,ETH-USD,Crypto,Cryptocurrency,https://1drv.ms/i/c/8705623eb284e7df/IQRB032Is1qmSqWe2uA2YrV2AVzGXU-EocnTDqBITRLSmRo?width=1140&height=760
13-07-2021,1940.083984,2040.693604,1922.577881,2034.098389,16621628658,102,Ethereum,ETH-USD,Crypto,Cryptocurrency,https://1drv.ms/i/c/8705623eb284e7df/IQRB032Is1qmSqWe2uA2YrV2AVzGXU-EocnTDqBITRLSmRo?width=1140&height=760
14-07-2021,1994.331299,2015.107422,1869.223145,1941.167847,17342819679,102,Ethereum,ETH-USD,Crypto,Cryptocurrency,https://1drv.ms/i/c/8705623eb284e7df/IQRB032Is1qmSqWe2uA2YrV2AVzGXU-EocnTDqBITRLSmRo?width=1140&height=760
15-07-2021,1911.175659,2037.742554,1883.272217,1994.712036,15688092552,102,Ethereum,ETH-USD,Crypto,Cryptocurrency,https://1drv.ms/i/c/8705623eb284e7df/IQRB032Is1qmSqWe2uA2YrV2AVzGXU-EocnTDqBITRLSmRo?width=1140&height=760
16-07-2021,1880.382935,1959.696289,1853.590332,1916.598389,14884569147,102,Ethereum,ETH-USD,Crypto,Cryptocurrency,https://1drv.ms/i/c/8705623eb284e7df/IQRB032Is1qmSqWe2uA2YrV2AVzGXU-EocnTDqBITRLSmRo?width=1140&height=760
17-07-2021,1898.825195,1917.5979,1855.59082,1876.881348,13364282076,102,Ethereum,ETH-USD,Crypto,Cryptocurrency,https://1drv.ms/i/c/8705623eb284e7df/IQRB032Is1qmSqWe2uA2YrV2AVzGXU-EocnTDqBITRLSmRo?width=1140&height=760
18-07-2021,1895.552124,1988.336426,1883.012573,1900.194336,13791868728,102,Ethereum,ETH-USD,Crypto,Cryptocurrency,https://1drv.ms/i/c/8705623eb284e7df/IQRB032Is1qmSqWe2uA2YrV2AVzGXU-EocnTDqBITRLSmRo?width=1140&height=760
19-07-2021,1817.296631,1916.118042,1807.909912,1893.053589,14157735481,102,Ethereum,ETH-USD,Crypto,Cryptocurrency,https://1drv.ms/i/c/8705623eb284e7df/IQRB032Is1qmSqWe2uA2YrV2AVzGXU-EocnTDqBITRLSmRo?width=1140&height=760
20-07-2021,1787.510742,1836.998047,1722.050781,1819.082031,17368597636,102,Ethereum,ETH-USD,Crypto,Cryptocurrency,https://1drv.ms/i/c/8705623eb284e7df/IQRB032Is1qmSqWe2uA2YrV2AVzGXU-EocnTDqBITRLSmRo?width=1140&height=760
21-07-2021,1990.970825,2025.68042,1759.023315,1786.276245,21253359756,102,Ethereum,ETH-USD,Crypto,Cryptocurrency,https://1drv.ms/i/c/8705623eb284e7df/IQRB032Is1qmSqWe2uA2YrV2AVzGXU-EocnTDqBITRLSmRo?width=1140&height=760
22-07-2021,2025.202759,2044.116455,1954.297852,1994.822876,17495480331,102,Ethereum,ETH-USD,Crypto,Cryptocurrency,https://1drv.ms/i/c/8705623eb284e7df/IQRB032Is1qmSqWe2uA2YrV2AVzGXU-EocnTDqBITRLSmRo?width=1140&height=760
23-07-2021,2124.776611,2129.441162,2000.436279,2025.105713,16200392492,102,Ethereum,ETH-USD,Crypto,Cryptocurrency,https://1drv.ms/i/c/8705623eb284e7df/IQRB032Is1qmSqWe2uA2YrV2AVzGXU-EocnTDqBITRLSmRo?width=1140&height=760
24-07-2021,2189.21875,2197.649414,2107.323486,2123.961182,16057446601,102,Ethereum,ETH-USD,Crypto,Cryptocurrency,https://1drv.ms/i/c/8705623eb284e7df/IQRB032Is1qmSqWe2uA2YrV2AVzGXU-EocnTDqBITRLSmRo?width=1140&height=760
25-07-2021,2191.373779,2194.438232,2108.829834,2187.145508,14566483636,102,Ethereum,ETH-USD,Crypto,Cryptocurrency,https://1drv.ms/i/c/8705623eb284e7df/IQRB032Is1qmSqWe2uA2YrV2AVzGXU-EocnTDqBITRLSmRo?width=1140&height=760
26-07-2021,2233.366699,2428.817139,2177.32959,2191.309814,29614324233,102,Ethereum,ETH-USD,Crypto,Cryptocurrency,https://1drv.ms/i/c/8705623eb284e7df/IQRB032Is1qmSqWe2uA2YrV2AVzGXU-EocnTDqBITRLSmRo?width=1140&height=760
27-07-2021,2298.333496,2316.950195,2154.731201,2230.197021,23067480378,102,Ethereum,ETH-USD,Crypto,Cryptocurrency,https://1drv.ms/i/c/8705623eb284e7df/IQRB032Is1qmSqWe2uA2YrV2AVzGXU-EocnTDqBITRLSmRo?width=1140&height=760
28-07-2021,2296.54541,2341.777832,2250.914063,2302.081299,18991302378,102,Ethereum,ETH-USD,Crypto,Cryptocurrency,https://1drv.ms/i/c/8705623eb284e7df/IQRB032Is1qmSqWe2uA2YrV2AVzGXU-EocnTDqBITRLSmRo?width=1140&height=760
29-07-2021,2380.956787,2396.451904,2273.404785,2299.011963,16313373113,102,Ethereum,ETH-USD,Crypto,Cryptocurrency,https://1drv.ms/i/c/8705623eb284e7df/IQRB032Is1qmSqWe2uA2YrV2AVzGXU-EocnTDqBITRLSmRo?width=1140&height=760
30-07-2021,2466.961426,2469.704834,2322.337158,2382.545166,20212848934,102,Ethereum,ETH-USD,Crypto,Cryptocurrency,https://1drv.ms/i/c/8705623eb284e7df/IQRB032Is1qmSqWe2uA2YrV2AVzGXU-EocnTDqBITRLSmRo?width=1140&height=760
31-07-2021,2536.209961,2551.161133,2423.816162,2461.575684,18001710283,102,Ethereum,ETH-USD,Crypto,Cryptocurrency,https://1drv.ms/i/c/8705623eb284e7df/IQRB032Is1qmSqWe2uA2YrV2AVzGXU-EocnTDqBITRLSmRo?width=1140&height=760
01-08-2021,2561.852051,2695.429443,2520.931885,2530.462891,22697987055,102,Ethereum,ETH-USD,Crypto,Cryptocurrency,https://1drv.ms/i/c/8705623eb284e7df/IQRB032Is1qmSqWe2uA2YrV2AVzGXU-EocnTDqBITRLSmRo?width=1140&height=760
02-08-2021,2610.15332,2665.730957,2511.375244,2557.774658,22162754104,102,Ethereum,ETH-USD,Crypto,Cryptocurrency,https://1drv.ms/i/c/8705623eb284e7df/IQRB032Is1qmSqWe2uA2YrV2AVzGXU-EocnTDqBITRLSmRo?width=1140&height=760
03-08-2021,2502.349609,2630.314209,2449.353516,2609.413086,22696753413,102,Ethereum,ETH-USD,Crypto,Cryptocurrency,https://1drv.ms/i/c/8705623eb284e7df/IQRB032Is1qmSqWe2uA2YrV2AVzGXU-EocnTDqBITRLSmRo?width=1140&height=760
04-08-2021,2724.619873,2764.443604,2463.469482,2508.544922,25038698173,102,Ethereum,ETH-USD,Crypto,Cryptocurrency,https://1drv.ms/i/c/8705623eb284e7df/IQRB032Is1qmSqWe2uA2YrV2AVzGXU-EocnTDqBITRLSmRo?width=1140&height=760
05-08-2021,2827.328857,2840.430664,2540.684082,2725.669678,31057928075,102,Ethereum,ETH-USD,Crypto,Cryptocurrency,https://1drv.ms/i/c/8705623eb284e7df/IQRB032Is1qmSqWe2uA2YrV2AVzGXU-EocnTDqBITRLSmRo?width=1140&height=760
06-08-2021,2890.94165,2944.90332,2727.792725,2827.503418,26528577879,102,Ethereum,ETH-USD,Crypto,Cryptocurrency,https://1drv.ms/i/c/8705623eb284e7df/IQRB032Is1qmSqWe2uA2YrV2AVzGXU-EocnTDqBITRLSmRo?width=1140&height=760
07-08-2021,3157.23877,3170.229736,2868.535645,2891.70752,33081467129,102,Ethereum,ETH-USD,Crypto,Cryptocurrency,https://1drv.ms/i/c/8705623eb284e7df/IQRB032Is1qmSqWe2uA2YrV2AVzGXU-EocnTDqBITRLSmRo?width=1140&height=760
08-08-2021,3013.732666,3184.604004,2951.747314,3161.232666,28433638008,102,Ethereum,ETH-USD,Crypto,Cryptocurrency,https://1drv.ms/i/c/8705623eb284e7df/IQRB032Is1qmSqWe2uA2YrV2AVzGXU-EocnTDqBITRLSmRo?width=1140&height=760
09-08-2021,3167.856201,3185.701172,2900.926025,3012.885742,31983260936,102,Ethereum,ETH-USD,Crypto,Cryptocurrency,https://1drv.ms/i/c/8705623eb284e7df/IQRB032Is1qmSqWe2uA2YrV2AVzGXU-EocnTDqBITRLSmRo?width=1140&height=760
10-08-2021,3141.691162,3228.940674,3059.229004,3163.050049,27605221710,102,Ethereum,ETH-USD,Crypto,Cryptocurrency,https://1drv.ms/i/c/8705623eb284e7df/IQRB032Is1qmSqWe2uA2YrV2AVzGXU-EocnTDqBITRLSmRo?width=1140&height=760
11-08-2021,3164.245117,3269.209473,3122.916504,3142.830322,26729035052,102,Ethereum,ETH-USD,Crypto,Cryptocurrency,https://1drv.ms/i/c/8705623eb284e7df/IQRB032Is1qmSqWe2uA2YrV2AVzGXU-EocnTDqBITRLSmRo?width=1140&height=760
12-08-2021,3043.414307,3236.314697,2984.166992,3164.175781,25403699845,102,Ethereum,ETH-USD,Crypto,Cryptocurrency,https://1drv.ms/i/c/8705623eb284e7df/IQRB032Is1qmSqWe2uA2YrV2AVzGXU-EocnTDqBITRLSmRo?width=1140&height=760
13-08-2021,3322.21167,3324.671631,3037.676025,3049.001221,23868866254,102,Ethereum,ETH-USD,Crypto,Cryptocurrency,https://1drv.ms/i/c/8705623eb284e7df/IQRB032Is1qmSqWe2uA2YrV2AVzGXU-EocnTDqBITRLSmRo?width=1140&height=760
14-08-2021,3265.443359,3329.281006,3214.519775,3322.762695,19860862133,102,Ethereum,ETH-USD,Crypto,Cryptocurrency,https://1drv.ms/i/c/8705623eb284e7df/IQRB032Is1qmSqWe2uA2YrV2AVzGXU-EocnTDqBITRLSmRo?width=1140&height=760
15-08-2021,3310.50415,3320.084229,3117.791748,3266.276123,22166205051,102,Ethereum,ETH-USD,Crypto,Cryptocurrency,https://1drv.ms/i/c/8705623eb284e7df/IQRB032Is1qmSqWe2uA2YrV2AVzGXU-EocnTDqBITRLSmRo?width=1140&height=760
16-08-2021,3156.509521,3333.994873,3139.778564,3309.422119,23080039949,102,Ethereum,ETH-USD,Crypto,Cryptocurrency,https://1drv.ms/i/c/8705623eb284e7df/IQRB032Is1qmSqWe2uA2YrV2AVzGXU-EocnTDqBITRLSmRo?width=1140&height=760
17-08-2021,3014.845947,3288.812744,2996.468262,3149.380371,25509056745,102,Ethereum,ETH-USD,Crypto,Cryptocurrency,https://1drv.ms/i/c/8705623eb284e7df/IQRB032Is1qmSqWe2uA2YrV2AVzGXU-EocnTDqBITRLSmRo?width=1140&height=760
18-08-2021,3020.089844,3124.976074,2959.02832,3011.963623,21539248425,102,Ethereum,ETH-USD,Crypto,Cryptocurrency,https://1drv.ms/i/c/8705623eb284e7df/IQRB032Is1qmSqWe2uA2YrV2AVzGXU-EocnTDqBITRLSmRo?width=1140&height=760
19-08-2021,3182.702148,3184.435547,2963.150146,3019.126953,19546290360,102,Ethereum,ETH-USD,Crypto,Cryptocurrency,https://1drv.ms/i/c/8705623eb284e7df/IQRB032Is1qmSqWe2uA2YrV2AVzGXU-EocnTDqBITRLSmRo?width=1140&height=760
20-08-2021,3286.935303,3298.246582,3178.10376,3182.162598,20885619828,102,Ethereum,ETH-USD,Crypto,Cryptocurrency,https://1drv.ms/i/c/8705623eb284e7df/IQRB032Is1qmSqWe2uA2YrV2AVzGXU-EocnTDqBITRLSmRo?width=1140&height=760
21-08-2021,3226.083984,3307.351563,3209.866211,3286.931641,18113977628,102,Ethereum,ETH-USD,Crypto,Cryptocurrency,https://1drv.ms/i/c/8705623eb284e7df/IQRB032Is1qmSqWe2uA2YrV2AVzGXU-EocnTDqBITRLSmRo?width=1140&height=760
22-08-2021,3242.115479,3272.733154,3142.00708,3226.227295,15983278460,102,Ethereum,ETH-USD,Crypto,Cryptocurrency,https://1drv.ms/i/c/8705623eb284e7df/IQRB032Is1qmSqWe2uA2YrV2AVzGXU-EocnTDqBITRLSmRo?width=1140&height=760
23-08-2021,3319.257324,3373.384277,3235.851318,3241.357422,20511110509,102,Ethereum,ETH-USD,Crypto,Cryptocurrency,https://1drv.ms/i/c/8705623eb284e7df/IQRB032Is1qmSqWe2uA2YrV2AVzGXU-EocnTDqBITRLSmRo?width=1140&height=760
24-08-2021,3172.456299,3358.688232,3154.121338,3324.855469,20131028906,102,Ethereum,ETH-USD,Crypto,Cryptocurrency,https://1drv.ms/i/c/8705623eb284e7df/IQRB032Is1qmSqWe2uA2YrV2AVzGXU-EocnTDqBITRLSmRo?width=1140&height=760
25-08-2021,3224.915283,3248.727295,3086.11499,3174.269775,18902728235,102,Ethereum,ETH-USD,Crypto,Cryptocurrency,https://1drv.ms/i/c/8705623eb284e7df/IQRB032Is1qmSqWe2uA2YrV2AVzGXU-EocnTDqBITRLSmRo?width=1140&height=760
26-08-2021,3100.325439,3249.655273,3060.22876,3228.747314,17405668117,102,Ethereum,ETH-USD,Crypto,Cryptocurrency,https://1drv.ms/i/c/8705623eb284e7df/IQRB032Is1qmSqWe2uA2YrV2AVzGXU-EocnTDqBITRLSmRo?width=1140&height=760
27-08-2021,3270.60083,3281.840576,3064.485107,3096.406006,18489602004,102,Ethereum,ETH-USD,Crypto,Cryptocurrency,https://1drv.ms/i/c/8705623eb284e7df/IQRB032Is1qmSqWe2uA2YrV2AVzGXU-EocnTDqBITRLSmRo?width=1140&height=760
28-08-2021,3244.40332,3284.845947,3217.403564,3275.104492,13709633698,102,Ethereum,ETH-USD,Crypto,Cryptocurrency,https://1drv.ms/i/c/8705623eb284e7df/IQRB032Is1qmSqWe2uA2YrV2AVzGXU-EocnTDqBITRLSmRo?width=1140&height=760
29-08-2021,3227.002686,3283.235596,3158.840332,3246.770996,13296586731,102,Ethereum,ETH-USD,Crypto,Cryptocurrency,https://1drv.ms/i/c/8705623eb284e7df/IQRB032Is1qmSqWe2uA2YrV2AVzGXU-EocnTDqBITRLSmRo?width=1140&height=760
30-08-2021,3224.374268,3346.581055,3151.44458,3227.192627,19306924485,102,Ethereum,ETH-USD,Crypto,Cryptocurrency,https://1drv.ms/i/c/8705623eb284e7df/IQRB032Is1qmSqWe2uA2YrV2AVzGXU-EocnTDqBITRLSmRo?width=1140&height=760
31-08-2021,3433.732666,3466.992188,3195.216553,3227.758057,27280502987,102,Ethereum,ETH-USD,Crypto,Cryptocurrency,https://1drv.ms/i/c/8705623eb284e7df/IQRB032Is1qmSqWe2uA2YrV2AVzGXU-EocnTDqBITRLSmRo?width=1140&height=760
01-09-2021,3834.828125,3836.867432,3387.408447,3430.762451,30070890104,102,Ethereum,ETH-USD,Crypto,Cryptocurrency,https://1drv.ms/i/c/8705623eb284e7df/IQRB032Is1qmSqWe2uA2YrV2AVzGXU-EocnTDqBITRLSmRo?width=1140&height=760
02-09-2021,3790.98999,3830.711426,3726.750488,3825.027832,24387397330,102,Ethereum,ETH-USD,Crypto,Cryptocurrency,https://1drv.ms/i/c/8705623eb284e7df/IQRB032Is1qmSqWe2uA2YrV2AVzGXU-EocnTDqBITRLSmRo?width=1140&height=760
03-09-2021,3940.614746,4022.469238,3712.678223,3787.486572,26207765094,102,Ethereum,ETH-USD,Crypto,Cryptocurrency,https://1drv.ms/i/c/8705623eb284e7df/IQRB032Is1qmSqWe2uA2YrV2AVzGXU-EocnTDqBITRLSmRo?width=1140&height=760
04-09-2021,3887.828369,3969.44873,3837.931152,3937.910156,20806963328,102,Ethereum,ETH-USD,Crypto,Cryptocurrency,https://1drv.ms/i/c/8705623eb284e7df/IQRB032Is1qmSqWe2uA2YrV2AVzGXU-EocnTDqBITRLSmRo?width=1140&height=760
05-09-2021,3952.133545,3979.186523,3838.487305,3886.331055,18371468576,102,Ethereum,ETH-USD,Crypto,Cryptocurrency,https://1drv.ms/i/c/8705623eb284e7df/IQRB032Is1qmSqWe2uA2YrV2AVzGXU-EocnTDqBITRLSmRo?width=1140&height=760
06-09-2021,3928.379395,3968.426514,3868.994385,3951.520752,18674691198,102,Ethereum,ETH-USD,Crypto,Cryptocurrency,https://1drv.ms/i/c/8705623eb284e7df/IQRB032Is1qmSqWe2uA2YrV2AVzGXU-EocnTDqBITRLSmRo?width=1140&height=760
07-09-2021,3426.394287,3945.314209,3062.222412,3926.527588,39131346397,102,Ethereum,ETH-USD,Crypto,Cryptocurrency,https://1drv.ms/i/c/8705623eb284e7df/IQRB032Is1qmSqWe2uA2YrV2AVzGXU-EocnTDqBITRLSmRo?width=1140&height=760
08-09-2021,3497.315186,3559.121338,3224.764893,3428.378174,31738430771,102,Ethereum,ETH-USD,Crypto,Cryptocurrency,https://1drv.ms/i/c/8705623eb284e7df/IQRB032Is1qmSqWe2uA2YrV2AVzGXU-EocnTDqBITRLSmRo?width=1140&height=760
09-09-2021,3427.340088,3562.992676,3400.51709,3452.54834,24118055831,102,Ethereum,ETH-USD,Crypto,Cryptocurrency,https://1drv.ms/i/c/8705623eb284e7df/IQRB032Is1qmSqWe2uA2YrV2AVzGXU-EocnTDqBITRLSmRo?width=1140&height=760
10-09-2021,3211.505859,3512.571289,3157.059082,3425.564941,22355974097,102,Ethereum,ETH-USD,Crypto,Cryptocurrency,https://1drv.ms/i/c/8705623eb284e7df/IQRB032Is1qmSqWe2uA2YrV2AVzGXU-EocnTDqBITRLSmRo?width=1140&height=760
11-09-2021,3270.278076,3346.526367,3208.961914,3209.030518,18627122934,102,Ethereum,ETH-USD,Crypto,Cryptocurrency,https://1drv.ms/i/c/8705623eb284e7df/IQRB032Is1qmSqWe2uA2YrV2AVzGXU-EocnTDqBITRLSmRo?width=1140&height=760
12-09-2021,3410.134521,3462.468262,3235.109375,3270.291748,16810411424,102,Ethereum,ETH-USD,Crypto,Cryptocurrency,https://1drv.ms/i/c/8705623eb284e7df/IQRB032Is1qmSqWe2uA2YrV2AVzGXU-EocnTDqBITRLSmRo?width=1140&height=760
13-09-2021,3285.511719,3426.502197,3121.51416,3407.471924,22721552948,102,Ethereum,ETH-USD,Crypto,Cryptocurrency,https://1drv.ms/i/c/8705623eb284e7df/IQRB032Is1qmSqWe2uA2YrV2AVzGXU-EocnTDqBITRLSmRo?width=1140&height=760
14-09-2021,3429.169678,3429.169678,3273.630859,3286.316406,19125420848,102,Ethereum,ETH-USD,Crypto,Cryptocurrency,https://1drv.ms/i/c/8705623eb284e7df/IQRB032Is1qmSqWe2uA2YrV2AVzGXU-EocnTDqBITRLSmRo?width=1140&height=760
15-09-2021,3615.282715,3615.282715,3365.913086,3431.217285,17548551804,102,Ethereum,ETH-USD,Crypto,Cryptocurrency,https://1drv.ms/i/c/8705623eb284e7df/IQRB032Is1qmSqWe2uA2YrV2AVzGXU-EocnTDqBITRLSmRo?width=1140&height=760
16-09-2021,3571.294922,3673.310791,3489.805664,3613.07373,20093903064,102,Ethereum,ETH-USD,Crypto,Cryptocurrency,https://1drv.ms/i/c/8705623eb284e7df/IQRB032Is1qmSqWe2uA2YrV2AVzGXU-EocnTDqBITRLSmRo?width=1140&height=760
17-09-2021,3398.538818,3589.305176,3356.449951,3569.568115,17722363229,102,Ethereum,ETH-USD,Crypto,Cryptocurrency,https://1drv.ms/i/c/8705623eb284e7df/IQRB032Is1qmSqWe2uA2YrV2AVzGXU-EocnTDqBITRLSmRo?width=1140&height=760
18-09-2021,3432.018311,3540.807617,3371.892334,3397.422852,15995220233,102,Ethereum,ETH-USD,Crypto,Cryptocurrency,https://1drv.ms/i/c/8705623eb284e7df/IQRB032Is1qmSqWe2uA2YrV2AVzGXU-EocnTDqBITRLSmRo?width=1140&height=760
19-09-2021,3329.447998,3448.322021,3286.172363,3433.287842,14257609743,102,Ethereum,ETH-USD,Crypto,Cryptocurrency,https://1drv.ms/i/c/8705623eb284e7df/IQRB032Is1qmSqWe2uA2YrV2AVzGXU-EocnTDqBITRLSmRo?width=1140&height=760
20-09-2021,2958.993408,3343.325439,2940.839111,3329.670654,27371684581,102,Ethereum,ETH-USD,Crypto,Cryptocurrency,https://1drv.ms/i/c/8705623eb284e7df/IQRB032Is1qmSqWe2uA2YrV2AVzGXU-EocnTDqBITRLSmRo?width=1140&height=760
21-09-2021,2764.431152,3101.69751,2676.407471,2977.310547,30405062665,102,Ethereum,ETH-USD,Crypto,Cryptocurrency,https://1drv.ms/i/c/8705623eb284e7df/IQRB032Is1qmSqWe2uA2YrV2AVzGXU-EocnTDqBITRLSmRo?width=1140&height=760
22-09-2021,3077.86792,3089.083008,2741.440674,2763.209229,23742102645,102,Ethereum,ETH-USD,Crypto,Cryptocurrency,https://1drv.ms/i/c/8705623eb284e7df/IQRB032Is1qmSqWe2uA2YrV2AVzGXU-EocnTDqBITRLSmRo?width=1140&height=760
23-09-2021,3155.523682,3173.544678,3038.0979,3077.974365,18516291047,102,Ethereum,ETH-USD,Crypto,Cryptocurrency,https://1drv.ms/i/c/8705623eb284e7df/IQRB032Is1qmSqWe2uA2YrV2AVzGXU-EocnTDqBITRLSmRo?width=1140&height=760
24-09-2021,2931.669189,3159.644043,2747.337646,3154.562012,25595422789,102,Ethereum,ETH-USD,Crypto,Cryptocurrency,https://1drv.ms/i/c/8705623eb284e7df/IQRB032Is1qmSqWe2uA2YrV2AVzGXU-EocnTDqBITRLSmRo?width=1140&height=760
25-09-2021,2925.565674,2968.994629,2818.970459,2930.884766,18932786754,102,Ethereum,ETH-USD,Crypto,Cryptocurrency,https://1drv.ms/i/c/8705623eb284e7df/IQRB032Is1qmSqWe2uA2YrV2AVzGXU-EocnTDqBITRLSmRo?width=1140&height=760
26-09-2021,3062.265381,3114.857422,2744.583008,2926.343018,21172766310,102,Ethereum,ETH-USD,Crypto,Cryptocurrency,https://1drv.ms/i/c/8705623eb284e7df/IQRB032Is1qmSqWe2uA2YrV2AVzGXU-EocnTDqBITRLSmRo?width=1140&height=760
27-09-2021,2934.138916,3163.665039,2932.692871,3065.837891,19164053681,102,Ethereum,ETH-USD,Crypto,Cryptocurrency,https://1drv.ms/i/c/8705623eb284e7df/IQRB032Is1qmSqWe2uA2YrV2AVzGXU-EocnTDqBITRLSmRo?width=1140&height=760
28-09-2021,2807.296631,2970.770508,2793.360596,2928.963379,16895079070,102,Ethereum,ETH-USD,Crypto,Cryptocurrency,https://1drv.ms/i/c/8705623eb284e7df/IQRB032Is1qmSqWe2uA2YrV2AVzGXU-EocnTDqBITRLSmRo?width=1140&height=760
29-09-2021,2853.143311,2946.881348,2786.988281,2809.297607,15763456158,102,Ethereum,ETH-USD,Crypto,Cryptocurrency,https://1drv.ms/i/c/8705623eb284e7df/IQRB032Is1qmSqWe2uA2YrV2AVzGXU-EocnTDqBITRLSmRo?width=1140&height=760
30-09-2021,3001.678955,3046.519531,2840.289551,2852.558838,17661065099,102,Ethereum,ETH-USD,Crypto,Cryptocurrency,https://1drv.ms/i/c/8705623eb284e7df/IQRB032Is1qmSqWe2uA2YrV2AVzGXU-EocnTDqBITRLSmRo?width=1140&height=760
01-10-2021,3307.516113,3329.853516,2978.654297,3001.129395,22307625573,102,Ethereum,ETH-USD,Crypto,Cryptocurrency,https://1drv.ms/i/c/8705623eb284e7df/IQRB032Is1qmSqWe2uA2YrV2AVzGXU-EocnTDqBITRLSmRo?width=1140&height=760
02-10-2021,3391.694336,3464.837402,3260.027588,3308.870361,19202671704,102,Ethereum,ETH-USD,Crypto,Cryptocurrency,https://1drv.ms/i/c/8705623eb284e7df/IQRB032Is1qmSqWe2uA2YrV2AVzGXU-EocnTDqBITRLSmRo?width=1140&height=760
03-10-2021,3418.358643,3484.605713,3348.120117,3390.767578,15516566862,102,Ethereum,ETH-USD,Crypto,Cryptocurrency,https://1drv.ms/i/c/8705623eb284e7df/IQRB032Is1qmSqWe2uA2YrV2AVzGXU-EocnTDqBITRLSmRo?width=1140&height=760
04-10-2021,3380.089111,3434.775391,3283.44873,3418.776367,17747154101,102,Ethereum,ETH-USD,Crypto,Cryptocurrency,https://1drv.ms/i/c/8705623eb284e7df/IQRB032Is1qmSqWe2uA2YrV2AVzGXU-EocnTDqBITRLSmRo?width=1140&height=760
05-10-2021,3518.518555,3541.45166,3365.817627,3381.784424,16632591670,102,Ethereum,ETH-USD,Crypto,Cryptocurrency,https://1drv.ms/i/c/8705623eb284e7df/IQRB032Is1qmSqWe2uA2YrV2AVzGXU-EocnTDqBITRLSmRo?width=1140&height=760
06-10-2021,3580.562012,3622.55127,3354.469727,3516.570313,21855226591,102,Ethereum,ETH-USD,Crypto,Cryptocurrency,https://1drv.ms/i/c/8705623eb284e7df/IQRB032Is1qmSqWe2uA2YrV2AVzGXU-EocnTDqBITRLSmRo?width=1140&height=760
07-10-2021,3587.974854,3650.013184,3479.90918,3576.814453,19090322927,102,Ethereum,ETH-USD,Crypto,Cryptocurrency,https://1drv.ms/i/c/8705623eb284e7df/IQRB032Is1qmSqWe2uA2YrV2AVzGXU-EocnTDqBITRLSmRo?width=1140&height=760
08-10-2021,3563.759277,3667.95752,3547.828125,3587.832764,16222029488,102,Ethereum,ETH-USD,Crypto,Cryptocurrency,https://1drv.ms/i/c/8705623eb284e7df/IQRB032Is1qmSqWe2uA2YrV2AVzGXU-EocnTDqBITRLSmRo?width=1140&height=760
09-10-2021,3575.716797,3628.237305,3544.640381,3559.997803,12707036942,102,Ethereum,ETH-USD,Crypto,Cryptocurrency,https://1drv.ms/i/c/8705623eb284e7df/IQRB032Is1qmSqWe2uA2YrV2AVzGXU-EocnTDqBITRLSmRo?width=1140&height=760
10-10-2021,3425.852783,3603.244873,3414.970947,3575.020508,16171746693,102,Ethereum,ETH-USD,Crypto,Cryptocurrency,https://1drv.ms/i/c/8705623eb284e7df/IQRB032Is1qmSqWe2uA2YrV2AVzGXU-EocnTDqBITRLSmRo?width=1140&height=760
11-10-2021,3545.354004,3622.289551,3385.761719,3419.726807,18579189588,102,Ethereum,ETH-USD,Crypto,Cryptocurrency,https://1drv.ms/i/c/8705623eb284e7df/IQRB032Is1qmSqWe2uA2YrV2AVzGXU-EocnTDqBITRLSmRo?width=1140&height=760
12-10-2021,3492.573242,3546.477783,3407.338135,3546.477783,18109578443,102,Ethereum,ETH-USD,Crypto,Cryptocurrency,https://1drv.ms/i/c/8705623eb284e7df/IQRB032Is1qmSqWe2uA2YrV2AVzGXU-EocnTDqBITRLSmRo?width=1140&height=760
13-10-2021,3606.20166,3607.741699,3417.602051,3492.753662,16211275589,102,Ethereum,ETH-USD,Crypto,Cryptocurrency,https://1drv.ms/i/c/8705623eb284e7df/IQRB032Is1qmSqWe2uA2YrV2AVzGXU-EocnTDqBITRLSmRo?width=1140&height=760
14-10-2021,3786.01416,3819.258545,3590.275146,3604.958984,19443499909,102,Ethereum,ETH-USD,Crypto,Cryptocurrency,https://1drv.ms/i/c/8705623eb284e7df/IQRB032Is1qmSqWe2uA2YrV2AVzGXU-EocnTDqBITRLSmRo?width=1140&height=760
15-10-2021,3862.634766,3895.466309,3735.363525,3790.154297,20966841512,102,Ethereum,ETH-USD,Crypto,Cryptocurrency,https://1drv.ms/i/c/8705623eb284e7df/IQRB032Is1qmSqWe2uA2YrV2AVzGXU-EocnTDqBITRLSmRo?width=1140&height=760
16-10-2021,3830.38208,3962.453125,3805.885986,3865.666504,16578095629,102,Ethereum,ETH-USD,Crypto,Cryptocurrency,https://1drv.ms/i/c/8705623eb284e7df/IQRB032Is1qmSqWe2uA2YrV2AVzGXU-EocnTDqBITRLSmRo?width=1140&height=760
17-10-2021,3847.104492,3914.897949,3660.723389,3829.858887,15908090346,102,Ethereum,ETH-USD,Crypto,Cryptocurrency,https://1drv.ms/i/c/8705623eb284e7df/IQRB032Is1qmSqWe2uA2YrV2AVzGXU-EocnTDqBITRLSmRo?width=1140&height=760
18-10-2021,3748.760254,3888.209229,3686.750488,3847.72998,17386204158,102,Ethereum,ETH-USD,Crypto,Cryptocurrency,https://1drv.ms/i/c/8705623eb284e7df/IQRB032Is1qmSqWe2uA2YrV2AVzGXU-EocnTDqBITRLSmRo?width=1140&height=760
19-10-2021,3877.650879,3883.928711,3736.780273,3747.162842,15998757133,102,Ethereum,ETH-USD,Crypto,Cryptocurrency,https://1drv.ms/i/c/8705623eb284e7df/IQRB032Is1qmSqWe2uA2YrV2AVzGXU-EocnTDqBITRLSmRo?width=1140&height=760
20-10-2021,4155.992188,4167.472168,3833.288086,3877.730957,20338319988,102,Ethereum,ETH-USD,Crypto,Cryptocurrency,https://1drv.ms/i/c/8705623eb284e7df/IQRB032Is1qmSqWe2uA2YrV2AVzGXU-EocnTDqBITRLSmRo?width=1140&height=760
21-10-2021,4054.322754,4366.088379,4032.483887,4161.713379,28220661820,102,Ethereum,ETH-USD,Crypto,Cryptocurrency,https://1drv.ms/i/c/8705623eb284e7df/IQRB032Is1qmSqWe2uA2YrV2AVzGXU-EocnTDqBITRLSmRo?width=1140&height=760
22-10-2021,3970.181885,4162.975586,3908.340332,4055.686523,19432937968,102,Ethereum,ETH-USD,Crypto,Cryptocurrency,https://1drv.ms/i/c/8705623eb284e7df/IQRB032Is1qmSqWe2uA2YrV2AVzGXU-EocnTDqBITRLSmRo?width=1140&height=760
23-10-2021,4171.663574,4171.663574,3944.631836,3971.356445,14781537792,102,Ethereum,ETH-USD,Crypto,Cryptocurrency,https://1drv.ms/i/c/8705623eb284e7df/IQRB032Is1qmSqWe2uA2YrV2AVzGXU-EocnTDqBITRLSmRo?width=1140&height=760
24-10-2021,4087.903076,4185.729492,3967.120361,4171.855957,14978083638,102,Ethereum,ETH-USD,Crypto,Cryptocurrency,https://1drv.ms/i/c/8705623eb284e7df/IQRB032Is1qmSqWe2uA2YrV2AVzGXU-EocnTDqBITRLSmRo?width=1140&height=760
25-10-2021,4217.876953,4236.666992,4072.034668,4084.425781,15995727040,102,Ethereum,ETH-USD,Crypto,Cryptocurrency,https://1drv.ms/i/c/8705623eb284e7df/IQRB032Is1qmSqWe2uA2YrV2AVzGXU-EocnTDqBITRLSmRo?width=1140&height=760
26-10-2021,4131.102051,4289.131348,4106.82373,4217.337891,17157714562,102,Ethereum,ETH-USD,Crypto,Cryptocurrency,https://1drv.ms/i/c/8705623eb284e7df/IQRB032Is1qmSqWe2uA2YrV2AVzGXU-EocnTDqBITRLSmRo?width=1140&height=760
27-10-2021,3930.257324,4299.152832,3930.257324,4132.17334,26219530404,102,Ethereum,ETH-USD,Crypto,Cryptocurrency,https://1drv.ms/i/c/8705623eb284e7df/IQRB032Is1qmSqWe2uA2YrV2AVzGXU-EocnTDqBITRLSmRo?width=1140&height=760
28-10-2021,4287.318848,4293.150879,3905.706055,3924.81543,25958154575,102,Ethereum,ETH-USD,Crypto,Cryptocurrency,https://1drv.ms/i/c/8705623eb284e7df/IQRB032Is1qmSqWe2uA2YrV2AVzGXU-EocnTDqBITRLSmRo?width=1140&height=760
29-10-2021,4414.746582,4455.735352,4271.70752,4288.686523,22967641914,102,Ethereum,ETH-USD,Crypto,Cryptocurrency,https://1drv.ms/i/c/8705623eb284e7df/IQRB032Is1qmSqWe2uA2YrV2AVzGXU-EocnTDqBITRLSmRo?width=1140&height=760
30-10-2021,4325.650391,4426.848633,4252.494141,4414.243652,14615490626,102,Ethereum,ETH-USD,Crypto,Cryptocurrency,https://1drv.ms/i/c/8705623eb284e7df/IQRB032Is1qmSqWe2uA2YrV2AVzGXU-EocnTDqBITRLSmRo?width=1140&height=760
31-10-2021,4288.074219,4394.449707,4179.016113,4322.744141,17498160238,102,Ethereum,ETH-USD,Crypto,Cryptocurrency,https://1drv.ms/i/c/8705623eb284e7df/IQRB032Is1qmSqWe2uA2YrV2AVzGXU-EocnTDqBITRLSmRo?width=1140&height=760
01-11-2021,4324.626953,4377.322266,4160.966797,4288.217285,17985288261,102,Ethereum,ETH-USD,Crypto,Cryptocurrency,https://1drv.ms/i/c/8705623eb284e7df/IQRB032Is1qmSqWe2uA2YrV2AVzGXU-EocnTDqBITRLSmRo?width=1140&height=760
02-11-2021,4584.798828,4599.948242,4288.686523,4322.500977,20794448222,102,Ethereum,ETH-USD,Crypto,Cryptocurrency,https://1drv.ms/i/c/8705623eb284e7df/IQRB032Is1qmSqWe2uA2YrV2AVzGXU-EocnTDqBITRLSmRo?width=1140&height=760
03-11-2021,4607.193848,4664.910156,4462.976074,4589.68457,21220463155,102,Ethereum,ETH-USD,Crypto,Cryptocurrency,https://1drv.ms/i/c/8705623eb284e7df/IQRB032Is1qmSqWe2uA2YrV2AVzGXU-EocnTDqBITRLSmRo?width=1140&height=760
04-11-2021,4537.324219,4606.516113,4426.622559,4604.678711,18415244464,102,Ethereum,ETH-USD,Crypto,Cryptocurrency,https://1drv.ms/i/c/8705623eb284e7df/IQRB032Is1qmSqWe2uA2YrV2AVzGXU-EocnTDqBITRLSmRo?width=1140&height=760
05-11-2021,4486.243164,4570.895996,4447.487305,4537.42334,15086003586,102,Ethereum,ETH-USD,Crypto,Cryptocurrency,https://1drv.ms/i/c/8705623eb284e7df/IQRB032Is1qmSqWe2uA2YrV2AVzGXU-EocnTDqBITRLSmRo?width=1140&height=760
06-11-2021,4521.581055,4530.99707,4334.973633,4482.647949,14429076700,102,Ethereum,ETH-USD,Crypto,Cryptocurrency,https://1drv.ms/i/c/8705623eb284e7df/IQRB032Is1qmSqWe2uA2YrV2AVzGXU-EocnTDqBITRLSmRo?width=1140&height=760
07-11-2021,4620.554688,4640.921875,4510.984375,4523.981934,13541376033,102,Ethereum,ETH-USD,Crypto,Cryptocurrency,https://1drv.ms/i/c/8705623eb284e7df/IQRB032Is1qmSqWe2uA2YrV2AVzGXU-EocnTDqBITRLSmRo?width=1140&height=760
08-11-2021,4812.087402,4822.363281,4619.649414,4619.649414,19290896267,102,Ethereum,ETH-USD,Crypto,Cryptocurrency,https://1drv.ms/i/c/8705623eb284e7df/IQRB032Is1qmSqWe2uA2YrV2AVzGXU-EocnTDqBITRLSmRo?width=1140&height=760
09-11-2021,4735.068848,4837.589355,4718.039063,4810.071289,20834172627,102,Ethereum,ETH-USD,Crypto,Cryptocurrency,https://1drv.ms/i/c/8705623eb284e7df/IQRB032Is1qmSqWe2uA2YrV2AVzGXU-EocnTDqBITRLSmRo?width=1140&height=760
10-11-2021,4636.174316,4859.50293,4485.093262,4733.362793,22748160545,102,Ethereum,ETH-USD,Crypto,Cryptocurrency,https://1drv.ms/i/c/8705623eb284e7df/IQRB032Is1qmSqWe2uA2YrV2AVzGXU-EocnTDqBITRLSmRo?width=1140&height=760
11-11-2021,4730.384277,4778.059082,4580.990234,4635.453613,17933201129,102,Ethereum,ETH-USD,Crypto,Cryptocurrency,https://1drv.ms/i/c/8705623eb284e7df/IQRB032Is1qmSqWe2uA2YrV2AVzGXU-EocnTDqBITRLSmRo?width=1140&height=760
12-11-2021,4667.115234,4808.73877,4510.92041,4724.306641,18316060208,102,Ethereum,ETH-USD,Crypto,Cryptocurrency,https://1drv.ms/i/c/8705623eb284e7df/IQRB032Is1qmSqWe2uA2YrV2AVzGXU-EocnTDqBITRLSmRo?width=1140&height=760
13-11-2021,4651.460449,4702.115234,4582.180664,4666.719238,14457436261,102,Ethereum,ETH-USD,Crypto,Cryptocurrency,https://1drv.ms/i/c/8705623eb284e7df/IQRB032Is1qmSqWe2uA2YrV2AVzGXU-EocnTDqBITRLSmRo?width=1140&height=760
14-11-2021,4626.358887,4689.842773,4516.935547,4648.632813,12172962219,102,Ethereum,ETH-USD,Crypto,Cryptocurrency,https://1drv.ms/i/c/8705623eb284e7df/IQRB032Is1qmSqWe2uA2YrV2AVzGXU-EocnTDqBITRLSmRo?width=1140&height=760
15-11-2021,4557.503906,4764.63623,4546.599121,4627.09082,16275851299,102,Ethereum,ETH-USD,Crypto,Cryptocurrency,https://1drv.ms/i/c/8705623eb284e7df/IQRB032Is1qmSqWe2uA2YrV2AVzGXU-EocnTDqBITRLSmRo?width=1140&height=760
16-11-2021,4216.365234,4891.70459,4144.334961,4570.478027,27417502801,102,Ethereum,ETH-USD,Crypto,Cryptocurrency,https://1drv.ms/i/c/8705623eb284e7df/IQRB032Is1qmSqWe2uA2YrV2AVzGXU-EocnTDqBITRLSmRo?width=1140&height=760
17-11-2021,4287.59375,4300.306641,4107.125977,4213.910645,22183461850,102,Ethereum,ETH-USD,Crypto,Cryptocurrency,https://1drv.ms/i/c/8705623eb284e7df/IQRB032Is1qmSqWe2uA2YrV2AVzGXU-EocnTDqBITRLSmRo?width=1140&height=760
18-11-2021,4000.650879,4343.557129,3959.227783,4287.802246,21383250893,102,Ethereum,ETH-USD,Crypto,Cryptocurrency,https://1drv.ms/i/c/8705623eb284e7df/IQRB032Is1qmSqWe2uA2YrV2AVzGXU-EocnTDqBITRLSmRo?width=1140&height=760
19-11-2021,4298.306641,4311.713867,3982.91748,3995.729492,20626269711,102,Ethereum,ETH-USD,Crypto,Cryptocurrency,https://1drv.ms/i/c/8705623eb284e7df/IQRB032Is1qmSqWe2uA2YrV2AVzGXU-EocnTDqBITRLSmRo?width=1140&height=760
20-11-2021,4409.931152,4434.388184,4209.242676,4298.350586,15448261277,102,Ethereum,ETH-USD,Crypto,Cryptocurrency,https://1drv.ms/i/c/8705623eb284e7df/IQRB032Is1qmSqWe2uA2YrV2AVzGXU-EocnTDqBITRLSmRo?width=1140&height=760
21-11-2021,4269.73291,4422.491699,4255.455078,4412.195313,14094831413,102,Ethereum,ETH-USD,Crypto,Cryptocurrency,https://1drv.ms/i/c/8705623eb284e7df/IQRB032Is1qmSqWe2uA2YrV2AVzGXU-EocnTDqBITRLSmRo?width=1140&height=760
22-11-2021,4088.457764,4302.022949,4033.572266,4266.509277,19752218877,102,Ethereum,ETH-USD,Crypto,Cryptocurrency,https://1drv.ms/i/c/8705623eb284e7df/IQRB032Is1qmSqWe2uA2YrV2AVzGXU-EocnTDqBITRLSmRo?width=1140&height=760
23-11-2021,4340.763672,4385.483398,4069.766602,4089.68042,22133497059,102,Ethereum,ETH-USD,Crypto,Cryptocurrency,https://1drv.ms/i/c/8705623eb284e7df/IQRB032Is1qmSqWe2uA2YrV2AVzGXU-EocnTDqBITRLSmRo?width=1140&height=760
24-11-2021,4239.981445,4376.875977,4176.183594,4340.036133,21838037128,102,Ethereum,ETH-USD,Crypto,Cryptocurrency,https://1drv.ms/i/c/8705623eb284e7df/IQRB032Is1qmSqWe2uA2YrV2AVzGXU-EocnTDqBITRLSmRo?width=1140&height=760
25-11-2021,4274.743164,4550.518066,4249.774414,4271.394531,18705358318,102,Ethereum,ETH-USD,Crypto,Cryptocurrency,https://1drv.ms/i/c/8705623eb284e7df/IQRB032Is1qmSqWe2uA2YrV2AVzGXU-EocnTDqBITRLSmRo?width=1140&height=760
26-11-2021,4030.908936,4550.842285,3933.506592,4522.208984,26281795488,102,Ethereum,ETH-USD,Crypto,Cryptocurrency,https://1drv.ms/i/c/8705623eb284e7df/IQRB032Is1qmSqWe2uA2YrV2AVzGXU-EocnTDqBITRLSmRo?width=1140&height=760
27-11-2021,4096.912109,4187.684082,4033.513916,4042.999023,16515693874,102,Ethereum,ETH-USD,Crypto,Cryptocurrency,https://1drv.ms/i/c/8705623eb284e7df/IQRB032Is1qmSqWe2uA2YrV2AVzGXU-EocnTDqBITRLSmRo?width=1140&height=760
28-11-2021,4294.453613,4297.916504,3989.969971,4101.648926,15953126340,102,Ethereum,ETH-USD,Crypto,Cryptocurrency,https://1drv.ms/i/c/8705623eb284e7df/IQRB032Is1qmSqWe2uA2YrV2AVzGXU-EocnTDqBITRLSmRo?width=1140&height=760
29-11-2021,4445.10498,4460.848633,4284.504883,4296.946777,19086475837,102,Ethereum,ETH-USD,Crypto,Cryptocurrency,https://1drv.ms/i/c/8705623eb284e7df/IQRB032Is1qmSqWe2uA2YrV2AVzGXU-EocnTDqBITRLSmRo?width=1140&height=760
30-11-2021,4631.479004,4753.266113,4358.074219,4447.768066,28626354111,102,Ethereum,ETH-USD,Crypto,Cryptocurrency,https://1drv.ms/i/c/8705623eb284e7df/IQRB032Is1qmSqWe2uA2YrV2AVzGXU-EocnTDqBITRLSmRo?width=1140&height=760
01-12-2021,4586.990234,4780.732422,4530.272461,4623.679688,27634826695,102,Ethereum,ETH-USD,Crypto,Cryptocurrency,https://1drv.ms/i/c/8705623eb284e7df/IQRB032Is1qmSqWe2uA2YrV2AVzGXU-EocnTDqBITRLSmRo?width=1140&height=760
02-12-2021,4511.302246,4628.919922,4441.507813,4586.333008,21502671027,102,Ethereum,ETH-USD,Crypto,Cryptocurrency,https://1drv.ms/i/c/8705623eb284e7df/IQRB032Is1qmSqWe2uA2YrV2AVzGXU-EocnTDqBITRLSmRo?width=1140&height=760
03-12-2021,4220.706055,4647.289063,4100.145508,4514.355957,25879591528,102,Ethereum,ETH-USD,Crypto,Cryptocurrency,https://1drv.ms/i/c/8705623eb284e7df/IQRB032Is1qmSqWe2uA2YrV2AVzGXU-EocnTDqBITRLSmRo?width=1140&height=760
04-12-2021,4119.587402,4242.725586,3525.494141,4227.762207,38478999182,102,Ethereum,ETH-USD,Crypto,Cryptocurrency,https://1drv.ms/i/c/8705623eb284e7df/IQRB032Is1qmSqWe2uA2YrV2AVzGXU-EocnTDqBITRLSmRo?width=1140&height=760
05-12-2021,4198.322754,4246.92334,4040.217529,4119.628906,25533062707,102,Ethereum,ETH-USD,Crypto,Cryptocurrency,https://1drv.ms/i/c/8705623eb284e7df/IQRB032Is1qmSqWe2uA2YrV2AVzGXU-EocnTDqBITRLSmRo?width=1140&height=760
06-12-2021,4358.737305,4375.520508,3930.806641,4199,28229518513,102,Ethereum,ETH-USD,Crypto,Cryptocurrency,https://1drv.ms/i/c/8705623eb284e7df/IQRB032Is1qmSqWe2uA2YrV2AVzGXU-EocnTDqBITRLSmRo?width=1140&height=760
07-12-2021,4315.061523,4428.589355,4264.32373,4358.586914,22366213354,102,Ethereum,ETH-USD,Crypto,Cryptocurrency,https://1drv.ms/i/c/8705623eb284e7df/IQRB032Is1qmSqWe2uA2YrV2AVzGXU-EocnTDqBITRLSmRo?width=1140&height=760
08-12-2021,4439.35791,4453.112305,4234.537598,4311.674316,18704315119,102,Ethereum,ETH-USD,Crypto,Cryptocurrency,https://1drv.ms/i/c/8705623eb284e7df/IQRB032Is1qmSqWe2uA2YrV2AVzGXU-EocnTDqBITRLSmRo?width=1140&height=760
09-12-2021,4119.815918,4482.313965,4078.844238,4433.024902,22296131874,102,Ethereum,ETH-USD,Crypto,Cryptocurrency,https://1drv.ms/i/c/8705623eb284e7df/IQRB032Is1qmSqWe2uA2YrV2AVzGXU-EocnTDqBITRLSmRo?width=1140&height=760
10-12-2021,3908.496094,4227.111816,3897.767578,4113.588379,28014595631,102,Ethereum,ETH-USD,Crypto,Cryptocurrency,https://1drv.ms/i/c/8705623eb284e7df/IQRB032Is1qmSqWe2uA2YrV2AVzGXU-EocnTDqBITRLSmRo?width=1140&height=760
11-12-2021,4084.452393,4095.648438,3846.054443,3909.667725,19131502454,102,Ethereum,ETH-USD,Crypto,Cryptocurrency,https://1drv.ms/i/c/8705623eb284e7df/IQRB032Is1qmSqWe2uA2YrV2AVzGXU-EocnTDqBITRLSmRo?width=1140&height=760
12-12-2021,4134.453125,4173.608887,3993.055908,4084.811279,14057603914,102,Ethereum,ETH-USD,Crypto,Cryptocurrency,https://1drv.ms/i/c/8705623eb284e7df/IQRB032Is1qmSqWe2uA2YrV2AVzGXU-EocnTDqBITRLSmRo?width=1140&height=760
13-12-2021,3784.226807,4145.955078,3680.609131,4136.359863,23999841386,102,Ethereum,ETH-USD,Crypto,Cryptocurrency,https://1drv.ms/i/c/8705623eb284e7df/IQRB032Is1qmSqWe2uA2YrV2AVzGXU-EocnTDqBITRLSmRo?width=1140&height=760
14-12-2021,3745.44043,3866.633789,3700.104736,3782.822754,23836759957,102,Ethereum,ETH-USD,Crypto,Cryptocurrency,https://1drv.ms/i/c/8705623eb284e7df/IQRB032Is1qmSqWe2uA2YrV2AVzGXU-EocnTDqBITRLSmRo?width=1140&height=760
15-12-2021,4018.388672,4086.372803,3664.719971,3862.251465,26411188833,102,Ethereum,ETH-USD,Crypto,Cryptocurrency,https://1drv.ms/i/c/8705623eb284e7df/IQRB032Is1qmSqWe2uA2YrV2AVzGXU-EocnTDqBITRLSmRo?width=1140&height=760
16-12-2021,3962.469727,4110.368652,3956.057129,4020.415039,19825531254,102,Ethereum,ETH-USD,Crypto,Cryptocurrency,https://1drv.ms/i/c/8705623eb284e7df/IQRB032Is1qmSqWe2uA2YrV2AVzGXU-EocnTDqBITRLSmRo?width=1140&height=760
17-12-2021,3879.486572,3992.79248,3711.424561,3959.012451,23143541098,102,Ethereum,ETH-USD,Crypto,Cryptocurrency,https://1drv.ms/i/c/8705623eb284e7df/IQRB032Is1qmSqWe2uA2YrV2AVzGXU-EocnTDqBITRLSmRo?width=1140&height=760
18-12-2021,3960.860107,3993.829834,3774.61499,3880.291504,19530895889,102,Ethereum,ETH-USD,Crypto,Cryptocurrency,https://1drv.ms/i/c/8705623eb284e7df/IQRB032Is1qmSqWe2uA2YrV2AVzGXU-EocnTDqBITRLSmRo?width=1140&height=760
19-12-2021,3922.592529,4018.658447,3894.398682,3960.872314,16167785597,102,Ethereum,ETH-USD,Crypto,Cryptocurrency,https://1drv.ms/i/c/8705623eb284e7df/IQRB032Is1qmSqWe2uA2YrV2AVzGXU-EocnTDqBITRLSmRo?width=1140&height=760
20-12-2021,3933.844482,3980.098633,3759.40332,3923.695801,21589690675,102,Ethereum,ETH-USD,Crypto,Cryptocurrency,https://1drv.ms/i/c/8705623eb284e7df/IQRB032Is1qmSqWe2uA2YrV2AVzGXU-EocnTDqBITRLSmRo?width=1140&height=760
21-12-2021,4020.26001,4058.821289,3918.837891,3938.463867,16388555198,102,Ethereum,ETH-USD,Crypto,Cryptocurrency,https://1drv.ms/i/c/8705623eb284e7df/IQRB032Is1qmSqWe2uA2YrV2AVzGXU-EocnTDqBITRLSmRo?width=1140&height=760
22-12-2021,3982.099609,4073.791504,3947.690186,4018.695801,13921756199,102,Ethereum,ETH-USD,Crypto,Cryptocurrency,https://1drv.ms/i/c/8705623eb284e7df/IQRB032Is1qmSqWe2uA2YrV2AVzGXU-EocnTDqBITRLSmRo?width=1140&height=760
23-12-2021,4108.015625,4149.026855,3897.234375,3981.96167,18007273742,102,Ethereum,ETH-USD,Crypto,Cryptocurrency,https://1drv.ms/i/c/8705623eb284e7df/IQRB032Is1qmSqWe2uA2YrV2AVzGXU-EocnTDqBITRLSmRo?width=1140&height=760
24-12-2021,4047.98291,4134.106445,4029.064453,4111.345215,12769090623,102,Ethereum,ETH-USD,Crypto,Cryptocurrency,https://1drv.ms/i/c/8705623eb284e7df/IQRB032Is1qmSqWe2uA2YrV2AVzGXU-EocnTDqBITRLSmRo?width=1140&height=760
25-12-2021,4093.281006,4138.564941,4027.927002,4049.781982,10894785525,102,Ethereum,ETH-USD,Crypto,Cryptocurrency,https://1drv.ms/i/c/8705623eb284e7df/IQRB032Is1qmSqWe2uA2YrV2AVzGXU-EocnTDqBITRLSmRo?width=1140&height=760
26-12-2021,4067.328125,4105.023926,4013.026367,4094.151611,11197244172,102,Ethereum,ETH-USD,Crypto,Cryptocurrency,https://1drv.ms/i/c/8705623eb284e7df/IQRB032Is1qmSqWe2uA2YrV2AVzGXU-EocnTDqBITRLSmRo?width=1140&height=760
27-12-2021,4037.547607,4126.001465,4033.492432,4064.746338,11424360002,102,Ethereum,ETH-USD,Crypto,Cryptocurrency,https://1drv.ms/i/c/8705623eb284e7df/IQRB032Is1qmSqWe2uA2YrV2AVzGXU-EocnTDqBITRLSmRo?width=1140&height=760
28-12-2021,3800.893066,4037.538086,3769.280029,4037.538086,17299472803,102,Ethereum,ETH-USD,Crypto,Cryptocurrency,https://1drv.ms/i/c/8705623eb284e7df/IQRB032Is1qmSqWe2uA2YrV2AVzGXU-EocnTDqBITRLSmRo?width=1140&height=760
29-12-2021,3628.531738,3827.981934,3612.795898,3797.436279,15722555672,102,Ethereum,ETH-USD,Crypto,Cryptocurrency,https://1drv.ms/i/c/8705623eb284e7df/IQRB032Is1qmSqWe2uA2YrV2AVzGXU-EocnTDqBITRLSmRo?width=1140&height=760
30-12-2021,3713.852051,3767.559814,3595.204834,3632.219727,12925377999,102,Ethereum,ETH-USD,Crypto,Cryptocurrency,https://1drv.ms/i/c/8705623eb284e7df/IQRB032Is1qmSqWe2uA2YrV2AVzGXU-EocnTDqBITRLSmRo?width=1140&height=760
31-12-2021,3682.632813,3807.288818,3636.869873,3713.430176,14157285268,102,Ethereum,ETH-USD,Crypto,Cryptocurrency,https://1drv.ms/i/c/8705623eb284e7df/IQRB032Is1qmSqWe2uA2YrV2AVzGXU-EocnTDqBITRLSmRo?width=1140&height=760
01-01-2022,3769.697021,3769.917969,3682.286621,3683.047119,9776191466,102,Ethereum,ETH-USD,Crypto,Cryptocurrency,https://1drv.ms/i/c/8705623eb284e7df/IQRB032Is1qmSqWe2uA2YrV2AVzGXU-EocnTDqBITRLSmRo?width=1140&height=760
02-01-2022,3829.564941,3836.161865,3727.357422,3769.29834,9881471548,102,Ethereum,ETH-USD,Crypto,Cryptocurrency,https://1drv.ms/i/c/8705623eb284e7df/IQRB032Is1qmSqWe2uA2YrV2AVzGXU-EocnTDqBITRLSmRo?width=1140&height=760
03-01-2022,3761.380371,3836.19873,3698.047607,3829.535645,12080777893,102,Ethereum,ETH-USD,Crypto,Cryptocurrency,https://1drv.ms/i/c/8705623eb284e7df/IQRB032Is1qmSqWe2uA2YrV2AVzGXU-EocnTDqBITRLSmRo?width=1140&height=760
04-01-2022,3794.056641,3876.785156,3723.349854,3761.361572,14030925983,102,Ethereum,ETH-USD,Crypto,Cryptocurrency,https://1drv.ms/i/c/8705623eb284e7df/IQRB032Is1qmSqWe2uA2YrV2AVzGXU-EocnTDqBITRLSmRo?width=1140&height=760
05-01-2022,3550.386963,3842.059814,3456.745361,3794.269043,18061338502,102,Ethereum,ETH-USD,Crypto,Cryptocurrency,https://1drv.ms/i/c/8705623eb284e7df/IQRB032Is1qmSqWe2uA2YrV2AVzGXU-EocnTDqBITRLSmRo?width=1140&height=760
06-01-2022,3418.408203,3549.708984,3335.376709,3549.708984,24293791313,102,Ethereum,ETH-USD,Crypto,Cryptocurrency,https://1drv.ms/i/c/8705623eb284e7df/IQRB032Is1qmSqWe2uA2YrV2AVzGXU-EocnTDqBITRLSmRo?width=1140&height=760
07-01-2022,3193.210449,3420.461914,3117.381348,3417.837891,24494179209,102,Ethereum,ETH-USD,Crypto,Cryptocurrency,https://1drv.ms/i/c/8705623eb284e7df/IQRB032Is1qmSqWe2uA2YrV2AVzGXU-EocnTDqBITRLSmRo?width=1140&height=760
08-01-2022,3091.972656,3240.304443,3020.880859,3193.502441,16037732700,102,Ethereum,ETH-USD,Crypto,Cryptocurrency,https://1drv.ms/i/c/8705623eb284e7df/IQRB032Is1qmSqWe2uA2YrV2AVzGXU-EocnTDqBITRLSmRo?width=1140&height=760
09-01-2022,3157.751465,3206.790771,3075.911377,3091.696289,12334683863,102,Ethereum,ETH-USD,Crypto,Cryptocurrency,https://1drv.ms/i/c/8705623eb284e7df/IQRB032Is1qmSqWe2uA2YrV2AVzGXU-EocnTDqBITRLSmRo?width=1140&height=760
10-01-2022,3083.0979,3177.213379,2947.683594,3157.570557,19535744145,102,Ethereum,ETH-USD,Crypto,Cryptocurrency,https://1drv.ms/i/c/8705623eb284e7df/IQRB032Is1qmSqWe2uA2YrV2AVzGXU-EocnTDqBITRLSmRo?width=1140&height=760
11-01-2022,3238.111572,3247.511963,3061.140625,3082.990967,15211447193,102,Ethereum,ETH-USD,Crypto,Cryptocurrency,https://1drv.ms/i/c/8705623eb284e7df/IQRB032Is1qmSqWe2uA2YrV2AVzGXU-EocnTDqBITRLSmRo?width=1140&height=760
12-01-2022,3372.258301,3401.219971,3216.718018,3238.449951,16662871689,102,Ethereum,ETH-USD,Crypto,Cryptocurrency,https://1drv.ms/i/c/8705623eb284e7df/IQRB032Is1qmSqWe2uA2YrV2AVzGXU-EocnTDqBITRLSmRo?width=1140&height=760
13-01-2022,3248.288574,3396.969727,3247.91748,3372.10498,15294466275,102,Ethereum,ETH-USD,Crypto,Cryptocurrency,https://1drv.ms/i/c/8705623eb284e7df/IQRB032Is1qmSqWe2uA2YrV2AVzGXU-EocnTDqBITRLSmRo?width=1140&height=760
14-01-2022,3310.001465,3330.766113,3203.82373,3248.648682,13562957230,102,Ethereum,ETH-USD,Crypto,Cryptocurrency,https://1drv.ms/i/c/8705623eb284e7df/IQRB032Is1qmSqWe2uA2YrV2AVzGXU-EocnTDqBITRLSmRo?width=1140&height=760
15-01-2022,3330.530762,3364.537842,3278.670898,3309.844238,9619999078,102,Ethereum,ETH-USD,Crypto,Cryptocurrency,https://1drv.ms/i/c/8705623eb284e7df/IQRB032Is1qmSqWe2uA2YrV2AVzGXU-EocnTDqBITRLSmRo?width=1140&height=760
16-01-2022,3350.921875,3376.401123,3291.563721,3330.387207,9505934874,102,Ethereum,ETH-USD,Crypto,Cryptocurrency,https://1drv.ms/i/c/8705623eb284e7df/IQRB032Is1qmSqWe2uA2YrV2AVzGXU-EocnTDqBITRLSmRo?width=1140&height=760
17-01-2022,3212.304932,3355.819336,3157.224121,3350.947266,12344309617,102,Ethereum,ETH-USD,Crypto,Cryptocurrency,https://1drv.ms/i/c/8705623eb284e7df/IQRB032Is1qmSqWe2uA2YrV2AVzGXU-EocnTDqBITRLSmRo?width=1140&height=760
18-01-2022,3164.025146,3236.016113,3096.123535,3212.287598,13024154091,102,Ethereum,ETH-USD,Crypto,Cryptocurrency,https://1drv.ms/i/c/8705623eb284e7df/IQRB032Is1qmSqWe2uA2YrV2AVzGXU-EocnTDqBITRLSmRo?width=1140&height=760
19-01-2022,3095.825928,3171.158447,3055.212402,3163.850342,13187424144,102,Ethereum,ETH-USD,Crypto,Cryptocurrency,https://1drv.ms/i/c/8705623eb284e7df/IQRB032Is1qmSqWe2uA2YrV2AVzGXU-EocnTDqBITRLSmRo?width=1140&height=760
20-01-2022,3001.120117,3265.336914,3000.908203,3095.271729,10645922764,102,Ethereum,ETH-USD,Crypto,Cryptocurrency,https://1drv.ms/i/c/8705623eb284e7df/IQRB032Is1qmSqWe2uA2YrV2AVzGXU-EocnTDqBITRLSmRo?width=1140&height=760
21-01-2022,2557.931641,3029.081055,2496.812988,3002.956787,26796291874,102,Ethereum,ETH-USD,Crypto,Cryptocurrency,https://1drv.ms/i/c/8705623eb284e7df/IQRB032Is1qmSqWe2uA2YrV2AVzGXU-EocnTDqBITRLSmRo?width=1140&height=760
22-01-2022,2405.181152,2615.247314,2330.247314,2561.145264,27369692036,102,Ethereum,ETH-USD,Crypto,Cryptocurrency,https://1drv.ms/i/c/8705623eb284e7df/IQRB032Is1qmSqWe2uA2YrV2AVzGXU-EocnTDqBITRLSmRo?width=1140&height=760
23-01-2022,2535.039063,2542.144775,2381.515137,2406.924316,16481489511,102,Ethereum,ETH-USD,Crypto,Cryptocurrency,https://1drv.ms/i/c/8705623eb284e7df/IQRB032Is1qmSqWe2uA2YrV2AVzGXU-EocnTDqBITRLSmRo?width=1140&height=760
24-01-2022,2440.352295,2537.208496,2172.30127,2535.891113,28220804648,102,Ethereum,ETH-USD,Crypto,Cryptocurrency,https://1drv.ms/i/c/8705623eb284e7df/IQRB032Is1qmSqWe2uA2YrV2AVzGXU-EocnTDqBITRLSmRo?width=1140&height=760
25-01-2022,2455.935059,2498.50708,2359.384766,2440.393555,16179776932,102,Ethereum,ETH-USD,Crypto,Cryptocurrency,https://1drv.ms/i/c/8705623eb284e7df/IQRB032Is1qmSqWe2uA2YrV2AVzGXU-EocnTDqBITRLSmRo?width=1140&height=760
26-01-2022,2468.030273,2705.78418,2417.683105,2455.579102,21229909340,102,Ethereum,ETH-USD,Crypto,Cryptocurrency,https://1drv.ms/i/c/8705623eb284e7df/IQRB032Is1qmSqWe2uA2YrV2AVzGXU-EocnTDqBITRLSmRo?width=1140&height=760
27-01-2022,2423.001221,2510.45166,2328.452148,2467.188477,16126522783,102,Ethereum,ETH-USD,Crypto,Cryptocurrency,https://1drv.ms/i/c/8705623eb284e7df/IQRB032Is1qmSqWe2uA2YrV2AVzGXU-EocnTDqBITRLSmRo?width=1140&height=760
28-01-2022,2547.092041,2548.778564,2367.83374,2421.646973,14666227351,102,Ethereum,ETH-USD,Crypto,Cryptocurrency,https://1drv.ms/i/c/8705623eb284e7df/IQRB032Is1qmSqWe2uA2YrV2AVzGXU-EocnTDqBITRLSmRo?width=1140&height=760
29-01-2022,2597.084717,2627.609375,2526.989746,2546.590576,11172062661,102,Ethereum,ETH-USD,Crypto,Cryptocurrency,https://1drv.ms/i/c/8705623eb284e7df/IQRB032Is1qmSqWe2uA2YrV2AVzGXU-EocnTDqBITRLSmRo?width=1140&height=760
30-01-2022,2603.466553,2631.408447,2550.460938,2598.564941,9501221177,102,Ethereum,ETH-USD,Crypto,Cryptocurrency,https://1drv.ms/i/c/8705623eb284e7df/IQRB032Is1qmSqWe2uA2YrV2AVzGXU-EocnTDqBITRLSmRo?width=1140&height=760
31-01-2022,2688.278809,2697.735352,2489.072266,2603.263428,13778234614,102,Ethereum,ETH-USD,Crypto,Cryptocurrency,https://1drv.ms/i/c/8705623eb284e7df/IQRB032Is1qmSqWe2uA2YrV2AVzGXU-EocnTDqBITRLSmRo?width=1140&height=760
01-02-2022,2792.117188,2802.31543,2682.621826,2687.898926,13194846235,102,Ethereum,ETH-USD,Crypto,Cryptocurrency,https://1drv.ms/i/c/8705623eb284e7df/IQRB032Is1qmSqWe2uA2YrV2AVzGXU-EocnTDqBITRLSmRo?width=1140&height=760
02-02-2022,2682.854004,2802.212158,2630.120361,2791.958984,13876301217,102,Ethereum,ETH-USD,Crypto,Cryptocurrency,https://1drv.ms/i/c/8705623eb284e7df/IQRB032Is1qmSqWe2uA2YrV2AVzGXU-EocnTDqBITRLSmRo?width=1140&height=760
03-02-2022,2679.162598,2712.482666,2587.783447,2682.226074,12755505065,102,Ethereum,ETH-USD,Crypto,Cryptocurrency,https://1drv.ms/i/c/8705623eb284e7df/IQRB032Is1qmSqWe2uA2YrV2AVzGXU-EocnTDqBITRLSmRo?width=1140&height=760
04-02-2022,2983.586914,2983.586914,2675.443848,2681.057617,18987223729,102,Ethereum,ETH-USD,Crypto,Cryptocurrency,https://1drv.ms/i/c/8705623eb284e7df/IQRB032Is1qmSqWe2uA2YrV2AVzGXU-EocnTDqBITRLSmRo?width=1140&height=760
05-02-2022,3014.648193,3054.130127,2966.781006,2984.446045,13102093957,102,Ethereum,ETH-USD,Crypto,Cryptocurrency,https://1drv.ms/i/c/8705623eb284e7df/IQRB032Is1qmSqWe2uA2YrV2AVzGXU-EocnTDqBITRLSmRo?width=1140&height=760
06-02-2022,3057.476074,3061.26123,2965.429932,3014.959717,9466018022,102,Ethereum,ETH-USD,Crypto,Cryptocurrency,https://1drv.ms/i/c/8705623eb284e7df/IQRB032Is1qmSqWe2uA2YrV2AVzGXU-EocnTDqBITRLSmRo?width=1140&height=760
07-02-2022,3142.470703,3182.52832,3002.927002,3057.422119,15197063785,102,Ethereum,ETH-USD,Crypto,Cryptocurrency,https://1drv.ms/i/c/8705623eb284e7df/IQRB032Is1qmSqWe2uA2YrV2AVzGXU-EocnTDqBITRLSmRo?width=1140&height=760
08-02-2022,3122.608643,3219.472656,3038.37793,3143.008545,17136080906,102,Ethereum,ETH-USD,Crypto,Cryptocurrency,https://1drv.ms/i/c/8705623eb284e7df/IQRB032Is1qmSqWe2uA2YrV2AVzGXU-EocnTDqBITRLSmRo?width=1140&height=760
09-02-2022,3239.457031,3263.155762,3063.160156,3121.182617,13951308490,102,Ethereum,ETH-USD,Crypto,Cryptocurrency,https://1drv.ms/i/c/8705623eb284e7df/IQRB032Is1qmSqWe2uA2YrV2AVzGXU-EocnTDqBITRLSmRo?width=1140&height=760
10-02-2022,3077.482178,3271.316162,3070.378174,3240.113037,18629485080,102,Ethereum,ETH-USD,Crypto,Cryptocurrency,https://1drv.ms/i/c/8705623eb284e7df/IQRB032Is1qmSqWe2uA2YrV2AVzGXU-EocnTDqBITRLSmRo?width=1140&height=760
11-02-2022,2927.383545,3127.450684,2888.707764,3077.413086,16043881065,102,Ethereum,ETH-USD,Crypto,Cryptocurrency,https://1drv.ms/i/c/8705623eb284e7df/IQRB032Is1qmSqWe2uA2YrV2AVzGXU-EocnTDqBITRLSmRo?width=1140&height=760
12-02-2022,2917.362793,2980.079346,2870.177002,2927.386475,11254355757,102,Ethereum,ETH-USD,Crypto,Cryptocurrency,https://1drv.ms/i/c/8705623eb284e7df/IQRB032Is1qmSqWe2uA2YrV2AVzGXU-EocnTDqBITRLSmRo?width=1140&height=760
13-02-2022,2883.463379,2947.776611,2845.397705,2916.789551,9054963563,102,Ethereum,ETH-USD,Crypto,Cryptocurrency,https://1drv.ms/i/c/8705623eb284e7df/IQRB032Is1qmSqWe2uA2YrV2AVzGXU-EocnTDqBITRLSmRo?width=1140&height=760
14-02-2022,2933.479004,2957.963623,2840.257568,2880.187744,12164552172,102,Ethereum,ETH-USD,Crypto,Cryptocurrency,https://1drv.ms/i/c/8705623eb284e7df/IQRB032Is1qmSqWe2uA2YrV2AVzGXU-EocnTDqBITRLSmRo?width=1140&height=760
15-02-2022,3179.877197,3185.520752,2917.857178,2933.729004,13921257873,102,Ethereum,ETH-USD,Crypto,Cryptocurrency,https://1drv.ms/i/c/8705623eb284e7df/IQRB032Is1qmSqWe2uA2YrV2AVzGXU-EocnTDqBITRLSmRo?width=1140&height=760
16-02-2022,3127.830078,3181.616943,3055.168213,3180.446777,12352406833,102,Ethereum,ETH-USD,Crypto,Cryptocurrency,https://1drv.ms/i/c/8705623eb284e7df/IQRB032Is1qmSqWe2uA2YrV2AVzGXU-EocnTDqBITRLSmRo?width=1140&height=760
17-02-2022,2881.481934,3154.615234,2861.852051,3126.858398,15860206214,102,Ethereum,ETH-USD,Crypto,Cryptocurrency,https://1drv.ms/i/c/8705623eb284e7df/IQRB032Is1qmSqWe2uA2YrV2AVzGXU-EocnTDqBITRLSmRo?width=1140&height=760
18-02-2022,2785.727539,2937.308594,2761.643311,2884.340576,15748173433,102,Ethereum,ETH-USD,Crypto,Cryptocurrency,https://1drv.ms/i/c/8705623eb284e7df/IQRB032Is1qmSqWe2uA2YrV2AVzGXU-EocnTDqBITRLSmRo?width=1140&height=760
19-02-2022,2763.701172,2826.3479,2707.378418,2784.872803,9774183169,102,Ethereum,ETH-USD,Crypto,Cryptocurrency,https://1drv.ms/i/c/8705623eb284e7df/IQRB032Is1qmSqWe2uA2YrV2AVzGXU-EocnTDqBITRLSmRo?width=1140&height=760
20-02-2022,2628.648438,2763.756592,2585.946289,2763.756592,11641437834,102,Ethereum,ETH-USD,Crypto,Cryptocurrency,https://1drv.ms/i/c/8705623eb284e7df/IQRB032Is1qmSqWe2uA2YrV2AVzGXU-EocnTDqBITRLSmRo?width=1140&height=760
21-02-2022,2573.816162,2752.458496,2568.254395,2627.665527,18646392740,102,Ethereum,ETH-USD,Crypto,Cryptocurrency,https://1drv.ms/i/c/8705623eb284e7df/IQRB032Is1qmSqWe2uA2YrV2AVzGXU-EocnTDqBITRLSmRo?width=1140&height=760
22-02-2022,2639.299316,2648.916748,2510.678711,2572.898682,16360200507,102,Ethereum,ETH-USD,Crypto,Cryptocurrency,https://1drv.ms/i/c/8705623eb284e7df/IQRB032Is1qmSqWe2uA2YrV2AVzGXU-EocnTDqBITRLSmRo?width=1140&height=760
23-02-2022,2590.359619,2741.368408,2587.412842,2639.447021,13382637240,102,Ethereum,ETH-USD,Crypto,Cryptocurrency,https://1drv.ms/i/c/8705623eb284e7df/IQRB032Is1qmSqWe2uA2YrV2AVzGXU-EocnTDqBITRLSmRo?width=1140&height=760
24-02-2022,2598.067139,2689.047607,2308.914795,2588.16626,29312342666,102,Ethereum,ETH-USD,Crypto,Cryptocurrency,https://1drv.ms/i/c/8705623eb284e7df/IQRB032Is1qmSqWe2uA2YrV2AVzGXU-EocnTDqBITRLSmRo?width=1140&height=760
25-02-2022,2764.535645,2821.972412,2579.208008,2598.436279,17208902048,102,Ethereum,ETH-USD,Crypto,Cryptocurrency,https://1drv.ms/i/c/8705623eb284e7df/IQRB032Is1qmSqWe2uA2YrV2AVzGXU-EocnTDqBITRLSmRo?width=1140&height=760
26-02-2022,2781.111816,2849.424072,2745.009033,2764.989502,11724648351,102,Ethereum,ETH-USD,Crypto,Cryptocurrency,https://1drv.ms/i/c/8705623eb284e7df/IQRB032Is1qmSqWe2uA2YrV2AVzGXU-EocnTDqBITRLSmRo?width=1140&height=760
27-02-2022,2621.801758,2831.125488,2581.615723,2780.504395,16150857254,102,Ethereum,ETH-USD,Crypto,Cryptocurrency,https://1drv.ms/i/c/8705623eb284e7df/IQRB032Is1qmSqWe2uA2YrV2AVzGXU-EocnTDqBITRLSmRo?width=1140&height=760
28-02-2022,2919.201172,2929.18042,2586.388184,2621.172119,19266124733,102,Ethereum,ETH-USD,Crypto,Cryptocurrency,https://1drv.ms/i/c/8705623eb284e7df/IQRB032Is1qmSqWe2uA2YrV2AVzGXU-EocnTDqBITRLSmRo?width=1140&height=760
01-03-2022,2972.485107,3029.651611,2868.938965,2919.775879,18757425786,102,Ethereum,ETH-USD,Crypto,Cryptocurrency,https://1drv.ms/i/c/8705623eb284e7df/IQRB032Is1qmSqWe2uA2YrV2AVzGXU-EocnTDqBITRLSmRo?width=1140&height=760
02-03-2022,2950.118408,3026.868164,2919.943115,2972.471924,16636517503,102,Ethereum,ETH-USD,Crypto,Cryptocurrency,https://1drv.ms/i/c/8705623eb284e7df/IQRB032Is1qmSqWe2uA2YrV2AVzGXU-EocnTDqBITRLSmRo?width=1140&height=760
03-03-2022,2834.468994,2964.67334,2797.319336,2950.156738,13091199728,102,Ethereum,ETH-USD,Crypto,Cryptocurrency,https://1drv.ms/i/c/8705623eb284e7df/IQRB032Is1qmSqWe2uA2YrV2AVzGXU-EocnTDqBITRLSmRo?width=1140&height=760
04-03-2022,2617.156006,2835.17627,2587.748291,2834.987305,14496939024,102,Ethereum,ETH-USD,Crypto,Cryptocurrency,https://1drv.ms/i/c/8705623eb284e7df/IQRB032Is1qmSqWe2uA2YrV2AVzGXU-EocnTDqBITRLSmRo?width=1140&height=760
05-03-2022,2664.831055,2679.102539,2596.98999,2618.473633,8072368396,102,Ethereum,ETH-USD,Crypto,Cryptocurrency,https://1drv.ms/i/c/8705623eb284e7df/IQRB032Is1qmSqWe2uA2YrV2AVzGXU-EocnTDqBITRLSmRo?width=1140&height=760
06-03-2022,2555.037354,2673.637207,2555.037354,2664.943604,8872976607,102,Ethereum,ETH-USD,Crypto,Cryptocurrency,https://1drv.ms/i/c/8705623eb284e7df/IQRB032Is1qmSqWe2uA2YrV2AVzGXU-EocnTDqBITRLSmRo?width=1140&height=760
07-03-2022,2497.77124,2639.943115,2455.59375,2555.297607,14594098731,102,Ethereum,ETH-USD,Crypto,Cryptocurrency,https://1drv.ms/i/c/8705623eb284e7df/IQRB032Is1qmSqWe2uA2YrV2AVzGXU-EocnTDqBITRLSmRo?width=1140&height=760
08-03-2022,2576.747559,2618.166016,2489.755127,2497.721436,13922922903,102,Ethereum,ETH-USD,Crypto,Cryptocurrency,https://1drv.ms/i/c/8705623eb284e7df/IQRB032Is1qmSqWe2uA2YrV2AVzGXU-EocnTDqBITRLSmRo?width=1140&height=760
09-03-2022,2729.783447,2761.796387,2573.655273,2577.165283,14173665398,102,Ethereum,ETH-USD,Crypto,Cryptocurrency,https://1drv.ms/i/c/8705623eb284e7df/IQRB032Is1qmSqWe2uA2YrV2AVzGXU-EocnTDqBITRLSmRo?width=1140&height=760
10-03-2022,2608.048584,2729.116455,2566.193115,2729.116455,13292477213,102,Ethereum,ETH-USD,Crypto,Cryptocurrency,https://1drv.ms/i/c/8705623eb284e7df/IQRB032Is1qmSqWe2uA2YrV2AVzGXU-EocnTDqBITRLSmRo?width=1140&height=760
11-03-2022,2559.562988,2664.558594,2534.688232,2608.27124,12382419582,102,Ethereum,ETH-USD,Crypto,Cryptocurrency,https://1drv.ms/i/c/8705623eb284e7df/IQRB032Is1qmSqWe2uA2YrV2AVzGXU-EocnTDqBITRLSmRo?width=1140&height=760
12-03-2022,2574.75415,2606.438721,2559.126953,2559.660645,6532996574,102,Ethereum,ETH-USD,Crypto,Cryptocurrency,https://1drv.ms/i/c/8705623eb284e7df/IQRB032Is1qmSqWe2uA2YrV2AVzGXU-EocnTDqBITRLSmRo?width=1140&height=760
13-03-2022,2518.94458,2594.549805,2503.885254,2573.488037,8632000379,102,Ethereum,ETH-USD,Crypto,Cryptocurrency,https://1drv.ms/i/c/8705623eb284e7df/IQRB032Is1qmSqWe2uA2YrV2AVzGXU-EocnTDqBITRLSmRo?width=1140&height=760
14-03-2022,2590.696045,2604.034424,2505.299316,2518.486328,11244398839,102,Ethereum,ETH-USD,Crypto,Cryptocurrency,https://1drv.ms/i/c/8705623eb284e7df/IQRB032Is1qmSqWe2uA2YrV2AVzGXU-EocnTDqBITRLSmRo?width=1140&height=760
15-03-2022,2620.149658,2662.32959,2515.765869,2590.668945,12861105614,102,Ethereum,ETH-USD,Crypto,Cryptocurrency,https://1drv.ms/i/c/8705623eb284e7df/IQRB032Is1qmSqWe2uA2YrV2AVzGXU-EocnTDqBITRLSmRo?width=1140&height=760
16-03-2022,2772.055664,2781.307129,2610.764404,2620.028564,17915109769,102,Ethereum,ETH-USD,Crypto,Cryptocurrency,https://1drv.ms/i/c/8705623eb284e7df/IQRB032Is1qmSqWe2uA2YrV2AVzGXU-EocnTDqBITRLSmRo?width=1140&height=760
17-03-2022,2814.854492,2826.160645,2751.560791,2771.964111,12685265194,102,Ethereum,ETH-USD,Crypto,Cryptocurrency,https://1drv.ms/i/c/8705623eb284e7df/IQRB032Is1qmSqWe2uA2YrV2AVzGXU-EocnTDqBITRLSmRo?width=1140&height=760
18-03-2022,2945.343018,2973.616211,2774.855713,2814.43457,15830879093,102,Ethereum,ETH-USD,Crypto,Cryptocurrency,https://1drv.ms/i/c/8705623eb284e7df/IQRB032Is1qmSqWe2uA2YrV2AVzGXU-EocnTDqBITRLSmRo?width=1140&height=760
19-03-2022,2946.25708,2979.987061,2910.802246,2944.72168,11576463120,102,Ethereum,ETH-USD,Crypto,Cryptocurrency,https://1drv.ms/i/c/8705623eb284e7df/IQRB032Is1qmSqWe2uA2YrV2AVzGXU-EocnTDqBITRLSmRo?width=1140&height=760
20-03-2022,2860.459229,2956.965576,2826.107422,2946.547607,12684727326,102,Ethereum,ETH-USD,Crypto,Cryptocurrency,https://1drv.ms/i/c/8705623eb284e7df/IQRB032Is1qmSqWe2uA2YrV2AVzGXU-EocnTDqBITRLSmRo?width=1140&height=760
21-03-2022,2897.976563,2954.556641,2838.250488,2860.103271,15206116098,102,Ethereum,ETH-USD,Crypto,Cryptocurrency,https://1drv.ms/i/c/8705623eb284e7df/IQRB032Is1qmSqWe2uA2YrV2AVzGXU-EocnTDqBITRLSmRo?width=1140&height=760
22-03-2022,2973.131104,3040.382813,2892.544434,2897.77417,16830539230,102,Ethereum,ETH-USD,Crypto,Cryptocurrency,https://1drv.ms/i/c/8705623eb284e7df/IQRB032Is1qmSqWe2uA2YrV2AVzGXU-EocnTDqBITRLSmRo?width=1140&height=760
23-03-2022,3031.067139,3036.752197,2933.306641,2973.14502,16008767658,102,Ethereum,ETH-USD,Crypto,Cryptocurrency,https://1drv.ms/i/c/8705623eb284e7df/IQRB032Is1qmSqWe2uA2YrV2AVzGXU-EocnTDqBITRLSmRo?width=1140&height=760
24-03-2022,3108.062012,3118.387695,3012.32666,3031.060791,18070503166,102,Ethereum,ETH-USD,Crypto,Cryptocurrency,https://1drv.ms/i/c/8705623eb284e7df/IQRB032Is1qmSqWe2uA2YrV2AVzGXU-EocnTDqBITRLSmRo?width=1140&height=760
25-03-2022,3106.671387,3183.958008,3087.490723,3108.448975,17030503831,102,Ethereum,ETH-USD,Crypto,Cryptocurrency,https://1drv.ms/i/c/8705623eb284e7df/IQRB032Is1qmSqWe2uA2YrV2AVzGXU-EocnTDqBITRLSmRo?width=1140&height=760
26-03-2022,3143.178955,3146.825439,3091.825439,3106.405273,8876420740,102,Ethereum,ETH-USD,Crypto,Cryptocurrency,https://1drv.ms/i/c/8705623eb284e7df/IQRB032Is1qmSqWe2uA2YrV2AVzGXU-EocnTDqBITRLSmRo?width=1140&height=760
27-03-2022,3291.577637,3291.577637,3129.997803,3143.795654,13431866834,102,Ethereum,ETH-USD,Crypto,Cryptocurrency,https://1drv.ms/i/c/8705623eb284e7df/IQRB032Is1qmSqWe2uA2YrV2AVzGXU-EocnTDqBITRLSmRo?width=1140&height=760
28-03-2022,3336.634521,3424.019287,3279.0271,3292.32251,20620450770,102,Ethereum,ETH-USD,Crypto,Cryptocurrency,https://1drv.ms/i/c/8705623eb284e7df/IQRB032Is1qmSqWe2uA2YrV2AVzGXU-EocnTDqBITRLSmRo?width=1140&height=760
29-03-2022,3401.987793,3470.186279,3335.02124,3335.02124,19533323636,102,Ethereum,ETH-USD,Crypto,Cryptocurrency,https://1drv.ms/i/c/8705623eb284e7df/IQRB032Is1qmSqWe2uA2YrV2AVzGXU-EocnTDqBITRLSmRo?width=1140&height=760
30-03-2022,3385.157959,3435.286133,3349.237061,3401.526123,15302506131,102,Ethereum,ETH-USD,Crypto,Cryptocurrency,https://1drv.ms/i/c/8705623eb284e7df/IQRB032Is1qmSqWe2uA2YrV2AVzGXU-EocnTDqBITRLSmRo?width=1140&height=760
31-03-2022,3281.642822,3435.128418,3272.93457,3385.289307,17685495686,102,Ethereum,ETH-USD,Crypto,Cryptocurrency,https://1drv.ms/i/c/8705623eb284e7df/IQRB032Is1qmSqWe2uA2YrV2AVzGXU-EocnTDqBITRLSmRo?width=1140&height=760
01-04-2022,3449.552246,3467.555908,3223.891357,3282.576172,20982988937,102,Ethereum,ETH-USD,Crypto,Cryptocurrency,https://1drv.ms/i/c/8705623eb284e7df/IQRB032Is1qmSqWe2uA2YrV2AVzGXU-EocnTDqBITRLSmRo?width=1140&height=760
02-04-2022,3445.059326,3521.284668,3442.000244,3449.788574,23571556215,102,Ethereum,ETH-USD,Crypto,Cryptocurrency,https://1drv.ms/i/c/8705623eb284e7df/IQRB032Is1qmSqWe2uA2YrV2AVzGXU-EocnTDqBITRLSmRo?width=1140&height=760
03-04-2022,3522.833496,3573.960205,3421.259766,3444.810547,15333808649,102,Ethereum,ETH-USD,Crypto,Cryptocurrency,https://1drv.ms/i/c/8705623eb284e7df/IQRB032Is1qmSqWe2uA2YrV2AVzGXU-EocnTDqBITRLSmRo?width=1140&height=760
04-04-2022,3521.241211,3535.148193,3422.000977,3522.36499,18209969743,102,Ethereum,ETH-USD,Crypto,Cryptocurrency,https://1drv.ms/i/c/8705623eb284e7df/IQRB032Is1qmSqWe2uA2YrV2AVzGXU-EocnTDqBITRLSmRo?width=1140&height=760
05-04-2022,3411.79248,3546.706787,3410.547607,3521.239746,16681503199,102,Ethereum,ETH-USD,Crypto,Cryptocurrency,https://1drv.ms/i/c/8705623eb284e7df/IQRB032Is1qmSqWe2uA2YrV2AVzGXU-EocnTDqBITRLSmRo?width=1140&height=760
06-04-2022,3171.691895,3411.672119,3171.205078,3411.672119,25632563639,102,Ethereum,ETH-USD,Crypto,Cryptocurrency,https://1drv.ms/i/c/8705623eb284e7df/IQRB032Is1qmSqWe2uA2YrV2AVzGXU-EocnTDqBITRLSmRo?width=1140&height=760
07-04-2022,3233.274658,3263.474609,3155.581055,3172.197266,16745496605,102,Ethereum,ETH-USD,Crypto,Cryptocurrency,https://1drv.ms/i/c/8705623eb284e7df/IQRB032Is1qmSqWe2uA2YrV2AVzGXU-EocnTDqBITRLSmRo?width=1140&height=760
08-04-2022,3192.073975,3301.607422,3179.142334,3233.272461,17557050669,102,Ethereum,ETH-USD,Crypto,Cryptocurrency,https://1drv.ms/i/c/8705623eb284e7df/IQRB032Is1qmSqWe2uA2YrV2AVzGXU-EocnTDqBITRLSmRo?width=1140&height=760
09-04-2022,3261.91626,3261.963135,3187.469238,3191.976074,9908112156,102,Ethereum,ETH-USD,Crypto,Cryptocurrency,https://1drv.ms/i/c/8705623eb284e7df/IQRB032Is1qmSqWe2uA2YrV2AVzGXU-EocnTDqBITRLSmRo?width=1140&height=760
10-04-2022,3211.866943,3303.003174,3211.866943,3261.291504,10427054790,102,Ethereum,ETH-USD,Crypto,Cryptocurrency,https://1drv.ms/i/c/8705623eb284e7df/IQRB032Is1qmSqWe2uA2YrV2AVzGXU-EocnTDqBITRLSmRo?width=1140&height=760
11-04-2022,2981.052246,3214.461914,2962.756592,3209.576904,21891804831,102,Ethereum,ETH-USD,Crypto,Cryptocurrency,https://1drv.ms/i/c/8705623eb284e7df/IQRB032Is1qmSqWe2uA2YrV2AVzGXU-EocnTDqBITRLSmRo?width=1140&height=760
12-04-2022,3030.376465,3077.452637,2957.872314,2981.420654,20235707410,102,Ethereum,ETH-USD,Crypto,Cryptocurrency,https://1drv.ms/i/c/8705623eb284e7df/IQRB032Is1qmSqWe2uA2YrV2AVzGXU-EocnTDqBITRLSmRo?width=1140&height=760
13-04-2022,3118.344238,3123.575439,3006.481689,3029.87793,16088473629,102,Ethereum,ETH-USD,Crypto,Cryptocurrency,https://1drv.ms/i/c/8705623eb284e7df/IQRB032Is1qmSqWe2uA2YrV2AVzGXU-EocnTDqBITRLSmRo?width=1140&height=760
14-04-2022,3019.909424,3139.928711,2988.435303,3117.821777,15821419931,102,Ethereum,ETH-USD,Crypto,Cryptocurrency,https://1drv.ms/i/c/8705623eb284e7df/IQRB032Is1qmSqWe2uA2YrV2AVzGXU-EocnTDqBITRLSmRo?width=1140&height=760
15-04-2022,3040.916504,3044.287354,3001.123291,3020.134521,11256651536,102,Ethereum,ETH-USD,Crypto,Cryptocurrency,https://1drv.ms/i/c/8705623eb284e7df/IQRB032Is1qmSqWe2uA2YrV2AVzGXU-EocnTDqBITRLSmRo?width=1140&height=760
16-04-2022,3062.310303,3074.886963,3016.421143,3041.123291,8766710365,102,Ethereum,ETH-USD,Crypto,Cryptocurrency,https://1drv.ms/i/c/8705623eb284e7df/IQRB032Is1qmSqWe2uA2YrV2AVzGXU-EocnTDqBITRLSmRo?width=1140&height=760
17-04-2022,2993.40332,3075.775879,2989.043945,3061.881836,10463091281,102,Ethereum,ETH-USD,Crypto,Cryptocurrency,https://1drv.ms/i/c/8705623eb284e7df/IQRB032Is1qmSqWe2uA2YrV2AVzGXU-EocnTDqBITRLSmRo?width=1140&height=760
18-04-2022,3057.606689,3062.520996,2893.912842,2993.483887,18629381299,102,Ethereum,ETH-USD,Crypto,Cryptocurrency,https://1drv.ms/i/c/8705623eb284e7df/IQRB032Is1qmSqWe2uA2YrV2AVzGXU-EocnTDqBITRLSmRo?width=1140&height=760
19-04-2022,3104.106445,3125.084229,3035.535156,3057.570313,14156035096,102,Ethereum,ETH-USD,Crypto,Cryptocurrency,https://1drv.ms/i/c/8705623eb284e7df/IQRB032Is1qmSqWe2uA2YrV2AVzGXU-EocnTDqBITRLSmRo?width=1140&height=760
20-04-2022,3077.74585,3157.885742,3045.28833,3103.935059,15547362265,102,Ethereum,ETH-USD,Crypto,Cryptocurrency,https://1drv.ms/i/c/8705623eb284e7df/IQRB032Is1qmSqWe2uA2YrV2AVzGXU-EocnTDqBITRLSmRo?width=1140&height=760
21-04-2022,2987.480713,3173.451416,2962.4104,3077.829346,20783591093,102,Ethereum,ETH-USD,Crypto,Cryptocurrency,https://1drv.ms/i/c/8705623eb284e7df/IQRB032Is1qmSqWe2uA2YrV2AVzGXU-EocnTDqBITRLSmRo?width=1140&height=760
22-04-2022,2964.835693,3024.854492,2942.358643,2986.938721,16782795477,102,Ethereum,ETH-USD,Crypto,Cryptocurrency,https://1drv.ms/i/c/8705623eb284e7df/IQRB032Is1qmSqWe2uA2YrV2AVzGXU-EocnTDqBITRLSmRo?width=1140&height=760
23-04-2022,2938.114014,2975.322754,2926.740234,2964.802246,9116955609,102,Ethereum,ETH-USD,Crypto,Cryptocurrency,https://1drv.ms/i/c/8705623eb284e7df/IQRB032Is1qmSqWe2uA2YrV2AVzGXU-EocnTDqBITRLSmRo?width=1140&height=760
24-04-2022,2922.732666,2961.88208,2922.128662,2937.347168,9696829579,102,Ethereum,ETH-USD,Crypto,Cryptocurrency,https://1drv.ms/i/c/8705623eb284e7df/IQRB032Is1qmSqWe2uA2YrV2AVzGXU-EocnTDqBITRLSmRo?width=1140&height=760
25-04-2022,3009.393555,3018.415527,2804.50708,2922.990234,22332690614,102,Ethereum,ETH-USD,Crypto,Cryptocurrency,https://1drv.ms/i/c/8705623eb284e7df/IQRB032Is1qmSqWe2uA2YrV2AVzGXU-EocnTDqBITRLSmRo?width=1140&height=760
26-04-2022,2808.29834,3026.415039,2786.253174,3008.946289,19052045399,102,Ethereum,ETH-USD,Crypto,Cryptocurrency,https://1drv.ms/i/c/8705623eb284e7df/IQRB032Is1qmSqWe2uA2YrV2AVzGXU-EocnTDqBITRLSmRo?width=1140&height=760
27-04-2022,2888.929688,2911.877441,2802.273438,2808.645996,17419284041,102,Ethereum,ETH-USD,Crypto,Cryptocurrency,https://1drv.ms/i/c/8705623eb284e7df/IQRB032Is1qmSqWe2uA2YrV2AVzGXU-EocnTDqBITRLSmRo?width=1140&height=760
28-04-2022,2936.940918,2973.13501,2861.821533,2888.849854,18443524633,102,Ethereum,ETH-USD,Crypto,Cryptocurrency,https://1drv.ms/i/c/8705623eb284e7df/IQRB032Is1qmSqWe2uA2YrV2AVzGXU-EocnTDqBITRLSmRo?width=1140&height=760
29-04-2022,2815.601807,2943.445801,2782.435303,2936.776611,18771041399,102,Ethereum,ETH-USD,Crypto,Cryptocurrency,https://1drv.ms/i/c/8705623eb284e7df/IQRB032Is1qmSqWe2uA2YrV2AVzGXU-EocnTDqBITRLSmRo?width=1140&height=760
30-04-2022,2730.186768,2836.827637,2727.40625,2815.533447,13520941867,102,Ethereum,ETH-USD,Crypto,Cryptocurrency,https://1drv.ms/i/c/8705623eb284e7df/IQRB032Is1qmSqWe2uA2YrV2AVzGXU-EocnTDqBITRLSmRo?width=1140&height=760
01-05-2022,2827.756104,2838.704346,2728.078857,2729.994141,15332730152,102,Ethereum,ETH-USD,Crypto,Cryptocurrency,https://1drv.ms/i/c/8705623eb284e7df/IQRB032Is1qmSqWe2uA2YrV2AVzGXU-EocnTDqBITRLSmRo?width=1140&height=760
02-05-2022,2857.4104,2874.145996,2785.522949,2827.614014,18609741545,102,Ethereum,ETH-USD,Crypto,Cryptocurrency,https://1drv.ms/i/c/8705623eb284e7df/IQRB032Is1qmSqWe2uA2YrV2AVzGXU-EocnTDqBITRLSmRo?width=1140&height=760
03-05-2022,2783.476318,2859.193359,2762.118652,2857.152344,13026093219,102,Ethereum,ETH-USD,Crypto,Cryptocurrency,https://1drv.ms/i/c/8705623eb284e7df/IQRB032Is1qmSqWe2uA2YrV2AVzGXU-EocnTDqBITRLSmRo?width=1140&height=760
04-05-2022,2940.644775,2956.686768,2779.273682,2783.131104,18186749944,102,Ethereum,ETH-USD,Crypto,Cryptocurrency,https://1drv.ms/i/c/8705623eb284e7df/IQRB032Is1qmSqWe2uA2YrV2AVzGXU-EocnTDqBITRLSmRo?width=1140&height=760
05-05-2022,2749.213135,2948.960693,2704.91626,2940.226563,22642925048,102,Ethereum,ETH-USD,Crypto,Cryptocurrency,https://1drv.ms/i/c/8705623eb284e7df/IQRB032Is1qmSqWe2uA2YrV2AVzGXU-EocnTDqBITRLSmRo?width=1140&height=760
06-05-2022,2694.979736,2754.837646,2645.335205,2748.931641,21027599270,102,Ethereum,ETH-USD,Crypto,Cryptocurrency,https://1drv.ms/i/c/8705623eb284e7df/IQRB032Is1qmSqWe2uA2YrV2AVzGXU-EocnTDqBITRLSmRo?width=1140&height=760
07-05-2022,2636.093018,2696.652832,2599.523438,2694.991943,13369276367,102,Ethereum,ETH-USD,Crypto,Cryptocurrency,https://1drv.ms/i/c/8705623eb284e7df/IQRB032Is1qmSqWe2uA2YrV2AVzGXU-EocnTDqBITRLSmRo?width=1140&height=760
08-05-2022,2517.459961,2638.830566,2498.430176,2636.121826,20802269935,102,Ethereum,ETH-USD,Crypto,Cryptocurrency,https://1drv.ms/i/c/8705623eb284e7df/IQRB032Is1qmSqWe2uA2YrV2AVzGXU-EocnTDqBITRLSmRo?width=1140&height=760
09-05-2022,2245.43042,2528.258057,2238.062744,2518.508301,36333567678,102,Ethereum,ETH-USD,Crypto,Cryptocurrency,https://1drv.ms/i/c/8705623eb284e7df/IQRB032Is1qmSqWe2uA2YrV2AVzGXU-EocnTDqBITRLSmRo?width=1140&height=760
10-05-2022,2343.510986,2450.760254,2206.756836,2242.650391,38202099639,102,Ethereum,ETH-USD,Crypto,Cryptocurrency,https://1drv.ms/i/c/8705623eb284e7df/IQRB032Is1qmSqWe2uA2YrV2AVzGXU-EocnTDqBITRLSmRo?width=1140&height=760
11-05-2022,2072.108643,2441.079346,2018.855591,2342.75415,45743399154,102,Ethereum,ETH-USD,Crypto,Cryptocurrency,https://1drv.ms/i/c/8705623eb284e7df/IQRB032Is1qmSqWe2uA2YrV2AVzGXU-EocnTDqBITRLSmRo?width=1140&height=760
12-05-2022,1961.701538,2170.458008,1748.303101,2072.504639,42463486402,102,Ethereum,ETH-USD,Crypto,Cryptocurrency,https://1drv.ms/i/c/8705623eb284e7df/IQRB032Is1qmSqWe2uA2YrV2AVzGXU-EocnTDqBITRLSmRo?width=1140&height=760
13-05-2022,2014.418213,2139.713379,1941.975952,1960.122559,24816096567,102,Ethereum,ETH-USD,Crypto,Cryptocurrency,https://1drv.ms/i/c/8705623eb284e7df/IQRB032Is1qmSqWe2uA2YrV2AVzGXU-EocnTDqBITRLSmRo?width=1140&height=760
14-05-2022,2056.273926,2063.429932,1956.572998,2014.28064,15457044616,102,Ethereum,ETH-USD,Crypto,Cryptocurrency,https://1drv.ms/i/c/8705623eb284e7df/IQRB032Is1qmSqWe2uA2YrV2AVzGXU-EocnTDqBITRLSmRo?width=1140&height=760
15-05-2022,2145.706787,2147.194336,2008.16272,2056.183105,14846088335,102,Ethereum,ETH-USD,Crypto,Cryptocurrency,https://1drv.ms/i/c/8705623eb284e7df/IQRB032Is1qmSqWe2uA2YrV2AVzGXU-EocnTDqBITRLSmRo?width=1140&height=760
16-05-2022,2022.725952,2145.836914,1988.811768,2145.836914,21459552191,102,Ethereum,ETH-USD,Crypto,Cryptocurrency,https://1drv.ms/i/c/8705623eb284e7df/IQRB032Is1qmSqWe2uA2YrV2AVzGXU-EocnTDqBITRLSmRo?width=1140&height=760
17-05-2022,2090.40918,2113.059814,2015.971558,2022.882324,18509929297,102,Ethereum,ETH-USD,Crypto,Cryptocurrency,https://1drv.ms/i/c/8705623eb284e7df/IQRB032Is1qmSqWe2uA2YrV2AVzGXU-EocnTDqBITRLSmRo?width=1140&height=760
18-05-2022,1916.656128,2102.32666,1916.656128,2090.459961,17740965589,102,Ethereum,ETH-USD,Crypto,Cryptocurrency,https://1drv.ms/i/c/8705623eb284e7df/IQRB032Is1qmSqWe2uA2YrV2AVzGXU-EocnTDqBITRLSmRo?width=1140&height=760
19-05-2022,2018.336182,2028.388184,1907.020508,1916.149536,18734247914,102,Ethereum,ETH-USD,Crypto,Cryptocurrency,https://1drv.ms/i/c/8705623eb284e7df/IQRB032Is1qmSqWe2uA2YrV2AVzGXU-EocnTDqBITRLSmRo?width=1140&height=760
20-05-2022,1961.315674,2054.795898,1926.676758,2018.000122,15892482289,102,Ethereum,ETH-USD,Crypto,Cryptocurrency,https://1drv.ms/i/c/8705623eb284e7df/IQRB032Is1qmSqWe2uA2YrV2AVzGXU-EocnTDqBITRLSmRo?width=1140&height=760
21-05-2022,1974.518311,1985.395996,1944.265137,1961.017944,8546822406,102,Ethereum,ETH-USD,Crypto,Cryptocurrency,https://1drv.ms/i/c/8705623eb284e7df/IQRB032Is1qmSqWe2uA2YrV2AVzGXU-EocnTDqBITRLSmRo?width=1140&height=760
22-05-2022,2043.170166,2047.191406,1966.038818,1974.670654,10941123403,102,Ethereum,ETH-USD,Crypto,Cryptocurrency,https://1drv.ms/i/c/8705623eb284e7df/IQRB032Is1qmSqWe2uA2YrV2AVzGXU-EocnTDqBITRLSmRo?width=1140&height=760
23-05-2022,1972.181885,2080.333496,1964.386597,2042.344727,16434529708,102,Ethereum,ETH-USD,Crypto,Cryptocurrency,https://1drv.ms/i/c/8705623eb284e7df/IQRB032Is1qmSqWe2uA2YrV2AVzGXU-EocnTDqBITRLSmRo?width=1140&height=760
24-05-2022,1978.982788,1991.535522,1920.68811,1972.390869,13057109007,102,Ethereum,ETH-USD,Crypto,Cryptocurrency,https://1drv.ms/i/c/8705623eb284e7df/IQRB032Is1qmSqWe2uA2YrV2AVzGXU-EocnTDqBITRLSmRo?width=1140&height=760
25-05-2022,1944.827881,2014.369507,1943.938599,1978.677002,13364545730,102,Ethereum,ETH-USD,Crypto,Cryptocurrency,https://1drv.ms/i/c/8705623eb284e7df/IQRB032Is1qmSqWe2uA2YrV2AVzGXU-EocnTDqBITRLSmRo?width=1140&height=760
26-05-2022,1803.91333,1962.171143,1759.199585,1945.033325,23458681818,102,Ethereum,ETH-USD,Crypto,Cryptocurrency,https://1drv.ms/i/c/8705623eb284e7df/IQRB032Is1qmSqWe2uA2YrV2AVzGXU-EocnTDqBITRLSmRo?width=1140&height=760
27-05-2022,1724.922852,1814.656494,1721.264771,1802.543823,25470760032,102,Ethereum,ETH-USD,Crypto,Cryptocurrency,https://1drv.ms/i/c/8705623eb284e7df/IQRB032Is1qmSqWe2uA2YrV2AVzGXU-EocnTDqBITRLSmRo?width=1140&height=760
28-05-2022,1757.941772,1757.941772,1724.635986,1724.635986,23214777872,102,Ethereum,ETH-USD,Crypto,Cryptocurrency,https://1drv.ms/i/c/8705623eb284e7df/IQRB032Is1qmSqWe2uA2YrV2AVzGXU-EocnTDqBITRLSmRo?width=1140&height=760
29-05-2022,1812.031006,1818.776611,1765.937378,1792.184448,10642556101,102,Ethereum,ETH-USD,Crypto,Cryptocurrency,https://1drv.ms/i/c/8705623eb284e7df/IQRB032Is1qmSqWe2uA2YrV2AVzGXU-EocnTDqBITRLSmRo?width=1140&height=760
30-05-2022,1996.441284,2005.210815,1804.456055,1811.885986,19580808705,102,Ethereum,ETH-USD,Crypto,Cryptocurrency,https://1drv.ms/i/c/8705623eb284e7df/IQRB032Is1qmSqWe2uA2YrV2AVzGXU-EocnTDqBITRLSmRo?width=1140&height=760
31-05-2022,1942.328003,2005.490967,1932.352051,1996.408081,18363115560,102,Ethereum,ETH-USD,Crypto,Cryptocurrency,https://1drv.ms/i/c/8705623eb284e7df/IQRB032Is1qmSqWe2uA2YrV2AVzGXU-EocnTDqBITRLSmRo?width=1140&height=760
01-06-2022,1823.569336,1965.166626,1776.053223,1942.050659,21037797760,102,Ethereum,ETH-USD,Crypto,Cryptocurrency,https://1drv.ms/i/c/8705623eb284e7df/IQRB032Is1qmSqWe2uA2YrV2AVzGXU-EocnTDqBITRLSmRo?width=1140&height=760
02-06-2022,1834.150513,1845.313965,1789.664185,1822.412109,17065041354,102,Ethereum,ETH-USD,Crypto,Cryptocurrency,https://1drv.ms/i/c/8705623eb284e7df/IQRB032Is1qmSqWe2uA2YrV2AVzGXU-EocnTDqBITRLSmRo?width=1140&height=760
03-06-2022,1775.078613,1840.058838,1746.509766,1834.13501,14878001811,102,Ethereum,ETH-USD,Crypto,Cryptocurrency,https://1drv.ms/i/c/8705623eb284e7df/IQRB032Is1qmSqWe2uA2YrV2AVzGXU-EocnTDqBITRLSmRo?width=1140&height=760
04-06-2022,1801.609497,1810.299683,1751.533325,1775.220825,8677951273,102,Ethereum,ETH-USD,Crypto,Cryptocurrency,https://1drv.ms/i/c/8705623eb284e7df/IQRB032Is1qmSqWe2uA2YrV2AVzGXU-EocnTDqBITRLSmRo?width=1140&height=760
05-06-2022,1805.204956,1825.859619,1777.133301,1801.81897,8850385937,102,Ethereum,ETH-USD,Crypto,Cryptocurrency,https://1drv.ms/i/c/8705623eb284e7df/IQRB032Is1qmSqWe2uA2YrV2AVzGXU-EocnTDqBITRLSmRo?width=1140&height=760
06-06-2022,1859.289673,1915.030518,1804.990234,1805.635986,16518471852,102,Ethereum,ETH-USD,Crypto,Cryptocurrency,https://1drv.ms/i/c/8705623eb284e7df/IQRB032Is1qmSqWe2uA2YrV2AVzGXU-EocnTDqBITRLSmRo?width=1140&height=760
07-06-2022,1814.04834,1862.914917,1729.413574,1859.33374,24020076750,102,Ethereum,ETH-USD,Crypto,Cryptocurrency,https://1drv.ms/i/c/8705623eb284e7df/IQRB032Is1qmSqWe2uA2YrV2AVzGXU-EocnTDqBITRLSmRo?width=1140&height=760
08-06-2022,1793.572266,1830.676025,1770.231201,1814.100708,18041476023,102,Ethereum,ETH-USD,Crypto,Cryptocurrency,https://1drv.ms/i/c/8705623eb284e7df/IQRB032Is1qmSqWe2uA2YrV2AVzGXU-EocnTDqBITRLSmRo?width=1140&height=760
09-06-2022,1789.82605,1827.293091,1779.867554,1793.512817,12013083393,102,Ethereum,ETH-USD,Crypto,Cryptocurrency,https://1drv.ms/i/c/8705623eb284e7df/IQRB032Is1qmSqWe2uA2YrV2AVzGXU-EocnTDqBITRLSmRo?width=1140&height=760
10-06-2022,1665.042236,1797.607788,1663.43396,1789.689941,18504740451,102,Ethereum,ETH-USD,Crypto,Cryptocurrency,https://1drv.ms/i/c/8705623eb284e7df/IQRB032Is1qmSqWe2uA2YrV2AVzGXU-EocnTDqBITRLSmRo?width=1140&height=760
11-06-2022,1529.663452,1679.314209,1507.03894,1665.217896,21127089064,102,Ethereum,ETH-USD,Crypto,Cryptocurrency,https://1drv.ms/i/c/8705623eb284e7df/IQRB032Is1qmSqWe2uA2YrV2AVzGXU-EocnTDqBITRLSmRo?width=1140&height=760
12-06-2022,1445.216553,1539.705078,1436.18396,1530.189697,23465074882,102,Ethereum,ETH-USD,Crypto,Cryptocurrency,https://1drv.ms/i/c/8705623eb284e7df/IQRB032Is1qmSqWe2uA2YrV2AVzGXU-EocnTDqBITRLSmRo?width=1140&height=760
13-06-2022,1204.582764,1448.738037,1181.948242,1443.835449,45162788786,102,Ethereum,ETH-USD,Crypto,Cryptocurrency,https://1drv.ms/i/c/8705623eb284e7df/IQRB032Is1qmSqWe2uA2YrV2AVzGXU-EocnTDqBITRLSmRo?width=1140&height=760
14-06-2022,1211.662842,1252.471802,1094.701904,1204.555298,33327826525,102,Ethereum,ETH-USD,Crypto,Cryptocurrency,https://1drv.ms/i/c/8705623eb284e7df/IQRB032Is1qmSqWe2uA2YrV2AVzGXU-EocnTDqBITRLSmRo?width=1140&height=760
15-06-2022,1233.206421,1236.627563,1025.684204,1211.365967,37539999450,102,Ethereum,ETH-USD,Crypto,Cryptocurrency,https://1drv.ms/i/c/8705623eb284e7df/IQRB032Is1qmSqWe2uA2YrV2AVzGXU-EocnTDqBITRLSmRo?width=1140&height=760
16-06-2022,1067.730713,1246.140625,1058.784546,1233.603516,18907671369,102,Ethereum,ETH-USD,Crypto,Cryptocurrency,https://1drv.ms/i/c/8705623eb284e7df/IQRB032Is1qmSqWe2uA2YrV2AVzGXU-EocnTDqBITRLSmRo?width=1140&height=760
17-06-2022,1086.519287,1112.471558,1060.867676,1067.987671,14591486540,102,Ethereum,ETH-USD,Crypto,Cryptocurrency,https://1drv.ms/i/c/8705623eb284e7df/IQRB032Is1qmSqWe2uA2YrV2AVzGXU-EocnTDqBITRLSmRo?width=1140&height=760
18-06-2022,993.6367798,1095.16687,896.1090088,1086.37793,21655406608,102,Ethereum,ETH-USD,Crypto,Cryptocurrency,https://1drv.ms/i/c/8705623eb284e7df/IQRB032Is1qmSqWe2uA2YrV2AVzGXU-EocnTDqBITRLSmRo?width=1140&height=760
19-06-2022,1127.656494,1142.34082,943.116333,993.4006348,21795481981,102,Ethereum,ETH-USD,Crypto,Cryptocurrency,https://1drv.ms/i/c/8705623eb284e7df/IQRB032Is1qmSqWe2uA2YrV2AVzGXU-EocnTDqBITRLSmRo?width=1140&height=760
20-06-2022,1127.642456,1159.985352,1066.113159,1127.65625,19739691429,102,Ethereum,ETH-USD,Crypto,Cryptocurrency,https://1drv.ms/i/c/8705623eb284e7df/IQRB032Is1qmSqWe2uA2YrV2AVzGXU-EocnTDqBITRLSmRo?width=1140&height=760
21-06-2022,1124.824585,1185.432495,1112.572632,1127.511841,15632089439,102,Ethereum,ETH-USD,Crypto,Cryptocurrency,https://1drv.ms/i/c/8705623eb284e7df/IQRB032Is1qmSqWe2uA2YrV2AVzGXU-EocnTDqBITRLSmRo?width=1140&height=760
22-06-2022,1051.421875,1126.261719,1049.763306,1125.372925,15010593493,102,Ethereum,ETH-USD,Crypto,Cryptocurrency,https://1drv.ms/i/c/8705623eb284e7df/IQRB032Is1qmSqWe2uA2YrV2AVzGXU-EocnTDqBITRLSmRo?width=1140&height=760
23-06-2022,1143.386719,1146.494263,1050.219604,1051.329346,14657862919,102,Ethereum,ETH-USD,Crypto,Cryptocurrency,https://1drv.ms/i/c/8705623eb284e7df/IQRB032Is1qmSqWe2uA2YrV2AVzGXU-EocnTDqBITRLSmRo?width=1140&height=760
24-06-2022,1226.844727,1238.616943,1134.514038,1143.204712,16981552654,102,Ethereum,ETH-USD,Crypto,Cryptocurrency,https://1drv.ms/i/c/8705623eb284e7df/IQRB032Is1qmSqWe2uA2YrV2AVzGXU-EocnTDqBITRLSmRo?width=1140&height=760
25-06-2022,1243.446899,1246.394287,1184.562012,1226.724731,12481946184,102,Ethereum,ETH-USD,Crypto,Cryptocurrency,https://1drv.ms/i/c/8705623eb284e7df/IQRB032Is1qmSqWe2uA2YrV2AVzGXU-EocnTDqBITRLSmRo?width=1140&height=760
26-06-2022,1199.831665,1272.131226,1199.406372,1242.987549,12096607824,102,Ethereum,ETH-USD,Crypto,Cryptocurrency,https://1drv.ms/i/c/8705623eb284e7df/IQRB032Is1qmSqWe2uA2YrV2AVzGXU-EocnTDqBITRLSmRo?width=1140&height=760
27-06-2022,1193.680664,1234.180786,1179.79248,1199.713135,12492225250,102,Ethereum,ETH-USD,Crypto,Cryptocurrency,https://1drv.ms/i/c/8705623eb284e7df/IQRB032Is1qmSqWe2uA2YrV2AVzGXU-EocnTDqBITRLSmRo?width=1140&height=760
28-06-2022,1144.579224,1229.739014,1141.159668,1193.254028,14023205651,102,Ethereum,ETH-USD,Crypto,Cryptocurrency,https://1drv.ms/i/c/8705623eb284e7df/IQRB032Is1qmSqWe2uA2YrV2AVzGXU-EocnTDqBITRLSmRo?width=1140&height=760
29-06-2022,1098.943848,1152.684814,1092.099121,1144.524414,15386286815,102,Ethereum,ETH-USD,Crypto,Cryptocurrency,https://1drv.ms/i/c/8705623eb284e7df/IQRB032Is1qmSqWe2uA2YrV2AVzGXU-EocnTDqBITRLSmRo?width=1140&height=760
30-06-2022,1067.298828,1103.69043,1009.094849,1099.353149,16350755497,102,Ethereum,ETH-USD,Crypto,Cryptocurrency,https://1drv.ms/i/c/8705623eb284e7df/IQRB032Is1qmSqWe2uA2YrV2AVzGXU-EocnTDqBITRLSmRo?width=1140&height=760
01-07-2022,1059.767334,1100.223877,1040.150757,1068.316772,17499453625,102,Ethereum,ETH-USD,Crypto,Cryptocurrency,https://1drv.ms/i/c/8705623eb284e7df/IQRB032Is1qmSqWe2uA2YrV2AVzGXU-EocnTDqBITRLSmRo?width=1140&height=760
02-07-2022,1066.512817,1073.052612,1033.962158,1060.121216,9935603640,102,Ethereum,ETH-USD,Crypto,Cryptocurrency,https://1drv.ms/i/c/8705623eb284e7df/IQRB032Is1qmSqWe2uA2YrV2AVzGXU-EocnTDqBITRLSmRo?width=1140&height=760
03-07-2022,1073.766968,1083.418945,1044.005615,1066.467407,8557248150,102,Ethereum,ETH-USD,Crypto,Cryptocurrency,https://1drv.ms/i/c/8705623eb284e7df/IQRB032Is1qmSqWe2uA2YrV2AVzGXU-EocnTDqBITRLSmRo?width=1140&height=760
04-07-2022,1151.059082,1152.943848,1048.396362,1073.794312,13670889311,102,Ethereum,ETH-USD,Crypto,Cryptocurrency,https://1drv.ms/i/c/8705623eb284e7df/IQRB032Is1qmSqWe2uA2YrV2AVzGXU-EocnTDqBITRLSmRo?width=1140&height=760
05-07-2022,1134.541016,1165.682739,1086.829956,1150.509766,16195518291,102,Ethereum,ETH-USD,Crypto,Cryptocurrency,https://1drv.ms/i/c/8705623eb284e7df/IQRB032Is1qmSqWe2uA2YrV2AVzGXU-EocnTDqBITRLSmRo?width=1140&height=760
06-07-2022,1186.973999,1193.636719,1116.247559,1134.822266,15373536703,102,Ethereum,ETH-USD,Crypto,Cryptocurrency,https://1drv.ms/i/c/8705623eb284e7df/IQRB032Is1qmSqWe2uA2YrV2AVzGXU-EocnTDqBITRLSmRo?width=1140&height=760
07-07-2022,1237.593384,1246.894897,1165.623169,1186.960938,14230795894,102,Ethereum,ETH-USD,Crypto,Cryptocurrency,https://1drv.ms/i/c/8705623eb284e7df/IQRB032Is1qmSqWe2uA2YrV2AVzGXU-EocnTDqBITRLSmRo?width=1140&height=760
08-07-2022,1222.506226,1262.885742,1200.632202,1237.580322,16315929082,102,Ethereum,ETH-USD,Crypto,Cryptocurrency,https://1drv.ms/i/c/8705623eb284e7df/IQRB032Is1qmSqWe2uA2YrV2AVzGXU-EocnTDqBITRLSmRo?width=1140&height=760
09-07-2022,1216.978271,1228.767944,1209.377563,1222.306885,8821353104,102,Ethereum,ETH-USD,Crypto,Cryptocurrency,https://1drv.ms/i/c/8705623eb284e7df/IQRB032Is1qmSqWe2uA2YrV2AVzGXU-EocnTDqBITRLSmRo?width=1140&height=760
10-07-2022,1168.401611,1216.904419,1157.175537,1216.904419,10984558039,102,Ethereum,ETH-USD,Crypto,Cryptocurrency,https://1drv.ms/i/c/8705623eb284e7df/IQRB032Is1qmSqWe2uA2YrV2AVzGXU-EocnTDqBITRLSmRo?width=1140&height=760
11-07-2022,1097.236572,1169.193848,1095.002808,1168.139038,12064180410,102,Ethereum,ETH-USD,Crypto,Cryptocurrency,https://1drv.ms/i/c/8705623eb284e7df/IQRB032Is1qmSqWe2uA2YrV2AVzGXU-EocnTDqBITRLSmRo?width=1140&height=760
12-07-2022,1038.19165,1097.259155,1038.13562,1097.259155,12583282453,102,Ethereum,ETH-USD,Crypto,Cryptocurrency,https://1drv.ms/i/c/8705623eb284e7df/IQRB032Is1qmSqWe2uA2YrV2AVzGXU-EocnTDqBITRLSmRo?width=1140&height=760
13-07-2022,1113.587158,1113.587158,1019.220337,1038.186646,18302588147,102,Ethereum,ETH-USD,Crypto,Cryptocurrency,https://1drv.ms/i/c/8705623eb284e7df/IQRB032Is1qmSqWe2uA2YrV2AVzGXU-EocnTDqBITRLSmRo?width=1140&height=760
14-07-2022,1191.526245,1202.953369,1077.405762,1113.515747,16688640823,102,Ethereum,ETH-USD,Crypto,Cryptocurrency,https://1drv.ms/i/c/8705623eb284e7df/IQRB032Is1qmSqWe2uA2YrV2AVzGXU-EocnTDqBITRLSmRo?width=1140&height=760
15-07-2022,1233.12915,1275.778198,1182.903198,1191.674805,17411448225,102,Ethereum,ETH-USD,Crypto,Cryptocurrency,https://1drv.ms/i/c/8705623eb284e7df/IQRB032Is1qmSqWe2uA2YrV2AVzGXU-EocnTDqBITRLSmRo?width=1140&height=760
16-07-2022,1352.626465,1377.94458,1195.605957,1232.791626,18364013796,102,Ethereum,ETH-USD,Crypto,Cryptocurrency,https://1drv.ms/i/c/8705623eb284e7df/IQRB032Is1qmSqWe2uA2YrV2AVzGXU-EocnTDqBITRLSmRo?width=1140&height=760
17-07-2022,1338.635742,1378.41748,1329.763306,1353.205078,16079711737,102,Ethereum,ETH-USD,Crypto,Cryptocurrency,https://1drv.ms/i/c/8705623eb284e7df/IQRB032Is1qmSqWe2uA2YrV2AVzGXU-EocnTDqBITRLSmRo?width=1140&height=760
18-07-2022,1578.717896,1578.717896,1338.80603,1338.80603,27440420623,102,Ethereum,ETH-USD,Crypto,Cryptocurrency,https://1drv.ms/i/c/8705623eb284e7df/IQRB032Is1qmSqWe2uA2YrV2AVzGXU-EocnTDqBITRLSmRo?width=1140&height=760
19-07-2022,1542.97522,1607.033081,1501.797485,1578.383911,27753529276,102,Ethereum,ETH-USD,Crypto,Cryptocurrency,https://1drv.ms/i/c/8705623eb284e7df/IQRB032Is1qmSqWe2uA2YrV2AVzGXU-EocnTDqBITRLSmRo?width=1140&height=760
20-07-2022,1520.200684,1612.645752,1500.803223,1542.954346,22942708340,102,Ethereum,ETH-USD,Crypto,Cryptocurrency,https://1drv.ms/i/c/8705623eb284e7df/IQRB032Is1qmSqWe2uA2YrV2AVzGXU-EocnTDqBITRLSmRo?width=1140&height=760
21-07-2022,1576.749512,1595.761963,1472.185425,1520.374512,20009556587,102,Ethereum,ETH-USD,Crypto,Cryptocurrency,https://1drv.ms/i/c/8705623eb284e7df/IQRB032Is1qmSqWe2uA2YrV2AVzGXU-EocnTDqBITRLSmRo?width=1140&height=760
22-07-2022,1537.405151,1641.209229,1523.641724,1576.745361,18926100582,102,Ethereum,ETH-USD,Crypto,Cryptocurrency,https://1drv.ms/i/c/8705623eb284e7df/IQRB032Is1qmSqWe2uA2YrV2AVzGXU-EocnTDqBITRLSmRo?width=1140&height=760
23-07-2022,1549.297485,1591.632568,1495.678101,1536.457397,14998811383,102,Ethereum,ETH-USD,Crypto,Cryptocurrency,https://1drv.ms/i/c/8705623eb284e7df/IQRB032Is1qmSqWe2uA2YrV2AVzGXU-EocnTDqBITRLSmRo?width=1140&height=760
24-07-2022,1599.476685,1654.428711,1548.671143,1549.222534,17217849557,102,Ethereum,ETH-USD,Crypto,Cryptocurrency,https://1drv.ms/i/c/8705623eb284e7df/IQRB032Is1qmSqWe2uA2YrV2AVzGXU-EocnTDqBITRLSmRo?width=1140&height=760
25-07-2022,1445.383423,1605.336914,1445.383423,1599.157227,20585056021,102,Ethereum,ETH-USD,Crypto,Cryptocurrency,https://1drv.ms/i/c/8705623eb284e7df/IQRB032Is1qmSqWe2uA2YrV2AVzGXU-EocnTDqBITRLSmRo?width=1140&height=760
26-07-2022,1441.806763,1445.151123,1362.95166,1445.151123,18238563509,102,Ethereum,ETH-USD,Crypto,Cryptocurrency,https://1drv.ms/i/c/8705623eb284e7df/IQRB032Is1qmSqWe2uA2YrV2AVzGXU-EocnTDqBITRLSmRo?width=1140&height=760
27-07-2022,1636.232666,1636.799438,1423.618896,1443.726807,23007524016,102,Ethereum,ETH-USD,Crypto,Cryptocurrency,https://1drv.ms/i/c/8705623eb284e7df/IQRB032Is1qmSqWe2uA2YrV2AVzGXU-EocnTDqBITRLSmRo?width=1140&height=760
28-07-2022,1725.46814,1774.576416,1604.890991,1636.231934,27231399966,102,Ethereum,ETH-USD,Crypto,Cryptocurrency,https://1drv.ms/i/c/8705623eb284e7df/IQRB032Is1qmSqWe2uA2YrV2AVzGXU-EocnTDqBITRLSmRo?width=1140&height=760
29-07-2022,1727.406982,1759.884033,1662.791138,1725.623901,23249531113,102,Ethereum,ETH-USD,Crypto,Cryptocurrency,https://1drv.ms/i/c/8705623eb284e7df/IQRB032Is1qmSqWe2uA2YrV2AVzGXU-EocnTDqBITRLSmRo?width=1140&height=760
30-07-2022,1695.969482,1738.016846,1678.108032,1727.06189,15576977870,102,Ethereum,ETH-USD,Crypto,Cryptocurrency,https://1drv.ms/i/c/8705623eb284e7df/IQRB032Is1qmSqWe2uA2YrV2AVzGXU-EocnTDqBITRLSmRo?width=1140&height=760
31-07-2022,1681.517334,1745.883179,1672.612793,1695.884766,14200735370,102,Ethereum,ETH-USD,Crypto,Cryptocurrency,https://1drv.ms/i/c/8705623eb284e7df/IQRB032Is1qmSqWe2uA2YrV2AVzGXU-EocnTDqBITRLSmRo?width=1140&height=760
01-08-2022,1635.195801,1700.170898,1613.416016,1681.445557,16191371176,102,Ethereum,ETH-USD,Crypto,Cryptocurrency,https://1drv.ms/i/c/8705623eb284e7df/IQRB032Is1qmSqWe2uA2YrV2AVzGXU-EocnTDqBITRLSmRo?width=1140&height=760
02-08-2022,1632.945435,1672.629761,1567.851074,1634.645874,20426082309,102,Ethereum,ETH-USD,Crypto,Cryptocurrency,https://1drv.ms/i/c/8705623eb284e7df/IQRB032Is1qmSqWe2uA2YrV2AVzGXU-EocnTDqBITRLSmRo?width=1140&height=760
03-08-2022,1618.874512,1678.098267,1595.634521,1633.05127,16786218830,102,Ethereum,ETH-USD,Crypto,Cryptocurrency,https://1drv.ms/i/c/8705623eb284e7df/IQRB032Is1qmSqWe2uA2YrV2AVzGXU-EocnTDqBITRLSmRo?width=1140&height=760
04-08-2022,1608.205811,1658.511597,1585.326538,1618.886719,14467440626,102,Ethereum,ETH-USD,Crypto,Cryptocurrency,https://1drv.ms/i/c/8705623eb284e7df/IQRB032Is1qmSqWe2uA2YrV2AVzGXU-EocnTDqBITRLSmRo?width=1140&height=760
05-08-2022,1732.254639,1732.254639,1606.49707,1607.523926,18546491876,102,Ethereum,ETH-USD,Crypto,Cryptocurrency,https://1drv.ms/i/c/8705623eb284e7df/IQRB032Is1qmSqWe2uA2YrV2AVzGXU-EocnTDqBITRLSmRo?width=1140&height=760
06-08-2022,1691.658081,1744.326416,1691.658081,1732.661133,11757911705,102,Ethereum,ETH-USD,Crypto,Cryptocurrency,https://1drv.ms/i/c/8705623eb284e7df/IQRB032Is1qmSqWe2uA2YrV2AVzGXU-EocnTDqBITRLSmRo?width=1140&height=760
07-08-2022,1699.35083,1724.789185,1672.908447,1691.777954,10252090340,102,Ethereum,ETH-USD,Crypto,Cryptocurrency,https://1drv.ms/i/c/8705623eb284e7df/IQRB032Is1qmSqWe2uA2YrV2AVzGXU-EocnTDqBITRLSmRo?width=1140&height=760
08-08-2022,1775.516113,1806.886475,1697.407959,1699.693481,16841424404,102,Ethereum,ETH-USD,Crypto,Cryptocurrency,https://1drv.ms/i/c/8705623eb284e7df/IQRB032Is1qmSqWe2uA2YrV2AVzGXU-EocnTDqBITRLSmRo?width=1140&height=760
09-08-2022,1703.025024,1786.122559,1675.849854,1776.071289,16368619692,102,Ethereum,ETH-USD,Crypto,Cryptocurrency,https://1drv.ms/i/c/8705623eb284e7df/IQRB032Is1qmSqWe2uA2YrV2AVzGXU-EocnTDqBITRLSmRo?width=1140&height=760
10-08-2022,1851.742676,1869.400635,1665.090454,1702.906494,23512477984,102,Ethereum,ETH-USD,Crypto,Cryptocurrency,https://1drv.ms/i/c/8705623eb284e7df/IQRB032Is1qmSqWe2uA2YrV2AVzGXU-EocnTDqBITRLSmRo?width=1140&height=760
11-08-2022,1881.224121,1927.939209,1851.828369,1851.828369,23826986482,102,Ethereum,ETH-USD,Crypto,Cryptocurrency,https://1drv.ms/i/c/8705623eb284e7df/IQRB032Is1qmSqWe2uA2YrV2AVzGXU-EocnTDqBITRLSmRo?width=1140&height=760
12-08-2022,1957.24646,1957.552979,1860.083496,1880.89917,17168141904,102,Ethereum,ETH-USD,Crypto,Cryptocurrency,https://1drv.ms/i/c/8705623eb284e7df/IQRB032Is1qmSqWe2uA2YrV2AVzGXU-EocnTDqBITRLSmRo?width=1140&height=760
13-08-2022,1981.336548,2013.755737,1948.595215,1957.333984,16038975216,102,Ethereum,ETH-USD,Crypto,Cryptocurrency,https://1drv.ms/i/c/8705623eb284e7df/IQRB032Is1qmSqWe2uA2YrV2AVzGXU-EocnTDqBITRLSmRo?width=1140&height=760
14-08-2022,1936.802002,2022.791504,1919.010132,1981.782471,14062754456,102,Ethereum,ETH-USD,Crypto,Cryptocurrency,https://1drv.ms/i/c/8705623eb284e7df/IQRB032Is1qmSqWe2uA2YrV2AVzGXU-EocnTDqBITRLSmRo?width=1140&height=760
15-08-2022,1904.228149,2007.210327,1881.856812,1936.760498,20349931313,102,Ethereum,ETH-USD,Crypto,Cryptocurrency,https://1drv.ms/i/c/8705623eb284e7df/IQRB032Is1qmSqWe2uA2YrV2AVzGXU-EocnTDqBITRLSmRo?width=1140&height=760
16-08-2022,1878.139404,1910.745361,1862.273438,1902.83313,15637578930,102,Ethereum,ETH-USD,Crypto,Cryptocurrency,https://1drv.ms/i/c/8705623eb284e7df/IQRB032Is1qmSqWe2uA2YrV2AVzGXU-EocnTDqBITRLSmRo?width=1140&height=760
17-08-2022,1832.999634,1951.675659,1823.532227,1877.934326,20308508124,102,Ethereum,ETH-USD,Crypto,Cryptocurrency,https://1drv.ms/i/c/8705623eb284e7df/IQRB032Is1qmSqWe2uA2YrV2AVzGXU-EocnTDqBITRLSmRo?width=1140&height=760
18-08-2022,1847.007813,1876.376953,1826.957764,1833.715576,14999352229,102,Ethereum,ETH-USD,Crypto,Cryptocurrency,https://1drv.ms/i/c/8705623eb284e7df/IQRB032Is1qmSqWe2uA2YrV2AVzGXU-EocnTDqBITRLSmRo?width=1140&height=760
19-08-2022,1612.987305,1847.095337,1611.338867,1847.095337,25906358731,102,Ethereum,ETH-USD,Crypto,Cryptocurrency,https://1drv.ms/i/c/8705623eb284e7df/IQRB032Is1qmSqWe2uA2YrV2AVzGXU-EocnTDqBITRLSmRo?width=1140&height=760
20-08-2022,1577.003784,1652.21875,1534.298828,1612.650635,18334580263,102,Ethereum,ETH-USD,Crypto,Cryptocurrency,https://1drv.ms/i/c/8705623eb284e7df/IQRB032Is1qmSqWe2uA2YrV2AVzGXU-EocnTDqBITRLSmRo?width=1140&height=760
21-08-2022,1619.31897,1640.936523,1569.046509,1576.543579,15849221752,102,Ethereum,ETH-USD,Crypto,Cryptocurrency,https://1drv.ms/i/c/8705623eb284e7df/IQRB032Is1qmSqWe2uA2YrV2AVzGXU-EocnTDqBITRLSmRo?width=1140&height=760
22-08-2022,1622.505859,1622.778809,1535.014771,1619.16687,18557078599,102,Ethereum,ETH-USD,Crypto,Cryptocurrency,https://1drv.ms/i/c/8705623eb284e7df/IQRB032Is1qmSqWe2uA2YrV2AVzGXU-EocnTDqBITRLSmRo?width=1140&height=760
23-08-2022,1662.769897,1666.676514,1569.428589,1622.939331,18322041914,102,Ethereum,ETH-USD,Crypto,Cryptocurrency,https://1drv.ms/i/c/8705623eb284e7df/IQRB032Is1qmSqWe2uA2YrV2AVzGXU-EocnTDqBITRLSmRo?width=1140&height=760
24-08-2022,1657.059204,1686.557739,1610.099243,1662.695435,16780932907,102,Ethereum,ETH-USD,Crypto,Cryptocurrency,https://1drv.ms/i/c/8705623eb284e7df/IQRB032Is1qmSqWe2uA2YrV2AVzGXU-EocnTDqBITRLSmRo?width=1140&height=760
25-08-2022,1696.457031,1718.183228,1656.856079,1657.336548,14818795695,102,Ethereum,ETH-USD,Crypto,Cryptocurrency,https://1drv.ms/i/c/8705623eb284e7df/IQRB032Is1qmSqWe2uA2YrV2AVzGXU-EocnTDqBITRLSmRo?width=1140&height=760
26-08-2022,1507.782837,1698.561035,1498.77124,1696.324585,26713710143,102,Ethereum,ETH-USD,Crypto,Cryptocurrency,https://1drv.ms/i/c/8705623eb284e7df/IQRB032Is1qmSqWe2uA2YrV2AVzGXU-EocnTDqBITRLSmRo?width=1140&height=760
27-08-2022,1491.39502,1517.150024,1454.282959,1508.156982,18120831899,102,Ethereum,ETH-USD,Crypto,Cryptocurrency,https://1drv.ms/i/c/8705623eb284e7df/IQRB032Is1qmSqWe2uA2YrV2AVzGXU-EocnTDqBITRLSmRo?width=1140&height=760
28-08-2022,1430.547363,1505.791992,1430.547363,1491.206787,12823572918,102,Ethereum,ETH-USD,Crypto,Cryptocurrency,https://1drv.ms/i/c/8705623eb284e7df/IQRB032Is1qmSqWe2uA2YrV2AVzGXU-EocnTDqBITRLSmRo?width=1140&height=760
29-08-2022,1553.037354,1556.30957,1427.728394,1430.439453,17965837488,102,Ethereum,ETH-USD,Crypto,Cryptocurrency,https://1drv.ms/i/c/8705623eb284e7df/IQRB032Is1qmSqWe2uA2YrV2AVzGXU-EocnTDqBITRLSmRo?width=1140&height=760
30-08-2022,1523.838867,1600.461182,1480.831787,1553.188965,21835784470,102,Ethereum,ETH-USD,Crypto,Cryptocurrency,https://1drv.ms/i/c/8705623eb284e7df/IQRB032Is1qmSqWe2uA2YrV2AVzGXU-EocnTDqBITRLSmRo?width=1140&height=760
31-08-2022,1553.684937,1612.358887,1524.286499,1524.286499,20591680941,102,Ethereum,ETH-USD,Crypto,Cryptocurrency,https://1drv.ms/i/c/8705623eb284e7df/IQRB032Is1qmSqWe2uA2YrV2AVzGXU-EocnTDqBITRLSmRo?width=1140&height=760
01-09-2022,1586.176758,1593.082764,1520.188354,1553.756348,16434276817,102,Ethereum,ETH-USD,Crypto,Cryptocurrency,https://1drv.ms/i/c/8705623eb284e7df/IQRB032Is1qmSqWe2uA2YrV2AVzGXU-EocnTDqBITRLSmRo?width=1140&height=760
02-09-2022,1577.220459,1643.183228,1551.87793,1586.017944,17708478709,102,Ethereum,ETH-USD,Crypto,Cryptocurrency,https://1drv.ms/i/c/8705623eb284e7df/IQRB032Is1qmSqWe2uA2YrV2AVzGXU-EocnTDqBITRLSmRo?width=1140&height=760
03-09-2022,1556.872681,1579.454346,1541.672119,1577.213745,9516825994,102,Ethereum,ETH-USD,Crypto,Cryptocurrency,https://1drv.ms/i/c/8705623eb284e7df/IQRB032Is1qmSqWe2uA2YrV2AVzGXU-EocnTDqBITRLSmRo?width=1140&height=760
04-09-2022,1577.641602,1578.009277,1543.698853,1556.895874,8884144998,102,Ethereum,ETH-USD,Crypto,Cryptocurrency,https://1drv.ms/i/c/8705623eb284e7df/IQRB032Is1qmSqWe2uA2YrV2AVzGXU-EocnTDqBITRLSmRo?width=1140&height=760
05-09-2022,1617.183228,1621.661377,1559.78186,1577.884033,13060541168,102,Ethereum,ETH-USD,Crypto,Cryptocurrency,https://1drv.ms/i/c/8705623eb284e7df/IQRB032Is1qmSqWe2uA2YrV2AVzGXU-EocnTDqBITRLSmRo?width=1140&height=760
06-09-2022,1561.748535,1680.595337,1561.748535,1617.240234,22946059125,102,Ethereum,ETH-USD,Crypto,Cryptocurrency,https://1drv.ms/i/c/8705623eb284e7df/IQRB032Is1qmSqWe2uA2YrV2AVzGXU-EocnTDqBITRLSmRo?width=1140&height=760
07-09-2022,1629.906372,1651.051147,1500.013672,1560.906738,19560363854,102,Ethereum,ETH-USD,Crypto,Cryptocurrency,https://1drv.ms/i/c/8705623eb284e7df/IQRB032Is1qmSqWe2uA2YrV2AVzGXU-EocnTDqBITRLSmRo?width=1140&height=760
08-09-2022,1635.347656,1655.064087,1603.063843,1629.805176,17621046717,102,Ethereum,ETH-USD,Crypto,Cryptocurrency,https://1drv.ms/i/c/8705623eb284e7df/IQRB032Is1qmSqWe2uA2YrV2AVzGXU-EocnTDqBITRLSmRo?width=1140&height=760
09-09-2022,1719.085449,1735.809814,1632.836548,1635.187744,20242323690,102,Ethereum,ETH-USD,Crypto,Cryptocurrency,https://1drv.ms/i/c/8705623eb284e7df/IQRB032Is1qmSqWe2uA2YrV2AVzGXU-EocnTDqBITRLSmRo?width=1140&height=760
10-09-2022,1776.203735,1784.497803,1710.296997,1718.961304,13130928217,102,Ethereum,ETH-USD,Crypto,Cryptocurrency,https://1drv.ms/i/c/8705623eb284e7df/IQRB032Is1qmSqWe2uA2YrV2AVzGXU-EocnTDqBITRLSmRo?width=1140&height=760
11-09-2022,1761.800049,1782.729858,1730.164795,1775.976074,12464301922,102,Ethereum,ETH-USD,Crypto,Cryptocurrency,https://1drv.ms/i/c/8705623eb284e7df/IQRB032Is1qmSqWe2uA2YrV2AVzGXU-EocnTDqBITRLSmRo?width=1140&height=760
12-09-2022,1713.765259,1778.163452,1698.293457,1762.084839,17688391310,102,Ethereum,ETH-USD,Crypto,Cryptocurrency,https://1drv.ms/i/c/8705623eb284e7df/IQRB032Is1qmSqWe2uA2YrV2AVzGXU-EocnTDqBITRLSmRo?width=1140&height=760
13-09-2022,1580.787964,1745.779053,1564.03186,1713.962524,23066821734,102,Ethereum,ETH-USD,Crypto,Cryptocurrency,https://1drv.ms/i/c/8705623eb284e7df/IQRB032Is1qmSqWe2uA2YrV2AVzGXU-EocnTDqBITRLSmRo?width=1140&height=760
14-09-2022,1634.755005,1642.157227,1564.03186,1574.858154,17897150206,102,Ethereum,ETH-USD,Crypto,Cryptocurrency,https://1drv.ms/i/c/8705623eb284e7df/IQRB032Is1qmSqWe2uA2YrV2AVzGXU-EocnTDqBITRLSmRo?width=1140&height=760
15-09-2022,1471.693481,1648.945679,1466.139404,1635.083008,26946275878,102,Ethereum,ETH-USD,Crypto,Cryptocurrency,https://1drv.ms/i/c/8705623eb284e7df/IQRB032Is1qmSqWe2uA2YrV2AVzGXU-EocnTDqBITRLSmRo?width=1140&height=760
16-09-2022,1432.447754,1480.564209,1415.581299,1471.928345,16764804299,102,Ethereum,ETH-USD,Crypto,Cryptocurrency,https://1drv.ms/i/c/8705623eb284e7df/IQRB032Is1qmSqWe2uA2YrV2AVzGXU-EocnTDqBITRLSmRo?width=1140&height=760
17-09-2022,1469.741699,1473.060425,1415.042358,1432.876465,10798098671,102,Ethereum,ETH-USD,Crypto,Cryptocurrency,https://1drv.ms/i/c/8705623eb284e7df/IQRB032Is1qmSqWe2uA2YrV2AVzGXU-EocnTDqBITRLSmRo?width=1140&height=760
18-09-2022,1335.329102,1469.705444,1331.494751,1469.705444,15762284723,102,Ethereum,ETH-USD,Crypto,Cryptocurrency,https://1drv.ms/i/c/8705623eb284e7df/IQRB032Is1qmSqWe2uA2YrV2AVzGXU-EocnTDqBITRLSmRo?width=1140&height=760
19-09-2022,1377.541382,1388.272217,1287.420898,1335.270752,18712714223,102,Ethereum,ETH-USD,Crypto,Cryptocurrency,https://1drv.ms/i/c/8705623eb284e7df/IQRB032Is1qmSqWe2uA2YrV2AVzGXU-EocnTDqBITRLSmRo?width=1140&height=760
20-09-2022,1324.388184,1381.965698,1319.201416,1377.619019,14722317220,102,Ethereum,ETH-USD,Crypto,Cryptocurrency,https://1drv.ms/i/c/8705623eb284e7df/IQRB032Is1qmSqWe2uA2YrV2AVzGXU-EocnTDqBITRLSmRo?width=1140&height=760
21-09-2022,1252.607788,1384.476929,1229.426758,1324.215576,20643507800,102,Ethereum,ETH-USD,Crypto,Cryptocurrency,https://1drv.ms/i/c/8705623eb284e7df/IQRB032Is1qmSqWe2uA2YrV2AVzGXU-EocnTDqBITRLSmRo?width=1140&height=760
22-09-2022,1327.680176,1336.157837,1240.968262,1251.567383,18461527259,102,Ethereum,ETH-USD,Crypto,Cryptocurrency,https://1drv.ms/i/c/8705623eb284e7df/IQRB032Is1qmSqWe2uA2YrV2AVzGXU-EocnTDqBITRLSmRo?width=1140&height=760
23-09-2022,1328.259521,1353.28833,1270.198364,1327.481201,18771106339,102,Ethereum,ETH-USD,Crypto,Cryptocurrency,https://1drv.ms/i/c/8705623eb284e7df/IQRB032Is1qmSqWe2uA2YrV2AVzGXU-EocnTDqBITRLSmRo?width=1140&height=760
24-09-2022,1317.993286,1346.255249,1312.640259,1328.244629,12098209717,102,Ethereum,ETH-USD,Crypto,Cryptocurrency,https://1drv.ms/i/c/8705623eb284e7df/IQRB032Is1qmSqWe2uA2YrV2AVzGXU-EocnTDqBITRLSmRo?width=1140&height=760
25-09-2022,1294.216797,1333.371338,1275.627686,1317.938477,11802651633,102,Ethereum,ETH-USD,Crypto,Cryptocurrency,https://1drv.ms/i/c/8705623eb284e7df/IQRB032Is1qmSqWe2uA2YrV2AVzGXU-EocnTDqBITRLSmRo?width=1140&height=760
26-09-2022,1335.32019,1335.526367,1282.049316,1294.386108,16034549271,102,Ethereum,ETH-USD,Crypto,Cryptocurrency,https://1drv.ms/i/c/8705623eb284e7df/IQRB032Is1qmSqWe2uA2YrV2AVzGXU-EocnTDqBITRLSmRo?width=1140&height=760
27-09-2022,1330.127686,1396.891479,1308.991455,1335.337036,17870598937,102,Ethereum,ETH-USD,Crypto,Cryptocurrency,https://1drv.ms/i/c/8705623eb284e7df/IQRB032Is1qmSqWe2uA2YrV2AVzGXU-EocnTDqBITRLSmRo?width=1140&height=760
28-09-2022,1337.410889,1351.964478,1267.869263,1329.541382,18994979566,102,Ethereum,ETH-USD,Crypto,Cryptocurrency,https://1drv.ms/i/c/8705623eb284e7df/IQRB032Is1qmSqWe2uA2YrV2AVzGXU-EocnTDqBITRLSmRo?width=1140&height=760
29-09-2022,1335.652344,1348.107666,1293.193359,1337.554443,13796915736,102,Ethereum,ETH-USD,Crypto,Cryptocurrency,https://1drv.ms/i/c/8705623eb284e7df/IQRB032Is1qmSqWe2uA2YrV2AVzGXU-EocnTDqBITRLSmRo?width=1140&height=760
30-09-2022,1327.978638,1368.743408,1320.383179,1335.646484,14250100093,102,Ethereum,ETH-USD,Crypto,Cryptocurrency,https://1drv.ms/i/c/8705623eb284e7df/IQRB032Is1qmSqWe2uA2YrV2AVzGXU-EocnTDqBITRLSmRo?width=1140&height=760
01-10-2022,1311.644409,1332.516479,1306.102539,1328.193726,6227961237,102,Ethereum,ETH-USD,Crypto,Cryptocurrency,https://1drv.ms/i/c/8705623eb284e7df/IQRB032Is1qmSqWe2uA2YrV2AVzGXU-EocnTDqBITRLSmRo?width=1140&height=760
02-10-2022,1276.093506,1316.330078,1275.33606,1311.753418,7578351650,102,Ethereum,ETH-USD,Crypto,Cryptocurrency,https://1drv.ms/i/c/8705623eb284e7df/IQRB032Is1qmSqWe2uA2YrV2AVzGXU-EocnTDqBITRLSmRo?width=1140&height=760
03-10-2022,1323.439209,1326.554443,1271.150879,1276.163452,10153070907,102,Ethereum,ETH-USD,Crypto,Cryptocurrency,https://1drv.ms/i/c/8705623eb284e7df/IQRB032Is1qmSqWe2uA2YrV2AVzGXU-EocnTDqBITRLSmRo?width=1140&height=760
04-10-2022,1362.126587,1364.970947,1320.07666,1323.27832,10139774963,102,Ethereum,ETH-USD,Crypto,Cryptocurrency,https://1drv.ms/i/c/8705623eb284e7df/IQRB032Is1qmSqWe2uA2YrV2AVzGXU-EocnTDqBITRLSmRo?width=1140&height=760
05-10-2022,1352.837158,1362.451782,1320.855103,1361.9729,9774451820,102,Ethereum,ETH-USD,Crypto,Cryptocurrency,https://1drv.ms/i/c/8705623eb284e7df/IQRB032Is1qmSqWe2uA2YrV2AVzGXU-EocnTDqBITRLSmRo?width=1140&height=760
06-10-2022,1351.709473,1380.404907,1349.449951,1352.806641,12033514861,102,Ethereum,ETH-USD,Crypto,Cryptocurrency,https://1drv.ms/i/c/8705623eb284e7df/IQRB032Is1qmSqWe2uA2YrV2AVzGXU-EocnTDqBITRLSmRo?width=1140&height=760
07-10-2022,1332.516968,1359.328125,1321.746094,1351.836426,10061619355,102,Ethereum,ETH-USD,Crypto,Cryptocurrency,https://1drv.ms/i/c/8705623eb284e7df/IQRB032Is1qmSqWe2uA2YrV2AVzGXU-EocnTDqBITRLSmRo?width=1140&height=760
08-10-2022,1315.500488,1335.954834,1307.072998,1332.371338,5804676208,102,Ethereum,ETH-USD,Crypto,Cryptocurrency,https://1drv.ms/i/c/8705623eb284e7df/IQRB032Is1qmSqWe2uA2YrV2AVzGXU-EocnTDqBITRLSmRo?width=1140&height=760
09-10-2022,1322.604248,1327.668823,1309.344604,1315.460205,5486230123,102,Ethereum,ETH-USD,Crypto,Cryptocurrency,https://1drv.ms/i/c/8705623eb284e7df/IQRB032Is1qmSqWe2uA2YrV2AVzGXU-EocnTDqBITRLSmRo?width=1140&height=760
10-10-2022,1291.337646,1335.66272,1291.337646,1322.618652,8794491050,102,Ethereum,ETH-USD,Crypto,Cryptocurrency,https://1drv.ms/i/c/8705623eb284e7df/IQRB032Is1qmSqWe2uA2YrV2AVzGXU-EocnTDqBITRLSmRo?width=1140&height=760
11-10-2022,1279.575684,1296.273926,1272.737671,1291.109619,9274845260,102,Ethereum,ETH-USD,Crypto,Cryptocurrency,https://1drv.ms/i/c/8705623eb284e7df/IQRB032Is1qmSqWe2uA2YrV2AVzGXU-EocnTDqBITRLSmRo?width=1140&height=760
12-10-2022,1294.906372,1303.075195,1277.527466,1279.7323,8355638578,102,Ethereum,ETH-USD,Crypto,Cryptocurrency,https://1drv.ms/i/c/8705623eb284e7df/IQRB032Is1qmSqWe2uA2YrV2AVzGXU-EocnTDqBITRLSmRo?width=1140&height=760
13-10-2022,1288.123901,1297.564209,1209.278198,1294.917358,17499038202,102,Ethereum,ETH-USD,Crypto,Cryptocurrency,https://1drv.ms/i/c/8705623eb284e7df/IQRB032Is1qmSqWe2uA2YrV2AVzGXU-EocnTDqBITRLSmRo?width=1140&height=760
14-10-2022,1297.422119,1339.744751,1285.378296,1288.048706,13113767755,102,Ethereum,ETH-USD,Crypto,Cryptocurrency,https://1drv.ms/i/c/8705623eb284e7df/IQRB032Is1qmSqWe2uA2YrV2AVzGXU-EocnTDqBITRLSmRo?width=1140&height=760
15-10-2022,1274.871704,1300.745972,1268.468506,1297.305908,6798512624,102,Ethereum,ETH-USD,Crypto,Cryptocurrency,https://1drv.ms/i/c/8705623eb284e7df/IQRB032Is1qmSqWe2uA2YrV2AVzGXU-EocnTDqBITRLSmRo?width=1140&height=760
16-10-2022,1306.296631,1312.634521,1275.005493,1275.005493,7491625206,102,Ethereum,ETH-USD,Crypto,Cryptocurrency,https://1drv.ms/i/c/8705623eb284e7df/IQRB032Is1qmSqWe2uA2YrV2AVzGXU-EocnTDqBITRLSmRo?width=1140&height=760
17-10-2022,1331.713623,1335.647827,1297.447266,1306.30957,9401189650,102,Ethereum,ETH-USD,Crypto,Cryptocurrency,https://1drv.ms/i/c/8705623eb284e7df/IQRB032Is1qmSqWe2uA2YrV2AVzGXU-EocnTDqBITRLSmRo?width=1140&height=760
18-10-2022,1310.447021,1339.085938,1291.660645,1331.669922,10416747806,102,Ethereum,ETH-USD,Crypto,Cryptocurrency,https://1drv.ms/i/c/8705623eb284e7df/IQRB032Is1qmSqWe2uA2YrV2AVzGXU-EocnTDqBITRLSmRo?width=1140&height=760
19-10-2022,1285.744263,1312.442383,1283.965332,1310.56311,8350692785,102,Ethereum,ETH-USD,Crypto,Cryptocurrency,https://1drv.ms/i/c/8705623eb284e7df/IQRB032Is1qmSqWe2uA2YrV2AVzGXU-EocnTDqBITRLSmRo?width=1140&height=760
20-10-2022,1283.200928,1307.855103,1275.323975,1285.660278,9009111996,102,Ethereum,ETH-USD,Crypto,Cryptocurrency,https://1drv.ms/i/c/8705623eb284e7df/IQRB032Is1qmSqWe2uA2YrV2AVzGXU-EocnTDqBITRLSmRo?width=1140&height=760
21-10-2022,1299.946411,1305.081299,1260.666748,1283.18811,10412565245,102,Ethereum,ETH-USD,Crypto,Cryptocurrency,https://1drv.ms/i/c/8705623eb284e7df/IQRB032Is1qmSqWe2uA2YrV2AVzGXU-EocnTDqBITRLSmRo?width=1140&height=760
22-10-2022,1314.299194,1317.101074,1295.946899,1299.902344,7175324564,102,Ethereum,ETH-USD,Crypto,Cryptocurrency,https://1drv.ms/i/c/8705623eb284e7df/IQRB032Is1qmSqWe2uA2YrV2AVzGXU-EocnTDqBITRLSmRo?width=1140&height=760
23-10-2022,1363.447021,1367.760742,1302.908813,1314.249512,9909510925,102,Ethereum,ETH-USD,Crypto,Cryptocurrency,https://1drv.ms/i/c/8705623eb284e7df/IQRB032Is1qmSqWe2uA2YrV2AVzGXU-EocnTDqBITRLSmRo?width=1140&height=760
24-10-2022,1344.998535,1368.425537,1327.854004,1363.491821,13092820173,102,Ethereum,ETH-USD,Crypto,Cryptocurrency,https://1drv.ms/i/c/8705623eb284e7df/IQRB032Is1qmSqWe2uA2YrV2AVzGXU-EocnTDqBITRLSmRo?width=1140&height=760
25-10-2022,1461.665405,1509.985474,1336.978882,1344.711304,25367291294,102,Ethereum,ETH-USD,Crypto,Cryptocurrency,https://1drv.ms/i/c/8705623eb284e7df/IQRB032Is1qmSqWe2uA2YrV2AVzGXU-EocnTDqBITRLSmRo?width=1140&height=760
26-10-2022,1566.56665,1584.636719,1460.428711,1461.133179,32705548427,102,Ethereum,ETH-USD,Crypto,Cryptocurrency,https://1drv.ms/i/c/8705623eb284e7df/IQRB032Is1qmSqWe2uA2YrV2AVzGXU-EocnTDqBITRLSmRo?width=1140&height=760
27-10-2022,1514.374878,1574.403442,1510.816772,1566.841431,22813499245,102,Ethereum,ETH-USD,Crypto,Cryptocurrency,https://1drv.ms/i/c/8705623eb284e7df/IQRB032Is1qmSqWe2uA2YrV2AVzGXU-EocnTDqBITRLSmRo?width=1140&height=760
28-10-2022,1555.477905,1568.633911,1493.871094,1514.32312,19974623205,102,Ethereum,ETH-USD,Crypto,Cryptocurrency,https://1drv.ms/i/c/8705623eb284e7df/IQRB032Is1qmSqWe2uA2YrV2AVzGXU-EocnTDqBITRLSmRo?width=1140&height=760
29-10-2022,1619.698486,1652.382202,1549.983643,1555.274658,21618154775,102,Ethereum,ETH-USD,Crypto,Cryptocurrency,https://1drv.ms/i/c/8705623eb284e7df/IQRB032Is1qmSqWe2uA2YrV2AVzGXU-EocnTDqBITRLSmRo?width=1140&height=760
30-10-2022,1590.783325,1637.037842,1579.485229,1619.697876,13930073427,102,Ethereum,ETH-USD,Crypto,Cryptocurrency,https://1drv.ms/i/c/8705623eb284e7df/IQRB032Is1qmSqWe2uA2YrV2AVzGXU-EocnTDqBITRLSmRo?width=1140&height=760
31-10-2022,1572.714478,1630.452881,1555.918945,1590.481323,19306919714,102,Ethereum,ETH-USD,Crypto,Cryptocurrency,https://1drv.ms/i/c/8705623eb284e7df/IQRB032Is1qmSqWe2uA2YrV2AVzGXU-EocnTDqBITRLSmRo?width=1140&height=760
01-11-2022,1579.70459,1606.605713,1568.098511,1572.645386,14507311208,102,Ethereum,ETH-USD,Crypto,Cryptocurrency,https://1drv.ms/i/c/8705623eb284e7df/IQRB032Is1qmSqWe2uA2YrV2AVzGXU-EocnTDqBITRLSmRo?width=1140&height=760
02-11-2022,1519.711792,1613.410645,1507.244751,1579.497925,23254218281,102,Ethereum,ETH-USD,Crypto,Cryptocurrency,https://1drv.ms/i/c/8705623eb284e7df/IQRB032Is1qmSqWe2uA2YrV2AVzGXU-EocnTDqBITRLSmRo?width=1140&height=760
03-11-2022,1531.541748,1556.759644,1517.101685,1519.724854,14248351007,102,Ethereum,ETH-USD,Crypto,Cryptocurrency,https://1drv.ms/i/c/8705623eb284e7df/IQRB032Is1qmSqWe2uA2YrV2AVzGXU-EocnTDqBITRLSmRo?width=1140&height=760
04-11-2022,1645.093384,1661.334717,1529.268433,1531.397583,20806964347,102,Ethereum,ETH-USD,Crypto,Cryptocurrency,https://1drv.ms/i/c/8705623eb284e7df/IQRB032Is1qmSqWe2uA2YrV2AVzGXU-EocnTDqBITRLSmRo?width=1140&height=760
05-11-2022,1627.968018,1660.48645,1625.964233,1645.156494,11006973190,102,Ethereum,ETH-USD,Crypto,Cryptocurrency,https://1drv.ms/i/c/8705623eb284e7df/IQRB032Is1qmSqWe2uA2YrV2AVzGXU-EocnTDqBITRLSmRo?width=1140&height=760
06-11-2022,1572.234741,1634.132446,1572.234741,1627.901123,11632744705,102,Ethereum,ETH-USD,Crypto,Cryptocurrency,https://1drv.ms/i/c/8705623eb284e7df/IQRB032Is1qmSqWe2uA2YrV2AVzGXU-EocnTDqBITRLSmRo?width=1140&height=760
07-11-2022,1568.591309,1604.475342,1550.415527,1572.016968,15279963349,102,Ethereum,ETH-USD,Crypto,Cryptocurrency,https://1drv.ms/i/c/8705623eb284e7df/IQRB032Is1qmSqWe2uA2YrV2AVzGXU-EocnTDqBITRLSmRo?width=1140&height=760
08-11-2022,1332.835571,1574.799805,1259.443115,1568.32959,42048003440,102,Ethereum,ETH-USD,Crypto,Cryptocurrency,https://1drv.ms/i/c/8705623eb284e7df/IQRB032Is1qmSqWe2uA2YrV2AVzGXU-EocnTDqBITRLSmRo?width=1140&height=760
09-11-2022,1100.1698,1335.74353,1083.285645,1333.122437,38864492427,102,Ethereum,ETH-USD,Crypto,Cryptocurrency,https://1drv.ms/i/c/8705623eb284e7df/IQRB032Is1qmSqWe2uA2YrV2AVzGXU-EocnTDqBITRLSmRo?width=1140&height=760
10-11-2022,1299.4646,1341.791138,1093.122559,1100.107178,28581002122,102,Ethereum,ETH-USD,Crypto,Cryptocurrency,https://1drv.ms/i/c/8705623eb284e7df/IQRB032Is1qmSqWe2uA2YrV2AVzGXU-EocnTDqBITRLSmRo?width=1140&height=760
11-11-2022,1287.221069,1302.295288,1211.32959,1298.882446,20920539099,102,Ethereum,ETH-USD,Crypto,Cryptocurrency,https://1drv.ms/i/c/8705623eb284e7df/IQRB032Is1qmSqWe2uA2YrV2AVzGXU-EocnTDqBITRLSmRo?width=1140&height=760
12-11-2022,1255.268311,1288.150879,1242.152222,1287.438354,10964962767,102,Ethereum,ETH-USD,Crypto,Cryptocurrency,https://1drv.ms/i/c/8705623eb284e7df/IQRB032Is1qmSqWe2uA2YrV2AVzGXU-EocnTDqBITRLSmRo?width=1140&height=760
13-11-2022,1221.819214,1271.712524,1208.520996,1255.441284,10717455214,102,Ethereum,ETH-USD,Crypto,Cryptocurrency,https://1drv.ms/i/c/8705623eb284e7df/IQRB032Is1qmSqWe2uA2YrV2AVzGXU-EocnTDqBITRLSmRo?width=1140&height=760
14-11-2022,1241.604248,1284.217651,1178.429077,1221.895508,15028035663,102,Ethereum,ETH-USD,Crypto,Cryptocurrency,https://1drv.ms/i/c/8705623eb284e7df/IQRB032Is1qmSqWe2uA2YrV2AVzGXU-EocnTDqBITRLSmRo?width=1140&height=760
15-11-2022,1251.736206,1283.19873,1238.688232,1241.677734,11798011594,102,Ethereum,ETH-USD,Crypto,Cryptocurrency,https://1drv.ms/i/c/8705623eb284e7df/IQRB032Is1qmSqWe2uA2YrV2AVzGXU-EocnTDqBITRLSmRo?width=1140&height=760
16-11-2022,1215.602539,1264.486328,1192.987793,1251.808838,11939561598,102,Ethereum,ETH-USD,Crypto,Cryptocurrency,https://1drv.ms/i/c/8705623eb284e7df/IQRB032Is1qmSqWe2uA2YrV2AVzGXU-EocnTDqBITRLSmRo?width=1140&height=760
17-11-2022,1200.808594,1224.965698,1189.15271,1215.848633,9723646871,102,Ethereum,ETH-USD,Crypto,Cryptocurrency,https://1drv.ms/i/c/8705623eb284e7df/IQRB032Is1qmSqWe2uA2YrV2AVzGXU-EocnTDqBITRLSmRo?width=1140&height=760
18-11-2022,1212.300293,1226.737427,1200.802124,1200.802124,7979913378,102,Ethereum,ETH-USD,Crypto,Cryptocurrency,https://1drv.ms/i/c/8705623eb284e7df/IQRB032Is1qmSqWe2uA2YrV2AVzGXU-EocnTDqBITRLSmRo?width=1140&height=760
19-11-2022,1218.426758,1227.83728,1200.475586,1212.215454,5978745776,102,Ethereum,ETH-USD,Crypto,Cryptocurrency,https://1drv.ms/i/c/8705623eb284e7df/IQRB032Is1qmSqWe2uA2YrV2AVzGXU-EocnTDqBITRLSmRo?width=1140&height=760
20-11-2022,1142.466675,1224.077759,1137.933228,1218.436279,9651002684,102,Ethereum,ETH-USD,Crypto,Cryptocurrency,https://1drv.ms/i/c/8705623eb284e7df/IQRB032Is1qmSqWe2uA2YrV2AVzGXU-EocnTDqBITRLSmRo?width=1140&height=760
21-11-2022,1108.353027,1142.395752,1084.8573,1142.395752,14080099208,102,Ethereum,ETH-USD,Crypto,Cryptocurrency,https://1drv.ms/i/c/8705623eb284e7df/IQRB032Is1qmSqWe2uA2YrV2AVzGXU-EocnTDqBITRLSmRo?width=1140&height=760
22-11-2022,1135.173462,1136.442627,1081.138184,1107.895996,12040670755,102,Ethereum,ETH-USD,Crypto,Cryptocurrency,https://1drv.ms/i/c/8705623eb284e7df/IQRB032Is1qmSqWe2uA2YrV2AVzGXU-EocnTDqBITRLSmRo?width=1140&height=760
23-11-2022,1183.199585,1184.997314,1130.022827,1135.421509,11242676044,102,Ethereum,ETH-USD,Crypto,Cryptocurrency,https://1drv.ms/i/c/8705623eb284e7df/IQRB032Is1qmSqWe2uA2YrV2AVzGXU-EocnTDqBITRLSmRo?width=1140&height=760
24-11-2022,1203.983154,1211.627441,1180.379761,1183.345093,9706372376,102,Ethereum,ETH-USD,Crypto,Cryptocurrency,https://1drv.ms/i/c/8705623eb284e7df/IQRB032Is1qmSqWe2uA2YrV2AVzGXU-EocnTDqBITRLSmRo?width=1140&height=760
25-11-2022,1198.925903,1203.799438,1174.823364,1203.799438,5483308196,102,Ethereum,ETH-USD,Crypto,Cryptocurrency,https://1drv.ms/i/c/8705623eb284e7df/IQRB032Is1qmSqWe2uA2YrV2AVzGXU-EocnTDqBITRLSmRo?width=1140&height=760
26-11-2022,1205.897949,1227.038086,1198.0979,1198.790527,5074160558,102,Ethereum,ETH-USD,Crypto,Cryptocurrency,https://1drv.ms/i/c/8705623eb284e7df/IQRB032Is1qmSqWe2uA2YrV2AVzGXU-EocnTDqBITRLSmRo?width=1140&height=760
27-11-2022,1195.126953,1220.349487,1195.039063,1205.905273,4486976868,102,Ethereum,ETH-USD,Crypto,Cryptocurrency,https://1drv.ms/i/c/8705623eb284e7df/IQRB032Is1qmSqWe2uA2YrV2AVzGXU-EocnTDqBITRLSmRo?width=1140&height=760
28-11-2022,1170.086182,1198.737671,1156.0625,1194.960327,7275411870,102,Ethereum,ETH-USD,Crypto,Cryptocurrency,https://1drv.ms/i/c/8705623eb284e7df/IQRB032Is1qmSqWe2uA2YrV2AVzGXU-EocnTDqBITRLSmRo?width=1140&height=760
29-11-2022,1216.901245,1222.164185,1163.477539,1169.87439,7639405818,102,Ethereum,ETH-USD,Crypto,Cryptocurrency,https://1drv.ms/i/c/8705623eb284e7df/IQRB032Is1qmSqWe2uA2YrV2AVzGXU-EocnTDqBITRLSmRo?width=1140&height=760
30-11-2022,1295.688599,1302.038696,1215.497925,1216.928711,9836925304,102,Ethereum,ETH-USD,Crypto,Cryptocurrency,https://1drv.ms/i/c/8705623eb284e7df/IQRB032Is1qmSqWe2uA2YrV2AVzGXU-EocnTDqBITRLSmRo?width=1140&height=760
01-12-2022,1276.273926,1295.999878,1267.708496,1295.769531,6857935276,102,Ethereum,ETH-USD,Crypto,Cryptocurrency,https://1drv.ms/i/c/8705623eb284e7df/IQRB032Is1qmSqWe2uA2YrV2AVzGXU-EocnTDqBITRLSmRo?width=1140&height=760
02-12-2022,1294.303345,1294.303345,1269.243164,1276.328613,6213645709,102,Ethereum,ETH-USD,Crypto,Cryptocurrency,https://1drv.ms/i/c/8705623eb284e7df/IQRB032Is1qmSqWe2uA2YrV2AVzGXU-EocnTDqBITRLSmRo?width=1140&height=760
03-12-2022,1243.334839,1299.840332,1241.431885,1294.456543,5672609405,102,Ethereum,ETH-USD,Crypto,Cryptocurrency,https://1drv.ms/i/c/8705623eb284e7df/IQRB032Is1qmSqWe2uA2YrV2AVzGXU-EocnTDqBITRLSmRo?width=1140&height=760
04-12-2022,1280.256592,1281.49231,1242.911743,1243.219238,5174128454,102,Ethereum,ETH-USD,Crypto,Cryptocurrency,https://1drv.ms/i/c/8705623eb284e7df/IQRB032Is1qmSqWe2uA2YrV2AVzGXU-EocnTDqBITRLSmRo?width=1140&height=760
05-12-2022,1259.676758,1302.237549,1252.472412,1279.998901,6120359523,102,Ethereum,ETH-USD,Crypto,Cryptocurrency,https://1drv.ms/i/c/8705623eb284e7df/IQRB032Is1qmSqWe2uA2YrV2AVzGXU-EocnTDqBITRLSmRo?width=1140&height=760
06-12-2022,1271.653809,1271.923218,1247.629883,1259.854248,5089212680,102,Ethereum,ETH-USD,Crypto,Cryptocurrency,https://1drv.ms/i/c/8705623eb284e7df/IQRB032Is1qmSqWe2uA2YrV2AVzGXU-EocnTDqBITRLSmRo?width=1140&height=760
07-12-2022,1232.4375,1272.694092,1224.447998,1271.553101,5752205180,102,Ethereum,ETH-USD,Crypto,Cryptocurrency,https://1drv.ms/i/c/8705623eb284e7df/IQRB032Is1qmSqWe2uA2YrV2AVzGXU-EocnTDqBITRLSmRo?width=1140&height=760
08-12-2022,1281.116333,1286.229736,1226.358521,1232.451782,6227269815,102,Ethereum,ETH-USD,Crypto,Cryptocurrency,https://1drv.ms/i/c/8705623eb284e7df/IQRB032Is1qmSqWe2uA2YrV2AVzGXU-EocnTDqBITRLSmRo?width=1140&height=760
09-12-2022,1264.28479,1290.05542,1260.818726,1281.077271,5706183865,102,Ethereum,ETH-USD,Crypto,Cryptocurrency,https://1drv.ms/i/c/8705623eb284e7df/IQRB032Is1qmSqWe2uA2YrV2AVzGXU-EocnTDqBITRLSmRo?width=1140&height=760
10-12-2022,1266.384155,1279.527954,1262.119873,1264.375488,3282499999,102,Ethereum,ETH-USD,Crypto,Cryptocurrency,https://1drv.ms/i/c/8705623eb284e7df/IQRB032Is1qmSqWe2uA2YrV2AVzGXU-EocnTDqBITRLSmRo?width=1140&height=760
11-12-2022,1263.86853,1281.783203,1260.663696,1266.417847,3362005848,102,Ethereum,ETH-USD,Crypto,Cryptocurrency,https://1drv.ms/i/c/8705623eb284e7df/IQRB032Is1qmSqWe2uA2YrV2AVzGXU-EocnTDqBITRLSmRo?width=1140&height=760
12-12-2022,1274.619019,1275.610352,1243.477783,1263.573486,5151109364,102,Ethereum,ETH-USD,Crypto,Cryptocurrency,https://1drv.ms/i/c/8705623eb284e7df/IQRB032Is1qmSqWe2uA2YrV2AVzGXU-EocnTDqBITRLSmRo?width=1140&height=760
13-12-2022,1320.549194,1341.439331,1258.472412,1274.662476,8812883119,102,Ethereum,ETH-USD,Crypto,Cryptocurrency,https://1drv.ms/i/c/8705623eb284e7df/IQRB032Is1qmSqWe2uA2YrV2AVzGXU-EocnTDqBITRLSmRo?width=1140&height=760
14-12-2022,1309.328735,1346.174438,1305.833374,1320.688599,7830915428,102,Ethereum,ETH-USD,Crypto,Cryptocurrency,https://1drv.ms/i/c/8705623eb284e7df/IQRB032Is1qmSqWe2uA2YrV2AVzGXU-EocnTDqBITRLSmRo?width=1140&height=760
15-12-2022,1266.353882,1311.067139,1262.689331,1309.190796,6032859783,102,Ethereum,ETH-USD,Crypto,Cryptocurrency,https://1drv.ms/i/c/8705623eb284e7df/IQRB032Is1qmSqWe2uA2YrV2AVzGXU-EocnTDqBITRLSmRo?width=1140&height=760
16-12-2022,1168.259399,1278.156982,1162.175659,1266.460571,9297811507,102,Ethereum,ETH-USD,Crypto,Cryptocurrency,https://1drv.ms/i/c/8705623eb284e7df/IQRB032Is1qmSqWe2uA2YrV2AVzGXU-EocnTDqBITRLSmRo?width=1140&height=760
17-12-2022,1188.149536,1189.045044,1165.407837,1168.066772,5077258586,102,Ethereum,ETH-USD,Crypto,Cryptocurrency,https://1drv.ms/i/c/8705623eb284e7df/IQRB032Is1qmSqWe2uA2YrV2AVzGXU-EocnTDqBITRLSmRo?width=1140&height=760
18-12-2022,1184.71521,1194.214478,1176.185791,1188.12854,3350092519,102,Ethereum,ETH-USD,Crypto,Cryptocurrency,https://1drv.ms/i/c/8705623eb284e7df/IQRB032Is1qmSqWe2uA2YrV2AVzGXU-EocnTDqBITRLSmRo?width=1140&height=760
19-12-2022,1167.609863,1192.923828,1160.377197,1184.758301,4943628091,102,Ethereum,ETH-USD,Crypto,Cryptocurrency,https://1drv.ms/i/c/8705623eb284e7df/IQRB032Is1qmSqWe2uA2YrV2AVzGXU-EocnTDqBITRLSmRo?width=1140&height=760
20-12-2022,1217.703613,1224.092651,1165.599487,1167.88269,6684951715,102,Ethereum,ETH-USD,Crypto,Cryptocurrency,https://1drv.ms/i/c/8705623eb284e7df/IQRB032Is1qmSqWe2uA2YrV2AVzGXU-EocnTDqBITRLSmRo?width=1140&height=760
21-12-2022,1213.599976,1218.192261,1206.440063,1217.586426,4217182733,102,Ethereum,ETH-USD,Crypto,Cryptocurrency,https://1drv.ms/i/c/8705623eb284e7df/IQRB032Is1qmSqWe2uA2YrV2AVzGXU-EocnTDqBITRLSmRo?width=1140&height=760
22-12-2022,1218.182129,1221.986816,1187.127808,1213.672607,5297471739,102,Ethereum,ETH-USD,Crypto,Cryptocurrency,https://1drv.ms/i/c/8705623eb284e7df/IQRB032Is1qmSqWe2uA2YrV2AVzGXU-EocnTDqBITRLSmRo?width=1140&height=760
23-12-2022,1220.159424,1226.998779,1215.994873,1218.079346,4835831923,102,Ethereum,ETH-USD,Crypto,Cryptocurrency,https://1drv.ms/i/c/8705623eb284e7df/IQRB032Is1qmSqWe2uA2YrV2AVzGXU-EocnTDqBITRLSmRo?width=1140&height=760
24-12-2022,1221.14856,1224.911621,1216.338745,1220.11792,2626153345,102,Ethereum,ETH-USD,Crypto,Cryptocurrency,https://1drv.ms/i/c/8705623eb284e7df/IQRB032Is1qmSqWe2uA2YrV2AVzGXU-EocnTDqBITRLSmRo?width=1140&height=760
25-12-2022,1218.962036,1223.517822,1203.719604,1221.171509,3942720070,102,Ethereum,ETH-USD,Crypto,Cryptocurrency,https://1drv.ms/i/c/8705623eb284e7df/IQRB032Is1qmSqWe2uA2YrV2AVzGXU-EocnTDqBITRLSmRo?width=1140&height=760
26-12-2022,1226.974365,1226.974365,1214.335938,1218.920166,3282098400,102,Ethereum,ETH-USD,Crypto,Cryptocurrency,https://1drv.ms/i/c/8705623eb284e7df/IQRB032Is1qmSqWe2uA2YrV2AVzGXU-EocnTDqBITRLSmRo?width=1140&height=760
27-12-2022,1212.791626,1230.418091,1205.89563,1226.987061,4091530737,102,Ethereum,ETH-USD,Crypto,Cryptocurrency,https://1drv.ms/i/c/8705623eb284e7df/IQRB032Is1qmSqWe2uA2YrV2AVzGXU-EocnTDqBITRLSmRo?width=1140&height=760
28-12-2022,1189.986084,1213.128906,1185.702148,1212.736572,4991669631,102,Ethereum,ETH-USD,Crypto,Cryptocurrency,https://1drv.ms/i/c/8705623eb284e7df/IQRB032Is1qmSqWe2uA2YrV2AVzGXU-EocnTDqBITRLSmRo?width=1140&height=760
29-12-2022,1201.595337,1204.141602,1188.360229,1190.010132,4132233940,102,Ethereum,ETH-USD,Crypto,Cryptocurrency,https://1drv.ms/i/c/8705623eb284e7df/IQRB032Is1qmSqWe2uA2YrV2AVzGXU-EocnTDqBITRLSmRo?width=1140&height=760
30-12-2022,1199.232788,1202.034668,1187.462524,1201.56958,4055668253,102,Ethereum,ETH-USD,Crypto,Cryptocurrency,https://1drv.ms/i/c/8705623eb284e7df/IQRB032Is1qmSqWe2uA2YrV2AVzGXU-EocnTDqBITRLSmRo?width=1140&height=760
31-12-2022,1196.77124,1205.088623,1194.203735,1199.360107,3018513333,102,Ethereum,ETH-USD,Crypto,Cryptocurrency,https://1drv.ms/i/c/8705623eb284e7df/IQRB032Is1qmSqWe2uA2YrV2AVzGXU-EocnTDqBITRLSmRo?width=1140&height=760
01-01-2023,1200.964844,1203.475342,1192.885376,1196.713623,2399674550,102,Ethereum,ETH-USD,Crypto,Cryptocurrency,https://1drv.ms/i/c/8705623eb284e7df/IQRB032Is1qmSqWe2uA2YrV2AVzGXU-EocnTDqBITRLSmRo?width=1140&height=760
02-01-2023,1214.656616,1219.860596,1195.214966,1201.103271,3765758498,102,Ethereum,ETH-USD,Crypto,Cryptocurrency,https://1drv.ms/i/c/8705623eb284e7df/IQRB032Is1qmSqWe2uA2YrV2AVzGXU-EocnTDqBITRLSmRo?width=1140&height=760
03-01-2023,1214.778809,1219.095337,1207.491577,1214.744019,3392972131,102,Ethereum,ETH-USD,Crypto,Cryptocurrency,https://1drv.ms/i/c/8705623eb284e7df/IQRB032Is1qmSqWe2uA2YrV2AVzGXU-EocnTDqBITRLSmRo?width=1140&height=760
04-01-2023,1256.526611,1264.807495,1213.168823,1214.718628,6404416893,102,Ethereum,ETH-USD,Crypto,Cryptocurrency,https://1drv.ms/i/c/8705623eb284e7df/IQRB032Is1qmSqWe2uA2YrV2AVzGXU-EocnTDqBITRLSmRo?width=1140&height=760
05-01-2023,1250.438599,1258.571533,1245.173096,1256.484619,4001786456,102,Ethereum,ETH-USD,Crypto,Cryptocurrency,https://1drv.ms/i/c/8705623eb284e7df/IQRB032Is1qmSqWe2uA2YrV2AVzGXU-EocnTDqBITRLSmRo?width=1140&height=760
06-01-2023,1269.379028,1273.220337,1240.94751,1250.458984,4977252792,102,Ethereum,ETH-USD,Crypto,Cryptocurrency,https://1drv.ms/i/c/8705623eb284e7df/IQRB032Is1qmSqWe2uA2YrV2AVzGXU-EocnTDqBITRLSmRo?width=1140&height=760
07-01-2023,1264.270386,1270.598267,1262.271118,1269.4198,2565213548,102,Ethereum,ETH-USD,Crypto,Cryptocurrency,https://1drv.ms/i/c/8705623eb284e7df/IQRB032Is1qmSqWe2uA2YrV2AVzGXU-EocnTDqBITRLSmRo?width=1140&height=760
08-01-2023,1287.359497,1287.359497,1260.226807,1264.181885,3495088905,102,Ethereum,ETH-USD,Crypto,Cryptocurrency,https://1drv.ms/i/c/8705623eb284e7df/IQRB032Is1qmSqWe2uA2YrV2AVzGXU-EocnTDqBITRLSmRo?width=1140&height=760
09-01-2023,1321.53894,1342.144165,1286.680786,1287.450806,7990438824,102,Ethereum,ETH-USD,Crypto,Cryptocurrency,https://1drv.ms/i/c/8705623eb284e7df/IQRB032Is1qmSqWe2uA2YrV2AVzGXU-EocnTDqBITRLSmRo?width=1140&height=760
10-01-2023,1336.58606,1342.757202,1318.527222,1321.395508,5830173253,102,Ethereum,ETH-USD,Crypto,Cryptocurrency,https://1drv.ms/i/c/8705623eb284e7df/IQRB032Is1qmSqWe2uA2YrV2AVzGXU-EocnTDqBITRLSmRo?width=1140&height=760
11-01-2023,1387.932739,1387.932739,1323.58313,1336.486816,6314904311,102,Ethereum,ETH-USD,Crypto,Cryptocurrency,https://1drv.ms/i/c/8705623eb284e7df/IQRB032Is1qmSqWe2uA2YrV2AVzGXU-EocnTDqBITRLSmRo?width=1140&height=760
12-01-2023,1417.938477,1432.28125,1378.422119,1405.35144,12230193038,102,Ethereum,ETH-USD,Crypto,Cryptocurrency,https://1drv.ms/i/c/8705623eb284e7df/IQRB032Is1qmSqWe2uA2YrV2AVzGXU-EocnTDqBITRLSmRo?width=1140&height=760
13-01-2023,1451.614868,1461.672729,1404.023926,1417.946167,7684148212,102,Ethereum,ETH-USD,Crypto,Cryptocurrency,https://1drv.ms/i/c/8705623eb284e7df/IQRB032Is1qmSqWe2uA2YrV2AVzGXU-EocnTDqBITRLSmRo?width=1140&height=760
14-01-2023,1550.706909,1563.739136,1450.988403,1451.428467,15444626014,102,Ethereum,ETH-USD,Crypto,Cryptocurrency,https://1drv.ms/i/c/8705623eb284e7df/IQRB032Is1qmSqWe2uA2YrV2AVzGXU-EocnTDqBITRLSmRo?width=1140&height=760
15-01-2023,1552.479492,1556.950806,1520.893799,1550.731567,6774614499,102,Ethereum,ETH-USD,Crypto,Cryptocurrency,https://1drv.ms/i/c/8705623eb284e7df/IQRB032Is1qmSqWe2uA2YrV2AVzGXU-EocnTDqBITRLSmRo?width=1140&height=760
16-01-2023,1576.833496,1594.039795,1529.573608,1552.519287,8454485431,102,Ethereum,ETH-USD,Crypto,Cryptocurrency,https://1drv.ms/i/c/8705623eb284e7df/IQRB032Is1qmSqWe2uA2YrV2AVzGXU-EocnTDqBITRLSmRo?width=1140&height=760
17-01-2023,1567.846069,1594.000977,1553.335938,1577.107422,7599462786,102,Ethereum,ETH-USD,Crypto,Cryptocurrency,https://1drv.ms/i/c/8705623eb284e7df/IQRB032Is1qmSqWe2uA2YrV2AVzGXU-EocnTDqBITRLSmRo?width=1140&height=760
18-01-2023,1515.506958,1602.106689,1509.422852,1567.698975,10354880595,102,Ethereum,ETH-USD,Crypto,Cryptocurrency,https://1drv.ms/i/c/8705623eb284e7df/IQRB032Is1qmSqWe2uA2YrV2AVzGXU-EocnTDqBITRLSmRo?width=1140&height=760
19-01-2023,1552.556519,1557.970337,1514.380005,1515.249634,6432638856,102,Ethereum,ETH-USD,Crypto,Cryptocurrency,https://1drv.ms/i/c/8705623eb284e7df/IQRB032Is1qmSqWe2uA2YrV2AVzGXU-EocnTDqBITRLSmRo?width=1140&height=760
20-01-2023,1659.75415,1659.885742,1544.917847,1552.373657,8528894754,102,Ethereum,ETH-USD,Crypto,Cryptocurrency,https://1drv.ms/i/c/8705623eb284e7df/IQRB032Is1qmSqWe2uA2YrV2AVzGXU-EocnTDqBITRLSmRo?width=1140&height=760
21-01-2023,1627.118164,1674.179321,1626.812988,1659.706055,8859250310,102,Ethereum,ETH-USD,Crypto,Cryptocurrency,https://1drv.ms/i/c/8705623eb284e7df/IQRB032Is1qmSqWe2uA2YrV2AVzGXU-EocnTDqBITRLSmRo?width=1140&height=760
22-01-2023,1628.38208,1658.023438,1612.085693,1627.365967,7517988734,102,Ethereum,ETH-USD,Crypto,Cryptocurrency,https://1drv.ms/i/c/8705623eb284e7df/IQRB032Is1qmSqWe2uA2YrV2AVzGXU-EocnTDqBITRLSmRo?width=1140&height=760
23-01-2023,1628.251099,1641.21814,1607.903076,1628.550781,8264507375,102,Ethereum,ETH-USD,Crypto,Cryptocurrency,https://1drv.ms/i/c/8705623eb284e7df/IQRB032Is1qmSqWe2uA2YrV2AVzGXU-EocnTDqBITRLSmRo?width=1140&height=760
24-01-2023,1556.604248,1639.723877,1551.389771,1627.848267,8180274691,102,Ethereum,ETH-USD,Crypto,Cryptocurrency,https://1drv.ms/i/c/8705623eb284e7df/IQRB032Is1qmSqWe2uA2YrV2AVzGXU-EocnTDqBITRLSmRo?width=1140&height=760
25-01-2023,1611.71106,1632.241699,1530.797852,1556.807495,10598973448,102,Ethereum,ETH-USD,Crypto,Cryptocurrency,https://1drv.ms/i/c/8705623eb284e7df/IQRB032Is1qmSqWe2uA2YrV2AVzGXU-EocnTDqBITRLSmRo?width=1140&height=760
26-01-2023,1603.105957,1626.198242,1586.598145,1611.080933,8395315241,102,Ethereum,ETH-USD,Crypto,Cryptocurrency,https://1drv.ms/i/c/8705623eb284e7df/IQRB032Is1qmSqWe2uA2YrV2AVzGXU-EocnTDqBITRLSmRo?width=1140&height=760
27-01-2023,1598.156494,1617.000854,1565.244995,1603.080078,8124465373,102,Ethereum,ETH-USD,Crypto,Cryptocurrency,https://1drv.ms/i/c/8705623eb284e7df/IQRB032Is1qmSqWe2uA2YrV2AVzGXU-EocnTDqBITRLSmRo?width=1140&height=760
28-01-2023,1572.435059,1604.704102,1565.390137,1598.125366,5803653357,102,Ethereum,ETH-USD,Crypto,Cryptocurrency,https://1drv.ms/i/c/8705623eb284e7df/IQRB032Is1qmSqWe2uA2YrV2AVzGXU-EocnTDqBITRLSmRo?width=1140&height=760
29-01-2023,1646.15564,1653.724976,1568.984863,1572.629517,8801292300,102,Ethereum,ETH-USD,Crypto,Cryptocurrency,https://1drv.ms/i/c/8705623eb284e7df/IQRB032Is1qmSqWe2uA2YrV2AVzGXU-EocnTDqBITRLSmRo?width=1140&height=760
30-01-2023,1567.326538,1646.651611,1546.660767,1646.147705,9180418120,102,Ethereum,ETH-USD,Crypto,Cryptocurrency,https://1drv.ms/i/c/8705623eb284e7df/IQRB032Is1qmSqWe2uA2YrV2AVzGXU-EocnTDqBITRLSmRo?width=1140&height=760
31-01-2023,1586.5354,1598.517578,1563.804321,1567.419922,6585191019,102,Ethereum,ETH-USD,Crypto,Cryptocurrency,https://1drv.ms/i/c/8705623eb284e7df/IQRB032Is1qmSqWe2uA2YrV2AVzGXU-EocnTDqBITRLSmRo?width=1140&height=760
01-02-2023,1641.792725,1644.727539,1566.8573,1586.488159,8116969489,102,Ethereum,ETH-USD,Crypto,Cryptocurrency,https://1drv.ms/i/c/8705623eb284e7df/IQRB032Is1qmSqWe2uA2YrV2AVzGXU-EocnTDqBITRLSmRo?width=1140&height=760
02-02-2023,1643.241577,1704.45813,1641.322632,1641.365967,10558081069,102,Ethereum,ETH-USD,Crypto,Cryptocurrency,https://1drv.ms/i/c/8705623eb284e7df/IQRB032Is1qmSqWe2uA2YrV2AVzGXU-EocnTDqBITRLSmRo?width=1140&height=760
03-02-2023,1664.745605,1670.696899,1634.223389,1642.904663,8169519805,102,Ethereum,ETH-USD,Crypto,Cryptocurrency,https://1drv.ms/i/c/8705623eb284e7df/IQRB032Is1qmSqWe2uA2YrV2AVzGXU-EocnTDqBITRLSmRo?width=1140&height=760
04-02-2023,1667.059204,1690.099609,1648.189209,1664.47229,5843302512,102,Ethereum,ETH-USD,Crypto,Cryptocurrency,https://1drv.ms/i/c/8705623eb284e7df/IQRB032Is1qmSqWe2uA2YrV2AVzGXU-EocnTDqBITRLSmRo?width=1140&height=760
05-02-2023,1631.645874,1671.770264,1616.391846,1667.166504,6926696531,102,Ethereum,ETH-USD,Crypto,Cryptocurrency,https://1drv.ms/i/c/8705623eb284e7df/IQRB032Is1qmSqWe2uA2YrV2AVzGXU-EocnTDqBITRLSmRo?width=1140&height=760
06-02-2023,1616.24707,1653.715454,1611.319092,1631.645264,6919871886,102,Ethereum,ETH-USD,Crypto,Cryptocurrency,https://1drv.ms/i/c/8705623eb284e7df/IQRB032Is1qmSqWe2uA2YrV2AVzGXU-EocnTDqBITRLSmRo?width=1140&height=760
07-02-2023,1672.00354,1673.797852,1614.863037,1616.009644,8030277434,102,Ethereum,ETH-USD,Crypto,Cryptocurrency,https://1drv.ms/i/c/8705623eb284e7df/IQRB032Is1qmSqWe2uA2YrV2AVzGXU-EocnTDqBITRLSmRo?width=1140&height=760
08-02-2023,1650.716797,1688.527222,1635.265015,1671.905273,7806089579,102,Ethereum,ETH-USD,Crypto,Cryptocurrency,https://1drv.ms/i/c/8705623eb284e7df/IQRB032Is1qmSqWe2uA2YrV2AVzGXU-EocnTDqBITRLSmRo?width=1140&height=760
09-02-2023,1546.438232,1655.234863,1537.182251,1651.082275,10524969124,102,Ethereum,ETH-USD,Crypto,Cryptocurrency,https://1drv.ms/i/c/8705623eb284e7df/IQRB032Is1qmSqWe2uA2YrV2AVzGXU-EocnTDqBITRLSmRo?width=1140&height=760
10-02-2023,1514.869141,1553.325684,1504.834473,1546.596558,8397387897,102,Ethereum,ETH-USD,Crypto,Cryptocurrency,https://1drv.ms/i/c/8705623eb284e7df/IQRB032Is1qmSqWe2uA2YrV2AVzGXU-EocnTDqBITRLSmRo?width=1140&height=760
11-02-2023,1539.926758,1541.334717,1510.146973,1514.941895,5064007416,102,Ethereum,ETH-USD,Crypto,Cryptocurrency,https://1drv.ms/i/c/8705623eb284e7df/IQRB032Is1qmSqWe2uA2YrV2AVzGXU-EocnTDqBITRLSmRo?width=1140&height=760
12-02-2023,1515.033691,1545.554199,1501.462036,1539.776001,5319698775,102,Ethereum,ETH-USD,Crypto,Cryptocurrency,https://1drv.ms/i/c/8705623eb284e7df/IQRB032Is1qmSqWe2uA2YrV2AVzGXU-EocnTDqBITRLSmRo?width=1140&height=760
13-02-2023,1507.165894,1524.731445,1470.023926,1514.916992,9363855114,102,Ethereum,ETH-USD,Crypto,Cryptocurrency,https://1drv.ms/i/c/8705623eb284e7df/IQRB032Is1qmSqWe2uA2YrV2AVzGXU-EocnTDqBITRLSmRo?width=1140&height=760
14-02-2023,1556.875122,1562.034302,1497.194458,1506.992065,9249575045,102,Ethereum,ETH-USD,Crypto,Cryptocurrency,https://1drv.ms/i/c/8705623eb284e7df/IQRB032Is1qmSqWe2uA2YrV2AVzGXU-EocnTDqBITRLSmRo?width=1140&height=760
15-02-2023,1673.745972,1674.289795,1545.689697,1556.765137,10015035156,102,Ethereum,ETH-USD,Crypto,Cryptocurrency,https://1drv.ms/i/c/8705623eb284e7df/IQRB032Is1qmSqWe2uA2YrV2AVzGXU-EocnTDqBITRLSmRo?width=1140&height=760
16-02-2023,1640.067627,1732.801147,1638.145508,1673.867432,12704861676,102,Ethereum,ETH-USD,Crypto,Cryptocurrency,https://1drv.ms/i/c/8705623eb284e7df/IQRB032Is1qmSqWe2uA2YrV2AVzGXU-EocnTDqBITRLSmRo?width=1140&height=760
17-02-2023,1694.783325,1716.78186,1636.173828,1640.280151,9802443159,102,Ethereum,ETH-USD,Crypto,Cryptocurrency,https://1drv.ms/i/c/8705623eb284e7df/IQRB032Is1qmSqWe2uA2YrV2AVzGXU-EocnTDqBITRLSmRo?width=1140&height=760
18-02-2023,1691.819458,1705.309082,1683.670166,1694.741821,5491437195,102,Ethereum,ETH-USD,Crypto,Cryptocurrency,https://1drv.ms/i/c/8705623eb284e7df/IQRB032Is1qmSqWe2uA2YrV2AVzGXU-EocnTDqBITRLSmRo?width=1140&height=760
19-02-2023,1681.436157,1718.947632,1673.906616,1691.680176,6959144003,102,Ethereum,ETH-USD,Crypto,Cryptocurrency,https://1drv.ms/i/c/8705623eb284e7df/IQRB032Is1qmSqWe2uA2YrV2AVzGXU-EocnTDqBITRLSmRo?width=1140&height=760
20-02-2023,1702.675171,1716.48938,1659.295044,1682.337036,7703604237,102,Ethereum,ETH-USD,Crypto,Cryptocurrency,https://1drv.ms/i/c/8705623eb284e7df/IQRB032Is1qmSqWe2uA2YrV2AVzGXU-EocnTDqBITRLSmRo?width=1140&height=760
21-02-2023,1658.036377,1714.285645,1642.396729,1702.797852,8721608198,102,Ethereum,ETH-USD,Crypto,Cryptocurrency,https://1drv.ms/i/c/8705623eb284e7df/IQRB032Is1qmSqWe2uA2YrV2AVzGXU-EocnTDqBITRLSmRo?width=1140&height=760
22-02-2023,1643.231689,1663.996826,1604.803345,1658.140991,9189387004,102,Ethereum,ETH-USD,Crypto,Cryptocurrency,https://1drv.ms/i/c/8705623eb284e7df/IQRB032Is1qmSqWe2uA2YrV2AVzGXU-EocnTDqBITRLSmRo?width=1140&height=760
23-02-2023,1651.073853,1674.601563,1632.566162,1643.298584,9013236167,102,Ethereum,ETH-USD,Crypto,Cryptocurrency,https://1drv.ms/i/c/8705623eb284e7df/IQRB032Is1qmSqWe2uA2YrV2AVzGXU-EocnTDqBITRLSmRo?width=1140&height=760
24-02-2023,1608.373169,1661.091309,1583.147827,1650.895142,8909129423,102,Ethereum,ETH-USD,Crypto,Cryptocurrency,https://1drv.ms/i/c/8705623eb284e7df/IQRB032Is1qmSqWe2uA2YrV2AVzGXU-EocnTDqBITRLSmRo?width=1140&height=760
25-02-2023,1594.914917,1608.865112,1567.631714,1608.658325,5657686235,102,Ethereum,ETH-USD,Crypto,Cryptocurrency,https://1drv.ms/i/c/8705623eb284e7df/IQRB032Is1qmSqWe2uA2YrV2AVzGXU-EocnTDqBITRLSmRo?width=1140&height=760
26-02-2023,1640.817139,1645.273438,1590.393066,1594.761108,5727967432,102,Ethereum,ETH-USD,Crypto,Cryptocurrency,https://1drv.ms/i/c/8705623eb284e7df/IQRB032Is1qmSqWe2uA2YrV2AVzGXU-EocnTDqBITRLSmRo?width=1140&height=760
27-02-2023,1634.326416,1662.575684,1615.387939,1640.763672,7239824677,102,Ethereum,ETH-USD,Crypto,Cryptocurrency,https://1drv.ms/i/c/8705623eb284e7df/IQRB032Is1qmSqWe2uA2YrV2AVzGXU-EocnTDqBITRLSmRo?width=1140&height=760
28-02-2023,1605.895142,1644.435791,1602.428101,1634.502441,6323676957,102,Ethereum,ETH-USD,Crypto,Cryptocurrency,https://1drv.ms/i/c/8705623eb284e7df/IQRB032Is1qmSqWe2uA2YrV2AVzGXU-EocnTDqBITRLSmRo?width=1140&height=760
01-03-2023,1663.433716,1663.433716,1601.548584,1606.040405,7701847224,102,Ethereum,ETH-USD,Crypto,Cryptocurrency,https://1drv.ms/i/c/8705623eb284e7df/IQRB032Is1qmSqWe2uA2YrV2AVzGXU-EocnTDqBITRLSmRo?width=1140&height=760
02-03-2023,1647.319336,1672.051147,1622.599976,1663.549072,7080950926,102,Ethereum,ETH-USD,Crypto,Cryptocurrency,https://1drv.ms/i/c/8705623eb284e7df/IQRB032Is1qmSqWe2uA2YrV2AVzGXU-EocnTDqBITRLSmRo?width=1140&height=760
03-03-2023,1569.167603,1648.475342,1552.451538,1647.557739,9922240199,102,Ethereum,ETH-USD,Crypto,Cryptocurrency,https://1drv.ms/i/c/8705623eb284e7df/IQRB032Is1qmSqWe2uA2YrV2AVzGXU-EocnTDqBITRLSmRo?width=1140&height=760
04-03-2023,1566.92395,1575.637207,1551.736816,1569.278076,4389045367,102,Ethereum,ETH-USD,Crypto,Cryptocurrency,https://1drv.ms/i/c/8705623eb284e7df/IQRB032Is1qmSqWe2uA2YrV2AVzGXU-EocnTDqBITRLSmRo?width=1140&height=760
05-03-2023,1564.46875,1584.208862,1559.954102,1567.179321,5020886238,102,Ethereum,ETH-USD,Crypto,Cryptocurrency,https://1drv.ms/i/c/8705623eb284e7df/IQRB032Is1qmSqWe2uA2YrV2AVzGXU-EocnTDqBITRLSmRo?width=1140&height=760
06-03-2023,1567.398682,1579.456299,1557.363525,1564.383179,5245153345,102,Ethereum,ETH-USD,Crypto,Cryptocurrency,https://1drv.ms/i/c/8705623eb284e7df/IQRB032Is1qmSqWe2uA2YrV2AVzGXU-EocnTDqBITRLSmRo?width=1140&height=760
07-03-2023,1561.933105,1579.162231,1543.127563,1567.424683,6854058349,102,Ethereum,ETH-USD,Crypto,Cryptocurrency,https://1drv.ms/i/c/8705623eb284e7df/IQRB032Is1qmSqWe2uA2YrV2AVzGXU-EocnTDqBITRLSmRo?width=1140&height=760
08-03-2023,1534.088257,1568.175293,1534.088257,1561.977905,7130327525,102,Ethereum,ETH-USD,Crypto,Cryptocurrency,https://1drv.ms/i/c/8705623eb284e7df/IQRB032Is1qmSqWe2uA2YrV2AVzGXU-EocnTDqBITRLSmRo?width=1140&height=760
09-03-2023,1438.660767,1544.108398,1423.264771,1534.031616,9457897583,102,Ethereum,ETH-USD,Crypto,Cryptocurrency,https://1drv.ms/i/c/8705623eb284e7df/IQRB032Is1qmSqWe2uA2YrV2AVzGXU-EocnTDqBITRLSmRo?width=1140&height=760
10-03-2023,1429.158081,1438.760132,1378.525391,1438.760132,12665194936,102,Ethereum,ETH-USD,Crypto,Cryptocurrency,https://1drv.ms/i/c/8705623eb284e7df/IQRB032Is1qmSqWe2uA2YrV2AVzGXU-EocnTDqBITRLSmRo?width=1140&height=760
11-03-2023,1482.616699,1484.136963,1428.723145,1429.10083,14917080154,102,Ethereum,ETH-USD,Crypto,Cryptocurrency,https://1drv.ms/i/c/8705623eb284e7df/IQRB032Is1qmSqWe2uA2YrV2AVzGXU-EocnTDqBITRLSmRo?width=1140&height=760
12-03-2023,1590.292969,1607.152588,1461.610962,1482.431885,11480965122,102,Ethereum,ETH-USD,Crypto,Cryptocurrency,https://1drv.ms/i/c/8705623eb284e7df/IQRB032Is1qmSqWe2uA2YrV2AVzGXU-EocnTDqBITRLSmRo?width=1140&height=760
13-03-2023,1680.30896,1699.911743,1572.074707,1590.831177,15711468959,102,Ethereum,ETH-USD,Crypto,Cryptocurrency,https://1drv.ms/i/c/8705623eb284e7df/IQRB032Is1qmSqWe2uA2YrV2AVzGXU-EocnTDqBITRLSmRo?width=1140&height=760
14-03-2023,1703.50708,1779.917847,1665.902344,1680.295288,16159781303,102,Ethereum,ETH-USD,Crypto,Cryptocurrency,https://1drv.ms/i/c/8705623eb284e7df/IQRB032Is1qmSqWe2uA2YrV2AVzGXU-EocnTDqBITRLSmRo?width=1140&height=760
15-03-2023,1656.180542,1721.079224,1616.630371,1705.189941,12715339905,102,Ethereum,ETH-USD,Crypto,Cryptocurrency,https://1drv.ms/i/c/8705623eb284e7df/IQRB032Is1qmSqWe2uA2YrV2AVzGXU-EocnTDqBITRLSmRo?width=1140&height=760
16-03-2023,1677.215454,1693.139282,1639.261719,1656.332031,9364980166,102,Ethereum,ETH-USD,Crypto,Cryptocurrency,https://1drv.ms/i/c/8705623eb284e7df/IQRB032Is1qmSqWe2uA2YrV2AVzGXU-EocnTDqBITRLSmRo?width=1140&height=760
17-03-2023,1792.485107,1799.343994,1667.131836,1677.296753,12467445117,102,Ethereum,ETH-USD,Crypto,Cryptocurrency,https://1drv.ms/i/c/8705623eb284e7df/IQRB032Is1qmSqWe2uA2YrV2AVzGXU-EocnTDqBITRLSmRo?width=1140&height=760
18-03-2023,1761.659668,1840.357544,1751.262817,1793.592407,10317822213,102,Ethereum,ETH-USD,Crypto,Cryptocurrency,https://1drv.ms/i/c/8705623eb284e7df/IQRB032Is1qmSqWe2uA2YrV2AVzGXU-EocnTDqBITRLSmRo?width=1140&height=760
19-03-2023,1785.576538,1843.844116,1762.963257,1762.963257,9170565472,102,Ethereum,ETH-USD,Crypto,Cryptocurrency,https://1drv.ms/i/c/8705623eb284e7df/IQRB032Is1qmSqWe2uA2YrV2AVzGXU-EocnTDqBITRLSmRo?width=1140&height=760
20-03-2023,1735.321289,1807.72522,1728.10376,1785.41626,10978325507,102,Ethereum,ETH-USD,Crypto,Cryptocurrency,https://1drv.ms/i/c/8705623eb284e7df/IQRB032Is1qmSqWe2uA2YrV2AVzGXU-EocnTDqBITRLSmRo?width=1140&height=760
21-03-2023,1806.760742,1836.288574,1725.007324,1735.61792,10758627746,102,Ethereum,ETH-USD,Crypto,Cryptocurrency,https://1drv.ms/i/c/8705623eb284e7df/IQRB032Is1qmSqWe2uA2YrV2AVzGXU-EocnTDqBITRLSmRo?width=1140&height=760
22-03-2023,1737.717041,1821.458252,1717.765137,1804.957031,12484103560,102,Ethereum,ETH-USD,Crypto,Cryptocurrency,https://1drv.ms/i/c/8705623eb284e7df/IQRB032Is1qmSqWe2uA2YrV2AVzGXU-EocnTDqBITRLSmRo?width=1140&height=760
23-03-2023,1816.405151,1853.888062,1732.524658,1737.140869,11012966854,102,Ethereum,ETH-USD,Crypto,Cryptocurrency,https://1drv.ms/i/c/8705623eb284e7df/IQRB032Is1qmSqWe2uA2YrV2AVzGXU-EocnTDqBITRLSmRo?width=1140&height=760
24-03-2023,1752.0448,1819.935303,1730.349487,1815.819824,10913669383,102,Ethereum,ETH-USD,Crypto,Cryptocurrency,https://1drv.ms/i/c/8705623eb284e7df/IQRB032Is1qmSqWe2uA2YrV2AVzGXU-EocnTDqBITRLSmRo?width=1140&height=760
25-03-2023,1743.764771,1762.674561,1716.651978,1751.469482,6614309912,102,Ethereum,ETH-USD,Crypto,Cryptocurrency,https://1drv.ms/i/c/8705623eb284e7df/IQRB032Is1qmSqWe2uA2YrV2AVzGXU-EocnTDqBITRLSmRo?width=1140&height=760
26-03-2023,1775.676758,1797.880249,1741.182861,1743.842163,6990313307,102,Ethereum,ETH-USD,Crypto,Cryptocurrency,https://1drv.ms/i/c/8705623eb284e7df/IQRB032Is1qmSqWe2uA2YrV2AVzGXU-EocnTDqBITRLSmRo?width=1140&height=760
27-03-2023,1715.460815,1781.379272,1690.516602,1775.481323,8585750760,102,Ethereum,ETH-USD,Crypto,Cryptocurrency,https://1drv.ms/i/c/8705623eb284e7df/IQRB032Is1qmSqWe2uA2YrV2AVzGXU-EocnTDqBITRLSmRo?width=1140&height=760
28-03-2023,1772.785645,1791.110962,1702.564697,1715.327393,8346890042,102,Ethereum,ETH-USD,Crypto,Cryptocurrency,https://1drv.ms/i/c/8705623eb284e7df/IQRB032Is1qmSqWe2uA2YrV2AVzGXU-EocnTDqBITRLSmRo?width=1140&height=760
29-03-2023,1793.001831,1825.600952,1772.899902,1772.899902,9136176952,102,Ethereum,ETH-USD,Crypto,Cryptocurrency,https://1drv.ms/i/c/8705623eb284e7df/IQRB032Is1qmSqWe2uA2YrV2AVzGXU-EocnTDqBITRLSmRo?width=1140&height=760
30-03-2023,1792.737183,1827.280273,1766.248901,1793.345947,9724496987,102,Ethereum,ETH-USD,Crypto,Cryptocurrency,https://1drv.ms/i/c/8705623eb284e7df/IQRB032Is1qmSqWe2uA2YrV2AVzGXU-EocnTDqBITRLSmRo?width=1140&height=760
31-03-2023,1822.022095,1844.677368,1783.142212,1793.620117,9149379763,102,Ethereum,ETH-USD,Crypto,Cryptocurrency,https://1drv.ms/i/c/8705623eb284e7df/IQRB032Is1qmSqWe2uA2YrV2AVzGXU-EocnTDqBITRLSmRo?width=1140&height=760
01-04-2023,1813.860596,1840.173096,1811.11853,1821.704346,5556443606,102,Ethereum,ETH-USD,Crypto,Cryptocurrency,https://1drv.ms/i/c/8705623eb284e7df/IQRB032Is1qmSqWe2uA2YrV2AVzGXU-EocnTDqBITRLSmRo?width=1140&height=760
02-04-2023,1795.70813,1824.328857,1774.872437,1821.192139,6199721188,102,Ethereum,ETH-USD,Crypto,Cryptocurrency,https://1drv.ms/i/c/8705623eb284e7df/IQRB032Is1qmSqWe2uA2YrV2AVzGXU-EocnTDqBITRLSmRo?width=1140&height=760
03-04-2023,1810.297119,1839.157837,1765.518921,1794.922485,9643826401,102,Ethereum,ETH-USD,Crypto,Cryptocurrency,https://1drv.ms/i/c/8705623eb284e7df/IQRB032Is1qmSqWe2uA2YrV2AVzGXU-EocnTDqBITRLSmRo?width=1140&height=760
04-04-2023,1871.005127,1886.594604,1802.955444,1810.14209,10398322335,102,Ethereum,ETH-USD,Crypto,Cryptocurrency,https://1drv.ms/i/c/8705623eb284e7df/IQRB032Is1qmSqWe2uA2YrV2AVzGXU-EocnTDqBITRLSmRo?width=1140&height=760
05-04-2023,1909.114014,1937.497559,1865.941895,1870.965088,10319231689,102,Ethereum,ETH-USD,Crypto,Cryptocurrency,https://1drv.ms/i/c/8705623eb284e7df/IQRB032Is1qmSqWe2uA2YrV2AVzGXU-EocnTDqBITRLSmRo?width=1140&height=760
06-04-2023,1872.922607,1909.271729,1857.085083,1909.143555,8263191830,102,Ethereum,ETH-USD,Crypto,Cryptocurrency,https://1drv.ms/i/c/8705623eb284e7df/IQRB032Is1qmSqWe2uA2YrV2AVzGXU-EocnTDqBITRLSmRo?width=1140&height=760
07-04-2023,1865.636108,1882.299194,1845.993896,1872.734131,8356130492,102,Ethereum,ETH-USD,Crypto,Cryptocurrency,https://1drv.ms/i/c/8705623eb284e7df/IQRB032Is1qmSqWe2uA2YrV2AVzGXU-EocnTDqBITRLSmRo?width=1140&height=760
08-04-2023,1849.498169,1879.107788,1848.875488,1864.679077,5016362733,102,Ethereum,ETH-USD,Crypto,Cryptocurrency,https://1drv.ms/i/c/8705623eb284e7df/IQRB032Is1qmSqWe2uA2YrV2AVzGXU-EocnTDqBITRLSmRo?width=1140&height=760
09-04-2023,1859.387817,1873.057373,1828.700073,1849.672241,6361497715,102,Ethereum,ETH-USD,Crypto,Cryptocurrency,https://1drv.ms/i/c/8705623eb284e7df/IQRB032Is1qmSqWe2uA2YrV2AVzGXU-EocnTDqBITRLSmRo?width=1140&height=760
10-04-2023,1911.20752,1917.300171,1848.164185,1859.741211,8380134275,102,Ethereum,ETH-USD,Crypto,Cryptocurrency,https://1drv.ms/i/c/8705623eb284e7df/IQRB032Is1qmSqWe2uA2YrV2AVzGXU-EocnTDqBITRLSmRo?width=1140&height=760
11-04-2023,1892.189697,1936.728271,1886.53418,1911.375854,8877222956,102,Ethereum,ETH-USD,Crypto,Cryptocurrency,https://1drv.ms/i/c/8705623eb284e7df/IQRB032Is1qmSqWe2uA2YrV2AVzGXU-EocnTDqBITRLSmRo?width=1140&height=760
12-04-2023,1920.682129,1929.881226,1860.036865,1891.949707,11010714187,102,Ethereum,ETH-USD,Crypto,Cryptocurrency,https://1drv.ms/i/c/8705623eb284e7df/IQRB032Is1qmSqWe2uA2YrV2AVzGXU-EocnTDqBITRLSmRo?width=1140&height=760
13-04-2023,2012.634644,2022.150146,1901.860352,1917.698364,12546950499,102,Ethereum,ETH-USD,Crypto,Cryptocurrency,https://1drv.ms/i/c/8705623eb284e7df/IQRB032Is1qmSqWe2uA2YrV2AVzGXU-EocnTDqBITRLSmRo?width=1140&height=760
14-04-2023,2101.635498,2126.31665,2011.503296,2013.930664,16298099411,102,Ethereum,ETH-USD,Crypto,Cryptocurrency,https://1drv.ms/i/c/8705623eb284e7df/IQRB032Is1qmSqWe2uA2YrV2AVzGXU-EocnTDqBITRLSmRo?width=1140&height=760
15-04-2023,2092.466797,2111.075439,2076.510742,2101.616455,8036468153,102,Ethereum,ETH-USD,Crypto,Cryptocurrency,https://1drv.ms/i/c/8705623eb284e7df/IQRB032Is1qmSqWe2uA2YrV2AVzGXU-EocnTDqBITRLSmRo?width=1140&height=760
16-04-2023,2120.005859,2137.445068,2076.832031,2092.281006,7898126856,102,Ethereum,ETH-USD,Crypto,Cryptocurrency,https://1drv.ms/i/c/8705623eb284e7df/IQRB032Is1qmSqWe2uA2YrV2AVzGXU-EocnTDqBITRLSmRo?width=1140&height=760
17-04-2023,2076.24292,2120.113525,2063.038574,2120.001221,9648882546,102,Ethereum,ETH-USD,Crypto,Cryptocurrency,https://1drv.ms/i/c/8705623eb284e7df/IQRB032Is1qmSqWe2uA2YrV2AVzGXU-EocnTDqBITRLSmRo?width=1140&height=760
18-04-2023,2104.537354,2121.531494,2057.653809,2075.855225,9134015143,102,Ethereum,ETH-USD,Crypto,Cryptocurrency,https://1drv.ms/i/c/8705623eb284e7df/IQRB032Is1qmSqWe2uA2YrV2AVzGXU-EocnTDqBITRLSmRo?width=1140&height=760
19-04-2023,1936.403442,2104.857178,1928.582886,2103.946289,13779745451,102,Ethereum,ETH-USD,Crypto,Cryptocurrency,https://1drv.ms/i/c/8705623eb284e7df/IQRB032Is1qmSqWe2uA2YrV2AVzGXU-EocnTDqBITRLSmRo?width=1140&height=760
20-04-2023,1943.097656,1979.573364,1918.132813,1936.417969,11324135406,102,Ethereum,ETH-USD,Crypto,Cryptocurrency,https://1drv.ms/i/c/8705623eb284e7df/IQRB032Is1qmSqWe2uA2YrV2AVzGXU-EocnTDqBITRLSmRo?width=1140&height=760
21-04-2023,1849.999878,1955.64917,1827.78894,1943.409912,12044274581,102,Ethereum,ETH-USD,Crypto,Cryptocurrency,https://1drv.ms/i/c/8705623eb284e7df/IQRB032Is1qmSqWe2uA2YrV2AVzGXU-EocnTDqBITRLSmRo?width=1140&height=760
22-04-2023,1874.228638,1886.781616,1845.849243,1849.286499,6970642726,102,Ethereum,ETH-USD,Crypto,Cryptocurrency,https://1drv.ms/i/c/8705623eb284e7df/IQRB032Is1qmSqWe2uA2YrV2AVzGXU-EocnTDqBITRLSmRo?width=1140&height=760
23-04-2023,1862.062012,1882.229736,1838.992432,1874.171509,6607451862,102,Ethereum,ETH-USD,Crypto,Cryptocurrency,https://1drv.ms/i/c/8705623eb284e7df/IQRB032Is1qmSqWe2uA2YrV2AVzGXU-EocnTDqBITRLSmRo?width=1140&height=760
24-04-2023,1842.757446,1888.193726,1811.792114,1862.085327,8438191338,102,Ethereum,ETH-USD,Crypto,Cryptocurrency,https://1drv.ms/i/c/8705623eb284e7df/IQRB032Is1qmSqWe2uA2YrV2AVzGXU-EocnTDqBITRLSmRo?width=1140&height=760
25-04-2023,1866.753662,1877.484985,1805.322876,1842.204346,8677255481,102,Ethereum,ETH-USD,Crypto,Cryptocurrency,https://1drv.ms/i/c/8705623eb284e7df/IQRB032Is1qmSqWe2uA2YrV2AVzGXU-EocnTDqBITRLSmRo?width=1140&height=760
26-04-2023,1866.564209,1962.567627,1792.463867,1866.148926,14356524696,102,Ethereum,ETH-USD,Crypto,Cryptocurrency,https://1drv.ms/i/c/8705623eb284e7df/IQRB032Is1qmSqWe2uA2YrV2AVzGXU-EocnTDqBITRLSmRo?width=1140&height=760
27-04-2023,1908.786377,1936.94519,1863.147949,1866.693237,14008145806,102,Ethereum,ETH-USD,Crypto,Cryptocurrency,https://1drv.ms/i/c/8705623eb284e7df/IQRB032Is1qmSqWe2uA2YrV2AVzGXU-EocnTDqBITRLSmRo?width=1140&height=760
28-04-2023,1892.512817,1923.199219,1876.29187,1909.273071,7691759733,102,Ethereum,ETH-USD,Crypto,Cryptocurrency,https://1drv.ms/i/c/8705623eb284e7df/IQRB032Is1qmSqWe2uA2YrV2AVzGXU-EocnTDqBITRLSmRo?width=1140&height=760
29-04-2023,1908.916992,1916.973755,1887.990479,1892.565063,4796651246,102,Ethereum,ETH-USD,Crypto,Cryptocurrency,https://1drv.ms/i/c/8705623eb284e7df/IQRB032Is1qmSqWe2uA2YrV2AVzGXU-EocnTDqBITRLSmRo?width=1140&height=760
30-04-2023,1876.924316,1938.417969,1876.924316,1908.741333,6539641957,102,Ethereum,ETH-USD,Crypto,Cryptocurrency,https://1drv.ms/i/c/8705623eb284e7df/IQRB032Is1qmSqWe2uA2YrV2AVzGXU-EocnTDqBITRLSmRo?width=1140&height=760
01-05-2023,1831.954834,1886.206421,1809.193237,1868.891113,8625783201,102,Ethereum,ETH-USD,Crypto,Cryptocurrency,https://1drv.ms/i/c/8705623eb284e7df/IQRB032Is1qmSqWe2uA2YrV2AVzGXU-EocnTDqBITRLSmRo?width=1140&height=760
02-05-2023,1870.789307,1879.759521,1824.327026,1831.726563,7536785767,102,Ethereum,ETH-USD,Crypto,Cryptocurrency,https://1drv.ms/i/c/8705623eb284e7df/IQRB032Is1qmSqWe2uA2YrV2AVzGXU-EocnTDqBITRLSmRo?width=1140&height=760
03-05-2023,1904.651855,1915.50415,1845.871826,1870.687134,8306390869,102,Ethereum,ETH-USD,Crypto,Cryptocurrency,https://1drv.ms/i/c/8705623eb284e7df/IQRB032Is1qmSqWe2uA2YrV2AVzGXU-EocnTDqBITRLSmRo?width=1140&height=760
04-05-2023,1877.704102,1915.871704,1868.629761,1905.168945,6578438233,102,Ethereum,ETH-USD,Crypto,Cryptocurrency,https://1drv.ms/i/c/8705623eb284e7df/IQRB032Is1qmSqWe2uA2YrV2AVzGXU-EocnTDqBITRLSmRo?width=1140&height=760
05-05-2023,1995.060913,1998.413574,1876.946655,1877.83313,9498261360,102,Ethereum,ETH-USD,Crypto,Cryptocurrency,https://1drv.ms/i/c/8705623eb284e7df/IQRB032Is1qmSqWe2uA2YrV2AVzGXU-EocnTDqBITRLSmRo?width=1140&height=760
06-05-2023,1900.221802,2017.559448,1870.605591,1995.479126,9623243037,102,Ethereum,ETH-USD,Crypto,Cryptocurrency,https://1drv.ms/i/c/8705623eb284e7df/IQRB032Is1qmSqWe2uA2YrV2AVzGXU-EocnTDqBITRLSmRo?width=1140&height=760
07-05-2023,1873.076416,1933.998413,1873.076416,1899.917603,6883942236,102,Ethereum,ETH-USD,Crypto,Cryptocurrency,https://1drv.ms/i/c/8705623eb284e7df/IQRB032Is1qmSqWe2uA2YrV2AVzGXU-EocnTDqBITRLSmRo?width=1140&height=760
08-05-2023,1849.042725,1886.162109,1818.450562,1872.475098,9895102899,102,Ethereum,ETH-USD,Crypto,Cryptocurrency,https://1drv.ms/i/c/8705623eb284e7df/IQRB032Is1qmSqWe2uA2YrV2AVzGXU-EocnTDqBITRLSmRo?width=1140&height=760
09-05-2023,1848.603149,1860.66748,1832.906982,1849.061035,6129516088,102,Ethereum,ETH-USD,Crypto,Cryptocurrency,https://1drv.ms/i/c/8705623eb284e7df/IQRB032Is1qmSqWe2uA2YrV2AVzGXU-EocnTDqBITRLSmRo?width=1140&height=760
10-05-2023,1842.401489,1886.800293,1795.668823,1848.213501,9945549603,102,Ethereum,ETH-USD,Crypto,Cryptocurrency,https://1drv.ms/i/c/8705623eb284e7df/IQRB032Is1qmSqWe2uA2YrV2AVzGXU-EocnTDqBITRLSmRo?width=1140&height=760
11-05-2023,1796.490601,1842.492065,1774.132568,1842.492065,8353828312,102,Ethereum,ETH-USD,Crypto,Cryptocurrency,https://1drv.ms/i/c/8705623eb284e7df/IQRB032Is1qmSqWe2uA2YrV2AVzGXU-EocnTDqBITRLSmRo?width=1140&height=760
12-05-2023,1808.019775,1812.424927,1742.403809,1795.176636,9047198660,102,Ethereum,ETH-USD,Crypto,Cryptocurrency,https://1drv.ms/i/c/8705623eb284e7df/IQRB032Is1qmSqWe2uA2YrV2AVzGXU-EocnTDqBITRLSmRo?width=1140&height=760
13-05-2023,1796.114868,1816.058472,1788.475586,1808.375,4647630864,102,Ethereum,ETH-USD,Crypto,Cryptocurrency,https://1drv.ms/i/c/8705623eb284e7df/IQRB032Is1qmSqWe2uA2YrV2AVzGXU-EocnTDqBITRLSmRo?width=1140&height=760
14-05-2023,1800.500977,1823.490723,1793.22876,1796.10791,4711210241,102,Ethereum,ETH-USD,Crypto,Cryptocurrency,https://1drv.ms/i/c/8705623eb284e7df/IQRB032Is1qmSqWe2uA2YrV2AVzGXU-EocnTDqBITRLSmRo?width=1140&height=760
15-05-2023,1817.549927,1845.695435,1787.536377,1800.371216,6748889346,102,Ethereum,ETH-USD,Crypto,Cryptocurrency,https://1drv.ms/i/c/8705623eb284e7df/IQRB032Is1qmSqWe2uA2YrV2AVzGXU-EocnTDqBITRLSmRo?width=1140&height=760
16-05-2023,1824.12146,1830.351563,1797.84375,1816.824219,5595959668,102,Ethereum,ETH-USD,Crypto,Cryptocurrency,https://1drv.ms/i/c/8705623eb284e7df/IQRB032Is1qmSqWe2uA2YrV2AVzGXU-EocnTDqBITRLSmRo?width=1140&height=760
17-05-2023,1821.859619,1835.554565,1786.671997,1824.068359,6352161579,102,Ethereum,ETH-USD,Crypto,Cryptocurrency,https://1drv.ms/i/c/8705623eb284e7df/IQRB032Is1qmSqWe2uA2YrV2AVzGXU-EocnTDqBITRLSmRo?width=1140&height=760
18-05-2023,1801.728516,1831.450317,1774.195068,1822.068237,5673124255,102,Ethereum,ETH-USD,Crypto,Cryptocurrency,https://1drv.ms/i/c/8705623eb284e7df/IQRB032Is1qmSqWe2uA2YrV2AVzGXU-EocnTDqBITRLSmRo?width=1140&height=760
19-05-2023,1812.589478,1826.194214,1797.434448,1800.994385,4796110259,102,Ethereum,ETH-USD,Crypto,Cryptocurrency,https://1drv.ms/i/c/8705623eb284e7df/IQRB032Is1qmSqWe2uA2YrV2AVzGXU-EocnTDqBITRLSmRo?width=1140&height=760
20-05-2023,1820.478027,1829.009644,1808.046753,1812.766113,2951655969,102,Ethereum,ETH-USD,Crypto,Cryptocurrency,https://1drv.ms/i/c/8705623eb284e7df/IQRB032Is1qmSqWe2uA2YrV2AVzGXU-EocnTDqBITRLSmRo?width=1140&height=760
21-05-2023,1804.531372,1827.921997,1799.946899,1820.138062,3386768865,102,Ethereum,ETH-USD,Crypto,Cryptocurrency,https://1drv.ms/i/c/8705623eb284e7df/IQRB032Is1qmSqWe2uA2YrV2AVzGXU-EocnTDqBITRLSmRo?width=1140&height=760
22-05-2023,1817.53479,1826.696533,1793.223999,1804.841919,4534841049,102,Ethereum,ETH-USD,Crypto,Cryptocurrency,https://1drv.ms/i/c/8705623eb284e7df/IQRB032Is1qmSqWe2uA2YrV2AVzGXU-EocnTDqBITRLSmRo?width=1140&height=760
23-05-2023,1854.380615,1869.343994,1816.287964,1817.781128,6820047160,102,Ethereum,ETH-USD,Crypto,Cryptocurrency,https://1drv.ms/i/c/8705623eb284e7df/IQRB032Is1qmSqWe2uA2YrV2AVzGXU-EocnTDqBITRLSmRo?width=1140&height=760
24-05-2023,1800.099976,1854.299683,1780.925537,1854.299683,7101647419,102,Ethereum,ETH-USD,Crypto,Cryptocurrency,https://1drv.ms/i/c/8705623eb284e7df/IQRB032Is1qmSqWe2uA2YrV2AVzGXU-EocnTDqBITRLSmRo?width=1140&height=760
25-05-2023,1805.953735,1815.994751,1763.365112,1799.845215,6321689859,102,Ethereum,ETH-USD,Crypto,Cryptocurrency,https://1drv.ms/i/c/8705623eb284e7df/IQRB032Is1qmSqWe2uA2YrV2AVzGXU-EocnTDqBITRLSmRo?width=1140&height=760
26-05-2023,1828.689697,1837.865845,1798.406006,1805.725464,5451414258,102,Ethereum,ETH-USD,Crypto,Cryptocurrency,https://1drv.ms/i/c/8705623eb284e7df/IQRB032Is1qmSqWe2uA2YrV2AVzGXU-EocnTDqBITRLSmRo?width=1140&height=760
27-05-2023,1831.118286,1836.18457,1817.492065,1828.575684,3216737652,102,Ethereum,ETH-USD,Crypto,Cryptocurrency,https://1drv.ms/i/c/8705623eb284e7df/IQRB032Is1qmSqWe2uA2YrV2AVzGXU-EocnTDqBITRLSmRo?width=1140&height=760
28-05-2023,1910.914185,1915.723267,1825.467285,1831.098633,6359610561,102,Ethereum,ETH-USD,Crypto,Cryptocurrency,https://1drv.ms/i/c/8705623eb284e7df/IQRB032Is1qmSqWe2uA2YrV2AVzGXU-EocnTDqBITRLSmRo?width=1140&height=760
29-05-2023,1893.078125,1926.421753,1879.077515,1909.297485,5884674572,102,Ethereum,ETH-USD,Crypto,Cryptocurrency,https://1drv.ms/i/c/8705623eb284e7df/IQRB032Is1qmSqWe2uA2YrV2AVzGXU-EocnTDqBITRLSmRo?width=1140&height=760
30-05-2023,1901.026611,1916.574951,1883.934692,1893.09314,5363439784,102,Ethereum,ETH-USD,Crypto,Cryptocurrency,https://1drv.ms/i/c/8705623eb284e7df/IQRB032Is1qmSqWe2uA2YrV2AVzGXU-EocnTDqBITRLSmRo?width=1140&height=760
31-05-2023,1874.130493,1907.0354,1852.094727,1901.098267,5984512548,102,Ethereum,ETH-USD,Crypto,Cryptocurrency,https://1drv.ms/i/c/8705623eb284e7df/IQRB032Is1qmSqWe2uA2YrV2AVzGXU-EocnTDqBITRLSmRo?width=1140&height=760
01-06-2023,1862.201416,1887.705322,1846.227417,1873.914673,5640027197,102,Ethereum,ETH-USD,Crypto,Cryptocurrency,https://1drv.ms/i/c/8705623eb284e7df/IQRB032Is1qmSqWe2uA2YrV2AVzGXU-EocnTDqBITRLSmRo?width=1140&height=760
02-06-2023,1907.256592,1910.278442,1851.964722,1862.423706,6097746022,102,Ethereum,ETH-USD,Crypto,Cryptocurrency,https://1drv.ms/i/c/8705623eb284e7df/IQRB032Is1qmSqWe2uA2YrV2AVzGXU-EocnTDqBITRLSmRo?width=1140&height=760
03-06-2023,1892.412476,1908.822266,1885.485474,1907.420776,3472274607,102,Ethereum,ETH-USD,Crypto,Cryptocurrency,https://1drv.ms/i/c/8705623eb284e7df/IQRB032Is1qmSqWe2uA2YrV2AVzGXU-EocnTDqBITRLSmRo?width=1140&height=760
04-06-2023,1890.51355,1912.205688,1885.651855,1892.398193,3747042696,102,Ethereum,ETH-USD,Crypto,Cryptocurrency,https://1drv.ms/i/c/8705623eb284e7df/IQRB032Is1qmSqWe2uA2YrV2AVzGXU-EocnTDqBITRLSmRo?width=1140&height=760
05-06-2023,1811.828369,1890.640503,1780.211548,1890.417603,9246593033,102,Ethereum,ETH-USD,Crypto,Cryptocurrency,https://1drv.ms/i/c/8705623eb284e7df/IQRB032Is1qmSqWe2uA2YrV2AVzGXU-EocnTDqBITRLSmRo?width=1140&height=760
06-06-2023,1884.494873,1896.222656,1801.405273,1810.581421,8704411776,102,Ethereum,ETH-USD,Crypto,Cryptocurrency,https://1drv.ms/i/c/8705623eb284e7df/IQRB032Is1qmSqWe2uA2YrV2AVzGXU-EocnTDqBITRLSmRo?width=1140&height=760
07-06-2023,1832.395996,1893.809082,1822.303101,1884.372925,7919894455,102,Ethereum,ETH-USD,Crypto,Cryptocurrency,https://1drv.ms/i/c/8705623eb284e7df/IQRB032Is1qmSqWe2uA2YrV2AVzGXU-EocnTDqBITRLSmRo?width=1140&height=760
08-06-2023,1846.30188,1861.136108,1830.165039,1832.51355,4536041931,102,Ethereum,ETH-USD,Crypto,Cryptocurrency,https://1drv.ms/i/c/8705623eb284e7df/IQRB032Is1qmSqWe2uA2YrV2AVzGXU-EocnTDqBITRLSmRo?width=1140&height=760
09-06-2023,1840.22522,1854.824951,1828.544556,1846.077881,4610831509,102,Ethereum,ETH-USD,Crypto,Cryptocurrency,https://1drv.ms/i/c/8705623eb284e7df/IQRB032Is1qmSqWe2uA2YrV2AVzGXU-EocnTDqBITRLSmRo?width=1140&height=760
10-06-2023,1752.384766,1844.785645,1721.443115,1840.391968,10788500406,102,Ethereum,ETH-USD,Crypto,Cryptocurrency,https://1drv.ms/i/c/8705623eb284e7df/IQRB032Is1qmSqWe2uA2YrV2AVzGXU-EocnTDqBITRLSmRo?width=1140&height=760
11-06-2023,1753.415283,1776.847168,1741.110474,1752.527588,4559112981,102,Ethereum,ETH-USD,Crypto,Cryptocurrency,https://1drv.ms/i/c/8705623eb284e7df/IQRB032Is1qmSqWe2uA2YrV2AVzGXU-EocnTDqBITRLSmRo?width=1140&height=760
12-06-2023,1742.528687,1757.65979,1722.906372,1753.075439,6031384958,102,Ethereum,ETH-USD,Crypto,Cryptocurrency,https://1drv.ms/i/c/8705623eb284e7df/IQRB032Is1qmSqWe2uA2YrV2AVzGXU-EocnTDqBITRLSmRo?width=1140&height=760
13-06-2023,1739.037598,1761.955444,1727.749878,1742.390137,6214125203,102,Ethereum,ETH-USD,Crypto,Cryptocurrency,https://1drv.ms/i/c/8705623eb284e7df/IQRB032Is1qmSqWe2uA2YrV2AVzGXU-EocnTDqBITRLSmRo?width=1140&height=760
14-06-2023,1650.519287,1749.163208,1637.187744,1739.250122,7462905534,102,Ethereum,ETH-USD,Crypto,Cryptocurrency,https://1drv.ms/i/c/8705623eb284e7df/IQRB032Is1qmSqWe2uA2YrV2AVzGXU-EocnTDqBITRLSmRo?width=1140&height=760
15-06-2023,1665.519775,1676.406616,1624.138306,1650.498169,7328564880,102,Ethereum,ETH-USD,Crypto,Cryptocurrency,https://1drv.ms/i/c/8705623eb284e7df/IQRB032Is1qmSqWe2uA2YrV2AVzGXU-EocnTDqBITRLSmRo?width=1140&height=760
16-06-2023,1716.668823,1727.289551,1653.170898,1665.410645,6281023479,102,Ethereum,ETH-USD,Crypto,Cryptocurrency,https://1drv.ms/i/c/8705623eb284e7df/IQRB032Is1qmSqWe2uA2YrV2AVzGXU-EocnTDqBITRLSmRo?width=1140&height=760
17-06-2023,1727.204102,1766.763184,1714.150879,1716.671753,4875187477,102,Ethereum,ETH-USD,Crypto,Cryptocurrency,https://1drv.ms/i/c/8705623eb284e7df/IQRB032Is1qmSqWe2uA2YrV2AVzGXU-EocnTDqBITRLSmRo?width=1140&height=760
18-06-2023,1720.577515,1746.509155,1718.11145,1727.193726,3820038842,102,Ethereum,ETH-USD,Crypto,Cryptocurrency,https://1drv.ms/i/c/8705623eb284e7df/IQRB032Is1qmSqWe2uA2YrV2AVzGXU-EocnTDqBITRLSmRo?width=1140&height=760
19-06-2023,1737.659424,1745.134644,1705.813477,1720.505371,5210480121,102,Ethereum,ETH-USD,Crypto,Cryptocurrency,https://1drv.ms/i/c/8705623eb284e7df/IQRB032Is1qmSqWe2uA2YrV2AVzGXU-EocnTDqBITRLSmRo?width=1140&height=760
20-06-2023,1792.119995,1793.313965,1715.342529,1736.879761,7171072578,102,Ethereum,ETH-USD,Crypto,Cryptocurrency,https://1drv.ms/i/c/8705623eb284e7df/IQRB032Is1qmSqWe2uA2YrV2AVzGXU-EocnTDqBITRLSmRo?width=1140&height=760
21-06-2023,1891.007202,1898.668945,1788.489258,1791.994995,11731457711,102,Ethereum,ETH-USD,Crypto,Cryptocurrency,https://1drv.ms/i/c/8705623eb284e7df/IQRB032Is1qmSqWe2uA2YrV2AVzGXU-EocnTDqBITRLSmRo?width=1140&height=760
22-06-2023,1872.942993,1932.065552,1867.876587,1889.794434,8477657143,102,Ethereum,ETH-USD,Crypto,Cryptocurrency,https://1drv.ms/i/c/8705623eb284e7df/IQRB032Is1qmSqWe2uA2YrV2AVzGXU-EocnTDqBITRLSmRo?width=1140&height=760
23-06-2023,1892.862061,1932.531616,1865.192017,1872.540771,8290615074,102,Ethereum,ETH-USD,Crypto,Cryptocurrency,https://1drv.ms/i/c/8705623eb284e7df/IQRB032Is1qmSqWe2uA2YrV2AVzGXU-EocnTDqBITRLSmRo?width=1140&height=760
24-06-2023,1876.059692,1905.227417,1867.811523,1893.771973,5026191704,102,Ethereum,ETH-USD,Crypto,Cryptocurrency,https://1drv.ms/i/c/8705623eb284e7df/IQRB032Is1qmSqWe2uA2YrV2AVzGXU-EocnTDqBITRLSmRo?width=1140&height=760
25-06-2023,1900.506104,1929.079102,1870.850098,1875.849121,6937581709,102,Ethereum,ETH-USD,Crypto,Cryptocurrency,https://1drv.ms/i/c/8705623eb284e7df/IQRB032Is1qmSqWe2uA2YrV2AVzGXU-EocnTDqBITRLSmRo?width=1140&height=760
26-06-2023,1859.432861,1905.360474,1840.215088,1900.050293,8619702292,102,Ethereum,ETH-USD,Crypto,Cryptocurrency,https://1drv.ms/i/c/8705623eb284e7df/IQRB032Is1qmSqWe2uA2YrV2AVzGXU-EocnTDqBITRLSmRo?width=1140&height=760
27-06-2023,1889.703369,1911.311157,1856.838379,1859.346191,7686042202,102,Ethereum,ETH-USD,Crypto,Cryptocurrency,https://1drv.ms/i/c/8705623eb284e7df/IQRB032Is1qmSqWe2uA2YrV2AVzGXU-EocnTDqBITRLSmRo?width=1140&height=760
28-06-2023,1827.971191,1890.208984,1822.102783,1889.906494,7135265016,102,Ethereum,ETH-USD,Crypto,Cryptocurrency,https://1drv.ms/i/c/8705623eb284e7df/IQRB032Is1qmSqWe2uA2YrV2AVzGXU-EocnTDqBITRLSmRo?width=1140&height=760
29-06-2023,1852.227295,1876.530273,1828.059326,1828.059326,5677228612,102,Ethereum,ETH-USD,Crypto,Cryptocurrency,https://1drv.ms/i/c/8705623eb284e7df/IQRB032Is1qmSqWe2uA2YrV2AVzGXU-EocnTDqBITRLSmRo?width=1140&height=760
30-06-2023,1933.188965,1945.274292,1831.281006,1852.008423,12895131248,102,Ethereum,ETH-USD,Crypto,Cryptocurrency,https://1drv.ms/i/c/8705623eb284e7df/IQRB032Is1qmSqWe2uA2YrV2AVzGXU-EocnTDqBITRLSmRo?width=1140&height=760
01-07-2023,1924.565918,1942.701538,1910.848633,1933.323853,5136809625,102,Ethereum,ETH-USD,Crypto,Cryptocurrency,https://1drv.ms/i/c/8705623eb284e7df/IQRB032Is1qmSqWe2uA2YrV2AVzGXU-EocnTDqBITRLSmRo?width=1140&height=760
02-07-2023,1937.438354,1958.160767,1895.906982,1924.44812,6343966490,102,Ethereum,ETH-USD,Crypto,Cryptocurrency,https://1drv.ms/i/c/8705623eb284e7df/IQRB032Is1qmSqWe2uA2YrV2AVzGXU-EocnTDqBITRLSmRo?width=1140&height=760
03-07-2023,1955.38916,1974.775024,1934.688843,1937.883789,7858509087,102,Ethereum,ETH-USD,Crypto,Cryptocurrency,https://1drv.ms/i/c/8705623eb284e7df/IQRB032Is1qmSqWe2uA2YrV2AVzGXU-EocnTDqBITRLSmRo?width=1140&height=760
04-07-2023,1936.633545,1966.365356,1932.611328,1955.52417,5683423776,102,Ethereum,ETH-USD,Crypto,Cryptocurrency,https://1drv.ms/i/c/8705623eb284e7df/IQRB032Is1qmSqWe2uA2YrV2AVzGXU-EocnTDqBITRLSmRo?width=1140&height=760
05-07-2023,1910.588013,1942.432495,1897.124756,1936.796753,6034088075,102,Ethereum,ETH-USD,Crypto,Cryptocurrency,https://1drv.ms/i/c/8705623eb284e7df/IQRB032Is1qmSqWe2uA2YrV2AVzGXU-EocnTDqBITRLSmRo?width=1140&height=760
06-07-2023,1848.636475,1956.012329,1847.850708,1910.417114,8905008384,102,Ethereum,ETH-USD,Crypto,Cryptocurrency,https://1drv.ms/i/c/8705623eb284e7df/IQRB032Is1qmSqWe2uA2YrV2AVzGXU-EocnTDqBITRLSmRo?width=1140&height=760
07-07-2023,1870.602539,1876.963257,1832.025391,1847.512573,6468885150,102,Ethereum,ETH-USD,Crypto,Cryptocurrency,https://1drv.ms/i/c/8705623eb284e7df/IQRB032Is1qmSqWe2uA2YrV2AVzGXU-EocnTDqBITRLSmRo?width=1140&height=760
08-07-2023,1865.539551,1872.501587,1844.641724,1871.002075,4299007854,102,Ethereum,ETH-USD,Crypto,Cryptocurrency,https://1drv.ms/i/c/8705623eb284e7df/IQRB032Is1qmSqWe2uA2YrV2AVzGXU-EocnTDqBITRLSmRo?width=1140&height=760
09-07-2023,1863.009766,1878.668945,1857.748291,1865.594971,4392863807,102,Ethereum,ETH-USD,Crypto,Cryptocurrency,https://1drv.ms/i/c/8705623eb284e7df/IQRB032Is1qmSqWe2uA2YrV2AVzGXU-EocnTDqBITRLSmRo?width=1140&height=760
10-07-2023,1880.556396,1905.460815,1848.777222,1863.240234,6336468234,102,Ethereum,ETH-USD,Crypto,Cryptocurrency,https://1drv.ms/i/c/8705623eb284e7df/IQRB032Is1qmSqWe2uA2YrV2AVzGXU-EocnTDqBITRLSmRo?width=1140&height=760
11-07-2023,1878.33606,1889.381714,1863.218628,1880.654907,4905225892,102,Ethereum,ETH-USD,Crypto,Cryptocurrency,https://1drv.ms/i/c/8705623eb284e7df/IQRB032Is1qmSqWe2uA2YrV2AVzGXU-EocnTDqBITRLSmRo?width=1140&height=760
12-07-2023,1872.11377,1901.148438,1865.710083,1878.322021,6379007000,102,Ethereum,ETH-USD,Crypto,Cryptocurrency,https://1drv.ms/i/c/8705623eb284e7df/IQRB032Is1qmSqWe2uA2YrV2AVzGXU-EocnTDqBITRLSmRo?width=1140&height=760
13-07-2023,2006.511475,2011.885254,1864.496094,1872.040283,11114853969,102,Ethereum,ETH-USD,Crypto,Cryptocurrency,https://1drv.ms/i/c/8705623eb284e7df/IQRB032Is1qmSqWe2uA2YrV2AVzGXU-EocnTDqBITRLSmRo?width=1140&height=760
14-07-2023,1939.347046,2026.204956,1901.361206,2005.686157,10627449471,102,Ethereum,ETH-USD,Crypto,Cryptocurrency,https://1drv.ms/i/c/8705623eb284e7df/IQRB032Is1qmSqWe2uA2YrV2AVzGXU-EocnTDqBITRLSmRo?width=1140&height=760
15-07-2023,1931.466553,1946.019165,1928.187378,1939.129639,4380084234,102,Ethereum,ETH-USD,Crypto,Cryptocurrency,https://1drv.ms/i/c/8705623eb284e7df/IQRB032Is1qmSqWe2uA2YrV2AVzGXU-EocnTDqBITRLSmRo?width=1140&height=760
16-07-2023,1923.681885,1942.030884,1917.294067,1931.64502,4329306566,102,Ethereum,ETH-USD,Crypto,Cryptocurrency,https://1drv.ms/i/c/8705623eb284e7df/IQRB032Is1qmSqWe2uA2YrV2AVzGXU-EocnTDqBITRLSmRo?width=1140&height=760
17-07-2023,1911.646118,1936.177612,1875.120361,1923.694336,6678090758,102,Ethereum,ETH-USD,Crypto,Cryptocurrency,https://1drv.ms/i/c/8705623eb284e7df/IQRB032Is1qmSqWe2uA2YrV2AVzGXU-EocnTDqBITRLSmRo?width=1140&height=760
18-07-2023,1897.599243,1916.468384,1878.718506,1911.697021,5814708445,102,Ethereum,ETH-USD,Crypto,Cryptocurrency,https://1drv.ms/i/c/8705623eb284e7df/IQRB032Is1qmSqWe2uA2YrV2AVzGXU-EocnTDqBITRLSmRo?width=1140&height=760
19-07-2023,1889.007935,1919.264404,1883.067139,1897.797241,6018487800,102,Ethereum,ETH-USD,Crypto,Cryptocurrency,https://1drv.ms/i/c/8705623eb284e7df/IQRB032Is1qmSqWe2uA2YrV2AVzGXU-EocnTDqBITRLSmRo?width=1140&height=760
20-07-2023,1890.969116,1919.264404,1879.734375,1889.07373,7366830684,102,Ethereum,ETH-USD,Crypto,Cryptocurrency,https://1drv.ms/i/c/8705623eb284e7df/IQRB032Is1qmSqWe2uA2YrV2AVzGXU-EocnTDqBITRLSmRo?width=1140&height=760
21-07-2023,1892.080078,1905.38623,1885.296265,1891.581299,4668158260,102,Ethereum,ETH-USD,Crypto,Cryptocurrency,https://1drv.ms/i/c/8705623eb284e7df/IQRB032Is1qmSqWe2uA2YrV2AVzGXU-EocnTDqBITRLSmRo?width=1140&height=760
22-07-2023,1864.912354,1897.088013,1855.092773,1891.955078,4101305643,102,Ethereum,ETH-USD,Crypto,Cryptocurrency,https://1drv.ms/i/c/8705623eb284e7df/IQRB032Is1qmSqWe2uA2YrV2AVzGXU-EocnTDqBITRLSmRo?width=1140&height=760
23-07-2023,1889.19165,1904.483276,1859.568848,1866.094238,4480604100,102,Ethereum,ETH-USD,Crypto,Cryptocurrency,https://1drv.ms/i/c/8705623eb284e7df/IQRB032Is1qmSqWe2uA2YrV2AVzGXU-EocnTDqBITRLSmRo?width=1140&height=760
24-07-2023,1850.002075,1889.761963,1836.852417,1888.80957,6344373569,102,Ethereum,ETH-USD,Crypto,Cryptocurrency,https://1drv.ms/i/c/8705623eb284e7df/IQRB032Is1qmSqWe2uA2YrV2AVzGXU-EocnTDqBITRLSmRo?width=1140&height=760
25-07-2023,1857.741943,1867.323242,1845.981567,1850.027954,4163381707,102,Ethereum,ETH-USD,Crypto,Cryptocurrency,https://1drv.ms/i/c/8705623eb284e7df/IQRB032Is1qmSqWe2uA2YrV2AVzGXU-EocnTDqBITRLSmRo?width=1140&height=760
26-07-2023,1872.159912,1886.974121,1849.43689,1857.696533,5781548155,102,Ethereum,ETH-USD,Crypto,Cryptocurrency,https://1drv.ms/i/c/8705623eb284e7df/IQRB032Is1qmSqWe2uA2YrV2AVzGXU-EocnTDqBITRLSmRo?width=1140&height=760
27-07-2023,1860.357178,1885.591553,1855.321533,1872.086304,4291339248,102,Ethereum,ETH-USD,Crypto,Cryptocurrency,https://1drv.ms/i/c/8705623eb284e7df/IQRB032Is1qmSqWe2uA2YrV2AVzGXU-EocnTDqBITRLSmRo?width=1140&height=760
28-07-2023,1874.744873,1881.457275,1857.04895,1860.702515,3800973336,102,Ethereum,ETH-USD,Crypto,Cryptocurrency,https://1drv.ms/i/c/8705623eb284e7df/IQRB032Is1qmSqWe2uA2YrV2AVzGXU-EocnTDqBITRLSmRo?width=1140&height=760
29-07-2023,1881.068848,1885.529297,1870.333862,1874.560425,2497302218,102,Ethereum,ETH-USD,Crypto,Cryptocurrency,https://1drv.ms/i/c/8705623eb284e7df/IQRB032Is1qmSqWe2uA2YrV2AVzGXU-EocnTDqBITRLSmRo?width=1140&height=760
30-07-2023,1861.643799,1884.144165,1851.728027,1880.871582,4003005547,102,Ethereum,ETH-USD,Crypto,Cryptocurrency,https://1drv.ms/i/c/8705623eb284e7df/IQRB032Is1qmSqWe2uA2YrV2AVzGXU-EocnTDqBITRLSmRo?width=1140&height=760
31-07-2023,1856.162354,1875.629395,1851.915405,1861.755249,4391613314,102,Ethereum,ETH-USD,Crypto,Cryptocurrency,https://1drv.ms/i/c/8705623eb284e7df/IQRB032Is1qmSqWe2uA2YrV2AVzGXU-EocnTDqBITRLSmRo?width=1140&height=760
01-08-2023,1871.792114,1873.029907,1817.920776,1856.190186,7634860636,102,Ethereum,ETH-USD,Crypto,Cryptocurrency,https://1drv.ms/i/c/8705623eb284e7df/IQRB032Is1qmSqWe2uA2YrV2AVzGXU-EocnTDqBITRLSmRo?width=1140&height=760
02-08-2023,1839.089722,1877.511475,1822.348267,1873.46814,6448512422,102,Ethereum,ETH-USD,Crypto,Cryptocurrency,https://1drv.ms/i/c/8705623eb284e7df/IQRB032Is1qmSqWe2uA2YrV2AVzGXU-EocnTDqBITRLSmRo?width=1140&height=760
03-08-2023,1835.136475,1856.407593,1825.347778,1838.897949,4710581074,102,Ethereum,ETH-USD,Crypto,Cryptocurrency,https://1drv.ms/i/c/8705623eb284e7df/IQRB032Is1qmSqWe2uA2YrV2AVzGXU-EocnTDqBITRLSmRo?width=1140&height=760
04-08-2023,1827.712891,1847.912231,1817.413818,1834.890503,4861242484,102,Ethereum,ETH-USD,Crypto,Cryptocurrency,https://1drv.ms/i/c/8705623eb284e7df/IQRB032Is1qmSqWe2uA2YrV2AVzGXU-EocnTDqBITRLSmRo?width=1140&height=760
05-08-2023,1834.987915,1836.464844,1824.807983,1827.798584,2866049749,102,Ethereum,ETH-USD,Crypto,Cryptocurrency,https://1drv.ms/i/c/8705623eb284e7df/IQRB032Is1qmSqWe2uA2YrV2AVzGXU-EocnTDqBITRLSmRo?width=1140&height=760
06-08-2023,1827.462036,1836.248901,1824.986694,1834.845215,2963395076,102,Ethereum,ETH-USD,Crypto,Cryptocurrency,https://1drv.ms/i/c/8705623eb284e7df/IQRB032Is1qmSqWe2uA2YrV2AVzGXU-EocnTDqBITRLSmRo?width=1140&height=760
07-08-2023,1826.938843,1842.522583,1804.716675,1827.239502,5837881974,102,Ethereum,ETH-USD,Crypto,Cryptocurrency,https://1drv.ms/i/c/8705623eb284e7df/IQRB032Is1qmSqWe2uA2YrV2AVzGXU-EocnTDqBITRLSmRo?width=1140&height=760
08-08-2023,1855.807373,1873.847168,1824.430054,1826.93103,5812855406,102,Ethereum,ETH-USD,Crypto,Cryptocurrency,https://1drv.ms/i/c/8705623eb284e7df/IQRB032Is1qmSqWe2uA2YrV2AVzGXU-EocnTDqBITRLSmRo?width=1140&height=760
09-08-2023,1854.297607,1869.736572,1845.489746,1855.779419,5870081833,102,Ethereum,ETH-USD,Crypto,Cryptocurrency,https://1drv.ms/i/c/8705623eb284e7df/IQRB032Is1qmSqWe2uA2YrV2AVzGXU-EocnTDqBITRLSmRo?width=1140&height=760
10-08-2023,1850.753418,1863.310913,1845.442261,1854.348267,3760304518,102,Ethereum,ETH-USD,Crypto,Cryptocurrency,https://1drv.ms/i/c/8705623eb284e7df/IQRB032Is1qmSqWe2uA2YrV2AVzGXU-EocnTDqBITRLSmRo?width=1140&height=760
11-08-2023,1847.12439,1855.06604,1839.569214,1850.741699,3353025102,102,Ethereum,ETH-USD,Crypto,Cryptocurrency,https://1drv.ms/i/c/8705623eb284e7df/IQRB032Is1qmSqWe2uA2YrV2AVzGXU-EocnTDqBITRLSmRo?width=1140&height=760
12-08-2023,1848.889893,1852.281006,1845.719238,1847.171997,2291124840,102,Ethereum,ETH-USD,Crypto,Cryptocurrency,https://1drv.ms/i/c/8705623eb284e7df/IQRB032Is1qmSqWe2uA2YrV2AVzGXU-EocnTDqBITRLSmRo?width=1140&height=760
13-08-2023,1839.280151,1859.916382,1834.804321,1849.053833,3054625661,102,Ethereum,ETH-USD,Crypto,Cryptocurrency,https://1drv.ms/i/c/8705623eb284e7df/IQRB032Is1qmSqWe2uA2YrV2AVzGXU-EocnTDqBITRLSmRo?width=1140&height=760
14-08-2023,1844.185791,1853.836304,1834.800415,1839.323486,4083364724,102,Ethereum,ETH-USD,Crypto,Cryptocurrency,https://1drv.ms/i/c/8705623eb284e7df/IQRB032Is1qmSqWe2uA2YrV2AVzGXU-EocnTDqBITRLSmRo?width=1140&height=760
15-08-2023,1826.932739,1845.547607,1816.325073,1844.164185,4483923893,102,Ethereum,ETH-USD,Crypto,Cryptocurrency,https://1drv.ms/i/c/8705623eb284e7df/IQRB032Is1qmSqWe2uA2YrV2AVzGXU-EocnTDqBITRLSmRo?width=1140&height=760
16-08-2023,1805.659058,1829.361206,1798.966675,1827.036377,4976573383,102,Ethereum,ETH-USD,Crypto,Cryptocurrency,https://1drv.ms/i/c/8705623eb284e7df/IQRB032Is1qmSqWe2uA2YrV2AVzGXU-EocnTDqBITRLSmRo?width=1140&height=760
17-08-2023,1684.933472,1807.714844,1551.713257,1805.567383,14208462072,102,Ethereum,ETH-USD,Crypto,Cryptocurrency,https://1drv.ms/i/c/8705623eb284e7df/IQRB032Is1qmSqWe2uA2YrV2AVzGXU-EocnTDqBITRLSmRo?width=1140&height=760
18-08-2023,1660.945068,1698.124268,1644.930908,1682.038452,9645084584,102,Ethereum,ETH-USD,Crypto,Cryptocurrency,https://1drv.ms/i/c/8705623eb284e7df/IQRB032Is1qmSqWe2uA2YrV2AVzGXU-EocnTDqBITRLSmRo?width=1140&height=760
19-08-2023,1669.471924,1693.228149,1654.075806,1660.84436,4871231360,102,Ethereum,ETH-USD,Crypto,Cryptocurrency,https://1drv.ms/i/c/8705623eb284e7df/IQRB032Is1qmSqWe2uA2YrV2AVzGXU-EocnTDqBITRLSmRo?width=1140&height=760
20-08-2023,1684.852051,1692.328735,1662.901489,1669.587769,4105056995,102,Ethereum,ETH-USD,Crypto,Cryptocurrency,https://1drv.ms/i/c/8705623eb284e7df/IQRB032Is1qmSqWe2uA2YrV2AVzGXU-EocnTDqBITRLSmRo?width=1140&height=760
21-08-2023,1667.269043,1685.082642,1651.959839,1685.022339,5077248383,102,Ethereum,ETH-USD,Crypto,Cryptocurrency,https://1drv.ms/i/c/8705623eb284e7df/IQRB032Is1qmSqWe2uA2YrV2AVzGXU-EocnTDqBITRLSmRo?width=1140&height=760
22-08-2023,1633.892578,1668.638672,1596.384033,1667.279297,7244623133,102,Ethereum,ETH-USD,Crypto,Cryptocurrency,https://1drv.ms/i/c/8705623eb284e7df/IQRB032Is1qmSqWe2uA2YrV2AVzGXU-EocnTDqBITRLSmRo?width=1140&height=760
23-08-2023,1679.274414,1696.593994,1629.581055,1634.401733,7191868448,102,Ethereum,ETH-USD,Crypto,Cryptocurrency,https://1drv.ms/i/c/8705623eb284e7df/IQRB032Is1qmSqWe2uA2YrV2AVzGXU-EocnTDqBITRLSmRo?width=1140&height=760
24-08-2023,1659.94458,1682.489746,1641.627075,1679.248291,5104531920,102,Ethereum,ETH-USD,Crypto,Cryptocurrency,https://1drv.ms/i/c/8705623eb284e7df/IQRB032Is1qmSqWe2uA2YrV2AVzGXU-EocnTDqBITRLSmRo?width=1140&height=760
25-08-2023,1652.935059,1671.970703,1635.967407,1660.269897,5396997823,102,Ethereum,ETH-USD,Crypto,Cryptocurrency,https://1drv.ms/i/c/8705623eb284e7df/IQRB032Is1qmSqWe2uA2YrV2AVzGXU-EocnTDqBITRLSmRo?width=1140&height=760
26-08-2023,1646.306763,1654.77771,1643.712646,1652.927246,2423247747,102,Ethereum,ETH-USD,Crypto,Cryptocurrency,https://1drv.ms/i/c/8705623eb284e7df/IQRB032Is1qmSqWe2uA2YrV2AVzGXU-EocnTDqBITRLSmRo?width=1140&height=760
27-08-2023,1657.513062,1659.26709,1645.902832,1646.271973,2624065031,102,Ethereum,ETH-USD,Crypto,Cryptocurrency,https://1drv.ms/i/c/8705623eb284e7df/IQRB032Is1qmSqWe2uA2YrV2AVzGXU-EocnTDqBITRLSmRo?width=1140&height=760
28-08-2023,1652.457397,1659.328735,1627.446777,1657.439819,4855588534,102,Ethereum,ETH-USD,Crypto,Cryptocurrency,https://1drv.ms/i/c/8705623eb284e7df/IQRB032Is1qmSqWe2uA2YrV2AVzGXU-EocnTDqBITRLSmRo?width=1140&height=760
29-08-2023,1729.725708,1742.637329,1639.576172,1652.27417,11304916729,102,Ethereum,ETH-USD,Crypto,Cryptocurrency,https://1drv.ms/i/c/8705623eb284e7df/IQRB032Is1qmSqWe2uA2YrV2AVzGXU-EocnTDqBITRLSmRo?width=1140&height=760
30-08-2023,1705.112183,1730.564697,1697.147217,1729.676636,5023904190,102,Ethereum,ETH-USD,Crypto,Cryptocurrency,https://1drv.ms/i/c/8705623eb284e7df/IQRB032Is1qmSqWe2uA2YrV2AVzGXU-EocnTDqBITRLSmRo?width=1140&height=760
31-08-2023,1645.63916,1720.011963,1634.850952,1705.364502,6593153505,102,Ethereum,ETH-USD,Crypto,Cryptocurrency,https://1drv.ms/i/c/8705623eb284e7df/IQRB032Is1qmSqWe2uA2YrV2AVzGXU-EocnTDqBITRLSmRo?width=1140&height=760
01-09-2023,1628.491211,1653.531738,1603.03418,1645.581299,6104510092,102,Ethereum,ETH-USD,Crypto,Cryptocurrency,https://1drv.ms/i/c/8705623eb284e7df/IQRB032Is1qmSqWe2uA2YrV2AVzGXU-EocnTDqBITRLSmRo?width=1140&height=760
02-09-2023,1637.025391,1644.03064,1627.976074,1628.559692,2943590996,102,Ethereum,ETH-USD,Crypto,Cryptocurrency,https://1drv.ms/i/c/8705623eb284e7df/IQRB032Is1qmSqWe2uA2YrV2AVzGXU-EocnTDqBITRLSmRo?width=1140&height=760
03-09-2023,1636.117676,1645.645142,1626.089233,1637.043579,3151878318,102,Ethereum,ETH-USD,Crypto,Cryptocurrency,https://1drv.ms/i/c/8705623eb284e7df/IQRB032Is1qmSqWe2uA2YrV2AVzGXU-EocnTDqBITRLSmRo?width=1140&height=760
04-09-2023,1629.655273,1642.653198,1618.523682,1635.724731,3887968912,102,Ethereum,ETH-USD,Crypto,Cryptocurrency,https://1drv.ms/i/c/8705623eb284e7df/IQRB032Is1qmSqWe2uA2YrV2AVzGXU-EocnTDqBITRLSmRo?width=1140&height=760
05-09-2023,1633.629395,1645.948364,1610.141235,1629.911011,4417491902,102,Ethereum,ETH-USD,Crypto,Cryptocurrency,https://1drv.ms/i/c/8705623eb284e7df/IQRB032Is1qmSqWe2uA2YrV2AVzGXU-EocnTDqBITRLSmRo?width=1140&height=760
06-09-2023,1632.252319,1656.932739,1611.147705,1633.912109,4987397046,102,Ethereum,ETH-USD,Crypto,Cryptocurrency,https://1drv.ms/i/c/8705623eb284e7df/IQRB032Is1qmSqWe2uA2YrV2AVzGXU-EocnTDqBITRLSmRo?width=1140&height=760
07-09-2023,1647.598267,1657.303711,1623.220459,1632.262817,4907290296,102,Ethereum,ETH-USD,Crypto,Cryptocurrency,https://1drv.ms/i/c/8705623eb284e7df/IQRB032Is1qmSqWe2uA2YrV2AVzGXU-EocnTDqBITRLSmRo?width=1140&height=760
08-09-2023,1636.137817,1657.136353,1617.796509,1647.807617,4598495496,102,Ethereum,ETH-USD,Crypto,Cryptocurrency,https://1drv.ms/i/c/8705623eb284e7df/IQRB032Is1qmSqWe2uA2YrV2AVzGXU-EocnTDqBITRLSmRo?width=1140&height=760
09-09-2023,1635.162354,1636.870728,1629.660889,1636.050415,2081625742,102,Ethereum,ETH-USD,Crypto,Cryptocurrency,https://1drv.ms/i/c/8705623eb284e7df/IQRB032Is1qmSqWe2uA2YrV2AVzGXU-EocnTDqBITRLSmRo?width=1140&height=760
10-09-2023,1616.828857,1635.433105,1604.040527,1635.21167,4339499949,102,Ethereum,ETH-USD,Crypto,Cryptocurrency,https://1drv.ms/i/c/8705623eb284e7df/IQRB032Is1qmSqWe2uA2YrV2AVzGXU-EocnTDqBITRLSmRo?width=1140&height=760
11-09-2023,1551.637695,1618.305786,1533.426758,1616.769775,7693700923,102,Ethereum,ETH-USD,Crypto,Cryptocurrency,https://1drv.ms/i/c/8705623eb284e7df/IQRB032Is1qmSqWe2uA2YrV2AVzGXU-EocnTDqBITRLSmRo?width=1140&height=760
12-09-2023,1592.429443,1619.114014,1549.493774,1551.497803,6813819740,102,Ethereum,ETH-USD,Crypto,Cryptocurrency,https://1drv.ms/i/c/8705623eb284e7df/IQRB032Is1qmSqWe2uA2YrV2AVzGXU-EocnTDqBITRLSmRo?width=1140&height=760
13-09-2023,1607.988525,1615.050293,1582.217529,1592.892334,4979469106,102,Ethereum,ETH-USD,Crypto,Cryptocurrency,https://1drv.ms/i/c/8705623eb284e7df/IQRB032Is1qmSqWe2uA2YrV2AVzGXU-EocnTDqBITRLSmRo?width=1140&height=760
14-09-2023,1626.974365,1640.522705,1607.735352,1608.031616,5538958553,102,Ethereum,ETH-USD,Crypto,Cryptocurrency,https://1drv.ms/i/c/8705623eb284e7df/IQRB032Is1qmSqWe2uA2YrV2AVzGXU-EocnTDqBITRLSmRo?width=1140&height=760
15-09-2023,1641.640381,1652.113159,1613.248657,1626.870117,4348584771,102,Ethereum,ETH-USD,Crypto,Cryptocurrency,https://1drv.ms/i/c/8705623eb284e7df/IQRB032Is1qmSqWe2uA2YrV2AVzGXU-EocnTDqBITRLSmRo?width=1140&height=760
16-09-2023,1635.22168,1649.988647,1632.577881,1641.446411,2819575929,102,Ethereum,ETH-USD,Crypto,Cryptocurrency,https://1drv.ms/i/c/8705623eb284e7df/IQRB032Is1qmSqWe2uA2YrV2AVzGXU-EocnTDqBITRLSmRo?width=1140&height=760
17-09-2023,1622.896729,1635.512939,1616.779297,1635.20105,3032716258,102,Ethereum,ETH-USD,Crypto,Cryptocurrency,https://1drv.ms/i/c/8705623eb284e7df/IQRB032Is1qmSqWe2uA2YrV2AVzGXU-EocnTDqBITRLSmRo?width=1140&height=760
18-09-2023,1637.347046,1669.015381,1609.957397,1623.081909,5916674789,102,Ethereum,ETH-USD,Crypto,Cryptocurrency,https://1drv.ms/i/c/8705623eb284e7df/IQRB032Is1qmSqWe2uA2YrV2AVzGXU-EocnTDqBITRLSmRo?width=1140&height=760
19-09-2023,1643.544678,1659.531738,1628.413208,1637.312012,4405868861,102,Ethereum,ETH-USD,Crypto,Cryptocurrency,https://1drv.ms/i/c/8705623eb284e7df/IQRB032Is1qmSqWe2uA2YrV2AVzGXU-EocnTDqBITRLSmRo?width=1140&height=760
20-09-2023,1622.890625,1649.619141,1610.420776,1643.495361,5156431986,102,Ethereum,ETH-USD,Crypto,Cryptocurrency,https://1drv.ms/i/c/8705623eb284e7df/IQRB032Is1qmSqWe2uA2YrV2AVzGXU-EocnTDqBITRLSmRo?width=1140&height=760
21-09-2023,1584.307007,1625.20459,1573.305786,1622.591797,5191732312,102,Ethereum,ETH-USD,Crypto,Cryptocurrency,https://1drv.ms/i/c/8705623eb284e7df/IQRB032Is1qmSqWe2uA2YrV2AVzGXU-EocnTDqBITRLSmRo?width=1140&height=760
22-09-2023,1593.268311,1601.53772,1579.101318,1584.002563,3460791634,102,Ethereum,ETH-USD,Crypto,Cryptocurrency,https://1drv.ms/i/c/8705623eb284e7df/IQRB032Is1qmSqWe2uA2YrV2AVzGXU-EocnTDqBITRLSmRo?width=1140&height=760
23-09-2023,1593.857788,1598.001709,1588.328979,1593.213135,2101436678,102,Ethereum,ETH-USD,Crypto,Cryptocurrency,https://1drv.ms/i/c/8705623eb284e7df/IQRB032Is1qmSqWe2uA2YrV2AVzGXU-EocnTDqBITRLSmRo?width=1140&height=760
24-09-2023,1580.853394,1600.207275,1576.783325,1593.825684,3086456944,102,Ethereum,ETH-USD,Crypto,Cryptocurrency,https://1drv.ms/i/c/8705623eb284e7df/IQRB032Is1qmSqWe2uA2YrV2AVzGXU-EocnTDqBITRLSmRo?width=1140&height=760
25-09-2023,1588.322876,1595.844116,1565.025513,1580.747437,4394930984,102,Ethereum,ETH-USD,Crypto,Cryptocurrency,https://1drv.ms/i/c/8705623eb284e7df/IQRB032Is1qmSqWe2uA2YrV2AVzGXU-EocnTDqBITRLSmRo?width=1140&height=760
26-09-2023,1593.417236,1598.097778,1580.165527,1588.023193,3544861160,102,Ethereum,ETH-USD,Crypto,Cryptocurrency,https://1drv.ms/i/c/8705623eb284e7df/IQRB032Is1qmSqWe2uA2YrV2AVzGXU-EocnTDqBITRLSmRo?width=1140&height=760
27-09-2023,1597.491211,1631.910767,1585.368896,1593.108276,5533036096,102,Ethereum,ETH-USD,Crypto,Cryptocurrency,https://1drv.ms/i/c/8705623eb284e7df/IQRB032Is1qmSqWe2uA2YrV2AVzGXU-EocnTDqBITRLSmRo?width=1140&height=760
28-09-2023,1652.88269,1666.02417,1597.294678,1597.671997,6658092168,102,Ethereum,ETH-USD,Crypto,Cryptocurrency,https://1drv.ms/i/c/8705623eb284e7df/IQRB032Is1qmSqWe2uA2YrV2AVzGXU-EocnTDqBITRLSmRo?width=1140&height=760
29-09-2023,1667.943848,1687.28125,1648.656494,1652.999878,5529687537,102,Ethereum,ETH-USD,Crypto,Cryptocurrency,https://1drv.ms/i/c/8705623eb284e7df/IQRB032Is1qmSqWe2uA2YrV2AVzGXU-EocnTDqBITRLSmRo?width=1140&height=760
30-09-2023,1671.161865,1692.531128,1666.563843,1667.834473,3155292192,102,Ethereum,ETH-USD,Crypto,Cryptocurrency,https://1drv.ms/i/c/8705623eb284e7df/IQRB032Is1qmSqWe2uA2YrV2AVzGXU-EocnTDqBITRLSmRo?width=1140&height=760
01-10-2023,1733.810425,1750.595703,1670.082153,1671.161499,5054880180,102,Ethereum,ETH-USD,Crypto,Cryptocurrency,https://1drv.ms/i/c/8705623eb284e7df/IQRB032Is1qmSqWe2uA2YrV2AVzGXU-EocnTDqBITRLSmRo?width=1140&height=760
02-10-2023,1663.627563,1743.563599,1646.077637,1732.984009,8420552922,102,Ethereum,ETH-USD,Crypto,Cryptocurrency,https://1drv.ms/i/c/8705623eb284e7df/IQRB032Is1qmSqWe2uA2YrV2AVzGXU-EocnTDqBITRLSmRo?width=1140&height=760
03-10-2023,1656.685669,1670.356323,1644.49646,1662.887207,4742827302,102,Ethereum,ETH-USD,Crypto,Cryptocurrency,https://1drv.ms/i/c/8705623eb284e7df/IQRB032Is1qmSqWe2uA2YrV2AVzGXU-EocnTDqBITRLSmRo?width=1140&height=760
04-10-2023,1647.838135,1657.25354,1629.426636,1656.735962,5127524863,102,Ethereum,ETH-USD,Crypto,Cryptocurrency,https://1drv.ms/i/c/8705623eb284e7df/IQRB032Is1qmSqWe2uA2YrV2AVzGXU-EocnTDqBITRLSmRo?width=1140&height=760
05-10-2023,1611.47644,1654.379028,1609.849976,1647.788208,5403759057,102,Ethereum,ETH-USD,Crypto,Cryptocurrency,https://1drv.ms/i/c/8705623eb284e7df/IQRB032Is1qmSqWe2uA2YrV2AVzGXU-EocnTDqBITRLSmRo?width=1140&height=760
06-10-2023,1645.831543,1659.609863,1611.365723,1611.365723,4941208729,102,Ethereum,ETH-USD,Crypto,Cryptocurrency,https://1drv.ms/i/c/8705623eb284e7df/IQRB032Is1qmSqWe2uA2YrV2AVzGXU-EocnTDqBITRLSmRo?width=1140&height=760
07-10-2023,1634.51123,1648.183716,1631.158203,1645.810913,2578994988,102,Ethereum,ETH-USD,Crypto,Cryptocurrency,https://1drv.ms/i/c/8705623eb284e7df/IQRB032Is1qmSqWe2uA2YrV2AVzGXU-EocnTDqBITRLSmRo?width=1140&height=760
08-10-2023,1633.548584,1641.182373,1618.189209,1634.657349,3315554175,102,Ethereum,ETH-USD,Crypto,Cryptocurrency,https://1drv.ms/i/c/8705623eb284e7df/IQRB032Is1qmSqWe2uA2YrV2AVzGXU-EocnTDqBITRLSmRo?width=1140&height=760
09-10-2023,1579.806641,1635.447876,1553.006958,1633.454834,7020801716,102,Ethereum,ETH-USD,Crypto,Cryptocurrency,https://1drv.ms/i/c/8705623eb284e7df/IQRB032Is1qmSqWe2uA2YrV2AVzGXU-EocnTDqBITRLSmRo?width=1140&height=760
10-10-2023,1567.713013,1593.741333,1553.031738,1580.112061,5254966125,102,Ethereum,ETH-USD,Crypto,Cryptocurrency,https://1drv.ms/i/c/8705623eb284e7df/IQRB032Is1qmSqWe2uA2YrV2AVzGXU-EocnTDqBITRLSmRo?width=1140&height=760
11-10-2023,1566.254761,1578.223511,1548.980469,1567.680786,5416504273,102,Ethereum,ETH-USD,Crypto,Cryptocurrency,https://1drv.ms/i/c/8705623eb284e7df/IQRB032Is1qmSqWe2uA2YrV2AVzGXU-EocnTDqBITRLSmRo?width=1140&height=760
12-10-2023,1539.612427,1566.878174,1523.237549,1566.355957,5003930677,102,Ethereum,ETH-USD,Crypto,Cryptocurrency,https://1drv.ms/i/c/8705623eb284e7df/IQRB032Is1qmSqWe2uA2YrV2AVzGXU-EocnTDqBITRLSmRo?width=1140&height=760
13-10-2023,1552.089478,1571.75061,1537.921143,1539.432861,4575141511,102,Ethereum,ETH-USD,Crypto,Cryptocurrency,https://1drv.ms/i/c/8705623eb284e7df/IQRB032Is1qmSqWe2uA2YrV2AVzGXU-EocnTDqBITRLSmRo?width=1140&height=760
14-10-2023,1555.256836,1560.325073,1545.73877,1552.263794,2429214718,102,Ethereum,ETH-USD,Crypto,Cryptocurrency,https://1drv.ms/i/c/8705623eb284e7df/IQRB032Is1qmSqWe2uA2YrV2AVzGXU-EocnTDqBITRLSmRo?width=1140&height=760
15-10-2023,1558.069824,1565.760864,1550.554565,1555.07605,2923337883,102,Ethereum,ETH-USD,Crypto,Cryptocurrency,https://1drv.ms/i/c/8705623eb284e7df/IQRB032Is1qmSqWe2uA2YrV2AVzGXU-EocnTDqBITRLSmRo?width=1140&height=760
16-10-2023,1600.534302,1628.15625,1555.989624,1558.313477,8846928526,102,Ethereum,ETH-USD,Crypto,Cryptocurrency,https://1drv.ms/i/c/8705623eb284e7df/IQRB032Is1qmSqWe2uA2YrV2AVzGXU-EocnTDqBITRLSmRo?width=1140&height=760
17-10-2023,1565.439575,1601.294678,1554.402954,1600.63562,5032686973,102,Ethereum,ETH-USD,Crypto,Cryptocurrency,https://1drv.ms/i/c/8705623eb284e7df/IQRB032Is1qmSqWe2uA2YrV2AVzGXU-EocnTDqBITRLSmRo?width=1140&height=760
18-10-2023,1563.749878,1584.726929,1556.736328,1565.382813,4354138855,102,Ethereum,ETH-USD,Crypto,Cryptocurrency,https://1drv.ms/i/c/8705623eb284e7df/IQRB032Is1qmSqWe2uA2YrV2AVzGXU-EocnTDqBITRLSmRo?width=1140&height=760
19-10-2023,1567.457031,1573.737671,1543.585083,1563.95813,5035110867,102,Ethereum,ETH-USD,Crypto,Cryptocurrency,https://1drv.ms/i/c/8705623eb284e7df/IQRB032Is1qmSqWe2uA2YrV2AVzGXU-EocnTDqBITRLSmRo?width=1140&height=760
20-10-2023,1604.66687,1628.609009,1562.302856,1567.570923,6747486127,102,Ethereum,ETH-USD,Crypto,Cryptocurrency,https://1drv.ms/i/c/8705623eb284e7df/IQRB032Is1qmSqWe2uA2YrV2AVzGXU-EocnTDqBITRLSmRo?width=1140&height=760
21-10-2023,1629.304443,1641.241821,1593.447998,1604.822266,4212179634,102,Ethereum,ETH-USD,Crypto,Cryptocurrency,https://1drv.ms/i/c/8705623eb284e7df/IQRB032Is1qmSqWe2uA2YrV2AVzGXU-EocnTDqBITRLSmRo?width=1140&height=760
22-10-2023,1663.429932,1667.666626,1623.984741,1629.297729,5248406817,102,Ethereum,ETH-USD,Crypto,Cryptocurrency,https://1drv.ms/i/c/8705623eb284e7df/IQRB032Is1qmSqWe2uA2YrV2AVzGXU-EocnTDqBITRLSmRo?width=1140&height=760
23-10-2023,1765.38269,1794.070435,1663.447998,1674.849243,14362295879,102,Ethereum,ETH-USD,Crypto,Cryptocurrency,https://1drv.ms/i/c/8705623eb284e7df/IQRB032Is1qmSqWe2uA2YrV2AVzGXU-EocnTDqBITRLSmRo?width=1140&height=760
24-10-2023,1784.4375,1852.684448,1758.690063,1766.014648,15888690475,102,Ethereum,ETH-USD,Crypto,Cryptocurrency,https://1drv.ms/i/c/8705623eb284e7df/IQRB032Is1qmSqWe2uA2YrV2AVzGXU-EocnTDqBITRLSmRo?width=1140&height=760
25-10-2023,1787.397583,1814.484741,1762.147095,1784.905029,9439066475,102,Ethereum,ETH-USD,Crypto,Cryptocurrency,https://1drv.ms/i/c/8705623eb284e7df/IQRB032Is1qmSqWe2uA2YrV2AVzGXU-EocnTDqBITRLSmRo?width=1140&height=760
26-10-2023,1804.039307,1865.095215,1764.013062,1787.481934,11196672635,102,Ethereum,ETH-USD,Crypto,Cryptocurrency,https://1drv.ms/i/c/8705623eb284e7df/IQRB032Is1qmSqWe2uA2YrV2AVzGXU-EocnTDqBITRLSmRo?width=1140&height=760
27-10-2023,1780.045288,1804.135864,1751.440063,1803.794922,7493399771,102,Ethereum,ETH-USD,Crypto,Cryptocurrency,https://1drv.ms/i/c/8705623eb284e7df/IQRB032Is1qmSqWe2uA2YrV2AVzGXU-EocnTDqBITRLSmRo?width=1140&height=760
28-10-2023,1776.618164,1800.605347,1773.436646,1780.084229,4226112731,102,Ethereum,ETH-USD,Crypto,Cryptocurrency,https://1drv.ms/i/c/8705623eb284e7df/IQRB032Is1qmSqWe2uA2YrV2AVzGXU-EocnTDqBITRLSmRo?width=1140&height=760
29-10-2023,1795.546021,1810.488647,1766.052979,1776.563965,4358528382,102,Ethereum,ETH-USD,Crypto,Cryptocurrency,https://1drv.ms/i/c/8705623eb284e7df/IQRB032Is1qmSqWe2uA2YrV2AVzGXU-EocnTDqBITRLSmRo?width=1140&height=760
30-10-2023,1810.088623,1829.249512,1779.364502,1795.589111,7534051038,102,Ethereum,ETH-USD,Crypto,Cryptocurrency,https://1drv.ms/i/c/8705623eb284e7df/IQRB032Is1qmSqWe2uA2YrV2AVzGXU-EocnTDqBITRLSmRo?width=1140&height=760
31-10-2023,1816.458984,1819.972656,1784.567627,1810.131592,6477922747,102,Ethereum,ETH-USD,Crypto,Cryptocurrency,https://1drv.ms/i/c/8705623eb284e7df/IQRB032Is1qmSqWe2uA2YrV2AVzGXU-EocnTDqBITRLSmRo?width=1140&height=760
01-11-2023,1847.089722,1858.312866,1786.409546,1815.87207,10628825648,102,Ethereum,ETH-USD,Crypto,Cryptocurrency,https://1drv.ms/i/c/8705623eb284e7df/IQRB032Is1qmSqWe2uA2YrV2AVzGXU-EocnTDqBITRLSmRo?width=1140&height=760
02-11-2023,1800.620972,1873.88501,1790.114746,1847.259888,9004197724,102,Ethereum,ETH-USD,Crypto,Cryptocurrency,https://1drv.ms/i/c/8705623eb284e7df/IQRB032Is1qmSqWe2uA2YrV2AVzGXU-EocnTDqBITRLSmRo?width=1140&height=760
03-11-2023,1832.795166,1835.07251,1779.635498,1800.916504,7622864055,102,Ethereum,ETH-USD,Crypto,Cryptocurrency,https://1drv.ms/i/c/8705623eb284e7df/IQRB032Is1qmSqWe2uA2YrV2AVzGXU-EocnTDqBITRLSmRo?width=1140&height=760
04-11-2023,1857.698608,1867.261353,1825.736572,1833.368896,4845080427,102,Ethereum,ETH-USD,Crypto,Cryptocurrency,https://1drv.ms/i/c/8705623eb284e7df/IQRB032Is1qmSqWe2uA2YrV2AVzGXU-EocnTDqBITRLSmRo?width=1140&height=760
05-11-2023,1894.157715,1911.608643,1848.620117,1857.39563,8867152645,102,Ethereum,ETH-USD,Crypto,Cryptocurrency,https://1drv.ms/i/c/8705623eb284e7df/IQRB032Is1qmSqWe2uA2YrV2AVzGXU-EocnTDqBITRLSmRo?width=1140&height=760
06-11-2023,1899.837402,1914.582642,1871.973022,1894.0271,8104122602,102,Ethereum,ETH-USD,Crypto,Cryptocurrency,https://1drv.ms/i/c/8705623eb284e7df/IQRB032Is1qmSqWe2uA2YrV2AVzGXU-EocnTDqBITRLSmRo?width=1140&height=760
07-11-2023,1888.124268,1907.561401,1852.790894,1900.599731,9203228152,102,Ethereum,ETH-USD,Crypto,Cryptocurrency,https://1drv.ms/i/c/8705623eb284e7df/IQRB032Is1qmSqWe2uA2YrV2AVzGXU-EocnTDqBITRLSmRo?width=1140&height=760
08-11-2023,1889.322388,1904.546265,1874.545654,1887.119019,6751627017,102,Ethereum,ETH-USD,Crypto,Cryptocurrency,https://1drv.ms/i/c/8705623eb284e7df/IQRB032Is1qmSqWe2uA2YrV2AVzGXU-EocnTDqBITRLSmRo?width=1140&height=760
09-11-2023,2120.561035,2130.885254,1884.204346,1888.940308,24709695029,102,Ethereum,ETH-USD,Crypto,Cryptocurrency,https://1drv.ms/i/c/8705623eb284e7df/IQRB032Is1qmSqWe2uA2YrV2AVzGXU-EocnTDqBITRLSmRo?width=1140&height=760
10-11-2023,2078.289795,2134.691406,2068.134277,2121.067383,14740624457,102,Ethereum,ETH-USD,Crypto,Cryptocurrency,https://1drv.ms/i/c/8705623eb284e7df/IQRB032Is1qmSqWe2uA2YrV2AVzGXU-EocnTDqBITRLSmRo?width=1140&height=760
11-11-2023,2052.713867,2089.530518,2035.082153,2078.05835,10228351203,102,Ethereum,ETH-USD,Crypto,Cryptocurrency,https://1drv.ms/i/c/8705623eb284e7df/IQRB032Is1qmSqWe2uA2YrV2AVzGXU-EocnTDqBITRLSmRo?width=1140&height=760
12-11-2023,2045.187012,2066.003418,2019.028076,2053.118652,7951011698,102,Ethereum,ETH-USD,Crypto,Cryptocurrency,https://1drv.ms/i/c/8705623eb284e7df/IQRB032Is1qmSqWe2uA2YrV2AVzGXU-EocnTDqBITRLSmRo?width=1140&height=760
13-11-2023,2055.265381,2116.010742,2031.954224,2045.354492,14322027970,102,Ethereum,ETH-USD,Crypto,Cryptocurrency,https://1drv.ms/i/c/8705623eb284e7df/IQRB032Is1qmSqWe2uA2YrV2AVzGXU-EocnTDqBITRLSmRo?width=1140&height=760
14-11-2023,1979.052612,2065.066895,1939.280396,2054.765381,13087862495,102,Ethereum,ETH-USD,Crypto,Cryptocurrency,https://1drv.ms/i/c/8705623eb284e7df/IQRB032Is1qmSqWe2uA2YrV2AVzGXU-EocnTDqBITRLSmRo?width=1140&height=760
15-11-2023,2060.408447,2061.991699,1968.774658,1979.472656,12626326991,102,Ethereum,ETH-USD,Crypto,Cryptocurrency,https://1drv.ms/i/c/8705623eb284e7df/IQRB032Is1qmSqWe2uA2YrV2AVzGXU-EocnTDqBITRLSmRo?width=1140&height=760
16-11-2023,1960.881592,2088.662354,1940.574219,2059.96582,14651619483,102,Ethereum,ETH-USD,Crypto,Cryptocurrency,https://1drv.ms/i/c/8705623eb284e7df/IQRB032Is1qmSqWe2uA2YrV2AVzGXU-EocnTDqBITRLSmRo?width=1140&height=760
17-11-2023,1961.280762,1990.050537,1910.445435,1961.867554,11881648738,102,Ethereum,ETH-USD,Crypto,Cryptocurrency,https://1drv.ms/i/c/8705623eb284e7df/IQRB032Is1qmSqWe2uA2YrV2AVzGXU-EocnTDqBITRLSmRo?width=1140&height=760
18-11-2023,1963.285034,1971.46228,1921.062378,1961.671265,8064677046,102,Ethereum,ETH-USD,Crypto,Cryptocurrency,https://1drv.ms/i/c/8705623eb284e7df/IQRB032Is1qmSqWe2uA2YrV2AVzGXU-EocnTDqBITRLSmRo?width=1140&height=760
19-11-2023,2013.204468,2015.633911,1944.900879,1963.180054,7716048818,102,Ethereum,ETH-USD,Crypto,Cryptocurrency,https://1drv.ms/i/c/8705623eb284e7df/IQRB032Is1qmSqWe2uA2YrV2AVzGXU-EocnTDqBITRLSmRo?width=1140&height=760
20-11-2023,2022.239136,2066.409912,1996.044312,2011.853394,12866464824,102,Ethereum,ETH-USD,Crypto,Cryptocurrency,https://1drv.ms/i/c/8705623eb284e7df/IQRB032Is1qmSqWe2uA2YrV2AVzGXU-EocnTDqBITRLSmRo?width=1140&height=760
21-11-2023,1937.066772,2035.035889,1937.066772,2022.217285,13653500841,102,Ethereum,ETH-USD,Crypto,Cryptocurrency,https://1drv.ms/i/c/8705623eb284e7df/IQRB032Is1qmSqWe2uA2YrV2AVzGXU-EocnTDqBITRLSmRo?width=1140&height=760
22-11-2023,2064.425293,2089.51416,1933.162964,1933.58313,13372200584,102,Ethereum,ETH-USD,Crypto,Cryptocurrency,https://1drv.ms/i/c/8705623eb284e7df/IQRB032Is1qmSqWe2uA2YrV2AVzGXU-EocnTDqBITRLSmRo?width=1140&height=760
23-11-2023,2062.210693,2088.031982,2041.464233,2063.905518,7828437946,102,Ethereum,ETH-USD,Crypto,Cryptocurrency,https://1drv.ms/i/c/8705623eb284e7df/IQRB032Is1qmSqWe2uA2YrV2AVzGXU-EocnTDqBITRLSmRo?width=1140&height=760
24-11-2023,2081.1521,2132.481201,2060.999023,2062.411865,12141148820,102,Ethereum,ETH-USD,Crypto,Cryptocurrency,https://1drv.ms/i/c/8705623eb284e7df/IQRB032Is1qmSqWe2uA2YrV2AVzGXU-EocnTDqBITRLSmRo?width=1140&height=760
25-11-2023,2084.413086,2091.342773,2067.917236,2081.296143,5362623390,102,Ethereum,ETH-USD,Crypto,Cryptocurrency,https://1drv.ms/i/c/8705623eb284e7df/IQRB032Is1qmSqWe2uA2YrV2AVzGXU-EocnTDqBITRLSmRo?width=1140&height=760
26-11-2023,2063.286133,2094.095947,2038.600464,2084.17749,8054814154,102,Ethereum,ETH-USD,Crypto,Cryptocurrency,https://1drv.ms/i/c/8705623eb284e7df/IQRB032Is1qmSqWe2uA2YrV2AVzGXU-EocnTDqBITRLSmRo?width=1140&height=760
27-11-2023,2027.417358,2070.606201,1988.120361,2062.390869,10574810069,102,Ethereum,ETH-USD,Crypto,Cryptocurrency,https://1drv.ms/i/c/8705623eb284e7df/IQRB032Is1qmSqWe2uA2YrV2AVzGXU-EocnTDqBITRLSmRo?width=1140&height=760
28-11-2023,2049.338135,2074.954102,1996.814697,2027.517212,9910633038,102,Ethereum,ETH-USD,Crypto,Cryptocurrency,https://1drv.ms/i/c/8705623eb284e7df/IQRB032Is1qmSqWe2uA2YrV2AVzGXU-EocnTDqBITRLSmRo?width=1140&height=760
29-11-2023,2029.929199,2071.994385,2020.756592,2049.186768,8945151861,102,Ethereum,ETH-USD,Crypto,Cryptocurrency,https://1drv.ms/i/c/8705623eb284e7df/IQRB032Is1qmSqWe2uA2YrV2AVzGXU-EocnTDqBITRLSmRo?width=1140&height=760
30-11-2023,2052.556152,2054.444336,2022.461792,2029.358398,8107789163,102,Ethereum,ETH-USD,Crypto,Cryptocurrency,https://1drv.ms/i/c/8705623eb284e7df/IQRB032Is1qmSqWe2uA2YrV2AVzGXU-EocnTDqBITRLSmRo?width=1140&height=760
01-12-2023,2087.139893,2109.319092,2046.557007,2052.09668,10866891430,102,Ethereum,ETH-USD,Crypto,Cryptocurrency,https://1drv.ms/i/c/8705623eb284e7df/IQRB032Is1qmSqWe2uA2YrV2AVzGXU-EocnTDqBITRLSmRo?width=1140&height=760
02-12-2023,2165.704102,2182.817871,2087.407959,2087.663574,9130124831,102,Ethereum,ETH-USD,Crypto,Cryptocurrency,https://1drv.ms/i/c/8705623eb284e7df/IQRB032Is1qmSqWe2uA2YrV2AVzGXU-EocnTDqBITRLSmRo?width=1140&height=760
03-12-2023,2193.69165,2213.175781,2151.720947,2165.895752,8278465782,102,Ethereum,ETH-USD,Crypto,Cryptocurrency,https://1drv.ms/i/c/8705623eb284e7df/IQRB032Is1qmSqWe2uA2YrV2AVzGXU-EocnTDqBITRLSmRo?width=1140&height=760
04-12-2023,2243.21582,2273.069824,2193.007324,2193.66333,16149367134,102,Ethereum,ETH-USD,Crypto,Cryptocurrency,https://1drv.ms/i/c/8705623eb284e7df/IQRB032Is1qmSqWe2uA2YrV2AVzGXU-EocnTDqBITRLSmRo?width=1140&height=760
05-12-2023,2293.841797,2306.570313,2191.17627,2243.092529,15383072559,102,Ethereum,ETH-USD,Crypto,Cryptocurrency,https://1drv.ms/i/c/8705623eb284e7df/IQRB032Is1qmSqWe2uA2YrV2AVzGXU-EocnTDqBITRLSmRo?width=1140&height=760
06-12-2023,2231.661377,2310.713135,2225.081055,2293.628174,12790612571,102,Ethereum,ETH-USD,Crypto,Cryptocurrency,https://1drv.ms/i/c/8705623eb284e7df/IQRB032Is1qmSqWe2uA2YrV2AVzGXU-EocnTDqBITRLSmRo?width=1140&height=760
07-12-2023,2357.57959,2380.729736,2225.050537,2233.217773,14766891042,102,Ethereum,ETH-USD,Crypto,Cryptocurrency,https://1drv.ms/i/c/8705623eb284e7df/IQRB032Is1qmSqWe2uA2YrV2AVzGXU-EocnTDqBITRLSmRo?width=1140&height=760
08-12-2023,2358.731934,2387.514404,2340.92041,2357.169189,12543458699,102,Ethereum,ETH-USD,Crypto,Cryptocurrency,https://1drv.ms/i/c/8705623eb284e7df/IQRB032Is1qmSqWe2uA2YrV2AVzGXU-EocnTDqBITRLSmRo?width=1140&height=760
09-12-2023,2341.175293,2401.760498,2331.666016,2358.686035,10613312823,102,Ethereum,ETH-USD,Crypto,Cryptocurrency,https://1drv.ms/i/c/8705623eb284e7df/IQRB032Is1qmSqWe2uA2YrV2AVzGXU-EocnTDqBITRLSmRo?width=1140&height=760
10-12-2023,2352.462646,2376.749756,2323.405762,2341.440186,7369608905,102,Ethereum,ETH-USD,Crypto,Cryptocurrency,https://1drv.ms/i/c/8705623eb284e7df/IQRB032Is1qmSqWe2uA2YrV2AVzGXU-EocnTDqBITRLSmRo?width=1140&height=760
11-12-2023,2224.578857,2354.914063,2160.358154,2352.496582,17989249470,102,Ethereum,ETH-USD,Crypto,Cryptocurrency,https://1drv.ms/i/c/8705623eb284e7df/IQRB032Is1qmSqWe2uA2YrV2AVzGXU-EocnTDqBITRLSmRo?width=1140&height=760
12-12-2023,2202.038086,2242.55127,2166.77002,2224.391113,11391132228,102,Ethereum,ETH-USD,Crypto,Cryptocurrency,https://1drv.ms/i/c/8705623eb284e7df/IQRB032Is1qmSqWe2uA2YrV2AVzGXU-EocnTDqBITRLSmRo?width=1140&height=760
13-12-2023,2260.648682,2283.099121,2150.754395,2202.600342,12576395493,102,Ethereum,ETH-USD,Crypto,Cryptocurrency,https://1drv.ms/i/c/8705623eb284e7df/IQRB032Is1qmSqWe2uA2YrV2AVzGXU-EocnTDqBITRLSmRo?width=1140&height=760
14-12-2023,2316.579102,2331.601563,2239.366211,2260.736084,12608711052,102,Ethereum,ETH-USD,Crypto,Cryptocurrency,https://1drv.ms/i/c/8705623eb284e7df/IQRB032Is1qmSqWe2uA2YrV2AVzGXU-EocnTDqBITRLSmRo?width=1140&height=760
15-12-2023,2219.337402,2316.892822,2214.263184,2316.110352,10259157898,102,Ethereum,ETH-USD,Crypto,Cryptocurrency,https://1drv.ms/i/c/8705623eb284e7df/IQRB032Is1qmSqWe2uA2YrV2AVzGXU-EocnTDqBITRLSmRo?width=1140&height=760
16-12-2023,2226.926514,2260.809814,2213.550781,2220.415527,6866555430,102,Ethereum,ETH-USD,Crypto,Cryptocurrency,https://1drv.ms/i/c/8705623eb284e7df/IQRB032Is1qmSqWe2uA2YrV2AVzGXU-EocnTDqBITRLSmRo?width=1140&height=760
17-12-2023,2196.481201,2244.366455,2195.761719,2226.892578,7410453853,102,Ethereum,ETH-USD,Crypto,Cryptocurrency,https://1drv.ms/i/c/8705623eb284e7df/IQRB032Is1qmSqWe2uA2YrV2AVzGXU-EocnTDqBITRLSmRo?width=1140&height=760
18-12-2023,2217.273438,2222.019287,2120.127441,2195.341797,10366536490,102,Ethereum,ETH-USD,Crypto,Cryptocurrency,https://1drv.ms/i/c/8705623eb284e7df/IQRB032Is1qmSqWe2uA2YrV2AVzGXU-EocnTDqBITRLSmRo?width=1140&height=760
19-12-2023,2177.872559,2253.348877,2139.723389,2218.240967,10619179629,102,Ethereum,ETH-USD,Crypto,Cryptocurrency,https://1drv.ms/i/c/8705623eb284e7df/IQRB032Is1qmSqWe2uA2YrV2AVzGXU-EocnTDqBITRLSmRo?width=1140&height=760
20-12-2023,2201.911377,2263.329102,2161.21875,2177.239502,12652290807,102,Ethereum,ETH-USD,Crypto,Cryptocurrency,https://1drv.ms/i/c/8705623eb284e7df/IQRB032Is1qmSqWe2uA2YrV2AVzGXU-EocnTDqBITRLSmRo?width=1140&height=760
21-12-2023,2239.54248,2278.121582,2184.856689,2201.790039,12616530536,102,Ethereum,ETH-USD,Crypto,Cryptocurrency,https://1drv.ms/i/c/8705623eb284e7df/IQRB032Is1qmSqWe2uA2YrV2AVzGXU-EocnTDqBITRLSmRo?width=1140&height=760
22-12-2023,2326.524902,2341.94751,2233.532715,2239.598145,16137246310,102,Ethereum,ETH-USD,Crypto,Cryptocurrency,https://1drv.ms/i/c/8705623eb284e7df/IQRB032Is1qmSqWe2uA2YrV2AVzGXU-EocnTDqBITRLSmRo?width=1140&height=760
23-12-2023,2309.046387,2332.072021,2270.428955,2326.71582,7995772945,102,Ethereum,ETH-USD,Crypto,Cryptocurrency,https://1drv.ms/i/c/8705623eb284e7df/IQRB032Is1qmSqWe2uA2YrV2AVzGXU-EocnTDqBITRLSmRo?width=1140&height=760
24-12-2023,2265.692139,2325.705078,2249.984375,2309.626709,9450799236,102,Ethereum,ETH-USD,Crypto,Cryptocurrency,https://1drv.ms/i/c/8705623eb284e7df/IQRB032Is1qmSqWe2uA2YrV2AVzGXU-EocnTDqBITRLSmRo?width=1140&height=760
25-12-2023,2272.561768,2303.551025,2254.574463,2265.340576,8036302656,102,Ethereum,ETH-USD,Crypto,Cryptocurrency,https://1drv.ms/i/c/8705623eb284e7df/IQRB032Is1qmSqWe2uA2YrV2AVzGXU-EocnTDqBITRLSmRo?width=1140&height=760
26-12-2023,2231.465332,2274.557373,2180.225342,2272.21875,10668581464,102,Ethereum,ETH-USD,Crypto,Cryptocurrency,https://1drv.ms/i/c/8705623eb284e7df/IQRB032Is1qmSqWe2uA2YrV2AVzGXU-EocnTDqBITRLSmRo?width=1140&height=760
27-12-2023,2378.73999,2392.608643,2215.140381,2231.393066,14161342927,102,Ethereum,ETH-USD,Crypto,Cryptocurrency,https://1drv.ms/i/c/8705623eb284e7df/IQRB032Is1qmSqWe2uA2YrV2AVzGXU-EocnTDqBITRLSmRo?width=1140&height=760
28-12-2023,2347.566162,2445.017578,2338.703857,2380.200684,15660799060,102,Ethereum,ETH-USD,Crypto,Cryptocurrency,https://1drv.ms/i/c/8705623eb284e7df/IQRB032Is1qmSqWe2uA2YrV2AVzGXU-EocnTDqBITRLSmRo?width=1140&height=760
29-12-2023,2300.690674,2386.004639,2262.97583,2346.84375,12536968996,102,Ethereum,ETH-USD,Crypto,Cryptocurrency,https://1drv.ms/i/c/8705623eb284e7df/IQRB032Is1qmSqWe2uA2YrV2AVzGXU-EocnTDqBITRLSmRo?width=1140&height=760
30-12-2023,2292.06543,2322.021484,2270.011963,2300.399658,6888195427,102,Ethereum,ETH-USD,Crypto,Cryptocurrency,https://1drv.ms/i/c/8705623eb284e7df/IQRB032Is1qmSqWe2uA2YrV2AVzGXU-EocnTDqBITRLSmRo?width=1140&height=760
31-12-2023,2281.471191,2318.512939,2261.394287,2291.945313,6871481744,102,Ethereum,ETH-USD,Crypto,Cryptocurrency,https://1drv.ms/i/c/8705623eb284e7df/IQRB032Is1qmSqWe2uA2YrV2AVzGXU-EocnTDqBITRLSmRo?width=1140&height=760
01-01-2024,2352.327881,2352.327881,2267.018066,2282.870361,6906765990,102,Ethereum,ETH-USD,Crypto,Cryptocurrency,https://1drv.ms/i/c/8705623eb284e7df/IQRB032Is1qmSqWe2uA2YrV2AVzGXU-EocnTDqBITRLSmRo?width=1140&height=760
02-01-2024,2355.836426,2431.212402,2348.892334,2352.593506,12910543630,102,Ethereum,ETH-USD,Crypto,Cryptocurrency,https://1drv.ms/i/c/8705623eb284e7df/IQRB032Is1qmSqWe2uA2YrV2AVzGXU-EocnTDqBITRLSmRo?width=1140&height=760
03-01-2024,2210.761963,2385.117676,2113.925293,2355.981445,19332933581,102,Ethereum,ETH-USD,Crypto,Cryptocurrency,https://1drv.ms/i/c/8705623eb284e7df/IQRB032Is1qmSqWe2uA2YrV2AVzGXU-EocnTDqBITRLSmRo?width=1140&height=760
04-01-2024,2269.038086,2294.608154,2204.865723,2210.529053,11044564896,102,Ethereum,ETH-USD,Crypto,Cryptocurrency,https://1drv.ms/i/c/8705623eb284e7df/IQRB032Is1qmSqWe2uA2YrV2AVzGXU-EocnTDqBITRLSmRo?width=1140&height=760
05-01-2024,2268.647217,2276.764648,2209.537109,2269.409424,10860953290,102,Ethereum,ETH-USD,Crypto,Cryptocurrency,https://1drv.ms/i/c/8705623eb284e7df/IQRB032Is1qmSqWe2uA2YrV2AVzGXU-EocnTDqBITRLSmRo?width=1140&height=760
06-01-2024,2241.624756,2271.359375,2219.781982,2269.540039,5970741680,102,Ethereum,ETH-USD,Crypto,Cryptocurrency,https://1drv.ms/i/c/8705623eb284e7df/IQRB032Is1qmSqWe2uA2YrV2AVzGXU-EocnTDqBITRLSmRo?width=1140&height=760
07-01-2024,2222.865967,2257.12793,2211.5625,2242.012695,6490053615,102,Ethereum,ETH-USD,Crypto,Cryptocurrency,https://1drv.ms/i/c/8705623eb284e7df/IQRB032Is1qmSqWe2uA2YrV2AVzGXU-EocnTDqBITRLSmRo?width=1140&height=760
08-01-2024,2333.032715,2358.815674,2171.993652,2222.857666,13830287095,102,Ethereum,ETH-USD,Crypto,Cryptocurrency,https://1drv.ms/i/c/8705623eb284e7df/IQRB032Is1qmSqWe2uA2YrV2AVzGXU-EocnTDqBITRLSmRo?width=1140&height=760
09-01-2024,2344.827148,2369.641602,2243.219238,2332.868164,14891130716,102,Ethereum,ETH-USD,Crypto,Cryptocurrency,https://1drv.ms/i/c/8705623eb284e7df/IQRB032Is1qmSqWe2uA2YrV2AVzGXU-EocnTDqBITRLSmRo?width=1140&height=760
10-01-2024,2582.103516,2626.976807,2341.943115,2344.923584,29042100476,102,Ethereum,ETH-USD,Crypto,Cryptocurrency,https://1drv.ms/i/c/8705623eb284e7df/IQRB032Is1qmSqWe2uA2YrV2AVzGXU-EocnTDqBITRLSmRo?width=1140&height=760
11-01-2024,2619.619141,2687.779053,2567.993652,2584.171631,22575246883,102,Ethereum,ETH-USD,Crypto,Cryptocurrency,https://1drv.ms/i/c/8705623eb284e7df/IQRB032Is1qmSqWe2uA2YrV2AVzGXU-EocnTDqBITRLSmRo?width=1140&height=760
12-01-2024,2524.460205,2710.421875,2460.925537,2619.177002,23623839263,102,Ethereum,ETH-USD,Crypto,Cryptocurrency,https://1drv.ms/i/c/8705623eb284e7df/IQRB032Is1qmSqWe2uA2YrV2AVzGXU-EocnTDqBITRLSmRo?width=1140&height=760
13-01-2024,2576.5979,2589.079834,2498.594482,2522.933838,12250316867,102,Ethereum,ETH-USD,Crypto,Cryptocurrency,https://1drv.ms/i/c/8705623eb284e7df/IQRB032Is1qmSqWe2uA2YrV2AVzGXU-EocnTDqBITRLSmRo?width=1140&height=760
14-01-2024,2472.241211,2578.332275,2470.424316,2578.003662,9405587417,102,Ethereum,ETH-USD,Crypto,Cryptocurrency,https://1drv.ms/i/c/8705623eb284e7df/IQRB032Is1qmSqWe2uA2YrV2AVzGXU-EocnTDqBITRLSmRo?width=1140&height=760
15-01-2024,2511.36377,2550.769043,2470.820801,2471.666992,9700630000,102,Ethereum,ETH-USD,Crypto,Cryptocurrency,https://1drv.ms/i/c/8705623eb284e7df/IQRB032Is1qmSqWe2uA2YrV2AVzGXU-EocnTDqBITRLSmRo?width=1140&height=760
16-01-2024,2587.691162,2613.566895,2500.003906,2510.627197,11063317095,102,Ethereum,ETH-USD,Crypto,Cryptocurrency,https://1drv.ms/i/c/8705623eb284e7df/IQRB032Is1qmSqWe2uA2YrV2AVzGXU-EocnTDqBITRLSmRo?width=1140&height=760
17-01-2024,2528.369385,2592.737061,2508.432861,2587.044678,10441017520,102,Ethereum,ETH-USD,Crypto,Cryptocurrency,https://1drv.ms/i/c/8705623eb284e7df/IQRB032Is1qmSqWe2uA2YrV2AVzGXU-EocnTDqBITRLSmRo?width=1140&height=760
18-01-2024,2467.018799,2546.263916,2426.135498,2528.593262,11900028080,102,Ethereum,ETH-USD,Crypto,Cryptocurrency,https://1drv.ms/i/c/8705623eb284e7df/IQRB032Is1qmSqWe2uA2YrV2AVzGXU-EocnTDqBITRLSmRo?width=1140&height=760
19-01-2024,2489.498535,2501.305176,2414.710938,2468.688965,11405278376,102,Ethereum,ETH-USD,Crypto,Cryptocurrency,https://1drv.ms/i/c/8705623eb284e7df/IQRB032Is1qmSqWe2uA2YrV2AVzGXU-EocnTDqBITRLSmRo?width=1140&height=760
20-01-2024,2469.589111,2489.847656,2456.095703,2489.847656,5297826161,102,Ethereum,ETH-USD,Crypto,Cryptocurrency,https://1drv.ms/i/c/8705623eb284e7df/IQRB032Is1qmSqWe2uA2YrV2AVzGXU-EocnTDqBITRLSmRo?width=1140&height=760
21-01-2024,2453.913086,2479.760498,2452.377686,2469.798584,4578471955,102,Ethereum,ETH-USD,Crypto,Cryptocurrency,https://1drv.ms/i/c/8705623eb284e7df/IQRB032Is1qmSqWe2uA2YrV2AVzGXU-EocnTDqBITRLSmRo?width=1140&height=760
22-01-2024,2310.826416,2463.447266,2303.502686,2454.987305,13923771728,102,Ethereum,ETH-USD,Crypto,Cryptocurrency,https://1drv.ms/i/c/8705623eb284e7df/IQRB032Is1qmSqWe2uA2YrV2AVzGXU-EocnTDqBITRLSmRo?width=1140&height=760
23-01-2024,2240.686035,2348.03125,2167.282471,2310.95166,16182147521,102,Ethereum,ETH-USD,Crypto,Cryptocurrency,https://1drv.ms/i/c/8705623eb284e7df/IQRB032Is1qmSqWe2uA2YrV2AVzGXU-EocnTDqBITRLSmRo?width=1140&height=760
24-01-2024,2233.561768,2261.384521,2197.656738,2241.749756,10134722960,102,Ethereum,ETH-USD,Crypto,Cryptocurrency,https://1drv.ms/i/c/8705623eb284e7df/IQRB032Is1qmSqWe2uA2YrV2AVzGXU-EocnTDqBITRLSmRo?width=1140&height=760
25-01-2024,2217.710205,2240.380859,2173.686523,2233.969971,9302247037,102,Ethereum,ETH-USD,Crypto,Cryptocurrency,https://1drv.ms/i/c/8705623eb284e7df/IQRB032Is1qmSqWe2uA2YrV2AVzGXU-EocnTDqBITRLSmRo?width=1140&height=760
26-01-2024,2267.199707,2280.383789,2196.140137,2217.441895,9975117607,102,Ethereum,ETH-USD,Crypto,Cryptocurrency,https://1drv.ms/i/c/8705623eb284e7df/IQRB032Is1qmSqWe2uA2YrV2AVzGXU-EocnTDqBITRLSmRo?width=1140&height=760
27-01-2024,2267.885986,2282.544434,2252.385254,2267.319336,5144367230,102,Ethereum,ETH-USD,Crypto,Cryptocurrency,https://1drv.ms/i/c/8705623eb284e7df/IQRB032Is1qmSqWe2uA2YrV2AVzGXU-EocnTDqBITRLSmRo?width=1140&height=760
28-01-2024,2257.20874,2306.898682,2242.683838,2268.192871,7296214994,102,Ethereum,ETH-USD,Crypto,Cryptocurrency,https://1drv.ms/i/c/8705623eb284e7df/IQRB032Is1qmSqWe2uA2YrV2AVzGXU-EocnTDqBITRLSmRo?width=1140&height=760
29-01-2024,2317.064209,2320.027344,2237.71167,2256.995361,8948195551,102,Ethereum,ETH-USD,Crypto,Cryptocurrency,https://1drv.ms/i/c/8705623eb284e7df/IQRB032Is1qmSqWe2uA2YrV2AVzGXU-EocnTDqBITRLSmRo?width=1140&height=760
30-01-2024,2344.493652,2388.870605,2298.281982,2317.435791,10173440062,102,Ethereum,ETH-USD,Crypto,Cryptocurrency,https://1drv.ms/i/c/8705623eb284e7df/IQRB032Is1qmSqWe2uA2YrV2AVzGXU-EocnTDqBITRLSmRo?width=1140&height=760
31-01-2024,2282.544434,2349.611328,2264.443604,2343.558838,10807883277,102,Ethereum,ETH-USD,Crypto,Cryptocurrency,https://1drv.ms/i/c/8705623eb284e7df/IQRB032Is1qmSqWe2uA2YrV2AVzGXU-EocnTDqBITRLSmRo?width=1140&height=760
01-02-2024,2303.824707,2309.842529,2243.571777,2282.175293,8895583113,102,Ethereum,ETH-USD,Crypto,Cryptocurrency,https://1drv.ms/i/c/8705623eb284e7df/IQRB032Is1qmSqWe2uA2YrV2AVzGXU-EocnTDqBITRLSmRo?width=1140&height=760
02-02-2024,2308.038086,2323.053467,2282.230225,2303.706055,7186143091,102,Ethereum,ETH-USD,Crypto,Cryptocurrency,https://1drv.ms/i/c/8705623eb284e7df/IQRB032Is1qmSqWe2uA2YrV2AVzGXU-EocnTDqBITRLSmRo?width=1140&height=760
03-02-2024,2296.03833,2327.346924,2293.538086,2307.980225,4647754021,102,Ethereum,ETH-USD,Crypto,Cryptocurrency,https://1drv.ms/i/c/8705623eb284e7df/IQRB032Is1qmSqWe2uA2YrV2AVzGXU-EocnTDqBITRLSmRo?width=1140&height=760
04-02-2024,2289.546143,2309.01123,2272.304932,2296.116943,5438100035,102,Ethereum,ETH-USD,Crypto,Cryptocurrency,https://1drv.ms/i/c/8705623eb284e7df/IQRB032Is1qmSqWe2uA2YrV2AVzGXU-EocnTDqBITRLSmRo?width=1140&height=760
05-02-2024,2298.888916,2334.676758,2270.067871,2289.205566,7277068110,102,Ethereum,ETH-USD,Crypto,Cryptocurrency,https://1drv.ms/i/c/8705623eb284e7df/IQRB032Is1qmSqWe2uA2YrV2AVzGXU-EocnTDqBITRLSmRo?width=1140&height=760
06-02-2024,2372.201904,2389.826172,2296.788574,2298.955078,9520885493,102,Ethereum,ETH-USD,Crypto,Cryptocurrency,https://1drv.ms/i/c/8705623eb284e7df/IQRB032Is1qmSqWe2uA2YrV2AVzGXU-EocnTDqBITRLSmRo?width=1140&height=760
07-02-2024,2423.745117,2442.63623,2353.706055,2372.262695,9660628536,102,Ethereum,ETH-USD,Crypto,Cryptocurrency,https://1drv.ms/i/c/8705623eb284e7df/IQRB032Is1qmSqWe2uA2YrV2AVzGXU-EocnTDqBITRLSmRo?width=1140&height=760
08-02-2024,2419.906494,2459.556641,2414.749512,2424.080078,9941841732,102,Ethereum,ETH-USD,Crypto,Cryptocurrency,https://1drv.ms/i/c/8705623eb284e7df/IQRB032Is1qmSqWe2uA2YrV2AVzGXU-EocnTDqBITRLSmRo?width=1140&height=760
09-02-2024,2487.515625,2522.724609,2419.362793,2419.773682,13634203177,102,Ethereum,ETH-USD,Crypto,Cryptocurrency,https://1drv.ms/i/c/8705623eb284e7df/IQRB032Is1qmSqWe2uA2YrV2AVzGXU-EocnTDqBITRLSmRo?width=1140&height=760
10-02-2024,2501.228271,2516.719727,2475.857666,2487.650391,6474444159,102,Ethereum,ETH-USD,Crypto,Cryptocurrency,https://1drv.ms/i/c/8705623eb284e7df/IQRB032Is1qmSqWe2uA2YrV2AVzGXU-EocnTDqBITRLSmRo?width=1140&height=760
11-02-2024,2507.570557,2537.679199,2495.214355,2501.129883,7347245813,102,Ethereum,ETH-USD,Crypto,Cryptocurrency,https://1drv.ms/i/c/8705623eb284e7df/IQRB032Is1qmSqWe2uA2YrV2AVzGXU-EocnTDqBITRLSmRo?width=1140&height=760
12-02-2024,2658.115967,2663.842773,2473.812012,2507.578857,13022696866,102,Ethereum,ETH-USD,Crypto,Cryptocurrency,https://1drv.ms/i/c/8705623eb284e7df/IQRB032Is1qmSqWe2uA2YrV2AVzGXU-EocnTDqBITRLSmRo?width=1140&height=760
13-02-2024,2642.185303,2686.455078,2599.169434,2659.586182,18271237044,102,Ethereum,ETH-USD,Crypto,Cryptocurrency,https://1drv.ms/i/c/8705623eb284e7df/IQRB032Is1qmSqWe2uA2YrV2AVzGXU-EocnTDqBITRLSmRo?width=1140&height=760
14-02-2024,2777.902344,2786.893555,2621.025391,2641.685303,21448973822,102,Ethereum,ETH-USD,Crypto,Cryptocurrency,https://1drv.ms/i/c/8705623eb284e7df/IQRB032Is1qmSqWe2uA2YrV2AVzGXU-EocnTDqBITRLSmRo?width=1140&height=760
15-02-2024,2824.378906,2865.845459,2764.010498,2777.601318,23734481937,102,Ethereum,ETH-USD,Crypto,Cryptocurrency,https://1drv.ms/i/c/8705623eb284e7df/IQRB032Is1qmSqWe2uA2YrV2AVzGXU-EocnTDqBITRLSmRo?width=1140&height=760
16-02-2024,2803.691406,2858.450439,2760.331055,2825.480713,17057114638,102,Ethereum,ETH-USD,Crypto,Cryptocurrency,https://1drv.ms/i/c/8705623eb284e7df/IQRB032Is1qmSqWe2uA2YrV2AVzGXU-EocnTDqBITRLSmRo?width=1140&height=760
17-02-2024,2786.672607,2805.128662,2724.386963,2803.73584,17932379943,102,Ethereum,ETH-USD,Crypto,Cryptocurrency,https://1drv.ms/i/c/8705623eb284e7df/IQRB032Is1qmSqWe2uA2YrV2AVzGXU-EocnTDqBITRLSmRo?width=1140&height=760
18-02-2024,2878.998047,2892.843506,2767.913086,2786.709717,23355830478,102,Ethereum,ETH-USD,Crypto,Cryptocurrency,https://1drv.ms/i/c/8705623eb284e7df/IQRB032Is1qmSqWe2uA2YrV2AVzGXU-EocnTDqBITRLSmRo?width=1140&height=760
19-02-2024,2943.574707,2983.370605,2860.263672,2881.296875,15163110589,102,Ethereum,ETH-USD,Crypto,Cryptocurrency,https://1drv.ms/i/c/8705623eb284e7df/IQRB032Is1qmSqWe2uA2YrV2AVzGXU-EocnTDqBITRLSmRo?width=1140&height=760
20-02-2024,3013.503662,3031.524414,2879.90332,2944.106445,20341598470,102,Ethereum,ETH-USD,Crypto,Cryptocurrency,https://1drv.ms/i/c/8705623eb284e7df/IQRB032Is1qmSqWe2uA2YrV2AVzGXU-EocnTDqBITRLSmRo?width=1140&height=760
21-02-2024,2970.355469,3017.19043,2875.418457,3015.65332,18897136867,102,Ethereum,ETH-USD,Crypto,Cryptocurrency,https://1drv.ms/i/c/8705623eb284e7df/IQRB032Is1qmSqWe2uA2YrV2AVzGXU-EocnTDqBITRLSmRo?width=1140&height=760
22-02-2024,2971.007324,3030.666016,2907.109375,2969.599854,18058908246,102,Ethereum,ETH-USD,Crypto,Cryptocurrency,https://1drv.ms/i/c/8705623eb284e7df/IQRB032Is1qmSqWe2uA2YrV2AVzGXU-EocnTDqBITRLSmRo?width=1140&height=760
23-02-2024,2921.658203,2991.32959,2906.58374,2970.139648,12822717059,102,Ethereum,ETH-USD,Crypto,Cryptocurrency,https://1drv.ms/i/c/8705623eb284e7df/IQRB032Is1qmSqWe2uA2YrV2AVzGXU-EocnTDqBITRLSmRo?width=1140&height=760
24-02-2024,2992.385986,3003.195068,2907.700684,2921.962891,10701688842,102,Ethereum,ETH-USD,Crypto,Cryptocurrency,https://1drv.ms/i/c/8705623eb284e7df/IQRB032Is1qmSqWe2uA2YrV2AVzGXU-EocnTDqBITRLSmRo?width=1140&height=760
25-02-2024,3112.697266,3117.428955,2984.393066,2992.366699,14620450464,102,Ethereum,ETH-USD,Crypto,Cryptocurrency,https://1drv.ms/i/c/8705623eb284e7df/IQRB032Is1qmSqWe2uA2YrV2AVzGXU-EocnTDqBITRLSmRo?width=1140&height=760
26-02-2024,3178.993652,3197.375,3037.95459,3112.529053,17504464351,102,Ethereum,ETH-USD,Crypto,Cryptocurrency,https://1drv.ms/i/c/8705623eb284e7df/IQRB032Is1qmSqWe2uA2YrV2AVzGXU-EocnTDqBITRLSmRo?width=1140&height=760
27-02-2024,3244.519287,3287.958008,3167.830566,3178.405029,21090315368,102,Ethereum,ETH-USD,Crypto,Cryptocurrency,https://1drv.ms/i/c/8705623eb284e7df/IQRB032Is1qmSqWe2uA2YrV2AVzGXU-EocnTDqBITRLSmRo?width=1140&height=760
28-02-2024,3385.703857,3485.450928,3201.575928,3243.893311,32885894265,102,Ethereum,ETH-USD,Crypto,Cryptocurrency,https://1drv.ms/i/c/8705623eb284e7df/IQRB032Is1qmSqWe2uA2YrV2AVzGXU-EocnTDqBITRLSmRo?width=1140&height=760
29-02-2024,3341.919678,3518.969238,3303.905273,3386.802734,28469171094,102,Ethereum,ETH-USD,Crypto,Cryptocurrency,https://1drv.ms/i/c/8705623eb284e7df/IQRB032Is1qmSqWe2uA2YrV2AVzGXU-EocnTDqBITRLSmRo?width=1140&height=760
01-03-2024,3435.053955,3452.626221,3341.851074,3341.96582,16880101987,102,Ethereum,ETH-USD,Crypto,Cryptocurrency,https://1drv.ms/i/c/8705623eb284e7df/IQRB032Is1qmSqWe2uA2YrV2AVzGXU-EocnTDqBITRLSmRo?width=1140&height=760
02-03-2024,3422.049805,3459.747314,3398.898926,3436.15918,12024340617,102,Ethereum,ETH-USD,Crypto,Cryptocurrency,https://1drv.ms/i/c/8705623eb284e7df/IQRB032Is1qmSqWe2uA2YrV2AVzGXU-EocnTDqBITRLSmRo?width=1140&height=760
03-03-2024,3490.993652,3491.168457,3372.214111,3422.875244,13643324467,102,Ethereum,ETH-USD,Crypto,Cryptocurrency,https://1drv.ms/i/c/8705623eb284e7df/IQRB032Is1qmSqWe2uA2YrV2AVzGXU-EocnTDqBITRLSmRo?width=1140&height=760
04-03-2024,3630.433838,3641.459229,3446.017578,3489.340088,26772963830,102,Ethereum,ETH-USD,Crypto,Cryptocurrency,https://1drv.ms/i/c/8705623eb284e7df/IQRB032Is1qmSqWe2uA2YrV2AVzGXU-EocnTDqBITRLSmRo?width=1140&height=760
05-03-2024,3554.9646,3828.159668,3224.119385,3631.928955,47706899137,102,Ethereum,ETH-USD,Crypto,Cryptocurrency,https://1drv.ms/i/c/8705623eb284e7df/IQRB032Is1qmSqWe2uA2YrV2AVzGXU-EocnTDqBITRLSmRo?width=1140&height=760
06-03-2024,3819.226318,3901.434326,3502.80249,3554.067871,34938642613,102,Ethereum,ETH-USD,Crypto,Cryptocurrency,https://1drv.ms/i/c/8705623eb284e7df/IQRB032Is1qmSqWe2uA2YrV2AVzGXU-EocnTDqBITRLSmRo?width=1140&height=760
07-03-2024,3874.347656,3939.593994,3738.685303,3818.311035,22457177587,102,Ethereum,ETH-USD,Crypto,Cryptocurrency,https://1drv.ms/i/c/8705623eb284e7df/IQRB032Is1qmSqWe2uA2YrV2AVzGXU-EocnTDqBITRLSmRo?width=1140&height=760
08-03-2024,3892.061035,3998.826416,3828.363281,3874.830811,26135487051,102,Ethereum,ETH-USD,Crypto,Cryptocurrency,https://1drv.ms/i/c/8705623eb284e7df/IQRB032Is1qmSqWe2uA2YrV2AVzGXU-EocnTDqBITRLSmRo?width=1140&height=760
09-03-2024,3915.418945,3950.396484,3880.658936,3892.119141,11926623780,102,Ethereum,ETH-USD,Crypto,Cryptocurrency,https://1drv.ms/i/c/8705623eb284e7df/IQRB032Is1qmSqWe2uA2YrV2AVzGXU-EocnTDqBITRLSmRo?width=1140&height=760
10-03-2024,3881.193115,3968.723633,3800.564453,3915.590576,15783924355,102,Ethereum,ETH-USD,Crypto,Cryptocurrency,https://1drv.ms/i/c/8705623eb284e7df/IQRB032Is1qmSqWe2uA2YrV2AVzGXU-EocnTDqBITRLSmRo?width=1140&height=760
11-03-2024,4066.445068,4087.050049,3745.125244,3881.237793,28806262507,102,Ethereum,ETH-USD,Crypto,Cryptocurrency,https://1drv.ms/i/c/8705623eb284e7df/IQRB032Is1qmSqWe2uA2YrV2AVzGXU-EocnTDqBITRLSmRo?width=1140&height=760
12-03-2024,3980.273193,4092.28418,3831.889893,4066.69043,26917010932,102,Ethereum,ETH-USD,Crypto,Cryptocurrency,https://1drv.ms/i/c/8705623eb284e7df/IQRB032Is1qmSqWe2uA2YrV2AVzGXU-EocnTDqBITRLSmRo?width=1140&height=760
13-03-2024,4006.457031,4083.007324,3936.627197,3980.265137,22028114691,102,Ethereum,ETH-USD,Crypto,Cryptocurrency,https://1drv.ms/i/c/8705623eb284e7df/IQRB032Is1qmSqWe2uA2YrV2AVzGXU-EocnTDqBITRLSmRo?width=1140&height=760
14-03-2024,3883.140381,4011.102783,3721.788574,4005.745117,25434810823,102,Ethereum,ETH-USD,Crypto,Cryptocurrency,https://1drv.ms/i/c/8705623eb284e7df/IQRB032Is1qmSqWe2uA2YrV2AVzGXU-EocnTDqBITRLSmRo?width=1140&height=760
15-03-2024,3735.220215,3928.775635,3571.774658,3882.856934,33505075433,102,Ethereum,ETH-USD,Crypto,Cryptocurrency,https://1drv.ms/i/c/8705623eb284e7df/IQRB032Is1qmSqWe2uA2YrV2AVzGXU-EocnTDqBITRLSmRo?width=1140&height=760
16-03-2024,3522.860107,3780.894531,3468.079346,3736.10498,20199855932,102,Ethereum,ETH-USD,Crypto,Cryptocurrency,https://1drv.ms/i/c/8705623eb284e7df/IQRB032Is1qmSqWe2uA2YrV2AVzGXU-EocnTDqBITRLSmRo?width=1140&height=760
17-03-2024,3642.413086,3676.263428,3414.172363,3523.029785,19938757095,102,Ethereum,ETH-USD,Crypto,Cryptocurrency,https://1drv.ms/i/c/8705623eb284e7df/IQRB032Is1qmSqWe2uA2YrV2AVzGXU-EocnTDqBITRLSmRo?width=1140&height=760
18-03-2024,3517.985107,3642.49707,3456.091309,3642.298828,21162220224,102,Ethereum,ETH-USD,Crypto,Cryptocurrency,https://1drv.ms/i/c/8705623eb284e7df/IQRB032Is1qmSqWe2uA2YrV2AVzGXU-EocnTDqBITRLSmRo?width=1140&height=760
19-03-2024,3157.618164,3546.582275,3149.286865,3518.347656,34166976701,102,Ethereum,ETH-USD,Crypto,Cryptocurrency,https://1drv.ms/i/c/8705623eb284e7df/IQRB032Is1qmSqWe2uA2YrV2AVzGXU-EocnTDqBITRLSmRo?width=1140&height=760
20-03-2024,3513.393066,3534.826416,3059.654785,3158.396729,36605316331,102,Ethereum,ETH-USD,Crypto,Cryptocurrency,https://1drv.ms/i/c/8705623eb284e7df/IQRB032Is1qmSqWe2uA2YrV2AVzGXU-EocnTDqBITRLSmRo?width=1140&height=760
21-03-2024,3492.991211,3586.905029,3412.222656,3514.017578,22213647922,102,Ethereum,ETH-USD,Crypto,Cryptocurrency,https://1drv.ms/i/c/8705623eb284e7df/IQRB032Is1qmSqWe2uA2YrV2AVzGXU-EocnTDqBITRLSmRo?width=1140&height=760
22-03-2024,3333.687988,3541.898193,3254.969238,3492.897949,20574952329,102,Ethereum,ETH-USD,Crypto,Cryptocurrency,https://1drv.ms/i/c/8705623eb284e7df/IQRB032Is1qmSqWe2uA2YrV2AVzGXU-EocnTDqBITRLSmRo?width=1140&height=760
23-03-2024,3336.593994,3433.758057,3273.115479,3335.592529,13242137554,102,Ethereum,ETH-USD,Crypto,Cryptocurrency,https://1drv.ms/i/c/8705623eb284e7df/IQRB032Is1qmSqWe2uA2YrV2AVzGXU-EocnTDqBITRLSmRo?width=1140&height=760
24-03-2024,3454.636475,3470.344482,3301.277344,3336.666016,12156660941,102,Ethereum,ETH-USD,Crypto,Cryptocurrency,https://1drv.ms/i/c/8705623eb284e7df/IQRB032Is1qmSqWe2uA2YrV2AVzGXU-EocnTDqBITRLSmRo?width=1140&height=760
25-03-2024,3590.883789,3657.118896,3421.790527,3454.885742,18603921705,102,Ethereum,ETH-USD,Crypto,Cryptocurrency,https://1drv.ms/i/c/8705623eb284e7df/IQRB032Is1qmSqWe2uA2YrV2AVzGXU-EocnTDqBITRLSmRo?width=1140&height=760
26-03-2024,3587.504883,3678.789795,3545.428711,3591.085205,18505553577,102,Ethereum,ETH-USD,Crypto,Cryptocurrency,https://1drv.ms/i/c/8705623eb284e7df/IQRB032Is1qmSqWe2uA2YrV2AVzGXU-EocnTDqBITRLSmRo?width=1140&height=760
27-03-2024,3500.115234,3664.383057,3460.393555,3587.313721,18753082145,102,Ethereum,ETH-USD,Crypto,Cryptocurrency,https://1drv.ms/i/c/8705623eb284e7df/IQRB032Is1qmSqWe2uA2YrV2AVzGXU-EocnTDqBITRLSmRo?width=1140&height=760
28-03-2024,3561.293945,3609.705322,3465.332275,3500.216064,16419674157,102,Ethereum,ETH-USD,Crypto,Cryptocurrency,https://1drv.ms/i/c/8705623eb284e7df/IQRB032Is1qmSqWe2uA2YrV2AVzGXU-EocnTDqBITRLSmRo?width=1140&height=760
29-03-2024,3511.806152,3583.701416,3475.725586,3561.011719,12712701619,102,Ethereum,ETH-USD,Crypto,Cryptocurrency,https://1drv.ms/i/c/8705623eb284e7df/IQRB032Is1qmSqWe2uA2YrV2AVzGXU-EocnTDqBITRLSmRo?width=1140&height=760
30-03-2024,3507.944336,3566.084473,3489.9021,3511.827637,9389066783,102,Ethereum,ETH-USD,Crypto,Cryptocurrency,https://1drv.ms/i/c/8705623eb284e7df/IQRB032Is1qmSqWe2uA2YrV2AVzGXU-EocnTDqBITRLSmRo?width=1140&height=760
31-03-2024,3647.856445,3655.218994,3507.242676,3507.95166,10499881424,102,Ethereum,ETH-USD,Crypto,Cryptocurrency,https://1drv.ms/i/c/8705623eb284e7df/IQRB032Is1qmSqWe2uA2YrV2AVzGXU-EocnTDqBITRLSmRo?width=1140&height=760
01-04-2024,3505.030029,3648.12915,3418.695313,3647.81958,16002098681,102,Ethereum,ETH-USD,Crypto,Cryptocurrency,https://1drv.ms/i/c/8705623eb284e7df/IQRB032Is1qmSqWe2uA2YrV2AVzGXU-EocnTDqBITRLSmRo?width=1140&height=760
02-04-2024,3277.234619,3506.962891,3215.985107,3504.818359,22076539151,102,Ethereum,ETH-USD,Crypto,Cryptocurrency,https://1drv.ms/i/c/8705623eb284e7df/IQRB032Is1qmSqWe2uA2YrV2AVzGXU-EocnTDqBITRLSmRo?width=1140&height=760
03-04-2024,3311.441895,3368.111572,3205.64917,3277.324219,16010734587,102,Ethereum,ETH-USD,Crypto,Cryptocurrency,https://1drv.ms/i/c/8705623eb284e7df/IQRB032Is1qmSqWe2uA2YrV2AVzGXU-EocnTDqBITRLSmRo?width=1140&height=760
04-04-2024,3330.040527,3443.20752,3253.319336,3311.495361,14476330517,102,Ethereum,ETH-USD,Crypto,Cryptocurrency,https://1drv.ms/i/c/8705623eb284e7df/IQRB032Is1qmSqWe2uA2YrV2AVzGXU-EocnTDqBITRLSmRo?width=1140&height=760
05-04-2024,3318.885254,3345.666504,3214.244141,3330.005859,15214447092,102,Ethereum,ETH-USD,Crypto,Cryptocurrency,https://1drv.ms/i/c/8705623eb284e7df/IQRB032Is1qmSqWe2uA2YrV2AVzGXU-EocnTDqBITRLSmRo?width=1140&height=760
06-04-2024,3354.183838,3397.592529,3308.983398,3318.864746,8956926798,102,Ethereum,ETH-USD,Crypto,Cryptocurrency,https://1drv.ms/i/c/8705623eb284e7df/IQRB032Is1qmSqWe2uA2YrV2AVzGXU-EocnTDqBITRLSmRo?width=1140&height=760
07-04-2024,3453.494629,3458.508301,3346.114746,3354.213867,9931108526,102,Ethereum,ETH-USD,Crypto,Cryptocurrency,https://1drv.ms/i/c/8705623eb284e7df/IQRB032Is1qmSqWe2uA2YrV2AVzGXU-EocnTDqBITRLSmRo?width=1140&height=760
08-04-2024,3695.292725,3727.616455,3409.511719,3453.498779,19055143129,102,Ethereum,ETH-USD,Crypto,Cryptocurrency,https://1drv.ms/i/c/8705623eb284e7df/IQRB032Is1qmSqWe2uA2YrV2AVzGXU-EocnTDqBITRLSmRo?width=1140&height=760
09-04-2024,3505.16333,3724.922363,3455.107666,3695.341797,18279773833,102,Ethereum,ETH-USD,Crypto,Cryptocurrency,https://1drv.ms/i/c/8705623eb284e7df/IQRB032Is1qmSqWe2uA2YrV2AVzGXU-EocnTDqBITRLSmRo?width=1140&height=760
10-04-2024,3543.737061,3561.516357,3415.18042,3505.156006,16872482726,102,Ethereum,ETH-USD,Crypto,Cryptocurrency,https://1drv.ms/i/c/8705623eb284e7df/IQRB032Is1qmSqWe2uA2YrV2AVzGXU-EocnTDqBITRLSmRo?width=1140&height=760
11-04-2024,3505.247803,3616.194336,3477.171143,3543.452148,14076734489,102,Ethereum,ETH-USD,Crypto,Cryptocurrency,https://1drv.ms/i/c/8705623eb284e7df/IQRB032Is1qmSqWe2uA2YrV2AVzGXU-EocnTDqBITRLSmRo?width=1140&height=760
12-04-2024,3243.034912,3552.589111,3103.430176,3505.329834,22104869556,102,Ethereum,ETH-USD,Crypto,Cryptocurrency,https://1drv.ms/i/c/8705623eb284e7df/IQRB032Is1qmSqWe2uA2YrV2AVzGXU-EocnTDqBITRLSmRo?width=1140&height=760
13-04-2024,3004.900391,3299.663818,2862.393555,3242.940918,29930408174,102,Ethereum,ETH-USD,Crypto,Cryptocurrency,https://1drv.ms/i/c/8705623eb284e7df/IQRB032Is1qmSqWe2uA2YrV2AVzGXU-EocnTDqBITRLSmRo?width=1140&height=760
14-04-2024,3156.941895,3174.666504,2914.422852,3005.547607,25486284994,102,Ethereum,ETH-USD,Crypto,Cryptocurrency,https://1drv.ms/i/c/8705623eb284e7df/IQRB032Is1qmSqWe2uA2YrV2AVzGXU-EocnTDqBITRLSmRo?width=1140&height=760
15-04-2024,3101.600342,3277.561523,3026.538818,3156.830078,21925843181,102,Ethereum,ETH-USD,Crypto,Cryptocurrency,https://1drv.ms/i/c/8705623eb284e7df/IQRB032Is1qmSqWe2uA2YrV2AVzGXU-EocnTDqBITRLSmRo?width=1140&height=760
16-04-2024,3084.920166,3127.160889,2997.754639,3101.140625,19441391169,102,Ethereum,ETH-USD,Crypto,Cryptocurrency,https://1drv.ms/i/c/8705623eb284e7df/IQRB032Is1qmSqWe2uA2YrV2AVzGXU-EocnTDqBITRLSmRo?width=1140&height=760
17-04-2024,2984.727539,3123.669678,2918.553711,3084.923584,17711869375,102,Ethereum,ETH-USD,Crypto,Cryptocurrency,https://1drv.ms/i/c/8705623eb284e7df/IQRB032Is1qmSqWe2uA2YrV2AVzGXU-EocnTDqBITRLSmRo?width=1140&height=760
18-04-2024,3066.027588,3094.842041,2956.127441,2984.705322,15183777035,102,Ethereum,ETH-USD,Crypto,Cryptocurrency,https://1drv.ms/i/c/8705623eb284e7df/IQRB032Is1qmSqWe2uA2YrV2AVzGXU-EocnTDqBITRLSmRo?width=1140&height=760
19-04-2024,3059.278564,3127.11499,2868.795898,3065.953125,20399982867,102,Ethereum,ETH-USD,Crypto,Cryptocurrency,https://1drv.ms/i/c/8705623eb284e7df/IQRB032Is1qmSqWe2uA2YrV2AVzGXU-EocnTDqBITRLSmRo?width=1140&height=760
20-04-2024,3157.627197,3170.672852,3021.784912,3059.478027,9918642130,102,Ethereum,ETH-USD,Crypto,Cryptocurrency,https://1drv.ms/i/c/8705623eb284e7df/IQRB032Is1qmSqWe2uA2YrV2AVzGXU-EocnTDqBITRLSmRo?width=1140&height=760
21-04-2024,3147.288574,3197.506348,3119.552002,3157.571045,9394387894,102,Ethereum,ETH-USD,Crypto,Cryptocurrency,https://1drv.ms/i/c/8705623eb284e7df/IQRB032Is1qmSqWe2uA2YrV2AVzGXU-EocnTDqBITRLSmRo?width=1140&height=760
22-04-2024,3201.6521,3236.65918,3131.367432,3147.663574,12063858733,102,Ethereum,ETH-USD,Crypto,Cryptocurrency,https://1drv.ms/i/c/8705623eb284e7df/IQRB032Is1qmSqWe2uA2YrV2AVzGXU-EocnTDqBITRLSmRo?width=1140&height=760
23-04-2024,3219.911621,3264.419434,3154.589844,3201.588623,11054442653,102,Ethereum,ETH-USD,Crypto,Cryptocurrency,https://1drv.ms/i/c/8705623eb284e7df/IQRB032Is1qmSqWe2uA2YrV2AVzGXU-EocnTDqBITRLSmRo?width=1140&height=760
24-04-2024,3139.805176,3292.921631,3105.982178,3219.957031,14000234760,102,Ethereum,ETH-USD,Crypto,Cryptocurrency,https://1drv.ms/i/c/8705623eb284e7df/IQRB032Is1qmSqWe2uA2YrV2AVzGXU-EocnTDqBITRLSmRo?width=1140&height=760
25-04-2024,3156.509521,3190.976318,3074.804688,3139.624268,13989030260,102,Ethereum,ETH-USD,Crypto,Cryptocurrency,https://1drv.ms/i/c/8705623eb284e7df/IQRB032Is1qmSqWe2uA2YrV2AVzGXU-EocnTDqBITRLSmRo?width=1140&height=760
26-04-2024,3130.164795,3166.188721,3103.104004,3156.384033,10622333862,102,Ethereum,ETH-USD,Crypto,Cryptocurrency,https://1drv.ms/i/c/8705623eb284e7df/IQRB032Is1qmSqWe2uA2YrV2AVzGXU-EocnTDqBITRLSmRo?width=1140&height=760
27-04-2024,3252.168213,3279.451172,3071.340088,3129.727051,11820785577,102,Ethereum,ETH-USD,Crypto,Cryptocurrency,https://1drv.ms/i/c/8705623eb284e7df/IQRB032Is1qmSqWe2uA2YrV2AVzGXU-EocnTDqBITRLSmRo?width=1140&height=760
28-04-2024,3262.774658,3351.176514,3249.14917,3252.245605,11379192678,102,Ethereum,ETH-USD,Crypto,Cryptocurrency,https://1drv.ms/i/c/8705623eb284e7df/IQRB032Is1qmSqWe2uA2YrV2AVzGXU-EocnTDqBITRLSmRo?width=1140&height=760
29-04-2024,3215.428955,3285.46875,3116.199951,3262.34082,15032246816,102,Ethereum,ETH-USD,Crypto,Cryptocurrency,https://1drv.ms/i/c/8705623eb284e7df/IQRB032Is1qmSqWe2uA2YrV2AVzGXU-EocnTDqBITRLSmRo?width=1140&height=760
30-04-2024,3012.286865,3249.378418,2918.22876,3215.381104,18266894653,102,Ethereum,ETH-USD,Crypto,Cryptocurrency,https://1drv.ms/i/c/8705623eb284e7df/IQRB032Is1qmSqWe2uA2YrV2AVzGXU-EocnTDqBITRLSmRo?width=1140&height=760
01-05-2024,2969.784668,3020.17334,2815.92334,3011.015625,20005057445,102,Ethereum,ETH-USD,Crypto,Cryptocurrency,https://1drv.ms/i/c/8705623eb284e7df/IQRB032Is1qmSqWe2uA2YrV2AVzGXU-EocnTDqBITRLSmRo?width=1140&height=760
02-05-2024,2988.168457,3015.050293,2894.329834,2969.794434,13163903903,102,Ethereum,ETH-USD,Crypto,Cryptocurrency,https://1drv.ms/i/c/8705623eb284e7df/IQRB032Is1qmSqWe2uA2YrV2AVzGXU-EocnTDqBITRLSmRo?width=1140&height=760
03-05-2024,3103.541992,3127.155273,2960.182129,2988.134521,12862183229,102,Ethereum,ETH-USD,Crypto,Cryptocurrency,https://1drv.ms/i/c/8705623eb284e7df/IQRB032Is1qmSqWe2uA2YrV2AVzGXU-EocnTDqBITRLSmRo?width=1140&height=760
04-05-2024,3117.576416,3167.54126,3096.267578,3103.619629,8283229638,102,Ethereum,ETH-USD,Crypto,Cryptocurrency,https://1drv.ms/i/c/8705623eb284e7df/IQRB032Is1qmSqWe2uA2YrV2AVzGXU-EocnTDqBITRLSmRo?width=1140&height=760
05-05-2024,3137.249023,3170.055176,3075.586182,3117.636963,8783447639,102,Ethereum,ETH-USD,Crypto,Cryptocurrency,https://1drv.ms/i/c/8705623eb284e7df/IQRB032Is1qmSqWe2uA2YrV2AVzGXU-EocnTDqBITRLSmRo?width=1140&height=760
06-05-2024,3062.72876,3220.152344,3048.238525,3137.510254,13008587255,102,Ethereum,ETH-USD,Crypto,Cryptocurrency,https://1drv.ms/i/c/8705623eb284e7df/IQRB032Is1qmSqWe2uA2YrV2AVzGXU-EocnTDqBITRLSmRo?width=1140&height=760
07-05-2024,3006.577148,3129.081299,3003.013672,3062.750977,11743187337,102,Ethereum,ETH-USD,Crypto,Cryptocurrency,https://1drv.ms/i/c/8705623eb284e7df/IQRB032Is1qmSqWe2uA2YrV2AVzGXU-EocnTDqBITRLSmRo?width=1140&height=760
08-05-2024,2973.657227,3037.196045,2938.472656,3006.315674,11791662158,102,Ethereum,ETH-USD,Crypto,Cryptocurrency,https://1drv.ms/i/c/8705623eb284e7df/IQRB032Is1qmSqWe2uA2YrV2AVzGXU-EocnTDqBITRLSmRo?width=1140&height=760
09-05-2024,3036.020508,3057.958252,2951.223877,2973.97168,10861947179,102,Ethereum,ETH-USD,Crypto,Cryptocurrency,https://1drv.ms/i/c/8705623eb284e7df/IQRB032Is1qmSqWe2uA2YrV2AVzGXU-EocnTDqBITRLSmRo?width=1140&height=760
10-05-2024,2909.79126,3052.729492,2881.000732,3036.231201,12278653601,102,Ethereum,ETH-USD,Crypto,Cryptocurrency,https://1drv.ms/i/c/8705623eb284e7df/IQRB032Is1qmSqWe2uA2YrV2AVzGXU-EocnTDqBITRLSmRo?width=1140&height=760
11-05-2024,2911.602051,2942.178711,2888.083252,2909.845459,6795916454,102,Ethereum,ETH-USD,Crypto,Cryptocurrency,https://1drv.ms/i/c/8705623eb284e7df/IQRB032Is1qmSqWe2uA2YrV2AVzGXU-EocnTDqBITRLSmRo?width=1140&height=760
12-05-2024,2928.701904,2953.047363,2902.201904,2911.658203,5908941395,102,Ethereum,ETH-USD,Crypto,Cryptocurrency,https://1drv.ms/i/c/8705623eb284e7df/IQRB032Is1qmSqWe2uA2YrV2AVzGXU-EocnTDqBITRLSmRo?width=1140&height=760
13-05-2024,2949.359619,2994.869141,2865.134521,2928.813965,13352264795,102,Ethereum,ETH-USD,Crypto,Cryptocurrency,https://1drv.ms/i/c/8705623eb284e7df/IQRB032Is1qmSqWe2uA2YrV2AVzGXU-EocnTDqBITRLSmRo?width=1140&height=760
14-05-2024,2881.157959,2959.546631,2863.545898,2949.213135,12444516140,102,Ethereum,ETH-USD,Crypto,Cryptocurrency,https://1drv.ms/i/c/8705623eb284e7df/IQRB032Is1qmSqWe2uA2YrV2AVzGXU-EocnTDqBITRLSmRo?width=1140&height=760
15-05-2024,3037.056641,3041.602295,2864.735352,2881.224609,14666902956,102,Ethereum,ETH-USD,Crypto,Cryptocurrency,https://1drv.ms/i/c/8705623eb284e7df/IQRB032Is1qmSqWe2uA2YrV2AVzGXU-EocnTDqBITRLSmRo?width=1140&height=760
16-05-2024,2945.131104,3041.807129,2925.087402,3036.01416,13035465176,102,Ethereum,ETH-USD,Crypto,Cryptocurrency,https://1drv.ms/i/c/8705623eb284e7df/IQRB032Is1qmSqWe2uA2YrV2AVzGXU-EocnTDqBITRLSmRo?width=1140&height=760
17-05-2024,3094.118652,3120.301758,2934.112549,2945.136963,14449438097,102,Ethereum,ETH-USD,Crypto,Cryptocurrency,https://1drv.ms/i/c/8705623eb284e7df/IQRB032Is1qmSqWe2uA2YrV2AVzGXU-EocnTDqBITRLSmRo?width=1140&height=760
18-05-2024,3122.948975,3146.790527,3087.704346,3094.553467,9407051320,102,Ethereum,ETH-USD,Crypto,Cryptocurrency,https://1drv.ms/i/c/8705623eb284e7df/IQRB032Is1qmSqWe2uA2YrV2AVzGXU-EocnTDqBITRLSmRo?width=1140&height=760
19-05-2024,3071.843018,3137.148438,3056.754395,3122.824707,8747800800,102,Ethereum,ETH-USD,Crypto,Cryptocurrency,https://1drv.ms/i/c/8705623eb284e7df/IQRB032Is1qmSqWe2uA2YrV2AVzGXU-EocnTDqBITRLSmRo?width=1140&height=760
20-05-2024,3663.855469,3690.805908,3050.297852,3071.858887,31228143948,102,Ethereum,ETH-USD,Crypto,Cryptocurrency,https://1drv.ms/i/c/8705623eb284e7df/IQRB032Is1qmSqWe2uA2YrV2AVzGXU-EocnTDqBITRLSmRo?width=1140&height=760
21-05-2024,3789.312744,3837.372803,3628.096436,3663.01123,37643853967,102,Ethereum,ETH-USD,Crypto,Cryptocurrency,https://1drv.ms/i/c/8705623eb284e7df/IQRB032Is1qmSqWe2uA2YrV2AVzGXU-EocnTDqBITRLSmRo?width=1140&height=760
22-05-2024,3737.217773,3810.948486,3655.075195,3789.372803,25155809461,102,Ethereum,ETH-USD,Crypto,Cryptocurrency,https://1drv.ms/i/c/8705623eb284e7df/IQRB032Is1qmSqWe2uA2YrV2AVzGXU-EocnTDqBITRLSmRo?width=1140&height=760
23-05-2024,3776.927246,3943.553955,3552.642578,3737.178467,45623656317,102,Ethereum,ETH-USD,Crypto,Cryptocurrency,https://1drv.ms/i/c/8705623eb284e7df/IQRB032Is1qmSqWe2uA2YrV2AVzGXU-EocnTDqBITRLSmRo?width=1140&height=760
24-05-2024,3726.93457,3825.122559,3631.990234,3776.992432,22257061429,102,Ethereum,ETH-USD,Crypto,Cryptocurrency,https://1drv.ms/i/c/8705623eb284e7df/IQRB032Is1qmSqWe2uA2YrV2AVzGXU-EocnTDqBITRLSmRo?width=1140&height=760
25-05-2024,3749.236572,3776.006592,3710.52832,3726.975586,10000027764,102,Ethereum,ETH-USD,Crypto,Cryptocurrency,https://1drv.ms/i/c/8705623eb284e7df/IQRB032Is1qmSqWe2uA2YrV2AVzGXU-EocnTDqBITRLSmRo?width=1140&height=760
26-05-2024,3825.897461,3879.470703,3732.022949,3749.179932,14650794791,102,Ethereum,ETH-USD,Crypto,Cryptocurrency,https://1drv.ms/i/c/8705623eb284e7df/IQRB032Is1qmSqWe2uA2YrV2AVzGXU-EocnTDqBITRLSmRo?width=1140&height=760
27-05-2024,3892.006836,3973.556396,3821.93042,3826.127197,18949181813,102,Ethereum,ETH-USD,Crypto,Cryptocurrency,https://1drv.ms/i/c/8705623eb284e7df/IQRB032Is1qmSqWe2uA2YrV2AVzGXU-EocnTDqBITRLSmRo?width=1140&height=760
28-05-2024,3840.256348,3924.895752,3771.213867,3892.096924,19846044324,102,Ethereum,ETH-USD,Crypto,Cryptocurrency,https://1drv.ms/i/c/8705623eb284e7df/IQRB032Is1qmSqWe2uA2YrV2AVzGXU-EocnTDqBITRLSmRo?width=1140&height=760
29-05-2024,3763.196533,3880.648438,3742.04126,3840.235107,17411416736,102,Ethereum,ETH-USD,Crypto,Cryptocurrency,https://1drv.ms/i/c/8705623eb284e7df/IQRB032Is1qmSqWe2uA2YrV2AVzGXU-EocnTDqBITRLSmRo?width=1140&height=760
30-05-2024,3746.849609,3823.643311,3702.263672,3763.357666,15065849797,102,Ethereum,ETH-USD,Crypto,Cryptocurrency,https://1drv.ms/i/c/8705623eb284e7df/IQRB032Is1qmSqWe2uA2YrV2AVzGXU-EocnTDqBITRLSmRo?width=1140&height=760
31-05-2024,3760.026611,3843.857666,3723.835205,3746.861572,15290700646,102,Ethereum,ETH-USD,Crypto,Cryptocurrency,https://1drv.ms/i/c/8705623eb284e7df/IQRB032Is1qmSqWe2uA2YrV2AVzGXU-EocnTDqBITRLSmRo?width=1140&height=760
01-06-2024,3813.198975,3829.294678,3749.840088,3759.884277,8661024535,102,Ethereum,ETH-USD,Crypto,Cryptocurrency,https://1drv.ms/i/c/8705623eb284e7df/IQRB032Is1qmSqWe2uA2YrV2AVzGXU-EocnTDqBITRLSmRo?width=1140&height=760
02-06-2024,3780.895996,3834.911865,3752.414551,3813.275635,11126903059,102,Ethereum,ETH-USD,Crypto,Cryptocurrency,https://1drv.ms/i/c/8705623eb284e7df/IQRB032Is1qmSqWe2uA2YrV2AVzGXU-EocnTDqBITRLSmRo?width=1140&height=760
03-06-2024,3766.38916,3848.603027,3758.919922,3780.854248,14082454300,102,Ethereum,ETH-USD,Crypto,Cryptocurrency,https://1drv.ms/i/c/8705623eb284e7df/IQRB032Is1qmSqWe2uA2YrV2AVzGXU-EocnTDqBITRLSmRo?width=1140&height=760
04-06-2024,3812.515869,3831.36499,3738.134277,3766.476318,13331489271,102,Ethereum,ETH-USD,Crypto,Cryptocurrency,https://1drv.ms/i/c/8705623eb284e7df/IQRB032Is1qmSqWe2uA2YrV2AVzGXU-EocnTDqBITRLSmRo?width=1140&height=760
05-06-2024,3864.260986,3887.48584,3778.655762,3812.560791,15480034434,102,Ethereum,ETH-USD,Crypto,Cryptocurrency,https://1drv.ms/i/c/8705623eb284e7df/IQRB032Is1qmSqWe2uA2YrV2AVzGXU-EocnTDqBITRLSmRo?width=1140&height=760
06-06-2024,3811.605957,3878.052246,3761.775391,3864.263428,13606583873,102,Ethereum,ETH-USD,Crypto,Cryptocurrency,https://1drv.ms/i/c/8705623eb284e7df/IQRB032Is1qmSqWe2uA2YrV2AVzGXU-EocnTDqBITRLSmRo?width=1140&height=760
07-06-2024,3678.62915,3838.452148,3615.280273,3811.666016,18220286186,102,Ethereum,ETH-USD,Crypto,Cryptocurrency,https://1drv.ms/i/c/8705623eb284e7df/IQRB032Is1qmSqWe2uA2YrV2AVzGXU-EocnTDqBITRLSmRo?width=1140&height=760
08-06-2024,3680.949951,3707.497314,3669.637939,3677.400391,9096091805,102,Ethereum,ETH-USD,Crypto,Cryptocurrency,https://1drv.ms/i/c/8705623eb284e7df/IQRB032Is1qmSqWe2uA2YrV2AVzGXU-EocnTDqBITRLSmRo?width=1140&height=760
09-06-2024,3705.903809,3719.367676,3668.123535,3680.936035,7910768788,102,Ethereum,ETH-USD,Crypto,Cryptocurrency,https://1drv.ms/i/c/8705623eb284e7df/IQRB032Is1qmSqWe2uA2YrV2AVzGXU-EocnTDqBITRLSmRo?width=1140&height=760
10-06-2024,3666.717529,3711.428711,3648.164551,3705.877197,10377300126,102,Ethereum,ETH-USD,Crypto,Cryptocurrency,https://1drv.ms/i/c/8705623eb284e7df/IQRB032Is1qmSqWe2uA2YrV2AVzGXU-EocnTDqBITRLSmRo?width=1140&height=760
11-06-2024,3498.330566,3669.890869,3434.749023,3666.358887,19184721538,102,Ethereum,ETH-USD,Crypto,Cryptocurrency,https://1drv.ms/i/c/8705623eb284e7df/IQRB032Is1qmSqWe2uA2YrV2AVzGXU-EocnTDqBITRLSmRo?width=1140&height=760
12-06-2024,3559.617676,3652.492188,3463.784912,3497.896973,17142905351,102,Ethereum,ETH-USD,Crypto,Cryptocurrency,https://1drv.ms/i/c/8705623eb284e7df/IQRB032Is1qmSqWe2uA2YrV2AVzGXU-EocnTDqBITRLSmRo?width=1140&height=760
13-06-2024,3469.28125,3559.725342,3431.333496,3559.725342,14472382154,102,Ethereum,ETH-USD,Crypto,Cryptocurrency,https://1drv.ms/i/c/8705623eb284e7df/IQRB032Is1qmSqWe2uA2YrV2AVzGXU-EocnTDqBITRLSmRo?width=1140&height=760
14-06-2024,3480.271973,3528.602295,3366.223877,3467.969971,15793876596,102,Ethereum,ETH-USD,Crypto,Cryptocurrency,https://1drv.ms/i/c/8705623eb284e7df/IQRB032Is1qmSqWe2uA2YrV2AVzGXU-EocnTDqBITRLSmRo?width=1140&height=760
15-06-2024,3565.549561,3589.887451,3473.452637,3479.785645,12733651076,102,Ethereum,ETH-USD,Crypto,Cryptocurrency,https://1drv.ms/i/c/8705623eb284e7df/IQRB032Is1qmSqWe2uA2YrV2AVzGXU-EocnTDqBITRLSmRo?width=1140&height=760
16-06-2024,3620.563477,3648.093018,3541.534424,3566.761963,9878388158,102,Ethereum,ETH-USD,Crypto,Cryptocurrency,https://1drv.ms/i/c/8705623eb284e7df/IQRB032Is1qmSqWe2uA2YrV2AVzGXU-EocnTDqBITRLSmRo?width=1140&height=760
17-06-2024,3511.378906,3634.2854,3468.148926,3622.383545,17838856988,102,Ethereum,ETH-USD,Crypto,Cryptocurrency,https://1drv.ms/i/c/8705623eb284e7df/IQRB032Is1qmSqWe2uA2YrV2AVzGXU-EocnTDqBITRLSmRo?width=1140&height=760
18-06-2024,3483.681396,3514.177246,3371.590332,3510.565186,21022514455,102,Ethereum,ETH-USD,Crypto,Cryptocurrency,https://1drv.ms/i/c/8705623eb284e7df/IQRB032Is1qmSqWe2uA2YrV2AVzGXU-EocnTDqBITRLSmRo?width=1140&height=760
19-06-2024,3559.347412,3583.320068,3466.480957,3482.35083,15275373778,102,Ethereum,ETH-USD,Crypto,Cryptocurrency,https://1drv.ms/i/c/8705623eb284e7df/IQRB032Is1qmSqWe2uA2YrV2AVzGXU-EocnTDqBITRLSmRo?width=1140&height=760
20-06-2024,3511.086914,3623.886475,3485.459961,3559.347412,16115123753,102,Ethereum,ETH-USD,Crypto,Cryptocurrency,https://1drv.ms/i/c/8705623eb284e7df/IQRB032Is1qmSqWe2uA2YrV2AVzGXU-EocnTDqBITRLSmRo?width=1140&height=760
21-06-2024,3516.075684,3542.957275,3447.935547,3511.268311,15933353456,102,Ethereum,ETH-USD,Crypto,Cryptocurrency,https://1drv.ms/i/c/8705623eb284e7df/IQRB032Is1qmSqWe2uA2YrV2AVzGXU-EocnTDqBITRLSmRo?width=1140&height=760
22-06-2024,3494.813477,3519.497559,3477.169922,3516.55127,7423703673,102,Ethereum,ETH-USD,Crypto,Cryptocurrency,https://1drv.ms/i/c/8705623eb284e7df/IQRB032Is1qmSqWe2uA2YrV2AVzGXU-EocnTDqBITRLSmRo?width=1140&height=760
23-06-2024,3418.611816,3519.324951,3408.583008,3494.953857,9418141333,102,Ethereum,ETH-USD,Crypto,Cryptocurrency,https://1drv.ms/i/c/8705623eb284e7df/IQRB032Is1qmSqWe2uA2YrV2AVzGXU-EocnTDqBITRLSmRo?width=1140&height=760
24-06-2024,3350.256348,3430.698975,3244.241455,3418.783203,23137744903,102,Ethereum,ETH-USD,Crypto,Cryptocurrency,https://1drv.ms/i/c/8705623eb284e7df/IQRB032Is1qmSqWe2uA2YrV2AVzGXU-EocnTDqBITRLSmRo?width=1140&height=760
25-06-2024,3395.029053,3422.213379,3335.556885,3350.555664,13235546063,102,Ethereum,ETH-USD,Crypto,Cryptocurrency,https://1drv.ms/i/c/8705623eb284e7df/IQRB032Is1qmSqWe2uA2YrV2AVzGXU-EocnTDqBITRLSmRo?width=1140&height=760
26-06-2024,3369.477295,3421.509521,3328.390625,3394.373291,11694054195,102,Ethereum,ETH-USD,Crypto,Cryptocurrency,https://1drv.ms/i/c/8705623eb284e7df/IQRB032Is1qmSqWe2uA2YrV2AVzGXU-EocnTDqBITRLSmRo?width=1140&height=760
27-06-2024,3444.800537,3470.923096,3362.264648,3368.88623,11771834016,102,Ethereum,ETH-USD,Crypto,Cryptocurrency,https://1drv.ms/i/c/8705623eb284e7df/IQRB032Is1qmSqWe2uA2YrV2AVzGXU-EocnTDqBITRLSmRo?width=1140&height=760
28-06-2024,3373.635986,3482.95752,3363.4375,3445.498779,12861158844,102,Ethereum,ETH-USD,Crypto,Cryptocurrency,https://1drv.ms/i/c/8705623eb284e7df/IQRB032Is1qmSqWe2uA2YrV2AVzGXU-EocnTDqBITRLSmRo?width=1140&height=760
29-06-2024,3372.967773,3401.730225,3369.552734,3373.689941,6584792001,102,Ethereum,ETH-USD,Crypto,Cryptocurrency,https://1drv.ms/i/c/8705623eb284e7df/IQRB032Is1qmSqWe2uA2YrV2AVzGXU-EocnTDqBITRLSmRo?width=1140&height=760
30-06-2024,3432.88916,3453.211426,3352.284424,3373.075684,8396416013,102,Ethereum,ETH-USD,Crypto,Cryptocurrency,https://1drv.ms/i/c/8705623eb284e7df/IQRB032Is1qmSqWe2uA2YrV2AVzGXU-EocnTDqBITRLSmRo?width=1140&height=760
01-07-2024,3440.341553,3513.310791,3425.323242,3432.607422,12281551839,102,Ethereum,ETH-USD,Crypto,Cryptocurrency,https://1drv.ms/i/c/8705623eb284e7df/IQRB032Is1qmSqWe2uA2YrV2AVzGXU-EocnTDqBITRLSmRo?width=1140&height=760
02-07-2024,3416.354736,3459.761475,3399.026123,3439.381348,9421757718,102,Ethereum,ETH-USD,Crypto,Cryptocurrency,https://1drv.ms/i/c/8705623eb284e7df/IQRB032Is1qmSqWe2uA2YrV2AVzGXU-EocnTDqBITRLSmRo?width=1140&height=760
03-07-2024,3292.916748,3426.332275,3254.52124,3416.254883,16121324440,102,Ethereum,ETH-USD,Crypto,Cryptocurrency,https://1drv.ms/i/c/8705623eb284e7df/IQRB032Is1qmSqWe2uA2YrV2AVzGXU-EocnTDqBITRLSmRo?width=1140&height=760
04-07-2024,3054.521973,3309.203613,3054.521973,3291.817871,20252514386,102,Ethereum,ETH-USD,Crypto,Cryptocurrency,https://1drv.ms/i/c/8705623eb284e7df/IQRB032Is1qmSqWe2uA2YrV2AVzGXU-EocnTDqBITRLSmRo?width=1140&height=760
05-07-2024,2981.598633,3106.152588,2826.014404,3057.833252,31131942647,102,Ethereum,ETH-USD,Crypto,Cryptocurrency,https://1drv.ms/i/c/8705623eb284e7df/IQRB032Is1qmSqWe2uA2YrV2AVzGXU-EocnTDqBITRLSmRo?width=1140&height=760
06-07-2024,3069.37793,3080.107422,2957.395752,2981.988037,11586293705,102,Ethereum,ETH-USD,Crypto,Cryptocurrency,https://1drv.ms/i/c/8705623eb284e7df/IQRB032Is1qmSqWe2uA2YrV2AVzGXU-EocnTDqBITRLSmRo?width=1140&height=760
07-07-2024,2929.387207,3072.814453,2923.959229,3067.405029,10857947538,102,Ethereum,ETH-USD,Crypto,Cryptocurrency,https://1drv.ms/i/c/8705623eb284e7df/IQRB032Is1qmSqWe2uA2YrV2AVzGXU-EocnTDqBITRLSmRo?width=1140&height=760
08-07-2024,3018.731934,3090.664551,2826.481689,2929.861572,22627377457,102,Ethereum,ETH-USD,Crypto,Cryptocurrency,https://1drv.ms/i/c/8705623eb284e7df/IQRB032Is1qmSqWe2uA2YrV2AVzGXU-EocnTDqBITRLSmRo?width=1140&height=760
09-07-2024,3064.032959,3105.800537,3005.522217,3018.803223,15269945822,102,Ethereum,ETH-USD,Crypto,Cryptocurrency,https://1drv.ms/i/c/8705623eb284e7df/IQRB032Is1qmSqWe2uA2YrV2AVzGXU-EocnTDqBITRLSmRo?width=1140&height=760
10-07-2024,3102.21875,3148.407471,3026.608398,3066.137207,14578679176,102,Ethereum,ETH-USD,Crypto,Cryptocurrency,https://1drv.ms/i/c/8705623eb284e7df/IQRB032Is1qmSqWe2uA2YrV2AVzGXU-EocnTDqBITRLSmRo?width=1140&height=760
11-07-2024,3100.330811,3208.938477,3057.219238,3101.335205,15230095766,102,Ethereum,ETH-USD,Crypto,Cryptocurrency,https://1drv.ms/i/c/8705623eb284e7df/IQRB032Is1qmSqWe2uA2YrV2AVzGXU-EocnTDqBITRLSmRo?width=1140&height=760
12-07-2024,3134.158691,3154.601563,3048.508057,3099.98999,12751638331,102,Ethereum,ETH-USD,Crypto,Cryptocurrency,https://1drv.ms/i/c/8705623eb284e7df/IQRB032Is1qmSqWe2uA2YrV2AVzGXU-EocnTDqBITRLSmRo?width=1140&height=760
13-07-2024,3177.19873,3199.989502,3115.080322,3134.550537,8565105946,102,Ethereum,ETH-USD,Crypto,Cryptocurrency,https://1drv.ms/i/c/8705623eb284e7df/IQRB032Is1qmSqWe2uA2YrV2AVzGXU-EocnTDqBITRLSmRo?width=1140&height=760
14-07-2024,3244.079102,3266.487549,3166.431152,3176.741455,10517709666,102,Ethereum,ETH-USD,Crypto,Cryptocurrency,https://1drv.ms/i/c/8705623eb284e7df/IQRB032Is1qmSqWe2uA2YrV2AVzGXU-EocnTDqBITRLSmRo?width=1140&height=760
15-07-2024,3489.552734,3494.098389,3235.776123,3246.131592,18305490390,102,Ethereum,ETH-USD,Crypto,Cryptocurrency,https://1drv.ms/i/c/8705623eb284e7df/IQRB032Is1qmSqWe2uA2YrV2AVzGXU-EocnTDqBITRLSmRo?width=1140&height=760
16-07-2024,3443.513428,3498.218994,3351.779785,3486.144043,20446664416,102,Ethereum,ETH-USD,Crypto,Cryptocurrency,https://1drv.ms/i/c/8705623eb284e7df/IQRB032Is1qmSqWe2uA2YrV2AVzGXU-EocnTDqBITRLSmRo?width=1140&height=760
17-07-2024,3388.752441,3516.104248,3379.099609,3446.736816,16739123962,102,Ethereum,ETH-USD,Crypto,Cryptocurrency,https://1drv.ms/i/c/8705623eb284e7df/IQRB032Is1qmSqWe2uA2YrV2AVzGXU-EocnTDqBITRLSmRo?width=1140&height=760
18-07-2024,3426.258545,3488.715576,3374.990479,3388.030029,15035622003,102,Ethereum,ETH-USD,Crypto,Cryptocurrency,https://1drv.ms/i/c/8705623eb284e7df/IQRB032Is1qmSqWe2uA2YrV2AVzGXU-EocnTDqBITRLSmRo?width=1140&height=760
19-07-2024,3505.734863,3540.588379,3377.877686,3425.908691,17705629736,102,Ethereum,ETH-USD,Crypto,Cryptocurrency,https://1drv.ms/i/c/8705623eb284e7df/IQRB032Is1qmSqWe2uA2YrV2AVzGXU-EocnTDqBITRLSmRo?width=1140&height=760
20-07-2024,3519.29541,3539.904297,3482.489014,3505.721436,10360198325,102,Ethereum,ETH-USD,Crypto,Cryptocurrency,https://1drv.ms/i/c/8705623eb284e7df/IQRB032Is1qmSqWe2uA2YrV2AVzGXU-EocnTDqBITRLSmRo?width=1140&height=760
21-07-2024,3536.605469,3546.619141,3415.443848,3519.426514,13845913681,102,Ethereum,ETH-USD,Crypto,Cryptocurrency,https://1drv.ms/i/c/8705623eb284e7df/IQRB032Is1qmSqWe2uA2YrV2AVzGXU-EocnTDqBITRLSmRo?width=1140&height=760
22-07-2024,3440.419922,3560.075439,3425.795654,3536.627197,18723199034,102,Ethereum,ETH-USD,Crypto,Cryptocurrency,https://1drv.ms/i/c/8705623eb284e7df/IQRB032Is1qmSqWe2uA2YrV2AVzGXU-EocnTDqBITRLSmRo?width=1140&height=760
23-07-2024,3481.99585,3539.531738,3395.420898,3440.768311,24468405650,102,Ethereum,ETH-USD,Crypto,Cryptocurrency,https://1drv.ms/i/c/8705623eb284e7df/IQRB032Is1qmSqWe2uA2YrV2AVzGXU-EocnTDqBITRLSmRo?width=1140&height=760
24-07-2024,3336.339355,3487.653076,3304.039307,3482.151855,16040945448,102,Ethereum,ETH-USD,Crypto,Cryptocurrency,https://1drv.ms/i/c/8705623eb284e7df/IQRB032Is1qmSqWe2uA2YrV2AVzGXU-EocnTDqBITRLSmRo?width=1140&height=760
25-07-2024,3174.427246,3341.438477,3088.764404,3336.362305,25293745810,102,Ethereum,ETH-USD,Crypto,Cryptocurrency,https://1drv.ms/i/c/8705623eb284e7df/IQRB032Is1qmSqWe2uA2YrV2AVzGXU-EocnTDqBITRLSmRo?width=1140&height=760
26-07-2024,3275.951416,3285.760986,3172.7771,3174.051025,15993893521,102,Ethereum,ETH-USD,Crypto,Cryptocurrency,https://1drv.ms/i/c/8705623eb284e7df/IQRB032Is1qmSqWe2uA2YrV2AVzGXU-EocnTDqBITRLSmRo?width=1140&height=760
27-07-2024,3247.60791,3327.426514,3195.356689,3275.891602,15198233287,102,Ethereum,ETH-USD,Crypto,Cryptocurrency,https://1drv.ms/i/c/8705623eb284e7df/IQRB032Is1qmSqWe2uA2YrV2AVzGXU-EocnTDqBITRLSmRo?width=1140&height=760
28-07-2024,3271.4646,3283.1521,3201.763184,3247.507324,8959236446,102,Ethereum,ETH-USD,Crypto,Cryptocurrency,https://1drv.ms/i/c/8705623eb284e7df/IQRB032Is1qmSqWe2uA2YrV2AVzGXU-EocnTDqBITRLSmRo?width=1140&height=760
29-07-2024,3320.539307,3396.625732,3257.715576,3271.453369,18334852719,102,Ethereum,ETH-USD,Crypto,Cryptocurrency,https://1drv.ms/i/c/8705623eb284e7df/IQRB032Is1qmSqWe2uA2YrV2AVzGXU-EocnTDqBITRLSmRo?width=1140&height=760
30-07-2024,3278.667725,3365.32251,3235.76001,3320.635254,14045773047,102,Ethereum,ETH-USD,Crypto,Cryptocurrency,https://1drv.ms/i/c/8705623eb284e7df/IQRB032Is1qmSqWe2uA2YrV2AVzGXU-EocnTDqBITRLSmRo?width=1140&height=760
31-07-2024,3231.295654,3347.636475,3216.071777,3278.686523,16135380637,102,Ethereum,ETH-USD,Crypto,Cryptocurrency,https://1drv.ms/i/c/8705623eb284e7df/IQRB032Is1qmSqWe2uA2YrV2AVzGXU-EocnTDqBITRLSmRo?width=1140&height=760
01-08-2024,3201.564453,3241.777344,3078.543945,3231.248779,20217639556,102,Ethereum,ETH-USD,Crypto,Cryptocurrency,https://1drv.ms/i/c/8705623eb284e7df/IQRB032Is1qmSqWe2uA2YrV2AVzGXU-EocnTDqBITRLSmRo?width=1140&height=760
02-08-2024,2986.013184,3214.5271,2965.733887,3201.599365,21400241741,102,Ethereum,ETH-USD,Crypto,Cryptocurrency,https://1drv.ms/i/c/8705623eb284e7df/IQRB032Is1qmSqWe2uA2YrV2AVzGXU-EocnTDqBITRLSmRo?width=1140&height=760
03-08-2024,2903.385742,3015.296143,2861.17749,2985.950928,17844091431,102,Ethereum,ETH-USD,Crypto,Cryptocurrency,https://1drv.ms/i/c/8705623eb284e7df/IQRB032Is1qmSqWe2uA2YrV2AVzGXU-EocnTDqBITRLSmRo?width=1140&height=760
04-08-2024,2686.398926,2931.47168,2639.56665,2903.088623,21139601426,102,Ethereum,ETH-USD,Crypto,Cryptocurrency,https://1drv.ms/i/c/8705623eb284e7df/IQRB032Is1qmSqWe2uA2YrV2AVzGXU-EocnTDqBITRLSmRo?width=1140&height=760
05-08-2024,2417.206299,2695.886719,2122.546143,2686.027588,67668132244,102,Ethereum,ETH-USD,Crypto,Cryptocurrency,https://1drv.ms/i/c/8705623eb284e7df/IQRB032Is1qmSqWe2uA2YrV2AVzGXU-EocnTDqBITRLSmRo?width=1140&height=760
06-08-2024,2458.723877,2553.581055,2416.5271,2417.269775,26041995921,102,Ethereum,ETH-USD,Crypto,Cryptocurrency,https://1drv.ms/i/c/8705623eb284e7df/IQRB032Is1qmSqWe2uA2YrV2AVzGXU-EocnTDqBITRLSmRo?width=1140&height=760
07-08-2024,2336.589355,2551.560791,2312.168701,2458.989014,24264218606,102,Ethereum,ETH-USD,Crypto,Cryptocurrency,https://1drv.ms/i/c/8705623eb284e7df/IQRB032Is1qmSqWe2uA2YrV2AVzGXU-EocnTDqBITRLSmRo?width=1140&height=760
08-08-2024,2683.352783,2721.95459,2322.529541,2336.915039,23468291180,102,Ethereum,ETH-USD,Crypto,Cryptocurrency,https://1drv.ms/i/c/8705623eb284e7df/IQRB032Is1qmSqWe2uA2YrV2AVzGXU-EocnTDqBITRLSmRo?width=1140&height=760
09-08-2024,2599.598633,2706.451172,2555.229492,2683.719971,17907141655,102,Ethereum,ETH-USD,Crypto,Cryptocurrency,https://1drv.ms/i/c/8705623eb284e7df/IQRB032Is1qmSqWe2uA2YrV2AVzGXU-EocnTDqBITRLSmRo?width=1140&height=760
10-08-2024,2610.022949,2642.925781,2580.661865,2599.582275,9361014219,102,Ethereum,ETH-USD,Crypto,Cryptocurrency,https://1drv.ms/i/c/8705623eb284e7df/IQRB032Is1qmSqWe2uA2YrV2AVzGXU-EocnTDqBITRLSmRo?width=1140&height=760
11-08-2024,2553.252197,2718.797607,2544.174805,2609.969727,13595441987,102,Ethereum,ETH-USD,Crypto,Cryptocurrency,https://1drv.ms/i/c/8705623eb284e7df/IQRB032Is1qmSqWe2uA2YrV2AVzGXU-EocnTDqBITRLSmRo?width=1140&height=760
12-08-2024,2724.431885,2749.13501,2513.394043,2553.496582,21653090666,102,Ethereum,ETH-USD,Crypto,Cryptocurrency,https://1drv.ms/i/c/8705623eb284e7df/IQRB032Is1qmSqWe2uA2YrV2AVzGXU-EocnTDqBITRLSmRo?width=1140&height=760
13-08-2024,2703.671875,2737.990479,2613.80127,2724.303467,16383053029,102,Ethereum,ETH-USD,Crypto,Cryptocurrency,https://1drv.ms/i/c/8705623eb284e7df/IQRB032Is1qmSqWe2uA2YrV2AVzGXU-EocnTDqBITRLSmRo?width=1140&height=760
14-08-2024,2662.914795,2775.281006,2636.705322,2703.586914,15825365408,102,Ethereum,ETH-USD,Crypto,Cryptocurrency,https://1drv.ms/i/c/8705623eb284e7df/IQRB032Is1qmSqWe2uA2YrV2AVzGXU-EocnTDqBITRLSmRo?width=1140&height=760
15-08-2024,2570.087646,2675.314453,2518.670654,2662.885498,16345801912,102,Ethereum,ETH-USD,Crypto,Cryptocurrency,https://1drv.ms/i/c/8705623eb284e7df/IQRB032Is1qmSqWe2uA2YrV2AVzGXU-EocnTDqBITRLSmRo?width=1140&height=760
16-08-2024,2593.186523,2629.383545,2553.071533,2570.085205,13275561555,102,Ethereum,ETH-USD,Crypto,Cryptocurrency,https://1drv.ms/i/c/8705623eb284e7df/IQRB032Is1qmSqWe2uA2YrV2AVzGXU-EocnTDqBITRLSmRo?width=1140&height=760
17-08-2024,2614.546875,2626.672852,2588.785156,2593.166992,6676568717,102,Ethereum,ETH-USD,Crypto,Cryptocurrency,https://1drv.ms/i/c/8705623eb284e7df/IQRB032Is1qmSqWe2uA2YrV2AVzGXU-EocnTDqBITRLSmRo?width=1140&height=760
18-08-2024,2613.357178,2684.031006,2596.735107,2614.109619,9207267415,102,Ethereum,ETH-USD,Crypto,Cryptocurrency,https://1drv.ms/i/c/8705623eb284e7df/IQRB032Is1qmSqWe2uA2YrV2AVzGXU-EocnTDqBITRLSmRo?width=1140&height=760
19-08-2024,2637.306396,2648.284424,2566.401123,2612.718506,11968963282,102,Ethereum,ETH-USD,Crypto,Cryptocurrency,https://1drv.ms/i/c/8705623eb284e7df/IQRB032Is1qmSqWe2uA2YrV2AVzGXU-EocnTDqBITRLSmRo?width=1140&height=760
20-08-2024,2573.106934,2695.913818,2556.747559,2637.306396,13249483464,102,Ethereum,ETH-USD,Crypto,Cryptocurrency,https://1drv.ms/i/c/8705623eb284e7df/IQRB032Is1qmSqWe2uA2YrV2AVzGXU-EocnTDqBITRLSmRo?width=1140&height=760
21-08-2024,2631.395508,2662.953369,2538.657715,2573.108887,12766015263,102,Ethereum,ETH-USD,Crypto,Cryptocurrency,https://1drv.ms/i/c/8705623eb284e7df/IQRB032Is1qmSqWe2uA2YrV2AVzGXU-EocnTDqBITRLSmRo?width=1140&height=760
22-08-2024,2622.951416,2644.82373,2587.110596,2630.864258,10723280428,102,Ethereum,ETH-USD,Crypto,Cryptocurrency,https://1drv.ms/i/c/8705623eb284e7df/IQRB032Is1qmSqWe2uA2YrV2AVzGXU-EocnTDqBITRLSmRo?width=1140&height=760
23-08-2024,2764.447021,2799.329834,2622.581055,2622.916016,16857181970,102,Ethereum,ETH-USD,Crypto,Cryptocurrency,https://1drv.ms/i/c/8705623eb284e7df/IQRB032Is1qmSqWe2uA2YrV2AVzGXU-EocnTDqBITRLSmRo?width=1140&height=760
24-08-2024,2769.389648,2820.020508,2737.776611,2765.481445,11765811307,102,Ethereum,ETH-USD,Crypto,Cryptocurrency,https://1drv.ms/i/c/8705623eb284e7df/IQRB032Is1qmSqWe2uA2YrV2AVzGXU-EocnTDqBITRLSmRo?width=1140&height=760
25-08-2024,2749.157715,2793.012939,2736.088867,2769.098145,9375535539,102,Ethereum,ETH-USD,Crypto,Cryptocurrency,https://1drv.ms/i/c/8705623eb284e7df/IQRB032Is1qmSqWe2uA2YrV2AVzGXU-EocnTDqBITRLSmRo?width=1140&height=760
26-08-2024,2681.340576,2763.00415,2668.886719,2749.247559,12282035835,102,Ethereum,ETH-USD,Crypto,Cryptocurrency,https://1drv.ms/i/c/8705623eb284e7df/IQRB032Is1qmSqWe2uA2YrV2AVzGXU-EocnTDqBITRLSmRo?width=1140&height=760
27-08-2024,2458.726563,2700.152832,2401.175049,2681.622803,18028996056,102,Ethereum,ETH-USD,Crypto,Cryptocurrency,https://1drv.ms/i/c/8705623eb284e7df/IQRB032Is1qmSqWe2uA2YrV2AVzGXU-EocnTDqBITRLSmRo?width=1140&height=760
28-08-2024,2528.415527,2553.820068,2422.293701,2458.904785,20359545410,102,Ethereum,ETH-USD,Crypto,Cryptocurrency,https://1drv.ms/i/c/8705623eb284e7df/IQRB032Is1qmSqWe2uA2YrV2AVzGXU-EocnTDqBITRLSmRo?width=1140&height=760
29-08-2024,2528.792725,2595.977051,2507.502441,2528.362305,13946434277,102,Ethereum,ETH-USD,Crypto,Cryptocurrency,https://1drv.ms/i/c/8705623eb284e7df/IQRB032Is1qmSqWe2uA2YrV2AVzGXU-EocnTDqBITRLSmRo?width=1140&height=760
30-08-2024,2525.822021,2539.915283,2432.834473,2528.732178,15526218255,102,Ethereum,ETH-USD,Crypto,Cryptocurrency,https://1drv.ms/i/c/8705623eb284e7df/IQRB032Is1qmSqWe2uA2YrV2AVzGXU-EocnTDqBITRLSmRo?width=1140&height=760
31-08-2024,2513.393799,2532.389893,2493.705566,2525.859131,6646876013,102,Ethereum,ETH-USD,Crypto,Cryptocurrency,https://1drv.ms/i/c/8705623eb284e7df/IQRB032Is1qmSqWe2uA2YrV2AVzGXU-EocnTDqBITRLSmRo?width=1140&height=760
01-09-2024,2427.902344,2515.467285,2401.88916,2513.424316,11800443265,102,Ethereum,ETH-USD,Crypto,Cryptocurrency,https://1drv.ms/i/c/8705623eb284e7df/IQRB032Is1qmSqWe2uA2YrV2AVzGXU-EocnTDqBITRLSmRo?width=1140&height=760
02-09-2024,2538.187256,2563.085938,2426.095947,2427.973389,12520444224,102,Ethereum,ETH-USD,Crypto,Cryptocurrency,https://1drv.ms/i/c/8705623eb284e7df/IQRB032Is1qmSqWe2uA2YrV2AVzGXU-EocnTDqBITRLSmRo?width=1140&height=760
03-09-2024,2420.60376,2552.802734,2419.875244,2538.160645,11406800197,102,Ethereum,ETH-USD,Crypto,Cryptocurrency,https://1drv.ms/i/c/8705623eb284e7df/IQRB032Is1qmSqWe2uA2YrV2AVzGXU-EocnTDqBITRLSmRo?width=1140&height=760
04-09-2024,2448.977051,2488.916504,2313.265137,2420.192383,16709600747,102,Ethereum,ETH-USD,Crypto,Cryptocurrency,https://1drv.ms/i/c/8705623eb284e7df/IQRB032Is1qmSqWe2uA2YrV2AVzGXU-EocnTDqBITRLSmRo?width=1140&height=760
05-09-2024,2367.737549,2465.385254,2348.863281,2448.986816,13632325040,102,Ethereum,ETH-USD,Crypto,Cryptocurrency,https://1drv.ms/i/c/8705623eb284e7df/IQRB032Is1qmSqWe2uA2YrV2AVzGXU-EocnTDqBITRLSmRo?width=1140&height=760
06-09-2024,2223.876465,2406.511963,2150.863281,2367.700928,25825618367,102,Ethereum,ETH-USD,Crypto,Cryptocurrency,https://1drv.ms/i/c/8705623eb284e7df/IQRB032Is1qmSqWe2uA2YrV2AVzGXU-EocnTDqBITRLSmRo?width=1140&height=760
07-09-2024,2274.107178,2310.194824,2222.10083,2223.929199,11124608320,102,Ethereum,ETH-USD,Crypto,Cryptocurrency,https://1drv.ms/i/c/8705623eb284e7df/IQRB032Is1qmSqWe2uA2YrV2AVzGXU-EocnTDqBITRLSmRo?width=1140&height=760
08-09-2024,2297.292969,2332.359375,2243.911377,2274.437744,10718443487,102,Ethereum,ETH-USD,Crypto,Cryptocurrency,https://1drv.ms/i/c/8705623eb284e7df/IQRB032Is1qmSqWe2uA2YrV2AVzGXU-EocnTDqBITRLSmRo?width=1140&height=760
09-09-2024,2358.482178,2379.786621,2274.115479,2297.89624,15887712451,102,Ethereum,ETH-USD,Crypto,Cryptocurrency,https://1drv.ms/i/c/8705623eb284e7df/IQRB032Is1qmSqWe2uA2YrV2AVzGXU-EocnTDqBITRLSmRo?width=1140&height=760
10-09-2024,2389.581055,2398.503906,2323.071777,2358.497803,12795818970,102,Ethereum,ETH-USD,Crypto,Cryptocurrency,https://1drv.ms/i/c/8705623eb284e7df/IQRB032Is1qmSqWe2uA2YrV2AVzGXU-EocnTDqBITRLSmRo?width=1140&height=760
11-09-2024,2339.841553,2389.718262,2279.053711,2389.60376,15355180967,102,Ethereum,ETH-USD,Crypto,Cryptocurrency,https://1drv.ms/i/c/8705623eb284e7df/IQRB032Is1qmSqWe2uA2YrV2AVzGXU-EocnTDqBITRLSmRo?width=1140&height=760
12-09-2024,2361.781738,2390.186768,2316.157715,2339.84082,12162634681,102,Ethereum,ETH-USD,Crypto,Cryptocurrency,https://1drv.ms/i/c/8705623eb284e7df/IQRB032Is1qmSqWe2uA2YrV2AVzGXU-EocnTDqBITRLSmRo?width=1140&height=760
13-09-2024,2441.607178,2462.802979,2338.144043,2361.740967,13759640866,102,Ethereum,ETH-USD,Crypto,Cryptocurrency,https://1drv.ms/i/c/8705623eb284e7df/IQRB032Is1qmSqWe2uA2YrV2AVzGXU-EocnTDqBITRLSmRo?width=1140&height=760
14-09-2024,2418.595703,2442.63208,2386.979736,2441.580811,8170291680,102,Ethereum,ETH-USD,Crypto,Cryptocurrency,https://1drv.ms/i/c/8705623eb284e7df/IQRB032Is1qmSqWe2uA2YrV2AVzGXU-EocnTDqBITRLSmRo?width=1140&height=760
15-09-2024,2320.897217,2430.383301,2286.628174,2418.266113,10155470375,102,Ethereum,ETH-USD,Crypto,Cryptocurrency,https://1drv.ms/i/c/8705623eb284e7df/IQRB032Is1qmSqWe2uA2YrV2AVzGXU-EocnTDqBITRLSmRo?width=1140&height=760
16-09-2024,2295.283691,2334.789795,2253.715088,2320.894531,16819033263,102,Ethereum,ETH-USD,Crypto,Cryptocurrency,https://1drv.ms/i/c/8705623eb284e7df/IQRB032Is1qmSqWe2uA2YrV2AVzGXU-EocnTDqBITRLSmRo?width=1140&height=760
17-09-2024,2341.707764,2392.14917,2263.792969,2295.284424,15356783863,102,Ethereum,ETH-USD,Crypto,Cryptocurrency,https://1drv.ms/i/c/8705623eb284e7df/IQRB032Is1qmSqWe2uA2YrV2AVzGXU-EocnTDqBITRLSmRo?width=1140&height=760
18-09-2024,2369.729004,2369.729004,2278.664551,2341.73291,18159056422,102,Ethereum,ETH-USD,Crypto,Cryptocurrency,https://1drv.ms/i/c/8705623eb284e7df/IQRB032Is1qmSqWe2uA2YrV2AVzGXU-EocnTDqBITRLSmRo?width=1140&height=760
19-09-2024,2464.752197,2492.20459,2369.374756,2369.374756,18437147349,102,Ethereum,ETH-USD,Crypto,Cryptocurrency,https://1drv.ms/i/c/8705623eb284e7df/IQRB032Is1qmSqWe2uA2YrV2AVzGXU-EocnTDqBITRLSmRo?width=1140&height=760
20-09-2024,2561.072021,2571.992676,2439.37793,2464.782227,19112788620,102,Ethereum,ETH-USD,Crypto,Cryptocurrency,https://1drv.ms/i/c/8705623eb284e7df/IQRB032Is1qmSqWe2uA2YrV2AVzGXU-EocnTDqBITRLSmRo?width=1140&height=760
21-09-2024,2615.857178,2621.622559,2530.837891,2560.879639,10797825021,102,Ethereum,ETH-USD,Crypto,Cryptocurrency,https://1drv.ms/i/c/8705623eb284e7df/IQRB032Is1qmSqWe2uA2YrV2AVzGXU-EocnTDqBITRLSmRo?width=1140&height=760
22-09-2024,2582.862549,2632.039307,2528.522217,2615.848145,13180663011,102,Ethereum,ETH-USD,Crypto,Cryptocurrency,https://1drv.ms/i/c/8705623eb284e7df/IQRB032Is1qmSqWe2uA2YrV2AVzGXU-EocnTDqBITRLSmRo?width=1140&height=760
23-09-2024,2648.546387,2701.677734,2541.9104,2582.774902,19912841456,102,Ethereum,ETH-USD,Crypto,Cryptocurrency,https://1drv.ms/i/c/8705623eb284e7df/IQRB032Is1qmSqWe2uA2YrV2AVzGXU-EocnTDqBITRLSmRo?width=1140&height=760
24-09-2024,2654.35498,2671.275879,2593.1521,2648.482178,16658812503,102,Ethereum,ETH-USD,Crypto,Cryptocurrency,https://1drv.ms/i/c/8705623eb284e7df/IQRB032Is1qmSqWe2uA2YrV2AVzGXU-EocnTDqBITRLSmRo?width=1140&height=760
25-09-2024,2579.388672,2672.461914,2557.724365,2654.361572,14119729962,102,Ethereum,ETH-USD,Crypto,Cryptocurrency,https://1drv.ms/i/c/8705623eb284e7df/IQRB032Is1qmSqWe2uA2YrV2AVzGXU-EocnTDqBITRLSmRo?width=1140&height=760
26-09-2024,2632.199951,2665.992676,2559.954346,2579.217529,17336033595,102,Ethereum,ETH-USD,Crypto,Cryptocurrency,https://1drv.ms/i/c/8705623eb284e7df/IQRB032Is1qmSqWe2uA2YrV2AVzGXU-EocnTDqBITRLSmRo?width=1140&height=760
27-09-2024,2695.900635,2728.067627,2616.950928,2632.241943,17023020294,102,Ethereum,ETH-USD,Crypto,Cryptocurrency,https://1drv.ms/i/c/8705623eb284e7df/IQRB032Is1qmSqWe2uA2YrV2AVzGXU-EocnTDqBITRLSmRo?width=1140&height=760
28-09-2024,2677.539063,2704.928711,2652.250488,2695.815918,10252590559,102,Ethereum,ETH-USD,Crypto,Cryptocurrency,https://1drv.ms/i/c/8705623eb284e7df/IQRB032Is1qmSqWe2uA2YrV2AVzGXU-EocnTDqBITRLSmRo?width=1140&height=760
29-09-2024,2659.346924,2683.445801,2635.584961,2677.628662,11126215671,102,Ethereum,ETH-USD,Crypto,Cryptocurrency,https://1drv.ms/i/c/8705623eb284e7df/IQRB032Is1qmSqWe2uA2YrV2AVzGXU-EocnTDqBITRLSmRo?width=1140&height=760
30-09-2024,2603.062744,2662.489014,2576.976074,2659.292725,17826446789,102,Ethereum,ETH-USD,Crypto,Cryptocurrency,https://1drv.ms/i/c/8705623eb284e7df/IQRB032Is1qmSqWe2uA2YrV2AVzGXU-EocnTDqBITRLSmRo?width=1140&height=760
01-10-2024,2448.921143,2657.615479,2415.078613,2603.26416,25482371785,102,Ethereum,ETH-USD,Crypto,Cryptocurrency,https://1drv.ms/i/c/8705623eb284e7df/IQRB032Is1qmSqWe2uA2YrV2AVzGXU-EocnTDqBITRLSmRo?width=1140&height=760
02-10-2024,2365.231689,2498.121338,2354.539307,2448.877197,20148256472,102,Ethereum,ETH-USD,Crypto,Cryptocurrency,https://1drv.ms/i/c/8705623eb284e7df/IQRB032Is1qmSqWe2uA2YrV2AVzGXU-EocnTDqBITRLSmRo?width=1140&height=760
03-10-2024,2349.79126,2402.862549,2311.027832,2365.213623,18051447791,102,Ethereum,ETH-USD,Crypto,Cryptocurrency,https://1drv.ms/i/c/8705623eb284e7df/IQRB032Is1qmSqWe2uA2YrV2AVzGXU-EocnTDqBITRLSmRo?width=1140&height=760
04-10-2024,2414.793945,2440.242432,2339.87085,2349.73291,14879264082,102,Ethereum,ETH-USD,Crypto,Cryptocurrency,https://1drv.ms/i/c/8705623eb284e7df/IQRB032Is1qmSqWe2uA2YrV2AVzGXU-EocnTDqBITRLSmRo?width=1140&height=760
05-10-2024,2415.631836,2427.517578,2390.844482,2414.847168,8152969183,102,Ethereum,ETH-USD,Crypto,Cryptocurrency,https://1drv.ms/i/c/8705623eb284e7df/IQRB032Is1qmSqWe2uA2YrV2AVzGXU-EocnTDqBITRLSmRo?width=1140&height=760
06-10-2024,2439.957764,2456.630615,2407.099365,2415.531738,8458690205,102,Ethereum,ETH-USD,Crypto,Cryptocurrency,https://1drv.ms/i/c/8705623eb284e7df/IQRB032Is1qmSqWe2uA2YrV2AVzGXU-EocnTDqBITRLSmRo?width=1140&height=760
07-10-2024,2421.796631,2520.40625,2405.134277,2439.944824,17414044416,102,Ethereum,ETH-USD,Crypto,Cryptocurrency,https://1drv.ms/i/c/8705623eb284e7df/IQRB032Is1qmSqWe2uA2YrV2AVzGXU-EocnTDqBITRLSmRo?width=1140&height=760
08-10-2024,2439.84082,2464.127441,2400.510742,2421.980957,14067361080,102,Ethereum,ETH-USD,Crypto,Cryptocurrency,https://1drv.ms/i/c/8705623eb284e7df/IQRB032Is1qmSqWe2uA2YrV2AVzGXU-EocnTDqBITRLSmRo?width=1140&height=760
09-10-2024,2368.283447,2470.913086,2350.946533,2439.840088,14954047093,102,Ethereum,ETH-USD,Crypto,Cryptocurrency,https://1drv.ms/i/c/8705623eb284e7df/IQRB032Is1qmSqWe2uA2YrV2AVzGXU-EocnTDqBITRLSmRo?width=1140&height=760
10-10-2024,2383.85791,2417.288086,2329.784668,2368.273193,15327769940,102,Ethereum,ETH-USD,Crypto,Cryptocurrency,https://1drv.ms/i/c/8705623eb284e7df/IQRB032Is1qmSqWe2uA2YrV2AVzGXU-EocnTDqBITRLSmRo?width=1140&height=760
11-10-2024,2436.513428,2470.395752,2380.504639,2383.940186,13489061564,102,Ethereum,ETH-USD,Crypto,Cryptocurrency,https://1drv.ms/i/c/8705623eb284e7df/IQRB032Is1qmSqWe2uA2YrV2AVzGXU-EocnTDqBITRLSmRo?width=1140&height=760
12-10-2024,2476.523193,2488.237793,2434.202881,2436.515625,9372169184,102,Ethereum,ETH-USD,Crypto,Cryptocurrency,https://1drv.ms/i/c/8705623eb284e7df/IQRB032Is1qmSqWe2uA2YrV2AVzGXU-EocnTDqBITRLSmRo?width=1140&height=760
13-10-2024,2467.677002,2484.129395,2436.969727,2476.520264,9189490605,102,Ethereum,ETH-USD,Crypto,Cryptocurrency,https://1drv.ms/i/c/8705623eb284e7df/IQRB032Is1qmSqWe2uA2YrV2AVzGXU-EocnTDqBITRLSmRo?width=1140&height=760
14-10-2024,2628.899902,2652.881836,2443.552979,2467.647461,21434687898,102,Ethereum,ETH-USD,Crypto,Cryptocurrency,https://1drv.ms/i/c/8705623eb284e7df/IQRB032Is1qmSqWe2uA2YrV2AVzGXU-EocnTDqBITRLSmRo?width=1140&height=760
15-10-2024,2606.021973,2685.166748,2537.940918,2629.017578,22003780898,102,Ethereum,ETH-USD,Crypto,Cryptocurrency,https://1drv.ms/i/c/8705623eb284e7df/IQRB032Is1qmSqWe2uA2YrV2AVzGXU-EocnTDqBITRLSmRo?width=1140&height=760
16-10-2024,2611.102051,2644.854248,2589.606934,2606.019531,17012396419,102,Ethereum,ETH-USD,Crypto,Cryptocurrency,https://1drv.ms/i/c/8705623eb284e7df/IQRB032Is1qmSqWe2uA2YrV2AVzGXU-EocnTDqBITRLSmRo?width=1140&height=760
17-10-2024,2604.273438,2646.874023,2577.305908,2611.192139,15150712321,102,Ethereum,ETH-USD,Crypto,Cryptocurrency,https://1drv.ms/i/c/8705623eb284e7df/IQRB032Is1qmSqWe2uA2YrV2AVzGXU-EocnTDqBITRLSmRo?width=1140&height=760
18-10-2024,2641.552246,2674.371826,2595.958984,2604.814453,17043738652,102,Ethereum,ETH-USD,Crypto,Cryptocurrency,https://1drv.ms/i/c/8705623eb284e7df/IQRB032Is1qmSqWe2uA2YrV2AVzGXU-EocnTDqBITRLSmRo?width=1140&height=760
19-10-2024,2648.656982,2661.872803,2631.656982,2641.488281,8557834553,102,Ethereum,ETH-USD,Crypto,Cryptocurrency,https://1drv.ms/i/c/8705623eb284e7df/IQRB032Is1qmSqWe2uA2YrV2AVzGXU-EocnTDqBITRLSmRo?width=1140&height=760
20-10-2024,2746.364014,2756.436768,2635.945801,2648.665771,14559296242,102,Ethereum,ETH-USD,Crypto,Cryptocurrency,https://1drv.ms/i/c/8705623eb284e7df/IQRB032Is1qmSqWe2uA2YrV2AVzGXU-EocnTDqBITRLSmRo?width=1140&height=760
21-10-2024,2665.712158,2765.549561,2655.294434,2746.305664,17328615363,102,Ethereum,ETH-USD,Crypto,Cryptocurrency,https://1drv.ms/i/c/8705623eb284e7df/IQRB032Is1qmSqWe2uA2YrV2AVzGXU-EocnTDqBITRLSmRo?width=1140&height=760
22-10-2024,2620.19751,2669.790039,2605.618652,2665.656738,15541911074,102,Ethereum,ETH-USD,Crypto,Cryptocurrency,https://1drv.ms/i/c/8705623eb284e7df/IQRB032Is1qmSqWe2uA2YrV2AVzGXU-EocnTDqBITRLSmRo?width=1140&height=760
23-10-2024,2509.098877,2624.450439,2457.169922,2620.088623,17876984551,102,Ethereum,ETH-USD,Crypto,Cryptocurrency,https://1drv.ms/i/c/8705623eb284e7df/IQRB032Is1qmSqWe2uA2YrV2AVzGXU-EocnTDqBITRLSmRo?width=1140&height=760
24-10-2024,2534.498535,2559.151367,2506.7229,2523.606934,16128627601,102,Ethereum,ETH-USD,Crypto,Cryptocurrency,https://1drv.ms/i/c/8705623eb284e7df/IQRB032Is1qmSqWe2uA2YrV2AVzGXU-EocnTDqBITRLSmRo?width=1140&height=760
25-10-2024,2435.934082,2563.734131,2381.450684,2534.454834,22560233078,102,Ethereum,ETH-USD,Crypto,Cryptocurrency,https://1drv.ms/i/c/8705623eb284e7df/IQRB032Is1qmSqWe2uA2YrV2AVzGXU-EocnTDqBITRLSmRo?width=1140&height=760
26-10-2024,2479.603271,2503.230469,2427.461426,2436.050049,13597102184,102,Ethereum,ETH-USD,Crypto,Cryptocurrency,https://1drv.ms/i/c/8705623eb284e7df/IQRB032Is1qmSqWe2uA2YrV2AVzGXU-EocnTDqBITRLSmRo?width=1140&height=760
27-10-2024,2505.940674,2523.171387,2462.271973,2479.937012,9801434566,102,Ethereum,ETH-USD,Crypto,Cryptocurrency,https://1drv.ms/i/c/8705623eb284e7df/IQRB032Is1qmSqWe2uA2YrV2AVzGXU-EocnTDqBITRLSmRo?width=1140&height=760
28-10-2024,2565.348145,2587.430176,2470.268311,2505.590576,18971841402,102,Ethereum,ETH-USD,Crypto,Cryptocurrency,https://1drv.ms/i/c/8705623eb284e7df/IQRB032Is1qmSqWe2uA2YrV2AVzGXU-EocnTDqBITRLSmRo?width=1140&height=760
29-10-2024,2637.95752,2680.054443,2560.153809,2565.417969,22185845095,102,Ethereum,ETH-USD,Crypto,Cryptocurrency,https://1drv.ms/i/c/8705623eb284e7df/IQRB032Is1qmSqWe2uA2YrV2AVzGXU-EocnTDqBITRLSmRo?width=1140&height=760
30-10-2024,2657.372559,2720.271484,2600.609619,2637.640137,22382690746,102,Ethereum,ETH-USD,Crypto,Cryptocurrency,https://1drv.ms/i/c/8705623eb284e7df/IQRB032Is1qmSqWe2uA2YrV2AVzGXU-EocnTDqBITRLSmRo?width=1140&height=760
31-10-2024,2515.799316,2667.55957,2501.572266,2657.213135,19760409505,102,Ethereum,ETH-USD,Crypto,Cryptocurrency,https://1drv.ms/i/c/8705623eb284e7df/IQRB032Is1qmSqWe2uA2YrV2AVzGXU-EocnTDqBITRLSmRo?width=1140&height=760
01-11-2024,2511.885498,2583.7771,2467.819336,2515.870361,20215438328,102,Ethereum,ETH-USD,Crypto,Cryptocurrency,https://1drv.ms/i/c/8705623eb284e7df/IQRB032Is1qmSqWe2uA2YrV2AVzGXU-EocnTDqBITRLSmRo?width=1140&height=760
02-11-2024,2491.068604,2522.360596,2471.955566,2512.208252,9639457439,102,Ethereum,ETH-USD,Crypto,Cryptocurrency,https://1drv.ms/i/c/8705623eb284e7df/IQRB032Is1qmSqWe2uA2YrV2AVzGXU-EocnTDqBITRLSmRo?width=1140&height=760
03-11-2024,2456.425293,2495.436523,2411.398438,2491.094482,15667779706,102,Ethereum,ETH-USD,Crypto,Cryptocurrency,https://1drv.ms/i/c/8705623eb284e7df/IQRB032Is1qmSqWe2uA2YrV2AVzGXU-EocnTDqBITRLSmRo?width=1140&height=760
04-11-2024,2397.026367,2488.350342,2359.578125,2456.095215,17110200696,102,Ethereum,ETH-USD,Crypto,Cryptocurrency,https://1drv.ms/i/c/8705623eb284e7df/IQRB032Is1qmSqWe2uA2YrV2AVzGXU-EocnTDqBITRLSmRo?width=1140&height=760
05-11-2024,2422.650635,2478.618896,2380.601318,2397.036377,17894057485,102,Ethereum,ETH-USD,Crypto,Cryptocurrency,https://1drv.ms/i/c/8705623eb284e7df/IQRB032Is1qmSqWe2uA2YrV2AVzGXU-EocnTDqBITRLSmRo?width=1140&height=760
06-11-2024,2724.169189,2743.964111,2421.812988,2422.539307,41887574364,102,Ethereum,ETH-USD,Crypto,Cryptocurrency,https://1drv.ms/i/c/8705623eb284e7df/IQRB032Is1qmSqWe2uA2YrV2AVzGXU-EocnTDqBITRLSmRo?width=1140&height=760
07-11-2024,2895.585449,2918.744385,2701.59082,2724.005859,35352318438,102,Ethereum,ETH-USD,Crypto,Cryptocurrency,https://1drv.ms/i/c/8705623eb284e7df/IQRB032Is1qmSqWe2uA2YrV2AVzGXU-EocnTDqBITRLSmRo?width=1140&height=760
08-11-2024,2962.296631,2983.744873,2889.484375,2895.5979,32303261101,102,Ethereum,ETH-USD,Crypto,Cryptocurrency,https://1drv.ms/i/c/8705623eb284e7df/IQRB032Is1qmSqWe2uA2YrV2AVzGXU-EocnTDqBITRLSmRo?width=1140&height=760
09-11-2024,3131.144531,3156.366211,2957.182373,2962.791016,29210133088,102,Ethereum,ETH-USD,Crypto,Cryptocurrency,https://1drv.ms/i/c/8705623eb284e7df/IQRB032Is1qmSqWe2uA2YrV2AVzGXU-EocnTDqBITRLSmRo?width=1140&height=760
10-11-2024,3191.331299,3249.914063,3073.248779,3130.729248,47418730187,102,Ethereum,ETH-USD,Crypto,Cryptocurrency,https://1drv.ms/i/c/8705623eb284e7df/IQRB032Is1qmSqWe2uA2YrV2AVzGXU-EocnTDqBITRLSmRo?width=1140&height=760
11-11-2024,3374.812988,3389.529297,3109.769531,3191.656982,55417771668,102,Ethereum,ETH-USD,Crypto,Cryptocurrency,https://1drv.ms/i/c/8705623eb284e7df/IQRB032Is1qmSqWe2uA2YrV2AVzGXU-EocnTDqBITRLSmRo?width=1140&height=760
12-11-2024,3246.257324,3444.154053,3211.198486,3375.154785,56686078066,102,Ethereum,ETH-USD,Crypto,Cryptocurrency,https://1drv.ms/i/c/8705623eb284e7df/IQRB032Is1qmSqWe2uA2YrV2AVzGXU-EocnTDqBITRLSmRo?width=1140&height=760
13-11-2024,3192.595947,3337.877197,3121.666016,3244.543213,52010205682,102,Ethereum,ETH-USD,Crypto,Cryptocurrency,https://1drv.ms/i/c/8705623eb284e7df/IQRB032Is1qmSqWe2uA2YrV2AVzGXU-EocnTDqBITRLSmRo?width=1140&height=760
14-11-2024,3058.94873,3240.270752,3032.971924,3192.520508,35743352141,102,Ethereum,ETH-USD,Crypto,Cryptocurrency,https://1drv.ms/i/c/8705623eb284e7df/IQRB032Is1qmSqWe2uA2YrV2AVzGXU-EocnTDqBITRLSmRo?width=1140&height=760
15-11-2024,3103.040527,3130.703857,3016.144043,3059.526123,32701369872,102,Ethereum,ETH-USD,Crypto,Cryptocurrency,https://1drv.ms/i/c/8705623eb284e7df/IQRB032Is1qmSqWe2uA2YrV2AVzGXU-EocnTDqBITRLSmRo?width=1140&height=760
16-11-2024,3133.273926,3218.0896,3073.286377,3089.73999,26650658846,102,Ethereum,ETH-USD,Crypto,Cryptocurrency,https://1drv.ms/i/c/8705623eb284e7df/IQRB032Is1qmSqWe2uA2YrV2AVzGXU-EocnTDqBITRLSmRo?width=1140&height=760
17-11-2024,3075.661621,3160.152588,3039.246826,3133.306641,28348163224,102,Ethereum,ETH-USD,Crypto,Cryptocurrency,https://1drv.ms/i/c/8705623eb284e7df/IQRB032Is1qmSqWe2uA2YrV2AVzGXU-EocnTDqBITRLSmRo?width=1140&height=760
18-11-2024,3207.856445,3225.130615,3052.491211,3075.7229,35445557613,102,Ethereum,ETH-USD,Crypto,Cryptocurrency,https://1drv.ms/i/c/8705623eb284e7df/IQRB032Is1qmSqWe2uA2YrV2AVzGXU-EocnTDqBITRLSmRo?width=1140&height=760
19-11-2024,3111.384033,3222.004395,3070.362793,3208.250488,29823634432,102,Ethereum,ETH-USD,Crypto,Cryptocurrency,https://1drv.ms/i/c/8705623eb284e7df/IQRB032Is1qmSqWe2uA2YrV2AVzGXU-EocnTDqBITRLSmRo?width=1140&height=760
20-11-2024,3072.187988,3159.949463,3032.603271,3111.116943,29785491216,102,Ethereum,ETH-USD,Crypto,Cryptocurrency,https://1drv.ms/i/c/8705623eb284e7df/IQRB032Is1qmSqWe2uA2YrV2AVzGXU-EocnTDqBITRLSmRo?width=1140&height=760
21-11-2024,3361.053955,3388.542969,3035.84668,3072.055176,51619069348,102,Ethereum,ETH-USD,Crypto,Cryptocurrency,https://1drv.ms/i/c/8705623eb284e7df/IQRB032Is1qmSqWe2uA2YrV2AVzGXU-EocnTDqBITRLSmRo?width=1140&height=760
22-11-2024,3331.60083,3428.460449,3262.808838,3360.654297,36775716442,102,Ethereum,ETH-USD,Crypto,Cryptocurrency,https://1drv.ms/i/c/8705623eb284e7df/IQRB032Is1qmSqWe2uA2YrV2AVzGXU-EocnTDqBITRLSmRo?width=1140&height=760
23-11-2024,3396.223389,3499.37085,3317.654785,3331.645508,38835184688,102,Ethereum,ETH-USD,Crypto,Cryptocurrency,https://1drv.ms/i/c/8705623eb284e7df/IQRB032Is1qmSqWe2uA2YrV2AVzGXU-EocnTDqBITRLSmRo?width=1140&height=760
24-11-2024,3363.659912,3451.802246,3288.430908,3396.999512,27901454185,102,Ethereum,ETH-USD,Crypto,Cryptocurrency,https://1drv.ms/i/c/8705623eb284e7df/IQRB032Is1qmSqWe2uA2YrV2AVzGXU-EocnTDqBITRLSmRo?width=1140&height=760
25-11-2024,3413.543945,3545.278809,3304.093994,3364.601563,51544793988,102,Ethereum,ETH-USD,Crypto,Cryptocurrency,https://1drv.ms/i/c/8705623eb284e7df/IQRB032Is1qmSqWe2uA2YrV2AVzGXU-EocnTDqBITRLSmRo?width=1140&height=760
26-11-2024,3326.517334,3461.292969,3255.542969,3412.950928,39902959158,102,Ethereum,ETH-USD,Crypto,Cryptocurrency,https://1drv.ms/i/c/8705623eb284e7df/IQRB032Is1qmSqWe2uA2YrV2AVzGXU-EocnTDqBITRLSmRo?width=1140&height=760
27-11-2024,3657.249268,3687.009033,3303.567871,3326.029053,43383987191,102,Ethereum,ETH-USD,Crypto,Cryptocurrency,https://1drv.ms/i/c/8705623eb284e7df/IQRB032Is1qmSqWe2uA2YrV2AVzGXU-EocnTDqBITRLSmRo?width=1140&height=760
28-11-2024,3579.811523,3664.878174,3531.870605,3656.609619,32362724276,102,Ethereum,ETH-USD,Crypto,Cryptocurrency,https://1drv.ms/i/c/8705623eb284e7df/IQRB032Is1qmSqWe2uA2YrV2AVzGXU-EocnTDqBITRLSmRo?width=1140&height=760
29-11-2024,3593.494385,3647.264404,3538.446777,3579.910645,27622629486,102,Ethereum,ETH-USD,Crypto,Cryptocurrency,https://1drv.ms/i/c/8705623eb284e7df/IQRB032Is1qmSqWe2uA2YrV2AVzGXU-EocnTDqBITRLSmRo?width=1140&height=760
30-11-2024,3705.705322,3739.934814,3572.25415,3593.598145,30670867436,102,Ethereum,ETH-USD,Crypto,Cryptocurrency,https://1drv.ms/i/c/8705623eb284e7df/IQRB032Is1qmSqWe2uA2YrV2AVzGXU-EocnTDqBITRLSmRo?width=1140&height=760
01-12-2024,3711.165039,3747.455322,3663.234131,3706.619873,28018113530,102,Ethereum,ETH-USD,Crypto,Cryptocurrency,https://1drv.ms/i/c/8705623eb284e7df/IQRB032Is1qmSqWe2uA2YrV2AVzGXU-EocnTDqBITRLSmRo?width=1140&height=760
02-12-2024,3644.198486,3761.343018,3557.252197,3710.495361,47284967570,102,Ethereum,ETH-USD,Crypto,Cryptocurrency,https://1drv.ms/i/c/8705623eb284e7df/IQRB032Is1qmSqWe2uA2YrV2AVzGXU-EocnTDqBITRLSmRo?width=1140&height=760
03-12-2024,3620.71167,3670.219727,3504.226318,3643.742188,36839829742,102,Ethereum,ETH-USD,Crypto,Cryptocurrency,https://1drv.ms/i/c/8705623eb284e7df/IQRB032Is1qmSqWe2uA2YrV2AVzGXU-EocnTDqBITRLSmRo?width=1140&height=760
04-12-2024,3841.331055,3895.174316,3617.744629,3620.037598,56799745752,102,Ethereum,ETH-USD,Crypto,Cryptocurrency,https://1drv.ms/i/c/8705623eb284e7df/IQRB032Is1qmSqWe2uA2YrV2AVzGXU-EocnTDqBITRLSmRo?width=1140&height=760
05-12-2024,3811.008301,3956.541504,3683.420898,3840.844482,60568296606,102,Ethereum,ETH-USD,Crypto,Cryptocurrency,https://1drv.ms/i/c/8705623eb284e7df/IQRB032Is1qmSqWe2uA2YrV2AVzGXU-EocnTDqBITRLSmRo?width=1140&height=760
06-12-2024,4005.810547,4093.172119,3782.681396,3792.208496,52853668566,102,Ethereum,ETH-USD,Crypto,Cryptocurrency,https://1drv.ms/i/c/8705623eb284e7df/IQRB032Is1qmSqWe2uA2YrV2AVzGXU-EocnTDqBITRLSmRo?width=1140&height=760
07-12-2024,4002.692627,4029.452881,3974.17627,4006.028809,22574636761,102,Ethereum,ETH-USD,Crypto,Cryptocurrency,https://1drv.ms/i/c/8705623eb284e7df/IQRB032Is1qmSqWe2uA2YrV2AVzGXU-EocnTDqBITRLSmRo?width=1140&height=760
08-12-2024,4005.70459,4018,3927.854004,4007.690674,20943378971,102,Ethereum,ETH-USD,Crypto,Cryptocurrency,https://1drv.ms/i/c/8705623eb284e7df/IQRB032Is1qmSqWe2uA2YrV2AVzGXU-EocnTDqBITRLSmRo?width=1140&height=760
09-12-2024,3718.69043,4008.777832,3525.23291,4006.101807,57029832059,102,Ethereum,ETH-USD,Crypto,Cryptocurrency,https://1drv.ms/i/c/8705623eb284e7df/IQRB032Is1qmSqWe2uA2YrV2AVzGXU-EocnTDqBITRLSmRo?width=1140&height=760
10-12-2024,3631.83374,3780.753418,3520.365234,3719.000488,58416417599,102,Ethereum,ETH-USD,Crypto,Cryptocurrency,https://1drv.ms/i/c/8705623eb284e7df/IQRB032Is1qmSqWe2uA2YrV2AVzGXU-EocnTDqBITRLSmRo?width=1140&height=760
11-12-2024,3832.822021,3850.765381,3567.566406,3631.276123,35968053196,102,Ethereum,ETH-USD,Crypto,Cryptocurrency,https://1drv.ms/i/c/8705623eb284e7df/IQRB032Is1qmSqWe2uA2YrV2AVzGXU-EocnTDqBITRLSmRo?width=1140&height=760
12-12-2024,3883.101563,3987.005859,3800.09082,3833.172119,42971675764,102,Ethereum,ETH-USD,Crypto,Cryptocurrency,https://1drv.ms/i/c/8705623eb284e7df/IQRB032Is1qmSqWe2uA2YrV2AVzGXU-EocnTDqBITRLSmRo?width=1140&height=760
13-12-2024,3911.205322,3967.395264,3855.023682,3883.030029,34895127659,102,Ethereum,ETH-USD,Crypto,Cryptocurrency,https://1drv.ms/i/c/8705623eb284e7df/IQRB032Is1qmSqWe2uA2YrV2AVzGXU-EocnTDqBITRLSmRo?width=1140&height=760
14-12-2024,3868.405273,3943.278076,3826.761963,3910.8479,28756190559,102,Ethereum,ETH-USD,Crypto,Cryptocurrency,https://1drv.ms/i/c/8705623eb284e7df/IQRB032Is1qmSqWe2uA2YrV2AVzGXU-EocnTDqBITRLSmRo?width=1140&height=760
15-12-2024,3951.941162,3971.498047,3832.09668,3868.441162,25069616984,102,Ethereum,ETH-USD,Crypto,Cryptocurrency,https://1drv.ms/i/c/8705623eb284e7df/IQRB032Is1qmSqWe2uA2YrV2AVzGXU-EocnTDqBITRLSmRo?width=1140&height=760
16-12-2024,3987.480957,4106.955566,3882.705322,3951.652832,46536359669,102,Ethereum,ETH-USD,Crypto,Cryptocurrency,https://1drv.ms/i/c/8705623eb284e7df/IQRB032Is1qmSqWe2uA2YrV2AVzGXU-EocnTDqBITRLSmRo?width=1140&height=760
17-12-2024,3886.766113,4040.337891,3849.286621,3987.333984,35418700472,102,Ethereum,ETH-USD,Crypto,Cryptocurrency,https://1drv.ms/i/c/8705623eb284e7df/IQRB032Is1qmSqWe2uA2YrV2AVzGXU-EocnTDqBITRLSmRo?width=1140&height=760
18-12-2024,3618.79126,3902.715576,3617.840576,3886.886963,48946681636,102,Ethereum,ETH-USD,Crypto,Cryptocurrency,https://1drv.ms/i/c/8705623eb284e7df/IQRB032Is1qmSqWe2uA2YrV2AVzGXU-EocnTDqBITRLSmRo?width=1140&height=760
19-12-2024,3417.927979,3717.662354,3330.872559,3619.582031,58879190250,102,Ethereum,ETH-USD,Crypto,Cryptocurrency,https://1drv.ms/i/c/8705623eb284e7df/IQRB032Is1qmSqWe2uA2YrV2AVzGXU-EocnTDqBITRLSmRo?width=1140&height=760
20-12-2024,3472.553467,3496.327393,3098.203613,3417.930176,66383827229,102,Ethereum,ETH-USD,Crypto,Cryptocurrency,https://1drv.ms/i/c/8705623eb284e7df/IQRB032Is1qmSqWe2uA2YrV2AVzGXU-EocnTDqBITRLSmRo?width=1140&height=760
21-12-2024,3337.222412,3552.921631,3293.505615,3472.589111,31579389836,102,Ethereum,ETH-USD,Crypto,Cryptocurrency,https://1drv.ms/i/c/8705623eb284e7df/IQRB032Is1qmSqWe2uA2YrV2AVzGXU-EocnTDqBITRLSmRo?width=1140&height=760
22-12-2024,3277.535156,3398.657471,3219.294922,3336.998779,24780768375,102,Ethereum,ETH-USD,Crypto,Cryptocurrency,https://1drv.ms/i/c/8705623eb284e7df/IQRB032Is1qmSqWe2uA2YrV2AVzGXU-EocnTDqBITRLSmRo?width=1140&height=760
23-12-2024,3415.7854,3461.527832,3217.368652,3277.51416,34496081389,102,Ethereum,ETH-USD,Crypto,Cryptocurrency,https://1drv.ms/i/c/8705623eb284e7df/IQRB032Is1qmSqWe2uA2YrV2AVzGXU-EocnTDqBITRLSmRo?width=1140&height=760
24-12-2024,3492.049805,3535.857666,3355.609131,3415.738037,23083678195,102,Ethereum,ETH-USD,Crypto,Cryptocurrency,https://1drv.ms/i/c/8705623eb284e7df/IQRB032Is1qmSqWe2uA2YrV2AVzGXU-EocnTDqBITRLSmRo?width=1140&height=760
25-12-2024,3493.235352,3542.83374,3440.097168,3491.95752,17651873225,102,Ethereum,ETH-USD,Crypto,Cryptocurrency,https://1drv.ms/i/c/8705623eb284e7df/IQRB032Is1qmSqWe2uA2YrV2AVzGXU-EocnTDqBITRLSmRo?width=1140&height=760
26-12-2024,3331.22583,3512.604492,3302.306396,3493.304199,22247726776,102,Ethereum,ETH-USD,Crypto,Cryptocurrency,https://1drv.ms/i/c/8705623eb284e7df/IQRB032Is1qmSqWe2uA2YrV2AVzGXU-EocnTDqBITRLSmRo?width=1140&height=760
27-12-2024,3328.916992,3436.710693,3302.575684,3331.053711,24091627403,102,Ethereum,ETH-USD,Crypto,Cryptocurrency,https://1drv.ms/i/c/8705623eb284e7df/IQRB032Is1qmSqWe2uA2YrV2AVzGXU-EocnTDqBITRLSmRo?width=1140&height=760
28-12-2024,3397.902344,3419.920166,3318.033936,3328.774658,14305648523,102,Ethereum,ETH-USD,Crypto,Cryptocurrency,https://1drv.ms/i/c/8705623eb284e7df/IQRB032Is1qmSqWe2uA2YrV2AVzGXU-EocnTDqBITRLSmRo?width=1140&height=760
29-12-2024,3349.513428,3406.648438,3321.664795,3397.862549,13440907792,102,Ethereum,ETH-USD,Crypto,Cryptocurrency,https://1drv.ms/i/c/8705623eb284e7df/IQRB032Is1qmSqWe2uA2YrV2AVzGXU-EocnTDqBITRLSmRo?width=1140&height=760
30-12-2024,3356.392578,3428.527344,3298.804443,3349.585938,26981583962,102,Ethereum,ETH-USD,Crypto,Cryptocurrency,https://1drv.ms/i/c/8705623eb284e7df/IQRB032Is1qmSqWe2uA2YrV2AVzGXU-EocnTDqBITRLSmRo?width=1140&height=760
31-12-2024,3332.531738,3444.396729,3311.412598,3356.394775,20845452085,102,Ethereum,ETH-USD,Crypto,Cryptocurrency,https://1drv.ms/i/c/8705623eb284e7df/IQRB032Is1qmSqWe2uA2YrV2AVzGXU-EocnTDqBITRLSmRo?width=1140&height=760
01-01-2025,3353.50415,3366.531494,3310.255859,3332.406494,14195410493,102,Ethereum,ETH-USD,Crypto,Cryptocurrency,https://1drv.ms/i/c/8705623eb284e7df/IQRB032Is1qmSqWe2uA2YrV2AVzGXU-EocnTDqBITRLSmRo?width=1140&height=760
02-01-2025,3451.392578,3493.448242,3348.352051,3353.412109,22243574698,102,Ethereum,ETH-USD,Crypto,Cryptocurrency,https://1drv.ms/i/c/8705623eb284e7df/IQRB032Is1qmSqWe2uA2YrV2AVzGXU-EocnTDqBITRLSmRo?width=1140&height=760
03-01-2025,3605.009766,3627.055664,3421.831543,3451.680908,21877299255,102,Ethereum,ETH-USD,Crypto,Cryptocurrency,https://1drv.ms/i/c/8705623eb284e7df/IQRB032Is1qmSqWe2uA2YrV2AVzGXU-EocnTDqBITRLSmRo?width=1140&height=760
04-01-2025,3657.706787,3669.196777,3574.326904,3605.200684,16060610759,102,Ethereum,ETH-USD,Crypto,Cryptocurrency,https://1drv.ms/i/c/8705623eb284e7df/IQRB032Is1qmSqWe2uA2YrV2AVzGXU-EocnTDqBITRLSmRo?width=1140&height=760
05-01-2025,3634.10376,3673.812988,3594.616943,3657.743164,12830306908,102,Ethereum,ETH-USD,Crypto,Cryptocurrency,https://1drv.ms/i/c/8705623eb284e7df/IQRB032Is1qmSqWe2uA2YrV2AVzGXU-EocnTDqBITRLSmRo?width=1140&height=760
06-01-2025,3688.611328,3743.94165,3611.214355,3634.11377,23973574043,102,Ethereum,ETH-USD,Crypto,Cryptocurrency,https://1drv.ms/i/c/8705623eb284e7df/IQRB032Is1qmSqWe2uA2YrV2AVzGXU-EocnTDqBITRLSmRo?width=1140&height=760
07-01-2025,3381.577393,3701.106934,3358.089844,3688.341309,32235312545,102,Ethereum,ETH-USD,Crypto,Cryptocurrency,https://1drv.ms/i/c/8705623eb284e7df/IQRB032Is1qmSqWe2uA2YrV2AVzGXU-EocnTDqBITRLSmRo?width=1140&height=760
08-01-2025,3326.329346,3413.682861,3209.2146,3381.615479,34337730882,102,Ethereum,ETH-USD,Crypto,Cryptocurrency,https://1drv.ms/i/c/8705623eb284e7df/IQRB032Is1qmSqWe2uA2YrV2AVzGXU-EocnTDqBITRLSmRo?width=1140&height=760
09-01-2025,3219.430664,3355.862305,3159.384033,3326.359619,28815726276,102,Ethereum,ETH-USD,Crypto,Cryptocurrency,https://1drv.ms/i/c/8705623eb284e7df/IQRB032Is1qmSqWe2uA2YrV2AVzGXU-EocnTDqBITRLSmRo?width=1140&height=760
10-01-2025,3267.48999,3320.500488,3196.110352,3219.496582,26503845190,102,Ethereum,ETH-USD,Crypto,Cryptocurrency,https://1drv.ms/i/c/8705623eb284e7df/IQRB032Is1qmSqWe2uA2YrV2AVzGXU-EocnTDqBITRLSmRo?width=1140&height=760
11-01-2025,3282.217773,3317.654297,3219.69873,3267.522461,11772144561,102,Ethereum,ETH-USD,Crypto,Cryptocurrency,https://1drv.ms/i/c/8705623eb284e7df/IQRB032Is1qmSqWe2uA2YrV2AVzGXU-EocnTDqBITRLSmRo?width=1140&height=760
12-01-2025,3265.951172,3298.018311,3224.510498,3282.150391,11647743556,102,Ethereum,ETH-USD,Crypto,Cryptocurrency,https://1drv.ms/i/c/8705623eb284e7df/IQRB032Is1qmSqWe2uA2YrV2AVzGXU-EocnTDqBITRLSmRo?width=1140&height=760
13-01-2025,3135.499756,3335.193604,2920.592773,3266.095459,39911742769,102,Ethereum,ETH-USD,Crypto,Cryptocurrency,https://1drv.ms/i/c/8705623eb284e7df/IQRB032Is1qmSqWe2uA2YrV2AVzGXU-EocnTDqBITRLSmRo?width=1140&height=760
14-01-2025,3223.68457,3254.751465,3126.805908,3135.670166,22847737224,102,Ethereum,ETH-USD,Crypto,Cryptocurrency,https://1drv.ms/i/c/8705623eb284e7df/IQRB032Is1qmSqWe2uA2YrV2AVzGXU-EocnTDqBITRLSmRo?width=1140&height=760
15-01-2025,3450.537598,3473.101563,3186.139893,3223.68457,25991614661,102,Ethereum,ETH-USD,Crypto,Cryptocurrency,https://1drv.ms/i/c/8705623eb284e7df/IQRB032Is1qmSqWe2uA2YrV2AVzGXU-EocnTDqBITRLSmRo?width=1140&height=760
16-01-2025,3308.345215,3458.180664,3265.675781,3450.305176,26395516475,102,Ethereum,ETH-USD,Crypto,Cryptocurrency,https://1drv.ms/i/c/8705623eb284e7df/IQRB032Is1qmSqWe2uA2YrV2AVzGXU-EocnTDqBITRLSmRo?width=1140&height=760
17-01-2025,3474.107178,3525.543457,3307.311035,3308.191162,28200207229,102,Ethereum,ETH-USD,Crypto,Cryptocurrency,https://1drv.ms/i/c/8705623eb284e7df/IQRB032Is1qmSqWe2uA2YrV2AVzGXU-EocnTDqBITRLSmRo?width=1140&height=760
18-01-2025,3305.789551,3493.060059,3228.33374,3473.563721,32420094038,102,Ethereum,ETH-USD,Crypto,Cryptocurrency,https://1drv.ms/i/c/8705623eb284e7df/IQRB032Is1qmSqWe2uA2YrV2AVzGXU-EocnTDqBITRLSmRo?width=1140&height=760
19-01-2025,3208.964355,3444.206543,3127.623047,3305.397949,57242875399,102,Ethereum,ETH-USD,Crypto,Cryptocurrency,https://1drv.ms/i/c/8705623eb284e7df/IQRB032Is1qmSqWe2uA2YrV2AVzGXU-EocnTDqBITRLSmRo?width=1140&height=760
20-01-2025,3278.0354,3444.282715,3147.522949,3208.933838,52383187336,102,Ethereum,ETH-USD,Crypto,Cryptocurrency,https://1drv.ms/i/c/8705623eb284e7df/IQRB032Is1qmSqWe2uA2YrV2AVzGXU-EocnTDqBITRLSmRo?width=1140&height=760
21-01-2025,3327.40625,3365.778076,3202.492676,3278.436035,32804001146,102,Ethereum,ETH-USD,Crypto,Cryptocurrency,https://1drv.ms/i/c/8705623eb284e7df/IQRB032Is1qmSqWe2uA2YrV2AVzGXU-EocnTDqBITRLSmRo?width=1140&height=760
22-01-2025,3240.224609,3364.746094,3223.385986,3327.237305,22171220981,102,Ethereum,ETH-USD,Crypto,Cryptocurrency,https://1drv.ms/i/c/8705623eb284e7df/IQRB032Is1qmSqWe2uA2YrV2AVzGXU-EocnTDqBITRLSmRo?width=1140&height=760
23-01-2025,3334.714111,3346.732422,3184.066895,3240.475342,32419520084,102,Ethereum,ETH-USD,Crypto,Cryptocurrency,https://1drv.ms/i/c/8705623eb284e7df/IQRB032Is1qmSqWe2uA2YrV2AVzGXU-EocnTDqBITRLSmRo?width=1140&height=760
24-01-2025,3309.554932,3424.899902,3277.323242,3334.80835,25578325671,102,Ethereum,ETH-USD,Crypto,Cryptocurrency,https://1drv.ms/i/c/8705623eb284e7df/IQRB032Is1qmSqWe2uA2YrV2AVzGXU-EocnTDqBITRLSmRo?width=1140&height=760
25-01-2025,3317.269531,3349.29834,3270.273193,3309.71167,13744316078,102,Ethereum,ETH-USD,Crypto,Cryptocurrency,https://1drv.ms/i/c/8705623eb284e7df/IQRB032Is1qmSqWe2uA2YrV2AVzGXU-EocnTDqBITRLSmRo?width=1140&height=760
26-01-2025,3236.134277,3359.3125,3233.922119,3317.291504,14471528757,102,Ethereum,ETH-USD,Crypto,Cryptocurrency,https://1drv.ms/i/c/8705623eb284e7df/IQRB032Is1qmSqWe2uA2YrV2AVzGXU-EocnTDqBITRLSmRo?width=1140&height=760
27-01-2025,3178.92041,3250.396484,3024.091553,3235.855225,39412486482,102,Ethereum,ETH-USD,Crypto,Cryptocurrency,https://1drv.ms/i/c/8705623eb284e7df/IQRB032Is1qmSqWe2uA2YrV2AVzGXU-EocnTDqBITRLSmRo?width=1140&height=760
28-01-2025,3077.112549,3222.737305,3040.092285,3179.086914,20718206194,102,Ethereum,ETH-USD,Crypto,Cryptocurrency,https://1drv.ms/i/c/8705623eb284e7df/IQRB032Is1qmSqWe2uA2YrV2AVzGXU-EocnTDqBITRLSmRo?width=1140&height=760
29-01-2025,3112.999023,3177.980469,3055.181641,3076.380127,22727786058,102,Ethereum,ETH-USD,Crypto,Cryptocurrency,https://1drv.ms/i/c/8705623eb284e7df/IQRB032Is1qmSqWe2uA2YrV2AVzGXU-EocnTDqBITRLSmRo?width=1140&height=760
30-01-2025,3247.780029,3282.986328,3093.123779,3113.289795,19958405782,102,Ethereum,ETH-USD,Crypto,Cryptocurrency,https://1drv.ms/i/c/8705623eb284e7df/IQRB032Is1qmSqWe2uA2YrV2AVzGXU-EocnTDqBITRLSmRo?width=1140&height=760
31-01-2025,3298.265137,3437.569092,3214.935547,3247.867188,30128115902,102,Ethereum,ETH-USD,Crypto,Cryptocurrency,https://1drv.ms/i/c/8705623eb284e7df/IQRB032Is1qmSqWe2uA2YrV2AVzGXU-EocnTDqBITRLSmRo?width=1140&height=760
01-02-2025,3118.328613,3329.655273,3103.918945,3298.822266,19917507079,102,Ethereum,ETH-USD,Crypto,Cryptocurrency,https://1drv.ms/i/c/8705623eb284e7df/IQRB032Is1qmSqWe2uA2YrV2AVzGXU-EocnTDqBITRLSmRo?width=1140&height=760
02-02-2025,2868.692871,3161.894287,2755.474609,3118.611572,42060930305,102,Ethereum,ETH-USD,Crypto,Cryptocurrency,https://1drv.ms/i/c/8705623eb284e7df/IQRB032Is1qmSqWe2uA2YrV2AVzGXU-EocnTDqBITRLSmRo?width=1140&height=760
03-02-2025,2884.56665,2919.477295,2159.280518,2868.078613,92453553253,102,Ethereum,ETH-USD,Crypto,Cryptocurrency,https://1drv.ms/i/c/8705623eb284e7df/IQRB032Is1qmSqWe2uA2YrV2AVzGXU-EocnTDqBITRLSmRo?width=1140&height=760
04-02-2025,2735.05127,2888.25,2636.165771,2883.818359,48795275985,102,Ethereum,ETH-USD,Crypto,Cryptocurrency,https://1drv.ms/i/c/8705623eb284e7df/IQRB032Is1qmSqWe2uA2YrV2AVzGXU-EocnTDqBITRLSmRo?width=1140&height=760
05-02-2025,2787.779053,2824.400146,2701.10498,2735.22583,31960764447,102,Ethereum,ETH-USD,Crypto,Cryptocurrency,https://1drv.ms/i/c/8705623eb284e7df/IQRB032Is1qmSqWe2uA2YrV2AVzGXU-EocnTDqBITRLSmRo?width=1140&height=760
06-02-2025,2688.400879,2857.14209,2662.445801,2787.658691,29500645692,102,Ethereum,ETH-USD,Crypto,Cryptocurrency,https://1drv.ms/i/c/8705623eb284e7df/IQRB032Is1qmSqWe2uA2YrV2AVzGXU-EocnTDqBITRLSmRo?width=1140&height=760
07-02-2025,2622.211182,2798.028809,2564.968262,2688.897461,29526663418,102,Ethereum,ETH-USD,Crypto,Cryptocurrency,https://1drv.ms/i/c/8705623eb284e7df/IQRB032Is1qmSqWe2uA2YrV2AVzGXU-EocnTDqBITRLSmRo?width=1140&height=760
08-02-2025,2632.30835,2665.484619,2591.778564,2623.001953,17059263074,102,Ethereum,ETH-USD,Crypto,Cryptocurrency,https://1drv.ms/i/c/8705623eb284e7df/IQRB032Is1qmSqWe2uA2YrV2AVzGXU-EocnTDqBITRLSmRo?width=1140&height=760
09-02-2025,2628.721191,2695.222412,2530.435791,2632.578125,17517088276,102,Ethereum,ETH-USD,Crypto,Cryptocurrency,https://1drv.ms/i/c/8705623eb284e7df/IQRB032Is1qmSqWe2uA2YrV2AVzGXU-EocnTDqBITRLSmRo?width=1140&height=760
10-02-2025,2661.166748,2692.808594,2564.018555,2628.650146,19414208113,102,Ethereum,ETH-USD,Crypto,Cryptocurrency,https://1drv.ms/i/c/8705623eb284e7df/IQRB032Is1qmSqWe2uA2YrV2AVzGXU-EocnTDqBITRLSmRo?width=1140&height=760
11-02-2025,2602.781982,2724.902344,2565.397217,2661.315674,21156550492,102,Ethereum,ETH-USD,Crypto,Cryptocurrency,https://1drv.ms/i/c/8705623eb284e7df/IQRB032Is1qmSqWe2uA2YrV2AVzGXU-EocnTDqBITRLSmRo?width=1140&height=760
12-02-2025,2736.9021,2794.867432,2551.174561,2602.828125,26919387954,102,Ethereum,ETH-USD,Crypto,Cryptocurrency,https://1drv.ms/i/c/8705623eb284e7df/IQRB032Is1qmSqWe2uA2YrV2AVzGXU-EocnTDqBITRLSmRo?width=1140&height=760
13-02-2025,2675.902588,2756.443359,2615.667725,2737.028564,19481004625,102,Ethereum,ETH-USD,Crypto,Cryptocurrency,https://1drv.ms/i/c/8705623eb284e7df/IQRB032Is1qmSqWe2uA2YrV2AVzGXU-EocnTDqBITRLSmRo?width=1140&height=760
14-02-2025,2726.091553,2790.023682,2666.268066,2675.939453,17732289901,102,Ethereum,ETH-USD,Crypto,Cryptocurrency,https://1drv.ms/i/c/8705623eb284e7df/IQRB032Is1qmSqWe2uA2YrV2AVzGXU-EocnTDqBITRLSmRo?width=1140&height=760
15-02-2025,2693.559814,2738.681152,2668.531738,2726.074707,10803019357,102,Ethereum,ETH-USD,Crypto,Cryptocurrency,https://1drv.ms/i/c/8705623eb284e7df/IQRB032Is1qmSqWe2uA2YrV2AVzGXU-EocnTDqBITRLSmRo?width=1140&height=760
16-02-2025,2663.315918,2724.096436,2655.297607,2693.5625,10593602117,102,Ethereum,ETH-USD,Crypto,Cryptocurrency,https://1drv.ms/i/c/8705623eb284e7df/IQRB032Is1qmSqWe2uA2YrV2AVzGXU-EocnTDqBITRLSmRo?width=1140&height=760
17-02-2025,2743.199707,2848.78418,2640.182129,2663.229492,24170425078,102,Ethereum,ETH-USD,Crypto,Cryptocurrency,https://1drv.ms/i/c/8705623eb284e7df/IQRB032Is1qmSqWe2uA2YrV2AVzGXU-EocnTDqBITRLSmRo?width=1140&height=760
18-02-2025,2669.338867,2754.676758,2606.900391,2743.022949,23004152928,102,Ethereum,ETH-USD,Crypto,Cryptocurrency,https://1drv.ms/i/c/8705623eb284e7df/IQRB032Is1qmSqWe2uA2YrV2AVzGXU-EocnTDqBITRLSmRo?width=1140&height=760
19-02-2025,2715.770996,2735.917725,2656.375732,2669.213379,15272401903,102,Ethereum,ETH-USD,Crypto,Cryptocurrency,https://1drv.ms/i/c/8705623eb284e7df/IQRB032Is1qmSqWe2uA2YrV2AVzGXU-EocnTDqBITRLSmRo?width=1140&height=760
20-02-2025,2740.386475,2770.030518,2708.216064,2715.682617,15917259320,102,Ethereum,ETH-USD,Crypto,Cryptocurrency,https://1drv.ms/i/c/8705623eb284e7df/IQRB032Is1qmSqWe2uA2YrV2AVzGXU-EocnTDqBITRLSmRo?width=1140&height=760
21-02-2025,2659.655518,2842.827148,2616.919434,2740.022217,31441524621,102,Ethereum,ETH-USD,Crypto,Cryptocurrency,https://1drv.ms/i/c/8705623eb284e7df/IQRB032Is1qmSqWe2uA2YrV2AVzGXU-EocnTDqBITRLSmRo?width=1140&height=760
22-02-2025,2764.029297,2797.057861,2653.867432,2660.035889,16403164397,102,Ethereum,ETH-USD,Crypto,Cryptocurrency,https://1drv.ms/i/c/8705623eb284e7df/IQRB032Is1qmSqWe2uA2YrV2AVzGXU-EocnTDqBITRLSmRo?width=1140&height=760
23-02-2025,2821.310303,2850.610352,2746.773682,2764.031006,20493767269,102,Ethereum,ETH-USD,Crypto,Cryptocurrency,https://1drv.ms/i/c/8705623eb284e7df/IQRB032Is1qmSqWe2uA2YrV2AVzGXU-EocnTDqBITRLSmRo?width=1140&height=760
24-02-2025,2513.821289,2839.01001,2478.899414,2820.456299,29127380459,102,Ethereum,ETH-USD,Crypto,Cryptocurrency,https://1drv.ms/i/c/8705623eb284e7df/IQRB032Is1qmSqWe2uA2YrV2AVzGXU-EocnTDqBITRLSmRo?width=1140&height=760
25-02-2025,2493.592529,2529.669189,2326.63208,2514.210938,40044790246,102,Ethereum,ETH-USD,Crypto,Cryptocurrency,https://1drv.ms/i/c/8705623eb284e7df/IQRB032Is1qmSqWe2uA2YrV2AVzGXU-EocnTDqBITRLSmRo?width=1140&height=760
26-02-2025,2331.452637,2503.422119,2255.054932,2493.381592,28815111323,102,Ethereum,ETH-USD,Crypto,Cryptocurrency,https://1drv.ms/i/c/8705623eb284e7df/IQRB032Is1qmSqWe2uA2YrV2AVzGXU-EocnTDqBITRLSmRo?width=1140&height=760
27-02-2025,2305.484375,2378.087402,2230.448242,2331.510254,24286213447,102,Ethereum,ETH-USD,Crypto,Cryptocurrency,https://1drv.ms/i/c/8705623eb284e7df/IQRB032Is1qmSqWe2uA2YrV2AVzGXU-EocnTDqBITRLSmRo?width=1140&height=760
28-02-2025,2237.905273,2310.949219,2076.169922,2305.560059,35737904667,102,Ethereum,ETH-USD,Crypto,Cryptocurrency,https://1drv.ms/i/c/8705623eb284e7df/IQRB032Is1qmSqWe2uA2YrV2AVzGXU-EocnTDqBITRLSmRo?width=1140&height=760
01-03-2025,2216.643311,2279.873047,2144.090088,2237.942139,16135258239,102,Ethereum,ETH-USD,Crypto,Cryptocurrency,https://1drv.ms/i/c/8705623eb284e7df/IQRB032Is1qmSqWe2uA2YrV2AVzGXU-EocnTDqBITRLSmRo?width=1140&height=760
02-03-2025,2519.69458,2548.811768,2175.321533,2216.521729,34854193845,102,Ethereum,ETH-USD,Crypto,Cryptocurrency,https://1drv.ms/i/c/8705623eb284e7df/IQRB032Is1qmSqWe2uA2YrV2AVzGXU-EocnTDqBITRLSmRo?width=1140&height=760
03-03-2025,2145.573975,2522.31665,2097.076172,2519.531006,31473561910,102,Ethereum,ETH-USD,Crypto,Cryptocurrency,https://1drv.ms/i/c/8705623eb284e7df/IQRB032Is1qmSqWe2uA2YrV2AVzGXU-EocnTDqBITRLSmRo?width=1140&height=760
04-03-2025,2170.015137,2220.358643,1996.767578,2145.652832,33935738380,102,Ethereum,ETH-USD,Crypto,Cryptocurrency,https://1drv.ms/i/c/8705623eb284e7df/IQRB032Is1qmSqWe2uA2YrV2AVzGXU-EocnTDqBITRLSmRo?width=1140&height=760
05-03-2025,2241.977295,2272.797363,2156.099365,2169.986816,22105432727,102,Ethereum,ETH-USD,Crypto,Cryptocurrency,https://1drv.ms/i/c/8705623eb284e7df/IQRB032Is1qmSqWe2uA2YrV2AVzGXU-EocnTDqBITRLSmRo?width=1140&height=760
06-03-2025,2202.476807,2319.39624,2177.677002,2241.906494,18509069102,102,Ethereum,ETH-USD,Crypto,Cryptocurrency,https://1drv.ms/i/c/8705623eb284e7df/IQRB032Is1qmSqWe2uA2YrV2AVzGXU-EocnTDqBITRLSmRo?width=1140&height=760
07-03-2025,2138.987549,2254.232422,2103.472656,2202.498291,22425792863,102,Ethereum,ETH-USD,Crypto,Cryptocurrency,https://1drv.ms/i/c/8705623eb284e7df/IQRB032Is1qmSqWe2uA2YrV2AVzGXU-EocnTDqBITRLSmRo?width=1140&height=760
08-03-2025,2201.510254,2232.327148,2107.728027,2139.797852,10533204814,102,Ethereum,ETH-USD,Crypto,Cryptocurrency,https://1drv.ms/i/c/8705623eb284e7df/IQRB032Is1qmSqWe2uA2YrV2AVzGXU-EocnTDqBITRLSmRo?width=1140&height=760
09-03-2025,2015.509155,2210.313721,1991.193481,2201.70874,16103964994,102,Ethereum,ETH-USD,Crypto,Cryptocurrency,https://1drv.ms/i/c/8705623eb284e7df/IQRB032Is1qmSqWe2uA2YrV2AVzGXU-EocnTDqBITRLSmRo?width=1140&height=760
10-03-2025,1861.151367,2150.706299,1812.766846,2015.43042,35005066442,102,Ethereum,ETH-USD,Crypto,Cryptocurrency,https://1drv.ms/i/c/8705623eb284e7df/IQRB032Is1qmSqWe2uA2YrV2AVzGXU-EocnTDqBITRLSmRo?width=1140&height=760
11-03-2025,1919.844971,1961.797729,1760.941772,1859.77771,30898385863,102,Ethereum,ETH-USD,Crypto,Cryptocurrency,https://1drv.ms/i/c/8705623eb284e7df/IQRB032Is1qmSqWe2uA2YrV2AVzGXU-EocnTDqBITRLSmRo?width=1140&height=760
12-03-2025,1908.982666,1954.571167,1832.019043,1919.664795,22898872951,102,Ethereum,ETH-USD,Crypto,Cryptocurrency,https://1drv.ms/i/c/8705623eb284e7df/IQRB032Is1qmSqWe2uA2YrV2AVzGXU-EocnTDqBITRLSmRo?width=1140&height=760
13-03-2025,1862.969604,1919.688232,1823.525391,1909.015381,17977225564,102,Ethereum,ETH-USD,Crypto,Cryptocurrency,https://1drv.ms/i/c/8705623eb284e7df/IQRB032Is1qmSqWe2uA2YrV2AVzGXU-EocnTDqBITRLSmRo?width=1140&height=760
14-03-2025,1909.467529,1945.091431,1861.105957,1862.997925,12122715282,102,Ethereum,ETH-USD,Crypto,Cryptocurrency,https://1drv.ms/i/c/8705623eb284e7df/IQRB032Is1qmSqWe2uA2YrV2AVzGXU-EocnTDqBITRLSmRo?width=1140&height=760
15-03-2025,1937.394653,1955.238403,1904.965698,1909.528076,6456484591,102,Ethereum,ETH-USD,Crypto,Cryptocurrency,https://1drv.ms/i/c/8705623eb284e7df/IQRB032Is1qmSqWe2uA2YrV2AVzGXU-EocnTDqBITRLSmRo?width=1140&height=760
16-03-2025,1887.435059,1940.474365,1863.489014,1937.384766,9292997638,102,Ethereum,ETH-USD,Crypto,Cryptocurrency,https://1drv.ms/i/c/8705623eb284e7df/IQRB032Is1qmSqWe2uA2YrV2AVzGXU-EocnTDqBITRLSmRo?width=1140&height=760
17-03-2025,1927.00293,1951.625977,1880.484375,1887.449219,10436892087,102,Ethereum,ETH-USD,Crypto,Cryptocurrency,https://1drv.ms/i/c/8705623eb284e7df/IQRB032Is1qmSqWe2uA2YrV2AVzGXU-EocnTDqBITRLSmRo?width=1140&height=760
18-03-2025,1932.543457,1935.182007,1872.508911,1927.005737,10170844746,102,Ethereum,ETH-USD,Crypto,Cryptocurrency,https://1drv.ms/i/c/8705623eb284e7df/IQRB032Is1qmSqWe2uA2YrV2AVzGXU-EocnTDqBITRLSmRo?width=1140&height=760
19-03-2025,2057.749023,2068.764404,1928.249512,1932.544556,20065206266,102,Ethereum,ETH-USD,Crypto,Cryptocurrency,https://1drv.ms/i/c/8705623eb284e7df/IQRB032Is1qmSqWe2uA2YrV2AVzGXU-EocnTDqBITRLSmRo?width=1140&height=760
20-03-2025,1982.099854,2067.483643,1952.243286,2057.951172,13217865782,102,Ethereum,ETH-USD,Crypto,Cryptocurrency,https://1drv.ms/i/c/8705623eb284e7df/IQRB032Is1qmSqWe2uA2YrV2AVzGXU-EocnTDqBITRLSmRo?width=1140&height=760
21-03-2025,1964.847534,1994.891479,1937.211548,1981.853027,9708125480,102,Ethereum,ETH-USD,Crypto,Cryptocurrency,https://1drv.ms/i/c/8705623eb284e7df/IQRB032Is1qmSqWe2uA2YrV2AVzGXU-EocnTDqBITRLSmRo?width=1140&height=760
22-03-2025,1980.037842,2005.041138,1964.270996,1964.94043,6117036512,102,Ethereum,ETH-USD,Crypto,Cryptocurrency,https://1drv.ms/i/c/8705623eb284e7df/IQRB032Is1qmSqWe2uA2YrV2AVzGXU-EocnTDqBITRLSmRo?width=1140&height=760
23-03-2025,2005.299194,2019.889404,1977.709351,1979.983643,7522339707,102,Ethereum,ETH-USD,Crypto,Cryptocurrency,https://1drv.ms/i/c/8705623eb284e7df/IQRB032Is1qmSqWe2uA2YrV2AVzGXU-EocnTDqBITRLSmRo?width=1140&height=760
24-03-2025,2077.479004,2101.983398,1978.763794,2005.718384,14044912402,102,Ethereum,ETH-USD,Crypto,Cryptocurrency,https://1drv.ms/i/c/8705623eb284e7df/IQRB032Is1qmSqWe2uA2YrV2AVzGXU-EocnTDqBITRLSmRo?width=1140&height=760
25-03-2025,2067.76416,2096.518311,2038.644531,2078.568115,11735658914,102,Ethereum,ETH-USD,Crypto,Cryptocurrency,https://1drv.ms/i/c/8705623eb284e7df/IQRB032Is1qmSqWe2uA2YrV2AVzGXU-EocnTDqBITRLSmRo?width=1140&height=760
26-03-2025,2009.189331,2078.369141,1982.412354,2067.508789,13178523590,102,Ethereum,ETH-USD,Crypto,Cryptocurrency,https://1drv.ms/i/c/8705623eb284e7df/IQRB032Is1qmSqWe2uA2YrV2AVzGXU-EocnTDqBITRLSmRo?width=1140&height=760
27-03-2025,2002.357422,2037.396118,1987.717773,2008.940552,11593274543,102,Ethereum,ETH-USD,Crypto,Cryptocurrency,https://1drv.ms/i/c/8705623eb284e7df/IQRB032Is1qmSqWe2uA2YrV2AVzGXU-EocnTDqBITRLSmRo?width=1140&height=760
28-03-2025,1895.50293,2015.454346,1863.01062,2002.410522,18160526498,102,Ethereum,ETH-USD,Crypto,Cryptocurrency,https://1drv.ms/i/c/8705623eb284e7df/IQRB032Is1qmSqWe2uA2YrV2AVzGXU-EocnTDqBITRLSmRo?width=1140&height=760
29-03-2025,1827.320313,1911.900879,1799.200806,1895.549683,12194771785,102,Ethereum,ETH-USD,Crypto,Cryptocurrency,https://1drv.ms/i/c/8705623eb284e7df/IQRB032Is1qmSqWe2uA2YrV2AVzGXU-EocnTDqBITRLSmRo?width=1140&height=760
30-03-2025,1806.218628,1847.570557,1769.41272,1827.311035,9854857162,102,Ethereum,ETH-USD,Crypto,Cryptocurrency,https://1drv.ms/i/c/8705623eb284e7df/IQRB032Is1qmSqWe2uA2YrV2AVzGXU-EocnTDqBITRLSmRo?width=1140&height=760
31-03-2025,1823.47998,1852.551392,1778.692261,1806.316528,15765030938,102,Ethereum,ETH-USD,Crypto,Cryptocurrency,https://1drv.ms/i/c/8705623eb284e7df/IQRB032Is1qmSqWe2uA2YrV2AVzGXU-EocnTDqBITRLSmRo?width=1140&height=760
01-04-2025,1905.491455,1926.302979,1820.350342,1823.562378,15001220420,102,Ethereum,ETH-USD,Crypto,Cryptocurrency,https://1drv.ms/i/c/8705623eb284e7df/IQRB032Is1qmSqWe2uA2YrV2AVzGXU-EocnTDqBITRLSmRo?width=1140&height=760
02-04-2025,1795.313232,1951.180298,1782.760254,1905.484619,22593742104,102,Ethereum,ETH-USD,Crypto,Cryptocurrency,https://1drv.ms/i/c/8705623eb284e7df/IQRB032Is1qmSqWe2uA2YrV2AVzGXU-EocnTDqBITRLSmRo?width=1140&height=760
03-04-2025,1815.637207,1844.071045,1751.380859,1794.976074,16450974373,102,Ethereum,ETH-USD,Crypto,Cryptocurrency,https://1drv.ms/i/c/8705623eb284e7df/IQRB032Is1qmSqWe2uA2YrV2AVzGXU-EocnTDqBITRLSmRo?width=1140&height=760
04-04-2025,1815.335205,1833.956787,1760.588623,1815.609863,18061720814,102,Ethereum,ETH-USD,Crypto,Cryptocurrency,https://1drv.ms/i/c/8705623eb284e7df/IQRB032Is1qmSqWe2uA2YrV2AVzGXU-EocnTDqBITRLSmRo?width=1140&height=760
05-04-2025,1805.973267,1826.298584,1767.51355,1815.344971,6374712479,102,Ethereum,ETH-USD,Crypto,Cryptocurrency,https://1drv.ms/i/c/8705623eb284e7df/IQRB032Is1qmSqWe2uA2YrV2AVzGXU-EocnTDqBITRLSmRo?width=1140&height=760
06-04-2025,1576.728027,1815.574829,1539.437988,1805.963013,22154445576,102,Ethereum,ETH-USD,Crypto,Cryptocurrency,https://1drv.ms/i/c/8705623eb284e7df/IQRB032Is1qmSqWe2uA2YrV2AVzGXU-EocnTDqBITRLSmRo?width=1140&height=760
07-04-2025,1555.240967,1634.041138,1415.373535,1576.949829,46073959047,102,Ethereum,ETH-USD,Crypto,Cryptocurrency,https://1drv.ms/i/c/8705623eb284e7df/IQRB032Is1qmSqWe2uA2YrV2AVzGXU-EocnTDqBITRLSmRo?width=1140&height=760
08-04-2025,1472.553101,1617.339844,1447.610107,1554.932129,21315312919,102,Ethereum,ETH-USD,Crypto,Cryptocurrency,https://1drv.ms/i/c/8705623eb284e7df/IQRB032Is1qmSqWe2uA2YrV2AVzGXU-EocnTDqBITRLSmRo?width=1140&height=760
09-04-2025,1668.040039,1687.187988,1386.799316,1472.60144,39252195855,102,Ethereum,ETH-USD,Crypto,Cryptocurrency,https://1drv.ms/i/c/8705623eb284e7df/IQRB032Is1qmSqWe2uA2YrV2AVzGXU-EocnTDqBITRLSmRo?width=1140&height=760
10-04-2025,1522.518799,1669.394165,1474.914185,1668.201782,21379604307,102,Ethereum,ETH-USD,Crypto,Cryptocurrency,https://1drv.ms/i/c/8705623eb284e7df/IQRB032Is1qmSqWe2uA2YrV2AVzGXU-EocnTDqBITRLSmRo?width=1140&height=760
11-04-2025,1567.14978,1587.538574,1505.001953,1522.473022,14871838813,102,Ethereum,ETH-USD,Crypto,Cryptocurrency,https://1drv.ms/i/c/8705623eb284e7df/IQRB032Is1qmSqWe2uA2YrV2AVzGXU-EocnTDqBITRLSmRo?width=1140&height=760
12-04-2025,1643.528564,1666.017578,1546.81958,1567.155762,12110995013,102,Ethereum,ETH-USD,Crypto,Cryptocurrency,https://1drv.ms/i/c/8705623eb284e7df/IQRB032Is1qmSqWe2uA2YrV2AVzGXU-EocnTDqBITRLSmRo?width=1140&height=760
13-04-2025,1596.685791,1648.286743,1564.838867,1643.501099,13909890792,102,Ethereum,ETH-USD,Crypto,Cryptocurrency,https://1drv.ms/i/c/8705623eb284e7df/IQRB032Is1qmSqWe2uA2YrV2AVzGXU-EocnTDqBITRLSmRo?width=1140&height=760
14-04-2025,1622.769897,1689.857544,1596.086548,1596.881836,16518325094,102,Ethereum,ETH-USD,Crypto,Cryptocurrency,https://1drv.ms/i/c/8705623eb284e7df/IQRB032Is1qmSqWe2uA2YrV2AVzGXU-EocnTDqBITRLSmRo?width=1140&height=760
15-04-2025,1588.632446,1659.836182,1585.229126,1622.771851,13175452875,102,Ethereum,ETH-USD,Crypto,Cryptocurrency,https://1drv.ms/i/c/8705623eb284e7df/IQRB032Is1qmSqWe2uA2YrV2AVzGXU-EocnTDqBITRLSmRo?width=1140&height=760
16-04-2025,1578.105347,1610.782104,1540.033813,1589.031006,15339621551,102,Ethereum,ETH-USD,Crypto,Cryptocurrency,https://1drv.ms/i/c/8705623eb284e7df/IQRB032Is1qmSqWe2uA2YrV2AVzGXU-EocnTDqBITRLSmRo?width=1140&height=760
17-04-2025,1582.54834,1615.306885,1564.195679,1578.01416,11312160796,102,Ethereum,ETH-USD,Crypto,Cryptocurrency,https://1drv.ms/i/c/8705623eb284e7df/IQRB032Is1qmSqWe2uA2YrV2AVzGXU-EocnTDqBITRLSmRo?width=1140&height=760
18-04-2025,1588.924683,1599.41687,1573.903931,1582.397217,7123507323,102,Ethereum,ETH-USD,Crypto,Cryptocurrency,https://1drv.ms/i/c/8705623eb284e7df/IQRB032Is1qmSqWe2uA2YrV2AVzGXU-EocnTDqBITRLSmRo?width=1140&height=760
19-04-2025,1612.922852,1629.051514,1585.473022,1588.969727,7168138700,102,Ethereum,ETH-USD,Crypto,Cryptocurrency,https://1drv.ms/i/c/8705623eb284e7df/IQRB032Is1qmSqWe2uA2YrV2AVzGXU-EocnTDqBITRLSmRo?width=1140&height=760
20-04-2025,1587.514282,1618.436768,1566.691528,1612.966064,7642784469,102,Ethereum,ETH-USD,Crypto,Cryptocurrency,https://1drv.ms/i/c/8705623eb284e7df/IQRB032Is1qmSqWe2uA2YrV2AVzGXU-EocnTDqBITRLSmRo?width=1140&height=760
21-04-2025,1579.734497,1656.119629,1566.147461,1587.460938,15403785611,102,Ethereum,ETH-USD,Crypto,Cryptocurrency,https://1drv.ms/i/c/8705623eb284e7df/IQRB032Is1qmSqWe2uA2YrV2AVzGXU-EocnTDqBITRLSmRo?width=1140&height=760
22-04-2025,1757.331665,1773.63916,1542.000366,1579.815186,23747917555,102,Ethereum,ETH-USD,Crypto,Cryptocurrency,https://1drv.ms/i/c/8705623eb284e7df/IQRB032Is1qmSqWe2uA2YrV2AVzGXU-EocnTDqBITRLSmRo?width=1140&height=760
23-04-2025,1796.104248,1829.709961,1746.924072,1757.196533,22904644756,102,Ethereum,ETH-USD,Crypto,Cryptocurrency,https://1drv.ms/i/c/8705623eb284e7df/IQRB032Is1qmSqWe2uA2YrV2AVzGXU-EocnTDqBITRLSmRo?width=1140&height=760
24-04-2025,1769.831665,1801.691406,1724.740723,1795.979492,15207402759,102,Ethereum,ETH-USD,Crypto,Cryptocurrency,https://1drv.ms/i/c/8705623eb284e7df/IQRB032Is1qmSqWe2uA2YrV2AVzGXU-EocnTDqBITRLSmRo?width=1140&height=760
25-04-2025,1786.634521,1826.696045,1740.331909,1770.003662,17459399281,102,Ethereum,ETH-USD,Crypto,Cryptocurrency,https://1drv.ms/i/c/8705623eb284e7df/IQRB032Is1qmSqWe2uA2YrV2AVzGXU-EocnTDqBITRLSmRo?width=1140&height=760
26-04-2025,1821.881104,1839.363037,1781.473877,1786.532959,11926379867,102,Ethereum,ETH-USD,Crypto,Cryptocurrency,https://1drv.ms/i/c/8705623eb284e7df/IQRB032Is1qmSqWe2uA2YrV2AVzGXU-EocnTDqBITRLSmRo?width=1140&height=760
27-04-2025,1792.86499,1856.443848,1785.9021,1822.175537,11321944113,102,Ethereum,ETH-USD,Crypto,Cryptocurrency,https://1drv.ms/i/c/8705623eb284e7df/IQRB032Is1qmSqWe2uA2YrV2AVzGXU-EocnTDqBITRLSmRo?width=1140&height=760
28-04-2025,1798.851807,1827.4823,1747.726807,1792.446167,17043640437,102,Ethereum,ETH-USD,Crypto,Cryptocurrency,https://1drv.ms/i/c/8705623eb284e7df/IQRB032Is1qmSqWe2uA2YrV2AVzGXU-EocnTDqBITRLSmRo?width=1140&height=760
29-04-2025,1799.175659,1842.033081,1782.28125,1798.912231,14734257744,102,Ethereum,ETH-USD,Crypto,Cryptocurrency,https://1drv.ms/i/c/8705623eb284e7df/IQRB032Is1qmSqWe2uA2YrV2AVzGXU-EocnTDqBITRLSmRo?width=1140&height=760
30-04-2025,1793.775391,1816.689941,1736.142944,1799.209106,14810431362,102,Ethereum,ETH-USD,Crypto,Cryptocurrency,https://1drv.ms/i/c/8705623eb284e7df/IQRB032Is1qmSqWe2uA2YrV2AVzGXU-EocnTDqBITRLSmRo?width=1140&height=760
01-05-2025,1839.221558,1872.939575,1793.151123,1794.041016,15861442721,102,Ethereum,ETH-USD,Crypto,Cryptocurrency,https://1drv.ms/i/c/8705623eb284e7df/IQRB032Is1qmSqWe2uA2YrV2AVzGXU-EocnTDqBITRLSmRo?width=1140&height=760
02-05-2025,1842.707886,1869.530029,1814.730469,1839.174805,13570171872,102,Ethereum,ETH-USD,Crypto,Cryptocurrency,https://1drv.ms/i/c/8705623eb284e7df/IQRB032Is1qmSqWe2uA2YrV2AVzGXU-EocnTDqBITRLSmRo?width=1140&height=760
03-05-2025,1833.839722,1848.246826,1812.815674,1842.71814,8344452620,102,Ethereum,ETH-USD,Crypto,Cryptocurrency,https://1drv.ms/i/c/8705623eb284e7df/IQRB032Is1qmSqWe2uA2YrV2AVzGXU-EocnTDqBITRLSmRo?width=1140&height=760
04-05-2025,1808.594238,1849.998535,1804.495117,1833.647217,8918979887,102,Ethereum,ETH-USD,Crypto,Cryptocurrency,https://1drv.ms/i/c/8705623eb284e7df/IQRB032Is1qmSqWe2uA2YrV2AVzGXU-EocnTDqBITRLSmRo?width=1140&height=760
05-05-2025,1819.69751,1832.050781,1783.314819,1808.704956,11389336489,102,Ethereum,ETH-USD,Crypto,Cryptocurrency,https://1drv.ms/i/c/8705623eb284e7df/IQRB032Is1qmSqWe2uA2YrV2AVzGXU-EocnTDqBITRLSmRo?width=1140&height=760
06-05-2025,1815.087524,1820.796631,1753.31543,1819.734009,13206516310,102,Ethereum,ETH-USD,Crypto,Cryptocurrency,https://1drv.ms/i/c/8705623eb284e7df/IQRB032Is1qmSqWe2uA2YrV2AVzGXU-EocnTDqBITRLSmRo?width=1140&height=760
07-05-2025,1811.606689,1849.658447,1788.687378,1815.018921,50540755039,102,Ethereum,ETH-USD,Crypto,Cryptocurrency,https://1drv.ms/i/c/8705623eb284e7df/IQRB032Is1qmSqWe2uA2YrV2AVzGXU-EocnTDqBITRLSmRo?width=1140&height=760
08-05-2025,2206.514648,2222.205566,1809.456909,1811.546387,37777245241,102,Ethereum,ETH-USD,Crypto,Cryptocurrency,https://1drv.ms/i/c/8705623eb284e7df/IQRB032Is1qmSqWe2uA2YrV2AVzGXU-EocnTDqBITRLSmRo?width=1140&height=760
09-05-2025,2345.507324,2486.006836,2186.054443,2206.128174,43766026875,102,Ethereum,ETH-USD,Crypto,Cryptocurrency,https://1drv.ms/i/c/8705623eb284e7df/IQRB032Is1qmSqWe2uA2YrV2AVzGXU-EocnTDqBITRLSmRo?width=1140&height=760
10-05-2025,2582.422607,2597.543457,2320.235107,2345.760498,30265913403,102,Ethereum,ETH-USD,Crypto,Cryptocurrency,https://1drv.ms/i/c/8705623eb284e7df/IQRB032Is1qmSqWe2uA2YrV2AVzGXU-EocnTDqBITRLSmRo?width=1140&height=760
11-05-2025,2510.237793,2603.264404,2441.730713,2582.710449,26496368543,102,Ethereum,ETH-USD,Crypto,Cryptocurrency,https://1drv.ms/i/c/8705623eb284e7df/IQRB032Is1qmSqWe2uA2YrV2AVzGXU-EocnTDqBITRLSmRo?width=1140&height=760
12-05-2025,2496.397705,2620.897217,2411.594482,2510.289307,32121858921,102,Ethereum,ETH-USD,Crypto,Cryptocurrency,https://1drv.ms/i/c/8705623eb284e7df/IQRB032Is1qmSqWe2uA2YrV2AVzGXU-EocnTDqBITRLSmRo?width=1140&height=760
13-05-2025,2680.129639,2736.890137,2418.325684,2496.337402,33528741590,102,Ethereum,ETH-USD,Crypto,Cryptocurrency,https://1drv.ms/i/c/8705623eb284e7df/IQRB032Is1qmSqWe2uA2YrV2AVzGXU-EocnTDqBITRLSmRo?width=1140&height=760
14-05-2025,2610.063232,2721.949951,2549.685059,2680.262207,26602676588,102,Ethereum,ETH-USD,Crypto,Cryptocurrency,https://1drv.ms/i/c/8705623eb284e7df/IQRB032Is1qmSqWe2uA2YrV2AVzGXU-EocnTDqBITRLSmRo?width=1140&height=760
15-05-2025,2546.856934,2645.074219,2482.212891,2610.027832,26637688883,102,Ethereum,ETH-USD,Crypto,Cryptocurrency,https://1drv.ms/i/c/8705623eb284e7df/IQRB032Is1qmSqWe2uA2YrV2AVzGXU-EocnTDqBITRLSmRo?width=1140&height=760
16-05-2025,2536.297607,2645.60791,2532.0271,2547.05835,21298907763,102,Ethereum,ETH-USD,Crypto,Cryptocurrency,https://1drv.ms/i/c/8705623eb284e7df/IQRB032Is1qmSqWe2uA2YrV2AVzGXU-EocnTDqBITRLSmRo?width=1140&height=760
17-05-2025,2475.754395,2537.781738,2449.069336,2536.297607,18830706230,102,Ethereum,ETH-USD,Crypto,Cryptocurrency,https://1drv.ms/i/c/8705623eb284e7df/IQRB032Is1qmSqWe2uA2YrV2AVzGXU-EocnTDqBITRLSmRo?width=1140&height=760
18-05-2025,2498.233643,2585.697021,2344.668213,2475.769531,25005164865,102,Ethereum,ETH-USD,Crypto,Cryptocurrency,https://1drv.ms/i/c/8705623eb284e7df/IQRB032Is1qmSqWe2uA2YrV2AVzGXU-EocnTDqBITRLSmRo?width=1140&height=760
19-05-2025,2529.166748,2545.461182,2353.427002,2498.800049,27351331811,102,Ethereum,ETH-USD,Crypto,Cryptocurrency,https://1drv.ms/i/c/8705623eb284e7df/IQRB032Is1qmSqWe2uA2YrV2AVzGXU-EocnTDqBITRLSmRo?width=1140&height=760
20-05-2025,2524.173096,2585.619873,2446.446777,2529.13501,23453322578,102,Ethereum,ETH-USD,Crypto,Cryptocurrency,https://1drv.ms/i/c/8705623eb284e7df/IQRB032Is1qmSqWe2uA2YrV2AVzGXU-EocnTDqBITRLSmRo?width=1140&height=760
21-05-2025,2552.347168,2614.060791,2454.537842,2524.15918,31952904125,102,Ethereum,ETH-USD,Crypto,Cryptocurrency,https://1drv.ms/i/c/8705623eb284e7df/IQRB032Is1qmSqWe2uA2YrV2AVzGXU-EocnTDqBITRLSmRo?width=1140&height=760
22-05-2025,2664.156982,2691.102295,2546.434814,2552.766846,26596978352,102,Ethereum,ETH-USD,Crypto,Cryptocurrency,https://1drv.ms/i/c/8705623eb284e7df/IQRB032Is1qmSqWe2uA2YrV2AVzGXU-EocnTDqBITRLSmRo?width=1140&height=760
23-05-2025,2526.441895,2731.220703,2504.873535,2664.082031,30536501878,102,Ethereum,ETH-USD,Crypto,Cryptocurrency,https://1drv.ms/i/c/8705623eb284e7df/IQRB032Is1qmSqWe2uA2YrV2AVzGXU-EocnTDqBITRLSmRo?width=1140&height=760
24-05-2025,2530.64624,2575.131348,2516.018066,2526.387939,11380899856,102,Ethereum,ETH-USD,Crypto,Cryptocurrency,https://1drv.ms/i/c/8705623eb284e7df/IQRB032Is1qmSqWe2uA2YrV2AVzGXU-EocnTDqBITRLSmRo?width=1140&height=760
25-05-2025,2551.763916,2553.869141,2467.880127,2530.890137,14556431364,102,Ethereum,ETH-USD,Crypto,Cryptocurrency,https://1drv.ms/i/c/8705623eb284e7df/IQRB032Is1qmSqWe2uA2YrV2AVzGXU-EocnTDqBITRLSmRo?width=1140&height=760
26-05-2025,2564.138428,2598.56665,2530.321533,2551.380859,14936610009,102,Ethereum,ETH-USD,Crypto,Cryptocurrency,https://1drv.ms/i/c/8705623eb284e7df/IQRB032Is1qmSqWe2uA2YrV2AVzGXU-EocnTDqBITRLSmRo?width=1140&height=760
27-05-2025,2663.069824,2712.285156,2512.588623,2564.140869,26264200536,102,Ethereum,ETH-USD,Crypto,Cryptocurrency,https://1drv.ms/i/c/8705623eb284e7df/IQRB032Is1qmSqWe2uA2YrV2AVzGXU-EocnTDqBITRLSmRo?width=1140&height=760
28-05-2025,2682.212891,2688.742188,2611.160889,2663.010254,19087366068,102,Ethereum,ETH-USD,Crypto,Cryptocurrency,https://1drv.ms/i/c/8705623eb284e7df/IQRB032Is1qmSqWe2uA2YrV2AVzGXU-EocnTDqBITRLSmRo?width=1140&height=760
29-05-2025,2632.654785,2784.752441,2620.982666,2681.843262,27567479811,102,Ethereum,ETH-USD,Crypto,Cryptocurrency,https://1drv.ms/i/c/8705623eb284e7df/IQRB032Is1qmSqWe2uA2YrV2AVzGXU-EocnTDqBITRLSmRo?width=1140&height=760
30-05-2025,2529.943604,2648.260742,2510.163818,2632.835938,24599403943,102,Ethereum,ETH-USD,Crypto,Cryptocurrency,https://1drv.ms/i/c/8705623eb284e7df/IQRB032Is1qmSqWe2uA2YrV2AVzGXU-EocnTDqBITRLSmRo?width=1140&height=760
31-05-2025,2529.087402,2550.483643,2484.215576,2529.833984,13992843765,102,Ethereum,ETH-USD,Crypto,Cryptocurrency,https://1drv.ms/i/c/8705623eb284e7df/IQRB032Is1qmSqWe2uA2YrV2AVzGXU-EocnTDqBITRLSmRo?width=1140&height=760
01-06-2025,2536.266357,2547.772949,2472.540771,2529.09668,13287852482,102,Ethereum,ETH-USD,Crypto,Cryptocurrency,https://1drv.ms/i/c/8705623eb284e7df/IQRB032Is1qmSqWe2uA2YrV2AVzGXU-EocnTDqBITRLSmRo?width=1140&height=760
02-06-2025,2607.097412,2615.515625,2477.292725,2536.184814,16744168824,102,Ethereum,ETH-USD,Crypto,Cryptocurrency,https://1drv.ms/i/c/8705623eb284e7df/IQRB032Is1qmSqWe2uA2YrV2AVzGXU-EocnTDqBITRLSmRo?width=1140&height=760
03-06-2025,2593.280273,2652.418701,2582.250488,2607.19751,18291179016,102,Ethereum,ETH-USD,Crypto,Cryptocurrency,https://1drv.ms/i/c/8705623eb284e7df/IQRB032Is1qmSqWe2uA2YrV2AVzGXU-EocnTDqBITRLSmRo?width=1140&height=760
04-06-2025,2608.643066,2677.970459,2585.737793,2593.482666,18621211035,102,Ethereum,ETH-USD,Crypto,Cryptocurrency,https://1drv.ms/i/c/8705623eb284e7df/IQRB032Is1qmSqWe2uA2YrV2AVzGXU-EocnTDqBITRLSmRo?width=1140&height=760
05-06-2025,2416.285645,2640.604004,2395.753662,2608.607178,26194462737,102,Ethereum,ETH-USD,Crypto,Cryptocurrency,https://1drv.ms/i/c/8705623eb284e7df/IQRB032Is1qmSqWe2uA2YrV2AVzGXU-EocnTDqBITRLSmRo?width=1140&height=760
06-06-2025,2477.194824,2530.391846,2387.608643,2416.455078,19407449565,102,Ethereum,ETH-USD,Crypto,Cryptocurrency,https://1drv.ms/i/c/8705623eb284e7df/IQRB032Is1qmSqWe2uA2YrV2AVzGXU-EocnTDqBITRLSmRo?width=1140&height=760
07-06-2025,2526.505371,2543.048828,2459.137207,2477.18335,11664303387,102,Ethereum,ETH-USD,Crypto,Cryptocurrency,https://1drv.ms/i/c/8705623eb284e7df/IQRB032Is1qmSqWe2uA2YrV2AVzGXU-EocnTDqBITRLSmRo?width=1140&height=760
08-06-2025,2510.787109,2547.467041,2493.920166,2526.193359,12097170203,102,Ethereum,ETH-USD,Crypto,Cryptocurrency,https://1drv.ms/i/c/8705623eb284e7df/IQRB032Is1qmSqWe2uA2YrV2AVzGXU-EocnTDqBITRLSmRo?width=1140&height=760
09-06-2025,2681.51709,2693.806641,2479.86792,2510.838135,20605172560,102,Ethereum,ETH-USD,Crypto,Cryptocurrency,https://1drv.ms/i/c/8705623eb284e7df/IQRB032Is1qmSqWe2uA2YrV2AVzGXU-EocnTDqBITRLSmRo?width=1140&height=760
10-06-2025,2813.517578,2824.808105,2658.677246,2681.2854,35555755055,102,Ethereum,ETH-USD,Crypto,Cryptocurrency,https://1drv.ms/i/c/8705623eb284e7df/IQRB032Is1qmSqWe2uA2YrV2AVzGXU-EocnTDqBITRLSmRo?width=1140&height=760
11-06-2025,2773.529297,2877.629395,2746.459961,2813.739746,30705408054,102,Ethereum,ETH-USD,Crypto,Cryptocurrency,https://1drv.ms/i/c/8705623eb284e7df/IQRB032Is1qmSqWe2uA2YrV2AVzGXU-EocnTDqBITRLSmRo?width=1140&height=760
12-06-2025,2651.795166,2784.262695,2619.966553,2773.5979,25924959613,102,Ethereum,ETH-USD,Crypto,Cryptocurrency,https://1drv.ms/i/c/8705623eb284e7df/IQRB032Is1qmSqWe2uA2YrV2AVzGXU-EocnTDqBITRLSmRo?width=1140&height=760
13-06-2025,2579.486084,2651.915527,2443.962646,2651.915527,37986747138,102,Ethereum,ETH-USD,Crypto,Cryptocurrency,https://1drv.ms/i/c/8705623eb284e7df/IQRB032Is1qmSqWe2uA2YrV2AVzGXU-EocnTDqBITRLSmRo?width=1140&height=760
14-06-2025,2533.444092,2580.158203,2491.490723,2579.721436,14285000473,102,Ethereum,ETH-USD,Crypto,Cryptocurrency,https://1drv.ms/i/c/8705623eb284e7df/IQRB032Is1qmSqWe2uA2YrV2AVzGXU-EocnTDqBITRLSmRo?width=1140&height=760
15-06-2025,2546.837158,2558.677734,2493.20459,2533.18335,13961893828,102,Ethereum,ETH-USD,Crypto,Cryptocurrency,https://1drv.ms/i/c/8705623eb284e7df/IQRB032Is1qmSqWe2uA2YrV2AVzGXU-EocnTDqBITRLSmRo?width=1140&height=760
16-06-2025,2540.60498,2680.087646,2517.145264,2547.226807,22792449577,102,Ethereum,ETH-USD,Crypto,Cryptocurrency,https://1drv.ms/i/c/8705623eb284e7df/IQRB032Is1qmSqWe2uA2YrV2AVzGXU-EocnTDqBITRLSmRo?width=1140&height=760
17-06-2025,2510.761475,2617.901367,2456.648926,2540.314453,25653232897,102,Ethereum,ETH-USD,Crypto,Cryptocurrency,https://1drv.ms/i/c/8705623eb284e7df/IQRB032Is1qmSqWe2uA2YrV2AVzGXU-EocnTDqBITRLSmRo?width=1140&height=760
18-06-2025,2524.301514,2546.627441,2469.050293,2510.816895,19873957905,102,Ethereum,ETH-USD,Crypto,Cryptocurrency,https://1drv.ms/i/c/8705623eb284e7df/IQRB032Is1qmSqWe2uA2YrV2AVzGXU-EocnTDqBITRLSmRo?width=1140&height=760
19-06-2025,2521.653564,2546.769531,2486.101807,2524.404053,12782730709,102,Ethereum,ETH-USD,Crypto,Cryptocurrency,https://1drv.ms/i/c/8705623eb284e7df/IQRB032Is1qmSqWe2uA2YrV2AVzGXU-EocnTDqBITRLSmRo?width=1140&height=760
20-06-2025,2407.304199,2569.014648,2371.474365,2521.526367,22592586688,102,Ethereum,ETH-USD,Crypto,Cryptocurrency,https://1drv.ms/i/c/8705623eb284e7df/IQRB032Is1qmSqWe2uA2YrV2AVzGXU-EocnTDqBITRLSmRo?width=1140&height=760
21-06-2025,2300.495605,2448.411621,2222.8125,2407.347656,16108791762,102,Ethereum,ETH-USD,Crypto,Cryptocurrency,https://1drv.ms/i/c/8705623eb284e7df/IQRB032Is1qmSqWe2uA2YrV2AVzGXU-EocnTDqBITRLSmRo?width=1140&height=760
22-06-2025,2228.213135,2313.853027,2116.681396,2298.842773,28458151601,102,Ethereum,ETH-USD,Crypto,Cryptocurrency,https://1drv.ms/i/c/8705623eb284e7df/IQRB032Is1qmSqWe2uA2YrV2AVzGXU-EocnTDqBITRLSmRo?width=1140&height=760
23-06-2025,2421.824951,2434.239746,2191.418213,2228.484619,26247439429,102,Ethereum,ETH-USD,Crypto,Cryptocurrency,https://1drv.ms/i/c/8705623eb284e7df/IQRB032Is1qmSqWe2uA2YrV2AVzGXU-EocnTDqBITRLSmRo?width=1140&height=760
24-06-2025,2448.008789,2481.2229,2379.569336,2421.830566,19539047009,102,Ethereum,ETH-USD,Crypto,Cryptocurrency,https://1drv.ms/i/c/8705623eb284e7df/IQRB032Is1qmSqWe2uA2YrV2AVzGXU-EocnTDqBITRLSmRo?width=1140&height=760
25-06-2025,2419.310303,2468.677979,2394.607422,2448.737305,17158118625,102,Ethereum,ETH-USD,Crypto,Cryptocurrency,https://1drv.ms/i/c/8705623eb284e7df/IQRB032Is1qmSqWe2uA2YrV2AVzGXU-EocnTDqBITRLSmRo?width=1140&height=760
26-06-2025,2416.146729,2519.619873,2399.533936,2419.154785,18300413888,102,Ethereum,ETH-USD,Crypto,Cryptocurrency,https://1drv.ms/i/c/8705623eb284e7df/IQRB032Is1qmSqWe2uA2YrV2AVzGXU-EocnTDqBITRLSmRo?width=1140&height=760
27-06-2025,2423.866943,2463.154785,2386.324951,2416.023193,15309834970,102,Ethereum,ETH-USD,Crypto,Cryptocurrency,https://1drv.ms/i/c/8705623eb284e7df/IQRB032Is1qmSqWe2uA2YrV2AVzGXU-EocnTDqBITRLSmRo?width=1140&height=760
28-06-2025,2437.109375,2448.19165,2407.761719,2423.925293,8273074809,102,Ethereum,ETH-USD,Crypto,Cryptocurrency,https://1drv.ms/i/c/8705623eb284e7df/IQRB032Is1qmSqWe2uA2YrV2AVzGXU-EocnTDqBITRLSmRo?width=1140&height=760
29-06-2025,2500.959961,2523.320557,2417.625244,2437.114746,12500580479,102,Ethereum,ETH-USD,Crypto,Cryptocurrency,https://1drv.ms/i/c/8705623eb284e7df/IQRB032Is1qmSqWe2uA2YrV2AVzGXU-EocnTDqBITRLSmRo?width=1140&height=760
30-06-2025,2486.464355,2521.720459,2438.054932,2500.605469,16859727663,102,Ethereum,ETH-USD,Crypto,Cryptocurrency,https://1drv.ms/i/c/8705623eb284e7df/IQRB032Is1qmSqWe2uA2YrV2AVzGXU-EocnTDqBITRLSmRo?width=1140&height=760
01-07-2025,2405.792725,2500.591797,2389.815918,2486.428467,15025451796,102,Ethereum,ETH-USD,Crypto,Cryptocurrency,https://1drv.ms/i/c/8705623eb284e7df/IQRB032Is1qmSqWe2uA2YrV2AVzGXU-EocnTDqBITRLSmRo?width=1140&height=760
02-07-2025,2571.335449,2616.783691,2378.393555,2405.857422,22792512025,102,Ethereum,ETH-USD,Crypto,Cryptocurrency,https://1drv.ms/i/c/8705623eb284e7df/IQRB032Is1qmSqWe2uA2YrV2AVzGXU-EocnTDqBITRLSmRo?width=1140&height=760
03-07-2025,2591.007324,2635.192139,2558.58252,2570.796631,20873559425,102,Ethereum,ETH-USD,Crypto,Cryptocurrency,https://1drv.ms/i/c/8705623eb284e7df/IQRB032Is1qmSqWe2uA2YrV2AVzGXU-EocnTDqBITRLSmRo?width=1140&height=760
04-07-2025,2508.518311,2601.119629,2475.754883,2590.845703,17222740209,102,Ethereum,ETH-USD,Crypto,Cryptocurrency,https://1drv.ms/i/c/8705623eb284e7df/IQRB032Is1qmSqWe2uA2YrV2AVzGXU-EocnTDqBITRLSmRo?width=1140&height=760
05-07-2025,2517.280029,2529.842285,2489.002441,2508.095947,9289382302,102,Ethereum,ETH-USD,Crypto,Cryptocurrency,https://1drv.ms/i/c/8705623eb284e7df/IQRB032Is1qmSqWe2uA2YrV2AVzGXU-EocnTDqBITRLSmRo?width=1140&height=760
06-07-2025,2571.236572,2603.064697,2505.37085,2517.280029,13190436110,102,Ethereum,ETH-USD,Crypto,Cryptocurrency,https://1drv.ms/i/c/8705623eb284e7df/IQRB032Is1qmSqWe2uA2YrV2AVzGXU-EocnTDqBITRLSmRo?width=1140&height=760
07-07-2025,2543.013184,2589.324951,2517.903564,2571.395264,18440266947,102,Ethereum,ETH-USD,Crypto,Cryptocurrency,https://1drv.ms/i/c/8705623eb284e7df/IQRB032Is1qmSqWe2uA2YrV2AVzGXU-EocnTDqBITRLSmRo?width=1140&height=760
08-07-2025,2615.505859,2626.664551,2525.437744,2542.972656,17537487206,102,Ethereum,ETH-USD,Crypto,Cryptocurrency,https://1drv.ms/i/c/8705623eb284e7df/IQRB032Is1qmSqWe2uA2YrV2AVzGXU-EocnTDqBITRLSmRo?width=1140&height=760
09-07-2025,2770.777588,2794.518555,2591.947021,2615.505859,27229452849,102,Ethereum,ETH-USD,Crypto,Cryptocurrency,https://1drv.ms/i/c/8705623eb284e7df/IQRB032Is1qmSqWe2uA2YrV2AVzGXU-EocnTDqBITRLSmRo?width=1140&height=760
10-07-2025,2954.845215,2995.1521,2757.266602,2770.737305,33929201261,102,Ethereum,ETH-USD,Crypto,Cryptocurrency,https://1drv.ms/i/c/8705623eb284e7df/IQRB032Is1qmSqWe2uA2YrV2AVzGXU-EocnTDqBITRLSmRo?width=1140&height=760
11-07-2025,2957.88623,3038.141113,2916.956543,2954.832764,36226558863,102,Ethereum,ETH-USD,Crypto,Cryptocurrency,https://1drv.ms/i/c/8705623eb284e7df/IQRB032Is1qmSqWe2uA2YrV2AVzGXU-EocnTDqBITRLSmRo?width=1140&height=760
12-07-2025,2942.911621,2979.780029,2907.193604,2958.33374,16317198254,102,Ethereum,ETH-USD,Crypto,Cryptocurrency,https://1drv.ms/i/c/8705623eb284e7df/IQRB032Is1qmSqWe2uA2YrV2AVzGXU-EocnTDqBITRLSmRo?width=1140&height=760
13-07-2025,2973.358887,3016.393555,2938.736572,2942.853516,17361753131,102,Ethereum,ETH-USD,Crypto,Cryptocurrency,https://1drv.ms/i/c/8705623eb284e7df/IQRB032Is1qmSqWe2uA2YrV2AVzGXU-EocnTDqBITRLSmRo?width=1140&height=760
14-07-2025,3013.35083,3079.985596,2965.32373,2973.225098,36349290556,102,Ethereum,ETH-USD,Crypto,Cryptocurrency,https://1drv.ms/i/c/8705623eb284e7df/IQRB032Is1qmSqWe2uA2YrV2AVzGXU-EocnTDqBITRLSmRo?width=1140&height=760
15-07-2025,3139.889648,3142.427246,2934.371338,3013.293457,39013656112,102,Ethereum,ETH-USD,Crypto,Cryptocurrency,https://1drv.ms/i/c/8705623eb284e7df/IQRB032Is1qmSqWe2uA2YrV2AVzGXU-EocnTDqBITRLSmRo?width=1140&height=760
16-07-2025,3371.506836,3422.603027,3102.477783,3139.889648,46771354461,102,Ethereum,ETH-USD,Crypto,Cryptocurrency,https://1drv.ms/i/c/8705623eb284e7df/IQRB032Is1qmSqWe2uA2YrV2AVzGXU-EocnTDqBITRLSmRo?width=1140&height=760
17-07-2025,3476.784424,3521.685303,3315.999023,3371.506836,47532846793,102,Ethereum,ETH-USD,Crypto,Cryptocurrency,https://1drv.ms/i/c/8705623eb284e7df/IQRB032Is1qmSqWe2uA2YrV2AVzGXU-EocnTDqBITRLSmRo?width=1140&height=760
18-07-2025,3549.016357,3674.855225,3463.38623,3476.124023,59198465810,102,Ethereum,ETH-USD,Crypto,Cryptocurrency,https://1drv.ms/i/c/8705623eb284e7df/IQRB032Is1qmSqWe2uA2YrV2AVzGXU-EocnTDqBITRLSmRo?width=1140&height=760
19-07-2025,3595.273682,3608.275635,3512.973145,3548.926025,26031719746,102,Ethereum,ETH-USD,Crypto,Cryptocurrency,https://1drv.ms/i/c/8705623eb284e7df/IQRB032Is1qmSqWe2uA2YrV2AVzGXU-EocnTDqBITRLSmRo?width=1140&height=760
20-07-2025,3759.471436,3819.398682,3582.349609,3595.240479,44600451066,102,Ethereum,ETH-USD,Crypto,Cryptocurrency,https://1drv.ms/i/c/8705623eb284e7df/IQRB032Is1qmSqWe2uA2YrV2AVzGXU-EocnTDqBITRLSmRo?width=1140&height=760
21-07-2025,3763.371338,3856.76709,3705.35376,3758.920654,42611467663,102,Ethereum,ETH-USD,Crypto,Cryptocurrency,https://1drv.ms/i/c/8705623eb284e7df/IQRB032Is1qmSqWe2uA2YrV2AVzGXU-EocnTDqBITRLSmRo?width=1140&height=760
22-07-2025,3749.145508,3798.100342,3624.140381,3762.88208,45248868820,102,Ethereum,ETH-USD,Crypto,Cryptocurrency,https://1drv.ms/i/c/8705623eb284e7df/IQRB032Is1qmSqWe2uA2YrV2AVzGXU-EocnTDqBITRLSmRo?width=1140&height=760
23-07-2025,3629.703613,3765.026367,3532.856445,3749.238525,41283228953,102,Ethereum,ETH-USD,Crypto,Cryptocurrency,https://1drv.ms/i/c/8705623eb284e7df/IQRB032Is1qmSqWe2uA2YrV2AVzGXU-EocnTDqBITRLSmRo?width=1140&height=760
24-07-2025,3708.005615,3771.381592,3514.999268,3629.731689,40377960354,102,Ethereum,ETH-USD,Crypto,Cryptocurrency,https://1drv.ms/i/c/8705623eb284e7df/IQRB032Is1qmSqWe2uA2YrV2AVzGXU-EocnTDqBITRLSmRo?width=1140&height=760
25-07-2025,3727.266846,3744.820068,3579.962891,3708.005615,42264509577,102,Ethereum,ETH-USD,Crypto,Cryptocurrency,https://1drv.ms/i/c/8705623eb284e7df/IQRB032Is1qmSqWe2uA2YrV2AVzGXU-EocnTDqBITRLSmRo?width=1140&height=760
26-07-2025,3741.395996,3789.789795,3702.77417,3727.237305,24635287361,102,Ethereum,ETH-USD,Crypto,Cryptocurrency,https://1drv.ms/i/c/8705623eb284e7df/IQRB032Is1qmSqWe2uA2YrV2AVzGXU-EocnTDqBITRLSmRo?width=1140&height=760
27-07-2025,3875.246582,3876.933594,3733.681641,3741.257324,28897450394,102,Ethereum,ETH-USD,Crypto,Cryptocurrency,https://1drv.ms/i/c/8705623eb284e7df/IQRB032Is1qmSqWe2uA2YrV2AVzGXU-EocnTDqBITRLSmRo?width=1140&height=760
28-07-2025,3787.425781,3940.6521,3756.515869,3875.255859,35831336149,102,Ethereum,ETH-USD,Crypto,Cryptocurrency,https://1drv.ms/i/c/8705623eb284e7df/IQRB032Is1qmSqWe2uA2YrV2AVzGXU-EocnTDqBITRLSmRo?width=1140&height=760
29-07-2025,3793.454834,3883.997803,3716.883301,3788.31958,35540435995,102,Ethereum,ETH-USD,Crypto,Cryptocurrency,https://1drv.ms/i/c/8705623eb284e7df/IQRB032Is1qmSqWe2uA2YrV2AVzGXU-EocnTDqBITRLSmRo?width=1140&height=760
30-07-2025,3808.20166,3832.884033,3683.144531,3793.58252,34392494235,102,Ethereum,ETH-USD,Crypto,Cryptocurrency,https://1drv.ms/i/c/8705623eb284e7df/IQRB032Is1qmSqWe2uA2YrV2AVzGXU-EocnTDqBITRLSmRo?width=1140&height=760
31-07-2025,3696.707764,3877.470215,3685.00415,3808.246094,32839839444,102,Ethereum,ETH-USD,Crypto,Cryptocurrency,https://1drv.ms/i/c/8705623eb284e7df/IQRB032Is1qmSqWe2uA2YrV2AVzGXU-EocnTDqBITRLSmRo?width=1140&height=760
01-08-2025,3488.365967,3722.585693,3432.379883,3696.144287,46261558200,102,Ethereum,ETH-USD,Crypto,Cryptocurrency,https://1drv.ms/i/c/8705623eb284e7df/IQRB032Is1qmSqWe2uA2YrV2AVzGXU-EocnTDqBITRLSmRo?width=1140&height=760
02-08-2025,3392.741211,3535.558838,3370.943115,3487.956787,30165065282,102,Ethereum,ETH-USD,Crypto,Cryptocurrency,https://1drv.ms/i/c/8705623eb284e7df/IQRB032Is1qmSqWe2uA2YrV2AVzGXU-EocnTDqBITRLSmRo?width=1140&height=760
03-08-2025,3497.37915,3520.831299,3357.938965,3392.744385,19363593865,102,Ethereum,ETH-USD,Crypto,Cryptocurrency,https://1drv.ms/i/c/8705623eb284e7df/IQRB032Is1qmSqWe2uA2YrV2AVzGXU-EocnTDqBITRLSmRo?width=1140&height=760
04-08-2025,3718.986084,3734.977539,3491.554932,3497.613037,30905749658,102,Ethereum,ETH-USD,Crypto,Cryptocurrency,https://1drv.ms/i/c/8705623eb284e7df/IQRB032Is1qmSqWe2uA2YrV2AVzGXU-EocnTDqBITRLSmRo?width=1140&height=760
05-08-2025,3611.899414,3720.656494,3547.621094,3719.817871,32778742296,102,Ethereum,ETH-USD,Crypto,Cryptocurrency,https://1drv.ms/i/c/8705623eb284e7df/IQRB032Is1qmSqWe2uA2YrV2AVzGXU-EocnTDqBITRLSmRo?width=1140&height=760
06-08-2025,3683.920654,3698.124756,3567.095947,3612.038818,26924415763,102,Ethereum,ETH-USD,Crypto,Cryptocurrency,https://1drv.ms/i/c/8705623eb284e7df/IQRB032Is1qmSqWe2uA2YrV2AVzGXU-EocnTDqBITRLSmRo?width=1140&height=760
07-08-2025,3914.325928,3926.204346,3650.365967,3684.062012,38627826066,102,Ethereum,ETH-USD,Crypto,Cryptocurrency,https://1drv.ms/i/c/8705623eb284e7df/IQRB032Is1qmSqWe2uA2YrV2AVzGXU-EocnTDqBITRLSmRo?width=1140&height=760
08-08-2025,4009.848877,4068.847656,3882.443115,3914.110596,45460293892,102,Ethereum,ETH-USD,Crypto,Cryptocurrency,https://1drv.ms/i/c/8705623eb284e7df/IQRB032Is1qmSqWe2uA2YrV2AVzGXU-EocnTDqBITRLSmRo?width=1140&height=760
09-08-2025,4263.599121,4323.76123,4007.709229,4009.150635,45279715746,102,Ethereum,ETH-USD,Crypto,Cryptocurrency,https://1drv.ms/i/c/8705623eb284e7df/IQRB032Is1qmSqWe2uA2YrV2AVzGXU-EocnTDqBITRLSmRo?width=1140&height=760
10-08-2025,4254.217773,4332.210449,4163.94043,4263.552734,36173931367,102,Ethereum,ETH-USD,Crypto,Cryptocurrency,https://1drv.ms/i/c/8705623eb284e7df/IQRB032Is1qmSqWe2uA2YrV2AVzGXU-EocnTDqBITRLSmRo?width=1140&height=760
11-08-2025,4226.966797,4362.092773,4168.875,4254.231445,49989853803,102,Ethereum,ETH-USD,Crypto,Cryptocurrency,https://1drv.ms/i/c/8705623eb284e7df/IQRB032Is1qmSqWe2uA2YrV2AVzGXU-EocnTDqBITRLSmRo?width=1140&height=760
12-08-2025,4590.924805,4634.055176,4222.362305,4227.207031,57237189036,102,Ethereum,ETH-USD,Crypto,Cryptocurrency,https://1drv.ms/i/c/8705623eb284e7df/IQRB032Is1qmSqWe2uA2YrV2AVzGXU-EocnTDqBITRLSmRo?width=1140&height=760
13-08-2025,4756.275879,4784.668945,4566.23877,4590.657715,62550014642,102,Ethereum,ETH-USD,Crypto,Cryptocurrency,https://1drv.ms/i/c/8705623eb284e7df/IQRB032Is1qmSqWe2uA2YrV2AVzGXU-EocnTDqBITRLSmRo?width=1140&height=760
14-08-2025,4548.166504,4788.551758,4461.281738,4756.043457,75681632806,102,Ethereum,ETH-USD,Crypto,Cryptocurrency,https://1drv.ms/i/c/8705623eb284e7df/IQRB032Is1qmSqWe2uA2YrV2AVzGXU-EocnTDqBITRLSmRo?width=1140&height=760
15-08-2025,4439.98877,4667.72998,4375.54541,4549.075684,55445715824,102,Ethereum,ETH-USD,Crypto,Cryptocurrency,https://1drv.ms/i/c/8705623eb284e7df/IQRB032Is1qmSqWe2uA2YrV2AVzGXU-EocnTDqBITRLSmRo?width=1140&height=760
16-08-2025,4426.180176,4493.149414,4379.164551,4439.998047,26816931514,102,Ethereum,ETH-USD,Crypto,Cryptocurrency,https://1drv.ms/i/c/8705623eb284e7df/IQRB032Is1qmSqWe2uA2YrV2AVzGXU-EocnTDqBITRLSmRo?width=1140&height=760
17-08-2025,4473.271484,4575.876465,4400.713379,4426.259766,31348101438,102,Ethereum,ETH-USD,Crypto,Cryptocurrency,https://1drv.ms/i/c/8705623eb284e7df/IQRB032Is1qmSqWe2uA2YrV2AVzGXU-EocnTDqBITRLSmRo?width=1140&height=760
18-08-2025,4312.504883,4484.009766,4229.379883,4473.330566,53518423360,102,Ethereum,ETH-USD,Crypto,Cryptocurrency,https://1drv.ms/i/c/8705623eb284e7df/IQRB032Is1qmSqWe2uA2YrV2AVzGXU-EocnTDqBITRLSmRo?width=1140&height=760
19-08-2025,4073.464111,4355.075195,4070.5354,4312.530273,50440367102,102,Ethereum,ETH-USD,Crypto,Cryptocurrency,https://1drv.ms/i/c/8705623eb284e7df/IQRB032Is1qmSqWe2uA2YrV2AVzGXU-EocnTDqBITRLSmRo?width=1140&height=760
20-08-2025,4334.500488,4376.789551,4064.965088,4073.168213,49577862965,102,Ethereum,ETH-USD,Crypto,Cryptocurrency,https://1drv.ms/i/c/8705623eb284e7df/IQRB032Is1qmSqWe2uA2YrV2AVzGXU-EocnTDqBITRLSmRo?width=1140&height=760
21-08-2025,4223.209961,4338.826172,4205.776855,4334.567383,33618359942,102,Ethereum,ETH-USD,Crypto,Cryptocurrency,https://1drv.ms/i/c/8705623eb284e7df/IQRB032Is1qmSqWe2uA2YrV2AVzGXU-EocnTDqBITRLSmRo?width=1140&height=760
22-08-2025,4831.348633,4884.228027,4209.472168,4223.730957,75965521535,102,Ethereum,ETH-USD,Crypto,Cryptocurrency,https://1drv.ms/i/c/8705623eb284e7df/IQRB032Is1qmSqWe2uA2YrV2AVzGXU-EocnTDqBITRLSmRo?width=1140&height=760
23-08-2025,4776.090332,4831.61084,4669.725098,4831.088379,36503623278,102,Ethereum,ETH-USD,Crypto,Cryptocurrency,https://1drv.ms/i/c/8705623eb284e7df/IQRB032Is1qmSqWe2uA2YrV2AVzGXU-EocnTDqBITRLSmRo?width=1140&height=760
24-08-2025,4779.647461,4953.73291,4714.472656,4776.70459,52405003873,102,Ethereum,ETH-USD,Crypto,Cryptocurrency,https://1drv.ms/i/c/8705623eb284e7df/IQRB032Is1qmSqWe2uA2YrV2AVzGXU-EocnTDqBITRLSmRo?width=1140&height=760
25-08-2025,4372.987793,4796.350098,4343.947266,4779.769531,63936163545,102,Ethereum,ETH-USD,Crypto,Cryptocurrency,https://1drv.ms/i/c/8705623eb284e7df/IQRB032Is1qmSqWe2uA2YrV2AVzGXU-EocnTDqBITRLSmRo?width=1140&height=760
26-08-2025,4600.426758,4632.073242,4316.300781,4372.880371,53829747706,102,Ethereum,ETH-USD,Crypto,Cryptocurrency,https://1drv.ms/i/c/8705623eb284e7df/IQRB032Is1qmSqWe2uA2YrV2AVzGXU-EocnTDqBITRLSmRo?width=1140&height=760
27-08-2025,4503.393066,4659.987305,4489.297852,4600.510254,43509902322,102,Ethereum,ETH-USD,Crypto,Cryptocurrency,https://1drv.ms/i/c/8705623eb284e7df/IQRB032Is1qmSqWe2uA2YrV2AVzGXU-EocnTDqBITRLSmRo?width=1140&height=760
28-08-2025,4507.177734,4629.03125,4435.109375,4503.631348,36045274078,102,Ethereum,ETH-USD,Crypto,Cryptocurrency,https://1drv.ms/i/c/8705623eb284e7df/IQRB032Is1qmSqWe2uA2YrV2AVzGXU-EocnTDqBITRLSmRo?width=1140&height=760
29-08-2025,4360.152832,4513.859375,4272.459473,4507.631348,46899991962,102,Ethereum,ETH-USD,Crypto,Cryptocurrency,https://1drv.ms/i/c/8705623eb284e7df/IQRB032Is1qmSqWe2uA2YrV2AVzGXU-EocnTDqBITRLSmRo?width=1140&height=760
30-08-2025,4374.15332,4413.274902,4264.195313,4360.088867,25883112278,102,Ethereum,ETH-USD,Crypto,Cryptocurrency,https://1drv.ms/i/c/8705623eb284e7df/IQRB032Is1qmSqWe2uA2YrV2AVzGXU-EocnTDqBITRLSmRo?width=1140&height=760
31-08-2025,4390.019043,4497.176758,4373.59668,4374.893555,26683044984,102,Ethereum,ETH-USD,Crypto,Cryptocurrency,https://1drv.ms/i/c/8705623eb284e7df/IQRB032Is1qmSqWe2uA2YrV2AVzGXU-EocnTDqBITRLSmRo?width=1140&height=760
01-09-2025,4314.470215,4490.34668,4221.247559,4389.625977,37530746508,102,Ethereum,ETH-USD,Crypto,Cryptocurrency,https://1drv.ms/i/c/8705623eb284e7df/IQRB032Is1qmSqWe2uA2YrV2AVzGXU-EocnTDqBITRLSmRo?width=1140&height=760
02-09-2025,4325.365723,4414.934082,4260.459473,4314.391113,39884692334,102,Ethereum,ETH-USD,Crypto,Cryptocurrency,https://1drv.ms/i/c/8705623eb284e7df/IQRB032Is1qmSqWe2uA2YrV2AVzGXU-EocnTDqBITRLSmRo?width=1140&height=760
03-09-2025,4450.38916,4489.19873,4286.206055,4324.696289,35260873497,102,Ethereum,ETH-USD,Crypto,Cryptocurrency,https://1drv.ms/i/c/8705623eb284e7df/IQRB032Is1qmSqWe2uA2YrV2AVzGXU-EocnTDqBITRLSmRo?width=1140&height=760
04-09-2025,4298.744141,4483.451172,4268.588867,4450.21582,34919798552,102,Ethereum,ETH-USD,Crypto,Cryptocurrency,https://1drv.ms/i/c/8705623eb284e7df/IQRB032Is1qmSqWe2uA2YrV2AVzGXU-EocnTDqBITRLSmRo?width=1140&height=760
05-09-2025,4306.98877,4484.361328,4258.049805,4298.836914,44163736676,102,Ethereum,ETH-USD,Crypto,Cryptocurrency,https://1drv.ms/i/c/8705623eb284e7df/IQRB032Is1qmSqWe2uA2YrV2AVzGXU-EocnTDqBITRLSmRo?width=1140&height=760
06-09-2025,4274.242188,4327.439941,4244.754883,4306.973145,18108246446,102,Ethereum,ETH-USD,Crypto,Cryptocurrency,https://1drv.ms/i/c/8705623eb284e7df/IQRB032Is1qmSqWe2uA2YrV2AVzGXU-EocnTDqBITRLSmRo?width=1140&height=760
07-09-2025,4305.347656,4334.274414,4271.53418,4274.166992,17426783536,102,Ethereum,ETH-USD,Crypto,Cryptocurrency,https://1drv.ms/i/c/8705623eb284e7df/IQRB032Is1qmSqWe2uA2YrV2AVzGXU-EocnTDqBITRLSmRo?width=1140&height=760
08-09-2025,4308.072266,4381.274902,4279.972168,4305.381348,32277142378,102,Ethereum,ETH-USD,Crypto,Cryptocurrency,https://1drv.ms/i/c/8705623eb284e7df/IQRB032Is1qmSqWe2uA2YrV2AVzGXU-EocnTDqBITRLSmRo?width=1140&height=760
09-09-2025,4309.041504,4381.226563,4277.853027,4308.283203,30703320925,102,Ethereum,ETH-USD,Crypto,Cryptocurrency,https://1drv.ms/i/c/8705623eb284e7df/IQRB032Is1qmSqWe2uA2YrV2AVzGXU-EocnTDqBITRLSmRo?width=1140&height=760
10-09-2025,4349.145996,4450.417969,4286.0625,4309.091797,39521365146,102,Ethereum,ETH-USD,Crypto,Cryptocurrency,https://1drv.ms/i/c/8705623eb284e7df/IQRB032Is1qmSqWe2uA2YrV2AVzGXU-EocnTDqBITRLSmRo?width=1140&height=760
11-09-2025,4461.233398,4471.69873,4339.716797,4349.200195,35959212991,102,Ethereum,ETH-USD,Crypto,Cryptocurrency,https://1drv.ms/i/c/8705623eb284e7df/IQRB032Is1qmSqWe2uA2YrV2AVzGXU-EocnTDqBITRLSmRo?width=1140&height=760
12-09-2025,4715.246094,4734.273926,4453.284668,4461.479492,43839753626,102,Ethereum,ETH-USD,Crypto,Cryptocurrency,https://1drv.ms/i/c/8705623eb284e7df/IQRB032Is1qmSqWe2uA2YrV2AVzGXU-EocnTDqBITRLSmRo?width=1140&height=760
13-09-2025,4668.179688,4763.361328,4609.125488,4714.703613,34843845977,102,Ethereum,ETH-USD,Crypto,Cryptocurrency,https://1drv.ms/i/c/8705623eb284e7df/IQRB032Is1qmSqWe2uA2YrV2AVzGXU-EocnTDqBITRLSmRo?width=1140&height=760
14-09-2025,4609.597656,4690.64209,4581.847168,4668.171387,28394160275,102,Ethereum,ETH-USD,Crypto,Cryptocurrency,https://1drv.ms/i/c/8705623eb284e7df/IQRB032Is1qmSqWe2uA2YrV2AVzGXU-EocnTDqBITRLSmRo?width=1140&height=760
15-09-2025,4526.820313,4670.530273,4469.861328,4609.723145,40224062009,102,Ethereum,ETH-USD,Crypto,Cryptocurrency,https://1drv.ms/i/c/8705623eb284e7df/IQRB032Is1qmSqWe2uA2YrV2AVzGXU-EocnTDqBITRLSmRo?width=1140&height=760
16-09-2025,4503.564453,4537.599609,4428.330078,4526.078125,32761501436,102,Ethereum,ETH-USD,Crypto,Cryptocurrency,https://1drv.ms/i/c/8705623eb284e7df/IQRB032Is1qmSqWe2uA2YrV2AVzGXU-EocnTDqBITRLSmRo?width=1140&height=760
17-09-2025,4592.733398,4617.234863,4429.644531,4503.635742,44120899417,102,Ethereum,ETH-USD,Crypto,Cryptocurrency,https://1drv.ms/i/c/8705623eb284e7df/IQRB032Is1qmSqWe2uA2YrV2AVzGXU-EocnTDqBITRLSmRo?width=1140&height=760
18-09-2025,4589.918945,4643.972656,4556.27002,4592.442871,33497259158,102,Ethereum,ETH-USD,Crypto,Cryptocurrency,https://1drv.ms/i/c/8705623eb284e7df/IQRB032Is1qmSqWe2uA2YrV2AVzGXU-EocnTDqBITRLSmRo?width=1140&height=760
19-09-2025,4470.916992,4620.792969,4443.264648,4589.505859,30352619653,102,Ethereum,ETH-USD,Crypto,Cryptocurrency,https://1drv.ms/i/c/8705623eb284e7df/IQRB032Is1qmSqWe2uA2YrV2AVzGXU-EocnTDqBITRLSmRo?width=1140&height=760
20-09-2025,4482.265625,4509.812012,4459.15918,4470.978516,18056494322,102,Ethereum,ETH-USD,Crypto,Cryptocurrency,https://1drv.ms/i/c/8705623eb284e7df/IQRB032Is1qmSqWe2uA2YrV2AVzGXU-EocnTDqBITRLSmRo?width=1140&height=760
21-09-2025,4451.329102,4499.38916,4447.119141,4482.583984,19330306133,102,Ethereum,ETH-USD,Crypto,Cryptocurrency,https://1drv.ms/i/c/8705623eb284e7df/IQRB032Is1qmSqWe2uA2YrV2AVzGXU-EocnTDqBITRLSmRo?width=1140&height=760
22-09-2025,4202.877441,4457.08252,4092.396729,4451.580566,58221334533,102,Ethereum,ETH-USD,Crypto,Cryptocurrency,https://1drv.ms/i/c/8705623eb284e7df/IQRB032Is1qmSqWe2uA2YrV2AVzGXU-EocnTDqBITRLSmRo?width=1140&height=760
23-09-2025,4165.503906,4227.731445,4120.81543,4203.021484,32460075911,102,Ethereum,ETH-USD,Crypto,Cryptocurrency,https://1drv.ms/i/c/8705623eb284e7df/IQRB032Is1qmSqWe2uA2YrV2AVzGXU-EocnTDqBITRLSmRo?width=1140&height=760
24-09-2025,4153.469238,4206.901855,4081.347656,4165.412598,33538388785,102,Ethereum,ETH-USD,Crypto,Cryptocurrency,https://1drv.ms/i/c/8705623eb284e7df/IQRB032Is1qmSqWe2uA2YrV2AVzGXU-EocnTDqBITRLSmRo?width=1140&height=760
25-09-2025,3868.333984,4162.0625,3829.010742,4153.520996,68963092031,102,Ethereum,ETH-USD,Crypto,Cryptocurrency,https://1drv.ms/i/c/8705623eb284e7df/IQRB032Is1qmSqWe2uA2YrV2AVzGXU-EocnTDqBITRLSmRo?width=1140&height=760
26-09-2025,4035.887939,4069.168701,3868.433594,3868.690918,47873508328,102,Ethereum,ETH-USD,Crypto,Cryptocurrency,https://1drv.ms/i/c/8705623eb284e7df/IQRB032Is1qmSqWe2uA2YrV2AVzGXU-EocnTDqBITRLSmRo?width=1140&height=760
27-09-2025,4018.658203,4038.45166,3975.758057,4035.914551,20382555776,102,Ethereum,ETH-USD,Crypto,Cryptocurrency,https://1drv.ms/i/c/8705623eb284e7df/IQRB032Is1qmSqWe2uA2YrV2AVzGXU-EocnTDqBITRLSmRo?width=1140&height=760
28-09-2025,4141.476563,4143.003906,3969.792969,4018.659668,24631307054,102,Ethereum,ETH-USD,Crypto,Cryptocurrency,https://1drv.ms/i/c/8705623eb284e7df/IQRB032Is1qmSqWe2uA2YrV2AVzGXU-EocnTDqBITRLSmRo?width=1140&height=760
29-09-2025,4217.341797,4234.782715,4087.927246,4141.356445,38560429932,102,Ethereum,ETH-USD,Crypto,Cryptocurrency,https://1drv.ms/i/c/8705623eb284e7df/IQRB032Is1qmSqWe2uA2YrV2AVzGXU-EocnTDqBITRLSmRo?width=1140&height=760
30-09-2025,4145.95752,4238.671387,4095.443604,4217.055176,37679153330,102,Ethereum,ETH-USD,Crypto,Cryptocurrency,https://1drv.ms/i/c/8705623eb284e7df/IQRB032Is1qmSqWe2uA2YrV2AVzGXU-EocnTDqBITRLSmRo?width=1140&height=760
01-10-2025,4351.112305,4351.112305,4125.541992,4146.033691,46161664723,102,Ethereum,ETH-USD,Crypto,Cryptocurrency,https://1drv.ms/i/c/8705623eb284e7df/IQRB032Is1qmSqWe2uA2YrV2AVzGXU-EocnTDqBITRLSmRo?width=1140&height=760
02-10-2025,4487.923828,4517.665039,4336.526367,4352.240723,48074066058,102,Ethereum,ETH-USD,Crypto,Cryptocurrency,https://1drv.ms/i/c/8705623eb284e7df/IQRB032Is1qmSqWe2uA2YrV2AVzGXU-EocnTDqBITRLSmRo?width=1140&height=760
03-10-2025,4514.870605,4591.443848,4431.479004,4486.93457,49603450230,102,Ethereum,ETH-USD,Crypto,Cryptocurrency,https://1drv.ms/i/c/8705623eb284e7df/IQRB032Is1qmSqWe2uA2YrV2AVzGXU-EocnTDqBITRLSmRo?width=1140&height=760
04-10-2025,4489.197266,4519.526855,4444.012695,4514.90918,21832270764,102,Ethereum,ETH-USD,Crypto,Cryptocurrency,https://1drv.ms/i/c/8705623eb284e7df/IQRB032Is1qmSqWe2uA2YrV2AVzGXU-EocnTDqBITRLSmRo?width=1140&height=760
05-10-2025,4515.422852,4616.533203,4472.138672,4489.053223,44880806324,102,Ethereum,ETH-USD,Crypto,Cryptocurrency,https://1drv.ms/i/c/8705623eb284e7df/IQRB032Is1qmSqWe2uA2YrV2AVzGXU-EocnTDqBITRLSmRo?width=1140&height=760
06-10-2025,4687.771484,4736.208984,4492.870117,4515.300781,44992456374,102,Ethereum,ETH-USD,Crypto,Cryptocurrency,https://1drv.ms/i/c/8705623eb284e7df/IQRB032Is1qmSqWe2uA2YrV2AVzGXU-EocnTDqBITRLSmRo?width=1140&height=760
07-10-2025,4451.151855,4755.220215,4443.571289,4687.709961,54879425294,102,Ethereum,ETH-USD,Crypto,Cryptocurrency,https://1drv.ms/i/c/8705623eb284e7df/IQRB032Is1qmSqWe2uA2YrV2AVzGXU-EocnTDqBITRLSmRo?width=1140&height=760
08-10-2025,4527.647949,4556.22168,4417.768066,4451.10791,40456628235,102,Ethereum,ETH-USD,Crypto,Cryptocurrency,https://1drv.ms/i/c/8705623eb284e7df/IQRB032Is1qmSqWe2uA2YrV2AVzGXU-EocnTDqBITRLSmRo?width=1140&height=760
09-10-2025,4369.143555,4531.716797,4273.55957,4526.960938,47903074596,102,Ethereum,ETH-USD,Crypto,Cryptocurrency,https://1drv.ms/i/c/8705623eb284e7df/IQRB032Is1qmSqWe2uA2YrV2AVzGXU-EocnTDqBITRLSmRo?width=1140&height=760
10-10-2025,3843.008789,4395.570801,3460.222412,4369.06543,97736621123,102,Ethereum,ETH-USD,Crypto,Cryptocurrency,https://1drv.ms/i/c/8705623eb284e7df/IQRB032Is1qmSqWe2uA2YrV2AVzGXU-EocnTDqBITRLSmRo?width=1140&height=760
11-10-2025,3750.611572,3882.241455,3652.790039,3840.960449,62475475938,102,Ethereum,ETH-USD,Crypto,Cryptocurrency,https://1drv.ms/i/c/8705623eb284e7df/IQRB032Is1qmSqWe2uA2YrV2AVzGXU-EocnTDqBITRLSmRo?width=1140&height=760
12-10-2025,4164.427734,4195.397461,3701.478271,3750.946045,61216174681,102,Ethereum,ETH-USD,Crypto,Cryptocurrency,https://1drv.ms/i/c/8705623eb284e7df/IQRB032Is1qmSqWe2uA2YrV2AVzGXU-EocnTDqBITRLSmRo?width=1140&height=760
13-10-2025,4245.467773,4292.845703,4061.224609,4164.049316,50253782420,102,Ethereum,ETH-USD,Crypto,Cryptocurrency,https://1drv.ms/i/c/8705623eb284e7df/IQRB032Is1qmSqWe2uA2YrV2AVzGXU-EocnTDqBITRLSmRo?width=1140&height=760
14-10-2025,4125.412109,4265.105469,3895.973633,4245.372559,67094148347,102,Ethereum,ETH-USD,Crypto,Cryptocurrency,https://1drv.ms/i/c/8705623eb284e7df/IQRB032Is1qmSqWe2uA2YrV2AVzGXU-EocnTDqBITRLSmRo?width=1140&height=760
15-10-2025,3987.459473,4213.855957,3935.161377,4125.361328,50462889453,102,Ethereum,ETH-USD,Crypto,Cryptocurrency,https://1drv.ms/i/c/8705623eb284e7df/IQRB032Is1qmSqWe2uA2YrV2AVzGXU-EocnTDqBITRLSmRo?width=1140&height=760
16-10-2025,3894.754395,4079.648193,3829.654053,3987.148926,49147390731,102,Ethereum,ETH-USD,Crypto,Cryptocurrency,https://1drv.ms/i/c/8705623eb284e7df/IQRB032Is1qmSqWe2uA2YrV2AVzGXU-EocnTDqBITRLSmRo?width=1140&height=760
17-10-2025,3832.558838,3950.566895,3678.620361,3894.377686,57404271888,102,Ethereum,ETH-USD,Crypto,Cryptocurrency,https://1drv.ms/i/c/8705623eb284e7df/IQRB032Is1qmSqWe2uA2YrV2AVzGXU-EocnTDqBITRLSmRo?width=1140&height=760
18-10-2025,3890.346191,3927.245605,3822.266357,3833.009521,23815676385,102,Ethereum,ETH-USD,Crypto,Cryptocurrency,https://1drv.ms/i/c/8705623eb284e7df/IQRB032Is1qmSqWe2uA2YrV2AVzGXU-EocnTDqBITRLSmRo?width=1140&height=760
19-10-2025,3984.649658,4029.355469,3843.772949,3890.583496,32870655221,102,Ethereum,ETH-USD,Crypto,Cryptocurrency,https://1drv.ms/i/c/8705623eb284e7df/IQRB032Is1qmSqWe2uA2YrV2AVzGXU-EocnTDqBITRLSmRo?width=1140&height=760
20-10-2025,3980.760254,4084.159668,3911.726318,3984.696289,40224612563,102,Ethereum,ETH-USD,Crypto,Cryptocurrency,https://1drv.ms/i/c/8705623eb284e7df/IQRB032Is1qmSqWe2uA2YrV2AVzGXU-EocnTDqBITRLSmRo?width=1140&height=760
21-10-2025,3876.76416,4109.533203,3843.227783,3980.740479,49960290350,102,Ethereum,ETH-USD,Crypto,Cryptocurrency,https://1drv.ms/i/c/8705623eb284e7df/IQRB032Is1qmSqWe2uA2YrV2AVzGXU-EocnTDqBITRLSmRo?width=1140&height=760
22-10-2025,3808.122314,3890.632324,3718.077148,3877.363037,46173305673,102,Ethereum,ETH-USD,Crypto,Cryptocurrency,https://1drv.ms/i/c/8705623eb284e7df/IQRB032Is1qmSqWe2uA2YrV2AVzGXU-EocnTDqBITRLSmRo?width=1140&height=760
23-10-2025,3856.026367,3930.974854,3801.241455,3808.084961,36361652714,102,Ethereum,ETH-USD,Crypto,Cryptocurrency,https://1drv.ms/i/c/8705623eb284e7df/IQRB032Is1qmSqWe2uA2YrV2AVzGXU-EocnTDqBITRLSmRo?width=1140&height=760
24-10-2025,3934.567383,4002.561768,3849.724854,3856.033203,34090708715,102,Ethereum,ETH-USD,Crypto,Cryptocurrency,https://1drv.ms/i/c/8705623eb284e7df/IQRB032Is1qmSqWe2uA2YrV2AVzGXU-EocnTDqBITRLSmRo?width=1140&height=760
25-10-2025,3953.470947,3967.645508,3914.640625,3934.48999,15245229017,102,Ethereum,ETH-USD,Crypto,Cryptocurrency,https://1drv.ms/i/c/8705623eb284e7df/IQRB032Is1qmSqWe2uA2YrV2AVzGXU-EocnTDqBITRLSmRo?width=1140&height=760
26-10-2025,4157.989258,4177.310547,3923.192627,3953.437256,29120786315,102,Ethereum,ETH-USD,Crypto,Cryptocurrency,https://1drv.ms/i/c/8705623eb284e7df/IQRB032Is1qmSqWe2uA2YrV2AVzGXU-EocnTDqBITRLSmRo?width=1140&height=760
27-10-2025,4120.12207,4250.669922,4099.569824,4158.010742,40271333201,102,Ethereum,ETH-USD,Crypto,Cryptocurrency,https://1drv.ms/i/c/8705623eb284e7df/IQRB032Is1qmSqWe2uA2YrV2AVzGXU-EocnTDqBITRLSmRo?width=1140&height=760
28-10-2025,3982.262451,4173.505371,3940.834229,4120.274902,39684155177,102,Ethereum,ETH-USD,Crypto,Cryptocurrency,https://1drv.ms/i/c/8705623eb284e7df/IQRB032Is1qmSqWe2uA2YrV2AVzGXU-EocnTDqBITRLSmRo?width=1140&height=760
29-10-2025,3903.353027,4036.353027,3849.538818,3980.759033,35255876156,102,Ethereum,ETH-USD,Crypto,Cryptocurrency,https://1drv.ms/i/c/8705623eb284e7df/IQRB032Is1qmSqWe2uA2YrV2AVzGXU-EocnTDqBITRLSmRo?width=1140&height=760
30-10-2025,3804.375244,3948.222656,3681.909424,3903.32251,39981939289,102,Ethereum,ETH-USD,Crypto,Cryptocurrency,https://1drv.ms/i/c/8705623eb284e7df/IQRB032Is1qmSqWe2uA2YrV2AVzGXU-EocnTDqBITRLSmRo?width=1140&height=760
31-10-2025,3847.080322,3900.580322,3797.669189,3805.082764,37800100395,102,Ethereum,ETH-USD,Crypto,Cryptocurrency,https://1drv.ms/i/c/8705623eb284e7df/IQRB032Is1qmSqWe2uA2YrV2AVzGXU-EocnTDqBITRLSmRo?width=1140&height=760
01-11-2025,3874.187988,3906.780273,3832.634766,3847.171387,17490279524,102,Ethereum,ETH-USD,Crypto,Cryptocurrency,https://1drv.ms/i/c/8705623eb284e7df/IQRB032Is1qmSqWe2uA2YrV2AVzGXU-EocnTDqBITRLSmRo?width=1140&height=760
02-11-2025,3911.063232,3914.875488,3839.997314,3873.894287,20479611654,102,Ethereum,ETH-USD,Crypto,Cryptocurrency,https://1drv.ms/i/c/8705623eb284e7df/IQRB032Is1qmSqWe2uA2YrV2AVzGXU-EocnTDqBITRLSmRo?width=1140&height=760
03-11-2025,3602.308105,3912.633301,3560.263672,3911.747803,53091469560,102,Ethereum,ETH-USD,Crypto,Cryptocurrency,https://1drv.ms/i/c/8705623eb284e7df/IQRB032Is1qmSqWe2uA2YrV2AVzGXU-EocnTDqBITRLSmRo?width=1140&height=760
04-11-2025,3292.574463,3652.687256,3063.086914,3602.040771,76827517773,102,Ethereum,ETH-USD,Crypto,Cryptocurrency,https://1drv.ms/i/c/8705623eb284e7df/IQRB032Is1qmSqWe2uA2YrV2AVzGXU-EocnTDqBITRLSmRo?width=1140&height=760
05-11-2025,3425.171143,3479.80957,3170.513916,3292.148193,46955882330,102,Ethereum,ETH-USD,Crypto,Cryptocurrency,https://1drv.ms/i/c/8705623eb284e7df/IQRB032Is1qmSqWe2uA2YrV2AVzGXU-EocnTDqBITRLSmRo?width=1140&height=760
06-11-2025,3312.257813,3454.335938,3245.281738,3425.361084,36731850433,102,Ethereum,ETH-USD,Crypto,Cryptocurrency,https://1drv.ms/i/c/8705623eb284e7df/IQRB032Is1qmSqWe2uA2YrV2AVzGXU-EocnTDqBITRLSmRo?width=1140&height=760
07-11-2025,3435.301025,3471.804932,3195.896729,3312.029297,42609994022,102,Ethereum,ETH-USD,Crypto,Cryptocurrency,https://1drv.ms/i/c/8705623eb284e7df/IQRB032Is1qmSqWe2uA2YrV2AVzGXU-EocnTDqBITRLSmRo?width=1140&height=760
08-11-2025,3400.375977,3482.268311,3357.713135,3435.147461,23613870398,102,Ethereum,ETH-USD,Crypto,Cryptocurrency,https://1drv.ms/i/c/8705623eb284e7df/IQRB032Is1qmSqWe2uA2YrV2AVzGXU-EocnTDqBITRLSmRo?width=1140&height=760
09-11-2025,3582.621338,3616.437012,3359.717529,3400.098633,28821543888,102,Ethereum,ETH-USD,Crypto,Cryptocurrency,https://1drv.ms/i/c/8705623eb284e7df/IQRB032Is1qmSqWe2uA2YrV2AVzGXU-EocnTDqBITRLSmRo?width=1140&height=760
10-11-2025,3568.459961,3656.148926,3508.98584,3583.444824,35638045619,102,Ethereum,ETH-USD,Crypto,Cryptocurrency,https://1drv.ms/i/c/8705623eb284e7df/IQRB032Is1qmSqWe2uA2YrV2AVzGXU-EocnTDqBITRLSmRo?width=1140&height=760
11-11-2025,3415.282227,3644.52832,3404.861816,3568.472656,39734688531,102,Ethereum,ETH-USD,Crypto,Cryptocurrency,https://1drv.ms/i/c/8705623eb284e7df/IQRB032Is1qmSqWe2uA2YrV2AVzGXU-EocnTDqBITRLSmRo?width=1140&height=760
12-11-2025,3413.094238,3586.013916,3373.71167,3415.795898,34898956623,102,Ethereum,ETH-USD,Crypto,Cryptocurrency,https://1drv.ms/i/c/8705623eb284e7df/IQRB032Is1qmSqWe2uA2YrV2AVzGXU-EocnTDqBITRLSmRo?width=1140&height=760
13-11-2025,3232.75708,3561.86084,3156.030762,3412.994873,50283416669,102,Ethereum,ETH-USD,Crypto,Cryptocurrency,https://1drv.ms/i/c/8705623eb284e7df/IQRB032Is1qmSqWe2uA2YrV2AVzGXU-EocnTDqBITRLSmRo?width=1140&height=760
14-11-2025,3103.785645,3252.660889,3071.970703,3232.295166,47003809463,102,Ethereum,ETH-USD,Crypto,Cryptocurrency,https://1drv.ms/i/c/8705623eb284e7df/IQRB032Is1qmSqWe2uA2YrV2AVzGXU-EocnTDqBITRLSmRo?width=1140&height=760
15-11-2025,3166.631348,3227.690186,3104.230225,3104.230225,19932940649,102,Ethereum,ETH-USD,Crypto,Cryptocurrency,https://1drv.ms/i/c/8705623eb284e7df/IQRB032Is1qmSqWe2uA2YrV2AVzGXU-EocnTDqBITRLSmRo?width=1140&height=760
16-11-2025,3092.847412,3244.837646,3007.072754,3166.793457,30987886524,102,Ethereum,ETH-USD,Crypto,Cryptocurrency,https://1drv.ms/i/c/8705623eb284e7df/IQRB032Is1qmSqWe2uA2YrV2AVzGXU-EocnTDqBITRLSmRo?width=1140&height=760
17-11-2025,3024.538818,3218.130371,2957.30957,3092.94165,41026793235,102,Ethereum,ETH-USD,Crypto,Cryptocurrency,https://1drv.ms/i/c/8705623eb284e7df/IQRB032Is1qmSqWe2uA2YrV2AVzGXU-EocnTDqBITRLSmRo?width=1140&height=760
18-11-2025,3122.979004,3167.932617,2948.329346,3024.414063,41581494270,102,Ethereum,ETH-USD,Crypto,Cryptocurrency,https://1drv.ms/i/c/8705623eb284e7df/IQRB032Is1qmSqWe2uA2YrV2AVzGXU-EocnTDqBITRLSmRo?width=1140&height=760
19-11-2025,3023.070801,3122.645996,2871.228027,3122.645996,40229739844,102,Ethereum,ETH-USD,Crypto,Cryptocurrency,https://1drv.ms/i/c/8705623eb284e7df/IQRB032Is1qmSqWe2uA2YrV2AVzGXU-EocnTDqBITRLSmRo?width=1140&height=760
20-11-2025,2831.777588,3057.788574,2790.5979,3022.885498,43917885207,102,Ethereum,ETH-USD,Crypto,Cryptocurrency,https://1drv.ms/i/c/8705623eb284e7df/IQRB032Is1qmSqWe2uA2YrV2AVzGXU-EocnTDqBITRLSmRo?width=1140&height=760
21-11-2025,2765.699219,2880.603027,2626.871582,2829.264648,51476486049,102,Ethereum,ETH-USD,Crypto,Cryptocurrency,https://1drv.ms/i/c/8705623eb284e7df/IQRB032Is1qmSqWe2uA2YrV2AVzGXU-EocnTDqBITRLSmRo?width=1140&height=760
22-11-2025,2767.607422,2795.426758,2704.502197,2766.090576,15408928941,102,Ethereum,ETH-USD,Crypto,Cryptocurrency,https://1drv.ms/i/c/8705623eb284e7df/IQRB032Is1qmSqWe2uA2YrV2AVzGXU-EocnTDqBITRLSmRo?width=1140&height=760
23-11-2025,2801.676025,2856.446533,2767.4729,2767.594971,20358404499,102,Ethereum,ETH-USD,Crypto,Cryptocurrency,https://1drv.ms/i/c/8705623eb284e7df/IQRB032Is1qmSqWe2uA2YrV2AVzGXU-EocnTDqBITRLSmRo?width=1140&height=760
24-11-2025,2952.713379,2982.822021,2763.37793,2801.204346,32491657389,102,Ethereum,ETH-USD,Crypto,Cryptocurrency,https://1drv.ms/i/c/8705623eb284e7df/IQRB032Is1qmSqWe2uA2YrV2AVzGXU-EocnTDqBITRLSmRo?width=1140&height=760
25-11-2025,2957.936279,2978.704346,2857.835938,2952.584473,23336017779,102,Ethereum,ETH-USD,Crypto,Cryptocurrency,https://1drv.ms/i/c/8705623eb284e7df/IQRB032Is1qmSqWe2uA2YrV2AVzGXU-EocnTDqBITRLSmRo?width=1140&height=760
26-11-2025,3027.812012,3043.927002,2889.890625,2958.32959,21433162961,102,Ethereum,ETH-USD,Crypto,Cryptocurrency,https://1drv.ms/i/c/8705623eb284e7df/IQRB032Is1qmSqWe2uA2YrV2AVzGXU-EocnTDqBITRLSmRo?width=1140&height=760
27-11-2025,3014.542236,3070.731934,2987.197754,3027.799072,16972780500,102,Ethereum,ETH-USD,Crypto,Cryptocurrency,https://1drv.ms/i/c/8705623eb284e7df/IQRB032Is1qmSqWe2uA2YrV2AVzGXU-EocnTDqBITRLSmRo?width=1140&height=760
28-11-2025,3032.304443,3095.033203,2995.765137,3014.543701,20659958964,102,Ethereum,ETH-USD,Crypto,Cryptocurrency,https://1drv.ms/i/c/8705623eb284e7df/IQRB032Is1qmSqWe2uA2YrV2AVzGXU-EocnTDqBITRLSmRo?width=1140&height=760
29-11-2025,2991.685303,3051.962891,2966.85083,3032.29541,12775481230,102,Ethereum,ETH-USD,Crypto,Cryptocurrency,https://1drv.ms/i/c/8705623eb284e7df/IQRB032Is1qmSqWe2uA2YrV2AVzGXU-EocnTDqBITRLSmRo?width=1140&height=760
30-11-2025,2992.112549,3051.5979,2978.826172,2991.375244,11530446514,102,Ethereum,ETH-USD,Crypto,Cryptocurrency,https://1drv.ms/i/c/8705623eb284e7df/IQRB032Is1qmSqWe2uA2YrV2AVzGXU-EocnTDqBITRLSmRo?width=1140&height=760
01-12-2025,2800.188965,2996.881836,2720.436523,2991.923096,36679598313,102,Ethereum,ETH-USD,Crypto,Cryptocurrency,https://1drv.ms/i/c/8705623eb284e7df/IQRB032Is1qmSqWe2uA2YrV2AVzGXU-EocnTDqBITRLSmRo?width=1140&height=760
02-12-2025,2997.939697,3032.76123,2784.390625,2800.223145,26593645111,102,Ethereum,ETH-USD,Crypto,Cryptocurrency,https://1drv.ms/i/c/8705623eb284e7df/IQRB032Is1qmSqWe2uA2YrV2AVzGXU-EocnTDqBITRLSmRo?width=1140&height=760
03-12-2025,3191.571777,3212.559814,2988.14209,2997.801514,29949301036,102,Ethereum,ETH-USD,Crypto,Cryptocurrency,https://1drv.ms/i/c/8705623eb284e7df/IQRB032Is1qmSqWe2uA2YrV2AVzGXU-EocnTDqBITRLSmRo?width=1140&height=760
04-12-2025,3134.316406,3238.55542,3071.310059,3188.343506,27434991113,102,Ethereum,ETH-USD,Crypto,Cryptocurrency,https://1drv.ms/i/c/8705623eb284e7df/IQRB032Is1qmSqWe2uA2YrV2AVzGXU-EocnTDqBITRLSmRo?width=1140&height=760
05-12-2025,3024.432861,3192.457031,2989.831543,3134.357422,28000268228,102,Ethereum,ETH-USD,Crypto,Cryptocurrency,https://1drv.ms/i/c/8705623eb284e7df/IQRB032Is1qmSqWe2uA2YrV2AVzGXU-EocnTDqBITRLSmRo?width=1140&height=760
06-12-2025,3040.207764,3067.661377,3013.981934,3024.487549,10962819760,102,Ethereum,ETH-USD,Crypto,Cryptocurrency,https://1drv.ms/i/c/8705623eb284e7df/IQRB032Is1qmSqWe2uA2YrV2AVzGXU-EocnTDqBITRLSmRo?width=1140&height=760
07-12-2025,3061.301758,3148.773438,2930.645264,3040.179199,20383496376,102,Ethereum,ETH-USD,Crypto,Cryptocurrency,https://1drv.ms/i/c/8705623eb284e7df/IQRB032Is1qmSqWe2uA2YrV2AVzGXU-EocnTDqBITRLSmRo?width=1140&height=760
08-12-2025,3125.197998,3177.867676,3043.703857,3061.013672,25262165670,102,Ethereum,ETH-USD,Crypto,Cryptocurrency,https://1drv.ms/i/c/8705623eb284e7df/IQRB032Is1qmSqWe2uA2YrV2AVzGXU-EocnTDqBITRLSmRo?width=1140&height=760
09-12-2025,3321.11499,3395.838623,3092.876465,3124.942627,32012553374,102,Ethereum,ETH-USD,Crypto,Cryptocurrency,https://1drv.ms/i/c/8705623eb284e7df/IQRB032Is1qmSqWe2uA2YrV2AVzGXU-EocnTDqBITRLSmRo?width=1140&height=760
10-12-2025,3325.390137,3446.622803,3290.146973,3321.204102,30694387989,102,Ethereum,ETH-USD,Crypto,Cryptocurrency,https://1drv.ms/i/c/8705623eb284e7df/IQRB032Is1qmSqWe2uA2YrV2AVzGXU-EocnTDqBITRLSmRo?width=1140&height=760
11-12-2025,3237.056885,3327.344482,3149.034424,3324.386719,29066243707,102,Ethereum,ETH-USD,Crypto,Cryptocurrency,https://1drv.ms/i/c/8705623eb284e7df/IQRB032Is1qmSqWe2uA2YrV2AVzGXU-EocnTDqBITRLSmRo?width=1140&height=760
12-12-2025,3084.172607,3265.372559,3050.267334,3237.025635,24391003174,102,Ethereum,ETH-USD,Crypto,Cryptocurrency,https://1drv.ms/i/c/8705623eb284e7df/IQRB032Is1qmSqWe2uA2YrV2AVzGXU-EocnTDqBITRLSmRo?width=1140&height=760
13-12-2025,3116.695313,3134.849365,3080.078613,3084.129639,9916869400,102,Ethereum,ETH-USD,Crypto,Cryptocurrency,https://1drv.ms/i/c/8705623eb284e7df/IQRB032Is1qmSqWe2uA2YrV2AVzGXU-EocnTDqBITRLSmRo?width=1140&height=760
14-12-2025,3060.594727,3128.622803,3034.692627,3116.743896,15619543350,102,Ethereum,ETH-USD,Crypto,Cryptocurrency,https://1drv.ms/i/c/8705623eb284e7df/IQRB032Is1qmSqWe2uA2YrV2AVzGXU-EocnTDqBITRLSmRo?width=1140&height=760
15-12-2025,2964.183105,3175.118164,2899.685791,3060.481445,28765976892,102,Ethereum,ETH-USD,Crypto,Cryptocurrency,https://1drv.ms/i/c/8705623eb284e7df/IQRB032Is1qmSqWe2uA2YrV2AVzGXU-EocnTDqBITRLSmRo?width=1140&height=760
16-12-2025,2964.180908,2978.921387,2890.011719,2964.379639,22709189818,102,Ethereum,ETH-USD,Crypto,Cryptocurrency,https://1drv.ms/i/c/8705623eb284e7df/IQRB032Is1qmSqWe2uA2YrV2AVzGXU-EocnTDqBITRLSmRo?width=1140&height=760
17-12-2025,2831.403564,3025.81543,2791.333984,2964.019531,26159825528,102,Ethereum,ETH-USD,Crypto,Cryptocurrency,https://1drv.ms/i/c/8705623eb284e7df/IQRB032Is1qmSqWe2uA2YrV2AVzGXU-EocnTDqBITRLSmRo?width=1140&height=760
18-12-2025,2827.069092,2994.552734,2777.119629,2831.488281,29194181349,102,Ethereum,ETH-USD,Crypto,Cryptocurrency,https://1drv.ms/i/c/8705623eb284e7df/IQRB032Is1qmSqWe2uA2YrV2AVzGXU-EocnTDqBITRLSmRo?width=1140&height=760
19-12-2025,2977.970703,3014.612305,2811.391602,2827.4104,27870687989,102,Ethereum,ETH-USD,Crypto,Cryptocurrency,https://1drv.ms/i/c/8705623eb284e7df/IQRB032Is1qmSqWe2uA2YrV2AVzGXU-EocnTDqBITRLSmRo?width=1140&height=760
20-12-2025,2977.58252,2992.310059,2967.838623,2977.869141,7612418215,102,Ethereum,ETH-USD,Crypto,Cryptocurrency,https://1drv.ms/i/c/8705623eb284e7df/IQRB032Is1qmSqWe2uA2YrV2AVzGXU-EocnTDqBITRLSmRo?width=1140&height=760
21-12-2025,3001.61377,3009.807129,2945.394775,2977.508545,11178096676,102,Ethereum,ETH-USD,Crypto,Cryptocurrency,https://1drv.ms/i/c/8705623eb284e7df/IQRB032Is1qmSqWe2uA2YrV2AVzGXU-EocnTDqBITRLSmRo?width=1140&height=760
22-12-2025,3006.07373,3073.35376,2965.175049,3001.612793,20342034264,102,Ethereum,ETH-USD,Crypto,Cryptocurrency,https://1drv.ms/i/c/8705623eb284e7df/IQRB032Is1qmSqWe2uA2YrV2AVzGXU-EocnTDqBITRLSmRo?width=1140&height=760
23-12-2025,2963.374023,3033.196289,2902.333008,3006.073975,21453213168,102,Ethereum,ETH-USD,Crypto,Cryptocurrency,https://1drv.ms/i/c/8705623eb284e7df/IQRB032Is1qmSqWe2uA2YrV2AVzGXU-EocnTDqBITRLSmRo?width=1140&height=760
24-12-2025,2945.590576,2975.171143,2888.988037,2962.922607,13984770325,102,Ethereum,ETH-USD,Crypto,Cryptocurrency,https://1drv.ms/i/c/8705623eb284e7df/IQRB032Is1qmSqWe2uA2YrV2AVzGXU-EocnTDqBITRLSmRo?width=1140&height=760
25-12-2025,2903.57959,2968.705078,2891.108887,2945.423096,11828871179,102,Ethereum,ETH-USD,Crypto,Cryptocurrency,https://1drv.ms/i/c/8705623eb284e7df/IQRB032Is1qmSqWe2uA2YrV2AVzGXU-EocnTDqBITRLSmRo?width=1140&height=760
26-12-2025,2925.745605,2991.219971,2894.153809,2903.625,18562196049,102,Ethereum,ETH-USD,Crypto,Cryptocurrency,https://1drv.ms/i/c/8705623eb284e7df/IQRB032Is1qmSqWe2uA2YrV2AVzGXU-EocnTDqBITRLSmRo?width=1140&height=760
27-12-2025,2947.998291,2957.300537,2917.27124,2925.745117,7378783299,102,Ethereum,ETH-USD,Crypto,Cryptocurrency,https://1drv.ms/i/c/8705623eb284e7df/IQRB032Is1qmSqWe2uA2YrV2AVzGXU-EocnTDqBITRLSmRo?width=1140&height=760
28-12-2025,2948.568115,2957.138672,2925.745361,2947.898193,9227601389,102,Ethereum,ETH-USD,Crypto,Cryptocurrency,https://1drv.ms/i/c/8705623eb284e7df/IQRB032Is1qmSqWe2uA2YrV2AVzGXU-EocnTDqBITRLSmRo?width=1140&height=760
29-12-2025,2934.53833,3051.941895,2908.748047,2948.559082,25957694515,102,Ethereum,ETH-USD,Crypto,Cryptocurrency,https://1drv.ms/i/c/8705623eb284e7df/IQRB032Is1qmSqWe2uA2YrV2AVzGXU-EocnTDqBITRLSmRo?width=1140&height=760
30-12-2025,2971.416748,3002.804688,2916.330078,2934.41626,18816704381,102,Ethereum,ETH-USD,Crypto,Cryptocurrency,https://1drv.ms/i/c/8705623eb284e7df/IQRB032Is1qmSqWe2uA2YrV2AVzGXU-EocnTDqBITRLSmRo?width=1140&height=760
31-12-2025,2967.037598,3021.849609,2959.143799,2971.407471,16451891101,102,Ethereum,ETH-USD,Crypto,Cryptocurrency,https://1drv.ms/i/c/8705623eb284e7df/IQRB032Is1qmSqWe2uA2YrV2AVzGXU-EocnTDqBITRLSmRo?width=1140&height=760
