Date,Close,High,Low,Open,Volume,AssetID,AssetName,Ticker,AssetType,Sector,Logo
01-01-2021,1109.599487,1114.045147,1105.506085,1107.354735,4253550,4,Infosys,INFY.NS,Stock,IT,https://1drv.ms/i/c/8705623eb284e7df/IQT7BLuLn8NmSrBq_1EWBFM3Ad1wmFhP7KEr_Zxm8MK0ETI?width=600&height=600
04-01-2021,1134.07251,1135.61307,1110.215854,1117.126346,7208454,4,Infosys,INFY.NS,Stock,IT,https://1drv.ms/i/c/8705623eb284e7df/IQT7BLuLn8NmSrBq_1EWBFM3Ad1wmFhP7KEr_Zxm8MK0ETI?width=600&height=600
05-01-2021,1138.958496,1143.536119,1122.45249,1128.570673,8145280,4,Infosys,INFY.NS,Stock,IT,https://1drv.ms/i/c/8705623eb284e7df/IQT7BLuLn8NmSrBq_1EWBFM3Ad1wmFhP7KEr_Zxm8MK0ETI?width=600&height=600
06-01-2021,1128.658569,1146.176964,1116.290134,1144.416323,7161715,4,Infosys,INFY.NS,Stock,IT,https://1drv.ms/i/c/8705623eb284e7df/IQT7BLuLn8NmSrBq_1EWBFM3Ad1wmFhP7KEr_Zxm8MK0ETI?width=600&height=600
07-01-2021,1111.096069,1142.347434,1105.241919,1140.894884,10954918,4,Infosys,INFY.NS,Stock,IT,https://1drv.ms/i/c/8705623eb284e7df/IQT7BLuLn8NmSrBq_1EWBFM3Ad1wmFhP7KEr_Zxm8MK0ETI?width=600&height=600
08-01-2021,1155.068115,1159.205685,1125.269298,1125.269298,13186251,4,Infosys,INFY.NS,Stock,IT,https://1drv.ms/i/c/8705623eb284e7df/IQT7BLuLn8NmSrBq_1EWBFM3Ad1wmFhP7KEr_Zxm8MK0ETI?width=600&height=600
11-01-2021,1211.496704,1217.791015,1179.629154,1181.477805,20528626,4,Infosys,INFY.NS,Stock,IT,https://1drv.ms/i/c/8705623eb284e7df/IQT7BLuLn8NmSrBq_1EWBFM3Ad1wmFhP7KEr_Zxm8MK0ETI?width=600&height=600
12-01-2021,1207.579346,1213.081347,1197.235582,1213.081347,8309868,4,Infosys,INFY.NS,Stock,IT,https://1drv.ms/i/c/8705623eb284e7df/IQT7BLuLn8NmSrBq_1EWBFM3Ad1wmFhP7KEr_Zxm8MK0ETI?width=600&height=600
13-01-2021,1221.136108,1226.109939,1197.235395,1209.427808,14442997,4,Infosys,INFY.NS,Stock,IT,https://1drv.ms/i/c/8705623eb284e7df/IQT7BLuLn8NmSrBq_1EWBFM3Ad1wmFhP7KEr_Zxm8MK0ETI?width=600&height=600
14-01-2021,1206.478882,1218.363205,1160.658171,1197.235519,27521697,4,Infosys,INFY.NS,Stock,IT,https://1drv.ms/i/c/8705623eb284e7df/IQT7BLuLn8NmSrBq_1EWBFM3Ad1wmFhP7KEr_Zxm8MK0ETI?width=600&height=600
15-01-2021,1183.986572,1201.152816,1179.62903,1197.235434,15018441,4,Infosys,INFY.NS,Stock,IT,https://1drv.ms/i/c/8705623eb284e7df/IQT7BLuLn8NmSrBq_1EWBFM3Ad1wmFhP7KEr_Zxm8MK0ETI?width=600&height=600
18-01-2021,1155.024292,1179.629201,1149.698311,1177.868561,8861765,4,Infosys,INFY.NS,Stock,IT,https://1drv.ms/i/c/8705623eb284e7df/IQT7BLuLn8NmSrBq_1EWBFM3Ad1wmFhP7KEr_Zxm8MK0ETI?width=600&height=600
19-01-2021,1159.073853,1171.706429,1154.980341,1162.022904,5585744,4,Infosys,INFY.NS,Stock,IT,https://1drv.ms/i/c/8705623eb284e7df/IQT7BLuLn8NmSrBq_1EWBFM3Ad1wmFhP7KEr_Zxm8MK0ETI?width=600&height=600
20-01-2021,1179.144897,1187.023828,1162.506931,1162.506931,8225838,4,Infosys,INFY.NS,Stock,IT,https://1drv.ms/i/c/8705623eb284e7df/IQT7BLuLn8NmSrBq_1EWBFM3Ad1wmFhP7KEr_Zxm8MK0ETI?width=600&height=600
21-01-2021,1179.36499,1198.159913,1175.227528,1188.432332,6142421,4,Infosys,INFY.NS,Stock,IT,https://1drv.ms/i/c/8705623eb284e7df/IQT7BLuLn8NmSrBq_1EWBFM3Ad1wmFhP7KEr_Zxm8MK0ETI?width=600&height=600
22-01-2021,1180.377441,1193.714315,1167.788926,1168.185027,9646591,4,Infosys,INFY.NS,Stock,IT,https://1drv.ms/i/c/8705623eb284e7df/IQT7BLuLn8NmSrBq_1EWBFM3Ad1wmFhP7KEr_Zxm8MK0ETI?width=600&height=600
25-01-2021,1166.512451,1186.583798,1155.860597,1184.030847,6542611,4,Infosys,INFY.NS,Stock,IT,https://1drv.ms/i/c/8705623eb284e7df/IQT7BLuLn8NmSrBq_1EWBFM3Ad1wmFhP7KEr_Zxm8MK0ETI?width=600&height=600
27-01-2021,1145.296753,1168.669301,1131.299638,1161.67069,8133665,4,Infosys,INFY.NS,Stock,IT,https://1drv.ms/i/c/8705623eb284e7df/IQT7BLuLn8NmSrBq_1EWBFM3Ad1wmFhP7KEr_Zxm8MK0ETI?width=600&height=600
28-01-2021,1123.464722,1141.291208,1120.251639,1137.197804,4660690,4,Infosys,INFY.NS,Stock,IT,https://1drv.ms/i/c/8705623eb284e7df/IQT7BLuLn8NmSrBq_1EWBFM3Ad1wmFhP7KEr_Zxm8MK0ETI?width=600&height=600
29-01-2021,1090.760986,1136.625656,1083.674364,1132.312064,12183519,4,Infosys,INFY.NS,Stock,IT,https://1drv.ms/i/c/8705623eb284e7df/IQT7BLuLn8NmSrBq_1EWBFM3Ad1wmFhP7KEr_Zxm8MK0ETI?width=600&height=600
01-02-2021,1109.996094,1125.005493,1092.477695,1100.884798,8880279,4,Infosys,INFY.NS,Stock,IT,https://1drv.ms/i/c/8705623eb284e7df/IQT7BLuLn8NmSrBq_1EWBFM3Ad1wmFhP7KEr_Zxm8MK0ETI?width=600&height=600
02-02-2021,1119.107056,1139.48649,1112.372585,1126.809857,6892490,4,Infosys,INFY.NS,Stock,IT,https://1drv.ms/i/c/8705623eb284e7df/IQT7BLuLn8NmSrBq_1EWBFM3Ad1wmFhP7KEr_Zxm8MK0ETI?width=600&height=600
03-02-2021,1130.903564,1147.937742,1120.647811,1124.741322,8182968,4,Infosys,INFY.NS,Stock,IT,https://1drv.ms/i/c/8705623eb284e7df/IQT7BLuLn8NmSrBq_1EWBFM3Ad1wmFhP7KEr_Zxm8MK0ETI?width=600&height=600
04-02-2021,1126.237793,1138.606337,1119.811519,1131.211624,5032240,4,Infosys,INFY.NS,Stock,IT,https://1drv.ms/i/c/8705623eb284e7df/IQT7BLuLn8NmSrBq_1EWBFM3Ad1wmFhP7KEr_Zxm8MK0ETI?width=600&height=600
05-02-2021,1119.855469,1134.512824,1110.964255,1132.444092,5477481,4,Infosys,INFY.NS,Stock,IT,https://1drv.ms/i/c/8705623eb284e7df/IQT7BLuLn8NmSrBq_1EWBFM3Ad1wmFhP7KEr_Zxm8MK0ETI?width=600&height=600
08-02-2021,1147.541748,1153.219772,1122.848717,1131.651921,6921922,4,Infosys,INFY.NS,Stock,IT,https://1drv.ms/i/c/8705623eb284e7df/IQT7BLuLn8NmSrBq_1EWBFM3Ad1wmFhP7KEr_Zxm8MK0ETI?width=600&height=600
09-02-2021,1149.302368,1172.5868,1142.523836,1150.490779,7965949,4,Infosys,INFY.NS,Stock,IT,https://1drv.ms/i/c/8705623eb284e7df/IQT7BLuLn8NmSrBq_1EWBFM3Ad1wmFhP7KEr_Zxm8MK0ETI?width=600&height=600
10-02-2021,1141.335205,1148.245698,1129.979052,1140.719024,5951207,4,Infosys,INFY.NS,Stock,IT,https://1drv.ms/i/c/8705623eb284e7df/IQT7BLuLn8NmSrBq_1EWBFM3Ad1wmFhP7KEr_Zxm8MK0ETI?width=600&height=600
11-02-2021,1137.946045,1140.895096,1129.494992,1134.732854,4673317,4,Infosys,INFY.NS,Stock,IT,https://1drv.ms/i/c/8705623eb284e7df/IQT7BLuLn8NmSrBq_1EWBFM3Ad1wmFhP7KEr_Zxm8MK0ETI?width=600&height=600
12-02-2021,1153.043579,1165.324004,1145.780937,1148.817999,5797875,4,Infosys,INFY.NS,Stock,IT,https://1drv.ms/i/c/8705623eb284e7df/IQT7BLuLn8NmSrBq_1EWBFM3Ad1wmFhP7KEr_Zxm8MK0ETI?width=600&height=600
15-02-2021,1152.911377,1169.417381,1150.666517,1162.02267,4363513,4,Infosys,INFY.NS,Stock,IT,https://1drv.ms/i/c/8705623eb284e7df/IQT7BLuLn8NmSrBq_1EWBFM3Ad1wmFhP7KEr_Zxm8MK0ETI?width=600&height=600
16-02-2021,1135.965454,1161.802836,1132.092023,1156.740994,6896421,4,Infosys,INFY.NS,Stock,IT,https://1drv.ms/i/c/8705623eb284e7df/IQT7BLuLn8NmSrBq_1EWBFM3Ad1wmFhP7KEr_Zxm8MK0ETI?width=600&height=600
17-02-2021,1127.954468,1139.574653,1122.408407,1135.965361,4575741,4,Infosys,INFY.NS,Stock,IT,https://1drv.ms/i/c/8705623eb284e7df/IQT7BLuLn8NmSrBq_1EWBFM3Ad1wmFhP7KEr_Zxm8MK0ETI?width=600&height=600
18-02-2021,1137.769775,1149.698157,1122.408231,1123.288551,6437551,4,Infosys,INFY.NS,Stock,IT,https://1drv.ms/i/c/8705623eb284e7df/IQT7BLuLn8NmSrBq_1EWBFM3Ad1wmFhP7KEr_Zxm8MK0ETI?width=600&height=600
19-02-2021,1136.757568,1143.976151,1123.992925,1140.983041,5389696,4,Infosys,INFY.NS,Stock,IT,https://1drv.ms/i/c/8705623eb284e7df/IQT7BLuLn8NmSrBq_1EWBFM3Ad1wmFhP7KEr_Zxm8MK0ETI?width=600&height=600
22-02-2021,1113.781372,1151.943349,1109.203749,1140.014964,7371303,4,Infosys,INFY.NS,Stock,IT,https://1drv.ms/i/c/8705623eb284e7df/IQT7BLuLn8NmSrBq_1EWBFM3Ad1wmFhP7KEr_Zxm8MK0ETI?width=600&height=600
23-02-2021,1114.793457,1136.493371,1107.046704,1119.019037,6612942,4,Infosys,INFY.NS,Stock,IT,https://1drv.ms/i/c/8705623eb284e7df/IQT7BLuLn8NmSrBq_1EWBFM3Ad1wmFhP7KEr_Zxm8MK0ETI?width=600&height=600
24-02-2021,1121.792358,1123.817031,1102.16117,1109.247792,4537258,4,Infosys,INFY.NS,Stock,IT,https://1drv.ms/i/c/8705623eb284e7df/IQT7BLuLn8NmSrBq_1EWBFM3Ad1wmFhP7KEr_Zxm8MK0ETI?width=600&height=600
25-02-2021,1122.012207,1144.196234,1119.767347,1134.248572,8788221,4,Infosys,INFY.NS,Stock,IT,https://1drv.ms/i/c/8705623eb284e7df/IQT7BLuLn8NmSrBq_1EWBFM3Ad1wmFhP7KEr_Zxm8MK0ETI?width=600&height=600
26-02-2021,1103.30542,1121.792145,1095.778639,1117.126405,15132388,4,Infosys,INFY.NS,Stock,IT,https://1drv.ms/i/c/8705623eb284e7df/IQT7BLuLn8NmSrBq_1EWBFM3Ad1wmFhP7KEr_Zxm8MK0ETI?width=600&height=600
01-03-2021,1115.365845,1130.77145,1108.323282,1112.108703,5756286,4,Infosys,INFY.NS,Stock,IT,https://1drv.ms/i/c/8705623eb284e7df/IQT7BLuLn8NmSrBq_1EWBFM3Ad1wmFhP7KEr_Zxm8MK0ETI?width=600&height=600
02-03-2021,1148.377686,1153.219447,1126.105542,1128.790561,10461434,4,Infosys,INFY.NS,Stock,IT,https://1drv.ms/i/c/8705623eb284e7df/IQT7BLuLn8NmSrBq_1EWBFM3Ad1wmFhP7KEr_Zxm8MK0ETI?width=600&height=600
03-03-2021,1182.754395,1185.791457,1151.458965,1161.318509,9056399,4,Infosys,INFY.NS,Stock,IT,https://1drv.ms/i/c/8705623eb284e7df/IQT7BLuLn8NmSrBq_1EWBFM3Ad1wmFhP7KEr_Zxm8MK0ETI?width=600&height=600
04-03-2021,1171.133911,1200.624637,1167.216529,1175.227421,12041941,4,Infosys,INFY.NS,Stock,IT,https://1drv.ms/i/c/8705623eb284e7df/IQT7BLuLn8NmSrBq_1EWBFM3Ad1wmFhP7KEr_Zxm8MK0ETI?width=600&height=600
05-03-2021,1159.117676,1179.629181,1148.86203,1169.505498,6486176,4,Infosys,INFY.NS,Stock,IT,https://1drv.ms/i/c/8705623eb284e7df/IQT7BLuLn8NmSrBq_1EWBFM3Ad1wmFhP7KEr_Zxm8MK0ETI?width=600&height=600
08-03-2021,1175.887817,1184.999111,1159.557833,1166.248353,5119392,4,Infosys,INFY.NS,Stock,IT,https://1drv.ms/i/c/8705623eb284e7df/IQT7BLuLn8NmSrBq_1EWBFM3Ad1wmFhP7KEr_Zxm8MK0ETI?width=600&height=600
09-03-2021,1184.514893,1188.828376,1160.922268,1170.38571,6518173,4,Infosys,INFY.NS,Stock,IT,https://1drv.ms/i/c/8705623eb284e7df/IQT7BLuLn8NmSrBq_1EWBFM3Ad1wmFhP7KEr_Zxm8MK0ETI?width=600&height=600
10-03-2021,1204.4104,1209.560253,1192.834165,1194.506796,7925984,4,Infosys,INFY.NS,Stock,IT,https://1drv.ms/i/c/8705623eb284e7df/IQT7BLuLn8NmSrBq_1EWBFM3Ad1wmFhP7KEr_Zxm8MK0ETI?width=600&height=600
12-03-2021,1210.30835,1225.141725,1206.082877,1208.679779,9462061,4,Infosys,INFY.NS,Stock,IT,https://1drv.ms/i/c/8705623eb284e7df/IQT7BLuLn8NmSrBq_1EWBFM3Ad1wmFhP7KEr_Zxm8MK0ETI?width=600&height=600
15-03-2021,1209.207886,1214.753946,1195.915071,1206.038754,6658635,4,Infosys,INFY.NS,Stock,IT,https://1drv.ms/i/c/8705623eb284e7df/IQT7BLuLn8NmSrBq_1EWBFM3Ad1wmFhP7KEr_Zxm8MK0ETI?width=600&height=600
16-03-2021,1218.363403,1237.730452,1215.282282,1220.168103,9352771,4,Infosys,INFY.NS,Stock,IT,https://1drv.ms/i/c/8705623eb284e7df/IQT7BLuLn8NmSrBq_1EWBFM3Ad1wmFhP7KEr_Zxm8MK0ETI?width=600&height=600
17-03-2021,1221.004272,1232.448437,1216.602671,1225.625954,7626744,4,Infosys,INFY.NS,Stock,IT,https://1drv.ms/i/c/8705623eb284e7df/IQT7BLuLn8NmSrBq_1EWBFM3Ad1wmFhP7KEr_Zxm8MK0ETI?width=600&height=600
18-03-2021,1177.076294,1226.946462,1156.300756,1226.946462,10961755,4,Infosys,INFY.NS,Stock,IT,https://1drv.ms/i/c/8705623eb284e7df/IQT7BLuLn8NmSrBq_1EWBFM3Ad1wmFhP7KEr_Zxm8MK0ETI?width=600&height=600
19-03-2021,1183.546509,1193.009951,1160.262081,1170.825924,12767112,4,Infosys,INFY.NS,Stock,IT,https://1drv.ms/i/c/8705623eb284e7df/IQT7BLuLn8NmSrBq_1EWBFM3Ad1wmFhP7KEr_Zxm8MK0ETI?width=600&height=600
22-03-2021,1206.742798,1211.320419,1176.195627,1188.520108,4862758,4,Infosys,INFY.NS,Stock,IT,https://1drv.ms/i/c/8705623eb284e7df/IQT7BLuLn8NmSrBq_1EWBFM3Ad1wmFhP7KEr_Zxm8MK0ETI?width=600&height=600
23-03-2021,1207.403442,1217.703148,1196.88355,1208.195645,7165335,4,Infosys,INFY.NS,Stock,IT,https://1drv.ms/i/c/8705623eb284e7df/IQT7BLuLn8NmSrBq_1EWBFM3Ad1wmFhP7KEr_Zxm8MK0ETI?width=600&height=600
24-03-2021,1191.733521,1206.434825,1185.131119,1195.342812,6134303,4,Infosys,INFY.NS,Stock,IT,https://1drv.ms/i/c/8705623eb284e7df/IQT7BLuLn8NmSrBq_1EWBFM3Ad1wmFhP7KEr_Zxm8MK0ETI?width=600&height=600
25-03-2021,1174.171143,1190.633088,1168.713093,1185.571246,8749994,4,Infosys,INFY.NS,Stock,IT,https://1drv.ms/i/c/8705623eb284e7df/IQT7BLuLn8NmSrBq_1EWBFM3Ad1wmFhP7KEr_Zxm8MK0ETI?width=600&height=600
26-03-2021,1176.283936,1194.330502,1172.586633,1183.766658,4922071,4,Infosys,INFY.NS,Stock,IT,https://1drv.ms/i/c/8705623eb284e7df/IQT7BLuLn8NmSrBq_1EWBFM3Ad1wmFhP7KEr_Zxm8MK0ETI?width=600&height=600
30-03-2021,1219.50769,1232.448355,1176.239928,1185.703371,10546381,4,Infosys,INFY.NS,Stock,IT,https://1drv.ms/i/c/8705623eb284e7df/IQT7BLuLn8NmSrBq_1EWBFM3Ad1wmFhP7KEr_Zxm8MK0ETI?width=600&height=600
31-03-2021,1204.322266,1221.884613,1200.140744,1216.602691,8220987,4,Infosys,INFY.NS,Stock,IT,https://1drv.ms/i/c/8705623eb284e7df/IQT7BLuLn8NmSrBq_1EWBFM3Ad1wmFhP7KEr_Zxm8MK0ETI?width=600&height=600
01-04-2021,1219.419556,1225.053627,1206.919051,1214.841933,5675155,4,Infosys,INFY.NS,Stock,IT,https://1drv.ms/i/c/8705623eb284e7df/IQT7BLuLn8NmSrBq_1EWBFM3Ad1wmFhP7KEr_Zxm8MK0ETI?width=600&height=600
05-04-2021,1241.163574,1254.456389,1221.004218,1224.5255,9479572,4,Infosys,INFY.NS,Stock,IT,https://1drv.ms/i/c/8705623eb284e7df/IQT7BLuLn8NmSrBq_1EWBFM3Ad1wmFhP7KEr_Zxm8MK0ETI?width=600&height=600
06-04-2021,1242.176025,1255.336771,1238.126466,1252.69581,5793571,4,Infosys,INFY.NS,Stock,IT,https://1drv.ms/i/c/8705623eb284e7df/IQT7BLuLn8NmSrBq_1EWBFM3Ad1wmFhP7KEr_Zxm8MK0ETI?width=600&height=600
07-04-2021,1259.03418,1263.215702,1238.25864,1241.471831,5879234,4,Infosys,INFY.NS,Stock,IT,https://1drv.ms/i/c/8705623eb284e7df/IQT7BLuLn8NmSrBq_1EWBFM3Ad1wmFhP7KEr_Zxm8MK0ETI?width=600&height=600
08-04-2021,1267.529053,1277.960826,1250.935038,1258.85792,5654434,4,Infosys,INFY.NS,Stock,IT,https://1drv.ms/i/c/8705623eb284e7df/IQT7BLuLn8NmSrBq_1EWBFM3Ad1wmFhP7KEr_Zxm8MK0ETI?width=600&height=600
09-04-2021,1268.585693,1280.866119,1258.902169,1280.866119,6052712,4,Infosys,INFY.NS,Stock,IT,https://1drv.ms/i/c/8705623eb284e7df/IQT7BLuLn8NmSrBq_1EWBFM3Ad1wmFhP7KEr_Zxm8MK0ETI?width=600&height=600
12-04-2021,1255.116577,1300.717208,1245.653135,1297.592029,20384532,4,Infosys,INFY.NS,Stock,IT,https://1drv.ms/i/c/8705623eb284e7df/IQT7BLuLn8NmSrBq_1EWBFM3Ad1wmFhP7KEr_Zxm8MK0ETI?width=600&height=600
13-04-2021,1229.939331,1263.479508,1210.440218,1261.498787,14855206,4,Infosys,INFY.NS,Stock,IT,https://1drv.ms/i/c/8705623eb284e7df/IQT7BLuLn8NmSrBq_1EWBFM3Ad1wmFhP7KEr_Zxm8MK0ETI?width=600&height=600
15-04-2021,1197.895874,1202.869705,1162.022821,1172.850804,25342491,4,Infosys,INFY.NS,Stock,IT,https://1drv.ms/i/c/8705623eb284e7df/IQT7BLuLn8NmSrBq_1EWBFM3Ad1wmFhP7KEr_Zxm8MK0ETI?width=600&height=600
16-04-2021,1191.733521,1206.786975,1185.439209,1201.637123,10879878,4,Infosys,INFY.NS,Stock,IT,https://1drv.ms/i/c/8705623eb284e7df/IQT7BLuLn8NmSrBq_1EWBFM3Ad1wmFhP7KEr_Zxm8MK0ETI?width=600&height=600
19-04-2021,1199.480591,1214.578,1172.894851,1179.629323,12508028,4,Infosys,INFY.NS,Stock,IT,https://1drv.ms/i/c/8705623eb284e7df/IQT7BLuLn8NmSrBq_1EWBFM3Ad1wmFhP7KEr_Zxm8MK0ETI?width=600&height=600
20-04-2021,1189.62085,1213.961728,1181.742026,1213.961728,8560766,4,Infosys,INFY.NS,Stock,IT,https://1drv.ms/i/c/8705623eb284e7df/IQT7BLuLn8NmSrBq_1EWBFM3Ad1wmFhP7KEr_Zxm8MK0ETI?width=600&height=600
22-04-2021,1189.400635,1201.461086,1184.162772,1193.318124,6622446,4,Infosys,INFY.NS,Stock,IT,https://1drv.ms/i/c/8705623eb284e7df/IQT7BLuLn8NmSrBq_1EWBFM3Ad1wmFhP7KEr_Zxm8MK0ETI?width=600&height=600
23-04-2021,1174.171143,1187.023796,1171.706203,1182.270046,7316262,4,Infosys,INFY.NS,Stock,IT,https://1drv.ms/i/c/8705623eb284e7df/IQT7BLuLn8NmSrBq_1EWBFM3Ad1wmFhP7KEr_Zxm8MK0ETI?width=600&height=600
26-04-2021,1182.754395,1189.576877,1162.903129,1172.806732,7088606,4,Infosys,INFY.NS,Stock,IT,https://1drv.ms/i/c/8705623eb284e7df/IQT7BLuLn8NmSrBq_1EWBFM3Ad1wmFhP7KEr_Zxm8MK0ETI?width=600&height=600
27-04-2021,1187.111938,1191.07338,1179.761285,1184.911138,3636115,4,Infosys,INFY.NS,Stock,IT,https://1drv.ms/i/c/8705623eb284e7df/IQT7BLuLn8NmSrBq_1EWBFM3Ad1wmFhP7KEr_Zxm8MK0ETI?width=600&height=600
28-04-2021,1193.714355,1196.795477,1183.678682,1195.474996,4879234,4,Infosys,INFY.NS,Stock,IT,https://1drv.ms/i/c/8705623eb284e7df/IQT7BLuLn8NmSrBq_1EWBFM3Ad1wmFhP7KEr_Zxm8MK0ETI?width=600&height=600
29-04-2021,1194.022583,1205.158658,1189.66504,1204.278337,5412357,4,Infosys,INFY.NS,Stock,IT,https://1drv.ms/i/c/8705623eb284e7df/IQT7BLuLn8NmSrBq_1EWBFM3Ad1wmFhP7KEr_Zxm8MK0ETI?width=600&height=600
30-04-2021,1192.261719,1209.472023,1184.823056,1185.175205,8354677,4,Infosys,INFY.NS,Stock,IT,https://1drv.ms/i/c/8705623eb284e7df/IQT7BLuLn8NmSrBq_1EWBFM3Ad1wmFhP7KEr_Zxm8MK0ETI?width=600&height=600
03-05-2021,1190.236938,1198.115761,1177.868397,1180.333336,4560337,4,Infosys,INFY.NS,Stock,IT,https://1drv.ms/i/c/8705623eb284e7df/IQT7BLuLn8NmSrBq_1EWBFM3Ad1wmFhP7KEr_Zxm8MK0ETI?width=600&height=600
04-05-2021,1170.297852,1192.789971,1165.632111,1191.95371,4887060,4,Infosys,INFY.NS,Stock,IT,https://1drv.ms/i/c/8705623eb284e7df/IQT7BLuLn8NmSrBq_1EWBFM3Ad1wmFhP7KEr_Zxm8MK0ETI?width=600&height=600
05-05-2021,1180.949585,1183.062375,1168.889241,1180.597435,3939788,4,Infosys,INFY.NS,Stock,IT,https://1drv.ms/i/c/8705623eb284e7df/IQT7BLuLn8NmSrBq_1EWBFM3Ad1wmFhP7KEr_Zxm8MK0ETI?width=600&height=600
06-05-2021,1198.643921,1201.372892,1177.340216,1184.030628,4810090,4,Infosys,INFY.NS,Stock,IT,https://1drv.ms/i/c/8705623eb284e7df/IQT7BLuLn8NmSrBq_1EWBFM3Ad1wmFhP7KEr_Zxm8MK0ETI?width=600&height=600
07-05-2021,1190.677002,1208.723564,1187.111663,1201.901083,4991435,4,Infosys,INFY.NS,Stock,IT,https://1drv.ms/i/c/8705623eb284e7df/IQT7BLuLn8NmSrBq_1EWBFM3Ad1wmFhP7KEr_Zxm8MK0ETI?width=600&height=600
10-05-2021,1179.233032,1190.985286,1175.271591,1188.300266,7195348,4,Infosys,INFY.NS,Stock,IT,https://1drv.ms/i/c/8705623eb284e7df/IQT7BLuLn8NmSrBq_1EWBFM3Ad1wmFhP7KEr_Zxm8MK0ETI?width=600&height=600
11-05-2021,1171.398193,1180.509487,1166.512373,1176.900195,6420988,4,Infosys,INFY.NS,Stock,IT,https://1drv.ms/i/c/8705623eb284e7df/IQT7BLuLn8NmSrBq_1EWBFM3Ad1wmFhP7KEr_Zxm8MK0ETI?width=600&height=600
12-05-2021,1168.185181,1170.826142,1157.181176,1170.826142,5241898,4,Infosys,INFY.NS,Stock,IT,https://1drv.ms/i/c/8705623eb284e7df/IQT7BLuLn8NmSrBq_1EWBFM3Ad1wmFhP7KEr_Zxm8MK0ETI?width=600&height=600
14-05-2021,1158.853638,1168.052942,1154.364026,1168.052942,4824609,4,Infosys,INFY.NS,Stock,IT,https://1drv.ms/i/c/8705623eb284e7df/IQT7BLuLn8NmSrBq_1EWBFM3Ad1wmFhP7KEr_Zxm8MK0ETI?width=600&height=600
17-05-2021,1170.297852,1175.183565,1162.286958,1162.286958,5017129,4,Infosys,INFY.NS,Stock,IT,https://1drv.ms/i/c/8705623eb284e7df/IQT7BLuLn8NmSrBq_1EWBFM3Ad1wmFhP7KEr_Zxm8MK0ETI?width=600&height=600
18-05-2021,1179.629272,1183.678725,1170.385909,1177.868632,5620150,4,Infosys,INFY.NS,Stock,IT,https://1drv.ms/i/c/8705623eb284e7df/IQT7BLuLn8NmSrBq_1EWBFM3Ad1wmFhP7KEr_Zxm8MK0ETI?width=600&height=600
19-05-2021,1176.988281,1194.990789,1173.68708,1181.389883,4435878,4,Infosys,INFY.NS,Stock,IT,https://1drv.ms/i/c/8705623eb284e7df/IQT7BLuLn8NmSrBq_1EWBFM3Ad1wmFhP7KEr_Zxm8MK0ETI?width=600&height=600
20-05-2021,1179.012939,1187.640013,1175.227519,1187.023832,4490092,4,Infosys,INFY.NS,Stock,IT,https://1drv.ms/i/c/8705623eb284e7df/IQT7BLuLn8NmSrBq_1EWBFM3Ad1wmFhP7KEr_Zxm8MK0ETI?width=600&height=600
21-05-2021,1192.393921,1195.034882,1185.219289,1186.231678,4969733,4,Infosys,INFY.NS,Stock,IT,https://1drv.ms/i/c/8705623eb284e7df/IQT7BLuLn8NmSrBq_1EWBFM3Ad1wmFhP7KEr_Zxm8MK0ETI?width=600&height=600
24-05-2021,1186.715698,1199.876442,1184.118689,1194.286431,4225371,4,Infosys,INFY.NS,Stock,IT,https://1drv.ms/i/c/8705623eb284e7df/IQT7BLuLn8NmSrBq_1EWBFM3Ad1wmFhP7KEr_Zxm8MK0ETI?width=600&height=600
25-05-2021,1198.643921,1204.277991,1192.34961,1195.47479,4099340,4,Infosys,INFY.NS,Stock,IT,https://1drv.ms/i/c/8705623eb284e7df/IQT7BLuLn8NmSrBq_1EWBFM3Ad1wmFhP7KEr_Zxm8MK0ETI?width=600&height=600
26-05-2021,1230.027344,1232.448224,1199.040117,1204.189969,6850024,4,Infosys,INFY.NS,Stock,IT,https://1drv.ms/i/c/8705623eb284e7df/IQT7BLuLn8NmSrBq_1EWBFM3Ad1wmFhP7KEr_Zxm8MK0ETI?width=600&height=600
27-05-2021,1234.428955,1246.753437,1225.141534,1236.145536,15365391,4,Infosys,INFY.NS,Stock,IT,https://1drv.ms/i/c/8705623eb284e7df/IQT7BLuLn8NmSrBq_1EWBFM3Ad1wmFhP7KEr_Zxm8MK0ETI?width=600&height=600
28-05-2021,1236.894043,1244.772866,1229.015112,1241.031505,4261312,4,Infosys,INFY.NS,Stock,IT,https://1drv.ms/i/c/8705623eb284e7df/IQT7BLuLn8NmSrBq_1EWBFM3Ad1wmFhP7KEr_Zxm8MK0ETI?width=600&height=600
31-05-2021,1240.186157,1247.08226,1230.620596,1247.08226,4429904,4,Infosys,INFY.NS,Stock,IT,https://1drv.ms/i/c/8705623eb284e7df/IQT7BLuLn8NmSrBq_1EWBFM3Ad1wmFhP7KEr_Zxm8MK0ETI?width=600&height=600
01-06-2021,1234.358154,1246.637713,1226.750259,1245.747893,4791325,4,Infosys,INFY.NS,Stock,IT,https://1drv.ms/i/c/8705623eb284e7df/IQT7BLuLn8NmSrBq_1EWBFM3Ad1wmFhP7KEr_Zxm8MK0ETI?width=600&height=600
02-06-2021,1226.750122,1238.584661,1214.60406,1228.618722,9272276,4,Infosys,INFY.NS,Stock,IT,https://1drv.ms/i/c/8705623eb284e7df/IQT7BLuLn8NmSrBq_1EWBFM3Ad1wmFhP7KEr_Zxm8MK0ETI?width=600&height=600
03-06-2021,1236.538208,1244.858002,1225.326499,1235.158944,5115645,4,Infosys,INFY.NS,Stock,IT,https://1drv.ms/i/c/8705623eb284e7df/IQT7BLuLn8NmSrBq_1EWBFM3Ad1wmFhP7KEr_Zxm8MK0ETI?width=600&height=600
04-06-2021,1232.97876,1242.989232,1225.860202,1240.364199,4194328,4,Infosys,INFY.NS,Stock,IT,https://1drv.ms/i/c/8705623eb284e7df/IQT7BLuLn8NmSrBq_1EWBFM3Ad1wmFhP7KEr_Zxm8MK0ETI?width=600&height=600
07-06-2021,1236.538208,1238.629263,1225.548954,1237.739443,5154576,4,Infosys,INFY.NS,Stock,IT,https://1drv.ms/i/c/8705623eb284e7df/IQT7BLuLn8NmSrBq_1EWBFM3Ad1wmFhP7KEr_Zxm8MK0ETI?width=600&height=600
08-06-2021,1257.270874,1265.101332,1241.788096,1242.188471,7360630,4,Infosys,INFY.NS,Stock,IT,https://1drv.ms/i/c/8705623eb284e7df/IQT7BLuLn8NmSrBq_1EWBFM3Ad1wmFhP7KEr_Zxm8MK0ETI?width=600&height=600
09-06-2021,1259.361938,1267.993147,1249.840802,1257.671259,5394317,4,Infosys,INFY.NS,Stock,IT,https://1drv.ms/i/c/8705623eb284e7df/IQT7BLuLn8NmSrBq_1EWBFM3Ad1wmFhP7KEr_Zxm8MK0ETI?width=600&height=600
10-06-2021,1267.370483,1271.552593,1262.654395,1267.103494,3496575,4,Infosys,INFY.NS,Stock,IT,https://1drv.ms/i/c/8705623eb284e7df/IQT7BLuLn8NmSrBq_1EWBFM3Ad1wmFhP7KEr_Zxm8MK0ETI?width=600&height=600
11-06-2021,1287.480103,1291.662212,1271.952684,1272.531089,6140828,4,Infosys,INFY.NS,Stock,IT,https://1drv.ms/i/c/8705623eb284e7df/IQT7BLuLn8NmSrBq_1EWBFM3Ad1wmFhP7KEr_Zxm8MK0ETI?width=600&height=600
14-06-2021,1300.738647,1314.263865,1293.308565,1308.924946,7132294,4,Infosys,INFY.NS,Stock,IT,https://1drv.ms/i/c/8705623eb284e7df/IQT7BLuLn8NmSrBq_1EWBFM3Ad1wmFhP7KEr_Zxm8MK0ETI?width=600&height=600
15-06-2021,1311.505493,1313.374093,1301.806435,1302.696255,5403104,4,Infosys,INFY.NS,Stock,IT,https://1drv.ms/i/c/8705623eb284e7df/IQT7BLuLn8NmSrBq_1EWBFM3Ad1wmFhP7KEr_Zxm8MK0ETI?width=600&height=600
16-06-2021,1317.467041,1325.341924,1305.810425,1310.437444,7661710,4,Infosys,INFY.NS,Stock,IT,https://1drv.ms/i/c/8705623eb284e7df/IQT7BLuLn8NmSrBq_1EWBFM3Ad1wmFhP7KEr_Zxm8MK0ETI?width=600&height=600
17-06-2021,1330.547607,1337.087761,1312.573182,1312.573182,7677951,4,Infosys,INFY.NS,Stock,IT,https://1drv.ms/i/c/8705623eb284e7df/IQT7BLuLn8NmSrBq_1EWBFM3Ad1wmFhP7KEr_Zxm8MK0ETI?width=600&height=600
18-06-2021,1337.66626,1348.789008,1323.518102,1342.73819,13533974,4,Infosys,INFY.NS,Stock,IT,https://1drv.ms/i/c/8705623eb284e7df/IQT7BLuLn8NmSrBq_1EWBFM3Ad1wmFhP7KEr_Zxm8MK0ETI?width=600&height=600
21-06-2021,1334.996826,1339.890836,1320.670639,1328.501098,5454052,4,Infosys,INFY.NS,Stock,IT,https://1drv.ms/i/c/8705623eb284e7df/IQT7BLuLn8NmSrBq_1EWBFM3Ad1wmFhP7KEr_Zxm8MK0ETI?width=600&height=600
22-06-2021,1345.274048,1353.816296,1336.598305,1343.360914,6427862,4,Infosys,INFY.NS,Stock,IT,https://1drv.ms/i/c/8705623eb284e7df/IQT7BLuLn8NmSrBq_1EWBFM3Ad1wmFhP7KEr_Zxm8MK0ETI?width=600&height=600
23-06-2021,1337.532593,1356.975133,1333.528404,1356.975133,5529809,4,Infosys,INFY.NS,Stock,IT,https://1drv.ms/i/c/8705623eb284e7df/IQT7BLuLn8NmSrBq_1EWBFM3Ad1wmFhP7KEr_Zxm8MK0ETI?width=600&height=600
24-06-2021,1387.40686,1395.904682,1344.695514,1349.856512,10785137,4,Infosys,INFY.NS,Stock,IT,https://1drv.ms/i/c/8705623eb284e7df/IQT7BLuLn8NmSrBq_1EWBFM3Ad1wmFhP7KEr_Zxm8MK0ETI?width=600&height=600
25-06-2021,1400.754272,1404.135631,1372.991938,1398.796712,9780240,4,Infosys,INFY.NS,Stock,IT,https://1drv.ms/i/c/8705623eb284e7df/IQT7BLuLn8NmSrBq_1EWBFM3Ad1wmFhP7KEr_Zxm8MK0ETI?width=600&height=600
28-06-2021,1398.618774,1406.048748,1388.652728,1399.597554,5019178,4,Infosys,INFY.NS,Stock,IT,https://1drv.ms/i/c/8705623eb284e7df/IQT7BLuLn8NmSrBq_1EWBFM3Ad1wmFhP7KEr_Zxm8MK0ETI?width=600&height=600
29-06-2021,1390.833008,1400.265077,1387.407114,1389.008834,5913567,4,Infosys,INFY.NS,Stock,IT,https://1drv.ms/i/c/8705623eb284e7df/IQT7BLuLn8NmSrBq_1EWBFM3Ad1wmFhP7KEr_Zxm8MK0ETI?width=600&height=600
30-06-2021,1406.627197,1415.703316,1398.841274,1398.841274,6058722,4,Infosys,INFY.NS,Stock,IT,https://1drv.ms/i/c/8705623eb284e7df/IQT7BLuLn8NmSrBq_1EWBFM3Ad1wmFhP7KEr_Zxm8MK0ETI?width=600&height=600
01-07-2021,1388.474854,1403.112346,1387.273618,1403.112346,4814317,4,Infosys,INFY.NS,Stock,IT,https://1drv.ms/i/c/8705623eb284e7df/IQT7BLuLn8NmSrBq_1EWBFM3Ad1wmFhP7KEr_Zxm8MK0ETI?width=600&height=600
02-07-2021,1395.059692,1396.527808,1372.636166,1387.184699,5166064,4,Infosys,INFY.NS,Stock,IT,https://1drv.ms/i/c/8705623eb284e7df/IQT7BLuLn8NmSrBq_1EWBFM3Ad1wmFhP7KEr_Zxm8MK0ETI?width=600&height=600
05-07-2021,1404.980957,1410.36441,1389.053269,1396.260788,4058338,4,Infosys,INFY.NS,Stock,IT,https://1drv.ms/i/c/8705623eb284e7df/IQT7BLuLn8NmSrBq_1EWBFM3Ad1wmFhP7KEr_Zxm8MK0ETI?width=600&height=600
06-07-2021,1390.076538,1411.921659,1385.538479,1400.309466,4089574,4,Infosys,INFY.NS,Stock,IT,https://1drv.ms/i/c/8705623eb284e7df/IQT7BLuLn8NmSrBq_1EWBFM3Ad1wmFhP7KEr_Zxm8MK0ETI?width=600&height=600
07-07-2021,1392.21228,1397.506774,1374.460416,1393.502584,4797120,4,Infosys,INFY.NS,Stock,IT,https://1drv.ms/i/c/8705623eb284e7df/IQT7BLuLn8NmSrBq_1EWBFM3Ad1wmFhP7KEr_Zxm8MK0ETI?width=600&height=600
08-07-2021,1388.786255,1402.356007,1378.330872,1395.237448,3326813,4,Infosys,INFY.NS,Stock,IT,https://1drv.ms/i/c/8705623eb284e7df/IQT7BLuLn8NmSrBq_1EWBFM3Ad1wmFhP7KEr_Zxm8MK0ETI?width=600&height=600
09-07-2021,1390.699341,1396.928079,1380.110464,1384.559563,3436594,4,Infosys,INFY.NS,Stock,IT,https://1drv.ms/i/c/8705623eb284e7df/IQT7BLuLn8NmSrBq_1EWBFM3Ad1wmFhP7KEr_Zxm8MK0ETI?width=600&height=600
12-07-2021,1377.307617,1404.135707,1364.761179,1397.506593,4588982,4,Infosys,INFY.NS,Stock,IT,https://1drv.ms/i/c/8705623eb284e7df/IQT7BLuLn8NmSrBq_1EWBFM3Ad1wmFhP7KEr_Zxm8MK0ETI?width=600&height=600
13-07-2021,1374.727051,1384.915553,1367.030196,1384.915553,4456160,4,Infosys,INFY.NS,Stock,IT,https://1drv.ms/i/c/8705623eb284e7df/IQT7BLuLn8NmSrBq_1EWBFM3Ad1wmFhP7KEr_Zxm8MK0ETI?width=600&height=600
14-07-2021,1403.156982,1408.406941,1368.631928,1382.780086,5657716,4,Infosys,INFY.NS,Stock,IT,https://1drv.ms/i/c/8705623eb284e7df/IQT7BLuLn8NmSrBq_1EWBFM3Ad1wmFhP7KEr_Zxm8MK0ETI?width=600&height=600
15-07-2021,1406.627197,1420.90874,1384.559623,1386.250302,10021355,4,Infosys,INFY.NS,Stock,IT,https://1drv.ms/i/c/8705623eb284e7df/IQT7BLuLn8NmSrBq_1EWBFM3Ad1wmFhP7KEr_Zxm8MK0ETI?width=600&height=600
16-07-2021,1384.070313,1401.15492,1378.864888,1400.35406,6265593,4,Infosys,INFY.NS,Stock,IT,https://1drv.ms/i/c/8705623eb284e7df/IQT7BLuLn8NmSrBq_1EWBFM3Ad1wmFhP7KEr_Zxm8MK0ETI?width=600&height=600
19-07-2021,1371.835205,1381.801252,1368.14254,1374.504665,5669162,4,Infosys,INFY.NS,Stock,IT,https://1drv.ms/i/c/8705623eb284e7df/IQT7BLuLn8NmSrBq_1EWBFM3Ad1wmFhP7KEr_Zxm8MK0ETI?width=600&height=600
20-07-2021,1379.265137,1386.072171,1368.542765,1368.809755,5069939,4,Infosys,INFY.NS,Stock,IT,https://1drv.ms/i/c/8705623eb284e7df/IQT7BLuLn8NmSrBq_1EWBFM3Ad1wmFhP7KEr_Zxm8MK0ETI?width=600&height=600
22-07-2021,1414.991577,1417.349622,1389.364829,1389.364829,7854575,4,Infosys,INFY.NS,Stock,IT,https://1drv.ms/i/c/8705623eb284e7df/IQT7BLuLn8NmSrBq_1EWBFM3Ad1wmFhP7KEr_Zxm8MK0ETI?width=600&height=600
23-07-2021,1415.213989,1422.377083,1410.409049,1413.523418,4179719,4,Infosys,INFY.NS,Stock,IT,https://1drv.ms/i/c/8705623eb284e7df/IQT7BLuLn8NmSrBq_1EWBFM3Ad1wmFhP7KEr_Zxm8MK0ETI?width=600&height=600
26-07-2021,1427.182129,1434.078233,1418.461851,1418.461851,4586710,4,Infosys,INFY.NS,Stock,IT,https://1drv.ms/i/c/8705623eb284e7df/IQT7BLuLn8NmSrBq_1EWBFM3Ad1wmFhP7KEr_Zxm8MK0ETI?width=600&height=600
27-07-2021,1425.980713,1431.986996,1421.843029,1428.160728,5892859,4,Infosys,INFY.NS,Stock,IT,https://1drv.ms/i/c/8705623eb284e7df/IQT7BLuLn8NmSrBq_1EWBFM3Ad1wmFhP7KEr_Zxm8MK0ETI?width=600&height=600
28-07-2021,1428.69458,1430.47422,1410.809225,1428.24967,4686788,4,Infosys,INFY.NS,Stock,IT,https://1drv.ms/i/c/8705623eb284e7df/IQT7BLuLn8NmSrBq_1EWBFM3Ad1wmFhP7KEr_Zxm8MK0ETI?width=600&height=600
29-07-2021,1438.838623,1441.508082,1423.800647,1423.800647,4660873,4,Infosys,INFY.NS,Stock,IT,https://1drv.ms/i/c/8705623eb284e7df/IQT7BLuLn8NmSrBq_1EWBFM3Ad1wmFhP7KEr_Zxm8MK0ETI?width=600&height=600
30-07-2021,1433.05481,1444.533507,1429.184115,1432.6099,6234257,4,Infosys,INFY.NS,Stock,IT,https://1drv.ms/i/c/8705623eb284e7df/IQT7BLuLn8NmSrBq_1EWBFM3Ad1wmFhP7KEr_Zxm8MK0ETI?width=600&height=600
02-08-2021,1451.785767,1454.633147,1440.796403,1448.137418,5553389,4,Infosys,INFY.NS,Stock,IT,https://1drv.ms/i/c/8705623eb284e7df/IQT7BLuLn8NmSrBq_1EWBFM3Ad1wmFhP7KEr_Zxm8MK0ETI?width=600&height=600
03-08-2021,1472.829712,1475.899655,1455.389265,1465.533233,5513668,4,Infosys,INFY.NS,Stock,IT,https://1drv.ms/i/c/8705623eb284e7df/IQT7BLuLn8NmSrBq_1EWBFM3Ad1wmFhP7KEr_Zxm8MK0ETI?width=600&height=600
04-08-2021,1467.535278,1494.808276,1458.45916,1485.198179,6740391,4,Infosys,INFY.NS,Stock,IT,https://1drv.ms/i/c/8705623eb284e7df/IQT7BLuLn8NmSrBq_1EWBFM3Ad1wmFhP7KEr_Zxm8MK0ETI?width=600&height=600
05-08-2021,1471.361572,1482.439785,1465.577744,1467.757759,5420536,4,Infosys,INFY.NS,Stock,IT,https://1drv.ms/i/c/8705623eb284e7df/IQT7BLuLn8NmSrBq_1EWBFM3Ad1wmFhP7KEr_Zxm8MK0ETI?width=600&height=600
06-08-2021,1468.380615,1477.679297,1462.863776,1474.431433,3754855,4,Infosys,INFY.NS,Stock,IT,https://1drv.ms/i/c/8705623eb284e7df/IQT7BLuLn8NmSrBq_1EWBFM3Ad1wmFhP7KEr_Zxm8MK0ETI?width=600&height=600
09-08-2021,1480.037476,1483.730141,1464.999498,1477.990846,5018477,4,Infosys,INFY.NS,Stock,IT,https://1drv.ms/i/c/8705623eb284e7df/IQT7BLuLn8NmSrBq_1EWBFM3Ad1wmFhP7KEr_Zxm8MK0ETI?width=600&height=600
10-08-2021,1492.450439,1494.897444,1478.0354,1484.219605,6846517,4,Infosys,INFY.NS,Stock,IT,https://1drv.ms/i/c/8705623eb284e7df/IQT7BLuLn8NmSrBq_1EWBFM3Ad1wmFhP7KEr_Zxm8MK0ETI?width=600&height=600
11-08-2021,1492.717163,1498.456457,1484.219341,1490.270159,4899639,4,Infosys,INFY.NS,Stock,IT,https://1drv.ms/i/c/8705623eb284e7df/IQT7BLuLn8NmSrBq_1EWBFM3Ad1wmFhP7KEr_Zxm8MK0ETI?width=600&height=600
12-08-2021,1503.439575,1509.579354,1489.558407,1494.141001,5659579,4,Infosys,INFY.NS,Stock,IT,https://1drv.ms/i/c/8705623eb284e7df/IQT7BLuLn8NmSrBq_1EWBFM3Ad1wmFhP7KEr_Zxm8MK0ETI?width=600&height=600
13-08-2021,1523.549561,1532.714749,1504.952412,1510.024342,5612790,4,Infosys,INFY.NS,Stock,IT,https://1drv.ms/i/c/8705623eb284e7df/IQT7BLuLn8NmSrBq_1EWBFM3Ad1wmFhP7KEr_Zxm8MK0ETI?width=600&height=600
16-08-2021,1516.609131,1530.445766,1503.884662,1519.545471,4564109,4,Infosys,INFY.NS,Stock,IT,https://1drv.ms/i/c/8705623eb284e7df/IQT7BLuLn8NmSrBq_1EWBFM3Ad1wmFhP7KEr_Zxm8MK0ETI?width=600&height=600
17-08-2021,1549.754639,1556.205832,1500.725591,1516.163942,9510390,4,Infosys,INFY.NS,Stock,IT,https://1drv.ms/i/c/8705623eb284e7df/IQT7BLuLn8NmSrBq_1EWBFM3Ad1wmFhP7KEr_Zxm8MK0ETI?width=600&height=600
18-08-2021,1542.45813,1562.0787,1536.718835,1538.498475,6686090,4,Infosys,INFY.NS,Stock,IT,https://1drv.ms/i/c/8705623eb284e7df/IQT7BLuLn8NmSrBq_1EWBFM3Ad1wmFhP7KEr_Zxm8MK0ETI?width=600&height=600
20-08-2021,1542.013184,1552.735556,1527.019742,1527.019742,6206972,4,Infosys,INFY.NS,Stock,IT,https://1drv.ms/i/c/8705623eb284e7df/IQT7BLuLn8NmSrBq_1EWBFM3Ad1wmFhP7KEr_Zxm8MK0ETI?width=600&height=600
23-08-2021,1547.174194,1559.987621,1541.167911,1544.504735,6189051,4,Infosys,INFY.NS,Stock,IT,https://1drv.ms/i/c/8705623eb284e7df/IQT7BLuLn8NmSrBq_1EWBFM3Ad1wmFhP7KEr_Zxm8MK0ETI?width=600&height=600
24-08-2021,1531.24646,1563.413469,1523.994406,1557.18473,7602939,4,Infosys,INFY.NS,Stock,IT,https://1drv.ms/i/c/8705623eb284e7df/IQT7BLuLn8NmSrBq_1EWBFM3Ad1wmFhP7KEr_Zxm8MK0ETI?width=600&height=600
25-08-2021,1544.326782,1554.426215,1528.710401,1528.710401,6153253,4,Infosys,INFY.NS,Stock,IT,https://1drv.ms/i/c/8705623eb284e7df/IQT7BLuLn8NmSrBq_1EWBFM3Ad1wmFhP7KEr_Zxm8MK0ETI?width=600&height=600
26-08-2021,1537.341553,1553.625298,1530.489984,1542.947461,5302248,4,Infosys,INFY.NS,Stock,IT,https://1drv.ms/i/c/8705623eb284e7df/IQT7BLuLn8NmSrBq_1EWBFM3Ad1wmFhP7KEr_Zxm8MK0ETI?width=600&height=600
27-08-2021,1520.524048,1537.341554,1517.32061,1534.939085,6698514,4,Infosys,INFY.NS,Stock,IT,https://1drv.ms/i/c/8705623eb284e7df/IQT7BLuLn8NmSrBq_1EWBFM3Ad1wmFhP7KEr_Zxm8MK0ETI?width=600&height=600
30-08-2021,1510.958496,1529.288762,1504.151353,1515.407595,6559667,4,Infosys,INFY.NS,Stock,IT,https://1drv.ms/i/c/8705623eb284e7df/IQT7BLuLn8NmSrBq_1EWBFM3Ad1wmFhP7KEr_Zxm8MK0ETI?width=600&height=600
31-08-2021,1518.432983,1526.040986,1500.102717,1512.827184,12255438,4,Infosys,INFY.NS,Stock,IT,https://1drv.ms/i/c/8705623eb284e7df/IQT7BLuLn8NmSrBq_1EWBFM3Ad1wmFhP7KEr_Zxm8MK0ETI?width=600&height=600
01-09-2021,1492.895142,1521.14692,1488.801992,1521.14692,7801974,4,Infosys,INFY.NS,Stock,IT,https://1drv.ms/i/c/8705623eb284e7df/IQT7BLuLn8NmSrBq_1EWBFM3Ad1wmFhP7KEr_Zxm8MK0ETI?width=600&height=600
02-09-2021,1502.994751,1507.62188,1479.459058,1492.539367,6830050,4,Infosys,INFY.NS,Stock,IT,https://1drv.ms/i/c/8705623eb284e7df/IQT7BLuLn8NmSrBq_1EWBFM3Ad1wmFhP7KEr_Zxm8MK0ETI?width=600&height=600
03-09-2021,1513.272217,1517.988197,1498.812644,1509.179067,5339139,4,Infosys,INFY.NS,Stock,IT,https://1drv.ms/i/c/8705623eb284e7df/IQT7BLuLn8NmSrBq_1EWBFM3Ad1wmFhP7KEr_Zxm8MK0ETI?width=600&height=600
06-09-2021,1539.744263,1541.167953,1512.115313,1517.276312,4876026,4,Infosys,INFY.NS,Stock,IT,https://1drv.ms/i/c/8705623eb284e7df/IQT7BLuLn8NmSrBq_1EWBFM3Ad1wmFhP7KEr_Zxm8MK0ETI?width=600&height=600
07-09-2021,1518.610962,1543.748371,1516.252918,1539.388232,3520341,4,Infosys,INFY.NS,Stock,IT,https://1drv.ms/i/c/8705623eb284e7df/IQT7BLuLn8NmSrBq_1EWBFM3Ad1wmFhP7KEr_Zxm8MK0ETI?width=600&height=600
08-09-2021,1506.687378,1513.449987,1497.522191,1513.449987,4584896,4,Infosys,INFY.NS,Stock,IT,https://1drv.ms/i/c/8705623eb284e7df/IQT7BLuLn8NmSrBq_1EWBFM3Ad1wmFhP7KEr_Zxm8MK0ETI?width=600&height=600
09-09-2021,1505.219116,1508.155565,1496.810363,1500.147187,3331674,4,Infosys,INFY.NS,Stock,IT,https://1drv.ms/i/c/8705623eb284e7df/IQT7BLuLn8NmSrBq_1EWBFM3Ad1wmFhP7KEr_Zxm8MK0ETI?width=600&height=600
13-09-2021,1505.486084,1514.028332,1490.626029,1497.566666,4662374,4,Infosys,INFY.NS,Stock,IT,https://1drv.ms/i/c/8705623eb284e7df/IQT7BLuLn8NmSrBq_1EWBFM3Ad1wmFhP7KEr_Zxm8MK0ETI?width=600&height=600
14-09-2021,1500.369629,1509.089797,1493.651446,1509.089797,4945167,4,Infosys,INFY.NS,Stock,IT,https://1drv.ms/i/c/8705623eb284e7df/IQT7BLuLn8NmSrBq_1EWBFM3Ad1wmFhP7KEr_Zxm8MK0ETI?width=600&height=600
15-09-2021,1522.882202,1526.130066,1503.97353,1506.687524,4062344,4,Infosys,INFY.NS,Stock,IT,https://1drv.ms/i/c/8705623eb284e7df/IQT7BLuLn8NmSrBq_1EWBFM3Ad1wmFhP7KEr_Zxm8MK0ETI?width=600&height=600
16-09-2021,1514.695923,1529.822861,1505.085824,1526.219047,3246568,4,Infosys,INFY.NS,Stock,IT,https://1drv.ms/i/c/8705623eb284e7df/IQT7BLuLn8NmSrBq_1EWBFM3Ad1wmFhP7KEr_Zxm8MK0ETI?width=600&height=600
17-09-2021,1504.952271,1528.710416,1498.856918,1510.0242,7454864,4,Infosys,INFY.NS,Stock,IT,https://1drv.ms/i/c/8705623eb284e7df/IQT7BLuLn8NmSrBq_1EWBFM3Ad1wmFhP7KEr_Zxm8MK0ETI?width=600&height=600
20-09-2021,1501.882446,1519.545349,1493.073208,1499.346481,5660743,4,Infosys,INFY.NS,Stock,IT,https://1drv.ms/i/c/8705623eb284e7df/IQT7BLuLn8NmSrBq_1EWBFM3Ad1wmFhP7KEr_Zxm8MK0ETI?width=600&height=600
21-09-2021,1529.11084,1536.496388,1499.034995,1512.693707,4672222,4,Infosys,INFY.NS,Stock,IT,https://1drv.ms/i/c/8705623eb284e7df/IQT7BLuLn8NmSrBq_1EWBFM3Ad1wmFhP7KEr_Zxm8MK0ETI?width=600&height=600
22-09-2021,1527.731689,1547.307726,1524.305905,1527.82065,4553892,4,Infosys,INFY.NS,Stock,IT,https://1drv.ms/i/c/8705623eb284e7df/IQT7BLuLn8NmSrBq_1EWBFM3Ad1wmFhP7KEr_Zxm8MK0ETI?width=600&height=600
23-09-2021,1550.555542,1552.735557,1531.468842,1541.1679,3826090,4,Infosys,INFY.NS,Stock,IT,https://1drv.ms/i/c/8705623eb284e7df/IQT7BLuLn8NmSrBq_1EWBFM3Ad1wmFhP7KEr_Zxm8MK0ETI?width=600&height=600
24-09-2021,1569.508545,1590.997714,1559.364578,1564.303121,8280446,4,Infosys,INFY.NS,Stock,IT,https://1drv.ms/i/c/8705623eb284e7df/IQT7BLuLn8NmSrBq_1EWBFM3Ad1wmFhP7KEr_Zxm8MK0ETI?width=600&height=600
27-09-2021,1531.51355,1574.09141,1528.799556,1573.868956,5045337,4,Infosys,INFY.NS,Stock,IT,https://1drv.ms/i/c/8705623eb284e7df/IQT7BLuLn8NmSrBq_1EWBFM3Ad1wmFhP7KEr_Zxm8MK0ETI?width=600&height=600
28-09-2021,1501.215332,1521.592232,1490.448532,1521.592232,6557197,4,Infosys,INFY.NS,Stock,IT,https://1drv.ms/i/c/8705623eb284e7df/IQT7BLuLn8NmSrBq_1EWBFM3Ad1wmFhP7KEr_Zxm8MK0ETI?width=600&height=600
29-09-2021,1505.797607,1513.939481,1472.651819,1476.433553,7792548,4,Infosys,INFY.NS,Stock,IT,https://1drv.ms/i/c/8705623eb284e7df/IQT7BLuLn8NmSrBq_1EWBFM3Ad1wmFhP7KEr_Zxm8MK0ETI?width=600&height=600
30-09-2021,1490.626099,1515.363133,1486.088039,1515.363133,6914031,4,Infosys,INFY.NS,Stock,IT,https://1drv.ms/i/c/8705623eb284e7df/IQT7BLuLn8NmSrBq_1EWBFM3Ad1wmFhP7KEr_Zxm8MK0ETI?width=600&height=600
01-10-2021,1481.68335,1493.962797,1478.213031,1481.638815,5733906,4,Infosys,INFY.NS,Stock,IT,https://1drv.ms/i/c/8705623eb284e7df/IQT7BLuLn8NmSrBq_1EWBFM3Ad1wmFhP7KEr_Zxm8MK0ETI?width=600&height=600
04-10-2021,1493.784912,1502.015745,1481.90584,1488.223539,2947154,4,Infosys,INFY.NS,Stock,IT,https://1drv.ms/i/c/8705623eb284e7df/IQT7BLuLn8NmSrBq_1EWBFM3Ad1wmFhP7KEr_Zxm8MK0ETI?width=600&height=600
05-10-2021,1506.287354,1515.31894,1479.770674,1486.889234,4373310,4,Infosys,INFY.NS,Stock,IT,https://1drv.ms/i/c/8705623eb284e7df/IQT7BLuLn8NmSrBq_1EWBFM3Ad1wmFhP7KEr_Zxm8MK0ETI?width=600&height=600
06-10-2021,1489.158081,1520.702152,1485.999177,1514.562373,4271698,4,Infosys,INFY.NS,Stock,IT,https://1drv.ms/i/c/8705623eb284e7df/IQT7BLuLn8NmSrBq_1EWBFM3Ad1wmFhP7KEr_Zxm8MK0ETI?width=600&height=600
07-10-2021,1504.685303,1516.430881,1491.91641,1501.126023,5476108,4,Infosys,INFY.NS,Stock,IT,https://1drv.ms/i/c/8705623eb284e7df/IQT7BLuLn8NmSrBq_1EWBFM3Ad1wmFhP7KEr_Zxm8MK0ETI?width=600&height=600
08-10-2021,1533.916016,1540.72316,1511.270143,1517.365387,4738376,4,Infosys,INFY.NS,Stock,IT,https://1drv.ms/i/c/8705623eb284e7df/IQT7BLuLn8NmSrBq_1EWBFM3Ad1wmFhP7KEr_Zxm8MK0ETI?width=600&height=600
11-10-2021,1504.640869,1539.388379,1480.393278,1496.677025,8840633,4,Infosys,INFY.NS,Stock,IT,https://1drv.ms/i/c/8705623eb284e7df/IQT7BLuLn8NmSrBq_1EWBFM3Ad1wmFhP7KEr_Zxm8MK0ETI?width=600&height=600
12-10-2021,1499.47998,1502.905765,1478.880629,1492.227927,7439300,4,Infosys,INFY.NS,Stock,IT,https://1drv.ms/i/c/8705623eb284e7df/IQT7BLuLn8NmSrBq_1EWBFM3Ad1wmFhP7KEr_Zxm8MK0ETI?width=600&height=600
13-10-2021,1520.879883,1524.839646,1494.941724,1509.089771,7104171,4,Infosys,INFY.NS,Stock,IT,https://1drv.ms/i/c/8705623eb284e7df/IQT7BLuLn8NmSrBq_1EWBFM3Ad1wmFhP7KEr_Zxm8MK0ETI?width=600&height=600
14-10-2021,1526.708496,1587.082755,1511.092113,1560.744107,19655776,4,Infosys,INFY.NS,Stock,IT,https://1drv.ms/i/c/8705623eb284e7df/IQT7BLuLn8NmSrBq_1EWBFM3Ad1wmFhP7KEr_Zxm8MK0ETI?width=600&height=600
18-10-2021,1594.690674,1600.785918,1548.286547,1548.286547,13438109,4,Infosys,INFY.NS,Stock,IT,https://1drv.ms/i/c/8705623eb284e7df/IQT7BLuLn8NmSrBq_1EWBFM3Ad1wmFhP7KEr_Zxm8MK0ETI?width=600&height=600
19-10-2021,1621.38501,1632.374261,1585.925716,1614.132957,10324260,4,Infosys,INFY.NS,Stock,IT,https://1drv.ms/i/c/8705623eb284e7df/IQT7BLuLn8NmSrBq_1EWBFM3Ad1wmFhP7KEr_Zxm8MK0ETI?width=600&height=600
20-10-2021,1603.766724,1644.38702,1596.381284,1627.836393,5876115,4,Infosys,INFY.NS,Stock,IT,https://1drv.ms/i/c/8705623eb284e7df/IQT7BLuLn8NmSrBq_1EWBFM3Ad1wmFhP7KEr_Zxm8MK0ETI?width=600&height=600
21-10-2021,1560.432495,1614.133098,1554.381677,1614.133098,8779629,4,Infosys,INFY.NS,Stock,IT,https://1drv.ms/i/c/8705623eb284e7df/IQT7BLuLn8NmSrBq_1EWBFM3Ad1wmFhP7KEr_Zxm8MK0ETI?width=600&height=600
22-10-2021,1530.312256,1568.930351,1518.922518,1557.095812,7369809,4,Infosys,INFY.NS,Stock,IT,https://1drv.ms/i/c/8705623eb284e7df/IQT7BLuLn8NmSrBq_1EWBFM3Ad1wmFhP7KEr_Zxm8MK0ETI?width=600&height=600
25-10-2021,1519.412109,1539.166069,1501.304186,1532.314499,5905209,4,Infosys,INFY.NS,Stock,IT,https://1drv.ms/i/c/8705623eb284e7df/IQT7BLuLn8NmSrBq_1EWBFM3Ad1wmFhP7KEr_Zxm8MK0ETI?width=600&height=600
26-10-2021,1529.421265,1549.978749,1522.419225,1535.121784,5871709,4,Infosys,INFY.NS,Stock,IT,https://1drv.ms/i/c/8705623eb284e7df/IQT7BLuLn8NmSrBq_1EWBFM3Ad1wmFhP7KEr_Zxm8MK0ETI?width=600&height=600
27-10-2021,1552.088257,1556.756392,1527.132104,1534.26882,5090259,4,Infosys,INFY.NS,Stock,IT,https://1drv.ms/i/c/8705623eb284e7df/IQT7BLuLn8NmSrBq_1EWBFM3Ad1wmFhP7KEr_Zxm8MK0ETI?width=600&height=600
28-10-2021,1529.60083,1548.317973,1518.963039,1543.47034,5329972,4,Infosys,INFY.NS,Stock,IT,https://1drv.ms/i/c/8705623eb284e7df/IQT7BLuLn8NmSrBq_1EWBFM3Ad1wmFhP7KEr_Zxm8MK0ETI?width=600&height=600
29-10-2021,1497.148804,1537.410886,1491.134219,1525.202109,5875091,4,Infosys,INFY.NS,Stock,IT,https://1drv.ms/i/c/8705623eb284e7df/IQT7BLuLn8NmSrBq_1EWBFM3Ad1wmFhP7KEr_Zxm8MK0ETI?width=600&height=600
01-11-2021,1526.144653,1532.563162,1504.554787,1505.901345,3636806,4,Infosys,INFY.NS,Stock,IT,https://1drv.ms/i/c/8705623eb284e7df/IQT7BLuLn8NmSrBq_1EWBFM3Ad1wmFhP7KEr_Zxm8MK0ETI?width=600&height=600
02-11-2021,1524.2146,1531.889918,1513.846054,1521.611231,3471772,4,Infosys,INFY.NS,Stock,IT,https://1drv.ms/i/c/8705623eb284e7df/IQT7BLuLn8NmSrBq_1EWBFM3Ad1wmFhP7KEr_Zxm8MK0ETI?width=600&height=600
03-11-2021,1528.343994,1541.764651,1525.202024,1534.179081,3530713,4,Infosys,INFY.NS,Stock,IT,https://1drv.ms/i/c/8705623eb284e7df/IQT7BLuLn8NmSrBq_1EWBFM3Ad1wmFhP7KEr_Zxm8MK0ETI?width=600&height=600
04-11-2021,1533.90979,1541.360792,1530.588323,1539.56538,483407,4,Infosys,INFY.NS,Stock,IT,https://1drv.ms/i/c/8705623eb284e7df/IQT7BLuLn8NmSrBq_1EWBFM3Ad1wmFhP7KEr_Zxm8MK0ETI?width=600&height=600
08-11-2021,1559.763794,1562.905764,1528.792945,1553.031001,5245903,4,Infosys,INFY.NS,Stock,IT,https://1drv.ms/i/c/8705623eb284e7df/IQT7BLuLn8NmSrBq_1EWBFM3Ad1wmFhP7KEr_Zxm8MK0ETI?width=600&height=600
09-11-2021,1564.252197,1570.98499,1549.440053,1557.294978,4016134,4,Infosys,INFY.NS,Stock,IT,https://1drv.ms/i/c/8705623eb284e7df/IQT7BLuLn8NmSrBq_1EWBFM3Ad1wmFhP7KEr_Zxm8MK0ETI?width=600&height=600
10-11-2021,1562.1427,1571.837857,1545.80439,1549.440142,4780368,4,Infosys,INFY.NS,Stock,IT,https://1drv.ms/i/c/8705623eb284e7df/IQT7BLuLn8NmSrBq_1EWBFM3Ad1wmFhP7KEr_Zxm8MK0ETI?width=600&height=600
11-11-2021,1555.993408,1561.783566,1534.179115,1555.679124,4731349,4,Infosys,INFY.NS,Stock,IT,https://1drv.ms/i/c/8705623eb284e7df/IQT7BLuLn8NmSrBq_1EWBFM3Ad1wmFhP7KEr_Zxm8MK0ETI?width=600&height=600
12-11-2021,1598.095825,1600.474767,1560.257613,1564.701213,5069009,4,Infosys,INFY.NS,Stock,IT,https://1drv.ms/i/c/8705623eb284e7df/IQT7BLuLn8NmSrBq_1EWBFM3Ad1wmFhP7KEr_Zxm8MK0ETI?width=600&height=600
15-11-2021,1604.334839,1615.870336,1593.876545,1599.801381,4354074,4,Infosys,INFY.NS,Stock,IT,https://1drv.ms/i/c/8705623eb284e7df/IQT7BLuLn8NmSrBq_1EWBFM3Ad1wmFhP7KEr_Zxm8MK0ETI?width=600&height=600
16-11-2021,1608.95813,1623.904844,1595.223187,1606.893363,6034233,4,Infosys,INFY.NS,Stock,IT,https://1drv.ms/i/c/8705623eb284e7df/IQT7BLuLn8NmSrBq_1EWBFM3Ad1wmFhP7KEr_Zxm8MK0ETI?width=600&height=600
17-11-2021,1604.604126,1617.665789,1598.544612,1609.182513,4732492,4,Infosys,INFY.NS,Stock,IT,https://1drv.ms/i/c/8705623eb284e7df/IQT7BLuLn8NmSrBq_1EWBFM3Ad1wmFhP7KEr_Zxm8MK0ETI?width=600&height=600
18-11-2021,1597.377808,1606.399686,1579.064586,1599.352717,4326924,4,Infosys,INFY.NS,Stock,IT,https://1drv.ms/i/c/8705623eb284e7df/IQT7BLuLn8NmSrBq_1EWBFM3Ad1wmFhP7KEr_Zxm8MK0ETI?width=600&height=600
22-11-2021,1579.423584,1602.763934,1572.017511,1601.507124,6621839,4,Infosys,INFY.NS,Stock,IT,https://1drv.ms/i/c/8705623eb284e7df/IQT7BLuLn8NmSrBq_1EWBFM3Ad1wmFhP7KEr_Zxm8MK0ETI?width=600&height=600
23-11-2021,1559.225342,1568.516576,1535.077032,1557.609427,8436160,4,Infosys,INFY.NS,Stock,IT,https://1drv.ms/i/c/8705623eb284e7df/IQT7BLuLn8NmSrBq_1EWBFM3Ad1wmFhP7KEr_Zxm8MK0ETI?width=600&height=600
24-11-2021,1522.508911,1562.456816,1515.327265,1562.007963,7333061,4,Infosys,INFY.NS,Stock,IT,https://1drv.ms/i/c/8705623eb284e7df/IQT7BLuLn8NmSrBq_1EWBFM3Ad1wmFhP7KEr_Zxm8MK0ETI?width=600&height=600
25-11-2021,1546.208374,1549.61959,1523.361697,1526.099744,4476260,4,Infosys,INFY.NS,Stock,IT,https://1drv.ms/i/c/8705623eb284e7df/IQT7BLuLn8NmSrBq_1EWBFM3Ad1wmFhP7KEr_Zxm8MK0ETI?width=600&height=600
26-11-2021,1518.603882,1542.57258,1511.736411,1528.388896,4494181,4,Infosys,INFY.NS,Stock,IT,https://1drv.ms/i/c/8705623eb284e7df/IQT7BLuLn8NmSrBq_1EWBFM3Ad1wmFhP7KEr_Zxm8MK0ETI?width=600&height=600
29-11-2021,1522.822998,1536.872114,1498.405448,1518.020295,3942776,4,Infosys,INFY.NS,Stock,IT,https://1drv.ms/i/c/8705623eb284e7df/IQT7BLuLn8NmSrBq_1EWBFM3Ad1wmFhP7KEr_Zxm8MK0ETI?width=600&height=600
30-11-2021,1537.455688,1552.941112,1526.144619,1530.184294,14808963,4,Infosys,INFY.NS,Stock,IT,https://1drv.ms/i/c/8705623eb284e7df/IQT7BLuLn8NmSrBq_1EWBFM3Ad1wmFhP7KEr_Zxm8MK0ETI?width=600&height=600
01-12-2021,1539.475464,1563.713517,1537.769801,1539.565213,5193264,4,Infosys,INFY.NS,Stock,IT,https://1drv.ms/i/c/8705623eb284e7df/IQT7BLuLn8NmSrBq_1EWBFM3Ad1wmFhP7KEr_Zxm8MK0ETI?width=600&height=600
02-12-2021,1569.414063,1571.4339,1536.288699,1539.565347,5559574,4,Infosys,INFY.NS,Stock,IT,https://1drv.ms/i/c/8705623eb284e7df/IQT7BLuLn8NmSrBq_1EWBFM3Ad1wmFhP7KEr_Zxm8MK0ETI?width=600&height=600
03-12-2021,1558.013306,1603.886049,1555.320188,1589.92668,6754012,4,Infosys,INFY.NS,Stock,IT,https://1drv.ms/i/c/8705623eb284e7df/IQT7BLuLn8NmSrBq_1EWBFM3Ad1wmFhP7KEr_Zxm8MK0ETI?width=600&height=600
06-12-2021,1521.880493,1556.57673,1518.469168,1553.030837,3991449,4,Infosys,INFY.NS,Stock,IT,https://1drv.ms/i/c/8705623eb284e7df/IQT7BLuLn8NmSrBq_1EWBFM3Ad1wmFhP7KEr_Zxm8MK0ETI?width=600&height=600
07-12-2021,1536.558105,1548.452707,1520.713577,1527.087266,4202122,4,Infosys,INFY.NS,Stock,IT,https://1drv.ms/i/c/8705623eb284e7df/IQT7BLuLn8NmSrBq_1EWBFM3Ad1wmFhP7KEr_Zxm8MK0ETI?width=600&height=600
08-12-2021,1573.992432,1579.7827,1555.365036,1555.724141,3029169,4,Infosys,INFY.NS,Stock,IT,https://1drv.ms/i/c/8705623eb284e7df/IQT7BLuLn8NmSrBq_1EWBFM3Ad1wmFhP7KEr_Zxm8MK0ETI?width=600&height=600
09-12-2021,1583.059204,1588.400619,1563.803459,1579.064457,2082171,4,Infosys,INFY.NS,Stock,IT,https://1drv.ms/i/c/8705623eb284e7df/IQT7BLuLn8NmSrBq_1EWBFM3Ad1wmFhP7KEr_Zxm8MK0ETI?width=600&height=600
10-12-2021,1579.288696,1583.328372,1567.394096,1579.961976,1823469,4,Infosys,INFY.NS,Stock,IT,https://1drv.ms/i/c/8705623eb284e7df/IQT7BLuLn8NmSrBq_1EWBFM3Ad1wmFhP7KEr_Zxm8MK0ETI?width=600&height=600
13-12-2021,1566.182373,1590.151073,1560.930816,1586.291004,4040584,4,Infosys,INFY.NS,Stock,IT,https://1drv.ms/i/c/8705623eb284e7df/IQT7BLuLn8NmSrBq_1EWBFM3Ad1wmFhP7KEr_Zxm8MK0ETI?width=600&height=600
14-12-2021,1572.915161,1582.655247,1535.391017,1553.838914,4768144,4,Infosys,INFY.NS,Stock,IT,https://1drv.ms/i/c/8705623eb284e7df/IQT7BLuLn8NmSrBq_1EWBFM3Ad1wmFhP7KEr_Zxm8MK0ETI?width=600&height=600
15-12-2021,1556.80127,1569.144724,1545.131095,1566.496535,3053149,4,Infosys,INFY.NS,Stock,IT,https://1drv.ms/i/c/8705623eb284e7df/IQT7BLuLn8NmSrBq_1EWBFM3Ad1wmFhP7KEr_Zxm8MK0ETI?width=600&height=600
16-12-2021,1590.375488,1595.761723,1578.166712,1582.341066,4481031,4,Infosys,INFY.NS,Stock,IT,https://1drv.ms/i/c/8705623eb284e7df/IQT7BLuLn8NmSrBq_1EWBFM3Ad1wmFhP7KEr_Zxm8MK0ETI?width=600&height=600
17-12-2021,1634.587524,1653.574023,1621.929895,1633.824496,18887243,4,Infosys,INFY.NS,Stock,IT,https://1drv.ms/i/c/8705623eb284e7df/IQT7BLuLn8NmSrBq_1EWBFM3Ad1wmFhP7KEr_Zxm8MK0ETI?width=600&height=600
20-12-2021,1614.882935,1642.487387,1604.46957,1617.396445,5773891,4,Infosys,INFY.NS,Stock,IT,https://1drv.ms/i/c/8705623eb284e7df/IQT7BLuLn8NmSrBq_1EWBFM3Ad1wmFhP7KEr_Zxm8MK0ETI?width=600&height=600
21-12-2021,1626.283691,1649.983145,1616.768033,1616.768033,5353584,4,Infosys,INFY.NS,Stock,IT,https://1drv.ms/i/c/8705623eb284e7df/IQT7BLuLn8NmSrBq_1EWBFM3Ad1wmFhP7KEr_Zxm8MK0ETI?width=600&height=600
22-12-2021,1638.043701,1642.038558,1626.957057,1638.313057,4156428,4,Infosys,INFY.NS,Stock,IT,https://1drv.ms/i/c/8705623eb284e7df/IQT7BLuLn8NmSrBq_1EWBFM3Ad1wmFhP7KEr_Zxm8MK0ETI?width=600&height=600
23-12-2021,1667.578125,1671.168948,1640.108352,1643.923601,4112933,4,Infosys,INFY.NS,Stock,IT,https://1drv.ms/i/c/8705623eb284e7df/IQT7BLuLn8NmSrBq_1EWBFM3Ad1wmFhP7KEr_Zxm8MK0ETI?width=600&height=600
24-12-2021,1672.874756,1683.871652,1664.346551,1681.358032,3780347,4,Infosys,INFY.NS,Stock,IT,https://1drv.ms/i/c/8705623eb284e7df/IQT7BLuLn8NmSrBq_1EWBFM3Ad1wmFhP7KEr_Zxm8MK0ETI?width=600&height=600
27-12-2021,1675.25354,1682.749361,1656.311971,1669.732628,2647733,4,Infosys,INFY.NS,Stock,IT,https://1drv.ms/i/c/8705623eb284e7df/IQT7BLuLn8NmSrBq_1EWBFM3Ad1wmFhP7KEr_Zxm8MK0ETI?width=600&height=600
28-12-2021,1694.868652,1701.960551,1686.250698,1688.315356,3340933,4,Infosys,INFY.NS,Stock,IT,https://1drv.ms/i/c/8705623eb284e7df/IQT7BLuLn8NmSrBq_1EWBFM3Ad1wmFhP7KEr_Zxm8MK0ETI?width=600&height=600
29-12-2021,1692.669067,1700.07514,1684.455038,1690.828727,3236635,4,Infosys,INFY.NS,Stock,IT,https://1drv.ms/i/c/8705623eb284e7df/IQT7BLuLn8NmSrBq_1EWBFM3Ad1wmFhP7KEr_Zxm8MK0ETI?width=600&height=600
30-12-2021,1699.222168,1714.438345,1682.614613,1691.726347,4584738,4,Infosys,INFY.NS,Stock,IT,https://1drv.ms/i/c/8705623eb284e7df/IQT7BLuLn8NmSrBq_1EWBFM3Ad1wmFhP7KEr_Zxm8MK0ETI?width=600&height=600
31-12-2021,1694.644165,1704.159825,1680.191123,1696.664003,4619420,4,Infosys,INFY.NS,Stock,IT,https://1drv.ms/i/c/8705623eb284e7df/IQT7BLuLn8NmSrBq_1EWBFM3Ad1wmFhP7KEr_Zxm8MK0ETI?width=600&height=600
03-01-2022,1704.24939,1718.253687,1694.643982,1694.643982,3329616,4,Infosys,INFY.NS,Stock,IT,https://1drv.ms/i/c/8705623eb284e7df/IQT7BLuLn8NmSrBq_1EWBFM3Ad1wmFhP7KEr_Zxm8MK0ETI?width=600&height=600
04-01-2022,1704.877808,1711.6106,1685.89131,1704.249348,3921999,4,Infosys,INFY.NS,Stock,IT,https://1drv.ms/i/c/8705623eb284e7df/IQT7BLuLn8NmSrBq_1EWBFM3Ad1wmFhP7KEr_Zxm8MK0ETI?width=600&height=600
05-01-2022,1655.952759,1708.244113,1651.778406,1705.640745,6995719,4,Infosys,INFY.NS,Stock,IT,https://1drv.ms/i/c/8705623eb284e7df/IQT7BLuLn8NmSrBq_1EWBFM3Ad1wmFhP7KEr_Zxm8MK0ETI?width=600&height=600
06-01-2022,1631.849609,1641.006164,1615.870403,1641.006164,6449205,4,Infosys,INFY.NS,Stock,IT,https://1drv.ms/i/c/8705623eb284e7df/IQT7BLuLn8NmSrBq_1EWBFM3Ad1wmFhP7KEr_Zxm8MK0ETI?width=600&height=600
07-01-2022,1628.70752,1648.18769,1621.974727,1629.739793,4834389,4,Infosys,INFY.NS,Stock,IT,https://1drv.ms/i/c/8705623eb284e7df/IQT7BLuLn8NmSrBq_1EWBFM3Ad1wmFhP7KEr_Zxm8MK0ETI?width=600&height=600
10-01-2022,1661.428955,1678.620043,1627.540562,1629.335974,7857560,4,Infosys,INFY.NS,Stock,IT,https://1drv.ms/i/c/8705623eb284e7df/IQT7BLuLn8NmSrBq_1EWBFM3Ad1wmFhP7KEr_Zxm8MK0ETI?width=600&height=600
11-01-2022,1665.782837,1678.709822,1660.890384,1665.244235,5142287,4,Infosys,INFY.NS,Stock,IT,https://1drv.ms/i/c/8705623eb284e7df/IQT7BLuLn8NmSrBq_1EWBFM3Ad1wmFhP7KEr_Zxm8MK0ETI?width=600&height=600
12-01-2022,1685.397583,1695.766128,1669.732662,1677.722265,5362535,4,Infosys,INFY.NS,Stock,IT,https://1drv.ms/i/c/8705623eb284e7df/IQT7BLuLn8NmSrBq_1EWBFM3Ad1wmFhP7KEr_Zxm8MK0ETI?width=600&height=600
13-01-2022,1702.768433,1716.86237,1675.433225,1710.129576,14277630,4,Infosys,INFY.NS,Stock,IT,https://1drv.ms/i/c/8705623eb284e7df/IQT7BLuLn8NmSrBq_1EWBFM3Ad1wmFhP7KEr_Zxm8MK0ETI?width=600&height=600
14-01-2022,1731.988647,1735.265296,1688.584594,1689.4823,7688506,4,Infosys,INFY.NS,Stock,IT,https://1drv.ms/i/c/8705623eb284e7df/IQT7BLuLn8NmSrBq_1EWBFM3Ad1wmFhP7KEr_Zxm8MK0ETI?width=600&height=600
17-01-2022,1741.100342,1754.027327,1733.02099,1740.247565,5262464,4,Infosys,INFY.NS,Stock,IT,https://1drv.ms/i/c/8705623eb284e7df/IQT7BLuLn8NmSrBq_1EWBFM3Ad1wmFhP7KEr_Zxm8MK0ETI?width=600&height=600
18-01-2022,1724.268433,1746.037798,1715.919725,1725.480314,3690315,4,Infosys,INFY.NS,Stock,IT,https://1drv.ms/i/c/8705623eb284e7df/IQT7BLuLn8NmSrBq_1EWBFM3Ad1wmFhP7KEr_Zxm8MK0ETI?width=600&height=600
19-01-2022,1676.061646,1720.0043,1672.291215,1720.0043,5747770,4,Infosys,INFY.NS,Stock,IT,https://1drv.ms/i/c/8705623eb284e7df/IQT7BLuLn8NmSrBq_1EWBFM3Ad1wmFhP7KEr_Zxm8MK0ETI?width=600&height=600
20-01-2022,1637.146118,1658.960414,1629.784974,1655.369591,5533463,4,Infosys,INFY.NS,Stock,IT,https://1drv.ms/i/c/8705623eb284e7df/IQT7BLuLn8NmSrBq_1EWBFM3Ad1wmFhP7KEr_Zxm8MK0ETI?width=600&height=600
21-01-2022,1603.033325,1623.05221,1594.325622,1611.382034,8252758,4,Infosys,INFY.NS,Stock,IT,https://1drv.ms/i/c/8705623eb284e7df/IQT7BLuLn8NmSrBq_1EWBFM3Ad1wmFhP7KEr_Zxm8MK0ETI?width=600&height=600
24-01-2022,1559.135498,1587.727406,1551.235643,1584.450758,7116712,4,Infosys,INFY.NS,Stock,IT,https://1drv.ms/i/c/8705623eb284e7df/IQT7BLuLn8NmSrBq_1EWBFM3Ad1wmFhP7KEr_Zxm8MK0ETI?width=600&height=600
25-01-2022,1545.984009,1562.008035,1526.548657,1549.978756,9137653,4,Infosys,INFY.NS,Stock,IT,https://1drv.ms/i/c/8705623eb284e7df/IQT7BLuLn8NmSrBq_1EWBFM3Ad1wmFhP7KEr_Zxm8MK0ETI?width=600&height=600
27-01-2022,1506.888794,1534.80742,1494.680018,1527.89513,11231734,4,Infosys,INFY.NS,Stock,IT,https://1drv.ms/i/c/8705623eb284e7df/IQT7BLuLn8NmSrBq_1EWBFM3Ad1wmFhP7KEr_Zxm8MK0ETI?width=600&height=600
28-01-2022,1513.711426,1550.831647,1507.696841,1509.0434,10998502,4,Infosys,INFY.NS,Stock,IT,https://1drv.ms/i/c/8705623eb284e7df/IQT7BLuLn8NmSrBq_1EWBFM3Ad1wmFhP7KEr_Zxm8MK0ETI?width=600&height=600
31-01-2022,1558.596558,1570.536087,1539.879416,1542.258358,8788872,4,Infosys,INFY.NS,Stock,IT,https://1drv.ms/i/c/8705623eb284e7df/IQT7BLuLn8NmSrBq_1EWBFM3Ad1wmFhP7KEr_Zxm8MK0ETI?width=600&height=600
01-02-2022,1590.779419,1597.916135,1557.250024,1585.438004,5119935,4,Infosys,INFY.NS,Stock,IT,https://1drv.ms/i/c/8705623eb284e7df/IQT7BLuLn8NmSrBq_1EWBFM3Ad1wmFhP7KEr_Zxm8MK0ETI?width=600&height=600
02-02-2022,1604.289917,1609.406905,1590.734582,1605.99558,4253717,4,Infosys,INFY.NS,Stock,IT,https://1drv.ms/i/c/8705623eb284e7df/IQT7BLuLn8NmSrBq_1EWBFM3Ad1wmFhP7KEr_Zxm8MK0ETI?width=600&height=600
03-02-2022,1560.706543,1597.018701,1556.621938,1597.018701,3832922,4,Infosys,INFY.NS,Stock,IT,https://1drv.ms/i/c/8705623eb284e7df/IQT7BLuLn8NmSrBq_1EWBFM3Ad1wmFhP7KEr_Zxm8MK0ETI?width=600&height=600
04-02-2022,1562.995483,1574.530981,1535.211534,1554.826383,4700077,4,Infosys,INFY.NS,Stock,IT,https://1drv.ms/i/c/8705623eb284e7df/IQT7BLuLn8NmSrBq_1EWBFM3Ad1wmFhP7KEr_Zxm8MK0ETI?width=600&height=600
07-02-2022,1539.565308,1554.826305,1521.970297,1546.028745,4310209,4,Infosys,INFY.NS,Stock,IT,https://1drv.ms/i/c/8705623eb284e7df/IQT7BLuLn8NmSrBq_1EWBFM3Ad1wmFhP7KEr_Zxm8MK0ETI?width=600&height=600
08-02-2022,1541.630249,1548.54254,1522.509071,1535.076953,6053401,4,Infosys,INFY.NS,Stock,IT,https://1drv.ms/i/c/8705623eb284e7df/IQT7BLuLn8NmSrBq_1EWBFM3Ad1wmFhP7KEr_Zxm8MK0ETI?width=600&height=600
09-02-2022,1559.584351,1564.70123,1548.542525,1557.519583,3867244,4,Infosys,INFY.NS,Stock,IT,https://1drv.ms/i/c/8705623eb284e7df/IQT7BLuLn8NmSrBq_1EWBFM3Ad1wmFhP7KEr_Zxm8MK0ETI?width=600&height=600
10-02-2022,1588.580078,1592.440257,1569.862935,1576.057127,4334630,4,Infosys,INFY.NS,Stock,IT,https://1drv.ms/i/c/8705623eb284e7df/IQT7BLuLn8NmSrBq_1EWBFM3Ad1wmFhP7KEr_Zxm8MK0ETI?width=600&height=600
11-02-2022,1545.265625,1567.349162,1537.769805,1562.007858,7551371,4,Infosys,INFY.NS,Stock,IT,https://1drv.ms/i/c/8705623eb284e7df/IQT7BLuLn8NmSrBq_1EWBFM3Ad1wmFhP7KEr_Zxm8MK0ETI?width=600&height=600
14-02-2022,1510.120605,1542.752298,1506.574712,1517.122754,7459637,4,Infosys,INFY.NS,Stock,IT,https://1drv.ms/i/c/8705623eb284e7df/IQT7BLuLn8NmSrBq_1EWBFM3Ad1wmFhP7KEr_Zxm8MK0ETI?width=600&height=600
15-02-2022,1560.437012,1568.067511,1517.526633,1525.202061,4669915,4,Infosys,INFY.NS,Stock,IT,https://1drv.ms/i/c/8705623eb284e7df/IQT7BLuLn8NmSrBq_1EWBFM3Ad1wmFhP7KEr_Zxm8MK0ETI?width=600&height=600
16-02-2022,1555.993408,1575.877503,1550.20314,1560.437008,5350642,4,Infosys,INFY.NS,Stock,IT,https://1drv.ms/i/c/8705623eb284e7df/IQT7BLuLn8NmSrBq_1EWBFM3Ad1wmFhP7KEr_Zxm8MK0ETI?width=600&height=600
17-02-2022,1548.362915,1570.08735,1544.323239,1565.598822,3937950,4,Infosys,INFY.NS,Stock,IT,https://1drv.ms/i/c/8705623eb284e7df/IQT7BLuLn8NmSrBq_1EWBFM3Ad1wmFhP7KEr_Zxm8MK0ETI?width=600&height=600
18-02-2022,1532.338745,1546.298113,1529.241704,1535.076791,5602215,4,Infosys,INFY.NS,Stock,IT,https://1drv.ms/i/c/8705623eb284e7df/IQT7BLuLn8NmSrBq_1EWBFM3Ad1wmFhP7KEr_Zxm8MK0ETI?width=600&height=600
21-02-2022,1553.659424,1559.58437,1518.469399,1526.997605,5120890,4,Infosys,INFY.NS,Stock,IT,https://1drv.ms/i/c/8705623eb284e7df/IQT7BLuLn8NmSrBq_1EWBFM3Ad1wmFhP7KEr_Zxm8MK0ETI?width=600&height=600
22-02-2022,1556.935913,1571.882735,1518.065321,1526.009994,8878515,4,Infosys,INFY.NS,Stock,IT,https://1drv.ms/i/c/8705623eb284e7df/IQT7BLuLn8NmSrBq_1EWBFM3Ad1wmFhP7KEr_Zxm8MK0ETI?width=600&height=600
23-02-2022,1564.566528,1578.39122,1556.083252,1570.985147,5478811,4,Infosys,INFY.NS,Stock,IT,https://1drv.ms/i/c/8705623eb284e7df/IQT7BLuLn8NmSrBq_1EWBFM3Ad1wmFhP7KEr_Zxm8MK0ETI?width=600&height=600
24-02-2022,1506.484863,1539.520368,1499.617393,1517.212403,13592379,4,Infosys,INFY.NS,Stock,IT,https://1drv.ms/i/c/8705623eb284e7df/IQT7BLuLn8NmSrBq_1EWBFM3Ad1wmFhP7KEr_Zxm8MK0ETI?width=600&height=600
25-02-2022,1521.252075,1551.370146,1505.452477,1539.565294,9737281,4,Infosys,INFY.NS,Stock,IT,https://1drv.ms/i/c/8705623eb284e7df/IQT7BLuLn8NmSrBq_1EWBFM3Ad1wmFhP7KEr_Zxm8MK0ETI?width=600&height=600
28-02-2022,1540.103882,1551.280384,1494.679995,1510.120489,15076542,4,Infosys,INFY.NS,Stock,IT,https://1drv.ms/i/c/8705623eb284e7df/IQT7BLuLn8NmSrBq_1EWBFM3Ad1wmFhP7KEr_Zxm8MK0ETI?width=600&height=600
02-03-2022,1528.613403,1539.026768,1518.020432,1535.076841,6771489,4,Infosys,INFY.NS,Stock,IT,https://1drv.ms/i/c/8705623eb284e7df/IQT7BLuLn8NmSrBq_1EWBFM3Ad1wmFhP7KEr_Zxm8MK0ETI?width=600&height=600
03-03-2022,1544.817017,1556.532121,1531.082183,1544.233486,7344147,4,Infosys,INFY.NS,Stock,IT,https://1drv.ms/i/c/8705623eb284e7df/IQT7BLuLn8NmSrBq_1EWBFM3Ad1wmFhP7KEr_Zxm8MK0ETI?width=600&height=600
04-03-2022,1547.016357,1558.417177,1509.04336,1521.835667,9074499,4,Infosys,INFY.NS,Stock,IT,https://1drv.ms/i/c/8705623eb284e7df/IQT7BLuLn8NmSrBq_1EWBFM3Ad1wmFhP7KEr_Zxm8MK0ETI?width=600&height=600
07-03-2022,1561.873413,1571.882855,1522.509036,1523.406742,9742588,4,Infosys,INFY.NS,Stock,IT,https://1drv.ms/i/c/8705623eb284e7df/IQT7BLuLn8NmSrBq_1EWBFM3Ad1wmFhP7KEr_Zxm8MK0ETI?width=600&height=600
08-03-2022,1596.300171,1615.870198,1542.662257,1542.662257,10984500,4,Infosys,INFY.NS,Stock,IT,https://1drv.ms/i/c/8705623eb284e7df/IQT7BLuLn8NmSrBq_1EWBFM3Ad1wmFhP7KEr_Zxm8MK0ETI?width=600&height=600
09-03-2022,1627.854492,1644.23762,1607.790793,1607.790793,10193515,4,Infosys,INFY.NS,Stock,IT,https://1drv.ms/i/c/8705623eb284e7df/IQT7BLuLn8NmSrBq_1EWBFM3Ad1wmFhP7KEr_Zxm8MK0ETI?width=600&height=600
10-03-2022,1639.12085,1656.04258,1625.026804,1656.04258,6547182,4,Infosys,INFY.NS,Stock,IT,https://1drv.ms/i/c/8705623eb284e7df/IQT7BLuLn8NmSrBq_1EWBFM3Ad1wmFhP7KEr_Zxm8MK0ETI?width=600&height=600
11-03-2022,1635.619751,1644.058206,1625.744988,1628.438106,4758657,4,Infosys,INFY.NS,Stock,IT,https://1drv.ms/i/c/8705623eb284e7df/IQT7BLuLn8NmSrBq_1EWBFM3Ad1wmFhP7KEr_Zxm8MK0ETI?width=600&height=600
14-03-2022,1697.292114,1701.152293,1644.19291,1644.19291,10289724,4,Infosys,INFY.NS,Stock,IT,https://1drv.ms/i/c/8705623eb284e7df/IQT7BLuLn8NmSrBq_1EWBFM3Ad1wmFhP7KEr_Zxm8MK0ETI?width=600&height=600
15-03-2022,1651.150024,1695.18242,1642.801318,1695.18242,7140443,4,Infosys,INFY.NS,Stock,IT,https://1drv.ms/i/c/8705623eb284e7df/IQT7BLuLn8NmSrBq_1EWBFM3Ad1wmFhP7KEr_Zxm8MK0ETI?width=600&height=600
16-03-2022,1696.125244,1700.20974,1659.85791,1674.221202,5233979,4,Infosys,INFY.NS,Stock,IT,https://1drv.ms/i/c/8705623eb284e7df/IQT7BLuLn8NmSrBq_1EWBFM3Ad1wmFhP7KEr_Zxm8MK0ETI?width=600&height=600
17-03-2022,1664.885132,1726.557585,1645.539638,1726.557585,17731459,4,Infosys,INFY.NS,Stock,IT,https://1drv.ms/i/c/8705623eb284e7df/IQT7BLuLn8NmSrBq_1EWBFM3Ad1wmFhP7KEr_Zxm8MK0ETI?width=600&height=600
21-03-2022,1663.493652,1693.880969,1652.766003,1670.630369,8362085,4,Infosys,INFY.NS,Stock,IT,https://1drv.ms/i/c/8705623eb284e7df/IQT7BLuLn8NmSrBq_1EWBFM3Ad1wmFhP7KEr_Zxm8MK0ETI?width=600&height=600
22-03-2022,1694.329712,1696.663725,1650.880735,1660.755498,5709382,4,Infosys,INFY.NS,Stock,IT,https://1drv.ms/i/c/8705623eb284e7df/IQT7BLuLn8NmSrBq_1EWBFM3Ad1wmFhP7KEr_Zxm8MK0ETI?width=600&height=600
23-03-2022,1680.864258,1705.640914,1667.039567,1702.947797,6192824,4,Infosys,INFY.NS,Stock,IT,https://1drv.ms/i/c/8705623eb284e7df/IQT7BLuLn8NmSrBq_1EWBFM3Ad1wmFhP7KEr_Zxm8MK0ETI?width=600&height=600
24-03-2022,1693.701294,1700.793191,1666.276451,1666.276451,3784303,4,Infosys,INFY.NS,Stock,IT,https://1drv.ms/i/c/8705623eb284e7df/IQT7BLuLn8NmSrBq_1EWBFM3Ad1wmFhP7KEr_Zxm8MK0ETI?width=600&height=600
25-03-2022,1684.589722,1700.254643,1667.937237,1698.459231,3438588,4,Infosys,INFY.NS,Stock,IT,https://1drv.ms/i/c/8705623eb284e7df/IQT7BLuLn8NmSrBq_1EWBFM3Ad1wmFhP7KEr_Zxm8MK0ETI?width=600&height=600
28-03-2022,1682.210938,1688.494878,1663.134689,1675.11904,4008555,4,Infosys,INFY.NS,Stock,IT,https://1drv.ms/i/c/8705623eb284e7df/IQT7BLuLn8NmSrBq_1EWBFM3Ad1wmFhP7KEr_Zxm8MK0ETI?width=600&height=600
29-03-2022,1693.07312,1696.125342,1670.226552,1682.210902,3917785,4,Infosys,INFY.NS,Stock,IT,https://1drv.ms/i/c/8705623eb284e7df/IQT7BLuLn8NmSrBq_1EWBFM3Ad1wmFhP7KEr_Zxm8MK0ETI?width=600&height=600
30-03-2022,1709.186768,1722.697283,1701.152345,1714.617931,7795839,4,Infosys,INFY.NS,Stock,IT,https://1drv.ms/i/c/8705623eb284e7df/IQT7BLuLn8NmSrBq_1EWBFM3Ad1wmFhP7KEr_Zxm8MK0ETI?width=600&height=600
31-03-2022,1711.790039,1717.310951,1700.43404,1705.640777,5399145,4,Infosys,INFY.NS,Stock,IT,https://1drv.ms/i/c/8705623eb284e7df/IQT7BLuLn8NmSrBq_1EWBFM3Ad1wmFhP7KEr_Zxm8MK0ETI?width=600&height=600
01-04-2022,1708.827759,1714.887272,1686.160689,1693.836008,6171518,4,Infosys,INFY.NS,Stock,IT,https://1drv.ms/i/c/8705623eb284e7df/IQT7BLuLn8NmSrBq_1EWBFM3Ad1wmFhP7KEr_Zxm8MK0ETI?width=600&height=600
04-04-2022,1690.334839,1699.356825,1681.402711,1696.439281,7364074,4,Infosys,INFY.NS,Stock,IT,https://1drv.ms/i/c/8705623eb284e7df/IQT7BLuLn8NmSrBq_1EWBFM3Ad1wmFhP7KEr_Zxm8MK0ETI?width=600&height=600
05-04-2022,1670.720093,1696.304706,1667.174199,1691.098078,5472024,4,Infosys,INFY.NS,Stock,IT,https://1drv.ms/i/c/8705623eb284e7df/IQT7BLuLn8NmSrBq_1EWBFM3Ad1wmFhP7KEr_Zxm8MK0ETI?width=600&height=600
06-04-2022,1641.769043,1667.488333,1635.754459,1665.244069,5407453,4,Infosys,INFY.NS,Stock,IT,https://1drv.ms/i/c/8705623eb284e7df/IQT7BLuLn8NmSrBq_1EWBFM3Ad1wmFhP7KEr_Zxm8MK0ETI?width=600&height=600
07-04-2022,1625.745117,1641.140793,1622.648076,1634.767104,5797544,4,Infosys,INFY.NS,Stock,IT,https://1drv.ms/i/c/8705623eb284e7df/IQT7BLuLn8NmSrBq_1EWBFM3Ad1wmFhP7KEr_Zxm8MK0ETI?width=600&height=600
08-04-2022,1628.976929,1649.983266,1623.052092,1636.517679,5131446,4,Infosys,INFY.NS,Stock,IT,https://1drv.ms/i/c/8705623eb284e7df/IQT7BLuLn8NmSrBq_1EWBFM3Ad1wmFhP7KEr_Zxm8MK0ETI?width=600&height=600
11-04-2022,1585.842285,1628.438383,1582.251462,1628.438383,8248407,4,Infosys,INFY.NS,Stock,IT,https://1drv.ms/i/c/8705623eb284e7df/IQT7BLuLn8NmSrBq_1EWBFM3Ad1wmFhP7KEr_Zxm8MK0ETI?width=600&height=600
12-04-2022,1564.20752,1577.718036,1551.011287,1577.718036,6456184,4,Infosys,INFY.NS,Stock,IT,https://1drv.ms/i/c/8705623eb284e7df/IQT7BLuLn8NmSrBq_1EWBFM3Ad1wmFhP7KEr_Zxm8MK0ETI?width=600&height=600
13-04-2022,1569.68335,1577.717772,1554.826276,1575.428578,6257693,4,Infosys,INFY.NS,Stock,IT,https://1drv.ms/i/c/8705623eb284e7df/IQT7BLuLn8NmSrBq_1EWBFM3Ad1wmFhP7KEr_Zxm8MK0ETI?width=600&height=600
18-04-2022,1455.540283,1481.214649,1427.352298,1441.266738,30523965,4,Infosys,INFY.NS,Stock,IT,https://1drv.ms/i/c/8705623eb284e7df/IQT7BLuLn8NmSrBq_1EWBFM3Ad1wmFhP7KEr_Zxm8MK0ETI?width=600&height=600
19-04-2022,1402.216431,1469.230189,1391.443961,1469.230189,17044923,4,Infosys,INFY.NS,Stock,IT,https://1drv.ms/i/c/8705623eb284e7df/IQT7BLuLn8NmSrBq_1EWBFM3Ad1wmFhP7KEr_Zxm8MK0ETI?width=600&height=600
20-04-2022,1425.287476,1433.007833,1403.114186,1413.886656,10678747,4,Infosys,INFY.NS,Stock,IT,https://1drv.ms/i/c/8705623eb284e7df/IQT7BLuLn8NmSrBq_1EWBFM3Ad1wmFhP7KEr_Zxm8MK0ETI?width=600&height=600
21-04-2022,1453.206055,1460.746695,1426.678807,1431.840615,7766514,4,Infosys,INFY.NS,Stock,IT,https://1drv.ms/i/c/8705623eb284e7df/IQT7BLuLn8NmSrBq_1EWBFM3Ad1wmFhP7KEr_Zxm8MK0ETI?width=600&height=600
22-04-2022,1423.267578,1445.934649,1420.529641,1440.234239,8134245,4,Infosys,INFY.NS,Stock,IT,https://1drv.ms/i/c/8705623eb284e7df/IQT7BLuLn8NmSrBq_1EWBFM3Ad1wmFhP7KEr_Zxm8MK0ETI?width=600&height=600
25-04-2022,1401.408447,1411.91167,1395.124507,1411.91167,7000570,4,Infosys,INFY.NS,Stock,IT,https://1drv.ms/i/c/8705623eb284e7df/IQT7BLuLn8NmSrBq_1EWBFM3Ad1wmFhP7KEr_Zxm8MK0ETI?width=600&height=600
26-04-2022,1419.272583,1429.147345,1406.300781,1415.861258,5345435,4,Infosys,INFY.NS,Stock,IT,https://1drv.ms/i/c/8705623eb284e7df/IQT7BLuLn8NmSrBq_1EWBFM3Ad1wmFhP7KEr_Zxm8MK0ETI?width=600&height=600
27-04-2022,1393.95752,1411.866705,1391.758075,1411.866705,8819356,4,Infosys,INFY.NS,Stock,IT,https://1drv.ms/i/c/8705623eb284e7df/IQT7BLuLn8NmSrBq_1EWBFM3Ad1wmFhP7KEr_Zxm8MK0ETI?width=600&height=600
28-04-2022,1420.708984,1437.944999,1398.131665,1409.397915,9245177,4,Infosys,INFY.NS,Stock,IT,https://1drv.ms/i/c/8705623eb284e7df/IQT7BLuLn8NmSrBq_1EWBFM3Ad1wmFhP7KEr_Zxm8MK0ETI?width=600&height=600
29-04-2022,1407.198608,1433.905353,1401.139095,1427.352057,9831395,4,Infosys,INFY.NS,Stock,IT,https://1drv.ms/i/c/8705623eb284e7df/IQT7BLuLn8NmSrBq_1EWBFM3Ad1wmFhP7KEr_Zxm8MK0ETI?width=600&height=600
02-05-2022,1383.36438,1393.912421,1374.387324,1392.251688,7072627,4,Infosys,INFY.NS,Stock,IT,https://1drv.ms/i/c/8705623eb284e7df/IQT7BLuLn8NmSrBq_1EWBFM3Ad1wmFhP7KEr_Zxm8MK0ETI?width=600&height=600
04-05-2022,1378.472168,1409.398089,1373.624535,1388.975282,6220959,4,Infosys,INFY.NS,Stock,IT,https://1drv.ms/i/c/8705623eb284e7df/IQT7BLuLn8NmSrBq_1EWBFM3Ad1wmFhP7KEr_Zxm8MK0ETI?width=600&height=600
05-05-2022,1422.998291,1426.81354,1398.131776,1400.465899,6144870,4,Infosys,INFY.NS,Stock,IT,https://1drv.ms/i/c/8705623eb284e7df/IQT7BLuLn8NmSrBq_1EWBFM3Ad1wmFhP7KEr_Zxm8MK0ETI?width=600&height=600
06-05-2022,1385.025269,1402.081677,1378.02323,1391.443886,6171472,4,Infosys,INFY.NS,Stock,IT,https://1drv.ms/i/c/8705623eb284e7df/IQT7BLuLn8NmSrBq_1EWBFM3Ad1wmFhP7KEr_Zxm8MK0ETI?width=600&height=600
09-05-2022,1409.71228,1424.479606,1366.442905,1382.466931,6832202,4,Infosys,INFY.NS,Stock,IT,https://1drv.ms/i/c/8705623eb284e7df/IQT7BLuLn8NmSrBq_1EWBFM3Ad1wmFhP7KEr_Zxm8MK0ETI?width=600&height=600
10-05-2022,1394.136841,1408.634809,1387.897831,1398.625369,6212545,4,Infosys,INFY.NS,Stock,IT,https://1drv.ms/i/c/8705623eb284e7df/IQT7BLuLn8NmSrBq_1EWBFM3Ad1wmFhP7KEr_Zxm8MK0ETI?width=600&height=600
11-05-2022,1370.572144,1391.398871,1356.971881,1391.398871,7846080,4,Infosys,INFY.NS,Stock,IT,https://1drv.ms/i/c/8705623eb284e7df/IQT7BLuLn8NmSrBq_1EWBFM3Ad1wmFhP7KEr_Zxm8MK0ETI?width=600&height=600
12-05-2022,1354.458496,1371.24555,1350.41882,1359.126522,7034979,4,Infosys,INFY.NS,Stock,IT,https://1drv.ms/i/c/8705623eb284e7df/IQT7BLuLn8NmSrBq_1EWBFM3Ad1wmFhP7KEr_Zxm8MK0ETI?width=600&height=600
13-05-2022,1350.508545,1372.816511,1344.852955,1363.884382,6723761,4,Infosys,INFY.NS,Stock,IT,https://1drv.ms/i/c/8705623eb284e7df/IQT7BLuLn8NmSrBq_1EWBFM3Ad1wmFhP7KEr_Zxm8MK0ETI?width=600&height=600
16-05-2022,1336.77356,1357.196365,1327.392579,1355.535631,6145331,4,Infosys,INFY.NS,Stock,IT,https://1drv.ms/i/c/8705623eb284e7df/IQT7BLuLn8NmSrBq_1EWBFM3Ad1wmFhP7KEr_Zxm8MK0ETI?width=600&height=600
17-05-2022,1363.121338,1369.001355,1329.412551,1341.980432,6516378,4,Infosys,INFY.NS,Stock,IT,https://1drv.ms/i/c/8705623eb284e7df/IQT7BLuLn8NmSrBq_1EWBFM3Ad1wmFhP7KEr_Zxm8MK0ETI?width=600&height=600
18-05-2022,1354.817383,1391.174463,1351.316418,1366.308059,6594126,4,Infosys,INFY.NS,Stock,IT,https://1drv.ms/i/c/8705623eb284e7df/IQT7BLuLn8NmSrBq_1EWBFM3Ad1wmFhP7KEr_Zxm8MK0ETI?width=600&height=600
19-05-2022,1281.160767,1332.823666,1272.632562,1329.502199,16561140,4,Infosys,INFY.NS,Stock,IT,https://1drv.ms/i/c/8705623eb284e7df/IQT7BLuLn8NmSrBq_1EWBFM3Ad1wmFhP7KEr_Zxm8MK0ETI?width=600&height=600
20-05-2022,1306.296509,1316.709873,1298.71083,1304.36642,10488908,4,Infosys,INFY.NS,Stock,IT,https://1drv.ms/i/c/8705623eb284e7df/IQT7BLuLn8NmSrBq_1EWBFM3Ad1wmFhP7KEr_Zxm8MK0ETI?width=600&height=600
23-05-2022,1318.191162,1335.786173,1301.718283,1306.251632,5887569,4,Infosys,INFY.NS,Stock,IT,https://1drv.ms/i/c/8705623eb284e7df/IQT7BLuLn8NmSrBq_1EWBFM3Ad1wmFhP7KEr_Zxm8MK0ETI?width=600&height=600
24-05-2022,1293.593872,1319.223413,1288.432064,1318.370527,5693167,4,Infosys,INFY.NS,Stock,IT,https://1drv.ms/i/c/8705623eb284e7df/IQT7BLuLn8NmSrBq_1EWBFM3Ad1wmFhP7KEr_Zxm8MK0ETI?width=600&height=600
25-05-2022,1266.169312,1294.940831,1256.115049,1288.208036,9630092,4,Infosys,INFY.NS,Stock,IT,https://1drv.ms/i/c/8705623eb284e7df/IQT7BLuLn8NmSrBq_1EWBFM3Ad1wmFhP7KEr_Zxm8MK0ETI?width=600&height=600
26-05-2022,1278.288086,1283.71925,1263.116946,1272.94678,13040065,4,Infosys,INFY.NS,Stock,IT,https://1drv.ms/i/c/8705623eb284e7df/IQT7BLuLn8NmSrBq_1EWBFM3Ad1wmFhP7KEr_Zxm8MK0ETI?width=600&height=600
27-05-2022,1311.862305,1316.934364,1290.362295,1296.242202,8284860,4,Infosys,INFY.NS,Stock,IT,https://1drv.ms/i/c/8705623eb284e7df/IQT7BLuLn8NmSrBq_1EWBFM3Ad1wmFhP7KEr_Zxm8MK0ETI?width=600&height=600
30-05-2022,1370.61731,1373.489924,1333.093162,1334.888574,10904213,4,Infosys,INFY.NS,Stock,IT,https://1drv.ms/i/c/8705623eb284e7df/IQT7BLuLn8NmSrBq_1EWBFM3Ad1wmFhP7KEr_Zxm8MK0ETI?width=600&height=600
31-05-2022,1364.085083,1377.148969,1350.06869,1370.526271,16033857,4,Infosys,INFY.NS,Stock,IT,https://1drv.ms/i/c/8705623eb284e7df/IQT7BLuLn8NmSrBq_1EWBFM3Ad1wmFhP7KEr_Zxm8MK0ETI?width=600&height=600
01-06-2022,1341.359497,1374.200555,1335.507908,1372.612933,8738508,4,Infosys,INFY.NS,Stock,IT,https://1drv.ms/i/c/8705623eb284e7df/IQT7BLuLn8NmSrBq_1EWBFM3Ad1wmFhP7KEr_Zxm8MK0ETI?width=600&height=600
02-06-2022,1368.077026,1373.3842,1338.683307,1346.303917,7205840,4,Infosys,INFY.NS,Stock,IT,https://1drv.ms/i/c/8705623eb284e7df/IQT7BLuLn8NmSrBq_1EWBFM3Ad1wmFhP7KEr_Zxm8MK0ETI?width=600&height=600
03-06-2022,1380.505737,1410.715969,1377.149094,1383.408885,9395707,4,Infosys,INFY.NS,Stock,IT,https://1drv.ms/i/c/8705623eb284e7df/IQT7BLuLn8NmSrBq_1EWBFM3Ad1wmFhP7KEr_Zxm8MK0ETI?width=600&height=600
06-06-2022,1388.081177,1394.023355,1354.468894,1375.334791,6624883,4,Infosys,INFY.NS,Stock,IT,https://1drv.ms/i/c/8705623eb284e7df/IQT7BLuLn8NmSrBq_1EWBFM3Ad1wmFhP7KEr_Zxm8MK0ETI?width=600&height=600
07-06-2022,1366.897583,1378.827454,1363.178032,1378.827454,4904592,4,Infosys,INFY.NS,Stock,IT,https://1drv.ms/i/c/8705623eb284e7df/IQT7BLuLn8NmSrBq_1EWBFM3Ad1wmFhP7KEr_Zxm8MK0ETI?width=600&height=600
08-06-2022,1360.819214,1379.144868,1353.561511,1379.144868,4697608,4,Infosys,INFY.NS,Stock,IT,https://1drv.ms/i/c/8705623eb284e7df/IQT7BLuLn8NmSrBq_1EWBFM3Ad1wmFhP7KEr_Zxm8MK0ETI?width=600&height=600
09-06-2022,1374.42749,1376.196511,1344.035859,1347.211104,4361061,4,Infosys,INFY.NS,Stock,IT,https://1drv.ms/i/c/8705623eb284e7df/IQT7BLuLn8NmSrBq_1EWBFM3Ad1wmFhP7KEr_Zxm8MK0ETI?width=600&height=600
10-06-2022,1339.771851,1355.330461,1336.868703,1348.208863,6516436,4,Infosys,INFY.NS,Stock,IT,https://1drv.ms/i/c/8705623eb284e7df/IQT7BLuLn8NmSrBq_1EWBFM3Ad1wmFhP7KEr_Zxm8MK0ETI?width=600&height=600
13-06-2022,1292.324829,1309.652574,1280.712459,1309.652574,6987685,4,Infosys,INFY.NS,Stock,IT,https://1drv.ms/i/c/8705623eb284e7df/IQT7BLuLn8NmSrBq_1EWBFM3Ad1wmFhP7KEr_Zxm8MK0ETI?width=600&height=600
14-06-2022,1306.885498,1314.460703,1272.955716,1279.170102,6090247,4,Infosys,INFY.NS,Stock,IT,https://1drv.ms/i/c/8705623eb284e7df/IQT7BLuLn8NmSrBq_1EWBFM3Ad1wmFhP7KEr_Zxm8MK0ETI?width=600&height=600
15-06-2022,1290.238037,1312.192654,1287.198896,1306.567868,4651958,4,Infosys,INFY.NS,Stock,IT,https://1drv.ms/i/c/8705623eb284e7df/IQT7BLuLn8NmSrBq_1EWBFM3Ad1wmFhP7KEr_Zxm8MK0ETI?width=600&height=600
16-06-2022,1267.557739,1309.788541,1262.840277,1304.572068,6641772,4,Infosys,INFY.NS,Stock,IT,https://1drv.ms/i/c/8705623eb284e7df/IQT7BLuLn8NmSrBq_1EWBFM3Ad1wmFhP7KEr_Zxm8MK0ETI?width=600&height=600
17-06-2022,1258.576416,1267.330931,1240.296055,1261.978464,9692047,4,Infosys,INFY.NS,Stock,IT,https://1drv.ms/i/c/8705623eb284e7df/IQT7BLuLn8NmSrBq_1EWBFM3Ad1wmFhP7KEr_Zxm8MK0ETI?width=600&height=600
20-06-2022,1282.934937,1290.374037,1253.768024,1261.071131,4595194,4,Infosys,INFY.NS,Stock,IT,https://1drv.ms/i/c/8705623eb284e7df/IQT7BLuLn8NmSrBq_1EWBFM3Ad1wmFhP7KEr_Zxm8MK0ETI?width=600&height=600
21-06-2022,1315.368042,1320.902019,1290.737189,1291.871205,6270787,4,Infosys,INFY.NS,Stock,IT,https://1drv.ms/i/c/8705623eb284e7df/IQT7BLuLn8NmSrBq_1EWBFM3Ad1wmFhP7KEr_Zxm8MK0ETI?width=600&height=600
22-06-2022,1303.891846,1324.168034,1301.850617,1302.803234,6253366,4,Infosys,INFY.NS,Stock,IT,https://1drv.ms/i/c/8705623eb284e7df/IQT7BLuLn8NmSrBq_1EWBFM3Ad1wmFhP7KEr_Zxm8MK0ETI?width=600&height=600
23-06-2022,1317.681152,1322.716228,1300.035908,1306.204999,6254281,4,Infosys,INFY.NS,Stock,IT,https://1drv.ms/i/c/8705623eb284e7df/IQT7BLuLn8NmSrBq_1EWBFM3Ad1wmFhP7KEr_Zxm8MK0ETI?width=600&height=600
24-06-2022,1307.384399,1331.33484,1296.316447,1322.716319,6114340,4,Infosys,INFY.NS,Stock,IT,https://1drv.ms/i/c/8705623eb284e7df/IQT7BLuLn8NmSrBq_1EWBFM3Ad1wmFhP7KEr_Zxm8MK0ETI?width=600&height=600
27-06-2022,1337.776001,1346.303824,1329.202884,1331.833823,4511097,4,Infosys,INFY.NS,Stock,IT,https://1drv.ms/i/c/8705623eb284e7df/IQT7BLuLn8NmSrBq_1EWBFM3Ad1wmFhP7KEr_Zxm8MK0ETI?width=600&height=600
28-06-2022,1342.811035,1350.159437,1318.180186,1332.69559,4412178,4,Infosys,INFY.NS,Stock,IT,https://1drv.ms/i/c/8705623eb284e7df/IQT7BLuLn8NmSrBq_1EWBFM3Ad1wmFhP7KEr_Zxm8MK0ETI?width=600&height=600
29-06-2022,1327.479248,1339.953425,1321.809168,1328.794662,5060038,4,Infosys,INFY.NS,Stock,IT,https://1drv.ms/i/c/8705623eb284e7df/IQT7BLuLn8NmSrBq_1EWBFM3Ad1wmFhP7KEr_Zxm8MK0ETI?width=600&height=600
30-06-2022,1326.254395,1344.489349,1319.994604,1329.112137,9165177,4,Infosys,INFY.NS,Stock,IT,https://1drv.ms/i/c/8705623eb284e7df/IQT7BLuLn8NmSrBq_1EWBFM3Ad1wmFhP7KEr_Zxm8MK0ETI?width=600&height=600
01-07-2022,1342.130737,1347.211107,1308.518456,1319.087508,4651635,4,Infosys,INFY.NS,Stock,IT,https://1drv.ms/i/c/8705623eb284e7df/IQT7BLuLn8NmSrBq_1EWBFM3Ad1wmFhP7KEr_Zxm8MK0ETI?width=600&height=600
04-07-2022,1349.932617,1353.788272,1326.345085,1342.901718,4800224,4,Infosys,INFY.NS,Stock,IT,https://1drv.ms/i/c/8705623eb284e7df/IQT7BLuLn8NmSrBq_1EWBFM3Ad1wmFhP7KEr_Zxm8MK0ETI?width=600&height=600
05-07-2022,1339.00061,1369.845844,1335.417164,1359.73051,7379669,4,Infosys,INFY.NS,Stock,IT,https://1drv.ms/i/c/8705623eb284e7df/IQT7BLuLn8NmSrBq_1EWBFM3Ad1wmFhP7KEr_Zxm8MK0ETI?width=600&height=600
06-07-2022,1353.244019,1360.819223,1333.602839,1344.670791,5209162,4,Infosys,INFY.NS,Stock,IT,https://1drv.ms/i/c/8705623eb284e7df/IQT7BLuLn8NmSrBq_1EWBFM3Ad1wmFhP7KEr_Zxm8MK0ETI?width=600&height=600
07-07-2022,1359.639893,1373.474889,1356.918254,1363.586357,3323472,4,Infosys,INFY.NS,Stock,IT,https://1drv.ms/i/c/8705623eb284e7df/IQT7BLuLn8NmSrBq_1EWBFM3Ad1wmFhP7KEr_Zxm8MK0ETI?width=600&height=600
08-07-2022,1373.928345,1376.196377,1360.773759,1374.427356,3652582,4,Infosys,INFY.NS,Stock,IT,https://1drv.ms/i/c/8705623eb284e7df/IQT7BLuLn8NmSrBq_1EWBFM3Ad1wmFhP7KEr_Zxm8MK0ETI?width=600&height=600
11-07-2022,1336.460693,1360.728638,1330.337006,1356.283273,4702638,4,Infosys,INFY.NS,Stock,IT,https://1drv.ms/i/c/8705623eb284e7df/IQT7BLuLn8NmSrBq_1EWBFM3Ad1wmFhP7KEr_Zxm8MK0ETI?width=600&height=600
12-07-2022,1305.116333,1332.332717,1302.757602,1326.163737,4710356,4,Infosys,INFY.NS,Stock,IT,https://1drv.ms/i/c/8705623eb284e7df/IQT7BLuLn8NmSrBq_1EWBFM3Ad1wmFhP7KEr_Zxm8MK0ETI?width=600&height=600
13-07-2022,1310.423462,1324.530665,1305.116289,1315.458537,5264025,4,Infosys,INFY.NS,Stock,IT,https://1drv.ms/i/c/8705623eb284e7df/IQT7BLuLn8NmSrBq_1EWBFM3Ad1wmFhP7KEr_Zxm8MK0ETI?width=600&height=600
14-07-2022,1296.270996,1318.134803,1282.798908,1316.365782,6157606,4,Infosys,INFY.NS,Stock,IT,https://1drv.ms/i/c/8705623eb284e7df/IQT7BLuLn8NmSrBq_1EWBFM3Ad1wmFhP7KEr_Zxm8MK0ETI?width=600&height=600
15-07-2022,1297.631836,1311.829739,1279.759788,1311.829739,5620018,4,Infosys,INFY.NS,Stock,IT,https://1drv.ms/i/c/8705623eb284e7df/IQT7BLuLn8NmSrBq_1EWBFM3Ad1wmFhP7KEr_Zxm8MK0ETI?width=600&height=600
18-07-2022,1351.656494,1355.013138,1313.689657,1315.458678,5835171,4,Infosys,INFY.NS,Stock,IT,https://1drv.ms/i/c/8705623eb284e7df/IQT7BLuLn8NmSrBq_1EWBFM3Ad1wmFhP7KEr_Zxm8MK0ETI?width=600&height=600
19-07-2022,1346.439941,1348.889372,1333.693557,1335.009082,3418540,4,Infosys,INFY.NS,Stock,IT,https://1drv.ms/i/c/8705623eb284e7df/IQT7BLuLn8NmSrBq_1EWBFM3Ad1wmFhP7KEr_Zxm8MK0ETI?width=600&height=600
20-07-2022,1374.699585,1384.225319,1360.819185,1361.953201,5079392,4,Infosys,INFY.NS,Stock,IT,https://1drv.ms/i/c/8705623eb284e7df/IQT7BLuLn8NmSrBq_1EWBFM3Ad1wmFhP7KEr_Zxm8MK0ETI?width=600&height=600
21-07-2022,1390.666504,1392.97983,1363.631519,1376.241798,5008061,4,Infosys,INFY.NS,Stock,IT,https://1drv.ms/i/c/8705623eb284e7df/IQT7BLuLn8NmSrBq_1EWBFM3Ad1wmFhP7KEr_Zxm8MK0ETI?width=600&height=600
22-07-2022,1366.534668,1397.107695,1353.697585,1391.664418,7020642,4,Infosys,INFY.NS,Stock,IT,https://1drv.ms/i/c/8705623eb284e7df/IQT7BLuLn8NmSrBq_1EWBFM3Ad1wmFhP7KEr_Zxm8MK0ETI?width=600&height=600
25-07-2022,1364.085083,1376.37786,1342.765583,1342.765583,7859626,4,Infosys,INFY.NS,Stock,IT,https://1drv.ms/i/c/8705623eb284e7df/IQT7BLuLn8NmSrBq_1EWBFM3Ad1wmFhP7KEr_Zxm8MK0ETI?width=600&height=600
26-07-2022,1316.501953,1357.780138,1310.922572,1357.780138,7268273,4,Infosys,INFY.NS,Stock,IT,https://1drv.ms/i/c/8705623eb284e7df/IQT7BLuLn8NmSrBq_1EWBFM3Ad1wmFhP7KEr_Zxm8MK0ETI?width=600&height=600
27-07-2022,1334.55542,1336.324441,1310.922482,1316.365759,4517285,4,Infosys,INFY.NS,Stock,IT,https://1drv.ms/i/c/8705623eb284e7df/IQT7BLuLn8NmSrBq_1EWBFM3Ad1wmFhP7KEr_Zxm8MK0ETI?width=600&height=600
28-07-2022,1376.604858,1383.000643,1351.611099,1357.553388,6636841,4,Infosys,INFY.NS,Stock,IT,https://1drv.ms/i/c/8705623eb284e7df/IQT7BLuLn8NmSrBq_1EWBFM3Ad1wmFhP7KEr_Zxm8MK0ETI?width=600&height=600
29-07-2022,1405.907593,1411.350869,1386.22112,1390.575785,7009465,4,Infosys,INFY.NS,Stock,IT,https://1drv.ms/i/c/8705623eb284e7df/IQT7BLuLn8NmSrBq_1EWBFM3Ad1wmFhP7KEr_Zxm8MK0ETI?width=600&height=600
01-08-2022,1407.132568,1418.880931,1395.202697,1418.880931,2983249,4,Infosys,INFY.NS,Stock,IT,https://1drv.ms/i/c/8705623eb284e7df/IQT7BLuLn8NmSrBq_1EWBFM3Ad1wmFhP7KEr_Zxm8MK0ETI?width=600&height=600
02-08-2022,1400.373657,1403.458203,1386.538662,1403.050001,4374635,4,Infosys,INFY.NS,Stock,IT,https://1drv.ms/i/c/8705623eb284e7df/IQT7BLuLn8NmSrBq_1EWBFM3Ad1wmFhP7KEr_Zxm8MK0ETI?width=600&height=600
03-08-2022,1420.786011,1424.324163,1397.017079,1405.272693,6011955,4,Infosys,INFY.NS,Stock,IT,https://1drv.ms/i/c/8705623eb284e7df/IQT7BLuLn8NmSrBq_1EWBFM3Ad1wmFhP7KEr_Zxm8MK0ETI?width=600&height=600
04-08-2022,1451.449829,1455.033275,1428.814803,1440.200368,7402209,4,Infosys,INFY.NS,Stock,IT,https://1drv.ms/i/c/8705623eb284e7df/IQT7BLuLn8NmSrBq_1EWBFM3Ad1wmFhP7KEr_Zxm8MK0ETI?width=600&height=600
05-08-2022,1466.645752,1474.855962,1453.627269,1459.161246,5361971,4,Infosys,INFY.NS,Stock,IT,https://1drv.ms/i/c/8705623eb284e7df/IQT7BLuLn8NmSrBq_1EWBFM3Ad1wmFhP7KEr_Zxm8MK0ETI?width=600&height=600
08-08-2022,1469.140503,1471.499234,1447.9117,1466.96317,3763409,4,Infosys,INFY.NS,Stock,IT,https://1drv.ms/i/c/8705623eb284e7df/IQT7BLuLn8NmSrBq_1EWBFM3Ad1wmFhP7KEr_Zxm8MK0ETI?width=600&height=600
10-08-2022,1453.763306,1470.773548,1440.744822,1470.773548,4423829,4,Infosys,INFY.NS,Stock,IT,https://1drv.ms/i/c/8705623eb284e7df/IQT7BLuLn8NmSrBq_1EWBFM3Ad1wmFhP7KEr_Zxm8MK0ETI?width=600&height=600
11-08-2022,1469.639526,1479.981776,1466.05608,1478.757061,3462090,4,Infosys,INFY.NS,Stock,IT,https://1drv.ms/i/c/8705623eb284e7df/IQT7BLuLn8NmSrBq_1EWBFM3Ad1wmFhP7KEr_Zxm8MK0ETI?width=600&height=600
12-08-2022,1446.188232,1464.241793,1442.604785,1463.606789,3562286,4,Infosys,INFY.NS,Stock,IT,https://1drv.ms/i/c/8705623eb284e7df/IQT7BLuLn8NmSrBq_1EWBFM3Ad1wmFhP7KEr_Zxm8MK0ETI?width=600&height=600
16-08-2022,1448.319824,1459.705389,1443.466258,1459.705389,3004430,4,Infosys,INFY.NS,Stock,IT,https://1drv.ms/i/c/8705623eb284e7df/IQT7BLuLn8NmSrBq_1EWBFM3Ad1wmFhP7KEr_Zxm8MK0ETI?width=600&height=600
17-08-2022,1457.210571,1462.427045,1437.932299,1448.319841,4067324,4,Infosys,INFY.NS,Stock,IT,https://1drv.ms/i/c/8705623eb284e7df/IQT7BLuLn8NmSrBq_1EWBFM3Ad1wmFhP7KEr_Zxm8MK0ETI?width=600&height=600
18-08-2022,1436.072632,1449.907629,1427.953121,1446.188078,4635706,4,Infosys,INFY.NS,Stock,IT,https://1drv.ms/i/c/8705623eb284e7df/IQT7BLuLn8NmSrBq_1EWBFM3Ad1wmFhP7KEr_Zxm8MK0ETI?width=600&height=600
19-08-2022,1448.909546,1455.98585,1438.022992,1438.204501,4739884,4,Infosys,INFY.NS,Stock,IT,https://1drv.ms/i/c/8705623eb284e7df/IQT7BLuLn8NmSrBq_1EWBFM3Ad1wmFhP7KEr_Zxm8MK0ETI?width=600&height=600
22-08-2022,1429.450073,1450.633473,1427.95315,1438.839705,3950555,4,Infosys,INFY.NS,Stock,IT,https://1drv.ms/i/c/8705623eb284e7df/IQT7BLuLn8NmSrBq_1EWBFM3Ad1wmFhP7KEr_Zxm8MK0ETI?width=600&height=600
23-08-2022,1399.285278,1410.262533,1390.757454,1404.365649,5551574,4,Infosys,INFY.NS,Stock,IT,https://1drv.ms/i/c/8705623eb284e7df/IQT7BLuLn8NmSrBq_1EWBFM3Ad1wmFhP7KEr_Zxm8MK0ETI?width=600&height=600
24-08-2022,1394.8396,1402.550908,1388.942717,1392.571568,2888426,4,Infosys,INFY.NS,Stock,IT,https://1drv.ms/i/c/8705623eb284e7df/IQT7BLuLn8NmSrBq_1EWBFM3Ad1wmFhP7KEr_Zxm8MK0ETI?width=600&height=600
25-08-2022,1377.285278,1405.000566,1373.293519,1404.365561,4331088,4,Infosys,INFY.NS,Stock,IT,https://1drv.ms/i/c/8705623eb284e7df/IQT7BLuLn8NmSrBq_1EWBFM3Ad1wmFhP7KEr_Zxm8MK0ETI?width=600&height=600
26-08-2022,1380.369873,1401.598567,1376.650211,1392.707947,3079136,4,Infosys,INFY.NS,Stock,IT,https://1drv.ms/i/c/8705623eb284e7df/IQT7BLuLn8NmSrBq_1EWBFM3Ad1wmFhP7KEr_Zxm8MK0ETI?width=600&height=600
29-08-2022,1326.11853,1332.287623,1315.458778,1332.287623,8079050,4,Infosys,INFY.NS,Stock,IT,https://1drv.ms/i/c/8705623eb284e7df/IQT7BLuLn8NmSrBq_1EWBFM3Ad1wmFhP7KEr_Zxm8MK0ETI?width=600&height=600
30-08-2022,1354.42334,1357.281082,1329.973999,1336.415187,6725875,4,Infosys,INFY.NS,Stock,IT,https://1drv.ms/i/c/8705623eb284e7df/IQT7BLuLn8NmSrBq_1EWBFM3Ad1wmFhP7KEr_Zxm8MK0ETI?width=600&height=600
01-09-2022,1328.341064,1331.879217,1316.411304,1324.57622,8140604,4,Infosys,INFY.NS,Stock,IT,https://1drv.ms/i/c/8705623eb284e7df/IQT7BLuLn8NmSrBq_1EWBFM3Ad1wmFhP7KEr_Zxm8MK0ETI?width=600&height=600
02-09-2022,1318.180176,1340.860495,1313.644112,1340.860495,5175653,4,Infosys,INFY.NS,Stock,IT,https://1drv.ms/i/c/8705623eb284e7df/IQT7BLuLn8NmSrBq_1EWBFM3Ad1wmFhP7KEr_Zxm8MK0ETI?width=600&height=600
05-09-2022,1325.710083,1330.881152,1312.147185,1316.365747,3669352,4,Infosys,INFY.NS,Stock,IT,https://1drv.ms/i/c/8705623eb284e7df/IQT7BLuLn8NmSrBq_1EWBFM3Ad1wmFhP7KEr_Zxm8MK0ETI?width=600&height=600
06-09-2022,1320.085327,1333.60282,1311.330701,1325.710113,3428442,4,Infosys,INFY.NS,Stock,IT,https://1drv.ms/i/c/8705623eb284e7df/IQT7BLuLn8NmSrBq_1EWBFM3Ad1wmFhP7KEr_Zxm8MK0ETI?width=600&height=600
07-09-2022,1322.398926,1329.747328,1304.617575,1306.386596,3600574,4,Infosys,INFY.NS,Stock,IT,https://1drv.ms/i/c/8705623eb284e7df/IQT7BLuLn8NmSrBq_1EWBFM3Ad1wmFhP7KEr_Zxm8MK0ETI?width=600&height=600
08-09-2022,1338.955688,1343.673152,1327.796924,1338.139175,4061475,4,Infosys,INFY.NS,Stock,IT,https://1drv.ms/i/c/8705623eb284e7df/IQT7BLuLn8NmSrBq_1EWBFM3Ad1wmFhP7KEr_Zxm8MK0ETI?width=600&height=600
09-09-2022,1371.388184,1378.963388,1342.674878,1349.93258,4816910,4,Infosys,INFY.NS,Stock,IT,https://1drv.ms/i/c/8705623eb284e7df/IQT7BLuLn8NmSrBq_1EWBFM3Ad1wmFhP7KEr_Zxm8MK0ETI?width=600&height=600
12-09-2022,1393.6604,1402.460432,1380.006913,1384.225475,5494819,4,Infosys,INFY.NS,Stock,IT,https://1drv.ms/i/c/8705623eb284e7df/IQT7BLuLn8NmSrBq_1EWBFM3Ad1wmFhP7KEr_Zxm8MK0ETI?width=600&height=600
13-09-2022,1401.598633,1408.901742,1398.287394,1407.903829,4947158,4,Infosys,INFY.NS,Stock,IT,https://1drv.ms/i/c/8705623eb284e7df/IQT7BLuLn8NmSrBq_1EWBFM3Ad1wmFhP7KEr_Zxm8MK0ETI?width=600&height=600
14-09-2022,1338.501953,1359.866751,1335.417407,1358.09773,14332197,4,Infosys,INFY.NS,Stock,IT,https://1drv.ms/i/c/8705623eb284e7df/IQT7BLuLn8NmSrBq_1EWBFM3Ad1wmFhP7KEr_Zxm8MK0ETI?width=600&height=600
15-09-2022,1299.854614,1338.32035,1296.452566,1338.138952,12784100,4,Infosys,INFY.NS,Stock,IT,https://1drv.ms/i/c/8705623eb284e7df/IQT7BLuLn8NmSrBq_1EWBFM3Ad1wmFhP7KEr_Zxm8MK0ETI?width=600&height=600
16-09-2022,1249.277466,1292.778277,1241.384648,1292.778277,20464045,4,Infosys,INFY.NS,Stock,IT,https://1drv.ms/i/c/8705623eb284e7df/IQT7BLuLn8NmSrBq_1EWBFM3Ad1wmFhP7KEr_Zxm8MK0ETI?width=600&height=600
19-09-2022,1261.298096,1275.541293,1252.498064,1262.840313,6595241,4,Infosys,INFY.NS,Stock,IT,https://1drv.ms/i/c/8705623eb284e7df/IQT7BLuLn8NmSrBq_1EWBFM3Ad1wmFhP7KEr_Zxm8MK0ETI?width=600&height=600
20-09-2022,1259.710449,1282.390771,1256.580498,1277.31029,7219797,4,Infosys,INFY.NS,Stock,IT,https://1drv.ms/i/c/8705623eb284e7df/IQT7BLuLn8NmSrBq_1EWBFM3Ad1wmFhP7KEr_Zxm8MK0ETI?width=600&height=600
21-09-2022,1249.458984,1259.937338,1241.430172,1251.863121,7917054,4,Infosys,INFY.NS,Stock,IT,https://1drv.ms/i/c/8705623eb284e7df/IQT7BLuLn8NmSrBq_1EWBFM3Ad1wmFhP7KEr_Zxm8MK0ETI?width=600&height=600
22-09-2022,1241.021729,1255.537134,1233.809431,1239.57021,9168498,4,Infosys,INFY.NS,Stock,IT,https://1drv.ms/i/c/8705623eb284e7df/IQT7BLuLn8NmSrBq_1EWBFM3Ad1wmFhP7KEr_Zxm8MK0ETI?width=600&height=600
23-09-2022,1238.753784,1265.380571,1235.623944,1240.613615,10426200,4,Infosys,INFY.NS,Stock,IT,https://1drv.ms/i/c/8705623eb284e7df/IQT7BLuLn8NmSrBq_1EWBFM3Ad1wmFhP7KEr_Zxm8MK0ETI?width=600&height=600
26-09-2022,1252.180298,1269.598737,1229.273178,1233.809241,9414587,4,Infosys,INFY.NS,Stock,IT,https://1drv.ms/i/c/8705623eb284e7df/IQT7BLuLn8NmSrBq_1EWBFM3Ad1wmFhP7KEr_Zxm8MK0ETI?width=600&height=600
27-09-2022,1264.246582,1275.994945,1250.139377,1264.155772,8561254,4,Infosys,INFY.NS,Stock,IT,https://1drv.ms/i/c/8705623eb284e7df/IQT7BLuLn8NmSrBq_1EWBFM3Ad1wmFhP7KEr_Zxm8MK0ETI?width=600&height=600
28-09-2022,1265.289673,1275.405118,1249.23205,1251.046476,7022098,4,Infosys,INFY.NS,Stock,IT,https://1drv.ms/i/c/8705623eb284e7df/IQT7BLuLn8NmSrBq_1EWBFM3Ad1wmFhP7KEr_Zxm8MK0ETI?width=600&height=600
29-09-2022,1268.873291,1279.034031,1263.747516,1274.543371,6119965,4,Infosys,INFY.NS,Stock,IT,https://1drv.ms/i/c/8705623eb284e7df/IQT7BLuLn8NmSrBq_1EWBFM3Ad1wmFhP7KEr_Zxm8MK0ETI?width=600&height=600
30-09-2022,1282.300049,1287.607333,1248.32497,1260.073332,8120130,4,Infosys,INFY.NS,Stock,IT,https://1drv.ms/i/c/8705623eb284e7df/IQT7BLuLn8NmSrBq_1EWBFM3Ad1wmFhP7KEr_Zxm8MK0ETI?width=600&height=600
03-10-2022,1264.427979,1280.984614,1257.397079,1280.984614,4943169,4,Infosys,INFY.NS,Stock,IT,https://1drv.ms/i/c/8705623eb284e7df/IQT7BLuLn8NmSrBq_1EWBFM3Ad1wmFhP7KEr_Zxm8MK0ETI?width=600&height=600
04-10-2022,1296.77002,1299.355554,1282.79892,1287.969989,6631341,4,Infosys,INFY.NS,Stock,IT,https://1drv.ms/i/c/8705623eb284e7df/IQT7BLuLn8NmSrBq_1EWBFM3Ad1wmFhP7KEr_Zxm8MK0ETI?width=600&height=600
06-10-2022,1320.130737,1324.349299,1310.105991,1310.922505,6180672,4,Infosys,INFY.NS,Stock,IT,https://1drv.ms/i/c/8705623eb284e7df/IQT7BLuLn8NmSrBq_1EWBFM3Ad1wmFhP7KEr_Zxm8MK0ETI?width=600&height=600
07-10-2022,1316.547241,1322.580229,1306.522606,1312.147281,3994466,4,Infosys,INFY.NS,Stock,IT,https://1drv.ms/i/c/8705623eb284e7df/IQT7BLuLn8NmSrBq_1EWBFM3Ad1wmFhP7KEr_Zxm8MK0ETI?width=600&height=600
10-10-2022,1326.934814,1329.066742,1294.002946,1294.002946,5274677,4,Infosys,INFY.NS,Stock,IT,https://1drv.ms/i/c/8705623eb284e7df/IQT7BLuLn8NmSrBq_1EWBFM3Ad1wmFhP7KEr_Zxm8MK0ETI?width=600&height=600
11-10-2022,1291.689697,1342.357513,1288.332943,1326.934894,12824774,4,Infosys,INFY.NS,Stock,IT,https://1drv.ms/i/c/8705623eb284e7df/IQT7BLuLn8NmSrBq_1EWBFM3Ad1wmFhP7KEr_Zxm8MK0ETI?width=600&height=600
12-10-2022,1296.13501,1307.384472,1282.390823,1303.664921,5481467,4,Infosys,INFY.NS,Stock,IT,https://1drv.ms/i/c/8705623eb284e7df/IQT7BLuLn8NmSrBq_1EWBFM3Ad1wmFhP7KEr_Zxm8MK0ETI?width=600&height=600
13-10-2022,1288.151611,1304.526738,1283.706246,1298.221652,4821514,4,Infosys,INFY.NS,Stock,IT,https://1drv.ms/i/c/8705623eb284e7df/IQT7BLuLn8NmSrBq_1EWBFM3Ad1wmFhP7KEr_Zxm8MK0ETI?width=600&height=600
14-10-2022,1337.458496,1355.375949,1331.108006,1347.211034,14990688,4,Infosys,INFY.NS,Stock,IT,https://1drv.ms/i/c/8705623eb284e7df/IQT7BLuLn8NmSrBq_1EWBFM3Ad1wmFhP7KEr_Zxm8MK0ETI?width=600&height=600
17-10-2022,1351.701782,1356.283252,1338.5926,1339.862721,4286396,4,Infosys,INFY.NS,Stock,IT,https://1drv.ms/i/c/8705623eb284e7df/IQT7BLuLn8NmSrBq_1EWBFM3Ad1wmFhP7KEr_Zxm8MK0ETI?width=600&height=600
18-10-2022,1364.175903,1370.753196,1358.324425,1369.891389,4692004,4,Infosys,INFY.NS,Stock,IT,https://1drv.ms/i/c/8705623eb284e7df/IQT7BLuLn8NmSrBq_1EWBFM3Ad1wmFhP7KEr_Zxm8MK0ETI?width=600&height=600
19-10-2022,1347.619263,1365.309913,1343.854418,1364.448105,3553171,4,Infosys,INFY.NS,Stock,IT,https://1drv.ms/i/c/8705623eb284e7df/IQT7BLuLn8NmSrBq_1EWBFM3Ad1wmFhP7KEr_Zxm8MK0ETI?width=600&height=600
20-10-2022,1361.635742,1364.44808,1337.413093,1338.138908,4583939,4,Infosys,INFY.NS,Stock,IT,https://1drv.ms/i/c/8705623eb284e7df/IQT7BLuLn8NmSrBq_1EWBFM3Ad1wmFhP7KEr_Zxm8MK0ETI?width=600&height=600
21-10-2022,1361.272949,1366.26262,1352.971929,1361.091551,3594485,4,Infosys,INFY.NS,Stock,IT,https://1drv.ms/i/c/8705623eb284e7df/IQT7BLuLn8NmSrBq_1EWBFM3Ad1wmFhP7KEr_Zxm8MK0ETI?width=600&height=600
24-10-2022,1377.012939,1380.596496,1370.798554,1377.60265,982837,4,Infosys,INFY.NS,Stock,IT,https://1drv.ms/i/c/8705623eb284e7df/IQT7BLuLn8NmSrBq_1EWBFM3Ad1wmFhP7KEr_Zxm8MK0ETI?width=600&height=600
25-10-2022,1384.678955,1390.666537,1379.916088,1386.311872,3914341,4,Infosys,INFY.NS,Stock,IT,https://1drv.ms/i/c/8705623eb284e7df/IQT7BLuLn8NmSrBq_1EWBFM3Ad1wmFhP7KEr_Zxm8MK0ETI?width=600&height=600
27-10-2022,1397.65625,1407.698862,1387.155186,1403.938662,6760137,4,Infosys,INFY.NS,Stock,IT,https://1drv.ms/i/c/8705623eb284e7df/IQT7BLuLn8NmSrBq_1EWBFM3Ad1wmFhP7KEr_Zxm8MK0ETI?width=600&height=600
28-10-2022,1387.84314,1401.324869,1382.111093,1399.536515,3053981,4,Infosys,INFY.NS,Stock,IT,https://1drv.ms/i/c/8705623eb284e7df/IQT7BLuLn8NmSrBq_1EWBFM3Ad1wmFhP7KEr_Zxm8MK0ETI?width=600&height=600
31-10-2022,1410.221069,1418.245935,1403.434304,1403.434304,4542336,4,Infosys,INFY.NS,Stock,IT,https://1drv.ms/i/c/8705623eb284e7df/IQT7BLuLn8NmSrBq_1EWBFM3Ad1wmFhP7KEr_Zxm8MK0ETI?width=600&height=600
01-11-2022,1442.641357,1444.475612,1418.887736,1424.344711,4542692,4,Infosys,INFY.NS,Stock,IT,https://1drv.ms/i/c/8705623eb284e7df/IQT7BLuLn8NmSrBq_1EWBFM3Ad1wmFhP7KEr_Zxm8MK0ETI?width=600&height=600
02-11-2022,1424.573975,1442.412057,1416.961773,1441.724211,2938906,4,Infosys,INFY.NS,Stock,IT,https://1drv.ms/i/c/8705623eb284e7df/IQT7BLuLn8NmSrBq_1EWBFM3Ad1wmFhP7KEr_Zxm8MK0ETI?width=600&height=600
03-11-2022,1403.8927,1415.952947,1395.546864,1411.229719,3174027,4,Infosys,INFY.NS,Stock,IT,https://1drv.ms/i/c/8705623eb284e7df/IQT7BLuLn8NmSrBq_1EWBFM3Ad1wmFhP7KEr_Zxm8MK0ETI?width=600&height=600
04-11-2022,1388.530762,1394.446188,1376.745698,1394.446188,4509682,4,Infosys,INFY.NS,Stock,IT,https://1drv.ms/i/c/8705623eb284e7df/IQT7BLuLn8NmSrBq_1EWBFM3Ad1wmFhP7KEr_Zxm8MK0ETI?width=600&height=600
07-11-2022,1382.523682,1401.279005,1367.528671,1395.317676,4898592,4,Infosys,INFY.NS,Stock,IT,https://1drv.ms/i/c/8705623eb284e7df/IQT7BLuLn8NmSrBq_1EWBFM3Ad1wmFhP7KEr_Zxm8MK0ETI?width=600&height=600
09-11-2022,1385.962769,1402.28768,1376.699805,1402.28768,3334755,4,Infosys,INFY.NS,Stock,IT,https://1drv.ms/i/c/8705623eb284e7df/IQT7BLuLn8NmSrBq_1EWBFM3Ad1wmFhP7KEr_Zxm8MK0ETI?width=600&height=600
10-11-2022,1377.479492,1386.696668,1361.934227,1361.934227,3435763,4,Infosys,INFY.NS,Stock,IT,https://1drv.ms/i/c/8705623eb284e7df/IQT7BLuLn8NmSrBq_1EWBFM3Ad1wmFhP7KEr_Zxm8MK0ETI?width=600&height=600
11-11-2022,1439.981689,1443.099945,1418.475097,1418.475097,7214098,4,Infosys,INFY.NS,Stock,IT,https://1drv.ms/i/c/8705623eb284e7df/IQT7BLuLn8NmSrBq_1EWBFM3Ad1wmFhP7KEr_Zxm8MK0ETI?width=600&height=600
14-11-2022,1453.922119,1459.516574,1438.468433,1444.613254,4908813,4,Infosys,INFY.NS,Stock,IT,https://1drv.ms/i/c/8705623eb284e7df/IQT7BLuLn8NmSrBq_1EWBFM3Ad1wmFhP7KEr_Zxm8MK0ETI?width=600&height=600
15-11-2022,1461.901123,1465.432041,1442.412165,1447.089493,3497614,4,Infosys,INFY.NS,Stock,IT,https://1drv.ms/i/c/8705623eb284e7df/IQT7BLuLn8NmSrBq_1EWBFM3Ad1wmFhP7KEr_Zxm8MK0ETI?width=600&height=600
16-11-2022,1469.971802,1475.657947,1461.442472,1464.79001,4497697,4,Infosys,INFY.NS,Stock,IT,https://1drv.ms/i/c/8705623eb284e7df/IQT7BLuLn8NmSrBq_1EWBFM3Ad1wmFhP7KEr_Zxm8MK0ETI?width=600&height=600
17-11-2022,1455.848145,1469.97193,1451.76686,1464.835926,3469515,4,Infosys,INFY.NS,Stock,IT,https://1drv.ms/i/c/8705623eb284e7df/IQT7BLuLn8NmSrBq_1EWBFM3Ad1wmFhP7KEr_Zxm8MK0ETI?width=600&height=600
18-11-2022,1461.35083,1465.569594,1444.934227,1459.791646,3126064,4,Infosys,INFY.NS,Stock,IT,https://1drv.ms/i/c/8705623eb284e7df/IQT7BLuLn8NmSrBq_1EWBFM3Ad1wmFhP7KEr_Zxm8MK0ETI?width=600&height=600
21-11-2022,1438.239014,1456.260588,1434.433025,1450.987106,3071764,4,Infosys,INFY.NS,Stock,IT,https://1drv.ms/i/c/8705623eb284e7df/IQT7BLuLn8NmSrBq_1EWBFM3Ad1wmFhP7KEr_Zxm8MK0ETI?width=600&height=600
22-11-2022,1453.692871,1456.398352,1432.553039,1438.972931,3399329,4,Infosys,INFY.NS,Stock,IT,https://1drv.ms/i/c/8705623eb284e7df/IQT7BLuLn8NmSrBq_1EWBFM3Ad1wmFhP7KEr_Zxm8MK0ETI?width=600&height=600
23-11-2022,1451.950439,1460.066996,1448.419521,1457.223923,3245067,4,Infosys,INFY.NS,Stock,IT,https://1drv.ms/i/c/8705623eb284e7df/IQT7BLuLn8NmSrBq_1EWBFM3Ad1wmFhP7KEr_Zxm8MK0ETI?width=600&height=600
24-11-2022,1494.734253,1500.420398,1453.41762,1457.315411,5282215,4,Infosys,INFY.NS,Stock,IT,https://1drv.ms/i/c/8705623eb284e7df/IQT7BLuLn8NmSrBq_1EWBFM3Ad1wmFhP7KEr_Zxm8MK0ETI?width=600&height=600
25-11-2022,1500.099609,1507.757602,1480.060396,1496.201818,4563255,4,Infosys,INFY.NS,Stock,IT,https://1drv.ms/i/c/8705623eb284e7df/IQT7BLuLn8NmSrBq_1EWBFM3Ad1wmFhP7KEr_Zxm8MK0ETI?width=600&height=600
28-11-2022,1488.864746,1516.47026,1485.74649,1493.08351,3825766,4,Infosys,INFY.NS,Stock,IT,https://1drv.ms/i/c/8705623eb284e7df/IQT7BLuLn8NmSrBq_1EWBFM3Ad1wmFhP7KEr_Zxm8MK0ETI?width=600&height=600
29-11-2022,1494.046265,1502.942355,1481.206483,1486.846726,3131710,4,Infosys,INFY.NS,Stock,IT,https://1drv.ms/i/c/8705623eb284e7df/IQT7BLuLn8NmSrBq_1EWBFM3Ad1wmFhP7KEr_Zxm8MK0ETI?width=600&height=600
30-11-2022,1499.45752,1509.362541,1479.464208,1485.700607,11868134,4,Infosys,INFY.NS,Stock,IT,https://1drv.ms/i/c/8705623eb284e7df/IQT7BLuLn8NmSrBq_1EWBFM3Ad1wmFhP7KEr_Zxm8MK0ETI?width=600&height=600
01-12-2022,1519.771851,1533.987326,1515.369706,1518.946414,5407928,4,Infosys,INFY.NS,Stock,IT,https://1drv.ms/i/c/8705623eb284e7df/IQT7BLuLn8NmSrBq_1EWBFM3Ad1wmFhP7KEr_Zxm8MK0ETI?width=600&height=600
02-12-2022,1502.163086,1524.082455,1498.540365,1518.763071,4283343,4,Infosys,INFY.NS,Stock,IT,https://1drv.ms/i/c/8705623eb284e7df/IQT7BLuLn8NmSrBq_1EWBFM3Ad1wmFhP7KEr_Zxm8MK0ETI?width=600&height=600
05-12-2022,1503.859497,1508.536824,1488.772798,1502.254524,3824966,4,Infosys,INFY.NS,Stock,IT,https://1drv.ms/i/c/8705623eb284e7df/IQT7BLuLn8NmSrBq_1EWBFM3Ad1wmFhP7KEr_Zxm8MK0ETI?width=600&height=600
06-12-2022,1479.234741,1491.249087,1474.328132,1490.33196,4822398,4,Infosys,INFY.NS,Stock,IT,https://1drv.ms/i/c/8705623eb284e7df/IQT7BLuLn8NmSrBq_1EWBFM3Ad1wmFhP7KEr_Zxm8MK0ETI?width=600&height=600
07-12-2022,1472.447998,1489.231474,1464.377232,1474.740816,4898087,4,Infosys,INFY.NS,Stock,IT,https://1drv.ms/i/c/8705623eb284e7df/IQT7BLuLn8NmSrBq_1EWBFM3Ad1wmFhP7KEr_Zxm8MK0ETI?width=600&height=600
08-12-2022,1485.884033,1489.323261,1466.028202,1472.448094,4206837,4,Infosys,INFY.NS,Stock,IT,https://1drv.ms/i/c/8705623eb284e7df/IQT7BLuLn8NmSrBq_1EWBFM3Ad1wmFhP7KEr_Zxm8MK0ETI?width=600&height=600
09-12-2022,1439.248169,1493.083506,1431.727657,1493.083506,8880658,4,Infosys,INFY.NS,Stock,IT,https://1drv.ms/i/c/8705623eb284e7df/IQT7BLuLn8NmSrBq_1EWBFM3Ad1wmFhP7KEr_Zxm8MK0ETI?width=600&height=600
12-12-2022,1418.97937,1436.175508,1403.250726,1421.547371,8037679,4,Infosys,INFY.NS,Stock,IT,https://1drv.ms/i/c/8705623eb284e7df/IQT7BLuLn8NmSrBq_1EWBFM3Ad1wmFhP7KEr_Zxm8MK0ETI?width=600&height=600
13-12-2022,1441.861694,1446.768303,1413.430748,1418.979301,6135067,4,Infosys,INFY.NS,Stock,IT,https://1drv.ms/i/c/8705623eb284e7df/IQT7BLuLn8NmSrBq_1EWBFM3Ad1wmFhP7KEr_Zxm8MK0ETI?width=600&height=600
14-12-2022,1448.510986,1456.856823,1442.641349,1450.895495,4976020,4,Infosys,INFY.NS,Stock,IT,https://1drv.ms/i/c/8705623eb284e7df/IQT7BLuLn8NmSrBq_1EWBFM3Ad1wmFhP7KEr_Zxm8MK0ETI?width=600&height=600
15-12-2022,1412.834717,1439.889974,1408.019798,1439.24803,6443866,4,Infosys,INFY.NS,Stock,IT,https://1drv.ms/i/c/8705623eb284e7df/IQT7BLuLn8NmSrBq_1EWBFM3Ad1wmFhP7KEr_Zxm8MK0ETI?width=600&height=600
16-12-2022,1396.05127,1421.088892,1386.742516,1398.619271,9630453,4,Infosys,INFY.NS,Stock,IT,https://1drv.ms/i/c/8705623eb284e7df/IQT7BLuLn8NmSrBq_1EWBFM3Ad1wmFhP7KEr_Zxm8MK0ETI?width=600&height=600
19-12-2022,1382.431885,1391.190496,1371.151286,1382.982139,6222740,4,Infosys,INFY.NS,Stock,IT,https://1drv.ms/i/c/8705623eb284e7df/IQT7BLuLn8NmSrBq_1EWBFM3Ad1wmFhP7KEr_Zxm8MK0ETI?width=600&height=600
20-12-2022,1382.386108,1390.365072,1359.595404,1376.608161,7396259,4,Infosys,INFY.NS,Stock,IT,https://1drv.ms/i/c/8705623eb284e7df/IQT7BLuLn8NmSrBq_1EWBFM3Ad1wmFhP7KEr_Zxm8MK0ETI?width=600&height=600
21-12-2022,1384.449707,1394.950771,1377.846323,1389.448007,6236361,4,Infosys,INFY.NS,Stock,IT,https://1drv.ms/i/c/8705623eb284e7df/IQT7BLuLn8NmSrBq_1EWBFM3Ad1wmFhP7KEr_Zxm8MK0ETI?width=600&height=600
22-12-2022,1395.913696,1403.158913,1386.46724,1395.409231,6302640,4,Infosys,INFY.NS,Stock,IT,https://1drv.ms/i/c/8705623eb284e7df/IQT7BLuLn8NmSrBq_1EWBFM3Ad1wmFhP7KEr_Zxm8MK0ETI?width=600&height=600
23-12-2022,1373.031494,1384.77077,1369.271294,1383.67015,6283822,4,Infosys,INFY.NS,Stock,IT,https://1drv.ms/i/c/8705623eb284e7df/IQT7BLuLn8NmSrBq_1EWBFM3Ad1wmFhP7KEr_Zxm8MK0ETI?width=600&height=600
26-12-2022,1377.892456,1384.770913,1372.34379,1376.149891,4115459,4,Infosys,INFY.NS,Stock,IT,https://1drv.ms/i/c/8705623eb284e7df/IQT7BLuLn8NmSrBq_1EWBFM3Ad1wmFhP7KEr_Zxm8MK0ETI?width=600&height=600
27-12-2022,1389.310303,1395.363321,1373.398166,1384.816356,4860076,4,Infosys,INFY.NS,Stock,IT,https://1drv.ms/i/c/8705623eb284e7df/IQT7BLuLn8NmSrBq_1EWBFM3Ad1wmFhP7KEr_Zxm8MK0ETI?width=600&height=600
28-12-2022,1384.999878,1398.573295,1374.315322,1380.36834,5029860,4,Infosys,INFY.NS,Stock,IT,https://1drv.ms/i/c/8705623eb284e7df/IQT7BLuLn8NmSrBq_1EWBFM3Ad1wmFhP7KEr_Zxm8MK0ETI?width=600&height=600
29-12-2022,1391.786743,1395.225971,1376.60824,1379.359622,4624745,4,Infosys,INFY.NS,Stock,IT,https://1drv.ms/i/c/8705623eb284e7df/IQT7BLuLn8NmSrBq_1EWBFM3Ad1wmFhP7KEr_Zxm8MK0ETI?width=600&height=600
30-12-2022,1383.211426,1403.57172,1379.405437,1401.370592,5060544,4,Infosys,INFY.NS,Stock,IT,https://1drv.ms/i/c/8705623eb284e7df/IQT7BLuLn8NmSrBq_1EWBFM3Ad1wmFhP7KEr_Zxm8MK0ETI?width=600&height=600
02-01-2023,1397.702148,1399.994967,1379.405502,1388.530874,3801140,4,Infosys,INFY.NS,Stock,IT,https://1drv.ms/i/c/8705623eb284e7df/IQT7BLuLn8NmSrBq_1EWBFM3Ad1wmFhP7KEr_Zxm8MK0ETI?width=600&height=600
03-01-2023,1396.372314,1405.635278,1389.539648,1393.896003,4551130,4,Infosys,INFY.NS,Stock,IT,https://1drv.ms/i/c/8705623eb284e7df/IQT7BLuLn8NmSrBq_1EWBFM3Ad1wmFhP7KEr_Zxm8MK0ETI?width=600&height=600
04-01-2023,1370.921997,1394.950689,1367.528559,1394.950689,7059590,4,Infosys,INFY.NS,Stock,IT,https://1drv.ms/i/c/8705623eb284e7df/IQT7BLuLn8NmSrBq_1EWBFM3Ad1wmFhP7KEr_Zxm8MK0ETI?width=600&height=600
05-01-2023,1352.946289,1381.102167,1347.489426,1381.102167,9868404,4,Infosys,INFY.NS,Stock,IT,https://1drv.ms/i/c/8705623eb284e7df/IQT7BLuLn8NmSrBq_1EWBFM3Ad1wmFhP7KEr_Zxm8MK0ETI?width=600&height=600
06-01-2023,1328.459106,1352.762984,1326.624852,1348.177347,6443714,4,Infosys,INFY.NS,Stock,IT,https://1drv.ms/i/c/8705623eb284e7df/IQT7BLuLn8NmSrBq_1EWBFM3Ad1wmFhP7KEr_Zxm8MK0ETI?width=600&height=600
09-01-2023,1361.429688,1365.923634,1328.18382,1328.18382,11498717,4,Infosys,INFY.NS,Stock,IT,https://1drv.ms/i/c/8705623eb284e7df/IQT7BLuLn8NmSrBq_1EWBFM3Ad1wmFhP7KEr_Zxm8MK0ETI?width=600&height=600
10-01-2023,1347.947876,1360.92525,1333.549022,1359.182686,7158624,4,Infosys,INFY.NS,Stock,IT,https://1drv.ms/i/c/8705623eb284e7df/IQT7BLuLn8NmSrBq_1EWBFM3Ad1wmFhP7KEr_Zxm8MK0ETI?width=600&height=600
11-01-2023,1349.32373,1370.188379,1342.674557,1348.177321,6173092,4,Infosys,INFY.NS,Stock,IT,https://1drv.ms/i/c/8705623eb284e7df/IQT7BLuLn8NmSrBq_1EWBFM3Ad1wmFhP7KEr_Zxm8MK0ETI?width=600&height=600
12-01-2023,1357.898804,1361.934187,1334.420365,1359.136903,6591385,4,Infosys,INFY.NS,Stock,IT,https://1drv.ms/i/c/8705623eb284e7df/IQT7BLuLn8NmSrBq_1EWBFM3Ad1wmFhP7KEr_Zxm8MK0ETI?width=600&height=600
13-01-2023,1379.038818,1393.483577,1346.3432,1360.558676,11610426,4,Infosys,INFY.NS,Stock,IT,https://1drv.ms/i/c/8705623eb284e7df/IQT7BLuLn8NmSrBq_1EWBFM3Ad1wmFhP7KEr_Zxm8MK0ETI?width=600&height=600
16-01-2023,1399.077881,1401.370699,1377.800569,1384.862406,6073063,4,Infosys,INFY.NS,Stock,IT,https://1drv.ms/i/c/8705623eb284e7df/IQT7BLuLn8NmSrBq_1EWBFM3Ad1wmFhP7KEr_Zxm8MK0ETI?width=600&height=600
17-01-2023,1411.91748,1414.393679,1397.702007,1400.453389,5922644,4,Infosys,INFY.NS,Stock,IT,https://1drv.ms/i/c/8705623eb284e7df/IQT7BLuLn8NmSrBq_1EWBFM3Ad1wmFhP7KEr_Zxm8MK0ETI?width=600&height=600
18-01-2023,1417.328857,1423.244285,1412.009473,1416.732702,5843098,4,Infosys,INFY.NS,Stock,IT,https://1drv.ms/i/c/8705623eb284e7df/IQT7BLuLn8NmSrBq_1EWBFM3Ad1wmFhP7KEr_Zxm8MK0ETI?width=600&height=600
19-01-2023,1411.367188,1421.134615,1399.673815,1412.284315,6165284,4,Infosys,INFY.NS,Stock,IT,https://1drv.ms/i/c/8705623eb284e7df/IQT7BLuLn8NmSrBq_1EWBFM3Ad1wmFhP7KEr_Zxm8MK0ETI?width=600&height=600
20-01-2023,1399.123657,1416.961739,1397.702065,1410.541848,6496429,4,Infosys,INFY.NS,Stock,IT,https://1drv.ms/i/c/8705623eb284e7df/IQT7BLuLn8NmSrBq_1EWBFM3Ad1wmFhP7KEr_Zxm8MK0ETI?width=600&height=600
23-01-2023,1419.713135,1424.573954,1401.462278,1407.790479,4855020,4,Infosys,INFY.NS,Stock,IT,https://1drv.ms/i/c/8705623eb284e7df/IQT7BLuLn8NmSrBq_1EWBFM3Ad1wmFhP7KEr_Zxm8MK0ETI?width=600&height=600
24-01-2023,1423.290039,1438.789515,1421.318193,1430.718749,5200802,4,Infosys,INFY.NS,Stock,IT,https://1drv.ms/i/c/8705623eb284e7df/IQT7BLuLn8NmSrBq_1EWBFM3Ad1wmFhP7KEr_Zxm8MK0ETI?width=600&height=600
25-01-2023,1415.127563,1427.05022,1411.229772,1418.796073,4158617,4,Infosys,INFY.NS,Stock,IT,https://1drv.ms/i/c/8705623eb284e7df/IQT7BLuLn8NmSrBq_1EWBFM3Ad1wmFhP7KEr_Zxm8MK0ETI?width=600&height=600
27-01-2023,1393.254028,1422.418611,1382.477782,1417.878875,6209955,4,Infosys,INFY.NS,Stock,IT,https://1drv.ms/i/c/8705623eb284e7df/IQT7BLuLn8NmSrBq_1EWBFM3Ad1wmFhP7KEr_Zxm8MK0ETI?width=600&height=600
30-01-2023,1411.275635,1416.044652,1394.033596,1402.104361,6964719,4,Infosys,INFY.NS,Stock,IT,https://1drv.ms/i/c/8705623eb284e7df/IQT7BLuLn8NmSrBq_1EWBFM3Ad1wmFhP7KEr_Zxm8MK0ETI?width=600&height=600
31-01-2023,1406.644043,1420.538544,1387.613651,1420.538544,9448126,4,Infosys,INFY.NS,Stock,IT,https://1drv.ms/i/c/8705623eb284e7df/IQT7BLuLn8NmSrBq_1EWBFM3Ad1wmFhP7KEr_Zxm8MK0ETI?width=600&height=600
01-02-2023,1422.556274,1426.178995,1401.416555,1414.393818,6194199,4,Infosys,INFY.NS,Stock,IT,https://1drv.ms/i/c/8705623eb284e7df/IQT7BLuLn8NmSrBq_1EWBFM3Ad1wmFhP7KEr_Zxm8MK0ETI?width=600&height=600
02-02-2023,1452.500488,1455.435251,1423.381694,1423.381694,6916834,4,Infosys,INFY.NS,Stock,IT,https://1drv.ms/i/c/8705623eb284e7df/IQT7BLuLn8NmSrBq_1EWBFM3Ad1wmFhP7KEr_Zxm8MK0ETI?width=600&height=600
03-02-2023,1466.853516,1471.668434,1442.641331,1465.110951,7040194,4,Infosys,INFY.NS,Stock,IT,https://1drv.ms/i/c/8705623eb284e7df/IQT7BLuLn8NmSrBq_1EWBFM3Ad1wmFhP7KEr_Zxm8MK0ETI?width=600&height=600
06-02-2023,1439.752319,1465.569476,1432.186019,1465.569476,4570612,4,Infosys,INFY.NS,Stock,IT,https://1drv.ms/i/c/8705623eb284e7df/IQT7BLuLn8NmSrBq_1EWBFM3Ad1wmFhP7KEr_Zxm8MK0ETI?width=600&height=600
07-02-2023,1432.919922,1445.438734,1426.224847,1438.972941,4336238,4,Infosys,INFY.NS,Stock,IT,https://1drv.ms/i/c/8705623eb284e7df/IQT7BLuLn8NmSrBq_1EWBFM3Ad1wmFhP7KEr_Zxm8MK0ETI?width=600&height=600
08-02-2023,1458.691162,1470.155255,1435.762977,1435.762977,7983338,4,Infosys,INFY.NS,Stock,IT,https://1drv.ms/i/c/8705623eb284e7df/IQT7BLuLn8NmSrBq_1EWBFM3Ad1wmFhP7KEr_Zxm8MK0ETI?width=600&height=600
09-02-2023,1482.995117,1485.517218,1454.610067,1463.918821,6904911,4,Infosys,INFY.NS,Stock,IT,https://1drv.ms/i/c/8705623eb284e7df/IQT7BLuLn8NmSrBq_1EWBFM3Ad1wmFhP7KEr_Zxm8MK0ETI?width=600&height=600
10-02-2023,1475.245361,1482.353099,1464.14803,1479.280632,4786762,4,Infosys,INFY.NS,Stock,IT,https://1drv.ms/i/c/8705623eb284e7df/IQT7BLuLn8NmSrBq_1EWBFM3Ad1wmFhP7KEr_Zxm8MK0ETI?width=600&height=600
13-02-2023,1437.551147,1464.652304,1436.221358,1464.652304,4001199,4,Infosys,INFY.NS,Stock,IT,https://1drv.ms/i/c/8705623eb284e7df/IQT7BLuLn8NmSrBq_1EWBFM3Ad1wmFhP7KEr_Zxm8MK0ETI?width=600&height=600
14-02-2023,1461.213257,1463.735357,1447.364655,1453.371773,5043736,4,Infosys,INFY.NS,Stock,IT,https://1drv.ms/i/c/8705623eb284e7df/IQT7BLuLn8NmSrBq_1EWBFM3Ad1wmFhP7KEr_Zxm8MK0ETI?width=600&height=600
15-02-2023,1464.698242,1466.486596,1445.392667,1452.729686,3465747,4,Infosys,INFY.NS,Stock,IT,https://1drv.ms/i/c/8705623eb284e7df/IQT7BLuLn8NmSrBq_1EWBFM3Ad1wmFhP7KEr_Zxm8MK0ETI?width=600&height=600
16-02-2023,1469.054565,1480.656136,1465.431845,1467.403691,4290289,4,Infosys,INFY.NS,Stock,IT,https://1drv.ms/i/c/8705623eb284e7df/IQT7BLuLn8NmSrBq_1EWBFM3Ad1wmFhP7KEr_Zxm8MK0ETI?width=600&height=600
17-02-2023,1452.546265,1462.818046,1444.934063,1461.900918,2857734,4,Infosys,INFY.NS,Stock,IT,https://1drv.ms/i/c/8705623eb284e7df/IQT7BLuLn8NmSrBq_1EWBFM3Ad1wmFhP7KEr_Zxm8MK0ETI?width=600&height=600
20-02-2023,1460.47937,1470.155108,1451.353998,1453.600915,2417716,4,Infosys,INFY.NS,Stock,IT,https://1drv.ms/i/c/8705623eb284e7df/IQT7BLuLn8NmSrBq_1EWBFM3Ad1wmFhP7KEr_Zxm8MK0ETI?width=600&height=600
21-02-2023,1448.602783,1468.917178,1445.392837,1466.211585,2723288,4,Infosys,INFY.NS,Stock,IT,https://1drv.ms/i/c/8705623eb284e7df/IQT7BLuLn8NmSrBq_1EWBFM3Ad1wmFhP7KEr_Zxm8MK0ETI?width=600&height=600
22-02-2023,1432.369629,1444.475666,1426.408301,1433.470137,3656244,4,Infosys,INFY.NS,Stock,IT,https://1drv.ms/i/c/8705623eb284e7df/IQT7BLuLn8NmSrBq_1EWBFM3Ad1wmFhP7KEr_Zxm8MK0ETI?width=600&height=600
23-02-2023,1422.189453,1439.752466,1419.850845,1439.752466,4766854,4,Infosys,INFY.NS,Stock,IT,https://1drv.ms/i/c/8705623eb284e7df/IQT7BLuLn8NmSrBq_1EWBFM3Ad1wmFhP7KEr_Zxm8MK0ETI?width=600&height=600
24-02-2023,1422.143677,1438.972943,1416.961884,1430.718796,2790986,4,Infosys,INFY.NS,Stock,IT,https://1drv.ms/i/c/8705623eb284e7df/IQT7BLuLn8NmSrBq_1EWBFM3Ad1wmFhP7KEr_Zxm8MK0ETI?width=600&height=600
27-02-2023,1384.220337,1412.376101,1377.525263,1412.376101,4920268,4,Infosys,INFY.NS,Stock,IT,https://1drv.ms/i/c/8705623eb284e7df/IQT7BLuLn8NmSrBq_1EWBFM3Ad1wmFhP7KEr_Zxm8MK0ETI?width=600&height=600
28-02-2023,1364.272949,1397.702199,1358.540903,1389.998306,9679811,4,Infosys,INFY.NS,Stock,IT,https://1drv.ms/i/c/8705623eb284e7df/IQT7BLuLn8NmSrBq_1EWBFM3Ad1wmFhP7KEr_Zxm8MK0ETI?width=600&height=600
01-03-2023,1372.068481,1376.470626,1358.724233,1368.720944,5125043,4,Infosys,INFY.NS,Stock,IT,https://1drv.ms/i/c/8705623eb284e7df/IQT7BLuLn8NmSrBq_1EWBFM3Ad1wmFhP7KEr_Zxm8MK0ETI?width=600&height=600
02-03-2023,1350.14917,1365.235871,1345.701124,1361.934235,4644499,4,Infosys,INFY.NS,Stock,IT,https://1drv.ms/i/c/8705623eb284e7df/IQT7BLuLn8NmSrBq_1EWBFM3Ad1wmFhP7KEr_Zxm8MK0ETI?width=600&height=600
03-03-2023,1356.706543,1366.33638,1350.928596,1363.539097,4615015,4,Infosys,INFY.NS,Stock,IT,https://1drv.ms/i/c/8705623eb284e7df/IQT7BLuLn8NmSrBq_1EWBFM3Ad1wmFhP7KEr_Zxm8MK0ETI?width=600&height=600
06-03-2023,1382.523682,1394.400549,1369.408827,1370.692828,6561742,4,Infosys,INFY.NS,Stock,IT,https://1drv.ms/i/c/8705623eb284e7df/IQT7BLuLn8NmSrBq_1EWBFM3Ad1wmFhP7KEr_Zxm8MK0ETI?width=600&height=600
08-03-2023,1368.995972,1372.022537,1358.357317,1367.024237,4137080,4,Infosys,INFY.NS,Stock,IT,https://1drv.ms/i/c/8705623eb284e7df/IQT7BLuLn8NmSrBq_1EWBFM3Ad1wmFhP7KEr_Zxm8MK0ETI?width=600&height=600
09-03-2023,1357.715454,1374.177846,1352.39607,1371.105492,5104656,4,Infosys,INFY.NS,Stock,IT,https://1drv.ms/i/c/8705623eb284e7df/IQT7BLuLn8NmSrBq_1EWBFM3Ad1wmFhP7KEr_Zxm8MK0ETI?width=600&height=600
10-03-2023,1349.598877,1352.120977,1336.850784,1339.006011,3699580,4,Infosys,INFY.NS,Stock,IT,https://1drv.ms/i/c/8705623eb284e7df/IQT7BLuLn8NmSrBq_1EWBFM3Ad1wmFhP7KEr_Zxm8MK0ETI?width=600&height=600
13-03-2023,1316.169434,1355.789402,1309.657852,1342.857817,8798403,4,Infosys,INFY.NS,Stock,IT,https://1drv.ms/i/c/8705623eb284e7df/IQT7BLuLn8NmSrBq_1EWBFM3Ad1wmFhP7KEr_Zxm8MK0ETI?width=600&height=600
14-03-2023,1302.320923,1328.321463,1294.066776,1321.580598,7402784,4,Infosys,INFY.NS,Stock,IT,https://1drv.ms/i/c/8705623eb284e7df/IQT7BLuLn8NmSrBq_1EWBFM3Ad1wmFhP7KEr_Zxm8MK0ETI?width=600&height=600
15-03-2023,1301.999878,1323.277188,1299.431877,1318.829143,7556182,4,Infosys,INFY.NS,Stock,IT,https://1drv.ms/i/c/8705623eb284e7df/IQT7BLuLn8NmSrBq_1EWBFM3Ad1wmFhP7KEr_Zxm8MK0ETI?width=600&height=600
16-03-2023,1287.738525,1300.303238,1282.786015,1300.303238,7323117,4,Infosys,INFY.NS,Stock,IT,https://1drv.ms/i/c/8705623eb284e7df/IQT7BLuLn8NmSrBq_1EWBFM3Ad1wmFhP7KEr_Zxm8MK0ETI?width=600&height=600
17-03-2023,1302.962769,1323.323063,1294.433551,1311.492098,9090018,4,Infosys,INFY.NS,Stock,IT,https://1drv.ms/i/c/8705623eb284e7df/IQT7BLuLn8NmSrBq_1EWBFM3Ad1wmFhP7KEr_Zxm8MK0ETI?width=600&height=600
20-03-2023,1287.325806,1302.045632,1270.083767,1302.045632,8221829,4,Infosys,INFY.NS,Stock,IT,https://1drv.ms/i/c/8705623eb284e7df/IQT7BLuLn8NmSrBq_1EWBFM3Ad1wmFhP7KEr_Zxm8MK0ETI?width=600&height=600
21-03-2023,1275.448853,1288.563817,1274.806908,1283.061054,8536755,4,Infosys,INFY.NS,Stock,IT,https://1drv.ms/i/c/8705623eb284e7df/IQT7BLuLn8NmSrBq_1EWBFM3Ad1wmFhP7KEr_Zxm8MK0ETI?width=600&height=600
22-03-2023,1274.119141,1290.627433,1267.607559,1286.729641,8356487,4,Infosys,INFY.NS,Stock,IT,https://1drv.ms/i/c/8705623eb284e7df/IQT7BLuLn8NmSrBq_1EWBFM3Ad1wmFhP7KEr_Zxm8MK0ETI?width=600&height=600
23-03-2023,1260.637451,1269.258359,1256.464477,1269.258359,7607718,4,Infosys,INFY.NS,Stock,IT,https://1drv.ms/i/c/8705623eb284e7df/IQT7BLuLn8NmSrBq_1EWBFM3Ad1wmFhP7KEr_Zxm8MK0ETI?width=600&height=600
24-03-2023,1266.231812,1283.015174,1263.342838,1272.972675,7559127,4,Infosys,INFY.NS,Stock,IT,https://1drv.ms/i/c/8705623eb284e7df/IQT7BLuLn8NmSrBq_1EWBFM3Ad1wmFhP7KEr_Zxm8MK0ETI?width=600&height=600
27-03-2023,1273.844238,1280.08075,1260.224917,1271.368039,4170193,4,Infosys,INFY.NS,Stock,IT,https://1drv.ms/i/c/8705623eb284e7df/IQT7BLuLn8NmSrBq_1EWBFM3Ad1wmFhP7KEr_Zxm8MK0ETI?width=600&height=600
28-03-2023,1263.434692,1282.144114,1261.829719,1276.73304,6633366,4,Infosys,INFY.NS,Stock,IT,https://1drv.ms/i/c/8705623eb284e7df/IQT7BLuLn8NmSrBq_1EWBFM3Ad1wmFhP7KEr_Zxm8MK0ETI?width=600&height=600
29-03-2023,1268.891602,1274.715338,1251.466182,1264.718627,8813966,4,Infosys,INFY.NS,Stock,IT,https://1drv.ms/i/c/8705623eb284e7df/IQT7BLuLn8NmSrBq_1EWBFM3Ad1wmFhP7KEr_Zxm8MK0ETI?width=600&height=600
31-03-2023,1309.612061,1311.446315,1278.383939,1287.646904,8711975,4,Infosys,INFY.NS,Stock,IT,https://1drv.ms/i/c/8705623eb284e7df/IQT7BLuLn8NmSrBq_1EWBFM3Ad1wmFhP7KEr_Zxm8MK0ETI?width=600&height=600
03-04-2023,1293.929077,1316.077725,1288.701496,1316.077725,5242764,4,Infosys,INFY.NS,Stock,IT,https://1drv.ms/i/c/8705623eb284e7df/IQT7BLuLn8NmSrBq_1EWBFM3Ad1wmFhP7KEr_Zxm8MK0ETI?width=600&height=600
05-04-2023,1305.576904,1309.199513,1283.978507,1283.978507,7506334,4,Infosys,INFY.NS,Stock,IT,https://1drv.ms/i/c/8705623eb284e7df/IQT7BLuLn8NmSrBq_1EWBFM3Ad1wmFhP7KEr_Zxm8MK0ETI?width=600&height=600
06-04-2023,1304.063354,1310.024682,1293.470489,1298.652281,6948465,4,Infosys,INFY.NS,Stock,IT,https://1drv.ms/i/c/8705623eb284e7df/IQT7BLuLn8NmSrBq_1EWBFM3Ad1wmFhP7KEr_Zxm8MK0ETI?width=600&height=600
10-04-2023,1309.291016,1315.160653,1297.735233,1305.943478,4993788,4,Infosys,INFY.NS,Stock,IT,https://1drv.ms/i/c/8705623eb284e7df/IQT7BLuLn8NmSrBq_1EWBFM3Ad1wmFhP7KEr_Zxm8MK0ETI?width=600&height=600
11-04-2023,1289.618652,1314.564472,1273.889896,1310.4833,6942255,4,Infosys,INFY.NS,Stock,IT,https://1drv.ms/i/c/8705623eb284e7df/IQT7BLuLn8NmSrBq_1EWBFM3Ad1wmFhP7KEr_Zxm8MK0ETI?width=600&height=600
12-04-2023,1309.932983,1312.867746,1283.978236,1295.946792,5831169,4,Infosys,INFY.NS,Stock,IT,https://1drv.ms/i/c/8705623eb284e7df/IQT7BLuLn8NmSrBq_1EWBFM3Ad1wmFhP7KEr_Zxm8MK0ETI?width=600&height=600
13-04-2023,1274.073242,1294.112564,1268.387098,1292.920254,11267238,4,Infosys,INFY.NS,Stock,IT,https://1drv.ms/i/c/8705623eb284e7df/IQT7BLuLn8NmSrBq_1EWBFM3Ad1wmFhP7KEr_Zxm8MK0ETI?width=600&height=600
17-04-2023,1154.021484,1156.635275,1087.071182,1146.684465,53171705,4,Infosys,INFY.NS,Stock,IT,https://1drv.ms/i/c/8705623eb284e7df/IQT7BLuLn8NmSrBq_1EWBFM3Ad1wmFhP7KEr_Zxm8MK0ETI?width=600&height=600
18-04-2023,1154.984131,1164.705657,1149.252086,1164.705657,12430884,4,Infosys,INFY.NS,Stock,IT,https://1drv.ms/i/c/8705623eb284e7df/IQT7BLuLn8NmSrBq_1EWBFM3Ad1wmFhP7KEr_Zxm8MK0ETI?width=600&height=600
19-04-2023,1130.084351,1150.398745,1127.516461,1150.398745,11307230,4,Infosys,INFY.NS,Stock,IT,https://1drv.ms/i/c/8705623eb284e7df/IQT7BLuLn8NmSrBq_1EWBFM3Ad1wmFhP7KEr_Zxm8MK0ETI?width=600&height=600
20-04-2023,1122.013672,1135.266118,1120.179417,1128.708635,8621249,4,Infosys,INFY.NS,Stock,IT,https://1drv.ms/i/c/8705623eb284e7df/IQT7BLuLn8NmSrBq_1EWBFM3Ad1wmFhP7KEr_Zxm8MK0ETI?width=600&height=600
21-04-2023,1125.636353,1131.047427,1118.895488,1126.324198,8691352,4,Infosys,INFY.NS,Stock,IT,https://1drv.ms/i/c/8705623eb284e7df/IQT7BLuLn8NmSrBq_1EWBFM3Ad1wmFhP7KEr_Zxm8MK0ETI?width=600&height=600
24-04-2023,1124.67334,1128.066666,1117.061138,1126.232412,8313774,4,Infosys,INFY.NS,Stock,IT,https://1drv.ms/i/c/8705623eb284e7df/IQT7BLuLn8NmSrBq_1EWBFM3Ad1wmFhP7KEr_Zxm8MK0ETI?width=600&height=600
25-04-2023,1123.389404,1133.110933,1114.30982,1124.352321,6808576,4,Infosys,INFY.NS,Stock,IT,https://1drv.ms/i/c/8705623eb284e7df/IQT7BLuLn8NmSrBq_1EWBFM3Ad1wmFhP7KEr_Zxm8MK0ETI?width=600&height=600
26-04-2023,1125.819824,1130.818124,1119.399932,1126.232487,5680192,4,Infosys,INFY.NS,Stock,IT,https://1drv.ms/i/c/8705623eb284e7df/IQT7BLuLn8NmSrBq_1EWBFM3Ad1wmFhP7KEr_Zxm8MK0ETI?width=600&height=600
27-04-2023,1142.969971,1144.391563,1123.847888,1128.066651,8020704,4,Infosys,INFY.NS,Stock,IT,https://1drv.ms/i/c/8705623eb284e7df/IQT7BLuLn8NmSrBq_1EWBFM3Ad1wmFhP7KEr_Zxm8MK0ETI?width=600&height=600
28-04-2023,1148.931396,1154.663443,1141.777758,1151.636878,10118277,4,Infosys,INFY.NS,Stock,IT,https://1drv.ms/i/c/8705623eb284e7df/IQT7BLuLn8NmSrBq_1EWBFM3Ad1wmFhP7KEr_Zxm8MK0ETI?width=600&height=600
02-05-2023,1171.584351,1173.693788,1150.582223,1150.582223,8886401,4,Infosys,INFY.NS,Stock,IT,https://1drv.ms/i/c/8705623eb284e7df/IQT7BLuLn8NmSrBq_1EWBFM3Ad1wmFhP7KEr_Zxm8MK0ETI?width=600&height=600
03-05-2023,1163.97229,1167.044645,1157.506497,1161.083316,5549783,4,Infosys,INFY.NS,Stock,IT,https://1drv.ms/i/c/8705623eb284e7df/IQT7BLuLn8NmSrBq_1EWBFM3Ad1wmFhP7KEr_Zxm8MK0ETI?width=600&height=600
04-05-2023,1168.007568,1170.071105,1157.873266,1163.788693,4505401,4,Infosys,INFY.NS,Stock,IT,https://1drv.ms/i/c/8705623eb284e7df/IQT7BLuLn8NmSrBq_1EWBFM3Ad1wmFhP7KEr_Zxm8MK0ETI?width=600&height=600
05-05-2023,1154.755005,1173.005861,1150.30696,1173.005861,5373791,4,Infosys,INFY.NS,Stock,IT,https://1drv.ms/i/c/8705623eb284e7df/IQT7BLuLn8NmSrBq_1EWBFM3Ad1wmFhP7KEr_Zxm8MK0ETI?width=600&height=600
08-05-2023,1160.716553,1165.027119,1151.178404,1157.827579,5260842,4,Infosys,INFY.NS,Stock,IT,https://1drv.ms/i/c/8705623eb284e7df/IQT7BLuLn8NmSrBq_1EWBFM3Ad1wmFhP7KEr_Zxm8MK0ETI?width=600&height=600
09-05-2023,1165.393799,1166.586109,1156.222524,1161.083345,4969897,4,Infosys,INFY.NS,Stock,IT,https://1drv.ms/i/c/8705623eb284e7df/IQT7BLuLn8NmSrBq_1EWBFM3Ad1wmFhP7KEr_Zxm8MK0ETI?width=600&height=600
10-05-2023,1158.561279,1170.621528,1154.801079,1170.621528,6515734,4,Infosys,INFY.NS,Stock,IT,https://1drv.ms/i/c/8705623eb284e7df/IQT7BLuLn8NmSrBq_1EWBFM3Ad1wmFhP7KEr_Zxm8MK0ETI?width=600&height=600
11-05-2023,1152.003662,1170.162829,1149.206491,1164.981037,6888461,4,Infosys,INFY.NS,Stock,IT,https://1drv.ms/i/c/8705623eb284e7df/IQT7BLuLn8NmSrBq_1EWBFM3Ad1wmFhP7KEr_Zxm8MK0ETI?width=600&height=600
12-05-2023,1142.006958,1151.911978,1136.366714,1149.481568,8292212,4,Infosys,INFY.NS,Stock,IT,https://1drv.ms/i/c/8705623eb284e7df/IQT7BLuLn8NmSrBq_1EWBFM3Ad1wmFhP7KEr_Zxm8MK0ETI?width=600&height=600
15-05-2023,1154.067139,1163.742877,1142.419667,1146.317458,5534710,4,Infosys,INFY.NS,Stock,IT,https://1drv.ms/i/c/8705623eb284e7df/IQT7BLuLn8NmSrBq_1EWBFM3Ad1wmFhP7KEr_Zxm8MK0ETI?width=600&height=600
16-05-2023,1159.524292,1168.374482,1158.1027,1160.166236,5236469,4,Infosys,INFY.NS,Stock,IT,https://1drv.ms/i/c/8705623eb284e7df/IQT7BLuLn8NmSrBq_1EWBFM3Ad1wmFhP7KEr_Zxm8MK0ETI?width=600&height=600
17-05-2023,1143.566162,1156.451735,1139.484878,1156.130763,10465667,4,Infosys,INFY.NS,Stock,IT,https://1drv.ms/i/c/8705623eb284e7df/IQT7BLuLn8NmSrBq_1EWBFM3Ad1wmFhP7KEr_Zxm8MK0ETI?width=600&height=600
18-05-2023,1142.740723,1155.259534,1139.484876,1154.296505,6948732,4,Infosys,INFY.NS,Stock,IT,https://1drv.ms/i/c/8705623eb284e7df/IQT7BLuLn8NmSrBq_1EWBFM3Ad1wmFhP7KEr_Zxm8MK0ETI?width=600&height=600
19-05-2023,1163.74292,1167.778303,1148.977192,1151.957856,11094136,4,Infosys,INFY.NS,Stock,IT,https://1drv.ms/i/c/8705623eb284e7df/IQT7BLuLn8NmSrBq_1EWBFM3Ad1wmFhP7KEr_Zxm8MK0ETI?width=600&height=600
22-05-2023,1185.662354,1188.230243,1164.981086,1167.457285,7625947,4,Infosys,INFY.NS,Stock,IT,https://1drv.ms/i/c/8705623eb284e7df/IQT7BLuLn8NmSrBq_1EWBFM3Ad1wmFhP7KEr_Zxm8MK0ETI?width=600&height=600
23-05-2023,1192.311401,1205.242874,1189.560019,1191.531754,7436031,4,Infosys,INFY.NS,Stock,IT,https://1drv.ms/i/c/8705623eb284e7df/IQT7BLuLn8NmSrBq_1EWBFM3Ad1wmFhP7KEr_Zxm8MK0ETI?width=600&height=600
24-05-2023,1191.027466,1196.851202,1184.286602,1188.872239,4824077,4,Infosys,INFY.NS,Stock,IT,https://1drv.ms/i/c/8705623eb284e7df/IQT7BLuLn8NmSrBq_1EWBFM3Ad1wmFhP7KEr_Zxm8MK0ETI?width=600&height=600
25-05-2023,1196.255127,1198.685537,1182.406525,1187.221444,4334121,4,Infosys,INFY.NS,Stock,IT,https://1drv.ms/i/c/8705623eb284e7df/IQT7BLuLn8NmSrBq_1EWBFM3Ad1wmFhP7KEr_Zxm8MK0ETI?width=600&height=600
26-05-2023,1208.269409,1213.772173,1197.768346,1197.768346,5521606,4,Infosys,INFY.NS,Stock,IT,https://1drv.ms/i/c/8705623eb284e7df/IQT7BLuLn8NmSrBq_1EWBFM3Ad1wmFhP7KEr_Zxm8MK0ETI?width=600&height=600
29-05-2023,1205.47229,1222.255654,1201.299316,1222.255654,4419365,4,Infosys,INFY.NS,Stock,IT,https://1drv.ms/i/c/8705623eb284e7df/IQT7BLuLn8NmSrBq_1EWBFM3Ad1wmFhP7KEr_Zxm8MK0ETI?width=600&height=600
30-05-2023,1214.139038,1216.477758,1200.657311,1206.022483,6274719,4,Infosys,INFY.NS,Stock,IT,https://1drv.ms/i/c/8705623eb284e7df/IQT7BLuLn8NmSrBq_1EWBFM3Ad1wmFhP7KEr_Zxm8MK0ETI?width=600&height=600
31-05-2023,1209.04895,1220.788112,1205.24285,1210.47043,17800782,4,Infosys,INFY.NS,Stock,IT,https://1drv.ms/i/c/8705623eb284e7df/IQT7BLuLn8NmSrBq_1EWBFM3Ad1wmFhP7KEr_Zxm8MK0ETI?width=600&height=600
01-06-2023,1210.149536,1219.32081,1208.865535,1212.946819,4277841,4,Infosys,INFY.NS,Stock,IT,https://1drv.ms/i/c/8705623eb284e7df/IQT7BLuLn8NmSrBq_1EWBFM3Ad1wmFhP7KEr_Zxm8MK0ETI?width=600&height=600
02-06-2023,1207.361206,1220.280644,1204.619361,1216.65575,10909311,4,Infosys,INFY.NS,Stock,IT,https://1drv.ms/i/c/8705623eb284e7df/IQT7BLuLn8NmSrBq_1EWBFM3Ad1wmFhP7KEr_Zxm8MK0ETI?width=600&height=600
05-06-2023,1212.473389,1217.074143,1205.781362,1212.008661,5002553,4,Infosys,INFY.NS,Stock,IT,https://1drv.ms/i/c/8705623eb284e7df/IQT7BLuLn8NmSrBq_1EWBFM3Ad1wmFhP7KEr_Zxm8MK0ETI?width=600&height=600
06-06-2023,1188.772095,1197.694834,1183.195369,1197.694834,10008100,4,Infosys,INFY.NS,Stock,IT,https://1drv.ms/i/c/8705623eb284e7df/IQT7BLuLn8NmSrBq_1EWBFM3Ad1wmFhP7KEr_Zxm8MK0ETI?width=600&height=600
07-06-2023,1198.02002,1202.713809,1192.025085,1199.460719,5397578,4,Infosys,INFY.NS,Stock,IT,https://1drv.ms/i/c/8705623eb284e7df/IQT7BLuLn8NmSrBq_1EWBFM3Ad1wmFhP7KEr_Zxm8MK0ETI?width=600&height=600
08-06-2023,1192.304077,1200.855012,1190.723937,1195.464131,5034942,4,Infosys,INFY.NS,Stock,IT,https://1drv.ms/i/c/8705623eb284e7df/IQT7BLuLn8NmSrBq_1EWBFM3Ad1wmFhP7KEr_Zxm8MK0ETI?width=600&height=600
09-06-2023,1176.642822,1192.025339,1174.830431,1192.025339,5339073,4,Infosys,INFY.NS,Stock,IT,https://1drv.ms/i/c/8705623eb284e7df/IQT7BLuLn8NmSrBq_1EWBFM3Ad1wmFhP7KEr_Zxm8MK0ETI?width=600&height=600
12-06-2023,1200.808472,1204.293925,1183.195358,1183.660085,4785588,4,Infosys,INFY.NS,Stock,IT,https://1drv.ms/i/c/8705623eb284e7df/IQT7BLuLn8NmSrBq_1EWBFM3Ad1wmFhP7KEr_Zxm8MK0ETI?width=600&height=600
13-06-2023,1212.798584,1214.332206,1205.548908,1208.19783,4846587,4,Infosys,INFY.NS,Stock,IT,https://1drv.ms/i/c/8705623eb284e7df/IQT7BLuLn8NmSrBq_1EWBFM3Ad1wmFhP7KEr_Zxm8MK0ETI?width=600&height=600
14-06-2023,1208.662598,1214.518093,1201.970457,1214.192806,3457981,4,Infosys,INFY.NS,Stock,IT,https://1drv.ms/i/c/8705623eb284e7df/IQT7BLuLn8NmSrBq_1EWBFM3Ad1wmFhP7KEr_Zxm8MK0ETI?width=600&height=600
15-06-2023,1196.021973,1202.667481,1192.164714,1202.667481,6161155,4,Infosys,INFY.NS,Stock,IT,https://1drv.ms/i/c/8705623eb284e7df/IQT7BLuLn8NmSrBq_1EWBFM3Ad1wmFhP7KEr_Zxm8MK0ETI?width=600&height=600
16-06-2023,1200.529907,1209.685011,1190.677712,1196.207921,8536287,4,Infosys,INFY.NS,Stock,IT,https://1drv.ms/i/c/8705623eb284e7df/IQT7BLuLn8NmSrBq_1EWBFM3Ad1wmFhP7KEr_Zxm8MK0ETI?width=600&height=600
19-06-2023,1202.714111,1207.826111,1196.254448,1202.714111,4451787,4,Infosys,INFY.NS,Stock,IT,https://1drv.ms/i/c/8705623eb284e7df/IQT7BLuLn8NmSrBq_1EWBFM3Ad1wmFhP7KEr_Zxm8MK0ETI?width=600&height=600
20-06-2023,1211.450928,1212.938032,1200.018593,1202.714033,4009180,4,Infosys,INFY.NS,Stock,IT,https://1drv.ms/i/c/8705623eb284e7df/IQT7BLuLn8NmSrBq_1EWBFM3Ad1wmFhP7KEr_Zxm8MK0ETI?width=600&height=600
21-06-2023,1207.686523,1211.822663,1203.64342,1208.244173,4041529,4,Infosys,INFY.NS,Stock,IT,https://1drv.ms/i/c/8705623eb284e7df/IQT7BLuLn8NmSrBq_1EWBFM3Ad1wmFhP7KEr_Zxm8MK0ETI?width=600&height=600
22-06-2023,1191.142334,1198.438528,1183.660181,1198.438528,6676607,4,Infosys,INFY.NS,Stock,IT,https://1drv.ms/i/c/8705623eb284e7df/IQT7BLuLn8NmSrBq_1EWBFM3Ad1wmFhP7KEr_Zxm8MK0ETI?width=600&height=600
23-06-2023,1175.759766,1189.097413,1174.226143,1186.401973,7239467,4,Infosys,INFY.NS,Stock,IT,https://1drv.ms/i/c/8705623eb284e7df/IQT7BLuLn8NmSrBq_1EWBFM3Ad1wmFhP7KEr_Zxm8MK0ETI?width=600&height=600
26-06-2023,1180.7323,1184.124831,1173.203742,1180.639377,3403244,4,Infosys,INFY.NS,Stock,IT,https://1drv.ms/i/c/8705623eb284e7df/IQT7BLuLn8NmSrBq_1EWBFM3Ad1wmFhP7KEr_Zxm8MK0ETI?width=600&height=600
27-06-2023,1188.911743,1191.560666,1184.310875,1189.701757,3240024,4,Infosys,INFY.NS,Stock,IT,https://1drv.ms/i/c/8705623eb284e7df/IQT7BLuLn8NmSrBq_1EWBFM3Ad1wmFhP7KEr_Zxm8MK0ETI?width=600&height=600
28-06-2023,1202.109741,1205.223391,1191.002807,1198.996092,5662358,4,Infosys,INFY.NS,Stock,IT,https://1drv.ms/i/c/8705623eb284e7df/IQT7BLuLn8NmSrBq_1EWBFM3Ad1wmFhP7KEr_Zxm8MK0ETI?width=600&height=600
30-06-2023,1241.286377,1244.446545,1212.426772,1215.912226,12821692,4,Infosys,INFY.NS,Stock,IT,https://1drv.ms/i/c/8705623eb284e7df/IQT7BLuLn8NmSrBq_1EWBFM3Ad1wmFhP7KEr_Zxm8MK0ETI?width=600&height=600
03-07-2023,1239.613159,1251.045492,1234.733524,1236.174224,7732412,4,Infosys,INFY.NS,Stock,IT,https://1drv.ms/i/c/8705623eb284e7df/IQT7BLuLn8NmSrBq_1EWBFM3Ad1wmFhP7KEr_Zxm8MK0ETI?width=600&height=600
04-07-2023,1250.255493,1251.045507,1237.475496,1249.46548,5797775,4,Infosys,INFY.NS,Stock,IT,https://1drv.ms/i/c/8705623eb284e7df/IQT7BLuLn8NmSrBq_1EWBFM3Ad1wmFhP7KEr_Zxm8MK0ETI?width=600&height=600
05-07-2023,1252.254028,1262.152627,1246.39842,1262.059705,5414936,4,Infosys,INFY.NS,Stock,IT,https://1drv.ms/i/c/8705623eb284e7df/IQT7BLuLn8NmSrBq_1EWBFM3Ad1wmFhP7KEr_Zxm8MK0ETI?width=600&height=600
06-07-2023,1249.09375,1252.393245,1242.819933,1247.839009,5963897,4,Infosys,INFY.NS,Stock,IT,https://1drv.ms/i/c/8705623eb284e7df/IQT7BLuLn8NmSrBq_1EWBFM3Ad1wmFhP7KEr_Zxm8MK0ETI?width=600&height=600
07-07-2023,1236.360229,1250.859809,1231.852398,1239.892202,6295647,4,Infosys,INFY.NS,Stock,IT,https://1drv.ms/i/c/8705623eb284e7df/IQT7BLuLn8NmSrBq_1EWBFM3Ad1wmFhP7KEr_Zxm8MK0ETI?width=600&height=600
10-07-2023,1235.384155,1247.234697,1226.229053,1242.26214,3940315,4,Infosys,INFY.NS,Stock,IT,https://1drv.ms/i/c/8705623eb284e7df/IQT7BLuLn8NmSrBq_1EWBFM3Ad1wmFhP7KEr_Zxm8MK0ETI?width=600&height=600
11-07-2023,1253.462158,1255.599949,1233.385966,1239.380902,6126128,4,Infosys,INFY.NS,Stock,IT,https://1drv.ms/i/c/8705623eb284e7df/IQT7BLuLn8NmSrBq_1EWBFM3Ad1wmFhP7KEr_Zxm8MK0ETI?width=600&height=600
12-07-2023,1239.241699,1256.52953,1233.386091,1255.692998,8102770,4,Infosys,INFY.NS,Stock,IT,https://1drv.ms/i/c/8705623eb284e7df/IQT7BLuLn8NmSrBq_1EWBFM3Ad1wmFhP7KEr_Zxm8MK0ETI?width=600&height=600
13-07-2023,1268.798218,1279.672903,1236.964404,1240.728739,9977644,4,Infosys,INFY.NS,Stock,IT,https://1drv.ms/i/c/8705623eb284e7df/IQT7BLuLn8NmSrBq_1EWBFM3Ad1wmFhP7KEr_Zxm8MK0ETI?width=600&height=600
14-07-2023,1325.355469,1329.119804,1283.251252,1283.251252,12833381,4,Infosys,INFY.NS,Stock,IT,https://1drv.ms/i/c/8705623eb284e7df/IQT7BLuLn8NmSrBq_1EWBFM3Ad1wmFhP7KEr_Zxm8MK0ETI?width=600&height=600
17-07-2023,1322.567017,1356.027373,1314.527327,1325.35538,11569884,4,Infosys,INFY.NS,Stock,IT,https://1drv.ms/i/c/8705623eb284e7df/IQT7BLuLn8NmSrBq_1EWBFM3Ad1wmFhP7KEr_Zxm8MK0ETI?width=600&height=600
18-07-2023,1371.130981,1373.686981,1328.190237,1332.837508,16743977,4,Infosys,INFY.NS,Stock,IT,https://1drv.ms/i/c/8705623eb284e7df/IQT7BLuLn8NmSrBq_1EWBFM3Ad1wmFhP7KEr_Zxm8MK0ETI?width=600&height=600
19-07-2023,1370.898804,1393.066383,1357.654078,1381.169321,13687062,4,Infosys,INFY.NS,Stock,IT,https://1drv.ms/i/c/8705623eb284e7df/IQT7BLuLn8NmSrBq_1EWBFM3Ad1wmFhP7KEr_Zxm8MK0ETI?width=600&height=600
20-07-2023,1347.244141,1367.22741,1339.064897,1367.22741,8347221,4,Infosys,INFY.NS,Stock,IT,https://1drv.ms/i/c/8705623eb284e7df/IQT7BLuLn8NmSrBq_1EWBFM3Ad1wmFhP7KEr_Zxm8MK0ETI?width=600&height=600
21-07-2023,1237.661377,1254.76336,1212.937914,1227.065575,45548305,4,Infosys,INFY.NS,Stock,IT,https://1drv.ms/i/c/8705623eb284e7df/IQT7BLuLn8NmSrBq_1EWBFM3Ad1wmFhP7KEr_Zxm8MK0ETI?width=600&height=600
24-07-2023,1242.308716,1254.670505,1240.124521,1246.398338,8859789,4,Infosys,INFY.NS,Stock,IT,https://1drv.ms/i/c/8705623eb284e7df/IQT7BLuLn8NmSrBq_1EWBFM3Ad1wmFhP7KEr_Zxm8MK0ETI?width=600&height=600
25-07-2023,1240.449829,1248.117828,1230.829999,1242.680542,6801982,4,Infosys,INFY.NS,Stock,IT,https://1drv.ms/i/c/8705623eb284e7df/IQT7BLuLn8NmSrBq_1EWBFM3Ad1wmFhP7KEr_Zxm8MK0ETI?width=600&height=600
26-07-2023,1253.69458,1254.763475,1244.911281,1248.257294,5528885,4,Infosys,INFY.NS,Stock,IT,https://1drv.ms/i/c/8705623eb284e7df/IQT7BLuLn8NmSrBq_1EWBFM3Ad1wmFhP7KEr_Zxm8MK0ETI?width=600&height=600
27-07-2023,1257.691284,1267.589997,1252.021635,1262.756765,9191861,4,Infosys,INFY.NS,Stock,IT,https://1drv.ms/i/c/8705623eb284e7df/IQT7BLuLn8NmSrBq_1EWBFM3Ad1wmFhP7KEr_Zxm8MK0ETI?width=600&height=600
28-07-2023,1245.933594,1267.636331,1241.751049,1258.341787,6122735,4,Infosys,INFY.NS,Stock,IT,https://1drv.ms/i/c/8705623eb284e7df/IQT7BLuLn8NmSrBq_1EWBFM3Ad1wmFhP7KEr_Zxm8MK0ETI?width=600&height=600
31-07-2023,1260.061401,1261.734465,1239.195194,1253.601738,7902180,4,Infosys,INFY.NS,Stock,IT,https://1drv.ms/i/c/8705623eb284e7df/IQT7BLuLn8NmSrBq_1EWBFM3Ad1wmFhP7KEr_Zxm8MK0ETI?width=600&height=600
01-08-2023,1268.891113,1272.423085,1261.269633,1265.916905,6064652,4,Infosys,INFY.NS,Stock,IT,https://1drv.ms/i/c/8705623eb284e7df/IQT7BLuLn8NmSrBq_1EWBFM3Ad1wmFhP7KEr_Zxm8MK0ETI?width=600&height=600
02-08-2023,1261.130249,1275.164989,1253.322809,1272.702025,7419145,4,Infosys,INFY.NS,Stock,IT,https://1drv.ms/i/c/8705623eb284e7df/IQT7BLuLn8NmSrBq_1EWBFM3Ad1wmFhP7KEr_Zxm8MK0ETI?width=600&height=600
03-08-2023,1268.054565,1270.145838,1253.833869,1254.763323,6503741,4,Infosys,INFY.NS,Stock,IT,https://1drv.ms/i/c/8705623eb284e7df/IQT7BLuLn8NmSrBq_1EWBFM3Ad1wmFhP7KEr_Zxm8MK0ETI?width=600&height=600
04-08-2023,1281.113525,1288.130952,1265.916968,1272.330226,5712345,4,Infosys,INFY.NS,Stock,IT,https://1drv.ms/i/c/8705623eb284e7df/IQT7BLuLn8NmSrBq_1EWBFM3Ad1wmFhP7KEr_Zxm8MK0ETI?width=600&height=600
07-08-2023,1294.72998,1296.588889,1279.85871,1289.989786,3729093,4,Infosys,INFY.NS,Stock,IT,https://1drv.ms/i/c/8705623eb284e7df/IQT7BLuLn8NmSrBq_1EWBFM3Ad1wmFhP7KEr_Zxm8MK0ETI?width=600&height=600
08-08-2023,1292.127441,1295.241204,1286.736674,1294.590518,4161877,4,Infosys,INFY.NS,Stock,IT,https://1drv.ms/i/c/8705623eb284e7df/IQT7BLuLn8NmSrBq_1EWBFM3Ad1wmFhP7KEr_Zxm8MK0ETI?width=600&height=600
09-08-2023,1296.031372,1297.518477,1284.970841,1286.365023,4090828,4,Infosys,INFY.NS,Stock,IT,https://1drv.ms/i/c/8705623eb284e7df/IQT7BLuLn8NmSrBq_1EWBFM3Ad1wmFhP7KEr_Zxm8MK0ETI?width=600&height=600
10-08-2023,1291.105103,1297.332515,1287.852012,1293.428739,3873025,4,Infosys,INFY.NS,Stock,IT,https://1drv.ms/i/c/8705623eb284e7df/IQT7BLuLn8NmSrBq_1EWBFM3Ad1wmFhP7KEr_Zxm8MK0ETI?width=600&height=600
11-08-2023,1275.072144,1298.308506,1270.61083,1293.800675,5783517,4,Infosys,INFY.NS,Stock,IT,https://1drv.ms/i/c/8705623eb284e7df/IQT7BLuLn8NmSrBq_1EWBFM3Ad1wmFhP7KEr_Zxm8MK0ETI?width=600&height=600
14-08-2023,1295.241211,1296.588874,1269.262893,1275.071983,4304135,4,Infosys,INFY.NS,Stock,IT,https://1drv.ms/i/c/8705623eb284e7df/IQT7BLuLn8NmSrBq_1EWBFM3Ad1wmFhP7KEr_Zxm8MK0ETI?width=600&height=600
16-08-2023,1318.43103,1319.778694,1306.255201,1311.274277,7735313,4,Infosys,INFY.NS,Stock,IT,https://1drv.ms/i/c/8705623eb284e7df/IQT7BLuLn8NmSrBq_1EWBFM3Ad1wmFhP7KEr_Zxm8MK0ETI?width=600&height=600
17-08-2023,1311.971436,1319.82528,1306.812918,1319.82528,5618346,4,Infosys,INFY.NS,Stock,IT,https://1drv.ms/i/c/8705623eb284e7df/IQT7BLuLn8NmSrBq_1EWBFM3Ad1wmFhP7KEr_Zxm8MK0ETI?width=600&height=600
18-08-2023,1290.826294,1309.322345,1288.363217,1304.675074,5134103,4,Infosys,INFY.NS,Stock,IT,https://1drv.ms/i/c/8705623eb284e7df/IQT7BLuLn8NmSrBq_1EWBFM3Ad1wmFhP7KEr_Zxm8MK0ETI?width=600&height=600
21-08-2023,1306.255249,1307.742353,1289.292706,1291.709265,3032722,4,Infosys,INFY.NS,Stock,IT,https://1drv.ms/i/c/8705623eb284e7df/IQT7BLuLn8NmSrBq_1EWBFM3Ad1wmFhP7KEr_Zxm8MK0ETI?width=600&height=600
22-08-2023,1304.721558,1306.859348,1298.122454,1305.604494,2890714,4,Infosys,INFY.NS,Stock,IT,https://1drv.ms/i/c/8705623eb284e7df/IQT7BLuLn8NmSrBq_1EWBFM3Ad1wmFhP7KEr_Zxm8MK0ETI?width=600&height=600
23-08-2023,1308.625366,1316.66517,1306.487689,1316.10752,2559125,4,Infosys,INFY.NS,Stock,IT,https://1drv.ms/i/c/8705623eb284e7df/IQT7BLuLn8NmSrBq_1EWBFM3Ad1wmFhP7KEr_Zxm8MK0ETI?width=600&height=600
24-08-2023,1323.171143,1324.518919,1314.666613,1321.219311,5171963,4,Infosys,INFY.NS,Stock,IT,https://1drv.ms/i/c/8705623eb284e7df/IQT7BLuLn8NmSrBq_1EWBFM3Ad1wmFhP7KEr_Zxm8MK0ETI?width=600&height=600
25-08-2023,1319.918335,1322.149048,1311.832126,1313.319231,4307172,4,Infosys,INFY.NS,Stock,IT,https://1drv.ms/i/c/8705623eb284e7df/IQT7BLuLn8NmSrBq_1EWBFM3Ad1wmFhP7KEr_Zxm8MK0ETI?width=600&height=600
28-08-2023,1315.782227,1324.286758,1311.832045,1319.918254,3133464,4,Infosys,INFY.NS,Stock,IT,https://1drv.ms/i/c/8705623eb284e7df/IQT7BLuLn8NmSrBq_1EWBFM3Ad1wmFhP7KEr_Zxm8MK0ETI?width=600&height=600
29-08-2023,1317.640991,1323.914808,1315.456796,1323.543004,3074444,4,Infosys,INFY.NS,Stock,IT,https://1drv.ms/i/c/8705623eb284e7df/IQT7BLuLn8NmSrBq_1EWBFM3Ad1wmFhP7KEr_Zxm8MK0ETI?width=600&height=600
30-08-2023,1333.906494,1335.300676,1323.543055,1326.331418,3070887,4,Infosys,INFY.NS,Stock,IT,https://1drv.ms/i/c/8705623eb284e7df/IQT7BLuLn8NmSrBq_1EWBFM3Ad1wmFhP7KEr_Zxm8MK0ETI?width=600&height=600
31-08-2023,1334.185303,1342.968715,1327.865081,1333.906534,9792735,4,Infosys,INFY.NS,Stock,IT,https://1drv.ms/i/c/8705623eb284e7df/IQT7BLuLn8NmSrBq_1EWBFM3Ad1wmFhP7KEr_Zxm8MK0ETI?width=600&height=600
01-09-2023,1341.992798,1343.991148,1327.446813,1330.002813,3582133,4,Infosys,INFY.NS,Stock,IT,https://1drv.ms/i/c/8705623eb284e7df/IQT7BLuLn8NmSrBq_1EWBFM3Ad1wmFhP7KEr_Zxm8MK0ETI?width=600&height=600
04-09-2023,1361.743652,1366.298002,1333.488215,1341.202732,4609014,4,Infosys,INFY.NS,Stock,IT,https://1drv.ms/i/c/8705623eb284e7df/IQT7BLuLn8NmSrBq_1EWBFM3Ad1wmFhP7KEr_Zxm8MK0ETI?width=600&height=600
05-09-2023,1374.57019,1375.639086,1353.750388,1361.650751,5496840,4,Infosys,INFY.NS,Stock,IT,https://1drv.ms/i/c/8705623eb284e7df/IQT7BLuLn8NmSrBq_1EWBFM3Ad1wmFhP7KEr_Zxm8MK0ETI?width=600&height=600
06-09-2023,1373.22229,1378.287884,1360.070602,1377.35843,5075786,4,Infosys,INFY.NS,Stock,IT,https://1drv.ms/i/c/8705623eb284e7df/IQT7BLuLn8NmSrBq_1EWBFM3Ad1wmFhP7KEr_Zxm8MK0ETI?width=600&height=600
07-09-2023,1362.765991,1369.458131,1358.908846,1366.855613,4411743,4,Infosys,INFY.NS,Stock,IT,https://1drv.ms/i/c/8705623eb284e7df/IQT7BLuLn8NmSrBq_1EWBFM3Ad1wmFhP7KEr_Zxm8MK0ETI?width=600&height=600
08-09-2023,1365.926147,1370.71286,1357.189254,1360.256498,3125838,4,Infosys,INFY.NS,Stock,IT,https://1drv.ms/i/c/8705623eb284e7df/IQT7BLuLn8NmSrBq_1EWBFM3Ad1wmFhP7KEr_Zxm8MK0ETI?width=600&height=600
11-09-2023,1372.292969,1373.780187,1361.186034,1365.926228,4182226,4,Infosys,INFY.NS,Stock,IT,https://1drv.ms/i/c/8705623eb284e7df/IQT7BLuLn8NmSrBq_1EWBFM3Ad1wmFhP7KEr_Zxm8MK0ETI?width=600&height=600
12-09-2023,1395.203979,1397.89942,1372.897074,1377.91615,6793161,4,Infosys,INFY.NS,Stock,IT,https://1drv.ms/i/c/8705623eb284e7df/IQT7BLuLn8NmSrBq_1EWBFM3Ad1wmFhP7KEr_Zxm8MK0ETI?width=600&height=600
13-09-2023,1392.647949,1398.828844,1383.632287,1398.828844,4804686,4,Infosys,INFY.NS,Stock,IT,https://1drv.ms/i/c/8705623eb284e7df/IQT7BLuLn8NmSrBq_1EWBFM3Ad1wmFhP7KEr_Zxm8MK0ETI?width=600&height=600
14-09-2023,1400.641235,1405.846271,1393.391559,1398.828845,6444213,4,Infosys,INFY.NS,Stock,IT,https://1drv.ms/i/c/8705623eb284e7df/IQT7BLuLn8NmSrBq_1EWBFM3Ad1wmFhP7KEr_Zxm8MK0ETI?width=600&height=600
15-09-2023,1404.963379,1411.283715,1402.54682,1410.91191,8657816,4,Infosys,INFY.NS,Stock,IT,https://1drv.ms/i/c/8705623eb284e7df/IQT7BLuLn8NmSrBq_1EWBFM3Ad1wmFhP7KEr_Zxm8MK0ETI?width=600&height=600
18-09-2023,1386.560181,1398.736011,1383.028208,1398.736011,3991916,4,Infosys,INFY.NS,Stock,IT,https://1drv.ms/i/c/8705623eb284e7df/IQT7BLuLn8NmSrBq_1EWBFM3Ad1wmFhP7KEr_Zxm8MK0ETI?width=600&height=600
20-09-2023,1385.119507,1389.627338,1372.060626,1372.060626,4169337,4,Infosys,INFY.NS,Stock,IT,https://1drv.ms/i/c/8705623eb284e7df/IQT7BLuLn8NmSrBq_1EWBFM3Ad1wmFhP7KEr_Zxm8MK0ETI?width=600&height=600
21-09-2023,1395.808228,1398.410745,1371.874775,1381.680565,6779195,4,Infosys,INFY.NS,Stock,IT,https://1drv.ms/i/c/8705623eb284e7df/IQT7BLuLn8NmSrBq_1EWBFM3Ad1wmFhP7KEr_Zxm8MK0ETI?width=600&height=600
22-09-2023,1390.603271,1400.641311,1380.425677,1386.65309,5455613,4,Infosys,INFY.NS,Stock,IT,https://1drv.ms/i/c/8705623eb284e7df/IQT7BLuLn8NmSrBq_1EWBFM3Ad1wmFhP7KEr_Zxm8MK0ETI?width=600&height=600
25-09-2023,1370.155273,1384.747663,1367.738715,1384.747663,4217863,4,Infosys,INFY.NS,Stock,IT,https://1drv.ms/i/c/8705623eb284e7df/IQT7BLuLn8NmSrBq_1EWBFM3Ad1wmFhP7KEr_Zxm8MK0ETI?width=600&height=600
26-09-2023,1357.607544,1375.499541,1356.073922,1374.80245,3996528,4,Infosys,INFY.NS,Stock,IT,https://1drv.ms/i/c/8705623eb284e7df/IQT7BLuLn8NmSrBq_1EWBFM3Ad1wmFhP7KEr_Zxm8MK0ETI?width=600&height=600
27-09-2023,1363.509521,1365.92608,1347.755316,1353.285524,3863586,4,Infosys,INFY.NS,Stock,IT,https://1drv.ms/i/c/8705623eb284e7df/IQT7BLuLn8NmSrBq_1EWBFM3Ad1wmFhP7KEr_Zxm8MK0ETI?width=600&height=600
28-09-2023,1337.903198,1368.714637,1333.767171,1364.346246,5814602,4,Infosys,INFY.NS,Stock,IT,https://1drv.ms/i/c/8705623eb284e7df/IQT7BLuLn8NmSrBq_1EWBFM3Ad1wmFhP7KEr_Zxm8MK0ETI?width=600&height=600
29-09-2023,1334.185303,1344.734701,1316.10746,1331.071653,6068968,4,Infosys,INFY.NS,Stock,IT,https://1drv.ms/i/c/8705623eb284e7df/IQT7BLuLn8NmSrBq_1EWBFM3Ad1wmFhP7KEr_Zxm8MK0ETI?width=600&height=600
03-10-2023,1332.837646,1335.62601,1320.104166,1334.743073,4181867,4,Infosys,INFY.NS,Stock,IT,https://1drv.ms/i/c/8705623eb284e7df/IQT7BLuLn8NmSrBq_1EWBFM3Ad1wmFhP7KEr_Zxm8MK0ETI?width=600&height=600
04-10-2023,1342.457397,1347.662319,1318.152143,1324.472478,4510406,4,Infosys,INFY.NS,Stock,IT,https://1drv.ms/i/c/8705623eb284e7df/IQT7BLuLn8NmSrBq_1EWBFM3Ad1wmFhP7KEr_Zxm8MK0ETI?width=600&height=600
05-10-2023,1360.209961,1371.549372,1347.89469,1349.567754,7384621,4,Infosys,INFY.NS,Stock,IT,https://1drv.ms/i/c/8705623eb284e7df/IQT7BLuLn8NmSrBq_1EWBFM3Ad1wmFhP7KEr_Zxm8MK0ETI?width=600&height=600
06-10-2023,1374.384277,1379.775159,1360.070769,1365.833342,3598672,4,Infosys,INFY.NS,Stock,IT,https://1drv.ms/i/c/8705623eb284e7df/IQT7BLuLn8NmSrBq_1EWBFM3Ad1wmFhP7KEr_Zxm8MK0ETI?width=600&height=600
09-10-2023,1371.363403,1385.816464,1359.048133,1361.557728,3567552,4,Infosys,INFY.NS,Stock,IT,https://1drv.ms/i/c/8705623eb284e7df/IQT7BLuLn8NmSrBq_1EWBFM3Ad1wmFhP7KEr_Zxm8MK0ETI?width=600&height=600
10-10-2023,1389.673828,1391.393296,1365.461495,1379.217466,5688951,4,Infosys,INFY.NS,Stock,IT,https://1drv.ms/i/c/8705623eb284e7df/IQT7BLuLn8NmSrBq_1EWBFM3Ad1wmFhP7KEr_Zxm8MK0ETI?width=600&height=600
11-10-2023,1388.976563,1411.144025,1376.940061,1391.393121,7220129,4,Infosys,INFY.NS,Stock,IT,https://1drv.ms/i/c/8705623eb284e7df/IQT7BLuLn8NmSrBq_1EWBFM3Ad1wmFhP7KEr_Zxm8MK0ETI?width=600&height=600
12-10-2023,1362.115356,1398.271154,1349.567723,1386.652974,11081662,4,Infosys,INFY.NS,Stock,IT,https://1drv.ms/i/c/8705623eb284e7df/IQT7BLuLn8NmSrBq_1EWBFM3Ad1wmFhP7KEr_Zxm8MK0ETI?width=600&height=600
13-10-2023,1330.188721,1336.555461,1301.236193,1305.883465,17973439,4,Infosys,INFY.NS,Stock,IT,https://1drv.ms/i/c/8705623eb284e7df/IQT7BLuLn8NmSrBq_1EWBFM3Ad1wmFhP7KEr_Zxm8MK0ETI?width=600&height=600
16-10-2023,1332.976929,1341.760227,1329.119671,1331.071502,4850745,4,Infosys,INFY.NS,Stock,IT,https://1drv.ms/i/c/8705623eb284e7df/IQT7BLuLn8NmSrBq_1EWBFM3Ad1wmFhP7KEr_Zxm8MK0ETI?width=600&height=600
17-10-2023,1340.691528,1350.822605,1336.60202,1338.646774,3923764,4,Infosys,INFY.NS,Stock,IT,https://1drv.ms/i/c/8705623eb284e7df/IQT7BLuLn8NmSrBq_1EWBFM3Ad1wmFhP7KEr_Zxm8MK0ETI?width=600&height=600
18-10-2023,1338.925537,1351.426653,1336.880669,1340.273201,4264837,4,Infosys,INFY.NS,Stock,IT,https://1drv.ms/i/c/8705623eb284e7df/IQT7BLuLn8NmSrBq_1EWBFM3Ad1wmFhP7KEr_Zxm8MK0ETI?width=600&height=600
19-10-2023,1332.512329,1338.089056,1325.494903,1325.494903,6795691,4,Infosys,INFY.NS,Stock,IT,https://1drv.ms/i/c/8705623eb284e7df/IQT7BLuLn8NmSrBq_1EWBFM3Ad1wmFhP7KEr_Zxm8MK0ETI?width=600&height=600
20-10-2023,1326.563843,1337.020205,1324.704934,1329.119842,3928622,4,Infosys,INFY.NS,Stock,IT,https://1drv.ms/i/c/8705623eb284e7df/IQT7BLuLn8NmSrBq_1EWBFM3Ad1wmFhP7KEr_Zxm8MK0ETI?width=600&height=600
23-10-2023,1309.276001,1331.304026,1306.115833,1325.030208,2636516,4,Infosys,INFY.NS,Stock,IT,https://1drv.ms/i/c/8705623eb284e7df/IQT7BLuLn8NmSrBq_1EWBFM3Ad1wmFhP7KEr_Zxm8MK0ETI?width=600&height=600
25-10-2023,1289.881348,1320.479605,1281.643355,1317.137288,6940777,4,Infosys,INFY.NS,Stock,IT,https://1drv.ms/i/c/8705623eb284e7df/IQT7BLuLn8NmSrBq_1EWBFM3Ad1wmFhP7KEr_Zxm8MK0ETI?width=600&height=600
26-10-2023,1279.901611,1293.600263,1273.923205,1275.75917,6357656,4,Infosys,INFY.NS,Stock,IT,https://1drv.ms/i/c/8705623eb284e7df/IQT7BLuLn8NmSrBq_1EWBFM3Ad1wmFhP7KEr_Zxm8MK0ETI?width=600&height=600
27-10-2023,1299.578491,1303.956418,1283.855741,1283.855741,4634358,4,Infosys,INFY.NS,Stock,IT,https://1drv.ms/i/c/8705623eb284e7df/IQT7BLuLn8NmSrBq_1EWBFM3Ad1wmFhP7KEr_Zxm8MK0ETI?width=600&height=600
30-10-2023,1296.47168,1299.578511,1283.337898,1299.578511,2667696,4,Infosys,INFY.NS,Stock,IT,https://1drv.ms/i/c/8705623eb284e7df/IQT7BLuLn8NmSrBq_1EWBFM3Ad1wmFhP7KEr_Zxm8MK0ETI?width=600&height=600
31-10-2023,1288.327881,1300.331813,1283.24384,1299.201962,3451595,4,Infosys,INFY.NS,Stock,IT,https://1drv.ms/i/c/8705623eb284e7df/IQT7BLuLn8NmSrBq_1EWBFM3Ad1wmFhP7KEr_Zxm8MK0ETI?width=600&height=600
01-11-2023,1274.911621,1296.848147,1272.557909,1292.705706,3090672,4,Infosys,INFY.NS,Stock,IT,https://1drv.ms/i/c/8705623eb284e7df/IQT7BLuLn8NmSrBq_1EWBFM3Ad1wmFhP7KEr_Zxm8MK0ETI?width=600&height=600
02-11-2023,1289.975464,1295.765619,1281.972843,1289.834218,3758060,4,Infosys,INFY.NS,Stock,IT,https://1drv.ms/i/c/8705623eb284e7df/IQT7BLuLn8NmSrBq_1EWBFM3Ad1wmFhP7KEr_Zxm8MK0ETI?width=600&height=600
03-11-2023,1307.769653,1310.546988,1297.130828,1299.296289,3349045,4,Infosys,INFY.NS,Stock,IT,https://1drv.ms/i/c/8705623eb284e7df/IQT7BLuLn8NmSrBq_1EWBFM3Ad1wmFhP7KEr_Zxm8MK0ETI?width=600&height=600
06-11-2023,1321.185791,1324.90461,1309.41723,1312.33581,2736381,4,Infosys,INFY.NS,Stock,IT,https://1drv.ms/i/c/8705623eb284e7df/IQT7BLuLn8NmSrBq_1EWBFM3Ad1wmFhP7KEr_Zxm8MK0ETI?width=600&height=600
07-11-2023,1322.127197,1323.63355,1313.230097,1318.078767,2272209,4,Infosys,INFY.NS,Stock,IT,https://1drv.ms/i/c/8705623eb284e7df/IQT7BLuLn8NmSrBq_1EWBFM3Ad1wmFhP7KEr_Zxm8MK0ETI?width=600&height=600
08-11-2023,1309.605469,1322.786257,1305.321667,1322.786257,3550635,4,Infosys,INFY.NS,Stock,IT,https://1drv.ms/i/c/8705623eb284e7df/IQT7BLuLn8NmSrBq_1EWBFM3Ad1wmFhP7KEr_Zxm8MK0ETI?width=600&height=600
09-11-2023,1294.353394,1315.725053,1289.881341,1314.218701,5498051,4,Infosys,INFY.NS,Stock,IT,https://1drv.ms/i/c/8705623eb284e7df/IQT7BLuLn8NmSrBq_1EWBFM3Ad1wmFhP7KEr_Zxm8MK0ETI?width=600&height=600
10-11-2023,1288.751587,1292.800018,1281.360953,1289.787197,2943649,4,Infosys,INFY.NS,Stock,IT,https://1drv.ms/i/c/8705623eb284e7df/IQT7BLuLn8NmSrBq_1EWBFM3Ad1wmFhP7KEr_Zxm8MK0ETI?width=600&height=600
13-11-2023,1293.176636,1301.555759,1290.634558,1299.107922,3462092,4,Infosys,INFY.NS,Stock,IT,https://1drv.ms/i/c/8705623eb284e7df/IQT7BLuLn8NmSrBq_1EWBFM3Ad1wmFhP7KEr_Zxm8MK0ETI?width=600&height=600
15-11-2023,1327.964355,1331.259552,1311.488371,1317.13728,8551860,4,Infosys,INFY.NS,Stock,IT,https://1drv.ms/i/c/8705623eb284e7df/IQT7BLuLn8NmSrBq_1EWBFM3Ad1wmFhP7KEr_Zxm8MK0ETI?width=600&height=600
16-11-2023,1360.35144,1368.354061,1328.058465,1333.236632,6673907,4,Infosys,INFY.NS,Stock,IT,https://1drv.ms/i/c/8705623eb284e7df/IQT7BLuLn8NmSrBq_1EWBFM3Ad1wmFhP7KEr_Zxm8MK0ETI?width=600&height=600
17-11-2023,1353.431519,1366.094443,1351.077807,1356.726715,4901251,4,Infosys,INFY.NS,Stock,IT,https://1drv.ms/i/c/8705623eb284e7df/IQT7BLuLn8NmSrBq_1EWBFM3Ad1wmFhP7KEr_Zxm8MK0ETI?width=600&height=600
20-11-2023,1352.536987,1367.035876,1349.759653,1357.621028,3584210,4,Infosys,INFY.NS,Stock,IT,https://1drv.ms/i/c/8705623eb284e7df/IQT7BLuLn8NmSrBq_1EWBFM3Ad1wmFhP7KEr_Zxm8MK0ETI?width=600&height=600
21-11-2023,1354.796631,1365.152964,1352.67829,1357.621085,3793135,4,Infosys,INFY.NS,Stock,IT,https://1drv.ms/i/c/8705623eb284e7df/IQT7BLuLn8NmSrBq_1EWBFM3Ad1wmFhP7KEr_Zxm8MK0ETI?width=600&height=600
22-11-2023,1372.496582,1373.579198,1352.160418,1352.160418,3108786,4,Infosys,INFY.NS,Stock,IT,https://1drv.ms/i/c/8705623eb284e7df/IQT7BLuLn8NmSrBq_1EWBFM3Ad1wmFhP7KEr_Zxm8MK0ETI?width=600&height=600
23-11-2023,1364.446899,1382.005615,1362.987552,1382.005615,3186928,4,Infosys,INFY.NS,Stock,IT,https://1drv.ms/i/c/8705623eb284e7df/IQT7BLuLn8NmSrBq_1EWBFM3Ad1wmFhP7KEr_Zxm8MK0ETI?width=600&height=600
24-11-2023,1353.290405,1367.64805,1349.948088,1360.96353,2973195,4,Infosys,INFY.NS,Stock,IT,https://1drv.ms/i/c/8705623eb284e7df/IQT7BLuLn8NmSrBq_1EWBFM3Ad1wmFhP7KEr_Zxm8MK0ETI?width=600&height=600
28-11-2023,1358.280151,1360.445612,1343.546005,1359.504128,3755373,4,Infosys,INFY.NS,Stock,IT,https://1drv.ms/i/c/8705623eb284e7df/IQT7BLuLn8NmSrBq_1EWBFM3Ad1wmFhP7KEr_Zxm8MK0ETI?width=600&height=600
29-11-2023,1374.191284,1375.226895,1364.964801,1366.188663,3875778,4,Infosys,INFY.NS,Stock,IT,https://1drv.ms/i/c/8705623eb284e7df/IQT7BLuLn8NmSrBq_1EWBFM3Ad1wmFhP7KEr_Zxm8MK0ETI?width=600&height=600
30-11-2023,1370.001709,1375.179876,1364.729417,1368.212865,10120867,4,Infosys,INFY.NS,Stock,IT,https://1drv.ms/i/c/8705623eb284e7df/IQT7BLuLn8NmSrBq_1EWBFM3Ad1wmFhP7KEr_Zxm8MK0ETI?width=600&height=600
01-12-2023,1367.318359,1374.473621,1361.528205,1374.473621,3489187,4,Infosys,INFY.NS,Stock,IT,https://1drv.ms/i/c/8705623eb284e7df/IQT7BLuLn8NmSrBq_1EWBFM3Ad1wmFhP7KEr_Zxm8MK0ETI?width=600&height=600
04-12-2023,1378.66333,1385.771587,1364.494052,1374.991516,5511948,4,Infosys,INFY.NS,Stock,IT,https://1drv.ms/i/c/8705623eb284e7df/IQT7BLuLn8NmSrBq_1EWBFM3Ad1wmFhP7KEr_Zxm8MK0ETI?width=600&height=600
05-12-2023,1368.871826,1381.064124,1357.621128,1380.028513,5123039,4,Infosys,INFY.NS,Stock,IT,https://1drv.ms/i/c/8705623eb284e7df/IQT7BLuLn8NmSrBq_1EWBFM3Ad1wmFhP7KEr_Zxm8MK0ETI?width=600&height=600
06-12-2023,1388.03125,1390.573213,1366.141726,1371.508144,5269178,4,Infosys,INFY.NS,Stock,IT,https://1drv.ms/i/c/8705623eb284e7df/IQT7BLuLn8NmSrBq_1EWBFM3Ad1wmFhP7KEr_Zxm8MK0ETI?width=600&height=600
07-12-2023,1380.122681,1386.665954,1376.262616,1386.665954,4424453,4,Infosys,INFY.NS,Stock,IT,https://1drv.ms/i/c/8705623eb284e7df/IQT7BLuLn8NmSrBq_1EWBFM3Ad1wmFhP7KEr_Zxm8MK0ETI?width=600&height=600
08-12-2023,1403.895264,1407.237466,1380.452266,1384.359452,6323433,4,Infosys,INFY.NS,Stock,IT,https://1drv.ms/i/c/8705623eb284e7df/IQT7BLuLn8NmSrBq_1EWBFM3Ad1wmFhP7KEr_Zxm8MK0ETI?width=600&height=600
11-12-2023,1401.400146,1410.344252,1395.280495,1402.812374,3862018,4,Infosys,INFY.NS,Stock,IT,https://1drv.ms/i/c/8705623eb284e7df/IQT7BLuLn8NmSrBq_1EWBFM3Ad1wmFhP7KEr_Zxm8MK0ETI?width=600&height=600
12-12-2023,1389.678589,1402.812255,1381.770094,1391.043696,6103494,4,Infosys,INFY.NS,Stock,IT,https://1drv.ms/i/c/8705623eb284e7df/IQT7BLuLn8NmSrBq_1EWBFM3Ad1wmFhP7KEr_Zxm8MK0ETI?width=600&height=600
13-12-2023,1364.211548,1389.678759,1349.289036,1389.631639,8549258,4,Infosys,INFY.NS,Stock,IT,https://1drv.ms/i/c/8705623eb284e7df/IQT7BLuLn8NmSrBq_1EWBFM3Ad1wmFhP7KEr_Zxm8MK0ETI?width=600&height=600
14-12-2023,1413.592407,1422.583634,1375.838887,1377.768977,12489858,4,Infosys,INFY.NS,Stock,IT,https://1drv.ms/i/c/8705623eb284e7df/IQT7BLuLn8NmSrBq_1EWBFM3Ad1wmFhP7KEr_Zxm8MK0ETI?width=600&height=600
15-12-2023,1486.039795,1495.59589,1431.998538,1433.928628,18395389,4,Infosys,INFY.NS,Stock,IT,https://1drv.ms/i/c/8705623eb284e7df/IQT7BLuLn8NmSrBq_1EWBFM3Ad1wmFhP7KEr_Zxm8MK0ETI?width=600&height=600
18-12-2023,1472.81189,1499.785455,1468.998945,1476.201212,6467243,4,Infosys,INFY.NS,Stock,IT,https://1drv.ms/i/c/8705623eb284e7df/IQT7BLuLn8NmSrBq_1EWBFM3Ad1wmFhP7KEr_Zxm8MK0ETI?width=600&height=600
19-12-2023,1467.115967,1481.850114,1452.946573,1478.22542,4221721,4,Infosys,INFY.NS,Stock,IT,https://1drv.ms/i/c/8705623eb284e7df/IQT7BLuLn8NmSrBq_1EWBFM3Ad1wmFhP7KEr_Zxm8MK0ETI?width=600&height=600
20-12-2023,1446.497314,1490.841227,1440.471789,1473.470878,6592367,4,Infosys,INFY.NS,Stock,IT,https://1drv.ms/i/c/8705623eb284e7df/IQT7BLuLn8NmSrBq_1EWBFM3Ad1wmFhP7KEr_Zxm8MK0ETI?width=600&height=600
21-12-2023,1446.120728,1456.147564,1432.233826,1432.233826,5319038,4,Infosys,INFY.NS,Stock,IT,https://1drv.ms/i/c/8705623eb284e7df/IQT7BLuLn8NmSrBq_1EWBFM3Ad1wmFhP7KEr_Zxm8MK0ETI?width=600&height=600
22-12-2023,1471.446655,1474.365235,1433.881388,1445.132085,6741060,4,Infosys,INFY.NS,Stock,IT,https://1drv.ms/i/c/8705623eb284e7df/IQT7BLuLn8NmSrBq_1EWBFM3Ad1wmFhP7KEr_Zxm8MK0ETI?width=600&height=600
26-12-2023,1453.605469,1457.418528,1433.881407,1445.179225,6878067,4,Infosys,INFY.NS,Stock,IT,https://1drv.ms/i/c/8705623eb284e7df/IQT7BLuLn8NmSrBq_1EWBFM3Ad1wmFhP7KEr_Zxm8MK0ETI?width=600&height=600
27-12-2023,1475.400879,1478.131208,1453.652602,1453.652602,4225849,4,Infosys,INFY.NS,Stock,IT,https://1drv.ms/i/c/8705623eb284e7df/IQT7BLuLn8NmSrBq_1EWBFM3Ad1wmFhP7KEr_Zxm8MK0ETI?width=600&height=600
28-12-2023,1471.211182,1477.142467,1464.0088,1477.142467,5702253,4,Infosys,INFY.NS,Stock,IT,https://1drv.ms/i/c/8705623eb284e7df/IQT7BLuLn8NmSrBq_1EWBFM3Ad1wmFhP7KEr_Zxm8MK0ETI?width=600&height=600
29-12-2023,1452.617065,1468.198571,1449.886736,1450.875341,4388990,4,Infosys,INFY.NS,Stock,IT,https://1drv.ms/i/c/8705623eb284e7df/IQT7BLuLn8NmSrBq_1EWBFM3Ad1wmFhP7KEr_Zxm8MK0ETI?width=600&height=600
01-01-2024,1460.572632,1465.892045,1445.414747,1448.945316,2808451,4,Infosys,INFY.NS,Stock,IT,https://1drv.ms/i/c/8705623eb284e7df/IQT7BLuLn8NmSrBq_1EWBFM3Ad1wmFhP7KEr_Zxm8MK0ETI?width=600&height=600
02-01-2024,1444.61438,1458.501281,1433.88143,1455.535581,5396313,4,Infosys,INFY.NS,Stock,IT,https://1drv.ms/i/c/8705623eb284e7df/IQT7BLuLn8NmSrBq_1EWBFM3Ad1wmFhP7KEr_Zxm8MK0ETI?width=600&height=600
03-01-2024,1402.8125,1431.009927,1400.92953,1431.009927,7550363,4,Infosys,INFY.NS,Stock,IT,https://1drv.ms/i/c/8705623eb284e7df/IQT7BLuLn8NmSrBq_1EWBFM3Ad1wmFhP7KEr_Zxm8MK0ETI?width=600&height=600
04-01-2024,1424.184082,1430.821596,1405.542751,1416.887574,7056038,4,Infosys,INFY.NS,Stock,IT,https://1drv.ms/i/c/8705623eb284e7df/IQT7BLuLn8NmSrBq_1EWBFM3Ad1wmFhP7KEr_Zxm8MK0ETI?width=600&height=600
05-01-2024,1442.872559,1449.604083,1418.111463,1418.582205,8895403,4,Infosys,INFY.NS,Stock,IT,https://1drv.ms/i/c/8705623eb284e7df/IQT7BLuLn8NmSrBq_1EWBFM3Ad1wmFhP7KEr_Zxm8MK0ETI?width=600&height=600
08-01-2024,1433.693237,1446.120792,1424.702011,1439.483277,4440136,4,Infosys,INFY.NS,Stock,IT,https://1drv.ms/i/c/8705623eb284e7df/IQT7BLuLn8NmSrBq_1EWBFM3Ad1wmFhP7KEr_Zxm8MK0ETI?width=600&height=600
09-01-2024,1439.812744,1462.125888,1436.564553,1451.67543,4412074,4,Infosys,INFY.NS,Stock,IT,https://1drv.ms/i/c/8705623eb284e7df/IQT7BLuLn8NmSrBq_1EWBFM3Ad1wmFhP7KEr_Zxm8MK0ETI?width=600&height=600
10-01-2024,1430.962769,1445.602788,1416.934622,1435.717198,4096845,4,Infosys,INFY.NS,Stock,IT,https://1drv.ms/i/c/8705623eb284e7df/IQT7BLuLn8NmSrBq_1EWBFM3Ad1wmFhP7KEr_Zxm8MK0ETI?width=600&height=600
11-01-2024,1406.766602,1435.764381,1399.61134,1435.670255,11296088,4,Infosys,INFY.NS,Stock,IT,https://1drv.ms/i/c/8705623eb284e7df/IQT7BLuLn8NmSrBq_1EWBFM3Ad1wmFhP7KEr_Zxm8MK0ETI?width=600&height=600
12-01-2024,1518.379761,1523.322556,1464.385625,1470.599402,26754401,4,Infosys,INFY.NS,Stock,IT,https://1drv.ms/i/c/8705623eb284e7df/IQT7BLuLn8NmSrBq_1EWBFM3Ad1wmFhP7KEr_Zxm8MK0ETI?width=600&height=600
15-01-2024,1555.427124,1567.525182,1540.269241,1548.695484,13228305,4,Infosys,INFY.NS,Stock,IT,https://1drv.ms/i/c/8705623eb284e7df/IQT7BLuLn8NmSrBq_1EWBFM3Ad1wmFhP7KEr_Zxm8MK0ETI?width=600&height=600
16-01-2024,1536.07959,1552.037711,1529.912818,1548.554264,6500917,4,Infosys,INFY.NS,Stock,IT,https://1drv.ms/i/c/8705623eb284e7df/IQT7BLuLn8NmSrBq_1EWBFM3Ad1wmFhP7KEr_Zxm8MK0ETI?width=600&height=600
17-01-2024,1544.223389,1551.096274,1525.440812,1525.440812,9209876,4,Infosys,INFY.NS,Stock,IT,https://1drv.ms/i/c/8705623eb284e7df/IQT7BLuLn8NmSrBq_1EWBFM3Ad1wmFhP7KEr_Zxm8MK0ETI?width=600&height=600
18-01-2024,1546.483032,1552.508558,1532.972747,1546.530152,6375464,4,Infosys,INFY.NS,Stock,IT,https://1drv.ms/i/c/8705623eb284e7df/IQT7BLuLn8NmSrBq_1EWBFM3Ad1wmFhP7KEr_Zxm8MK0ETI?width=600&height=600
19-01-2024,1562.111572,1568.042973,1547.942295,1554.956311,4522736,4,Infosys,INFY.NS,Stock,IT,https://1drv.ms/i/c/8705623eb284e7df/IQT7BLuLn8NmSrBq_1EWBFM3Ad1wmFhP7KEr_Zxm8MK0ETI?width=600&height=600
23-01-2024,1546.059448,1576.704713,1541.869771,1553.544207,9401255,4,Infosys,INFY.NS,Stock,IT,https://1drv.ms/i/c/8705623eb284e7df/IQT7BLuLn8NmSrBq_1EWBFM3Ad1wmFhP7KEr_Zxm8MK0ETI?width=600&height=600
24-01-2024,1577.36377,1581.694577,1548.742607,1562.770754,8999681,4,Infosys,INFY.NS,Stock,IT,https://1drv.ms/i/c/8705623eb284e7df/IQT7BLuLn8NmSrBq_1EWBFM3Ad1wmFhP7KEr_Zxm8MK0ETI?width=600&height=600
25-01-2024,1571.432373,1582.212444,1560.981914,1575.057067,8865304,4,Infosys,INFY.NS,Stock,IT,https://1drv.ms/i/c/8705623eb284e7df/IQT7BLuLn8NmSrBq_1EWBFM3Ad1wmFhP7KEr_Zxm8MK0ETI?width=600&height=600
29-01-2024,1559.66394,1581.082723,1551.190576,1567.713683,4253785,4,Infosys,INFY.NS,Stock,IT,https://1drv.ms/i/c/8705623eb284e7df/IQT7BLuLn8NmSrBq_1EWBFM3Ad1wmFhP7KEr_Zxm8MK0ETI?width=600&height=600
30-01-2024,1554.815063,1591.109349,1551.802358,1565.171397,4995943,4,Infosys,INFY.NS,Stock,IT,https://1drv.ms/i/c/8705623eb284e7df/IQT7BLuLn8NmSrBq_1EWBFM3Ad1wmFhP7KEr_Zxm8MK0ETI?width=600&height=600
31-01-2024,1563.712158,1569.690564,1542.246258,1551.802352,6763779,4,Infosys,INFY.NS,Stock,IT,https://1drv.ms/i/c/8705623eb284e7df/IQT7BLuLn8NmSrBq_1EWBFM3Ad1wmFhP7KEr_Zxm8MK0ETI?width=600&height=600
01-02-2024,1560.087402,1578.869978,1553.779385,1562.441114,5760011,4,Infosys,INFY.NS,Stock,IT,https://1drv.ms/i/c/8705623eb284e7df/IQT7BLuLn8NmSrBq_1EWBFM3Ad1wmFhP7KEr_Zxm8MK0ETI?width=600&height=600
02-02-2024,1594.263306,1617.941672,1567.572234,1568.560839,7858483,4,Infosys,INFY.NS,Stock,IT,https://1drv.ms/i/c/8705623eb284e7df/IQT7BLuLn8NmSrBq_1EWBFM3Ad1wmFhP7KEr_Zxm8MK0ETI?width=600&height=600
05-02-2024,1588.473267,1601.230433,1583.436345,1595.581524,3634135,4,Infosys,INFY.NS,Stock,IT,https://1drv.ms/i/c/8705623eb284e7df/IQT7BLuLn8NmSrBq_1EWBFM3Ad1wmFhP7KEr_Zxm8MK0ETI?width=600&height=600
06-02-2024,1628.250854,1631.593172,1575.998448,1588.049499,7694265,4,Infosys,INFY.NS,Stock,IT,https://1drv.ms/i/c/8705623eb284e7df/IQT7BLuLn8NmSrBq_1EWBFM3Ad1wmFhP7KEr_Zxm8MK0ETI?width=600&height=600
07-02-2024,1594.639893,1627.827232,1588.143624,1627.827232,4613877,4,Infosys,INFY.NS,Stock,IT,https://1drv.ms/i/c/8705623eb284e7df/IQT7BLuLn8NmSrBq_1EWBFM3Ad1wmFhP7KEr_Zxm8MK0ETI?width=600&height=600
08-02-2024,1593.086548,1606.502707,1584.330807,1598.641332,5919715,4,Infosys,INFY.NS,Stock,IT,https://1drv.ms/i/c/8705623eb284e7df/IQT7BLuLn8NmSrBq_1EWBFM3Ad1wmFhP7KEr_Zxm8MK0ETI?width=600&height=600
09-02-2024,1571.667725,1593.839739,1562.676613,1586.119494,4600004,4,Infosys,INFY.NS,Stock,IT,https://1drv.ms/i/c/8705623eb284e7df/IQT7BLuLn8NmSrBq_1EWBFM3Ad1wmFhP7KEr_Zxm8MK0ETI?width=600&height=600
12-02-2024,1581.788818,1593.886877,1572.60934,1572.60934,3555808,4,Infosys,INFY.NS,Stock,IT,https://1drv.ms/i/c/8705623eb284e7df/IQT7BLuLn8NmSrBq_1EWBFM3Ad1wmFhP7KEr_Zxm8MK0ETI?width=600&height=600
13-02-2024,1585.978271,1590.261958,1566.15997,1584.518924,2696481,4,Infosys,INFY.NS,Stock,IT,https://1drv.ms/i/c/8705623eb284e7df/IQT7BLuLn8NmSrBq_1EWBFM3Ad1wmFhP7KEr_Zxm8MK0ETI?width=600&height=600
14-02-2024,1568.702026,1571.761852,1539.798487,1563.053117,3768579,4,Infosys,INFY.NS,Stock,IT,https://1drv.ms/i/c/8705623eb284e7df/IQT7BLuLn8NmSrBq_1EWBFM3Ad1wmFhP7KEr_Zxm8MK0ETI?width=600&height=600
15-02-2024,1578.258057,1588.991007,1564.371156,1578.870045,4834391,4,Infosys,INFY.NS,Stock,IT,https://1drv.ms/i/c/8705623eb284e7df/IQT7BLuLn8NmSrBq_1EWBFM3Ad1wmFhP7KEr_Zxm8MK0ETI?width=600&height=600
16-02-2024,1602.077637,1608.997527,1589.179226,1590.167831,4880654,4,Infosys,INFY.NS,Stock,IT,https://1drv.ms/i/c/8705623eb284e7df/IQT7BLuLn8NmSrBq_1EWBFM3Ad1wmFhP7KEr_Zxm8MK0ETI?width=600&height=600
19-02-2024,1600.288818,1611.351265,1588.94388,1605.231614,3690993,4,Infosys,INFY.NS,Stock,IT,https://1drv.ms/i/c/8705623eb284e7df/IQT7BLuLn8NmSrBq_1EWBFM3Ad1wmFhP7KEr_Zxm8MK0ETI?width=600&height=600
20-02-2024,1586.637451,1595.110815,1571.10295,1586.40208,3706389,4,Infosys,INFY.NS,Stock,IT,https://1drv.ms/i/c/8705623eb284e7df/IQT7BLuLn8NmSrBq_1EWBFM3Ad1wmFhP7KEr_Zxm8MK0ETI?width=600&height=600
21-02-2024,1558.675415,1576.045766,1549.025195,1576.045766,4300508,4,Infosys,INFY.NS,Stock,IT,https://1drv.ms/i/c/8705623eb284e7df/IQT7BLuLn8NmSrBq_1EWBFM3Ad1wmFhP7KEr_Zxm8MK0ETI?width=600&height=600
22-02-2024,1582.965454,1586.02528,1548.177637,1567.572201,5841277,4,Infosys,INFY.NS,Stock,IT,https://1drv.ms/i/c/8705623eb284e7df/IQT7BLuLn8NmSrBq_1EWBFM3Ad1wmFhP7KEr_Zxm8MK0ETI?width=600&height=600
23-02-2024,1578.728882,1599.064932,1574.068578,1597.699825,5373072,4,Infosys,INFY.NS,Stock,IT,https://1drv.ms/i/c/8705623eb284e7df/IQT7BLuLn8NmSrBq_1EWBFM3Ad1wmFhP7KEr_Zxm8MK0ETI?width=600&height=600
26-02-2024,1563.006104,1576.94001,1548.742585,1576.94001,2782438,4,Infosys,INFY.NS,Stock,IT,https://1drv.ms/i/c/8705623eb284e7df/IQT7BLuLn8NmSrBq_1EWBFM3Ad1wmFhP7KEr_Zxm8MK0ETI?width=600&height=600
27-02-2024,1566.25415,1573.315287,1556.086183,1563.806313,5159088,4,Infosys,INFY.NS,Stock,IT,https://1drv.ms/i/c/8705623eb284e7df/IQT7BLuLn8NmSrBq_1EWBFM3Ad1wmFhP7KEr_Zxm8MK0ETI?width=600&height=600
28-02-2024,1573.456543,1589.038163,1564.794928,1572.279687,3188916,4,Infosys,INFY.NS,Stock,IT,https://1drv.ms/i/c/8705623eb284e7df/IQT7BLuLn8NmSrBq_1EWBFM3Ad1wmFhP7KEr_Zxm8MK0ETI?width=600&height=600
29-02-2024,1575.951416,1583.812791,1556.556852,1567.572178,7814722,4,Infosys,INFY.NS,Stock,IT,https://1drv.ms/i/c/8705623eb284e7df/IQT7BLuLn8NmSrBq_1EWBFM3Ad1wmFhP7KEr_Zxm8MK0ETI?width=600&height=600
01-03-2024,1557.874878,1574.115491,1554.39143,1571.338157,6387291,4,Infosys,INFY.NS,Stock,IT,https://1drv.ms/i/c/8705623eb284e7df/IQT7BLuLn8NmSrBq_1EWBFM3Ad1wmFhP7KEr_Zxm8MK0ETI?width=600&height=600
04-03-2024,1541.398926,1567.054388,1538.056724,1560.840611,4445156,4,Infosys,INFY.NS,Stock,IT,https://1drv.ms/i/c/8705623eb284e7df/IQT7BLuLn8NmSrBq_1EWBFM3Ad1wmFhP7KEr_Zxm8MK0ETI?width=600&height=600
05-03-2024,1512.495361,1541.540145,1508.25868,1538.386194,4596579,4,Infosys,INFY.NS,Stock,IT,https://1drv.ms/i/c/8705623eb284e7df/IQT7BLuLn8NmSrBq_1EWBFM3Ad1wmFhP7KEr_Zxm8MK0ETI?width=600&height=600
06-03-2024,1522.898804,1525.346641,1483.780064,1509.011903,6420684,4,Infosys,INFY.NS,Stock,IT,https://1drv.ms/i/c/8705623eb284e7df/IQT7BLuLn8NmSrBq_1EWBFM3Ad1wmFhP7KEr_Zxm8MK0ETI?width=600&height=600
07-03-2024,1521.863159,1533.160978,1510.32997,1522.004405,6348359,4,Infosys,INFY.NS,Stock,IT,https://1drv.ms/i/c/8705623eb284e7df/IQT7BLuLn8NmSrBq_1EWBFM3Ad1wmFhP7KEr_Zxm8MK0ETI?width=600&height=600
11-03-2024,1506.940674,1519.368343,1495.077987,1514.048931,6752895,4,Infosys,INFY.NS,Stock,IT,https://1drv.ms/i/c/8705623eb284e7df/IQT7BLuLn8NmSrBq_1EWBFM3Ad1wmFhP7KEr_Zxm8MK0ETI?width=600&height=600
12-03-2024,1518.567871,1529.912809,1504.163223,1506.375689,4614222,4,Infosys,INFY.NS,Stock,IT,https://1drv.ms/i/c/8705623eb284e7df/IQT7BLuLn8NmSrBq_1EWBFM3Ad1wmFhP7KEr_Zxm8MK0ETI?width=600&height=600
13-03-2024,1517.108521,1529.441948,1505.010465,1518.520748,5688997,4,Infosys,INFY.NS,Stock,IT,https://1drv.ms/i/c/8705623eb284e7df/IQT7BLuLn8NmSrBq_1EWBFM3Ad1wmFhP7KEr_Zxm8MK0ETI?width=600&height=600
14-03-2024,1556.556885,1560.746446,1513.907577,1519.933103,8803799,4,Infosys,INFY.NS,Stock,IT,https://1drv.ms/i/c/8705623eb284e7df/IQT7BLuLn8NmSrBq_1EWBFM3Ad1wmFhP7KEr_Zxm8MK0ETI?width=600&height=600
15-03-2024,1538.386108,1549.495675,1523.651849,1545.070627,11809997,4,Infosys,INFY.NS,Stock,IT,https://1drv.ms/i/c/8705623eb284e7df/IQT7BLuLn8NmSrBq_1EWBFM3Ad1wmFhP7KEr_Zxm8MK0ETI?width=600&height=600
18-03-2024,1508.870728,1537.115273,1505.293039,1534.620315,4958904,4,Infosys,INFY.NS,Stock,IT,https://1drv.ms/i/c/8705623eb284e7df/IQT7BLuLn8NmSrBq_1EWBFM3Ad1wmFhP7KEr_Zxm8MK0ETI?width=600&height=600
19-03-2024,1470.081421,1505.434222,1466.833344,1499.173325,6870411,4,Infosys,INFY.NS,Stock,IT,https://1drv.ms/i/c/8705623eb284e7df/IQT7BLuLn8NmSrBq_1EWBFM3Ad1wmFhP7KEr_Zxm8MK0ETI?width=600&height=600
20-03-2024,1463.961914,1482.791612,1461.514076,1471.540914,4759059,4,Infosys,INFY.NS,Stock,IT,https://1drv.ms/i/c/8705623eb284e7df/IQT7BLuLn8NmSrBq_1EWBFM3Ad1wmFhP7KEr_Zxm8MK0ETI?width=600&height=600
21-03-2024,1463.72644,1484.674478,1453.087731,1472.482295,11062497,4,Infosys,INFY.NS,Stock,IT,https://1drv.ms/i/c/8705623eb284e7df/IQT7BLuLn8NmSrBq_1EWBFM3Ad1wmFhP7KEr_Zxm8MK0ETI?width=600&height=600
22-03-2024,1420.559326,1439.436142,1410.53249,1431.99839,14673890,4,Infosys,INFY.NS,Stock,IT,https://1drv.ms/i/c/8705623eb284e7df/IQT7BLuLn8NmSrBq_1EWBFM3Ad1wmFhP7KEr_Zxm8MK0ETI?width=600&height=600
26-03-2024,1405.307373,1419.24128,1400.83532,1404.695385,8351081,4,Infosys,INFY.NS,Stock,IT,https://1drv.ms/i/c/8705623eb284e7df/IQT7BLuLn8NmSrBq_1EWBFM3Ad1wmFhP7KEr_Zxm8MK0ETI?width=600&height=600
27-03-2024,1397.022217,1411.285735,1394.856871,1408.46128,6857402,4,Infosys,INFY.NS,Stock,IT,https://1drv.ms/i/c/8705623eb284e7df/IQT7BLuLn8NmSrBq_1EWBFM3Ad1wmFhP7KEr_Zxm8MK0ETI?width=600&height=600
28-03-2024,1410.391479,1423.336897,1400.129271,1400.129271,12499530,4,Infosys,INFY.NS,Stock,IT,https://1drv.ms/i/c/8705623eb284e7df/IQT7BLuLn8NmSrBq_1EWBFM3Ad1wmFhP7KEr_Zxm8MK0ETI?width=600&height=600
01-04-2024,1407.943481,1440.424709,1405.448639,1435.764405,6580002,4,Infosys,INFY.NS,Stock,IT,https://1drv.ms/i/c/8705623eb284e7df/IQT7BLuLn8NmSrBq_1EWBFM3Ad1wmFhP7KEr_Zxm8MK0ETI?width=600&height=600
02-04-2024,1396.080811,1405.778151,1394.197841,1397.96378,7279400,4,Infosys,INFY.NS,Stock,IT,https://1drv.ms/i/c/8705623eb284e7df/IQT7BLuLn8NmSrBq_1EWBFM3Ad1wmFhP7KEr_Zxm8MK0ETI?width=600&height=600
03-04-2024,1394.009521,1407.613931,1388.690109,1392.456049,8736248,4,Infosys,INFY.NS,Stock,IT,https://1drv.ms/i/c/8705623eb284e7df/IQT7BLuLn8NmSrBq_1EWBFM3Ad1wmFhP7KEr_Zxm8MK0ETI?width=600&height=600
04-04-2024,1399.705444,1408.131802,1382.099724,1403.330253,11186915,4,Infosys,INFY.NS,Stock,IT,https://1drv.ms/i/c/8705623eb284e7df/IQT7BLuLn8NmSrBq_1EWBFM3Ad1wmFhP7KEr_Zxm8MK0ETI?width=600&height=600
05-04-2024,1392.550293,1399.705555,1389.678833,1393.444773,5072482,4,Infosys,INFY.NS,Stock,IT,https://1drv.ms/i/c/8705623eb284e7df/IQT7BLuLn8NmSrBq_1EWBFM3Ad1wmFhP7KEr_Zxm8MK0ETI?width=600&height=600
08-04-2024,1390.290649,1403.706809,1387.842812,1396.22205,6610887,4,Infosys,INFY.NS,Stock,IT,https://1drv.ms/i/c/8705623eb284e7df/IQT7BLuLn8NmSrBq_1EWBFM3Ad1wmFhP7KEr_Zxm8MK0ETI?width=600&height=600
09-04-2024,1407.378662,1425.21987,1400.27052,1402.812483,9423230,4,Infosys,INFY.NS,Stock,IT,https://1drv.ms/i/c/8705623eb284e7df/IQT7BLuLn8NmSrBq_1EWBFM3Ad1wmFhP7KEr_Zxm8MK0ETI?width=600&height=600
10-04-2024,1418.629517,1421.500977,1397.681477,1412.55687,6744595,4,Infosys,INFY.NS,Stock,IT,https://1drv.ms/i/c/8705623eb284e7df/IQT7BLuLn8NmSrBq_1EWBFM3Ad1wmFhP7KEr_Zxm8MK0ETI?width=600&height=600
12-04-2024,1397.869629,1418.629416,1392.926833,1415.993212,12275616,4,Infosys,INFY.NS,Stock,IT,https://1drv.ms/i/c/8705623eb284e7df/IQT7BLuLn8NmSrBq_1EWBFM3Ad1wmFhP7KEr_Zxm8MK0ETI?width=600&height=600
15-04-2024,1382.240967,1404.648237,1375.556448,1393.397539,8531224,4,Infosys,INFY.NS,Stock,IT,https://1drv.ms/i/c/8705623eb284e7df/IQT7BLuLn8NmSrBq_1EWBFM3Ad1wmFhP7KEr_Zxm8MK0ETI?width=600&height=600
16-04-2024,1331.683228,1370.001731,1330.365241,1366.094545,16173541,4,Infosys,INFY.NS,Stock,IT,https://1drv.ms/i/c/8705623eb284e7df/IQT7BLuLn8NmSrBq_1EWBFM3Ad1wmFhP7KEr_Zxm8MK0ETI?width=600&height=600
18-04-2024,1336.202515,1360.163261,1325.140066,1337.944239,22107945,4,Infosys,INFY.NS,Stock,IT,https://1drv.ms/i/c/8705623eb284e7df/IQT7BLuLn8NmSrBq_1EWBFM3Ad1wmFhP7KEr_Zxm8MK0ETI?width=600&height=600
19-04-2024,1328.67041,1343.35755,1298.072154,1303.956434,20603621,4,Infosys,INFY.NS,Stock,IT,https://1drv.ms/i/c/8705623eb284e7df/IQT7BLuLn8NmSrBq_1EWBFM3Ad1wmFhP7KEr_Zxm8MK0ETI?width=600&height=600
22-04-2024,1348.912476,1352.772541,1330.365269,1336.814418,5859087,4,Infosys,INFY.NS,Stock,IT,https://1drv.ms/i/c/8705623eb284e7df/IQT7BLuLn8NmSrBq_1EWBFM3Ad1wmFhP7KEr_Zxm8MK0ETI?width=600&height=600
23-04-2024,1357.997925,1362.187487,1349.147943,1358.562793,4856174,4,Infosys,INFY.NS,Stock,IT,https://1drv.ms/i/c/8705623eb284e7df/IQT7BLuLn8NmSrBq_1EWBFM3Ad1wmFhP7KEr_Zxm8MK0ETI?width=600&height=600
24-04-2024,1347.029419,1359.786584,1343.545971,1359.786584,4268213,4,Infosys,INFY.NS,Stock,IT,https://1drv.ms/i/c/8705623eb284e7df/IQT7BLuLn8NmSrBq_1EWBFM3Ad1wmFhP7KEr_Zxm8MK0ETI?width=600&height=600
25-04-2024,1354.278809,1360.351455,1336.908459,1336.908459,9089398,4,Infosys,INFY.NS,Stock,IT,https://1drv.ms/i/c/8705623eb284e7df/IQT7BLuLn8NmSrBq_1EWBFM3Ad1wmFhP7KEr_Zxm8MK0ETI?width=600&height=600
26-04-2024,1346.558716,1360.822234,1343.49889,1355.455702,8062444,4,Infosys,INFY.NS,Stock,IT,https://1drv.ms/i/c/8705623eb284e7df/IQT7BLuLn8NmSrBq_1EWBFM3Ad1wmFhP7KEr_Zxm8MK0ETI?width=600&height=600
29-04-2024,1350.79541,1355.549955,1344.675759,1346.276237,5055957,4,Infosys,INFY.NS,Stock,IT,https://1drv.ms/i/c/8705623eb284e7df/IQT7BLuLn8NmSrBq_1EWBFM3Ad1wmFhP7KEr_Zxm8MK0ETI?width=600&height=600
30-04-2024,1337.426392,1352.49015,1334.601937,1350.748311,6936588,4,Infosys,INFY.NS,Stock,IT,https://1drv.ms/i/c/8705623eb284e7df/IQT7BLuLn8NmSrBq_1EWBFM3Ad1wmFhP7KEr_Zxm8MK0ETI?width=600&height=600
02-05-2024,1331.683228,1340.674454,1329.23539,1330.31812,10076354,4,Infosys,INFY.NS,Stock,IT,https://1drv.ms/i/c/8705623eb284e7df/IQT7BLuLn8NmSrBq_1EWBFM3Ad1wmFhP7KEr_Zxm8MK0ETI?width=600&height=600
03-05-2024,1333.425049,1341.42767,1321.091505,1338.885592,8842345,4,Infosys,INFY.NS,Stock,IT,https://1drv.ms/i/c/8705623eb284e7df/IQT7BLuLn8NmSrBq_1EWBFM3Ad1wmFhP7KEr_Zxm8MK0ETI?width=600&height=600
06-05-2024,1342.463257,1361.104588,1334.178144,1336.908473,6445422,4,Infosys,INFY.NS,Stock,IT,https://1drv.ms/i/c/8705623eb284e7df/IQT7BLuLn8NmSrBq_1EWBFM3Ad1wmFhP7KEr_Zxm8MK0ETI?width=600&height=600
07-05-2024,1356.632568,1358.892155,1332.76595,1341.568811,6080661,4,Infosys,INFY.NS,Stock,IT,https://1drv.ms/i/c/8705623eb284e7df/IQT7BLuLn8NmSrBq_1EWBFM3Ad1wmFhP7KEr_Zxm8MK0ETI?width=600&height=600
08-05-2024,1343.78125,1355.502689,1342.180657,1351.266008,6234983,4,Infosys,INFY.NS,Stock,IT,https://1drv.ms/i/c/8705623eb284e7df/IQT7BLuLn8NmSrBq_1EWBFM3Ad1wmFhP7KEr_Zxm8MK0ETI?width=600&height=600
09-05-2024,1355.314453,1365.105803,1341.474558,1344.016636,6088406,4,Infosys,INFY.NS,Stock,IT,https://1drv.ms/i/c/8705623eb284e7df/IQT7BLuLn8NmSrBq_1EWBFM3Ad1wmFhP7KEr_Zxm8MK0ETI?width=600&height=600
10-05-2024,1341.521729,1351.925067,1330.318036,1351.077822,8777481,4,Infosys,INFY.NS,Stock,IT,https://1drv.ms/i/c/8705623eb284e7df/IQT7BLuLn8NmSrBq_1EWBFM3Ad1wmFhP7KEr_Zxm8MK0ETI?width=600&height=600
13-05-2024,1340.156616,1341.615964,1328.623426,1341.615964,3735954,4,Infosys,INFY.NS,Stock,IT,https://1drv.ms/i/c/8705623eb284e7df/IQT7BLuLn8NmSrBq_1EWBFM3Ad1wmFhP7KEr_Zxm8MK0ETI?width=600&height=600
14-05-2024,1341.333374,1349.853858,1335.072592,1342.933967,3463230,4,Infosys,INFY.NS,Stock,IT,https://1drv.ms/i/c/8705623eb284e7df/IQT7BLuLn8NmSrBq_1EWBFM3Ad1wmFhP7KEr_Zxm8MK0ETI?width=600&height=600
15-05-2024,1336.861328,1348.018015,1335.543341,1342.557357,4327544,4,Infosys,INFY.NS,Stock,IT,https://1drv.ms/i/c/8705623eb284e7df/IQT7BLuLn8NmSrBq_1EWBFM3Ad1wmFhP7KEr_Zxm8MK0ETI?width=600&height=600
16-05-2024,1368.307007,1370.566593,1343.498904,1350.042177,9249145,4,Infosys,INFY.NS,Stock,IT,https://1drv.ms/i/c/8705623eb284e7df/IQT7BLuLn8NmSrBq_1EWBFM3Ad1wmFhP7KEr_Zxm8MK0ETI?width=600&height=600
17-05-2024,1359.786621,1371.743433,1355.032077,1371.743433,7542860,4,Infosys,INFY.NS,Stock,IT,https://1drv.ms/i/c/8705623eb284e7df/IQT7BLuLn8NmSrBq_1EWBFM3Ad1wmFhP7KEr_Zxm8MK0ETI?width=600&height=600
21-05-2024,1350.230469,1360.163065,1344.816931,1346.323284,6752663,4,Infosys,INFY.NS,Stock,IT,https://1drv.ms/i/c/8705623eb284e7df/IQT7BLuLn8NmSrBq_1EWBFM3Ad1wmFhP7KEr_Zxm8MK0ETI?width=600&height=600
22-05-2024,1369.672241,1374.520796,1344.440401,1345.146514,7173285,4,Infosys,INFY.NS,Stock,IT,https://1drv.ms/i/c/8705623eb284e7df/IQT7BLuLn8NmSrBq_1EWBFM3Ad1wmFhP7KEr_Zxm8MK0ETI?width=600&height=600
23-05-2024,1386.24231,1391.655847,1365.153026,1369.577959,8641428,4,Infosys,INFY.NS,Stock,IT,https://1drv.ms/i/c/8705623eb284e7df/IQT7BLuLn8NmSrBq_1EWBFM3Ad1wmFhP7KEr_Zxm8MK0ETI?width=600&height=600
24-05-2024,1379.369385,1389.16085,1374.567835,1382.335085,5277938,4,Infosys,INFY.NS,Stock,IT,https://1drv.ms/i/c/8705623eb284e7df/IQT7BLuLn8NmSrBq_1EWBFM3Ad1wmFhP7KEr_Zxm8MK0ETI?width=600&height=600
27-05-2024,1385.253784,1393.021035,1374.803325,1385.724527,5821844,4,Infosys,INFY.NS,Stock,IT,https://1drv.ms/i/c/8705623eb284e7df/IQT7BLuLn8NmSrBq_1EWBFM3Ad1wmFhP7KEr_Zxm8MK0ETI?width=600&height=600
28-05-2024,1381.205444,1389.631688,1374.850421,1389.160946,6186922,4,Infosys,INFY.NS,Stock,IT,https://1drv.ms/i/c/8705623eb284e7df/IQT7BLuLn8NmSrBq_1EWBFM3Ad1wmFhP7KEr_Zxm8MK0ETI?width=600&height=600
29-05-2024,1366.047363,1379.746013,1365.152999,1379.651888,7401634,4,Infosys,INFY.NS,Stock,IT,https://1drv.ms/i/c/8705623eb284e7df/IQT7BLuLn8NmSrBq_1EWBFM3Ad1wmFhP7KEr_Zxm8MK0ETI?width=600&height=600
30-05-2024,1343.922485,1365.011769,1338.367817,1358.37437,9663150,4,Infosys,INFY.NS,Stock,IT,https://1drv.ms/i/c/8705623eb284e7df/IQT7BLuLn8NmSrBq_1EWBFM3Ad1wmFhP7KEr_Zxm8MK0ETI?width=600&height=600
31-05-2024,1351.077026,1379.742614,1344.450781,1353.861984,37113815,4,Infosys,INFY.NS,Stock,IT,https://1drv.ms/i/c/8705623eb284e7df/IQT7BLuLn8NmSrBq_1EWBFM3Ad1wmFhP7KEr_Zxm8MK0ETI?width=600&height=600
03-06-2024,1350.116699,1382.863655,1348.292064,1382.863655,10589244,4,Infosys,INFY.NS,Stock,IT,https://1drv.ms/i/c/8705623eb284e7df/IQT7BLuLn8NmSrBq_1EWBFM3Ad1wmFhP7KEr_Zxm8MK0ETI?width=600&height=600
04-06-2024,1338.352661,1358.855511,1304.453251,1353.093579,13736134,4,Infosys,INFY.NS,Stock,IT,https://1drv.ms/i/c/8705623eb284e7df/IQT7BLuLn8NmSrBq_1EWBFM3Ad1wmFhP7KEr_Zxm8MK0ETI?width=600&height=600
05-06-2024,1373.356323,1380.94289,1344.594729,1344.594729,9233424,4,Infosys,INFY.NS,Stock,IT,https://1drv.ms/i/c/8705623eb284e7df/IQT7BLuLn8NmSrBq_1EWBFM3Ad1wmFhP7KEr_Zxm8MK0ETI?width=600&height=600
06-06-2024,1413.833984,1415.802691,1380.462797,1387.617148,12660930,4,Infosys,INFY.NS,Stock,IT,https://1drv.ms/i/c/8705623eb284e7df/IQT7BLuLn8NmSrBq_1EWBFM3Ad1wmFhP7KEr_Zxm8MK0ETI?width=600&height=600
07-06-2024,1472.749756,1478.607696,1418.635636,1422.236843,24075302,4,Infosys,INFY.NS,Stock,IT,https://1drv.ms/i/c/8705623eb284e7df/IQT7BLuLn8NmSrBq_1EWBFM3Ad1wmFhP7KEr_Zxm8MK0ETI?width=600&height=600
10-06-2024,1440.242798,1469.100518,1437.890056,1464.77907,6810606,4,Infosys,INFY.NS,Stock,IT,https://1drv.ms/i/c/8705623eb284e7df/IQT7BLuLn8NmSrBq_1EWBFM3Ad1wmFhP7KEr_Zxm8MK0ETI?width=600&height=600
11-06-2024,1436.401489,1446.676887,1434.672863,1440.53092,4853054,4,Infosys,INFY.NS,Stock,IT,https://1drv.ms/i/c/8705623eb284e7df/IQT7BLuLn8NmSrBq_1EWBFM3Ad1wmFhP7KEr_Zxm8MK0ETI?width=600&height=600
12-06-2024,1426.270142,1448.885771,1423.9174,1447.205207,9564320,4,Infosys,INFY.NS,Stock,IT,https://1drv.ms/i/c/8705623eb284e7df/IQT7BLuLn8NmSrBq_1EWBFM3Ad1wmFhP7KEr_Zxm8MK0ETI?width=600&height=600
13-06-2024,1434.672974,1445.284578,1430.255516,1435.681359,7307565,4,Infosys,INFY.NS,Stock,IT,https://1drv.ms/i/c/8705623eb284e7df/IQT7BLuLn8NmSrBq_1EWBFM3Ad1wmFhP7KEr_Zxm8MK0ETI?width=600&height=600
14-06-2024,1429.823364,1444.036059,1427.08647,1444.036059,4237727,4,Infosys,INFY.NS,Stock,IT,https://1drv.ms/i/c/8705623eb284e7df/IQT7BLuLn8NmSrBq_1EWBFM3Ad1wmFhP7KEr_Zxm8MK0ETI?width=600&height=600
18-06-2024,1438.754272,1447.205152,1436.065441,1437.601933,5420939,4,Infosys,INFY.NS,Stock,IT,https://1drv.ms/i/c/8705623eb284e7df/IQT7BLuLn8NmSrBq_1EWBFM3Ad1wmFhP7KEr_Zxm8MK0ETI?width=600&height=600
19-06-2024,1451.382568,1455.512,1437.313828,1445.284547,5493456,4,Infosys,INFY.NS,Stock,IT,https://1drv.ms/i/c/8705623eb284e7df/IQT7BLuLn8NmSrBq_1EWBFM3Ad1wmFhP7KEr_Zxm8MK0ETI?width=600&height=600
20-06-2024,1455.271851,1457.288503,1439.618557,1456.136164,7927010,4,Infosys,INFY.NS,Stock,IT,https://1drv.ms/i/c/8705623eb284e7df/IQT7BLuLn8NmSrBq_1EWBFM3Ad1wmFhP7KEr_Zxm8MK0ETI?width=600&height=600
21-06-2024,1471.885498,1495.941611,1463.2426,1483.697506,17301941,4,Infosys,INFY.NS,Stock,IT,https://1drv.ms/i/c/8705623eb284e7df/IQT7BLuLn8NmSrBq_1EWBFM3Ad1wmFhP7KEr_Zxm8MK0ETI?width=600&height=600
24-06-2024,1466.555664,1468.428245,1455.271881,1464.05885,5564989,4,Infosys,INFY.NS,Stock,IT,https://1drv.ms/i/c/8705623eb284e7df/IQT7BLuLn8NmSrBq_1EWBFM3Ad1wmFhP7KEr_Zxm8MK0ETI?width=600&height=600
25-06-2024,1480.768433,1482.641131,1460.025501,1465.451344,4551525,4,Infosys,INFY.NS,Stock,IT,https://1drv.ms/i/c/8705623eb284e7df/IQT7BLuLn8NmSrBq_1EWBFM3Ad1wmFhP7KEr_Zxm8MK0ETI?width=600&height=600
26-06-2024,1479.567993,1487.394641,1474.094205,1479.856137,4851004,4,Infosys,INFY.NS,Stock,IT,https://1drv.ms/i/c/8705623eb284e7df/IQT7BLuLn8NmSrBq_1EWBFM3Ad1wmFhP7KEr_Zxm8MK0ETI?width=600&height=600
27-06-2024,1510.922485,1515.772158,1471.26126,1477.407227,14757754,4,Infosys,INFY.NS,Stock,IT,https://1drv.ms/i/c/8705623eb284e7df/IQT7BLuLn8NmSrBq_1EWBFM3Ad1wmFhP7KEr_Zxm8MK0ETI?width=600&height=600
28-06-2024,1504.584351,1525.471352,1502.183546,1510.154265,8197544,4,Infosys,INFY.NS,Stock,IT,https://1drv.ms/i/c/8705623eb284e7df/IQT7BLuLn8NmSrBq_1EWBFM3Ad1wmFhP7KEr_Zxm8MK0ETI?width=600&height=600
01-07-2024,1527.680176,1536.419082,1497.622052,1497.622052,6801771,4,Infosys,INFY.NS,Stock,IT,https://1drv.ms/i/c/8705623eb284e7df/IQT7BLuLn8NmSrBq_1EWBFM3Ad1wmFhP7KEr_Zxm8MK0ETI?width=600&height=600
02-07-2024,1556.730103,1568.974209,1523.550929,1532.866006,10493173,4,Infosys,INFY.NS,Stock,IT,https://1drv.ms/i/c/8705623eb284e7df/IQT7BLuLn8NmSrBq_1EWBFM3Ad1wmFhP7KEr_Zxm8MK0ETI?width=600&height=600
03-07-2024,1562.828003,1571.086748,1542.277089,1560.523207,7269965,4,Infosys,INFY.NS,Stock,IT,https://1drv.ms/i/c/8705623eb284e7df/IQT7BLuLn8NmSrBq_1EWBFM3Ad1wmFhP7KEr_Zxm8MK0ETI?width=600&height=600
04-07-2024,1585.155518,1594.134505,1563.404201,1563.596219,8008311,4,Infosys,INFY.NS,Stock,IT,https://1drv.ms/i/c/8705623eb284e7df/IQT7BLuLn8NmSrBq_1EWBFM3Ad1wmFhP7KEr_Zxm8MK0ETI?width=600&height=600
05-07-2024,1582.082397,1599.752345,1568.541881,1585.923685,7065022,4,Infosys,INFY.NS,Stock,IT,https://1drv.ms/i/c/8705623eb284e7df/IQT7BLuLn8NmSrBq_1EWBFM3Ad1wmFhP7KEr_Zxm8MK0ETI?width=600&height=600
08-07-2024,1595.718994,1599.896371,1574.928,1577.904975,5880533,4,Infosys,INFY.NS,Stock,IT,https://1drv.ms/i/c/8705623eb284e7df/IQT7BLuLn8NmSrBq_1EWBFM3Ad1wmFhP7KEr_Zxm8MK0ETI?width=600&height=600
09-07-2024,1591.397583,1600.616651,1585.491579,1594.038468,5191182,4,Infosys,INFY.NS,Stock,IT,https://1drv.ms/i/c/8705623eb284e7df/IQT7BLuLn8NmSrBq_1EWBFM3Ad1wmFhP7KEr_Zxm8MK0ETI?width=600&height=600
10-07-2024,1582.850708,1607.578999,1572.57531,1591.253525,9852770,4,Infosys,INFY.NS,Stock,IT,https://1drv.ms/i/c/8705623eb284e7df/IQT7BLuLn8NmSrBq_1EWBFM3Ad1wmFhP7KEr_Zxm8MK0ETI?width=600&height=600
11-07-2024,1587.124146,1598.936153,1576.89681,1590.293255,8857679,4,Infosys,INFY.NS,Stock,IT,https://1drv.ms/i/c/8705623eb284e7df/IQT7BLuLn8NmSrBq_1EWBFM3Ad1wmFhP7KEr_Zxm8MK0ETI?width=600&height=600
12-07-2024,1643.831177,1651.513753,1600.520678,1613.340953,17078316,4,Infosys,INFY.NS,Stock,IT,https://1drv.ms/i/c/8705623eb284e7df/IQT7BLuLn8NmSrBq_1EWBFM3Ad1wmFhP7KEr_Zxm8MK0ETI?width=600&height=600
15-07-2024,1639.317627,1659.436325,1635.092187,1657.707698,6942230,4,Infosys,INFY.NS,Stock,IT,https://1drv.ms/i/c/8705623eb284e7df/IQT7BLuLn8NmSrBq_1EWBFM3Ad1wmFhP7KEr_Zxm8MK0ETI?width=600&height=600
16-07-2024,1657.563721,1668.943512,1632.547287,1650.409252,6886281,4,Infosys,INFY.NS,Stock,IT,https://1drv.ms/i/c/8705623eb284e7df/IQT7BLuLn8NmSrBq_1EWBFM3Ad1wmFhP7KEr_Zxm8MK0ETI?width=600&height=600
18-07-2024,1688.294067,1695.35241,1650.793448,1650.793448,11248896,4,Infosys,INFY.NS,Stock,IT,https://1drv.ms/i/c/8705623eb284e7df/IQT7BLuLn8NmSrBq_1EWBFM3Ad1wmFhP7KEr_Zxm8MK0ETI?width=600&height=600
19-07-2024,1721.809204,1770.833687,1715.567111,1770.833687,29819116,4,Infosys,INFY.NS,Stock,IT,https://1drv.ms/i/c/8705623eb284e7df/IQT7BLuLn8NmSrBq_1EWBFM3Ad1wmFhP7KEr_Zxm8MK0ETI?width=600&height=600
22-07-2024,1738.998901,1750.666836,1721.809116,1728.723504,8462126,4,Infosys,INFY.NS,Stock,IT,https://1drv.ms/i/c/8705623eb284e7df/IQT7BLuLn8NmSrBq_1EWBFM3Ad1wmFhP7KEr_Zxm8MK0ETI?width=600&height=600
23-07-2024,1764.015503,1766.944415,1712.494204,1738.182818,7113056,4,Infosys,INFY.NS,Stock,IT,https://1drv.ms/i/c/8705623eb284e7df/IQT7BLuLn8NmSrBq_1EWBFM3Ad1wmFhP7KEr_Zxm8MK0ETI?width=600&height=600
24-07-2024,1761.182373,1769.249101,1747.401777,1764.591563,6002845,4,Infosys,INFY.NS,Stock,IT,https://1drv.ms/i/c/8705623eb284e7df/IQT7BLuLn8NmSrBq_1EWBFM3Ad1wmFhP7KEr_Zxm8MK0ETI?width=600&height=600
25-07-2024,1752.443481,1758.253476,1740.103368,1747.785943,5815599,4,Infosys,INFY.NS,Stock,IT,https://1drv.ms/i/c/8705623eb284e7df/IQT7BLuLn8NmSrBq_1EWBFM3Ad1wmFhP7KEr_Zxm8MK0ETI?width=600&height=600
26-07-2024,1804.348999,1808.286296,1752.92371,1752.92371,11369047,4,Infosys,INFY.NS,Stock,IT,https://1drv.ms/i/c/8705623eb284e7df/IQT7BLuLn8NmSrBq_1EWBFM3Ad1wmFhP7KEr_Zxm8MK0ETI?width=600&height=600
29-07-2024,1796.858398,1827.492692,1790.040136,1818.465643,4635931,4,Infosys,INFY.NS,Stock,IT,https://1drv.ms/i/c/8705623eb284e7df/IQT7BLuLn8NmSrBq_1EWBFM3Ad1wmFhP7KEr_Zxm8MK0ETI?width=600&height=600
30-07-2024,1802.668335,1805.357166,1786.19879,1796.85834,2721265,4,Infosys,INFY.NS,Stock,IT,https://1drv.ms/i/c/8705623eb284e7df/IQT7BLuLn8NmSrBq_1EWBFM3Ad1wmFhP7KEr_Zxm8MK0ETI?width=600&height=600
31-07-2024,1794.12146,1810.350924,1791.048477,1802.524277,5004209,4,Infosys,INFY.NS,Stock,IT,https://1drv.ms/i/c/8705623eb284e7df/IQT7BLuLn8NmSrBq_1EWBFM3Ad1wmFhP7KEr_Zxm8MK0ETI?width=600&height=600
01-08-2024,1779.092407,1793.78538,1771.889993,1782.453534,7475014,4,Infosys,INFY.NS,Stock,IT,https://1drv.ms/i/c/8705623eb284e7df/IQT7BLuLn8NmSrBq_1EWBFM3Ad1wmFhP7KEr_Zxm8MK0ETI?width=600&height=600
02-08-2024,1748.938354,1785.718733,1744.088799,1769.873421,7400938,4,Infosys,INFY.NS,Stock,IT,https://1drv.ms/i/c/8705623eb284e7df/IQT7BLuLn8NmSrBq_1EWBFM3Ad1wmFhP7KEr_Zxm8MK0ETI?width=600&height=600
05-08-2024,1682.388062,1726.178719,1650.361348,1714.126632,10736703,4,Infosys,INFY.NS,Stock,IT,https://1drv.ms/i/c/8705623eb284e7df/IQT7BLuLn8NmSrBq_1EWBFM3Ad1wmFhP7KEr_Zxm8MK0ETI?width=600&height=600
06-08-2024,1681.619751,1725.650489,1675.617739,1690.358657,7690163,4,Infosys,INFY.NS,Stock,IT,https://1drv.ms/i/c/8705623eb284e7df/IQT7BLuLn8NmSrBq_1EWBFM3Ad1wmFhP7KEr_Zxm8MK0ETI?width=600&height=600
07-08-2024,1720.560913,1726.562926,1692.183351,1724.73829,5094329,4,Infosys,INFY.NS,Stock,IT,https://1drv.ms/i/c/8705623eb284e7df/IQT7BLuLn8NmSrBq_1EWBFM3Ad1wmFhP7KEr_Zxm8MK0ETI?width=600&height=600
08-08-2024,1673.985352,1709.325132,1658.572136,1709.325132,6227910,4,Infosys,INFY.NS,Stock,IT,https://1drv.ms/i/c/8705623eb284e7df/IQT7BLuLn8NmSrBq_1EWBFM3Ad1wmFhP7KEr_Zxm8MK0ETI?width=600&height=600
09-08-2024,1700.490112,1710.093332,1686.325363,1700.970273,4258524,4,Infosys,INFY.NS,Stock,IT,https://1drv.ms/i/c/8705623eb284e7df/IQT7BLuLn8NmSrBq_1EWBFM3Ad1wmFhP7KEr_Zxm8MK0ETI?width=600&height=600
12-08-2024,1726.082764,1731.940704,1697.945283,1702.698947,4315329,4,Infosys,INFY.NS,Stock,IT,https://1drv.ms/i/c/8705623eb284e7df/IQT7BLuLn8NmSrBq_1EWBFM3Ad1wmFhP7KEr_Zxm8MK0ETI?width=600&height=600
13-08-2024,1726.130615,1738.182702,1718.064005,1738.182702,4176918,4,Infosys,INFY.NS,Stock,IT,https://1drv.ms/i/c/8705623eb284e7df/IQT7BLuLn8NmSrBq_1EWBFM3Ad1wmFhP7KEr_Zxm8MK0ETI?width=600&height=600
14-08-2024,1750.907104,1752.587668,1726.13075,1730.500262,7450718,4,Infosys,INFY.NS,Stock,IT,https://1drv.ms/i/c/8705623eb284e7df/IQT7BLuLn8NmSrBq_1EWBFM3Ad1wmFhP7KEr_Zxm8MK0ETI?width=600&height=600
16-08-2024,1785.19043,1787.975387,1756.908995,1776.595595,7335657,4,Infosys,INFY.NS,Stock,IT,https://1drv.ms/i/c/8705623eb284e7df/IQT7BLuLn8NmSrBq_1EWBFM3Ad1wmFhP7KEr_Zxm8MK0ETI?width=600&height=600
19-08-2024,1790.808472,1793.449357,1775.827355,1786.198879,2585989,4,Infosys,INFY.NS,Stock,IT,https://1drv.ms/i/c/8705623eb284e7df/IQT7BLuLn8NmSrBq_1EWBFM3Ad1wmFhP7KEr_Zxm8MK0ETI?width=600&height=600
20-08-2024,1797.914795,1810.879142,1794.073507,1805.405353,3870333,4,Infosys,INFY.NS,Stock,IT,https://1drv.ms/i/c/8705623eb284e7df/IQT7BLuLn8NmSrBq_1EWBFM3Ad1wmFhP7KEr_Zxm8MK0ETI?width=600&height=600
21-08-2024,1798.394775,1804.44485,1793.016996,1800.699571,1966902,4,Infosys,INFY.NS,Stock,IT,https://1drv.ms/i/c/8705623eb284e7df/IQT7BLuLn8NmSrBq_1EWBFM3Ad1wmFhP7KEr_Zxm8MK0ETI?width=600&height=600
22-08-2024,1805.645386,1818.513724,1795.513942,1809.246593,4300287,4,Infosys,INFY.NS,Stock,IT,https://1drv.ms/i/c/8705623eb284e7df/IQT7BLuLn8NmSrBq_1EWBFM3Ad1wmFhP7KEr_Zxm8MK0ETI?width=600&height=600
23-08-2024,1788.215576,1807.902177,1783.317957,1803.676737,5015935,4,Infosys,INFY.NS,Stock,IT,https://1drv.ms/i/c/8705623eb284e7df/IQT7BLuLn8NmSrBq_1EWBFM3Ad1wmFhP7KEr_Zxm8MK0ETI?width=600&height=600
26-08-2024,1801.70813,1813.808164,1790.040194,1795.802126,3728589,4,Infosys,INFY.NS,Stock,IT,https://1drv.ms/i/c/8705623eb284e7df/IQT7BLuLn8NmSrBq_1EWBFM3Ad1wmFhP7KEr_Zxm8MK0ETI?width=600&height=600
27-08-2024,1824.707642,1827.252518,1799.547254,1801.707979,3830679,4,Infosys,INFY.NS,Stock,IT,https://1drv.ms/i/c/8705623eb284e7df/IQT7BLuLn8NmSrBq_1EWBFM3Ad1wmFhP7KEr_Zxm8MK0ETI?width=600&height=600
28-08-2024,1862.160278,1873.588133,1822.1149,1831.237958,6514531,4,Infosys,INFY.NS,Stock,IT,https://1drv.ms/i/c/8705623eb284e7df/IQT7BLuLn8NmSrBq_1EWBFM3Ad1wmFhP7KEr_Zxm8MK0ETI?width=600&height=600
29-08-2024,1856.638428,1873.107973,1844.682466,1856.302338,7228284,4,Infosys,INFY.NS,Stock,IT,https://1drv.ms/i/c/8705623eb284e7df/IQT7BLuLn8NmSrBq_1EWBFM3Ad1wmFhP7KEr_Zxm8MK0ETI?width=600&height=600
30-08-2024,1866.577759,1872.627834,1851.500751,1861.10397,13466759,4,Infosys,INFY.NS,Stock,IT,https://1drv.ms/i/c/8705623eb284e7df/IQT7BLuLn8NmSrBq_1EWBFM3Ad1wmFhP7KEr_Zxm8MK0ETI?width=600&height=600
02-09-2024,1886.55249,1897.356112,1865.713551,1866.241657,5573739,4,Infosys,INFY.NS,Stock,IT,https://1drv.ms/i/c/8705623eb284e7df/IQT7BLuLn8NmSrBq_1EWBFM3Ad1wmFhP7KEr_Zxm8MK0ETI?width=600&height=600
03-09-2024,1864.225098,1888.953389,1859.615505,1888.953389,4694322,4,Infosys,INFY.NS,Stock,IT,https://1drv.ms/i/c/8705623eb284e7df/IQT7BLuLn8NmSrBq_1EWBFM3Ad1wmFhP7KEr_Zxm8MK0ETI?width=600&height=600
04-09-2024,1846.170898,1850.732428,1824.65978,1844.874487,4778310,4,Infosys,INFY.NS,Stock,IT,https://1drv.ms/i/c/8705623eb284e7df/IQT7BLuLn8NmSrBq_1EWBFM3Ad1wmFhP7KEr_Zxm8MK0ETI?width=600&height=600
05-09-2024,1856.446411,1863.024593,1833.830782,1849.820166,4081810,4,Infosys,INFY.NS,Stock,IT,https://1drv.ms/i/c/8705623eb284e7df/IQT7BLuLn8NmSrBq_1EWBFM3Ad1wmFhP7KEr_Zxm8MK0ETI?width=600&height=600
06-09-2024,1826.388306,1859.663485,1821.586696,1845.738817,5848106,4,Infosys,INFY.NS,Stock,IT,https://1drv.ms/i/c/8705623eb284e7df/IQT7BLuLn8NmSrBq_1EWBFM3Ad1wmFhP7KEr_Zxm8MK0ETI?width=600&height=600
09-09-2024,1819.474121,1844.634511,1814.048278,1815.0086,4772612,4,Infosys,INFY.NS,Stock,IT,https://1drv.ms/i/c/8705623eb284e7df/IQT7BLuLn8NmSrBq_1EWBFM3Ad1wmFhP7KEr_Zxm8MK0ETI?width=600&height=600
10-09-2024,1836.423706,1858.222967,1820.770411,1829.3173,6909600,4,Infosys,INFY.NS,Stock,IT,https://1drv.ms/i/c/8705623eb284e7df/IQT7BLuLn8NmSrBq_1EWBFM3Ad1wmFhP7KEr_Zxm8MK0ETI?width=600&height=600
11-09-2024,1834.359009,1849.580088,1829.413327,1838.728403,5312946,4,Infosys,INFY.NS,Stock,IT,https://1drv.ms/i/c/8705623eb284e7df/IQT7BLuLn8NmSrBq_1EWBFM3Ad1wmFhP7KEr_Zxm8MK0ETI?width=600&height=600
12-09-2024,1873.060059,1878.774045,1834.983384,1848.61991,8555092,4,Infosys,INFY.NS,Stock,IT,https://1drv.ms/i/c/8705623eb284e7df/IQT7BLuLn8NmSrBq_1EWBFM3Ad1wmFhP7KEr_Zxm8MK0ETI?width=600&height=600
13-09-2024,1866.961792,1880.88646,1858.847119,1873.059813,3843127,4,Infosys,INFY.NS,Stock,IT,https://1drv.ms/i/c/8705623eb284e7df/IQT7BLuLn8NmSrBq_1EWBFM3Ad1wmFhP7KEr_Zxm8MK0ETI?width=600&height=600
16-09-2024,1872.86792,1874.548483,1856.350429,1868.546471,1570181,4,Infosys,INFY.NS,Stock,IT,https://1drv.ms/i/c/8705623eb284e7df/IQT7BLuLn8NmSrBq_1EWBFM3Ad1wmFhP7KEr_Zxm8MK0ETI?width=600&height=600
17-09-2024,1875.076782,1880.742588,1865.08941,1870.46719,2793127,4,Infosys,INFY.NS,Stock,IT,https://1drv.ms/i/c/8705623eb284e7df/IQT7BLuLn8NmSrBq_1EWBFM3Ad1wmFhP7KEr_Zxm8MK0ETI?width=600&height=600
18-09-2024,1817.073242,1861.824223,1806.653772,1861.824223,6385468,4,Infosys,INFY.NS,Stock,IT,https://1drv.ms/i/c/8705623eb284e7df/IQT7BLuLn8NmSrBq_1EWBFM3Ad1wmFhP7KEr_Zxm8MK0ETI?width=600&height=600
19-09-2024,1819.041748,1848.523702,1804.252884,1834.791051,7976570,4,Infosys,INFY.NS,Stock,IT,https://1drv.ms/i/c/8705623eb284e7df/IQT7BLuLn8NmSrBq_1EWBFM3Ad1wmFhP7KEr_Zxm8MK0ETI?width=600&height=600
20-09-2024,1830.133545,1839.016523,1793.305222,1829.413303,15242974,4,Infosys,INFY.NS,Stock,IT,https://1drv.ms/i/c/8705623eb284e7df/IQT7BLuLn8NmSrBq_1EWBFM3Ad1wmFhP7KEr_Zxm8MK0ETI?width=600&height=600
23-09-2024,1821.202515,1842.761813,1803.91672,1833.254602,3636672,4,Infosys,INFY.NS,Stock,IT,https://1drv.ms/i/c/8705623eb284e7df/IQT7BLuLn8NmSrBq_1EWBFM3Ad1wmFhP7KEr_Zxm8MK0ETI?width=600&height=600
24-09-2024,1823.267212,1835.079219,1797.146502,1813.087823,7277616,4,Infosys,INFY.NS,Stock,IT,https://1drv.ms/i/c/8705623eb284e7df/IQT7BLuLn8NmSrBq_1EWBFM3Ad1wmFhP7KEr_Zxm8MK0ETI?width=600&height=600
25-09-2024,1820.098389,1826.148347,1802.332431,1811.503436,4268341,4,Infosys,INFY.NS,Stock,IT,https://1drv.ms/i/c/8705623eb284e7df/IQT7BLuLn8NmSrBq_1EWBFM3Ad1wmFhP7KEr_Zxm8MK0ETI?width=600&height=600
26-09-2024,1824.851685,1841.849335,1817.889351,1822.498943,8952803,4,Infosys,INFY.NS,Stock,IT,https://1drv.ms/i/c/8705623eb284e7df/IQT7BLuLn8NmSrBq_1EWBFM3Ad1wmFhP7KEr_Zxm8MK0ETI?width=600&height=600
27-09-2024,1831.093994,1896.251819,1827.78093,1855.438134,14908931,4,Infosys,INFY.NS,Stock,IT,https://1drv.ms/i/c/8705623eb284e7df/IQT7BLuLn8NmSrBq_1EWBFM3Ad1wmFhP7KEr_Zxm8MK0ETI?width=600&height=600
30-09-2024,1801.179932,1825.812215,1796.282313,1805.405372,6986955,4,Infosys,INFY.NS,Stock,IT,https://1drv.ms/i/c/8705623eb284e7df/IQT7BLuLn8NmSrBq_1EWBFM3Ad1wmFhP7KEr_Zxm8MK0ETI?width=600&height=600
01-10-2024,1828.789185,1833.206642,1800.603757,1800.603757,4029072,4,Infosys,INFY.NS,Stock,IT,https://1drv.ms/i/c/8705623eb284e7df/IQT7BLuLn8NmSrBq_1EWBFM3Ad1wmFhP7KEr_Zxm8MK0ETI?width=600&height=600
03-10-2024,1818.27356,1835.991452,1806.365544,1814.528281,7503887,4,Infosys,INFY.NS,Stock,IT,https://1drv.ms/i/c/8705623eb284e7df/IQT7BLuLn8NmSrBq_1EWBFM3Ad1wmFhP7KEr_Zxm8MK0ETI?width=600&height=600
04-10-2024,1842.041626,1876.565154,1811.167251,1814.576441,10001483,4,Infosys,INFY.NS,Stock,IT,https://1drv.ms/i/c/8705623eb284e7df/IQT7BLuLn8NmSrBq_1EWBFM3Ad1wmFhP7KEr_Zxm8MK0ETI?width=600&height=600
07-10-2024,1857.550903,1864.945336,1840.025027,1846.891235,6112575,4,Infosys,INFY.NS,Stock,IT,https://1drv.ms/i/c/8705623eb284e7df/IQT7BLuLn8NmSrBq_1EWBFM3Ad1wmFhP7KEr_Zxm8MK0ETI?width=600&height=600
08-10-2024,1871.235352,1880.262284,1830.709696,1861.0079,5637391,4,Infosys,INFY.NS,Stock,IT,https://1drv.ms/i/c/8705623eb284e7df/IQT7BLuLn8NmSrBq_1EWBFM3Ad1wmFhP7KEr_Zxm8MK0ETI?width=600&height=600
09-10-2024,1875.268677,1898.556484,1867.92219,1875.076659,4857163,4,Infosys,INFY.NS,Stock,IT,https://1drv.ms/i/c/8705623eb284e7df/IQT7BLuLn8NmSrBq_1EWBFM3Ad1wmFhP7KEr_Zxm8MK0ETI?width=600&height=600
10-10-2024,1842.857788,1886.072275,1838.152187,1880.214335,4782119,4,Infosys,INFY.NS,Stock,IT,https://1drv.ms/i/c/8705623eb284e7df/IQT7BLuLn8NmSrBq_1EWBFM3Ad1wmFhP7KEr_Zxm8MK0ETI?width=600&height=600
11-10-2024,1858.31897,1869.746824,1834.310921,1841.897488,4709431,4,Infosys,INFY.NS,Stock,IT,https://1drv.ms/i/c/8705623eb284e7df/IQT7BLuLn8NmSrBq_1EWBFM3Ad1wmFhP7KEr_Zxm8MK0ETI?width=600&height=600
14-10-2024,1881.174683,1891.354072,1854.477686,1855.486071,3751378,4,Infosys,INFY.NS,Stock,IT,https://1drv.ms/i/c/8705623eb284e7df/IQT7BLuLn8NmSrBq_1EWBFM3Ad1wmFhP7KEr_Zxm8MK0ETI?width=600&height=600
15-10-2024,1881.558838,1912.433095,1874.30836,1882.231016,5353705,4,Infosys,INFY.NS,Stock,IT,https://1drv.ms/i/c/8705623eb284e7df/IQT7BLuLn8NmSrBq_1EWBFM3Ad1wmFhP7KEr_Zxm8MK0ETI?width=600&height=600
16-10-2024,1843.914185,1881.798956,1840.312977,1877.429445,3111512,4,Infosys,INFY.NS,Stock,IT,https://1drv.ms/i/c/8705623eb284e7df/IQT7BLuLn8NmSrBq_1EWBFM3Ad1wmFhP7KEr_Zxm8MK0ETI?width=600&height=600
17-10-2024,1890.009644,1899.516854,1853.565472,1858.415027,8162822,4,Infosys,INFY.NS,Stock,IT,https://1drv.ms/i/c/8705623eb284e7df/IQT7BLuLn8NmSrBq_1EWBFM3Ad1wmFhP7KEr_Zxm8MK0ETI?width=600&height=600
18-10-2024,1805.021118,1859.99955,1795.081809,1818.65776,10526196,4,Infosys,INFY.NS,Stock,IT,https://1drv.ms/i/c/8705623eb284e7df/IQT7BLuLn8NmSrBq_1EWBFM3Ad1wmFhP7KEr_Zxm8MK0ETI?width=600&height=600
21-10-2024,1779.236572,1823.459447,1765.071823,1816.064897,4654601,4,Infosys,INFY.NS,Stock,IT,https://1drv.ms/i/c/8705623eb284e7df/IQT7BLuLn8NmSrBq_1EWBFM3Ad1wmFhP7KEr_Zxm8MK0ETI?width=600&height=600
22-10-2024,1778.13208,1803.292585,1773.66656,1784.470181,4125240,4,Infosys,INFY.NS,Stock,IT,https://1drv.ms/i/c/8705623eb284e7df/IQT7BLuLn8NmSrBq_1EWBFM3Ad1wmFhP7KEr_Zxm8MK0ETI?width=600&height=600
23-10-2024,1799.067139,1811.167172,1770.83365,1772.034053,4311910,4,Infosys,INFY.NS,Stock,IT,https://1drv.ms/i/c/8705623eb284e7df/IQT7BLuLn8NmSrBq_1EWBFM3Ad1wmFhP7KEr_Zxm8MK0ETI?width=600&height=600
24-10-2024,1789.415771,1809.246442,1786.198717,1787.543191,2906475,4,Infosys,INFY.NS,Stock,IT,https://1drv.ms/i/c/8705623eb284e7df/IQT7BLuLn8NmSrBq_1EWBFM3Ad1wmFhP7KEr_Zxm8MK0ETI?width=600&height=600
25-10-2024,1788.16748,1801.900014,1773.138419,1789.511837,4689120,4,Infosys,INFY.NS,Stock,IT,https://1drv.ms/i/c/8705623eb284e7df/IQT7BLuLn8NmSrBq_1EWBFM3Ad1wmFhP7KEr_Zxm8MK0ETI?width=600&height=600
28-10-2024,1791.336548,1807.229923,1783.317883,1785.910705,7018940,4,Infosys,INFY.NS,Stock,IT,https://1drv.ms/i/c/8705623eb284e7df/IQT7BLuLn8NmSrBq_1EWBFM3Ad1wmFhP7KEr_Zxm8MK0ETI?width=600&height=600
29-10-2024,1786.431763,1798.378144,1776.427775,1792.939132,4621252,4,Infosys,INFY.NS,Stock,IT,https://1drv.ms/i/c/8705623eb284e7df/IQT7BLuLn8NmSrBq_1EWBFM3Ad1wmFhP7KEr_Zxm8MK0ETI?width=600&height=600
30-10-2024,1750.301025,1786.140408,1744.716301,1779.341614,5919715,4,Infosys,INFY.NS,Stock,IT,https://1drv.ms/i/c/8705623eb284e7df/IQT7BLuLn8NmSrBq_1EWBFM3Ad1wmFhP7KEr_Zxm8MK0ETI?width=600&height=600
31-10-2024,1706.740234,1736.509265,1696.299229,1736.509265,7395236,4,Infosys,INFY.NS,Stock,IT,https://1drv.ms/i/c/8705623eb284e7df/IQT7BLuLn8NmSrBq_1EWBFM3Ad1wmFhP7KEr_Zxm8MK0ETI?width=600&height=600
01-11-2024,1710.236572,1715.238566,1701.689588,1713.781681,371966,4,Infosys,INFY.NS,Stock,IT,https://1drv.ms/i/c/8705623eb284e7df/IQT7BLuLn8NmSrBq_1EWBFM3Ad1wmFhP7KEr_Zxm8MK0ETI?width=600&height=600
04-11-2024,1712.956177,1716.209862,1668.618303,1674.931469,7336722,4,Infosys,INFY.NS,Stock,IT,https://1drv.ms/i/c/8705623eb284e7df/IQT7BLuLn8NmSrBq_1EWBFM3Ad1wmFhP7KEr_Zxm8MK0ETI?width=600&height=600
05-11-2024,1703.77771,1717.618112,1694.8422,1709.411044,3160880,4,Infosys,INFY.NS,Stock,IT,https://1drv.ms/i/c/8705623eb284e7df/IQT7BLuLn8NmSrBq_1EWBFM3Ad1wmFhP7KEr_Zxm8MK0ETI?width=600&height=600
06-11-2024,1771.280151,1774.679549,1711.985023,1713.296195,10421494,4,Infosys,INFY.NS,Stock,IT,https://1drv.ms/i/c/8705623eb284e7df/IQT7BLuLn8NmSrBq_1EWBFM3Ad1wmFhP7KEr_Zxm8MK0ETI?width=600&height=600
07-11-2024,1751.223755,1773.222616,1735.635044,1760.839098,4550965,4,Infosys,INFY.NS,Stock,IT,https://1drv.ms/i/c/8705623eb284e7df/IQT7BLuLn8NmSrBq_1EWBFM3Ad1wmFhP7KEr_Zxm8MK0ETI?width=600&height=600
08-11-2024,1777.350464,1787.694367,1761.033429,1765.743998,4210960,4,Infosys,INFY.NS,Stock,IT,https://1drv.ms/i/c/8705623eb284e7df/IQT7BLuLn8NmSrBq_1EWBFM3Ad1wmFhP7KEr_Zxm8MK0ETI?width=600&height=600
11-11-2024,1806.633789,1814.306737,1770.163187,1776.427742,3804234,4,Infosys,INFY.NS,Stock,IT,https://1drv.ms/i/c/8705623eb284e7df/IQT7BLuLn8NmSrBq_1EWBFM3Ad1wmFhP7KEr_Zxm8MK0ETI?width=600&height=600
12-11-2024,1815.08374,1826.933019,1807.507894,1817.317558,5012450,4,Infosys,INFY.NS,Stock,IT,https://1drv.ms/i/c/8705623eb284e7df/IQT7BLuLn8NmSrBq_1EWBFM3Ad1wmFhP7KEr_Zxm8MK0ETI?width=600&height=600
13-11-2024,1814.695313,1819.357272,1802.943135,1807.605094,4257495,4,Infosys,INFY.NS,Stock,IT,https://1drv.ms/i/c/8705623eb284e7df/IQT7BLuLn8NmSrBq_1EWBFM3Ad1wmFhP7KEr_Zxm8MK0ETI?width=600&height=600
14-11-2024,1810.955933,1822.07677,1802.651644,1811.975681,4311431,4,Infosys,INFY.NS,Stock,IT,https://1drv.ms/i/c/8705623eb284e7df/IQT7BLuLn8NmSrBq_1EWBFM3Ad1wmFhP7KEr_Zxm8MK0ETI?width=600&height=600
18-11-2024,1759.382202,1796.047128,1743.405083,1796.047128,4839244,4,Infosys,INFY.NS,Stock,IT,https://1drv.ms/i/c/8705623eb284e7df/IQT7BLuLn8NmSrBq_1EWBFM3Ad1wmFhP7KEr_Zxm8MK0ETI?width=600&height=600
19-11-2024,1772.299927,1806.245287,1768.220698,1773.028369,4669769,4,Infosys,INFY.NS,Stock,IT,https://1drv.ms/i/c/8705623eb284e7df/IQT7BLuLn8NmSrBq_1EWBFM3Ad1wmFhP7KEr_Zxm8MK0ETI?width=600&height=600
21-11-2024,1781.332642,1813.335489,1768.269173,1789.054082,5436504,4,Infosys,INFY.NS,Stock,IT,https://1drv.ms/i/c/8705623eb284e7df/IQT7BLuLn8NmSrBq_1EWBFM3Ad1wmFhP7KEr_Zxm8MK0ETI?width=600&height=600
22-11-2024,1847.572266,1859.033137,1781.284024,1800.806252,6301486,4,Infosys,INFY.NS,Stock,IT,https://1drv.ms/i/c/8705623eb284e7df/IQT7BLuLn8NmSrBq_1EWBFM3Ad1wmFhP7KEr_Zxm8MK0ETI?width=600&height=600
25-11-2024,1835.383057,1864.132339,1827.90443,1860.927146,12764638,4,Infosys,INFY.NS,Stock,IT,https://1drv.ms/i/c/8705623eb284e7df/IQT7BLuLn8NmSrBq_1EWBFM3Ad1wmFhP7KEr_Zxm8MK0ETI?width=600&height=600
26-11-2024,1868.842773,1882.877379,1842.764566,1850.194582,6850495,4,Infosys,INFY.NS,Stock,IT,https://1drv.ms/i/c/8705623eb284e7df/IQT7BLuLn8NmSrBq_1EWBFM3Ad1wmFhP7KEr_Zxm8MK0ETI?width=600&height=600
27-11-2024,1869.182739,1885.596994,1856.799221,1874.621751,4447143,4,Infosys,INFY.NS,Stock,IT,https://1drv.ms/i/c/8705623eb284e7df/IQT7BLuLn8NmSrBq_1EWBFM3Ad1wmFhP7KEr_Zxm8MK0ETI?width=600&height=600
28-11-2024,1803.282959,1859.858636,1798.426678,1859.858636,8468790,4,Infosys,INFY.NS,Stock,IT,https://1drv.ms/i/c/8705623eb284e7df/IQT7BLuLn8NmSrBq_1EWBFM3Ad1wmFhP7KEr_Zxm8MK0ETI?width=600&height=600
29-11-2024,1804.448486,1823.048068,1791.967867,1797.892506,5244346,4,Infosys,INFY.NS,Stock,IT,https://1drv.ms/i/c/8705623eb284e7df/IQT7BLuLn8NmSrBq_1EWBFM3Ad1wmFhP7KEr_Zxm8MK0ETI?width=600&height=600
02-12-2024,1825.7677,1828.681469,1782.449573,1805.565521,2868263,4,Infosys,INFY.NS,Stock,IT,https://1drv.ms/i/c/8705623eb284e7df/IQT7BLuLn8NmSrBq_1EWBFM3Ad1wmFhP7KEr_Zxm8MK0ETI?width=600&height=600
03-12-2024,1837.713989,1845.144124,1817.366218,1832.760606,4715792,4,Infosys,INFY.NS,Stock,IT,https://1drv.ms/i/c/8705623eb284e7df/IQT7BLuLn8NmSrBq_1EWBFM3Ad1wmFhP7KEr_Zxm8MK0ETI?width=600&height=600
04-12-2024,1834.945923,1858.935905,1821.105521,1829.846827,4705573,4,Infosys,INFY.NS,Stock,IT,https://1drv.ms/i/c/8705623eb284e7df/IQT7BLuLn8NmSrBq_1EWBFM3Ad1wmFhP7KEr_Zxm8MK0ETI?width=600&height=600
05-12-2024,1879.235229,1893.852684,1834.654542,1845.386971,9050038,4,Infosys,INFY.NS,Stock,IT,https://1drv.ms/i/c/8705623eb284e7df/IQT7BLuLn8NmSrBq_1EWBFM3Ad1wmFhP7KEr_Zxm8MK0ETI?width=600&height=600
06-12-2024,1867.143188,1882.246153,1857.430625,1877.244278,3573331,4,Infosys,INFY.NS,Stock,IT,https://1drv.ms/i/c/8705623eb284e7df/IQT7BLuLn8NmSrBq_1EWBFM3Ad1wmFhP7KEr_Zxm8MK0ETI?width=600&height=600
09-12-2024,1868.357178,1874.718835,1842.667378,1868.891298,4274645,4,Infosys,INFY.NS,Stock,IT,https://1drv.ms/i/c/8705623eb284e7df/IQT7BLuLn8NmSrBq_1EWBFM3Ad1wmFhP7KEr_Zxm8MK0ETI?width=600&height=600
10-12-2024,1892.541504,1909.101353,1876.467165,1883.265959,6174921,4,Infosys,INFY.NS,Stock,IT,https://1drv.ms/i/c/8705623eb284e7df/IQT7BLuLn8NmSrBq_1EWBFM3Ad1wmFhP7KEr_Zxm8MK0ETI?width=600&height=600
11-12-2024,1917.40564,1921.144953,1895.892289,1898.806058,5025612,4,Infosys,INFY.NS,Stock,IT,https://1drv.ms/i/c/8705623eb284e7df/IQT7BLuLn8NmSrBq_1EWBFM3Ad1wmFhP7KEr_Zxm8MK0ETI?width=600&height=600
12-12-2024,1929.88623,1941.347102,1913.909112,1918.425359,6462130,4,Infosys,INFY.NS,Stock,IT,https://1drv.ms/i/c/8705623eb284e7df/IQT7BLuLn8NmSrBq_1EWBFM3Ad1wmFhP7KEr_Zxm8MK0ETI?width=600&height=600
13-12-2024,1942.221191,1948.777171,1897.640622,1913.132112,5362693,4,Infosys,INFY.NS,Stock,IT,https://1drv.ms/i/c/8705623eb284e7df/IQT7BLuLn8NmSrBq_1EWBFM3Ad1wmFhP7KEr_Zxm8MK0ETI?width=600&height=600
16-12-2024,1923.136108,1942.124098,1920.756459,1938.093361,3119221,4,Infosys,INFY.NS,Stock,IT,https://1drv.ms/i/c/8705623eb284e7df/IQT7BLuLn8NmSrBq_1EWBFM3Ad1wmFhP7KEr_Zxm8MK0ETI?width=600&height=600
17-12-2024,1919.785278,1925.030086,1901.719934,1911.432497,5811050,4,Infosys,INFY.NS,Stock,IT,https://1drv.ms/i/c/8705623eb284e7df/IQT7BLuLn8NmSrBq_1EWBFM3Ad1wmFhP7KEr_Zxm8MK0ETI?width=600&height=600
18-12-2024,1922.261963,1927.895178,1905.216367,1910.266971,3064095,4,Infosys,INFY.NS,Stock,IT,https://1drv.ms/i/c/8705623eb284e7df/IQT7BLuLn8NmSrBq_1EWBFM3Ad1wmFhP7KEr_Zxm8MK0ETI?width=600&height=600
19-12-2024,1890.259033,1903.419604,1864.812165,1878.409753,5323592,4,Infosys,INFY.NS,Stock,IT,https://1drv.ms/i/c/8705623eb284e7df/IQT7BLuLn8NmSrBq_1EWBFM3Ad1wmFhP7KEr_Zxm8MK0ETI?width=600&height=600
20-12-2024,1866.900269,1923.03881,1856.313551,1918.376851,11056720,4,Infosys,INFY.NS,Stock,IT,https://1drv.ms/i/c/8705623eb284e7df/IQT7BLuLn8NmSrBq_1EWBFM3Ad1wmFhP7KEr_Zxm8MK0ETI?width=600&height=600
23-12-2024,1868.988525,1884.237202,1854.128257,1874.573249,2781793,4,Infosys,INFY.NS,Stock,IT,https://1drv.ms/i/c/8705623eb284e7df/IQT7BLuLn8NmSrBq_1EWBFM3Ad1wmFhP7KEr_Zxm8MK0ETI?width=600&height=600
24-12-2024,1854.17688,1886.179727,1787.111585,1871.659493,2360544,4,Infosys,INFY.NS,Stock,IT,https://1drv.ms/i/c/8705623eb284e7df/IQT7BLuLn8NmSrBq_1EWBFM3Ad1wmFhP7KEr_Zxm8MK0ETI?width=600&height=600
26-12-2024,1852.574341,1864.569333,1847.620957,1854.176937,3623321,4,Infosys,INFY.NS,Stock,IT,https://1drv.ms/i/c/8705623eb284e7df/IQT7BLuLn8NmSrBq_1EWBFM3Ad1wmFhP7KEr_Zxm8MK0ETI?width=600&height=600
27-12-2024,1861.655518,1868.842838,1849.174898,1854.516807,3937500,4,Infosys,INFY.NS,Stock,IT,https://1drv.ms/i/c/8705623eb284e7df/IQT7BLuLn8NmSrBq_1EWBFM3Ad1wmFhP7KEr_Zxm8MK0ETI?width=600&height=600
30-12-2024,1851.214478,1860.92704,1832.27498,1860.635616,7789055,4,Infosys,INFY.NS,Stock,IT,https://1drv.ms/i/c/8705623eb284e7df/IQT7BLuLn8NmSrBq_1EWBFM3Ad1wmFhP7KEr_Zxm8MK0ETI?width=600&height=600
31-12-2024,1825.961792,1842.473149,1792.016433,1837.908292,3613063,4,Infosys,INFY.NS,Stock,IT,https://1drv.ms/i/c/8705623eb284e7df/IQT7BLuLn8NmSrBq_1EWBFM3Ad1wmFhP7KEr_Zxm8MK0ETI?width=600&height=600
01-01-2025,1828.390015,1838.539596,1820.134336,1820.134336,1838368,4,Infosys,INFY.NS,Stock,IT,https://1drv.ms/i/c/8705623eb284e7df/IQT7BLuLn8NmSrBq_1EWBFM3Ad1wmFhP7KEr_Zxm8MK0ETI?width=600&height=600
02-01-2025,1901.574219,1906.236297,1831.109642,1832.76073,7083645,4,Infosys,INFY.NS,Stock,IT,https://1drv.ms/i/c/8705623eb284e7df/IQT7BLuLn8NmSrBq_1EWBFM3Ad1wmFhP7KEr_Zxm8MK0ETI?width=600&height=600
03-01-2025,1883.023193,1896.814986,1866.75465,1896.814986,6218003,4,Infosys,INFY.NS,Stock,IT,https://1drv.ms/i/c/8705623eb284e7df/IQT7BLuLn8NmSrBq_1EWBFM3Ad1wmFhP7KEr_Zxm8MK0ETI?width=600&height=600
06-01-2025,1882.149048,1916.288731,1872.582197,1895.892349,7164403,4,Infosys,INFY.NS,Stock,IT,https://1drv.ms/i/c/8705623eb284e7df/IQT7BLuLn8NmSrBq_1EWBFM3Ad1wmFhP7KEr_Zxm8MK0ETI?width=600&height=600
07-01-2025,1875.35022,1902.254091,1868.357222,1889.09352,4294832,4,Infosys,INFY.NS,Stock,IT,https://1drv.ms/i/c/8705623eb284e7df/IQT7BLuLn8NmSrBq_1EWBFM3Ad1wmFhP7KEr_Zxm8MK0ETI?width=600&height=600
08-01-2025,1877.584106,1882.877406,1834.460304,1874.524625,5482050,4,Infosys,INFY.NS,Stock,IT,https://1drv.ms/i/c/8705623eb284e7df/IQT7BLuLn8NmSrBq_1EWBFM3Ad1wmFhP7KEr_Zxm8MK0ETI?width=600&height=600
09-01-2025,1862.189819,1895.746655,1855.633839,1878.458363,6833503,4,Infosys,INFY.NS,Stock,IT,https://1drv.ms/i/c/8705623eb284e7df/IQT7BLuLn8NmSrBq_1EWBFM3Ad1wmFhP7KEr_Zxm8MK0ETI?width=600&height=600
10-01-2025,1910.412476,1920.950701,1876.70993,1881.323398,8036913,4,Infosys,INFY.NS,Stock,IT,https://1drv.ms/i/c/8705623eb284e7df/IQT7BLuLn8NmSrBq_1EWBFM3Ad1wmFhP7KEr_Zxm8MK0ETI?width=600&height=600
13-01-2025,1905.799072,1925.807047,1892.978536,1899.777331,5804152,4,Infosys,INFY.NS,Stock,IT,https://1drv.ms/i/c/8705623eb284e7df/IQT7BLuLn8NmSrBq_1EWBFM3Ad1wmFhP7KEr_Zxm8MK0ETI?width=600&height=600
14-01-2025,1884.285889,1915.123277,1875.593073,1912.258,5792162,4,Infosys,INFY.NS,Stock,IT,https://1drv.ms/i/c/8705623eb284e7df/IQT7BLuLn8NmSrBq_1EWBFM3Ad1wmFhP7KEr_Zxm8MK0ETI?width=600&height=600
15-01-2025,1893.609863,1901.76844,1881.420549,1891.03601,2985439,4,Infosys,INFY.NS,Stock,IT,https://1drv.ms/i/c/8705623eb284e7df/IQT7BLuLn8NmSrBq_1EWBFM3Ad1wmFhP7KEr_Zxm8MK0ETI?width=600&height=600
16-01-2025,1873.019165,1910.412533,1861.752616,1909.441276,7533579,4,Infosys,INFY.NS,Stock,IT,https://1drv.ms/i/c/8705623eb284e7df/IQT7BLuLn8NmSrBq_1EWBFM3Ad1wmFhP7KEr_Zxm8MK0ETI?width=600&height=600
17-01-2025,1763.267212,1804.594215,1759.916425,1797.795421,16409953,4,Infosys,INFY.NS,Stock,IT,https://1drv.ms/i/c/8705623eb284e7df/IQT7BLuLn8NmSrBq_1EWBFM3Ad1wmFhP7KEr_Zxm8MK0ETI?width=600&height=600
20-01-2025,1761.179199,1775.40801,1741.60836,1770.551728,4333011,4,Infosys,INFY.NS,Stock,IT,https://1drv.ms/i/c/8705623eb284e7df/IQT7BLuLn8NmSrBq_1EWBFM3Ad1wmFhP7KEr_Zxm8MK0ETI?width=600&height=600
21-01-2025,1748.941162,1779.001616,1741.511146,1766.76381,7169109,4,Infosys,INFY.NS,Stock,IT,https://1drv.ms/i/c/8705623eb284e7df/IQT7BLuLn8NmSrBq_1EWBFM3Ad1wmFhP7KEr_Zxm8MK0ETI?width=600&height=600
22-01-2025,1803.088745,1812.170087,1753.263367,1755.448694,8373913,4,Infosys,INFY.NS,Stock,IT,https://1drv.ms/i/c/8705623eb284e7df/IQT7BLuLn8NmSrBq_1EWBFM3Ad1wmFhP7KEr_Zxm8MK0ETI?width=600&height=600
23-01-2025,1811.829956,1825.524764,1799.446439,1804.594144,5907471,4,Infosys,INFY.NS,Stock,IT,https://1drv.ms/i/c/8705623eb284e7df/IQT7BLuLn8NmSrBq_1EWBFM3Ad1wmFhP7KEr_Zxm8MK0ETI?width=600&height=600
24-01-2025,1821.542603,1840.433609,1810.664579,1811.87865,4887027,4,Infosys,INFY.NS,Stock,IT,https://1drv.ms/i/c/8705623eb284e7df/IQT7BLuLn8NmSrBq_1EWBFM3Ad1wmFhP7KEr_Zxm8MK0ETI?width=600&height=600
27-01-2025,1769.629028,1809.450538,1759.916465,1795.610135,7652371,4,Infosys,INFY.NS,Stock,IT,https://1drv.ms/i/c/8705623eb284e7df/IQT7BLuLn8NmSrBq_1EWBFM3Ad1wmFhP7KEr_Zxm8MK0ETI?width=600&height=600
28-01-2025,1777.15625,1809.936151,1772.445681,1777.399064,6999495,4,Infosys,INFY.NS,Stock,IT,https://1drv.ms/i/c/8705623eb284e7df/IQT7BLuLn8NmSrBq_1EWBFM3Ad1wmFhP7KEr_Zxm8MK0ETI?width=600&height=600
29-01-2025,1827.175903,1834.363224,1787.597209,1791.967863,5145155,4,Infosys,INFY.NS,Stock,IT,https://1drv.ms/i/c/8705623eb284e7df/IQT7BLuLn8NmSrBq_1EWBFM3Ad1wmFhP7KEr_Zxm8MK0ETI?width=600&height=600
30-01-2025,1806.488037,1832.95477,1790.996547,1819.308691,7336056,4,Infosys,INFY.NS,Stock,IT,https://1drv.ms/i/c/8705623eb284e7df/IQT7BLuLn8NmSrBq_1EWBFM3Ad1wmFhP7KEr_Zxm8MK0ETI?width=600&height=600
31-01-2025,1825.7677,1842.91028,1817.220597,1817.220597,5820470,4,Infosys,INFY.NS,Stock,IT,https://1drv.ms/i/c/8705623eb284e7df/IQT7BLuLn8NmSrBq_1EWBFM3Ad1wmFhP7KEr_Zxm8MK0ETI?width=600&height=600
01-02-2025,1798.135376,1836.257187,1792.939178,1826.253318,1701402,4,Infosys,INFY.NS,Stock,IT,https://1drv.ms/i/c/8705623eb284e7df/IQT7BLuLn8NmSrBq_1EWBFM3Ad1wmFhP7KEr_Zxm8MK0ETI?width=600&height=600
03-02-2025,1809.741943,1822.61109,1779.730099,1783.226598,4823228,4,Infosys,INFY.NS,Stock,IT,https://1drv.ms/i/c/8705623eb284e7df/IQT7BLuLn8NmSrBq_1EWBFM3Ad1wmFhP7KEr_Zxm8MK0ETI?width=600&height=600
04-02-2025,1844.221558,1856.265041,1821.10561,1834.703198,7334787,4,Infosys,INFY.NS,Stock,IT,https://1drv.ms/i/c/8705623eb284e7df/IQT7BLuLn8NmSrBq_1EWBFM3Ad1wmFhP7KEr_Zxm8MK0ETI?width=600&height=600
05-02-2025,1842.521729,1864.520588,1839.850774,1851.214425,4996744,4,Infosys,INFY.NS,Stock,IT,https://1drv.ms/i/c/8705623eb284e7df/IQT7BLuLn8NmSrBq_1EWBFM3Ad1wmFhP7KEr_Zxm8MK0ETI?width=600&height=600
06-02-2025,1860.587158,1868.697125,1845.386973,1861.89833,4765255,4,Infosys,INFY.NS,Stock,IT,https://1drv.ms/i/c/8705623eb284e7df/IQT7BLuLn8NmSrBq_1EWBFM3Ad1wmFhP7KEr_Zxm8MK0ETI?width=600&height=600
07-02-2025,1848.932007,1868.405624,1835.140097,1864.132191,4126260,4,Infosys,INFY.NS,Stock,IT,https://1drv.ms/i/c/8705623eb284e7df/IQT7BLuLn8NmSrBq_1EWBFM3Ad1wmFhP7KEr_Zxm8MK0ETI?width=600&height=600
10-02-2025,1826.253296,1850.243279,1824.602089,1850.243279,3828734,4,Infosys,INFY.NS,Stock,IT,https://1drv.ms/i/c/8705623eb284e7df/IQT7BLuLn8NmSrBq_1EWBFM3Ad1wmFhP7KEr_Zxm8MK0ETI?width=600&height=600
11-02-2025,1821.736938,1848.300775,1816.249317,1828.972751,4411601,4,Infosys,INFY.NS,Stock,IT,https://1drv.ms/i/c/8705623eb284e7df/IQT7BLuLn8NmSrBq_1EWBFM3Ad1wmFhP7KEr_Zxm8MK0ETI?width=600&height=600
12-02-2025,1809.596313,1840.142279,1793.9105,1830.818241,5633947,4,Infosys,INFY.NS,Stock,IT,https://1drv.ms/i/c/8705623eb284e7df/IQT7BLuLn8NmSrBq_1EWBFM3Ad1wmFhP7KEr_Zxm8MK0ETI?width=600&height=600
13-02-2025,1790.268311,1819.648816,1782.886786,1814.792534,5237744,4,Infosys,INFY.NS,Stock,IT,https://1drv.ms/i/c/8705623eb284e7df/IQT7BLuLn8NmSrBq_1EWBFM3Ad1wmFhP7KEr_Zxm8MK0ETI?width=600&height=600
14-02-2025,1803.040283,1805.85695,1775.796496,1800.709244,5292961,4,Infosys,INFY.NS,Stock,IT,https://1drv.ms/i/c/8705623eb284e7df/IQT7BLuLn8NmSrBq_1EWBFM3Ad1wmFhP7KEr_Zxm8MK0ETI?width=600&height=600
17-02-2025,1789.345459,1799.495039,1769.774622,1785.703248,4428956,4,Infosys,INFY.NS,Stock,IT,https://1drv.ms/i/c/8705623eb284e7df/IQT7BLuLn8NmSrBq_1EWBFM3Ad1wmFhP7KEr_Zxm8MK0ETI?width=600&height=600
18-02-2025,1798.71814,1808.139397,1784.780635,1789.345611,4365260,4,Infosys,INFY.NS,Stock,IT,https://1drv.ms/i/c/8705623eb284e7df/IQT7BLuLn8NmSrBq_1EWBFM3Ad1wmFhP7KEr_Zxm8MK0ETI?width=600&height=600
19-02-2025,1758.750977,1796.047124,1753.991797,1794.298934,4611411,4,Infosys,INFY.NS,Stock,IT,https://1drv.ms/i/c/8705623eb284e7df/IQT7BLuLn8NmSrBq_1EWBFM3Ad1wmFhP7KEr_Zxm8MK0ETI?width=600&height=600
20-02-2025,1772.688477,1778.370302,1753.651877,1753.651877,2218020,4,Infosys,INFY.NS,Stock,IT,https://1drv.ms/i/c/8705623eb284e7df/IQT7BLuLn8NmSrBq_1EWBFM3Ad1wmFhP7KEr_Zxm8MK0ETI?width=600&height=600
21-02-2025,1762.8302,1777.253333,1754.283097,1769.434791,3379879,4,Infosys,INFY.NS,Stock,IT,https://1drv.ms/i/c/8705623eb284e7df/IQT7BLuLn8NmSrBq_1EWBFM3Ad1wmFhP7KEr_Zxm8MK0ETI?width=600&height=600
24-02-2025,1713.393188,1756.031363,1699.941313,1748.309923,7594720,4,Infosys,INFY.NS,Stock,IT,https://1drv.ms/i/c/8705623eb284e7df/IQT7BLuLn8NmSrBq_1EWBFM3Ad1wmFhP7KEr_Zxm8MK0ETI?width=600&height=600
25-02-2025,1716.889771,1727.330776,1694.988011,1694.988011,5092963,4,Infosys,INFY.NS,Stock,IT,https://1drv.ms/i/c/8705623eb284e7df/IQT7BLuLn8NmSrBq_1EWBFM3Ad1wmFhP7KEr_Zxm8MK0ETI?width=600&height=600
27-02-2025,1713.587524,1724.805463,1700.76687,1704.748997,5757079,4,Infosys,INFY.NS,Stock,IT,https://1drv.ms/i/c/8705623eb284e7df/IQT7BLuLn8NmSrBq_1EWBFM3Ad1wmFhP7KEr_Zxm8MK0ETI?width=600&height=600
28-02-2025,1639.189209,1704.651907,1634.090113,1704.603416,12182167,4,Infosys,INFY.NS,Stock,IT,https://1drv.ms/i/c/8705623eb284e7df/IQT7BLuLn8NmSrBq_1EWBFM3Ad1wmFhP7KEr_Zxm8MK0ETI?width=600&height=600
03-03-2025,1659.488525,1678.913652,1643.657119,1643.657119,7504969,4,Infosys,INFY.NS,Stock,IT,https://1drv.ms/i/c/8705623eb284e7df/IQT7BLuLn8NmSrBq_1EWBFM3Ad1wmFhP7KEr_Zxm8MK0ETI?width=600&height=600
04-03-2025,1639.772095,1650.16449,1621.998057,1646.279465,6759673,4,Infosys,INFY.NS,Stock,IT,https://1drv.ms/i/c/8705623eb284e7df/IQT7BLuLn8NmSrBq_1EWBFM3Ad1wmFhP7KEr_Zxm8MK0ETI?width=600&height=600
05-03-2025,1662.305176,1683.138576,1643.802696,1643.802696,8180782,4,Infosys,INFY.NS,Stock,IT,https://1drv.ms/i/c/8705623eb284e7df/IQT7BLuLn8NmSrBq_1EWBFM3Ad1wmFhP7KEr_Zxm8MK0ETI?width=600&height=600
06-03-2025,1666.530151,1672.794826,1642.491557,1665.704607,10610547,4,Infosys,INFY.NS,Stock,IT,https://1drv.ms/i/c/8705623eb284e7df/IQT7BLuLn8NmSrBq_1EWBFM3Ad1wmFhP7KEr_Zxm8MK0ETI?width=600&height=600
07-03-2025,1637.538086,1655.991955,1627.339895,1654.146545,8019331,4,Infosys,INFY.NS,Stock,IT,https://1drv.ms/i/c/8705623eb284e7df/IQT7BLuLn8NmSrBq_1EWBFM3Ad1wmFhP7KEr_Zxm8MK0ETI?width=600&height=600
10-03-2025,1652.543945,1669.58954,1628.019724,1637.538083,7558981,4,Infosys,INFY.NS,Stock,IT,https://1drv.ms/i/c/8705623eb284e7df/IQT7BLuLn8NmSrBq_1EWBFM3Ad1wmFhP7KEr_Zxm8MK0ETI?width=600&height=600
11-03-2025,1613.839355,1631.710494,1589.995086,1631.710494,12671234,4,Infosys,INFY.NS,Stock,IT,https://1drv.ms/i/c/8705623eb284e7df/IQT7BLuLn8NmSrBq_1EWBFM3Ad1wmFhP7KEr_Zxm8MK0ETI?width=600&height=600
12-03-2025,1545.123047,1589.849447,1518.850635,1589.849447,14870008,4,Infosys,INFY.NS,Stock,IT,https://1drv.ms/i/c/8705623eb284e7df/IQT7BLuLn8NmSrBq_1EWBFM3Ad1wmFhP7KEr_Zxm8MK0ETI?width=600&height=600
13-03-2025,1534.439209,1559.886195,1525.163783,1553.281605,7822888,4,Infosys,INFY.NS,Stock,IT,https://1drv.ms/i/c/8705623eb284e7df/IQT7BLuLn8NmSrBq_1EWBFM3Ad1wmFhP7KEr_Zxm8MK0ETI?width=600&height=600
17-03-2025,1544.346191,1548.182607,1500.736758,1500.736758,7526032,4,Infosys,INFY.NS,Stock,IT,https://1drv.ms/i/c/8705623eb284e7df/IQT7BLuLn8NmSrBq_1EWBFM3Ad1wmFhP7KEr_Zxm8MK0ETI?width=600&height=600
18-03-2025,1544.346191,1544.346191,1544.346191,1544.346191,0,4,Infosys,INFY.NS,Stock,IT,https://1drv.ms/i/c/8705623eb284e7df/IQT7BLuLn8NmSrBq_1EWBFM3Ad1wmFhP7KEr_Zxm8MK0ETI?width=600&height=600
19-03-2025,1540.946777,1556.923897,1527.592003,1556.923897,7387068,4,Infosys,INFY.NS,Stock,IT,https://1drv.ms/i/c/8705623eb284e7df/IQT7BLuLn8NmSrBq_1EWBFM3Ad1wmFhP7KEr_Zxm8MK0ETI?width=600&height=600
20-03-2025,1569.113281,1584.993299,1546.240146,1546.240146,7186750,4,Infosys,INFY.NS,Stock,IT,https://1drv.ms/i/c/8705623eb284e7df/IQT7BLuLn8NmSrBq_1EWBFM3Ad1wmFhP7KEr_Zxm8MK0ETI?width=600&height=600
21-03-2025,1546.774292,1557.798027,1518.704961,1532.593855,10074677,4,Infosys,INFY.NS,Stock,IT,https://1drv.ms/i/c/8705623eb284e7df/IQT7BLuLn8NmSrBq_1EWBFM3Ad1wmFhP7KEr_Zxm8MK0ETI?width=600&height=600
24-03-2025,1546.968506,1560.90601,1527.494769,1552.018991,8857726,4,Infosys,INFY.NS,Stock,IT,https://1drv.ms/i/c/8705623eb284e7df/IQT7BLuLn8NmSrBq_1EWBFM3Ad1wmFhP7KEr_Zxm8MK0ETI?width=600&height=600
25-03-2025,1581.642212,1589.120956,1558.8663,1558.8663,9890140,4,Infosys,INFY.NS,Stock,IT,https://1drv.ms/i/c/8705623eb284e7df/IQT7BLuLn8NmSrBq_1EWBFM3Ad1wmFhP7KEr_Zxm8MK0ETI?width=600&height=600
26-03-2025,1553.475952,1590.675119,1549.153909,1579.262856,6651302,4,Infosys,INFY.NS,Stock,IT,https://1drv.ms/i/c/8705623eb284e7df/IQT7BLuLn8NmSrBq_1EWBFM3Ad1wmFhP7KEr_Zxm8MK0ETI?width=600&height=600
27-03-2025,1557.45813,1573.386639,1540.412534,1549.688079,9426573,4,Infosys,INFY.NS,Stock,IT,https://1drv.ms/i/c/8705623eb284e7df/IQT7BLuLn8NmSrBq_1EWBFM3Ad1wmFhP7KEr_Zxm8MK0ETI?width=600&height=600
28-03-2025,1525.503784,1552.504639,1515.159881,1544.297571,6799047,4,Infosys,INFY.NS,Stock,IT,https://1drv.ms/i/c/8705623eb284e7df/IQT7BLuLn8NmSrBq_1EWBFM3Ad1wmFhP7KEr_Zxm8MK0ETI?width=600&height=600
01-04-2025,1482.622681,1502.92196,1474.22129,1495.006198,12680733,4,Infosys,INFY.NS,Stock,IT,https://1drv.ms/i/c/8705623eb284e7df/IQT7BLuLn8NmSrBq_1EWBFM3Ad1wmFhP7KEr_Zxm8MK0ETI?width=600&height=600
02-04-2025,1505.593018,1510.934927,1491.072664,1491.072664,6193478,4,Infosys,INFY.NS,Stock,IT,https://1drv.ms/i/c/8705623eb284e7df/IQT7BLuLn8NmSrBq_1EWBFM3Ad1wmFhP7KEr_Zxm8MK0ETI?width=600&height=600
03-04-2025,1453.484985,1490.538435,1442.364149,1490.538435,10459504,4,Infosys,INFY.NS,Stock,IT,https://1drv.ms/i/c/8705623eb284e7df/IQT7BLuLn8NmSrBq_1EWBFM3Ad1wmFhP7KEr_Zxm8MK0ETI?width=600&height=600
04-04-2025,1409.924194,1429.689236,1406.379085,1418.519789,9590254,4,Infosys,INFY.NS,Stock,IT,https://1drv.ms/i/c/8705623eb284e7df/IQT7BLuLn8NmSrBq_1EWBFM3Ad1wmFhP7KEr_Zxm8MK0ETI?width=600&height=600
07-04-2025,1356.602295,1365.489314,1269.432038,1313.138574,21715252,4,Infosys,INFY.NS,Stock,IT,https://1drv.ms/i/c/8705623eb284e7df/IQT7BLuLn8NmSrBq_1EWBFM3Ad1wmFhP7KEr_Zxm8MK0ETI?width=600&height=600
08-04-2025,1387.731079,1414.634832,1374.327694,1389.867796,12805001,4,Infosys,INFY.NS,Stock,IT,https://1drv.ms/i/c/8705623eb284e7df/IQT7BLuLn8NmSrBq_1EWBFM3Ad1wmFhP7KEr_Zxm8MK0ETI?width=600&height=600
09-04-2025,1363.352417,1368.937141,1342.179101,1364.663708,8546854,4,Infosys,INFY.NS,Stock,IT,https://1drv.ms/i/c/8705623eb284e7df/IQT7BLuLn8NmSrBq_1EWBFM3Ad1wmFhP7KEr_Zxm8MK0ETI?width=600&height=600
11-04-2025,1368.937256,1397.443725,1356.893772,1370.685565,12567440,4,Infosys,INFY.NS,Stock,IT,https://1drv.ms/i/c/8705623eb284e7df/IQT7BLuLn8NmSrBq_1EWBFM3Ad1wmFhP7KEr_Zxm8MK0ETI?width=600&height=600
15-04-2025,1385.011475,1406.087689,1368.500118,1404.048074,10178530,4,Infosys,INFY.NS,Stock,IT,https://1drv.ms/i/c/8705623eb284e7df/IQT7BLuLn8NmSrBq_1EWBFM3Ad1wmFhP7KEr_Zxm8MK0ETI?width=600&height=600
16-04-2025,1372.4823,1386.468415,1356.650893,1384.040274,12022740,4,Infosys,INFY.NS,Stock,IT,https://1drv.ms/i/c/8705623eb284e7df/IQT7BLuLn8NmSrBq_1EWBFM3Ad1wmFhP7KEr_Zxm8MK0ETI?width=600&height=600
17-04-2025,1378.698242,1388.702229,1338.682532,1357.816233,14264227,4,Infosys,INFY.NS,Stock,IT,https://1drv.ms/i/c/8705623eb284e7df/IQT7BLuLn8NmSrBq_1EWBFM3Ad1wmFhP7KEr_Zxm8MK0ETI?width=600&height=600
21-04-2025,1409.292969,1429.495148,1369.471458,1369.471458,15648970,4,Infosys,INFY.NS,Stock,IT,https://1drv.ms/i/c/8705623eb284e7df/IQT7BLuLn8NmSrBq_1EWBFM3Ad1wmFhP7KEr_Zxm8MK0ETI?width=600&height=600
22-04-2025,1381.903564,1398.609126,1378.504167,1398.609126,9399738,4,Infosys,INFY.NS,Stock,IT,https://1drv.ms/i/c/8705623eb284e7df/IQT7BLuLn8NmSrBq_1EWBFM3Ad1wmFhP7KEr_Zxm8MK0ETI?width=600&height=600
23-04-2025,1432.505859,1445.035089,1398.220467,1404.43653,11136642,4,Infosys,INFY.NS,Stock,IT,https://1drv.ms/i/c/8705623eb284e7df/IQT7BLuLn8NmSrBq_1EWBFM3Ad1wmFhP7KEr_Zxm8MK0ETI?width=600&height=600
24-04-2025,1429.106567,1440.276015,1419.491106,1427.649683,7114292,4,Infosys,INFY.NS,Stock,IT,https://1drv.ms/i/c/8705623eb284e7df/IQT7BLuLn8NmSrBq_1EWBFM3Ad1wmFhP7KEr_Zxm8MK0ETI?width=600&height=600
25-04-2025,1437.653564,1458.535575,1421.433631,1433.088707,8329979,4,Infosys,INFY.NS,Stock,IT,https://1drv.ms/i/c/8705623eb284e7df/IQT7BLuLn8NmSrBq_1EWBFM3Ad1wmFhP7KEr_Zxm8MK0ETI?width=600&height=600
28-04-2025,1439.498901,1446.783323,1423.181867,1437.653491,5886253,4,Infosys,INFY.NS,Stock,IT,https://1drv.ms/i/c/8705623eb284e7df/IQT7BLuLn8NmSrBq_1EWBFM3Ad1wmFhP7KEr_Zxm8MK0ETI?width=600&height=600
29-04-2025,1454.456421,1466.402922,1431.728998,1439.401947,8056743,4,Infosys,INFY.NS,Stock,IT,https://1drv.ms/i/c/8705623eb284e7df/IQT7BLuLn8NmSrBq_1EWBFM3Ad1wmFhP7KEr_Zxm8MK0ETI?width=600&height=600
30-04-2025,1456.981567,1465.431568,1439.984582,1453.776493,7704183,4,Infosys,INFY.NS,Stock,IT,https://1drv.ms/i/c/8705623eb284e7df/IQT7BLuLn8NmSrBq_1EWBFM3Ad1wmFhP7KEr_Zxm8MK0ETI?width=600&height=600
02-05-2025,1463.586182,1479.417589,1453.193668,1456.593065,7402310,4,Infosys,INFY.NS,Stock,IT,https://1drv.ms/i/c/8705623eb284e7df/IQT7BLuLn8NmSrBq_1EWBFM3Ad1wmFhP7KEr_Zxm8MK0ETI?width=600&height=600
05-05-2025,1465.237305,1479.22342,1459.604089,1471.453369,4282493,4,Infosys,INFY.NS,Stock,IT,https://1drv.ms/i/c/8705623eb284e7df/IQT7BLuLn8NmSrBq_1EWBFM3Ad1wmFhP7KEr_Zxm8MK0ETI?width=600&height=600
06-05-2025,1468.053833,1472.03596,1456.010232,1462.711924,4270530,4,Infosys,INFY.NS,Stock,IT,https://1drv.ms/i/c/8705623eb284e7df/IQT7BLuLn8NmSrBq_1EWBFM3Ad1wmFhP7KEr_Zxm8MK0ETI?width=600&height=600
07-05-2025,1464.945923,1475.144114,1453.582153,1456.884448,5691799,4,Infosys,INFY.NS,Stock,IT,https://1drv.ms/i/c/8705623eb284e7df/IQT7BLuLn8NmSrBq_1EWBFM3Ad1wmFhP7KEr_Zxm8MK0ETI?width=600&height=600
08-05-2025,1467.956909,1472.910293,1458.050023,1464.654614,8424409,4,Infosys,INFY.NS,Stock,IT,https://1drv.ms/i/c/8705623eb284e7df/IQT7BLuLn8NmSrBq_1EWBFM3Ad1wmFhP7KEr_Zxm8MK0ETI?width=600&height=600
09-05-2025,1464.265991,1467.956813,1451.154031,1457.564299,4478653,4,Infosys,INFY.NS,Stock,IT,https://1drv.ms/i/c/8705623eb284e7df/IQT7BLuLn8NmSrBq_1EWBFM3Ad1wmFhP7KEr_Zxm8MK0ETI?width=600&height=600
12-05-2025,1580.136963,1585.090347,1487.964713,1492.820994,11372857,4,Infosys,INFY.NS,Stock,IT,https://1drv.ms/i/c/8705623eb284e7df/IQT7BLuLn8NmSrBq_1EWBFM3Ad1wmFhP7KEr_Zxm8MK0ETI?width=600&height=600
13-05-2025,1523.512573,1565.859323,1519.627548,1562.751351,12846210,4,Infosys,INFY.NS,Stock,IT,https://1drv.ms/i/c/8705623eb284e7df/IQT7BLuLn8NmSrBq_1EWBFM3Ad1wmFhP7KEr_Zxm8MK0ETI?width=600&height=600
14-05-2025,1546.62854,1549.153783,1524.386747,1528.757401,4870057,4,Infosys,INFY.NS,Stock,IT,https://1drv.ms/i/c/8705623eb284e7df/IQT7BLuLn8NmSrBq_1EWBFM3Ad1wmFhP7KEr_Zxm8MK0ETI?width=600&height=600
15-05-2025,1566.636353,1572.075364,1525.843589,1544.103255,11151167,4,Infosys,INFY.NS,Stock,IT,https://1drv.ms/i/c/8705623eb284e7df/IQT7BLuLn8NmSrBq_1EWBFM3Ad1wmFhP7KEr_Zxm8MK0ETI?width=600&height=600
16-05-2025,1544.200439,1566.24791,1536.041863,1566.24791,4576751,4,Infosys,INFY.NS,Stock,IT,https://1drv.ms/i/c/8705623eb284e7df/IQT7BLuLn8NmSrBq_1EWBFM3Ad1wmFhP7KEr_Zxm8MK0ETI?width=600&height=600
19-05-2025,1514.965576,1539.441187,1510.983331,1531.185508,8855798,4,Infosys,INFY.NS,Stock,IT,https://1drv.ms/i/c/8705623eb284e7df/IQT7BLuLn8NmSrBq_1EWBFM3Ad1wmFhP7KEr_Zxm8MK0ETI?width=600&height=600
20-05-2025,1515.742554,1537.984347,1513.217311,1524.872387,7143998,4,Infosys,INFY.NS,Stock,IT,https://1drv.ms/i/c/8705623eb284e7df/IQT7BLuLn8NmSrBq_1EWBFM3Ad1wmFhP7KEr_Zxm8MK0ETI?width=600&height=600
21-05-2025,1523.415527,1525.843668,1507.4869,1522.832797,4157309,4,Infosys,INFY.NS,Stock,IT,https://1drv.ms/i/c/8705623eb284e7df/IQT7BLuLn8NmSrBq_1EWBFM3Ad1wmFhP7KEr_Zxm8MK0ETI?width=600&height=600
22-05-2025,1503.019043,1515.936798,1495.734621,1510.789093,6158990,4,Infosys,INFY.NS,Stock,IT,https://1drv.ms/i/c/8705623eb284e7df/IQT7BLuLn8NmSrBq_1EWBFM3Ad1wmFhP7KEr_Zxm8MK0ETI?width=600&height=600
23-05-2025,1519.821899,1541.577946,1505.447259,1505.447259,5038421,4,Infosys,INFY.NS,Stock,IT,https://1drv.ms/i/c/8705623eb284e7df/IQT7BLuLn8NmSrBq_1EWBFM3Ad1wmFhP7KEr_Zxm8MK0ETI?width=600&height=600
26-05-2025,1535.070557,1538.27575,1517.782147,1521.570071,3170102,4,Infosys,INFY.NS,Stock,IT,https://1drv.ms/i/c/8705623eb284e7df/IQT7BLuLn8NmSrBq_1EWBFM3Ad1wmFhP7KEr_Zxm8MK0ETI?width=600&height=600
27-05-2025,1524.969604,1537.401733,1511.66344,1534.487964,7775714,4,Infosys,INFY.NS,Stock,IT,https://1drv.ms/i/c/8705623eb284e7df/IQT7BLuLn8NmSrBq_1EWBFM3Ad1wmFhP7KEr_Zxm8MK0ETI?width=600&height=600
28-05-2025,1526.620728,1542.063608,1524.872419,1535.556238,3623370,4,Infosys,INFY.NS,Stock,IT,https://1drv.ms/i/c/8705623eb284e7df/IQT7BLuLn8NmSrBq_1EWBFM3Ad1wmFhP7KEr_Zxm8MK0ETI?width=600&height=600
29-05-2025,1540.024048,1562.654368,1531.282741,1543.326343,8609500,4,Infosys,INFY.NS,Stock,IT,https://1drv.ms/i/c/8705623eb284e7df/IQT7BLuLn8NmSrBq_1EWBFM3Ad1wmFhP7KEr_Zxm8MK0ETI?width=600&height=600
30-05-2025,1539.137573,1548.297396,1531.65219,1547.312474,13148092,4,Infosys,INFY.NS,Stock,IT,https://1drv.ms/i/c/8705623eb284e7df/IQT7BLuLn8NmSrBq_1EWBFM3Ad1wmFhP7KEr_Zxm8MK0ETI?width=600&height=600
02-06-2025,1530.371826,1536.478294,1515.794933,1536.478294,4374509,4,Infosys,INFY.NS,Stock,IT,https://1drv.ms/i/c/8705623eb284e7df/IQT7BLuLn8NmSrBq_1EWBFM3Ad1wmFhP7KEr_Zxm8MK0ETI?width=600&height=600
03-06-2025,1519.734619,1543.668271,1512.446172,1535.493371,6853403,4,Infosys,INFY.NS,Stock,IT,https://1drv.ms/i/c/8705623eb284e7df/IQT7BLuLn8NmSrBq_1EWBFM3Ad1wmFhP7KEr_Zxm8MK0ETI?width=600&height=600
04-06-2025,1527.810913,1533.819033,1518.15875,1519.734601,4548307,4,Infosys,INFY.NS,Stock,IT,https://1drv.ms/i/c/8705623eb284e7df/IQT7BLuLn8NmSrBq_1EWBFM3Ad1wmFhP7KEr_Zxm8MK0ETI?width=600&height=600
05-06-2025,1530.864258,1544.062116,1518.355677,1524.560733,6948539,4,Infosys,INFY.NS,Stock,IT,https://1drv.ms/i/c/8705623eb284e7df/IQT7BLuLn8NmSrBq_1EWBFM3Ad1wmFhP7KEr_Zxm8MK0ETI?width=600&height=600
06-06-2025,1540.221069,1545.244147,1519.833112,1531.258183,3960020,4,Infosys,INFY.NS,Stock,IT,https://1drv.ms/i/c/8705623eb284e7df/IQT7BLuLn8NmSrBq_1EWBFM3Ad1wmFhP7KEr_Zxm8MK0ETI?width=600&height=600
09-06-2025,1549.183838,1564.056136,1547.312462,1554.206916,2903202,4,Infosys,INFY.NS,Stock,IT,https://1drv.ms/i/c/8705623eb284e7df/IQT7BLuLn8NmSrBq_1EWBFM3Ad1wmFhP7KEr_Zxm8MK0ETI?width=600&height=600
10-06-2025,1571.935547,1583.26215,1553.714489,1560.116483,8591925,4,Infosys,INFY.NS,Stock,IT,https://1drv.ms/i/c/8705623eb284e7df/IQT7BLuLn8NmSrBq_1EWBFM3Ad1wmFhP7KEr_Zxm8MK0ETI?width=600&height=600
11-06-2025,1606.506226,1609.953453,1566.124424,1566.124424,10597410,4,Infosys,INFY.NS,Stock,IT,https://1drv.ms/i/c/8705623eb284e7df/IQT7BLuLn8NmSrBq_1EWBFM3Ad1wmFhP7KEr_Zxm8MK0ETI?width=600&height=600
12-06-2025,1584.345459,1603.452969,1574.003778,1592.618828,10483574,4,Infosys,INFY.NS,Stock,IT,https://1drv.ms/i/c/8705623eb284e7df/IQT7BLuLn8NmSrBq_1EWBFM3Ad1wmFhP7KEr_Zxm8MK0ETI?width=600&height=600
13-06-2025,1577.844971,1584.739424,1546.524404,1552.237,6968315,4,Infosys,INFY.NS,Stock,IT,https://1drv.ms/i/c/8705623eb284e7df/IQT7BLuLn8NmSrBq_1EWBFM3Ad1wmFhP7KEr_Zxm8MK0ETI?width=600&height=600
16-06-2025,1599.316406,1610.150548,1573.018916,1575.875214,5591842,4,Infosys,INFY.NS,Stock,IT,https://1drv.ms/i/c/8705623eb284e7df/IQT7BLuLn8NmSrBq_1EWBFM3Ad1wmFhP7KEr_Zxm8MK0ETI?width=600&height=600
17-06-2025,1615.173584,1622.560499,1591.239932,1596.26301,7622083,4,Infosys,INFY.NS,Stock,IT,https://1drv.ms/i/c/8705623eb284e7df/IQT7BLuLn8NmSrBq_1EWBFM3Ad1wmFhP7KEr_Zxm8MK0ETI?width=600&height=600
18-06-2025,1608.279175,1619.901182,1596.558579,1596.558579,5629707,4,Infosys,INFY.NS,Stock,IT,https://1drv.ms/i/c/8705623eb284e7df/IQT7BLuLn8NmSrBq_1EWBFM3Ad1wmFhP7KEr_Zxm8MK0ETI?width=600&height=600
19-06-2025,1593.997803,1605.422874,1587.201817,1599.414874,5147760,4,Infosys,INFY.NS,Stock,IT,https://1drv.ms/i/c/8705623eb284e7df/IQT7BLuLn8NmSrBq_1EWBFM3Ad1wmFhP7KEr_Zxm8MK0ETI?width=600&height=600
20-06-2025,1598.429932,1606.112251,1584.641024,1594.588712,9202821,4,Infosys,INFY.NS,Stock,IT,https://1drv.ms/i/c/8705623eb284e7df/IQT7BLuLn8NmSrBq_1EWBFM3Ad1wmFhP7KEr_Zxm8MK0ETI?width=600&height=600
23-06-2025,1560.116455,1576.860129,1551.64615,1576.860129,7943676,4,Infosys,INFY.NS,Stock,IT,https://1drv.ms/i/c/8705623eb284e7df/IQT7BLuLn8NmSrBq_1EWBFM3Ad1wmFhP7KEr_Zxm8MK0ETI?width=600&height=600
24-06-2025,1557.752563,1584.739449,1552.827954,1576.860074,8083992,4,Infosys,INFY.NS,Stock,IT,https://1drv.ms/i/c/8705623eb284e7df/IQT7BLuLn8NmSrBq_1EWBFM3Ad1wmFhP7KEr_Zxm8MK0ETI?width=600&height=600
25-06-2025,1590.550537,1595.475147,1561.199814,1566.025956,7813533,4,Infosys,INFY.NS,Stock,IT,https://1drv.ms/i/c/8705623eb284e7df/IQT7BLuLn8NmSrBq_1EWBFM3Ad1wmFhP7KEr_Zxm8MK0ETI?width=600&height=600
26-06-2025,1591.633911,1599.513287,1582.375621,1584.542521,6519233,4,Infosys,INFY.NS,Stock,IT,https://1drv.ms/i/c/8705623eb284e7df/IQT7BLuLn8NmSrBq_1EWBFM3Ad1wmFhP7KEr_Zxm8MK0ETI?width=600&height=600
27-06-2025,1583.754517,1605.028807,1578.238978,1594.588658,8912268,4,Infosys,INFY.NS,Stock,IT,https://1drv.ms/i/c/8705623eb284e7df/IQT7BLuLn8NmSrBq_1EWBFM3Ad1wmFhP7KEr_Zxm8MK0ETI?width=600&height=600
30-06-2025,1577.648071,1590.648993,1570.0641,1590.648993,6294505,4,Infosys,INFY.NS,Stock,IT,https://1drv.ms/i/c/8705623eb284e7df/IQT7BLuLn8NmSrBq_1EWBFM3Ad1wmFhP7KEr_Zxm8MK0ETI?width=600&height=600
01-07-2025,1582.572754,1593.308308,1576.367697,1584.739534,4178937,4,Infosys,INFY.NS,Stock,IT,https://1drv.ms/i/c/8705623eb284e7df/IQT7BLuLn8NmSrBq_1EWBFM3Ad1wmFhP7KEr_Zxm8MK0ETI?width=600&height=600
02-07-2025,1586.216919,1624.136417,1579.223997,1593.603834,8653641,4,Infosys,INFY.NS,Stock,IT,https://1drv.ms/i/c/8705623eb284e7df/IQT7BLuLn8NmSrBq_1EWBFM3Ad1wmFhP7KEr_Zxm8MK0ETI?width=600&height=600
03-07-2025,1594.293213,1607.786717,1590.64905,1594.096277,5259695,4,Infosys,INFY.NS,Stock,IT,https://1drv.ms/i/c/8705623eb284e7df/IQT7BLuLn8NmSrBq_1EWBFM3Ad1wmFhP7KEr_Zxm8MK0ETI?width=600&height=600
04-07-2025,1615.961426,1618.620787,1587.989738,1600.498199,4411273,4,Infosys,INFY.NS,Stock,IT,https://1drv.ms/i/c/8705623eb284e7df/IQT7BLuLn8NmSrBq_1EWBFM3Ad1wmFhP7KEr_Zxm8MK0ETI?width=600&height=600
07-07-2025,1602.46814,1619.211814,1598.528452,1615.272126,3294523,4,Infosys,INFY.NS,Stock,IT,https://1drv.ms/i/c/8705623eb284e7df/IQT7BLuLn8NmSrBq_1EWBFM3Ad1wmFhP7KEr_Zxm8MK0ETI?width=600&height=600
08-07-2025,1613.991577,1621.378492,1597.050967,1603.45296,4590681,4,Infosys,INFY.NS,Stock,IT,https://1drv.ms/i/c/8705623eb284e7df/IQT7BLuLn8NmSrBq_1EWBFM3Ad1wmFhP7KEr_Zxm8MK0ETI?width=600&height=600
09-07-2025,1609.067017,1613.302229,1599.119328,1613.105293,4580828,4,Infosys,INFY.NS,Stock,IT,https://1drv.ms/i/c/8705623eb284e7df/IQT7BLuLn8NmSrBq_1EWBFM3Ad1wmFhP7KEr_Zxm8MK0ETI?width=600&height=600
10-07-2025,1591.437012,1614.188686,1582.868118,1614.188686,5330179,4,Infosys,INFY.NS,Stock,IT,https://1drv.ms/i/c/8705623eb284e7df/IQT7BLuLn8NmSrBq_1EWBFM3Ad1wmFhP7KEr_Zxm8MK0ETI?width=600&height=600
11-07-2025,1570.852051,1582.868051,1539.433016,1555.290236,11391755,4,Infosys,INFY.NS,Stock,IT,https://1drv.ms/i/c/8705623eb284e7df/IQT7BLuLn8NmSrBq_1EWBFM3Ad1wmFhP7KEr_Zxm8MK0ETI?width=600&height=600
14-07-2025,1546.623047,1567.79887,1536.281366,1567.79887,9173426,4,Infosys,INFY.NS,Stock,IT,https://1drv.ms/i/c/8705623eb284e7df/IQT7BLuLn8NmSrBq_1EWBFM3Ad1wmFhP7KEr_Zxm8MK0ETI?width=600&height=600
15-07-2025,1561.692261,1579.420856,1540.41797,1541.50136,7614807,4,Infosys,INFY.NS,Stock,IT,https://1drv.ms/i/c/8705623eb284e7df/IQT7BLuLn8NmSrBq_1EWBFM3Ad1wmFhP7KEr_Zxm8MK0ETI?width=600&height=600
16-07-2025,1583.656128,1587.694284,1554.699397,1555.191858,6223491,4,Infosys,INFY.NS,Stock,IT,https://1drv.ms/i/c/8705623eb284e7df/IQT7BLuLn8NmSrBq_1EWBFM3Ad1wmFhP7KEr_Zxm8MK0ETI?width=600&height=600
17-07-2025,1559.624023,1585.724457,1556.275265,1573.905393,7374814,4,Infosys,INFY.NS,Stock,IT,https://1drv.ms/i/c/8705623eb284e7df/IQT7BLuLn8NmSrBq_1EWBFM3Ad1wmFhP7KEr_Zxm8MK0ETI?width=600&height=600
18-07-2025,1562.184692,1575.185734,1556.176692,1568.094224,5161833,4,Infosys,INFY.NS,Stock,IT,https://1drv.ms/i/c/8705623eb284e7df/IQT7BLuLn8NmSrBq_1EWBFM3Ad1wmFhP7KEr_Zxm8MK0ETI?width=600&height=600
21-07-2025,1560.411987,1565.041073,1543.175852,1556.176775,3682661,4,Infosys,INFY.NS,Stock,IT,https://1drv.ms/i/c/8705623eb284e7df/IQT7BLuLn8NmSrBq_1EWBFM3Ad1wmFhP7KEr_Zxm8MK0ETI?width=600&height=600
22-07-2025,1547.213989,1561.889351,1541.402925,1541.402925,8473741,4,Infosys,INFY.NS,Stock,IT,https://1drv.ms/i/c/8705623eb284e7df/IQT7BLuLn8NmSrBq_1EWBFM3Ad1wmFhP7KEr_Zxm8MK0ETI?width=600&height=600
23-07-2025,1550.759644,1567.89731,1526.629055,1552.532551,8035026,4,Infosys,INFY.NS,Stock,IT,https://1drv.ms/i/c/8705623eb284e7df/IQT7BLuLn8NmSrBq_1EWBFM3Ad1wmFhP7KEr_Zxm8MK0ETI?width=600&height=600
24-07-2025,1529.091431,1558.14663,1524.856218,1556.176786,14169664,4,Infosys,INFY.NS,Stock,IT,https://1drv.ms/i/c/8705623eb284e7df/IQT7BLuLn8NmSrBq_1EWBFM3Ad1wmFhP7KEr_Zxm8MK0ETI?width=600&height=600
25-07-2025,1492.846191,1526.136602,1488.512631,1520.128602,10851259,4,Infosys,INFY.NS,Stock,IT,https://1drv.ms/i/c/8705623eb284e7df/IQT7BLuLn8NmSrBq_1EWBFM3Ad1wmFhP7KEr_Zxm8MK0ETI?width=600&height=600
28-07-2025,1493.141724,1496.392014,1460.146837,1491.073412,6439855,4,Infosys,INFY.NS,Stock,IT,https://1drv.ms/i/c/8705623eb284e7df/IQT7BLuLn8NmSrBq_1EWBFM3Ad1wmFhP7KEr_Zxm8MK0ETI?width=600&height=600
29-07-2025,1490.876343,1494.32357,1473.54174,1490.088477,7070448,4,Infosys,INFY.NS,Stock,IT,https://1drv.ms/i/c/8705623eb284e7df/IQT7BLuLn8NmSrBq_1EWBFM3Ad1wmFhP7KEr_Zxm8MK0ETI?width=600&height=600
30-07-2025,1496.096558,1498.755799,1483.292571,1496.983011,5719051,4,Infosys,INFY.NS,Stock,IT,https://1drv.ms/i/c/8705623eb284e7df/IQT7BLuLn8NmSrBq_1EWBFM3Ad1wmFhP7KEr_Zxm8MK0ETI?width=600&height=600
31-07-2025,1486.247314,1504.074379,1474.42825,1486.936712,6851407,4,Infosys,INFY.NS,Stock,IT,https://1drv.ms/i/c/8705623eb284e7df/IQT7BLuLn8NmSrBq_1EWBFM3Ad1wmFhP7KEr_Zxm8MK0ETI?width=600&height=600
01-08-2025,1447.441284,1476.102489,1443.403128,1471.374936,8702978,4,Infosys,INFY.NS,Stock,IT,https://1drv.ms/i/c/8705623eb284e7df/IQT7BLuLn8NmSrBq_1EWBFM3Ad1wmFhP7KEr_Zxm8MK0ETI?width=600&height=600
04-08-2025,1458.177002,1460.442371,1429.121803,1439.463484,8610216,4,Infosys,INFY.NS,Stock,IT,https://1drv.ms/i/c/8705623eb284e7df/IQT7BLuLn8NmSrBq_1EWBFM3Ad1wmFhP7KEr_Zxm8MK0ETI?width=600&height=600
05-08-2025,1438.281616,1456.404084,1433.061482,1456.404084,10213323,4,Infosys,INFY.NS,Stock,IT,https://1drv.ms/i/c/8705623eb284e7df/IQT7BLuLn8NmSrBq_1EWBFM3Ad1wmFhP7KEr_Zxm8MK0ETI?width=600&height=600
06-08-2025,1415.037354,1434.144864,1408.733949,1430.106708,10566934,4,Infosys,INFY.NS,Stock,IT,https://1drv.ms/i/c/8705623eb284e7df/IQT7BLuLn8NmSrBq_1EWBFM3Ad1wmFhP7KEr_Zxm8MK0ETI?width=600&height=600
07-08-2025,1415.234375,1420.257453,1392.876575,1408.438389,9892020,4,Infosys,INFY.NS,Stock,IT,https://1drv.ms/i/c/8705623eb284e7df/IQT7BLuLn8NmSrBq_1EWBFM3Ad1wmFhP7KEr_Zxm8MK0ETI?width=600&height=600
08-08-2025,1401.642456,1411.590144,1395.732924,1403.513832,10048009,4,Infosys,INFY.NS,Stock,IT,https://1drv.ms/i/c/8705623eb284e7df/IQT7BLuLn8NmSrBq_1EWBFM3Ad1wmFhP7KEr_Zxm8MK0ETI?width=600&height=600
11-08-2025,1406.665527,1411.787194,1392.679683,1398.490747,6625368,4,Infosys,INFY.NS,Stock,IT,https://1drv.ms/i/c/8705623eb284e7df/IQT7BLuLn8NmSrBq_1EWBFM3Ad1wmFhP7KEr_Zxm8MK0ETI?width=600&height=600
12-08-2025,1402.627441,1419.272648,1399.574207,1406.665598,9899184,4,Infosys,INFY.NS,Stock,IT,https://1drv.ms/i/c/8705623eb284e7df/IQT7BLuLn8NmSrBq_1EWBFM3Ad1wmFhP7KEr_Zxm8MK0ETI?width=600&height=600
13-08-2025,1405.089722,1412.378169,1400.953097,1403.513871,10318063,4,Infosys,INFY.NS,Stock,IT,https://1drv.ms/i/c/8705623eb284e7df/IQT7BLuLn8NmSrBq_1EWBFM3Ad1wmFhP7KEr_Zxm8MK0ETI?width=600&height=600
14-08-2025,1425.87146,1447.835268,1404.695638,1404.695638,12902347,4,Infosys,INFY.NS,Stock,IT,https://1drv.ms/i/c/8705623eb284e7df/IQT7BLuLn8NmSrBq_1EWBFM3Ad1wmFhP7KEr_Zxm8MK0ETI?width=600&height=600
18-08-2025,1414.151001,1442.615149,1408.044413,1442.615149,7254561,4,Infosys,INFY.NS,Stock,IT,https://1drv.ms/i/c/8705623eb284e7df/IQT7BLuLn8NmSrBq_1EWBFM3Ad1wmFhP7KEr_Zxm8MK0ETI?width=600&height=600
19-08-2025,1418.28772,1427.546011,1411.097741,1411.097741,3986094,4,Infosys,INFY.NS,Stock,IT,https://1drv.ms/i/c/8705623eb284e7df/IQT7BLuLn8NmSrBq_1EWBFM3Ad1wmFhP7KEr_Zxm8MK0ETI?width=600&height=600
20-08-2025,1473.640259,1476.398089,1418.977087,1418.977087,10413061,4,Infosys,INFY.NS,Stock,IT,https://1drv.ms/i/c/8705623eb284e7df/IQT7BLuLn8NmSrBq_1EWBFM3Ad1wmFhP7KEr_Zxm8MK0ETI?width=600&height=600
21-08-2025,1473.83728,1485.262351,1461.919748,1485.262351,6565539,4,Infosys,INFY.NS,Stock,IT,https://1drv.ms/i/c/8705623eb284e7df/IQT7BLuLn8NmSrBq_1EWBFM3Ad1wmFhP7KEr_Zxm8MK0ETI?width=600&height=600
22-08-2025,1465.071411,1481.618148,1463.692496,1475.51156,5543397,4,Infosys,INFY.NS,Stock,IT,https://1drv.ms/i/c/8705623eb284e7df/IQT7BLuLn8NmSrBq_1EWBFM3Ad1wmFhP7KEr_Zxm8MK0ETI?width=600&height=600
25-08-2025,1508.998901,1515.794887,1483.98186,1483.98186,10694531,4,Infosys,INFY.NS,Stock,IT,https://1drv.ms/i/c/8705623eb284e7df/IQT7BLuLn8NmSrBq_1EWBFM3Ad1wmFhP7KEr_Zxm8MK0ETI?width=600&height=600
26-08-2025,1506.536621,1515.203983,1495.702479,1500.03616,15994798,4,Infosys,INFY.NS,Stock,IT,https://1drv.ms/i/c/8705623eb284e7df/IQT7BLuLn8NmSrBq_1EWBFM3Ad1wmFhP7KEr_Zxm8MK0ETI?width=600&height=600
28-08-2025,1477.481445,1506.536644,1475.413133,1506.536644,5443364,4,Infosys,INFY.NS,Stock,IT,https://1drv.ms/i/c/8705623eb284e7df/IQT7BLuLn8NmSrBq_1EWBFM3Ad1wmFhP7KEr_Zxm8MK0ETI?width=600&height=600
29-08-2025,1447.441284,1479.254311,1445.569908,1479.254311,8169075,4,Infosys,INFY.NS,Stock,IT,https://1drv.ms/i/c/8705623eb284e7df/IQT7BLuLn8NmSrBq_1EWBFM3Ad1wmFhP7KEr_Zxm8MK0ETI?width=600&height=600
01-09-2025,1476.792114,1480.731802,1453.941851,1454.434312,4546057,4,Infosys,INFY.NS,Stock,IT,https://1drv.ms/i/c/8705623eb284e7df/IQT7BLuLn8NmSrBq_1EWBFM3Ad1wmFhP7KEr_Zxm8MK0ETI?width=600&height=600
02-09-2025,1476.102539,1489.990035,1463.889603,1476.792057,5218763,4,Infosys,INFY.NS,Stock,IT,https://1drv.ms/i/c/8705623eb284e7df/IQT7BLuLn8NmSrBq_1EWBFM3Ad1wmFhP7KEr_Zxm8MK0ETI?width=600&height=600
03-09-2025,1456.798096,1479.254365,1450.790096,1477.382989,4623483,4,Infosys,INFY.NS,Stock,IT,https://1drv.ms/i/c/8705623eb284e7df/IQT7BLuLn8NmSrBq_1EWBFM3Ad1wmFhP7KEr_Zxm8MK0ETI?width=600&height=600
04-09-2025,1440.940918,1461.62428,1438.08462,1461.62428,5787724,4,Infosys,INFY.NS,Stock,IT,https://1drv.ms/i/c/8705623eb284e7df/IQT7BLuLn8NmSrBq_1EWBFM3Ad1wmFhP7KEr_Zxm8MK0ETI?width=600&height=600
05-09-2025,1422.818237,1450.49452,1411.393167,1447.835279,5466487,4,Infosys,INFY.NS,Stock,IT,https://1drv.ms/i/c/8705623eb284e7df/IQT7BLuLn8NmSrBq_1EWBFM3Ad1wmFhP7KEr_Zxm8MK0ETI?width=600&height=600
08-09-2025,1411.2948,1436.016319,1406.764183,1429.121864,3811567,4,Infosys,INFY.NS,Stock,IT,https://1drv.ms/i/c/8705623eb284e7df/IQT7BLuLn8NmSrBq_1EWBFM3Ad1wmFhP7KEr_Zxm8MK0ETI?width=600&height=600
09-09-2025,1481.618164,1484.474342,1450.297597,1458.669434,13072640,4,Infosys,INFY.NS,Stock,IT,https://1drv.ms/i/c/8705623eb284e7df/IQT7BLuLn8NmSrBq_1EWBFM3Ad1wmFhP7KEr_Zxm8MK0ETI?width=600&height=600
10-09-2025,1509.491455,1511.756824,1486.542844,1487.33071,7281071,4,Infosys,INFY.NS,Stock,IT,https://1drv.ms/i/c/8705623eb284e7df/IQT7BLuLn8NmSrBq_1EWBFM3Ad1wmFhP7KEr_Zxm8MK0ETI?width=600&height=600
11-09-2025,1486.936646,1504.468305,1483.784943,1500.92261,8003662,4,Infosys,INFY.NS,Stock,IT,https://1drv.ms/i/c/8705623eb284e7df/IQT7BLuLn8NmSrBq_1EWBFM3Ad1wmFhP7KEr_Zxm8MK0ETI?width=600&height=600
12-09-2025,1502.596924,1519.636122,1498.164775,1513.825058,12856963,4,Infosys,INFY.NS,Stock,IT,https://1drv.ms/i/c/8705623eb284e7df/IQT7BLuLn8NmSrBq_1EWBFM3Ad1wmFhP7KEr_Zxm8MK0ETI?width=600&height=600
15-09-2025,1485.656372,1504.468358,1478.564862,1502.596982,6167414,4,Infosys,INFY.NS,Stock,IT,https://1drv.ms/i/c/8705623eb284e7df/IQT7BLuLn8NmSrBq_1EWBFM3Ad1wmFhP7KEr_Zxm8MK0ETI?width=600&height=600
16-09-2025,1488.512695,1491.171937,1480.830255,1485.656397,8923112,4,Infosys,INFY.NS,Stock,IT,https://1drv.ms/i/c/8705623eb284e7df/IQT7BLuLn8NmSrBq_1EWBFM3Ad1wmFhP7KEr_Zxm8MK0ETI?width=600&height=600
17-09-2025,1499.445313,1503.680405,1491.171943,1494.028241,4795698,4,Infosys,INFY.NS,Stock,IT,https://1drv.ms/i/c/8705623eb284e7df/IQT7BLuLn8NmSrBq_1EWBFM3Ad1wmFhP7KEr_Zxm8MK0ETI?width=600&height=600
18-09-2025,1517.37085,1531.553751,1515.302537,1526.629141,9331945,4,Infosys,INFY.NS,Stock,IT,https://1drv.ms/i/c/8705623eb284e7df/IQT7BLuLn8NmSrBq_1EWBFM3Ad1wmFhP7KEr_Zxm8MK0ETI?width=600&height=600
19-09-2025,1516.976807,1527.909537,1497.179899,1521.310487,12988129,4,Infosys,INFY.NS,Stock,IT,https://1drv.ms/i/c/8705623eb284e7df/IQT7BLuLn8NmSrBq_1EWBFM3Ad1wmFhP7KEr_Zxm8MK0ETI?width=600&height=600
22-09-2025,1476.890503,1491.861269,1459.654368,1460.343766,15655204,4,Infosys,INFY.NS,Stock,IT,https://1drv.ms/i/c/8705623eb284e7df/IQT7BLuLn8NmSrBq_1EWBFM3Ad1wmFhP7KEr_Zxm8MK0ETI?width=600&height=600
23-09-2025,1474.920654,1490.186945,1470.488505,1470.488505,9832164,4,Infosys,INFY.NS,Stock,IT,https://1drv.ms/i/c/8705623eb284e7df/IQT7BLuLn8NmSrBq_1EWBFM3Ad1wmFhP7KEr_Zxm8MK0ETI?width=600&height=600
24-09-2025,1472.064331,1474.132643,1460.343736,1464.775885,4937004,4,Infosys,INFY.NS,Stock,IT,https://1drv.ms/i/c/8705623eb284e7df/IQT7BLuLn8NmSrBq_1EWBFM3Ad1wmFhP7KEr_Zxm8MK0ETI?width=600&height=600
25-09-2025,1462.412231,1480.042239,1454.237331,1466.548856,9491867,4,Infosys,INFY.NS,Stock,IT,https://1drv.ms/i/c/8705623eb284e7df/IQT7BLuLn8NmSrBq_1EWBFM3Ad1wmFhP7KEr_Zxm8MK0ETI?width=600&height=600
26-09-2025,1427.053467,1456.404069,1419.469495,1452.759906,8597058,4,Infosys,INFY.NS,Stock,IT,https://1drv.ms/i/c/8705623eb284e7df/IQT7BLuLn8NmSrBq_1EWBFM3Ad1wmFhP7KEr_Zxm8MK0ETI?width=600&height=600
29-09-2025,1420.060547,1442.910689,1414.840412,1437.986079,10513117,4,Infosys,INFY.NS,Stock,IT,https://1drv.ms/i/c/8705623eb284e7df/IQT7BLuLn8NmSrBq_1EWBFM3Ad1wmFhP7KEr_Zxm8MK0ETI?width=600&height=600
30-09-2025,1420.060547,1430.303639,1416.416263,1421.242405,7556305,4,Infosys,INFY.NS,Stock,IT,https://1drv.ms/i/c/8705623eb284e7df/IQT7BLuLn8NmSrBq_1EWBFM3Ad1wmFhP7KEr_Zxm8MK0ETI?width=600&height=600
01-10-2025,1424.000244,1427.644407,1405.877656,1424.19718,6250692,4,Infosys,INFY.NS,Stock,IT,https://1drv.ms/i/c/8705623eb284e7df/IQT7BLuLn8NmSrBq_1EWBFM3Ad1wmFhP7KEr_Zxm8MK0ETI?width=600&height=600
03-10-2025,1424.788086,1426.462525,1411.590108,1417.302703,6877533,4,Infosys,INFY.NS,Stock,IT,https://1drv.ms/i/c/8705623eb284e7df/IQT7BLuLn8NmSrBq_1EWBFM3Ad1wmFhP7KEr_Zxm8MK0ETI?width=600&height=600
06-10-2025,1453.744873,1456.502703,1420.55305,1424.788142,4630590,4,Infosys,INFY.NS,Stock,IT,https://1drv.ms/i/c/8705623eb284e7df/IQT7BLuLn8NmSrBq_1EWBFM3Ad1wmFhP7KEr_Zxm8MK0ETI?width=600&height=600
07-10-2025,1436.508667,1460.540787,1432.076518,1455.41912,5570320,4,Infosys,INFY.NS,Stock,IT,https://1drv.ms/i/c/8705623eb284e7df/IQT7BLuLn8NmSrBq_1EWBFM3Ad1wmFhP7KEr_Zxm8MK0ETI?width=600&height=600
08-10-2025,1472.458374,1475.41314,1433.061494,1435.031338,4657192,4,Infosys,INFY.NS,Stock,IT,https://1drv.ms/i/c/8705623eb284e7df/IQT7BLuLn8NmSrBq_1EWBFM3Ad1wmFhP7KEr_Zxm8MK0ETI?width=600&height=600
09-10-2025,1486.542847,1491.171932,1464.579038,1479.352868,7028753,4,Infosys,INFY.NS,Stock,IT,https://1drv.ms/i/c/8705623eb284e7df/IQT7BLuLn8NmSrBq_1EWBFM3Ad1wmFhP7KEr_Zxm8MK0ETI?width=600&height=600
10-10-2025,1492.05835,1498.755747,1476.20113,1487.232208,3738353,4,Infosys,INFY.NS,Stock,IT,https://1drv.ms/i/c/8705623eb284e7df/IQT7BLuLn8NmSrBq_1EWBFM3Ad1wmFhP7KEr_Zxm8MK0ETI?width=600&height=600
13-10-2025,1470.685425,1482.012027,1461.033262,1474.428176,5859355,4,Infosys,INFY.NS,Stock,IT,https://1drv.ms/i/c/8705623eb284e7df/IQT7BLuLn8NmSrBq_1EWBFM3Ad1wmFhP7KEr_Zxm8MK0ETI?width=600&height=600
14-10-2025,1467.435303,1491.565892,1464.086544,1476.398069,5600789,4,Infosys,INFY.NS,Stock,IT,https://1drv.ms/i/c/8705623eb284e7df/IQT7BLuLn8NmSrBq_1EWBFM3Ad1wmFhP7KEr_Zxm8MK0ETI?width=600&height=600
15-10-2025,1452.169067,1466.154912,1445.373081,1461.525827,6986098,4,Infosys,INFY.NS,Stock,IT,https://1drv.ms/i/c/8705623eb284e7df/IQT7BLuLn8NmSrBq_1EWBFM3Ad1wmFhP7KEr_Zxm8MK0ETI?width=600&height=600
16-10-2025,1449.312744,1452.26751,1438.478602,1451.676581,8005748,4,Infosys,INFY.NS,Stock,IT,https://1drv.ms/i/c/8705623eb284e7df/IQT7BLuLn8NmSrBq_1EWBFM3Ad1wmFhP7KEr_Zxm8MK0ETI?width=600&height=600
17-10-2025,1419.371094,1436.410293,1412.378171,1432.963066,16959378,4,Infosys,INFY.NS,Stock,IT,https://1drv.ms/i/c/8705623eb284e7df/IQT7BLuLn8NmSrBq_1EWBFM3Ad1wmFhP7KEr_Zxm8MK0ETI?width=600&height=600
20-10-2025,1438.872559,1444.880559,1428.136885,1431.781048,6994246,4,Infosys,INFY.NS,Stock,IT,https://1drv.ms/i/c/8705623eb284e7df/IQT7BLuLn8NmSrBq_1EWBFM3Ad1wmFhP7KEr_Zxm8MK0ETI?width=600&height=600
21-10-2025,1450.199219,1463.594134,1447.835382,1455.714758,1698704,4,Infosys,INFY.NS,Stock,IT,https://1drv.ms/i/c/8705623eb284e7df/IQT7BLuLn8NmSrBq_1EWBFM3Ad1wmFhP7KEr_Zxm8MK0ETI?width=600&height=600
23-10-2025,1505.453247,1522.689382,1483.292503,1487.23219,20358624,4,Infosys,INFY.NS,Stock,IT,https://1drv.ms/i/c/8705623eb284e7df/IQT7BLuLn8NmSrBq_1EWBFM3Ad1wmFhP7KEr_Zxm8MK0ETI?width=600&height=600
24-10-2025,1502.400024,1519.734627,1495.111578,1516.2874,8652257,4,Infosys,INFY.NS,Stock,IT,https://1drv.ms/i/c/8705623eb284e7df/IQT7BLuLn8NmSrBq_1EWBFM3Ad1wmFhP7KEr_Zxm8MK0ETI?width=600&height=600
27-10-2025,1504.5,1515.300049,1498.099976,1510,7273211,4,Infosys,INFY.NS,Stock,IT,https://1drv.ms/i/c/8705623eb284e7df/IQT7BLuLn8NmSrBq_1EWBFM3Ad1wmFhP7KEr_Zxm8MK0ETI?width=600&height=600
28-10-2025,1500.199951,1506.5,1490.5,1499.699951,8211019,4,Infosys,INFY.NS,Stock,IT,https://1drv.ms/i/c/8705623eb284e7df/IQT7BLuLn8NmSrBq_1EWBFM3Ad1wmFhP7KEr_Zxm8MK0ETI?width=600&height=600
29-10-2025,1510.400024,1520.199951,1496.900024,1500.199951,4884976,4,Infosys,INFY.NS,Stock,IT,https://1drv.ms/i/c/8705623eb284e7df/IQT7BLuLn8NmSrBq_1EWBFM3Ad1wmFhP7KEr_Zxm8MK0ETI?width=600&height=600
30-10-2025,1493.800049,1508.199951,1489.099976,1507,5608867,4,Infosys,INFY.NS,Stock,IT,https://1drv.ms/i/c/8705623eb284e7df/IQT7BLuLn8NmSrBq_1EWBFM3Ad1wmFhP7KEr_Zxm8MK0ETI?width=600&height=600
31-10-2025,1482.300049,1497.099976,1480.699951,1490,4819814,4,Infosys,INFY.NS,Stock,IT,https://1drv.ms/i/c/8705623eb284e7df/IQT7BLuLn8NmSrBq_1EWBFM3Ad1wmFhP7KEr_Zxm8MK0ETI?width=600&height=600
03-11-2025,1485.5,1491.400024,1474.199951,1482.300049,5470600,4,Infosys,INFY.NS,Stock,IT,https://1drv.ms/i/c/8705623eb284e7df/IQT7BLuLn8NmSrBq_1EWBFM3Ad1wmFhP7KEr_Zxm8MK0ETI?width=600&height=600
04-11-2025,1467.900024,1481.900024,1462.900024,1479.699951,8691330,4,Infosys,INFY.NS,Stock,IT,https://1drv.ms/i/c/8705623eb284e7df/IQT7BLuLn8NmSrBq_1EWBFM3Ad1wmFhP7KEr_Zxm8MK0ETI?width=600&height=600
06-11-2025,1466.699951,1483,1461.900024,1478.599976,7944752,4,Infosys,INFY.NS,Stock,IT,https://1drv.ms/i/c/8705623eb284e7df/IQT7BLuLn8NmSrBq_1EWBFM3Ad1wmFhP7KEr_Zxm8MK0ETI?width=600&height=600
07-11-2025,1476.800049,1480.900024,1449.099976,1470,8765759,4,Infosys,INFY.NS,Stock,IT,https://1drv.ms/i/c/8705623eb284e7df/IQT7BLuLn8NmSrBq_1EWBFM3Ad1wmFhP7KEr_Zxm8MK0ETI?width=600&height=600
10-11-2025,1513.5,1520,1490,1490.099976,9787975,4,Infosys,INFY.NS,Stock,IT,https://1drv.ms/i/c/8705623eb284e7df/IQT7BLuLn8NmSrBq_1EWBFM3Ad1wmFhP7KEr_Zxm8MK0ETI?width=600&height=600
11-11-2025,1530.300049,1533.400024,1511.099976,1525,13692989,4,Infosys,INFY.NS,Stock,IT,https://1drv.ms/i/c/8705623eb284e7df/IQT7BLuLn8NmSrBq_1EWBFM3Ad1wmFhP7KEr_Zxm8MK0ETI?width=600&height=600
12-11-2025,1551.699951,1559.199951,1538.099976,1540,14635417,4,Infosys,INFY.NS,Stock,IT,https://1drv.ms/i/c/8705623eb284e7df/IQT7BLuLn8NmSrBq_1EWBFM3Ad1wmFhP7KEr_Zxm8MK0ETI?width=600&height=600
13-11-2025,1541.800049,1557.5,1530.300049,1557.099976,19655689,4,Infosys,INFY.NS,Stock,IT,https://1drv.ms/i/c/8705623eb284e7df/IQT7BLuLn8NmSrBq_1EWBFM3Ad1wmFhP7KEr_Zxm8MK0ETI?width=600&height=600
14-11-2025,1502.800049,1530,1488.800049,1520,9739549,4,Infosys,INFY.NS,Stock,IT,https://1drv.ms/i/c/8705623eb284e7df/IQT7BLuLn8NmSrBq_1EWBFM3Ad1wmFhP7KEr_Zxm8MK0ETI?width=600&height=600
17-11-2025,1507.599976,1510.199951,1492.5,1496,7910354,4,Infosys,INFY.NS,Stock,IT,https://1drv.ms/i/c/8705623eb284e7df/IQT7BLuLn8NmSrBq_1EWBFM3Ad1wmFhP7KEr_Zxm8MK0ETI?width=600&height=600
18-11-2025,1486.400024,1506,1483.199951,1506,7525119,4,Infosys,INFY.NS,Stock,IT,https://1drv.ms/i/c/8705623eb284e7df/IQT7BLuLn8NmSrBq_1EWBFM3Ad1wmFhP7KEr_Zxm8MK0ETI?width=600&height=600
19-11-2025,1541.099976,1543,1490.5,1490.5,10981126,4,Infosys,INFY.NS,Stock,IT,https://1drv.ms/i/c/8705623eb284e7df/IQT7BLuLn8NmSrBq_1EWBFM3Ad1wmFhP7KEr_Zxm8MK0ETI?width=600&height=600
20-11-2025,1536.5,1555,1534,1555,7387584,4,Infosys,INFY.NS,Stock,IT,https://1drv.ms/i/c/8705623eb284e7df/IQT7BLuLn8NmSrBq_1EWBFM3Ad1wmFhP7KEr_Zxm8MK0ETI?width=600&height=600
21-11-2025,1545,1551.5,1526.300049,1531,9186302,4,Infosys,INFY.NS,Stock,IT,https://1drv.ms/i/c/8705623eb284e7df/IQT7BLuLn8NmSrBq_1EWBFM3Ad1wmFhP7KEr_Zxm8MK0ETI?width=600&height=600
24-11-2025,1548,1585,1541,1563.599976,19270381,4,Infosys,INFY.NS,Stock,IT,https://1drv.ms/i/c/8705623eb284e7df/IQT7BLuLn8NmSrBq_1EWBFM3Ad1wmFhP7KEr_Zxm8MK0ETI?width=600&height=600
25-11-2025,1530.599976,1550.599976,1525.900024,1549,8107952,4,Infosys,INFY.NS,Stock,IT,https://1drv.ms/i/c/8705623eb284e7df/IQT7BLuLn8NmSrBq_1EWBFM3Ad1wmFhP7KEr_Zxm8MK0ETI?width=600&height=600
26-11-2025,1557.900024,1560.300049,1532.099976,1532.099976,7575038,4,Infosys,INFY.NS,Stock,IT,https://1drv.ms/i/c/8705623eb284e7df/IQT7BLuLn8NmSrBq_1EWBFM3Ad1wmFhP7KEr_Zxm8MK0ETI?width=600&height=600
27-11-2025,1566.400024,1574.300049,1552.199951,1564,7552252,4,Infosys,INFY.NS,Stock,IT,https://1drv.ms/i/c/8705623eb284e7df/IQT7BLuLn8NmSrBq_1EWBFM3Ad1wmFhP7KEr_Zxm8MK0ETI?width=600&height=600
28-11-2025,1560.099976,1568.400024,1557,1565,4453221,4,Infosys,INFY.NS,Stock,IT,https://1drv.ms/i/c/8705623eb284e7df/IQT7BLuLn8NmSrBq_1EWBFM3Ad1wmFhP7KEr_Zxm8MK0ETI?width=600&height=600
01-12-2025,1564,1574,1556,1562.5,5341800,4,Infosys,INFY.NS,Stock,IT,https://1drv.ms/i/c/8705623eb284e7df/IQT7BLuLn8NmSrBq_1EWBFM3Ad1wmFhP7KEr_Zxm8MK0ETI?width=600&height=600
02-12-2025,1561,1579.900024,1556.099976,1567,6335969,4,Infosys,INFY.NS,Stock,IT,https://1drv.ms/i/c/8705623eb284e7df/IQT7BLuLn8NmSrBq_1EWBFM3Ad1wmFhP7KEr_Zxm8MK0ETI?width=600&height=600
03-12-2025,1578.699951,1586,1554.099976,1555.099976,12895312,4,Infosys,INFY.NS,Stock,IT,https://1drv.ms/i/c/8705623eb284e7df/IQT7BLuLn8NmSrBq_1EWBFM3Ad1wmFhP7KEr_Zxm8MK0ETI?width=600&height=600
04-12-2025,1597.599976,1599,1568,1568,12609619,4,Infosys,INFY.NS,Stock,IT,https://1drv.ms/i/c/8705623eb284e7df/IQT7BLuLn8NmSrBq_1EWBFM3Ad1wmFhP7KEr_Zxm8MK0ETI?width=600&height=600
05-12-2025,1616.199951,1631.800049,1600,1610,10344725,4,Infosys,INFY.NS,Stock,IT,https://1drv.ms/i/c/8705623eb284e7df/IQT7BLuLn8NmSrBq_1EWBFM3Ad1wmFhP7KEr_Zxm8MK0ETI?width=600&height=600
08-12-2025,1610.800049,1630,1600.199951,1617.099976,7550413,4,Infosys,INFY.NS,Stock,IT,https://1drv.ms/i/c/8705623eb284e7df/IQT7BLuLn8NmSrBq_1EWBFM3Ad1wmFhP7KEr_Zxm8MK0ETI?width=600&height=600
09-12-2025,1599,1606.900024,1582.400024,1601.199951,6957599,4,Infosys,INFY.NS,Stock,IT,https://1drv.ms/i/c/8705623eb284e7df/IQT7BLuLn8NmSrBq_1EWBFM3Ad1wmFhP7KEr_Zxm8MK0ETI?width=600&height=600
10-12-2025,1584.800049,1608,1582.800049,1608,5116140,4,Infosys,INFY.NS,Stock,IT,https://1drv.ms/i/c/8705623eb284e7df/IQT7BLuLn8NmSrBq_1EWBFM3Ad1wmFhP7KEr_Zxm8MK0ETI?width=600&height=600
11-12-2025,1598,1607.400024,1580.5,1598,5159319,4,Infosys,INFY.NS,Stock,IT,https://1drv.ms/i/c/8705623eb284e7df/IQT7BLuLn8NmSrBq_1EWBFM3Ad1wmFhP7KEr_Zxm8MK0ETI?width=600&height=600
12-12-2025,1598.199951,1601.800049,1582.599976,1601.400024,4633912,4,Infosys,INFY.NS,Stock,IT,https://1drv.ms/i/c/8705623eb284e7df/IQT7BLuLn8NmSrBq_1EWBFM3Ad1wmFhP7KEr_Zxm8MK0ETI?width=600&height=600
15-12-2025,1606.800049,1610.800049,1585,1585,4190558,4,Infosys,INFY.NS,Stock,IT,https://1drv.ms/i/c/8705623eb284e7df/IQT7BLuLn8NmSrBq_1EWBFM3Ad1wmFhP7KEr_Zxm8MK0ETI?width=600&height=600
16-12-2025,1592.900024,1603,1585.599976,1600,5499258,4,Infosys,INFY.NS,Stock,IT,https://1drv.ms/i/c/8705623eb284e7df/IQT7BLuLn8NmSrBq_1EWBFM3Ad1wmFhP7KEr_Zxm8MK0ETI?width=600&height=600
17-12-2025,1602,1606.900024,1586,1587.199951,4817628,4,Infosys,INFY.NS,Stock,IT,https://1drv.ms/i/c/8705623eb284e7df/IQT7BLuLn8NmSrBq_1EWBFM3Ad1wmFhP7KEr_Zxm8MK0ETI?width=600&height=600
18-12-2025,1626.800049,1630,1606.699951,1610.5,6577293,4,Infosys,INFY.NS,Stock,IT,https://1drv.ms/i/c/8705623eb284e7df/IQT7BLuLn8NmSrBq_1EWBFM3Ad1wmFhP7KEr_Zxm8MK0ETI?width=600&height=600
19-12-2025,1638.699951,1654.900024,1629.800049,1650,13149023,4,Infosys,INFY.NS,Stock,IT,https://1drv.ms/i/c/8705623eb284e7df/IQT7BLuLn8NmSrBq_1EWBFM3Ad1wmFhP7KEr_Zxm8MK0ETI?width=600&height=600
22-12-2025,1689.599976,1693.199951,1664,1664,23098923,4,Infosys,INFY.NS,Stock,IT,https://1drv.ms/i/c/8705623eb284e7df/IQT7BLuLn8NmSrBq_1EWBFM3Ad1wmFhP7KEr_Zxm8MK0ETI?width=600&height=600
23-12-2025,1668.300049,1679,1656.400024,1679,6593060,4,Infosys,INFY.NS,Stock,IT,https://1drv.ms/i/c/8705623eb284e7df/IQT7BLuLn8NmSrBq_1EWBFM3Ad1wmFhP7KEr_Zxm8MK0ETI?width=600&height=600
24-12-2025,1663.400024,1667.599976,1652.5,1661,4271167,4,Infosys,INFY.NS,Stock,IT,https://1drv.ms/i/c/8705623eb284e7df/IQT7BLuLn8NmSrBq_1EWBFM3Ad1wmFhP7KEr_Zxm8MK0ETI?width=600&height=600
26-12-2025,1656.099976,1668.800049,1651.699951,1663.400024,2006491,4,Infosys,INFY.NS,Stock,IT,https://1drv.ms/i/c/8705623eb284e7df/IQT7BLuLn8NmSrBq_1EWBFM3Ad1wmFhP7KEr_Zxm8MK0ETI?width=600&height=600
29-12-2025,1644.699951,1673.099976,1637.099976,1658,4062817,4,Infosys,INFY.NS,Stock,IT,https://1drv.ms/i/c/8705623eb284e7df/IQT7BLuLn8NmSrBq_1EWBFM3Ad1wmFhP7KEr_Zxm8MK0ETI?width=600&height=600
30-12-2025,1621.599976,1647.900024,1616.800049,1647,9395937,4,Infosys,INFY.NS,Stock,IT,https://1drv.ms/i/c/8705623eb284e7df/IQT7BLuLn8NmSrBq_1EWBFM3Ad1wmFhP7KEr_Zxm8MK0ETI?width=600&height=600
31-12-2025,1615.400024,1628.599976,1609.199951,1621,6538656,4,Infosys,INFY.NS,Stock,IT,https://1drv.ms/i/c/8705623eb284e7df/IQT7BLuLn8NmSrBq_1EWBFM3Ad1wmFhP7KEr_Zxm8MK0ETI?width=600&height=600
