Date,Close,High,Low,Open,Volume,AssetID,AssetName,Ticker,AssetType,Sector,Logo
01-01-2021,159.7165985,159.9780009,156.3183793,156.7664926,20279389,7,ITC,ITC.NS,Stock,FMCG,https://1drv.ms/i/c/8705623eb284e7df/IQTfbzFBbZznTaLnx0uHxyuiAc3GUJk8E_LiqTeZVl8de-o?width=640&height=479
04-01-2021,159.3805389,161.3223754,158.4096207,159.8286523,27927482,7,ITC,ITC.NS,Stock,FMCG,https://1drv.ms/i/c/8705623eb284e7df/IQTfbzFBbZznTaLnx0uHxyuiAc3GUJk8E_LiqTeZVl8de-o?width=640&height=480
05-01-2021,157.9241486,159.2685004,157.2893124,158.671016,18718244,7,ITC,ITC.NS,Stock,FMCG,https://1drv.ms/i/c/8705623eb284e7df/IQTfbzFBbZznTaLnx0uHxyuiAc3GUJk8E_LiqTeZVl8de-o?width=640&height=480
06-01-2021,153.4056244,157.9614848,152.7334485,157.9241449,50957586,7,ITC,ITC.NS,Stock,FMCG,https://1drv.ms/i/c/8705623eb284e7df/IQTfbzFBbZznTaLnx0uHxyuiAc3GUJk8E_LiqTeZVl8de-o?width=640&height=480
07-01-2021,151.4637909,155.0487335,150.940986,153.9284441,36298522,7,ITC,ITC.NS,Stock,FMCG,https://1drv.ms/i/c/8705623eb284e7df/IQTfbzFBbZznTaLnx0uHxyuiAc3GUJk8E_LiqTeZVl8de-o?width=640&height=480
08-01-2021,150.4928589,153.8537385,149.5592805,152.621418,58600546,7,ITC,ITC.NS,Stock,FMCG,https://1drv.ms/i/c/8705623eb284e7df/IQTfbzFBbZznTaLnx0uHxyuiAc3GUJk8E_LiqTeZVl8de-o?width=640&height=480
11-01-2021,151.2397308,153.9284346,150.3061525,152.3600201,44625924,7,ITC,ITC.NS,Stock,FMCG,https://1drv.ms/i/c/8705623eb284e7df/IQTfbzFBbZznTaLnx0uHxyuiAc3GUJk8E_LiqTeZVl8de-o?width=640&height=480
12-01-2021,154.1898499,154.5259319,150.5675674,151.6131653,36989137,7,ITC,ITC.NS,Stock,FMCG,https://1drv.ms/i/c/8705623eb284e7df/IQTfbzFBbZznTaLnx0uHxyuiAc3GUJk8E_LiqTeZVl8de-o?width=640&height=480
13-01-2021,157.774765,159.081777,153.2935845,154.9366785,66387977,7,ITC,ITC.NS,Stock,FMCG,https://1drv.ms/i/c/8705623eb284e7df/IQTfbzFBbZznTaLnx0uHxyuiAc3GUJk8E_LiqTeZVl8de-o?width=640&height=480
14-01-2021,159.9406891,161.6958146,158.0361924,158.3349347,50164605,7,ITC,ITC.NS,Stock,FMCG,https://1drv.ms/i/c/8705623eb284e7df/IQTfbzFBbZznTaLnx0uHxyuiAc3GUJk8E_LiqTeZVl8de-o?width=640&height=480
15-01-2021,162.704071,163.189536,157.7374371,160.5008205,60567280,7,ITC,ITC.NS,Stock,FMCG,https://1drv.ms/i/c/8705623eb284e7df/IQTfbzFBbZznTaLnx0uHxyuiAc3GUJk8E_LiqTeZVl8de-o?width=640&height=480
18-01-2021,164.1231079,165.8035418,160.2767634,163.1148381,70211602,7,ITC,ITC.NS,Stock,FMCG,https://1drv.ms/i/c/8705623eb284e7df/IQTfbzFBbZznTaLnx0uHxyuiAc3GUJk8E_LiqTeZVl8de-o?width=640&height=480
19-01-2021,163.4509277,165.5794869,162.4426697,165.0566939,33009228,7,ITC,ITC.NS,Stock,FMCG,https://1drv.ms/i/c/8705623eb284e7df/IQTfbzFBbZznTaLnx0uHxyuiAc3GUJk8E_LiqTeZVl8de-o?width=640&height=480
20-01-2021,162.554718,163.5629761,161.0983347,163.1895542,46392916,7,ITC,ITC.NS,Stock,FMCG,https://1drv.ms/i/c/8705623eb284e7df/IQTfbzFBbZznTaLnx0uHxyuiAc3GUJk8E_LiqTeZVl8de-o?width=640&height=480
21-01-2021,159.604599,163.936397,158.4842978,163.5629633,30116008,7,ITC,ITC.NS,Stock,FMCG,https://1drv.ms/i/c/8705623eb284e7df/IQTfbzFBbZznTaLnx0uHxyuiAc3GUJk8E_LiqTeZVl8de-o?width=640&height=480
22-01-2021,157.3640137,160.3887997,156.2063727,159.828655,25663922,7,ITC,ITC.NS,Stock,FMCG,https://1drv.ms/i/c/8705623eb284e7df/IQTfbzFBbZznTaLnx0uHxyuiAc3GUJk8E_LiqTeZVl8de-o?width=640&height=480
25-01-2021,155.1980743,158.7083366,154.4885587,158.3349029,25929487,7,ITC,ITC.NS,Stock,FMCG,https://1drv.ms/i/c/8705623eb284e7df/IQTfbzFBbZznTaLnx0uHxyuiAc3GUJk8E_LiqTeZVl8de-o?width=640&height=480
27-01-2021,157.3266602,158.8203951,154.6753079,155.3474839,50338134,7,ITC,ITC.NS,Stock,FMCG,https://1drv.ms/i/c/8705623eb284e7df/IQTfbzFBbZznTaLnx0uHxyuiAc3GUJk8E_LiqTeZVl8de-o?width=640&height=480
28-01-2021,154.3018646,157.5880528,153.6670285,156.2810526,22984352,7,ITC,ITC.NS,Stock,FMCG,https://1drv.ms/i/c/8705623eb284e7df/IQTfbzFBbZznTaLnx0uHxyuiAc3GUJk8E_LiqTeZVl8de-o?width=640&height=480
29-01-2021,151.7998962,155.9449838,151.1277202,155.7582728,24679902,7,ITC,ITC.NS,Stock,FMCG,https://1drv.ms/i/c/8705623eb284e7df/IQTfbzFBbZznTaLnx0uHxyuiAc3GUJk8E_LiqTeZVl8de-o?width=640&height=480
01-02-2021,161.2850189,162.7787418,150.7169154,152.3600094,59968324,7,ITC,ITC.NS,Stock,FMCG,https://1drv.ms/i/c/8705623eb284e7df/IQTfbzFBbZznTaLnx0uHxyuiAc3GUJk8E_LiqTeZVl8de-o?width=640&height=480
02-02-2021,162.9654846,166.9238609,162.069246,164.3098366,50324035,7,ITC,ITC.NS,Stock,FMCG,https://1drv.ms/i/c/8705623eb284e7df/IQTfbzFBbZznTaLnx0uHxyuiAc3GUJk8E_LiqTeZVl8de-o?width=640&height=480
03-02-2021,161.8825226,165.8035469,161.0983154,165.4301132,55709225,7,ITC,ITC.NS,Stock,FMCG,https://1drv.ms/i/c/8705623eb284e7df/IQTfbzFBbZznTaLnx0uHxyuiAc3GUJk8E_LiqTeZVl8de-o?width=640&height=480
04-02-2021,171.7411041,172.8240535,161.3223598,161.3970513,109894300,7,ITC,ITC.NS,Stock,FMCG,https://1drv.ms/i/c/8705623eb284e7df/IQTfbzFBbZznTaLnx0uHxyuiAc3GUJk8E_LiqTeZVl8de-o?width=640&height=480
05-02-2021,175.0273132,178.388205,169.7245968,173.384219,130323308,7,ITC,ITC.NS,Stock,FMCG,https://1drv.ms/i/c/8705623eb284e7df/IQTfbzFBbZznTaLnx0uHxyuiAc3GUJk8E_LiqTeZVl8de-o?width=640&height=480
08-02-2021,174.0937195,177.790693,172.8987506,177.3799195,43093963,7,ITC,ITC.NS,Stock,FMCG,https://1drv.ms/i/c/8705623eb284e7df/IQTfbzFBbZznTaLnx0uHxyuiAc3GUJk8E_LiqTeZVl8de-o?width=640&height=480
09-02-2021,171.031601,178.6496114,170.4341164,175.2140399,73377134,7,ITC,ITC.NS,Stock,FMCG,https://1drv.ms/i/c/8705623eb284e7df/IQTfbzFBbZznTaLnx0uHxyuiAc3GUJk8E_LiqTeZVl8de-o?width=640&height=480
10-02-2021,169.9486389,172.6000029,166.625099,171.0315884,49104142,7,ITC,ITC.NS,Stock,FMCG,https://1drv.ms/i/c/8705623eb284e7df/IQTfbzFBbZznTaLnx0uHxyuiAc3GUJk8E_LiqTeZVl8de-o?width=640&height=480
11-02-2021,169.1270905,171.2556496,167.6707073,171.031587,45311749,7,ITC,ITC.NS,Stock,FMCG,https://1drv.ms/i/c/8705623eb284e7df/IQTfbzFBbZznTaLnx0uHxyuiAc3GUJk8E_LiqTeZVl8de-o?width=640&height=480
12-02-2021,162.4053192,168.6042734,161.1729869,168.6042734,114826417,7,ITC,ITC.NS,Stock,FMCG,https://1drv.ms/i/c/8705623eb284e7df/IQTfbzFBbZznTaLnx0uHxyuiAc3GUJk8E_LiqTeZVl8de-o?width=640&height=480
15-02-2021,163.2642212,165.0566983,162.4426741,163.1521899,33000365,7,ITC,ITC.NS,Stock,FMCG,https://1drv.ms/i/c/8705623eb284e7df/IQTfbzFBbZznTaLnx0uHxyuiAc3GUJk8E_LiqTeZVl8de-o?width=640&height=480
16-02-2021,163.0028076,165.6541715,162.2559521,163.6003039,30271502,7,ITC,ITC.NS,Stock,FMCG,https://1drv.ms/i/c/8705623eb284e7df/IQTfbzFBbZznTaLnx0uHxyuiAc3GUJk8E_LiqTeZVl8de-o?width=640&height=480
17-02-2021,162.629364,163.114829,161.7331374,162.5173327,20615018,7,ITC,ITC.NS,Stock,FMCG,https://1drv.ms/i/c/8705623eb284e7df/IQTfbzFBbZznTaLnx0uHxyuiAc3GUJk8E_LiqTeZVl8de-o?width=640&height=480
18-02-2021,163.4509277,164.7579398,162.741412,162.9654746,24997592,7,ITC,ITC.NS,Stock,FMCG,https://1drv.ms/i/c/8705623eb284e7df/IQTfbzFBbZznTaLnx0uHxyuiAc3GUJk8E_LiqTeZVl8de-o?width=640&height=480
19-02-2021,161.2850189,163.4882694,159.8286358,163.4509177,29208388,7,ITC,ITC.NS,Stock,FMCG,https://1drv.ms/i/c/8705623eb284e7df/IQTfbzFBbZznTaLnx0uHxyuiAc3GUJk8E_LiqTeZVl8de-o?width=640&height=480
22-02-2021,158.4478607,162.235919,157.6443325,162.235919,53531490,7,ITC,ITC.NS,Stock,FMCG,https://1drv.ms/i/c/8705623eb284e7df/IQTfbzFBbZznTaLnx0uHxyuiAc3GUJk8E_LiqTeZVl8de-o?width=640&height=480
23-02-2021,159.5575104,161.1263073,158.4096197,159.1748882,27703323,7,ITC,ITC.NS,Stock,FMCG,https://1drv.ms/i/c/8705623eb284e7df/IQTfbzFBbZznTaLnx0uHxyuiAc3GUJk8E_LiqTeZVl8de-o?width=640&height=480
24-02-2021,159.8253326,160.5523413,158.0269651,160.0166558,13667471,7,ITC,ITC.NS,Stock,FMCG,https://1drv.ms/i/c/8705623eb284e7df/IQTfbzFBbZznTaLnx0uHxyuiAc3GUJk8E_LiqTeZVl8de-o?width=640&height=480
25-02-2021,160.0549164,161.6237131,159.7870736,160.3227591,26953713,7,ITC,ITC.NS,Stock,FMCG,https://1drv.ms/i/c/8705623eb284e7df/IQTfbzFBbZznTaLnx0uHxyuiAc3GUJk8E_LiqTeZVl8de-o?width=640&height=480
26-02-2021,155.9990234,159.1748768,155.3485464,158.6009193,45101885,7,ITC,ITC.NS,Stock,FMCG,https://1drv.ms/i/c/8705623eb284e7df/IQTfbzFBbZznTaLnx0uHxyuiAc3GUJk8E_LiqTeZVl8de-o?width=640&height=480
01-03-2021,158.3330841,158.9835611,156.1520821,157.2234532,16850430,7,ITC,ITC.NS,Stock,FMCG,https://1drv.ms/i/c/8705623eb284e7df/IQTfbzFBbZznTaLnx0uHxyuiAc3GUJk8E_LiqTeZVl8de-o?width=640&height=480
02-03-2021,160.6288757,161.3176126,158.0269797,158.409614,26590262,7,ITC,ITC.NS,Stock,FMCG,https://1drv.ms/i/c/8705623eb284e7df/IQTfbzFBbZznTaLnx0uHxyuiAc3GUJk8E_LiqTeZVl8de-o?width=640&height=480
03-03-2021,160.6671448,162.2359295,159.7870848,162.2359295,21648963,7,ITC,ITC.NS,Stock,FMCG,https://1drv.ms/i/c/8705623eb284e7df/IQTfbzFBbZznTaLnx0uHxyuiAc3GUJk8E_LiqTeZVl8de-o?width=640&height=480
04-03-2021,160.4758301,161.7002525,158.8687734,159.7870932,25858155,7,ITC,ITC.NS,Stock,FMCG,https://1drv.ms/i/c/8705623eb284e7df/IQTfbzFBbZznTaLnx0uHxyuiAc3GUJk8E_LiqTeZVl8de-o?width=640&height=480
05-03-2021,159.5957336,160.7053642,158.5626226,159.1748397,17990773,7,ITC,ITC.NS,Stock,FMCG,https://1drv.ms/i/c/8705623eb284e7df/IQTfbzFBbZznTaLnx0uHxyuiAc3GUJk8E_LiqTeZVl8de-o?width=640&height=480
08-03-2021,159.1748657,161.3175955,158.9452828,160.4758075,23874105,7,ITC,ITC.NS,Stock,FMCG,https://1drv.ms/i/c/8705623eb284e7df/IQTfbzFBbZznTaLnx0uHxyuiAc3GUJk8E_LiqTeZVl8de-o?width=640&height=480
09-03-2021,159.0218048,160.5140698,156.6877518,159.7105416,23463213,7,ITC,ITC.NS,Stock,FMCG,https://1drv.ms/i/c/8705623eb284e7df/IQTfbzFBbZznTaLnx0uHxyuiAc3GUJk8E_LiqTeZVl8de-o?width=640&height=480
10-03-2021,158.0269623,160.0931725,157.4912768,160.0166529,20358192,7,ITC,ITC.NS,Stock,FMCG,https://1drv.ms/i/c/8705623eb284e7df/IQTfbzFBbZznTaLnx0uHxyuiAc3GUJk8E_LiqTeZVl8de-o?width=640&height=480
12-03-2021,157.0321198,159.1748616,155.7311659,159.1748616,31973696,7,ITC,ITC.NS,Stock,FMCG,https://1drv.ms/i/c/8705623eb284e7df/IQTfbzFBbZznTaLnx0uHxyuiAc3GUJk8E_LiqTeZVl8de-o?width=640&height=480
15-03-2021,157.2234344,157.6443285,154.2771764,157.5295491,42699297,7,ITC,ITC.NS,Stock,FMCG,https://1drv.ms/i/c/8705623eb284e7df/IQTfbzFBbZznTaLnx0uHxyuiAc3GUJk8E_LiqTeZVl8de-o?width=640&height=480
16-03-2021,159.0600433,159.8635714,156.8407701,157.9504128,50641203,7,ITC,ITC.NS,Stock,FMCG,https://1drv.ms/i/c/8705623eb284e7df/IQTfbzFBbZznTaLnx0uHxyuiAc3GUJk8E_LiqTeZVl8de-o?width=640&height=480
17-03-2021,161.1645508,163.689927,159.5957662,162.3889731,81604999,7,ITC,ITC.NS,Stock,FMCG,https://1drv.ms/i/c/8705623eb284e7df/IQTfbzFBbZznTaLnx0uHxyuiAc3GUJk8E_LiqTeZVl8de-o?width=640&height=480
18-03-2021,166.5596771,167.669308,162.1594013,163.0012015,95536034,7,ITC,ITC.NS,Stock,FMCG,https://1drv.ms/i/c/8705623eb284e7df/IQTfbzFBbZznTaLnx0uHxyuiAc3GUJk8E_LiqTeZVl8de-o?width=640&height=480
19-03-2021,170.6155396,173.0643839,164.9525946,167.59275,139352860,7,ITC,ITC.NS,Stock,FMCG,https://1drv.ms/i/c/8705623eb284e7df/IQTfbzFBbZznTaLnx0uHxyuiAc3GUJk8E_LiqTeZVl8de-o?width=640&height=480
22-03-2021,172.9496155,173.255718,169.5059196,170.8833931,47823778,7,ITC,ITC.NS,Stock,FMCG,https://1drv.ms/i/c/8705623eb284e7df/IQTfbzFBbZznTaLnx0uHxyuiAc3GUJk8E_LiqTeZVl8de-o?width=640&height=480
23-03-2021,170.0416107,174.5566656,169.3528739,172.1843528,43165463,7,ITC,ITC.NS,Stock,FMCG,https://1drv.ms/i/c/8705623eb284e7df/IQTfbzFBbZznTaLnx0uHxyuiAc3GUJk8E_LiqTeZVl8de-o?width=640&height=480
24-03-2021,165.2587128,170.5007764,164.7230273,169.1233028,28672557,7,ITC,ITC.NS,Stock,FMCG,https://1drv.ms/i/c/8705623eb284e7df/IQTfbzFBbZznTaLnx0uHxyuiAc3GUJk8E_LiqTeZVl8de-o?width=640&height=480
25-03-2021,161.9298248,165.2587173,159.9784059,164.6465122,42248040,7,ITC,ITC.NS,Stock,FMCG,https://1drv.ms/i/c/8705623eb284e7df/IQTfbzFBbZznTaLnx0uHxyuiAc3GUJk8E_LiqTeZVl8de-o?width=640&height=480
26-03-2021,161.3941498,164.1108374,160.9732557,163.9577861,27083832,7,ITC,ITC.NS,Stock,FMCG,https://1drv.ms/i/c/8705623eb284e7df/IQTfbzFBbZznTaLnx0uHxyuiAc3GUJk8E_LiqTeZVl8de-o?width=640&height=480
30-03-2021,164.1873169,164.5316913,161.0114762,163.1924777,28862387,7,ITC,ITC.NS,Stock,FMCG,https://1drv.ms/i/c/8705623eb284e7df/IQTfbzFBbZznTaLnx0uHxyuiAc3GUJk8E_LiqTeZVl8de-o?width=640&height=480
31-03-2021,167.2101135,167.8223185,162.771579,163.80469,37890481,7,ITC,ITC.NS,Stock,FMCG,https://1drv.ms/i/c/8705623eb284e7df/IQTfbzFBbZznTaLnx0uHxyuiAc3GUJk8E_LiqTeZVl8de-o?width=640&height=480
01-04-2021,168.3962708,168.8171647,166.2918009,168.358011,30182056,7,ITC,ITC.NS,Stock,FMCG,https://1drv.ms/i/c/8705623eb284e7df/IQTfbzFBbZznTaLnx0uHxyuiAc3GUJk8E_LiqTeZVl8de-o?width=640&height=480
05-04-2021,162.6567993,168.3580161,161.0880149,166.5213768,32586507,7,ITC,ITC.NS,Stock,FMCG,https://1drv.ms/i/c/8705623eb284e7df/IQTfbzFBbZznTaLnx0uHxyuiAc3GUJk8E_LiqTeZVl8de-o?width=640&height=480
06-04-2021,162.7333221,164.4934297,160.8201634,163.6133698,26663018,7,ITC,ITC.NS,Stock,FMCG,https://1drv.ms/i/c/8705623eb284e7df/IQTfbzFBbZznTaLnx0uHxyuiAc3GUJk8E_LiqTeZVl8de-o?width=640&height=480
07-04-2021,163.6134033,164.6847744,162.5803042,162.7716152,15790468,7,ITC,ITC.NS,Stock,FMCG,https://1drv.ms/i/c/8705623eb284e7df/IQTfbzFBbZznTaLnx0uHxyuiAc3GUJk8E_LiqTeZVl8de-o?width=640&height=480
08-04-2021,163.1925049,165.3735067,162.8864023,164.4169272,14660557,7,ITC,ITC.NS,Stock,FMCG,https://1drv.ms/i/c/8705623eb284e7df/IQTfbzFBbZznTaLnx0uHxyuiAc3GUJk8E_LiqTeZVl8de-o?width=640&height=480
09-04-2021,163.077713,165.2587149,162.656819,163.5751387,16994483,7,ITC,ITC.NS,Stock,FMCG,https://1drv.ms/i/c/8705623eb284e7df/IQTfbzFBbZznTaLnx0uHxyuiAc3GUJk8E_LiqTeZVl8de-o?width=640&height=480
12-04-2021,157.1086578,161.4706617,156.879087,160.7054053,35840817,7,ITC,ITC.NS,Stock,FMCG,https://1drv.ms/i/c/8705623eb284e7df/IQTfbzFBbZznTaLnx0uHxyuiAc3GUJk8E_LiqTeZVl8de-o?width=640&height=480
13-04-2021,159.7105408,160.4758092,157.6443305,158.409599,21027436,7,ITC,ITC.NS,Stock,FMCG,https://1drv.ms/i/c/8705623eb284e7df/IQTfbzFBbZznTaLnx0uHxyuiAc3GUJk8E_LiqTeZVl8de-o?width=640&height=480
15-04-2021,158.1800385,161.0497774,157.6443529,159.9401464,18205903,7,ITC,ITC.NS,Stock,FMCG,https://1drv.ms/i/c/8705623eb284e7df/IQTfbzFBbZznTaLnx0uHxyuiAc3GUJk8E_LiqTeZVl8de-o?width=640&height=480
16-04-2021,159.1365967,160.1314481,158.0269659,159.1748686,13824608,7,ITC,ITC.NS,Stock,FMCG,https://1drv.ms/i/c/8705623eb284e7df/IQTfbzFBbZznTaLnx0uHxyuiAc3GUJk8E_LiqTeZVl8de-o?width=640&height=480
19-04-2021,157.3382111,157.7208452,155.9224779,156.8790573,16400507,7,ITC,ITC.NS,Stock,FMCG,https://1drv.ms/i/c/8705623eb284e7df/IQTfbzFBbZznTaLnx0uHxyuiAc3GUJk8E_LiqTeZVl8de-o?width=640&height=480
20-04-2021,155.769455,158.4096107,154.9659267,157.7973935,22187707,7,ITC,ITC.NS,Stock,FMCG,https://1drv.ms/i/c/8705623eb284e7df/IQTfbzFBbZznTaLnx0uHxyuiAc3GUJk8E_LiqTeZVl8de-o?width=640&height=480
22-04-2021,157.5678253,157.8739279,153.4736642,154.5832951,24030915,7,ITC,ITC.NS,Stock,FMCG,https://1drv.ms/i/c/8705623eb284e7df/IQTfbzFBbZznTaLnx0uHxyuiAc3GUJk8E_LiqTeZVl8de-o?width=640&height=480
23-04-2021,157.1469269,158.409609,156.3051388,156.3051388,20381213,7,ITC,ITC.NS,Stock,FMCG,https://1drv.ms/i/c/8705623eb284e7df/IQTfbzFBbZznTaLnx0uHxyuiAc3GUJk8E_LiqTeZVl8de-o?width=640&height=480
26-04-2021,157.1086578,158.2183008,156.649504,157.4912921,20652091,7,ITC,ITC.NS,Stock,FMCG,https://1drv.ms/i/c/8705623eb284e7df/IQTfbzFBbZznTaLnx0uHxyuiAc3GUJk8E_LiqTeZVl8de-o?width=640&height=480
27-04-2021,157.1851807,158.3713432,156.9173379,157.108649,11885588,7,ITC,ITC.NS,Stock,FMCG,https://1drv.ms/i/c/8705623eb284e7df/IQTfbzFBbZznTaLnx0uHxyuiAc3GUJk8E_LiqTeZVl8de-o?width=640&height=480
28-04-2021,157.261734,158.0269905,157.1086706,157.6443562,13197445,7,ITC,ITC.NS,Stock,FMCG,https://1drv.ms/i/c/8705623eb284e7df/IQTfbzFBbZznTaLnx0uHxyuiAc3GUJk8E_LiqTeZVl8de-o?width=640&height=480
29-04-2021,156.343399,158.8305035,156.1520759,158.4861411,13601150,7,ITC,ITC.NS,Stock,FMCG,https://1drv.ms/i/c/8705623eb284e7df/IQTfbzFBbZznTaLnx0uHxyuiAc3GUJk8E_LiqTeZVl8de-o?width=640&height=480
30-04-2021,155.0424652,157.4147906,154.5833113,156.0373168,17130954,7,ITC,ITC.NS,Stock,FMCG,https://1drv.ms/i/c/8705623eb284e7df/IQTfbzFBbZznTaLnx0uHxyuiAc3GUJk8E_LiqTeZVl8de-o?width=640&height=480
03-05-2021,153.7797546,154.4684914,153.0527581,153.9710657,21405441,7,ITC,ITC.NS,Stock,FMCG,https://1drv.ms/i/c/8705623eb284e7df/IQTfbzFBbZznTaLnx0uHxyuiAc3GUJk8E_LiqTeZVl8de-o?width=640&height=480
04-05-2021,152.7466583,154.8511407,152.3640362,153.9710807,18962501,7,ITC,ITC.NS,Stock,FMCG,https://1drv.ms/i/c/8705623eb284e7df/IQTfbzFBbZznTaLnx0uHxyuiAc3GUJk8E_LiqTeZVl8de-o?width=640&height=480
05-05-2021,154.1241455,154.5832994,152.6701401,154.1624053,14396547,7,ITC,ITC.NS,Stock,FMCG,https://1drv.ms/i/c/8705623eb284e7df/IQTfbzFBbZznTaLnx0uHxyuiAc3GUJk8E_LiqTeZVl8de-o?width=640&height=480
06-05-2021,155.1572266,157.6060711,154.6598009,154.8128642,14872429,7,ITC,ITC.NS,Stock,FMCG,https://1drv.ms/i/c/8705623eb284e7df/IQTfbzFBbZznTaLnx0uHxyuiAc3GUJk8E_LiqTeZVl8de-o?width=640&height=480
07-05-2021,157.1469269,157.988715,155.3102873,155.3102873,20213092,7,ITC,ITC.NS,Stock,FMCG,https://1drv.ms/i/c/8705623eb284e7df/IQTfbzFBbZznTaLnx0uHxyuiAc3GUJk8E_LiqTeZVl8de-o?width=640&height=480
10-05-2021,157.2999878,158.7539811,156.8790937,158.5244102,16922951,7,ITC,ITC.NS,Stock,FMCG,https://1drv.ms/i/c/8705623eb284e7df/IQTfbzFBbZznTaLnx0uHxyuiAc3GUJk8E_LiqTeZVl8de-o?width=640&height=480
11-05-2021,156.1138306,158.0269899,155.9225195,156.037311,14277000,7,ITC,ITC.NS,Stock,FMCG,https://1drv.ms/i/c/8705623eb284e7df/IQTfbzFBbZznTaLnx0uHxyuiAc3GUJk8E_LiqTeZVl8de-o?width=640&height=480
12-05-2021,155.5398712,157.0703961,155.2337687,156.037297,17174525,7,ITC,ITC.NS,Stock,FMCG,https://1drv.ms/i/c/8705623eb284e7df/IQTfbzFBbZznTaLnx0uHxyuiAc3GUJk8E_LiqTeZVl8de-o?width=640&height=480
14-05-2021,162.4272308,163.1542395,156.1138085,156.8790769,64021335,7,ITC,ITC.NS,Stock,FMCG,https://1drv.ms/i/c/8705623eb284e7df/IQTfbzFBbZznTaLnx0uHxyuiAc3GUJk8E_LiqTeZVl8de-o?width=640&height=480
17-05-2021,162.6950684,166.0622325,161.9680718,165.9091812,39465392,7,ITC,ITC.NS,Stock,FMCG,https://1drv.ms/i/c/8705623eb284e7df/IQTfbzFBbZznTaLnx0uHxyuiAc3GUJk8E_LiqTeZVl8de-o?width=640&height=480
18-05-2021,160.7436523,164.225608,160.4375498,163.8429738,31653409,7,ITC,ITC.NS,Stock,FMCG,https://1drv.ms/i/c/8705623eb284e7df/IQTfbzFBbZznTaLnx0uHxyuiAc3GUJk8E_LiqTeZVl8de-o?width=640&height=480
19-05-2021,158.9835358,161.7767545,158.8304845,160.7436434,25345241,7,ITC,ITC.NS,Stock,FMCG,https://1drv.ms/i/c/8705623eb284e7df/IQTfbzFBbZznTaLnx0uHxyuiAc3GUJk8E_LiqTeZVl8de-o?width=640&height=480
20-05-2021,158.4096069,160.1697148,158.2565557,159.5192378,21688686,7,ITC,ITC.NS,Stock,FMCG,https://1drv.ms/i/c/8705623eb284e7df/IQTfbzFBbZznTaLnx0uHxyuiAc3GUJk8E_LiqTeZVl8de-o?width=640&height=480
21-05-2021,159.9783783,160.5905833,158.7156843,158.8687355,23509878,7,ITC,ITC.NS,Stock,FMCG,https://1drv.ms/i/c/8705623eb284e7df/IQTfbzFBbZznTaLnx0uHxyuiAc3GUJk8E_LiqTeZVl8de-o?width=640&height=480
24-05-2021,161.853302,162.2741961,158.9835632,160.322777,29977506,7,ITC,ITC.NS,Stock,FMCG,https://1drv.ms/i/c/8705623eb284e7df/IQTfbzFBbZznTaLnx0uHxyuiAc3GUJk8E_LiqTeZVl8de-o?width=640&height=480
25-05-2021,161.3941498,163.307309,160.896724,163.0012065,26310600,7,ITC,ITC.NS,Stock,FMCG,https://1drv.ms/i/c/8705623eb284e7df/IQTfbzFBbZznTaLnx0uHxyuiAc3GUJk8E_LiqTeZVl8de-o?width=640&height=480
26-05-2021,161.1645508,162.5802962,160.9349799,162.0828705,18253046,7,ITC,ITC.NS,Stock,FMCG,https://1drv.ms/i/c/8705623eb284e7df/IQTfbzFBbZznTaLnx0uHxyuiAc3GUJk8E_LiqTeZVl8de-o?width=640&height=480
27-05-2021,161.5854492,163.8812426,160.9349843,161.4706577,49385674,7,ITC,ITC.NS,Stock,FMCG,https://1drv.ms/i/c/8705623eb284e7df/IQTfbzFBbZznTaLnx0uHxyuiAc3GUJk8E_LiqTeZVl8de-o?width=640&height=480
28-05-2021,162.9246674,163.3838212,161.8915682,162.6185648,26583388,7,ITC,ITC.NS,Stock,FMCG,https://1drv.ms/i/c/8705623eb284e7df/IQTfbzFBbZznTaLnx0uHxyuiAc3GUJk8E_LiqTeZVl8de-o?width=640&height=480
31-05-2021,165.7561188,166.750958,164.0725307,164.5316966,75852502,7,ITC,ITC.NS,Stock,FMCG,https://1drv.ms/i/c/8705623eb284e7df/IQTfbzFBbZznTaLnx0uHxyuiAc3GUJk8E_LiqTeZVl8de-o?width=640&height=480
01-06-2021,164.7230072,167.8988601,163.9577509,166.8274892,40247686,7,ITC,ITC.NS,Stock,FMCG,https://1drv.ms/i/c/8705623eb284e7df/IQTfbzFBbZznTaLnx0uHxyuiAc3GUJk8E_LiqTeZVl8de-o?width=640&height=480
02-06-2021,159.9401398,162.5803077,159.6340372,161.0880426,100377464,7,ITC,ITC.NS,Stock,FMCG,https://1drv.ms/i/c/8705623eb284e7df/IQTfbzFBbZznTaLnx0uHxyuiAc3GUJk8E_LiqTeZVl8de-o?width=640&height=480
03-06-2021,159.9783783,161.27932,159.7105235,161.27932,48454441,7,ITC,ITC.NS,Stock,FMCG,https://1drv.ms/i/c/8705623eb284e7df/IQTfbzFBbZznTaLnx0uHxyuiAc3GUJk8E_LiqTeZVl8de-o?width=640&height=480
04-06-2021,159.7487793,160.4757757,159.1748341,160.3227245,31286264,7,ITC,ITC.NS,Stock,FMCG,https://1drv.ms/i/c/8705623eb284e7df/IQTfbzFBbZznTaLnx0uHxyuiAc3GUJk8E_LiqTeZVl8de-o?width=640&height=480
07-06-2021,161.8150177,162.5420142,160.8584382,161.0114895,32643869,7,ITC,ITC.NS,Stock,FMCG,https://1drv.ms/i/c/8705623eb284e7df/IQTfbzFBbZznTaLnx0uHxyuiAc3GUJk8E_LiqTeZVl8de-o?width=640&height=480
08-06-2021,163.4985962,163.9577621,161.6237091,162.3889654,22080199,7,ITC,ITC.NS,Stock,FMCG,https://1drv.ms/i/c/8705623eb284e7df/IQTfbzFBbZznTaLnx0uHxyuiAc3GUJk8E_LiqTeZVl8de-o?width=640&height=480
09-06-2021,162.6185608,164.3403967,161.8532923,163.7664514,25846432,7,ITC,ITC.NS,Stock,FMCG,https://1drv.ms/i/c/8705623eb284e7df/IQTfbzFBbZznTaLnx0uHxyuiAc3GUJk8E_LiqTeZVl8de-o?width=640&height=480
10-06-2021,164.8007813,166.4543034,163.3834801,164.3283392,31902690,7,ITC,ITC.NS,Stock,FMCG,https://1drv.ms/i/c/8705623eb284e7df/IQTfbzFBbZznTaLnx0uHxyuiAc3GUJk8E_LiqTeZVl8de-o?width=640&height=480
11-06-2021,163.6984406,165.7062819,163.58033,165.5881838,22249404,7,ITC,ITC.NS,Stock,FMCG,https://1drv.ms/i/c/8705623eb284e7df/IQTfbzFBbZznTaLnx0uHxyuiAc3GUJk8E_LiqTeZVl8de-o?width=640&height=480
14-06-2021,163.2260132,164.1315063,161.5724909,163.7378088,18358717,7,ITC,ITC.NS,Stock,FMCG,https://1drv.ms/i/c/8705623eb284e7df/IQTfbzFBbZznTaLnx0uHxyuiAc3GUJk8E_LiqTeZVl8de-o?width=640&height=480
15-06-2021,163.0291443,164.0921264,162.9897783,163.4228418,15426377,7,ITC,ITC.NS,Stock,FMCG,https://1drv.ms/i/c/8705623eb284e7df/IQTfbzFBbZznTaLnx0uHxyuiAc3GUJk8E_LiqTeZVl8de-o?width=640&height=480
16-06-2021,163.6590271,164.8401069,163.0291087,163.0291087,20878518,7,ITC,ITC.NS,Stock,FMCG,https://1drv.ms/i/c/8705623eb284e7df/IQTfbzFBbZznTaLnx0uHxyuiAc3GUJk8E_LiqTeZVl8de-o?width=640&height=480
17-06-2021,161.9267883,163.7771654,161.4149928,162.9504043,22304032,7,ITC,ITC.NS,Stock,FMCG,https://1drv.ms/i/c/8705623eb284e7df/IQTfbzFBbZznTaLnx0uHxyuiAc3GUJk8E_LiqTeZVl8de-o?width=640&height=480
18-06-2021,161.0606689,162.5567146,159.4465253,162.202383,24475206,7,ITC,ITC.NS,Stock,FMCG,https://1drv.ms/i/c/8705623eb284e7df/IQTfbzFBbZznTaLnx0uHxyuiAc3GUJk8E_LiqTeZVl8de-o?width=640&height=480
21-06-2021,160.9819336,162.2023797,159.3677775,159.9189515,19809308,7,ITC,ITC.NS,Stock,FMCG,https://1drv.ms/i/c/8705623eb284e7df/IQTfbzFBbZznTaLnx0uHxyuiAc3GUJk8E_LiqTeZVl8de-o?width=640&height=480
22-06-2021,161.4936981,162.3992035,160.9031582,162.281093,18737552,7,ITC,ITC.NS,Stock,FMCG,https://1drv.ms/i/c/8705623eb284e7df/IQTfbzFBbZznTaLnx0uHxyuiAc3GUJk8E_LiqTeZVl8de-o?width=640&height=480
23-06-2021,160.5882263,162.0842718,160.3126393,161.9267828,13059519,7,ITC,ITC.NS,Stock,FMCG,https://1drv.ms/i/c/8705623eb284e7df/IQTfbzFBbZznTaLnx0uHxyuiAc3GUJk8E_LiqTeZVl8de-o?width=640&height=480
24-06-2021,160.0370636,161.1394117,159.4858896,160.9819352,23299321,7,ITC,ITC.NS,Stock,FMCG,https://1drv.ms/i/c/8705623eb284e7df/IQTfbzFBbZznTaLnx0uHxyuiAc3GUJk8E_LiqTeZVl8de-o?width=640&height=480
25-06-2021,161.4543762,161.8874398,160.4307726,160.6276151,14411660,7,ITC,ITC.NS,Stock,FMCG,https://1drv.ms/i/c/8705623eb284e7df/IQTfbzFBbZznTaLnx0uHxyuiAc3GUJk8E_LiqTeZVl8de-o?width=640&height=480
28-06-2021,160.3126526,162.1236512,160.1157976,162.1236512,15190488,7,ITC,ITC.NS,Stock,FMCG,https://1drv.ms/i/c/8705623eb284e7df/IQTfbzFBbZznTaLnx0uHxyuiAc3GUJk8E_LiqTeZVl8de-o?width=640&height=480
29-06-2021,160.0764313,161.6512089,159.9583208,160.3126523,13839294,7,ITC,ITC.NS,Stock,FMCG,https://1drv.ms/i/c/8705623eb284e7df/IQTfbzFBbZznTaLnx0uHxyuiAc3GUJk8E_LiqTeZVl8de-o?width=640&height=480
30-06-2021,159.6039734,160.9425298,159.4858629,160.8637978,16556397,7,ITC,ITC.NS,Stock,FMCG,https://1drv.ms/i/c/8705623eb284e7df/IQTfbzFBbZznTaLnx0uHxyuiAc3GUJk8E_LiqTeZVl8de-o?width=640&height=480
01-07-2021,159.8402252,160.4701438,159.1709531,159.7614932,10583793,7,ITC,ITC.NS,Stock,FMCG,https://1drv.ms/i/c/8705623eb284e7df/IQTfbzFBbZznTaLnx0uHxyuiAc3GUJk8E_LiqTeZVl8de-o?width=640&height=480
02-07-2021,159.3677979,160.3914016,159.2496873,160.0764485,13187847,7,ITC,ITC.NS,Stock,FMCG,https://1drv.ms/i/c/8705623eb284e7df/IQTfbzFBbZznTaLnx0uHxyuiAc3GUJk8E_LiqTeZVl8de-o?width=640&height=480
05-07-2021,160.3520203,160.7063518,159.6040037,159.8402122,10642939,7,ITC,ITC.NS,Stock,FMCG,https://1drv.ms/i/c/8705623eb284e7df/IQTfbzFBbZznTaLnx0uHxyuiAc3GUJk8E_LiqTeZVl8de-o?width=640&height=480
06-07-2021,159.4465027,160.4701061,159.2496477,160.0370427,11515716,7,ITC,ITC.NS,Stock,FMCG,https://1drv.ms/i/c/8705623eb284e7df/IQTfbzFBbZznTaLnx0uHxyuiAc3GUJk8E_LiqTeZVl8de-o?width=640&height=480
07-07-2021,160.4307556,161.5724697,159.2890416,159.4465181,18568033,7,ITC,ITC.NS,Stock,FMCG,https://1drv.ms/i/c/8705623eb284e7df/IQTfbzFBbZznTaLnx0uHxyuiAc3GUJk8E_LiqTeZVl8de-o?width=640&height=480
08-07-2021,159.0528259,161.0213011,158.8953494,160.233906,21730892,7,ITC,ITC.NS,Stock,FMCG,https://1drv.ms/i/c/8705623eb284e7df/IQTfbzFBbZznTaLnx0uHxyuiAc3GUJk8E_LiqTeZVl8de-o?width=640&height=480
09-07-2021,158.5410156,159.3284107,158.1866966,159.0528236,12289809,7,ITC,ITC.NS,Stock,FMCG,https://1drv.ms/i/c/8705623eb284e7df/IQTfbzFBbZznTaLnx0uHxyuiAc3GUJk8E_LiqTeZVl8de-o?width=640&height=480
12-07-2021,158.3441925,159.4859067,158.226082,159.0528431,13589278,7,ITC,ITC.NS,Stock,FMCG,https://1drv.ms/i/c/8705623eb284e7df/IQTfbzFBbZznTaLnx0uHxyuiAc3GUJk8E_LiqTeZVl8de-o?width=640&height=480
13-07-2021,158.9347229,159.2103099,158.5410254,159.0528334,11247522,7,ITC,ITC.NS,Stock,FMCG,https://1drv.ms/i/c/8705623eb284e7df/IQTfbzFBbZznTaLnx0uHxyuiAc3GUJk8E_LiqTeZVl8de-o?width=640&height=480
14-07-2021,160.7063599,161.533121,158.8166166,158.9347271,21269167,7,ITC,ITC.NS,Stock,FMCG,https://1drv.ms/i/c/8705623eb284e7df/IQTfbzFBbZznTaLnx0uHxyuiAc3GUJk8E_LiqTeZVl8de-o?width=640&height=480
15-07-2021,162.3992462,164.1708665,159.7614864,160.9425665,29963443,7,ITC,ITC.NS,Stock,FMCG,https://1drv.ms/i/c/8705623eb284e7df/IQTfbzFBbZznTaLnx0uHxyuiAc3GUJk8E_LiqTeZVl8de-o?width=640&height=480
16-07-2021,163.6984406,165.0763758,163.1472665,163.540964,30137464,7,ITC,ITC.NS,Stock,FMCG,https://1drv.ms/i/c/8705623eb284e7df/IQTfbzFBbZznTaLnx0uHxyuiAc3GUJk8E_LiqTeZVl8de-o?width=640&height=480
19-07-2021,163.580307,164.958242,162.477959,162.8322905,17099088,7,ITC,ITC.NS,Stock,FMCG,https://1drv.ms/i/c/8705623eb284e7df/IQTfbzFBbZznTaLnx0uHxyuiAc3GUJk8E_LiqTeZVl8de-o?width=640&height=480
20-07-2021,162.8322906,164.8007657,162.5173376,163.9346387,24567907,7,ITC,ITC.NS,Stock,FMCG,https://1drv.ms/i/c/8705623eb284e7df/IQTfbzFBbZznTaLnx0uHxyuiAc3GUJk8E_LiqTeZVl8de-o?width=640&height=480
22-07-2021,162.9897766,163.9740142,162.0842835,162.9897766,19016769,7,ITC,ITC.NS,Stock,FMCG,https://1drv.ms/i/c/8705623eb284e7df/IQTfbzFBbZznTaLnx0uHxyuiAc3GUJk8E_LiqTeZVl8de-o?width=640&height=480
23-07-2021,167.2416687,168.1865402,162.5960682,162.9897657,46241640,7,ITC,ITC.NS,Stock,FMCG,https://1drv.ms/i/c/8705623eb284e7df/IQTfbzFBbZznTaLnx0uHxyuiAc3GUJk8E_LiqTeZVl8de-o?width=640&height=480
26-07-2021,166.2574463,169.5644906,165.9818593,168.5015085,49084040,7,ITC,ITC.NS,Stock,FMCG,https://1drv.ms/i/c/8705623eb284e7df/IQTfbzFBbZznTaLnx0uHxyuiAc3GUJk8E_LiqTeZVl8de-o?width=640&height=480
27-07-2021,164.2889557,167.7141102,163.7377817,166.9267152,25378089,7,ITC,ITC.NS,Stock,FMCG,https://1drv.ms/i/c/8705623eb284e7df/IQTfbzFBbZznTaLnx0uHxyuiAc3GUJk8E_LiqTeZVl8de-o?width=640&height=480
28-07-2021,164.6433105,165.3519611,163.3441074,164.013392,15304399,7,ITC,ITC.NS,Stock,FMCG,https://1drv.ms/i/c/8705623eb284e7df/IQTfbzFBbZznTaLnx0uHxyuiAc3GUJk8E_LiqTeZVl8de-o?width=640&height=480
29-07-2021,162.2417603,165.509426,161.9267947,164.6432989,16204679,7,ITC,ITC.NS,Stock,FMCG,https://1drv.ms/i/c/8705623eb284e7df/IQTfbzFBbZznTaLnx0uHxyuiAc3GUJk8E_LiqTeZVl8de-o?width=640&height=480
30-07-2021,161.3755951,163.0684954,161.1000206,162.2811005,15515733,7,ITC,ITC.NS,Stock,FMCG,https://1drv.ms/i/c/8705623eb284e7df/IQTfbzFBbZznTaLnx0uHxyuiAc3GUJk8E_LiqTeZVl8de-o?width=640&height=480
02-08-2021,163.2260132,163.3834897,161.7693335,162.5567286,10046707,7,ITC,ITC.NS,Stock,FMCG,https://1drv.ms/i/c/8705623eb284e7df/IQTfbzFBbZznTaLnx0uHxyuiAc3GUJk8E_LiqTeZVl8de-o?width=640&height=480
03-08-2021,165.2732086,166.0606037,162.5567169,163.3834779,19179805,7,ITC,ITC.NS,Stock,FMCG,https://1drv.ms/i/c/8705623eb284e7df/IQTfbzFBbZznTaLnx0uHxyuiAc3GUJk8E_LiqTeZVl8de-o?width=640&height=480
04-08-2021,164.249588,166.218063,163.8558905,166.0605865,11421835,7,ITC,ITC.NS,Stock,FMCG,https://1drv.ms/i/c/8705623eb284e7df/IQTfbzFBbZznTaLnx0uHxyuiAc3GUJk8E_LiqTeZVl8de-o?width=640&height=480
05-08-2021,169.4857178,170.6668102,162.9110088,164.2495776,48995450,7,ITC,ITC.NS,Stock,FMCG,https://1drv.ms/i/c/8705623eb284e7df/IQTfbzFBbZznTaLnx0uHxyuiAc3GUJk8E_LiqTeZVl8de-o?width=640&height=480
06-08-2021,168.6983643,170.0762869,167.3991611,169.6038574,24489836,7,ITC,ITC.NS,Stock,FMCG,https://1drv.ms/i/c/8705623eb284e7df/IQTfbzFBbZznTaLnx0uHxyuiAc3GUJk8E_LiqTeZVl8de-o?width=640&height=480
09-08-2021,168.3440399,170.9817998,167.4779128,169.2889115,21142199,7,ITC,ITC.NS,Stock,FMCG,https://1drv.ms/i/c/8705623eb284e7df/IQTfbzFBbZznTaLnx0uHxyuiAc3GUJk8E_LiqTeZVl8de-o?width=640&height=480
10-08-2021,165.2338409,168.8558382,164.2102373,168.5015067,18855165,7,ITC,ITC.NS,Stock,FMCG,https://1drv.ms/i/c/8705623eb284e7df/IQTfbzFBbZznTaLnx0uHxyuiAc3GUJk8E_LiqTeZVl8de-o?width=640&height=480
11-08-2021,164.2889557,165.8243672,163.3440842,165.2338272,16012451,7,ITC,ITC.NS,Stock,FMCG,https://1drv.ms/i/c/8705623eb284e7df/IQTfbzFBbZznTaLnx0uHxyuiAc3GUJk8E_LiqTeZVl8de-o?width=640&height=480
12-08-2021,164.4858246,168.6589835,164.052761,165.5487942,28758718,7,ITC,ITC.NS,Stock,FMCG,https://1drv.ms/i/c/8705623eb284e7df/IQTfbzFBbZznTaLnx0uHxyuiAc3GUJk8E_LiqTeZVl8de-o?width=640&height=480
13-08-2021,166.4936523,167.1629368,164.7220198,165.2338278,19576945,7,ITC,ITC.NS,Stock,FMCG,https://1drv.ms/i/c/8705623eb284e7df/IQTfbzFBbZznTaLnx0uHxyuiAc3GUJk8E_LiqTeZVl8de-o?width=640&height=480
16-08-2021,166.0606079,167.9109726,165.7456549,166.4543055,11621038,7,ITC,ITC.NS,Stock,FMCG,https://1drv.ms/i/c/8705623eb284e7df/IQTfbzFBbZznTaLnx0uHxyuiAc3GUJk8E_LiqTeZVl8de-o?width=640&height=480
17-08-2021,164.7220154,166.5330138,164.4070624,165.9818399,8161139,7,ITC,ITC.NS,Stock,FMCG,https://1drv.ms/i/c/8705623eb284e7df/IQTfbzFBbZznTaLnx0uHxyuiAc3GUJk8E_LiqTeZVl8de-o?width=640&height=480
18-08-2021,164.525177,166.533018,164.0527475,165.036985,11149120,7,ITC,ITC.NS,Stock,FMCG,https://1drv.ms/i/c/8705623eb284e7df/IQTfbzFBbZznTaLnx0uHxyuiAc3GUJk8E_LiqTeZVl8de-o?width=640&height=480
20-08-2021,164.4858246,165.9031257,162.753558,162.989779,20168965,7,ITC,ITC.NS,Stock,FMCG,https://1drv.ms/i/c/8705623eb284e7df/IQTfbzFBbZznTaLnx0uHxyuiAc3GUJk8E_LiqTeZVl8de-o?width=640&height=480
23-08-2021,162.4385834,165.5094062,162.2023624,164.9582323,10319044,7,ITC,ITC.NS,Stock,FMCG,https://1drv.ms/i/c/8705623eb284e7df/IQTfbzFBbZznTaLnx0uHxyuiAc3GUJk8E_LiqTeZVl8de-o?width=640&height=480
24-08-2021,162.0055389,162.9897765,161.1787779,162.9897765,12971124,7,ITC,ITC.NS,Stock,FMCG,https://1drv.ms/i/c/8705623eb284e7df/IQTfbzFBbZznTaLnx0uHxyuiAc3GUJk8E_LiqTeZVl8de-o?width=640&height=480
25-08-2021,162.5173492,163.6984294,162.2023837,162.5173492,10994627,7,ITC,ITC.NS,Stock,FMCG,https://1drv.ms/i/c/8705623eb284e7df/IQTfbzFBbZznTaLnx0uHxyuiAc3GUJk8E_LiqTeZVl8de-o?width=640&height=480
26-08-2021,161.1000214,162.8716412,160.9031664,162.5173222,15407558,7,ITC,ITC.NS,Stock,FMCG,https://1drv.ms/i/c/8705623eb284e7df/IQTfbzFBbZznTaLnx0uHxyuiAc3GUJk8E_LiqTeZVl8de-o?width=640&height=480
27-08-2021,162.1236572,162.8716738,161.3362621,161.4150066,10879860,7,ITC,ITC.NS,Stock,FMCG,https://1drv.ms/i/c/8705623eb284e7df/IQTfbzFBbZznTaLnx0uHxyuiAc3GUJk8E_LiqTeZVl8de-o?width=640&height=480
30-08-2021,163.7771606,163.9346371,162.2023707,162.2023707,12550267,7,ITC,ITC.NS,Stock,FMCG,https://1drv.ms/i/c/8705623eb284e7df/IQTfbzFBbZznTaLnx0uHxyuiAc3GUJk8E_LiqTeZVl8de-o?width=640&height=480
31-08-2021,166.3755493,166.6117703,163.1866157,163.8165342,26802390,7,ITC,ITC.NS,Stock,FMCG,https://1drv.ms/i/c/8705623eb284e7df/IQTfbzFBbZznTaLnx0uHxyuiAc3GUJk8E_LiqTeZVl8de-o?width=640&height=480
01-09-2021,164.9582672,167.1629636,164.8007907,166.1393474,16867486,7,ITC,ITC.NS,Stock,FMCG,https://1drv.ms/i/c/8705623eb284e7df/IQTfbzFBbZznTaLnx0uHxyuiAc3GUJk8E_LiqTeZVl8de-o?width=640&height=480
02-09-2021,165.1550751,166.53301,164.5645351,164.5645351,14872714,7,ITC,ITC.NS,Stock,FMCG,https://1drv.ms/i/c/8705623eb284e7df/IQTfbzFBbZznTaLnx0uHxyuiAc3GUJk8E_LiqTeZVl8de-o?width=640&height=480
03-09-2021,165.8243713,166.3361793,165.1550868,165.1550868,10622796,7,ITC,ITC.NS,Stock,FMCG,https://1drv.ms/i/c/8705623eb284e7df/IQTfbzFBbZznTaLnx0uHxyuiAc3GUJk8E_LiqTeZVl8de-o?width=640&height=480
06-09-2021,164.8007813,166.2968269,164.6039387,166.1393379,11041632,7,ITC,ITC.NS,Stock,FMCG,https://1drv.ms/i/c/8705623eb284e7df/IQTfbzFBbZznTaLnx0uHxyuiAc3GUJk8E_LiqTeZVl8de-o?width=640&height=480
07-09-2021,166.7298737,168.7770807,165.4700491,166.0605892,38933378,7,ITC,ITC.NS,Stock,FMCG,https://1drv.ms/i/c/8705623eb284e7df/IQTfbzFBbZznTaLnx0uHxyuiAc3GUJk8E_LiqTeZVl8de-o?width=640&height=480
08-09-2021,166.3361816,167.7141167,165.1157231,167.1235642,17897021,7,ITC,ITC.NS,Stock,FMCG,https://1drv.ms/i/c/8705623eb284e7df/IQTfbzFBbZznTaLnx0uHxyuiAc3GUJk8E_LiqTeZVl8de-o?width=640&height=480
09-09-2021,167.4385071,168.4227445,165.7849852,166.1786827,19784972,7,ITC,ITC.NS,Stock,FMCG,https://1drv.ms/i/c/8705623eb284e7df/IQTfbzFBbZznTaLnx0uHxyuiAc3GUJk8E_LiqTeZVl8de-o?width=640&height=480
13-09-2021,168.6196136,169.4070087,166.769249,167.9897076,16661794,7,ITC,ITC.NS,Stock,FMCG,https://1drv.ms/i/c/8705623eb284e7df/IQTfbzFBbZznTaLnx0uHxyuiAc3GUJk8E_LiqTeZVl8de-o?width=640&height=480
14-09-2021,170.1549988,171.0605042,168.6589534,169.2101274,20377545,7,ITC,ITC.NS,Stock,FMCG,https://1drv.ms/i/c/8705623eb284e7df/IQTfbzFBbZznTaLnx0uHxyuiAc3GUJk8E_LiqTeZVl8de-o?width=640&height=480
15-09-2021,170.0762939,171.0211656,169.5251323,170.9424335,21028598,7,ITC,ITC.NS,Stock,FMCG,https://1drv.ms/i/c/8705623eb284e7df/IQTfbzFBbZznTaLnx0uHxyuiAc3GUJk8E_LiqTeZVl8de-o?width=640&height=480
16-09-2021,181.6902924,183.973733,170.3125049,170.824313,154986538,7,ITC,ITC.NS,Stock,FMCG,https://1drv.ms/i/c/8705623eb284e7df/IQTfbzFBbZznTaLnx0uHxyuiAc3GUJk8E_LiqTeZVl8de-o?width=640&height=480
17-09-2021,182.005249,186.8476922,180.391093,183.4619161,82563658,7,ITC,ITC.NS,Stock,FMCG,https://1drv.ms/i/c/8705623eb284e7df/IQTfbzFBbZznTaLnx0uHxyuiAc3GUJk8E_LiqTeZVl8de-o?width=640&height=480
20-09-2021,184.0524597,188.4618519,181.2965896,181.8871421,73101936,7,ITC,ITC.NS,Stock,FMCG,https://1drv.ms/i/c/8705623eb284e7df/IQTfbzFBbZznTaLnx0uHxyuiAc3GUJk8E_LiqTeZVl8de-o?width=640&height=480
21-09-2021,190.1547394,190.9027559,182.4383155,184.9973306,58854434,7,ITC,ITC.NS,Stock,FMCG,https://1drv.ms/i/c/8705623eb284e7df/IQTfbzFBbZznTaLnx0uHxyuiAc3GUJk8E_LiqTeZVl8de-o?width=640&height=480
22-09-2021,191.7295074,193.5405059,189.5248115,191.7295074,54648494,7,ITC,ITC.NS,Stock,FMCG,https://1drv.ms/i/c/8705623eb284e7df/IQTfbzFBbZznTaLnx0uHxyuiAc3GUJk8E_LiqTeZVl8de-o?width=640&height=480
23-09-2021,190.9421234,193.3830405,190.3122174,192.9105985,22630330,7,ITC,ITC.NS,Stock,FMCG,https://1drv.ms/i/c/8705623eb284e7df/IQTfbzFBbZznTaLnx0uHxyuiAc3GUJk8E_LiqTeZVl8de-o?width=640&height=480
24-09-2021,187.7531738,192.1231869,187.1626214,192.1231869,25779310,7,ITC,ITC.NS,Stock,FMCG,https://1drv.ms/i/c/8705623eb284e7df/IQTfbzFBbZznTaLnx0uHxyuiAc3GUJk8E_LiqTeZVl8de-o?width=640&height=480
27-09-2021,187.9500427,190.4303258,185.4303936,188.8161698,23772123,7,ITC,ITC.NS,Stock,FMCG,https://1drv.ms/i/c/8705623eb284e7df/IQTfbzFBbZznTaLnx0uHxyuiAc3GUJk8E_LiqTeZVl8de-o?width=640&height=480
28-09-2021,187.2020264,190.233471,186.0602998,188.855536,16319138,7,ITC,ITC.NS,Stock,FMCG,https://1drv.ms/i/c/8705623eb284e7df/IQTfbzFBbZznTaLnx0uHxyuiAc3GUJk8E_LiqTeZVl8de-o?width=640&height=480
29-09-2021,187.4776154,190.0759965,185.5878723,185.8240933,16045073,7,ITC,ITC.NS,Stock,FMCG,https://1drv.ms/i/c/8705623eb284e7df/IQTfbzFBbZznTaLnx0uHxyuiAc3GUJk8E_LiqTeZVl8de-o?width=640&height=480
30-09-2021,185.942215,189.2886129,185.2335644,188.8949278,16987893,7,ITC,ITC.NS,Stock,FMCG,https://1drv.ms/i/c/8705623eb284e7df/IQTfbzFBbZznTaLnx0uHxyuiAc3GUJk8E_LiqTeZVl8de-o?width=640&height=480
01-10-2021,185.3122711,186.6114616,183.3831622,185.1941606,16570661,7,ITC,ITC.NS,Stock,FMCG,https://1drv.ms/i/c/8705623eb284e7df/IQTfbzFBbZznTaLnx0uHxyuiAc3GUJk8E_LiqTeZVl8de-o?width=640&height=480
04-10-2021,186.2965393,187.6744745,185.3516677,185.8241097,11098123,7,ITC,ITC.NS,Stock,FMCG,https://1drv.ms/i/c/8705623eb284e7df/IQTfbzFBbZznTaLnx0uHxyuiAc3GUJk8E_LiqTeZVl8de-o?width=640&height=480
05-10-2021,184.8004608,186.9657907,184.6429843,186.1390298,9578825,7,ITC,ITC.NS,Stock,FMCG,https://1drv.ms/i/c/8705623eb284e7df/IQTfbzFBbZznTaLnx0uHxyuiAc3GUJk8E_LiqTeZVl8de-o?width=640&height=480
06-10-2021,182.0839691,186.1390295,181.5721611,184.879205,18179336,7,ITC,ITC.NS,Stock,FMCG,https://1drv.ms/i/c/8705623eb284e7df/IQTfbzFBbZznTaLnx0uHxyuiAc3GUJk8E_LiqTeZVl8de-o?width=640&height=480
07-10-2021,183.4225464,184.9973239,182.9107384,183.4619124,10770973,7,ITC,ITC.NS,Stock,FMCG,https://1drv.ms/i/c/8705623eb284e7df/IQTfbzFBbZznTaLnx0uHxyuiAc3GUJk8E_LiqTeZVl8de-o?width=640&height=480
08-10-2021,182.438324,184.8792287,182.0446264,184.8398627,10114327,7,ITC,ITC.NS,Stock,FMCG,https://1drv.ms/i/c/8705623eb284e7df/IQTfbzFBbZznTaLnx0uHxyuiAc3GUJk8E_LiqTeZVl8de-o?width=640&height=480
11-10-2021,187.4382324,188.5799465,182.4383127,182.6745213,22000303,7,ITC,ITC.NS,Stock,FMCG,https://1drv.ms/i/c/8705623eb284e7df/IQTfbzFBbZznTaLnx0uHxyuiAc3GUJk8E_LiqTeZVl8de-o?width=640&height=480
12-10-2021,189.9972687,191.3358379,187.3988873,187.8713169,30347455,7,ITC,ITC.NS,Stock,FMCG,https://1drv.ms/i/c/8705623eb284e7df/IQTfbzFBbZznTaLnx0uHxyuiAc3GUJk8E_LiqTeZVl8de-o?width=640&height=480
13-10-2021,196.2176666,197.5562234,189.0917819,190.9815252,52091422,7,ITC,ITC.NS,Stock,FMCG,https://1drv.ms/i/c/8705623eb284e7df/IQTfbzFBbZznTaLnx0uHxyuiAc3GUJk8E_LiqTeZVl8de-o?width=640&height=480
14-10-2021,202.0049591,206.1781304,197.1231373,199.4065779,88696178,7,ITC,ITC.NS,Stock,FMCG,https://1drv.ms/i/c/8705623eb284e7df/IQTfbzFBbZznTaLnx0uHxyuiAc3GUJk8E_LiqTeZVl8de-o?width=640&height=480
18-10-2021,206.7292938,208.8946114,202.6348673,205.5088353,62614961,7,ITC,ITC.NS,Stock,FMCG,https://1drv.ms/i/c/8705623eb284e7df/IQTfbzFBbZznTaLnx0uHxyuiAc3GUJk8E_LiqTeZVl8de-o?width=640&height=480
19-10-2021,193.6586304,206.7293058,192.9499798,205.8238003,61336411,7,ITC,ITC.NS,Stock,FMCG,https://1drv.ms/i/c/8705623eb284e7df/IQTfbzFBbZznTaLnx0uHxyuiAc3GUJk8E_LiqTeZVl8de-o?width=640&height=480
20-10-2021,194.1704254,195.666471,190.8240152,193.6586299,49663940,7,ITC,ITC.NS,Stock,FMCG,https://1drv.ms/i/c/8705623eb284e7df/IQTfbzFBbZznTaLnx0uHxyuiAc3GUJk8E_LiqTeZVl8de-o?width=640&height=480
21-10-2021,192.6743927,195.5483609,191.4145681,195.2727739,23385990,7,ITC,ITC.NS,Stock,FMCG,https://1drv.ms/i/c/8705623eb284e7df/IQTfbzFBbZznTaLnx0uHxyuiAc3GUJk8E_LiqTeZVl8de-o?width=640&height=480
22-10-2021,186.2965393,193.5405344,184.013111,192.6744072,36905793,7,ITC,ITC.NS,Stock,FMCG,https://1drv.ms/i/c/8705623eb284e7df/IQTfbzFBbZznTaLnx0uHxyuiAc3GUJk8E_LiqTeZVl8de-o?width=640&height=480
25-10-2021,183.776886,186.3359013,181.4934577,184.3280601,23194065,7,ITC,ITC.NS,Stock,FMCG,https://1drv.ms/i/c/8705623eb284e7df/IQTfbzFBbZznTaLnx0uHxyuiAc3GUJk8E_LiqTeZVl8de-o?width=640&height=480
26-10-2021,186.3752747,188.1862733,183.1469748,184.328055,19663381,7,ITC,ITC.NS,Stock,FMCG,https://1drv.ms/i/c/8705623eb284e7df/IQTfbzFBbZznTaLnx0uHxyuiAc3GUJk8E_LiqTeZVl8de-o?width=640&height=480
27-10-2021,187.7531738,189.9972231,185.9815415,189.1704747,26909428,7,ITC,ITC.NS,Stock,FMCG,https://1drv.ms/i/c/8705623eb284e7df/IQTfbzFBbZznTaLnx0uHxyuiAc3GUJk8E_LiqTeZVl8de-o?width=640&height=480
28-10-2021,177.2415466,185.7847318,176.4935176,185.1154473,48064941,7,ITC,ITC.NS,Stock,FMCG,https://1drv.ms/i/c/8705623eb284e7df/IQTfbzFBbZznTaLnx0uHxyuiAc3GUJk8E_LiqTeZVl8de-o?width=640&height=480
29-10-2021,175.7454987,179.7218149,175.0368481,177.1627998,27668175,7,ITC,ITC.NS,Stock,FMCG,https://1drv.ms/i/c/8705623eb284e7df/IQTfbzFBbZznTaLnx0uHxyuiAc3GUJk8E_LiqTeZVl8de-o?width=640&height=480
01-11-2021,178.6194763,179.1706504,175.1943339,176.4935246,24090945,7,ITC,ITC.NS,Stock,FMCG,https://1drv.ms/i/c/8705623eb284e7df/IQTfbzFBbZznTaLnx0uHxyuiAc3GUJk8E_LiqTeZVl8de-o?width=640&height=480
02-11-2021,177.6352386,180.5092195,176.7691115,179.5249819,14896284,7,ITC,ITC.NS,Stock,FMCG,https://1drv.ms/i/c/8705623eb284e7df/IQTfbzFBbZznTaLnx0uHxyuiAc3GUJk8E_LiqTeZVl8de-o?width=640&height=480
03-11-2021,175.154953,178.6194611,174.5644005,177.9501891,18530527,7,ITC,ITC.NS,Stock,FMCG,https://1drv.ms/i/c/8705623eb284e7df/IQTfbzFBbZznTaLnx0uHxyuiAc3GUJk8E_LiqTeZVl8de-o?width=640&height=480
04-11-2021,178.383255,178.973795,176.3754014,177.0446859,7295341,7,ITC,ITC.NS,Stock,FMCG,https://1drv.ms/i/c/8705623eb284e7df/IQTfbzFBbZznTaLnx0uHxyuiAc3GUJk8E_LiqTeZVl8de-o?width=640&height=480
08-11-2021,180.9422913,181.6509419,177.7139912,180.8635468,21051238,7,ITC,ITC.NS,Stock,FMCG,https://1drv.ms/i/c/8705623eb284e7df/IQTfbzFBbZznTaLnx0uHxyuiAc3GUJk8E_LiqTeZVl8de-o?width=640&height=480
09-11-2021,180.115509,181.8083971,179.4068585,180.9816361,11964518,7,ITC,ITC.NS,Stock,FMCG,https://1drv.ms/i/c/8705623eb284e7df/IQTfbzFBbZznTaLnx0uHxyuiAc3GUJk8E_LiqTeZVl8de-o?width=640&height=480
10-11-2021,181.7690125,183.3437899,178.8950321,179.0918871,13948380,7,ITC,ITC.NS,Stock,FMCG,https://1drv.ms/i/c/8705623eb284e7df/IQTfbzFBbZznTaLnx0uHxyuiAc3GUJk8E_LiqTeZVl8de-o?width=640&height=480
11-11-2021,181.0997467,182.2808393,179.9580326,181.4146997,8448263,7,ITC,ITC.NS,Stock,FMCG,https://1drv.ms/i/c/8705623eb284e7df/IQTfbzFBbZznTaLnx0uHxyuiAc3GUJk8E_LiqTeZVl8de-o?width=640&height=480
12-11-2021,183.3831787,184.2099398,180.430466,182.0446221,12312123,7,ITC,ITC.NS,Stock,FMCG,https://1drv.ms/i/c/8705623eb284e7df/IQTfbzFBbZznTaLnx0uHxyuiAc3GUJk8E_LiqTeZVl8de-o?width=640&height=480
15-11-2021,187.4776154,188.1862659,183.5406526,184.2099372,40247848,7,ITC,ITC.NS,Stock,FMCG,https://1drv.ms/i/c/8705623eb284e7df/IQTfbzFBbZznTaLnx0uHxyuiAc3GUJk8E_LiqTeZVl8de-o?width=640&height=480
16-11-2021,185.3910217,188.6980533,185.0366902,188.2256238,15241184,7,ITC,ITC.NS,Stock,FMCG,https://1drv.ms/i/c/8705623eb284e7df/IQTfbzFBbZznTaLnx0uHxyuiAc3GUJk8E_LiqTeZVl8de-o?width=640&height=480
17-11-2021,188.5799408,193.1074433,185.5484963,185.8240833,48496295,7,ITC,ITC.NS,Stock,FMCG,https://1drv.ms/i/c/8705623eb284e7df/IQTfbzFBbZznTaLnx0uHxyuiAc3GUJk8E_LiqTeZVl8de-o?width=640&height=480
18-11-2021,187.005188,191.3358361,186.0603164,188.9736633,21005037,7,ITC,ITC.NS,Stock,FMCG,https://1drv.ms/i/c/8705623eb284e7df/IQTfbzFBbZznTaLnx0uHxyuiAc3GUJk8E_LiqTeZVl8de-o?width=640&height=480
22-11-2021,181.8083649,189.5641534,180.7453955,187.3200917,23443628,7,ITC,ITC.NS,Stock,FMCG,https://1drv.ms/i/c/8705623eb284e7df/IQTfbzFBbZznTaLnx0uHxyuiAc3GUJk8E_LiqTeZVl8de-o?width=640&height=480
23-11-2021,182.3595581,183.2256851,180.4304492,180.4304492,13950744,7,ITC,ITC.NS,Stock,FMCG,https://1drv.ms/i/c/8705623eb284e7df/IQTfbzFBbZznTaLnx0uHxyuiAc3GUJk8E_LiqTeZVl8de-o?width=640&height=480
24-11-2021,179.2887573,183.2257077,178.6982173,183.0288652,14684422,7,ITC,ITC.NS,Stock,FMCG,https://1drv.ms/i/c/8705623eb284e7df/IQTfbzFBbZznTaLnx0uHxyuiAc3GUJk8E_LiqTeZVl8de-o?width=640&height=480
25-11-2021,182.1233521,182.8320026,177.7533383,178.7375758,24825493,7,ITC,ITC.NS,Stock,FMCG,https://1drv.ms/i/c/8705623eb284e7df/IQTfbzFBbZznTaLnx0uHxyuiAc3GUJk8E_LiqTeZVl8de-o?width=640&height=480
26-11-2021,176.3753815,181.1390922,175.666731,180.2335992,28067913,7,ITC,ITC.NS,Stock,FMCG,https://1drv.ms/i/c/8705623eb284e7df/IQTfbzFBbZznTaLnx0uHxyuiAc3GUJk8E_LiqTeZVl8de-o?width=640&height=480
29-11-2021,174.4069519,176.0998402,173.3833482,174.8006495,22985358,7,ITC,ITC.NS,Stock,FMCG,https://1drv.ms/i/c/8705623eb284e7df/IQTfbzFBbZznTaLnx0uHxyuiAc3GUJk8E_LiqTeZVl8de-o?width=640&height=480
30-11-2021,174.1313324,177.3202659,173.2258394,174.8006169,24408641,7,ITC,ITC.NS,Stock,FMCG,https://1drv.ms/i/c/8705623eb284e7df/IQTfbzFBbZznTaLnx0uHxyuiAc3GUJk8E_LiqTeZVl8de-o?width=640&height=480
01-12-2021,174.7219086,175.8242443,173.6982924,174.8006406,13496307,7,ITC,ITC.NS,Stock,FMCG,https://1drv.ms/i/c/8705623eb284e7df/IQTfbzFBbZznTaLnx0uHxyuiAc3GUJk8E_LiqTeZVl8de-o?width=640&height=480
02-12-2021,177.5171204,178.0682819,174.2494424,174.7218843,16517389,7,ITC,ITC.NS,Stock,FMCG,https://1drv.ms/i/c/8705623eb284e7df/IQTfbzFBbZznTaLnx0uHxyuiAc3GUJk8E_LiqTeZVl8de-o?width=640&height=480
03-12-2021,174.5250397,178.1076709,174.2888311,177.1627993,14325920,7,ITC,ITC.NS,Stock,FMCG,https://1drv.ms/i/c/8705623eb284e7df/IQTfbzFBbZznTaLnx0uHxyuiAc3GUJk8E_LiqTeZVl8de-o?width=640&height=480
06-12-2021,171.5723267,174.9581029,171.2573736,174.5250394,13644352,7,ITC,ITC.NS,Stock,FMCG,https://1drv.ms/i/c/8705623eb284e7df/IQTfbzFBbZznTaLnx0uHxyuiAc3GUJk8E_LiqTeZVl8de-o?width=640&height=480
07-12-2021,173.7376709,174.7612746,171.7298171,172.3597357,9246755,7,ITC,ITC.NS,Stock,FMCG,https://1drv.ms/i/c/8705623eb284e7df/IQTfbzFBbZznTaLnx0uHxyuiAc3GUJk8E_LiqTeZVl8de-o?width=640&height=480
08-12-2021,177.1234436,177.6746177,174.0132542,174.0132542,10241656,7,ITC,ITC.NS,Stock,FMCG,https://1drv.ms/i/c/8705623eb284e7df/IQTfbzFBbZznTaLnx0uHxyuiAc3GUJk8E_LiqTeZVl8de-o?width=640&height=480
09-12-2021,185.3516541,186.1784151,175.5880228,175.5880228,39714672,7,ITC,ITC.NS,Stock,FMCG,https://1drv.ms/i/c/8705623eb284e7df/IQTfbzFBbZznTaLnx0uHxyuiAc3GUJk8E_LiqTeZVl8de-o?width=640&height=480
10-12-2021,185.9028473,188.1469097,184.0524825,185.9815918,36517117,7,ITC,ITC.NS,Stock,FMCG,https://1drv.ms/i/c/8705623eb284e7df/IQTfbzFBbZznTaLnx0uHxyuiAc3GUJk8E_LiqTeZVl8de-o?width=640&height=480
13-12-2021,184.721756,187.9894219,184.3674245,187.3988818,22903720,7,ITC,ITC.NS,Stock,FMCG,https://1drv.ms/i/c/8705623eb284e7df/IQTfbzFBbZznTaLnx0uHxyuiAc3GUJk8E_LiqTeZVl8de-o?width=640&height=480
14-12-2021,179.9974213,186.6902424,179.1706601,185.0367202,38953007,7,ITC,ITC.NS,Stock,FMCG,https://1drv.ms/i/c/8705623eb284e7df/IQTfbzFBbZznTaLnx0uHxyuiAc3GUJk8E_LiqTeZVl8de-o?width=640&height=480
15-12-2021,176.4147644,182.8319847,175.9029564,181.0997307,35987634,7,ITC,ITC.NS,Stock,FMCG,https://1drv.ms/i/c/8705623eb284e7df/IQTfbzFBbZznTaLnx0uHxyuiAc3GUJk8E_LiqTeZVl8de-o?width=640&height=480
16-12-2021,175.5092926,178.068308,173.8557704,177.95021,25131188,7,ITC,ITC.NS,Stock,FMCG,https://1drv.ms/i/c/8705623eb284e7df/IQTfbzFBbZznTaLnx0uHxyuiAc3GUJk8E_LiqTeZVl8de-o?width=640&height=480
17-12-2021,171.6116943,175.4699126,170.6668352,175.4305466,30827201,7,ITC,ITC.NS,Stock,FMCG,https://1drv.ms/i/c/8705623eb284e7df/IQTfbzFBbZznTaLnx0uHxyuiAc3GUJk8E_LiqTeZVl8de-o?width=640&height=480
20-12-2021,167.2416687,170.2731257,165.1944617,170.2731257,38778895,7,ITC,ITC.NS,Stock,FMCG,https://1drv.ms/i/c/8705623eb284e7df/IQTfbzFBbZznTaLnx0uHxyuiAc3GUJk8E_LiqTeZVl8de-o?width=640&height=480
21-12-2021,167.3204193,169.6432134,166.1787053,168.5014994,20142586,7,ITC,ITC.NS,Stock,FMCG,https://1drv.ms/i/c/8705623eb284e7df/IQTfbzFBbZznTaLnx0uHxyuiAc3GUJk8E_LiqTeZVl8de-o?width=640&height=480
22-12-2021,166.9267273,168.6589814,166.2180767,168.5015049,17903428,7,ITC,ITC.NS,Stock,FMCG,https://1drv.ms/i/c/8705623eb284e7df/IQTfbzFBbZznTaLnx0uHxyuiAc3GUJk8E_LiqTeZVl8de-o?width=640&height=480
23-12-2021,171.099884,172.005377,167.8715846,168.4227586,23065082,7,ITC,ITC.NS,Stock,FMCG,https://1drv.ms/i/c/8705623eb284e7df/IQTfbzFBbZznTaLnx0uHxyuiAc3GUJk8E_LiqTeZVl8de-o?width=640&height=480
24-12-2021,171.651062,173.5801586,170.4306035,171.651062,17220191,7,ITC,ITC.NS,Stock,FMCG,https://1drv.ms/i/c/8705623eb284e7df/IQTfbzFBbZznTaLnx0uHxyuiAc3GUJk8E_LiqTeZVl8de-o?width=640&height=480
27-12-2021,171.2967377,172.0053882,169.8007046,171.9660222,8467106,7,ITC,ITC.NS,Stock,FMCG,https://1drv.ms/i/c/8705623eb284e7df/IQTfbzFBbZznTaLnx0uHxyuiAc3GUJk8E_LiqTeZVl8de-o?width=640&height=480
28-12-2021,173.2651978,173.6982612,171.6510543,171.6510543,12014352,7,ITC,ITC.NS,Stock,FMCG,https://1drv.ms/i/c/8705623eb284e7df/IQTfbzFBbZznTaLnx0uHxyuiAc3GUJk8E_LiqTeZVl8de-o?width=640&height=480
29-12-2021,170.6668396,173.4620759,170.3125081,173.2258549,11923119,7,ITC,ITC.NS,Stock,FMCG,https://1drv.ms/i/c/8705623eb284e7df/IQTfbzFBbZznTaLnx0uHxyuiAc3GUJk8E_LiqTeZVl8de-o?width=640&height=480
30-12-2021,170.0762939,171.5723396,169.6826089,170.548736,10116360,7,ITC,ITC.NS,Stock,FMCG,https://1drv.ms/i/c/8705623eb284e7df/IQTfbzFBbZznTaLnx0uHxyuiAc3GUJk8E_LiqTeZVl8de-o?width=640&height=480
31-12-2021,171.6904297,172.2809697,170.1943842,170.7849367,7875890,7,ITC,ITC.NS,Stock,FMCG,https://1drv.ms/i/c/8705623eb284e7df/IQTfbzFBbZznTaLnx0uHxyuiAc3GUJk8E_LiqTeZVl8de-o?width=640&height=480
03-01-2022,172.5171967,173.1077367,170.9030406,171.6904356,8064567,7,ITC,ITC.NS,Stock,FMCG,https://1drv.ms/i/c/8705623eb284e7df/IQTfbzFBbZznTaLnx0uHxyuiAc3GUJk8E_LiqTeZVl8de-o?width=640&height=480
04-01-2022,173.4226685,174.5643824,172.4778095,172.8321285,9398805,7,ITC,ITC.NS,Stock,FMCG,https://1drv.ms/i/c/8705623eb284e7df/IQTfbzFBbZznTaLnx0uHxyuiAc3GUJk8E_LiqTeZVl8de-o?width=640&height=480
05-01-2022,173.658905,174.4069216,172.1628595,172.9502545,11663111,7,ITC,ITC.NS,Stock,FMCG,https://1drv.ms/i/c/8705623eb284e7df/IQTfbzFBbZznTaLnx0uHxyuiAc3GUJk8E_LiqTeZVl8de-o?width=640&height=480
06-01-2022,172.2022247,173.5407812,171.8085273,172.4384332,9295303,7,ITC,ITC.NS,Stock,FMCG,https://1drv.ms/i/c/8705623eb284e7df/IQTfbzFBbZznTaLnx0uHxyuiAc3GUJk8E_LiqTeZVl8de-o?width=640&height=480
07-01-2022,171.9660492,173.7376821,171.2573985,173.0683974,9196075,7,ITC,ITC.NS,Stock,FMCG,https://1drv.ms/i/c/8705623eb284e7df/IQTfbzFBbZznTaLnx0uHxyuiAc3GUJk8E_LiqTeZVl8de-o?width=640&height=480
10-01-2022,175.8242188,176.9265667,172.3597107,173.1470932,16451394,7,ITC,ITC.NS,Stock,FMCG,https://1drv.ms/i/c/8705623eb284e7df/IQTfbzFBbZznTaLnx0uHxyuiAc3GUJk8E_LiqTeZVl8de-o?width=640&height=480
11-01-2022,174.7612457,176.5722442,174.1707057,175.8635937,8329596,7,ITC,ITC.NS,Stock,FMCG,https://1drv.ms/i/c/8705623eb284e7df/IQTfbzFBbZznTaLnx0uHxyuiAc3GUJk8E_LiqTeZVl8de-o?width=640&height=480
12-01-2022,175.3911591,176.0998096,174.485666,175.1943165,13665682,7,ITC,ITC.NS,Stock,FMCG,https://1drv.ms/i/c/8705623eb284e7df/IQTfbzFBbZznTaLnx0uHxyuiAc3GUJk8E_LiqTeZVl8de-o?width=640&height=480
13-01-2022,176.3360138,177.7926932,175.3911424,176.2966478,11944029,7,ITC,ITC.NS,Stock,FMCG,https://1drv.ms/i/c/8705623eb284e7df/IQTfbzFBbZznTaLnx0uHxyuiAc3GUJk8E_LiqTeZVl8de-o?width=640&height=480
14-01-2022,175.273056,177.00531,175.036835,176.3360255,10976796,7,ITC,ITC.NS,Stock,FMCG,https://1drv.ms/i/c/8705623eb284e7df/IQTfbzFBbZznTaLnx0uHxyuiAc3GUJk8E_LiqTeZVl8de-o?width=640&height=480
17-01-2022,176.8478546,177.6352372,174.2888393,175.2730769,12792728,7,ITC,ITC.NS,Stock,FMCG,https://1drv.ms/i/c/8705623eb284e7df/IQTfbzFBbZznTaLnx0uHxyuiAc3GUJk8E_LiqTeZVl8de-o?width=640&height=480
18-01-2022,173.816391,178.9737999,173.462072,176.8478482,14948456,7,ITC,ITC.NS,Stock,FMCG,https://1drv.ms/i/c/8705623eb284e7df/IQTfbzFBbZznTaLnx0uHxyuiAc3GUJk8E_LiqTeZVl8de-o?width=640&height=480
19-01-2022,173.5014343,175.1155779,172.2022437,173.8163873,11915686,7,ITC,ITC.NS,Stock,FMCG,https://1drv.ms/i/c/8705623eb284e7df/IQTfbzFBbZznTaLnx0uHxyuiAc3GUJk8E_LiqTeZVl8de-o?width=640&height=480
20-01-2022,172.2416077,174.9187333,171.6510676,173.6589087,17997322,7,ITC,ITC.NS,Stock,FMCG,https://1drv.ms/i/c/8705623eb284e7df/IQTfbzFBbZznTaLnx0uHxyuiAc3GUJk8E_LiqTeZVl8de-o?width=640&height=480
21-01-2022,170.9030304,173.6195344,170.0762694,172.0447569,17225050,7,ITC,ITC.NS,Stock,FMCG,https://1drv.ms/i/c/8705623eb284e7df/IQTfbzFBbZznTaLnx0uHxyuiAc3GUJk8E_LiqTeZVl8de-o?width=640&height=480
24-01-2022,166.7692413,171.4542079,166.0605908,170.9030339,18023332,7,ITC,ITC.NS,Stock,FMCG,https://1drv.ms/i/c/8705623eb284e7df/IQTfbzFBbZznTaLnx0uHxyuiAc3GUJk8E_LiqTeZVl8de-o?width=640&height=480
25-01-2022,168.7377319,169.052685,164.997624,166.9267332,19028606,7,ITC,ITC.NS,Stock,FMCG,https://1drv.ms/i/c/8705623eb284e7df/IQTfbzFBbZznTaLnx0uHxyuiAc3GUJk8E_LiqTeZVl8de-o?width=640&height=480
27-01-2022,168.9739532,169.6826038,166.2180829,166.3361935,24041247,7,ITC,ITC.NS,Stock,FMCG,https://1drv.ms/i/c/8705623eb284e7df/IQTfbzFBbZznTaLnx0uHxyuiAc3GUJk8E_LiqTeZVl8de-o?width=640&height=480
28-01-2022,171.3361206,172.6353238,169.3676453,169.3676453,15865353,7,ITC,ITC.NS,Stock,FMCG,https://1drv.ms/i/c/8705623eb284e7df/IQTfbzFBbZznTaLnx0uHxyuiAc3GUJk8E_LiqTeZVl8de-o?width=640&height=480
31-01-2022,173.3833008,173.8163643,170.9423965,172.0447444,15618203,7,ITC,ITC.NS,Stock,FMCG,https://1drv.ms/i/c/8705623eb284e7df/IQTfbzFBbZznTaLnx0uHxyuiAc3GUJk8E_LiqTeZVl8de-o?width=640&height=480
01-02-2022,179.3281097,180.1548708,172.5565576,174.0132371,44871108,7,ITC,ITC.NS,Stock,FMCG,https://1drv.ms/i/c/8705623eb284e7df/IQTfbzFBbZznTaLnx0uHxyuiAc3GUJk8E_LiqTeZVl8de-o?width=640&height=480
02-02-2022,182.7926331,183.6981386,180.31235,181.099745,42714702,7,ITC,ITC.NS,Stock,FMCG,https://1drv.ms/i/c/8705623eb284e7df/IQTfbzFBbZznTaLnx0uHxyuiAc3GUJk8E_LiqTeZVl8de-o?width=640&height=480
03-02-2022,184.6036377,185.1941777,182.517052,182.7926391,28918394,7,ITC,ITC.NS,Stock,FMCG,https://1drv.ms/i/c/8705623eb284e7df/IQTfbzFBbZznTaLnx0uHxyuiAc3GUJk8E_LiqTeZVl8de-o?width=640&height=480
04-02-2022,184.4855042,187.792548,182.3201868,186.8083105,58889867,7,ITC,ITC.NS,Stock,FMCG,https://1drv.ms/i/c/8705623eb284e7df/IQTfbzFBbZznTaLnx0uHxyuiAc3GUJk8E_LiqTeZVl8de-o?width=640&height=480
07-02-2022,181.2572021,184.8398329,179.9186457,184.2492929,25101983,7,ITC,ITC.NS,Stock,FMCG,https://1drv.ms/i/c/8705623eb284e7df/IQTfbzFBbZznTaLnx0uHxyuiAc3GUJk8E_LiqTeZVl8de-o?width=640&height=480
08-02-2022,182.0839691,182.9107301,180.3517152,181.3359526,16825239,7,ITC,ITC.NS,Stock,FMCG,https://1drv.ms/i/c/8705623eb284e7df/IQTfbzFBbZznTaLnx0uHxyuiAc3GUJk8E_LiqTeZVl8de-o?width=640&height=480
09-02-2022,181.2178497,183.4619118,180.1155017,182.9107377,12351873,7,ITC,ITC.NS,Stock,FMCG,https://1drv.ms/i/c/8705623eb284e7df/IQTfbzFBbZznTaLnx0uHxyuiAc3GUJk8E_LiqTeZVl8de-o?width=640&height=480
10-02-2022,182.8713684,183.7768614,179.3281035,180.0761324,20317032,7,ITC,ITC.NS,Stock,FMCG,https://1drv.ms/i/c/8705623eb284e7df/IQTfbzFBbZznTaLnx0uHxyuiAc3GUJk8E_LiqTeZVl8de-o?width=640&height=480
11-02-2022,183.0288544,183.6981389,180.9422688,182.6745229,18793513,7,ITC,ITC.NS,Stock,FMCG,https://1drv.ms/i/c/8705623eb284e7df/IQTfbzFBbZznTaLnx0uHxyuiAc3GUJk8E_LiqTeZVl8de-o?width=640&height=480
14-02-2022,176.9430389,182.2243219,176.177056,182.2243219,23621214,7,ITC,ITC.NS,Stock,FMCG,https://1drv.ms/i/c/8705623eb284e7df/IQTfbzFBbZznTaLnx0uHxyuiAc3GUJk8E_LiqTeZVl8de-o?width=640&height=480
15-02-2022,179.8054047,180.2085583,176.2173594,178.1928031,13371177,7,ITC,ITC.NS,Stock,FMCG,https://1drv.ms/i/c/8705623eb284e7df/IQTfbzFBbZznTaLnx0uHxyuiAc3GUJk8E_LiqTeZVl8de-o?width=640&height=480
16-02-2022,179.6038361,181.1761263,178.8781646,180.4504548,11664158,7,ITC,ITC.NS,Stock,FMCG,https://1drv.ms/i/c/8705623eb284e7df/IQTfbzFBbZznTaLnx0uHxyuiAc3GUJk8E_LiqTeZVl8de-o?width=640&height=480
17-02-2022,179.5232086,180.8939156,178.0718658,179.8457264,14564261,7,ITC,ITC.NS,Stock,FMCG,https://1drv.ms/i/c/8705623eb284e7df/IQTfbzFBbZznTaLnx0uHxyuiAc3GUJk8E_LiqTeZVl8de-o?width=640&height=480
18-02-2022,178.9184723,180.1682318,178.5959418,179.5231963,9004891,7,ITC,ITC.NS,Stock,FMCG,https://1drv.ms/i/c/8705623eb284e7df/IQTfbzFBbZznTaLnx0uHxyuiAc3GUJk8E_LiqTeZVl8de-o?width=640&height=480
21-02-2022,175.7738953,178.434686,175.0885354,177.6283916,16750193,7,ITC,ITC.NS,Stock,FMCG,https://1drv.ms/i/c/8705623eb284e7df/IQTfbzFBbZznTaLnx0uHxyuiAc3GUJk8E_LiqTeZVl8de-o?width=640&height=480
22-02-2022,173.2340546,174.8869806,171.7424002,173.3550019,26741024,7,ITC,ITC.NS,Stock,FMCG,https://1drv.ms/i/c/8705623eb284e7df/IQTfbzFBbZznTaLnx0uHxyuiAc3GUJk8E_LiqTeZVl8de-o?width=640&height=480
23-02-2022,174.1209869,175.3707594,173.3953155,174.8063468,11438476,7,ITC,ITC.NS,Stock,FMCG,https://1drv.ms/i/c/8705623eb284e7df/IQTfbzFBbZznTaLnx0uHxyuiAc3GUJk8E_LiqTeZVl8de-o?width=640&height=480
24-02-2022,168.1140137,171.9842652,166.9045657,169.3234745,42933709,7,ITC,ITC.NS,Stock,FMCG,https://1drv.ms/i/c/8705623eb284e7df/IQTfbzFBbZznTaLnx0uHxyuiAc3GUJk8E_LiqTeZVl8de-o?width=640&height=480
25-02-2022,172.5083771,174.5644439,169.7669504,170.5329333,24543858,7,ITC,ITC.NS,Stock,FMCG,https://1drv.ms/i/c/8705623eb284e7df/IQTfbzFBbZznTaLnx0uHxyuiAc3GUJk8E_LiqTeZVl8de-o?width=640&height=480
28-02-2022,174.0403595,174.5241362,169.9685245,171.9036568,20806226,7,ITC,ITC.NS,Stock,FMCG,https://1drv.ms/i/c/8705623eb284e7df/IQTfbzFBbZznTaLnx0uHxyuiAc3GUJk8E_LiqTeZVl8de-o?width=640&height=480
02-03-2022,173.5968781,174.6450672,171.2989166,172.8711939,20039140,7,ITC,ITC.NS,Stock,FMCG,https://1drv.ms/i/c/8705623eb284e7df/IQTfbzFBbZznTaLnx0uHxyuiAc3GUJk8E_LiqTeZVl8de-o?width=640&height=480
03-03-2022,176.9027252,177.5477608,174.1612858,174.2016101,29631546,7,ITC,ITC.NS,Stock,FMCG,https://1drv.ms/i/c/8705623eb284e7df/IQTfbzFBbZznTaLnx0uHxyuiAc3GUJk8E_LiqTeZVl8de-o?width=640&height=480
04-03-2022,181.8211517,183.3531174,174.9675793,175.5319917,69409780,7,ITC,ITC.NS,Stock,FMCG,https://1drv.ms/i/c/8705623eb284e7df/IQTfbzFBbZznTaLnx0uHxyuiAc3GUJk8E_LiqTeZVl8de-o?width=640&height=480
07-03-2022,181.3776855,183.0305986,177.4671227,178.9990884,47001716,7,ITC,ITC.NS,Stock,FMCG,https://1drv.ms/i/c/8705623eb284e7df/IQTfbzFBbZznTaLnx0uHxyuiAc3GUJk8E_LiqTeZVl8de-o?width=640&height=480
08-03-2022,182.9499969,184.1997566,180.4101406,180.531088,37424203,7,ITC,ITC.NS,Stock,FMCG,https://1drv.ms/i/c/8705623eb284e7df/IQTfbzFBbZznTaLnx0uHxyuiAc3GUJk8E_LiqTeZVl8de-o?width=640&height=480
09-03-2022,184.8447876,186.5783365,182.3049315,183.5950153,43923809,7,ITC,ITC.NS,Stock,FMCG,https://1drv.ms/i/c/8705623eb284e7df/IQTfbzFBbZznTaLnx0uHxyuiAc3GUJk8E_LiqTeZVl8de-o?width=640&height=480
10-03-2022,187.0621185,187.4652721,183.715968,186.2558241,37523806,7,ITC,ITC.NS,Stock,FMCG,https://1drv.ms/i/c/8705623eb284e7df/IQTfbzFBbZznTaLnx0uHxyuiAc3GUJk8E_LiqTeZVl8de-o?width=640&height=480
11-03-2022,190.5695496,191.1742736,185.5704729,186.9815041,43305144,7,ITC,ITC.NS,Stock,FMCG,https://1drv.ms/i/c/8705623eb284e7df/IQTfbzFBbZznTaLnx0uHxyuiAc3GUJk8E_LiqTeZVl8de-o?width=640&height=480
14-03-2022,192.7062378,193.0690671,189.7229166,190.4888995,36465969,7,ITC,ITC.NS,Stock,FMCG,https://1drv.ms/i/c/8705623eb284e7df/IQTfbzFBbZznTaLnx0uHxyuiAc3GUJk8E_LiqTeZVl8de-o?width=640&height=480
15-03-2022,191.7789917,194.6413657,190.2067016,192.7062463,34269168,7,ITC,ITC.NS,Stock,FMCG,https://1drv.ms/i/c/8705623eb284e7df/IQTfbzFBbZznTaLnx0uHxyuiAc3GUJk8E_LiqTeZVl8de-o?width=640&height=480
16-03-2022,195.6089325,195.9314503,192.78687,193.5125414,22462538,7,ITC,ITC.NS,Stock,FMCG,https://1drv.ms/i/c/8705623eb284e7df/IQTfbzFBbZznTaLnx0uHxyuiAc3GUJk8E_LiqTeZVl8de-o?width=640&height=480
17-03-2022,197.4634247,197.8665783,195.6895514,197.7456309,35541798,7,ITC,ITC.NS,Stock,FMCG,https://1drv.ms/i/c/8705623eb284e7df/IQTfbzFBbZznTaLnx0uHxyuiAc3GUJk8E_LiqTeZVl8de-o?width=640&height=480
21-03-2022,197.1408997,199.7613917,196.5764999,198.2697246,29052540,7,ITC,ITC.NS,Stock,FMCG,https://1drv.ms/i/c/8705623eb284e7df/IQTfbzFBbZznTaLnx0uHxyuiAc3GUJk8E_LiqTeZVl8de-o?width=640&height=480
22-03-2022,201.3739624,202.1802695,196.3748866,197.1811937,38368305,7,ITC,ITC.NS,Stock,FMCG,https://1drv.ms/i/c/8705623eb284e7df/IQTfbzFBbZznTaLnx0uHxyuiAc3GUJk8E_LiqTeZVl8de-o?width=640&height=480
23-03-2022,203.1881714,204.5588783,200.366109,202.7446935,42051087,7,ITC,ITC.NS,Stock,FMCG,https://1drv.ms/i/c/8705623eb284e7df/IQTfbzFBbZznTaLnx0uHxyuiAc3GUJk8E_LiqTeZVl8de-o?width=640&height=480
24-03-2022,205.486145,206.8165405,202.7447055,203.1478592,39712133,7,ITC,ITC.NS,Stock,FMCG,https://1drv.ms/i/c/8705623eb284e7df/IQTfbzFBbZznTaLnx0uHxyuiAc3GUJk8E_LiqTeZVl8de-o?width=640&height=480
25-03-2022,204.2766724,206.2118045,200.9708333,205.8489624,30412482,7,ITC,ITC.NS,Stock,FMCG,https://1drv.ms/i/c/8705623eb284e7df/IQTfbzFBbZznTaLnx0uHxyuiAc3GUJk8E_LiqTeZVl8de-o?width=640&height=480
28-03-2022,207.2600098,208.0259927,203.6316527,204.8007893,25876007,7,ITC,ITC.NS,Stock,FMCG,https://1drv.ms/i/c/8705623eb284e7df/IQTfbzFBbZznTaLnx0uHxyuiAc3GUJk8E_LiqTeZVl8de-o?width=640&height=480
29-03-2022,205.2845459,207.6228188,204.5991861,207.2599895,18820674,7,ITC,ITC.NS,Stock,FMCG,https://1drv.ms/i/c/8705623eb284e7df/IQTfbzFBbZznTaLnx0uHxyuiAc3GUJk8E_LiqTeZVl8de-o?width=640&height=480
30-03-2022,200.9305267,206.7358977,200.4870616,205.6877086,18281803,7,ITC,ITC.NS,Stock,FMCG,https://1drv.ms/i/c/8705623eb284e7df/IQTfbzFBbZznTaLnx0uHxyuiAc3GUJk8E_LiqTeZVl8de-o?width=640&height=480
31-03-2022,202.0996704,205.0829918,201.1724286,201.2530516,26644916,7,ITC,ITC.NS,Stock,FMCG,https://1drv.ms/i/c/8705623eb284e7df/IQTfbzFBbZznTaLnx0uHxyuiAc3GUJk8E_LiqTeZVl8de-o?width=640&height=480
01-04-2022,204.2363586,205.8892717,200.6080019,201.5755552,14856664,7,ITC,ITC.NS,Stock,FMCG,https://1drv.ms/i/c/8705623eb284e7df/IQTfbzFBbZznTaLnx0uHxyuiAc3GUJk8E_LiqTeZVl8de-o?width=640&height=480
04-04-2022,205.9699097,207.9453533,202.4625002,204.0751018,16520039,7,ITC,ITC.NS,Stock,FMCG,https://1drv.ms/i/c/8705623eb284e7df/IQTfbzFBbZznTaLnx0uHxyuiAc3GUJk8E_LiqTeZVl8de-o?width=640&height=480
05-04-2022,209.1951141,211.1302463,205.6877047,206.4536876,28230046,7,ITC,ITC.NS,Stock,FMCG,https://1drv.ms/i/c/8705623eb284e7df/IQTfbzFBbZznTaLnx0uHxyuiAc3GUJk8E_LiqTeZVl8de-o?width=640&height=480
06-04-2022,209.3160706,212.3397035,207.4615742,207.622833,20352716,7,ITC,ITC.NS,Stock,FMCG,https://1drv.ms/i/c/8705623eb284e7df/IQTfbzFBbZznTaLnx0uHxyuiAc3GUJk8E_LiqTeZVl8de-o?width=640&height=480
07-04-2022,206.9374847,211.4124604,206.2521249,208.0259854,16679649,7,ITC,ITC.NS,Stock,FMCG,https://1drv.ms/i/c/8705623eb284e7df/IQTfbzFBbZznTaLnx0uHxyuiAc3GUJk8E_LiqTeZVl8de-o?width=640&height=480
08-04-2022,215.9277496,216.7743556,206.4133734,208.025975,39283623,7,ITC,ITC.NS,Stock,FMCG,https://1drv.ms/i/c/8705623eb284e7df/IQTfbzFBbZznTaLnx0uHxyuiAc3GUJk8E_LiqTeZVl8de-o?width=640&height=480
11-04-2022,215.6858673,220.2414661,214.4764192,216.693745,47924937,7,ITC,ITC.NS,Stock,FMCG,https://1drv.ms/i/c/8705623eb284e7df/IQTfbzFBbZznTaLnx0uHxyuiAc3GUJk8E_LiqTeZVl8de-o?width=640&height=480
12-04-2022,213.5088501,216.6131318,212.1381431,215.2020877,24460888,7,ITC,ITC.NS,Stock,FMCG,https://1drv.ms/i/c/8705623eb284e7df/IQTfbzFBbZznTaLnx0uHxyuiAc3GUJk8E_LiqTeZVl8de-o?width=640&height=480
13-04-2022,217.3387909,218.1853969,212.5816087,213.9120042,22239115,7,ITC,ITC.NS,Stock,FMCG,https://1drv.ms/i/c/8705623eb284e7df/IQTfbzFBbZznTaLnx0uHxyuiAc3GUJk8E_LiqTeZVl8de-o?width=640&height=480
18-04-2022,217.7822418,219.717374,215.4842931,216.0890043,25339139,7,ITC,ITC.NS,Stock,FMCG,https://1drv.ms/i/c/8705623eb284e7df/IQTfbzFBbZznTaLnx0uHxyuiAc3GUJk8E_LiqTeZVl8de-o?width=640&height=480
19-04-2022,210.8883514,219.7173679,208.6710258,219.3142015,24280577,7,ITC,ITC.NS,Stock,FMCG,https://1drv.ms/i/c/8705623eb284e7df/IQTfbzFBbZznTaLnx0uHxyuiAc3GUJk8E_LiqTeZVl8de-o?width=640&height=480
20-04-2022,209.2757568,214.0329388,207.6631552,211.976872,25454589,7,ITC,ITC.NS,Stock,FMCG,https://1drv.ms/i/c/8705623eb284e7df/IQTfbzFBbZznTaLnx0uHxyuiAc3GUJk8E_LiqTeZVl8de-o?width=640&height=480
21-04-2022,209.9611206,213.2266355,209.3160723,209.3967081,24313956,7,ITC,ITC.NS,Stock,FMCG,https://1drv.ms/i/c/8705623eb284e7df/IQTfbzFBbZznTaLnx0uHxyuiAc3GUJk8E_LiqTeZVl8de-o?width=640&height=480
22-04-2022,210.525528,212.0574938,208.4694484,209.6385849,16274820,7,ITC,ITC.NS,Stock,FMCG,https://1drv.ms/i/c/8705623eb284e7df/IQTfbzFBbZznTaLnx0uHxyuiAc3GUJk8E_LiqTeZVl8de-o?width=640&height=480
25-04-2022,205.80867,208.8323031,203.5913315,208.6710442,25140992,7,ITC,ITC.NS,Stock,FMCG,https://1drv.ms/i/c/8705623eb284e7df/IQTfbzFBbZznTaLnx0uHxyuiAc3GUJk8E_LiqTeZVl8de-o?width=640&height=480
26-04-2022,208.7919922,210.2030107,206.6149651,206.8971714,21327644,7,ITC,ITC.NS,Stock,FMCG,https://1drv.ms/i/c/8705623eb284e7df/IQTfbzFBbZznTaLnx0uHxyuiAc3GUJk8E_LiqTeZVl8de-o?width=640&height=480
27-04-2022,207.6228333,208.4291405,206.2118148,206.5746441,17219401,7,ITC,ITC.NS,Stock,FMCG,https://1drv.ms/i/c/8705623eb284e7df/IQTfbzFBbZznTaLnx0uHxyuiAc3GUJk8E_LiqTeZVl8de-o?width=640&height=480
28-04-2022,210.525528,212.6219063,208.1469306,209.2354441,28999835,7,ITC,ITC.NS,Stock,FMCG,https://1drv.ms/i/c/8705623eb284e7df/IQTfbzFBbZznTaLnx0uHxyuiAc3GUJk8E_LiqTeZVl8de-o?width=640&height=480
29-04-2022,209.2757568,212.057495,208.4291381,212.057495,21206335,7,ITC,ITC.NS,Stock,FMCG,https://1drv.ms/i/c/8705623eb284e7df/IQTfbzFBbZznTaLnx0uHxyuiAc3GUJk8E_LiqTeZVl8de-o?width=640&height=480
02-05-2022,212.1784515,213.2669651,207.2600105,208.0259935,19696250,7,ITC,ITC.NS,Stock,FMCG,https://1drv.ms/i/c/8705623eb284e7df/IQTfbzFBbZznTaLnx0uHxyuiAc3GUJk8E_LiqTeZVl8de-o?width=640&height=480
04-05-2022,209.437027,214.5167269,208.5097851,212.8638137,26951488,7,ITC,ITC.NS,Stock,FMCG,https://1drv.ms/i/c/8705623eb284e7df/IQTfbzFBbZznTaLnx0uHxyuiAc3GUJk8E_LiqTeZVl8de-o?width=640&height=480
05-05-2022,211.2915039,213.83136,209.9611085,211.2511924,18623544,7,ITC,ITC.NS,Stock,FMCG,https://1drv.ms/i/c/8705623eb284e7df/IQTfbzFBbZznTaLnx0uHxyuiAc3GUJk8E_LiqTeZVl8de-o?width=640&height=480
06-05-2022,215.0005035,215.564916,208.7516546,208.8322904,35818441,7,ITC,ITC.NS,Stock,FMCG,https://1drv.ms/i/c/8705623eb284e7df/IQTfbzFBbZznTaLnx0uHxyuiAc3GUJk8E_LiqTeZVl8de-o?width=640&height=480
09-05-2022,212.0171814,214.5973619,210.082062,214.5973619,22228031,7,ITC,ITC.NS,Stock,FMCG,https://1drv.ms/i/c/8705623eb284e7df/IQTfbzFBbZznTaLnx0uHxyuiAc3GUJk8E_LiqTeZVl8de-o?width=640&height=480
10-05-2022,209.437027,215.1214638,208.912926,211.2512119,18727774,7,ITC,ITC.NS,Stock,FMCG,https://1drv.ms/i/c/8705623eb284e7df/IQTfbzFBbZznTaLnx0uHxyuiAc3GUJk8E_LiqTeZVl8de-o?width=640&height=480
11-05-2022,206.1311798,211.4124628,202.9865995,208.832295,18012072,7,ITC,ITC.NS,Stock,FMCG,https://1drv.ms/i/c/8705623eb284e7df/IQTfbzFBbZznTaLnx0uHxyuiAc3GUJk8E_LiqTeZVl8de-o?width=640&height=480
12-05-2022,203.9138489,206.7358986,200.890216,205.6070736,20816708,7,ITC,ITC.NS,Stock,FMCG,https://1drv.ms/i/c/8705623eb284e7df/IQTfbzFBbZznTaLnx0uHxyuiAc3GUJk8E_LiqTeZVl8de-o?width=640&height=480
13-05-2022,208.5097809,210.323953,205.2039416,205.5667709,12380764,7,ITC,ITC.NS,Stock,FMCG,https://1drv.ms/i/c/8705623eb284e7df/IQTfbzFBbZznTaLnx0uHxyuiAc3GUJk8E_LiqTeZVl8de-o?width=640&height=480
16-05-2022,204.8814087,209.5982792,203.9944784,209.5982792,8502159,7,ITC,ITC.NS,Stock,FMCG,https://1drv.ms/i/c/8705623eb284e7df/IQTfbzFBbZznTaLnx0uHxyuiAc3GUJk8E_LiqTeZVl8de-o?width=640&height=480
17-05-2022,213.4282227,214.0732582,205.4458243,205.6070832,18483427,7,ITC,ITC.NS,Stock,FMCG,https://1drv.ms/i/c/8705623eb284e7df/IQTfbzFBbZznTaLnx0uHxyuiAc3GUJk8E_LiqTeZVl8de-o?width=640&height=480
18-05-2022,215.1214447,215.9277519,212.178435,214.4764092,20978307,7,ITC,ITC.NS,Stock,FMCG,https://1drv.ms/i/c/8705623eb284e7df/IQTfbzFBbZznTaLnx0uHxyuiAc3GUJk8E_LiqTeZVl8de-o?width=640&height=480
19-05-2022,222.2572174,225.1599029,211.734976,211.734976,81302807,7,ITC,ITC.NS,Stock,FMCG,https://1drv.ms/i/c/8705623eb284e7df/IQTfbzFBbZznTaLnx0uHxyuiAc3GUJk8E_LiqTeZVl8de-o?width=640&height=480
20-05-2022,225.7646332,227.659441,223.3457116,223.3457116,33617466,7,ITC,ITC.NS,Stock,FMCG,https://1drv.ms/i/c/8705623eb284e7df/IQTfbzFBbZznTaLnx0uHxyuiAc3GUJk8E_LiqTeZVl8de-o?width=640&height=480
23-05-2022,221.3299561,226.1274749,220.1608324,225.7646328,22535903,7,ITC,ITC.NS,Stock,FMCG,https://1drv.ms/i/c/8705623eb284e7df/IQTfbzFBbZznTaLnx0uHxyuiAc3GUJk8E_LiqTeZVl8de-o?width=640&height=480
24-05-2022,218.3869781,221.7331288,217.7016183,221.7331288,16146766,7,ITC,ITC.NS,Stock,FMCG,https://1drv.ms/i/c/8705623eb284e7df/IQTfbzFBbZznTaLnx0uHxyuiAc3GUJk8E_LiqTeZVl8de-o?width=640&height=480
25-05-2022,219.8786316,220.8462105,218.104771,220.0802276,15877459,7,ITC,ITC.NS,Stock,FMCG,https://1drv.ms/i/c/8705623eb284e7df/IQTfbzFBbZznTaLnx0uHxyuiAc3GUJk8E_LiqTeZVl8de-o?width=640&height=480
26-05-2022,220.2839355,221.5641536,217.9299322,221.5641536,19129574,7,ITC,ITC.NS,Stock,FMCG,https://1drv.ms/i/c/8705623eb284e7df/IQTfbzFBbZznTaLnx0uHxyuiAc3GUJk8E_LiqTeZVl8de-o?width=640&height=480
27-05-2022,222.3488464,223.5877832,218.921097,222.1836427,13986762,7,ITC,ITC.NS,Stock,FMCG,https://1drv.ms/i/c/8705623eb284e7df/IQTfbzFBbZznTaLnx0uHxyuiAc3GUJk8E_LiqTeZVl8de-o?width=640&height=480
30-05-2022,222.2249451,223.8355707,221.0272897,223.4225743,12274291,7,ITC,ITC.NS,Stock,FMCG,https://1drv.ms/i/c/8705623eb284e7df/IQTfbzFBbZznTaLnx0uHxyuiAc3GUJk8E_LiqTeZVl8de-o?width=640&height=480
31-05-2022,223.546463,226.7264066,220.0361381,222.2249375,24102167,7,ITC,ITC.NS,Stock,FMCG,https://1drv.ms/i/c/8705623eb284e7df/IQTfbzFBbZznTaLnx0uHxyuiAc3GUJk8E_LiqTeZVl8de-o?width=640&height=480
01-06-2022,224.5376587,226.3960508,223.1747994,223.5464883,15265925,7,ITC,ITC.NS,Stock,FMCG,https://1drv.ms/i/c/8705623eb284e7df/IQTfbzFBbZznTaLnx0uHxyuiAc3GUJk8E_LiqTeZVl8de-o?width=640&height=480
02-06-2022,225.9004974,226.6851566,221.2337978,223.5878014,14789457,7,ITC,ITC.NS,Stock,FMCG,https://1drv.ms/i/c/8705623eb284e7df/IQTfbzFBbZznTaLnx0uHxyuiAc3GUJk8E_LiqTeZVl8de-o?width=640&height=480
03-06-2022,225.2397003,227.7176001,224.3311449,227.1394261,12968807,7,ITC,ITC.NS,Stock,FMCG,https://1drv.ms/i/c/8705623eb284e7df/IQTfbzFBbZznTaLnx0uHxyuiAc3GUJk8E_LiqTeZVl8de-o?width=640&height=480
06-06-2022,226.9741974,227.8001639,222.7618022,224.9919092,11345943,7,ITC,ITC.NS,Stock,FMCG,https://1drv.ms/i/c/8705623eb284e7df/IQTfbzFBbZznTaLnx0uHxyuiAc3GUJk8E_LiqTeZVl8de-o?width=640&height=480
07-06-2022,226.2308502,227.1394055,224.8680172,225.6526763,11245578,7,ITC,ITC.NS,Stock,FMCG,https://1drv.ms/i/c/8705623eb284e7df/IQTfbzFBbZznTaLnx0uHxyuiAc3GUJk8E_LiqTeZVl8de-o?width=640&height=480
08-06-2022,221.2751007,226.6438444,219.8709601,226.2721555,14915091,7,ITC,ITC.NS,Stock,FMCG,https://1drv.ms/i/c/8705623eb284e7df/IQTfbzFBbZznTaLnx0uHxyuiAc3GUJk8E_LiqTeZVl8de-o?width=640&height=480
09-06-2022,223.7116852,224.4137555,219.4992766,221.1925041,10239939,7,ITC,ITC.NS,Stock,FMCG,https://1drv.ms/i/c/8705623eb284e7df/IQTfbzFBbZznTaLnx0uHxyuiAc3GUJk8E_LiqTeZVl8de-o?width=640&height=480
10-06-2022,223.1335144,223.8355847,221.9771664,222.224959,8693455,7,ITC,ITC.NS,Stock,FMCG,https://1drv.ms/i/c/8705623eb284e7df/IQTfbzFBbZznTaLnx0uHxyuiAc3GUJk8E_LiqTeZVl8de-o?width=640&height=480
13-06-2022,218.5906982,222.2662138,217.2278522,220.0361331,11519902,7,ITC,ITC.NS,Stock,FMCG,https://1drv.ms/i/c/8705623eb284e7df/IQTfbzFBbZznTaLnx0uHxyuiAc3GUJk8E_LiqTeZVl8de-o?width=640&height=480
14-06-2022,219.2514648,220.9033848,217.2691636,217.3930467,7708043,7,ITC,ITC.NS,Stock,FMCG,https://1drv.ms/i/c/8705623eb284e7df/IQTfbzFBbZznTaLnx0uHxyuiAc3GUJk8E_LiqTeZVl8de-o?width=640&height=480
15-06-2022,217.5582581,220.7794961,217.2691711,219.7057632,5254329,7,ITC,ITC.NS,Stock,FMCG,https://1drv.ms/i/c/8705623eb284e7df/IQTfbzFBbZznTaLnx0uHxyuiAc3GUJk8E_LiqTeZVl8de-o?width=640&height=480
16-06-2022,215.3281708,221.2751016,214.3370266,220.5317238,14843837,7,ITC,ITC.NS,Stock,FMCG,https://1drv.ms/i/c/8705623eb284e7df/IQTfbzFBbZznTaLnx0uHxyuiAc3GUJk8E_LiqTeZVl8de-o?width=640&height=480
17-06-2022,217.475647,218.1777172,213.5523257,213.9240146,17296080,7,ITC,ITC.NS,Stock,FMCG,https://1drv.ms/i/c/8705623eb284e7df/IQTfbzFBbZznTaLnx0uHxyuiAc3GUJk8E_LiqTeZVl8de-o?width=640&height=480
20-06-2022,218.1364288,219.8296563,215.8650274,217.475653,17738981,7,ITC,ITC.NS,Stock,FMCG,https://1drv.ms/i/c/8705623eb284e7df/IQTfbzFBbZznTaLnx0uHxyuiAc3GUJk8E_LiqTeZVl8de-o?width=640&height=480
21-06-2022,222.9270172,223.7116763,218.1364348,218.8797995,14417711,7,ITC,ITC.NS,Stock,FMCG,https://1drv.ms/i/c/8705623eb284e7df/IQTfbzFBbZznTaLnx0uHxyuiAc3GUJk8E_LiqTeZVl8de-o?width=640&height=480
22-06-2022,219.1275787,223.2573984,218.7971974,220.5317062,11756920,7,ITC,ITC.NS,Stock,FMCG,https://1drv.ms/i/c/8705623eb284e7df/IQTfbzFBbZznTaLnx0uHxyuiAc3GUJk8E_LiqTeZVl8de-o?width=640&height=480
23-06-2022,219.2928009,220.7382491,216.7323252,219.2928009,9416459,7,ITC,ITC.NS,Stock,FMCG,https://1drv.ms/i/c/8705623eb284e7df/IQTfbzFBbZznTaLnx0uHxyuiAc3GUJk8E_LiqTeZVl8de-o?width=640&height=480
24-06-2022,219.5818634,221.6467798,219.0449969,219.7883616,7283228,7,ITC,ITC.NS,Stock,FMCG,https://1drv.ms/i/c/8705623eb284e7df/IQTfbzFBbZznTaLnx0uHxyuiAc3GUJk8E_LiqTeZVl8de-o?width=640&height=480
27-06-2022,222.968338,223.5465121,220.1187752,220.5317454,8487729,7,ITC,ITC.NS,Stock,FMCG,https://1drv.ms/i/c/8705623eb284e7df/IQTfbzFBbZznTaLnx0uHxyuiAc3GUJk8E_LiqTeZVl8de-o?width=640&height=480
28-06-2022,224.5376587,224.8680401,221.8119663,222.1010664,11673046,7,ITC,ITC.NS,Stock,FMCG,https://1drv.ms/i/c/8705623eb284e7df/IQTfbzFBbZznTaLnx0uHxyuiAc3GUJk8E_LiqTeZVl8de-o?width=640&height=480
29-06-2022,226.3547516,227.1394106,222.3075339,222.3901227,16635367,7,ITC,ITC.NS,Stock,FMCG,https://1drv.ms/i/c/8705623eb284e7df/IQTfbzFBbZznTaLnx0uHxyuiAc3GUJk8E_LiqTeZVl8de-o?width=640&height=480
30-06-2022,225.9004974,226.8916417,224.6615344,226.2721602,20003893,7,ITC,ITC.NS,Stock,FMCG,https://1drv.ms/i/c/8705623eb284e7df/IQTfbzFBbZznTaLnx0uHxyuiAc3GUJk8E_LiqTeZVl8de-o?width=640&height=480
01-07-2022,234.8621674,235.3990339,224.000758,225.9004837,36520000,7,ITC,ITC.NS,Stock,FMCG,https://1drv.ms/i/c/8705623eb284e7df/IQTfbzFBbZznTaLnx0uHxyuiAc3GUJk8E_LiqTeZVl8de-o?width=640&height=480
04-07-2022,241.0981903,242.2545384,235.2338609,235.9359313,41417701,7,ITC,ITC.NS,Stock,FMCG,https://1drv.ms/i/c/8705623eb284e7df/IQTfbzFBbZznTaLnx0uHxyuiAc3GUJk8E_LiqTeZVl8de-o?width=640&height=480
05-07-2022,236.9683228,242.0066842,236.0184862,242.0066842,19283789,7,ITC,ITC.NS,Stock,FMCG,https://1drv.ms/i/c/8705623eb284e7df/IQTfbzFBbZznTaLnx0uHxyuiAc3GUJk8E_LiqTeZVl8de-o?width=640&height=480
06-07-2022,238.9506531,239.528827,235.6468131,236.3075759,18997440,7,ITC,ITC.NS,Stock,FMCG,https://1drv.ms/i/c/8705623eb284e7df/IQTfbzFBbZznTaLnx0uHxyuiAc3GUJk8E_LiqTeZVl8de-o?width=640&height=480
07-07-2022,241.1394653,242.1306095,238.2899029,240.3548063,14326277,7,ITC,ITC.NS,Stock,FMCG,https://1drv.ms/i/c/8705623eb284e7df/IQTfbzFBbZznTaLnx0uHxyuiAc3GUJk8E_LiqTeZVl8de-o?width=640&height=480
08-07-2022,242.0480194,243.2043674,239.8592198,241.9241231,11538313,7,ITC,ITC.NS,Stock,FMCG,https://1drv.ms/i/c/8705623eb284e7df/IQTfbzFBbZznTaLnx0uHxyuiAc3GUJk8E_LiqTeZVl8de-o?width=640&height=480
11-07-2022,243.6586914,245.2693174,241.2220987,242.006758,12828405,7,ITC,ITC.NS,Stock,FMCG,https://1drv.ms/i/c/8705623eb284e7df/IQTfbzFBbZznTaLnx0uHxyuiAc3GUJk8E_LiqTeZVl8de-o?width=640&height=480
12-07-2022,241.7589111,243.9476843,240.2721558,242.0066775,14616684,7,ITC,ITC.NS,Stock,FMCG,https://1drv.ms/i/c/8705623eb284e7df/IQTfbzFBbZznTaLnx0uHxyuiAc3GUJk8E_LiqTeZVl8de-o?width=640&height=480
13-07-2022,242.8739777,243.4934329,241.7589372,242.0067036,9634877,7,ITC,ITC.NS,Stock,FMCG,https://1drv.ms/i/c/8705623eb284e7df/IQTfbzFBbZznTaLnx0uHxyuiAc3GUJk8E_LiqTeZVl8de-o?width=640&height=480
14-07-2022,240.2309265,244.7737037,238.8267859,243.0804891,13930984,7,ITC,ITC.NS,Stock,FMCG,https://1drv.ms/i/c/8705623eb284e7df/IQTfbzFBbZznTaLnx0uHxyuiAc3GUJk8E_LiqTeZVl8de-o?width=640&height=480
15-07-2022,242.4609833,242.8326721,239.115862,241.1807652,11450042,7,ITC,ITC.NS,Stock,FMCG,https://1drv.ms/i/c/8705623eb284e7df/IQTfbzFBbZznTaLnx0uHxyuiAc3GUJk8E_LiqTeZVl8de-o?width=640&height=480
18-07-2022,243.9064484,244.732415,242.6262041,243.6586558,11751684,7,ITC,ITC.NS,Stock,FMCG,https://1drv.ms/i/c/8705623eb284e7df/IQTfbzFBbZznTaLnx0uHxyuiAc3GUJk8E_LiqTeZVl8de-o?width=640&height=480
19-07-2022,243.3282928,244.1542595,241.7589745,243.6586743,9542292,7,ITC,ITC.NS,Stock,FMCG,https://1drv.ms/i/c/8705623eb284e7df/IQTfbzFBbZznTaLnx0uHxyuiAc3GUJk8E_LiqTeZVl8de-o?width=640&height=480
20-07-2022,246.301712,247.3754711,242.5022869,243.576046,16397373,7,ITC,ITC.NS,Stock,FMCG,https://1drv.ms/i/c/8705623eb284e7df/IQTfbzFBbZznTaLnx0uHxyuiAc3GUJk8E_LiqTeZVl8de-o?width=640&height=480
21-07-2022,247.4167786,249.6055783,246.1365342,246.9625009,16660697,7,ITC,ITC.NS,Stock,FMCG,https://1drv.ms/i/c/8705623eb284e7df/IQTfbzFBbZznTaLnx0uHxyuiAc3GUJk8E_LiqTeZVl8de-o?width=640&height=480
22-07-2022,248.2427368,249.8533625,246.2191409,247.7884591,10351425,7,ITC,ITC.NS,Stock,FMCG,https://1drv.ms/i/c/8705623eb284e7df/IQTfbzFBbZznTaLnx0uHxyuiAc3GUJk8E_LiqTeZVl8de-o?width=640&height=480
25-07-2022,248.696991,250.2250277,246.7972915,246.9624691,11050533,7,ITC,ITC.NS,Stock,FMCG,https://1drv.ms/i/c/8705623eb284e7df/IQTfbzFBbZznTaLnx0uHxyuiAc3GUJk8E_LiqTeZVl8de-o?width=640&height=480
26-07-2022,249.812027,250.885786,248.1601202,248.6143978,10114261,7,ITC,ITC.NS,Stock,FMCG,https://1drv.ms/i/c/8705623eb284e7df/IQTfbzFBbZznTaLnx0uHxyuiAc3GUJk8E_LiqTeZVl8de-o?width=640&height=480
27-07-2022,251.216156,251.9182262,248.2840052,250.142397,9706094,7,ITC,ITC.NS,Stock,FMCG,https://1drv.ms/i/c/8705623eb284e7df/IQTfbzFBbZznTaLnx0uHxyuiAc3GUJk8E_LiqTeZVl8de-o?width=640&height=480
28-07-2022,250.6380463,252.0834945,249.7707983,251.8357019,11256515,7,ITC,ITC.NS,Stock,FMCG,https://1drv.ms/i/c/8705623eb284e7df/IQTfbzFBbZznTaLnx0uHxyuiAc3GUJk8E_LiqTeZVl8de-o?width=640&height=480
29-07-2022,250.3076477,252.6616513,248.9035071,251.9182734,17584873,7,ITC,ITC.NS,Stock,FMCG,https://1drv.ms/i/c/8705623eb284e7df/IQTfbzFBbZznTaLnx0uHxyuiAc3GUJk8E_LiqTeZVl8de-o?width=640&height=480
01-08-2022,253.9831238,255.0568828,250.3489028,251.0922543,16501510,7,ITC,ITC.NS,Stock,FMCG,https://1drv.ms/i/c/8705623eb284e7df/IQTfbzFBbZznTaLnx0uHxyuiAc3GUJk8E_LiqTeZVl8de-o?width=640&height=480
02-08-2022,256.0067444,261.5406913,254.5613226,256.0480519,40483892,7,ITC,ITC.NS,Stock,FMCG,https://1drv.ms/i/c/8705623eb284e7df/IQTfbzFBbZznTaLnx0uHxyuiAc3GUJk8E_LiqTeZVl8de-o?width=640&height=480
03-08-2022,254.5200195,256.7914341,250.8032094,256.7914341,18376724,7,ITC,ITC.NS,Stock,FMCG,https://1drv.ms/i/c/8705623eb284e7df/IQTfbzFBbZznTaLnx0uHxyuiAc3GUJk8E_LiqTeZVl8de-o?width=640&height=480
04-08-2022,255.6350861,256.3371563,253.6940791,254.3961232,16514348,7,ITC,ITC.NS,Stock,FMCG,https://1drv.ms/i/c/8705623eb284e7df/IQTfbzFBbZznTaLnx0uHxyuiAc3GUJk8E_LiqTeZVl8de-o?width=640&height=480
05-08-2022,256.7501526,257.5348117,255.3047306,255.635112,10477269,7,ITC,ITC.NS,Stock,FMCG,https://1drv.ms/i/c/8705623eb284e7df/IQTfbzFBbZznTaLnx0uHxyuiAc3GUJk8E_LiqTeZVl8de-o?width=640&height=480
08-08-2022,258.6498108,259.3105997,256.0893487,256.8327002,8627072,7,ITC,ITC.NS,Stock,FMCG,https://1drv.ms/i/c/8705623eb284e7df/IQTfbzFBbZznTaLnx0uHxyuiAc3GUJk8E_LiqTeZVl8de-o?width=640&height=480
10-08-2022,257.0392151,259.434526,256.6675524,258.6498408,9267241,7,ITC,ITC.NS,Stock,FMCG,https://1drv.ms/i/c/8705623eb284e7df/IQTfbzFBbZznTaLnx0uHxyuiAc3GUJk8E_LiqTeZVl8de-o?width=640&height=480
11-08-2022,252.9506989,258.897616,252.1660398,258.5259271,11305242,7,ITC,ITC.NS,Stock,FMCG,https://1drv.ms/i/c/8705623eb284e7df/IQTfbzFBbZznTaLnx0uHxyuiAc3GUJk8E_LiqTeZVl8de-o?width=640&height=480
12-08-2022,254.8504333,255.5525037,251.5053116,252.9507336,6669853,7,ITC,ITC.NS,Stock,FMCG,https://1drv.ms/i/c/8705623eb284e7df/IQTfbzFBbZznTaLnx0uHxyuiAc3GUJk8E_LiqTeZVl8de-o?width=640&height=480
16-08-2022,256.5023499,257.287009,254.8504167,254.8504167,8941455,7,ITC,ITC.NS,Stock,FMCG,https://1drv.ms/i/c/8705623eb284e7df/IQTfbzFBbZznTaLnx0uHxyuiAc3GUJk8E_LiqTeZVl8de-o?width=640&height=480
17-08-2022,258.1542664,258.7324403,256.8740222,257.4521961,8283028,7,ITC,ITC.NS,Stock,FMCG,https://1drv.ms/i/c/8705623eb284e7df/IQTfbzFBbZznTaLnx0uHxyuiAc3GUJk8E_LiqTeZVl8de-o?width=640&height=480
18-08-2022,260.7147522,261.0038523,258.195571,258.5259525,10264507,7,ITC,ITC.NS,Stock,FMCG,https://1drv.ms/i/c/8705623eb284e7df/IQTfbzFBbZznTaLnx0uHxyuiAc3GUJk8E_LiqTeZVl8de-o?width=640&height=480
19-08-2022,257.7000122,261.1277488,257.0392232,261.1277488,10823811,7,ITC,ITC.NS,Stock,FMCG,https://1drv.ms/i/c/8705623eb284e7df/IQTfbzFBbZznTaLnx0uHxyuiAc3GUJk8E_LiqTeZVl8de-o?width=640&height=480
22-08-2022,259.6822815,261.8297998,256.8740266,257.0392042,11793184,7,ITC,ITC.NS,Stock,FMCG,https://1drv.ms/i/c/8705623eb284e7df/IQTfbzFBbZznTaLnx0uHxyuiAc3GUJk8E_LiqTeZVl8de-o?width=640&height=480
23-08-2022,260.9212952,261.003884,257.7826321,258.4847025,9698555,7,ITC,ITC.NS,Stock,FMCG,https://1drv.ms/i/c/8705623eb284e7df/IQTfbzFBbZznTaLnx0uHxyuiAc3GUJk8E_LiqTeZVl8de-o?width=640&height=480
24-08-2022,259.4345093,263.8533896,258.5672353,260.7973423,11783894,7,ITC,ITC.NS,Stock,FMCG,https://1drv.ms/i/c/8705623eb284e7df/IQTfbzFBbZznTaLnx0uHxyuiAc3GUJk8E_LiqTeZVl8de-o?width=640&height=480
25-08-2022,257.9890747,261.3342223,257.3696194,260.5495632,8057930,7,ITC,ITC.NS,Stock,FMCG,https://1drv.ms/i/c/8705623eb284e7df/IQTfbzFBbZznTaLnx0uHxyuiAc3GUJk8E_LiqTeZVl8de-o?width=640&height=480
26-08-2022,258.4432983,260.5082013,257.6999469,259.9713349,7224507,7,ITC,ITC.NS,Stock,FMCG,https://1drv.ms/i/c/8705623eb284e7df/IQTfbzFBbZznTaLnx0uHxyuiAc3GUJk8E_LiqTeZVl8de-o?width=640&height=480
29-08-2022,258.9801941,260.1365157,255.0981546,256.0480173,11798961,7,ITC,ITC.NS,Stock,FMCG,https://1drv.ms/i/c/8705623eb284e7df/IQTfbzFBbZznTaLnx0uHxyuiAc3GUJk8E_LiqTeZVl8de-o?width=640&height=480
30-08-2022,264.7206726,265.4640242,259.5583882,259.5583882,18516092,7,ITC,ITC.NS,Stock,FMCG,https://1drv.ms/i/c/8705623eb284e7df/IQTfbzFBbZznTaLnx0uHxyuiAc3GUJk8E_LiqTeZVl8de-o?width=640&height=480
01-09-2022,262.3254089,265.8770422,261.0038831,263.8947535,13765474,7,ITC,ITC.NS,Stock,FMCG,https://1drv.ms/i/c/8705623eb284e7df/IQTfbzFBbZznTaLnx0uHxyuiAc3GUJk8E_LiqTeZVl8de-o?width=640&height=480
02-09-2022,266.9094238,267.8180053,262.6970288,263.2338952,26750910,7,ITC,ITC.NS,Stock,FMCG,https://1drv.ms/i/c/8705623eb284e7df/IQTfbzFBbZznTaLnx0uHxyuiAc3GUJk8E_LiqTeZVl8de-o?width=640&height=480
05-09-2022,271.6174316,272.2369131,267.4050361,268.4374878,18144801,7,ITC,ITC.NS,Stock,FMCG,https://1drv.ms/i/c/8705623eb284e7df/IQTfbzFBbZznTaLnx0uHxyuiAc3GUJk8E_LiqTeZVl8de-o?width=640&height=480
06-09-2022,270.2133179,272.5672951,269.5938364,272.5672951,12431779,7,ITC,ITC.NS,Stock,FMCG,https://1drv.ms/i/c/8705623eb284e7df/IQTfbzFBbZznTaLnx0uHxyuiAc3GUJk8E_LiqTeZVl8de-o?width=640&height=480
07-09-2022,269.3460388,271.1631495,268.6439685,269.26345,8397233,7,ITC,ITC.NS,Stock,FMCG,https://1drv.ms/i/c/8705623eb284e7df/IQTfbzFBbZznTaLnx0uHxyuiAc3GUJk8E_LiqTeZVl8de-o?width=640&height=480
08-09-2022,272.4847107,273.0628847,270.5023961,271.7413329,11331350,7,ITC,ITC.NS,Stock,FMCG,https://1drv.ms/i/c/8705623eb284e7df/IQTfbzFBbZznTaLnx0uHxyuiAc3GUJk8E_LiqTeZVl8de-o?width=640&height=480
09-09-2022,272.9802856,275.2929554,272.5672893,273.0628744,9770432,7,ITC,ITC.NS,Stock,FMCG,https://1drv.ms/i/c/8705623eb284e7df/IQTfbzFBbZznTaLnx0uHxyuiAc3GUJk8E_LiqTeZVl8de-o?width=640&height=480
12-09-2022,273.3106689,274.5496057,272.5672912,274.2192243,9048240,7,ITC,ITC.NS,Stock,FMCG,https://1drv.ms/i/c/8705623eb284e7df/IQTfbzFBbZznTaLnx0uHxyuiAc3GUJk8E_LiqTeZVl8de-o?width=640&height=480
13-09-2022,276.2015686,276.6971277,273.0629058,273.9714613,10925371,7,ITC,ITC.NS,Stock,FMCG,https://1drv.ms/i/c/8705623eb284e7df/IQTfbzFBbZznTaLnx0uHxyuiAc3GUJk8E_LiqTeZVl8de-o?width=640&height=480
14-09-2022,276.9861755,280.0009153,273.3519282,273.3932357,12739464,7,ITC,ITC.NS,Stock,FMCG,https://1drv.ms/i/c/8705623eb284e7df/IQTfbzFBbZznTaLnx0uHxyuiAc3GUJk8E_LiqTeZVl8de-o?width=640&height=480
15-09-2022,275.9537354,278.3903275,274.962565,277.8534348,8742900,7,ITC,ITC.NS,Stock,FMCG,https://1drv.ms/i/c/8705623eb284e7df/IQTfbzFBbZznTaLnx0uHxyuiAc3GUJk8E_LiqTeZVl8de-o?width=640&height=480
16-09-2022,273.6410828,276.3667492,272.3195309,274.5083307,12973988,7,ITC,ITC.NS,Stock,FMCG,https://1drv.ms/i/c/8705623eb284e7df/IQTfbzFBbZznTaLnx0uHxyuiAc3GUJk8E_LiqTeZVl8de-o?width=640&height=480
19-09-2022,277.192688,278.2664472,271.8239445,271.8239445,14918717,7,ITC,ITC.NS,Stock,FMCG,https://1drv.ms/i/c/8705623eb284e7df/IQTfbzFBbZznTaLnx0uHxyuiAc3GUJk8E_LiqTeZVl8de-o?width=640&height=480
20-09-2022,277.5231018,280.4965609,276.6971351,279.7944905,9892945,7,ITC,ITC.NS,Stock,FMCG,https://1drv.ms/i/c/8705623eb284e7df/IQTfbzFBbZznTaLnx0uHxyuiAc3GUJk8E_LiqTeZVl8de-o?width=640&height=480
21-09-2022,281.6115417,285.1218928,277.1100727,277.5230429,21800547,7,ITC,ITC.NS,Stock,FMCG,https://1drv.ms/i/c/8705623eb284e7df/IQTfbzFBbZznTaLnx0uHxyuiAc3GUJk8E_LiqTeZVl8de-o?width=640&height=480
22-09-2022,284.9980164,288.0540638,281.57028,281.6528688,25111230,7,ITC,ITC.NS,Stock,FMCG,https://1drv.ms/i/c/8705623eb284e7df/IQTfbzFBbZznTaLnx0uHxyuiAc3GUJk8E_LiqTeZVl8de-o?width=640&height=480
23-09-2022,286.1130981,288.7148945,283.5526355,287.0216536,23718397,7,ITC,ITC.NS,Stock,FMCG,https://1drv.ms/i/c/8705623eb284e7df/IQTfbzFBbZznTaLnx0uHxyuiAc3GUJk8E_LiqTeZVl8de-o?width=640&height=480
26-09-2022,274.7148438,285.7414058,274.0127734,284.8328504,16829922,7,ITC,ITC.NS,Stock,FMCG,https://1drv.ms/i/c/8705623eb284e7df/IQTfbzFBbZznTaLnx0uHxyuiAc3GUJk8E_LiqTeZVl8de-o?width=640&height=480
27-09-2022,276.5732117,280.4552521,275.8711414,276.697108,10375837,7,ITC,ITC.NS,Stock,FMCG,https://1drv.ms/i/c/8705623eb284e7df/IQTfbzFBbZznTaLnx0uHxyuiAc3GUJk8E_LiqTeZVl8de-o?width=640&height=480
28-09-2022,268.3961792,275.2929326,267.8592866,274.1778923,16151900,7,ITC,ITC.NS,Stock,FMCG,https://1drv.ms/i/c/8705623eb284e7df/IQTfbzFBbZznTaLnx0uHxyuiAc3GUJk8E_LiqTeZVl8de-o?width=640&height=480
29-09-2022,275.0864868,276.6145237,270.7088873,271.7413391,18985406,7,ITC,ITC.NS,Stock,FMCG,https://1drv.ms/i/c/8705623eb284e7df/IQTfbzFBbZznTaLnx0uHxyuiAc3GUJk8E_LiqTeZVl8de-o?width=640&height=480
30-09-2022,274.3844299,277.3166076,272.6912153,275.0865003,12906555,7,ITC,ITC.NS,Stock,FMCG,https://1drv.ms/i/c/8705623eb284e7df/IQTfbzFBbZznTaLnx0uHxyuiAc3GUJk8E_LiqTeZVl8de-o?width=640&height=480
03-10-2022,267.9418945,275.0451859,266.9920579,274.9625709,9462192,7,ITC,ITC.NS,Stock,FMCG,https://1drv.ms/i/c/8705623eb284e7df/IQTfbzFBbZznTaLnx0uHxyuiAc3GUJk8E_LiqTeZVl8de-o?width=640&height=480
04-10-2022,274.9212952,275.8711318,270.9153848,271.4935588,9142294,7,ITC,ITC.NS,Stock,FMCG,https://1drv.ms/i/c/8705623eb284e7df/IQTfbzFBbZznTaLnx0uHxyuiAc3GUJk8E_LiqTeZVl8de-o?width=640&height=480
06-10-2022,278.059967,280.2487669,274.6735377,276.6971338,23091432,7,ITC,ITC.NS,Stock,FMCG,https://1drv.ms/i/c/8705623eb284e7df/IQTfbzFBbZznTaLnx0uHxyuiAc3GUJk8E_LiqTeZVl8de-o?width=640&height=480
07-10-2022,275.9537354,278.2251237,273.6410395,278.1838162,10910698,7,ITC,ITC.NS,Stock,FMCG,https://1drv.ms/i/c/8705623eb284e7df/IQTfbzFBbZznTaLnx0uHxyuiAc3GUJk8E_LiqTeZVl8de-o?width=640&height=480
10-10-2022,270.7914734,273.7649319,269.3047441,272.5672765,9750594,7,ITC,ITC.NS,Stock,FMCG,https://1drv.ms/i/c/8705623eb284e7df/IQTfbzFBbZznTaLnx0uHxyuiAc3GUJk8E_LiqTeZVl8de-o?width=640&height=480
11-10-2022,269.5112305,272.9389667,268.5200602,271.7413113,11018577,7,ITC,ITC.NS,Stock,FMCG,https://1drv.ms/i/c/8705623eb284e7df/IQTfbzFBbZznTaLnx0uHxyuiAc3GUJk8E_LiqTeZVl8de-o?width=640&height=480
12-10-2022,272.6498413,273.7649078,268.2309614,270.8740383,10735673,7,ITC,ITC.NS,Stock,FMCG,https://1drv.ms/i/c/8705623eb284e7df/IQTfbzFBbZznTaLnx0uHxyuiAc3GUJk8E_LiqTeZVl8de-o?width=640&height=480
13-10-2022,271.45224,273.6410395,270.9153735,272.5259991,7546587,7,ITC,ITC.NS,Stock,FMCG,https://1drv.ms/i/c/8705623eb284e7df/IQTfbzFBbZznTaLnx0uHxyuiAc3GUJk8E_LiqTeZVl8de-o?width=640&height=480
14-10-2022,274.3017883,275.7885175,273.2693368,274.4669921,6672357,7,ITC,ITC.NS,Stock,FMCG,https://1drv.ms/i/c/8705623eb284e7df/IQTfbzFBbZznTaLnx0uHxyuiAc3GUJk8E_LiqTeZVl8de-o?width=640&height=480
17-10-2022,274.4256897,276.4905929,272.2368902,273.4758269,7195922,7,ITC,ITC.NS,Stock,FMCG,https://1drv.ms/i/c/8705623eb284e7df/IQTfbzFBbZznTaLnx0uHxyuiAc3GUJk8E_LiqTeZVl8de-o?width=640&height=480
18-10-2022,281.0746765,281.6528504,275.4994484,275.8298298,21691854,7,ITC,ITC.NS,Stock,FMCG,https://1drv.ms/i/c/8705623eb284e7df/IQTfbzFBbZznTaLnx0uHxyuiAc3GUJk8E_LiqTeZVl8de-o?width=640&height=480
19-10-2022,286.0717773,286.9803327,280.6617265,283.3873926,16923690,7,ITC,ITC.NS,Stock,FMCG,https://1drv.ms/i/c/8705623eb284e7df/IQTfbzFBbZznTaLnx0uHxyuiAc3GUJk8E_LiqTeZVl8de-o?width=640&height=480
20-10-2022,288.8387451,289.8711968,284.7915274,286.6086381,19186222,7,ITC,ITC.NS,Stock,FMCG,https://1drv.ms/i/c/8705623eb284e7df/IQTfbzFBbZznTaLnx0uHxyuiAc3GUJk8E_LiqTeZVl8de-o?width=640&height=480
21-10-2022,285.452301,291.7295999,284.5437456,291.7295999,28426343,7,ITC,ITC.NS,Stock,FMCG,https://1drv.ms/i/c/8705623eb284e7df/IQTfbzFBbZznTaLnx0uHxyuiAc3GUJk8E_LiqTeZVl8de-o?width=640&height=480
24-10-2022,287.1868286,288.8387618,286.6086546,288.2192803,3292671,7,ITC,ITC.NS,Stock,FMCG,https://1drv.ms/i/c/8705623eb284e7df/IQTfbzFBbZznTaLnx0uHxyuiAc3GUJk8E_LiqTeZVl8de-o?width=640&height=480
25-10-2022,286.0304565,288.6735337,283.841657,288.6322262,17906260,7,ITC,ITC.NS,Stock,FMCG,https://1drv.ms/i/c/8705623eb284e7df/IQTfbzFBbZznTaLnx0uHxyuiAc3GUJk8E_LiqTeZVl8de-o?width=640&height=480
27-10-2022,285.6175232,287.723708,284.0068974,286.3195673,19273344,7,ITC,ITC.NS,Stock,FMCG,https://1drv.ms/i/c/8705623eb284e7df/IQTfbzFBbZznTaLnx0uHxyuiAc3GUJk8E_LiqTeZVl8de-o?width=640&height=480
28-10-2022,285.6175232,287.9301931,285.0393492,287.0629452,13572499,7,ITC,ITC.NS,Stock,FMCG,https://1drv.ms/i/c/8705623eb284e7df/IQTfbzFBbZznTaLnx0uHxyuiAc3GUJk8E_LiqTeZVl8de-o?width=640&height=480
31-10-2022,288.0127869,289.4995162,284.7502281,287.4346129,14358449,7,ITC,ITC.NS,Stock,FMCG,https://1drv.ms/i/c/8705623eb284e7df/IQTfbzFBbZznTaLnx0uHxyuiAc3GUJk8E_LiqTeZVl8de-o?width=640&height=480
01-11-2022,288.6735229,289.4994894,286.7738236,288.4670379,20422565,7,ITC,ITC.NS,Stock,FMCG,https://1drv.ms/i/c/8705623eb284e7df/IQTfbzFBbZznTaLnx0uHxyuiAc3GUJk8E_LiqTeZVl8de-o?width=640&height=480
02-11-2022,292.9272156,294.248741,287.8475467,287.8475467,17427813,7,ITC,ITC.NS,Stock,FMCG,https://1drv.ms/i/c/8705623eb284e7df/IQTfbzFBbZznTaLnx0uHxyuiAc3GUJk8E_LiqTeZVl8de-o?width=640&height=480
03-11-2022,292.1425781,296.1071808,291.5644042,292.3903707,11149636,7,ITC,ITC.NS,Stock,FMCG,https://1drv.ms/i/c/8705623eb284e7df/IQTfbzFBbZznTaLnx0uHxyuiAc3GUJk8E_LiqTeZVl8de-o?width=640&height=480
04-11-2022,292.0600281,294.0423429,291.1514725,292.3904357,8709851,7,ITC,ITC.NS,Stock,FMCG,https://1drv.ms/i/c/8705623eb284e7df/IQTfbzFBbZznTaLnx0uHxyuiAc3GUJk8E_LiqTeZVl8de-o?width=640&height=480
07-11-2022,291.977356,294.3313591,289.0864864,293.2162926,10437370,7,ITC,ITC.NS,Stock,FMCG,https://1drv.ms/i/c/8705623eb284e7df/IQTfbzFBbZznTaLnx0uHxyuiAc3GUJk8E_LiqTeZVl8de-o?width=640&height=480
09-11-2022,297.9242859,298.5437673,291.7295763,291.9773689,21404869,7,ITC,ITC.NS,Stock,FMCG,https://1drv.ms/i/c/8705623eb284e7df/IQTfbzFBbZznTaLnx0uHxyuiAc3GUJk8E_LiqTeZVl8de-o?width=640&height=480
10-11-2022,294.0423279,297.2635796,292.4730095,296.5202279,20071989,7,ITC,ITC.NS,Stock,FMCG,https://1drv.ms/i/c/8705623eb284e7df/IQTfbzFBbZznTaLnx0uHxyuiAc3GUJk8E_LiqTeZVl8de-o?width=640&height=480
11-11-2022,294.3313904,298.1308156,292.9272498,297.3461304,11372654,7,ITC,ITC.NS,Stock,FMCG,https://1drv.ms/i/c/8705623eb284e7df/IQTfbzFBbZznTaLnx0uHxyuiAc3GUJk8E_LiqTeZVl8de-o?width=640&height=480
14-11-2022,286.7738647,294.8269672,286.2782795,294.3314082,18319254,7,ITC,ITC.NS,Stock,FMCG,https://1drv.ms/i/c/8705623eb284e7df/IQTfbzFBbZznTaLnx0uHxyuiAc3GUJk8E_LiqTeZVl8de-o?width=640&height=480
15-11-2022,285.163208,288.2192553,280.1248201,288.2192553,16046491,7,ITC,ITC.NS,Stock,FMCG,https://1drv.ms/i/c/8705623eb284e7df/IQTfbzFBbZznTaLnx0uHxyuiAc3GUJk8E_LiqTeZVl8de-o?width=640&height=480
16-11-2022,284.2133484,286.4847367,282.1897265,285.5348739,7897812,7,ITC,ITC.NS,Stock,FMCG,https://1drv.ms/i/c/8705623eb284e7df/IQTfbzFBbZznTaLnx0uHxyuiAc3GUJk8E_LiqTeZVl8de-o?width=640&height=480
17-11-2022,283.8829651,286.9803199,282.9744098,284.2133465,10379179,7,ITC,ITC.NS,Stock,FMCG,https://1drv.ms/i/c/8705623eb284e7df/IQTfbzFBbZznTaLnx0uHxyuiAc3GUJk8E_LiqTeZVl8de-o?width=640&height=480
18-11-2022,281.6941833,284.7502309,280.6617317,283.882983,8140173,7,ITC,ITC.NS,Stock,FMCG,https://1drv.ms/i/c/8705623eb284e7df/IQTfbzFBbZznTaLnx0uHxyuiAc3GUJk8E_LiqTeZVl8de-o?width=640&height=480
21-11-2022,278.5141907,280.8268864,276.2015211,280.0835349,9553090,7,ITC,ITC.NS,Stock,FMCG,https://1drv.ms/i/c/8705623eb284e7df/IQTfbzFBbZznTaLnx0uHxyuiAc3GUJk8E_LiqTeZVl8de-o?width=640&height=480
22-11-2022,281.0333557,281.6528371,277.2752384,278.3489974,6746019,7,ITC,ITC.NS,Stock,FMCG,https://1drv.ms/i/c/8705623eb284e7df/IQTfbzFBbZznTaLnx0uHxyuiAc3GUJk8E_LiqTeZVl8de-o?width=640&height=480
23-11-2022,280.6617126,282.4788233,278.761987,282.4788233,8067471,7,ITC,ITC.NS,Stock,FMCG,https://1drv.ms/i/c/8705623eb284e7df/IQTfbzFBbZznTaLnx0uHxyuiAc3GUJk8E_LiqTeZVl8de-o?width=640&height=480
24-11-2022,281.4463501,282.8917718,278.8032731,280.6616911,8454385,7,ITC,ITC.NS,Stock,FMCG,https://1drv.ms/i/c/8705623eb284e7df/IQTfbzFBbZznTaLnx0uHxyuiAc3GUJk8E_LiqTeZVl8de-o?width=640&height=480
25-11-2022,281.0746765,282.3962282,279.0097733,281.6528504,7200274,7,ITC,ITC.NS,Stock,FMCG,https://1drv.ms/i/c/8705623eb284e7df/IQTfbzFBbZznTaLnx0uHxyuiAc3GUJk8E_LiqTeZVl8de-o?width=640&height=480
28-11-2022,280.8681946,282.272335,279.7944355,280.8268871,10284123,7,ITC,ITC.NS,Stock,FMCG,https://1drv.ms/i/c/8705623eb284e7df/IQTfbzFBbZznTaLnx0uHxyuiAc3GUJk8E_LiqTeZVl8de-o?width=640&height=480
29-11-2022,282.7266541,284.9567352,280.8269282,280.8269282,10582296,7,ITC,ITC.NS,Stock,FMCG,https://1drv.ms/i/c/8705623eb284e7df/IQTfbzFBbZznTaLnx0uHxyuiAc3GUJk8E_LiqTeZVl8de-o?width=640&height=480
30-11-2022,280.8269043,284.2546407,280.0009377,281.859356,23425220,7,ITC,ITC.NS,Stock,FMCG,https://1drv.ms/i/c/8705623eb284e7df/IQTfbzFBbZznTaLnx0uHxyuiAc3GUJk8E_LiqTeZVl8de-o?width=640&height=480
01-12-2022,280.4552612,282.2310646,278.1838465,282.2310646,17270904,7,ITC,ITC.NS,Stock,FMCG,https://1drv.ms/i/c/8705623eb284e7df/IQTfbzFBbZznTaLnx0uHxyuiAc3GUJk8E_LiqTeZVl8de-o?width=640&height=480
02-12-2022,278.4729309,281.4876971,278.1425495,280.2900417,8711914,7,ITC,ITC.NS,Stock,FMCG,https://1drv.ms/i/c/8705623eb284e7df/IQTfbzFBbZznTaLnx0uHxyuiAc3GUJk8E_LiqTeZVl8de-o?width=640&height=480
05-12-2022,278.1425476,279.8770696,275.9950293,278.8858992,10090597,7,ITC,ITC.NS,Stock,FMCG,https://1drv.ms/i/c/8705623eb284e7df/IQTfbzFBbZznTaLnx0uHxyuiAc3GUJk8E_LiqTeZVl8de-o?width=640&height=480
06-12-2022,278.5968323,279.3401839,275.9537549,275.9537549,6571118,7,ITC,ITC.NS,Stock,FMCG,https://1drv.ms/i/c/8705623eb284e7df/IQTfbzFBbZznTaLnx0uHxyuiAc3GUJk8E_LiqTeZVl8de-o?width=640&height=480
07-12-2022,280.9095459,282.0658678,278.0599571,279.587994,10191144,7,ITC,ITC.NS,Stock,FMCG,https://1drv.ms/i/c/8705623eb284e7df/IQTfbzFBbZznTaLnx0uHxyuiAc3GUJk8E_LiqTeZVl8de-o?width=640&height=480
08-12-2022,279.5054016,282.6027568,278.7620238,280.9921311,6439244,7,ITC,ITC.NS,Stock,FMCG,https://1drv.ms/i/c/8705623eb284e7df/IQTfbzFBbZznTaLnx0uHxyuiAc3GUJk8E_LiqTeZVl8de-o?width=640&height=480
09-12-2022,281.9832153,282.8917706,279.1749608,280.6203825,8445424,7,ITC,ITC.NS,Stock,FMCG,https://1drv.ms/i/c/8705623eb284e7df/IQTfbzFBbZznTaLnx0uHxyuiAc3GUJk8E_LiqTeZVl8de-o?width=640&height=480
12-12-2022,283.4700012,284.1307902,280.9095387,281.6528904,11646572,7,ITC,ITC.NS,Stock,FMCG,https://1drv.ms/i/c/8705623eb284e7df/IQTfbzFBbZznTaLnx0uHxyuiAc3GUJk8E_LiqTeZVl8de-o?width=640&height=480
13-12-2022,285.452301,285.7826824,282.8092237,284.5437456,11105261,7,ITC,ITC.NS,Stock,FMCG,https://1drv.ms/i/c/8705623eb284e7df/IQTfbzFBbZznTaLnx0uHxyuiAc3GUJk8E_LiqTeZVl8de-o?width=640&height=480
14-12-2022,285.2870789,286.8977044,283.9242459,285.782664,7664099,7,ITC,ITC.NS,Stock,FMCG,https://1drv.ms/i/c/8705623eb284e7df/IQTfbzFBbZznTaLnx0uHxyuiAc3GUJk8E_LiqTeZVl8de-o?width=640&height=480
15-12-2022,279.8770752,285.8652741,279.1750049,284.7502336,8469001,7,ITC,ITC.NS,Stock,FMCG,https://1drv.ms/i/c/8705623eb284e7df/IQTfbzFBbZznTaLnx0uHxyuiAc3GUJk8E_LiqTeZVl8de-o?width=640&height=480
16-12-2022,276.7797546,279.9183914,273.6410917,278.7620433,12907968,7,ITC,ITC.NS,Stock,FMCG,https://1drv.ms/i/c/8705623eb284e7df/IQTfbzFBbZznTaLnx0uHxyuiAc3GUJk8E_LiqTeZVl8de-o?width=640&height=480
19-12-2022,281.2398987,282.7679093,276.9861958,278.183825,8113695,7,ITC,ITC.NS,Stock,FMCG,https://1drv.ms/i/c/8705623eb284e7df/IQTfbzFBbZznTaLnx0uHxyuiAc3GUJk8E_LiqTeZVl8de-o?width=640&height=480
20-12-2022,280.9508057,281.6115685,278.1425507,280.8682169,5693354,7,ITC,ITC.NS,Stock,FMCG,https://1drv.ms/i/c/8705623eb284e7df/IQTfbzFBbZznTaLnx0uHxyuiAc3GUJk8E_LiqTeZVl8de-o?width=640&height=480
21-12-2022,276.8210144,281.8593768,276.2841479,281.6528917,7316532,7,ITC,ITC.NS,Stock,FMCG,https://1drv.ms/i/c/8705623eb284e7df/IQTfbzFBbZznTaLnx0uHxyuiAc3GUJk8E_LiqTeZVl8de-o?width=640&height=480
22-12-2022,274.5908813,278.67938,272.4846708,277.2339583,6838031,7,ITC,ITC.NS,Stock,FMCG,https://1drv.ms/i/c/8705623eb284e7df/IQTfbzFBbZznTaLnx0uHxyuiAc3GUJk8E_LiqTeZVl8de-o?width=640&height=480
23-12-2022,269.8416138,274.136624,268.7265734,273.3106575,10461859,7,ITC,ITC.NS,Stock,FMCG,https://1drv.ms/i/c/8705623eb284e7df/IQTfbzFBbZznTaLnx0uHxyuiAc3GUJk8E_LiqTeZVl8de-o?width=640&height=480
26-12-2022,276.3666992,276.7796956,268.8504642,269.6764045,9934633,7,ITC,ITC.NS,Stock,FMCG,https://1drv.ms/i/c/8705623eb284e7df/IQTfbzFBbZznTaLnx0uHxyuiAc3GUJk8E_LiqTeZVl8de-o?width=640&height=480
27-12-2022,275.1690674,277.8534258,272.6911679,277.1926631,6986433,7,ITC,ITC.NS,Stock,FMCG,https://1drv.ms/i/c/8705623eb284e7df/IQTfbzFBbZznTaLnx0uHxyuiAc3GUJk8E_LiqTeZVl8de-o?width=640&height=480
28-12-2022,276.2015686,276.6971277,273.8062575,274.9213242,8035558,7,ITC,ITC.NS,Stock,FMCG,https://1drv.ms/i/c/8705623eb284e7df/IQTfbzFBbZznTaLnx0uHxyuiAc3GUJk8E_LiqTeZVl8de-o?width=640&height=480
29-12-2022,276.9861755,277.3165569,273.8475133,276.160209,8417520,7,ITC,ITC.NS,Stock,FMCG,https://1drv.ms/i/c/8705623eb284e7df/IQTfbzFBbZznTaLnx0uHxyuiAc3GUJk8E_LiqTeZVl8de-o?width=640&height=480
30-12-2022,273.8475342,278.1425446,272.9802863,277.027478,7228324,7,ITC,ITC.NS,Stock,FMCG,https://1drv.ms/i/c/8705623eb284e7df/IQTfbzFBbZznTaLnx0uHxyuiAc3GUJk8E_LiqTeZVl8de-o?width=640&height=480
02-01-2023,274.9212952,275.8711318,272.2782179,273.3106695,6181118,7,ITC,ITC.NS,Stock,FMCG,https://1drv.ms/i/c/8705623eb284e7df/IQTfbzFBbZznTaLnx0uHxyuiAc3GUJk8E_LiqTeZVl8de-o?width=640&height=480
03-01-2023,273.4758301,275.3342482,272.7737598,273.8062114,6228015,7,ITC,ITC.NS,Stock,FMCG,https://1drv.ms/i/c/8705623eb284e7df/IQTfbzFBbZznTaLnx0uHxyuiAc3GUJk8E_LiqTeZVl8de-o?width=640&height=480
04-01-2023,270.089386,274.6321623,269.2634195,274.0952959,6947412,7,ITC,ITC.NS,Stock,FMCG,https://1drv.ms/i/c/8705623eb284e7df/IQTfbzFBbZznTaLnx0uHxyuiAc3GUJk8E_LiqTeZVl8de-o?width=640&height=480
05-01-2023,275.4168396,275.7885285,271.0805481,271.4522369,8486143,7,ITC,ITC.NS,Stock,FMCG,https://1drv.ms/i/c/8705623eb284e7df/IQTfbzFBbZznTaLnx0uHxyuiAc3GUJk8E_LiqTeZVl8de-o?width=640&height=480
06-01-2023,276.7384033,278.8033066,275.1277777,276.4493032,8603181,7,ITC,ITC.NS,Stock,FMCG,https://1drv.ms/i/c/8705623eb284e7df/IQTfbzFBbZznTaLnx0uHxyuiAc3GUJk8E_LiqTeZVl8de-o?width=640&height=480
09-01-2023,279.2163086,281.9006937,277.6469903,278.3077531,11027747,7,ITC,ITC.NS,Stock,FMCG,https://1drv.ms/i/c/8705623eb284e7df/IQTfbzFBbZznTaLnx0uHxyuiAc3GUJk8E_LiqTeZVl8de-o?width=640&height=480
10-01-2023,275.3755493,279.5053556,274.6734791,279.0923593,7217255,7,ITC,ITC.NS,Stock,FMCG,https://1drv.ms/i/c/8705623eb284e7df/IQTfbzFBbZznTaLnx0uHxyuiAc3GUJk8E_LiqTeZVl8de-o?width=640&height=480
11-01-2023,274.0539856,276.7796775,273.6410155,276.7796775,4760847,7,ITC,ITC.NS,Stock,FMCG,https://1drv.ms/i/c/8705623eb284e7df/IQTfbzFBbZznTaLnx0uHxyuiAc3GUJk8E_LiqTeZVl8de-o?width=640&height=480
12-01-2023,272.4433594,275.540714,270.9979377,275.3755364,6894087,7,ITC,ITC.NS,Stock,FMCG,https://1drv.ms/i/c/8705623eb284e7df/IQTfbzFBbZznTaLnx0uHxyuiAc3GUJk8E_LiqTeZVl8de-o?width=640&height=480
13-01-2023,271.5348816,274.4257519,269.5938743,272.4434371,14967746,7,ITC,ITC.NS,Stock,FMCG,https://1drv.ms/i/c/8705623eb284e7df/IQTfbzFBbZznTaLnx0uHxyuiAc3GUJk8E_LiqTeZVl8de-o?width=640&height=480
16-01-2023,272.7325134,274.3844205,270.5437137,272.8564097,8571826,7,ITC,ITC.NS,Stock,FMCG,https://1drv.ms/i/c/8705623eb284e7df/IQTfbzFBbZznTaLnx0uHxyuiAc3GUJk8E_LiqTeZVl8de-o?width=640&height=480
17-01-2023,274.4256897,275.4581413,271.8239201,272.7324754,14240647,7,ITC,ITC.NS,Stock,FMCG,https://1drv.ms/i/c/8705623eb284e7df/IQTfbzFBbZznTaLnx0uHxyuiAc3GUJk8E_LiqTeZVl8de-o?width=640&height=480
18-01-2023,276.4080505,277.9773688,274.5496321,275.8711578,13039078,7,ITC,ITC.NS,Stock,FMCG,https://1drv.ms/i/c/8705623eb284e7df/IQTfbzFBbZznTaLnx0uHxyuiAc3GUJk8E_LiqTeZVl8de-o?width=640&height=480
19-01-2023,274.3431396,277.2340097,273.9301432,275.8711504,8667564,7,ITC,ITC.NS,Stock,FMCG,https://1drv.ms/i/c/8705623eb284e7df/IQTfbzFBbZznTaLnx0uHxyuiAc3GUJk8E_LiqTeZVl8de-o?width=640&height=480
20-01-2023,276.3666992,276.8622844,271.9478189,274.2192072,13608325,7,ITC,ITC.NS,Stock,FMCG,https://1drv.ms/i/c/8705623eb284e7df/IQTfbzFBbZznTaLnx0uHxyuiAc3GUJk8E_LiqTeZVl8de-o?width=640&height=480
23-01-2023,278.9684753,279.2988829,275.0864614,277.5230535,7399204,7,ITC,ITC.NS,Stock,FMCG,https://1drv.ms/i/c/8705623eb284e7df/IQTfbzFBbZznTaLnx0uHxyuiAc3GUJk8E_LiqTeZVl8de-o?width=640&height=480
24-01-2023,279.9596863,281.4464158,278.8446457,279.0098233,12776694,7,ITC,ITC.NS,Stock,FMCG,https://1drv.ms/i/c/8705623eb284e7df/IQTfbzFBbZznTaLnx0uHxyuiAc3GUJk8E_LiqTeZVl8de-o?width=640&height=480
25-01-2023,280.207428,281.6528497,276.903562,279.9183279,12978859,7,ITC,ITC.NS,Stock,FMCG,https://1drv.ms/i/c/8705623eb284e7df/IQTfbzFBbZznTaLnx0uHxyuiAc3GUJk8E_LiqTeZVl8de-o?width=640&height=480
27-01-2023,285.7827148,288.1367186,282.0658779,282.3136705,21850457,7,ITC,ITC.NS,Stock,FMCG,https://1drv.ms/i/c/8705623eb284e7df/IQTfbzFBbZznTaLnx0uHxyuiAc3GUJk8E_LiqTeZVl8de-o?width=640&height=480
30-01-2023,284.7915649,290.5319979,282.3549725,286.5260871,14634225,7,ITC,ITC.NS,Stock,FMCG,https://1drv.ms/i/c/8705623eb284e7df/IQTfbzFBbZznTaLnx0uHxyuiAc3GUJk8E_LiqTeZVl8de-o?width=640&height=480
31-01-2023,291.0275269,293.2163265,281.6941805,285.7826797,17794183,7,ITC,ITC.NS,Stock,FMCG,https://1drv.ms/i/c/8705623eb284e7df/IQTfbzFBbZznTaLnx0uHxyuiAc3GUJk8E_LiqTeZVl8de-o?width=640&height=480
01-02-2023,298.5025024,302.0541354,271.8239609,291.5644403,67003785,7,ITC,ITC.NS,Stock,FMCG,https://1drv.ms/i/c/8705623eb284e7df/IQTfbzFBbZznTaLnx0uHxyuiAc3GUJk8E_LiqTeZVl8de-o?width=640&height=480
02-02-2023,312.7090454,317.7474076,297.6765477,298.6676919,57892084,7,ITC,ITC.NS,Stock,FMCG,https://1drv.ms/i/c/8705623eb284e7df/IQTfbzFBbZznTaLnx0uHxyuiAc3GUJk8E_LiqTeZVl8de-o?width=640&height=480
03-02-2023,314.4022522,315.7237778,307.2576793,315.4347039,23153980,7,ITC,ITC.NS,Stock,FMCG,https://1drv.ms/i/c/8705623eb284e7df/IQTfbzFBbZznTaLnx0uHxyuiAc3GUJk8E_LiqTeZVl8de-o?width=640&height=480
06-02-2023,316.673645,320.6382741,313.5349825,315.9302934,26783409,7,ITC,ITC.NS,Stock,FMCG,https://1drv.ms/i/c/8705623eb284e7df/IQTfbzFBbZznTaLnx0uHxyuiAc3GUJk8E_LiqTeZVl8de-o?width=640&height=480
07-02-2023,308.2901306,317.0866104,304.3255277,317.0866104,21438758,7,ITC,ITC.NS,Stock,FMCG,https://1drv.ms/i/c/8705623eb284e7df/IQTfbzFBbZznTaLnx0uHxyuiAc3GUJk8E_LiqTeZVl8de-o?width=640&height=480
08-02-2023,310.1898193,311.635241,306.8859535,309.5290305,10821785,7,ITC,ITC.NS,Stock,FMCG,https://1drv.ms/i/c/8705623eb284e7df/IQTfbzFBbZznTaLnx0uHxyuiAc3GUJk8E_LiqTeZVl8de-o?width=640&height=480
09-02-2023,309.1160583,313.8653459,307.3815366,308.9095733,12318006,7,ITC,ITC.NS,Stock,FMCG,https://1drv.ms/i/c/8705623eb284e7df/IQTfbzFBbZznTaLnx0uHxyuiAc3GUJk8E_LiqTeZVl8de-o?width=640&height=480
10-02-2023,306.7208557,311.346222,305.8535815,307.4229261,10674456,7,ITC,ITC.NS,Stock,FMCG,https://1drv.ms/i/c/8705623eb284e7df/IQTfbzFBbZznTaLnx0uHxyuiAc3GUJk8E_LiqTeZVl8de-o?width=640&height=480
13-02-2023,309.0747681,309.8594271,305.6057244,308.083624,10282470,7,ITC,ITC.NS,Stock,FMCG,https://1drv.ms/i/c/8705623eb284e7df/IQTfbzFBbZznTaLnx0uHxyuiAc3GUJk8E_LiqTeZVl8de-o?width=640&height=480
14-02-2023,319.1928406,320.184011,308.7031195,309.7355974,30246745,7,ITC,ITC.NS,Stock,FMCG,https://1drv.ms/i/c/8705623eb284e7df/IQTfbzFBbZznTaLnx0uHxyuiAc3GUJk8E_LiqTeZVl8de-o?width=640&height=480
15-02-2023,320.855957,321.4016218,317.7917843,320.4781768,12679568,7,ITC,ITC.NS,Stock,FMCG,https://1drv.ms/i/c/8705623eb284e7df/IQTfbzFBbZznTaLnx0uHxyuiAc3GUJk8E_LiqTeZVl8de-o?width=640&height=480
16-02-2023,321.1498108,323.4164656,319.8485855,320.6880883,10151755,7,ITC,ITC.NS,Stock,FMCG,https://1drv.ms/i/c/8705623eb284e7df/IQTfbzFBbZznTaLnx0uHxyuiAc3GUJk8E_LiqTeZVl8de-o?width=640&height=480
17-02-2023,321.8633423,322.8287717,318.3794316,319.8905257,7967611,7,ITC,ITC.NS,Stock,FMCG,https://1drv.ms/i/c/8705623eb284e7df/IQTfbzFBbZznTaLnx0uHxyuiAc3GUJk8E_LiqTeZVl8de-o?width=640&height=480
20-02-2023,322.4090271,325.3053154,320.1004146,322.9547185,8105569,7,ITC,ITC.NS,Stock,FMCG,https://1drv.ms/i/c/8705623eb284e7df/IQTfbzFBbZznTaLnx0uHxyuiAc3GUJk8E_LiqTeZVl8de-o?width=640&height=480
21-02-2023,320.8978882,323.9620607,320.4361658,323.2065269,8577674,7,ITC,ITC.NS,Stock,FMCG,https://1drv.ms/i/c/8705623eb284e7df/IQTfbzFBbZznTaLnx0uHxyuiAc3GUJk8E_LiqTeZVl8de-o?width=640&height=480
22-02-2023,322.2410889,323.1225493,319.0090319,320.6880105,9306194,7,ITC,ITC.NS,Stock,FMCG,https://1drv.ms/i/c/8705623eb284e7df/IQTfbzFBbZznTaLnx0uHxyuiAc3GUJk8E_LiqTeZVl8de-o?width=640&height=480
23-02-2023,325.3892517,330.762037,321.6115029,322.7448435,19555814,7,ITC,ITC.NS,Stock,FMCG,https://1drv.ms/i/c/8705623eb284e7df/IQTfbzFBbZznTaLnx0uHxyuiAc3GUJk8E_LiqTeZVl8de-o?width=640&height=480
24-02-2023,323.2904663,326.5645077,319.8485137,326.5645077,13407431,7,ITC,ITC.NS,Stock,FMCG,https://1drv.ms/i/c/8705623eb284e7df/IQTfbzFBbZznTaLnx0uHxyuiAc3GUJk8E_LiqTeZVl8de-o?width=640&height=480
27-02-2023,320.855957,324.717648,317.4140041,323.2904961,8455904,7,ITC,ITC.NS,Stock,FMCG,https://1drv.ms/i/c/8705623eb284e7df/IQTfbzFBbZznTaLnx0uHxyuiAc3GUJk8E_LiqTeZVl8de-o?width=640&height=480
28-02-2023,316.2387085,322.576923,314.8115832,321.1078133,16997837,7,ITC,ITC.NS,Stock,FMCG,https://1drv.ms/i/c/8705623eb284e7df/IQTfbzFBbZznTaLnx0uHxyuiAc3GUJk8E_LiqTeZVl8de-o?width=640&height=480
01-03-2023,317.9176636,319.3448152,313.6362353,314.1818999,8065784,7,ITC,ITC.NS,Stock,FMCG,https://1drv.ms/i/c/8705623eb284e7df/IQTfbzFBbZznTaLnx0uHxyuiAc3GUJk8E_LiqTeZVl8de-o?width=640&height=480
02-03-2023,315.2732849,318.7991533,314.559709,318.5892843,5212922,7,ITC,ITC.NS,Stock,FMCG,https://1drv.ms/i/c/8705623eb284e7df/IQTfbzFBbZznTaLnx0uHxyuiAc3GUJk8E_LiqTeZVl8de-o?width=640&height=480
03-03-2023,323.1645508,323.5423309,315.7350072,316.490541,8495772,7,ITC,ITC.NS,Stock,FMCG,https://1drv.ms/i/c/8705623eb284e7df/IQTfbzFBbZznTaLnx0uHxyuiAc3GUJk8E_LiqTeZVl8de-o?width=640&height=480
06-03-2023,325.8509521,329.502774,323.4164131,323.9620779,11126980,7,ITC,ITC.NS,Stock,FMCG,https://1drv.ms/i/c/8705623eb284e7df/IQTfbzFBbZznTaLnx0uHxyuiAc3GUJk8E_LiqTeZVl8de-o?width=640&height=480
08-03-2023,329.4187927,330.0484263,323.2904743,325.7250132,9261146,7,ITC,ITC.NS,Stock,FMCG,https://1drv.ms/i/c/8705623eb284e7df/IQTfbzFBbZznTaLnx0uHxyuiAc3GUJk8E_LiqTeZVl8de-o?width=640&height=480
09-03-2023,325.3052979,330.4262295,323.7522193,329.1669888,10005328,7,ITC,ITC.NS,Stock,FMCG,https://1drv.ms/i/c/8705623eb284e7df/IQTfbzFBbZznTaLnx0uHxyuiAc3GUJk8E_LiqTeZVl8de-o?width=640&height=480
10-03-2023,325.7250061,327.5718958,321.9472578,324.8435457,8684320,7,ITC,ITC.NS,Stock,FMCG,https://1drv.ms/i/c/8705623eb284e7df/IQTfbzFBbZznTaLnx0uHxyuiAc3GUJk8E_LiqTeZVl8de-o?width=640&height=480
13-03-2023,322.0731812,328.1595415,321.1077785,326.7323898,9130473,7,ITC,ITC.NS,Stock,FMCG,https://1drv.ms/i/c/8705623eb284e7df/IQTfbzFBbZznTaLnx0uHxyuiAc3GUJk8E_LiqTeZVl8de-o?width=640&height=480
14-03-2023,318.7572021,324.4237983,316.6584589,323.7941913,10623744,7,ITC,ITC.NS,Stock,FMCG,https://1drv.ms/i/c/8705623eb284e7df/IQTfbzFBbZznTaLnx0uHxyuiAc3GUJk8E_LiqTeZVl8de-o?width=640&height=480
15-03-2023,318.5053406,322.6188847,317.3300423,319.8485235,8748113,7,ITC,ITC.NS,Stock,FMCG,https://1drv.ms/i/c/8705623eb284e7df/IQTfbzFBbZznTaLnx0uHxyuiAc3GUJk8E_LiqTeZVl8de-o?width=640&height=480
16-03-2023,320.2263184,320.9818787,316.3646275,319.5127424,16315136,7,ITC,ITC.NS,Stock,FMCG,https://1drv.ms/i/c/8705623eb284e7df/IQTfbzFBbZznTaLnx0uHxyuiAc3GUJk8E_LiqTeZVl8de-o?width=640&height=480
17-03-2023,315.2732849,323.2065353,310.3202381,323.2065353,50787703,7,ITC,ITC.NS,Stock,FMCG,https://1drv.ms/i/c/8705623eb284e7df/IQTfbzFBbZznTaLnx0uHxyuiAc3GUJk8E_LiqTeZVl8de-o?width=640&height=480
20-03-2023,318.0016174,318.4633398,312.2930373,313.3843933,10512002,7,ITC,ITC.NS,Stock,FMCG,https://1drv.ms/i/c/8705623eb284e7df/IQTfbzFBbZznTaLnx0uHxyuiAc3GUJk8E_LiqTeZVl8de-o?width=640&height=480
21-03-2023,316.4485779,318.0016565,314.0140388,318.0016565,12057999,7,ITC,ITC.NS,Stock,FMCG,https://1drv.ms/i/c/8705623eb284e7df/IQTfbzFBbZznTaLnx0uHxyuiAc3GUJk8E_LiqTeZVl8de-o?width=640&height=480
22-03-2023,317.1201477,318.0435925,314.1399177,316.4485297,4958761,7,ITC,ITC.NS,Stock,FMCG,https://1drv.ms/i/c/8705623eb284e7df/IQTfbzFBbZznTaLnx0uHxyuiAc3GUJk8E_LiqTeZVl8de-o?width=640&height=480
23-03-2023,319.554718,321.3176655,314.3078599,316.4905454,10127917,7,ITC,ITC.NS,Stock,FMCG,https://1drv.ms/i/c/8705623eb284e7df/IQTfbzFBbZznTaLnx0uHxyuiAc3GUJk8E_LiqTeZVl8de-o?width=640&height=480
24-03-2023,317.9176636,321.5275005,317.3300145,320.26826,10317108,7,ITC,ITC.NS,Stock,FMCG,https://1drv.ms/i/c/8705623eb284e7df/IQTfbzFBbZznTaLnx0uHxyuiAc3GUJk8E_LiqTeZVl8de-o?width=640&height=480
27-03-2023,319.1769409,322.702836,315.9448837,317.2880667,11232922,7,ITC,ITC.NS,Stock,FMCG,https://1drv.ms/i/c/8705623eb284e7df/IQTfbzFBbZznTaLnx0uHxyuiAc3GUJk8E_LiqTeZVl8de-o?width=640&height=480
28-03-2023,318.7991638,320.981876,317.4559809,319.176944,9523719,7,ITC,ITC.NS,Stock,FMCG,https://1drv.ms/i/c/8705623eb284e7df/IQTfbzFBbZznTaLnx0uHxyuiAc3GUJk8E_LiqTeZVl8de-o?width=640&height=480
29-03-2023,321.3176575,322.3670291,316.6164642,319.1769298,10551626,7,ITC,ITC.NS,Stock,FMCG,https://1drv.ms/i/c/8705623eb284e7df/IQTfbzFBbZznTaLnx0uHxyuiAc3GUJk8E_LiqTeZVl8de-o?width=640&height=480
31-03-2023,321.9472961,322.7867988,319.0090767,320.6880554,9877493,7,ITC,ITC.NS,Stock,FMCG,https://1drv.ms/i/c/8705623eb284e7df/IQTfbzFBbZznTaLnx0uHxyuiAc3GUJk8E_LiqTeZVl8de-o?width=640&height=480
03-04-2023,318.0855408,322.3669956,317.7497451,322.3669956,7331070,7,ITC,ITC.NS,Stock,FMCG,https://1drv.ms/i/c/8705623eb284e7df/IQTfbzFBbZznTaLnx0uHxyuiAc3GUJk8E_LiqTeZVl8de-o?width=640&height=480
05-04-2023,324.3818359,324.9275007,318.0855796,318.0855796,12055499,7,ITC,ITC.NS,Stock,FMCG,https://1drv.ms/i/c/8705623eb284e7df/IQTfbzFBbZznTaLnx0uHxyuiAc3GUJk8E_LiqTeZVl8de-o?width=640&height=480
06-04-2023,325.1793518,327.6558486,322.5349173,324.5917026,13394394,7,ITC,ITC.NS,Stock,FMCG,https://1drv.ms/i/c/8705623eb284e7df/IQTfbzFBbZznTaLnx0uHxyuiAc3GUJk8E_LiqTeZVl8de-o?width=640&height=480
10-04-2023,326.1867065,327.4039892,322.9966076,325.1793195,7044256,7,ITC,ITC.NS,Stock,FMCG,https://1drv.ms/i/c/8705623eb284e7df/IQTfbzFBbZznTaLnx0uHxyuiAc3GUJk8E_LiqTeZVl8de-o?width=640&height=480
11-04-2023,332.440979,334.2039265,325.7250115,326.1867339,18939829,7,ITC,ITC.NS,Stock,FMCG,https://1drv.ms/i/c/8705623eb284e7df/IQTfbzFBbZznTaLnx0uHxyuiAc3GUJk8E_LiqTeZVl8de-o?width=640&height=480
12-04-2023,330.3842163,333.9520956,329.1669602,333.9101112,10122932,7,ITC,ITC.NS,Stock,FMCG,https://1drv.ms/i/c/8705623eb284e7df/IQTfbzFBbZznTaLnx0uHxyuiAc3GUJk8E_LiqTeZVl8de-o?width=640&height=480
13-04-2023,332.1051941,332.9446967,330.5101577,332.0212518,6292395,7,ITC,ITC.NS,Stock,FMCG,https://1drv.ms/i/c/8705623eb284e7df/IQTfbzFBbZznTaLnx0uHxyuiAc3GUJk8E_LiqTeZVl8de-o?width=640&height=480
17-04-2023,335.9249268,337.4779787,329.838566,329.838566,11466474,7,ITC,ITC.NS,Stock,FMCG,https://1drv.ms/i/c/8705623eb284e7df/IQTfbzFBbZznTaLnx0uHxyuiAc3GUJk8E_LiqTeZVl8de-o?width=640&height=480
18-04-2023,334.5397339,337.4779798,333.2804933,335.7990011,9860308,7,ITC,ITC.NS,Stock,FMCG,https://1drv.ms/i/c/8705623eb284e7df/IQTfbzFBbZznTaLnx0uHxyuiAc3GUJk8E_LiqTeZVl8de-o?width=640&height=480
19-04-2023,334.7496338,336.9323194,332.4409949,332.4829793,10119480,7,ITC,ITC.NS,Stock,FMCG,https://1drv.ms/i/c/8705623eb284e7df/IQTfbzFBbZznTaLnx0uHxyuiAc3GUJk8E_LiqTeZVl8de-o?width=640&height=480
20-04-2023,336.0508728,338.0236894,333.8681605,335.7990193,6924577,7,ITC,ITC.NS,Stock,FMCG,https://1drv.ms/i/c/8705623eb284e7df/IQTfbzFBbZznTaLnx0uHxyuiAc3GUJk8E_LiqTeZVl8de-o?width=640&height=480
21-04-2023,342.7248535,343.3544872,335.0014982,336.0508699,14801099,7,ITC,ITC.NS,Stock,FMCG,https://1drv.ms/i/c/8705623eb284e7df/IQTfbzFBbZznTaLnx0uHxyuiAc3GUJk8E_LiqTeZVl8de-o?width=640&height=480
24-04-2023,343.1026001,344.1939561,339.3248518,344.1939561,6212135,7,ITC,ITC.NS,Stock,FMCG,https://1drv.ms/i/c/8705623eb284e7df/IQTfbzFBbZznTaLnx0uHxyuiAc3GUJk8E_LiqTeZVl8de-o?width=640&height=480
25-04-2023,345.4951782,347.1741568,342.0112412,343.1025972,9180650,7,ITC,ITC.NS,Stock,FMCG,https://1drv.ms/i/c/8705623eb284e7df/IQTfbzFBbZznTaLnx0uHxyuiAc3GUJk8E_LiqTeZVl8de-o?width=640&height=480
26-04-2023,346.0828247,346.7124317,343.3964325,345.8729291,7914219,7,ITC,ITC.NS,Stock,FMCG,https://1drv.ms/i/c/8705623eb284e7df/IQTfbzFBbZznTaLnx0uHxyuiAc3GUJk8E_LiqTeZVl8de-o?width=640&height=480
27-04-2023,349.2309875,350.406286,345.0335007,346.040888,13100076,7,ITC,ITC.NS,Stock,FMCG,https://1drv.ms/i/c/8705623eb284e7df/IQTfbzFBbZznTaLnx0uHxyuiAc3GUJk8E_LiqTeZVl8de-o?width=640&height=480
28-04-2023,357.2481689,359.5147968,347.300117,350.9099545,13208557,7,ITC,ITC.NS,Stock,FMCG,https://1drv.ms/i/c/8705623eb284e7df/IQTfbzFBbZznTaLnx0uHxyuiAc3GUJk8E_LiqTeZVl8de-o?width=640&height=480
02-05-2023,356.3247375,358.4654388,353.5963605,357.6259627,10648421,7,ITC,ITC.NS,Stock,FMCG,https://1drv.ms/i/c/8705623eb284e7df/IQTfbzFBbZznTaLnx0uHxyuiAc3GUJk8E_LiqTeZVl8de-o?width=640&height=480
03-05-2023,358.5913086,359.724649,354.3098802,355.9469008,7607609,7,ITC,ITC.NS,Stock,FMCG,https://1drv.ms/i/c/8705623eb284e7df/IQTfbzFBbZznTaLnx0uHxyuiAc3GUJk8E_LiqTeZVl8de-o?width=640&height=480
04-05-2023,356.4506531,358.4654275,355.9469462,357.0383023,8292456,7,ITC,ITC.NS,Stock,FMCG,https://1drv.ms/i/c/8705623eb284e7df/IQTfbzFBbZznTaLnx0uHxyuiAc3GUJk8E_LiqTeZVl8de-o?width=640&height=480
05-05-2023,359.9345398,362.5789477,356.2407603,357.5839431,12890455,7,ITC,ITC.NS,Stock,FMCG,https://1drv.ms/i/c/8705623eb284e7df/IQTfbzFBbZznTaLnx0uHxyuiAc3GUJk8E_LiqTeZVl8de-o?width=640&height=480
08-05-2023,362.2011414,363.8801464,360.4382206,361.8233878,7522610,7,ITC,ITC.NS,Stock,FMCG,https://1drv.ms/i/c/8705623eb284e7df/IQTfbzFBbZznTaLnx0uHxyuiAc3GUJk8E_LiqTeZVl8de-o?width=640&height=480
09-05-2023,355.7789917,363.6282994,353.8481598,363.3344881,10377820,7,ITC,ITC.NS,Stock,FMCG,https://1drv.ms/i/c/8705623eb284e7df/IQTfbzFBbZznTaLnx0uHxyuiAc3GUJk8E_LiqTeZVl8de-o?width=640&height=480
10-05-2023,357.0802612,357.9197639,354.4358531,355.9049628,10130159,7,ITC,ITC.NS,Stock,FMCG,https://1drv.ms/i/c/8705623eb284e7df/IQTfbzFBbZznTaLnx0uHxyuiAc3GUJk8E_LiqTeZVl8de-o?width=640&height=480
11-05-2023,352.9247131,358.8012044,351.6654726,358.6752777,16597954,7,ITC,ITC.NS,Stock,FMCG,https://1drv.ms/i/c/8705623eb284e7df/IQTfbzFBbZznTaLnx0uHxyuiAc3GUJk8E_LiqTeZVl8de-o?width=640&height=480
12-05-2023,352.9667358,354.8555835,349.2729295,352.9247514,11564770,7,ITC,ITC.NS,Stock,FMCG,https://1drv.ms/i/c/8705623eb284e7df/IQTfbzFBbZznTaLnx0uHxyuiAc3GUJk8E_LiqTeZVl8de-o?width=640&height=480
15-05-2023,359.1370239,359.8925576,351.7914227,352.5889408,9503538,7,ITC,ITC.NS,Stock,FMCG,https://1drv.ms/i/c/8705623eb284e7df/IQTfbzFBbZznTaLnx0uHxyuiAc3GUJk8E_LiqTeZVl8de-o?width=640&height=480
16-05-2023,355.9049683,360.9839422,355.5272147,360.9839422,8302077,7,ITC,ITC.NS,Stock,FMCG,https://1drv.ms/i/c/8705623eb284e7df/IQTfbzFBbZznTaLnx0uHxyuiAc3GUJk8E_LiqTeZVl8de-o?width=640&height=480
17-05-2023,358.9691467,360.1024607,354.7716599,356.0728851,9844782,7,ITC,ITC.NS,Stock,FMCG,https://1drv.ms/i/c/8705623eb284e7df/IQTfbzFBbZznTaLnx0uHxyuiAc3GUJk8E_LiqTeZVl8de-o?width=640&height=480
18-05-2023,352.3370972,363.0406826,350.9939142,360.9839237,24919291,7,ITC,ITC.NS,Stock,FMCG,https://1drv.ms/i/c/8705623eb284e7df/IQTfbzFBbZznTaLnx0uHxyuiAc3GUJk8E_LiqTeZVl8de-o?width=640&height=480
19-05-2023,352.4630432,355.1914203,345.3273104,353.3864882,26759905,7,ITC,ITC.NS,Stock,FMCG,https://1drv.ms/i/c/8705623eb284e7df/IQTfbzFBbZznTaLnx0uHxyuiAc3GUJk8E_LiqTeZVl8de-o?width=640&height=480
22-05-2023,356.5765381,357.416014,351.8333606,354.2259416,16015615,7,ITC,ITC.NS,Stock,FMCG,https://1drv.ms/i/c/8705623eb284e7df/IQTfbzFBbZznTaLnx0uHxyuiAc3GUJk8E_LiqTeZVl8de-o?width=640&height=480
23-05-2023,360.2703857,361.991349,356.1148832,357.6259774,9068926,7,ITC,ITC.NS,Stock,FMCG,https://1drv.ms/i/c/8705623eb284e7df/IQTfbzFBbZznTaLnx0uHxyuiAc3GUJk8E_LiqTeZVl8de-o?width=640&height=480
24-05-2023,363.9222107,364.9715825,358.4654563,359.5568125,11921823,7,ITC,ITC.NS,Stock,FMCG,https://1drv.ms/i/c/8705623eb284e7df/IQTfbzFBbZznTaLnx0uHxyuiAc3GUJk8E_LiqTeZVl8de-o?width=640&height=480
25-05-2023,370.3443298,371.4356593,365.0135027,366.8184347,18905572,7,ITC,ITC.NS,Stock,FMCG,https://1drv.ms/i/c/8705623eb284e7df/IQTfbzFBbZznTaLnx0uHxyuiAc3GUJk8E_LiqTeZVl8de-o?width=640&height=480
26-05-2023,372.401062,373.3664913,368.959136,372.2331509,13496209,7,ITC,ITC.NS,Stock,FMCG,https://1drv.ms/i/c/8705623eb284e7df/IQTfbzFBbZznTaLnx0uHxyuiAc3GUJk8E_LiqTeZVl8de-o?width=640&height=480
29-05-2023,377.0183105,379.284965,372.820824,373.5763843,20589822,7,ITC,ITC.NS,Stock,FMCG,https://1drv.ms/i/c/8705623eb284e7df/IQTfbzFBbZznTaLnx0uHxyuiAc3GUJk8E_LiqTeZVl8de-o?width=640&height=480
30-05-2023,386.1734619,387.5039146,378.534111,378.534111,19627897,7,ITC,ITC.NS,Stock,FMCG,https://1drv.ms/i/c/8705623eb284e7df/IQTfbzFBbZznTaLnx0uHxyuiAc3GUJk8E_LiqTeZVl8de-o?width=640&height=480
31-05-2023,382.396637,387.9759577,379.7786593,385.6583908,14821960,7,ITC,ITC.NS,Stock,FMCG,https://1drv.ms/i/c/8705623eb284e7df/IQTfbzFBbZznTaLnx0uHxyuiAc3GUJk8E_LiqTeZVl8de-o?width=640&height=480
01-06-2023,377.4182129,383.6842104,376.8173642,383.6842104,9142172,7,ITC,ITC.NS,Stock,FMCG,https://1drv.ms/i/c/8705623eb284e7df/IQTfbzFBbZznTaLnx0uHxyuiAc3GUJk8E_LiqTeZVl8de-o?width=640&height=480
02-06-2023,380.5940857,381.881638,377.5040146,377.6756974,9558309,7,ITC,ITC.NS,Stock,FMCG,https://1drv.ms/i/c/8705623eb284e7df/IQTfbzFBbZznTaLnx0uHxyuiAc3GUJk8E_LiqTeZVl8de-o?width=640&height=480
05-06-2023,378.2336731,383.555484,377.7615796,381.9675208,7427630,7,ITC,ITC.NS,Stock,FMCG,https://1drv.ms/i/c/8705623eb284e7df/IQTfbzFBbZznTaLnx0uHxyuiAc3GUJk8E_LiqTeZVl8de-o?width=640&height=480
06-06-2023,380.0791321,380.7658086,378.0190754,378.3624137,6703067,7,ITC,ITC.NS,Stock,FMCG,https://1drv.ms/i/c/8705623eb284e7df/IQTfbzFBbZznTaLnx0uHxyuiAc3GUJk8E_LiqTeZVl8de-o?width=640&height=480
07-06-2023,381.0661926,382.5253731,380.0361508,381.1090929,7833952,7,ITC,ITC.NS,Stock,FMCG,https://1drv.ms/i/c/8705623eb284e7df/IQTfbzFBbZznTaLnx0uHxyuiAc3GUJk8E_LiqTeZVl8de-o?width=640&height=480
08-06-2023,380.1649475,382.6112698,379.3065883,382.5683423,7294955,7,ITC,ITC.NS,Stock,FMCG,https://1drv.ms/i/c/8705623eb284e7df/IQTfbzFBbZznTaLnx0uHxyuiAc3GUJk8E_LiqTeZVl8de-o?width=640&height=480
09-06-2023,376.3452454,381.7099558,373.5126848,373.5126848,7329661,7,ITC,ITC.NS,Stock,FMCG,https://1drv.ms/i/c/8705623eb284e7df/IQTfbzFBbZznTaLnx0uHxyuiAc3GUJk8E_LiqTeZVl8de-o?width=640&height=480
12-06-2023,375.0577087,378.4911179,372.3968037,377.6756863,9054977,7,ITC,ITC.NS,Stock,FMCG,https://1drv.ms/i/c/8705623eb284e7df/IQTfbzFBbZznTaLnx0uHxyuiAc3GUJk8E_LiqTeZVl8de-o?width=640&height=480
13-06-2023,382.310791,383.1691501,376.2164769,378.5340437,16732376,7,ITC,ITC.NS,Stock,FMCG,https://1drv.ms/i/c/8705623eb284e7df/IQTfbzFBbZznTaLnx0uHxyuiAc3GUJk8E_LiqTeZVl8de-o?width=640&height=480
14-06-2023,381.5383301,384.3279634,380.8945539,383.0404382,9039402,7,ITC,ITC.NS,Stock,FMCG,https://1drv.ms/i/c/8705623eb284e7df/IQTfbzFBbZznTaLnx0uHxyuiAc3GUJk8E_LiqTeZVl8de-o?width=640&height=480
15-06-2023,384.6283569,385.1862781,381.752869,381.9674519,7787525,7,ITC,ITC.NS,Stock,FMCG,https://1drv.ms/i/c/8705623eb284e7df/IQTfbzFBbZznTaLnx0uHxyuiAc3GUJk8E_LiqTeZVl8de-o?width=640&height=480
16-06-2023,388.920166,391.0660503,384.4567146,385.4009016,12181426,7,ITC,ITC.NS,Stock,FMCG,https://1drv.ms/i/c/8705623eb284e7df/IQTfbzFBbZznTaLnx0uHxyuiAc3GUJk8E_LiqTeZVl8de-o?width=640&height=480
19-06-2023,389.3493347,391.3235635,388.1905648,390.3364491,4350517,7,ITC,ITC.NS,Stock,FMCG,https://1drv.ms/i/c/8705623eb284e7df/IQTfbzFBbZznTaLnx0uHxyuiAc3GUJk8E_LiqTeZVl8de-o?width=640&height=480
20-06-2023,388.7055664,390.37933,386.3879995,390.37933,4644353,7,ITC,ITC.NS,Stock,FMCG,https://1drv.ms/i/c/8705623eb284e7df/IQTfbzFBbZznTaLnx0uHxyuiAc3GUJk8E_LiqTeZVl8de-o?width=640&height=480
21-06-2023,383.7271118,389.8643541,382.0104207,387.9759802,6292873,7,ITC,ITC.NS,Stock,FMCG,https://1drv.ms/i/c/8705623eb284e7df/IQTfbzFBbZznTaLnx0uHxyuiAc3GUJk8E_LiqTeZVl8de-o?width=640&height=480
22-06-2023,384.242157,385.9588754,382.6971213,384.5425678,6892713,7,ITC,ITC.NS,Stock,FMCG,https://1drv.ms/i/c/8705623eb284e7df/IQTfbzFBbZznTaLnx0uHxyuiAc3GUJk8E_LiqTeZVl8de-o?width=640&height=480
23-06-2023,381.7529297,384.2421524,379.993311,384.1133971,6325479,7,ITC,ITC.NS,Stock,FMCG,https://1drv.ms/i/c/8705623eb284e7df/IQTfbzFBbZznTaLnx0uHxyuiAc3GUJk8E_LiqTeZVl8de-o?width=640&height=480
26-06-2023,382.5683289,387.4609461,381.109121,383.5983435,5688287,7,ITC,ITC.NS,Stock,FMCG,https://1drv.ms/i/c/8705623eb284e7df/IQTfbzFBbZznTaLnx0uHxyuiAc3GUJk8E_LiqTeZVl8de-o?width=640&height=480
27-06-2023,382.0533142,383.8558603,380.3795234,382.9116734,5052984,7,ITC,ITC.NS,Stock,FMCG,https://1drv.ms/i/c/8705623eb284e7df/IQTfbzFBbZznTaLnx0uHxyuiAc3GUJk8E_LiqTeZVl8de-o?width=640&height=480
28-06-2023,385.701355,386.7742972,381.5383414,381.9675074,12548096,7,ITC,ITC.NS,Stock,FMCG,https://1drv.ms/i/c/8705623eb284e7df/IQTfbzFBbZznTaLnx0uHxyuiAc3GUJk8E_LiqTeZVl8de-o?width=640&height=480
30-06-2023,387.6325989,387.9330096,383.3408035,386.2592189,9456776,7,ITC,ITC.NS,Stock,FMCG,https://1drv.ms/i/c/8705623eb284e7df/IQTfbzFBbZznTaLnx0uHxyuiAc3GUJk8E_LiqTeZVl8de-o?width=640&height=480
03-07-2023,397.6324463,399.9499861,386.3021763,387.6326289,11111199,7,ITC,ITC.NS,Stock,FMCG,https://1drv.ms/i/c/8705623eb284e7df/IQTfbzFBbZznTaLnx0uHxyuiAc3GUJk8E_LiqTeZVl8de-o?width=640&height=480
04-07-2023,400.293335,401.7096426,394.6711409,399.134565,8022597,7,ITC,ITC.NS,Stock,FMCG,https://1drv.ms/i/c/8705623eb284e7df/IQTfbzFBbZznTaLnx0uHxyuiAc3GUJk8E_LiqTeZVl8de-o?width=640&height=480
05-07-2023,407.8039246,412.5678138,398.533711,400.2933295,16878943,7,ITC,ITC.NS,Stock,FMCG,https://1drv.ms/i/c/8705623eb284e7df/IQTfbzFBbZznTaLnx0uHxyuiAc3GUJk8E_LiqTeZVl8de-o?width=640&height=480
06-07-2023,406.7738953,409.7781386,403.8555069,409.7352111,9835812,7,ITC,ITC.NS,Stock,FMCG,https://1drv.ms/i/c/8705623eb284e7df/IQTfbzFBbZznTaLnx0uHxyuiAc3GUJk8E_LiqTeZVl8de-o?width=640&height=480
07-07-2023,402.052948,408.1472622,401.3662444,406.0013781,7605499,7,ITC,ITC.NS,Stock,FMCG,https://1drv.ms/i/c/8705623eb284e7df/IQTfbzFBbZznTaLnx0uHxyuiAc3GUJk8E_LiqTeZVl8de-o?width=640&height=480
10-07-2023,399.8641663,404.1988623,398.0186927,403.4263309,6772454,7,ITC,ITC.NS,Stock,FMCG,https://1drv.ms/i/c/8705623eb284e7df/IQTfbzFBbZznTaLnx0uHxyuiAc3GUJk8E_LiqTeZVl8de-o?width=640&height=480
11-07-2023,406.1301575,407.3318276,399.9929154,399.9929154,8783282,7,ITC,ITC.NS,Stock,FMCG,https://1drv.ms/i/c/8705623eb284e7df/IQTfbzFBbZznTaLnx0uHxyuiAc3GUJk8E_LiqTeZVl8de-o?width=640&height=480
12-07-2023,405.4005432,410.0785501,403.8125802,410.0785501,12816220,7,ITC,ITC.NS,Stock,FMCG,https://1drv.ms/i/c/8705623eb284e7df/IQTfbzFBbZznTaLnx0uHxyuiAc3GUJk8E_LiqTeZVl8de-o?width=640&height=480
13-07-2023,405.1430359,409.2202214,404.2846768,406.7738992,8214385,7,ITC,ITC.NS,Stock,FMCG,https://1drv.ms/i/c/8705623eb284e7df/IQTfbzFBbZznTaLnx0uHxyuiAc3GUJk8E_LiqTeZVl8de-o?width=640&height=480
14-07-2023,405.9155579,407.718104,404.5851052,406.0014128,5277090,7,ITC,ITC.NS,Stock,FMCG,https://1drv.ms/i/c/8705623eb284e7df/IQTfbzFBbZznTaLnx0uHxyuiAc3GUJk8E_LiqTeZVl8de-o?width=640&height=480
17-07-2023,405.4434509,408.4047668,403.9413428,407.2889244,6325310,7,ITC,ITC.NS,Stock,FMCG,https://1drv.ms/i/c/8705623eb284e7df/IQTfbzFBbZznTaLnx0uHxyuiAc3GUJk8E_LiqTeZVl8de-o?width=640&height=480
18-07-2023,405.5722351,407.031443,404.2847099,405.6151626,5558415,7,ITC,ITC.NS,Stock,FMCG,https://1drv.ms/i/c/8705623eb284e7df/IQTfbzFBbZznTaLnx0uHxyuiAc3GUJk8E_LiqTeZVl8de-o?width=640&height=480
19-07-2023,411.0227661,412.396119,401.7954531,405.7867836,14401395,7,ITC,ITC.NS,Stock,FMCG,https://1drv.ms/i/c/8705623eb284e7df/IQTfbzFBbZznTaLnx0uHxyuiAc3GUJk8E_LiqTeZVl8de-o?width=640&height=480
20-07-2023,422.4389038,423.7693565,408.8339932,411.9240647,21030102,7,ITC,ITC.NS,Stock,FMCG,https://1drv.ms/i/c/8705623eb284e7df/IQTfbzFBbZznTaLnx0uHxyuiAc3GUJk8E_LiqTeZVl8de-o?width=640&height=480
21-07-2023,420.9796753,427.2027453,418.0183593,422.1384452,14510084,7,ITC,ITC.NS,Stock,FMCG,https://1drv.ms/i/c/8705623eb284e7df/IQTfbzFBbZznTaLnx0uHxyuiAc3GUJk8E_LiqTeZVl8de-o?width=640&height=480
24-07-2023,404.585083,428.9194404,401.8383501,423.5547027,40477929,7,ITC,ITC.NS,Stock,FMCG,https://1drv.ms/i/c/8705623eb284e7df/IQTfbzFBbZznTaLnx0uHxyuiAc3GUJk8E_LiqTeZVl8de-o?width=640&height=480
25-07-2023,396.8169861,402.1387689,390.8943274,401.623748,45211370,7,ITC,ITC.NS,Stock,FMCG,https://1drv.ms/i/c/8705623eb284e7df/IQTfbzFBbZznTaLnx0uHxyuiAc3GUJk8E_LiqTeZVl8de-o?width=640&height=480
26-07-2023,405.3576355,406.0014117,396.6024155,399.0487378,18842179,7,ITC,ITC.NS,Stock,FMCG,https://1drv.ms/i/c/8705623eb284e7df/IQTfbzFBbZznTaLnx0uHxyuiAc3GUJk8E_LiqTeZVl8de-o?width=640&height=480
27-07-2023,399.1774902,407.8468552,395.7869811,407.2031062,14528232,7,ITC,ITC.NS,Stock,FMCG,https://1drv.ms/i/c/8705623eb284e7df/IQTfbzFBbZznTaLnx0uHxyuiAc3GUJk8E_LiqTeZVl8de-o?width=640&height=480
28-07-2023,402.0959167,402.954276,397.7612474,401.4521677,10362522,7,ITC,ITC.NS,Stock,FMCG,https://1drv.ms/i/c/8705623eb284e7df/IQTfbzFBbZznTaLnx0uHxyuiAc3GUJk8E_LiqTeZVl8de-o?width=640&height=480
31-07-2023,399.7354126,403.1688221,397.8470388,402.5679734,8510403,7,ITC,ITC.NS,Stock,FMCG,https://1drv.ms/i/c/8705623eb284e7df/IQTfbzFBbZznTaLnx0uHxyuiAc3GUJk8E_LiqTeZVl8de-o?width=640&height=480
01-08-2023,398.9628601,402.4391694,398.104501,399.9928747,6686176,7,ITC,ITC.NS,Stock,FMCG,https://1drv.ms/i/c/8705623eb284e7df/IQTfbzFBbZznTaLnx0uHxyuiAc3GUJk8E_LiqTeZVl8de-o?width=640&height=480
02-08-2023,394.9286194,398.9629047,393.1260733,398.791222,10715605,7,ITC,ITC.NS,Stock,FMCG,https://1drv.ms/i/c/8705623eb284e7df/IQTfbzFBbZznTaLnx0uHxyuiAc3GUJk8E_LiqTeZVl8de-o?width=640&height=480
03-08-2023,391.452301,398.0616093,389.9501657,394.9286107,11026824,7,ITC,ITC.NS,Stock,FMCG,https://1drv.ms/i/c/8705623eb284e7df/IQTfbzFBbZznTaLnx0uHxyuiAc3GUJk8E_LiqTeZVl8de-o?width=640&height=480
04-08-2023,390.5081177,396.0445114,389.907269,391.6669148,7097614,7,ITC,ITC.NS,Stock,FMCG,https://1drv.ms/i/c/8705623eb284e7df/IQTfbzFBbZznTaLnx0uHxyuiAc3GUJk8E_LiqTeZVl8de-o?width=640&height=480
07-08-2023,390.4651794,391.8814598,387.0746704,389.778503,9513953,7,ITC,ITC.NS,Stock,FMCG,https://1drv.ms/i/c/8705623eb284e7df/IQTfbzFBbZznTaLnx0uHxyuiAc3GUJk8E_LiqTeZVl8de-o?width=640&height=480
08-08-2023,388.2763977,392.2677557,387.160528,392.2677557,6638681,7,ITC,ITC.NS,Stock,FMCG,https://1drv.ms/i/c/8705623eb284e7df/IQTfbzFBbZznTaLnx0uHxyuiAc3GUJk8E_LiqTeZVl8de-o?width=640&height=480
09-08-2023,393.684021,394.7569631,383.5983485,388.2763828,10134166,7,ITC,ITC.NS,Stock,FMCG,https://1drv.ms/i/c/8705623eb284e7df/IQTfbzFBbZznTaLnx0uHxyuiAc3GUJk8E_LiqTeZVl8de-o?width=640&height=480
10-08-2023,387.7613525,394.2419327,385.4008853,393.8985945,13702317,7,ITC,ITC.NS,Stock,FMCG,https://1drv.ms/i/c/8705623eb284e7df/IQTfbzFBbZznTaLnx0uHxyuiAc3GUJk8E_LiqTeZVl8de-o?width=640&height=480
11-08-2023,385.1863098,389.6068336,381.7529004,389.6068336,12028396,7,ITC,ITC.NS,Stock,FMCG,https://1drv.ms/i/c/8705623eb284e7df/IQTfbzFBbZznTaLnx0uHxyuiAc3GUJk8E_LiqTeZVl8de-o?width=640&height=480
14-08-2023,385.5725708,387.3321894,382.0104062,385.1863051,7854074,7,ITC,ITC.NS,Stock,FMCG,https://1drv.ms/i/c/8705623eb284e7df/IQTfbzFBbZznTaLnx0uHxyuiAc3GUJk8E_LiqTeZVl8de-o?width=640&height=480
16-08-2023,386.4738464,392.6110887,384.7142278,387.1176226,15494896,7,ITC,ITC.NS,Stock,FMCG,https://1drv.ms/i/c/8705623eb284e7df/IQTfbzFBbZznTaLnx0uHxyuiAc3GUJk8E_LiqTeZVl8de-o?width=640&height=480
17-08-2023,378.5340881,386.2592664,377.675729,386.2592664,16896158,7,ITC,ITC.NS,Stock,FMCG,https://1drv.ms/i/c/8705623eb284e7df/IQTfbzFBbZznTaLnx0uHxyuiAc3GUJk8E_LiqTeZVl8de-o?width=640&height=480
18-08-2023,379.0920105,380.5512184,376.3882049,378.5340893,20068497,7,ITC,ITC.NS,Stock,FMCG,https://1drv.ms/i/c/8705623eb284e7df/IQTfbzFBbZznTaLnx0uHxyuiAc3GUJk8E_LiqTeZVl8de-o?width=640&height=480
21-08-2023,384.3709106,384.9717594,378.8345168,379.3924652,9940689,7,ITC,ITC.NS,Stock,FMCG,https://1drv.ms/i/c/8705623eb284e7df/IQTfbzFBbZznTaLnx0uHxyuiAc3GUJk8E_LiqTeZVl8de-o?width=640&height=480
22-08-2023,389.9072266,390.6797579,383.6841842,385.4008752,10234488,7,ITC,ITC.NS,Stock,FMCG,https://1drv.ms/i/c/8705623eb284e7df/IQTfbzFBbZznTaLnx0uHxyuiAc3GUJk8E_LiqTeZVl8de-o?width=640&height=480
23-08-2023,386.6454773,391.1089009,385.0575144,391.0660006,8770272,7,ITC,ITC.NS,Stock,FMCG,https://1drv.ms/i/c/8705623eb284e7df/IQTfbzFBbZznTaLnx0uHxyuiAc3GUJk8E_LiqTeZVl8de-o?width=640&height=480
24-08-2023,387.0317993,389.2635114,385.6584192,386.7742888,6322751,7,ITC,ITC.NS,Stock,FMCG,https://1drv.ms/i/c/8705623eb284e7df/IQTfbzFBbZznTaLnx0uHxyuiAc3GUJk8E_LiqTeZVl8de-o?width=640&height=480
25-08-2023,380.5512085,387.1176167,379.4353389,387.0317889,9628041,7,ITC,ITC.NS,Stock,FMCG,https://1drv.ms/i/c/8705623eb284e7df/IQTfbzFBbZznTaLnx0uHxyuiAc3GUJk8E_LiqTeZVl8de-o?width=640&height=480
28-08-2023,378.8773804,383.5554142,378.5340422,381.9674513,7176903,7,ITC,ITC.NS,Stock,FMCG,https://1drv.ms/i/c/8705623eb284e7df/IQTfbzFBbZznTaLnx0uHxyuiAc3GUJk8E_LiqTeZVl8de-o?width=640&height=480
29-08-2023,377.7615356,381.1091172,376.9890315,380.2078578,9845106,7,ITC,ITC.NS,Stock,FMCG,https://1drv.ms/i/c/8705623eb284e7df/IQTfbzFBbZznTaLnx0uHxyuiAc3GUJk8E_LiqTeZVl8de-o?width=640&height=480
30-08-2023,380.0791321,381.1091468,378.1049032,378.5340964,7648569,7,ITC,ITC.NS,Stock,FMCG,https://1drv.ms/i/c/8705623eb284e7df/IQTfbzFBbZznTaLnx0uHxyuiAc3GUJk8E_LiqTeZVl8de-o?width=640&height=480
31-08-2023,377.4182129,381.8816643,374.3281416,380.2507737,20666732,7,ITC,ITC.NS,Stock,FMCG,https://1drv.ms/i/c/8705623eb284e7df/IQTfbzFBbZznTaLnx0uHxyuiAc3GUJk8E_LiqTeZVl8de-o?width=640&height=480
01-09-2023,378.5769653,381.9674744,376.2164981,377.6757059,11879159,7,ITC,ITC.NS,Stock,FMCG,https://1drv.ms/i/c/8705623eb284e7df/IQTfbzFBbZznTaLnx0uHxyuiAc3GUJk8E_LiqTeZVl8de-o?width=640&height=480
04-09-2023,375.5298462,380.5512189,374.8002422,380.5512189,14128562,7,ITC,ITC.NS,Stock,FMCG,https://1drv.ms/i/c/8705623eb284e7df/IQTfbzFBbZznTaLnx0uHxyuiAc3GUJk8E_LiqTeZVl8de-o?width=640&height=480
05-09-2023,380.3366089,381.5383062,376.3881787,376.7315169,8701612,7,ITC,ITC.NS,Stock,FMCG,https://1drv.ms/i/c/8705623eb284e7df/IQTfbzFBbZznTaLnx0uHxyuiAc3GUJk8E_LiqTeZVl8de-o?width=640&height=480
06-09-2023,384.0704346,384.9717212,379.3924276,381.0662184,13358433,7,ITC,ITC.NS,Stock,FMCG,https://1drv.ms/i/c/8705623eb284e7df/IQTfbzFBbZznTaLnx0uHxyuiAc3GUJk8E_LiqTeZVl8de-o?width=640&height=480
07-09-2023,382.7400208,385.4008988,381.6241511,385.2292433,8401953,7,ITC,ITC.NS,Stock,FMCG,https://1drv.ms/i/c/8705623eb284e7df/IQTfbzFBbZznTaLnx0uHxyuiAc3GUJk8E_LiqTeZVl8de-o?width=640&height=480
08-09-2023,379.9503784,384.4567303,379.2637019,384.4567303,10322317,7,ITC,ITC.NS,Stock,FMCG,https://1drv.ms/i/c/8705623eb284e7df/IQTfbzFBbZznTaLnx0uHxyuiAc3GUJk8E_LiqTeZVl8de-o?width=640&height=480
11-09-2023,383.8558655,384.6283969,379.9503625,382.8258508,9679540,7,ITC,ITC.NS,Stock,FMCG,https://1drv.ms/i/c/8705623eb284e7df/IQTfbzFBbZznTaLnx0uHxyuiAc3GUJk8E_LiqTeZVl8de-o?width=640&height=480
12-09-2023,387.2463989,389.9502046,382.4825365,385.3150975,14961276,7,ITC,ITC.NS,Stock,FMCG,https://1drv.ms/i/c/8705623eb284e7df/IQTfbzFBbZznTaLnx0uHxyuiAc3GUJk8E_LiqTeZVl8de-o?width=640&height=480
13-09-2023,389.2634888,392.2677322,387.2034323,388.1476192,12268130,7,ITC,ITC.NS,Stock,FMCG,https://1drv.ms/i/c/8705623eb284e7df/IQTfbzFBbZznTaLnx0uHxyuiAc3GUJk8E_LiqTeZVl8de-o?width=640&height=480
14-09-2023,386.2163086,391.3235358,383.8129412,391.3235358,14986708,7,ITC,ITC.NS,Stock,FMCG,https://1drv.ms/i/c/8705623eb284e7df/IQTfbzFBbZznTaLnx0uHxyuiAc3GUJk8E_LiqTeZVl8de-o?width=640&height=480
15-09-2023,384.8429565,388.0617828,383.6841867,384.5854461,15657801,7,ITC,ITC.NS,Stock,FMCG,https://1drv.ms/i/c/8705623eb284e7df/IQTfbzFBbZznTaLnx0uHxyuiAc3GUJk8E_LiqTeZVl8de-o?width=640&height=480
18-09-2023,388.0188904,389.6926813,382.9975176,384.8429913,8513132,7,ITC,ITC.NS,Stock,FMCG,https://1drv.ms/i/c/8705623eb284e7df/IQTfbzFBbZznTaLnx0uHxyuiAc3GUJk8E_LiqTeZVl8de-o?width=640&height=480
20-09-2023,388.7914429,390.6368894,385.8730269,387.7185006,10343224,7,ITC,ITC.NS,Stock,FMCG,https://1drv.ms/i/c/8705623eb284e7df/IQTfbzFBbZznTaLnx0uHxyuiAc3GUJk8E_LiqTeZVl8de-o?width=640&height=480
21-09-2023,384.1133728,389.3064009,381.5383225,388.6626519,11132308,7,ITC,ITC.NS,Stock,FMCG,https://1drv.ms/i/c/8705623eb284e7df/IQTfbzFBbZznTaLnx0uHxyuiAc3GUJk8E_LiqTeZVl8de-o?width=640&height=480
22-09-2023,380.3366089,384.8858878,379.607005,384.1133564,7795399,7,ITC,ITC.NS,Stock,FMCG,https://1drv.ms/i/c/8705623eb284e7df/IQTfbzFBbZznTaLnx0uHxyuiAc3GUJk8E_LiqTeZVl8de-o?width=640&height=480
25-09-2023,379.9074097,381.7957834,376.2594174,380.3366028,6005673,7,ITC,ITC.NS,Stock,FMCG,https://1drv.ms/i/c/8705623eb284e7df/IQTfbzFBbZznTaLnx0uHxyuiAc3GUJk8E_LiqTeZVl8de-o?width=640&height=480
26-09-2023,379.778656,381.5383017,377.4181888,380.7657704,5533023,7,ITC,ITC.NS,Stock,FMCG,https://1drv.ms/i/c/8705623eb284e7df/IQTfbzFBbZznTaLnx0uHxyuiAc3GUJk8E_LiqTeZVl8de-o?width=640&height=480
27-09-2023,385.5296631,386.0875843,376.6457149,379.7786865,10894817,7,ITC,ITC.NS,Stock,FMCG,https://1drv.ms/i/c/8705623eb284e7df/IQTfbzFBbZznTaLnx0uHxyuiAc3GUJk8E_LiqTeZVl8de-o?width=640&height=480
28-09-2023,378.319519,386.2163531,377.3324046,386.2163531,10610213,7,ITC,ITC.NS,Stock,FMCG,https://1drv.ms/i/c/8705623eb284e7df/IQTfbzFBbZznTaLnx0uHxyuiAc3GUJk8E_LiqTeZVl8de-o?width=640&height=480
29-09-2023,381.4524841,382.4825261,376.9890598,379.3924547,8474326,7,ITC,ITC.NS,Stock,FMCG,https://1drv.ms/i/c/8705623eb284e7df/IQTfbzFBbZznTaLnx0uHxyuiAc3GUJk8E_LiqTeZVl8de-o?width=640&height=480
03-10-2023,377.4611511,380.1649567,377.0319579,378.5340933,7770032,7,ITC,ITC.NS,Stock,FMCG,https://1drv.ms/i/c/8705623eb284e7df/IQTfbzFBbZznTaLnx0uHxyuiAc3GUJk8E_LiqTeZVl8de-o?width=640&height=480
04-10-2023,374.3281555,379.1349453,371.9247606,377.4611544,13912656,7,ITC,ITC.NS,Stock,FMCG,https://1drv.ms/i/c/8705623eb284e7df/IQTfbzFBbZznTaLnx0uHxyuiAc3GUJk8E_LiqTeZVl8de-o?width=640&height=480
05-10-2023,374.2852173,378.1048925,373.4268853,377.6757265,10416552,7,ITC,ITC.NS,Stock,FMCG,https://1drv.ms/i/c/8705623eb284e7df/IQTfbzFBbZznTaLnx0uHxyuiAc3GUJk8E_LiqTeZVl8de-o?width=640&height=480
06-10-2023,379.5211792,380.7658041,374.8002444,375.8302592,8742804,7,ITC,ITC.NS,Stock,FMCG,https://1drv.ms/i/c/8705623eb284e7df/IQTfbzFBbZznTaLnx0uHxyuiAc3GUJk8E_LiqTeZVl8de-o?width=640&height=480
09-10-2023,378.0619812,380.4224485,375.3152482,378.4911472,5827256,7,ITC,ITC.NS,Stock,FMCG,https://1drv.ms/i/c/8705623eb284e7df/IQTfbzFBbZznTaLnx0uHxyuiAc3GUJk8E_LiqTeZVl8de-o?width=640&height=480
10-10-2023,381.4524841,381.8387499,378.062002,378.062002,5207891,7,ITC,ITC.NS,Stock,FMCG,https://1drv.ms/i/c/8705623eb284e7df/IQTfbzFBbZznTaLnx0uHxyuiAc3GUJk8E_LiqTeZVl8de-o?width=640&height=480
11-10-2023,384.7571411,385.7871558,381.795798,383.8558545,7946195,7,ITC,ITC.NS,Stock,FMCG,https://1drv.ms/i/c/8705623eb284e7df/IQTfbzFBbZznTaLnx0uHxyuiAc3GUJk8E_LiqTeZVl8de-o?width=640&height=480
12-10-2023,386.8601379,388.4051737,382.9546347,385.9588784,12227957,7,ITC,ITC.NS,Stock,FMCG,https://1drv.ms/i/c/8705623eb284e7df/IQTfbzFBbZznTaLnx0uHxyuiAc3GUJk8E_LiqTeZVl8de-o?width=640&height=480
13-10-2023,384.8429565,387.8042724,383.6841867,386.1304816,7926432,7,ITC,ITC.NS,Stock,FMCG,https://1drv.ms/i/c/8705623eb284e7df/IQTfbzFBbZznTaLnx0uHxyuiAc3GUJk8E_LiqTeZVl8de-o?width=640&height=480
16-10-2023,385.3580017,387.1176203,382.9975072,384.5425428,4377288,7,ITC,ITC.NS,Stock,FMCG,https://1drv.ms/i/c/8705623eb284e7df/IQTfbzFBbZznTaLnx0uHxyuiAc3GUJk8E_LiqTeZVl8de-o?width=640&height=480
17-10-2023,389.2205811,390.1218677,385.4009058,386.0875823,7203352,7,ITC,ITC.NS,Stock,FMCG,https://1drv.ms/i/c/8705623eb284e7df/IQTfbzFBbZznTaLnx0uHxyuiAc3GUJk8E_LiqTeZVl8de-o?width=640&height=480
18-10-2023,387.6755676,393.2977893,387.1176464,389.9072799,7160492,7,ITC,ITC.NS,Stock,FMCG,https://1drv.ms/i/c/8705623eb284e7df/IQTfbzFBbZznTaLnx0uHxyuiAc3GUJk8E_LiqTeZVl8de-o?width=640&height=480
19-10-2023,386.6026611,390.4652644,383.5555169,386.0447398,9830006,7,ITC,ITC.NS,Stock,FMCG,https://1drv.ms/i/c/8705623eb284e7df/IQTfbzFBbZznTaLnx0uHxyuiAc3GUJk8E_LiqTeZVl8de-o?width=640&height=480
20-10-2023,376.2165222,385.4009084,375.4010905,381.9674988,13521824,7,ITC,ITC.NS,Stock,FMCG,https://1drv.ms/i/c/8705623eb284e7df/IQTfbzFBbZznTaLnx0uHxyuiAc3GUJk8E_LiqTeZVl8de-o?width=640&height=480
23-10-2023,374.1564331,377.6327698,371.7530657,375.9589791,7555671,7,ITC,ITC.NS,Stock,FMCG,https://1drv.ms/i/c/8705623eb284e7df/IQTfbzFBbZznTaLnx0uHxyuiAc3GUJk8E_LiqTeZVl8de-o?width=640&height=480
25-10-2023,371.409729,375.9590082,366.5600391,375.0148212,11308597,7,ITC,ITC.NS,Stock,FMCG,https://1drv.ms/i/c/8705623eb284e7df/IQTfbzFBbZznTaLnx0uHxyuiAc3GUJk8E_LiqTeZVl8de-o?width=640&height=480
26-10-2023,372.8260193,374.7572933,368.7059063,368.7059063,19525305,7,ITC,ITC.NS,Stock,FMCG,https://1drv.ms/i/c/8705623eb284e7df/IQTfbzFBbZznTaLnx0uHxyuiAc3GUJk8E_LiqTeZVl8de-o?width=640&height=480
27-10-2023,372.3110046,374.9289824,370.980552,372.8260256,13638258,7,ITC,ITC.NS,Stock,FMCG,https://1drv.ms/i/c/8705623eb284e7df/IQTfbzFBbZznTaLnx0uHxyuiAc3GUJk8E_LiqTeZVl8de-o?width=640&height=480
30-10-2023,369.4784546,375.229404,367.6759085,372.9976919,7911426,7,ITC,ITC.NS,Stock,FMCG,https://1drv.ms/i/c/8705623eb284e7df/IQTfbzFBbZznTaLnx0uHxyuiAc3GUJk8E_LiqTeZVl8de-o?width=640&height=480
31-10-2023,367.7187805,371.9676486,367.2896146,369.0921605,8952141,7,ITC,ITC.NS,Stock,FMCG,https://1drv.ms/i/c/8705623eb284e7df/IQTfbzFBbZznTaLnx0uHxyuiAc3GUJk8E_LiqTeZVl8de-o?width=640&height=480
01-11-2023,367.4613342,370.0363846,365.2295949,369.0921977,8297973,7,ITC,ITC.NS,Stock,FMCG,https://1drv.ms/i/c/8705623eb284e7df/IQTfbzFBbZznTaLnx0uHxyuiAc3GUJk8E_LiqTeZVl8de-o?width=640&height=480
02-11-2023,370.0793152,371.4097407,367.9334308,369.1351282,8465990,7,ITC,ITC.NS,Stock,FMCG,https://1drv.ms/i/c/8705623eb284e7df/IQTfbzFBbZznTaLnx0uHxyuiAc3GUJk8E_LiqTeZVl8de-o?width=640&height=480
03-11-2023,371.8818054,372.8689198,370.0363591,371.4955669,14334179,7,ITC,ITC.NS,Stock,FMCG,https://1drv.ms/i/c/8705623eb284e7df/IQTfbzFBbZznTaLnx0uHxyuiAc3GUJk8E_LiqTeZVl8de-o?width=640&height=480
06-11-2023,373.6843872,374.9290122,371.2810195,372.0964512,7589690,7,ITC,ITC.NS,Stock,FMCG,https://1drv.ms/i/c/8705623eb284e7df/IQTfbzFBbZznTaLnx0uHxyuiAc3GUJk8E_LiqTeZVl8de-o?width=640&height=480
07-11-2023,371.409729,373.2981301,370.9376355,373.2981301,5321353,7,ITC,ITC.NS,Stock,FMCG,https://1drv.ms/i/c/8705623eb284e7df/IQTfbzFBbZznTaLnx0uHxyuiAc3GUJk8E_LiqTeZVl8de-o?width=640&height=480
08-11-2023,375.0577087,375.5298022,371.0663512,371.7959551,7248663,7,ITC,ITC.NS,Stock,FMCG,https://1drv.ms/i/c/8705623eb284e7df/IQTfbzFBbZznTaLnx0uHxyuiAc3GUJk8E_LiqTeZVl8de-o?width=640&height=480
09-11-2023,372.868927,375.9589982,372.439761,375.7873427,8085620,7,ITC,ITC.NS,Stock,FMCG,https://1drv.ms/i/c/8705623eb284e7df/IQTfbzFBbZznTaLnx0uHxyuiAc3GUJk8E_LiqTeZVl8de-o?width=640&height=480
10-11-2023,374.714386,375.9589836,371.2380492,372.8689125,4236307,7,ITC,ITC.NS,Stock,FMCG,https://1drv.ms/i/c/8705623eb284e7df/IQTfbzFBbZznTaLnx0uHxyuiAc3GUJk8E_LiqTeZVl8de-o?width=640&height=480
13-11-2023,374.2423096,376.3023389,373.3839504,376.3023389,3888975,7,ITC,ITC.NS,Stock,FMCG,https://1drv.ms/i/c/8705623eb284e7df/IQTfbzFBbZznTaLnx0uHxyuiAc3GUJk8E_LiqTeZVl8de-o?width=640&height=480
15-11-2023,379.3494873,379.8215807,375.5298124,376.0448333,7722827,7,ITC,ITC.NS,Stock,FMCG,https://1drv.ms/i/c/8705623eb284e7df/IQTfbzFBbZznTaLnx0uHxyuiAc3GUJk8E_LiqTeZVl8de-o?width=640&height=480
16-11-2023,376.5169678,381.5383406,375.6156811,379.3495287,11276031,7,ITC,ITC.NS,Stock,FMCG,https://1drv.ms/i/c/8705623eb284e7df/IQTfbzFBbZznTaLnx0uHxyuiAc3GUJk8E_LiqTeZVl8de-o?width=640&height=480
17-11-2023,377.0319519,378.9632533,376.2165202,377.0319519,6911592,7,ITC,ITC.NS,Stock,FMCG,https://1drv.ms/i/c/8705623eb284e7df/IQTfbzFBbZznTaLnx0uHxyuiAc3GUJk8E_LiqTeZVl8de-o?width=640&height=480
20-11-2023,374.9289856,377.9332291,372.954784,377.5469634,4502356,7,ITC,ITC.NS,Stock,FMCG,https://1drv.ms/i/c/8705623eb284e7df/IQTfbzFBbZznTaLnx0uHxyuiAc3GUJk8E_LiqTeZVl8de-o?width=640&height=480
21-11-2023,374.4569397,377.0749178,373.8131634,375.229444,6228803,7,ITC,ITC.NS,Stock,FMCG,https://1drv.ms/i/c/8705623eb284e7df/IQTfbzFBbZznTaLnx0uHxyuiAc3GUJk8E_LiqTeZVl8de-o?width=640&height=480
22-11-2023,377.4182129,378.0190616,373.212272,375.1006731,5074887,7,ITC,ITC.NS,Stock,FMCG,https://1drv.ms/i/c/8705623eb284e7df/IQTfbzFBbZznTaLnx0uHxyuiAc3GUJk8E_LiqTeZVl8de-o?width=640&height=480
23-11-2023,377.9761047,379.6069952,376.173586,378.4911256,6611803,7,ITC,ITC.NS,Stock,FMCG,https://1drv.ms/i/c/8705623eb284e7df/IQTfbzFBbZznTaLnx0uHxyuiAc3GUJk8E_LiqTeZVl8de-o?width=640&height=480
24-11-2023,375.787323,379.6069979,374.9718914,378.5340558,7084608,7,ITC,ITC.NS,Stock,FMCG,https://1drv.ms/i/c/8705623eb284e7df/IQTfbzFBbZznTaLnx0uHxyuiAc3GUJk8E_LiqTeZVl8de-o?width=640&height=480
28-11-2023,373.5985413,376.8173678,373.2981305,375.9590086,9082513,7,ITC,ITC.NS,Stock,FMCG,https://1drv.ms/i/c/8705623eb284e7df/IQTfbzFBbZznTaLnx0uHxyuiAc3GUJk8E_LiqTeZVl8de-o?width=640&height=480
29-11-2023,375.2723389,376.3882085,372.654361,374.2423242,14316126,7,ITC,ITC.NS,Stock,FMCG,https://1drv.ms/i/c/8705623eb284e7df/IQTfbzFBbZznTaLnx0uHxyuiAc3GUJk8E_LiqTeZVl8de-o?width=640&height=480
30-11-2023,374.0705872,376.3452265,372.9547448,374.8431185,15710110,7,ITC,ITC.NS,Stock,FMCG,https://1drv.ms/i/c/8705623eb284e7df/IQTfbzFBbZznTaLnx0uHxyuiAc3GUJk8E_LiqTeZVl8de-o?width=640&height=480
01-12-2023,386.0875854,387.0746999,375.4440186,375.8731846,20081576,7,ITC,ITC.NS,Stock,FMCG,https://1drv.ms/i/c/8705623eb284e7df/IQTfbzFBbZznTaLnx0uHxyuiAc3GUJk8E_LiqTeZVl8de-o?width=640&height=480
04-12-2023,389.7355957,391.7527248,387.1176179,390.5510274,13293194,7,ITC,ITC.NS,Stock,FMCG,https://1drv.ms/i/c/8705623eb284e7df/IQTfbzFBbZznTaLnx0uHxyuiAc3GUJk8E_LiqTeZVl8de-o?width=640&height=480
05-12-2023,387.7613525,392.9544076,386.3450722,390.5510129,12603697,7,ITC,ITC.NS,Stock,FMCG,https://1drv.ms/i/c/8705623eb284e7df/IQTfbzFBbZznTaLnx0uHxyuiAc3GUJk8E_LiqTeZVl8de-o?width=640&height=480
06-12-2023,397.6324463,398.7053884,388.0617949,389.6068304,21203900,7,ITC,ITC.NS,Stock,FMCG,https://1drv.ms/i/c/8705623eb284e7df/IQTfbzFBbZznTaLnx0uHxyuiAc3GUJk8E_LiqTeZVl8de-o?width=640&height=480
07-12-2023,393.2118835,398.9628593,392.6110349,398.9199319,11746535,7,ITC,ITC.NS,Stock,FMCG,https://1drv.ms/i/c/8705623eb284e7df/IQTfbzFBbZznTaLnx0uHxyuiAc3GUJk8E_LiqTeZVl8de-o?width=640&height=480
08-12-2023,385.5296631,396.2161846,384.9717419,394.799877,19386851,7,ITC,ITC.NS,Stock,FMCG,https://1drv.ms/i/c/8705623eb284e7df/IQTfbzFBbZznTaLnx0uHxyuiAc3GUJk8E_LiqTeZVl8de-o?width=640&height=480
11-12-2023,388.3622437,389.3493581,385.6584379,387.5468119,6854157,7,ITC,ITC.NS,Stock,FMCG,https://1drv.ms/i/c/8705623eb284e7df/IQTfbzFBbZznTaLnx0uHxyuiAc3GUJk8E_LiqTeZVl8de-o?width=640&height=480
12-12-2023,388.920166,394.8427981,388.2763898,389.8643529,10549319,7,ITC,ITC.NS,Stock,FMCG,https://1drv.ms/i/c/8705623eb284e7df/IQTfbzFBbZznTaLnx0uHxyuiAc3GUJk8E_LiqTeZVl8de-o?width=640&height=480
13-12-2023,391.1089478,393.8556808,388.9201632,391.6668962,11718443,7,ITC,ITC.NS,Stock,FMCG,https://1drv.ms/i/c/8705623eb284e7df/IQTfbzFBbZznTaLnx0uHxyuiAc3GUJk8E_LiqTeZVl8de-o?width=640&height=480
14-12-2023,394.9286194,395.7011508,385.787161,394.8427916,14924265,7,ITC,ITC.NS,Stock,FMCG,https://1drv.ms/i/c/8705623eb284e7df/IQTfbzFBbZznTaLnx0uHxyuiAc3GUJk8E_LiqTeZVl8de-o?width=640&height=480
15-12-2023,393.29776,397.3749456,390.551027,396.473659,16397959,7,ITC,ITC.NS,Stock,FMCG,https://1drv.ms/i/c/8705623eb284e7df/IQTfbzFBbZznTaLnx0uHxyuiAc3GUJk8E_LiqTeZVl8de-o?width=640&height=480
18-12-2023,387.6755676,391.4094153,386.5596979,390.5510561,12490839,7,ITC,ITC.NS,Stock,FMCG,https://1drv.ms/i/c/8705623eb284e7df/IQTfbzFBbZznTaLnx0uHxyuiAc3GUJk8E_LiqTeZVl8de-o?width=640&height=480
19-12-2023,391.4952087,393.1260721,388.0188718,389.1347415,10664235,7,ITC,ITC.NS,Stock,FMCG,https://1drv.ms/i/c/8705623eb284e7df/IQTfbzFBbZznTaLnx0uHxyuiAc3GUJk8E_LiqTeZVl8de-o?width=640&height=480
20-12-2023,387.1175842,394.1989855,385.6583765,393.9844026,10766954,7,ITC,ITC.NS,Stock,FMCG,https://1drv.ms/i/c/8705623eb284e7df/IQTfbzFBbZznTaLnx0uHxyuiAc3GUJk8E_LiqTeZVl8de-o?width=640&height=480
21-12-2023,387.5039063,389.478108,381.4954189,385.4009221,11584223,7,ITC,ITC.NS,Stock,FMCG,https://1drv.ms/i/c/8705623eb284e7df/IQTfbzFBbZznTaLnx0uHxyuiAc3GUJk8E_LiqTeZVl8de-o?width=640&height=480
22-12-2023,390.7227173,391.323566,386.7313593,388.8343162,11450973,7,ITC,ITC.NS,Stock,FMCG,https://1drv.ms/i/c/8705623eb284e7df/IQTfbzFBbZznTaLnx0uHxyuiAc3GUJk8E_LiqTeZVl8de-o?width=640&height=480
26-12-2023,391.7956543,393.8986111,390.2935189,391.4523161,6097422,7,ITC,ITC.NS,Stock,FMCG,https://1drv.ms/i/c/8705623eb284e7df/IQTfbzFBbZznTaLnx0uHxyuiAc3GUJk8E_LiqTeZVl8de-o?width=640&height=480
27-12-2023,392.3535767,393.5552741,389.4780884,392.2677489,7833901,7,ITC,ITC.NS,Stock,FMCG,https://1drv.ms/i/c/8705623eb284e7df/IQTfbzFBbZznTaLnx0uHxyuiAc3GUJk8E_LiqTeZVl8de-o?width=640&height=480
28-12-2023,398.3620911,398.8770848,391.4952444,392.4394314,21493169,7,ITC,ITC.NS,Stock,FMCG,https://1drv.ms/i/c/8705623eb284e7df/IQTfbzFBbZznTaLnx0uHxyuiAc3GUJk8E_LiqTeZVl8de-o?width=640&height=480
29-12-2023,396.6452942,401.6237387,396.0015181,398.3620123,13384631,7,ITC,ITC.NS,Stock,FMCG,https://1drv.ms/i/c/8705623eb284e7df/IQTfbzFBbZznTaLnx0uHxyuiAc3GUJk8E_LiqTeZVl8de-o?width=640&height=480
01-01-2024,401.752533,403.3834235,397.1174262,397.8470301,9706230,7,ITC,ITC.NS,Stock,FMCG,https://1drv.ms/i/c/8705623eb284e7df/IQTfbzFBbZznTaLnx0uHxyuiAc3GUJk8E_LiqTeZVl8de-o?width=640&height=480
02-01-2024,403.7267761,404.5851081,397.9328721,403.4263382,10924918,7,ITC,ITC.NS,Stock,FMCG,https://1drv.ms/i/c/8705623eb284e7df/IQTfbzFBbZznTaLnx0uHxyuiAc3GUJk8E_LiqTeZVl8de-o?width=640&height=480
03-01-2024,409.6493835,412.6106994,402.8683927,403.6408969,24961710,7,ITC,ITC.NS,Stock,FMCG,https://1drv.ms/i/c/8705623eb284e7df/IQTfbzFBbZznTaLnx0uHxyuiAc3GUJk8E_LiqTeZVl8de-o?width=640&height=480
04-01-2024,408.9197998,413.2544959,407.031426,412.009871,12240910,7,ITC,ITC.NS,Stock,FMCG,https://1drv.ms/i/c/8705623eb284e7df/IQTfbzFBbZznTaLnx0uHxyuiAc3GUJk8E_LiqTeZVl8de-o?width=640&height=480
05-01-2024,406.8168335,411.4948677,405.1430427,411.4948677,9564086,7,ITC,ITC.NS,Stock,FMCG,https://1drv.ms/i/c/8705623eb284e7df/IQTfbzFBbZznTaLnx0uHxyuiAc3GUJk8E_LiqTeZVl8de-o?width=640&height=480
08-01-2024,399.5637512,408.1472883,398.7482923,407.7180952,8311403,7,ITC,ITC.NS,Stock,FMCG,https://1drv.ms/i/c/8705623eb284e7df/IQTfbzFBbZznTaLnx0uHxyuiAc3GUJk8E_LiqTeZVl8de-o?width=640&height=480
09-01-2024,398.7483215,403.3834559,397.9758173,401.2804717,5916180,7,ITC,ITC.NS,Stock,FMCG,https://1drv.ms/i/c/8705623eb284e7df/IQTfbzFBbZznTaLnx0uHxyuiAc3GUJk8E_LiqTeZVl8de-o?width=640&height=480
10-01-2024,397.6753235,400.6366664,394.8856904,398.7482656,6123200,7,ITC,ITC.NS,Stock,FMCG,https://1drv.ms/i/c/8705623eb284e7df/IQTfbzFBbZznTaLnx0uHxyuiAc3GUJk8E_LiqTeZVl8de-o?width=640&height=480
11-01-2024,397.1174316,400.4650133,395.786979,398.3620565,6786448,7,ITC,ITC.NS,Stock,FMCG,https://1drv.ms/i/c/8705623eb284e7df/IQTfbzFBbZznTaLnx0uHxyuiAc3GUJk8E_LiqTeZVl8de-o?width=640&height=480
12-01-2024,400.5937805,401.4521397,395.1432419,397.6324645,9714589,7,ITC,ITC.NS,Stock,FMCG,https://1drv.ms/i/c/8705623eb284e7df/IQTfbzFBbZznTaLnx0uHxyuiAc3GUJk8E_LiqTeZVl8de-o?width=640&height=480
15-01-2024,401.3663025,403.8555524,400.0787773,403.4263592,7167978,7,ITC,ITC.NS,Stock,FMCG,https://1drv.ms/i/c/8705623eb284e7df/IQTfbzFBbZznTaLnx0uHxyuiAc3GUJk8E_LiqTeZVl8de-o?width=640&height=480
16-01-2024,405.4005432,407.7180829,398.4907971,401.5379407,12531058,7,ITC,ITC.NS,Stock,FMCG,https://1drv.ms/i/c/8705623eb284e7df/IQTfbzFBbZznTaLnx0uHxyuiAc3GUJk8E_LiqTeZVl8de-o?width=640&height=480
17-01-2024,400.5079651,409.434841,399.3062676,404.6280512,11536527,7,ITC,ITC.NS,Stock,FMCG,https://1drv.ms/i/c/8705623eb284e7df/IQTfbzFBbZznTaLnx0uHxyuiAc3GUJk8E_LiqTeZVl8de-o?width=640&height=480
18-01-2024,399.5637512,401.5808803,390.1647552,399.349141,9495938,7,ITC,ITC.NS,Stock,FMCG,https://1drv.ms/i/c/8705623eb284e7df/IQTfbzFBbZznTaLnx0uHxyuiAc3GUJk8E_LiqTeZVl8de-o?width=640&height=480
19-01-2024,404.7138367,406.001389,400.3362405,402.181714,12673308,7,ITC,ITC.NS,Stock,FMCG,https://1drv.ms/i/c/8705623eb284e7df/IQTfbzFBbZznTaLnx0uHxyuiAc3GUJk8E_LiqTeZVl8de-o?width=640&height=480
23-01-2024,394.2419739,406.6451872,391.7527512,406.6451872,8728196,7,ITC,ITC.NS,Stock,FMCG,https://1drv.ms/i/c/8705623eb284e7df/IQTfbzFBbZznTaLnx0uHxyuiAc3GUJk8E_LiqTeZVl8de-o?width=640&height=480
24-01-2024,397.9328918,401.194646,393.2119569,394.9286482,22459072,7,ITC,ITC.NS,Stock,FMCG,https://1drv.ms/i/c/8705623eb284e7df/IQTfbzFBbZznTaLnx0uHxyuiAc3GUJk8E_LiqTeZVl8de-o?width=640&height=480
25-01-2024,391.1089478,399.0916363,388.061804,397.8899661,20435547,7,ITC,ITC.NS,Stock,FMCG,https://1drv.ms/i/c/8705623eb284e7df/IQTfbzFBbZznTaLnx0uHxyuiAc3GUJk8E_LiqTeZVl8de-o?width=640&height=480
29-01-2024,386.0875854,392.4823383,384.1133838,391.3235683,18557346,7,ITC,ITC.NS,Stock,FMCG,https://1drv.ms/i/c/8705623eb284e7df/IQTfbzFBbZznTaLnx0uHxyuiAc3GUJk8E_LiqTeZVl8de-o?width=640&height=480
30-01-2024,376.0019226,389.4351494,375.4440014,383.6842003,45190319,7,ITC,ITC.NS,Stock,FMCG,https://1drv.ms/i/c/8705623eb284e7df/IQTfbzFBbZznTaLnx0uHxyuiAc3GUJk8E_LiqTeZVl8de-o?width=640&height=480
31-01-2024,379.0061951,379.8216268,376.5598727,377.6757424,20648695,7,ITC,ITC.NS,Stock,FMCG,https://1drv.ms/i/c/8705623eb284e7df/IQTfbzFBbZznTaLnx0uHxyuiAc3GUJk8E_LiqTeZVl8de-o?width=640&height=480
01-02-2024,380.1649475,384.3279609,377.0748762,379.3924433,19903526,7,ITC,ITC.NS,Stock,FMCG,https://1drv.ms/i/c/8705623eb284e7df/IQTfbzFBbZznTaLnx0uHxyuiAc3GUJk8E_LiqTeZVl8de-o?width=640&height=480
02-02-2024,377.7615356,383.8558502,377.2465419,381.9674764,17816750,7,ITC,ITC.NS,Stock,FMCG,https://1drv.ms/i/c/8705623eb284e7df/IQTfbzFBbZznTaLnx0uHxyuiAc3GUJk8E_LiqTeZVl8de-o?width=640&height=480
05-02-2024,376.0019226,380.8087121,374.7143975,379.3924317,12505666,7,ITC,ITC.NS,Stock,FMCG,https://1drv.ms/i/c/8705623eb284e7df/IQTfbzFBbZznTaLnx0uHxyuiAc3GUJk8E_LiqTeZVl8de-o?width=640&height=480
06-02-2024,370.2938843,378.4482284,368.6629937,377.6757242,19487043,7,ITC,ITC.NS,Stock,FMCG,https://1drv.ms/i/c/8705623eb284e7df/IQTfbzFBbZznTaLnx0uHxyuiAc3GUJk8E_LiqTeZVl8de-o?width=640&height=480
07-02-2024,370.637207,373.38394,369.7788479,373.38394,13376903,7,ITC,ITC.NS,Stock,FMCG,https://1drv.ms/i/c/8705623eb284e7df/IQTfbzFBbZznTaLnx0uHxyuiAc3GUJk8E_LiqTeZVl8de-o?width=640&height=480
08-02-2024,361.2609863,373.9406233,356.0758444,373.8534857,50039587,7,ITC,ITC.NS,Stock,FMCG,https://1drv.ms/i/c/8705623eb284e7df/IQTfbzFBbZznTaLnx0uHxyuiAc3GUJk8E_LiqTeZVl8de-o?width=640&height=480
09-02-2024,362.0888672,369.6705275,356.0758491,357.3830233,33527317,7,ITC,ITC.NS,Stock,FMCG,https://1drv.ms/i/c/8705623eb284e7df/IQTfbzFBbZznTaLnx0uHxyuiAc3GUJk8E_LiqTeZVl8de-o?width=640&height=480
12-02-2024,354.5507813,364.2674917,353.8536254,363.8753311,11326971,7,ITC,ITC.NS,Stock,FMCG,https://1drv.ms/i/c/8705623eb284e7df/IQTfbzFBbZznTaLnx0uHxyuiAc3GUJk8E_LiqTeZVl8de-o?width=640&height=480
13-02-2024,354.4636536,357.9930434,351.4571445,354.5943738,16207766,7,ITC,ITC.NS,Stock,FMCG,https://1drv.ms/i/c/8705623eb284e7df/IQTfbzFBbZznTaLnx0uHxyuiAc3GUJk8E_LiqTeZVl8de-o?width=640&height=480
14-02-2024,358.646637,359.2566553,352.4157336,353.810073,12618012,7,ITC,ITC.NS,Stock,FMCG,https://1drv.ms/i/c/8705623eb284e7df/IQTfbzFBbZznTaLnx0uHxyuiAc3GUJk8E_LiqTeZVl8de-o?width=640&height=480
15-02-2024,351.980011,361.2609782,351.3264101,359.9102214,21169031,7,ITC,ITC.NS,Stock,FMCG,https://1drv.ms/i/c/8705623eb284e7df/IQTfbzFBbZznTaLnx0uHxyuiAc3GUJk8E_LiqTeZVl8de-o?width=640&height=480
16-02-2024,352.5900574,356.9037408,348.0584885,352.9386353,38963810,7,ITC,ITC.NS,Stock,FMCG,https://1drv.ms/i/c/8705623eb284e7df/IQTfbzFBbZznTaLnx0uHxyuiAc3GUJk8E_LiqTeZVl8de-o?width=640&height=480
19-02-2024,356.6422729,359.6923645,352.5900302,352.9386081,17602580,7,ITC,ITC.NS,Stock,FMCG,https://1drv.ms/i/c/8705623eb284e7df/IQTfbzFBbZznTaLnx0uHxyuiAc3GUJk8E_LiqTeZVl8de-o?width=640&height=480
20-02-2024,353.8972168,357.688047,352.3286022,357.688047,14626643,7,ITC,ITC.NS,Stock,FMCG,https://1drv.ms/i/c/8705623eb284e7df/IQTfbzFBbZznTaLnx0uHxyuiAc3GUJk8E_LiqTeZVl8de-o?width=640&height=480
21-02-2024,351.5007019,357.3829994,349.714202,354.6814859,20162369,7,ITC,ITC.NS,Stock,FMCG,https://1drv.ms/i/c/8705623eb284e7df/IQTfbzFBbZznTaLnx0uHxyuiAc3GUJk8E_LiqTeZVl8de-o?width=640&height=480
22-02-2024,361.1738586,361.783877,351.587868,354.5943771,19321180,7,ITC,ITC.NS,Stock,FMCG,https://1drv.ms/i/c/8705623eb284e7df/IQTfbzFBbZznTaLnx0uHxyuiAc3GUJk8E_LiqTeZVl8de-o?width=640&height=480
23-02-2024,358.5159607,362.4374838,357.7316395,362.4374838,11576964,7,ITC,ITC.NS,Stock,FMCG,https://1drv.ms/i/c/8705623eb284e7df/IQTfbzFBbZznTaLnx0uHxyuiAc3GUJk8E_LiqTeZVl8de-o?width=640&height=480
26-02-2024,356.5987244,359.9538113,354.9429446,358.2544765,8289561,7,ITC,ITC.NS,Stock,FMCG,https://1drv.ms/i/c/8705623eb284e7df/IQTfbzFBbZznTaLnx0uHxyuiAc3GUJk8E_LiqTeZVl8de-o?width=640&height=480
27-02-2024,358.2980347,359.6923741,356.0322642,357.2958834,8083518,7,ITC,ITC.NS,Stock,FMCG,https://1drv.ms/i/c/8705623eb284e7df/IQTfbzFBbZznTaLnx0uHxyuiAc3GUJk8E_LiqTeZVl8de-o?width=640&height=480
28-02-2024,355.8143921,359.3437817,354.5072179,358.2980203,8949664,7,ITC,ITC.NS,Stock,FMCG,https://1drv.ms/i/c/8705623eb284e7df/IQTfbzFBbZznTaLnx0uHxyuiAc3GUJk8E_LiqTeZVl8de-o?width=640&height=480
29-02-2024,354.0715027,358.2109109,352.502888,356.4244385,15468800,7,ITC,ITC.NS,Stock,FMCG,https://1drv.ms/i/c/8705623eb284e7df/IQTfbzFBbZznTaLnx0uHxyuiAc3GUJk8E_LiqTeZVl8de-o?width=640&height=480
01-03-2024,356.8601379,360.0409497,355.1172482,356.3372848,12873024,7,ITC,ITC.NS,Stock,FMCG,https://1drv.ms/i/c/8705623eb284e7df/IQTfbzFBbZznTaLnx0uHxyuiAc3GUJk8E_LiqTeZVl8de-o?width=640&height=480
04-03-2024,356.5115356,359.86665,355.9451,359.2566317,7103794,7,ITC,ITC.NS,Stock,FMCG,https://1drv.ms/i/c/8705623eb284e7df/IQTfbzFBbZznTaLnx0uHxyuiAc3GUJk8E_LiqTeZVl8de-o?width=640&height=480
05-03-2024,353.9407959,358.5159475,352.0236032,356.9908878,10108373,7,ITC,ITC.NS,Stock,FMCG,https://1drv.ms/i/c/8705623eb284e7df/IQTfbzFBbZznTaLnx0uHxyuiAc3GUJk8E_LiqTeZVl8de-o?width=640&height=480
06-03-2024,355.4222717,357.2523268,349.1913955,354.2458176,11534613,7,ITC,ITC.NS,Stock,FMCG,https://1drv.ms/i/c/8705623eb284e7df/IQTfbzFBbZznTaLnx0uHxyuiAc3GUJk8E_LiqTeZVl8de-o?width=640&height=480
07-03-2024,360.3895264,361.609563,351.7621323,355.4222422,23907135,7,ITC,ITC.NS,Stock,FMCG,https://1drv.ms/i/c/8705623eb284e7df/IQTfbzFBbZznTaLnx0uHxyuiAc3GUJk8E_LiqTeZVl8de-o?width=640&height=480
11-03-2024,356.7730408,364.528977,355.553004,363.2218027,18298683,7,ITC,ITC.NS,Stock,FMCG,https://1drv.ms/i/c/8705623eb284e7df/IQTfbzFBbZznTaLnx0uHxyuiAc3GUJk8E_LiqTeZVl8de-o?width=640&height=480
12-03-2024,352.4593201,354.2457924,348.014889,354.2457924,36226074,7,ITC,ITC.NS,Stock,FMCG,https://1drv.ms/i/c/8705623eb284e7df/IQTfbzFBbZznTaLnx0uHxyuiAc3GUJk8E_LiqTeZVl8de-o?width=640&height=480
13-03-2024,368.1454773,381.6965735,367.0126058,379.0822249,105525827,7,ITC,ITC.NS,Stock,FMCG,https://1drv.ms/i/c/8705623eb284e7df/IQTfbzFBbZznTaLnx0uHxyuiAc3GUJk8E_LiqTeZVl8de-o?width=640&height=480
14-03-2024,365.7054138,370.8034185,364.2675193,367.7097717,31949569,7,ITC,ITC.NS,Stock,FMCG,https://1drv.ms/i/c/8705623eb284e7df/IQTfbzFBbZznTaLnx0uHxyuiAc3GUJk8E_LiqTeZVl8de-o?width=640&height=480
15-03-2024,365.2261047,373.4613386,361.8710177,363.5703525,76074975,7,ITC,ITC.NS,Stock,FMCG,https://1drv.ms/i/c/8705623eb284e7df/IQTfbzFBbZznTaLnx0uHxyuiAc3GUJk8E_LiqTeZVl8de-o?width=640&height=480
18-03-2024,363.788208,366.6204419,363.3089099,365.1389649,16547358,7,ITC,ITC.NS,Stock,FMCG,https://1drv.ms/i/c/8705623eb284e7df/IQTfbzFBbZznTaLnx0uHxyuiAc3GUJk8E_LiqTeZVl8de-o?width=640&height=480
19-03-2024,356.9037476,365.6182799,356.163009,364.267523,21803126,7,ITC,ITC.NS,Stock,FMCG,https://1drv.ms/i/c/8705623eb284e7df/IQTfbzFBbZznTaLnx0uHxyuiAc3GUJk8E_LiqTeZVl8de-o?width=640&height=480
20-03-2024,362.2631836,363.0910597,356.9037386,357.2958992,20364534,7,ITC,ITC.NS,Stock,FMCG,https://1drv.ms/i/c/8705623eb284e7df/IQTfbzFBbZznTaLnx0uHxyuiAc3GUJk8E_LiqTeZVl8de-o?width=640&height=480
21-03-2024,367.0997314,367.7533048,362.698883,365.1389563,19968509,7,ITC,ITC.NS,Stock,FMCG,https://1drv.ms/i/c/8705623eb284e7df/IQTfbzFBbZznTaLnx0uHxyuiAc3GUJk8E_LiqTeZVl8de-o?width=640&height=480
22-03-2024,373.5049133,374.419927,367.0997347,367.0997347,40358503,7,ITC,ITC.NS,Stock,FMCG,https://1drv.ms/i/c/8705623eb284e7df/IQTfbzFBbZznTaLnx0uHxyuiAc3GUJk8E_LiqTeZVl8de-o?width=640&height=480
26-03-2024,372.6770325,374.0277893,370.8469775,370.8469775,10669833,7,ITC,ITC.NS,Stock,FMCG,https://1drv.ms/i/c/8705623eb284e7df/IQTfbzFBbZznTaLnx0uHxyuiAc3GUJk8E_LiqTeZVl8de-o?width=640&height=480
27-03-2024,372.9820557,373.7663768,371.6312987,372.1105969,12698464,7,ITC,ITC.NS,Stock,FMCG,https://1drv.ms/i/c/8705623eb284e7df/IQTfbzFBbZznTaLnx0uHxyuiAc3GUJk8E_LiqTeZVl8de-o?width=640&height=480
28-03-2024,373.2870483,377.557149,372.1105667,372.9820254,29009002,7,ITC,ITC.NS,Stock,FMCG,https://1drv.ms/i/c/8705623eb284e7df/IQTfbzFBbZznTaLnx0uHxyuiAc3GUJk8E_LiqTeZVl8de-o?width=640&height=480
01-04-2024,371.8491821,375.9014253,371.0212784,373.94065,9743648,7,ITC,ITC.NS,Stock,FMCG,https://1drv.ms/i/c/8705623eb284e7df/IQTfbzFBbZznTaLnx0uHxyuiAc3GUJk8E_LiqTeZVl8de-o?width=640&height=480
02-04-2024,371.108429,373.5920573,370.0191125,373.5920573,9194659,7,ITC,ITC.NS,Stock,FMCG,https://1drv.ms/i/c/8705623eb284e7df/IQTfbzFBbZznTaLnx0uHxyuiAc3GUJk8E_LiqTeZVl8de-o?width=640&height=480
03-04-2024,370.5419617,373.6792185,366.8818793,371.2391452,13152268,7,ITC,ITC.NS,Stock,FMCG,https://1drv.ms/i/c/8705623eb284e7df/IQTfbzFBbZznTaLnx0uHxyuiAc3GUJk8E_LiqTeZVl8de-o?width=640&height=480
04-04-2024,368.4069214,372.4156095,365.923293,370.8469948,19065447,7,ITC,ITC.NS,Stock,FMCG,https://1drv.ms/i/c/8705623eb284e7df/IQTfbzFBbZznTaLnx0uHxyuiAc3GUJk8E_LiqTeZVl8de-o?width=640&height=480
05-04-2024,372.5899048,376.2064322,365.9668406,368.1890562,16768902,7,ITC,ITC.NS,Stock,FMCG,https://1drv.ms/i/c/8705623eb284e7df/IQTfbzFBbZznTaLnx0uHxyuiAc3GUJk8E_LiqTeZVl8de-o?width=640&height=480
08-04-2024,373.9406433,375.9450012,372.7641892,373.2434874,8844633,7,ITC,ITC.NS,Stock,FMCG,https://1drv.ms/i/c/8705623eb284e7df/IQTfbzFBbZznTaLnx0uHxyuiAc3GUJk8E_LiqTeZVl8de-o?width=640&height=480
09-04-2024,371.5441589,376.0321453,370.847003,375.1171315,6967273,7,ITC,ITC.NS,Stock,FMCG,https://1drv.ms/i/c/8705623eb284e7df/IQTfbzFBbZznTaLnx0uHxyuiAc3GUJk8E_LiqTeZVl8de-o?width=640&height=480
10-04-2024,380.7815247,381.5222631,371.021232,373.2434474,14547618,7,ITC,ITC.NS,Stock,FMCG,https://1drv.ms/i/c/8705623eb284e7df/IQTfbzFBbZznTaLnx0uHxyuiAc3GUJk8E_LiqTeZVl8de-o?width=640&height=480
12-04-2024,374.8121033,379.7358327,373.2434886,379.0822318,18785009,7,ITC,ITC.NS,Stock,FMCG,https://1drv.ms/i/c/8705623eb284e7df/IQTfbzFBbZznTaLnx0uHxyuiAc3GUJk8E_LiqTeZVl8de-o?width=640&height=480
15-04-2024,371.151947,373.9841807,368.5375987,372.9820019,9083087,7,ITC,ITC.NS,Stock,FMCG,https://1drv.ms/i/c/8705623eb284e7df/IQTfbzFBbZznTaLnx0uHxyuiAc3GUJk8E_LiqTeZVl8de-o?width=640&height=480
16-04-2024,371.151947,372.1105432,368.7990391,368.8425941,10357752,7,ITC,ITC.NS,Stock,FMCG,https://1drv.ms/i/c/8705623eb284e7df/IQTfbzFBbZznTaLnx0uHxyuiAc3GUJk8E_LiqTeZVl8de-o?width=640&height=480
18-04-2024,365.0082397,372.0234367,363.9625059,371.2391432,22133191,7,ITC,ITC.NS,Stock,FMCG,https://1drv.ms/i/c/8705623eb284e7df/IQTfbzFBbZznTaLnx0uHxyuiAc3GUJk8E_LiqTeZVl8de-o?width=640&height=480
19-04-2024,370.1498108,371.456985,362.5245958,364.2674855,17221280,7,ITC,ITC.NS,Stock,FMCG,https://1drv.ms/i/c/8705623eb284e7df/IQTfbzFBbZznTaLnx0uHxyuiAc3GUJk8E_LiqTeZVl8de-o?width=640&height=480
22-04-2024,370.6290894,372.6334193,368.9297547,372.1105386,7386048,7,ITC,ITC.NS,Stock,FMCG,https://1drv.ms/i/c/8705623eb284e7df/IQTfbzFBbZznTaLnx0uHxyuiAc3GUJk8E_LiqTeZVl8de-o?width=640&height=480
23-04-2024,374.0278015,375.160673,370.454829,370.6291318,12484384,7,ITC,ITC.NS,Stock,FMCG,https://1drv.ms/i/c/8705623eb284e7df/IQTfbzFBbZznTaLnx0uHxyuiAc3GUJk8E_LiqTeZVl8de-o?width=640&height=480
24-04-2024,373.7663574,375.4221096,373.2434767,374.0713528,6070285,7,ITC,ITC.NS,Stock,FMCG,https://1drv.ms/i/c/8705623eb284e7df/IQTfbzFBbZznTaLnx0uHxyuiAc3GUJk8E_LiqTeZVl8de-o?width=640&height=480
25-04-2024,381.3044128,381.9579861,373.8534731,375.5963904,30337038,7,ITC,ITC.NS,Stock,FMCG,https://1drv.ms/i/c/8705623eb284e7df/IQTfbzFBbZznTaLnx0uHxyuiAc3GUJk8E_LiqTeZVl8de-o?width=640&height=480
26-04-2024,383.4394836,386.3152725,380.3022544,382.7858827,15342965,7,ITC,ITC.NS,Stock,FMCG,https://1drv.ms/i/c/8705623eb284e7df/IQTfbzFBbZznTaLnx0uHxyuiAc3GUJk8E_LiqTeZVl8de-o?width=640&height=480
29-04-2024,381.8708801,385.5745452,378.7336508,385.1824123,12075706,7,ITC,ITC.NS,Stock,FMCG,https://1drv.ms/i/c/8705623eb284e7df/IQTfbzFBbZznTaLnx0uHxyuiAc3GUJk8E_LiqTeZVl8de-o?width=640&height=480
30-04-2024,379.6486511,383.8751968,379.169353,383.3958987,12528665,7,ITC,ITC.NS,Stock,FMCG,https://1drv.ms/i/c/8705623eb284e7df/IQTfbzFBbZznTaLnx0uHxyuiAc3GUJk8E_LiqTeZVl8de-o?width=640&height=480
02-05-2024,382.5680237,385.7052529,378.9514963,379.9536752,24123523,7,ITC,ITC.NS,Stock,FMCG,https://1drv.ms/i/c/8705623eb284e7df/IQTfbzFBbZznTaLnx0uHxyuiAc3GUJk8E_LiqTeZVl8de-o?width=640&height=480
03-05-2024,380.3457947,383.4830514,375.9013913,383.4830514,23786388,7,ITC,ITC.NS,Stock,FMCG,https://1drv.ms/i/c/8705623eb284e7df/IQTfbzFBbZznTaLnx0uHxyuiAc3GUJk8E_LiqTeZVl8de-o?width=640&height=480
06-05-2024,378.8643799,383.8316644,377.6443432,381.6965863,10753860,7,ITC,ITC.NS,Stock,FMCG,https://1drv.ms/i/c/8705623eb284e7df/IQTfbzFBbZznTaLnx0uHxyuiAc3GUJk8E_LiqTeZVl8de-o?width=640&height=480
07-05-2024,383.7444458,388.6681746,379.2564601,380.737937,26969062,7,ITC,ITC.NS,Stock,FMCG,https://1drv.ms/i/c/8705623eb284e7df/IQTfbzFBbZznTaLnx0uHxyuiAc3GUJk8E_LiqTeZVl8de-o?width=640&height=480
08-05-2024,384.3109436,387.5353105,381.8708703,384.5288014,10916481,7,ITC,ITC.NS,Stock,FMCG,https://1drv.ms/i/c/8705623eb284e7df/IQTfbzFBbZznTaLnx0uHxyuiAc3GUJk8E_LiqTeZVl8de-o?width=640&height=480
09-05-2024,370.454834,384.7466688,368.9298019,383.4830771,24314298,7,ITC,ITC.NS,Stock,FMCG,https://1drv.ms/i/c/8705623eb284e7df/IQTfbzFBbZznTaLnx0uHxyuiAc3GUJk8E_LiqTeZVl8de-o?width=640&height=480
10-05-2024,377.6443176,380.2586661,371.6748546,371.6748546,14524604,7,ITC,ITC.NS,Stock,FMCG,https://1drv.ms/i/c/8705623eb284e7df/IQTfbzFBbZznTaLnx0uHxyuiAc3GUJk8E_LiqTeZVl8de-o?width=640&height=480
13-05-2024,376.3371582,379.4743875,374.2892178,377.5571673,7584217,7,ITC,ITC.NS,Stock,FMCG,https://1drv.ms/i/c/8705623eb284e7df/IQTfbzFBbZznTaLnx0uHxyuiAc3GUJk8E_LiqTeZVl8de-o?width=640&height=480
14-05-2024,374.463501,377.6007301,373.4613221,375.1606569,11423749,7,ITC,ITC.NS,Stock,FMCG,https://1drv.ms/i/c/8705623eb284e7df/IQTfbzFBbZznTaLnx0uHxyuiAc3GUJk8E_LiqTeZVl8de-o?width=640&height=480
15-05-2024,372.8077393,377.5571379,371.892698,375.378505,7856433,7,ITC,ITC.NS,Stock,FMCG,https://1drv.ms/i/c/8705623eb284e7df/IQTfbzFBbZznTaLnx0uHxyuiAc3GUJk8E_LiqTeZVl8de-o?width=640&height=480
16-05-2024,375.9885254,376.9907042,368.5376132,374.7249338,23911954,7,ITC,ITC.NS,Stock,FMCG,https://1drv.ms/i/c/8705623eb284e7df/IQTfbzFBbZznTaLnx0uHxyuiAc3GUJk8E_LiqTeZVl8de-o?width=640&height=480
17-05-2024,380.2151184,381.2608523,373.7663571,376.8164488,11894830,7,ITC,ITC.NS,Stock,FMCG,https://1drv.ms/i/c/8705623eb284e7df/IQTfbzFBbZznTaLnx0uHxyuiAc3GUJk8E_LiqTeZVl8de-o?width=640&height=480
21-05-2024,378.9078979,380.9122556,377.5135862,379.9536594,11175153,7,ITC,ITC.NS,Stock,FMCG,https://1drv.ms/i/c/8705623eb284e7df/IQTfbzFBbZznTaLnx0uHxyuiAc3GUJk8E_LiqTeZVl8de-o?width=640&height=480
22-05-2024,383.352356,385.1388284,379.4308055,381.1301403,11036895,7,ITC,ITC.NS,Stock,FMCG,https://1drv.ms/i/c/8705623eb284e7df/IQTfbzFBbZznTaLnx0uHxyuiAc3GUJk8E_LiqTeZVl8de-o?width=640&height=480
23-05-2024,384.6159058,387.7095798,380.432943,384.6594884,27244733,7,ITC,ITC.NS,Stock,FMCG,https://1drv.ms/i/c/8705623eb284e7df/IQTfbzFBbZznTaLnx0uHxyuiAc3GUJk8E_LiqTeZVl8de-o?width=640&height=480
24-05-2024,380.1279602,385.5745427,379.3436667,384.310951,13252938,7,ITC,ITC.NS,Stock,FMCG,https://1drv.ms/i/c/8705623eb284e7df/IQTfbzFBbZznTaLnx0uHxyuiAc3GUJk8E_LiqTeZVl8de-o?width=640&height=480
27-05-2024,376.032135,382.4808965,375.3349791,382.3937589,12282545,7,ITC,ITC.NS,Stock,FMCG,https://1drv.ms/i/c/8705623eb284e7df/IQTfbzFBbZznTaLnx0uHxyuiAc3GUJk8E_LiqTeZVl8de-o?width=640&height=480
28-05-2024,373.8535156,376.9036075,373.1999147,376.5550295,9668761,7,ITC,ITC.NS,Stock,FMCG,https://1drv.ms/i/c/8705623eb284e7df/IQTfbzFBbZznTaLnx0uHxyuiAc3GUJk8E_LiqTeZVl8de-o?width=640&height=480
29-05-2024,375.5528564,376.8164758,370.8034296,370.8034296,10832067,7,ITC,ITC.NS,Stock,FMCG,https://1drv.ms/i/c/8705623eb284e7df/IQTfbzFBbZznTaLnx0uHxyuiAc3GUJk8E_LiqTeZVl8de-o?width=640&height=480
30-05-2024,369.365509,375.55283,368.0583348,373.4177796,21314885,7,ITC,ITC.NS,Stock,FMCG,https://1drv.ms/i/c/8705623eb284e7df/IQTfbzFBbZznTaLnx0uHxyuiAc3GUJk8E_LiqTeZVl8de-o?width=640&height=480
31-05-2024,371.6312866,374.3328004,369.714094,371.892727,29300711,7,ITC,ITC.NS,Stock,FMCG,https://1drv.ms/i/c/8705623eb284e7df/IQTfbzFBbZznTaLnx0uHxyuiAc3GUJk8E_LiqTeZVl8de-o?width=640&height=480
03-06-2024,375.0299683,378.9951015,373.5485188,378.2107803,16116836,7,ITC,ITC.NS,Stock,FMCG,https://1drv.ms/i/c/8705623eb284e7df/IQTfbzFBbZznTaLnx0uHxyuiAc3GUJk8E_LiqTeZVl8de-o?width=640&height=480
04-06-2024,368.4967957,378.3482514,357.5359728,378.081992,47791986,7,ITC,ITC.NS,Stock,FMCG,https://1drv.ms/i/c/8705623eb284e7df/IQTfbzFBbZznTaLnx0uHxyuiAc3GUJk8E_LiqTeZVl8de-o?width=640&height=480
05-06-2024,381.8983154,386.957159,371.0262362,374.5319095,28197030,7,ITC,ITC.NS,Stock,FMCG,https://1drv.ms/i/c/8705623eb284e7df/IQTfbzFBbZznTaLnx0uHxyuiAc3GUJk8E_LiqTeZVl8de-o?width=640&height=480
06-06-2024,386.4246216,388.4658964,382.6083032,386.9571403,32318523,7,ITC,ITC.NS,Stock,FMCG,https://1drv.ms/i/c/8705623eb284e7df/IQTfbzFBbZznTaLnx0uHxyuiAc3GUJk8E_LiqTeZVl8de-o?width=640&height=480
07-06-2024,389.7528381,391.9716287,382.6083335,382.8745929,29543660,7,ITC,ITC.NS,Stock,FMCG,https://1drv.ms/i/c/8705623eb284e7df/IQTfbzFBbZznTaLnx0uHxyuiAc3GUJk8E_LiqTeZVl8de-o?width=640&height=480
10-06-2024,387.7559204,391.3947516,386.8240407,390.5072298,11872688,7,ITC,ITC.NS,Stock,FMCG,https://1drv.ms/i/c/8705623eb284e7df/IQTfbzFBbZznTaLnx0uHxyuiAc3GUJk8E_LiqTeZVl8de-o?width=640&height=480
11-06-2024,384.2946167,388.5547105,383.6289964,387.8447043,13158571,7,ITC,ITC.NS,Stock,FMCG,https://1drv.ms/i/c/8705623eb284e7df/IQTfbzFBbZznTaLnx0uHxyuiAc3GUJk8E_LiqTeZVl8de-o?width=640&height=480
12-06-2024,383.6733398,385.5371273,381.8095524,382.1201977,10751658,7,ITC,ITC.NS,Stock,FMCG,https://1drv.ms/i/c/8705623eb284e7df/IQTfbzFBbZznTaLnx0uHxyuiAc3GUJk8E_LiqTeZVl8de-o?width=640&height=480
13-06-2024,381.8983154,387.7559089,381.4101826,387.7559089,9641349,7,ITC,ITC.NS,Stock,FMCG,https://1drv.ms/i/c/8705623eb284e7df/IQTfbzFBbZznTaLnx0uHxyuiAc3GUJk8E_LiqTeZVl8de-o?width=640&height=480
14-06-2024,382.6527405,383.3183608,380.7889529,382.5196108,9572809,7,ITC,ITC.NS,Stock,FMCG,https://1drv.ms/i/c/8705623eb284e7df/IQTfbzFBbZznTaLnx0uHxyuiAc3GUJk8E_LiqTeZVl8de-o?width=640&height=480
18-06-2024,380.5226746,385.3596448,380.0345418,384.2946074,14641141,7,ITC,ITC.NS,Stock,FMCG,https://1drv.ms/i/c/8705623eb284e7df/IQTfbzFBbZznTaLnx0uHxyuiAc3GUJk8E_LiqTeZVl8de-o?width=640&height=480
19-06-2024,375.9963379,382.2976783,375.4638192,381.632058,11329972,7,ITC,ITC.NS,Stock,FMCG,https://1drv.ms/i/c/8705623eb284e7df/IQTfbzFBbZznTaLnx0uHxyuiAc3GUJk8E_LiqTeZVl8de-o?width=640&height=480
20-06-2024,375.6856995,378.5257525,374.0881714,376.3513479,15147549,7,ITC,ITC.NS,Stock,FMCG,https://1drv.ms/i/c/8705623eb284e7df/IQTfbzFBbZznTaLnx0uHxyuiAc3GUJk8E_LiqTeZVl8de-o?width=640&height=480
21-06-2024,372.4019165,377.4607604,371.4700087,377.194501,26176371,7,ITC,ITC.NS,Stock,FMCG,https://1drv.ms/i/c/8705623eb284e7df/IQTfbzFBbZznTaLnx0uHxyuiAc3GUJk8E_LiqTeZVl8de-o?width=640&height=480
24-06-2024,375.6856995,376.262576,372.7569026,372.7569026,9723008,7,ITC,ITC.NS,Stock,FMCG,https://1drv.ms/i/c/8705623eb284e7df/IQTfbzFBbZznTaLnx0uHxyuiAc3GUJk8E_LiqTeZVl8de-o?width=640&height=480
25-06-2024,375.6856995,376.306962,372.5350292,375.4194401,10655609,7,ITC,ITC.NS,Stock,FMCG,https://1drv.ms/i/c/8705623eb284e7df/IQTfbzFBbZznTaLnx0uHxyuiAc3GUJk8E_LiqTeZVl8de-o?width=640&height=480
26-06-2024,376.2625732,378.437006,374.5763014,375.4194373,11511714,7,ITC,ITC.NS,Stock,FMCG,https://1drv.ms/i/c/8705623eb284e7df/IQTfbzFBbZznTaLnx0uHxyuiAc3GUJk8E_LiqTeZVl8de-o?width=640&height=480
27-06-2024,377.7270203,379.1914187,373.7331858,376.2625937,38438054,7,ITC,ITC.NS,Stock,FMCG,https://1drv.ms/i/c/8705623eb284e7df/IQTfbzFBbZznTaLnx0uHxyuiAc3GUJk8E_LiqTeZVl8de-o?width=640&height=480
28-06-2024,377.1057129,379.8569939,375.863188,377.6382035,18554411,7,ITC,ITC.NS,Stock,FMCG,https://1drv.ms/i/c/8705623eb284e7df/IQTfbzFBbZznTaLnx0uHxyuiAc3GUJk8E_LiqTeZVl8de-o?width=640&height=480
01-07-2024,380.7889404,381.8539498,376.8838498,378.3482763,13391362,7,ITC,ITC.NS,Stock,FMCG,https://1drv.ms/i/c/8705623eb284e7df/IQTfbzFBbZznTaLnx0uHxyuiAc3GUJk8E_LiqTeZVl8de-o?width=640&height=480
02-07-2024,377.6382446,382.2089557,375.0200649,381.6320791,11177863,7,ITC,ITC.NS,Stock,FMCG,https://1drv.ms/i/c/8705623eb284e7df/IQTfbzFBbZznTaLnx0uHxyuiAc3GUJk8E_LiqTeZVl8de-o?width=640&height=480
03-07-2024,380.123291,381.3214301,377.638241,378.1707597,7435499,7,ITC,ITC.NS,Stock,FMCG,https://1drv.ms/i/c/8705623eb284e7df/IQTfbzFBbZznTaLnx0uHxyuiAc3GUJk8E_LiqTeZVl8de-o?width=640&height=480
04-07-2024,380.7889404,382.9633451,379.0138967,381.6320764,9478861,7,ITC,ITC.NS,Stock,FMCG,https://1drv.ms/i/c/8705623eb284e7df/IQTfbzFBbZznTaLnx0uHxyuiAc3GUJk8E_LiqTeZVl8de-o?width=640&height=480
05-07-2024,384.871521,385.1821382,379.5020318,380.7445569,13427543,7,ITC,ITC.NS,Stock,FMCG,https://1drv.ms/i/c/8705623eb284e7df/IQTfbzFBbZznTaLnx0uHxyuiAc3GUJk8E_LiqTeZVl8de-o?width=640&height=480
08-07-2024,393.702301,394.545437,384.8715242,386.202793,21311436,7,ITC,ITC.NS,Stock,FMCG,https://1drv.ms/i/c/8705623eb284e7df/IQTfbzFBbZznTaLnx0uHxyuiAc3GUJk8E_LiqTeZVl8de-o?width=640&height=480
09-07-2024,401.6899109,403.8199577,394.0572738,397.2523299,27489709,7,ITC,ITC.NS,Stock,FMCG,https://1drv.ms/i/c/8705623eb284e7df/IQTfbzFBbZznTaLnx0uHxyuiAc3GUJk8E_LiqTeZVl8de-o?width=640&height=480
10-07-2024,400.6693115,404.1306272,396.276088,402.6662006,12065662,7,ITC,ITC.NS,Stock,FMCG,https://1drv.ms/i/c/8705623eb284e7df/IQTfbzFBbZznTaLnx0uHxyuiAc3GUJk8E_LiqTeZVl8de-o?width=640&height=480
11-07-2024,407.0594177,407.8138099,398.2286131,399.3823943,19556596,7,ITC,ITC.NS,Stock,FMCG,https://1drv.ms/i/c/8705623eb284e7df/IQTfbzFBbZznTaLnx0uHxyuiAc3GUJk8E_LiqTeZVl8de-o?width=640&height=480
12-07-2024,407.4144592,411.1420346,404.5744059,407.0594561,19693114,7,ITC,ITC.NS,Stock,FMCG,https://1drv.ms/i/c/8705623eb284e7df/IQTfbzFBbZznTaLnx0uHxyuiAc3GUJk8E_LiqTeZVl8de-o?width=640&height=480
15-07-2024,411.2751465,413.98207,405.7725275,407.4144416,16876907,7,ITC,ITC.NS,Stock,FMCG,https://1drv.ms/i/c/8705623eb284e7df/IQTfbzFBbZznTaLnx0uHxyuiAc3GUJk8E_LiqTeZVl8de-o?width=640&height=480
16-07-2024,413.1832886,414.2483261,409.5000994,411.319501,13497253,7,ITC,ITC.NS,Stock,FMCG,https://1drv.ms/i/c/8705623eb284e7df/IQTfbzFBbZznTaLnx0uHxyuiAc3GUJk8E_LiqTeZVl8de-o?width=640&height=480
18-07-2024,417.3545837,417.9314884,410.6094683,410.9201136,21907158,7,ITC,ITC.NS,Stock,FMCG,https://1drv.ms/i/c/8705623eb284e7df/IQTfbzFBbZznTaLnx0uHxyuiAc3GUJk8E_LiqTeZVl8de-o?width=640&height=480
19-07-2024,421.170929,425.4754088,416.6002179,418.0202585,25939326,7,ITC,ITC.NS,Stock,FMCG,https://1drv.ms/i/c/8705623eb284e7df/IQTfbzFBbZznTaLnx0uHxyuiAc3GUJk8E_LiqTeZVl8de-o?width=640&height=480
22-07-2024,414.0707703,425.5197258,413.4495078,421.2152745,18762384,7,ITC,ITC.NS,Stock,FMCG,https://1drv.ms/i/c/8705623eb284e7df/IQTfbzFBbZznTaLnx0uHxyuiAc3GUJk8E_LiqTeZVl8de-o?width=640&height=480
23-07-2024,436.8355713,441.4506681,413.9376591,414.0707888,56125835,7,ITC,ITC.NS,Stock,FMCG,https://1drv.ms/i/c/8705623eb284e7df/IQTfbzFBbZznTaLnx0uHxyuiAc3GUJk8E_LiqTeZVl8de-o?width=640&height=480
24-07-2024,438.477478,453.2102619,435.4599375,440.2081358,43693692,7,ITC,ITC.NS,Stock,FMCG,https://1drv.ms/i/c/8705623eb284e7df/IQTfbzFBbZznTaLnx0uHxyuiAc3GUJk8E_LiqTeZVl8de-o?width=640&height=480
25-07-2024,434.8386841,440.208145,430.1348435,434.8830419,18567567,7,ITC,ITC.NS,Stock,FMCG,https://1drv.ms/i/c/8705623eb284e7df/IQTfbzFBbZznTaLnx0uHxyuiAc3GUJk8E_LiqTeZVl8de-o?width=640&height=480
26-07-2024,445.7107544,449.4383011,432.5754986,438.4774781,21534703,7,ITC,ITC.NS,Stock,FMCG,https://1drv.ms/i/c/8705623eb284e7df/IQTfbzFBbZznTaLnx0uHxyuiAc3GUJk8E_LiqTeZVl8de-o?width=640&height=480
29-07-2024,440.2525024,449.2607939,438.4774588,448.6395315,12978187,7,ITC,ITC.NS,Stock,FMCG,https://1drv.ms/i/c/8705623eb284e7df/IQTfbzFBbZznTaLnx0uHxyuiAc3GUJk8E_LiqTeZVl8de-o?width=640&height=480
30-07-2024,434.7943115,441.8056867,433.6849162,440.4744179,13891052,7,ITC,ITC.NS,Stock,FMCG,https://1drv.ms/i/c/8705623eb284e7df/IQTfbzFBbZznTaLnx0uHxyuiAc3GUJk8E_LiqTeZVl8de-o?width=640&height=480
31-07-2024,439.6312866,441.9388211,435.3268349,437.0574928,11982586,7,ITC,ITC.NS,Stock,FMCG,https://1drv.ms/i/c/8705623eb284e7df/IQTfbzFBbZznTaLnx0uHxyuiAc3GUJk8E_LiqTeZVl8de-o?width=640&height=480
01-08-2024,438.1669006,440.8738242,435.7262083,440.1637898,12114803,7,ITC,ITC.NS,Stock,FMCG,https://1drv.ms/i/c/8705623eb284e7df/IQTfbzFBbZznTaLnx0uHxyuiAc3GUJk8E_LiqTeZVl8de-o?width=640&height=480
02-08-2024,434.0842896,443.2700691,430.2679709,430.2679709,22141163,7,ITC,ITC.NS,Stock,FMCG,https://1drv.ms/i/c/8705623eb284e7df/IQTfbzFBbZznTaLnx0uHxyuiAc3GUJk8E_LiqTeZVl8de-o?width=640&height=480
05-08-2024,431.3329773,436.5693365,425.6084852,426.0522602,25022076,7,ITC,ITC.NS,Stock,FMCG,https://1drv.ms/i/c/8705623eb284e7df/IQTfbzFBbZznTaLnx0uHxyuiAc3GUJk8E_LiqTeZVl8de-o?width=640&height=480
06-08-2024,431.5992737,436.3918584,429.6023564,431.5548877,14251363,7,ITC,ITC.NS,Stock,FMCG,https://1drv.ms/i/c/8705623eb284e7df/IQTfbzFBbZznTaLnx0uHxyuiAc3GUJk8E_LiqTeZVl8de-o?width=640&height=480
07-08-2024,437.2349548,439.8531344,433.1967628,434.8830346,11320399,7,ITC,ITC.NS,Stock,FMCG,https://1drv.ms/i/c/8705623eb284e7df/IQTfbzFBbZznTaLnx0uHxyuiAc3GUJk8E_LiqTeZVl8de-o?width=640&height=480
08-08-2024,439.0987549,441.9831939,437.1018377,438.4331346,21349889,7,ITC,ITC.NS,Stock,FMCG,https://1drv.ms/i/c/8705623eb284e7df/IQTfbzFBbZznTaLnx0uHxyuiAc3GUJk8E_LiqTeZVl8de-o?width=640&height=480
09-08-2024,440.1194153,441.9832028,437.6343652,441.9832028,9556181,7,ITC,ITC.NS,Stock,FMCG,https://1drv.ms/i/c/8705623eb284e7df/IQTfbzFBbZznTaLnx0uHxyuiAc3GUJk8E_LiqTeZVl8de-o?width=640&height=480
12-08-2024,438.9656067,443.7581909,436.6580724,436.6580724,9425644,7,ITC,ITC.NS,Stock,FMCG,https://1drv.ms/i/c/8705623eb284e7df/IQTfbzFBbZznTaLnx0uHxyuiAc3GUJk8E_LiqTeZVl8de-o?width=640&height=480
13-08-2024,434.8830261,441.850043,433.329884,440.1637431,8056478,7,ITC,ITC.NS,Stock,FMCG,https://1drv.ms/i/c/8705623eb284e7df/IQTfbzFBbZznTaLnx0uHxyuiAc3GUJk8E_LiqTeZVl8de-o?width=640&height=480
14-08-2024,436.8355713,442.8707087,434.7942963,436.6136979,9609981,7,ITC,ITC.NS,Stock,FMCG,https://1drv.ms/i/c/8705623eb284e7df/IQTfbzFBbZznTaLnx0uHxyuiAc3GUJk8E_LiqTeZVl8de-o?width=640&height=480
16-08-2024,446.1101074,447.485762,437.2349454,438.8768593,13643352,7,ITC,ITC.NS,Stock,FMCG,https://1drv.ms/i/c/8705623eb284e7df/IQTfbzFBbZznTaLnx0uHxyuiAc3GUJk8E_LiqTeZVl8de-o?width=640&height=480
19-08-2024,445.0451355,452.0121248,443.4032214,447.9739325,10591508,7,ITC,ITC.NS,Stock,FMCG,https://1drv.ms/i/c/8705623eb284e7df/IQTfbzFBbZznTaLnx0uHxyuiAc3GUJk8E_LiqTeZVl8de-o?width=640&height=480
20-08-2024,442.6932068,446.775785,441.7169411,444.6457381,6888634,7,ITC,ITC.NS,Stock,FMCG,https://1drv.ms/i/c/8705623eb284e7df/IQTfbzFBbZznTaLnx0uHxyuiAc3GUJk8E_LiqTeZVl8de-o?width=640&height=480
21-08-2024,448.5508118,451.7458679,442.9150635,443.7581994,8801221,7,ITC,ITC.NS,Stock,FMCG,https://1drv.ms/i/c/8705623eb284e7df/IQTfbzFBbZznTaLnx0uHxyuiAc3GUJk8E_LiqTeZVl8de-o?width=640&height=480
22-08-2024,447.7964478,451.3021213,445.0451383,450.7252447,8686423,7,ITC,ITC.NS,Stock,FMCG,https://1drv.ms/i/c/8705623eb284e7df/IQTfbzFBbZznTaLnx0uHxyuiAc3GUJk8E_LiqTeZVl8de-o?width=640&height=480
23-08-2024,448.9058228,449.9264462,443.7138493,448.2401743,8195369,7,ITC,ITC.NS,Stock,FMCG,https://1drv.ms/i/c/8705623eb284e7df/IQTfbzFBbZznTaLnx0uHxyuiAc3GUJk8E_LiqTeZVl8de-o?width=640&height=480
26-08-2024,448.8170471,450.8583502,445.5332472,449.0833065,8126402,7,ITC,ITC.NS,Stock,FMCG,https://1drv.ms/i/c/8705623eb284e7df/IQTfbzFBbZznTaLnx0uHxyuiAc3GUJk8E_LiqTeZVl8de-o?width=640&height=480
27-08-2024,444.290741,450.5033661,443.7582222,450.4589802,8260450,7,ITC,ITC.NS,Stock,FMCG,https://1drv.ms/i/c/8705623eb284e7df/IQTfbzFBbZznTaLnx0uHxyuiAc3GUJk8E_LiqTeZVl8de-o?width=640&height=480
28-08-2024,441.3619385,445.7995198,440.6519322,444.1132198,8081932,7,ITC,ITC.NS,Stock,FMCG,https://1drv.ms/i/c/8705623eb284e7df/IQTfbzFBbZznTaLnx0uHxyuiAc3GUJk8E_LiqTeZVl8de-o?width=640&height=480
29-08-2024,448.2845764,450.5921109,441.4063028,441.9832075,19389694,7,ITC,ITC.NS,Stock,FMCG,https://1drv.ms/i/c/8705623eb284e7df/IQTfbzFBbZznTaLnx0uHxyuiAc3GUJk8E_LiqTeZVl8de-o?width=640&height=480
30-08-2024,445.444519,451.8790176,443.9357346,445.4888769,15523349,7,ITC,ITC.NS,Stock,FMCG,https://1drv.ms/i/c/8705623eb284e7df/IQTfbzFBbZznTaLnx0uHxyuiAc3GUJk8E_LiqTeZVl8de-o?width=640&height=480
02-09-2024,452.6777649,455.2072009,446.6870414,447.3083039,16497266,7,ITC,ITC.NS,Stock,FMCG,https://1drv.ms/i/c/8705623eb284e7df/IQTfbzFBbZznTaLnx0uHxyuiAc3GUJk8E_LiqTeZVl8de-o?width=640&height=480
03-09-2024,452.1008911,457.9141272,450.7696223,452.6777677,12481552,7,ITC,ITC.NS,Stock,FMCG,https://1drv.ms/i/c/8705623eb284e7df/IQTfbzFBbZznTaLnx0uHxyuiAc3GUJk8E_LiqTeZVl8de-o?width=640&height=480
04-09-2024,449.3939514,452.6777514,443.7138452,443.7582031,8739052,7,ITC,ITC.NS,Stock,FMCG,https://1drv.ms/i/c/8705623eb284e7df/IQTfbzFBbZznTaLnx0uHxyuiAc3GUJk8E_LiqTeZVl8de-o?width=640&height=480
05-09-2024,453.6984253,454.3196878,450.0152361,451.1689893,11318636,7,ITC,ITC.NS,Stock,FMCG,https://1drv.ms/i/c/8705623eb284e7df/IQTfbzFBbZznTaLnx0uHxyuiAc3GUJk8E_LiqTeZVl8de-o?width=640&height=480
06-09-2024,445.2669678,454.4083891,441.2287758,454.4083891,14245025,7,ITC,ITC.NS,Stock,FMCG,https://1drv.ms/i/c/8705623eb284e7df/IQTfbzFBbZznTaLnx0uHxyuiAc3GUJk8E_LiqTeZVl8de-o?width=640&height=480
09-09-2024,454.186554,454.985304,444.0688662,445.5332647,14265060,7,ITC,ITC.NS,Stock,FMCG,https://1drv.ms/i/c/8705623eb284e7df/IQTfbzFBbZznTaLnx0uHxyuiAc3GUJk8E_LiqTeZVl8de-o?width=640&height=480
10-09-2024,455.8284607,457.0709576,451.523981,454.3196763,11332248,7,ITC,ITC.NS,Stock,FMCG,https://1drv.ms/i/c/8705623eb284e7df/IQTfbzFBbZznTaLnx0uHxyuiAc3GUJk8E_LiqTeZVl8de-o?width=640&height=480
11-09-2024,456.4940796,461.0647906,454.3640327,455.2959405,15497555,7,ITC,ITC.NS,Stock,FMCG,https://1drv.ms/i/c/8705623eb284e7df/IQTfbzFBbZznTaLnx0uHxyuiAc3GUJk8E_LiqTeZVl8de-o?width=640&height=480
12-09-2024,461.0647888,461.9523107,451.3464904,457.1597263,19085324,7,ITC,ITC.NS,Stock,FMCG,https://1drv.ms/i/c/8705623eb284e7df/IQTfbzFBbZznTaLnx0uHxyuiAc3GUJk8E_LiqTeZVl8de-o?width=640&height=480
13-09-2024,456.0503235,461.5085281,454.4084094,461.0647812,9165077,7,ITC,ITC.NS,Stock,FMCG,https://1drv.ms/i/c/8705623eb284e7df/IQTfbzFBbZznTaLnx0uHxyuiAc3GUJk8E_LiqTeZVl8de-o?width=640&height=480
16-09-2024,453.6096802,458.8460116,452.3671551,457.8697459,7821668,7,ITC,ITC.NS,Stock,FMCG,https://1drv.ms/i/c/8705623eb284e7df/IQTfbzFBbZznTaLnx0uHxyuiAc3GUJk8E_LiqTeZVl8de-o?width=640&height=480
17-09-2024,450.6364746,455.784062,449.3051778,453.5652714,10889862,7,ITC,ITC.NS,Stock,FMCG,https://1drv.ms/i/c/8705623eb284e7df/IQTfbzFBbZznTaLnx0uHxyuiAc3GUJk8E_LiqTeZVl8de-o?width=640&height=480
18-09-2024,450.2814636,454.7634309,448.2845745,450.7252386,5638729,7,ITC,ITC.NS,Stock,FMCG,https://1drv.ms/i/c/8705623eb284e7df/IQTfbzFBbZznTaLnx0uHxyuiAc3GUJk8E_LiqTeZVl8de-o?width=640&height=480
19-09-2024,451.0802307,456.8934667,450.4145823,452.6333729,14461616,7,ITC,ITC.NS,Stock,FMCG,https://1drv.ms/i/c/8705623eb284e7df/IQTfbzFBbZznTaLnx0uHxyuiAc3GUJk8E_LiqTeZVl8de-o?width=640&height=480
20-09-2024,456.5384521,459.1566318,450.858346,454.4084053,24725118,7,ITC,ITC.NS,Stock,FMCG,https://1drv.ms/i/c/8705623eb284e7df/IQTfbzFBbZznTaLnx0uHxyuiAc3GUJk8E_LiqTeZVl8de-o?width=640&height=480
23-09-2024,458.8016052,461.0203958,455.8284506,457.4703365,8105508,7,ITC,ITC.NS,Stock,FMCG,https://1drv.ms/i/c/8705623eb284e7df/IQTfbzFBbZznTaLnx0uHxyuiAc3GUJk8E_LiqTeZVl8de-o?width=640&height=480
24-09-2024,457.2928772,459.5560257,456.3166115,458.8460195,7015487,7,ITC,ITC.NS,Stock,FMCG,https://1drv.ms/i/c/8705623eb284e7df/IQTfbzFBbZznTaLnx0uHxyuiAc3GUJk8E_LiqTeZVl8de-o?width=640&height=480
25-09-2024,459.334137,460.8873073,454.6746822,457.5147354,8802667,7,ITC,ITC.NS,Stock,FMCG,https://1drv.ms/i/c/8705623eb284e7df/IQTfbzFBbZznTaLnx0uHxyuiAc3GUJk8E_LiqTeZVl8de-o?width=640&height=480
26-09-2024,463.9492493,464.8367712,458.8460193,459.4228959,16086557,7,ITC,ITC.NS,Stock,FMCG,https://1drv.ms/i/c/8705623eb284e7df/IQTfbzFBbZznTaLnx0uHxyuiAc3GUJk8E_LiqTeZVl8de-o?width=640&height=480
27-09-2024,463.9048462,469.0524338,461.7304415,461.7304415,17916386,7,ITC,ITC.NS,Stock,FMCG,https://1drv.ms/i/c/8705623eb284e7df/IQTfbzFBbZznTaLnx0uHxyuiAc3GUJk8E_LiqTeZVl8de-o?width=640&height=480
30-09-2024,459.8666687,465.3692596,456.2278373,462.0410735,10936940,7,ITC,ITC.NS,Stock,FMCG,https://1drv.ms/i/c/8705623eb284e7df/IQTfbzFBbZznTaLnx0uHxyuiAc3GUJk8E_LiqTeZVl8de-o?width=640&height=480
01-10-2024,458.1360168,461.2866873,456.1834855,459.8666748,5285319,7,ITC,ITC.NS,Stock,FMCG,https://1drv.ms/i/c/8705623eb284e7df/IQTfbzFBbZznTaLnx0uHxyuiAc3GUJk8E_LiqTeZVl8de-o?width=640&height=480
03-10-2024,455.0740662,457.6922177,450.9471021,451.3464911,16481353,7,ITC,ITC.NS,Stock,FMCG,https://1drv.ms/i/c/8705623eb284e7df/IQTfbzFBbZznTaLnx0uHxyuiAc3GUJk8E_LiqTeZVl8de-o?width=640&height=480
04-10-2024,446.9089355,459.1566707,445.1338917,452.6334,18930962,7,ITC,ITC.NS,Stock,FMCG,https://1drv.ms/i/c/8705623eb284e7df/IQTfbzFBbZznTaLnx0uHxyuiAc3GUJk8E_LiqTeZVl8de-o?width=640&height=480
07-10-2024,452.8109131,457.0266211,449.7489864,449.9708598,17114457,7,ITC,ITC.NS,Stock,FMCG,https://1drv.ms/i/c/8705623eb284e7df/IQTfbzFBbZznTaLnx0uHxyuiAc3GUJk8E_LiqTeZVl8de-o?width=640&height=480
08-10-2024,450.8139954,454.8965737,449.0833375,452.633397,9868331,7,ITC,ITC.NS,Stock,FMCG,https://1drv.ms/i/c/8705623eb284e7df/IQTfbzFBbZznTaLnx0uHxyuiAc3GUJk8E_LiqTeZVl8de-o?width=640&height=480
09-10-2024,436.3918152,452.4558677,435.3711637,452.4558677,24874940,7,ITC,ITC.NS,Stock,FMCG,https://1drv.ms/i/c/8705623eb284e7df/IQTfbzFBbZznTaLnx0uHxyuiAc3GUJk8E_LiqTeZVl8de-o?width=640&height=480
10-10-2024,436.7024841,439.8975404,434.3949216,439.6312811,13292273,7,ITC,ITC.NS,Stock,FMCG,https://1drv.ms/i/c/8705623eb284e7df/IQTfbzFBbZznTaLnx0uHxyuiAc3GUJk8E_LiqTeZVl8de-o?width=640&height=480
11-10-2024,433.2854919,438.3887213,432.5754857,437.5455854,14949380,7,ITC,ITC.NS,Stock,FMCG,https://1drv.ms/i/c/8705623eb284e7df/IQTfbzFBbZznTaLnx0uHxyuiAc3GUJk8E_LiqTeZVl8de-o?width=640&height=480
14-10-2024,441.0513,442.8707298,433.6849217,435.7705827,6970606,7,ITC,ITC.NS,Stock,FMCG,https://1drv.ms/i/c/8705623eb284e7df/IQTfbzFBbZznTaLnx0uHxyuiAc3GUJk8E_LiqTeZVl8de-o?width=640&height=480
15-10-2024,442.471344,443.2257362,438.8768985,441.9832112,8347216,7,ITC,ITC.NS,Stock,FMCG,https://1drv.ms/i/c/8705623eb284e7df/IQTfbzFBbZznTaLnx0uHxyuiAc3GUJk8E_LiqTeZVl8de-o?width=640&height=480
16-10-2024,437.723114,442.7376001,436.9687218,440.2081641,6939430,7,ITC,ITC.NS,Stock,FMCG,https://1drv.ms/i/c/8705623eb284e7df/IQTfbzFBbZznTaLnx0uHxyuiAc3GUJk8E_LiqTeZVl8de-o?width=640&height=480
17-10-2024,433.9067993,439.3206464,433.1080493,439.3206464,7669729,7,ITC,ITC.NS,Stock,FMCG,https://1drv.ms/i/c/8705623eb284e7df/IQTfbzFBbZznTaLnx0uHxyuiAc3GUJk8E_LiqTeZVl8de-o?width=640&height=480
18-10-2024,431.9542542,436.2587058,424.587876,433.7736557,22616838,7,ITC,ITC.NS,Stock,FMCG,https://1drv.ms/i/c/8705623eb284e7df/IQTfbzFBbZznTaLnx0uHxyuiAc3GUJk8E_LiqTeZVl8de-o?width=640&height=480
21-10-2024,429.2473145,432.7530159,423.6559521,431.9542378,7680088,7,ITC,ITC.NS,Stock,FMCG,https://1drv.ms/i/c/8705623eb284e7df/IQTfbzFBbZznTaLnx0uHxyuiAc3GUJk8E_LiqTeZVl8de-o?width=640&height=480
22-10-2024,427.6054077,433.4630295,426.7178858,429.2473218,12772970,7,ITC,ITC.NS,Stock,FMCG,https://1drv.ms/i/c/8705623eb284e7df/IQTfbzFBbZznTaLnx0uHxyuiAc3GUJk8E_LiqTeZVl8de-o?width=640&height=480
23-10-2024,426.318512,428.9366634,425.5641198,426.8953885,10553961,7,ITC,ITC.NS,Stock,FMCG,https://1drv.ms/i/c/8705623eb284e7df/IQTfbzFBbZznTaLnx0uHxyuiAc3GUJk8E_LiqTeZVl8de-o?width=640&height=480
24-10-2024,418.64151,428.1379351,417.1327256,427.782932,13596626,7,ITC,ITC.NS,Stock,FMCG,https://1drv.ms/i/c/8705623eb284e7df/IQTfbzFBbZznTaLnx0uHxyuiAc3GUJk8E_LiqTeZVl8de-o?width=640&height=480
25-10-2024,428.0491943,437.9893664,420.8603036,422.2803161,32154050,7,ITC,ITC.NS,Stock,FMCG,https://1drv.ms/i/c/8705623eb284e7df/IQTfbzFBbZznTaLnx0uHxyuiAc3GUJk8E_LiqTeZVl8de-o?width=640&height=480
28-10-2024,429.6910706,431.2442409,422.4578222,427.7385393,8946214,7,ITC,ITC.NS,Stock,FMCG,https://1drv.ms/i/c/8705623eb284e7df/IQTfbzFBbZznTaLnx0uHxyuiAc3GUJk8E_LiqTeZVl8de-o?width=640&height=480
29-10-2024,433.0636292,434.1730244,427.1616497,430.4454496,7131161,7,ITC,ITC.NS,Stock,FMCG,https://1drv.ms/i/c/8705623eb284e7df/IQTfbzFBbZznTaLnx0uHxyuiAc3GUJk8E_LiqTeZVl8de-o?width=640&height=480
30-10-2024,436.2586975,437.7674819,431.7767304,433.0636413,6640080,7,ITC,ITC.NS,Stock,FMCG,https://1drv.ms/i/c/8705623eb284e7df/IQTfbzFBbZznTaLnx0uHxyuiAc3GUJk8E_LiqTeZVl8de-o?width=640&height=480
31-10-2024,433.8180542,437.5456293,430.1792228,436.6581074,8111694,7,ITC,ITC.NS,Stock,FMCG,https://1drv.ms/i/c/8705623eb284e7df/IQTfbzFBbZznTaLnx0uHxyuiAc3GUJk8E_LiqTeZVl8de-o?width=640&height=480
01-11-2024,435.1493225,436.7468507,434.2618006,435.770585,1517892,7,ITC,ITC.NS,Stock,FMCG,https://1drv.ms/i/c/8705623eb284e7df/IQTfbzFBbZznTaLnx0uHxyuiAc3GUJk8E_LiqTeZVl8de-o?width=640&height=480
04-11-2024,430.0904541,437.9449649,425.608487,437.9449649,8754385,7,ITC,ITC.NS,Stock,FMCG,https://1drv.ms/i/c/8705623eb284e7df/IQTfbzFBbZznTaLnx0uHxyuiAc3GUJk8E_LiqTeZVl8de-o?width=640&height=480
05-11-2024,426.1854248,430.4898766,423.3009856,428.626089,7610046,7,ITC,ITC.NS,Stock,FMCG,https://1drv.ms/i/c/8705623eb284e7df/IQTfbzFBbZznTaLnx0uHxyuiAc3GUJk8E_LiqTeZVl8de-o?width=640&height=480
06-11-2024,426.9841614,429.9129865,424.2328801,426.1854114,11749720,7,ITC,ITC.NS,Stock,FMCG,https://1drv.ms/i/c/8705623eb284e7df/IQTfbzFBbZznTaLnx0uHxyuiAc3GUJk8E_LiqTeZVl8de-o?width=640&height=480
07-11-2024,424.1440735,428.404167,422.5465454,427.5610311,9267980,7,ITC,ITC.NS,Stock,FMCG,https://1drv.ms/i/c/8705623eb284e7df/IQTfbzFBbZznTaLnx0uHxyuiAc3GUJk8E_LiqTeZVl8de-o?width=640&height=480
08-11-2024,424.2772217,426.629142,421.2152952,424.144092,6325023,7,ITC,ITC.NS,Stock,FMCG,https://1drv.ms/i/c/8705623eb284e7df/IQTfbzFBbZznTaLnx0uHxyuiAc3GUJk8E_LiqTeZVl8de-o?width=640&height=480
11-11-2024,423.3009644,427.3391566,420.7715565,424.27723,5700343,7,ITC,ITC.NS,Stock,FMCG,https://1drv.ms/i/c/8705623eb284e7df/IQTfbzFBbZznTaLnx0uHxyuiAc3GUJk8E_LiqTeZVl8de-o?width=640&height=480
12-11-2024,419.6621399,424.1884647,418.1533556,423.8778475,5236095,7,ITC,ITC.NS,Stock,FMCG,https://1drv.ms/i/c/8705623eb284e7df/IQTfbzFBbZznTaLnx0uHxyuiAc3GUJk8E_LiqTeZVl8de-o?width=640&height=480
13-11-2024,419.0852661,421.3040568,415.5795926,417.1771207,11548660,7,ITC,ITC.NS,Stock,FMCG,https://1drv.ms/i/c/8705623eb284e7df/IQTfbzFBbZznTaLnx0uHxyuiAc3GUJk8E_LiqTeZVl8de-o?width=640&height=480
14-11-2024,413.5382996,419.7509249,410.2544994,418.1977826,12087836,7,ITC,ITC.NS,Stock,FMCG,https://1drv.ms/i/c/8705623eb284e7df/IQTfbzFBbZznTaLnx0uHxyuiAc3GUJk8E_LiqTeZVl8de-o?width=640&height=480
18-11-2024,414.0707703,415.1801655,410.0325783,413.5826375,8448573,7,ITC,ITC.NS,Stock,FMCG,https://1drv.ms/i/c/8705623eb284e7df/IQTfbzFBbZznTaLnx0uHxyuiAc3GUJk8E_LiqTeZVl8de-o?width=640&height=480
19-11-2024,414.7807922,420.4608984,413.8045266,415.3576969,7121472,7,ITC,ITC.NS,Stock,FMCG,https://1drv.ms/i/c/8705623eb284e7df/IQTfbzFBbZznTaLnx0uHxyuiAc3GUJk8E_LiqTeZVl8de-o?width=640&height=480
21-11-2024,405.7281494,411.8520025,404.1749791,409.1450791,20313155,7,ITC,ITC.NS,Stock,FMCG,https://1drv.ms/i/c/8705623eb284e7df/IQTfbzFBbZznTaLnx0uHxyuiAc3GUJk8E_LiqTeZVl8de-o?width=640&height=480
22-11-2024,421.2597046,422.9015906,404.2637429,404.8850054,20214206,7,ITC,ITC.NS,Stock,FMCG,https://1drv.ms/i/c/8705623eb284e7df/IQTfbzFBbZznTaLnx0uHxyuiAc3GUJk8E_LiqTeZVl8de-o?width=640&height=480
25-11-2024,423.1678162,427.9604004,419.2627538,425.1203473,14427013,7,ITC,ITC.NS,Stock,FMCG,https://1drv.ms/i/c/8705623eb284e7df/IQTfbzFBbZznTaLnx0uHxyuiAc3GUJk8E_LiqTeZVl8de-o?width=640&height=480
26-11-2024,423.3453674,428.3598255,420.7715736,426.0079051,6791715,7,ITC,ITC.NS,Stock,FMCG,https://1drv.ms/i/c/8705623eb284e7df/IQTfbzFBbZznTaLnx0uHxyuiAc3GUJk8E_LiqTeZVl8de-o?width=640&height=480
27-11-2024,423.3009644,426.0966597,419.7952909,423.7890972,7339184,7,ITC,ITC.NS,Stock,FMCG,https://1drv.ms/i/c/8705623eb284e7df/IQTfbzFBbZznTaLnx0uHxyuiAc3GUJk8E_LiqTeZVl8de-o?width=640&height=480
28-11-2024,421.4815369,429.3804333,417.6208324,423.3453243,14967609,7,ITC,ITC.NS,Stock,FMCG,https://1drv.ms/i/c/8705623eb284e7df/IQTfbzFBbZznTaLnx0uHxyuiAc3GUJk8E_LiqTeZVl8de-o?width=640&height=480
29-11-2024,423.1234741,425.0316194,419.4402569,419.9727757,8668142,7,ITC,ITC.NS,Stock,FMCG,https://1drv.ms/i/c/8705623eb284e7df/IQTfbzFBbZznTaLnx0uHxyuiAc3GUJk8E_LiqTeZVl8de-o?width=640&height=480
02-12-2024,423.5228577,425.3866453,420.1503137,422.4578482,5689595,7,ITC,ITC.NS,Stock,FMCG,https://1drv.ms/i/c/8705623eb284e7df/IQTfbzFBbZznTaLnx0uHxyuiAc3GUJk8E_LiqTeZVl8de-o?width=640&height=480
03-12-2024,419.3959351,420.1503273,410.6982593,413.5826986,23073942,7,ITC,ITC.NS,Stock,FMCG,https://1drv.ms/i/c/8705623eb284e7df/IQTfbzFBbZznTaLnx0uHxyuiAc3GUJk8E_LiqTeZVl8de-o?width=640&height=480
04-12-2024,414.55896,424.4103888,413.9376974,421.0378448,13957078,7,ITC,ITC.NS,Stock,FMCG,https://1drv.ms/i/c/8705623eb284e7df/IQTfbzFBbZznTaLnx0uHxyuiAc3GUJk8E_LiqTeZVl8de-o?width=640&height=480
05-12-2024,414.9139709,419.5734261,410.4763893,414.9583569,27432375,7,ITC,ITC.NS,Stock,FMCG,https://1drv.ms/i/c/8705623eb284e7df/IQTfbzFBbZznTaLnx0uHxyuiAc3GUJk8E_LiqTeZVl8de-o?width=640&height=480
06-12-2024,418.1533813,421.5259533,415.0914547,417.1327298,7842234,7,ITC,ITC.NS,Stock,FMCG,https://1drv.ms/i/c/8705623eb284e7df/IQTfbzFBbZznTaLnx0uHxyuiAc3GUJk8E_LiqTeZVl8de-o?width=640&height=480
09-12-2024,412.6507568,418.9077678,410.8757412,418.4639928,12154116,7,ITC,ITC.NS,Stock,FMCG,https://1drv.ms/i/c/8705623eb284e7df/IQTfbzFBbZznTaLnx0uHxyuiAc3GUJk8E_LiqTeZVl8de-o?width=640&height=480
10-12-2024,413.0945435,413.9820654,410.5651074,413.0057997,9163636,7,ITC,ITC.NS,Stock,FMCG,https://1drv.ms/i/c/8705623eb284e7df/IQTfbzFBbZznTaLnx0uHxyuiAc3GUJk8E_LiqTeZVl8de-o?width=640&height=480
11-12-2024,412.9169922,415.5351717,412.4288594,414.6476499,7005617,7,ITC,ITC.NS,Stock,FMCG,https://1drv.ms/i/c/8705623eb284e7df/IQTfbzFBbZznTaLnx0uHxyuiAc3GUJk8E_LiqTeZVl8de-o?width=640&height=480
12-12-2024,408.7901001,415.2689567,407.5031891,413.1389378,13380617,7,ITC,ITC.NS,Stock,FMCG,https://1drv.ms/i/c/8705623eb284e7df/IQTfbzFBbZznTaLnx0uHxyuiAc3GUJk8E_LiqTeZVl8de-o?width=640&height=480
13-12-2024,417.1327209,421.0378116,400.8467944,408.2575585,32976794,7,ITC,ITC.NS,Stock,FMCG,https://1drv.ms/i/c/8705623eb284e7df/IQTfbzFBbZznTaLnx0uHxyuiAc3GUJk8E_LiqTeZVl8de-o?width=640&height=480
16-12-2024,417.2214966,421.0378437,415.3577371,417.3546263,9354160,7,ITC,ITC.NS,Stock,FMCG,https://1drv.ms/i/c/8705623eb284e7df/IQTfbzFBbZznTaLnx0uHxyuiAc3GUJk8E_LiqTeZVl8de-o?width=640&height=480
17-12-2024,416.7333374,422.280314,410.9644873,417.1327265,20608409,7,ITC,ITC.NS,Stock,FMCG,https://1drv.ms/i/c/8705623eb284e7df/IQTfbzFBbZznTaLnx0uHxyuiAc3GUJk8E_LiqTeZVl8de-o?width=640&height=480
18-12-2024,417.5765076,420.5053045,414.3814231,419.5290389,12841386,7,ITC,ITC.NS,Stock,FMCG,https://1drv.ms/i/c/8705623eb284e7df/IQTfbzFBbZznTaLnx0uHxyuiAc3GUJk8E_LiqTeZVl8de-o?width=640&height=480
19-12-2024,414.0707703,420.9934011,412.961375,416.2451748,15161531,7,ITC,ITC.NS,Stock,FMCG,https://1drv.ms/i/c/8705623eb284e7df/IQTfbzFBbZznTaLnx0uHxyuiAc3GUJk8E_LiqTeZVl8de-o?width=640&height=480
20-12-2024,412.3845215,414.8695715,407.6362949,414.0264074,20231570,7,ITC,ITC.NS,Stock,FMCG,https://1drv.ms/i/c/8705623eb284e7df/IQTfbzFBbZznTaLnx0uHxyuiAc3GUJk8E_LiqTeZVl8de-o?width=640&height=480
23-12-2024,420.9046631,423.9665895,415.0026555,418.1977398,19562956,7,ITC,ITC.NS,Stock,FMCG,https://1drv.ms/i/c/8705623eb284e7df/IQTfbzFBbZznTaLnx0uHxyuiAc3GUJk8E_LiqTeZVl8de-o?width=640&height=480
24-12-2024,424.6322327,426.2297608,419.4846451,421.4815623,12009880,7,ITC,ITC.NS,Stock,FMCG,https://1drv.ms/i/c/8705623eb284e7df/IQTfbzFBbZznTaLnx0uHxyuiAc3GUJk8E_LiqTeZVl8de-o?width=640&height=480
26-12-2024,423.3009644,427.6498019,422.4578284,426.4960206,9188830,7,ITC,ITC.NS,Stock,FMCG,https://1drv.ms/i/c/8705623eb284e7df/IQTfbzFBbZznTaLnx0uHxyuiAc3GUJk8E_LiqTeZVl8de-o?width=640&height=480
27-12-2024,424.7653503,427.6941753,422.457816,425.7860019,16906420,7,ITC,ITC.NS,Stock,FMCG,https://1drv.ms/i/c/8705623eb284e7df/IQTfbzFBbZznTaLnx0uHxyuiAc3GUJk8E_LiqTeZVl8de-o?width=640&height=480
30-12-2024,423.3453674,427.2948161,422.4578455,426.6735535,13578360,7,ITC,ITC.NS,Stock,FMCG,https://1drv.ms/i/c/8705623eb284e7df/IQTfbzFBbZznTaLnx0uHxyuiAc3GUJk8E_LiqTeZVl8de-o?width=640&height=480
31-12-2024,429.2473145,430.1348363,421.1709022,424.6322177,13787501,7,ITC,ITC.NS,Stock,FMCG,https://1drv.ms/i/c/8705623eb284e7df/IQTfbzFBbZznTaLnx0uHxyuiAc3GUJk8E_LiqTeZVl8de-o?width=640&height=480
01-01-2025,429.5135803,432.087374,427.9160522,431.3329819,18931186,7,ITC,ITC.NS,Stock,FMCG,https://1drv.ms/i/c/8705623eb284e7df/IQTfbzFBbZznTaLnx0uHxyuiAc3GUJk8E_LiqTeZVl8de-o?width=640&height=480
02-01-2025,434.039917,434.8830529,428.0491935,430.7561169,27131131,7,ITC,ITC.NS,Stock,FMCG,https://1drv.ms/i/c/8705623eb284e7df/IQTfbzFBbZznTaLnx0uHxyuiAc3GUJk8E_LiqTeZVl8de-o?width=640&height=480
03-01-2025,427.4279175,435.7705611,425.8747472,435.1049127,38500784,7,ITC,ITC.NS,Stock,FMCG,https://1drv.ms/i/c/8705623eb284e7df/IQTfbzFBbZznTaLnx0uHxyuiAc3GUJk8E_LiqTeZVl8de-o?width=640&height=480
06-01-2025,407.9892883,425.5937117,406.6989178,419.9252792,22009958,7,ITC,ITC.NS,Stock,FMCG,https://1drv.ms/i/c/8705623eb284e7df/IQTfbzFBbZznTaLnx0uHxyuiAc3GUJk8E_LiqTeZVl8de-o?width=640&height=480
07-01-2025,406.5606995,412.5517321,405.6850757,410.6161621,14294780,7,ITC,ITC.NS,Stock,FMCG,https://1drv.ms/i/c/8705623eb284e7df/IQTfbzFBbZznTaLnx0uHxyuiAc3GUJk8E_LiqTeZVl8de-o?width=640&height=480
08-01-2025,414.3490601,416.6533036,402.8739442,408.3119533,13482926,7,ITC,ITC.NS,Stock,FMCG,https://1drv.ms/i/c/8705623eb284e7df/IQTfbzFBbZznTaLnx0uHxyuiAc3GUJk8E_LiqTeZVl8de-o?width=640&height=480
09-01-2025,414.8560181,424.5799147,411.1231266,414.2108186,19732649,7,ITC,ITC.NS,Stock,FMCG,https://1drv.ms/i/c/8705623eb284e7df/IQTfbzFBbZznTaLnx0uHxyuiAc3GUJk8E_LiqTeZVl8de-o?width=640&height=480
10-01-2025,410.0631409,416.6071976,407.8510729,414.7177293,9145729,7,ITC,ITC.NS,Stock,FMCG,https://1drv.ms/i/c/8705623eb284e7df/IQTfbzFBbZznTaLnx0uHxyuiAc3GUJk8E_LiqTeZVl8de-o?width=640&height=480
13-01-2025,404.6712341,409.2336475,400.9383709,400.9383709,17799607,7,ITC,ITC.NS,Stock,FMCG,https://1drv.ms/i/c/8705623eb284e7df/IQTfbzFBbZznTaLnx0uHxyuiAc3GUJk8E_LiqTeZVl8de-o?width=640&height=480
14-01-2025,402.4130554,406.9293667,401.7217824,406.468518,18048459,7,ITC,ITC.NS,Stock,FMCG,https://1drv.ms/i/c/8705623eb284e7df/IQTfbzFBbZznTaLnx0uHxyuiAc3GUJk8E_LiqTeZVl8de-o?width=640&height=480
15-01-2025,403.1043701,407.2059067,401.2609753,402.4130971,9786805,7,ITC,ITC.NS,Stock,FMCG,https://1drv.ms/i/c/8705623eb284e7df/IQTfbzFBbZznTaLnx0uHxyuiAc3GUJk8E_LiqTeZVl8de-o?width=640&height=480
16-01-2025,398.9567261,405.0399346,397.3437556,403.7495357,15774070,7,ITC,ITC.NS,Stock,FMCG,https://1drv.ms/i/c/8705623eb284e7df/IQTfbzFBbZznTaLnx0uHxyuiAc3GUJk8E_LiqTeZVl8de-o?width=640&height=480
17-01-2025,405.7311707,407.2058639,398.6340901,399.0949387,11270061,7,ITC,ITC.NS,Stock,FMCG,https://1drv.ms/i/c/8705623eb284e7df/IQTfbzFBbZznTaLnx0uHxyuiAc3GUJk8E_LiqTeZVl8de-o?width=640&height=480
20-01-2025,403.4269104,406.6528509,401.8600138,404.6251056,8742771,7,ITC,ITC.NS,Stock,FMCG,https://1drv.ms/i/c/8705623eb284e7df/IQTfbzFBbZznTaLnx0uHxyuiAc3GUJk8E_LiqTeZVl8de-o?width=640&height=480
21-01-2025,403.2886963,411.9987482,401.1688035,403.7034714,15686500,7,ITC,ITC.NS,Stock,FMCG,https://1drv.ms/i/c/8705623eb284e7df/IQTfbzFBbZznTaLnx0uHxyuiAc3GUJk8E_LiqTeZVl8de-o?width=640&height=480
22-01-2025,402.7817383,407.3441514,402.3669632,405.4546549,9619648,7,ITC,ITC.NS,Stock,FMCG,https://1drv.ms/i/c/8705623eb284e7df/IQTfbzFBbZznTaLnx0uHxyuiAc3GUJk8E_LiqTeZVl8de-o?width=640&height=480
23-01-2025,405.7311707,407.2519656,400.1088114,400.9383333,8888248,7,ITC,ITC.NS,Stock,FMCG,https://1drv.ms/i/c/8705623eb284e7df/IQTfbzFBbZznTaLnx0uHxyuiAc3GUJk8E_LiqTeZVl8de-o?width=640&height=480
24-01-2025,407.0215454,410.1553107,404.6712003,404.9938,9665384,7,ITC,ITC.NS,Stock,FMCG,https://1drv.ms/i/c/8705623eb284e7df/IQTfbzFBbZznTaLnx0uHxyuiAc3GUJk8E_LiqTeZVl8de-o?width=640&height=480
27-01-2025,405.6390381,410.1553498,402.3669954,406.2842094,10480203,7,ITC,ITC.NS,Stock,FMCG,https://1drv.ms/i/c/8705623eb284e7df/IQTfbzFBbZznTaLnx0uHxyuiAc3GUJk8E_LiqTeZVl8de-o?width=640&height=480
28-01-2025,401.3531494,407.2059055,400.4775256,405.5468614,20813072,7,ITC,ITC.NS,Stock,FMCG,https://1drv.ms/i/c/8705623eb284e7df/IQTfbzFBbZznTaLnx0uHxyuiAc3GUJk8E_LiqTeZVl8de-o?width=640&height=480
29-01-2025,399.4175415,403.2425798,396.4220252,401.8139602,15158510,7,ITC,ITC.NS,Stock,FMCG,https://1drv.ms/i/c/8705623eb284e7df/IQTfbzFBbZznTaLnx0uHxyuiAc3GUJk8E_LiqTeZVl8de-o?width=640&height=480
30-01-2025,402.0444031,403.7034471,397.6663406,399.0949602,22496695,7,ITC,ITC.NS,Stock,FMCG,https://1drv.ms/i/c/8705623eb284e7df/IQTfbzFBbZznTaLnx0uHxyuiAc3GUJk8E_LiqTeZVl8de-o?width=640&height=480
31-01-2025,412.4595642,413.1047636,401.0305227,402.3208934,13546181,7,ITC,ITC.NS,Stock,FMCG,https://1drv.ms/i/c/8705623eb284e7df/IQTfbzFBbZznTaLnx0uHxyuiAc3GUJk8E_LiqTeZVl8de-o?width=640&height=480
01-02-2025,426.3310852,434.5802875,405.1320468,412.9204004,30393007,7,ITC,ITC.NS,Stock,FMCG,https://1drv.ms/i/c/8705623eb284e7df/IQTfbzFBbZznTaLnx0uHxyuiAc3GUJk8E_LiqTeZVl8de-o?width=640&height=480
03-02-2025,418.7732239,428.7736464,416.8837273,425.8242034,16991730,7,ITC,ITC.NS,Stock,FMCG,https://1drv.ms/i/c/8705623eb284e7df/IQTfbzFBbZznTaLnx0uHxyuiAc3GUJk8E_LiqTeZVl8de-o?width=640&height=480
04-02-2025,419.5105286,424.3033659,413.6116714,422.1373715,18923681,7,ITC,ITC.NS,Stock,FMCG,https://1drv.ms/i/c/8705623eb284e7df/IQTfbzFBbZznTaLnx0uHxyuiAc3GUJk8E_LiqTeZVl8de-o?width=640&height=480
05-02-2025,413.0586853,420.1557666,411.5378902,419.5105671,12836283,7,ITC,ITC.NS,Stock,FMCG,https://1drv.ms/i/c/8705623eb284e7df/IQTfbzFBbZznTaLnx0uHxyuiAc3GUJk8E_LiqTeZVl8de-o?width=640&height=480
06-02-2025,406.5606995,414.7638001,403.8877828,414.7638001,17469129,7,ITC,ITC.NS,Stock,FMCG,https://1drv.ms/i/c/8705623eb284e7df/IQTfbzFBbZznTaLnx0uHxyuiAc3GUJk8E_LiqTeZVl8de-o?width=640&height=480
07-02-2025,397.1133118,410.6161724,394.855142,405.546837,18875982,7,ITC,ITC.NS,Stock,FMCG,https://1drv.ms/i/c/8705623eb284e7df/IQTfbzFBbZznTaLnx0uHxyuiAc3GUJk8E_LiqTeZVl8de-o?width=640&height=480
10-02-2025,393.749115,399.3714463,393.1039156,393.5647643,12227140,7,ITC,ITC.NS,Stock,FMCG,https://1drv.ms/i/c/8705623eb284e7df/IQTfbzFBbZznTaLnx0uHxyuiAc3GUJk8E_LiqTeZVl8de-o?width=640&height=480
11-02-2025,385.5460205,396.8368139,384.8086738,395.2238434,14288751,7,ITC,ITC.NS,Stock,FMCG,https://1drv.ms/i/c/8705623eb284e7df/IQTfbzFBbZznTaLnx0uHxyuiAc3GUJk8E_LiqTeZVl8de-o?width=640&height=480
12-02-2025,383.7671509,387.4185038,381.6137969,386.8099498,13884574,7,ITC,ITC.NS,Stock,FMCG,https://1drv.ms/i/c/8705623eb284e7df/IQTfbzFBbZznTaLnx0uHxyuiAc3GUJk8E_LiqTeZVl8de-o?width=640&height=480
13-02-2025,383.5799255,387.5589703,382.924542,383.813987,12989029,7,ITC,ITC.NS,Stock,FMCG,https://1drv.ms/i/c/8705623eb284e7df/IQTfbzFBbZznTaLnx0uHxyuiAc3GUJk8E_LiqTeZVl8de-o?width=640&height=480
14-02-2025,384.0948181,389.6654917,382.3627578,385.4991867,14124236,7,ITC,ITC.NS,Stock,FMCG,https://1drv.ms/i/c/8705623eb284e7df/IQTfbzFBbZznTaLnx0uHxyuiAc3GUJk8E_LiqTeZVl8de-o?width=640&height=480
17-02-2025,382.5500488,385.1715257,380.8179883,383.6735267,11975265,7,ITC,ITC.NS,Stock,FMCG,https://1drv.ms/i/c/8705623eb284e7df/IQTfbzFBbZznTaLnx0uHxyuiAc3GUJk8E_LiqTeZVl8de-o?width=640&height=480
18-02-2025,379.4136047,384.6565869,378.2432975,381.9882806,12998403,7,ITC,ITC.NS,Stock,FMCG,https://1drv.ms/i/c/8705623eb284e7df/IQTfbzFBbZznTaLnx0uHxyuiAc3GUJk8E_LiqTeZVl8de-o?width=640&height=480
19-02-2025,380.4902954,382.7372797,378.7114341,378.9922964,7079032,7,ITC,ITC.NS,Stock,FMCG,https://1drv.ms/i/c/8705623eb284e7df/IQTfbzFBbZznTaLnx0uHxyuiAc3GUJk8E_LiqTeZVl8de-o?width=640&height=480
20-02-2025,376.4176331,378.1496936,370.9406177,374.4515396,15355585,7,ITC,ITC.NS,Stock,FMCG,https://1drv.ms/i/c/8705623eb284e7df/IQTfbzFBbZznTaLnx0uHxyuiAc3GUJk8E_LiqTeZVl8de-o?width=640&height=480
21-02-2025,375.3409119,377.5410951,373.7493112,376.4175888,8240986,7,ITC,ITC.NS,Stock,FMCG,https://1drv.ms/i/c/8705623eb284e7df/IQTfbzFBbZznTaLnx0uHxyuiAc3GUJk8E_LiqTeZVl8de-o?width=640&height=480
24-02-2025,376.2771912,377.6815599,373.3280225,374.4983298,7037625,7,ITC,ITC.NS,Stock,FMCG,https://1drv.ms/i/c/8705623eb284e7df/IQTfbzFBbZznTaLnx0uHxyuiAc3GUJk8E_LiqTeZVl8de-o?width=640&height=480
25-02-2025,379.0391235,381.0520463,374.9664485,376.3708173,15760891,7,ITC,ITC.NS,Stock,FMCG,https://1drv.ms/i/c/8705623eb284e7df/IQTfbzFBbZznTaLnx0uHxyuiAc3GUJk8E_LiqTeZVl8de-o?width=640&height=480
27-02-2025,375.9963074,380.5839059,374.0301855,379.0391061,19051003,7,ITC,ITC.NS,Stock,FMCG,https://1drv.ms/i/c/8705623eb284e7df/IQTfbzFBbZznTaLnx0uHxyuiAc3GUJk8E_LiqTeZVl8de-o?width=640&height=480
28-02-2025,369.8170776,376.8389209,367.1956009,373.5620607,31954776,7,ITC,ITC.NS,Stock,FMCG,https://1drv.ms/i/c/8705623eb284e7df/IQTfbzFBbZznTaLnx0uHxyuiAc3GUJk8E_LiqTeZVl8de-o?width=640&height=480
03-03-2025,372.1109009,373.5620704,366.2593647,370.7065322,10702826,7,ITC,ITC.NS,Stock,FMCG,https://1drv.ms/i/c/8705623eb284e7df/IQTfbzFBbZznTaLnx0uHxyuiAc3GUJk8E_LiqTeZVl8de-o?width=640&height=480
04-03-2025,369.6766357,371.8768189,367.8041443,370.1915595,13404774,7,ITC,ITC.NS,Stock,FMCG,https://1drv.ms/i/c/8705623eb284e7df/IQTfbzFBbZznTaLnx0uHxyuiAc3GUJk8E_LiqTeZVl8de-o?width=640&height=480
05-03-2025,379.2263184,386.4354218,369.3489374,369.3489374,15665018,7,ITC,ITC.NS,Stock,FMCG,https://1drv.ms/i/c/8705623eb284e7df/IQTfbzFBbZznTaLnx0uHxyuiAc3GUJk8E_LiqTeZVl8de-o?width=640&height=480
06-03-2025,379.8349304,383.5799136,375.0132417,383.0649613,17869996,7,ITC,ITC.NS,Stock,FMCG,https://1drv.ms/i/c/8705623eb284e7df/IQTfbzFBbZznTaLnx0uHxyuiAc3GUJk8E_LiqTeZVl8de-o?width=640&height=480
07-03-2025,378.1496887,379.9753795,376.089965,377.821997,11180761,7,ITC,ITC.NS,Stock,FMCG,https://1drv.ms/i/c/8705623eb284e7df/IQTfbzFBbZznTaLnx0uHxyuiAc3GUJk8E_LiqTeZVl8de-o?width=640&height=480
10-03-2025,379.1795349,380.9115953,374.8727987,375.4813527,9785018,7,ITC,ITC.NS,Stock,FMCG,https://1drv.ms/i/c/8705623eb284e7df/IQTfbzFBbZznTaLnx0uHxyuiAc3GUJk8E_LiqTeZVl8de-o?width=640&height=480
11-03-2025,380.3030396,382.3627631,375.6218107,375.902673,11099475,7,ITC,ITC.NS,Stock,FMCG,https://1drv.ms/i/c/8705623eb284e7df/IQTfbzFBbZznTaLnx0uHxyuiAc3GUJk8E_LiqTeZVl8de-o?width=640&height=480
12-03-2025,386.1077576,386.9503731,378.2432987,380.4902828,13844306,7,ITC,ITC.NS,Stock,FMCG,https://1drv.ms/i/c/8705623eb284e7df/IQTfbzFBbZznTaLnx0uHxyuiAc3GUJk8E_LiqTeZVl8de-o?width=640&height=480
13-03-2025,385.7800598,387.9802431,382.1755364,386.6695047,8196569,7,ITC,ITC.NS,Stock,FMCG,https://1drv.ms/i/c/8705623eb284e7df/IQTfbzFBbZznTaLnx0uHxyuiAc3GUJk8E_LiqTeZVl8de-o?width=640&height=480
17-03-2025,381.9414978,389.7123268,381.0520528,386.6695278,5257805,7,ITC,ITC.NS,Stock,FMCG,https://1drv.ms/i/c/8705623eb284e7df/IQTfbzFBbZznTaLnx0uHxyuiAc3GUJk8E_LiqTeZVl8de-o?width=640&height=480
18-03-2025,383.0181274,385.6864334,381.75419,383.8607429,13861897,7,ITC,ITC.NS,Stock,FMCG,https://1drv.ms/i/c/8705623eb284e7df/IQTfbzFBbZznTaLnx0uHxyuiAc3GUJk8E_LiqTeZVl8de-o?width=640&height=480
19-03-2025,377.3538513,384.5629553,376.9325579,383.8607709,12830387,7,ITC,ITC.NS,Stock,FMCG,https://1drv.ms/i/c/8705623eb284e7df/IQTfbzFBbZznTaLnx0uHxyuiAc3GUJk8E_LiqTeZVl8de-o?width=640&height=480
20-03-2025,378.1965027,380.7243492,376.2771817,379.1795493,16994037,7,ITC,ITC.NS,Stock,FMCG,https://1drv.ms/i/c/8705623eb284e7df/IQTfbzFBbZznTaLnx0uHxyuiAc3GUJk8E_LiqTeZVl8de-o?width=640&height=480
21-03-2025,379.6944885,381.5201793,376.0899649,380.0690097,25302035,7,ITC,ITC.NS,Stock,FMCG,https://1drv.ms/i/c/8705623eb284e7df/IQTfbzFBbZznTaLnx0uHxyuiAc3GUJk8E_LiqTeZVl8de-o?width=640&height=480
24-03-2025,384.7033997,386.5290904,379.7413083,381.0520467,14362572,7,ITC,ITC.NS,Stock,FMCG,https://1drv.ms/i/c/8705623eb284e7df/IQTfbzFBbZznTaLnx0uHxyuiAc3GUJk8E_LiqTeZVl8de-o?width=640&height=480
25-03-2025,383.6734924,388.7760431,382.643645,385.7332445,20338110,7,ITC,ITC.NS,Stock,FMCG,https://1drv.ms/i/c/8705623eb284e7df/IQTfbzFBbZznTaLnx0uHxyuiAc3GUJk8E_LiqTeZVl8de-o?width=640&height=480
26-03-2025,381.3797302,384.9842822,380.3498541,384.1416382,13891436,7,ITC,ITC.NS,Stock,FMCG,https://1drv.ms/i/c/8705623eb284e7df/IQTfbzFBbZznTaLnx0uHxyuiAc3GUJk8E_LiqTeZVl8de-o?width=640&height=480
27-03-2025,383.3458557,384.516163,379.7881045,381.9882879,18642328,7,ITC,ITC.NS,Stock,FMCG,https://1drv.ms/i/c/8705623eb284e7df/IQTfbzFBbZznTaLnx0uHxyuiAc3GUJk8E_LiqTeZVl8de-o?width=640&height=480
28-03-2025,383.626709,389.1037525,382.12871,384.7033859,12981873,7,ITC,ITC.NS,Stock,FMCG,https://1drv.ms/i/c/8705623eb284e7df/IQTfbzFBbZznTaLnx0uHxyuiAc3GUJk8E_LiqTeZVl8de-o?width=640&height=480
01-04-2025,380.7243652,387.9802705,379.7413185,383.6735339,15206240,7,ITC,ITC.NS,Stock,FMCG,https://1drv.ms/i/c/8705623eb284e7df/IQTfbzFBbZznTaLnx0uHxyuiAc3GUJk8E_LiqTeZVl8de-o?width=640&height=480
02-04-2025,382.9713135,383.8607584,380.1625762,381.098822,8001323,7,ITC,ITC.NS,Stock,FMCG,https://1drv.ms/i/c/8705623eb284e7df/IQTfbzFBbZznTaLnx0uHxyuiAc3GUJk8E_LiqTeZVl8de-o?width=640&height=480
03-04-2025,383.2990112,384.048025,380.7711648,381.098828,7059566,7,ITC,ITC.NS,Stock,FMCG,https://1drv.ms/i/c/8705623eb284e7df/IQTfbzFBbZznTaLnx0uHxyuiAc3GUJk8E_LiqTeZVl8de-o?width=640&height=480
04-04-2025,383.5799255,386.4822647,378.7114358,381.5201733,18627592,7,ITC,ITC.NS,Stock,FMCG,https://1drv.ms/i/c/8705623eb284e7df/IQTfbzFBbZznTaLnx0uHxyuiAc3GUJk8E_LiqTeZVl8de-o?width=640&height=480
07-04-2025,380.1625977,382.0819187,365.2762951,365.2762951,26762866,7,ITC,ITC.NS,Stock,FMCG,https://1drv.ms/i/c/8705623eb284e7df/IQTfbzFBbZznTaLnx0uHxyuiAc3GUJk8E_LiqTeZVl8de-o?width=640&height=480
08-04-2025,386.2481995,389.2909984,381.2861081,385.6396454,18600796,7,ITC,ITC.NS,Stock,FMCG,https://1drv.ms/i/c/8705623eb284e7df/IQTfbzFBbZznTaLnx0uHxyuiAc3GUJk8E_LiqTeZVl8de-o?width=640&height=480
09-04-2025,389.7591248,392.3338008,385.0310948,386.669525,21785572,7,ITC,ITC.NS,Stock,FMCG,https://1drv.ms/i/c/8705623eb284e7df/IQTfbzFBbZznTaLnx0uHxyuiAc3GUJk8E_LiqTeZVl8de-o?width=640&height=480
11-04-2025,394.6743774,395.5170215,390.4144708,393.223208,8939356,7,ITC,ITC.NS,Stock,FMCG,https://1drv.ms/i/c/8705623eb284e7df/IQTfbzFBbZznTaLnx0uHxyuiAc3GUJk8E_LiqTeZVl8de-o?width=640&height=480
15-04-2025,393.5977173,401.8366972,392.2869789,401.8366972,11685880,7,ITC,ITC.NS,Stock,FMCG,https://1drv.ms/i/c/8705623eb284e7df/IQTfbzFBbZznTaLnx0uHxyuiAc3GUJk8E_LiqTeZVl8de-o?width=640&height=480
16-04-2025,397.3895264,398.8874967,391.3507298,391.3507298,13034594,7,ITC,ITC.NS,Stock,FMCG,https://1drv.ms/i/c/8705623eb284e7df/IQTfbzFBbZznTaLnx0uHxyuiAc3GUJk8E_LiqTeZVl8de-o?width=640&height=480
17-04-2025,400.0110168,400.57277,394.6744044,397.9044638,22410217,7,ITC,ITC.NS,Stock,FMCG,https://1drv.ms/i/c/8705623eb284e7df/IQTfbzFBbZznTaLnx0uHxyuiAc3GUJk8E_LiqTeZVl8de-o?width=640&height=480
21-04-2025,395.8915405,401.7430768,394.627603,400.7600015,27388236,7,ITC,ITC.NS,Stock,FMCG,https://1drv.ms/i/c/8705623eb284e7df/IQTfbzFBbZznTaLnx0uHxyuiAc3GUJk8E_LiqTeZVl8de-o?width=640&height=480
22-04-2025,405.9561768,407.0796546,396.5468895,398.7939022,32031936,7,ITC,ITC.NS,Stock,FMCG,https://1drv.ms/i/c/8705623eb284e7df/IQTfbzFBbZznTaLnx0uHxyuiAc3GUJk8E_LiqTeZVl8de-o?width=640&height=480
23-04-2025,403.3815002,409.5607281,401.5090087,408.3904209,19566317,7,ITC,ITC.NS,Stock,FMCG,https://1drv.ms/i/c/8705623eb284e7df/IQTfbzFBbZznTaLnx0uHxyuiAc3GUJk8E_LiqTeZVl8de-o?width=640&height=480
24-04-2025,402.6324768,408.2499514,401.9302925,404.3177363,26064089,7,ITC,ITC.NS,Stock,FMCG,https://1drv.ms/i/c/8705623eb284e7df/IQTfbzFBbZznTaLnx0uHxyuiAc3GUJk8E_LiqTeZVl8de-o?width=640&height=480
25-04-2025,400.5259399,405.1135672,396.3128339,402.632493,22944377,7,ITC,ITC.NS,Stock,FMCG,https://1drv.ms/i/c/8705623eb284e7df/IQTfbzFBbZznTaLnx0uHxyuiAc3GUJk8E_LiqTeZVl8de-o?width=640&height=480
28-04-2025,401.4621582,403.0537874,397.6703744,399.4492356,6287095,7,ITC,ITC.NS,Stock,FMCG,https://1drv.ms/i/c/8705623eb284e7df/IQTfbzFBbZznTaLnx0uHxyuiAc3GUJk8E_LiqTeZVl8de-o?width=640&height=480
29-04-2025,398.8406982,402.2111887,397.9044525,401.5558053,11189930,7,ITC,ITC.NS,Stock,FMCG,https://1drv.ms/i/c/8705623eb284e7df/IQTfbzFBbZznTaLnx0uHxyuiAc3GUJk8E_LiqTeZVl8de-o?width=640&height=480
30-04-2025,398.6534424,401.9303026,395.0957198,400.1514413,10026546,7,ITC,ITC.NS,Stock,FMCG,https://1drv.ms/i/c/8705623eb284e7df/IQTfbzFBbZznTaLnx0uHxyuiAc3GUJk8E_LiqTeZVl8de-o?width=640&height=480
02-05-2025,402.1175537,403.9900452,397.0618323,397.0618323,9263372,7,ITC,ITC.NS,Stock,FMCG,https://1drv.ms/i/c/8705623eb284e7df/IQTfbzFBbZznTaLnx0uHxyuiAc3GUJk8E_LiqTeZVl8de-o?width=640&height=480
05-05-2025,409.0926208,410.5437904,401.9771469,402.8197625,11525305,7,ITC,ITC.NS,Stock,FMCG,https://1drv.ms/i/c/8705623eb284e7df/IQTfbzFBbZznTaLnx0uHxyuiAc3GUJk8E_LiqTeZVl8de-o?width=640&height=480
06-05-2025,407.7818604,411.620474,405.3944449,409.6075512,15026568,7,ITC,ITC.NS,Stock,FMCG,https://1drv.ms/i/c/8705623eb284e7df/IQTfbzFBbZznTaLnx0uHxyuiAc3GUJk8E_LiqTeZVl8de-o?width=640&height=480
07-05-2025,403.6623535,407.2669054,402.3048143,405.7689065,9710361,7,ITC,ITC.NS,Stock,FMCG,https://1drv.ms/i/c/8705623eb284e7df/IQTfbzFBbZznTaLnx0uHxyuiAc3GUJk8E_LiqTeZVl8de-o?width=640&height=480
08-05-2025,403.1474304,403.9900459,396.5468807,401.6494315,19937960,7,ITC,ITC.NS,Stock,FMCG,https://1drv.ms/i/c/8705623eb284e7df/IQTfbzFBbZznTaLnx0uHxyuiAc3GUJk8E_LiqTeZVl8de-o?width=640&height=480
09-05-2025,396.5469055,401.7898878,396.0319817,398.7939183,8226512,7,ITC,ITC.NS,Stock,FMCG,https://1drv.ms/i/c/8705623eb284e7df/IQTfbzFBbZznTaLnx0uHxyuiAc3GUJk8E_LiqTeZVl8de-o?width=640&height=480
12-05-2025,407.7350464,408.3904299,400.853634,402.1175716,8031891,7,ITC,ITC.NS,Stock,FMCG,https://1drv.ms/i/c/8705623eb284e7df/IQTfbzFBbZznTaLnx0uHxyuiAc3GUJk8E_LiqTeZVl8de-o?width=640&height=480
13-05-2025,400.6195679,410.0288552,398.2321525,407.1732884,14976369,7,ITC,ITC.NS,Stock,FMCG,https://1drv.ms/i/c/8705623eb284e7df/IQTfbzFBbZznTaLnx0uHxyuiAc3GUJk8E_LiqTeZVl8de-o?width=640&height=480
14-05-2025,401.743103,404.3177791,398.7471049,399.8706113,9557309,7,ITC,ITC.NS,Stock,FMCG,https://1drv.ms/i/c/8705623eb284e7df/IQTfbzFBbZznTaLnx0uHxyuiAc3GUJk8E_LiqTeZVl8de-o?width=640&height=480
15-05-2025,405.0667114,407.6413872,398.840683,401.7430505,24263510,7,ITC,ITC.NS,Stock,FMCG,https://1drv.ms/i/c/8705623eb284e7df/IQTfbzFBbZznTaLnx0uHxyuiAc3GUJk8E_LiqTeZVl8de-o?width=640&height=480
16-05-2025,407.9223022,408.3904251,404.5518117,407.1732885,16402035,7,ITC,ITC.NS,Stock,FMCG,https://1drv.ms/i/c/8705623eb284e7df/IQTfbzFBbZznTaLnx0uHxyuiAc3GUJk8E_LiqTeZVl8de-o?width=640&height=480
19-05-2025,407.5946045,410.543773,405.0667295,407.2669128,7543854,7,ITC,ITC.NS,Stock,FMCG,https://1drv.ms/i/c/8705623eb284e7df/IQTfbzFBbZznTaLnx0uHxyuiAc3GUJk8E_LiqTeZVl8de-o?width=640&height=480
20-05-2025,407.1732788,412.6971231,405.3007873,409.1394006,9868414,7,ITC,ITC.NS,Stock,FMCG,https://1drv.ms/i/c/8705623eb284e7df/IQTfbzFBbZznTaLnx0uHxyuiAc3GUJk8E_LiqTeZVl8de-o?width=640&height=480
21-05-2025,405.3944397,410.2629294,404.4581939,408.7649304,5776672,7,ITC,ITC.NS,Stock,FMCG,https://1drv.ms/i/c/8705623eb284e7df/IQTfbzFBbZznTaLnx0uHxyuiAc3GUJk8E_LiqTeZVl8de-o?width=640&height=480
22-05-2025,398.9343262,405.3944162,395.9383283,405.3944162,19451749,7,ITC,ITC.NS,Stock,FMCG,https://1drv.ms/i/c/8705623eb284e7df/IQTfbzFBbZznTaLnx0uHxyuiAc3GUJk8E_LiqTeZVl8de-o?width=640&height=480
23-05-2025,408.4840393,411.0119144,401.6494563,406.3306854,18536884,7,ITC,ITC.NS,Stock,FMCG,https://1drv.ms/i/c/8705623eb284e7df/IQTfbzFBbZznTaLnx0uHxyuiAc3GUJk8E_LiqTeZVl8de-o?width=640&height=480
26-05-2025,414.663269,415.2718231,408.9053629,410.3097317,13107662,7,ITC,ITC.NS,Stock,FMCG,https://1drv.ms/i/c/8705623eb284e7df/IQTfbzFBbZznTaLnx0uHxyuiAc3GUJk8E_LiqTeZVl8de-o?width=640&height=480
27-05-2025,406.2370605,415.8804098,403.3815222,414.663273,26986022,7,ITC,ITC.NS,Stock,FMCG,https://1drv.ms/i/c/8705623eb284e7df/IQTfbzFBbZznTaLnx0uHxyuiAc3GUJk8E_LiqTeZVl8de-o?width=640&height=480
28-05-2025,400.6591187,402.9475037,393.7939343,398.2753781,431851622,7,ITC,ITC.NS,Stock,FMCG,https://1drv.ms/i/c/8705623eb284e7df/IQTfbzFBbZznTaLnx0uHxyuiAc3GUJk8E_LiqTeZVl8de-o?width=640&height=480
29-05-2025,399.2765198,403.1381676,397.2265088,402.3753823,21478547,7,ITC,ITC.NS,Stock,FMCG,https://1drv.ms/i/c/8705623eb284e7df/IQTfbzFBbZznTaLnx0uHxyuiAc3GUJk8E_LiqTeZVl8de-o?width=640&height=480
30-05-2025,398.6090698,400.5160622,397.0358069,399.6102583,30656239,7,ITC,ITC.NS,Stock,FMCG,https://1drv.ms/i/c/8705623eb284e7df/IQTfbzFBbZznTaLnx0uHxyuiAc3GUJk8E_LiqTeZVl8de-o?width=640&height=480
02-06-2025,399.8009338,400.8974777,395.271827,398.8474377,14973380,7,ITC,ITC.NS,Stock,FMCG,https://1drv.ms/i/c/8705623eb284e7df/IQTfbzFBbZznTaLnx0uHxyuiAc3GUJk8E_LiqTeZVl8de-o?width=640&height=480
03-06-2025,397.5602722,402.0893794,396.3207096,399.5149279,13216486,7,ITC,ITC.NS,Stock,FMCG,https://1drv.ms/i/c/8705623eb284e7df/IQTfbzFBbZznTaLnx0uHxyuiAc3GUJk8E_LiqTeZVl8de-o?width=640&height=480
04-06-2025,397.6079102,399.5149025,396.6067508,397.7509288,12598933,7,ITC,ITC.NS,Stock,FMCG,https://1drv.ms/i/c/8705623eb284e7df/IQTfbzFBbZznTaLnx0uHxyuiAc3GUJk8E_LiqTeZVl8de-o?width=640&height=480
05-06-2025,399.61026,401.3742338,396.4160419,399.0381565,13212523,7,ITC,ITC.NS,Stock,FMCG,https://1drv.ms/i/c/8705623eb284e7df/IQTfbzFBbZznTaLnx0uHxyuiAc3GUJk8E_LiqTeZVl8de-o?width=640&height=480
06-06-2025,401.469574,401.707948,399.5149184,400.7544518,8774988,7,ITC,ITC.NS,Stock,FMCG,https://1drv.ms/i/c/8705623eb284e7df/IQTfbzFBbZznTaLnx0uHxyuiAc3GUJk8E_LiqTeZVl8de-o?width=640&height=480
09-06-2025,403.3765564,403.9009968,400.9451527,402.375397,10473123,7,ITC,ITC.NS,Stock,FMCG,https://1drv.ms/i/c/8705623eb284e7df/IQTfbzFBbZznTaLnx0uHxyuiAc3GUJk8E_LiqTeZVl8de-o?width=640&height=480
10-06-2025,407.1428833,408.6207908,403.3765616,404.7591428,13041075,7,ITC,ITC.NS,Stock,FMCG,https://1drv.ms/i/c/8705623eb284e7df/IQTfbzFBbZznTaLnx0uHxyuiAc3GUJk8E_LiqTeZVl8de-o?width=640&height=480
11-06-2025,406.3323975,408.1917267,405.092864,408.0963712,20789182,7,ITC,ITC.NS,Stock,FMCG,https://1drv.ms/i/c/8705623eb284e7df/IQTfbzFBbZznTaLnx0uHxyuiAc3GUJk8E_LiqTeZVl8de-o?width=640&height=480
12-06-2025,401.421875,407.3335627,400.039294,407.1428518,18508835,7,ITC,ITC.NS,Stock,FMCG,https://1drv.ms/i/c/8705623eb284e7df/IQTfbzFBbZznTaLnx0uHxyuiAc3GUJk8E_LiqTeZVl8de-o?width=640&height=480
13-06-2025,394.6520691,399.848635,394.2706764,395.7009207,17873926,7,ITC,ITC.NS,Stock,FMCG,https://1drv.ms/i/c/8705623eb284e7df/IQTfbzFBbZznTaLnx0uHxyuiAc3GUJk8E_LiqTeZVl8de-o?width=640&height=480
16-06-2025,398.7521362,399.4195661,394.0323182,395.6532735,7006629,7,ITC,ITC.NS,Stock,FMCG,https://1drv.ms/i/c/8705623eb284e7df/IQTfbzFBbZznTaLnx0uHxyuiAc3GUJk8E_LiqTeZVl8de-o?width=640&height=480
17-06-2025,397.9893188,399.5625818,396.3683927,398.6567778,9028406,7,ITC,ITC.NS,Stock,FMCG,https://1drv.ms/i/c/8705623eb284e7df/IQTfbzFBbZznTaLnx0uHxyuiAc3GUJk8E_LiqTeZVl8de-o?width=640&height=480
18-06-2025,396.5590515,398.9904842,395.6055553,397.6079031,8036215,7,ITC,ITC.NS,Stock,FMCG,https://1drv.ms/i/c/8705623eb284e7df/IQTfbzFBbZznTaLnx0uHxyuiAc3GUJk8E_LiqTeZVl8de-o?width=640&height=480
19-06-2025,396.6544189,398.7997854,395.5102119,396.3206895,12601006,7,ITC,ITC.NS,Stock,FMCG,https://1drv.ms/i/c/8705623eb284e7df/IQTfbzFBbZznTaLnx0uHxyuiAc3GUJk8E_LiqTeZVl8de-o?width=640&height=480
20-06-2025,399.0858154,399.9916484,396.6544118,396.6544118,13203184,7,ITC,ITC.NS,Stock,FMCG,https://1drv.ms/i/c/8705623eb284e7df/IQTfbzFBbZznTaLnx0uHxyuiAc3GUJk8E_LiqTeZVl8de-o?width=640&height=480
23-06-2025,394.6520691,398.0846612,392.6020581,397.6079131,14839890,7,ITC,ITC.NS,Stock,FMCG,https://1drv.ms/i/c/8705623eb284e7df/IQTfbzFBbZznTaLnx0uHxyuiAc3GUJk8E_LiqTeZVl8de-o?width=640&height=480
24-06-2025,395.0811768,401.0881915,394.5090732,397.5125806,16690068,7,ITC,ITC.NS,Stock,FMCG,https://1drv.ms/i/c/8705623eb284e7df/IQTfbzFBbZznTaLnx0uHxyuiAc3GUJk8E_LiqTeZVl8de-o?width=640&height=480
25-06-2025,396.9881287,398.7044101,395.7962585,397.0357918,9946718,7,ITC,ITC.NS,Stock,FMCG,https://1drv.ms/i/c/8705623eb284e7df/IQTfbzFBbZznTaLnx0uHxyuiAc3GUJk8E_LiqTeZVl8de-o?width=640&height=480
26-06-2025,400.754425,401.3265286,396.8927772,397.7986102,13703918,7,ITC,ITC.NS,Stock,FMCG,https://1drv.ms/i/c/8705623eb284e7df/IQTfbzFBbZznTaLnx0uHxyuiAc3GUJk8E_LiqTeZVl8de-o?width=640&height=480
27-06-2025,399.1811829,402.375401,398.3707053,401.4219048,21409935,7,ITC,ITC.NS,Stock,FMCG,https://1drv.ms/i/c/8705623eb284e7df/IQTfbzFBbZznTaLnx0uHxyuiAc3GUJk8E_LiqTeZVl8de-o?width=640&height=480
30-06-2025,397.0834961,401.183518,396.4637003,400.277685,12317124,7,ITC,ITC.NS,Stock,FMCG,https://1drv.ms/i/c/8705623eb284e7df/IQTfbzFBbZznTaLnx0uHxyuiAc3GUJk8E_LiqTeZVl8de-o?width=640&height=480
01-07-2025,395.7962646,399.3718753,395.6055538,397.6079015,13670465,7,ITC,ITC.NS,Stock,FMCG,https://1drv.ms/i/c/8705623eb284e7df/IQTfbzFBbZznTaLnx0uHxyuiAc3GUJk8E_LiqTeZVl8de-o?width=640&height=480
02-07-2025,393.7462463,397.5125387,392.5543762,397.5125387,15990899,7,ITC,ITC.NS,Stock,FMCG,https://1drv.ms/i/c/8705623eb284e7df/IQTfbzFBbZznTaLnx0uHxyuiAc3GUJk8E_LiqTeZVl8de-o?width=640&height=480
03-07-2025,394.127655,396.6544141,392.1253072,394.7474217,14185298,7,ITC,ITC.NS,Stock,FMCG,https://1drv.ms/i/c/8705623eb284e7df/IQTfbzFBbZznTaLnx0uHxyuiAc3GUJk8E_LiqTeZVl8de-o?width=640&height=480
04-07-2025,393.3648376,395.7009149,392.6020523,395.6055595,8256733,7,ITC,ITC.NS,Stock,FMCG,https://1drv.ms/i/c/8705623eb284e7df/IQTfbzFBbZznTaLnx0uHxyuiAc3GUJk8E_LiqTeZVl8de-o?width=640&height=480
07-07-2025,396.7974548,397.7986433,392.8404513,393.7939475,6845218,7,ITC,ITC.NS,Stock,FMCG,https://1drv.ms/i/c/8705623eb284e7df/IQTfbzFBbZznTaLnx0uHxyuiAc3GUJk8E_LiqTeZVl8de-o?width=640&height=480
08-07-2025,397.798645,398.6567858,395.3672121,396.7974565,6807192,7,ITC,ITC.NS,Stock,FMCG,https://1drv.ms/i/c/8705623eb284e7df/IQTfbzFBbZznTaLnx0uHxyuiAc3GUJk8E_LiqTeZVl8de-o?width=640&height=480
09-07-2025,399.9440002,400.7544488,396.1300154,396.8451375,9930533,7,ITC,ITC.NS,Stock,FMCG,https://1drv.ms/i/c/8705623eb284e7df/IQTfbzFBbZznTaLnx0uHxyuiAc3GUJk8E_LiqTeZVl8de-o?width=640&height=480
10-07-2025,397.4649048,400.7544493,397.0358198,400.7544493,6220360,7,ITC,ITC.NS,Stock,FMCG,https://1drv.ms/i/c/8705623eb284e7df/IQTfbzFBbZznTaLnx0uHxyuiAc3GUJk8E_LiqTeZVl8de-o?width=640&height=480
11-07-2025,397.4172058,398.6090761,396.1776724,397.6079167,8578844,7,ITC,ITC.NS,Stock,FMCG,https://1drv.ms/i/c/8705623eb284e7df/IQTfbzFBbZznTaLnx0uHxyuiAc3GUJk8E_LiqTeZVl8de-o?width=640&height=480
14-07-2025,399.8963013,400.4207416,397.1788313,397.6555794,6896989,7,ITC,ITC.NS,Stock,FMCG,https://1drv.ms/i/c/8705623eb284e7df/IQTfbzFBbZznTaLnx0uHxyuiAc3GUJk8E_LiqTeZVl8de-o?width=640&height=480
15-07-2025,402.4707642,402.7568014,399.51492,401.326557,8532755,7,ITC,ITC.NS,Stock,FMCG,https://1drv.ms/i/c/8705623eb284e7df/IQTfbzFBbZznTaLnx0uHxyuiAc3GUJk8E_LiqTeZVl8de-o?width=640&height=480
16-07-2025,404.8544922,405.6649698,400.7544411,402.4707517,9780773,7,ITC,ITC.NS,Stock,FMCG,https://1drv.ms/i/c/8705623eb284e7df/IQTfbzFBbZznTaLnx0uHxyuiAc3GUJk8E_LiqTeZVl8de-o?width=640&height=480
17-07-2025,404.2347107,406.0940108,403.3288777,405.9986553,7240795,7,ITC,ITC.NS,Stock,FMCG,https://1drv.ms/i/c/8705623eb284e7df/IQTfbzFBbZznTaLnx0uHxyuiAc3GUJk8E_LiqTeZVl8de-o?width=640&height=480
18-07-2025,403.0905151,405.4265924,400.563756,405.4265924,6730256,7,ITC,ITC.NS,Stock,FMCG,https://1drv.ms/i/c/8705623eb284e7df/IQTfbzFBbZznTaLnx0uHxyuiAc3GUJk8E_LiqTeZVl8de-o?width=640&height=480
21-07-2025,400.5637512,403.0905103,398.9427961,402.3753881,4822343,7,ITC,ITC.NS,Stock,FMCG,https://1drv.ms/i/c/8705623eb284e7df/IQTfbzFBbZznTaLnx0uHxyuiAc3GUJk8E_LiqTeZVl8de-o?width=640&height=480
22-07-2025,396.6544189,400.8497964,395.8916336,400.5637592,9869507,7,ITC,ITC.NS,Stock,FMCG,https://1drv.ms/i/c/8705623eb284e7df/IQTfbzFBbZznTaLnx0uHxyuiAc3GUJk8E_LiqTeZVl8de-o?width=640&height=480
23-07-2025,395.6532593,398.4660556,394.7474262,397.7032703,12196187,7,ITC,ITC.NS,Stock,FMCG,https://1drv.ms/i/c/8705623eb284e7df/IQTfbzFBbZznTaLnx0uHxyuiAc3GUJk8E_LiqTeZVl8de-o?width=640&height=480
24-07-2025,390.8857727,396.5113944,390.4090246,396.5113944,9005157,7,ITC,ITC.NS,Stock,FMCG,https://1drv.ms/i/c/8705623eb284e7df/IQTfbzFBbZznTaLnx0uHxyuiAc3GUJk8E_LiqTeZVl8de-o?width=640&height=480
25-07-2025,390.3613281,391.1718057,388.7880653,390.9334316,5824089,7,ITC,ITC.NS,Stock,FMCG,https://1drv.ms/i/c/8705623eb284e7df/IQTfbzFBbZznTaLnx0uHxyuiAc3GUJk8E_LiqTeZVl8de-o?width=640&height=480
28-07-2025,390.8381042,391.7439373,389.5985708,391.696245,8123337,7,ITC,ITC.NS,Stock,FMCG,https://1drv.ms/i/c/8705623eb284e7df/IQTfbzFBbZznTaLnx0uHxyuiAc3GUJk8E_LiqTeZVl8de-o?width=640&height=480
29-07-2025,389.4555359,392.2683322,389.026451,390.9334434,6811772,7,ITC,ITC.NS,Stock,FMCG,https://1drv.ms/i/c/8705623eb284e7df/IQTfbzFBbZznTaLnx0uHxyuiAc3GUJk8E_LiqTeZVl8de-o?width=640&height=480
30-07-2025,388.64505,390.2659761,386.8810763,389.9799389,10915863,7,ITC,ITC.NS,Stock,FMCG,https://1drv.ms/i/c/8705623eb284e7df/IQTfbzFBbZznTaLnx0uHxyuiAc3GUJk8E_LiqTeZVl8de-o?width=640&height=480
31-07-2025,392.7927856,394.7474413,386.6903865,387.0718082,19364174,7,ITC,ITC.NS,Stock,FMCG,https://1drv.ms/i/c/8705623eb284e7df/IQTfbzFBbZznTaLnx0uHxyuiAc3GUJk8E_LiqTeZVl8de-o?width=640&height=480
01-08-2025,397.0834961,399.8486292,392.6497156,393.2218191,14324065,7,ITC,ITC.NS,Stock,FMCG,https://1drv.ms/i/c/8705623eb284e7df/IQTfbzFBbZznTaLnx0uHxyuiAc3GUJk8E_LiqTeZVl8de-o?width=640&height=480
04-08-2025,397.4649048,402.8521526,395.7962864,400.6591229,18352458,7,ITC,ITC.NS,Stock,FMCG,https://1drv.ms/i/c/8705623eb284e7df/IQTfbzFBbZznTaLnx0uHxyuiAc3GUJk8E_LiqTeZVl8de-o?width=640&height=480
05-08-2025,394.8904419,398.5137449,393.7939271,397.7986227,8495104,7,ITC,ITC.NS,Stock,FMCG,https://1drv.ms/i/c/8705623eb284e7df/IQTfbzFBbZznTaLnx0uHxyuiAc3GUJk8E_LiqTeZVl8de-o?width=640&height=480
06-08-2025,392.8404236,395.7009121,391.4101793,394.8904345,9080543,7,ITC,ITC.NS,Stock,FMCG,https://1drv.ms/i/c/8705623eb284e7df/IQTfbzFBbZznTaLnx0uHxyuiAc3GUJk8E_LiqTeZVl8de-o?width=640&height=480
07-08-2025,394.3660278,395.4625426,392.5066986,392.8404281,11514878,7,ITC,ITC.NS,Stock,FMCG,https://1drv.ms/i/c/8705623eb284e7df/IQTfbzFBbZznTaLnx0uHxyuiAc3GUJk8E_LiqTeZVl8de-o?width=640&height=480
08-08-2025,395.2241821,396.0346597,393.7462746,394.6520786,9814361,7,ITC,ITC.NS,Stock,FMCG,https://1drv.ms/i/c/8705623eb284e7df/IQTfbzFBbZznTaLnx0uHxyuiAc3GUJk8E_LiqTeZVl8de-o?width=640&height=480
11-08-2025,397.4649048,397.6079234,394.7474347,395.2241829,8514272,7,ITC,ITC.NS,Stock,FMCG,https://1drv.ms/i/c/8705623eb284e7df/IQTfbzFBbZznTaLnx0uHxyuiAc3GUJk8E_LiqTeZVl8de-o?width=640&height=480
12-08-2025,396.9881287,400.2776729,395.9869402,397.6078953,13635738,7,ITC,ITC.NS,Stock,FMCG,https://1drv.ms/i/c/8705623eb284e7df/IQTfbzFBbZznTaLnx0uHxyuiAc3GUJk8E_LiqTeZVl8de-o?width=640&height=480
13-08-2025,394.8427734,398.0846546,394.3660253,397.7986174,10874910,7,ITC,ITC.NS,Stock,FMCG,https://1drv.ms/i/c/8705623eb284e7df/IQTfbzFBbZznTaLnx0uHxyuiAc3GUJk8E_LiqTeZVl8de-o?width=640&height=480
14-08-2025,392.3160095,395.7485724,391.8869246,394.9857871,9580361,7,ITC,ITC.NS,Stock,FMCG,https://1drv.ms/i/c/8705623eb284e7df/IQTfbzFBbZznTaLnx0uHxyuiAc3GUJk8E_LiqTeZVl8de-o?width=640&height=480
18-08-2025,387.4054871,394.4613821,386.0229351,393.7939231,30950814,7,ITC,ITC.NS,Stock,FMCG,https://1drv.ms/i/c/8705623eb284e7df/IQTfbzFBbZznTaLnx0uHxyuiAc3GUJk8E_LiqTeZVl8de-o?width=640&height=480
19-08-2025,390.0752869,390.3613241,385.6891987,387.4531724,16681331,7,ITC,ITC.NS,Stock,FMCG,https://1drv.ms/i/c/8705623eb284e7df/IQTfbzFBbZznTaLnx0uHxyuiAc3GUJk8E_LiqTeZVl8de-o?width=640&height=480
20-08-2025,387.1671143,391.1718099,386.5950398,390.0752951,18188129,7,ITC,ITC.NS,Stock,FMCG,https://1drv.ms/i/c/8705623eb284e7df/IQTfbzFBbZznTaLnx0uHxyuiAc3GUJk8E_LiqTeZVl8de-o?width=640&height=480
21-08-2025,386.6903687,387.9299312,384.5926945,387.1671167,15028966,7,ITC,ITC.NS,Stock,FMCG,https://1drv.ms/i/c/8705623eb284e7df/IQTfbzFBbZznTaLnx0uHxyuiAc3GUJk8E_LiqTeZVl8de-o?width=640&height=480
22-08-2025,379.7774963,387.5961762,379.0147111,387.1194282,13087624,7,ITC,ITC.NS,Stock,FMCG,https://1drv.ms/i/c/8705623eb284e7df/IQTfbzFBbZznTaLnx0uHxyuiAc3GUJk8E_LiqTeZVl8de-o?width=640&height=480
25-08-2025,380.778717,381.922895,377.822873,380.4449875,10440286,7,ITC,ITC.NS,Stock,FMCG,https://1drv.ms/i/c/8705623eb284e7df/IQTfbzFBbZznTaLnx0uHxyuiAc3GUJk8E_LiqTeZVl8de-o?width=640&height=480
26-08-2025,384.5927124,386.547368,379.8728944,380.7310352,13715752,7,ITC,ITC.NS,Stock,FMCG,https://1drv.ms/i/c/8705623eb284e7df/IQTfbzFBbZznTaLnx0uHxyuiAc3GUJk8E_LiqTeZVl8de-o?width=640&height=480
28-08-2025,382.2566223,385.6892145,381.3984816,385.6892145,12471719,7,ITC,ITC.NS,Stock,FMCG,https://1drv.ms/i/c/8705623eb284e7df/IQTfbzFBbZznTaLnx0uHxyuiAc3GUJk8E_LiqTeZVl8de-o?width=640&height=480
29-08-2025,390.6950684,391.3625273,383.2101174,383.3054728,25255050,7,ITC,ITC.NS,Stock,FMCG,https://1drv.ms/i/c/8705623eb284e7df/IQTfbzFBbZznTaLnx0uHxyuiAc3GUJk8E_LiqTeZVl8de-o?width=640&height=480
01-09-2025,386.9764404,391.1241547,386.1659628,390.6950698,12268090,7,ITC,ITC.NS,Stock,FMCG,https://1drv.ms/i/c/8705623eb284e7df/IQTfbzFBbZznTaLnx0uHxyuiAc3GUJk8E_LiqTeZVl8de-o?width=640&height=480
02-09-2025,387.8345947,388.8834464,385.641565,387.6438838,19808255,7,ITC,ITC.NS,Stock,FMCG,https://1drv.ms/i/c/8705623eb284e7df/IQTfbzFBbZznTaLnx0uHxyuiAc3GUJk8E_LiqTeZVl8de-o?width=640&height=480
03-09-2025,392.6020508,394.032295,388.3589812,389.5031882,12936588,7,ITC,ITC.NS,Stock,FMCG,https://1drv.ms/i/c/8705623eb284e7df/IQTfbzFBbZznTaLnx0uHxyuiAc3GUJk8E_LiqTeZVl8de-o?width=640&height=480
04-09-2025,396.5590515,407.1428648,395.7009108,404.2347131,27274123,7,ITC,ITC.NS,Stock,FMCG,https://1drv.ms/i/c/8705623eb284e7df/IQTfbzFBbZznTaLnx0uHxyuiAc3GUJk8E_LiqTeZVl8de-o?width=640&height=480
05-09-2025,388.4066772,397.6079096,385.5938519,397.5125542,16000675,7,ITC,ITC.NS,Stock,FMCG,https://1drv.ms/i/c/8705623eb284e7df/IQTfbzFBbZznTaLnx0uHxyuiAc3GUJk8E_LiqTeZVl8de-o?width=640&height=480
08-09-2025,388.5973816,391.4578703,387.8822594,388.5020552,7419022,7,ITC,ITC.NS,Stock,FMCG,https://1drv.ms/i/c/8705623eb284e7df/IQTfbzFBbZznTaLnx0uHxyuiAc3GUJk8E_LiqTeZVl8de-o?width=640&height=480
09-09-2025,390.9811096,391.8392795,388.4543505,389.5032021,8825896,7,ITC,ITC.NS,Stock,FMCG,https://1drv.ms/i/c/8705623eb284e7df/IQTfbzFBbZznTaLnx0uHxyuiAc3GUJk8E_LiqTeZVl8de-o?width=640&height=480
10-09-2025,393.8415833,394.461379,389.9322722,391.8869277,9252397,7,ITC,ITC.NS,Stock,FMCG,https://1drv.ms/i/c/8705623eb284e7df/IQTfbzFBbZznTaLnx0uHxyuiAc3GUJk8E_LiqTeZVl8de-o?width=640&height=480
11-09-2025,395.7485962,397.3218882,393.2695293,393.8416037,8274406,7,ITC,ITC.NS,Stock,FMCG,https://1drv.ms/i/c/8705623eb284e7df/IQTfbzFBbZznTaLnx0uHxyuiAc3GUJk8E_LiqTeZVl8de-o?width=640&height=480
12-09-2025,394.5090332,397.6555589,393.6508925,396.0346329,7803379,7,ITC,ITC.NS,Stock,FMCG,https://1drv.ms/i/c/8705623eb284e7df/IQTfbzFBbZznTaLnx0uHxyuiAc3GUJk8E_LiqTeZVl8de-o?width=640&height=480
15-09-2025,393.4602051,395.033468,392.6020643,393.8415977,5707331,7,ITC,ITC.NS,Stock,FMCG,https://1drv.ms/i/c/8705623eb284e7df/IQTfbzFBbZznTaLnx0uHxyuiAc3GUJk8E_LiqTeZVl8de-o?width=640&height=480
16-09-2025,393.8892822,395.0811525,392.8404306,393.9846377,8239087,7,ITC,ITC.NS,Stock,FMCG,https://1drv.ms/i/c/8705623eb284e7df/IQTfbzFBbZznTaLnx0uHxyuiAc3GUJk8E_LiqTeZVl8de-o?width=640&height=480
17-09-2025,390.2659607,395.3195077,389.0740905,394.699741,14113882,7,ITC,ITC.NS,Stock,FMCG,https://1drv.ms/i/c/8705623eb284e7df/IQTfbzFBbZznTaLnx0uHxyuiAc3GUJk8E_LiqTeZVl8de-o?width=640&height=480
18-09-2025,392.4113464,393.8415907,391.0287944,392.2206647,15647808,7,ITC,ITC.NS,Stock,FMCG,https://1drv.ms/i/c/8705623eb284e7df/IQTfbzFBbZznTaLnx0uHxyuiAc3GUJk8E_LiqTeZVl8de-o?width=640&height=480
19-09-2025,391.5531921,393.4125213,389.9322661,392.4113329,19505321,7,ITC,ITC.NS,Stock,FMCG,https://1drv.ms/i/c/8705623eb284e7df/IQTfbzFBbZznTaLnx0uHxyuiAc3GUJk8E_LiqTeZVl8de-o?width=640&height=480
22-09-2025,388.0252991,391.8869471,387.1671292,391.5532176,8930779,7,ITC,ITC.NS,Stock,FMCG,https://1drv.ms/i/c/8705623eb284e7df/IQTfbzFBbZznTaLnx0uHxyuiAc3GUJk8E_LiqTeZVl8de-o?width=640&height=480
23-09-2025,384.4496765,389.121802,383.4008249,388.1683058,14936357,7,ITC,ITC.NS,Stock,FMCG,https://1drv.ms/i/c/8705623eb284e7df/IQTfbzFBbZznTaLnx0uHxyuiAc3GUJk8E_LiqTeZVl8de-o?width=640&height=480
24-09-2025,382.3519592,385.8322144,382.065922,384.4496624,12380865,7,ITC,ITC.NS,Stock,FMCG,https://1drv.ms/i/c/8705623eb284e7df/IQTfbzFBbZznTaLnx0uHxyuiAc3GUJk8E_LiqTeZVl8de-o?width=640&height=480
25-09-2025,381.4938354,384.2589686,379.4914876,382.7810611,22006368,7,ITC,ITC.NS,Stock,FMCG,https://1drv.ms/i/c/8705623eb284e7df/IQTfbzFBbZznTaLnx0uHxyuiAc3GUJk8E_LiqTeZVl8de-o?width=640&height=480
26-09-2025,386.2612915,387.0240768,381.2077445,381.4938108,14414044,7,ITC,ITC.NS,Stock,FMCG,https://1drv.ms/i/c/8705623eb284e7df/IQTfbzFBbZznTaLnx0uHxyuiAc3GUJk8E_LiqTeZVl8de-o?width=640&height=480
29-09-2025,388.3113098,389.0264319,384.449662,387.9775803,19717660,7,ITC,ITC.NS,Stock,FMCG,https://1drv.ms/i/c/8705623eb284e7df/IQTfbzFBbZznTaLnx0uHxyuiAc3GUJk8E_LiqTeZVl8de-o?width=640&height=480
30-09-2025,382.8763733,387.834565,381.7798585,387.834565,9465490,7,ITC,ITC.NS,Stock,FMCG,https://1drv.ms/i/c/8705623eb284e7df/IQTfbzFBbZznTaLnx0uHxyuiAc3GUJk8E_LiqTeZVl8de-o?width=640&height=480
01-10-2025,386.7380676,387.1194603,381.160109,383.639205,17643039,7,ITC,ITC.NS,Stock,FMCG,https://1drv.ms/i/c/8705623eb284e7df/IQTfbzFBbZznTaLnx0uHxyuiAc3GUJk8E_LiqTeZVl8de-o?width=640&height=480
03-10-2025,385.4985046,386.6427117,383.5915122,386.0706082,16987141,7,ITC,ITC.NS,Stock,FMCG,https://1drv.ms/i/c/8705623eb284e7df/IQTfbzFBbZznTaLnx0uHxyuiAc3GUJk8E_LiqTeZVl8de-o?width=640&height=480
06-10-2025,382.1135864,385.1170935,381.2077534,384.2589528,13989077,7,ITC,ITC.NS,Stock,FMCG,https://1drv.ms/i/c/8705623eb284e7df/IQTfbzFBbZznTaLnx0uHxyuiAc3GUJk8E_LiqTeZVl8de-o?width=640&height=480
07-10-2025,381.2077942,383.8776012,380.921757,383.7822457,12298968,7,ITC,ITC.NS,Stock,FMCG,https://1drv.ms/i/c/8705623eb284e7df/IQTfbzFBbZznTaLnx0uHxyuiAc3GUJk8E_LiqTeZVl8de-o?width=640&height=480
08-10-2025,381.1600952,383.0670876,379.4914769,381.3984693,8402463,7,ITC,ITC.NS,Stock,FMCG,https://1drv.ms/i/c/8705623eb284e7df/IQTfbzFBbZznTaLnx0uHxyuiAc3GUJk8E_LiqTeZVl8de-o?width=640&height=480
09-10-2025,381.3031006,382.7333448,380.3972967,380.4449599,15656267,7,ITC,ITC.NS,Stock,FMCG,https://1drv.ms/i/c/8705623eb284e7df/IQTfbzFBbZznTaLnx0uHxyuiAc3GUJk8E_LiqTeZVl8de-o?width=640&height=480
10-10-2025,384.0682678,385.0694563,380.9217419,381.827575,15085738,7,ITC,ITC.NS,Stock,FMCG,https://1drv.ms/i/c/8705623eb284e7df/IQTfbzFBbZznTaLnx0uHxyuiAc3GUJk8E_LiqTeZVl8de-o?width=640&height=480
13-10-2025,380.6833496,382.3043048,380.0158906,381.3984717,9508594,7,ITC,ITC.NS,Stock,FMCG,https://1drv.ms/i/c/8705623eb284e7df/IQTfbzFBbZznTaLnx0uHxyuiAc3GUJk8E_LiqTeZVl8de-o?width=640&height=480
14-10-2025,378.3472595,382.2089364,377.7751851,381.3984588,10291102,7,ITC,ITC.NS,Stock,FMCG,https://1drv.ms/i/c/8705623eb284e7df/IQTfbzFBbZznTaLnx0uHxyuiAc3GUJk8E_LiqTeZVl8de-o?width=640&height=480
15-10-2025,381.3031006,382.2089336,378.7763416,379.4914637,16043867,7,ITC,ITC.NS,Stock,FMCG,https://1drv.ms/i/c/8705623eb284e7df/IQTfbzFBbZznTaLnx0uHxyuiAc3GUJk8E_LiqTeZVl8de-o?width=640&height=480
16-10-2025,386.3089905,387.1194681,380.9694058,382.351987,22962049,7,ITC,ITC.NS,Stock,FMCG,https://1drv.ms/i/c/8705623eb284e7df/IQTfbzFBbZznTaLnx0uHxyuiAc3GUJk8E_LiqTeZVl8de-o?width=640&height=480
17-10-2025,392.983429,394.604384,386.4043114,386.4996668,21071344,7,ITC,ITC.NS,Stock,FMCG,https://1drv.ms/i/c/8705623eb284e7df/IQTfbzFBbZznTaLnx0uHxyuiAc3GUJk8E_LiqTeZVl8de-o?width=640&height=480
20-10-2025,393.8415833,395.5578938,392.1729649,393.3648352,13083621,7,ITC,ITC.NS,Stock,FMCG,https://1drv.ms/i/c/8705623eb284e7df/IQTfbzFBbZznTaLnx0uHxyuiAc3GUJk8E_LiqTeZVl8de-o?width=640&height=480
21-10-2025,393.6509094,394.6997611,393.1741613,394.2706761,1142130,7,ITC,ITC.NS,Stock,FMCG,https://1drv.ms/i/c/8705623eb284e7df/IQTfbzFBbZznTaLnx0uHxyuiAc3GUJk8E_LiqTeZVl8de-o?width=640&height=480
23-10-2025,396.6067505,400.8974833,394.3183364,396.6544137,24305990,7,ITC,ITC.NS,Stock,FMCG,https://1drv.ms/i/c/8705623eb284e7df/IQTfbzFBbZznTaLnx0uHxyuiAc3GUJk8E_LiqTeZVl8de-o?width=640&height=480
24-10-2025,397.4172058,398.5137497,394.2230168,396.6067573,14935678,7,ITC,ITC.NS,Stock,FMCG,https://1drv.ms/i/c/8705623eb284e7df/IQTfbzFBbZznTaLnx0uHxyuiAc3GUJk8E_LiqTeZVl8de-o?width=640&height=480
27-10-2025,401.0881653,403.0428499,397.2265174,397.60791,11603679,7,ITC,ITC.NS,Stock,FMCG,https://1drv.ms/i/c/8705623eb284e7df/IQTfbzFBbZznTaLnx0uHxyuiAc3GUJk8E_LiqTeZVl8de-o?width=640&height=480
28-10-2025,398.4660645,402.0416753,396.559072,400.9451604,17163147,7,ITC,ITC.NS,Stock,FMCG,https://1drv.ms/i/c/8705623eb284e7df/IQTfbzFBbZznTaLnx0uHxyuiAc3GUJk8E_LiqTeZVl8de-o?width=640&height=480
29-10-2025,401.9940186,402.5661221,396.702097,398.7521372,11470661,7,ITC,ITC.NS,Stock,FMCG,https://1drv.ms/i/c/8705623eb284e7df/IQTfbzFBbZznTaLnx0uHxyuiAc3GUJk8E_LiqTeZVl8de-o?width=640&height=480
30-10-2025,399.2765198,402.0893451,396.7974239,401.9939897,12938674,7,ITC,ITC.NS,Stock,FMCG,https://1drv.ms/i/c/8705623eb284e7df/IQTfbzFBbZznTaLnx0uHxyuiAc3GUJk8E_LiqTeZVl8de-o?width=640&height=480
31-10-2025,400.8021545,406.5707952,398.7521434,400.9451732,18599864,7,ITC,ITC.NS,Stock,FMCG,https://1drv.ms/i/c/8705623eb284e7df/IQTfbzFBbZznTaLnx0uHxyuiAc3GUJk8E_LiqTeZVl8de-o?width=640&height=480
03-11-2025,394.6997681,402.0416714,394.0799723,400.4207453,7635440,7,ITC,ITC.NS,Stock,FMCG,https://1drv.ms/i/c/8705623eb284e7df/IQTfbzFBbZznTaLnx0uHxyuiAc3GUJk8E_LiqTeZVl8de-o?width=640&height=480
04-11-2025,389.8845825,395.224167,389.3601713,394.7474189,10085404,7,ITC,ITC.NS,Stock,FMCG,https://1drv.ms/i/c/8705623eb284e7df/IQTfbzFBbZznTaLnx0uHxyuiAc3GUJk8E_LiqTeZVl8de-o?width=640&height=480
06-11-2025,388.5496826,394.0799487,387.6438496,390.933423,10095563,7,ITC,ITC.NS,Stock,FMCG,https://1drv.ms/i/c/8705623eb284e7df/IQTfbzFBbZznTaLnx0uHxyuiAc3GUJk8E_LiqTeZVl8de-o?width=640&height=480
07-11-2025,385.2601318,390.0753052,384.3543279,387.1671243,8411611,7,ITC,ITC.NS,Stock,FMCG,https://1drv.ms/i/c/8705623eb284e7df/IQTfbzFBbZznTaLnx0uHxyuiAc3GUJk8E_LiqTeZVl8de-o?width=640&height=480
10-11-2025,386.6903687,388.1683052,384.8787317,385.2601244,6650003,7,ITC,ITC.NS,Stock,FMCG,https://1drv.ms/i/c/8705623eb284e7df/IQTfbzFBbZznTaLnx0uHxyuiAc3GUJk8E_LiqTeZVl8de-o?width=640&height=480
11-11-2025,387.9299316,389.0741096,385.7845652,387.1194541,12005318,7,ITC,ITC.NS,Stock,FMCG,https://1drv.ms/i/c/8705623eb284e7df/IQTfbzFBbZznTaLnx0uHxyuiAc3GUJk8E_LiqTeZVl8de-o?width=640&height=480
12-11-2025,388.072937,389.1217886,386.6903559,389.0264332,7987236,7,ITC,ITC.NS,Stock,FMCG,https://1drv.ms/i/c/8705623eb284e7df/IQTfbzFBbZznTaLnx0uHxyuiAc3GUJk8E_LiqTeZVl8de-o?width=640&height=480
13-11-2025,386.8334351,388.5497166,385.6892279,388.0729685,6617185,7,ITC,ITC.NS,Stock,FMCG,https://1drv.ms/i/c/8705623eb284e7df/IQTfbzFBbZznTaLnx0uHxyuiAc3GUJk8E_LiqTeZVl8de-o?width=640&height=480
14-11-2025,389.1694641,389.7415676,381.4938314,385.8799197,64020258,7,ITC,ITC.NS,Stock,FMCG,https://1drv.ms/i/c/8705623eb284e7df/IQTfbzFBbZznTaLnx0uHxyuiAc3GUJk8E_LiqTeZVl8de-o?width=640&height=480
17-11-2025,388.1683044,392.84043,387.1194528,390.6950635,7855399,7,ITC,ITC.NS,Stock,FMCG,https://1drv.ms/i/c/8705623eb284e7df/IQTfbzFBbZznTaLnx0uHxyuiAc3GUJk8E_LiqTeZVl8de-o?width=640&height=480
18-11-2025,386.9764404,390.742733,385.7368779,389.2648255,7661681,7,ITC,ITC.NS,Stock,FMCG,https://1drv.ms/i/c/8705623eb284e7df/IQTfbzFBbZznTaLnx0uHxyuiAc3GUJk8E_LiqTeZVl8de-o?width=640&height=480
19-11-2025,384.7833862,386.6903787,384.0682641,386.0229488,7882450,7,ITC,ITC.NS,Stock,FMCG,https://1drv.ms/i/c/8705623eb284e7df/IQTfbzFBbZznTaLnx0uHxyuiAc3GUJk8E_LiqTeZVl8de-o?width=640&height=480
20-11-2025,386.5950317,388.0729392,384.4973285,384.7833657,6693410,7,ITC,ITC.NS,Stock,FMCG,https://1drv.ms/i/c/8705623eb284e7df/IQTfbzFBbZznTaLnx0uHxyuiAc3GUJk8E_LiqTeZVl8de-o?width=640&height=480
21-11-2025,388.8834229,389.5031895,385.8799157,386.1659529,5808131,7,ITC,ITC.NS,Stock,FMCG,https://1drv.ms/i/c/8705623eb284e7df/IQTfbzFBbZznTaLnx0uHxyuiAc3GUJk8E_LiqTeZVl8de-o?width=640&height=480
24-11-2025,384.7833862,389.7892414,384.1159563,389.4078487,11037491,7,ITC,ITC.NS,Stock,FMCG,https://1drv.ms/i/c/8705623eb284e7df/IQTfbzFBbZznTaLnx0uHxyuiAc3GUJk8E_LiqTeZVl8de-o?width=640&height=480
25-11-2025,382.1612549,385.6892024,381.493825,384.7833694,8199785,7,ITC,ITC.NS,Stock,FMCG,https://1drv.ms/i/c/8705623eb284e7df/IQTfbzFBbZznTaLnx0uHxyuiAc3GUJk8E_LiqTeZVl8de-o?width=640&height=480
26-11-2025,383.5915222,385.1648143,382.3043256,382.3519888,11443953,7,ITC,ITC.NS,Stock,FMCG,https://1drv.ms/i/c/8705623eb284e7df/IQTfbzFBbZznTaLnx0uHxyuiAc3GUJk8E_LiqTeZVl8de-o?width=640&height=480
27-11-2025,385.4985046,387.0717967,383.4008304,384.7357193,8679529,7,ITC,ITC.NS,Stock,FMCG,https://1drv.ms/i/c/8705623eb284e7df/IQTfbzFBbZznTaLnx0uHxyuiAc3GUJk8E_LiqTeZVl8de-o?width=640&height=480
28-11-2025,385.4508362,386.1659583,383.7822178,385.4984994,6883500,7,ITC,ITC.NS,Stock,FMCG,https://1drv.ms/i/c/8705623eb284e7df/IQTfbzFBbZznTaLnx0uHxyuiAc3GUJk8E_LiqTeZVl8de-o?width=640&height=480
01-12-2025,385.4508362,386.6427064,379.6821959,384.0682551,13442658,7,ITC,ITC.NS,Stock,FMCG,https://1drv.ms/i/c/8705623eb284e7df/IQTfbzFBbZznTaLnx0uHxyuiAc3GUJk8E_LiqTeZVl8de-o?width=640&height=480
02-12-2025,382.3043213,386.6427175,381.8752364,385.4508472,8093808,7,ITC,ITC.NS,Stock,FMCG,https://1drv.ms/i/c/8705623eb284e7df/IQTfbzFBbZznTaLnx0uHxyuiAc3GUJk8E_LiqTeZVl8de-o?width=640&height=480
03-12-2025,381.8752441,383.4961994,380.3019812,383.0194513,10772192,7,ITC,ITC.NS,Stock,FMCG,https://1drv.ms/i/c/8705623eb284e7df/IQTfbzFBbZznTaLnx0uHxyuiAc3GUJk8E_LiqTeZVl8de-o?width=640&height=480
04-12-2025,384.3066101,384.7833582,380.4926255,381.4938139,8057989,7,ITC,ITC.NS,Stock,FMCG,https://1drv.ms/i/c/8705623eb284e7df/IQTfbzFBbZznTaLnx0uHxyuiAc3GUJk8E_LiqTeZVl8de-o?width=640&height=480
05-12-2025,386.1182861,386.4996788,383.3054608,384.3066201,4419747,7,ITC,ITC.NS,Stock,FMCG,https://1drv.ms/i/c/8705623eb284e7df/IQTfbzFBbZznTaLnx0uHxyuiAc3GUJk8E_LiqTeZVl8de-o?width=640&height=480
08-12-2025,383.5915222,386.4043477,381.9229038,386.1183105,6056866,7,ITC,ITC.NS,Stock,FMCG,https://1drv.ms/i/c/8705623eb284e7df/IQTfbzFBbZznTaLnx0uHxyuiAc3GUJk8E_LiqTeZVl8de-o?width=640&height=480
09-12-2025,382.3996582,385.6892319,381.3984988,383.3054913,9426717,7,ITC,ITC.NS,Stock,FMCG,https://1drv.ms/i/c/8705623eb284e7df/IQTfbzFBbZznTaLnx0uHxyuiAc3GUJk8E_LiqTeZVl8de-o?width=640&height=480
10-12-2025,384.4019775,385.5938478,382.3519666,382.447322,6969146,7,ITC,ITC.NS,Stock,FMCG,https://1drv.ms/i/c/8705623eb284e7df/IQTfbzFBbZznTaLnx0uHxyuiAc3GUJk8E_LiqTeZVl8de-o?width=640&height=480
11-12-2025,384.1636047,385.2124564,382.4473233,384.4019788,6980147,7,ITC,ITC.NS,Stock,FMCG,https://1drv.ms/i/c/8705623eb284e7df/IQTfbzFBbZznTaLnx0uHxyuiAc3GUJk8E_LiqTeZVl8de-o?width=640&height=480
12-12-2025,381.4938354,385.2124648,381.2554614,384.1636132,12407516,7,ITC,ITC.NS,Stock,FMCG,https://1drv.ms/i/c/8705623eb284e7df/IQTfbzFBbZznTaLnx0uHxyuiAc3GUJk8E_LiqTeZVl8de-o?width=640&height=480
15-12-2025,383.5915222,384.5927107,380.9217444,381.493848,7756564,7,ITC,ITC.NS,Stock,FMCG,https://1drv.ms/i/c/8705623eb284e7df/IQTfbzFBbZznTaLnx0uHxyuiAc3GUJk8E_LiqTeZVl8de-o?width=640&height=480
16-12-2025,383.0194092,386.8810569,382.3996134,382.7333429,12347384,7,ITC,ITC.NS,Stock,FMCG,https://1drv.ms/i/c/8705623eb284e7df/IQTfbzFBbZznTaLnx0uHxyuiAc3GUJk8E_LiqTeZVl8de-o?width=640&height=480
17-12-2025,381.2077942,384.3543493,380.5403643,382.3520013,8087490,7,ITC,ITC.NS,Stock,FMCG,https://1drv.ms/i/c/8705623eb284e7df/IQTfbzFBbZznTaLnx0uHxyuiAc3GUJk8E_LiqTeZVl8de-o?width=640&height=480
18-12-2025,381.7798767,383.2578133,381.2554654,381.398484,7227668,7,ITC,ITC.NS,Stock,FMCG,https://1drv.ms/i/c/8705623eb284e7df/IQTfbzFBbZznTaLnx0uHxyuiAc3GUJk8E_LiqTeZVl8de-o?width=640&height=480
19-12-2025,382.3996582,383.925258,381.6368728,381.6368728,10654835,7,ITC,ITC.NS,Stock,FMCG,https://1drv.ms/i/c/8705623eb284e7df/IQTfbzFBbZznTaLnx0uHxyuiAc3GUJk8E_LiqTeZVl8de-o?width=640&height=480
22-12-2025,383.9729309,384.8787348,382.5426866,382.9240793,6847871,7,ITC,ITC.NS,Stock,FMCG,https://1drv.ms/i/c/8705623eb284e7df/IQTfbzFBbZznTaLnx0uHxyuiAc3GUJk8E_LiqTeZVl8de-o?width=640&height=480
23-12-2025,388.4066772,389.8845847,383.114756,383.7822149,10081997,7,ITC,ITC.NS,Stock,FMCG,https://1drv.ms/i/c/8705623eb284e7df/IQTfbzFBbZznTaLnx0uHxyuiAc3GUJk8E_LiqTeZVl8de-o?width=640&height=480
24-12-2025,387.6915588,390.456692,386.7857258,388.9787845,5777430,7,ITC,ITC.NS,Stock,FMCG,https://1drv.ms/i/c/8705623eb284e7df/IQTfbzFBbZznTaLnx0uHxyuiAc3GUJk8E_LiqTeZVl8de-o?width=640&height=480
26-12-2025,385.3554993,388.215988,385.069462,387.5962212,3152453,7,ITC,ITC.NS,Stock,FMCG,https://1drv.ms/i/c/8705623eb284e7df/IQTfbzFBbZznTaLnx0uHxyuiAc3GUJk8E_LiqTeZVl8de-o?width=640&height=480
29-12-2025,383.8775635,385.9752376,382.7810487,385.3078077,6647710,7,ITC,ITC.NS,Stock,FMCG,https://1drv.ms/i/c/8705623eb284e7df/IQTfbzFBbZznTaLnx0uHxyuiAc3GUJk8E_LiqTeZVl8de-o?width=640&height=480
30-12-2025,381.9705811,384.688051,381.6845147,384.2589661,12340527,7,ITC,ITC.NS,Stock,FMCG,https://1drv.ms/i/c/8705623eb284e7df/IQTfbzFBbZznTaLnx0uHxyuiAc3GUJk8E_LiqTeZVl8de-o?width=640&height=480
31-12-2025,384.2589722,384.9740943,382.2089611,382.4473352,9945109,7,ITC,ITC.NS,Stock,FMCG,https://1drv.ms/i/c/8705623eb284e7df/IQTfbzFBbZznTaLnx0uHxyuiAc3GUJk8E_LiqTeZVl8de-o?width=640&height=480
