Date,Close,High,Low,Open,Volume,AssetID,AssetName,Ticker,AssetType,Sector,Logo
01-01-2021,397.1507874,399.9192202,396.4835918,397.7184232,5530495,11,Kotak Mahindra Bank,KOTAKBANK.NS,Stock,Banking,https://1drv.ms/i/c/8705623eb284e7df/IQR5SkMOJIW9R43lx11E2_9cATs8cy5dVQt7AFSXWivasss?width=650&height=366
04-01-2021,391.4744568,399.5208571,389.37325,399.1324651,15707145,11,Kotak Mahindra Bank,KOTAKBANK.NS,Stock,Banking,https://1drv.ms/i/c/8705623eb284e7df/IQR5SkMOJIW9R43lx11E2_9cATs8cy5dVQt7AFSXWivasss?width=650&height=366
05-01-2021,390.3193359,391.2454595,385.3899179,390.2695257,16316150,11,Kotak Mahindra Bank,KOTAKBANK.NS,Stock,Banking,https://1drv.ms/i/c/8705623eb284e7df/IQR5SkMOJIW9R43lx11E2_9cATs8cy5dVQt7AFSXWivasss?width=650&height=366
06-01-2021,392.4404602,394.1533056,388.058772,393.1375601,17262575,11,Kotak Mahindra Bank,KOTAKBANK.NS,Stock,Banking,https://1drv.ms/i/c/8705623eb284e7df/IQR5SkMOJIW9R43lx11E2_9cATs8cy5dVQt7AFSXWivasss?width=650&height=366
07-01-2021,388.8554993,395.1491831,387.8795654,395.1491831,17096585,11,Kotak Mahindra Bank,KOTAKBANK.NS,Stock,Banking,https://1drv.ms/i/c/8705623eb284e7df/IQR5SkMOJIW9R43lx11E2_9cATs8cy5dVQt7AFSXWivasss?width=650&height=366
08-01-2021,392.5002747,393.5558623,387.6306039,392.7591723,16314485,11,Kotak Mahindra Bank,KOTAKBANK.NS,Stock,Banking,https://1drv.ms/i/c/8705623eb284e7df/IQR5SkMOJIW9R43lx11E2_9cATs8cy5dVQt7AFSXWivasss?width=650&height=366
11-01-2021,386.017334,391.7434121,385.4696039,390.3691485,14977605,11,Kotak Mahindra Bank,KOTAKBANK.NS,Stock,Banking,https://1drv.ms/i/c/8705623eb284e7df/IQR5SkMOJIW9R43lx11E2_9cATs8cy5dVQt7AFSXWivasss?width=650&height=366
12-01-2021,379.1061707,384.4139822,377.5925054,384.3542343,30177900,11,Kotak Mahindra Bank,KOTAKBANK.NS,Stock,Banking,https://1drv.ms/i/c/8705623eb284e7df/IQR5SkMOJIW9R43lx11E2_9cATs8cy5dVQt7AFSXWivasss?width=650&height=366
13-01-2021,374.8539429,380.6098943,373.8381671,380.6098943,27915650,11,Kotak Mahindra Bank,KOTAKBANK.NS,Stock,Banking,https://1drv.ms/i/c/8705623eb284e7df/IQR5SkMOJIW9R43lx11E2_9cATs8cy5dVQt7AFSXWivasss?width=650&height=366
14-01-2021,376.9552002,379.4149255,372.6531654,376.8257362,24018190,11,Kotak Mahindra Bank,KOTAKBANK.NS,Stock,Banking,https://1drv.ms/i/c/8705623eb284e7df/IQR5SkMOJIW9R43lx11E2_9cATs8cy5dVQt7AFSXWivasss?width=650&height=366
15-01-2021,371.229126,379.2157495,369.2673205,377.2639122,13575820,11,Kotak Mahindra Bank,KOTAKBANK.NS,Stock,Banking,https://1drv.ms/i/c/8705623eb284e7df/IQR5SkMOJIW9R43lx11E2_9cATs8cy5dVQt7AFSXWivasss?width=650&height=366
18-01-2021,367.8532104,372.8921565,366.2399247,372.5436065,25023140,11,Kotak Mahindra Bank,KOTAKBANK.NS,Stock,Banking,https://1drv.ms/i/c/8705623eb284e7df/IQR5SkMOJIW9R43lx11E2_9cATs8cy5dVQt7AFSXWivasss?width=650&height=366
19-01-2021,375.8298645,376.8257041,367.5145976,369.675583,24027570,11,Kotak Mahindra Bank,KOTAKBANK.NS,Stock,Banking,https://1drv.ms/i/c/8705623eb284e7df/IQR5SkMOJIW9R43lx11E2_9cATs8cy5dVQt7AFSXWivasss?width=650&height=366
20-01-2021,375.1526794,376.4273529,372.3344669,376.4273529,15207240,11,Kotak Mahindra Bank,KOTAKBANK.NS,Stock,Banking,https://1drv.ms/i/c/8705623eb284e7df/IQR5SkMOJIW9R43lx11E2_9cATs8cy5dVQt7AFSXWivasss?width=650&height=366
21-01-2021,370.0141907,379.3950139,367.6142134,378.41908,28344310,11,Kotak Mahindra Bank,KOTAKBANK.NS,Stock,Banking,https://1drv.ms/i/c/8705623eb284e7df/IQR5SkMOJIW9R43lx11E2_9cATs8cy5dVQt7AFSXWivasss?width=650&height=366
22-01-2021,364.07901,373.4398974,363.38191,368.4606987,21490875,11,Kotak Mahindra Bank,KOTAKBANK.NS,Stock,Banking,https://1drv.ms/i/c/8705623eb284e7df/IQR5SkMOJIW9R43lx11E2_9cATs8cy5dVQt7AFSXWivasss?width=650&height=366
25-01-2021,357.3869019,371.9261653,353.5230395,367.4647932,33050690,11,Kotak Mahindra Bank,KOTAKBANK.NS,Stock,Banking,https://1drv.ms/i/c/8705623eb284e7df/IQR5SkMOJIW9R43lx11E2_9cATs8cy5dVQt7AFSXWivasss?width=650&height=366
27-01-2021,351.4716492,363.1727651,347.8169043,358.1039449,39461595,11,Kotak Mahindra Bank,KOTAKBANK.NS,Stock,Banking,https://1drv.ms/i/c/8705623eb284e7df/IQR5SkMOJIW9R43lx11E2_9cATs8cy5dVQt7AFSXWivasss?width=650&height=366
28-01-2021,343.1364441,351.4218365,338.7846301,344.7596674,30179620,11,Kotak Mahindra Bank,KOTAKBANK.NS,Stock,Banking,https://1drv.ms/i/c/8705623eb284e7df/IQR5SkMOJIW9R43lx11E2_9cATs8cy5dVQt7AFSXWivasss?width=650&height=366
29-01-2021,341.1647034,348.5140049,339.3821419,348.5140049,25703435,11,Kotak Mahindra Bank,KOTAKBANK.NS,Stock,Banking,https://1drv.ms/i/c/8705623eb284e7df/IQR5SkMOJIW9R43lx11E2_9cATs8cy5dVQt7AFSXWivasss?width=650&height=366
01-02-2021,358.8010254,360.4541229,337.7987701,344.5605301,24146050,11,Kotak Mahindra Bank,KOTAKBANK.NS,Stock,Banking,https://1drv.ms/i/c/8705623eb284e7df/IQR5SkMOJIW9R43lx11E2_9cATs8cy5dVQt7AFSXWivasss?width=650&height=366
02-02-2021,370.7112732,374.2564599,358.5122376,364.4773073,29356685,11,Kotak Mahindra Bank,KOTAKBANK.NS,Stock,Banking,https://1drv.ms/i/c/8705623eb284e7df/IQR5SkMOJIW9R43lx11E2_9cATs8cy5dVQt7AFSXWivasss?width=650&height=366
03-02-2021,368.8988342,375.063084,362.4856246,372.4440209,21446975,11,Kotak Mahindra Bank,KOTAKBANK.NS,Stock,Banking,https://1drv.ms/i/c/8705623eb284e7df/IQR5SkMOJIW9R43lx11E2_9cATs8cy5dVQt7AFSXWivasss?width=650&height=366
04-02-2021,380.490387,381.4065728,364.6764794,366.2697985,48208370,11,Kotak Mahindra Bank,KOTAKBANK.NS,Stock,Banking,https://1drv.ms/i/c/8705623eb284e7df/IQR5SkMOJIW9R43lx11E2_9cATs8cy5dVQt7AFSXWivasss?width=650&height=366
05-02-2021,394.8902588,398.0371157,381.0381258,381.4065816,81341680,11,Kotak Mahindra Bank,KOTAKBANK.NS,Stock,Banking,https://1drv.ms/i/c/8705623eb284e7df/IQR5SkMOJIW9R43lx11E2_9cATs8cy5dVQt7AFSXWivasss?width=650&height=366
08-02-2021,389.8014832,404.3108733,388.6761796,398.3358357,20107375,11,Kotak Mahindra Bank,KOTAKBANK.NS,Stock,Banking,https://1drv.ms/i/c/8705623eb284e7df/IQR5SkMOJIW9R43lx11E2_9cATs8cy5dVQt7AFSXWivasss?width=650&height=366
09-02-2021,388.2081299,393.3566339,385.9575531,390.3691151,11154615,11,Kotak Mahindra Bank,KOTAKBANK.NS,Stock,Banking,https://1drv.ms/i/c/8705623eb284e7df/IQR5SkMOJIW9R43lx11E2_9cATs8cy5dVQt7AFSXWivasss?width=650&height=366
10-02-2021,388.7857666,390.9467217,385.7882795,388.3774687,14304705,11,Kotak Mahindra Bank,KOTAKBANK.NS,Stock,Banking,https://1drv.ms/i/c/8705623eb284e7df/IQR5SkMOJIW9R43lx11E2_9cATs8cy5dVQt7AFSXWivasss?width=650&height=366
11-02-2021,390.5683289,395.2985673,386.63475,388.2181314,11233885,11,Kotak Mahindra Bank,KOTAKBANK.NS,Stock,Banking,https://1drv.ms/i/c/8705623eb284e7df/IQR5SkMOJIW9R43lx11E2_9cATs8cy5dVQt7AFSXWivasss?width=650&height=366
12-02-2021,388.5865479,393.3566279,387.5807706,390.3691092,8453765,11,Kotak Mahindra Bank,KOTAKBANK.NS,Stock,Banking,https://1drv.ms/i/c/8705623eb284e7df/IQR5SkMOJIW9R43lx11E2_9cATs8cy5dVQt7AFSXWivasss?width=650&height=366
15-02-2021,395.5375671,398.1366941,389.7716468,390.3691567,14652175,11,Kotak Mahindra Bank,KOTAKBANK.NS,Stock,Banking,https://1drv.ms/i/c/8705623eb284e7df/IQR5SkMOJIW9R43lx11E2_9cATs8cy5dVQt7AFSXWivasss?width=650&height=366
16-02-2021,402.2494812,408.0950548,397.9375091,398.3358389,27400915,11,Kotak Mahindra Bank,KOTAKBANK.NS,Stock,Banking,https://1drv.ms/i/c/8705623eb284e7df/IQR5SkMOJIW9R43lx11E2_9cATs8cy5dVQt7AFSXWivasss?width=650&height=366
17-02-2021,396.2346497,403.0163152,392.1915128,401.3432815,21976120,11,Kotak Mahindra Bank,KOTAKBANK.NS,Stock,Banking,https://1drv.ms/i/c/8705623eb284e7df/IQR5SkMOJIW9R43lx11E2_9cATs8cy5dVQt7AFSXWivasss?width=650&height=366
18-02-2021,387.4711914,395.3184116,386.0073061,394.18314,17691040,11,Kotak Mahindra Bank,KOTAKBANK.NS,Stock,Banking,https://1drv.ms/i/c/8705623eb284e7df/IQR5SkMOJIW9R43lx11E2_9cATs8cy5dVQt7AFSXWivasss?width=650&height=366
19-02-2021,386.1368103,392.3309339,383.4181572,386.8339102,13678415,11,Kotak Mahindra Bank,KOTAKBANK.NS,Stock,Banking,https://1drv.ms/i/c/8705623eb284e7df/IQR5SkMOJIW9R43lx11E2_9cATs8cy5dVQt7AFSXWivasss?width=650&height=366
22-02-2021,388.297821,390.7774521,382.7211128,386.1368356,19266380,11,Kotak Mahindra Bank,KOTAKBANK.NS,Stock,Banking,https://1drv.ms/i/c/8705623eb284e7df/IQR5SkMOJIW9R43lx11E2_9cATs8cy5dVQt7AFSXWivasss?width=650&height=366
23-02-2021,373.0315552,391.364966,371.6473539,391.364966,27862010,11,Kotak Mahindra Bank,KOTAKBANK.NS,Stock,Banking,https://1drv.ms/i/c/8705623eb284e7df/IQR5SkMOJIW9R43lx11E2_9cATs8cy5dVQt7AFSXWivasss?width=650&height=366
24-02-2021,380.6497498,383.1990969,368.8689797,376.2481554,19107080,11,Kotak Mahindra Bank,KOTAKBANK.NS,Stock,Banking,https://1drv.ms/i/c/8705623eb284e7df/IQR5SkMOJIW9R43lx11E2_9cATs8cy5dVQt7AFSXWivasss?width=650&height=366
25-02-2021,377.5228271,391.4048347,375.9394457,383.7966049,28112580,11,Kotak Mahindra Bank,KOTAKBANK.NS,Stock,Banking,https://1drv.ms/i/c/8705623eb284e7df/IQR5SkMOJIW9R43lx11E2_9cATs8cy5dVQt7AFSXWivasss?width=650&height=366
26-02-2021,354.588623,372.2448402,353.1247376,372.2448402,42000480,11,Kotak Mahindra Bank,KOTAKBANK.NS,Stock,Banking,https://1drv.ms/i/c/8705623eb284e7df/IQR5SkMOJIW9R43lx11E2_9cATs8cy5dVQt7AFSXWivasss?width=650&height=366
01-03-2021,367.5444641,369.4365837,358.7810878,360.6931132,16300220,11,Kotak Mahindra Bank,KOTAKBANK.NS,Stock,Banking,https://1drv.ms/i/c/8705623eb284e7df/IQR5SkMOJIW9R43lx11E2_9cATs8cy5dVQt7AFSXWivasss?width=650&height=366
02-03-2021,367.3951111,372.1253494,362.5055348,367.4648272,19185745,11,Kotak Mahindra Bank,KOTAKBANK.NS,Stock,Banking,https://1drv.ms/i/c/8705623eb284e7df/IQR5SkMOJIW9R43lx11E2_9cATs8cy5dVQt7AFSXWivasss?width=650&height=366
03-03-2021,378.3194885,380.161798,368.6996736,369.4565214,14378090,11,Kotak Mahindra Bank,KOTAKBANK.NS,Stock,Banking,https://1drv.ms/i/c/8705623eb284e7df/IQR5SkMOJIW9R43lx11E2_9cATs8cy5dVQt7AFSXWivasss?width=650&height=366
04-03-2021,377.960968,380.4903787,368.4606498,371.2290826,20112570,11,Kotak Mahindra Bank,KOTAKBANK.NS,Stock,Banking,https://1drv.ms/i/c/8705623eb284e7df/IQR5SkMOJIW9R43lx11E2_9cATs8cy5dVQt7AFSXWivasss?width=650&height=366
05-03-2021,382.9003601,384.0555378,372.0457136,373.5394731,27039930,11,Kotak Mahindra Bank,KOTAKBANK.NS,Stock,Banking,https://1drv.ms/i/c/8705623eb284e7df/IQR5SkMOJIW9R43lx11E2_9cATs8cy5dVQt7AFSXWivasss?width=650&height=366
08-03-2021,381.5758667,387.949234,377.0846205,382.4024002,23490050,11,Kotak Mahindra Bank,KOTAKBANK.NS,Stock,Banking,https://1drv.ms/i/c/8705623eb284e7df/IQR5SkMOJIW9R43lx11E2_9cATs8cy5dVQt7AFSXWivasss?width=650&height=366
09-03-2021,394.1433411,396.543318,381.9642125,381.9642125,39591725,11,Kotak Mahindra Bank,KOTAKBANK.NS,Stock,Banking,https://1drv.ms/i/c/8705623eb284e7df/IQR5SkMOJIW9R43lx11E2_9cATs8cy5dVQt7AFSXWivasss?width=650&height=366
10-03-2021,391.1558838,398.2064155,389.8114941,394.9998104,13807350,11,Kotak Mahindra Bank,KOTAKBANK.NS,Stock,Banking,https://1drv.ms/i/c/8705623eb284e7df/IQR5SkMOJIW9R43lx11E2_9cATs8cy5dVQt7AFSXWivasss?width=650&height=366
12-03-2021,385.4198303,394.3525135,380.8090877,394.1533334,13101325,11,Kotak Mahindra Bank,KOTAKBANK.NS,Stock,Banking,https://1drv.ms/i/c/8705623eb284e7df/IQR5SkMOJIW9R43lx11E2_9cATs8cy5dVQt7AFSXWivasss?width=650&height=366
15-03-2021,382.1335144,387.1823977,377.0447586,387.1823977,13217765,11,Kotak Mahindra Bank,KOTAKBANK.NS,Stock,Banking,https://1drv.ms/i/c/8705623eb284e7df/IQR5SkMOJIW9R43lx11E2_9cATs8cy5dVQt7AFSXWivasss?width=650&height=366
16-03-2021,379.0563965,386.7243431,378.4190446,383.4181484,13846120,11,Kotak Mahindra Bank,KOTAKBANK.NS,Stock,Banking,https://1drv.ms/i/c/8705623eb284e7df/IQR5SkMOJIW9R43lx11E2_9cATs8cy5dVQt7AFSXWivasss?width=650&height=366
17-03-2021,372.1154175,381.94435,370.651532,379.0564211,13474970,11,Kotak Mahindra Bank,KOTAKBANK.NS,Stock,Banking,https://1drv.ms/i/c/8705623eb284e7df/IQR5SkMOJIW9R43lx11E2_9cATs8cy5dVQt7AFSXWivasss?width=650&height=366
18-03-2021,364.5569458,377.0049407,363.5013583,374.634868,10987875,11,Kotak Mahindra Bank,KOTAKBANK.NS,Stock,Banking,https://1drv.ms/i/c/8705623eb284e7df/IQR5SkMOJIW9R43lx11E2_9cATs8cy5dVQt7AFSXWivasss?width=650&height=366
19-03-2021,365.3038635,372.8423773,361.3005989,362.1769427,24015080,11,Kotak Mahindra Bank,KOTAKBANK.NS,Stock,Banking,https://1drv.ms/i/c/8705623eb284e7df/IQR5SkMOJIW9R43lx11E2_9cATs8cy5dVQt7AFSXWivasss?width=650&height=366
22-03-2021,363.0134277,368.4507037,359.498115,365.0748231,12170485,11,Kotak Mahindra Bank,KOTAKBANK.NS,Stock,Banking,https://1drv.ms/i/c/8705623eb284e7df/IQR5SkMOJIW9R43lx11E2_9cATs8cy5dVQt7AFSXWivasss?width=650&height=366
23-03-2021,361.0217285,367.2656319,358.2732015,367.2656319,21254280,11,Kotak Mahindra Bank,KOTAKBANK.NS,Stock,Banking,https://1drv.ms/i/c/8705623eb284e7df/IQR5SkMOJIW9R43lx11E2_9cATs8cy5dVQt7AFSXWivasss?width=650&height=366
24-03-2021,355.0068665,359.498113,353.1944614,358.5022733,15230805,11,Kotak Mahindra Bank,KOTAKBANK.NS,Stock,Banking,https://1drv.ms/i/c/8705623eb284e7df/IQR5SkMOJIW9R43lx11E2_9cATs8cy5dVQt7AFSXWivasss?width=650&height=366
25-03-2021,351.1131287,358.2632804,347.5480361,357.0881665,20565065,11,Kotak Mahindra Bank,KOTAKBANK.NS,Stock,Banking,https://1drv.ms/i/c/8705623eb284e7df/IQR5SkMOJIW9R43lx11E2_9cATs8cy5dVQt7AFSXWivasss?width=650&height=366
26-03-2021,352.7363586,356.9886135,351.0832612,355.5147598,16553785,11,Kotak Mahindra Bank,KOTAKBANK.NS,Stock,Banking,https://1drv.ms/i/c/8705623eb284e7df/IQR5SkMOJIW9R43lx11E2_9cATs8cy5dVQt7AFSXWivasss?width=650&height=366
30-03-2021,354.7678833,358.8906741,353.5230837,354.9371894,27877620,11,Kotak Mahindra Bank,KOTAKBANK.NS,Stock,Banking,https://1drv.ms/i/c/8705623eb284e7df/IQR5SkMOJIW9R43lx11E2_9cATs8cy5dVQt7AFSXWivasss?width=650&height=366
31-03-2021,349.1414185,354.3197669,347.0700548,354.2799552,18991915,11,Kotak Mahindra Bank,KOTAKBANK.NS,Stock,Banking,https://1drv.ms/i/c/8705623eb284e7df/IQR5SkMOJIW9R43lx11E2_9cATs8cy5dVQt7AFSXWivasss?width=650&height=366
01-04-2021,359.4085083,361.1412596,348.6733576,352.5272524,19013260,11,Kotak Mahindra Bank,KOTAKBANK.NS,Stock,Banking,https://1drv.ms/i/c/8705623eb284e7df/IQR5SkMOJIW9R43lx11E2_9cATs8cy5dVQt7AFSXWivasss?width=650&height=366
05-04-2021,350.3762207,358.4226221,345.4368645,355.7338429,12241205,11,Kotak Mahindra Bank,KOTAKBANK.NS,Stock,Banking,https://1drv.ms/i/c/8705623eb284e7df/IQR5SkMOJIW9R43lx11E2_9cATs8cy5dVQt7AFSXWivasss?width=650&height=366
06-04-2021,352.1886292,354.8076921,344.3015663,353.7222306,14365225,11,Kotak Mahindra Bank,KOTAKBANK.NS,Stock,Banking,https://1drv.ms/i/c/8705623eb284e7df/IQR5SkMOJIW9R43lx11E2_9cATs8cy5dVQt7AFSXWivasss?width=650&height=366
07-04-2021,356.908905,360.6333658,347.6675148,351.7404951,15790710,11,Kotak Mahindra Bank,KOTAKBANK.NS,Stock,Banking,https://1drv.ms/i/c/8705623eb284e7df/IQR5SkMOJIW9R43lx11E2_9cATs8cy5dVQt7AFSXWivasss?width=650&height=366
08-04-2021,355.1661682,363.2225065,354.2599506,357.7055773,14451450,11,Kotak Mahindra Bank,KOTAKBANK.NS,Stock,Banking,https://1drv.ms/i/c/8705623eb284e7df/IQR5SkMOJIW9R43lx11E2_9cATs8cy5dVQt7AFSXWivasss?width=650&height=366
09-04-2021,358.3529053,359.7869168,347.3687951,352.5272372,15696920,11,Kotak Mahindra Bank,KOTAKBANK.NS,Stock,Banking,https://1drv.ms/i/c/8705623eb284e7df/IQR5SkMOJIW9R43lx11E2_9cATs8cy5dVQt7AFSXWivasss?width=650&height=366
12-04-2021,347.0501404,352.128929,343.2261195,349.9878797,16641680,11,Kotak Mahindra Bank,KOTAKBANK.NS,Stock,Banking,https://1drv.ms/i/c/8705623eb284e7df/IQR5SkMOJIW9R43lx11E2_9cATs8cy5dVQt7AFSXWivasss?width=650&height=366
13-04-2021,353.6923523,355.7238431,343.2559427,347.7073468,15593710,11,Kotak Mahindra Bank,KOTAKBANK.NS,Stock,Banking,https://1drv.ms/i/c/8705623eb284e7df/IQR5SkMOJIW9R43lx11E2_9cATs8cy5dVQt7AFSXWivasss?width=650&height=366
15-04-2021,353.17453,360.3943676,349.0617074,358.5022783,17734430,11,Kotak Mahindra Bank,KOTAKBANK.NS,Stock,Banking,https://1drv.ms/i/c/8705623eb284e7df/IQR5SkMOJIW9R43lx11E2_9cATs8cy5dVQt7AFSXWivasss?width=650&height=366
16-04-2021,351.3521118,356.1420975,350.5454842,353.3238546,14561395,11,Kotak Mahindra Bank,KOTAKBANK.NS,Stock,Banking,https://1drv.ms/i/c/8705623eb284e7df/IQR5SkMOJIW9R43lx11E2_9cATs8cy5dVQt7AFSXWivasss?width=650&height=366
19-04-2021,338.7348328,342.5688213,333.6062649,342.5688213,19327115,11,Kotak Mahindra Bank,KOTAKBANK.NS,Stock,Banking,https://1drv.ms/i/c/8705623eb284e7df/IQR5SkMOJIW9R43lx11E2_9cATs8cy5dVQt7AFSXWivasss?width=650&height=366
20-04-2021,338.1273804,345.2775013,335.4684753,343.564656,16585040,11,Kotak Mahindra Bank,KOTAKBANK.NS,Stock,Banking,https://1drv.ms/i/c/8705623eb284e7df/IQR5SkMOJIW9R43lx11E2_9cATs8cy5dVQt7AFSXWivasss?width=650&height=366
22-04-2021,345.7654724,346.5024144,332.4511013,336.544018,17952220,11,Kotak Mahindra Bank,KOTAKBANK.NS,Stock,Banking,https://1drv.ms/i/c/8705623eb284e7df/IQR5SkMOJIW9R43lx11E2_9cATs8cy5dVQt7AFSXWivasss?width=650&height=366
23-04-2021,345.3970337,349.8085962,342.6186325,345.3372857,9467250,11,Kotak Mahindra Bank,KOTAKBANK.NS,Stock,Banking,https://1drv.ms/i/c/8705623eb284e7df/IQR5SkMOJIW9R43lx11E2_9cATs8cy5dVQt7AFSXWivasss?width=650&height=366
26-04-2021,350.4657898,355.1163737,345.2177265,346.5521478,16265310,11,Kotak Mahindra Bank,KOTAKBANK.NS,Stock,Banking,https://1drv.ms/i/c/8705623eb284e7df/IQR5SkMOJIW9R43lx11E2_9cATs8cy5dVQt7AFSXWivasss?width=650&height=366
27-04-2021,348.6036072,351.0533641,343.4750393,348.5438592,22666800,11,Kotak Mahindra Bank,KOTAKBANK.NS,Stock,Banking,https://1drv.ms/i/c/8705623eb284e7df/IQR5SkMOJIW9R43lx11E2_9cATs8cy5dVQt7AFSXWivasss?width=650&height=366
28-04-2021,360.7827759,363.2823129,349.340557,351.0334966,20872995,11,Kotak Mahindra Bank,KOTAKBANK.NS,Stock,Banking,https://1drv.ms/i/c/8705623eb284e7df/IQR5SkMOJIW9R43lx11E2_9cATs8cy5dVQt7AFSXWivasss?width=650&height=366
29-04-2021,359.4980774,367.5544157,354.6284074,363.5013414,19800475,11,Kotak Mahindra Bank,KOTAKBANK.NS,Stock,Banking,https://1drv.ms/i/c/8705623eb284e7df/IQR5SkMOJIW9R43lx11E2_9cATs8cy5dVQt7AFSXWivasss?width=650&height=366
30-04-2021,348.3048706,358.9005882,346.4426554,354.5189,13108915,11,Kotak Mahindra Bank,KOTAKBANK.NS,Stock,Banking,https://1drv.ms/i/c/8705623eb284e7df/IQR5SkMOJIW9R43lx11E2_9cATs8cy5dVQt7AFSXWivasss?width=650&height=366
03-05-2021,343.6542969,350.3363723,335.5979579,345.5563542,27969345,11,Kotak Mahindra Bank,KOTAKBANK.NS,Stock,Banking,https://1drv.ms/i/c/8705623eb284e7df/IQR5SkMOJIW9R43lx11E2_9cATs8cy5dVQt7AFSXWivasss?width=650&height=366
04-05-2021,345.0883484,351.3322527,343.6244627,348.7430937,21275755,11,Kotak Mahindra Bank,KOTAKBANK.NS,Stock,Banking,https://1drv.ms/i/c/8705623eb284e7df/IQR5SkMOJIW9R43lx11E2_9cATs8cy5dVQt7AFSXWivasss?width=650&height=366
05-05-2021,352.6766357,354.1206155,342.9472925,346.7514076,12058215,11,Kotak Mahindra Bank,KOTAKBANK.NS,Stock,Banking,https://1drv.ms/i/c/8705623eb284e7df/IQR5SkMOJIW9R43lx11E2_9cATs8cy5dVQt7AFSXWivasss?width=650&height=366
06-05-2021,356.1620483,357.2475099,351.1729123,354.8575008,11901275,11,Kotak Mahindra Bank,KOTAKBANK.NS,Stock,Banking,https://1drv.ms/i/c/8705623eb284e7df/IQR5SkMOJIW9R43lx11E2_9cATs8cy5dVQt7AFSXWivasss?width=650&height=366
07-05-2021,354.588623,361.0914546,353.2243276,357.7056059,8053650,11,Kotak Mahindra Bank,KOTAKBANK.NS,Stock,Banking,https://1drv.ms/i/c/8705623eb284e7df/IQR5SkMOJIW9R43lx11E2_9cATs8cy5dVQt7AFSXWivasss?width=650&height=366
10-05-2021,360.3644409,361.1411945,356.6300427,360.2947249,6662450,11,Kotak Mahindra Bank,KOTAKBANK.NS,Stock,Banking,https://1drv.ms/i/c/8705623eb284e7df/IQR5SkMOJIW9R43lx11E2_9cATs8cy5dVQt7AFSXWivasss?width=650&height=366
11-05-2021,349.6293335,357.3869328,349.1911616,353.8417461,14779880,11,Kotak Mahindra Bank,KOTAKBANK.NS,Stock,Banking,https://1drv.ms/i/c/8705623eb284e7df/IQR5SkMOJIW9R43lx11E2_9cATs8cy5dVQt7AFSXWivasss?width=650&height=366
12-05-2021,342.3397827,349.3405342,341.6825249,349.3405342,15909150,11,Kotak Mahindra Bank,KOTAKBANK.NS,Stock,Banking,https://1drv.ms/i/c/8705623eb284e7df/IQR5SkMOJIW9R43lx11E2_9cATs8cy5dVQt7AFSXWivasss?width=650&height=366
14-05-2021,339.9099121,344.3414104,338.8045448,344.3414104,14689460,11,Kotak Mahindra Bank,KOTAKBANK.NS,Stock,Banking,https://1drv.ms/i/c/8705623eb284e7df/IQR5SkMOJIW9R43lx11E2_9cATs8cy5dVQt7AFSXWivasss?width=650&height=366
17-05-2021,347.3786926,349.5396778,340.577122,341.9712912,21057205,11,Kotak Mahindra Bank,KOTAKBANK.NS,Stock,Banking,https://1drv.ms/i/c/8705623eb284e7df/IQR5SkMOJIW9R43lx11E2_9cATs8cy5dVQt7AFSXWivasss?width=650&height=366
18-05-2021,349.5596313,352.7164565,348.5637917,352.1289147,23292070,11,Kotak Mahindra Bank,KOTAKBANK.NS,Stock,Banking,https://1drv.ms/i/c/8705623eb284e7df/IQR5SkMOJIW9R43lx11E2_9cATs8cy5dVQt7AFSXWivasss?width=650&height=366
19-05-2021,344.6700439,348.6135908,344.0526282,348.1355768,11860210,11,Kotak Mahindra Bank,KOTAKBANK.NS,Stock,Banking,https://1drv.ms/i/c/8705623eb284e7df/IQR5SkMOJIW9R43lx11E2_9cATs8cy5dVQt7AFSXWivasss?width=650&height=366
20-05-2021,340.218689,345.954705,339.6012428,344.9588653,12990190,11,Kotak Mahindra Bank,KOTAKBANK.NS,Stock,Banking,https://1drv.ms/i/c/8705623eb284e7df/IQR5SkMOJIW9R43lx11E2_9cATs8cy5dVQt7AFSXWivasss?width=650&height=366
21-05-2021,350.0675049,351.4218626,341.6725841,341.6725841,21465560,11,Kotak Mahindra Bank,KOTAKBANK.NS,Stock,Banking,https://1drv.ms/i/c/8705623eb284e7df/IQR5SkMOJIW9R43lx11E2_9cATs8cy5dVQt7AFSXWivasss?width=650&height=366
24-05-2021,349.9380493,354.2998319,346.9505303,351.2625331,18069535,11,Kotak Mahindra Bank,KOTAKBANK.NS,Stock,Banking,https://1drv.ms/i/c/8705623eb284e7df/IQR5SkMOJIW9R43lx11E2_9cATs8cy5dVQt7AFSXWivasss?width=650&height=366
25-05-2021,348.6434937,353.3040163,346.1538943,352.6069163,11008125,11,Kotak Mahindra Bank,KOTAKBANK.NS,Stock,Banking,https://1drv.ms/i/c/8705623eb284e7df/IQR5SkMOJIW9R43lx11E2_9cATs8cy5dVQt7AFSXWivasss?width=650&height=366
26-05-2021,346.6816406,350.8940226,345.9347609,350.5455031,14225500,11,Kotak Mahindra Bank,KOTAKBANK.NS,Stock,Banking,https://1drv.ms/i/c/8705623eb284e7df/IQR5SkMOJIW9R43lx11E2_9cATs8cy5dVQt7AFSXWivasss?width=650&height=366
27-05-2021,353.9712219,355.2060534,343.7041174,346.5522042,26699940,11,Kotak Mahindra Bank,KOTAKBANK.NS,Stock,Banking,https://1drv.ms/i/c/8705623eb284e7df/IQR5SkMOJIW9R43lx11E2_9cATs8cy5dVQt7AFSXWivasss?width=650&height=366
28-05-2021,358.6516113,361.0914304,354.1703333,355.7139029,16235045,11,Kotak Mahindra Bank,KOTAKBANK.NS,Stock,Banking,https://1drv.ms/i/c/8705623eb284e7df/IQR5SkMOJIW9R43lx11E2_9cATs8cy5dVQt7AFSXWivasss?width=650&height=366
31-05-2021,360.0358887,360.8524541,355.514768,358.303107,11554045,11,Kotak Mahindra Bank,KOTAKBANK.NS,Stock,Banking,https://1drv.ms/i/c/8705623eb284e7df/IQR5SkMOJIW9R43lx11E2_9cATs8cy5dVQt7AFSXWivasss?width=650&height=366
01-06-2021,357.9047852,363.2823135,356.1122858,361.4898142,11449080,11,Kotak Mahindra Bank,KOTAKBANK.NS,Stock,Banking,https://1drv.ms/i/c/8705623eb284e7df/IQR5SkMOJIW9R43lx11E2_9cATs8cy5dVQt7AFSXWivasss?width=650&height=366
02-06-2021,355.1362915,357.1080647,352.5271968,357.1080647,15494245,11,Kotak Mahindra Bank,KOTAKBANK.NS,Stock,Banking,https://1drv.ms/i/c/8705623eb284e7df/IQR5SkMOJIW9R43lx11E2_9cATs8cy5dVQt7AFSXWivasss?width=650&height=366
03-06-2021,361.3304749,364.069034,356.5106143,356.5106143,17220655,11,Kotak Mahindra Bank,KOTAKBANK.NS,Stock,Banking,https://1drv.ms/i/c/8705623eb284e7df/IQR5SkMOJIW9R43lx11E2_9cATs8cy5dVQt7AFSXWivasss?width=650&height=366
04-06-2021,360.7329102,362.6748094,357.9047295,362.4855975,7543530,11,Kotak Mahindra Bank,KOTAKBANK.NS,Stock,Banking,https://1drv.ms/i/c/8705623eb284e7df/IQR5SkMOJIW9R43lx11E2_9cATs8cy5dVQt7AFSXWivasss?width=650&height=366
07-06-2021,361.4698486,363.4814336,359.8964051,363.4814336,5480695,11,Kotak Mahindra Bank,KOTAKBANK.NS,Stock,Banking,https://1drv.ms/i/c/8705623eb284e7df/IQR5SkMOJIW9R43lx11E2_9cATs8cy5dVQt7AFSXWivasss?width=650&height=366
08-06-2021,357.2176208,361.788521,356.0823795,361.4897813,6655155,11,Kotak Mahindra Bank,KOTAKBANK.NS,Stock,Banking,https://1drv.ms/i/c/8705623eb284e7df/IQR5SkMOJIW9R43lx11E2_9cATs8cy5dVQt7AFSXWivasss?width=650&height=366
09-06-2021,355.0964661,360.8922597,353.5230529,356.4906658,10188570,11,Kotak Mahindra Bank,KOTAKBANK.NS,Stock,Banking,https://1drv.ms/i/c/8705623eb284e7df/IQR5SkMOJIW9R43lx11E2_9cATs8cy5dVQt7AFSXWivasss?width=650&height=366
10-06-2021,358.4126282,359.0997599,353.7222322,356.0524932,9272445,11,Kotak Mahindra Bank,KOTAKBANK.NS,Stock,Banking,https://1drv.ms/i/c/8705623eb284e7df/IQR5SkMOJIW9R43lx11E2_9cATs8cy5dVQt7AFSXWivasss?width=650&height=366
11-06-2021,357.3769836,360.4939667,356.1122782,360.2947866,8109640,11,Kotak Mahindra Bank,KOTAKBANK.NS,Stock,Banking,https://1drv.ms/i/c/8705623eb284e7df/IQR5SkMOJIW9R43lx11E2_9cATs8cy5dVQt7AFSXWivasss?width=650&height=366
14-06-2021,352.1388245,356.490669,350.4359473,356.490669,12715010,11,Kotak Mahindra Bank,KOTAKBANK.NS,Stock,Banking,https://1drv.ms/i/c/8705623eb284e7df/IQR5SkMOJIW9R43lx11E2_9cATs8cy5dVQt7AFSXWivasss?width=650&height=366
15-06-2021,352.7064819,355.3454509,351.7305785,353.6824157,8679120,11,Kotak Mahindra Bank,KOTAKBANK.NS,Stock,Banking,https://1drv.ms/i/c/8705623eb284e7df/IQR5SkMOJIW9R43lx11E2_9cATs8cy5dVQt7AFSXWivasss?width=650&height=366
16-06-2021,350.6550598,354.7081346,349.1413945,352.6965494,14227715,11,Kotak Mahindra Bank,KOTAKBANK.NS,Stock,Banking,https://1drv.ms/i/c/8705623eb284e7df/IQR5SkMOJIW9R43lx11E2_9cATs8cy5dVQt7AFSXWivasss?width=650&height=366
17-06-2021,351.7404785,352.8856879,345.7555035,347.9961425,12891210,11,Kotak Mahindra Bank,KOTAKBANK.NS,Stock,Banking,https://1drv.ms/i/c/8705623eb284e7df/IQR5SkMOJIW9R43lx11E2_9cATs8cy5dVQt7AFSXWivasss?width=650&height=366
18-06-2021,350.6251526,353.8516631,345.2077829,353.5130813,13393945,11,Kotak Mahindra Bank,KOTAKBANK.NS,Stock,Banking,https://1drv.ms/i/c/8705623eb284e7df/IQR5SkMOJIW9R43lx11E2_9cATs8cy5dVQt7AFSXWivasss?width=650&height=366
21-06-2021,352.9355469,353.9612605,344.8194595,346.5522108,6396605,11,Kotak Mahindra Bank,KOTAKBANK.NS,Stock,Banking,https://1drv.ms/i/c/8705623eb284e7df/IQR5SkMOJIW9R43lx11E2_9cATs8cy5dVQt7AFSXWivasss?width=650&height=366
22-06-2021,349.9579773,355.5147491,349.3405312,354.5189094,7858715,11,Kotak Mahindra Bank,KOTAKBANK.NS,Stock,Banking,https://1drv.ms/i/c/8705623eb284e7df/IQR5SkMOJIW9R43lx11E2_9cATs8cy5dVQt7AFSXWivasss?width=650&height=366
23-06-2021,345.8949585,351.3322348,344.0128373,351.3322348,38011745,11,Kotak Mahindra Bank,KOTAKBANK.NS,Stock,Banking,https://1drv.ms/i/c/8705623eb284e7df/IQR5SkMOJIW9R43lx11E2_9cATs8cy5dVQt7AFSXWivasss?width=650&height=366
24-06-2021,346.1339417,347.1297813,344.0028605,345.556368,17976965,11,Kotak Mahindra Bank,KOTAKBANK.NS,Stock,Banking,https://1drv.ms/i/c/8705623eb284e7df/IQR5SkMOJIW9R43lx11E2_9cATs8cy5dVQt7AFSXWivasss?width=650&height=366
25-06-2021,345.5563354,349.3405137,342.7480605,345.5563354,47888225,11,Kotak Mahindra Bank,KOTAKBANK.NS,Stock,Banking,https://1drv.ms/i/c/8705623eb284e7df/IQR5SkMOJIW9R43lx11E2_9cATs8cy5dVQt7AFSXWivasss?width=650&height=366
28-06-2021,345.1679382,348.1455192,343.0069834,345.5563303,17502535,11,Kotak Mahindra Bank,KOTAKBANK.NS,Stock,Banking,https://1drv.ms/i/c/8705623eb284e7df/IQR5SkMOJIW9R43lx11E2_9cATs8cy5dVQt7AFSXWivasss?width=650&height=366
29-06-2021,339.7506409,346.1538828,338.9838249,346.1140407,51973310,11,Kotak Mahindra Bank,KOTAKBANK.NS,Stock,Banking,https://1drv.ms/i/c/8705623eb284e7df/IQR5SkMOJIW9R43lx11E2_9cATs8cy5dVQt7AFSXWivasss?width=650&height=366
30-06-2021,339.7506409,347.2493125,338.2767872,339.7506409,44110495,11,Kotak Mahindra Bank,KOTAKBANK.NS,Stock,Banking,https://1drv.ms/i/c/8705623eb284e7df/IQR5SkMOJIW9R43lx11E2_9cATs8cy5dVQt7AFSXWivasss?width=650&height=366
01-07-2021,341.7920532,343.6044885,339.8103422,340.5572219,14941930,11,Kotak Mahindra Bank,KOTAKBANK.NS,Stock,Banking,https://1drv.ms/i/c/8705623eb284e7df/IQR5SkMOJIW9R43lx11E2_9cATs8cy5dVQt7AFSXWivasss?width=650&height=366
02-07-2021,341.6028442,344.1621592,340.5771307,343.9629791,11212755,11,Kotak Mahindra Bank,KOTAKBANK.NS,Stock,Banking,https://1drv.ms/i/c/8705623eb284e7df/IQR5SkMOJIW9R43lx11E2_9cATs8cy5dVQt7AFSXWivasss?width=650&height=366
05-07-2021,344.7796326,346.512384,342.8676069,343.9630367,9438355,11,Kotak Mahindra Bank,KOTAKBANK.NS,Stock,Banking,https://1drv.ms/i/c/8705623eb284e7df/IQR5SkMOJIW9R43lx11E2_9cATs8cy5dVQt7AFSXWivasss?width=650&height=366
06-07-2021,349.6094055,350.535529,343.9629818,344.3613115,18461110,11,Kotak Mahindra Bank,KOTAKBANK.NS,Stock,Banking,https://1drv.ms/i/c/8705623eb284e7df/IQR5SkMOJIW9R43lx11E2_9cATs8cy5dVQt7AFSXWivasss?width=650&height=366
07-07-2021,350.894043,352.2284948,347.1795805,349.7388957,13630910,11,Kotak Mahindra Bank,KOTAKBANK.NS,Stock,Banking,https://1drv.ms/i/c/8705623eb284e7df/IQR5SkMOJIW9R43lx11E2_9cATs8cy5dVQt7AFSXWivasss?width=650&height=366
08-07-2021,345.0185852,351.133055,343.5646679,350.1372154,11040075,11,Kotak Mahindra Bank,KOTAKBANK.NS,Stock,Banking,https://1drv.ms/i/c/8705623eb284e7df/IQR5SkMOJIW9R43lx11E2_9cATs8cy5dVQt7AFSXWivasss?width=650&height=366
09-07-2021,342.5787964,344.5605075,341.5630205,344.3613274,8490830,11,Kotak Mahindra Bank,KOTAKBANK.NS,Stock,Banking,https://1drv.ms/i/c/8705623eb284e7df/IQR5SkMOJIW9R43lx11E2_9cATs8cy5dVQt7AFSXWivasss?width=650&height=366
12-07-2021,344.9489136,347.1497107,343.5945558,344.9588513,8685325,11,Kotak Mahindra Bank,KOTAKBANK.NS,Stock,Banking,https://1drv.ms/i/c/8705623eb284e7df/IQR5SkMOJIW9R43lx11E2_9cATs8cy5dVQt7AFSXWivasss?width=650&height=366
13-07-2021,347.9762878,349.0418437,343.285891,347.1497542,10333195,11,Kotak Mahindra Bank,KOTAKBANK.NS,Stock,Banking,https://1drv.ms/i/c/8705623eb284e7df/IQR5SkMOJIW9R43lx11E2_9cATs8cy5dVQt7AFSXWivasss?width=650&height=366
14-07-2021,348.175415,350.1272522,345.6758478,346.5521916,10794920,11,Kotak Mahindra Bank,KOTAKBANK.NS,Stock,Banking,https://1drv.ms/i/c/8705623eb284e7df/IQR5SkMOJIW9R43lx11E2_9cATs8cy5dVQt7AFSXWivasss?width=650&height=366
15-07-2021,348.553833,349.9380343,346.5521857,349.9380343,9752780,11,Kotak Mahindra Bank,KOTAKBANK.NS,Stock,Banking,https://1drv.ms/i/c/8705623eb284e7df/IQR5SkMOJIW9R43lx11E2_9cATs8cy5dVQt7AFSXWivasss?width=650&height=366
16-07-2021,348.4442749,350.9338739,346.5521857,349.6392946,9190250,11,Kotak Mahindra Bank,KOTAKBANK.NS,Stock,Banking,https://1drv.ms/i/c/8705623eb284e7df/IQR5SkMOJIW9R43lx11E2_9cATs8cy5dVQt7AFSXWivasss?width=650&height=366
19-07-2021,343.1264954,346.5521861,340.9754781,345.3372605,10731685,11,Kotak Mahindra Bank,KOTAKBANK.NS,Stock,Banking,https://1drv.ms/i/c/8705623eb284e7df/IQR5SkMOJIW9R43lx11E2_9cATs8cy5dVQt7AFSXWivasss?width=650&height=366
20-07-2021,339.1132813,343.325694,337.7888279,343.1265139,10719295,11,Kotak Mahindra Bank,KOTAKBANK.NS,Stock,Banking,https://1drv.ms/i/c/8705623eb284e7df/IQR5SkMOJIW9R43lx11E2_9cATs8cy5dVQt7AFSXWivasss?width=650&height=366
22-07-2021,340.0194702,342.9572091,339.2128426,339.8900062,9291265,11,Kotak Mahindra Bank,KOTAKBANK.NS,Stock,Banking,https://1drv.ms/i/c/8705623eb284e7df/IQR5SkMOJIW9R43lx11E2_9cATs8cy5dVQt7AFSXWivasss?width=650&height=366
23-07-2021,343.1563721,344.0227477,337.4203261,340.5771511,9979000,11,Kotak Mahindra Bank,KOTAKBANK.NS,Stock,Banking,https://1drv.ms/i/c/8705623eb284e7df/IQR5SkMOJIW9R43lx11E2_9cATs8cy5dVQt7AFSXWivasss?width=650&height=366
26-07-2021,346.6716919,348.5438753,333.2776669,340.8958341,19695475,11,Kotak Mahindra Bank,KOTAKBANK.NS,Stock,Banking,https://1drv.ms/i/c/8705623eb284e7df/IQR5SkMOJIW9R43lx11E2_9cATs8cy5dVQt7AFSXWivasss?width=650&height=366
27-07-2021,338.1771545,349.1413579,337.3605588,348.9421778,21505655,11,Kotak Mahindra Bank,KOTAKBANK.NS,Stock,Banking,https://1drv.ms/i/c/8705623eb284e7df/IQR5SkMOJIW9R43lx11E2_9cATs8cy5dVQt7AFSXWivasss?width=650&height=366
28-07-2021,329.1947327,339.7406713,327.8304372,339.5813333,25263775,11,Kotak Mahindra Bank,KOTAKBANK.NS,Stock,Banking,https://1drv.ms/i/c/8705623eb284e7df/IQR5SkMOJIW9R43lx11E2_9cATs8cy5dVQt7AFSXWivasss?width=650&height=366
29-07-2021,326.9640198,331.4154242,325.6594723,331.4154242,14971325,11,Kotak Mahindra Bank,KOTAKBANK.NS,Stock,Banking,https://1drv.ms/i/c/8705623eb284e7df/IQR5SkMOJIW9R43lx11E2_9cATs8cy5dVQt7AFSXWivasss?width=650&height=366
30-07-2021,329.5830688,332.5905239,323.8470534,326.9640058,16110005,11,Kotak Mahindra Bank,KOTAKBANK.NS,Stock,Banking,https://1drv.ms/i/c/8705623eb284e7df/IQR5SkMOJIW9R43lx11E2_9cATs8cy5dVQt7AFSXWivasss?width=650&height=366
02-08-2021,331.6345215,334.0643728,330.1208561,331.6146156,12954880,11,Kotak Mahindra Bank,KOTAKBANK.NS,Stock,Banking,https://1drv.ms/i/c/8705623eb284e7df/IQR5SkMOJIW9R43lx11E2_9cATs8cy5dVQt7AFSXWivasss?width=650&height=366
03-08-2021,335.7273865,336.4443922,331.6145643,331.6145643,16150700,11,Kotak Mahindra Bank,KOTAKBANK.NS,Stock,Banking,https://1drv.ms/i/c/8705623eb284e7df/IQR5SkMOJIW9R43lx11E2_9cATs8cy5dVQt7AFSXWivasss?width=650&height=366
04-08-2021,348.533905,349.1911628,335.5979579,338.3265487,35020800,11,Kotak Mahindra Bank,KOTAKBANK.NS,Stock,Banking,https://1drv.ms/i/c/8705623eb284e7df/IQR5SkMOJIW9R43lx11E2_9cATs8cy5dVQt7AFSXWivasss?width=650&height=366
05-08-2021,352.8757935,357.1081121,349.0517728,350.874146,30260460,11,Kotak Mahindra Bank,KOTAKBANK.NS,Stock,Banking,https://1drv.ms/i/c/8705623eb284e7df/IQR5SkMOJIW9R43lx11E2_9cATs8cy5dVQt7AFSXWivasss?width=650&height=366
06-08-2021,353.9612732,355.4550328,349.7687965,352.3280815,18202345,11,Kotak Mahindra Bank,KOTAKBANK.NS,Stock,Banking,https://1drv.ms/i/c/8705623eb284e7df/IQR5SkMOJIW9R43lx11E2_9cATs8cy5dVQt7AFSXWivasss?width=650&height=366
09-08-2021,354.6981506,356.4309322,350.9538143,353.961239,7984430,11,Kotak Mahindra Bank,KOTAKBANK.NS,Stock,Banking,https://1drv.ms/i/c/8705623eb284e7df/IQR5SkMOJIW9R43lx11E2_9cATs8cy5dVQt7AFSXWivasss?width=650&height=366
10-08-2021,361.1412354,363.4615587,354.3794758,355.5147475,22974240,11,Kotak Mahindra Bank,KOTAKBANK.NS,Stock,Banking,https://1drv.ms/i/c/8705623eb284e7df/IQR5SkMOJIW9R43lx11E2_9cATs8cy5dVQt7AFSXWivasss?width=650&height=366
11-08-2021,354.8145142,362.6656322,351.1380387,362.6656322,15509515,11,Kotak Mahindra Bank,KOTAKBANK.NS,Stock,Banking,https://1drv.ms/i/c/8705623eb284e7df/IQR5SkMOJIW9R43lx11E2_9cATs8cy5dVQt7AFSXWivasss?width=650&height=366
12-08-2021,356.2293396,356.8869238,351.1081672,353.7185579,8208450,11,Kotak Mahindra Bank,KOTAKBANK.NS,Stock,Banking,https://1drv.ms/i/c/8705623eb284e7df/IQR5SkMOJIW9R43lx11E2_9cATs8cy5dVQt7AFSXWivasss?width=650&height=366
13-08-2021,356.289093,358.4810099,353.4694504,355.4920075,9199585,11,Kotak Mahindra Bank,KOTAKBANK.NS,Stock,Banking,https://1drv.ms/i/c/8705623eb284e7df/IQR5SkMOJIW9R43lx11E2_9cATs8cy5dVQt7AFSXWivasss?width=650&height=366
16-08-2021,355.1632385,358.9194074,353.051015,355.4920154,7768305,11,Kotak Mahindra Bank,KOTAKBANK.NS,Stock,Banking,https://1drv.ms/i/c/8705623eb284e7df/IQR5SkMOJIW9R43lx11E2_9cATs8cy5dVQt7AFSXWivasss?width=650&height=366
17-08-2021,356.3588257,357.6839366,354.1071009,354.4956554,7096685,11,Kotak Mahindra Bank,KOTAKBANK.NS,Stock,Banking,https://1drv.ms/i/c/8705623eb284e7df/IQR5SkMOJIW9R43lx11E2_9cATs8cy5dVQt7AFSXWivasss?width=650&height=366
18-08-2021,348.6571655,356.7971983,347.8401642,356.3588392,13818265,11,Kotak Mahindra Bank,KOTAKBANK.NS,Stock,Banking,https://1drv.ms/i/c/8705623eb284e7df/IQR5SkMOJIW9R43lx11E2_9cATs8cy5dVQt7AFSXWivasss?width=650&height=366
20-08-2021,339.4609985,345.1301423,338.1558032,345.1301423,28216210,11,Kotak Mahindra Bank,KOTAKBANK.NS,Stock,Banking,https://1drv.ms/i/c/8705623eb284e7df/IQR5SkMOJIW9R43lx11E2_9cATs8cy5dVQt7AFSXWivasss?width=650&height=366
23-08-2021,342.1112366,343.6455996,338.7535955,343.6455996,15465845,11,Kotak Mahindra Bank,KOTAKBANK.NS,Stock,Banking,https://1drv.ms/i/c/8705623eb284e7df/IQR5SkMOJIW9R43lx11E2_9cATs8cy5dVQt7AFSXWivasss?width=650&height=366
24-08-2021,339.730011,343.7352631,337.0797586,343.7352631,23539855,11,Kotak Mahindra Bank,KOTAKBANK.NS,Stock,Banking,https://1drv.ms/i/c/8705623eb284e7df/IQR5SkMOJIW9R43lx11E2_9cATs8cy5dVQt7AFSXWivasss?width=650&height=366
25-08-2021,338.1957092,342.0814068,337.5580407,339.7499883,14569050,11,Kotak Mahindra Bank,KOTAKBANK.NS,Stock,Banking,https://1drv.ms/i/c/8705623eb284e7df/IQR5SkMOJIW9R43lx11E2_9cATs8cy5dVQt7AFSXWivasss?width=650&height=366
26-08-2021,338.2554321,342.0414896,336.5417362,337.5181546,21912885,11,Kotak Mahindra Bank,KOTAKBANK.NS,Stock,Banking,https://1drv.ms/i/c/8705623eb284e7df/IQR5SkMOJIW9R43lx11E2_9cATs8cy5dVQt7AFSXWivasss?width=650&height=366
27-08-2021,341.4536438,343.4961469,337.7572529,337.7572529,18306575,11,Kotak Mahindra Bank,KOTAKBANK.NS,Stock,Banking,https://1drv.ms/i/c/8705623eb284e7df/IQR5SkMOJIW9R43lx11E2_9cATs8cy5dVQt7AFSXWivasss?width=650&height=366
30-08-2021,345.8973694,346.634647,341.9319482,341.9319482,12806265,11,Kotak Mahindra Bank,KOTAKBANK.NS,Stock,Banking,https://1drv.ms/i/c/8705623eb284e7df/IQR5SkMOJIW9R43lx11E2_9cATs8cy5dVQt7AFSXWivasss?width=650&height=366
31-08-2021,349.4542236,350.629921,346.5349719,347.5313061,22463045,11,Kotak Mahindra Bank,KOTAKBANK.NS,Stock,Banking,https://1drv.ms/i/c/8705623eb284e7df/IQR5SkMOJIW9R43lx11E2_9cATs8cy5dVQt7AFSXWivasss?width=650&height=366
01-09-2021,348.049408,349.4841316,346.3257693,349.4642159,36331770,11,Kotak Mahindra Bank,KOTAKBANK.NS,Stock,Banking,https://1drv.ms/i/c/8705623eb284e7df/IQR5SkMOJIW9R43lx11E2_9cATs8cy5dVQt7AFSXWivasss?width=650&height=366
02-09-2021,353.9776001,356.368796,347.5213438,349.1154845,28819220,11,Kotak Mahindra Bank,KOTAKBANK.NS,Stock,Banking,https://1drv.ms/i/c/8705623eb284e7df/IQR5SkMOJIW9R43lx11E2_9cATs8cy5dVQt7AFSXWivasss?width=650&height=366
03-09-2021,357.0562134,360.9618561,354.2067127,357.2853811,24225670,11,Kotak Mahindra Bank,KOTAKBANK.NS,Stock,Banking,https://1drv.ms/i/c/8705623eb284e7df/IQR5SkMOJIW9R43lx11E2_9cATs8cy5dVQt7AFSXWivasss?width=650&height=366
06-09-2021,353.6089172,360.2743944,352.7022496,360.2743944,9509655,11,Kotak Mahindra Bank,KOTAKBANK.NS,Stock,Banking,https://1drv.ms/i/c/8705623eb284e7df/IQR5SkMOJIW9R43lx11E2_9cATs8cy5dVQt7AFSXWivasss?width=650&height=366
07-09-2021,351.6760864,354.5853957,347.9199174,353.6089772,14614185,11,Kotak Mahindra Bank,KOTAKBANK.NS,Stock,Banking,https://1drv.ms/i/c/8705623eb284e7df/IQR5SkMOJIW9R43lx11E2_9cATs8cy5dVQt7AFSXWivasss?width=650&height=366
08-09-2021,361.7390442,364.2597684,349.7132838,350.7295337,76247785,11,Kotak Mahindra Bank,KOTAKBANK.NS,Stock,Banking,https://1drv.ms/i/c/8705623eb284e7df/IQR5SkMOJIW9R43lx11E2_9cATs8cy5dVQt7AFSXWivasss?width=650&height=366
09-09-2021,362.2372131,366.9897161,360.0352928,363.8612427,18214625,11,Kotak Mahindra Bank,KOTAKBANK.NS,Stock,Banking,https://1drv.ms/i/c/8705623eb284e7df/IQR5SkMOJIW9R43lx11E2_9cATs8cy5dVQt7AFSXWivasss?width=650&height=366
13-09-2021,366.6609497,368.6037831,357.6341645,364.3594202,16358075,11,Kotak Mahindra Bank,KOTAKBANK.NS,Stock,Banking,https://1drv.ms/i/c/8705623eb284e7df/IQR5SkMOJIW9R43lx11E2_9cATs8cy5dVQt7AFSXWivasss?width=650&height=366
14-09-2021,372.180603,374.4223548,367.6771837,368.643629,20840400,11,Kotak Mahindra Bank,KOTAKBANK.NS,Stock,Banking,https://1drv.ms/i/c/8705623eb284e7df/IQR5SkMOJIW9R43lx11E2_9cATs8cy5dVQt7AFSXWivasss?width=650&height=366
15-09-2021,372.9677429,378.298137,370.2377969,373.4260481,24070115,11,Kotak Mahindra Bank,KOTAKBANK.NS,Stock,Banking,https://1drv.ms/i/c/8705623eb284e7df/IQR5SkMOJIW9R43lx11E2_9cATs8cy5dVQt7AFSXWivasss?width=650&height=366
16-09-2021,379.9619751,380.5996435,372.2304428,374.0238321,20643915,11,Kotak Mahindra Bank,KOTAKBANK.NS,Stock,Banking,https://1drv.ms/i/c/8705623eb284e7df/IQR5SkMOJIW9R43lx11E2_9cATs8cy5dVQt7AFSXWivasss?width=650&height=366
17-09-2021,400.1178284,401.9211908,381.1974526,381.7952591,73192445,11,Kotak Mahindra Bank,KOTAKBANK.NS,Stock,Banking,https://1drv.ms/i/c/8705623eb284e7df/IQR5SkMOJIW9R43lx11E2_9cATs8cy5dVQt7AFSXWivasss?width=650&height=366
20-09-2021,398.8226318,405.9464154,394.8173488,396.541018,29405445,11,Kotak Mahindra Bank,KOTAKBANK.NS,Stock,Banking,https://1drv.ms/i/c/8705623eb284e7df/IQR5SkMOJIW9R43lx11E2_9cATs8cy5dVQt7AFSXWivasss?width=650&height=366
21-09-2021,400.7156372,404.0433896,397.7565235,401.921193,19334440,11,Kotak Mahindra Bank,KOTAKBANK.NS,Stock,Banking,https://1drv.ms/i/c/8705623eb284e7df/IQR5SkMOJIW9R43lx11E2_9cATs8cy5dVQt7AFSXWivasss?width=650&height=366
22-09-2021,395.6542358,402.997244,394.3092091,401.8215466,9559045,11,Kotak Mahindra Bank,KOTAKBANK.NS,Stock,Banking,https://1drv.ms/i/c/8705623eb284e7df/IQR5SkMOJIW9R43lx11E2_9cATs8cy5dVQt7AFSXWivasss?width=650&height=366
23-09-2021,403.3160706,408.8955481,396.720343,399.3307338,14945535,11,Kotak Mahindra Bank,KOTAKBANK.NS,Stock,Banking,https://1drv.ms/i/c/8705623eb284e7df/IQR5SkMOJIW9R43lx11E2_9cATs8cy5dVQt7AFSXWivasss?width=650&height=366
24-09-2021,404.1330261,408.9652525,401.303441,404.5116379,10574440,11,Kotak Mahindra Bank,KOTAKBANK.NS,Stock,Banking,https://1drv.ms/i/c/8705623eb284e7df/IQR5SkMOJIW9R43lx11E2_9cATs8cy5dVQt7AFSXWivasss?width=650&height=366
27-09-2021,405.1792297,410.0911499,403.6149778,404.7507829,9150320,11,Kotak Mahindra Bank,KOTAKBANK.NS,Stock,Banking,https://1drv.ms/i/c/8705623eb284e7df/IQR5SkMOJIW9R43lx11E2_9cATs8cy5dVQt7AFSXWivasss?width=650&height=366
28-09-2021,412.1236877,414.0366324,401.1042037,406.5043483,19496335,11,Kotak Mahindra Bank,KOTAKBANK.NS,Stock,Banking,https://1drv.ms/i/c/8705623eb284e7df/IQR5SkMOJIW9R43lx11E2_9cATs8cy5dVQt7AFSXWivasss?width=650&height=366
29-09-2021,404.6013489,410.4896876,402.5489029,410.4697719,17101570,11,Kotak Mahindra Bank,KOTAKBANK.NS,Stock,Banking,https://1drv.ms/i/c/8705623eb284e7df/IQR5SkMOJIW9R43lx11E2_9cATs8cy5dVQt7AFSXWivasss?width=650&height=366
30-09-2021,399.6296387,405.5080041,397.8959966,403.6050023,22863740,11,Kotak Mahindra Bank,KOTAKBANK.NS,Stock,Banking,https://1drv.ms/i/c/8705623eb284e7df/IQR5SkMOJIW9R43lx11E2_9cATs8cy5dVQt7AFSXWivasss?width=650&height=366
01-10-2021,397.2483826,400.6857476,392.9342691,397.9358556,16869890,11,Kotak Mahindra Bank,KOTAKBANK.NS,Stock,Banking,https://1drv.ms/i/c/8705623eb284e7df/IQR5SkMOJIW9R43lx11E2_9cATs8cy5dVQt7AFSXWivasss?width=650&height=366
04-10-2021,396.7302856,401.5027346,396.1424522,397.5373138,10215265,11,Kotak Mahindra Bank,KOTAKBANK.NS,Stock,Banking,https://1drv.ms/i/c/8705623eb284e7df/IQR5SkMOJIW9R43lx11E2_9cATs8cy5dVQt7AFSXWivasss?width=650&height=366
05-10-2021,395.0166321,398.12519,393.6516591,397.5174407,13599035,11,Kotak Mahindra Bank,KOTAKBANK.NS,Stock,Banking,https://1drv.ms/i/c/8705623eb284e7df/IQR5SkMOJIW9R43lx11E2_9cATs8cy5dVQt7AFSXWivasss?width=650&height=366
06-10-2021,389.716095,399.5299924,386.9961222,393.7612092,14896375,11,Kotak Mahindra Bank,KOTAKBANK.NS,Stock,Banking,https://1drv.ms/i/c/8705623eb284e7df/IQR5SkMOJIW9R43lx11E2_9cATs8cy5dVQt7AFSXWivasss?width=650&height=366
07-10-2021,389.0584717,394.9966445,388.4208337,392.1570864,11110650,11,Kotak Mahindra Bank,KOTAKBANK.NS,Stock,Banking,https://1drv.ms/i/c/8705623eb284e7df/IQR5SkMOJIW9R43lx11E2_9cATs8cy5dVQt7AFSXWivasss?width=650&height=366
08-10-2021,385.8503113,391.7884846,384.7842569,388.5703144,9689170,11,Kotak Mahindra Bank,KOTAKBANK.NS,Stock,Banking,https://1drv.ms/i/c/8705623eb284e7df/IQR5SkMOJIW9R43lx11E2_9cATs8cy5dVQt7AFSXWivasss?width=650&height=366
11-10-2021,393.6316833,399.5299949,387.5739851,388.3710402,11880835,11,Kotak Mahindra Bank,KOTAKBANK.NS,Stock,Banking,https://1drv.ms/i/c/8705623eb284e7df/IQR5SkMOJIW9R43lx11E2_9cATs8cy5dVQt7AFSXWivasss?width=650&height=366
12-10-2021,397.557251,399.3307246,391.5593302,394.5483327,9454510,11,Kotak Mahindra Bank,KOTAKBANK.NS,Stock,Banking,https://1drv.ms/i/c/8705623eb284e7df/IQR5SkMOJIW9R43lx11E2_9cATs8cy5dVQt7AFSXWivasss?width=650&height=366
13-10-2021,400.3967896,402.9175137,397.4476491,399.3307047,8712390,11,Kotak Mahindra Bank,KOTAKBANK.NS,Stock,Banking,https://1drv.ms/i/c/8705623eb284e7df/IQR5SkMOJIW9R43lx11E2_9cATs8cy5dVQt7AFSXWivasss?width=650&height=366
14-10-2021,402.0805969,403.61496,395.5446475,400.1277906,8261780,11,Kotak Mahindra Bank,KOTAKBANK.NS,Stock,Banking,https://1drv.ms/i/c/8705623eb284e7df/IQR5SkMOJIW9R43lx11E2_9cATs8cy5dVQt7AFSXWivasss?width=650&height=366
18-10-2021,400.8451538,407.8892434,400.1178189,402.0805984,10833895,11,Kotak Mahindra Bank,KOTAKBANK.NS,Stock,Banking,https://1drv.ms/i/c/8705623eb284e7df/IQR5SkMOJIW9R43lx11E2_9cATs8cy5dVQt7AFSXWivasss?width=650&height=366
19-10-2021,405.5777283,407.4906727,396.9594444,400.9049189,8476015,11,Kotak Mahindra Bank,KOTAKBANK.NS,Stock,Banking,https://1drv.ms/i/c/8705623eb284e7df/IQR5SkMOJIW9R43lx11E2_9cATs8cy5dVQt7AFSXWivasss?width=650&height=366
20-10-2021,401.6123657,407.4907317,398.1750308,406.9028981,8974465,11,Kotak Mahindra Bank,KOTAKBANK.NS,Stock,Banking,https://1drv.ms/i/c/8705623eb284e7df/IQR5SkMOJIW9R43lx11E2_9cATs8cy5dVQt7AFSXWivasss?width=650&height=366
21-10-2021,427.1782532,429.4200049,402.9175113,404.710931,47477590,11,Kotak Mahindra Bank,KOTAKBANK.NS,Stock,Banking,https://1drv.ms/i/c/8705623eb284e7df/IQR5SkMOJIW9R43lx11E2_9cATs8cy5dVQt7AFSXWivasss?width=650&height=366
22-10-2021,432.6879883,438.7157977,422.9936462,429.4000978,29659130,11,Kotak Mahindra Bank,KOTAKBANK.NS,Stock,Banking,https://1drv.ms/i/c/8705623eb284e7df/IQR5SkMOJIW9R43lx11E2_9cATs8cy5dVQt7AFSXWivasss?width=650&height=366
25-10-2021,429.320343,434.9894863,421.459283,428.822176,33886310,11,Kotak Mahindra Bank,KOTAKBANK.NS,Stock,Banking,https://1drv.ms/i/c/8705623eb284e7df/IQR5SkMOJIW9R43lx11E2_9cATs8cy5dVQt7AFSXWivasss?width=650&height=366
26-10-2021,440.5690002,446.3576992,423.1829572,429.3203792,53345005,11,Kotak Mahindra Bank,KOTAKBANK.NS,Stock,Banking,https://1drv.ms/i/c/8705623eb284e7df/IQR5SkMOJIW9R43lx11E2_9cATs8cy5dVQt7AFSXWivasss?width=650&height=366
27-10-2021,436.0456238,448.9481629,433.7241786,438.3870151,22752840,11,Kotak Mahindra Bank,KOTAKBANK.NS,Stock,Banking,https://1drv.ms/i/c/8705623eb284e7df/IQR5SkMOJIW9R43lx11E2_9cATs8cy5dVQt7AFSXWivasss?width=650&height=366
28-10-2021,418.1614685,436.3943719,416.5473816,436.0456488,15511445,11,Kotak Mahindra Bank,KOTAKBANK.NS,Stock,Banking,https://1drv.ms/i/c/8705623eb284e7df/IQR5SkMOJIW9R43lx11E2_9cATs8cy5dVQt7AFSXWivasss?width=650&height=366
29-10-2021,404.7408142,417.8525747,401.5226441,413.9867935,23331725,11,Kotak Mahindra Bank,KOTAKBANK.NS,Stock,Banking,https://1drv.ms/i/c/8705623eb284e7df/IQR5SkMOJIW9R43lx11E2_9cATs8cy5dVQt7AFSXWivasss?width=650&height=366
01-11-2021,413.7775574,415.8300033,405.4681343,409.4933327,9832940,11,Kotak Mahindra Bank,KOTAKBANK.NS,Stock,Banking,https://1drv.ms/i/c/8705623eb284e7df/IQR5SkMOJIW9R43lx11E2_9cATs8cy5dVQt7AFSXWivasss?width=650&height=366
02-11-2021,413.8074341,417.1651056,410.4896549,411.7151568,7681030,11,Kotak Mahindra Bank,KOTAKBANK.NS,Stock,Banking,https://1drv.ms/i/c/8705623eb284e7df/IQR5SkMOJIW9R43lx11E2_9cATs8cy5dVQt7AFSXWivasss?width=650&height=366
03-11-2021,406.0161438,420.7718503,404.1131419,414.4750111,10336455,11,Kotak Mahindra Bank,KOTAKBANK.NS,Stock,Banking,https://1drv.ms/i/c/8705623eb284e7df/IQR5SkMOJIW9R43lx11E2_9cATs8cy5dVQt7AFSXWivasss?width=650&height=366
04-11-2021,409.8918457,410.8881798,406.3050368,406.5043158,1025885,11,Kotak Mahindra Bank,KOTAKBANK.NS,Stock,Banking,https://1drv.ms/i/c/8705623eb284e7df/IQR5SkMOJIW9R43lx11E2_9cATs8cy5dVQt7AFSXWivasss?width=650&height=366
08-11-2021,422.2164917,423.9600764,409.4933162,409.4933162,10609980,11,Kotak Mahindra Bank,KOTAKBANK.NS,Stock,Banking,https://1drv.ms/i/c/8705623eb284e7df/IQR5SkMOJIW9R43lx11E2_9cATs8cy5dVQt7AFSXWivasss?width=650&height=366
09-11-2021,417.9024048,423.8306052,415.132597,422.4456861,8887865,11,Kotak Mahindra Bank,KOTAKBANK.NS,Stock,Banking,https://1drv.ms/i/c/8705623eb284e7df/IQR5SkMOJIW9R43lx11E2_9cATs8cy5dVQt7AFSXWivasss?width=650&height=366
10-11-2021,413.6878357,416.7366153,411.0973612,415.4712821,7228940,11,Kotak Mahindra Bank,KOTAKBANK.NS,Stock,Banking,https://1drv.ms/i/c/8705623eb284e7df/IQR5SkMOJIW9R43lx11E2_9cATs8cy5dVQt7AFSXWivasss?width=650&height=366
11-11-2021,409.3140259,414.0167245,408.0088305,413.080168,7735765,11,Kotak Mahindra Bank,KOTAKBANK.NS,Stock,Banking,https://1drv.ms/i/c/8705623eb284e7df/IQR5SkMOJIW9R43lx11E2_9cATs8cy5dVQt7AFSXWivasss?width=650&height=366
12-11-2021,413.4189148,414.4750266,409.1047707,412.0838306,7172140,11,Kotak Mahindra Bank,KOTAKBANK.NS,Stock,Banking,https://1drv.ms/i/c/8705623eb284e7df/IQR5SkMOJIW9R43lx11E2_9cATs8cy5dVQt7AFSXWivasss?width=650&height=366
15-11-2021,417.9223022,420.0544719,414.4749947,414.4949104,9096640,11,Kotak Mahindra Bank,KOTAKBANK.NS,Stock,Banking,https://1drv.ms/i/c/8705623eb284e7df/IQR5SkMOJIW9R43lx11E2_9cATs8cy5dVQt7AFSXWivasss?width=650&height=366
16-11-2021,415.0429382,419.2275236,412.4823521,418.4404414,7725535,11,Kotak Mahindra Bank,KOTAKBANK.NS,Stock,Banking,https://1drv.ms/i/c/8705623eb284e7df/IQR5SkMOJIW9R43lx11E2_9cATs8cy5dVQt7AFSXWivasss?width=650&height=366
17-11-2021,409.1147461,414.8436678,407.600329,412.4823606,7233815,11,Kotak Mahindra Bank,KOTAKBANK.NS,Stock,Banking,https://1drv.ms/i/c/8705623eb284e7df/IQR5SkMOJIW9R43lx11E2_9cATs8cy5dVQt7AFSXWivasss?width=650&height=366
18-11-2021,403.4057312,410.9778461,400.3071163,408.4969839,13965995,11,Kotak Mahindra Bank,KOTAKBANK.NS,Stock,Banking,https://1drv.ms/i/c/8705623eb284e7df/IQR5SkMOJIW9R43lx11E2_9cATs8cy5dVQt7AFSXWivasss?width=650&height=366
22-11-2021,389.656311,407.30138,386.7769212,407.30138,13741645,11,Kotak Mahindra Bank,KOTAKBANK.NS,Stock,Banking,https://1drv.ms/i/c/8705623eb284e7df/IQR5SkMOJIW9R43lx11E2_9cATs8cy5dVQt7AFSXWivasss?width=650&height=366
23-11-2021,395.1261902,397.1686935,385.1230171,386.1791288,16148125,11,Kotak Mahindra Bank,KOTAKBANK.NS,Stock,Banking,https://1drv.ms/i/c/8705623eb284e7df/IQR5SkMOJIW9R43lx11E2_9cATs8cy5dVQt7AFSXWivasss?width=650&height=366
24-11-2021,400.8052673,403.5053241,392.5556225,394.4586242,9737415,11,Kotak Mahindra Bank,KOTAKBANK.NS,Stock,Banking,https://1drv.ms/i/c/8705623eb284e7df/IQR5SkMOJIW9R43lx11E2_9cATs8cy5dVQt7AFSXWivasss?width=650&height=366
25-11-2021,405.5279236,408.0984828,401.1340862,402.5190053,15822140,11,Kotak Mahindra Bank,KOTAKBANK.NS,Stock,Banking,https://1drv.ms/i/c/8705623eb284e7df/IQR5SkMOJIW9R43lx11E2_9cATs8cy5dVQt7AFSXWivasss?width=650&height=366
26-11-2021,391.4198303,399.9285327,389.5865791,398.9321985,13237765,11,Kotak Mahindra Bank,KOTAKBANK.NS,Stock,Banking,https://1drv.ms/i/c/8705623eb284e7df/IQR5SkMOJIW9R43lx11E2_9cATs8cy5dVQt7AFSXWivasss?width=650&height=366
29-11-2021,402.4393005,407.5006646,386.0197029,397.1387956,20859500,11,Kotak Mahindra Bank,KOTAKBANK.NS,Stock,Banking,https://1drv.ms/i/c/8705623eb284e7df/IQR5SkMOJIW9R43lx11E2_9cATs8cy5dVQt7AFSXWivasss?width=650&height=366
30-11-2021,390.9416199,406.4246619,387.9526173,403.1168251,21329080,11,Kotak Mahindra Bank,KOTAKBANK.NS,Stock,Banking,https://1drv.ms/i/c/8705623eb284e7df/IQR5SkMOJIW9R43lx11E2_9cATs8cy5dVQt7AFSXWivasss?width=650&height=366
01-12-2021,389.237915,395.7240303,386.5776892,394.3490842,12928465,11,Kotak Mahindra Bank,KOTAKBANK.NS,Stock,Banking,https://1drv.ms/i/c/8705623eb284e7df/IQR5SkMOJIW9R43lx11E2_9cATs8cy5dVQt7AFSXWivasss?width=650&height=366
02-12-2021,391.4098816,394.737634,387.6935442,388.0821291,9664645,11,Kotak Mahindra Bank,KOTAKBANK.NS,Stock,Banking,https://1drv.ms/i/c/8705623eb284e7df/IQR5SkMOJIW9R43lx11E2_9cATs8cy5dVQt7AFSXWivasss?width=650&height=366
03-12-2021,381.436554,396.5210672,379.6431647,391.8980623,17458620,11,Kotak Mahindra Bank,KOTAKBANK.NS,Stock,Banking,https://1drv.ms/i/c/8705623eb284e7df/IQR5SkMOJIW9R43lx11E2_9cATs8cy5dVQt7AFSXWivasss?width=650&height=366
06-12-2021,375.6578369,383.8875363,374.0238343,382.5923141,15406680,11,Kotak Mahindra Bank,KOTAKBANK.NS,Stock,Banking,https://1drv.ms/i/c/8705623eb284e7df/IQR5SkMOJIW9R43lx11E2_9cATs8cy5dVQt7AFSXWivasss?width=650&height=366
07-12-2021,386.0097351,391.3202132,380.6395098,380.9981755,36722375,11,Kotak Mahindra Bank,KOTAKBANK.NS,Stock,Banking,https://1drv.ms/i/c/8705623eb284e7df/IQR5SkMOJIW9R43lx11E2_9cATs8cy5dVQt7AFSXWivasss?width=650&height=366
08-12-2021,382.6820068,392.5556826,381.6856726,392.5556826,25627975,11,Kotak Mahindra Bank,KOTAKBANK.NS,Stock,Banking,https://1drv.ms/i/c/8705623eb284e7df/IQR5SkMOJIW9R43lx11E2_9cATs8cy5dVQt7AFSXWivasss?width=650&height=366
09-12-2021,381.8649902,385.9599395,375.8371806,383.7879383,23272265,11,Kotak Mahindra Bank,KOTAKBANK.NS,Stock,Banking,https://1drv.ms/i/c/8705623eb284e7df/IQR5SkMOJIW9R43lx11E2_9cATs8cy5dVQt7AFSXWivasss?width=650&height=366
10-12-2021,377.9593506,382.5922981,376.3154054,381.595964,15274610,11,Kotak Mahindra Bank,KOTAKBANK.NS,Stock,Banking,https://1drv.ms/i/c/8705623eb284e7df/IQR5SkMOJIW9R43lx11E2_9cATs8cy5dVQt7AFSXWivasss?width=650&height=366
13-12-2021,373.2466736,381.7952371,371.0846456,380.5996241,20425550,11,Kotak Mahindra Bank,KOTAKBANK.NS,Stock,Banking,https://1drv.ms/i/c/8705623eb284e7df/IQR5SkMOJIW9R43lx11E2_9cATs8cy5dVQt7AFSXWivasss?width=650&height=366
14-12-2021,366.7306519,373.4260184,361.8785095,373.2466856,50556260,11,Kotak Mahindra Bank,KOTAKBANK.NS,Stock,Banking,https://1drv.ms/i/c/8705623eb284e7df/IQR5SkMOJIW9R43lx11E2_9cATs8cy5dVQt7AFSXWivasss?width=650&height=366
15-12-2021,372.1108704,374.9703444,366.0033375,367.7668379,26528735,11,Kotak Mahindra Bank,KOTAKBANK.NS,Stock,Banking,https://1drv.ms/i/c/8705623eb284e7df/IQR5SkMOJIW9R43lx11E2_9cATs8cy5dVQt7AFSXWivasss?width=650&height=366
16-12-2021,370.7857361,376.8036027,368.8229567,375.7972955,15272310,11,Kotak Mahindra Bank,KOTAKBANK.NS,Stock,Banking,https://1drv.ms/i/c/8705623eb284e7df/IQR5SkMOJIW9R43lx11E2_9cATs8cy5dVQt7AFSXWivasss?width=650&height=366
17-12-2021,357.4448547,370.6263363,356.687631,369.6399752,14675630,11,Kotak Mahindra Bank,KOTAKBANK.NS,Stock,Banking,https://1drv.ms/i/c/8705623eb284e7df/IQR5SkMOJIW9R43lx11E2_9cATs8cy5dVQt7AFSXWivasss?width=650&height=366
20-12-2021,347.2224426,354.6949486,343.2171904,354.6949486,16345895,11,Kotak Mahindra Bank,KOTAKBANK.NS,Stock,Banking,https://1drv.ms/i/c/8705623eb284e7df/IQR5SkMOJIW9R43lx11E2_9cATs8cy5dVQt7AFSXWivasss?width=650&height=366
21-12-2021,346.0368347,352.3037855,342.9382499,350.9188663,11321155,11,Kotak Mahindra Bank,KOTAKBANK.NS,Stock,Banking,https://1drv.ms/i/c/8705623eb284e7df/IQR5SkMOJIW9R43lx11E2_9cATs8cy5dVQt7AFSXWivasss?width=650&height=366
22-12-2021,351.1878662,352.7022831,345.3593055,348.318419,17269195,11,Kotak Mahindra Bank,KOTAKBANK.NS,Stock,Banking,https://1drv.ms/i/c/8705623eb284e7df/IQR5SkMOJIW9R43lx11E2_9cATs8cy5dVQt7AFSXWivasss?width=650&height=366
23-12-2021,353.8181763,356.4285669,352.174231,355.6713736,9598245,11,Kotak Mahindra Bank,KOTAKBANK.NS,Stock,Banking,https://1drv.ms/i/c/8705623eb284e7df/IQR5SkMOJIW9R43lx11E2_9cATs8cy5dVQt7AFSXWivasss?width=650&height=366
24-12-2021,348.3981018,354.6949406,344.7315996,354.6949406,11357850,11,Kotak Mahindra Bank,KOTAKBANK.NS,Stock,Banking,https://1drv.ms/i/c/8705623eb284e7df/IQR5SkMOJIW9R43lx11E2_9cATs8cy5dVQt7AFSXWivasss?width=650&height=366
27-12-2021,353.38974,354.4857136,342.9382051,347.3419848,8269165,11,Kotak Mahindra Bank,KOTAKBANK.NS,Stock,Banking,https://1drv.ms/i/c/8705623eb284e7df/IQR5SkMOJIW9R43lx11E2_9cATs8cy5dVQt7AFSXWivasss?width=650&height=366
28-12-2021,353.6787109,356.6278515,351.8155405,355.691295,6428355,11,Kotak Mahindra Bank,KOTAKBANK.NS,Stock,Banking,https://1drv.ms/i/c/8705623eb284e7df/IQR5SkMOJIW9R43lx11E2_9cATs8cy5dVQt7AFSXWivasss?width=650&height=366
29-12-2021,351.5465088,354.6949281,349.5339249,353.499315,7059540,11,Kotak Mahindra Bank,KOTAKBANK.NS,Stock,Banking,https://1drv.ms/i/c/8705623eb284e7df/IQR5SkMOJIW9R43lx11E2_9cATs8cy5dVQt7AFSXWivasss?width=650&height=366
30-12-2021,349.763092,352.6923169,347.4516199,350.5103427,12491975,11,Kotak Mahindra Bank,KOTAKBANK.NS,Stock,Banking,https://1drv.ms/i/c/8705623eb284e7df/IQR5SkMOJIW9R43lx11E2_9cATs8cy5dVQt7AFSXWivasss?width=650&height=366
31-12-2021,357.9031677,358.8795862,350.7196068,351.1081613,11064460,11,Kotak Mahindra Bank,KOTAKBANK.NS,Stock,Banking,https://1drv.ms/i/c/8705623eb284e7df/IQR5SkMOJIW9R43lx11E2_9cATs8cy5dVQt7AFSXWivasss?width=650&height=366
03-01-2022,363.5523682,364.2796726,357.0064458,358.0824732,9925545,11,Kotak Mahindra Bank,KOTAKBANK.NS,Stock,Banking,https://1drv.ms/i/c/8705623eb284e7df/IQR5SkMOJIW9R43lx11E2_9cATs8cy5dVQt7AFSXWivasss?width=650&height=366
04-01-2022,369.1617432,370.0385221,361.7290984,364.6583234,13177875,11,Kotak Mahindra Bank,KOTAKBANK.NS,Stock,Banking,https://1drv.ms/i/c/8705623eb284e7df/IQR5SkMOJIW9R43lx11E2_9cATs8cy5dVQt7AFSXWivasss?width=650&height=366
05-01-2022,383.0206909,384.2561658,366.6708455,370.0384595,21040835,11,Kotak Mahindra Bank,KOTAKBANK.NS,Stock,Banking,https://1drv.ms/i/c/8705623eb284e7df/IQR5SkMOJIW9R43lx11E2_9cATs8cy5dVQt7AFSXWivasss?width=650&height=366
06-01-2022,376.9928894,381.5959479,373.6252754,380.0217535,11290150,11,Kotak Mahindra Bank,KOTAKBANK.NS,Stock,Banking,https://1drv.ms/i/c/8705623eb284e7df/IQR5SkMOJIW9R43lx11E2_9cATs8cy5dVQt7AFSXWivasss?width=650&height=366
07-01-2022,379.4538879,383.6683622,375.3390228,376.9929412,11516755,11,Kotak Mahindra Bank,KOTAKBANK.NS,Stock,Banking,https://1drv.ms/i/c/8705623eb284e7df/IQR5SkMOJIW9R43lx11E2_9cATs8cy5dVQt7AFSXWivasss?width=650&height=366
10-01-2022,388.1618347,389.6264472,378.8759927,379.4538836,14310435,11,Kotak Mahindra Bank,KOTAKBANK.NS,Stock,Banking,https://1drv.ms/i/c/8705623eb284e7df/IQR5SkMOJIW9R43lx11E2_9cATs8cy5dVQt7AFSXWivasss?width=650&height=366
11-01-2022,385.9399719,389.4171987,382.6321657,388.171781,13570095,11,Kotak Mahindra Bank,KOTAKBANK.NS,Stock,Banking,https://1drv.ms/i/c/8705623eb284e7df/IQR5SkMOJIW9R43lx11E2_9cATs8cy5dVQt7AFSXWivasss?width=650&height=366
12-01-2022,389.885498,393.7811683,388.0024119,389.5268019,10746980,11,Kotak Mahindra Bank,KOTAKBANK.NS,Stock,Banking,https://1drv.ms/i/c/8705623eb284e7df/IQR5SkMOJIW9R43lx11E2_9cATs8cy5dVQt7AFSXWivasss?width=650&height=366
13-01-2022,383.8576355,391.937921,383.1004422,390.5629751,7435760,11,Kotak Mahindra Bank,KOTAKBANK.NS,Stock,Banking,https://1drv.ms/i/c/8705623eb284e7df/IQR5SkMOJIW9R43lx11E2_9cATs8cy5dVQt7AFSXWivasss?width=650&height=366
14-01-2022,386.2189636,387.5739634,378.208429,380.4003457,9143810,11,Kotak Mahindra Bank,KOTAKBANK.NS,Stock,Banking,https://1drv.ms/i/c/8705623eb284e7df/IQR5SkMOJIW9R43lx11E2_9cATs8cy5dVQt7AFSXWivasss?width=650&height=366
17-01-2022,386.069519,389.1581611,382.3133502,382.9908501,8382365,11,Kotak Mahindra Bank,KOTAKBANK.NS,Stock,Banking,https://1drv.ms/i/c/8705623eb284e7df/IQR5SkMOJIW9R43lx11E2_9cATs8cy5dVQt7AFSXWivasss?width=650&height=366
18-01-2022,387.006073,393.5519958,384.5849883,384.5849883,10407280,11,Kotak Mahindra Bank,KOTAKBANK.NS,Stock,Banking,https://1drv.ms/i/c/8705623eb284e7df/IQR5SkMOJIW9R43lx11E2_9cATs8cy5dVQt7AFSXWivasss?width=650&height=366
19-01-2022,379.7328491,387.5739942,378.6269024,387.5739942,7608510,11,Kotak Mahindra Bank,KOTAKBANK.NS,Stock,Banking,https://1drv.ms/i/c/8705623eb284e7df/IQR5SkMOJIW9R43lx11E2_9cATs8cy5dVQt7AFSXWivasss?width=650&height=366
20-01-2022,377.1323547,383.5886103,374.0237974,383.5886103,7449105,11,Kotak Mahindra Bank,KOTAKBANK.NS,Stock,Banking,https://1drv.ms/i/c/8705623eb284e7df/IQR5SkMOJIW9R43lx11E2_9cATs8cy5dVQt7AFSXWivasss?width=650&height=366
21-01-2022,377.3615417,378.8062384,368.5539519,372.2802317,8769480,11,Kotak Mahindra Bank,KOTAKBANK.NS,Stock,Banking,https://1drv.ms/i/c/8705623eb284e7df/IQR5SkMOJIW9R43lx11E2_9cATs8cy5dVQt7AFSXWivasss?width=650&height=366
24-01-2022,364.837616,376.1958187,360.6729467,375.4386255,12737170,11,Kotak Mahindra Bank,KOTAKBANK.NS,Stock,Banking,https://1drv.ms/i/c/8705623eb284e7df/IQR5SkMOJIW9R43lx11E2_9cATs8cy5dVQt7AFSXWivasss?width=650&height=366
25-01-2022,369.5702209,373.4061135,355.1333488,361.6095208,12845325,11,Kotak Mahindra Bank,KOTAKBANK.NS,Stock,Banking,https://1drv.ms/i/c/8705623eb284e7df/IQR5SkMOJIW9R43lx11E2_9cATs8cy5dVQt7AFSXWivasss?width=650&height=366
27-01-2022,376.4648438,378.3180106,362.8947782,366.6509468,18593095,11,Kotak Mahindra Bank,KOTAKBANK.NS,Stock,Banking,https://1drv.ms/i/c/8705623eb284e7df/IQR5SkMOJIW9R43lx11E2_9cATs8cy5dVQt7AFSXWivasss?width=650&height=366
28-01-2022,378.268219,389.9452562,376.3453014,377.6106348,24859820,11,Kotak Mahindra Bank,KOTAKBANK.NS,Stock,Banking,https://1drv.ms/i/c/8705623eb284e7df/IQR5SkMOJIW9R43lx11E2_9cATs8cy5dVQt7AFSXWivasss?width=650&height=366
31-01-2022,370.0883484,386.3584724,366.8502623,382.5923304,22583125,11,Kotak Mahindra Bank,KOTAKBANK.NS,Stock,Banking,https://1drv.ms/i/c/8705623eb284e7df/IQR5SkMOJIW9R43lx11E2_9cATs8cy5dVQt7AFSXWivasss?width=650&height=366
01-02-2022,375.0799561,379.6033217,365.4753104,375.0201784,15485430,11,Kotak Mahindra Bank,KOTAKBANK.NS,Stock,Banking,https://1drv.ms/i/c/8705623eb284e7df/IQR5SkMOJIW9R43lx11E2_9cATs8cy5dVQt7AFSXWivasss?width=650&height=366
02-02-2022,387.0957336,388.1717916,377.9892553,380.759063,13552540,11,Kotak Mahindra Bank,KOTAKBANK.NS,Stock,Banking,https://1drv.ms/i/c/8705623eb284e7df/IQR5SkMOJIW9R43lx11E2_9cATs8cy5dVQt7AFSXWivasss?width=650&height=366
03-02-2022,380.4103394,387.0658442,377.8198645,386.5577344,11198565,11,Kotak Mahindra Bank,KOTAKBANK.NS,Stock,Banking,https://1drv.ms/i/c/8705623eb284e7df/IQR5SkMOJIW9R43lx11E2_9cATs8cy5dVQt7AFSXWivasss?width=650&height=366
04-02-2022,375.4585266,382.1937546,374.6714142,381.3966691,8856335,11,Kotak Mahindra Bank,KOTAKBANK.NS,Stock,Banking,https://1drv.ms/i/c/8705623eb284e7df/IQR5SkMOJIW9R43lx11E2_9cATs8cy5dVQt7AFSXWivasss?width=650&height=366
07-02-2022,364.3494568,376.6143284,362.6656496,368.6436548,10269795,11,Kotak Mahindra Bank,KOTAKBANK.NS,Stock,Banking,https://1drv.ms/i/c/8705623eb284e7df/IQR5SkMOJIW9R43lx11E2_9cATs8cy5dVQt7AFSXWivasss?width=650&height=366
08-02-2022,362.2272339,368.2550432,357.3053409,365.6546257,17846850,11,Kotak Mahindra Bank,KOTAKBANK.NS,Stock,Banking,https://1drv.ms/i/c/8705623eb284e7df/IQR5SkMOJIW9R43lx11E2_9cATs8cy5dVQt7AFSXWivasss?width=650&height=366
09-02-2022,365.6546326,368.2052456,363.193686,365.7741878,8120290,11,Kotak Mahindra Bank,KOTAKBANK.NS,Stock,Banking,https://1drv.ms/i/c/8705623eb284e7df/IQR5SkMOJIW9R43lx11E2_9cATs8cy5dVQt7AFSXWivasss?width=650&height=366
10-02-2022,372.0710144,376.3951008,364.7080907,365.6546203,12540405,11,Kotak Mahindra Bank,KOTAKBANK.NS,Stock,Banking,https://1drv.ms/i/c/8705623eb284e7df/IQR5SkMOJIW9R43lx11E2_9cATs8cy5dVQt7AFSXWivasss?width=650&height=366
11-02-2022,364.3095703,369.4606312,363.0641526,369.4606312,9298775,11,Kotak Mahindra Bank,KOTAKBANK.NS,Stock,Banking,https://1drv.ms/i/c/8705623eb284e7df/IQR5SkMOJIW9R43lx11E2_9cATs8cy5dVQt7AFSXWivasss?width=650&height=366
14-02-2022,348.0892334,363.4327722,346.3157599,356.6975745,15134105,11,Kotak Mahindra Bank,KOTAKBANK.NS,Stock,Banking,https://1drv.ms/i/c/8705623eb284e7df/IQR5SkMOJIW9R43lx11E2_9cATs8cy5dVQt7AFSXWivasss?width=650&height=366
15-02-2022,361.2906799,362.4663469,347.9298355,349.9125611,10276375,11,Kotak Mahindra Bank,KOTAKBANK.NS,Stock,Banking,https://1drv.ms/i/c/8705623eb284e7df/IQR5SkMOJIW9R43lx11E2_9cATs8cy5dVQt7AFSXWivasss?width=650&height=366
16-02-2022,364.6682739,369.2115552,358.6802959,361.6892141,11348780,11,Kotak Mahindra Bank,KOTAKBANK.NS,Stock,Banking,https://1drv.ms/i/c/8705623eb284e7df/IQR5SkMOJIW9R43lx11E2_9cATs8cy5dVQt7AFSXWivasss?width=650&height=366
17-02-2022,362.1275635,367.4978186,360.7526176,365.6545945,14051145,11,Kotak Mahindra Bank,KOTAKBANK.NS,Stock,Banking,https://1drv.ms/i/c/8705623eb284e7df/IQR5SkMOJIW9R43lx11E2_9cATs8cy5dVQt7AFSXWivasss?width=650&height=366
18-02-2022,363.9708557,364.8576078,359.8460478,360.4836859,6148340,11,Kotak Mahindra Bank,KOTAKBANK.NS,Stock,Banking,https://1drv.ms/i/c/8705623eb284e7df/IQR5SkMOJIW9R43lx11E2_9cATs8cy5dVQt7AFSXWivasss?width=650&height=366
21-02-2022,364.0804443,368.9026981,359.0987735,360.2744405,6719555,11,Kotak Mahindra Bank,KOTAKBANK.NS,Stock,Banking,https://1drv.ms/i/c/8705623eb284e7df/IQR5SkMOJIW9R43lx11E2_9cATs8cy5dVQt7AFSXWivasss?width=650&height=366
22-02-2022,366.9996948,368.4643073,356.6876302,356.6876302,15110375,11,Kotak Mahindra Bank,KOTAKBANK.NS,Stock,Banking,https://1drv.ms/i/c/8705623eb284e7df/IQR5SkMOJIW9R43lx11E2_9cATs8cy5dVQt7AFSXWivasss?width=650&height=366
23-02-2022,375.8371582,381.1675518,369.221485,369.221485,34579605,11,Kotak Mahindra Bank,KOTAKBANK.NS,Stock,Banking,https://1drv.ms/i/c/8705623eb284e7df/IQR5SkMOJIW9R43lx11E2_9cATs8cy5dVQt7AFSXWivasss?width=650&height=366
24-02-2022,357.6540833,373.5057638,354.0473584,365.5251172,24780215,11,Kotak Mahindra Bank,KOTAKBANK.NS,Stock,Banking,https://1drv.ms/i/c/8705623eb284e7df/IQR5SkMOJIW9R43lx11E2_9cATs8cy5dVQt7AFSXWivasss?width=650&height=366
25-02-2022,369.9787598,371.8817618,358.8895546,362.8549759,19969430,11,Kotak Mahindra Bank,KOTAKBANK.NS,Stock,Banking,https://1drv.ms/i/c/8705623eb284e7df/IQR5SkMOJIW9R43lx11E2_9cATs8cy5dVQt7AFSXWivasss?width=650&height=366
28-02-2022,367.1989136,369.0421377,361.609494,366.0531355,13562810,11,Kotak Mahindra Bank,KOTAKBANK.NS,Stock,Banking,https://1drv.ms/i/c/8705623eb284e7df/IQR5SkMOJIW9R43lx11E2_9cATs8cy5dVQt7AFSXWivasss?width=650&height=366
02-03-2022,359.8759155,362.5361107,353.7584091,361.0316364,14154775,11,Kotak Mahindra Bank,KOTAKBANK.NS,Stock,Banking,https://1drv.ms/i/c/8705623eb284e7df/IQR5SkMOJIW9R43lx11E2_9cATs8cy5dVQt7AFSXWivasss?width=650&height=366
03-03-2022,357.1359558,362.5859043,353.2203398,361.260763,14810715,11,Kotak Mahindra Bank,KOTAKBANK.NS,Stock,Banking,https://1drv.ms/i/c/8705623eb284e7df/IQR5SkMOJIW9R43lx11E2_9cATs8cy5dVQt7AFSXWivasss?width=650&height=366
04-03-2022,349.1453857,355.8806147,345.4689101,352.7023061,12745970,11,Kotak Mahindra Bank,KOTAKBANK.NS,Stock,Banking,https://1drv.ms/i/c/8705623eb284e7df/IQR5SkMOJIW9R43lx11E2_9cATs8cy5dVQt7AFSXWivasss?width=650&height=366
07-03-2022,341.1249084,344.9109662,334.7782645,337.4584059,13489675,11,Kotak Mahindra Bank,KOTAKBANK.NS,Stock,Banking,https://1drv.ms/i/c/8705623eb284e7df/IQR5SkMOJIW9R43lx11E2_9cATs8cy5dVQt7AFSXWivasss?width=650&height=366
08-03-2022,343.3566589,344.6319654,333.2837356,338.7536002,27182480,11,Kotak Mahindra Bank,KOTAKBANK.NS,Stock,Banking,https://1drv.ms/i/c/8705623eb284e7df/IQR5SkMOJIW9R43lx11E2_9cATs8cy5dVQt7AFSXWivasss?width=650&height=366
09-03-2022,346.5449524,348.3483148,337.1594713,343.3566709,34597305,11,Kotak Mahindra Bank,KOTAKBANK.NS,Stock,Banking,https://1drv.ms/i/c/8705623eb284e7df/IQR5SkMOJIW9R43lx11E2_9cATs8cy5dVQt7AFSXWivasss?width=650&height=366
10-03-2022,349.5837402,361.2707502,345.9272111,358.6802754,20942345,11,Kotak Mahindra Bank,KOTAKBANK.NS,Stock,Banking,https://1drv.ms/i/c/8705623eb284e7df/IQR5SkMOJIW9R43lx11E2_9cATs8cy5dVQt7AFSXWivasss?width=650&height=366
11-03-2022,351.3074341,354.6750484,345.9272357,347.720625,12531700,11,Kotak Mahindra Bank,KOTAKBANK.NS,Stock,Banking,https://1drv.ms/i/c/8705623eb284e7df/IQR5SkMOJIW9R43lx11E2_9cATs8cy5dVQt7AFSXWivasss?width=650&height=366
14-03-2022,356.4385376,358.1522335,347.1228073,347.8102803,16583245,11,Kotak Mahindra Bank,KOTAKBANK.NS,Stock,Banking,https://1drv.ms/i/c/8705623eb284e7df/IQR5SkMOJIW9R43lx11E2_9cATs8cy5dVQt7AFSXWivasss?width=650&height=366
15-03-2022,345.4788818,356.6776684,341.5433496,355.4920283,24037275,11,Kotak Mahindra Bank,KOTAKBANK.NS,Stock,Banking,https://1drv.ms/i/c/8705623eb284e7df/IQR5SkMOJIW9R43lx11E2_9cATs8cy5dVQt7AFSXWivasss?width=650&height=366
16-03-2022,350.8092651,353.6587663,349.2649289,350.7096256,14636205,11,Kotak Mahindra Bank,KOTAKBANK.NS,Stock,Banking,https://1drv.ms/i/c/8705623eb284e7df/IQR5SkMOJIW9R43lx11E2_9cATs8cy5dVQt7AFSXWivasss?width=650&height=366
17-03-2022,362.6656494,364.1800665,355.203116,356.6876442,16795035,11,Kotak Mahindra Bank,KOTAKBANK.NS,Stock,Banking,https://1drv.ms/i/c/8705623eb284e7df/IQR5SkMOJIW9R43lx11E2_9cATs8cy5dVQt7AFSXWivasss?width=650&height=366
21-03-2022,354.1170959,364.6582978,353.3000946,361.7988237,11988495,11,Kotak Mahindra Bank,KOTAKBANK.NS,Stock,Banking,https://1drv.ms/i/c/8705623eb284e7df/IQR5SkMOJIW9R43lx11E2_9cATs8cy5dVQt7AFSXWivasss?width=650&height=366
22-03-2022,360.2445679,361.3903461,349.7830587,354.1171186,16987280,11,Kotak Mahindra Bank,KOTAKBANK.NS,Stock,Banking,https://1drv.ms/i/c/8705623eb284e7df/IQR5SkMOJIW9R43lx11E2_9cATs8cy5dVQt7AFSXWivasss?width=650&height=366
23-03-2022,352.6524658,364.1103079,350.3110746,361.6692772,16131700,11,Kotak Mahindra Bank,KOTAKBANK.NS,Stock,Banking,https://1drv.ms/i/c/8705623eb284e7df/IQR5SkMOJIW9R43lx11E2_9cATs8cy5dVQt7AFSXWivasss?width=650&height=366
24-03-2022,341.5732117,344.5124095,338.9528785,341.7426018,98550890,11,Kotak Mahindra Bank,KOTAKBANK.NS,Stock,Banking,https://1drv.ms/i/c/8705623eb284e7df/IQR5SkMOJIW9R43lx11E2_9cATs8cy5dVQt7AFSXWivasss?width=650&height=366
25-03-2022,343.1873169,345.0902884,341.1448136,344.3330951,15195750,11,Kotak Mahindra Bank,KOTAKBANK.NS,Stock,Banking,https://1drv.ms/i/c/8705623eb284e7df/IQR5SkMOJIW9R43lx11E2_9cATs8cy5dVQt7AFSXWivasss?width=650&height=366
28-03-2022,343.775116,344.3330606,337.1694162,344.3330606,15351020,11,Kotak Mahindra Bank,KOTAKBANK.NS,Stock,Banking,https://1drv.ms/i/c/8705623eb284e7df/IQR5SkMOJIW9R43lx11E2_9cATs8cy5dVQt7AFSXWivasss?width=650&height=366
29-03-2022,344.7316284,346.9036296,342.4898765,346.3257692,12928950,11,Kotak Mahindra Bank,KOTAKBANK.NS,Stock,Banking,https://1drv.ms/i/c/8705623eb284e7df/IQR5SkMOJIW9R43lx11E2_9cATs8cy5dVQt7AFSXWivasss?width=650&height=366
30-03-2022,351.327301,352.4730791,345.9271876,348.5973555,16790770,11,Kotak Mahindra Bank,KOTAKBANK.NS,Stock,Banking,https://1drv.ms/i/c/8705623eb284e7df/IQR5SkMOJIW9R43lx11E2_9cATs8cy5dVQt7AFSXWivasss?width=650&height=366
31-03-2022,349.4841309,354.445886,348.1191579,349.7332144,14242040,11,Kotak Mahindra Bank,KOTAKBANK.NS,Stock,Banking,https://1drv.ms/i/c/8705623eb284e7df/IQR5SkMOJIW9R43lx11E2_9cATs8cy5dVQt7AFSXWivasss?width=650&height=366
01-04-2022,354.0273743,354.6949315,347.8401482,348.5774256,11868865,11,Kotak Mahindra Bank,KOTAKBANK.NS,Stock,Banking,https://1drv.ms/i/c/8705623eb284e7df/IQR5SkMOJIW9R43lx11E2_9cATs8cy5dVQt7AFSXWivasss?width=650&height=366
04-04-2022,365.8638916,366.6510042,345.7279849,356.089855,19987830,11,Kotak Mahindra Bank,KOTAKBANK.NS,Stock,Banking,https://1drv.ms/i/c/8705623eb284e7df/IQR5SkMOJIW9R43lx11E2_9cATs8cy5dVQt7AFSXWivasss?width=650&height=366
05-04-2022,359.1186829,366.2623817,357.5245421,365.8638541,10664355,11,Kotak Mahindra Bank,KOTAKBANK.NS,Stock,Banking,https://1drv.ms/i/c/8705623eb284e7df/IQR5SkMOJIW9R43lx11E2_9cATs8cy5dVQt7AFSXWivasss?width=650&height=366
06-04-2022,354.5753784,357.2854083,353.0509885,356.1894348,11745005,11,Kotak Mahindra Bank,KOTAKBANK.NS,Stock,Banking,https://1drv.ms/i/c/8705623eb284e7df/IQR5SkMOJIW9R43lx11E2_9cATs8cy5dVQt7AFSXWivasss?width=650&height=366
07-04-2022,351.994873,357.0861256,351.3074001,352.9015407,21943915,11,Kotak Mahindra Bank,KOTAKBANK.NS,Stock,Banking,https://1drv.ms/i/c/8705623eb284e7df/IQR5SkMOJIW9R43lx11E2_9cATs8cy5dVQt7AFSXWivasss?width=650&height=366
08-04-2022,355.5916443,356.6876179,349.9324737,353.7484201,11908355,11,Kotak Mahindra Bank,KOTAKBANK.NS,Stock,Banking,https://1drv.ms/i/c/8705623eb284e7df/IQR5SkMOJIW9R43lx11E2_9cATs8cy5dVQt7AFSXWivasss?width=650&height=366
11-04-2022,355.3824158,359.9057811,351.3671905,353.6986087,9589710,11,Kotak Mahindra Bank,KOTAKBANK.NS,Stock,Banking,https://1drv.ms/i/c/8705623eb284e7df/IQR5SkMOJIW9R43lx11E2_9cATs8cy5dVQt7AFSXWivasss?width=650&height=366
12-04-2022,359.0489502,361.2010357,352.7023062,352.9115279,12061210,11,Kotak Mahindra Bank,KOTAKBANK.NS,Stock,Banking,https://1drv.ms/i/c/8705623eb284e7df/IQR5SkMOJIW9R43lx11E2_9cATs8cy5dVQt7AFSXWivasss?width=650&height=366
13-04-2022,354.6152649,362.3667434,353.2502616,360.214658,9618460,11,Kotak Mahindra Bank,KOTAKBANK.NS,Stock,Banking,https://1drv.ms/i/c/8705623eb284e7df/IQR5SkMOJIW9R43lx11E2_9cATs8cy5dVQt7AFSXWivasss?width=650&height=366
18-04-2022,348.7966003,353.8181323,344.7315709,353.8181323,9800705,11,Kotak Mahindra Bank,KOTAKBANK.NS,Stock,Banking,https://1drv.ms/i/c/8705623eb284e7df/IQR5SkMOJIW9R43lx11E2_9cATs8cy5dVQt7AFSXWivasss?width=650&height=366
19-04-2022,340.2481079,352.0447004,336.1631319,351.3074229,11947870,11,Kotak Mahindra Bank,KOTAKBANK.NS,Stock,Banking,https://1drv.ms/i/c/8705623eb284e7df/IQR5SkMOJIW9R43lx11E2_9cATs8cy5dVQt7AFSXWivasss?width=650&height=366
20-04-2022,342.9980164,344.1338215,335.4457862,341.344098,16007725,11,Kotak Mahindra Bank,KOTAKBANK.NS,Stock,Banking,https://1drv.ms/i/c/8705623eb284e7df/IQR5SkMOJIW9R43lx11E2_9cATs8cy5dVQt7AFSXWivasss?width=650&height=366
21-04-2022,350.8789673,353.3897181,343.545933,343.7352389,13653455,11,Kotak Mahindra Bank,KOTAKBANK.NS,Stock,Banking,https://1drv.ms/i/c/8705623eb284e7df/IQR5SkMOJIW9R43lx11E2_9cATs8cy5dVQt7AFSXWivasss?width=650&height=366
22-04-2022,344.2832336,348.4977378,343.0179003,346.7242643,11280190,11,Kotak Mahindra Bank,KOTAKBANK.NS,Stock,Banking,https://1drv.ms/i/c/8705623eb284e7df/IQR5SkMOJIW9R43lx11E2_9cATs8cy5dVQt7AFSXWivasss?width=650&height=366
25-04-2022,344.5024414,346.3058038,337.5579913,339.2517715,10746970,11,Kotak Mahindra Bank,KOTAKBANK.NS,Stock,Banking,https://1drv.ms/i/c/8705623eb284e7df/IQR5SkMOJIW9R43lx11E2_9cATs8cy5dVQt7AFSXWivasss?width=650&height=366
26-04-2022,347.2623291,348.3184409,344.9807153,347.9398291,7273885,11,Kotak Mahindra Bank,KOTAKBANK.NS,Stock,Banking,https://1drv.ms/i/c/8705623eb284e7df/IQR5SkMOJIW9R43lx11E2_9cATs8cy5dVQt7AFSXWivasss?width=650&height=366
27-04-2022,347.0231323,349.1154399,343.5359632,343.5359632,14112960,11,Kotak Mahindra Bank,KOTAKBANK.NS,Stock,Banking,https://1drv.ms/i/c/8705623eb284e7df/IQR5SkMOJIW9R43lx11E2_9cATs8cy5dVQt7AFSXWivasss?width=650&height=366
28-04-2022,351.8354492,353.3000615,345.2098338,348.5176398,11712485,11,Kotak Mahindra Bank,KOTAKBANK.NS,Stock,Banking,https://1drv.ms/i/c/8705623eb284e7df/IQR5SkMOJIW9R43lx11E2_9cATs8cy5dVQt7AFSXWivasss?width=650&height=366
29-04-2022,356.8370667,360.7327368,352.1044795,352.4930644,18443295,11,Kotak Mahindra Bank,KOTAKBANK.NS,Stock,Banking,https://1drv.ms/i/c/8705623eb284e7df/IQR5SkMOJIW9R43lx11E2_9cATs8cy5dVQt7AFSXWivasss?width=650&height=366
02-05-2022,353.5691223,354.7846513,348.7269526,351.8155643,9897330,11,Kotak Mahindra Bank,KOTAKBANK.NS,Stock,Banking,https://1drv.ms/i/c/8705623eb284e7df/IQR5SkMOJIW9R43lx11E2_9cATs8cy5dVQt7AFSXWivasss?width=650&height=366
04-05-2022,353.8181763,363.4029059,352.3037593,352.3037593,28732370,11,Kotak Mahindra Bank,KOTAKBANK.NS,Stock,Banking,https://1drv.ms/i/c/8705623eb284e7df/IQR5SkMOJIW9R43lx11E2_9cATs8cy5dVQt7AFSXWivasss?width=650&height=366
05-05-2022,358.2020264,362.8648931,355.551774,358.8795567,17840235,11,Kotak Mahindra Bank,KOTAKBANK.NS,Stock,Banking,https://1drv.ms/i/c/8705623eb284e7df/IQR5SkMOJIW9R43lx11E2_9cATs8cy5dVQt7AFSXWivasss?width=650&height=366
06-05-2022,353.7583923,357.6739782,348.7169441,349.743167,14237415,11,Kotak Mahindra Bank,KOTAKBANK.NS,Stock,Banking,https://1drv.ms/i/c/8705623eb284e7df/IQR5SkMOJIW9R43lx11E2_9cATs8cy5dVQt7AFSXWivasss?width=650&height=366
09-05-2022,352.2041016,355.4919919,347.3220706,347.7205981,10846810,11,Kotak Mahindra Bank,KOTAKBANK.NS,Stock,Banking,https://1drv.ms/i/c/8705623eb284e7df/IQR5SkMOJIW9R43lx11E2_9cATs8cy5dVQt7AFSXWivasss?width=650&height=366
10-05-2022,358.1123657,360.4338413,352.2041117,352.7022787,9949270,11,Kotak Mahindra Bank,KOTAKBANK.NS,Stock,Banking,https://1drv.ms/i/c/8705623eb284e7df/IQR5SkMOJIW9R43lx11E2_9cATs8cy5dVQt7AFSXWivasss?width=650&height=366
11-05-2022,360.6629944,362.2671082,357.883244,358.2817715,13109420,11,Kotak Mahindra Bank,KOTAKBANK.NS,Stock,Banking,https://1drv.ms/i/c/8705623eb284e7df/IQR5SkMOJIW9R43lx11E2_9cATs8cy5dVQt7AFSXWivasss?width=650&height=366
12-05-2022,350.8889465,359.9954551,350.1118071,359.2382314,21411340,11,Kotak Mahindra Bank,KOTAKBANK.NS,Stock,Banking,https://1drv.ms/i/c/8705623eb284e7df/IQR5SkMOJIW9R43lx11E2_9cATs8cy5dVQt7AFSXWivasss?width=650&height=366
13-05-2022,354.6052856,357.6839545,349.9125604,355.6912862,13685110,11,Kotak Mahindra Bank,KOTAKBANK.NS,Stock,Banking,https://1drv.ms/i/c/8705623eb284e7df/IQR5SkMOJIW9R43lx11E2_9cATs8cy5dVQt7AFSXWivasss?width=650&height=366
16-05-2022,361.2408752,363.6619599,351.9351181,354.8942317,15195905,11,Kotak Mahindra Bank,KOTAKBANK.NS,Stock,Banking,https://1drv.ms/i/c/8705623eb284e7df/IQR5SkMOJIW9R43lx11E2_9cATs8cy5dVQt7AFSXWivasss?width=650&height=366
17-05-2022,366.7107544,367.6273952,362.1873887,363.2634467,15103905,11,Kotak Mahindra Bank,KOTAKBANK.NS,Stock,Banking,https://1drv.ms/i/c/8705623eb284e7df/IQR5SkMOJIW9R43lx11E2_9cATs8cy5dVQt7AFSXWivasss?width=650&height=366
18-05-2022,368.0059509,371.4333427,366.8203413,368.0358701,26608920,11,Kotak Mahindra Bank,KOTAKBANK.NS,Stock,Banking,https://1drv.ms/i/c/8705623eb284e7df/IQR5SkMOJIW9R43lx11E2_9cATs8cy5dVQt7AFSXWivasss?width=650&height=366
19-05-2022,355.372467,364.1202799,354.3661902,361.0714998,15541605,11,Kotak Mahindra Bank,KOTAKBANK.NS,Stock,Banking,https://1drv.ms/i/c/8705623eb284e7df/IQR5SkMOJIW9R43lx11E2_9cATs8cy5dVQt7AFSXWivasss?width=650&height=366
20-05-2022,364.4889221,366.6310649,357.5743908,360.8722546,13248360,11,Kotak Mahindra Bank,KOTAKBANK.NS,Stock,Banking,https://1drv.ms/i/c/8705623eb284e7df/IQR5SkMOJIW9R43lx11E2_9cATs8cy5dVQt7AFSXWivasss?width=650&height=366
23-05-2022,369.5004578,372.9278496,366.9000403,369.0421526,14130390,11,Kotak Mahindra Bank,KOTAKBANK.NS,Stock,Banking,https://1drv.ms/i/c/8705623eb284e7df/IQR5SkMOJIW9R43lx11E2_9cATs8cy5dVQt7AFSXWivasss?width=650&height=366
24-05-2022,375.13974,376.6143255,367.2089283,370.2278197,17109500,11,Kotak Mahindra Bank,KOTAKBANK.NS,Stock,Banking,https://1drv.ms/i/c/8705623eb284e7df/IQR5SkMOJIW9R43lx11E2_9cATs8cy5dVQt7AFSXWivasss?width=650&height=366
25-05-2022,380.1114502,386.8765372,375.8770301,378.1785595,31263010,11,Kotak Mahindra Bank,KOTAKBANK.NS,Stock,Banking,https://1drv.ms/i/c/8705623eb284e7df/IQR5SkMOJIW9R43lx11E2_9cATs8cy5dVQt7AFSXWivasss?width=650&height=366
26-05-2022,380.3306274,382.9908225,375.4286503,381.5859877,24749145,11,Kotak Mahindra Bank,KOTAKBANK.NS,Stock,Banking,https://1drv.ms/i/c/8705623eb284e7df/IQR5SkMOJIW9R43lx11E2_9cATs8cy5dVQt7AFSXWivasss?width=650&height=366
27-05-2022,387.8131104,388.5703341,381.1974671,382.7916079,12201835,11,Kotak Mahindra Bank,KOTAKBANK.NS,Stock,Banking,https://1drv.ms/i/c/8705623eb284e7df/IQR5SkMOJIW9R43lx11E2_9cATs8cy5dVQt7AFSXWivasss?width=650&height=366
30-05-2022,379.2446289,388.9190246,377.7202085,387.623772,19939000,11,Kotak Mahindra Bank,KOTAKBANK.NS,Stock,Banking,https://1drv.ms/i/c/8705623eb284e7df/IQR5SkMOJIW9R43lx11E2_9cATs8cy5dVQt7AFSXWivasss?width=650&height=366
31-05-2022,368.0159302,377.8398004,364.3295122,376.8334932,74151530,11,Kotak Mahindra Bank,KOTAKBANK.NS,Stock,Banking,https://1drv.ms/i/c/8705623eb284e7df/IQR5SkMOJIW9R43lx11E2_9cATs8cy5dVQt7AFSXWivasss?width=650&height=366
01-06-2022,371.6525574,373.426031,365.7243874,366.6509708,11913225,11,Kotak Mahindra Bank,KOTAKBANK.NS,Stock,Banking,https://1drv.ms/i/c/8705623eb284e7df/IQR5SkMOJIW9R43lx11E2_9cATs8cy5dVQt7AFSXWivasss?width=650&height=366
02-06-2022,370.1680298,374.4223657,367.8465846,368.284974,13321505,11,Kotak Mahindra Bank,KOTAKBANK.NS,Stock,Banking,https://1drv.ms/i/c/8705623eb284e7df/IQR5SkMOJIW9R43lx11E2_9cATs8cy5dVQt7AFSXWivasss?width=650&height=366
03-06-2022,370.3673096,374.4223665,369.2613628,374.4223665,9076875,11,Kotak Mahindra Bank,KOTAKBANK.NS,Stock,Banking,https://1drv.ms/i/c/8705623eb284e7df/IQR5SkMOJIW9R43lx11E2_9cATs8cy5dVQt7AFSXWivasss?width=650&height=366
06-06-2022,372.4894714,374.0238345,367.2786633,367.6473021,12940485,11,Kotak Mahindra Bank,KOTAKBANK.NS,Stock,Banking,https://1drv.ms/i/c/8705623eb284e7df/IQR5SkMOJIW9R43lx11E2_9cATs8cy5dVQt7AFSXWivasss?width=650&height=366
07-06-2022,370.2676697,371.6326426,365.0568311,371.4333636,8558195,11,Kotak Mahindra Bank,KOTAKBANK.NS,Stock,Banking,https://1drv.ms/i/c/8705623eb284e7df/IQR5SkMOJIW9R43lx11E2_9cATs8cy5dVQt7AFSXWivasss?width=650&height=366
08-06-2022,367.7469788,374.6415948,366.4019214,370.636342,7328080,11,Kotak Mahindra Bank,KOTAKBANK.NS,Stock,Banking,https://1drv.ms/i/c/8705623eb284e7df/IQR5SkMOJIW9R43lx11E2_9cATs8cy5dVQt7AFSXWivasss?width=650&height=366
09-06-2022,371.6725159,373.196906,364.2000094,366.4018995,6404340,11,Kotak Mahindra Bank,KOTAKBANK.NS,Stock,Banking,https://1drv.ms/i/c/8705623eb284e7df/IQR5SkMOJIW9R43lx11E2_9cATs8cy5dVQt7AFSXWivasss?width=650&height=366
10-06-2022,357.0463257,369.480588,355.5020198,366.6510024,14299750,11,Kotak Mahindra Bank,KOTAKBANK.NS,Stock,Banking,https://1drv.ms/i/c/8705623eb284e7df/IQR5SkMOJIW9R43lx11E2_9cATs8cy5dVQt7AFSXWivasss?width=650&height=366
13-06-2022,346.1962585,349.2350658,342.4699782,347.3221211,11747225,11,Kotak Mahindra Bank,KOTAKBANK.NS,Stock,Banking,https://1drv.ms/i/c/8705623eb284e7df/IQR5SkMOJIW9R43lx11E2_9cATs8cy5dVQt7AFSXWivasss?width=650&height=366
14-06-2022,346.6644897,348.4479363,343.0577652,345.8474885,7755235,11,Kotak Mahindra Bank,KOTAKBANK.NS,Stock,Banking,https://1drv.ms/i/c/8705623eb284e7df/IQR5SkMOJIW9R43lx11E2_9cATs8cy5dVQt7AFSXWivasss?width=650&height=366
15-06-2022,346.0567017,348.716927,344.512396,346.3257313,8850845,11,Kotak Mahindra Bank,KOTAKBANK.NS,Stock,Banking,https://1drv.ms/i/c/8705623eb284e7df/IQR5SkMOJIW9R43lx11E2_9cATs8cy5dVQt7AFSXWivasss?width=650&height=366
16-06-2022,333.931366,349.4243502,332.7756147,347.1228207,14866460,11,Kotak Mahindra Bank,KOTAKBANK.NS,Stock,Banking,https://1drv.ms/i/c/8705623eb284e7df/IQR5SkMOJIW9R43lx11E2_9cATs8cy5dVQt7AFSXWivasss?width=650&height=366
17-06-2022,333.492981,335.5055651,328.51131,330.9822297,15819320,11,Kotak Mahindra Bank,KOTAKBANK.NS,Stock,Banking,https://1drv.ms/i/c/8705623eb284e7df/IQR5SkMOJIW9R43lx11E2_9cATs8cy5dVQt7AFSXWivasss?width=650&height=366
20-06-2022,334.6088562,336.7310528,329.188796,333.4929668,8837885,11,Kotak Mahindra Bank,KOTAKBANK.NS,Stock,Banking,https://1drv.ms/i/c/8705623eb284e7df/IQR5SkMOJIW9R43lx11E2_9cATs8cy5dVQt7AFSXWivasss?width=650&height=366
21-06-2022,335.0671387,340.5469761,333.2837226,336.7609188,12518015,11,Kotak Mahindra Bank,KOTAKBANK.NS,Stock,Banking,https://1drv.ms/i/c/8705623eb284e7df/IQR5SkMOJIW9R43lx11E2_9cATs8cy5dVQt7AFSXWivasss?width=650&height=366
22-06-2022,332.7158508,333.9413529,329.3880982,331.7792942,8859625,11,Kotak Mahindra Bank,KOTAKBANK.NS,Stock,Banking,https://1drv.ms/i/c/8705623eb284e7df/IQR5SkMOJIW9R43lx11E2_9cATs8cy5dVQt7AFSXWivasss?width=650&height=366
23-06-2022,335.5852661,337.7572672,328.5511496,333.7719307,12454005,11,Kotak Mahindra Bank,KOTAKBANK.NS,Stock,Banking,https://1drv.ms/i/c/8705623eb284e7df/IQR5SkMOJIW9R43lx11E2_9cATs8cy5dVQt7AFSXWivasss?width=650&height=366
24-06-2022,338.4347839,341.7227049,336.7908386,338.7536182,8088605,11,Kotak Mahindra Bank,KOTAKBANK.NS,Stock,Banking,https://1drv.ms/i/c/8705623eb284e7df/IQR5SkMOJIW9R43lx11E2_9cATs8cy5dVQt7AFSXWivasss?width=650&height=366
27-06-2022,337.0697937,342.7190215,335.7645984,342.1809926,10640560,11,Kotak Mahindra Bank,KOTAKBANK.NS,Stock,Banking,https://1drv.ms/i/c/8705623eb284e7df/IQR5SkMOJIW9R43lx11E2_9cATs8cy5dVQt7AFSXWivasss?width=650&height=366
28-06-2022,332.5364685,337.2291935,331.7194673,335.7446654,13997215,11,Kotak Mahindra Bank,KOTAKBANK.NS,Stock,Banking,https://1drv.ms/i/c/8705623eb284e7df/IQR5SkMOJIW9R43lx11E2_9cATs8cy5dVQt7AFSXWivasss?width=650&height=366
29-06-2022,327.2857971,330.5737181,326.1400189,328.7902714,14664150,11,Kotak Mahindra Bank,KOTAKBANK.NS,Stock,Banking,https://1drv.ms/i/c/8705623eb284e7df/IQR5SkMOJIW9R43lx11E2_9cATs8cy5dVQt7AFSXWivasss?width=650&height=366
30-06-2022,331.0021057,334.150525,325.0041856,325.2034341,19910320,11,Kotak Mahindra Bank,KOTAKBANK.NS,Stock,Banking,https://1drv.ms/i/c/8705623eb284e7df/IQR5SkMOJIW9R43lx11E2_9cATs8cy5dVQt7AFSXWivasss?width=650&height=366
01-07-2022,332.32724,334.6686313,326.0005425,327.7939318,11502570,11,Kotak Mahindra Bank,KOTAKBANK.NS,Stock,Banking,https://1drv.ms/i/c/8705623eb284e7df/IQR5SkMOJIW9R43lx11E2_9cATs8cy5dVQt7AFSXWivasss?width=650&height=366
04-07-2022,332.9549255,335.6550129,330.7928975,332.0881197,9343905,11,Kotak Mahindra Bank,KOTAKBANK.NS,Stock,Banking,https://1drv.ms/i/c/8705623eb284e7df/IQR5SkMOJIW9R43lx11E2_9cATs8cy5dVQt7AFSXWivasss?width=650&height=366
05-07-2022,331.390686,337.7174139,330.1751876,333.7719392,13210485,11,Kotak Mahindra Bank,KOTAKBANK.NS,Stock,Banking,https://1drv.ms/i/c/8705623eb284e7df/IQR5SkMOJIW9R43lx11E2_9cATs8cy5dVQt7AFSXWivasss?width=650&height=366
06-07-2022,339.6502991,341.224524,332.9748786,335.1667955,27864745,11,Kotak Mahindra Bank,KOTAKBANK.NS,Stock,Banking,https://1drv.ms/i/c/8705623eb284e7df/IQR5SkMOJIW9R43lx11E2_9cATs8cy5dVQt7AFSXWivasss?width=650&height=366
07-07-2022,346.4253845,347.5213277,341.9518237,342.3404086,15850325,11,Kotak Mahindra Bank,KOTAKBANK.NS,Stock,Banking,https://1drv.ms/i/c/8705623eb284e7df/IQR5SkMOJIW9R43lx11E2_9cATs8cy5dVQt7AFSXWivasss?width=650&height=366
08-07-2022,347.6708374,350.0022558,345.1700288,349.7133104,8890745,11,Kotak Mahindra Bank,KOTAKBANK.NS,Stock,Banking,https://1drv.ms/i/c/8705623eb284e7df/IQR5SkMOJIW9R43lx11E2_9cATs8cy5dVQt7AFSXWivasss?width=650&height=366
11-07-2022,346.9733582,348.1191363,344.3729407,347.3220812,7665895,11,Kotak Mahindra Bank,KOTAKBANK.NS,Stock,Banking,https://1drv.ms/i/c/8705623eb284e7df/IQR5SkMOJIW9R43lx11E2_9cATs8cy5dVQt7AFSXWivasss?width=650&height=366
12-07-2022,342.5297546,346.5250342,341.1348928,343.0378644,9144160,11,Kotak Mahindra Bank,KOTAKBANK.NS,Stock,Banking,https://1drv.ms/i/c/8705623eb284e7df/IQR5SkMOJIW9R43lx11E2_9cATs8cy5dVQt7AFSXWivasss?width=650&height=366
13-07-2022,347.1327515,347.9098908,343.4164145,343.5359697,18067340,11,Kotak Mahindra Bank,KOTAKBANK.NS,Stock,Banking,https://1drv.ms/i/c/8705623eb284e7df/IQR5SkMOJIW9R43lx11E2_9cATs8cy5dVQt7AFSXWivasss?width=650&height=366
14-07-2022,352.7122803,354.097169,346.1364685,346.724302,32854910,11,Kotak Mahindra Bank,KOTAKBANK.NS,Stock,Banking,https://1drv.ms/i/c/8705623eb284e7df/IQR5SkMOJIW9R43lx11E2_9cATs8cy5dVQt7AFSXWivasss?width=650&height=366
15-07-2022,356.2293396,356.6876448,352.702308,353.1606132,11668660,11,Kotak Mahindra Bank,KOTAKBANK.NS,Stock,Banking,https://1drv.ms/i/c/8705623eb284e7df/IQR5SkMOJIW9R43lx11E2_9cATs8cy5dVQt7AFSXWivasss?width=650&height=366
18-07-2022,367.776825,368.6436308,357.5345112,358.6802894,15585190,11,Kotak Mahindra Bank,KOTAKBANK.NS,Stock,Banking,https://1drv.ms/i/c/8705623eb284e7df/IQR5SkMOJIW9R43lx11E2_9cATs8cy5dVQt7AFSXWivasss?width=650&height=366
19-07-2022,365.6446533,369.0421564,364.2697074,365.6546264,14475875,11,Kotak Mahindra Bank,KOTAKBANK.NS,Stock,Banking,https://1drv.ms/i/c/8705623eb284e7df/IQR5SkMOJIW9R43lx11E2_9cATs8cy5dVQt7AFSXWivasss?width=650&height=366
20-07-2022,364.2098999,368.6435986,362.2869825,367.8963481,12857345,11,Kotak Mahindra Bank,KOTAKBANK.NS,Stock,Banking,https://1drv.ms/i/c/8705623eb284e7df/IQR5SkMOJIW9R43lx11E2_9cATs8cy5dVQt7AFSXWivasss?width=650&height=366
21-07-2022,358.7898865,363.6619752,356.2492465,363.6619752,10933370,11,Kotak Mahindra Bank,KOTAKBANK.NS,Stock,Banking,https://1drv.ms/i/c/8705623eb284e7df/IQR5SkMOJIW9R43lx11E2_9cATs8cy5dVQt7AFSXWivasss?width=650&height=366
22-07-2022,364.0804443,367.0495007,356.6278538,358.8795788,16747900,11,Kotak Mahindra Bank,KOTAKBANK.NS,Stock,Banking,https://1drv.ms/i/c/8705623eb284e7df/IQR5SkMOJIW9R43lx11E2_9cATs8cy5dVQt7AFSXWivasss?width=650&height=366
25-07-2022,357.7935486,368.4045318,355.7112138,361.8685821,9432575,11,Kotak Mahindra Bank,KOTAKBANK.NS,Stock,Banking,https://1drv.ms/i/c/8705623eb284e7df/IQR5SkMOJIW9R43lx11E2_9cATs8cy5dVQt7AFSXWivasss?width=650&height=366
26-07-2022,351.0284424,357.6739739,349.1154675,356.8868918,9012235,11,Kotak Mahindra Bank,KOTAKBANK.NS,Stock,Banking,https://1drv.ms/i/c/8705623eb284e7df/IQR5SkMOJIW9R43lx11E2_9cATs8cy5dVQt7AFSXWivasss?width=650&height=366
27-07-2022,349.5339355,350.9387703,345.1998761,350.9387703,17398225,11,Kotak Mahindra Bank,KOTAKBANK.NS,Stock,Banking,https://1drv.ms/i/c/8705623eb284e7df/IQR5SkMOJIW9R43lx11E2_9cATs8cy5dVQt7AFSXWivasss?width=650&height=366
28-07-2022,364.3594055,365.0269324,351.7059498,353.6587562,10772005,11,Kotak Mahindra Bank,KOTAKBANK.NS,Stock,Banking,https://1drv.ms/i/c/8705623eb284e7df/IQR5SkMOJIW9R43lx11E2_9cATs8cy5dVQt7AFSXWivasss?width=650&height=366
29-07-2022,360.7427368,370.0186059,359.4076526,366.1827131,11939990,11,Kotak Mahindra Bank,KOTAKBANK.NS,Stock,Banking,https://1drv.ms/i/c/8705623eb284e7df/IQR5SkMOJIW9R43lx11E2_9cATs8cy5dVQt7AFSXWivasss?width=650&height=366
01-08-2022,369.7893982,371.0348158,361.0714747,361.6692813,8277685,11,Kotak Mahindra Bank,KOTAKBANK.NS,Stock,Banking,https://1drv.ms/i/c/8705623eb284e7df/IQR5SkMOJIW9R43lx11E2_9cATs8cy5dVQt7AFSXWivasss?width=650&height=366
02-08-2022,375.538269,377.2121031,365.4952041,368.9823735,16788030,11,Kotak Mahindra Bank,KOTAKBANK.NS,Stock,Banking,https://1drv.ms/i/c/8705623eb284e7df/IQR5SkMOJIW9R43lx11E2_9cATs8cy5dVQt7AFSXWivasss?width=650&height=366
03-08-2022,368.862854,374.5818027,366.6509908,373.6253303,12678395,11,Kotak Mahindra Bank,KOTAKBANK.NS,Stock,Banking,https://1drv.ms/i/c/8705623eb284e7df/IQR5SkMOJIW9R43lx11E2_9cATs8cy5dVQt7AFSXWivasss?width=650&height=366
04-08-2022,365.7642212,370.4370309,361.5198583,369.9588099,11805930,11,Kotak Mahindra Bank,KOTAKBANK.NS,Stock,Banking,https://1drv.ms/i/c/8705623eb284e7df/IQR5SkMOJIW9R43lx11E2_9cATs8cy5dVQt7AFSXWivasss?width=650&height=366
05-08-2022,365.4354248,368.6436219,363.1936731,367.5974832,8322855,11,Kotak Mahindra Bank,KOTAKBANK.NS,Stock,Banking,https://1drv.ms/i/c/8705623eb284e7df/IQR5SkMOJIW9R43lx11E2_9cATs8cy5dVQt7AFSXWivasss?width=650&height=366
08-08-2022,367.5476379,368.543972,362.0279386,364.6582752,7779625,11,Kotak Mahindra Bank,KOTAKBANK.NS,Stock,Banking,https://1drv.ms/i/c/8705623eb284e7df/IQR5SkMOJIW9R43lx11E2_9cATs8cy5dVQt7AFSXWivasss?width=650&height=366
10-08-2022,364.3295288,368.4941983,362.874859,368.2451148,8286635,11,Kotak Mahindra Bank,KOTAKBANK.NS,Stock,Banking,https://1drv.ms/i/c/8705623eb284e7df/IQR5SkMOJIW9R43lx11E2_9cATs8cy5dVQt7AFSXWivasss?width=650&height=366
11-08-2022,369.5634155,370.1914583,365.4759804,368.6661507,13891690,11,Kotak Mahindra Bank,KOTAKBANK.NS,Stock,Banking,https://1drv.ms/i/c/8705623eb284e7df/IQR5SkMOJIW9R43lx11E2_9cATs8cy5dVQt7AFSXWivasss?width=650&height=366
12-08-2022,367.1109619,370.8594434,366.1738415,370.8594434,6982610,11,Kotak Mahindra Bank,KOTAKBANK.NS,Stock,Banking,https://1drv.ms/i/c/8705623eb284e7df/IQR5SkMOJIW9R43lx11E2_9cATs8cy5dVQt7AFSXWivasss?width=650&height=366
16-08-2022,368.1377869,371.2183091,366.5825723,368.95528,6568120,11,Kotak Mahindra Bank,KOTAKBANK.NS,Stock,Banking,https://1drv.ms/i/c/8705623eb284e7df/IQR5SkMOJIW9R43lx11E2_9cATs8cy5dVQt7AFSXWivasss?width=650&height=366
17-08-2022,366.8118591,369.6630755,365.1071107,369.6630755,16916670,11,Kotak Mahindra Bank,KOTAKBANK.NS,Stock,Banking,https://1drv.ms/i/c/8705623eb284e7df/IQR5SkMOJIW9R43lx11E2_9cATs8cy5dVQt7AFSXWivasss?width=650&height=366
18-08-2022,379.7321167,381.2275176,365.2765751,366.6722765,18306580,11,Kotak Mahindra Bank,KOTAKBANK.NS,Stock,Banking,https://1drv.ms/i/c/8705623eb284e7df/IQR5SkMOJIW9R43lx11E2_9cATs8cy5dVQt7AFSXWivasss?width=650&height=366
19-08-2022,374.2489929,387.2988545,373.0526905,382.6232319,22819530,11,Kotak Mahindra Bank,KOTAKBANK.NS,Stock,Banking,https://1drv.ms/i/c/8705623eb284e7df/IQR5SkMOJIW9R43lx11E2_9cATs8cy5dVQt7AFSXWivasss?width=650&height=366
22-08-2022,365.2865601,366.4729139,361.1492904,364.2696984,20813785,11,Kotak Mahindra Bank,KOTAKBANK.NS,Stock,Banking,https://1drv.ms/i/c/8705623eb284e7df/IQR5SkMOJIW9R43lx11E2_9cATs8cy5dVQt7AFSXWivasss?width=650&height=366
23-08-2022,370.0120239,372.6538928,362.8839524,363.6814874,11071500,11,Kotak Mahindra Bank,KOTAKBANK.NS,Stock,Banking,https://1drv.ms/i/c/8705623eb284e7df/IQR5SkMOJIW9R43lx11E2_9cATs8cy5dVQt7AFSXWivasss?width=650&height=366
24-08-2022,372.3747559,373.6408814,367.1508317,369.0649583,7078125,11,Kotak Mahindra Bank,KOTAKBANK.NS,Stock,Banking,https://1drv.ms/i/c/8705623eb284e7df/IQR5SkMOJIW9R43lx11E2_9cATs8cy5dVQt7AFSXWivasss?width=650&height=366
25-08-2022,372.6040649,379.9215565,370.0918023,373.8701601,11022045,11,Kotak Mahindra Bank,KOTAKBANK.NS,Stock,Banking,https://1drv.ms/i/c/8705623eb284e7df/IQR5SkMOJIW9R43lx11E2_9cATs8cy5dVQt7AFSXWivasss?width=650&height=366
26-08-2022,379.2436829,384.218374,372.6340053,373.3218922,16715440,11,Kotak Mahindra Bank,KOTAKBANK.NS,Stock,Banking,https://1drv.ms/i/c/8705623eb284e7df/IQR5SkMOJIW9R43lx11E2_9cATs8cy5dVQt7AFSXWivasss?width=650&height=366
29-08-2022,368.8656006,374.4384583,367.8686665,370.4607012,18198365,11,Kotak Mahindra Bank,KOTAKBANK.NS,Stock,Banking,https://1drv.ms/i/c/8705623eb284e7df/IQR5SkMOJIW9R43lx11E2_9cATs8cy5dVQt7AFSXWivasss?width=650&height=366
30-08-2022,381.9154053,382.8226188,370.2612455,371.826439,19429250,11,Kotak Mahindra Bank,KOTAKBANK.NS,Stock,Banking,https://1drv.ms/i/c/8705623eb284e7df/IQR5SkMOJIW9R43lx11E2_9cATs8cy5dVQt7AFSXWivasss?width=650&height=366
01-09-2022,379.4031677,383.9192774,373.8502382,373.8502382,21039210,11,Kotak Mahindra Bank,KOTAKBANK.NS,Stock,Banking,https://1drv.ms/i/c/8705623eb284e7df/IQR5SkMOJIW9R43lx11E2_9cATs8cy5dVQt7AFSXWivasss?width=650&height=366
02-09-2022,382.5933228,384.6170974,379.7121995,382.2145134,16656880,11,Kotak Mahindra Bank,KOTAKBANK.NS,Stock,Banking,https://1drv.ms/i/c/8705623eb284e7df/IQR5SkMOJIW9R43lx11E2_9cATs8cy5dVQt7AFSXWivasss?width=650&height=366
05-09-2022,386.3916626,390.1999577,381.0281833,381.0281833,19033850,11,Kotak Mahindra Bank,KOTAKBANK.NS,Stock,Banking,https://1drv.ms/i/c/8705623eb284e7df/IQR5SkMOJIW9R43lx11E2_9cATs8cy5dVQt7AFSXWivasss?width=650&height=366
06-09-2022,381.9653015,388.794275,380.8287822,387.797341,13839270,11,Kotak Mahindra Bank,KOTAKBANK.NS,Stock,Banking,https://1drv.ms/i/c/8705623eb284e7df/IQR5SkMOJIW9R43lx11E2_9cATs8cy5dVQt7AFSXWivasss?width=650&height=366
07-09-2022,380.4798279,381.8456225,375.9836765,378.834893,9881290,11,Kotak Mahindra Bank,KOTAKBANK.NS,Stock,Banking,https://1drv.ms/i/c/8705623eb284e7df/IQR5SkMOJIW9R43lx11E2_9cATs8cy5dVQt7AFSXWivasss?width=650&height=366
08-09-2022,384.8264771,386.4115984,381.2275297,382.8425578,12060915,11,Kotak Mahindra Bank,KOTAKBANK.NS,Stock,Banking,https://1drv.ms/i/c/8705623eb284e7df/IQR5SkMOJIW9R43lx11E2_9cATs8cy5dVQt7AFSXWivasss?width=650&height=366
09-09-2022,384.0887146,388.9438083,382.1247536,388.8042229,14089865,11,Kotak Mahindra Bank,KOTAKBANK.NS,Stock,Banking,https://1drv.ms/i/c/8705623eb284e7df/IQR5SkMOJIW9R43lx11E2_9cATs8cy5dVQt7AFSXWivasss?width=650&height=366
12-09-2022,383.6201477,387.6078833,382.3739803,383.8195467,7418405,11,Kotak Mahindra Bank,KOTAKBANK.NS,Stock,Banking,https://1drv.ms/i/c/8705623eb284e7df/IQR5SkMOJIW9R43lx11E2_9cATs8cy5dVQt7AFSXWivasss?width=650&height=366
13-09-2022,383.5005493,386.8103774,382.8525483,385.4146759,7922905,11,Kotak Mahindra Bank,KOTAKBANK.NS,Stock,Banking,https://1drv.ms/i/c/8705623eb284e7df/IQR5SkMOJIW9R43lx11E2_9cATs8cy5dVQt7AFSXWivasss?width=650&height=366
14-09-2022,389.741333,394.3471627,377.2397736,377.2397736,18712145,11,Kotak Mahindra Bank,KOTAKBANK.NS,Stock,Banking,https://1drv.ms/i/c/8705623eb284e7df/IQR5SkMOJIW9R43lx11E2_9cATs8cy5dVQt7AFSXWivasss?width=650&height=366
15-09-2022,385.6439209,396.2214052,383.4207778,392.2934833,18737490,11,Kotak Mahindra Bank,KOTAKBANK.NS,Stock,Banking,https://1drv.ms/i/c/8705623eb284e7df/IQR5SkMOJIW9R43lx11E2_9cATs8cy5dVQt7AFSXWivasss?width=650&height=366
16-09-2022,384.8763428,394.7858693,380.8487208,384.0688287,25844110,11,Kotak Mahindra Bank,KOTAKBANK.NS,Stock,Banking,https://1drv.ms/i/c/8705623eb284e7df/IQR5SkMOJIW9R43lx11E2_9cATs8cy5dVQt7AFSXWivasss?width=650&height=366
19-09-2022,384.7168274,386.8103949,380.3403029,383.4407531,8379560,11,Kotak Mahindra Bank,KOTAKBANK.NS,Stock,Banking,https://1drv.ms/i/c/8705623eb284e7df/IQR5SkMOJIW9R43lx11E2_9cATs8cy5dVQt7AFSXWivasss?width=650&height=366
20-09-2022,386.7605286,391.1370527,385.4146617,387.6078981,8063650,11,Kotak Mahindra Bank,KOTAKBANK.NS,Stock,Banking,https://1drv.ms/i/c/8705623eb284e7df/IQR5SkMOJIW9R43lx11E2_9cATs8cy5dVQt7AFSXWivasss?width=650&height=366
21-09-2022,382.5235901,388.8042622,378.5158959,384.2183596,11191380,11,Kotak Mahindra Bank,KOTAKBANK.NS,Stock,Banking,https://1drv.ms/i/c/8705623eb284e7df/IQR5SkMOJIW9R43lx11E2_9cATs8cy5dVQt7AFSXWivasss?width=650&height=366
22-09-2022,377.3893433,383.7398382,375.0864282,379.9414918,9286135,11,Kotak Mahindra Bank,KOTAKBANK.NS,Stock,Banking,https://1drv.ms/i/c/8705623eb284e7df/IQR5SkMOJIW9R43lx11E2_9cATs8cy5dVQt7AFSXWivasss?width=650&height=366
23-09-2022,371.3977966,376.5818351,367.2505476,372.8732395,13068795,11,Kotak Mahindra Bank,KOTAKBANK.NS,Stock,Banking,https://1drv.ms/i/c/8705623eb284e7df/IQR5SkMOJIW9R43lx11E2_9cATs8cy5dVQt7AFSXWivasss?width=650&height=366
26-09-2022,364.6784363,370.4606716,362.2160081,366.0741682,11425880,11,Kotak Mahindra Bank,KOTAKBANK.NS,Stock,Banking,https://1drv.ms/i/c/8705623eb284e7df/IQR5SkMOJIW9R43lx11E2_9cATs8cy5dVQt7AFSXWivasss?width=650&height=366
27-09-2022,358.7566223,365.8448382,357.3110864,365.3164645,13700720,11,Kotak Mahindra Bank,KOTAKBANK.NS,Stock,Banking,https://1drv.ms/i/c/8705623eb284e7df/IQR5SkMOJIW9R43lx11E2_9cATs8cy5dVQt7AFSXWivasss?width=650&height=366
28-09-2022,357.4207458,360.4913194,353.9314771,356.9023512,8855585,11,Kotak Mahindra Bank,KOTAKBANK.NS,Stock,Banking,https://1drv.ms/i/c/8705623eb284e7df/IQR5SkMOJIW9R43lx11E2_9cATs8cy5dVQt7AFSXWivasss?width=650&height=366
29-09-2022,351.9775085,360.8901008,350.8709264,359.2950003,13998135,11,Kotak Mahindra Bank,KOTAKBANK.NS,Stock,Banking,https://1drv.ms/i/c/8705623eb284e7df/IQR5SkMOJIW9R43lx11E2_9cATs8cy5dVQt7AFSXWivasss?width=650&height=366
30-09-2022,362.7244263,364.1699926,350.4621515,352.5158329,14023265,11,Kotak Mahindra Bank,KOTAKBANK.NS,Stock,Banking,https://1drv.ms/i/c/8705623eb284e7df/IQR5SkMOJIW9R43lx11E2_9cATs8cy5dVQt7AFSXWivasss?width=650&height=366
03-10-2022,355.6860657,361.4882281,353.5725707,360.4912942,12200320,11,Kotak Mahindra Bank,KOTAKBANK.NS,Stock,Banking,https://1drv.ms/i/c/8705623eb284e7df/IQR5SkMOJIW9R43lx11E2_9cATs8cy5dVQt7AFSXWivasss?width=650&height=366
04-10-2022,363.3325806,364.4391626,359.2949799,360.4913128,8344610,11,Kotak Mahindra Bank,KOTAKBANK.NS,Stock,Banking,https://1drv.ms/i/c/8705623eb284e7df/IQR5SkMOJIW9R43lx11E2_9cATs8cy5dVQt7AFSXWivasss?width=650&height=366
06-10-2022,362.6646118,366.8716741,361.2589314,363.8808724,8740755,11,Kotak Mahindra Bank,KOTAKBANK.NS,Stock,Banking,https://1drv.ms/i/c/8705623eb284e7df/IQR5SkMOJIW9R43lx11E2_9cATs8cy5dVQt7AFSXWivasss?width=650&height=366
07-10-2022,363.9606323,364.8778249,359.3348746,360.9897886,5319220,11,Kotak Mahindra Bank,KOTAKBANK.NS,Stock,Banking,https://1drv.ms/i/c/8705623eb284e7df/IQR5SkMOJIW9R43lx11E2_9cATs8cy5dVQt7AFSXWivasss?width=650&height=366
10-10-2022,360.5411682,363.2329021,357.8095788,359.1155599,5188610,11,Kotak Mahindra Bank,KOTAKBANK.NS,Stock,Banking,https://1drv.ms/i/c/8705623eb284e7df/IQR5SkMOJIW9R43lx11E2_9cATs8cy5dVQt7AFSXWivasss?width=650&height=366
11-10-2022,356.4836426,360.8601974,355.5664803,360.8601974,7483590,11,Kotak Mahindra Bank,KOTAKBANK.NS,Stock,Banking,https://1drv.ms/i/c/8705623eb284e7df/IQR5SkMOJIW9R43lx11E2_9cATs8cy5dVQt7AFSXWivasss?width=650&height=366
12-10-2022,360.9299927,361.4882733,354.9483887,356.5036033,5175590,11,Kotak Mahindra Bank,KOTAKBANK.NS,Stock,Banking,https://1drv.ms/i/c/8705623eb284e7df/IQR5SkMOJIW9R43lx11E2_9cATs8cy5dVQt7AFSXWivasss?width=650&height=366
13-10-2022,359.195282,362.0664566,357.5005126,359.8931479,5864895,11,Kotak Mahindra Bank,KOTAKBANK.NS,Stock,Banking,https://1drv.ms/i/c/8705623eb284e7df/IQR5SkMOJIW9R43lx11E2_9cATs8cy5dVQt7AFSXWivasss?width=650&height=366
14-10-2022,365.675354,370.4606551,363.3824181,364.4790515,8351190,11,Kotak Mahindra Bank,KOTAKBANK.NS,Stock,Banking,https://1drv.ms/i/c/8705623eb284e7df/IQR5SkMOJIW9R43lx11E2_9cATs8cy5dVQt7AFSXWivasss?width=650&height=366
17-10-2022,370.4905701,371.2980841,362.9337937,364.4890082,5521415,11,Kotak Mahindra Bank,KOTAKBANK.NS,Stock,Banking,https://1drv.ms/i/c/8705623eb284e7df/IQR5SkMOJIW9R43lx11E2_9cATs8cy5dVQt7AFSXWivasss?width=650&height=366
18-10-2022,370.7995911,374.0296471,369.8823985,372.3448264,8049290,11,Kotak Mahindra Bank,KOTAKBANK.NS,Stock,Banking,https://1drv.ms/i/c/8705623eb284e7df/IQR5SkMOJIW9R43lx11E2_9cATs8cy5dVQt7AFSXWivasss?width=650&height=366
19-10-2022,372.7236938,374.338722,369.8624983,372.6539012,4566430,11,Kotak Mahindra Bank,KOTAKBANK.NS,Stock,Banking,https://1drv.ms/i/c/8705623eb284e7df/IQR5SkMOJIW9R43lx11E2_9cATs8cy5dVQt7AFSXWivasss?width=650&height=366
20-10-2022,371.5672302,375.4353387,369.9322744,370.8594157,7955535,11,Kotak Mahindra Bank,KOTAKBANK.NS,Stock,Banking,https://1drv.ms/i/c/8705623eb284e7df/IQR5SkMOJIW9R43lx11E2_9cATs8cy5dVQt7AFSXWivasss?width=650&height=366
21-10-2022,379.3632507,383.8195464,372.1155523,372.8532737,19709855,11,Kotak Mahindra Bank,KOTAKBANK.NS,Stock,Banking,https://1drv.ms/i/c/8705623eb284e7df/IQR5SkMOJIW9R43lx11E2_9cATs8cy5dVQt7AFSXWivasss?width=650&height=366
24-10-2022,377.997467,381.8256896,376.84102,379.3333548,3245405,11,Kotak Mahindra Bank,KOTAKBANK.NS,Stock,Banking,https://1drv.ms/i/c/8705623eb284e7df/IQR5SkMOJIW9R43lx11E2_9cATs8cy5dVQt7AFSXWivasss?width=650&height=366
25-10-2022,368.1876526,381.1477939,367.27046,381.0281667,17558250,11,Kotak Mahindra Bank,KOTAKBANK.NS,Stock,Banking,https://1drv.ms/i/c/8705623eb284e7df/IQR5SkMOJIW9R43lx11E2_9cATs8cy5dVQt7AFSXWivasss?width=650&height=366
27-10-2022,371.8563538,376.4422559,368.7559039,375.5848769,22967460,11,Kotak Mahindra Bank,KOTAKBANK.NS,Stock,Banking,https://1drv.ms/i/c/8705623eb284e7df/IQR5SkMOJIW9R43lx11E2_9cATs8cy5dVQt7AFSXWivasss?width=650&height=366
28-10-2022,375.6945496,377.8080446,373.0626294,373.6508168,15243435,11,Kotak Mahindra Bank,KOTAKBANK.NS,Stock,Banking,https://1drv.ms/i/c/8705623eb284e7df/IQR5SkMOJIW9R43lx11E2_9cATs8cy5dVQt7AFSXWivasss?width=650&height=366
31-10-2022,379.2236938,381.2275103,376.6416083,378.6354761,9371740,11,Kotak Mahindra Bank,KOTAKBANK.NS,Stock,Banking,https://1drv.ms/i/c/8705623eb284e7df/IQR5SkMOJIW9R43lx11E2_9cATs8cy5dVQt7AFSXWivasss?width=650&height=366
01-11-2022,380.6692505,387.1094352,379.5128035,380.4299961,12727085,11,Kotak Mahindra Bank,KOTAKBANK.NS,Stock,Banking,https://1drv.ms/i/c/8705623eb284e7df/IQR5SkMOJIW9R43lx11E2_9cATs8cy5dVQt7AFSXWivasss?width=650&height=366
02-11-2022,380.8187866,382.8226336,378.3364308,382.5734001,9320405,11,Kotak Mahindra Bank,KOTAKBANK.NS,Stock,Banking,https://1drv.ms/i/c/8705623eb284e7df/IQR5SkMOJIW9R43lx11E2_9cATs8cy5dVQt7AFSXWivasss?width=650&height=366
03-11-2022,378.8648071,381.4269347,377.5588261,379.7919484,7959355,11,Kotak Mahindra Bank,KOTAKBANK.NS,Stock,Banking,https://1drv.ms/i/c/8705623eb284e7df/IQR5SkMOJIW9R43lx11E2_9cATs8cy5dVQt7AFSXWivasss?width=650&height=366
04-11-2022,378.8249512,380.4300308,377.6984109,380.0312632,10407065,11,Kotak Mahindra Bank,KOTAKBANK.NS,Stock,Banking,https://1drv.ms/i/c/8705623eb284e7df/IQR5SkMOJIW9R43lx11E2_9cATs8cy5dVQt7AFSXWivasss?width=650&height=366
07-11-2022,375.3655701,380.8287792,373.1822822,380.4300117,13123005,11,Kotak Mahindra Bank,KOTAKBANK.NS,Stock,Banking,https://1drv.ms/i/c/8705623eb284e7df/IQR5SkMOJIW9R43lx11E2_9cATs8cy5dVQt7AFSXWivasss?width=650&height=366
09-11-2022,377.5189514,379.5527052,374.986761,378.4361441,11613170,11,Kotak Mahindra Bank,KOTAKBANK.NS,Stock,Banking,https://1drv.ms/i/c/8705623eb284e7df/IQR5SkMOJIW9R43lx11E2_9cATs8cy5dVQt7AFSXWivasss?width=650&height=366
10-11-2022,381.2574158,381.8256754,377.1799599,377.8379399,12550620,11,Kotak Mahindra Bank,KOTAKBANK.NS,Stock,Banking,https://1drv.ms/i/c/8705623eb284e7df/IQR5SkMOJIW9R43lx11E2_9cATs8cy5dVQt7AFSXWivasss?width=650&height=366
11-11-2022,378.6554565,385.5941082,377.0204703,385.4146674,17120150,11,Kotak Mahindra Bank,KOTAKBANK.NS,Stock,Banking,https://1drv.ms/i/c/8705623eb284e7df/IQR5SkMOJIW9R43lx11E2_9cATs8cy5dVQt7AFSXWivasss?width=650&height=366
14-11-2022,383.3809204,384.5572952,379.034303,379.4031637,10711335,11,Kotak Mahindra Bank,KOTAKBANK.NS,Stock,Banking,https://1drv.ms/i/c/8705623eb284e7df/IQR5SkMOJIW9R43lx11E2_9cATs8cy5dVQt7AFSXWivasss?width=650&height=366
15-11-2022,381.307312,385.4744887,377.8977845,383.8195746,9951460,11,Kotak Mahindra Bank,KOTAKBANK.NS,Stock,Banking,https://1drv.ms/i/c/8705623eb284e7df/IQR5SkMOJIW9R43lx11E2_9cATs8cy5dVQt7AFSXWivasss?width=650&height=366
16-11-2022,391.9744873,392.5228192,381.6163593,381.6263079,32188255,11,Kotak Mahindra Bank,KOTAKBANK.NS,Stock,Banking,https://1drv.ms/i/c/8705623eb284e7df/IQR5SkMOJIW9R43lx11E2_9cATs8cy5dVQt7AFSXWivasss?width=650&height=366
17-11-2022,388.9139099,391.7950638,387.4583948,391.5558094,12043355,11,Kotak Mahindra Bank,KOTAKBANK.NS,Stock,Banking,https://1drv.ms/i/c/8705623eb284e7df/IQR5SkMOJIW9R43lx11E2_9cATs8cy5dVQt7AFSXWivasss?width=650&height=366
18-11-2022,390.708374,398.2850779,388.385501,390.9875143,21360200,11,Kotak Mahindra Bank,KOTAKBANK.NS,Stock,Banking,https://1drv.ms/i/c/8705623eb284e7df/IQR5SkMOJIW9R43lx11E2_9cATs8cy5dVQt7AFSXWivasss?width=650&height=366
21-11-2022,387.6278381,389.7114263,385.3747578,389.7114263,5963050,11,Kotak Mahindra Bank,KOTAKBANK.NS,Stock,Banking,https://1drv.ms/i/c/8705623eb284e7df/IQR5SkMOJIW9R43lx11E2_9cATs8cy5dVQt7AFSXWivasss?width=650&height=366
22-11-2022,386.7605286,389.5718591,384.836423,389.5718591,5833775,11,Kotak Mahindra Bank,KOTAKBANK.NS,Stock,Banking,https://1drv.ms/i/c/8705623eb284e7df/IQR5SkMOJIW9R43lx11E2_9cATs8cy5dVQt7AFSXWivasss?width=650&height=366
23-11-2022,389.472229,391.0972059,387.9369421,388.9039693,12502815,11,Kotak Mahindra Bank,KOTAKBANK.NS,Stock,Banking,https://1drv.ms/i/c/8705623eb284e7df/IQR5SkMOJIW9R43lx11E2_9cATs8cy5dVQt7AFSXWivasss?width=650&height=366
24-11-2022,387.7774048,390.0603921,385.4246248,389.70148,7002105,11,Kotak Mahindra Bank,KOTAKBANK.NS,Stock,Banking,https://1drv.ms/i/c/8705623eb284e7df/IQR5SkMOJIW9R43lx11E2_9cATs8cy5dVQt7AFSXWivasss?width=650&height=366
25-11-2022,384.4974976,388.6048608,382.8226557,388.6048608,10487705,11,Kotak Mahindra Bank,KOTAKBANK.NS,Stock,Banking,https://1drv.ms/i/c/8705623eb284e7df/IQR5SkMOJIW9R43lx11E2_9cATs8cy5dVQt7AFSXWivasss?width=650&height=366
28-11-2022,384.4476318,387.3985477,382.0250897,382.0250897,7822520,11,Kotak Mahindra Bank,KOTAKBANK.NS,Stock,Banking,https://1drv.ms/i/c/8705623eb284e7df/IQR5SkMOJIW9R43lx11E2_9cATs8cy5dVQt7AFSXWivasss?width=650&height=366
29-11-2022,383.9291992,386.6109538,383.4706181,385.1355111,6817525,11,Kotak Mahindra Bank,KOTAKBANK.NS,Stock,Banking,https://1drv.ms/i/c/8705623eb284e7df/IQR5SkMOJIW9R43lx11E2_9cATs8cy5dVQt7AFSXWivasss?width=650&height=366
30-11-2022,388.2160339,389.8011552,382.0250829,386.6109545,14753670,11,Kotak Mahindra Bank,KOTAKBANK.NS,Stock,Banking,https://1drv.ms/i/c/8705623eb284e7df/IQR5SkMOJIW9R43lx11E2_9cATs8cy5dVQt7AFSXWivasss?width=650&height=366
01-12-2022,385.6738281,391.1470158,384.3878053,389.801149,12355025,11,Kotak Mahindra Bank,KOTAKBANK.NS,Stock,Banking,https://1drv.ms/i/c/8705623eb284e7df/IQR5SkMOJIW9R43lx11E2_9cATs8cy5dVQt7AFSXWivasss?width=650&height=366
02-12-2022,384.9760132,385.7935063,382.2444239,382.2444239,7954840,11,Kotak Mahindra Bank,KOTAKBANK.NS,Stock,Banking,https://1drv.ms/i/c/8705623eb284e7df/IQR5SkMOJIW9R43lx11E2_9cATs8cy5dVQt7AFSXWivasss?width=650&height=366
05-12-2022,386.5013428,387.5979763,382.8226539,387.2091574,6227545,11,Kotak Mahindra Bank,KOTAKBANK.NS,Stock,Banking,https://1drv.ms/i/c/8705623eb284e7df/IQR5SkMOJIW9R43lx11E2_9cATs8cy5dVQt7AFSXWivasss?width=650&height=366
06-12-2022,385.8632813,387.4284749,382.9322929,382.9322929,6833490,11,Kotak Mahindra Bank,KOTAKBANK.NS,Stock,Banking,https://1drv.ms/i/c/8705623eb284e7df/IQR5SkMOJIW9R43lx11E2_9cATs8cy5dVQt7AFSXWivasss?width=650&height=366
07-12-2022,381.1178894,385.3149728,379.9315356,385.3149728,11811400,11,Kotak Mahindra Bank,KOTAKBANK.NS,Stock,Banking,https://1drv.ms/i/c/8705623eb284e7df/IQR5SkMOJIW9R43lx11E2_9cATs8cy5dVQt7AFSXWivasss?width=650&height=366
08-12-2022,378.2367554,379.79197,374.2689775,378.6155952,63099190,11,Kotak Mahindra Bank,KOTAKBANK.NS,Stock,Banking,https://1drv.ms/i/c/8705623eb284e7df/IQR5SkMOJIW9R43lx11E2_9cATs8cy5dVQt7AFSXWivasss?width=650&height=366
09-12-2022,376.4522095,382.174631,374.6976264,381.626299,13242275,11,Kotak Mahindra Bank,KOTAKBANK.NS,Stock,Banking,https://1drv.ms/i/c/8705623eb284e7df/IQR5SkMOJIW9R43lx11E2_9cATs8cy5dVQt7AFSXWivasss?width=650&height=366
12-12-2022,372.0059204,374.7873748,371.4576189,371.8563864,16407235,11,Kotak Mahindra Bank,KOTAKBANK.NS,Stock,Banking,https://1drv.ms/i/c/8705623eb284e7df/IQR5SkMOJIW9R43lx11E2_9cATs8cy5dVQt7AFSXWivasss?width=650&height=366
13-12-2022,372.5542297,373.2022307,370.5005482,371.6071303,34697825,11,Kotak Mahindra Bank,KOTAKBANK.NS,Stock,Banking,https://1drv.ms/i/c/8705623eb284e7df/IQR5SkMOJIW9R43lx11E2_9cATs8cy5dVQt7AFSXWivasss?width=650&height=366
14-12-2022,373.491333,374.0396345,371.6071133,373.0726074,18735705,11,Kotak Mahindra Bank,KOTAKBANK.NS,Stock,Banking,https://1drv.ms/i/c/8705623eb284e7df/IQR5SkMOJIW9R43lx11E2_9cATs8cy5dVQt7AFSXWivasss?width=650&height=366
15-12-2022,371.4974976,375.2060628,369.8425835,373.9598953,10208995,11,Kotak Mahindra Bank,KOTAKBANK.NS,Stock,Banking,https://1drv.ms/i/c/8705623eb284e7df/IQR5SkMOJIW9R43lx11E2_9cATs8cy5dVQt7AFSXWivasss?width=650&height=366
16-12-2022,366.9813232,370.2512956,365.9146271,369.8026632,12439140,11,Kotak Mahindra Bank,KOTAKBANK.NS,Stock,Banking,https://1drv.ms/i/c/8705623eb284e7df/IQR5SkMOJIW9R43lx11E2_9cATs8cy5dVQt7AFSXWivasss?width=650&height=366
19-12-2022,370.4905701,371.6569658,366.9713944,366.9813431,8568235,11,Kotak Mahindra Bank,KOTAKBANK.NS,Stock,Banking,https://1drv.ms/i/c/8705623eb284e7df/IQR5SkMOJIW9R43lx11E2_9cATs8cy5dVQt7AFSXWivasss?width=650&height=366
20-12-2022,368.287323,371.2482178,365.8248951,367.8685974,7052930,11,Kotak Mahindra Bank,KOTAKBANK.NS,Stock,Banking,https://1drv.ms/i/c/8705623eb284e7df/IQR5SkMOJIW9R43lx11E2_9cATs8cy5dVQt7AFSXWivasss?width=650&height=366
21-12-2022,361.8072815,371.0488482,360.6906899,370.9591278,11914345,11,Kotak Mahindra Bank,KOTAKBANK.NS,Stock,Banking,https://1drv.ms/i/c/8705623eb284e7df/IQR5SkMOJIW9R43lx11E2_9cATs8cy5dVQt7AFSXWivasss?width=650&height=366
22-12-2022,364.09021,365.8747301,362.6845296,364.0802613,8570465,11,Kotak Mahindra Bank,KOTAKBANK.NS,Stock,Banking,https://1drv.ms/i/c/8705623eb284e7df/IQR5SkMOJIW9R43lx11E2_9cATs8cy5dVQt7AFSXWivasss?width=650&height=366
23-12-2022,363.2727661,366.7021908,361.2788983,362.0764332,10510630,11,Kotak Mahindra Bank,KOTAKBANK.NS,Stock,Banking,https://1drv.ms/i/c/8705623eb284e7df/IQR5SkMOJIW9R43lx11E2_9cATs8cy5dVQt7AFSXWivasss?width=650&height=366
26-12-2022,361.5979309,364.100245,357.7398011,363.2728032,23733690,11,Kotak Mahindra Bank,KOTAKBANK.NS,Stock,Banking,https://1drv.ms/i/c/8705623eb284e7df/IQR5SkMOJIW9R43lx11E2_9cATs8cy5dVQt7AFSXWivasss?width=650&height=366
27-12-2022,363.063385,364.4690655,360.2919099,363.412318,7741430,11,Kotak Mahindra Bank,KOTAKBANK.NS,Stock,Banking,https://1drv.ms/i/c/8705623eb284e7df/IQR5SkMOJIW9R43lx11E2_9cATs8cy5dVQt7AFSXWivasss?width=650&height=366
28-12-2022,362.9038696,365.15695,361.9368425,363.7612486,9521340,11,Kotak Mahindra Bank,KOTAKBANK.NS,Stock,Banking,https://1drv.ms/i/c/8705623eb284e7df/IQR5SkMOJIW9R43lx11E2_9cATs8cy5dVQt7AFSXWivasss?width=650&height=366
29-12-2022,362.6347046,362.8839381,359.0956014,361.767377,10772450,11,Kotak Mahindra Bank,KOTAKBANK.NS,Stock,Banking,https://1drv.ms/i/c/8705623eb284e7df/IQR5SkMOJIW9R43lx11E2_9cATs8cy5dVQt7AFSXWivasss?width=650&height=366
30-12-2022,364.3295288,366.4729307,363.3425435,363.9008241,13463440,11,Kotak Mahindra Bank,KOTAKBANK.NS,Stock,Banking,https://1drv.ms/i/c/8705623eb284e7df/IQR5SkMOJIW9R43lx11E2_9cATs8cy5dVQt7AFSXWivasss?width=650&height=366
02-01-2023,363.8908691,365.4759905,362.1761415,364.4391706,5625005,11,Kotak Mahindra Bank,KOTAKBANK.NS,Stock,Banking,https://1drv.ms/i/c/8705623eb284e7df/IQR5SkMOJIW9R43lx11E2_9cATs8cy5dVQt7AFSXWivasss?width=650&height=366
03-01-2023,365.4460754,366.1738177,363.0833469,363.3325804,8317240,11,Kotak Mahindra Bank,KOTAKBANK.NS,Stock,Banking,https://1drv.ms/i/c/8705623eb284e7df/IQR5SkMOJIW9R43lx11E2_9cATs8cy5dVQt7AFSXWivasss?width=650&height=366
04-01-2023,363.0334778,365.8548178,361.6776623,365.8548178,8320520,11,Kotak Mahindra Bank,KOTAKBANK.NS,Stock,Banking,https://1drv.ms/i/c/8705623eb284e7df/IQR5SkMOJIW9R43lx11E2_9cATs8cy5dVQt7AFSXWivasss?width=650&height=366
05-01-2023,362.9437561,365.4360909,360.1224465,362.8839425,8663090,11,Kotak Mahindra Bank,KOTAKBANK.NS,Stock,Banking,https://1drv.ms/i/c/8705623eb284e7df/IQR5SkMOJIW9R43lx11E2_9cATs8cy5dVQt7AFSXWivasss?width=650&height=366
06-01-2023,356.2643127,364.0803019,353.0442355,364.0803019,18998275,11,Kotak Mahindra Bank,KOTAKBANK.NS,Stock,Banking,https://1drv.ms/i/c/8705623eb284e7df/IQR5SkMOJIW9R43lx11E2_9cATs8cy5dVQt7AFSXWivasss?width=650&height=366
09-01-2023,361.2689514,362.0864446,356.7029766,359.0956426,17134340,11,Kotak Mahindra Bank,KOTAKBANK.NS,Stock,Banking,https://1drv.ms/i/c/8705623eb284e7df/IQR5SkMOJIW9R43lx11E2_9cATs8cy5dVQt7AFSXWivasss?width=650&height=366
10-01-2023,358.0089417,362.0864283,356.6830329,360.600976,7370655,11,Kotak Mahindra Bank,KOTAKBANK.NS,Stock,Banking,https://1drv.ms/i/c/8705623eb284e7df/IQR5SkMOJIW9R43lx11E2_9cATs8cy5dVQt7AFSXWivasss?width=650&height=366
11-01-2023,359.2651062,359.7236873,355.7260026,358.8962455,8018505,11,Kotak Mahindra Bank,KOTAKBANK.NS,Stock,Banking,https://1drv.ms/i/c/8705623eb284e7df/IQR5SkMOJIW9R43lx11E2_9cATs8cy5dVQt7AFSXWivasss?width=650&height=366
12-01-2023,354.8088074,360.2919444,353.3931781,360.2919444,17648025,11,Kotak Mahindra Bank,KOTAKBANK.NS,Stock,Banking,https://1drv.ms/i/c/8705623eb284e7df/IQR5SkMOJIW9R43lx11E2_9cATs8cy5dVQt7AFSXWivasss?width=650&height=366
13-01-2023,354.9683228,356.3640243,350.7213741,354.8088097,19915985,11,Kotak Mahindra Bank,KOTAKBANK.NS,Stock,Banking,https://1drv.ms/i/c/8705623eb284e7df/IQR5SkMOJIW9R43lx11E2_9cATs8cy5dVQt7AFSXWivasss?width=650&height=366
16-01-2023,355.8655396,358.6968284,354.9084915,356.3041929,10590805,11,Kotak Mahindra Bank,KOTAKBANK.NS,Stock,Banking,https://1drv.ms/i/c/8705623eb284e7df/IQR5SkMOJIW9R43lx11E2_9cATs8cy5dVQt7AFSXWivasss?width=650&height=366
17-01-2023,358.4276733,359.2850524,354.2305898,354.9084976,10661970,11,Kotak Mahindra Bank,KOTAKBANK.NS,Stock,Banking,https://1drv.ms/i/c/8705623eb284e7df/IQR5SkMOJIW9R43lx11E2_9cATs8cy5dVQt7AFSXWivasss?width=650&height=366
18-01-2023,358.7167664,364.2796442,358.0986722,359.4843945,14176160,11,Kotak Mahindra Bank,KOTAKBANK.NS,Stock,Banking,https://1drv.ms/i/c/8705623eb284e7df/IQR5SkMOJIW9R43lx11E2_9cATs8cy5dVQt7AFSXWivasss?width=650&height=366
19-01-2023,352.3762512,359.5940734,351.9176701,359.5940734,22128220,11,Kotak Mahindra Bank,KOTAKBANK.NS,Stock,Banking,https://1drv.ms/i/c/8705623eb284e7df/IQR5SkMOJIW9R43lx11E2_9cATs8cy5dVQt7AFSXWivasss?width=650&height=366
20-01-2023,351.4989624,354.6891632,350.3225876,354.6891632,21351470,11,Kotak Mahindra Bank,KOTAKBANK.NS,Stock,Banking,https://1drv.ms/i/c/8705623eb284e7df/IQR5SkMOJIW9R43lx11E2_9cATs8cy5dVQt7AFSXWivasss?width=650&height=366
23-01-2023,355.656189,358.8264316,352.9146206,356.9023564,38823135,11,Kotak Mahindra Bank,KOTAKBANK.NS,Stock,Banking,https://1drv.ms/i/c/8705623eb284e7df/IQR5SkMOJIW9R43lx11E2_9cATs8cy5dVQt7AFSXWivasss?width=650&height=366
24-01-2023,350.9705811,357.440703,348.6776452,357.440703,20795940,11,Kotak Mahindra Bank,KOTAKBANK.NS,Stock,Banking,https://1drv.ms/i/c/8705623eb284e7df/IQR5SkMOJIW9R43lx11E2_9cATs8cy5dVQt7AFSXWivasss?width=650&height=366
25-01-2023,348.8870239,351.0005192,345.5373402,350.3226114,21401665,11,Kotak Mahindra Bank,KOTAKBANK.NS,Stock,Banking,https://1drv.ms/i/c/8705623eb284e7df/IQR5SkMOJIW9R43lx11E2_9cATs8cy5dVQt7AFSXWivasss?width=650&height=366
27-01-2023,341.569519,349.3456224,339.7550919,349.3456224,37584895,11,Kotak Mahindra Bank,KOTAKBANK.NS,Stock,Banking,https://1drv.ms/i/c/8705623eb284e7df/IQR5SkMOJIW9R43lx11E2_9cATs8cy5dVQt7AFSXWivasss?width=650&height=366
30-01-2023,344.1914368,345.0587644,335.7374262,341.5694957,24697780,11,Kotak Mahindra Bank,KOTAKBANK.NS,Stock,Banking,https://1drv.ms/i/c/8705623eb284e7df/IQR5SkMOJIW9R43lx11E2_9cATs8cy5dVQt7AFSXWivasss?width=650&height=366
31-01-2023,345.1385498,346.6538785,341.5595301,345.0388503,21926920,11,Kotak Mahindra Bank,KOTAKBANK.NS,Stock,Banking,https://1drv.ms/i/c/8705623eb284e7df/IQR5SkMOJIW9R43lx11E2_9cATs8cy5dVQt7AFSXWivasss?width=650&height=366
01-02-2023,347.8701172,355.706003,343.0947953,347.9299308,18260490,11,Kotak Mahindra Bank,KOTAKBANK.NS,Stock,Banking,https://1drv.ms/i/c/8705623eb284e7df/IQR5SkMOJIW9R43lx11E2_9cATs8cy5dVQt7AFSXWivasss?width=650&height=366
02-02-2023,351.2696838,352.5158513,342.9452793,342.9452793,20922350,11,Kotak Mahindra Bank,KOTAKBANK.NS,Stock,Banking,https://1drv.ms/i/c/8705623eb284e7df/IQR5SkMOJIW9R43lx11E2_9cATs8cy5dVQt7AFSXWivasss?width=650&height=366
03-02-2023,354.9683228,355.6462306,347.9698569,353.0342683,13376060,11,Kotak Mahindra Bank,KOTAKBANK.NS,Stock,Banking,https://1drv.ms/i/c/8705623eb284e7df/IQR5SkMOJIW9R43lx11E2_9cATs8cy5dVQt7AFSXWivasss?width=650&height=366
06-02-2023,348.3287354,354.5595729,346.9330338,353.9115719,15201045,11,Kotak Mahindra Bank,KOTAKBANK.NS,Stock,Banking,https://1drv.ms/i/c/8705623eb284e7df/IQR5SkMOJIW9R43lx11E2_9cATs8cy5dVQt7AFSXWivasss?width=650&height=366
07-02-2023,353.9913025,354.9084951,348.3387039,349.3655447,18215935,11,Kotak Mahindra Bank,KOTAKBANK.NS,Stock,Banking,https://1drv.ms/i/c/8705623eb284e7df/IQR5SkMOJIW9R43lx11E2_9cATs8cy5dVQt7AFSXWivasss?width=650&height=366
08-02-2023,352.0173645,354.9084667,351.1400578,354.6692123,7233450,11,Kotak Mahindra Bank,KOTAKBANK.NS,Stock,Banking,https://1drv.ms/i/c/8705623eb284e7df/IQR5SkMOJIW9R43lx11E2_9cATs8cy5dVQt7AFSXWivasss?width=650&height=366
09-02-2023,353.0940552,353.9514342,348.518132,352.5058678,10819125,11,Kotak Mahindra Bank,KOTAKBANK.NS,Stock,Banking,https://1drv.ms/i/c/8705623eb284e7df/IQR5SkMOJIW9R43lx11E2_9cATs8cy5dVQt7AFSXWivasss?width=650&height=366
10-02-2023,353.3233643,354.6393244,351.9176837,352.495892,7229710,11,Kotak Mahindra Bank,KOTAKBANK.NS,Stock,Banking,https://1drv.ms/i/c/8705623eb284e7df/IQR5SkMOJIW9R43lx11E2_9cATs8cy5dVQt7AFSXWivasss?width=650&height=366
13-02-2023,353.6723328,355.7958072,351.2497599,353.9315149,11945710,11,Kotak Mahindra Bank,KOTAKBANK.NS,Stock,Banking,https://1drv.ms/i/c/8705623eb284e7df/IQR5SkMOJIW9R43lx11E2_9cATs8cy5dVQt7AFSXWivasss?width=650&height=366
14-02-2023,352.9844055,354.3103143,351.6684454,352.9146128,8074465,11,Kotak Mahindra Bank,KOTAKBANK.NS,Stock,Banking,https://1drv.ms/i/c/8705623eb284e7df/IQR5SkMOJIW9R43lx11E2_9cATs8cy5dVQt7AFSXWivasss?width=650&height=366
15-02-2023,356.005127,356.9023614,350.9705921,352.6055785,12046460,11,Kotak Mahindra Bank,KOTAKBANK.NS,Stock,Banking,https://1drv.ms/i/c/8705623eb284e7df/IQR5SkMOJIW9R43lx11E2_9cATs8cy5dVQt7AFSXWivasss?width=650&height=366
16-02-2023,356.4935913,359.6738129,355.6162846,357.6998728,11458010,11,Kotak Mahindra Bank,KOTAKBANK.NS,Stock,Banking,https://1drv.ms/i/c/8705623eb284e7df/IQR5SkMOJIW9R43lx11E2_9cATs8cy5dVQt7AFSXWivasss?width=650&height=366
17-02-2023,350.7712097,357.1814876,349.1362235,355.5265736,12939545,11,Kotak Mahindra Bank,KOTAKBANK.NS,Stock,Banking,https://1drv.ms/i/c/8705623eb284e7df/IQR5SkMOJIW9R43lx11E2_9cATs8cy5dVQt7AFSXWivasss?width=650&height=366
20-02-2023,346.3946533,352.5257909,344.959066,352.5257909,16124195,11,Kotak Mahindra Bank,KOTAKBANK.NS,Stock,Banking,https://1drv.ms/i/c/8705623eb284e7df/IQR5SkMOJIW9R43lx11E2_9cATs8cy5dVQt7AFSXWivasss?width=650&height=366
21-02-2023,344.9790344,347.9299504,343.9521937,347.9299504,14684670,11,Kotak Mahindra Bank,KOTAKBANK.NS,Stock,Banking,https://1drv.ms/i/c/8705623eb284e7df/IQR5SkMOJIW9R43lx11E2_9cATs8cy5dVQt7AFSXWivasss?width=650&height=366
22-02-2023,339.0671997,344.1615481,338.5587841,343.7328738,17695745,11,Kotak Mahindra Bank,KOTAKBANK.NS,Stock,Banking,https://1drv.ms/i/c/8705623eb284e7df/IQR5SkMOJIW9R43lx11E2_9cATs8cy5dVQt7AFSXWivasss?width=650&height=366
23-02-2023,340.3831482,341.6991083,336.5150396,340.4330131,13850550,11,Kotak Mahindra Bank,KOTAKBANK.NS,Stock,Banking,https://1drv.ms/i/c/8705623eb284e7df/IQR5SkMOJIW9R43lx11E2_9cATs8cy5dVQt7AFSXWivasss?width=650&height=366
24-02-2023,338.4191895,343.792678,337.7612094,341.5495767,10401815,11,Kotak Mahindra Bank,KOTAKBANK.NS,Stock,Banking,https://1drv.ms/i/c/8705623eb284e7df/IQR5SkMOJIW9R43lx11E2_9cATs8cy5dVQt7AFSXWivasss?width=650&height=366
27-02-2023,344.1316528,344.8992811,337.123208,338.618609,11718990,11,Kotak Mahindra Bank,KOTAKBANK.NS,Stock,Banking,https://1drv.ms/i/c/8705623eb284e7df/IQR5SkMOJIW9R43lx11E2_9cATs8cy5dVQt7AFSXWivasss?width=650&height=366
28-02-2023,344.7896118,347.212154,343.2742527,344.1316318,21975490,11,Kotak Mahindra Bank,KOTAKBANK.NS,Stock,Banking,https://1drv.ms/i/c/8705623eb284e7df/IQR5SkMOJIW9R43lx11E2_9cATs8cy5dVQt7AFSXWivasss?width=650&height=366
01-03-2023,347.9100342,349.0465231,344.1416249,344.7896259,28066930,11,Kotak Mahindra Bank,KOTAKBANK.NS,Stock,Banking,https://1drv.ms/i/c/8705623eb284e7df/IQR5SkMOJIW9R43lx11E2_9cATs8cy5dVQt7AFSXWivasss?width=650&height=366
02-03-2023,343.2842407,348.1991179,342.5465193,346.055716,20599675,11,Kotak Mahindra Bank,KOTAKBANK.NS,Stock,Banking,https://1drv.ms/i/c/8705623eb284e7df/IQR5SkMOJIW9R43lx11E2_9cATs8cy5dVQt7AFSXWivasss?width=650&height=366
03-03-2023,349.1262817,351.9176846,342.9253513,345.3379145,18131345,11,Kotak Mahindra Bank,KOTAKBANK.NS,Stock,Banking,https://1drv.ms/i/c/8705623eb284e7df/IQR5SkMOJIW9R43lx11E2_9cATs8cy5dVQt7AFSXWivasss?width=650&height=366
06-03-2023,349.1262817,351.8379433,347.2221342,350.1830293,25934230,11,Kotak Mahindra Bank,KOTAKBANK.NS,Stock,Banking,https://1drv.ms/i/c/8705623eb284e7df/IQR5SkMOJIW9R43lx11E2_9cATs8cy5dVQt7AFSXWivasss?width=650&height=366
08-03-2023,346.9728699,347.7903325,344.3110431,346.1354491,26013040,11,Kotak Mahindra Bank,KOTAKBANK.NS,Stock,Banking,https://1drv.ms/i/c/8705623eb284e7df/IQR5SkMOJIW9R43lx11E2_9cATs8cy5dVQt7AFSXWivasss?width=650&height=366
09-03-2023,342.287323,347.8402528,341.6891565,346.7934538,34641580,11,Kotak Mahindra Bank,KOTAKBANK.NS,Stock,Banking,https://1drv.ms/i/c/8705623eb284e7df/IQR5SkMOJIW9R43lx11E2_9cATs8cy5dVQt7AFSXWivasss?width=650&height=366
10-03-2023,338.8179626,341.6492819,337.3624476,340.3532495,24380720,11,Kotak Mahindra Bank,KOTAKBANK.NS,Stock,Banking,https://1drv.ms/i/c/8705623eb284e7df/IQR5SkMOJIW9R43lx11E2_9cATs8cy5dVQt7AFSXWivasss?width=650&height=366
13-03-2023,333.7535706,343.6032836,332.2182836,338.7581684,44894690,11,Kotak Mahindra Bank,KOTAKBANK.NS,Stock,Banking,https://1drv.ms/i/c/8705623eb284e7df/IQR5SkMOJIW9R43lx11E2_9cATs8cy5dVQt7AFSXWivasss?width=650&height=366
14-03-2023,328.6392517,334.4813001,327.6921828,333.5740866,70694930,11,Kotak Mahindra Bank,KOTAKBANK.NS,Stock,Banking,https://1drv.ms/i/c/8705623eb284e7df/IQR5SkMOJIW9R43lx11E2_9cATs8cy5dVQt7AFSXWivasss?width=650&height=366
15-03-2023,332.168457,336.5649398,331.3011293,332.5772036,23461815,11,Kotak Mahindra Bank,KOTAKBANK.NS,Stock,Banking,https://1drv.ms/i/c/8705623eb284e7df/IQR5SkMOJIW9R43lx11E2_9cATs8cy5dVQt7AFSXWivasss?width=650&height=366
16-03-2023,331.6899109,334.7405266,328.6293466,332.9759643,18160315,11,Kotak Mahindra Bank,KOTAKBANK.NS,Stock,Banking,https://1drv.ms/i/c/8705623eb284e7df/IQR5SkMOJIW9R43lx11E2_9cATs8cy5dVQt7AFSXWivasss?width=650&height=366
17-03-2023,337.5817871,340.1937493,333.2052627,334.8900836,44641505,11,Kotak Mahindra Bank,KOTAKBANK.NS,Stock,Banking,https://1drv.ms/i/c/8705623eb284e7df/IQR5SkMOJIW9R43lx11E2_9cATs8cy5dVQt7AFSXWivasss?width=650&height=366
20-03-2023,338.8877258,339.5457058,335.1791306,336.3654843,22319685,11,Kotak Mahindra Bank,KOTAKBANK.NS,Stock,Banking,https://1drv.ms/i/c/8705623eb284e7df/IQR5SkMOJIW9R43lx11E2_9cATs8cy5dVQt7AFSXWivasss?width=650&height=366
21-03-2023,340.3233337,341.3402258,337.3624387,340.4629191,9025900,11,Kotak Mahindra Bank,KOTAKBANK.NS,Stock,Banking,https://1drv.ms/i/c/8705623eb284e7df/IQR5SkMOJIW9R43lx11E2_9cATs8cy5dVQt7AFSXWivasss?width=650&height=366
22-03-2023,339.9844055,341.5894851,337.3824223,340.9514327,16630495,11,Kotak Mahindra Bank,KOTAKBANK.NS,Stock,Banking,https://1drv.ms/i/c/8705623eb284e7df/IQR5SkMOJIW9R43lx11E2_9cATs8cy5dVQt7AFSXWivasss?width=650&height=366
23-03-2023,334.9100037,338.9575532,333.9728833,338.788061,28210755,11,Kotak Mahindra Bank,KOTAKBANK.NS,Stock,Banking,https://1drv.ms/i/c/8705623eb284e7df/IQR5SkMOJIW9R43lx11E2_9cATs8cy5dVQt7AFSXWivasss?width=650&height=366
24-03-2023,337.3923645,340.7420785,333.9728882,334.1822358,27403045,11,Kotak Mahindra Bank,KOTAKBANK.NS,Stock,Banking,https://1drv.ms/i/c/8705623eb284e7df/IQR5SkMOJIW9R43lx11E2_9cATs8cy5dVQt7AFSXWivasss?width=650&height=366
27-03-2023,339.9943542,341.5196619,337.5817608,339.0871407,14186020,11,Kotak Mahindra Bank,KOTAKBANK.NS,Stock,Banking,https://1drv.ms/i/c/8705623eb284e7df/IQR5SkMOJIW9R43lx11E2_9cATs8cy5dVQt7AFSXWivasss?width=650&height=366
28-03-2023,338.7381897,340.9114982,336.0564351,340.7420365,11858260,11,Kotak Mahindra Bank,KOTAKBANK.NS,Stock,Banking,https://1drv.ms/i/c/8705623eb284e7df/IQR5SkMOJIW9R43lx11E2_9cATs8cy5dVQt7AFSXWivasss?width=650&height=366
29-03-2023,343.1546326,344.3409864,337.9606151,338.9774768,14105000,11,Kotak Mahindra Bank,KOTAKBANK.NS,Stock,Banking,https://1drv.ms/i/c/8705623eb284e7df/IQR5SkMOJIW9R43lx11E2_9cATs8cy5dVQt7AFSXWivasss?width=650&height=366
31-03-2023,345.5074158,347.0626303,343.1446871,344.0419216,17828775,11,Kotak Mahindra Bank,KOTAKBANK.NS,Stock,Banking,https://1drv.ms/i/c/8705623eb284e7df/IQR5SkMOJIW9R43lx11E2_9cATs8cy5dVQt7AFSXWivasss?width=650&height=366
03-04-2023,348.0695496,349.3655516,345.5772146,345.7366972,12184330,11,Kotak Mahindra Bank,KOTAKBANK.NS,Stock,Banking,https://1drv.ms/i/c/8705623eb284e7df/IQR5SkMOJIW9R43lx11E2_9cATs8cy5dVQt7AFSXWivasss?width=650&height=366
05-04-2023,349.3057251,350.8609396,346.7435975,347.9299514,12631750,11,Kotak Mahindra Bank,KOTAKBANK.NS,Stock,Banking,https://1drv.ms/i/c/8705623eb284e7df/IQR5SkMOJIW9R43lx11E2_9cATs8cy5dVQt7AFSXWivasss?width=650&height=366
06-04-2023,350.3425293,351.2098569,346.8033956,348.9268698,7786775,11,Kotak Mahindra Bank,KOTAKBANK.NS,Stock,Banking,https://1drv.ms/i/c/8705623eb284e7df/IQR5SkMOJIW9R43lx11E2_9cATs8cy5dVQt7AFSXWivasss?width=650&height=366
10-04-2023,350.781189,352.5158748,348.8571136,350.3525146,6265855,11,Kotak Mahindra Bank,KOTAKBANK.NS,Stock,Banking,https://1drv.ms/i/c/8705623eb284e7df/IQR5SkMOJIW9R43lx11E2_9cATs8cy5dVQt7AFSXWivasss?width=650&height=366
11-04-2023,368.1676941,370.660029,364.0802893,368.3072794,46468815,11,Kotak Mahindra Bank,KOTAKBANK.NS,Stock,Banking,https://1drv.ms/i/c/8705623eb284e7df/IQR5SkMOJIW9R43lx11E2_9cATs8cy5dVQt7AFSXWivasss?width=650&height=366
12-04-2023,367.6791992,369.0549729,365.1768853,367.2704527,17043565,11,Kotak Mahindra Bank,KOTAKBANK.NS,Stock,Banking,https://1drv.ms/i/c/8705623eb284e7df/IQR5SkMOJIW9R43lx11E2_9cATs8cy5dVQt7AFSXWivasss?width=650&height=366
13-04-2023,372.7536011,373.7106492,365.0772278,366.4729293,14620580,11,Kotak Mahindra Bank,KOTAKBANK.NS,Stock,Banking,https://1drv.ms/i/c/8705623eb284e7df/IQR5SkMOJIW9R43lx11E2_9cATs8cy5dVQt7AFSXWivasss?width=650&height=366
17-04-2023,377.8678894,381.5864641,364.1002334,376.631701,51771495,11,Kotak Mahindra Bank,KOTAKBANK.NS,Stock,Banking,https://1drv.ms/i/c/8705623eb284e7df/IQR5SkMOJIW9R43lx11E2_9cATs8cy5dVQt7AFSXWivasss?width=650&height=366
18-04-2023,376.5020752,379.7520896,376.023536,379.0243168,14863605,11,Kotak Mahindra Bank,KOTAKBANK.NS,Stock,Banking,https://1drv.ms/i/c/8705623eb284e7df/IQR5SkMOJIW9R43lx11E2_9cATs8cy5dVQt7AFSXWivasss?width=650&height=366
19-04-2023,375.8241577,376.5120445,374.0795234,376.5020655,9383280,11,Kotak Mahindra Bank,KOTAKBANK.NS,Stock,Banking,https://1drv.ms/i/c/8705623eb284e7df/IQR5SkMOJIW9R43lx11E2_9cATs8cy5dVQt7AFSXWivasss?width=650&height=366
20-04-2023,375.6447144,379.5128231,373.2620579,375.704528,11613885,11,Kotak Mahindra Bank,KOTAKBANK.NS,Stock,Banking,https://1drv.ms/i/c/8705623eb284e7df/IQR5SkMOJIW9R43lx11E2_9cATs8cy5dVQt7AFSXWivasss?width=650&height=366
21-04-2023,377.5688171,379.5626851,374.2789168,375.2459439,8356705,11,Kotak Mahindra Bank,KOTAKBANK.NS,Stock,Banking,https://1drv.ms/i/c/8705623eb284e7df/IQR5SkMOJIW9R43lx11E2_9cATs8cy5dVQt7AFSXWivasss?width=650&height=366
24-04-2023,378.2865906,379.2336596,374.3586685,376.8809101,10087030,11,Kotak Mahindra Bank,KOTAKBANK.NS,Stock,Banking,https://1drv.ms/i/c/8705623eb284e7df/IQR5SkMOJIW9R43lx11E2_9cATs8cy5dVQt7AFSXWivasss?width=650&height=366
25-04-2023,376.7014465,380.2306012,374.2489975,379.2336673,23692095,11,Kotak Mahindra Bank,KOTAKBANK.NS,Stock,Banking,https://1drv.ms/i/c/8705623eb284e7df/IQR5SkMOJIW9R43lx11E2_9cATs8cy5dVQt7AFSXWivasss?width=650&height=366
26-04-2023,374.5680542,377.7183694,371.5274176,374.3487275,15797590,11,Kotak Mahindra Bank,KOTAKBANK.NS,Stock,Banking,https://1drv.ms/i/c/8705623eb284e7df/IQR5SkMOJIW9R43lx11E2_9cATs8cy5dVQt7AFSXWivasss?width=650&height=366
27-04-2023,380.5496216,381.4269283,374.219085,374.2290641,25306465,11,Kotak Mahindra Bank,KOTAKBANK.NS,Stock,Banking,https://1drv.ms/i/c/8705623eb284e7df/IQR5SkMOJIW9R43lx11E2_9cATs8cy5dVQt7AFSXWivasss?width=650&height=366
28-04-2023,386.4215698,387.4683688,378.0573095,380.0312497,21838060,11,Kotak Mahindra Bank,KOTAKBANK.NS,Stock,Banking,https://1drv.ms/i/c/8705623eb284e7df/IQR5SkMOJIW9R43lx11E2_9cATs8cy5dVQt7AFSXWivasss?width=650&height=366
02-05-2023,383.0519714,386.3019557,376.8410615,382.4238981,23028855,11,Kotak Mahindra Bank,KOTAKBANK.NS,Stock,Banking,https://1drv.ms/i/c/8705623eb284e7df/IQR5SkMOJIW9R43lx11E2_9cATs8cy5dVQt7AFSXWivasss?width=650&height=366
03-05-2023,385.0059204,385.5841287,381.3671176,382.6232337,17245035,11,Kotak Mahindra Bank,KOTAKBANK.NS,Stock,Banking,https://1drv.ms/i/c/8705623eb284e7df/IQR5SkMOJIW9R43lx11E2_9cATs8cy5dVQt7AFSXWivasss?width=650&height=366
04-05-2023,388.3257141,389.0235801,383.1715825,384.8065384,17257895,11,Kotak Mahindra Bank,KOTAKBANK.NS,Stock,Banking,https://1drv.ms/i/c/8705623eb284e7df/IQR5SkMOJIW9R43lx11E2_9cATs8cy5dVQt7AFSXWivasss?width=650&height=366
05-05-2023,384.557312,393.5895316,381.9254221,389.2329349,17421090,11,Kotak Mahindra Bank,KOTAKBANK.NS,Stock,Banking,https://1drv.ms/i/c/8705623eb284e7df/IQR5SkMOJIW9R43lx11E2_9cATs8cy5dVQt7AFSXWivasss?width=650&height=366
08-05-2023,390.5687866,392.4928922,383.0220201,385.9928636,19354705,11,Kotak Mahindra Bank,KOTAKBANK.NS,Stock,Banking,https://1drv.ms/i/c/8705623eb284e7df/IQR5SkMOJIW9R43lx11E2_9cATs8cy5dVQt7AFSXWivasss?width=650&height=366
09-05-2023,389.6615601,392.791947,388.4353509,391.7651064,18115375,11,Kotak Mahindra Bank,KOTAKBANK.NS,Stock,Banking,https://1drv.ms/i/c/8705623eb284e7df/IQR5SkMOJIW9R43lx11E2_9cATs8cy5dVQt7AFSXWivasss?width=650&height=366
10-05-2023,390.5389099,391.5956575,385.1454934,390.7981225,19562195,11,Kotak Mahindra Bank,KOTAKBANK.NS,Stock,Banking,https://1drv.ms/i/c/8705623eb284e7df/IQR5SkMOJIW9R43lx11E2_9cATs8cy5dVQt7AFSXWivasss?width=650&height=366
11-05-2023,390.3893738,394.7858563,389.1731131,392.7919883,22059120,11,Kotak Mahindra Bank,KOTAKBANK.NS,Stock,Banking,https://1drv.ms/i/c/8705623eb284e7df/IQR5SkMOJIW9R43lx11E2_9cATs8cy5dVQt7AFSXWivasss?width=650&height=366
12-05-2023,390.9177551,392.3932284,387.5381647,389.6017949,16085405,11,Kotak Mahindra Bank,KOTAKBANK.NS,Stock,Banking,https://1drv.ms/i/c/8705623eb284e7df/IQR5SkMOJIW9R43lx11E2_9cATs8cy5dVQt7AFSXWivasss?width=650&height=366
15-05-2023,393.3901367,394.1876717,389.2827738,390.209915,14858460,11,Kotak Mahindra Bank,KOTAKBANK.NS,Stock,Banking,https://1drv.ms/i/c/8705623eb284e7df/IQR5SkMOJIW9R43lx11E2_9cATs8cy5dVQt7AFSXWivasss?width=650&height=366
16-05-2023,388.2160339,394.3870572,386.411586,394.3870572,22847485,11,Kotak Mahindra Bank,KOTAKBANK.NS,Stock,Banking,https://1drv.ms/i/c/8705623eb284e7df/IQR5SkMOJIW9R43lx11E2_9cATs8cy5dVQt7AFSXWivasss?width=650&height=366
17-05-2023,380.6592712,388.9836757,377.9476097,388.764349,27410085,11,Kotak Mahindra Bank,KOTAKBANK.NS,Stock,Banking,https://1drv.ms/i/c/8705623eb284e7df/IQR5SkMOJIW9R43lx11E2_9cATs8cy5dVQt7AFSXWivasss?width=650&height=366
18-05-2023,384.2980957,385.5442631,381.0680091,383.6201575,20726140,11,Kotak Mahindra Bank,KOTAKBANK.NS,Stock,Banking,https://1drv.ms/i/c/8705623eb284e7df/IQR5SkMOJIW9R43lx11E2_9cATs8cy5dVQt7AFSXWivasss?width=650&height=366
19-05-2023,387.1393738,388.1761937,383.5205289,384.8165309,19734635,11,Kotak Mahindra Bank,KOTAKBANK.NS,Stock,Banking,https://1drv.ms/i/c/8705623eb284e7df/IQR5SkMOJIW9R43lx11E2_9cATs8cy5dVQt7AFSXWivasss?width=650&height=366
22-05-2023,386.8502502,389.3026992,383.5504014,387.8072983,17004400,11,Kotak Mahindra Bank,KOTAKBANK.NS,Stock,Banking,https://1drv.ms/i/c/8705623eb284e7df/IQR5SkMOJIW9R43lx11E2_9cATs8cy5dVQt7AFSXWivasss?width=650&height=366
23-05-2023,383.1217041,386.8502578,381.8257021,386.8502578,21677620,11,Kotak Mahindra Bank,KOTAKBANK.NS,Stock,Banking,https://1drv.ms/i/c/8705623eb284e7df/IQR5SkMOJIW9R43lx11E2_9cATs8cy5dVQt7AFSXWivasss?width=650&height=366
24-05-2023,380.8985596,386.8103706,378.3165043,383.2114536,17787685,11,Kotak Mahindra Bank,KOTAKBANK.NS,Stock,Banking,https://1drv.ms/i/c/8705623eb284e7df/IQR5SkMOJIW9R43lx11E2_9cATs8cy5dVQt7AFSXWivasss?width=650&height=366
25-05-2023,384.8065186,385.5243122,380.340274,382.4238623,29833785,11,Kotak Mahindra Bank,KOTAKBANK.NS,Stock,Banking,https://1drv.ms/i/c/8705623eb284e7df/IQR5SkMOJIW9R43lx11E2_9cATs8cy5dVQt7AFSXWivasss?width=650&height=366
26-05-2023,387.8172607,388.7942365,383.5204781,388.7942365,16477060,11,Kotak Mahindra Bank,KOTAKBANK.NS,Stock,Banking,https://1drv.ms/i/c/8705623eb284e7df/IQR5SkMOJIW9R43lx11E2_9cATs8cy5dVQt7AFSXWivasss?width=650&height=366
29-05-2023,389.4422913,393.4499548,388.455306,391.416201,18877545,11,Kotak Mahindra Bank,KOTAKBANK.NS,Stock,Banking,https://1drv.ms/i/c/8705623eb284e7df/IQR5SkMOJIW9R43lx11E2_9cATs8cy5dVQt7AFSXWivasss?width=650&height=366
30-05-2023,393.7290955,394.6064022,389.2727995,390.3694329,37148525,11,Kotak Mahindra Bank,KOTAKBANK.NS,Stock,Banking,https://1drv.ms/i/c/8705623eb284e7df/IQR5SkMOJIW9R43lx11E2_9cATs8cy5dVQt7AFSXWivasss?width=650&height=366
31-05-2023,401.6347656,411.614084,389.5818381,395.7727893,442990630,11,Kotak Mahindra Bank,KOTAKBANK.NS,Stock,Banking,https://1drv.ms/i/c/8705623eb284e7df/IQR5SkMOJIW9R43lx11E2_9cATs8cy5dVQt7AFSXWivasss?width=650&height=366
01-06-2023,384.8264771,394.6163451,383.819564,392.3932019,29837160,11,Kotak Mahindra Bank,KOTAKBANK.NS,Stock,Banking,https://1drv.ms/i/c/8705623eb284e7df/IQR5SkMOJIW9R43lx11E2_9cATs8cy5dVQt7AFSXWivasss?width=650&height=366
02-06-2023,386.5611267,389.0733892,384.4177249,387.797315,17790360,11,Kotak Mahindra Bank,KOTAKBANK.NS,Stock,Banking,https://1drv.ms/i/c/8705623eb284e7df/IQR5SkMOJIW9R43lx11E2_9cATs8cy5dVQt7AFSXWivasss?width=650&height=366
05-06-2023,383.7996521,389.1033177,383.2712783,387.8073157,12029545,11,Kotak Mahindra Bank,KOTAKBANK.NS,Stock,Banking,https://1drv.ms/i/c/8705623eb284e7df/IQR5SkMOJIW9R43lx11E2_9cATs8cy5dVQt7AFSXWivasss?width=650&height=366
06-06-2023,390.6087036,392.0741978,384.8464264,385.7935258,20564205,11,Kotak Mahindra Bank,KOTAKBANK.NS,Stock,Banking,https://1drv.ms/i/c/8705623eb284e7df/IQR5SkMOJIW9R43lx11E2_9cATs8cy5dVQt7AFSXWivasss?width=650&height=366
07-06-2023,386.6907654,393.1907641,386.0128576,393.1907641,15502070,11,Kotak Mahindra Bank,KOTAKBANK.NS,Stock,Banking,https://1drv.ms/i/c/8705623eb284e7df/IQR5SkMOJIW9R43lx11E2_9cATs8cy5dVQt7AFSXWivasss?width=650&height=366
08-06-2023,376.143158,386.192269,374.7574356,386.192269,27458070,11,Kotak Mahindra Bank,KOTAKBANK.NS,Stock,Banking,https://1drv.ms/i/c/8705623eb284e7df/IQR5SkMOJIW9R43lx11E2_9cATs8cy5dVQt7AFSXWivasss?width=650&height=366
09-06-2023,373.2520752,378.3763304,370.9990251,371.2582072,70984620,11,Kotak Mahindra Bank,KOTAKBANK.NS,Stock,Banking,https://1drv.ms/i/c/8705623eb284e7df/IQR5SkMOJIW9R43lx11E2_9cATs8cy5dVQt7AFSXWivasss?width=650&height=366
12-06-2023,374.7374878,375.6446708,371.7466862,373.8202952,14075865,11,Kotak Mahindra Bank,KOTAKBANK.NS,Stock,Banking,https://1drv.ms/i/c/8705623eb284e7df/IQR5SkMOJIW9R43lx11E2_9cATs8cy5dVQt7AFSXWivasss?width=650&height=366
13-06-2023,370.0519409,375.4453576,369.2643545,373.9200498,47809135,11,Kotak Mahindra Bank,KOTAKBANK.NS,Stock,Banking,https://1drv.ms/i/c/8705623eb284e7df/IQR5SkMOJIW9R43lx11E2_9cATs8cy5dVQt7AFSXWivasss?width=650&height=366
14-06-2023,371.7865906,372.4445707,368.1477875,370.0519351,27892715,11,Kotak Mahindra Bank,KOTAKBANK.NS,Stock,Banking,https://1drv.ms/i/c/8705623eb284e7df/IQR5SkMOJIW9R43lx11E2_9cATs8cy5dVQt7AFSXWivasss?width=650&height=366
15-06-2023,365.5756836,372.6538901,364.6186051,372.4445425,24190940,11,Kotak Mahindra Bank,KOTAKBANK.NS,Stock,Banking,https://1drv.ms/i/c/8705623eb284e7df/IQR5SkMOJIW9R43lx11E2_9cATs8cy5dVQt7AFSXWivasss?width=650&height=366
16-06-2023,370.3410645,371.188434,365.4760215,366.2636079,15988285,11,Kotak Mahindra Bank,KOTAKBANK.NS,Stock,Banking,https://1drv.ms/i/c/8705623eb284e7df/IQR5SkMOJIW9R43lx11E2_9cATs8cy5dVQt7AFSXWivasss?width=650&height=366
19-06-2023,363.7911682,372.544247,362.4851872,371.6270544,38049565,11,Kotak Mahindra Bank,KOTAKBANK.NS,Stock,Banking,https://1drv.ms/i/c/8705623eb284e7df/IQR5SkMOJIW9R43lx11E2_9cATs8cy5dVQt7AFSXWivasss?width=650&height=366
20-06-2023,367.6692505,368.267417,361.946859,362.8839794,23114525,11,Kotak Mahindra Bank,KOTAKBANK.NS,Stock,Banking,https://1drv.ms/i/c/8705623eb284e7df/IQR5SkMOJIW9R43lx11E2_9cATs8cy5dVQt7AFSXWivasss?width=650&height=366
21-06-2023,367.9782715,368.8157228,366.0940822,368.2773699,11995540,11,Kotak Mahindra Bank,KOTAKBANK.NS,Stock,Banking,https://1drv.ms/i/c/8705623eb284e7df/IQR5SkMOJIW9R43lx11E2_9cATs8cy5dVQt7AFSXWivasss?width=650&height=366
22-06-2023,366.0940552,368.3271773,364.957536,367.9782444,17141050,11,Kotak Mahindra Bank,KOTAKBANK.NS,Stock,Banking,https://1drv.ms/i/c/8705623eb284e7df/IQR5SkMOJIW9R43lx11E2_9cATs8cy5dVQt7AFSXWivasss?width=650&height=366
23-06-2023,364.5886841,367.9782532,363.6615429,365.4759698,12920315,11,Kotak Mahindra Bank,KOTAKBANK.NS,Stock,Banking,https://1drv.ms/i/c/8705623eb284e7df/IQR5SkMOJIW9R43lx11E2_9cATs8cy5dVQt7AFSXWivasss?width=650&height=366
26-06-2023,363.4721375,365.2666368,362.8640224,365.2666368,11068395,11,Kotak Mahindra Bank,KOTAKBANK.NS,Stock,Banking,https://1drv.ms/i/c/8705623eb284e7df/IQR5SkMOJIW9R43lx11E2_9cATs8cy5dVQt7AFSXWivasss?width=650&height=366
27-06-2023,367.8088379,368.267419,363.0135877,364.4192683,10693325,11,Kotak Mahindra Bank,KOTAKBANK.NS,Stock,Banking,https://1drv.ms/i/c/8705623eb284e7df/IQR5SkMOJIW9R43lx11E2_9cATs8cy5dVQt7AFSXWivasss?width=650&height=366
28-06-2023,366.9813232,368.4867032,364.7581801,368.068008,26699910,11,Kotak Mahindra Bank,KOTAKBANK.NS,Stock,Banking,https://1drv.ms/i/c/8705623eb284e7df/IQR5SkMOJIW9R43lx11E2_9cATs8cy5dVQt7AFSXWivasss?width=650&height=366
30-06-2023,368.1776733,368.9752083,365.4660118,368.4468346,19673600,11,Kotak Mahindra Bank,KOTAKBANK.NS,Stock,Banking,https://1drv.ms/i/c/8705623eb284e7df/IQR5SkMOJIW9R43lx11E2_9cATs8cy5dVQt7AFSXWivasss?width=650&height=366
03-07-2023,367.6592712,370.6600217,366.4729174,370.0618857,16042700,11,Kotak Mahindra Bank,KOTAKBANK.NS,Stock,Banking,https://1drv.ms/i/c/8705623eb284e7df/IQR5SkMOJIW9R43lx11E2_9cATs8cy5dVQt7AFSXWivasss?width=650&height=366
04-07-2023,371.1983948,372.524334,366.0841186,368.8655729,32877935,11,Kotak Mahindra Bank,KOTAKBANK.NS,Stock,Banking,https://1drv.ms/i/c/8705623eb284e7df/IQR5SkMOJIW9R43lx11E2_9cATs8cy5dVQt7AFSXWivasss?width=650&height=366
05-07-2023,371.8264465,372.4146339,369.4936248,371.4177,15595925,11,Kotak Mahindra Bank,KOTAKBANK.NS,Stock,Banking,https://1drv.ms/i/c/8705623eb284e7df/IQR5SkMOJIW9R43lx11E2_9cATs8cy5dVQt7AFSXWivasss?width=650&height=366
06-07-2023,374.3088379,375.4154505,370.6700348,370.8594547,18271205,11,Kotak Mahindra Bank,KOTAKBANK.NS,Stock,Banking,https://1drv.ms/i/c/8705623eb284e7df/IQR5SkMOJIW9R43lx11E2_9cATs8cy5dVQt7AFSXWivasss?width=650&height=366
07-07-2023,369.5634155,373.730592,368.9652491,373.2520528,10382720,11,Kotak Mahindra Bank,KOTAKBANK.NS,Stock,Banking,https://1drv.ms/i/c/8705623eb284e7df/IQR5SkMOJIW9R43lx11E2_9cATs8cy5dVQt7AFSXWivasss?width=650&height=366
10-07-2023,372.235199,373.7206208,367.8686235,369.4637238,17187710,11,Kotak Mahindra Bank,KOTAKBANK.NS,Stock,Banking,https://1drv.ms/i/c/8705623eb284e7df/IQR5SkMOJIW9R43lx11E2_9cATs8cy5dVQt7AFSXWivasss?width=650&height=366
11-07-2023,372.1753845,377.5987076,371.5174045,373.6508273,20483785,11,Kotak Mahindra Bank,KOTAKBANK.NS,Stock,Banking,https://1drv.ms/i/c/8705623eb284e7df/IQR5SkMOJIW9R43lx11E2_9cATs8cy5dVQt7AFSXWivasss?width=650&height=366
12-07-2023,374.4682922,377.0204405,372.4345386,373.8302704,21775415,11,Kotak Mahindra Bank,KOTAKBANK.NS,Stock,Banking,https://1drv.ms/i/c/8705623eb284e7df/IQR5SkMOJIW9R43lx11E2_9cATs8cy5dVQt7AFSXWivasss?width=650&height=366
13-07-2023,372.7934875,379.1539311,372.1454866,376.641638,26326850,11,Kotak Mahindra Bank,KOTAKBANK.NS,Stock,Banking,https://1drv.ms/i/c/8705623eb284e7df/IQR5SkMOJIW9R43lx11E2_9cATs8cy5dVQt7AFSXWivasss?width=650&height=366
14-07-2023,372.6538696,376.3126303,370.8594008,372.8731963,35659580,11,Kotak Mahindra Bank,KOTAKBANK.NS,Stock,Banking,https://1drv.ms/i/c/8705623eb284e7df/IQR5SkMOJIW9R43lx11E2_9cATs8cy5dVQt7AFSXWivasss?width=650&height=366
17-07-2023,378.2466736,378.7252128,372.1852988,373.0925122,16649280,11,Kotak Mahindra Bank,KOTAKBANK.NS,Stock,Banking,https://1drv.ms/i/c/8705623eb284e7df/IQR5SkMOJIW9R43lx11E2_9cATs8cy5dVQt7AFSXWivasss?width=650&height=366
18-07-2023,377.0105286,380.4300047,374.7175622,377.907763,28978225,11,Kotak Mahindra Bank,KOTAKBANK.NS,Stock,Banking,https://1drv.ms/i/c/8705623eb284e7df/IQR5SkMOJIW9R43lx11E2_9cATs8cy5dVQt7AFSXWivasss?width=650&height=366
19-07-2023,380.1508484,381.8256901,377.1500676,377.7980685,16888935,11,Kotak Mahindra Bank,KOTAKBANK.NS,Stock,Banking,https://1drv.ms/i/c/8705623eb284e7df/IQR5SkMOJIW9R43lx11E2_9cATs8cy5dVQt7AFSXWivasss?width=650&height=366
20-07-2023,390.1799927,391.276626,377.4192206,379.034279,46527925,11,Kotak Mahindra Bank,KOTAKBANK.NS,Stock,Banking,https://1drv.ms/i/c/8705623eb284e7df/IQR5SkMOJIW9R43lx11E2_9cATs8cy5dVQt7AFSXWivasss?width=650&height=366
21-07-2023,392.8318481,396.3310655,388.9238538,389.1830664,19248750,11,Kotak Mahindra Bank,KOTAKBANK.NS,Stock,Banking,https://1drv.ms/i/c/8705623eb284e7df/IQR5SkMOJIW9R43lx11E2_9cATs8cy5dVQt7AFSXWivasss?width=650&height=366
24-07-2023,378.2865906,388.8042313,376.4821426,388.8042313,35165465,11,Kotak Mahindra Bank,KOTAKBANK.NS,Stock,Banking,https://1drv.ms/i/c/8705623eb284e7df/IQR5SkMOJIW9R43lx11E2_9cATs8cy5dVQt7AFSXWivasss?width=650&height=366
25-07-2023,373.9499207,379.2336583,370.1516048,379.0342897,39724580,11,Kotak Mahindra Bank,KOTAKBANK.NS,Stock,Banking,https://1drv.ms/i/c/8705623eb284e7df/IQR5SkMOJIW9R43lx11E2_9cATs8cy5dVQt7AFSXWivasss?width=650&height=366
26-07-2023,377.8977966,378.4161914,373.9798533,374.847181,12310365,11,Kotak Mahindra Bank,KOTAKBANK.NS,Stock,Banking,https://1drv.ms/i/c/8705623eb284e7df/IQR5SkMOJIW9R43lx11E2_9cATs8cy5dVQt7AFSXWivasss?width=650&height=366
27-07-2023,373.6009827,379.3532804,371.3678604,376.6416189,31450005,11,Kotak Mahindra Bank,KOTAKBANK.NS,Stock,Banking,https://1drv.ms/i/c/8705623eb284e7df/IQR5SkMOJIW9R43lx11E2_9cATs8cy5dVQt7AFSXWivasss?width=650&height=366
28-07-2023,374.2190857,376.003606,371.0787499,372.7735497,11510165,11,Kotak Mahindra Bank,KOTAKBANK.NS,Stock,Banking,https://1drv.ms/i/c/8705623eb284e7df/IQR5SkMOJIW9R43lx11E2_9cATs8cy5dVQt7AFSXWivasss?width=650&height=366
31-07-2023,370.1715393,373.850228,368.6960661,372.0557591,20126035,11,Kotak Mahindra Bank,KOTAKBANK.NS,Stock,Banking,https://1drv.ms/i/c/8705623eb284e7df/IQR5SkMOJIW9R43lx11E2_9cATs8cy5dVQt7AFSXWivasss?width=650&height=366
01-08-2023,368.8656006,372.0059368,367.7490393,368.8656006,22339710,11,Kotak Mahindra Bank,KOTAKBANK.NS,Stock,Banking,https://1drv.ms/i/c/8705623eb284e7df/IQR5SkMOJIW9R43lx11E2_9cATs8cy5dVQt7AFSXWivasss?width=650&height=366
02-08-2023,363.6216736,368.4468302,362.4951334,366.9813361,20902255,11,Kotak Mahindra Bank,KOTAKBANK.NS,Stock,Banking,https://1drv.ms/i/c/8705623eb284e7df/IQR5SkMOJIW9R43lx11E2_9cATs8cy5dVQt7AFSXWivasss?width=650&height=366
03-08-2023,363.5319214,365.6454163,360.0626111,362.9038482,35076460,11,Kotak Mahindra Bank,KOTAKBANK.NS,Stock,Banking,https://1drv.ms/i/c/8705623eb284e7df/IQR5SkMOJIW9R43lx11E2_9cATs8cy5dVQt7AFSXWivasss?width=650&height=366
04-08-2023,366.8744507,367.7325052,361.4167307,364.9786922,27217660,11,Kotak Mahindra Bank,KOTAKBANK.NS,Stock,Banking,https://1drv.ms/i/c/8705623eb284e7df/IQR5SkMOJIW9R43lx11E2_9cATs8cy5dVQt7AFSXWivasss?width=650&height=366
07-08-2023,365.4875793,368.1715423,364.4598931,368.1715423,18541550,11,Kotak Mahindra Bank,KOTAKBANK.NS,Stock,Banking,https://1drv.ms/i/c/8705623eb284e7df/IQR5SkMOJIW9R43lx11E2_9cATs8cy5dVQt7AFSXWivasss?width=650&height=366
08-08-2023,364.7791748,367.7025892,363.5918441,365.4775849,20448115,11,Kotak Mahindra Bank,KOTAKBANK.NS,Stock,Banking,https://1drv.ms/i/c/8705623eb284e7df/IQR5SkMOJIW9R43lx11E2_9cATs8cy5dVQt7AFSXWivasss?width=650&height=366
09-08-2023,365.4775696,365.976447,362.5342112,365.976447,13121620,11,Kotak Mahindra Bank,KOTAKBANK.NS,Stock,Banking,https://1drv.ms/i/c/8705623eb284e7df/IQR5SkMOJIW9R43lx11E2_9cATs8cy5dVQt7AFSXWivasss?width=650&height=366
10-08-2023,359.3613892,365.65722,358.3935657,364.330189,25560495,11,Kotak Mahindra Bank,KOTAKBANK.NS,Stock,Banking,https://1drv.ms/i/c/8705623eb284e7df/IQR5SkMOJIW9R43lx11E2_9cATs8cy5dVQt7AFSXWivasss?width=650&height=366
11-08-2023,357.4855652,359.1917173,355.5997941,358.7926215,21328080,11,Kotak Mahindra Bank,KOTAKBANK.NS,Stock,Banking,https://1drv.ms/i/c/8705623eb284e7df/IQR5SkMOJIW9R43lx11E2_9cATs8cy5dVQt7AFSXWivasss?width=650&height=366
14-08-2023,358.0143738,359.6606631,356.1984528,356.9966444,16499595,11,Kotak Mahindra Bank,KOTAKBANK.NS,Stock,Banking,https://1drv.ms/i/c/8705623eb284e7df/IQR5SkMOJIW9R43lx11E2_9cATs8cy5dVQt7AFSXWivasss?width=650&height=366
16-08-2023,356.4379272,357.1662992,354.7018436,356.5975717,9419700,11,Kotak Mahindra Bank,KOTAKBANK.NS,Stock,Banking,https://1drv.ms/i/c/8705623eb284e7df/IQR5SkMOJIW9R43lx11E2_9cATs8cy5dVQt7AFSXWivasss?width=650&height=366
17-08-2023,352.347168,356.6774204,351.8083718,355.5998281,25658695,11,Kotak Mahindra Bank,KOTAKBANK.NS,Stock,Banking,https://1drv.ms/i/c/8705623eb284e7df/IQR5SkMOJIW9R43lx11E2_9cATs8cy5dVQt7AFSXWivasss?width=650&height=366
18-08-2023,349.3738098,352.8858956,348.5157249,350.6309906,20566460,11,Kotak Mahindra Bank,KOTAKBANK.NS,Stock,Banking,https://1drv.ms/i/c/8705623eb284e7df/IQR5SkMOJIW9R43lx11E2_9cATs8cy5dVQt7AFSXWivasss?width=650&height=366
21-08-2023,351.279541,353.724022,348.9846867,349.4137444,19777340,11,Kotak Mahindra Bank,KOTAKBANK.NS,Stock,Banking,https://1drv.ms/i/c/8705623eb284e7df/IQR5SkMOJIW9R43lx11E2_9cATs8cy5dVQt7AFSXWivasss?width=650&height=366
22-08-2023,351.8282776,353.6042798,350.900373,353.0056209,16644060,11,Kotak Mahindra Bank,KOTAKBANK.NS,Stock,Banking,https://1drv.ms/i/c/8705623eb284e7df/IQR5SkMOJIW9R43lx11E2_9cATs8cy5dVQt7AFSXWivasss?width=650&height=366
23-08-2023,355.2106934,355.5798578,350.012369,353.1652778,16691425,11,Kotak Mahindra Bank,KOTAKBANK.NS,Stock,Banking,https://1drv.ms/i/c/8705623eb284e7df/IQR5SkMOJIW9R43lx11E2_9cATs8cy5dVQt7AFSXWivasss?width=650&height=366
24-08-2023,355.3902893,358.9921696,354.4523973,356.9966599,20618955,11,Kotak Mahindra Bank,KOTAKBANK.NS,Stock,Banking,https://1drv.ms/i/c/8705623eb284e7df/IQR5SkMOJIW9R43lx11E2_9cATs8cy5dVQt7AFSXWivasss?width=650&height=366
25-08-2023,354.9712219,357.0665131,352.6065479,353.4446583,10216750,11,Kotak Mahindra Bank,KOTAKBANK.NS,Stock,Banking,https://1drv.ms/i/c/8705623eb284e7df/IQR5SkMOJIW9R43lx11E2_9cATs8cy5dVQt7AFSXWivasss?width=650&height=366
28-08-2023,357.2660828,358.5132763,354.133118,354.9712284,9902680,11,Kotak Mahindra Bank,KOTAKBANK.NS,Stock,Banking,https://1drv.ms/i/c/8705623eb284e7df/IQR5SkMOJIW9R43lx11E2_9cATs8cy5dVQt7AFSXWivasss?width=650&height=366
29-08-2023,355.8193054,358.7028314,355.0011392,358.5831057,13543460,11,Kotak Mahindra Bank,KOTAKBANK.NS,Stock,Banking,https://1drv.ms/i/c/8705623eb284e7df/IQR5SkMOJIW9R43lx11E2_9cATs8cy5dVQt7AFSXWivasss?width=650&height=366
30-08-2023,354.1830139,357.7848942,352.2074484,357.3957856,12979480,11,Kotak Mahindra Bank,KOTAKBANK.NS,Stock,Banking,https://1drv.ms/i/c/8705623eb284e7df/IQR5SkMOJIW9R43lx11E2_9cATs8cy5dVQt7AFSXWivasss?width=650&height=366
31-08-2023,350.9602661,355.9590276,350.0722497,354.1830252,41570050,11,Kotak Mahindra Bank,KOTAKBANK.NS,Stock,Banking,https://1drv.ms/i/c/8705623eb284e7df/IQR5SkMOJIW9R43lx11E2_9cATs8cy5dVQt7AFSXWivasss?width=650&height=366
01-09-2023,353.4247131,355.1209085,350.0822284,351.9879438,13476050,11,Kotak Mahindra Bank,KOTAKBANK.NS,Stock,Banking,https://1drv.ms/i/c/8705623eb284e7df/IQR5SkMOJIW9R43lx11E2_9cATs8cy5dVQt7AFSXWivasss?width=650&height=366
04-09-2023,351.6487122,356.9966634,350.6709015,354.6818953,23488415,11,Kotak Mahindra Bank,KOTAKBANK.NS,Stock,Banking,https://1drv.ms/i/c/8705623eb284e7df/IQR5SkMOJIW9R43lx11E2_9cATs8cy5dVQt7AFSXWivasss?width=650&height=366
05-09-2023,353.4147034,355.7993518,351.828277,352.2074286,21286715,11,Kotak Mahindra Bank,KOTAKBANK.NS,Stock,Banking,https://1drv.ms/i/c/8705623eb284e7df/IQR5SkMOJIW9R43lx11E2_9cATs8cy5dVQt7AFSXWivasss?width=650&height=366
06-09-2023,353.2650757,354.6020635,351.2496219,353.404776,31101115,11,Kotak Mahindra Bank,KOTAKBANK.NS,Stock,Banking,https://1drv.ms/i/c/8705623eb284e7df/IQR5SkMOJIW9R43lx11E2_9cATs8cy5dVQt7AFSXWivasss?width=650&height=366
07-09-2023,356.9966736,357.6651827,352.6664212,354.2029722,11040445,11,Kotak Mahindra Bank,KOTAKBANK.NS,Stock,Banking,https://1drv.ms/i/c/8705623eb284e7df/IQR5SkMOJIW9R43lx11E2_9cATs8cy5dVQt7AFSXWivasss?width=650&height=366
08-09-2023,357.8348083,360.1894951,355.5100225,358.5930813,11930910,11,Kotak Mahindra Bank,KOTAKBANK.NS,Stock,Banking,https://1drv.ms/i/c/8705623eb284e7df/IQR5SkMOJIW9R43lx11E2_9cATs8cy5dVQt7AFSXWivasss?width=650&height=366
11-09-2023,360.768158,361.4865426,358.2438396,359.1917188,11584510,11,Kotak Mahindra Bank,KOTAKBANK.NS,Stock,Banking,https://1drv.ms/i/c/8705623eb284e7df/IQR5SkMOJIW9R43lx11E2_9cATs8cy5dVQt7AFSXWivasss?width=650&height=366
12-09-2023,361.4266968,362.9831919,358.473351,362.9831919,17044830,11,Kotak Mahindra Bank,KOTAKBANK.NS,Stock,Banking,https://1drv.ms/i/c/8705623eb284e7df/IQR5SkMOJIW9R43lx11E2_9cATs8cy5dVQt7AFSXWivasss?width=650&height=366
13-09-2023,364.100708,366.3755878,359.3114665,359.3114665,29659350,11,Kotak Mahindra Bank,KOTAKBANK.NS,Stock,Banking,https://1drv.ms/i/c/8705623eb284e7df/IQR5SkMOJIW9R43lx11E2_9cATs8cy5dVQt7AFSXWivasss?width=650&height=366
14-09-2023,363.4920349,365.5274632,361.9854155,364.7791471,12797115,11,Kotak Mahindra Bank,KOTAKBANK.NS,Stock,Banking,https://1drv.ms/i/c/8705623eb284e7df/IQR5SkMOJIW9R43lx11E2_9cATs8cy5dVQt7AFSXWivasss?width=650&height=366
15-09-2023,361.9654846,363.8711999,361.3868002,362.4244433,20607700,11,Kotak Mahindra Bank,KOTAKBANK.NS,Stock,Banking,https://1drv.ms/i/c/8705623eb284e7df/IQR5SkMOJIW9R43lx11E2_9cATs8cy5dVQt7AFSXWivasss?width=650&height=366
18-09-2023,358.8624878,361.586339,357.9944155,361.3868063,19850560,11,Kotak Mahindra Bank,KOTAKBANK.NS,Stock,Banking,https://1drv.ms/i/c/8705623eb284e7df/IQR5SkMOJIW9R43lx11E2_9cATs8cy5dVQt7AFSXWivasss?width=650&height=366
20-09-2023,357.0864868,359.8801881,354.3426611,356.5876094,26840715,11,Kotak Mahindra Bank,KOTAKBANK.NS,Stock,Banking,https://1drv.ms/i/c/8705623eb284e7df/IQR5SkMOJIW9R43lx11E2_9cATs8cy5dVQt7AFSXWivasss?width=650&height=366
21-09-2023,350.3516235,357.355851,349.4137316,355.9988887,23923755,11,Kotak Mahindra Bank,KOTAKBANK.NS,Stock,Banking,https://1drv.ms/i/c/8705623eb284e7df/IQR5SkMOJIW9R43lx11E2_9cATs8cy5dVQt7AFSXWivasss?width=650&height=366
22-09-2023,350.5013123,353.1852753,349.6432272,350.8106138,18550615,11,Kotak Mahindra Bank,KOTAKBANK.NS,Stock,Banking,https://1drv.ms/i/c/8705623eb284e7df/IQR5SkMOJIW9R43lx11E2_9cATs8cy5dVQt7AFSXWivasss?width=650&height=366
25-09-2023,356.0787659,357.0565462,350.5711395,352.0079089,11132835,11,Kotak Mahindra Bank,KOTAKBANK.NS,Stock,Banking,https://1drv.ms/i/c/8705623eb284e7df/IQR5SkMOJIW9R43lx11E2_9cATs8cy5dVQt7AFSXWivasss?width=650&height=366
26-09-2023,352.0278625,355.5598927,349.9525155,354.422468,18280835,11,Kotak Mahindra Bank,KOTAKBANK.NS,Stock,Banking,https://1drv.ms/i/c/8705623eb284e7df/IQR5SkMOJIW9R43lx11E2_9cATs8cy5dVQt7AFSXWivasss?width=650&height=366
27-09-2023,352.2373962,353.424727,349.2142002,352.0079017,15021030,11,Kotak Mahindra Bank,KOTAKBANK.NS,Stock,Banking,https://1drv.ms/i/c/8705623eb284e7df/IQR5SkMOJIW9R43lx11E2_9cATs8cy5dVQt7AFSXWivasss?width=650&height=366
28-09-2023,345.8617554,353.5843682,345.0236145,351.6487213,41315985,11,Kotak Mahindra Bank,KOTAKBANK.NS,Stock,Banking,https://1drv.ms/i/c/8705623eb284e7df/IQR5SkMOJIW9R43lx11E2_9cATs8cy5dVQt7AFSXWivasss?width=650&height=366
29-09-2023,346.3606262,348.0168724,345.8118428,348.0168724,17858645,11,Kotak Mahindra Bank,KOTAKBANK.NS,Stock,Banking,https://1drv.ms/i/c/8705623eb284e7df/IQR5SkMOJIW9R43lx11E2_9cATs8cy5dVQt7AFSXWivasss?width=650&height=366
03-10-2023,344.634491,346.2209175,342.3196925,345.2231626,27674345,11,Kotak Mahindra Bank,KOTAKBANK.NS,Stock,Banking,https://1drv.ms/i/c/8705623eb284e7df/IQR5SkMOJIW9R43lx11E2_9cATs8cy5dVQt7AFSXWivasss?width=650&height=366
04-10-2023,343.6367493,344.6245168,341.0325933,342.2299113,31104895,11,Kotak Mahindra Bank,KOTAKBANK.NS,Stock,Banking,https://1drv.ms/i/c/8705623eb284e7df/IQR5SkMOJIW9R43lx11E2_9cATs8cy5dVQt7AFSXWivasss?width=650&height=366
05-10-2023,346.0712585,348.6155211,343.4571458,345.2231609,14834005,11,Kotak Mahindra Bank,KOTAKBANK.NS,Stock,Banking,https://1drv.ms/i/c/8705623eb284e7df/IQR5SkMOJIW9R43lx11E2_9cATs8cy5dVQt7AFSXWivasss?width=650&height=366
06-10-2023,347.9969177,348.6155208,345.2630793,346.2807783,9961615,11,Kotak Mahindra Bank,KOTAKBANK.NS,Stock,Banking,https://1drv.ms/i/c/8705623eb284e7df/IQR5SkMOJIW9R43lx11E2_9cATs8cy5dVQt7AFSXWivasss?width=650&height=366
09-10-2023,343.0879517,345.9814649,342.6389803,345.2231616,9197565,11,Kotak Mahindra Bank,KOTAKBANK.NS,Stock,Banking,https://1drv.ms/i/c/8705623eb284e7df/IQR5SkMOJIW9R43lx11E2_9cATs8cy5dVQt7AFSXWivasss?width=650&height=366
10-10-2023,350.431427,352.945758,343.3473621,344.7242686,16844910,11,Kotak Mahindra Bank,KOTAKBANK.NS,Stock,Banking,https://1drv.ms/i/c/8705623eb284e7df/IQR5SkMOJIW9R43lx11E2_9cATs8cy5dVQt7AFSXWivasss?width=650&height=366
11-10-2023,353.4845886,355.1907409,351.2196961,351.2196961,17499220,11,Kotak Mahindra Bank,KOTAKBANK.NS,Stock,Banking,https://1drv.ms/i/c/8705623eb284e7df/IQR5SkMOJIW9R43lx11E2_9cATs8cy5dVQt7AFSXWivasss?width=650&height=366
12-10-2023,351.9779663,354.5821223,351.4591447,354.2029706,11919135,11,Kotak Mahindra Bank,KOTAKBANK.NS,Stock,Banking,https://1drv.ms/i/c/8705623eb284e7df/IQR5SkMOJIW9R43lx11E2_9cATs8cy5dVQt7AFSXWivasss?width=650&height=366
13-10-2023,351.6087952,353.1952217,349.6432169,350.2119445,10619635,11,Kotak Mahindra Bank,KOTAKBANK.NS,Stock,Banking,https://1drv.ms/i/c/8705623eb284e7df/IQR5SkMOJIW9R43lx11E2_9cATs8cy5dVQt7AFSXWivasss?width=650&height=366
16-10-2023,349.1643066,351.6387191,348.5057848,351.409255,7899785,11,Kotak Mahindra Bank,KOTAKBANK.NS,Stock,Banking,https://1drv.ms/i/c/8705623eb284e7df/IQR5SkMOJIW9R43lx11E2_9cATs8cy5dVQt7AFSXWivasss?width=650&height=366
17-10-2023,353.5145264,354.1630609,349.3738497,350.2119602,16086785,11,Kotak Mahindra Bank,KOTAKBANK.NS,Stock,Banking,https://1drv.ms/i/c/8705623eb284e7df/IQR5SkMOJIW9R43lx11E2_9cATs8cy5dVQt7AFSXWivasss?width=650&height=366
18-10-2023,349.8926697,354.2428967,348.2363929,353.8038822,15258400,11,Kotak Mahindra Bank,KOTAKBANK.NS,Stock,Banking,https://1drv.ms/i/c/8705623eb284e7df/IQR5SkMOJIW9R43lx11E2_9cATs8cy5dVQt7AFSXWivasss?width=650&height=366
19-10-2023,346.9093628,349.8926398,346.3406353,347.6177602,9965895,11,Kotak Mahindra Bank,KOTAKBANK.NS,Stock,Banking,https://1drv.ms/i/c/8705623eb284e7df/IQR5SkMOJIW9R43lx11E2_9cATs8cy5dVQt7AFSXWivasss?width=650&height=366
20-10-2023,353.1253967,353.8437814,345.751974,345.9216058,20361915,11,Kotak Mahindra Bank,KOTAKBANK.NS,Stock,Banking,https://1drv.ms/i/c/8705623eb284e7df/IQR5SkMOJIW9R43lx11E2_9cATs8cy5dVQt7AFSXWivasss?width=650&height=366
23-10-2023,347.3683472,353.005656,343.7165607,353.005656,37732210,11,Kotak Mahindra Bank,KOTAKBANK.NS,Stock,Banking,https://1drv.ms/i/c/8705623eb284e7df/IQR5SkMOJIW9R43lx11E2_9cATs8cy5dVQt7AFSXWivasss?width=650&height=366
25-10-2023,344.8340454,351.5589339,343.6267705,349.0146407,17563340,11,Kotak Mahindra Bank,KOTAKBANK.NS,Stock,Banking,https://1drv.ms/i/c/8705623eb284e7df/IQR5SkMOJIW9R43lx11E2_9cATs8cy5dVQt7AFSXWivasss?width=650&height=366
26-10-2023,338.2089539,344.7642104,337.0415673,344.7642104,31396400,11,Kotak Mahindra Bank,KOTAKBANK.NS,Stock,Banking,https://1drv.ms/i/c/8705623eb284e7df/IQR5SkMOJIW9R43lx11E2_9cATs8cy5dVQt7AFSXWivasss?width=650&height=366
27-10-2023,339.7754211,340.8330388,337.0415523,340.8330388,14874150,11,Kotak Mahindra Bank,KOTAKBANK.NS,Stock,Banking,https://1drv.ms/i/c/8705623eb284e7df/IQR5SkMOJIW9R43lx11E2_9cATs8cy5dVQt7AFSXWivasss?width=650&height=366
30-10-2023,342.7287903,343.4072563,336.9218498,339.6357442,7557815,11,Kotak Mahindra Bank,KOTAKBANK.NS,Stock,Banking,https://1drv.ms/i/c/8705623eb284e7df/IQR5SkMOJIW9R43lx11E2_9cATs8cy5dVQt7AFSXWivasss?width=650&height=366
31-10-2023,347.098938,348.6155143,342.5990542,344.7641955,24196680,11,Kotak Mahindra Bank,KOTAKBANK.NS,Stock,Banking,https://1drv.ms/i/c/8705623eb284e7df/IQR5SkMOJIW9R43lx11E2_9cATs8cy5dVQt7AFSXWivasss?width=650&height=366
01-11-2023,344.1056824,346.4104935,342.798626,345.422726,12640525,11,Kotak Mahindra Bank,KOTAKBANK.NS,Stock,Banking,https://1drv.ms/i/c/8705623eb284e7df/IQR5SkMOJIW9R43lx11E2_9cATs8cy5dVQt7AFSXWivasss?width=650&height=366
02-11-2023,346.7597046,350.9402996,345.6422241,346.2209085,12752790,11,Kotak Mahindra Bank,KOTAKBANK.NS,Stock,Banking,https://1drv.ms/i/c/8705623eb284e7df/IQR5SkMOJIW9R43lx11E2_9cATs8cy5dVQt7AFSXWivasss?width=650&height=366
03-11-2023,345.8717041,348.0667769,345.2431137,347.2186792,7794790,11,Kotak Mahindra Bank,KOTAKBANK.NS,Stock,Banking,https://1drv.ms/i/c/8705623eb284e7df/IQR5SkMOJIW9R43lx11E2_9cATs8cy5dVQt7AFSXWivasss?width=650&height=366
06-11-2023,347.2585754,348.6155073,345.622243,348.0168484,5933425,11,Kotak Mahindra Bank,KOTAKBANK.NS,Stock,Banking,https://1drv.ms/i/c/8705623eb284e7df/IQR5SkMOJIW9R43lx11E2_9cATs8cy5dVQt7AFSXWivasss?width=650&height=366
07-11-2023,349.463623,350.0922135,344.4449176,346.2508513,17998015,11,Kotak Mahindra Bank,KOTAKBANK.NS,Stock,Banking,https://1drv.ms/i/c/8705623eb284e7df/IQR5SkMOJIW9R43lx11E2_9cATs8cy5dVQt7AFSXWivasss?width=650&height=366
08-11-2023,348.4658813,351.399283,347.2186878,349.8128565,18214185,11,Kotak Mahindra Bank,KOTAKBANK.NS,Stock,Banking,https://1drv.ms/i/c/8705623eb284e7df/IQR5SkMOJIW9R43lx11E2_9cATs8cy5dVQt7AFSXWivasss?width=650&height=366
09-11-2023,348.2064209,350.5511507,347.0390649,348.3959967,9718555,11,Kotak Mahindra Bank,KOTAKBANK.NS,Stock,Banking,https://1drv.ms/i/c/8705623eb284e7df/IQR5SkMOJIW9R43lx11E2_9cATs8cy5dVQt7AFSXWivasss?width=650&height=366
10-11-2023,348.3062439,349.0645473,346.1411329,346.1411329,8173995,11,Kotak Mahindra Bank,KOTAKBANK.NS,Stock,Banking,https://1drv.ms/i/c/8705623eb284e7df/IQR5SkMOJIW9R43lx11E2_9cATs8cy5dVQt7AFSXWivasss?width=650&height=366
13-11-2023,348.855011,349.6532027,345.9216094,349.4137513,14276385,11,Kotak Mahindra Bank,KOTAKBANK.NS,Stock,Banking,https://1drv.ms/i/c/8705623eb284e7df/IQR5SkMOJIW9R43lx11E2_9cATs8cy5dVQt7AFSXWivasss?width=650&height=366
15-11-2023,353.1054077,353.664148,349.2441016,351.4092429,17161355,11,Kotak Mahindra Bank,KOTAKBANK.NS,Stock,Banking,https://1drv.ms/i/c/8705623eb284e7df/IQR5SkMOJIW9R43lx11E2_9cATs8cy5dVQt7AFSXWivasss?width=650&height=366
16-11-2023,353.7739258,355.8791738,352.2074434,353.4047614,10395580,11,Kotak Mahindra Bank,KOTAKBANK.NS,Stock,Banking,https://1drv.ms/i/c/8705623eb284e7df/IQR5SkMOJIW9R43lx11E2_9cATs8cy5dVQt7AFSXWivasss?width=650&height=366
17-11-2023,352.127655,356.0488243,351.0700069,351.2097072,13554350,11,Kotak Mahindra Bank,KOTAKBANK.NS,Stock,Banking,https://1drv.ms/i/c/8705623eb284e7df/IQR5SkMOJIW9R43lx11E2_9cATs8cy5dVQt7AFSXWivasss?width=650&height=366
20-11-2023,353.3149414,354.3925337,349.2341279,350.4115017,9618255,11,Kotak Mahindra Bank,KOTAKBANK.NS,Stock,Banking,https://1drv.ms/i/c/8705623eb284e7df/IQR5SkMOJIW9R43lx11E2_9cATs8cy5dVQt7AFSXWivasss?width=650&height=366
21-11-2023,352.6464539,354.9911837,351.3393975,354.9911837,13528825,11,Kotak Mahindra Bank,KOTAKBANK.NS,Stock,Banking,https://1drv.ms/i/c/8705623eb284e7df/IQR5SkMOJIW9R43lx11E2_9cATs8cy5dVQt7AFSXWivasss?width=650&height=366
22-11-2023,348.3461304,351.8083407,346.7197852,350.8105859,22568660,11,Kotak Mahindra Bank,KOTAKBANK.NS,Stock,Banking,https://1drv.ms/i/c/8705623eb284e7df/IQR5SkMOJIW9R43lx11E2_9cATs8cy5dVQt7AFSXWivasss?width=650&height=366
23-11-2023,347.0789795,348.974738,346.6200208,347.2286671,14181445,11,Kotak Mahindra Bank,KOTAKBANK.NS,Stock,Banking,https://1drv.ms/i/c/8705623eb284e7df/IQR5SkMOJIW9R43lx11E2_9cATs8cy5dVQt7AFSXWivasss?width=650&height=366
24-11-2023,348.0168762,349.1144126,345.9615037,347.118903,12809895,11,Kotak Mahindra Bank,KOTAKBANK.NS,Stock,Banking,https://1drv.ms/i/c/8705623eb284e7df/IQR5SkMOJIW9R43lx11E2_9cATs8cy5dVQt7AFSXWivasss?width=650&height=366
28-11-2023,347.6676941,348.8151061,346.8195964,348.2164471,16746460,11,Kotak Mahindra Bank,KOTAKBANK.NS,Stock,Banking,https://1drv.ms/i/c/8705623eb284e7df/IQR5SkMOJIW9R43lx11E2_9cATs8cy5dVQt7AFSXWivasss?width=650&height=366
29-11-2023,349.9026184,351.0600176,347.2585744,348.9148509,17365700,11,Kotak Mahindra Bank,KOTAKBANK.NS,Stock,Banking,https://1drv.ms/i/c/8705623eb284e7df/IQR5SkMOJIW9R43lx11E2_9cATs8cy5dVQt7AFSXWivasss?width=650&height=366
30-11-2023,350.3017273,352.4070057,348.4059993,350.5012904,31274735,11,Kotak Mahindra Bank,KOTAKBANK.NS,Stock,Banking,https://1drv.ms/i/c/8705623eb284e7df/IQR5SkMOJIW9R43lx11E2_9cATs8cy5dVQt7AFSXWivasss?width=650&height=366
01-12-2023,349.3139954,352.4070416,348.8649935,351.2097236,10011890,11,Kotak Mahindra Bank,KOTAKBANK.NS,Stock,Banking,https://1drv.ms/i/c/8705623eb284e7df/IQR5SkMOJIW9R43lx11E2_9cATs8cy5dVQt7AFSXWivasss?width=650&height=366
04-12-2023,362.8934021,364.3700902,349.7430007,353.2052112,22895865,11,Kotak Mahindra Bank,KOTAKBANK.NS,Stock,Banking,https://1drv.ms/i/c/8705623eb284e7df/IQR5SkMOJIW9R43lx11E2_9cATs8cy5dVQt7AFSXWivasss?width=650&height=366
05-12-2023,364.8689575,366.5751097,360.8879256,364.7791632,27857360,11,Kotak Mahindra Bank,KOTAKBANK.NS,Stock,Banking,https://1drv.ms/i/c/8705623eb284e7df/IQR5SkMOJIW9R43lx11E2_9cATs8cy5dVQt7AFSXWivasss?width=650&height=366
06-12-2023,363.4621277,367.0440639,361.8158383,365.5873503,23479400,11,Kotak Mahindra Bank,KOTAKBANK.NS,Stock,Banking,https://1drv.ms/i/c/8705623eb284e7df/IQR5SkMOJIW9R43lx11E2_9cATs8cy5dVQt7AFSXWivasss?width=650&height=366
07-12-2023,364.5496521,366.5451616,361.8656894,364.1804877,12503210,11,Kotak Mahindra Bank,KOTAKBANK.NS,Stock,Banking,https://1drv.ms/i/c/8705623eb284e7df/IQR5SkMOJIW9R43lx11E2_9cATs8cy5dVQt7AFSXWivasss?width=650&height=366
08-12-2023,366.8644714,367.772432,363.322454,364.549673,14927330,11,Kotak Mahindra Bank,KOTAKBANK.NS,Stock,Banking,https://1drv.ms/i/c/8705623eb284e7df/IQR5SkMOJIW9R43lx11E2_9cATs8cy5dVQt7AFSXWivasss?width=650&height=366
11-12-2023,367.9819336,371.4940194,367.2336175,368.1715094,16029165,11,Kotak Mahindra Bank,KOTAKBANK.NS,Stock,Banking,https://1drv.ms/i/c/8705623eb284e7df/IQR5SkMOJIW9R43lx11E2_9cATs8cy5dVQt7AFSXWivasss?width=650&height=366
12-12-2023,364.0507813,369.7679271,362.9931636,368.7701723,19074810,11,Kotak Mahindra Bank,KOTAKBANK.NS,Stock,Banking,https://1drv.ms/i/c/8705623eb284e7df/IQR5SkMOJIW9R43lx11E2_9cATs8cy5dVQt7AFSXWivasss?width=650&height=366
13-12-2023,364.4199524,366.3256677,361.8058397,363.9809378,16256660,11,Kotak Mahindra Bank,KOTAKBANK.NS,Stock,Banking,https://1drv.ms/i/c/8705623eb284e7df/IQR5SkMOJIW9R43lx11E2_9cATs8cy5dVQt7AFSXWivasss?width=650&height=366
14-12-2023,369.937561,372.2523596,365.6671714,367.9719827,24394315,11,Kotak Mahindra Bank,KOTAKBANK.NS,Stock,Banking,https://1drv.ms/i/c/8705623eb284e7df/IQR5SkMOJIW9R43lx11E2_9cATs8cy5dVQt7AFSXWivasss?width=650&height=366
15-12-2023,369.2890015,372.1625402,367.7225191,372.1625402,19385985,11,Kotak Mahindra Bank,KOTAKBANK.NS,Stock,Banking,https://1drv.ms/i/c/8705623eb284e7df/IQR5SkMOJIW9R43lx11E2_9cATs8cy5dVQt7AFSXWivasss?width=650&height=366
18-12-2023,368.5606689,370.3466282,367.1737751,368.2114487,18793650,11,Kotak Mahindra Bank,KOTAKBANK.NS,Stock,Banking,https://1drv.ms/i/c/8705623eb284e7df/IQR5SkMOJIW9R43lx11E2_9cATs8cy5dVQt7AFSXWivasss?width=650&height=366
19-12-2023,368.480835,370.1371116,366.315724,369.1393568,15444615,11,Kotak Mahindra Bank,KOTAKBANK.NS,Stock,Banking,https://1drv.ms/i/c/8705623eb284e7df/IQR5SkMOJIW9R43lx11E2_9cATs8cy5dVQt7AFSXWivasss?width=650&height=366
20-12-2023,364.4798279,371.9629891,362.2448668,369.598315,19842810,11,Kotak Mahindra Bank,KOTAKBANK.NS,Stock,Banking,https://1drv.ms/i/c/8705623eb284e7df/IQR5SkMOJIW9R43lx11E2_9cATs8cy5dVQt7AFSXWivasss?width=650&height=366
21-12-2023,369.7080688,370.6559176,360.1894796,363.3823071,12019200,11,Kotak Mahindra Bank,KOTAKBANK.NS,Stock,Banking,https://1drv.ms/i/c/8705623eb284e7df/IQR5SkMOJIW9R43lx11E2_9cATs8cy5dVQt7AFSXWivasss?width=650&height=366
22-12-2023,371.2645569,375.0859443,369.3688289,370.1071577,16546475,11,Kotak Mahindra Bank,KOTAKBANK.NS,Stock,Banking,https://1drv.ms/i/c/8705623eb284e7df/IQR5SkMOJIW9R43lx11E2_9cATs8cy5dVQt7AFSXWivasss?width=650&height=366
26-12-2023,376.5227051,378.9472418,370.5960394,372.5616175,21753345,11,Kotak Mahindra Bank,KOTAKBANK.NS,Stock,Banking,https://1drv.ms/i/c/8705623eb284e7df/IQR5SkMOJIW9R43lx11E2_9cATs8cy5dVQt7AFSXWivasss?width=650&height=366
27-12-2023,379.6157532,381.1423167,375.7843786,377.9494893,17036215,11,Kotak Mahindra Bank,KOTAKBANK.NS,Stock,Banking,https://1drv.ms/i/c/8705623eb284e7df/IQR5SkMOJIW9R43lx11E2_9cATs8cy5dVQt7AFSXWivasss?width=650&height=366
28-12-2023,383.4072266,384.4349128,379.7654276,381.3418973,24750070,11,Kotak Mahindra Bank,KOTAKBANK.NS,Stock,Banking,https://1drv.ms/i/c/8705623eb284e7df/IQR5SkMOJIW9R43lx11E2_9cATs8cy5dVQt7AFSXWivasss?width=650&height=366
29-12-2023,380.7631836,382.6888431,377.1613034,381.5614057,12230850,11,Kotak Mahindra Bank,KOTAKBANK.NS,Stock,Banking,https://1drv.ms/i/c/8705623eb284e7df/IQR5SkMOJIW9R43lx11E2_9cATs8cy5dVQt7AFSXWivasss?width=650&height=366
01-01-2024,380.9727173,382.9382955,377.7699328,380.9427859,7129510,11,Kotak Mahindra Bank,KOTAKBANK.NS,Stock,Banking,https://1drv.ms/i/c/8705623eb284e7df/IQR5SkMOJIW9R43lx11E2_9cATs8cy5dVQt7AFSXWivasss?width=650&height=366
02-01-2024,372.1725464,380.7432569,371.1847484,380.7432569,25603980,11,Kotak Mahindra Bank,KOTAKBANK.NS,Stock,Banking,https://1drv.ms/i/c/8705623eb284e7df/IQR5SkMOJIW9R43lx11E2_9cATs8cy5dVQt7AFSXWivasss?width=650&height=366
03-01-2024,372.3421631,373.1603294,368.7003638,371.9630114,18907575,11,Kotak Mahindra Bank,KOTAKBANK.NS,Stock,Banking,https://1drv.ms/i/c/8705623eb284e7df/IQR5SkMOJIW9R43lx11E2_9cATs8cy5dVQt7AFSXWivasss?width=650&height=366
04-01-2024,371.8831787,373.4596179,371.2745324,373.4596179,14328830,11,Kotak Mahindra Bank,KOTAKBANK.NS,Stock,Banking,https://1drv.ms/i/c/8705623eb284e7df/IQR5SkMOJIW9R43lx11E2_9cATs8cy5dVQt7AFSXWivasss?width=650&height=366
05-01-2024,368.6903687,373.1403773,367.4531624,372.2623481,38996705,11,Kotak Mahindra Bank,KOTAKBANK.NS,Stock,Banking,https://1drv.ms/i/c/8705623eb284e7df/IQR5SkMOJIW9R43lx11E2_9cATs8cy5dVQt7AFSXWivasss?width=650&height=366
08-01-2024,364.4000244,369.4586488,362.9033922,368.7701955,61265835,11,Kotak Mahindra Bank,KOTAKBANK.NS,Stock,Banking,https://1drv.ms/i/c/8705623eb284e7df/IQR5SkMOJIW9R43lx11E2_9cATs8cy5dVQt7AFSXWivasss?width=650&height=366
09-01-2024,364.5097656,370.765708,363.3823282,366.5751255,21696115,11,Kotak Mahindra Bank,KOTAKBANK.NS,Stock,Banking,https://1drv.ms/i/c/8705623eb284e7df/IQR5SkMOJIW9R43lx11E2_9cATs8cy5dVQt7AFSXWivasss?width=650&height=366
10-01-2024,363.3424072,365.6771499,361.506542,363.3424072,35263790,11,Kotak Mahindra Bank,KOTAKBANK.NS,Stock,Banking,https://1drv.ms/i/c/8705623eb284e7df/IQR5SkMOJIW9R43lx11E2_9cATs8cy5dVQt7AFSXWivasss?width=650&height=366
11-01-2024,363.7514648,367.4531265,362.2548327,365.5773427,20850350,11,Kotak Mahindra Bank,KOTAKBANK.NS,Stock,Banking,https://1drv.ms/i/c/8705623eb284e7df/IQR5SkMOJIW9R43lx11E2_9cATs8cy5dVQt7AFSXWivasss?width=650&height=366
12-01-2024,365.8268127,367.6826526,362.0652879,364.1805233,10863105,11,Kotak Mahindra Bank,KOTAKBANK.NS,Stock,Banking,https://1drv.ms/i/c/8705623eb284e7df/IQR5SkMOJIW9R43lx11E2_9cATs8cy5dVQt7AFSXWivasss?width=650&height=366
15-01-2024,369.4685974,369.8876678,366.4254574,367.7724325,30861560,11,Kotak Mahindra Bank,KOTAKBANK.NS,Stock,Banking,https://1drv.ms/i/c/8705623eb284e7df/IQR5SkMOJIW9R43lx11E2_9cATs8cy5dVQt7AFSXWivasss?width=650&height=366
16-01-2024,368.7702026,371.3543841,367.3733519,369.2790369,23254490,11,Kotak Mahindra Bank,KOTAKBANK.NS,Stock,Banking,https://1drv.ms/i/c/8705623eb284e7df/IQR5SkMOJIW9R43lx11E2_9cATs8cy5dVQt7AFSXWivasss?width=650&height=366
17-01-2024,355.1308899,366.1061937,354.4224924,363.791395,54184415,11,Kotak Mahindra Bank,KOTAKBANK.NS,Stock,Banking,https://1drv.ms/i/c/8705623eb284e7df/IQR5SkMOJIW9R43lx11E2_9cATs8cy5dVQt7AFSXWivasss?width=650&height=366
18-01-2024,354.6519775,357.7350364,352.127659,353.2052208,21467250,11,Kotak Mahindra Bank,KOTAKBANK.NS,Stock,Banking,https://1drv.ms/i/c/8705623eb284e7df/IQR5SkMOJIW9R43lx11E2_9cATs8cy5dVQt7AFSXWivasss?width=650&height=366
19-01-2024,352.067749,359.1817457,350.042308,356.6075517,22801645,11,Kotak Mahindra Bank,KOTAKBANK.NS,Stock,Banking,https://1drv.ms/i/c/8705623eb284e7df/IQR5SkMOJIW9R43lx11E2_9cATs8cy5dVQt7AFSXWivasss?width=650&height=366
23-01-2024,356.0986938,364.16057,351.9879488,359.3913031,33904120,11,Kotak Mahindra Bank,KOTAKBANK.NS,Stock,Banking,https://1drv.ms/i/c/8705623eb284e7df/IQR5SkMOJIW9R43lx11E2_9cATs8cy5dVQt7AFSXWivasss?width=650&height=366
24-01-2024,356.9168701,359.8901906,351.7883955,356.9966771,16341755,11,Kotak Mahindra Bank,KOTAKBANK.NS,Stock,Banking,https://1drv.ms/i/c/8705623eb284e7df/IQR5SkMOJIW9R43lx11E2_9cATs8cy5dVQt7AFSXWivasss?width=650&height=366
25-01-2024,352.8858948,358.7127789,349.6930978,357.1962026,33510850,11,Kotak Mahindra Bank,KOTAKBANK.NS,Stock,Banking,https://1drv.ms/i/c/8705623eb284e7df/IQR5SkMOJIW9R43lx11E2_9cATs8cy5dVQt7AFSXWivasss?width=650&height=366
29-01-2024,363.7614441,365.1882566,354.4025293,356.2583387,26180740,11,Kotak Mahindra Bank,KOTAKBANK.NS,Stock,Banking,https://1drv.ms/i/c/8705623eb284e7df/IQR5SkMOJIW9R43lx11E2_9cATs8cy5dVQt7AFSXWivasss?width=650&height=366
30-01-2024,363.9011536,367.0640499,359.8602586,364.1805237,19145935,11,Kotak Mahindra Bank,KOTAKBANK.NS,Stock,Banking,https://1drv.ms/i/c/8705623eb284e7df/IQR5SkMOJIW9R43lx11E2_9cATs8cy5dVQt7AFSXWivasss?width=650&height=366
31-01-2024,364.2303772,367.4631235,356.8969038,362.3845552,40587005,11,Kotak Mahindra Bank,KOTAKBANK.NS,Stock,Banking,https://1drv.ms/i/c/8705623eb284e7df/IQR5SkMOJIW9R43lx11E2_9cATs8cy5dVQt7AFSXWivasss?width=650&height=366
01-02-2024,363.7315063,365.5873461,361.8258214,365.178263,10360840,11,Kotak Mahindra Bank,KOTAKBANK.NS,Stock,Banking,https://1drv.ms/i/c/8705623eb284e7df/IQR5SkMOJIW9R43lx11E2_9cATs8cy5dVQt7AFSXWivasss?width=650&height=366
02-02-2024,363.7714233,369.1692805,362.8634628,367.532948,25249380,11,Kotak Mahindra Bank,KOTAKBANK.NS,Stock,Banking,https://1drv.ms/i/c/8705623eb284e7df/IQR5SkMOJIW9R43lx11E2_9cATs8cy5dVQt7AFSXWivasss?width=650&height=366
05-02-2024,360.8580017,364.5696509,358.9921746,364.1805119,17304030,11,Kotak Mahindra Bank,KOTAKBANK.NS,Stock,Banking,https://1drv.ms/i/c/8705623eb284e7df/IQR5SkMOJIW9R43lx11E2_9cATs8cy5dVQt7AFSXWivasss?width=650&height=366
06-02-2024,356.5975647,361.9854346,355.8293045,361.9854346,23459485,11,Kotak Mahindra Bank,KOTAKBANK.NS,Stock,Banking,https://1drv.ms/i/c/8705623eb284e7df/IQR5SkMOJIW9R43lx11E2_9cATs8cy5dVQt7AFSXWivasss?width=650&height=366
07-02-2024,357.7150574,361.1473365,355.9989178,357.395799,22961120,11,Kotak Mahindra Bank,KOTAKBANK.NS,Stock,Banking,https://1drv.ms/i/c/8705623eb284e7df/IQR5SkMOJIW9R43lx11E2_9cATs8cy5dVQt7AFSXWivasss?width=650&height=366
08-02-2024,345.1632996,359.9500331,344.6344907,359.5010312,22713870,11,Kotak Mahindra Bank,KOTAKBANK.NS,Stock,Banking,https://1drv.ms/i/c/8705623eb284e7df/IQR5SkMOJIW9R43lx11E2_9cATs8cy5dVQt7AFSXWivasss?width=650&height=366
09-02-2024,347.70755,349.0146064,343.0280777,345.2231504,20319880,11,Kotak Mahindra Bank,KOTAKBANK.NS,Stock,Banking,https://1drv.ms/i/c/8705623eb284e7df/IQR5SkMOJIW9R43lx11E2_9cATs8cy5dVQt7AFSXWivasss?width=650&height=366
12-02-2024,341.1423645,349.0146344,337.4606467,347.8173469,22532445,11,Kotak Mahindra Bank,KOTAKBANK.NS,Stock,Banking,https://1drv.ms/i/c/8705623eb284e7df/IQR5SkMOJIW9R43lx11E2_9cATs8cy5dVQt7AFSXWivasss?width=650&height=366
13-02-2024,346.6499329,348.2363593,341.0325686,341.8307907,22461670,11,Kotak Mahindra Bank,KOTAKBANK.NS,Stock,Banking,https://1drv.ms/i/c/8705623eb284e7df/IQR5SkMOJIW9R43lx11E2_9cATs8cy5dVQt7AFSXWivasss?width=650&height=366
14-02-2024,349.0046692,352.1675349,341.6611778,343.9560322,19251615,11,Kotak Mahindra Bank,KOTAKBANK.NS,Stock,Banking,https://1drv.ms/i/c/8705623eb284e7df/IQR5SkMOJIW9R43lx11E2_9cATs8cy5dVQt7AFSXWivasss?width=650&height=366
15-02-2024,347.0690002,350.7008117,343.2376256,350.2119217,12708350,11,Kotak Mahindra Bank,KOTAKBANK.NS,Stock,Banking,https://1drv.ms/i/c/8705623eb284e7df/IQR5SkMOJIW9R43lx11E2_9cATs8cy5dVQt7AFSXWivasss?width=650&height=366
16-02-2024,346.270813,349.4137652,345.6621971,349.2042147,8215730,11,Kotak Mahindra Bank,KOTAKBANK.NS,Stock,Banking,https://1drv.ms/i/c/8705623eb284e7df/IQR5SkMOJIW9R43lx11E2_9cATs8cy5dVQt7AFSXWivasss?width=650&height=366
19-02-2024,345.5025635,348.0168948,344.454933,348.0168948,22239770,11,Kotak Mahindra Bank,KOTAKBANK.NS,Stock,Banking,https://1drv.ms/i/c/8705623eb284e7df/IQR5SkMOJIW9R43lx11E2_9cATs8cy5dVQt7AFSXWivasss?width=650&height=366
20-02-2024,351.7085876,352.9358371,346.6898819,347.1588279,38055620,11,Kotak Mahindra Bank,KOTAKBANK.NS,Stock,Banking,https://1drv.ms/i/c/8705623eb284e7df/IQR5SkMOJIW9R43lx11E2_9cATs8cy5dVQt7AFSXWivasss?width=650&height=366
21-02-2024,348.4359436,353.0056473,347.3284199,353.0056473,20924355,11,Kotak Mahindra Bank,KOTAKBANK.NS,Stock,Banking,https://1drv.ms/i/c/8705623eb284e7df/IQR5SkMOJIW9R43lx11E2_9cATs8cy5dVQt7AFSXWivasss?width=650&height=366
22-02-2024,344.1755371,348.2164319,342.0702586,348.1166504,31003800,11,Kotak Mahindra Bank,KOTAKBANK.NS,Stock,Banking,https://1drv.ms/i/c/8705623eb284e7df/IQR5SkMOJIW9R43lx11E2_9cATs8cy5dVQt7AFSXWivasss?width=650&height=366
23-02-2024,344.0258789,345.77195,342.3097393,344.1256605,17268830,11,Kotak Mahindra Bank,KOTAKBANK.NS,Stock,Banking,https://1drv.ms/i/c/8705623eb284e7df/IQR5SkMOJIW9R43lx11E2_9cATs8cy5dVQt7AFSXWivasss?width=650&height=366
26-02-2024,340.4938049,344.305205,339.6257631,343.6467137,29790330,11,Kotak Mahindra Bank,KOTAKBANK.NS,Stock,Banking,https://1drv.ms/i/c/8705623eb284e7df/IQR5SkMOJIW9R43lx11E2_9cATs8cy5dVQt7AFSXWivasss?width=650&height=366
27-02-2024,340.5836182,342.2199203,338.6379841,341.8308117,22158260,11,Kotak Mahindra Bank,KOTAKBANK.NS,Stock,Banking,https://1drv.ms/i/c/8705623eb284e7df/IQR5SkMOJIW9R43lx11E2_9cATs8cy5dVQt7AFSXWivasss?width=650&height=366
28-02-2024,335.9639893,341.8008608,334.2877685,341.4316964,15381635,11,Kotak Mahindra Bank,KOTAKBANK.NS,Stock,Banking,https://1drv.ms/i/c/8705623eb284e7df/IQR5SkMOJIW9R43lx11E2_9cATs8cy5dVQt7AFSXWivasss?width=650&height=366
29-02-2024,337.1313782,339.685628,332.7312759,336.6424576,33034875,11,Kotak Mahindra Bank,KOTAKBANK.NS,Stock,Banking,https://1drv.ms/i/c/8705623eb284e7df/IQR5SkMOJIW9R43lx11E2_9cATs8cy5dVQt7AFSXWivasss?width=650&height=366
01-03-2024,344.7642212,345.2730555,338.2388959,338.3386775,17220745,11,Kotak Mahindra Bank,KOTAKBANK.NS,Stock,Banking,https://1drv.ms/i/c/8705623eb284e7df/IQR5SkMOJIW9R43lx11E2_9cATs8cy5dVQt7AFSXWivasss?width=650&height=366
04-03-2024,344.6644287,347.5179929,342.9283451,344.8140858,13885990,11,Kotak Mahindra Bank,KOTAKBANK.NS,Stock,Banking,https://1drv.ms/i/c/8705623eb284e7df/IQR5SkMOJIW9R43lx11E2_9cATs8cy5dVQt7AFSXWivasss?width=650&height=366
05-03-2024,342.3695984,344.6644223,341.0226233,344.6045594,15610970,11,Kotak Mahindra Bank,KOTAKBANK.NS,Stock,Banking,https://1drv.ms/i/c/8705623eb284e7df/IQR5SkMOJIW9R43lx11E2_9cATs8cy5dVQt7AFSXWivasss?width=650&height=366
06-03-2024,351.1598206,353.5943447,342.9083687,343.7963851,37258560,11,Kotak Mahindra Bank,KOTAKBANK.NS,Stock,Banking,https://1drv.ms/i/c/8705623eb284e7df/IQR5SkMOJIW9R43lx11E2_9cATs8cy5dVQt7AFSXWivasss?width=650&height=366
07-03-2024,348.8250427,352.187502,348.2164269,351.1598158,15696800,11,Kotak Mahindra Bank,KOTAKBANK.NS,Stock,Banking,https://1drv.ms/i/c/8705623eb284e7df/IQR5SkMOJIW9R43lx11E2_9cATs8cy5dVQt7AFSXWivasss?width=650&height=366
11-03-2024,345.1533203,353.1752777,344.0757585,352.3870428,18200715,11,Kotak Mahindra Bank,KOTAKBANK.NS,Stock,Banking,https://1drv.ms/i/c/8705623eb284e7df/IQR5SkMOJIW9R43lx11E2_9cATs8cy5dVQt7AFSXWivasss?width=650&height=366
12-03-2024,343.2975159,347.9071384,340.7033472,346.2009861,51216490,11,Kotak Mahindra Bank,KOTAKBANK.NS,Stock,Banking,https://1drv.ms/i/c/8705623eb284e7df/IQR5SkMOJIW9R43lx11E2_9cATs8cy5dVQt7AFSXWivasss?width=650&height=366
13-03-2024,345.1333923,347.7674494,342.6689366,343.297527,29080415,11,Kotak Mahindra Bank,KOTAKBANK.NS,Stock,Banking,https://1drv.ms/i/c/8705623eb284e7df/IQR5SkMOJIW9R43lx11E2_9cATs8cy5dVQt7AFSXWivasss?width=650&height=366
14-03-2024,347.6976318,350.7806908,343.0580473,344.2254339,24048165,11,Kotak Mahindra Bank,KOTAKBANK.NS,Stock,Banking,https://1drv.ms/i/c/8705623eb284e7df/IQR5SkMOJIW9R43lx11E2_9cATs8cy5dVQt7AFSXWivasss?width=650&height=366
15-03-2024,346.8794556,350.4115163,343.4671206,346.3805781,77537270,11,Kotak Mahindra Bank,KOTAKBANK.NS,Stock,Banking,https://1drv.ms/i/c/8705623eb284e7df/IQR5SkMOJIW9R43lx11E2_9cATs8cy5dVQt7AFSXWivasss?width=650&height=366
18-03-2024,346.7996216,348.1865155,342.2897806,346.6998705,11570715,11,Kotak Mahindra Bank,KOTAKBANK.NS,Stock,Banking,https://1drv.ms/i/c/8705623eb284e7df/IQR5SkMOJIW9R43lx11E2_9cATs8cy5dVQt7AFSXWivasss?width=650&height=366
19-03-2024,349.1443481,350.5911049,345.3329173,346.1910023,22405375,11,Kotak Mahindra Bank,KOTAKBANK.NS,Stock,Banking,https://1drv.ms/i/c/8705623eb284e7df/IQR5SkMOJIW9R43lx11E2_9cATs8cy5dVQt7AFSXWivasss?width=650&height=366
20-03-2024,352.287262,352.9058955,345.3828156,349.4935606,22104430,11,Kotak Mahindra Bank,KOTAKBANK.NS,Stock,Banking,https://1drv.ms/i/c/8705623eb284e7df/IQR5SkMOJIW9R43lx11E2_9cATs8cy5dVQt7AFSXWivasss?width=650&height=366
21-03-2024,353.6342163,357.3259211,352.067734,353.6242595,18918405,11,Kotak Mahindra Bank,KOTAKBANK.NS,Stock,Banking,https://1drv.ms/i/c/8705623eb284e7df/IQR5SkMOJIW9R43lx11E2_9cATs8cy5dVQt7AFSXWivasss?width=650&height=366
22-03-2024,354.4823303,355.6995924,352.2074506,353.1852612,35306415,11,Kotak Mahindra Bank,KOTAKBANK.NS,Stock,Banking,https://1drv.ms/i/c/8705623eb284e7df/IQR5SkMOJIW9R43lx11E2_9cATs8cy5dVQt7AFSXWivasss?width=650&height=366
26-03-2024,349.9525146,354.2827669,349.2141858,352.2074503,26518150,11,Kotak Mahindra Bank,KOTAKBANK.NS,Stock,Banking,https://1drv.ms/i/c/8705623eb284e7df/IQR5SkMOJIW9R43lx11E2_9cATs8cy5dVQt7AFSXWivasss?width=650&height=366
27-03-2024,354.3226929,355.1608033,349.9924405,350.8106068,41155650,11,Kotak Mahindra Bank,KOTAKBANK.NS,Stock,Banking,https://1drv.ms/i/c/8705623eb284e7df/IQR5SkMOJIW9R43lx11E2_9cATs8cy5dVQt7AFSXWivasss?width=650&height=366
28-03-2024,356.2982483,359.9699787,354.0433127,354.7916288,33150360,11,Kotak Mahindra Bank,KOTAKBANK.NS,Stock,Banking,https://1drv.ms/i/c/8705623eb284e7df/IQR5SkMOJIW9R43lx11E2_9cATs8cy5dVQt7AFSXWivasss?width=650&height=366
01-04-2024,357.3359375,362.7138203,356.4977966,358.1939921,14429400,11,Kotak Mahindra Bank,KOTAKBANK.NS,Stock,Banking,https://1drv.ms/i/c/8705623eb284e7df/IQR5SkMOJIW9R43lx11E2_9cATs8cy5dVQt7AFSXWivasss?width=650&height=366
02-04-2024,350.6908569,358.7926208,350.1021853,357.9744546,34255950,11,Kotak Mahindra Bank,KOTAKBANK.NS,Stock,Banking,https://1drv.ms/i/c/8705623eb284e7df/IQR5SkMOJIW9R43lx11E2_9cATs8cy5dVQt7AFSXWivasss?width=650&height=366
03-04-2024,345.4526672,350.5511798,345.0236095,349.9126326,63417755,11,Kotak Mahindra Bank,KOTAKBANK.NS,Stock,Banking,https://1drv.ms/i/c/8705623eb284e7df/IQR5SkMOJIW9R43lx11E2_9cATs8cy5dVQt7AFSXWivasss?width=650&height=366
04-04-2024,349.0445557,349.5534204,343.8861803,348.6155284,65626460,11,Kotak Mahindra Bank,KOTAKBANK.NS,Stock,Banking,https://1drv.ms/i/c/8705623eb284e7df/IQR5SkMOJIW9R43lx11E2_9cATs8cy5dVQt7AFSXWivasss?width=650&height=366
05-04-2024,356.2283936,356.6374767,347.2386131,349.0246027,32790115,11,Kotak Mahindra Bank,KOTAKBANK.NS,Stock,Banking,https://1drv.ms/i/c/8705623eb284e7df/IQR5SkMOJIW9R43lx11E2_9cATs8cy5dVQt7AFSXWivasss?width=650&height=366
08-04-2024,356.8769226,359.5608854,356.2184008,357.9545148,13174055,11,Kotak Mahindra Bank,KOTAKBANK.NS,Stock,Banking,https://1drv.ms/i/c/8705623eb284e7df/IQR5SkMOJIW9R43lx11E2_9cATs8cy5dVQt7AFSXWivasss?width=650&height=366
09-04-2024,355.3204346,357.7948774,354.3426544,357.2660686,11866155,11,Kotak Mahindra Bank,KOTAKBANK.NS,Stock,Banking,https://1drv.ms/i/c/8705623eb284e7df/IQR5SkMOJIW9R43lx11E2_9cATs8cy5dVQt7AFSXWivasss?width=650&height=366
10-04-2024,364.3700867,365.1583215,355.9989091,356.9767198,27629090,11,Kotak Mahindra Bank,KOTAKBANK.NS,Stock,Banking,https://1drv.ms/i/c/8705623eb284e7df/IQR5SkMOJIW9R43lx11E2_9cATs8cy5dVQt7AFSXWivasss?width=650&height=366
12-04-2024,361.7958374,362.8035794,359.0619991,361.3867847,19831135,11,Kotak Mahindra Bank,KOTAKBANK.NS,Stock,Banking,https://1drv.ms/i/c/8705623eb284e7df/IQR5SkMOJIW9R43lx11E2_9cATs8cy5dVQt7AFSXWivasss?width=650&height=366
15-04-2024,358.8225708,361.127382,355.2007159,357.1862383,21599340,11,Kotak Mahindra Bank,KOTAKBANK.NS,Stock,Banking,https://1drv.ms/i/c/8705623eb284e7df/IQR5SkMOJIW9R43lx11E2_9cATs8cy5dVQt7AFSXWivasss?width=650&height=366
16-04-2024,357.7150574,360.1096934,354.3326843,354.8016303,20483890,11,Kotak Mahindra Bank,KOTAKBANK.NS,Stock,Banking,https://1drv.ms/i/c/8705623eb284e7df/IQR5SkMOJIW9R43lx11E2_9cATs8cy5dVQt7AFSXWivasss?width=650&height=366
18-04-2024,356.547699,361.7859119,355.819327,357.2062208,21253700,11,Kotak Mahindra Bank,KOTAKBANK.NS,Stock,Banking,https://1drv.ms/i/c/8705623eb284e7df/IQR5SkMOJIW9R43lx11E2_9cATs8cy5dVQt7AFSXWivasss?width=650&height=366
19-04-2024,357.7250366,360.1894923,351.8083578,352.0078905,19351900,11,Kotak Mahindra Bank,KOTAKBANK.NS,Stock,Banking,https://1drv.ms/i/c/8705623eb284e7df/IQR5SkMOJIW9R43lx11E2_9cATs8cy5dVQt7AFSXWivasss?width=650&height=366
22-04-2024,361.1772766,363.6816511,359.1917542,361.7859229,30755695,11,Kotak Mahindra Bank,KOTAKBANK.NS,Stock,Banking,https://1drv.ms/i/c/8705623eb284e7df/IQR5SkMOJIW9R43lx11E2_9cATs8cy5dVQt7AFSXWivasss?width=650&height=366
23-04-2024,361.7958374,364.9786775,359.8103152,361.1872216,29780025,11,Kotak Mahindra Bank,KOTAKBANK.NS,Stock,Banking,https://1drv.ms/i/c/8705623eb284e7df/IQR5SkMOJIW9R43lx11E2_9cATs8cy5dVQt7AFSXWivasss?width=650&height=366
24-04-2024,367.7325134,368.2713096,360.7482297,361.5863401,16475385,11,Kotak Mahindra Bank,KOTAKBANK.NS,Stock,Banking,https://1drv.ms/i/c/8705623eb284e7df/IQR5SkMOJIW9R43lx11E2_9cATs8cy5dVQt7AFSXWivasss?width=650&height=366
25-04-2024,327.7524719,338.7976251,319.6806391,332.2523559,330895395,11,Kotak Mahindra Bank,KOTAKBANK.NS,Stock,Banking,https://1drv.ms/i/c/8705623eb284e7df/IQR5SkMOJIW9R43lx11E2_9cATs8cy5dVQt7AFSXWivasss?width=650&height=366
26-04-2024,320.9777222,330.2568294,320.2792816,327.7524551,110734245,11,Kotak Mahindra Bank,KOTAKBANK.NS,Stock,Banking,https://1drv.ms/i/c/8705623eb284e7df/IQR5SkMOJIW9R43lx11E2_9cATs8cy5dVQt7AFSXWivasss?width=650&height=366
29-04-2024,327.3433838,328.7103335,321.1772664,321.2969921,56137045,11,Kotak Mahindra Bank,KOTAKBANK.NS,Stock,Banking,https://1drv.ms/i/c/8705623eb284e7df/IQR5SkMOJIW9R43lx11E2_9cATs8cy5dVQt7AFSXWivasss?width=650&height=366
30-04-2024,324.0608215,328.660457,323.2725866,327.3434132,91032240,11,Kotak Mahindra Bank,KOTAKBANK.NS,Stock,Banking,https://1drv.ms/i/c/8705623eb284e7df/IQR5SkMOJIW9R43lx11E2_9cATs8cy5dVQt7AFSXWivasss?width=650&height=366
02-05-2024,314.4224854,318.1840101,309.7829315,317.2860369,133202390,11,Kotak Mahindra Bank,KOTAKBANK.NS,Stock,Banking,https://1drv.ms/i/c/8705623eb284e7df/IQR5SkMOJIW9R43lx11E2_9cATs8cy5dVQt7AFSXWivasss?width=650&height=366
03-05-2024,308.6454773,316.8669674,308.0767497,315.8891871,80617945,11,Kotak Mahindra Bank,KOTAKBANK.NS,Stock,Banking,https://1drv.ms/i/c/8705623eb284e7df/IQR5SkMOJIW9R43lx11E2_9cATs8cy5dVQt7AFSXWivasss?width=650&height=366
06-05-2024,324.1306152,325.8667293,318.0842235,320.2792963,108041055,11,Kotak Mahindra Bank,KOTAKBANK.NS,Stock,Banking,https://1drv.ms/i/c/8705623eb284e7df/IQR5SkMOJIW9R43lx11E2_9cATs8cy5dVQt7AFSXWivasss?width=650&height=366
07-05-2024,328.0418396,328.7302929,322.8734768,325.0086563,49333925,11,Kotak Mahindra Bank,KOTAKBANK.NS,Stock,Banking,https://1drv.ms/i/c/8705623eb284e7df/IQR5SkMOJIW9R43lx11E2_9cATs8cy5dVQt7AFSXWivasss?width=650&height=366
08-05-2024,328.9298401,330.7457307,326.4853286,327.2635762,49268765,11,Kotak Mahindra Bank,KOTAKBANK.NS,Stock,Banking,https://1drv.ms/i/c/8705623eb284e7df/IQR5SkMOJIW9R43lx11E2_9cATs8cy5dVQt7AFSXWivasss?width=650&height=366
09-05-2024,327.8821716,331.6237521,326.6649096,328.8599823,23280220,11,Kotak Mahindra Bank,KOTAKBANK.NS,Stock,Banking,https://1drv.ms/i/c/8705623eb284e7df/IQR5SkMOJIW9R43lx11E2_9cATs8cy5dVQt7AFSXWivasss?width=650&height=366
10-05-2024,324.8589783,329.8776836,322.4543856,327.8622299,58847010,11,Kotak Mahindra Bank,KOTAKBANK.NS,Stock,Banking,https://1drv.ms/i/c/8705623eb284e7df/IQR5SkMOJIW9R43lx11E2_9cATs8cy5dVQt7AFSXWivasss?width=650&height=366
13-05-2024,327.5030212,327.9919418,322.474359,324.6694013,29196240,11,Kotak Mahindra Bank,KOTAKBANK.NS,Stock,Banking,https://1drv.ms/i/c/8705623eb284e7df/IQR5SkMOJIW9R43lx11E2_9cATs8cy5dVQt7AFSXWivasss?width=650&height=366
14-05-2024,328.520752,329.2590808,325.766939,327.662667,21410130,11,Kotak Mahindra Bank,KOTAKBANK.NS,Stock,Banking,https://1drv.ms/i/c/8705623eb284e7df/IQR5SkMOJIW9R43lx11E2_9cATs8cy5dVQt7AFSXWivasss?width=650&height=366
15-05-2024,329.4187317,330.0572789,326.674906,329.1992244,26304500,11,Kotak Mahindra Bank,KOTAKBANK.NS,Stock,Banking,https://1drv.ms/i/c/8705623eb284e7df/IQR5SkMOJIW9R43lx11E2_9cATs8cy5dVQt7AFSXWivasss?width=650&height=366
16-05-2024,333.6592102,334.2478819,328.7003673,330.2568624,34991785,11,Kotak Mahindra Bank,KOTAKBANK.NS,Stock,Banking,https://1drv.ms/i/c/8705623eb284e7df/IQR5SkMOJIW9R43lx11E2_9cATs8cy5dVQt7AFSXWivasss?width=650&height=366
17-05-2024,338.5481873,340.3641083,332.2523567,334.0483033,48087255,11,Kotak Mahindra Bank,KOTAKBANK.NS,Stock,Banking,https://1drv.ms/i/c/8705623eb284e7df/IQR5SkMOJIW9R43lx11E2_9cATs8cy5dVQt7AFSXWivasss?width=650&height=366
21-05-2024,338.8874207,342.2299054,337.2411313,337.6402271,29050835,11,Kotak Mahindra Bank,KOTAKBANK.NS,Stock,Banking,https://1drv.ms/i/c/8705623eb284e7df/IQR5SkMOJIW9R43lx11E2_9cATs8cy5dVQt7AFSXWivasss?width=650&height=366
22-05-2024,339.1468506,340.2244124,335.4651328,339.7953851,30293485,11,Kotak Mahindra Bank,KOTAKBANK.NS,Stock,Banking,https://1drv.ms/i/c/8705623eb284e7df/IQR5SkMOJIW9R43lx11E2_9cATs8cy5dVQt7AFSXWivasss?width=650&height=366
23-05-2024,341.042572,341.9505326,338.6479665,339.2366382,28406475,11,Kotak Mahindra Bank,KOTAKBANK.NS,Stock,Banking,https://1drv.ms/i/c/8705623eb284e7df/IQR5SkMOJIW9R43lx11E2_9cATs8cy5dVQt7AFSXWivasss?width=650&height=366
24-05-2024,339.9251099,342.7986488,338.1790388,341.4317295,24680885,11,Kotak Mahindra Bank,KOTAKBANK.NS,Stock,Banking,https://1drv.ms/i/c/8705623eb284e7df/IQR5SkMOJIW9R43lx11E2_9cATs8cy5dVQt7AFSXWivasss?width=650&height=366
27-05-2024,341.4317322,343.6267746,339.7355367,339.9251126,17271435,11,Kotak Mahindra Bank,KOTAKBANK.NS,Stock,Banking,https://1drv.ms/i/c/8705623eb284e7df/IQR5SkMOJIW9R43lx11E2_9cATs8cy5dVQt7AFSXWivasss?width=650&height=366
28-05-2024,339.9649963,342.4294519,338.8375286,341.6910926,18580705,11,Kotak Mahindra Bank,KOTAKBANK.NS,Stock,Banking,https://1drv.ms/i/c/8705623eb284e7df/IQR5SkMOJIW9R43lx11E2_9cATs8cy5dVQt7AFSXWivasss?width=650&height=366
29-05-2024,336.8121033,341.4117384,335.6846354,338.8375443,24762360,11,Kotak Mahindra Bank,KOTAKBANK.NS,Stock,Banking,https://1drv.ms/i/c/8705623eb284e7df/IQR5SkMOJIW9R43lx11E2_9cATs8cy5dVQt7AFSXWivasss?width=650&height=366
30-05-2024,337.2610474,340.753189,335.8442527,336.1136355,27902445,11,Kotak Mahindra Bank,KOTAKBANK.NS,Stock,Banking,https://1drv.ms/i/c/8705623eb284e7df/IQR5SkMOJIW9R43lx11E2_9cATs8cy5dVQt7AFSXWivasss?width=650&height=366
31-05-2024,335.3254395,339.8353109,331.3643514,339.8353109,64022380,11,Kotak Mahindra Bank,KOTAKBANK.NS,Stock,Banking,https://1drv.ms/i/c/8705623eb284e7df/IQR5SkMOJIW9R43lx11E2_9cATs8cy5dVQt7AFSXWivasss?width=650&height=366
03-06-2024,342.838501,346.9891645,339.256565,343.5169974,49005355,11,Kotak Mahindra Bank,KOTAKBANK.NS,Stock,Banking,https://1drv.ms/i/c/8705623eb284e7df/IQR5SkMOJIW9R43lx11E2_9cATs8cy5dVQt7AFSXWivasss?width=650&height=366
04-06-2024,326.8544922,342.3296789,319.770427,339.8851675,76147340,11,Kotak Mahindra Bank,KOTAKBANK.NS,Stock,Banking,https://1drv.ms/i/c/8705623eb284e7df/IQR5SkMOJIW9R43lx11E2_9cATs8cy5dVQt7AFSXWivasss?width=650&height=366
05-06-2024,342.8485107,344.1755417,328.26134,331.7634692,72131590,11,Kotak Mahindra Bank,KOTAKBANK.NS,Stock,Banking,https://1drv.ms/i/c/8705623eb284e7df/IQR5SkMOJIW9R43lx11E2_9cATs8cy5dVQt7AFSXWivasss?width=650&height=366
06-06-2024,346.1610718,346.9193752,339.9949541,343.4272332,31799505,11,Kotak Mahindra Bank,KOTAKBANK.NS,Stock,Banking,https://1drv.ms/i/c/8705623eb284e7df/IQR5SkMOJIW9R43lx11E2_9cATs8cy5dVQt7AFSXWivasss?width=650&height=366
07-06-2024,349.9525146,350.9403126,343.6267528,345.2331539,23040730,11,Kotak Mahindra Bank,KOTAKBANK.NS,Stock,Banking,https://1drv.ms/i/c/8705623eb284e7df/IQR5SkMOJIW9R43lx11E2_9cATs8cy5dVQt7AFSXWivasss?width=650&height=366
10-06-2024,348.3461304,353.8936445,346.4504024,349.2341163,24240220,11,Kotak Mahindra Bank,KOTAKBANK.NS,Stock,Banking,https://1drv.ms/i/c/8705623eb284e7df/IQR5SkMOJIW9R43lx11E2_9cATs8cy5dVQt7AFSXWivasss?width=650&height=366
11-06-2024,343.2276611,348.6554498,342.6489767,348.5357241,20528235,11,Kotak Mahindra Bank,KOTAKBANK.NS,Stock,Banking,https://1drv.ms/i/c/8705623eb284e7df/IQR5SkMOJIW9R43lx11E2_9cATs8cy5dVQt7AFSXWivasss?width=650&height=366
12-06-2024,342.3795776,346.0213768,341.8108501,343.2476195,29407880,11,Kotak Mahindra Bank,KOTAKBANK.NS,Stock,Banking,https://1drv.ms/i/c/8705623eb284e7df/IQR5SkMOJIW9R43lx11E2_9cATs8cy5dVQt7AFSXWivasss?width=650&height=366
13-06-2024,344.494812,346.7298036,343.0281111,345.5025542,30080725,11,Kotak Mahindra Bank,KOTAKBANK.NS,Stock,Banking,https://1drv.ms/i/c/8705623eb284e7df/IQR5SkMOJIW9R43lx11E2_9cATs8cy5dVQt7AFSXWivasss?width=650&height=366
14-06-2024,342.6689148,346.2009754,341.3119524,343.826314,15768330,11,Kotak Mahindra Bank,KOTAKBANK.NS,Stock,Banking,https://1drv.ms/i/c/8705623eb284e7df/IQR5SkMOJIW9R43lx11E2_9cATs8cy5dVQt7AFSXWivasss?width=650&height=366
18-06-2024,343.1079407,344.1555711,339.8851816,342.9482962,28536650,11,Kotak Mahindra Bank,KOTAKBANK.NS,Stock,Banking,https://1drv.ms/i/c/8705623eb284e7df/IQR5SkMOJIW9R43lx11E2_9cATs8cy5dVQt7AFSXWivasss?width=650&height=366
19-06-2024,348.5556641,351.8183114,342.2299022,345.0236035,49798990,11,Kotak Mahindra Bank,KOTAKBANK.NS,Stock,Banking,https://1drv.ms/i/c/8705623eb284e7df/IQR5SkMOJIW9R43lx11E2_9cATs8cy5dVQt7AFSXWivasss?width=650&height=366
20-06-2024,352.4569092,357.1663134,351.2695784,352.2074705,46215520,11,Kotak Mahindra Bank,KOTAKBANK.NS,Stock,Banking,https://1drv.ms/i/c/8705623eb284e7df/IQR5SkMOJIW9R43lx11E2_9cATs8cy5dVQt7AFSXWivasss?width=650&height=366
21-06-2024,354.3326721,356.9966604,348.2762931,353.2052043,95158445,11,Kotak Mahindra Bank,KOTAKBANK.NS,Stock,Banking,https://1drv.ms/i/c/8705623eb284e7df/IQR5SkMOJIW9R43lx11E2_9cATs8cy5dVQt7AFSXWivasss?width=650&height=366
24-06-2024,353.7140808,354.2428897,349.1643211,350.6409788,21144440,11,Kotak Mahindra Bank,KOTAKBANK.NS,Stock,Banking,https://1drv.ms/i/c/8705623eb284e7df/IQR5SkMOJIW9R43lx11E2_9cATs8cy5dVQt7AFSXWivasss?width=650&height=366
25-06-2024,355.579895,358.8425426,351.8083827,354.51229,29669295,11,Kotak Mahindra Bank,KOTAKBANK.NS,Stock,Banking,https://1drv.ms/i/c/8705623eb284e7df/IQR5SkMOJIW9R43lx11E2_9cATs8cy5dVQt7AFSXWivasss?width=650&height=366
26-06-2024,358.8225708,362.3845628,354.4224684,355.2007159,33429660,11,Kotak Mahindra Bank,KOTAKBANK.NS,Stock,Banking,https://1drv.ms/i/c/8705623eb284e7df/IQR5SkMOJIW9R43lx11E2_9cATs8cy5dVQt7AFSXWivasss?width=650&height=366
27-06-2024,365.2879944,366.7746697,356.1984628,357.3957807,66713845,11,Kotak Mahindra Bank,KOTAKBANK.NS,Stock,Banking,https://1drv.ms/i/c/8705623eb284e7df/IQR5SkMOJIW9R43lx11E2_9cATs8cy5dVQt7AFSXWivasss?width=650&height=366
28-06-2024,359.6906128,368.7602005,358.9722281,363.6217692,24845035,11,Kotak Mahindra Bank,KOTAKBANK.NS,Stock,Banking,https://1drv.ms/i/c/8705623eb284e7df/IQR5SkMOJIW9R43lx11E2_9cATs8cy5dVQt7AFSXWivasss?width=650&height=366
01-07-2024,360.8081055,361.8158476,357.1962378,359.6906249,14507550,11,Kotak Mahindra Bank,KOTAKBANK.NS,Stock,Banking,https://1drv.ms/i/c/8705623eb284e7df/IQR5SkMOJIW9R43lx11E2_9cATs8cy5dVQt7AFSXWivasss?width=650&height=366
02-07-2024,353.1253967,363.3723277,346.6399904,363.3723277,48125085,11,Kotak Mahindra Bank,KOTAKBANK.NS,Stock,Banking,https://1drv.ms/i/c/8705623eb284e7df/IQR5SkMOJIW9R43lx11E2_9cATs8cy5dVQt7AFSXWivasss?width=650&height=366
03-07-2024,361.3269348,362.354621,349.6531916,352.3670858,44905015,11,Kotak Mahindra Bank,KOTAKBANK.NS,Stock,Banking,https://1drv.ms/i/c/8705623eb284e7df/IQR5SkMOJIW9R43lx11E2_9cATs8cy5dVQt7AFSXWivasss?width=650&height=366
04-07-2024,365.9465027,366.8843946,359.4511399,360.5087575,25344465,11,Kotak Mahindra Bank,KOTAKBANK.NS,Stock,Banking,https://1drv.ms/i/c/8705623eb284e7df/IQR5SkMOJIW9R43lx11E2_9cATs8cy5dVQt7AFSXWivasss?width=650&height=366
05-07-2024,369.7080688,370.7556992,362.8734424,363.182744,17328265,11,Kotak Mahindra Bank,KOTAKBANK.NS,Stock,Banking,https://1drv.ms/i/c/8705623eb284e7df/IQR5SkMOJIW9R43lx11E2_9cATs8cy5dVQt7AFSXWivasss?width=650&height=366
08-07-2024,369.8078613,370.6160403,366.2658134,369.9674753,19306015,11,Kotak Mahindra Bank,KOTAKBANK.NS,Stock,Banking,https://1drv.ms/i/c/8705623eb284e7df/IQR5SkMOJIW9R43lx11E2_9cATs8cy5dVQt7AFSXWivasss?width=650&height=366
09-07-2024,368.7402649,373.1603115,365.1782728,371.4042533,19601055,11,Kotak Mahindra Bank,KOTAKBANK.NS,Stock,Banking,https://1drv.ms/i/c/8705623eb284e7df/IQR5SkMOJIW9R43lx11E2_9cATs8cy5dVQt7AFSXWivasss?width=650&height=366
10-07-2024,365.1483459,368.0717604,363.2226864,367.7724461,28148945,11,Kotak Mahindra Bank,KOTAKBANK.NS,Stock,Banking,https://1drv.ms/i/c/8705623eb284e7df/IQR5SkMOJIW9R43lx11E2_9cATs8cy5dVQt7AFSXWivasss?width=650&height=366
11-07-2024,368.0717468,369.5683791,363.4920559,365.3478957,23076860,11,Kotak Mahindra Bank,KOTAKBANK.NS,Stock,Banking,https://1drv.ms/i/c/8705623eb284e7df/IQR5SkMOJIW9R43lx11E2_9cATs8cy5dVQt7AFSXWivasss?width=650&height=366
12-07-2024,365.7469788,369.3688335,364.4299351,368.071734,21204275,11,Kotak Mahindra Bank,KOTAKBANK.NS,Stock,Banking,https://1drv.ms/i/c/8705623eb284e7df/IQR5SkMOJIW9R43lx11E2_9cATs8cy5dVQt7AFSXWivasss?width=650&height=366
15-07-2024,367.8821716,370.7457231,364.5097555,366.9742111,29549980,11,Kotak Mahindra Bank,KOTAKBANK.NS,Stock,Banking,https://1drv.ms/i/c/8705623eb284e7df/IQR5SkMOJIW9R43lx11E2_9cATs8cy5dVQt7AFSXWivasss?width=650&height=366
16-07-2024,360.2493591,368.9897012,359.37133,367.5928506,32713510,11,Kotak Mahindra Bank,KOTAKBANK.NS,Stock,Banking,https://1drv.ms/i/c/8705623eb284e7df/IQR5SkMOJIW9R43lx11E2_9cATs8cy5dVQt7AFSXWivasss?width=650&height=366
18-07-2024,364.5297241,365.4177101,357.8248106,360.1894846,37954190,11,Kotak Mahindra Bank,KOTAKBANK.NS,Stock,Banking,https://1drv.ms/i/c/8705623eb284e7df/IQR5SkMOJIW9R43lx11E2_9cATs8cy5dVQt7AFSXWivasss?width=650&height=366
19-07-2024,363.9004517,365.7782915,360.7740513,363.2811705,20694325,11,Kotak Mahindra Bank,KOTAKBANK.NS,Stock,Banking,https://1drv.ms/i/c/8705623eb284e7df/IQR5SkMOJIW9R43lx11E2_9cATs8cy5dVQt7AFSXWivasss?width=650&height=366
22-07-2024,351.1051941,363.7805821,349.3771755,363.7805821,53711805,11,Kotak Mahindra Bank,KOTAKBANK.NS,Stock,Banking,https://1drv.ms/i/c/8705623eb284e7df/IQR5SkMOJIW9R43lx11E2_9cATs8cy5dVQt7AFSXWivasss?width=650&height=366
23-07-2024,353.3725891,355.6899247,347.4294289,353.3925551,30775980,11,Kotak Mahindra Bank,KOTAKBANK.NS,Stock,Banking,https://1drv.ms/i/c/8705623eb284e7df/IQR5SkMOJIW9R43lx11E2_9cATs8cy5dVQt7AFSXWivasss?width=650&height=366
24-07-2024,348.8377991,355.7698093,345.4117564,353.1827956,37436035,11,Kotak Mahindra Bank,KOTAKBANK.NS,Stock,Banking,https://1drv.ms/i/c/8705623eb284e7df/IQR5SkMOJIW9R43lx11E2_9cATs8cy5dVQt7AFSXWivasss?width=650&height=366
25-07-2024,354.6211243,355.3902265,346.0010582,346.0010582,15481985,11,Kotak Mahindra Bank,KOTAKBANK.NS,Stock,Banking,https://1drv.ms/i/c/8705623eb284e7df/IQR5SkMOJIW9R43lx11E2_9cATs8cy5dVQt7AFSXWivasss?width=650&height=366
26-07-2024,362.3522034,365.5485303,351.2150504,351.2150504,26546755,11,Kotak Mahindra Bank,KOTAKBANK.NS,Stock,Banking,https://1drv.ms/i/c/8705623eb284e7df/IQR5SkMOJIW9R43lx11E2_9cATs8cy5dVQt7AFSXWivasss?width=650&height=366
29-07-2024,358.3668213,364.9791927,356.2892301,364.519731,40031835,11,Kotak Mahindra Bank,KOTAKBANK.NS,Stock,Banking,https://1drv.ms/i/c/8705623eb284e7df/IQR5SkMOJIW9R43lx11E2_9cATs8cy5dVQt7AFSXWivasss?width=650&height=366
30-07-2024,356.8086243,360.9138765,355.8497383,358.3668253,28397685,11,Kotak Mahindra Bank,KOTAKBANK.NS,Stock,Banking,https://1drv.ms/i/c/8705623eb284e7df/IQR5SkMOJIW9R43lx11E2_9cATs8cy5dVQt7AFSXWivasss?width=650&height=366
31-07-2024,361.1635742,362.7817342,354.2215965,358.1870256,29031285,11,Kotak Mahindra Bank,KOTAKBANK.NS,Stock,Banking,https://1drv.ms/i/c/8705623eb284e7df/IQR5SkMOJIW9R43lx11E2_9cATs8cy5dVQt7AFSXWivasss?width=650&height=366
01-08-2024,358.1170959,363.2311946,356.8385713,361.0037823,19080220,11,Kotak Mahindra Bank,KOTAKBANK.NS,Stock,Banking,https://1drv.ms/i/c/8705623eb284e7df/IQR5SkMOJIW9R43lx11E2_9cATs8cy5dVQt7AFSXWivasss?width=650&height=366
02-08-2024,360.2746277,361.5831166,354.5911779,355.8097742,16212945,11,Kotak Mahindra Bank,KOTAKBANK.NS,Stock,Banking,https://1drv.ms/i/c/8705623eb284e7df/IQR5SkMOJIW9R43lx11E2_9cATs8cy5dVQt7AFSXWivasss?width=650&height=366
05-08-2024,354.3215027,360.7041281,353.3026578,353.6322949,24559090,11,Kotak Mahindra Bank,KOTAKBANK.NS,Stock,Banking,https://1drv.ms/i/c/8705623eb284e7df/IQR5SkMOJIW9R43lx11E2_9cATs8cy5dVQt7AFSXWivasss?width=650&height=366
06-08-2024,353.702179,358.0272094,351.5946235,356.5888654,19620110,11,Kotak Mahindra Bank,KOTAKBANK.NS,Stock,Banking,https://1drv.ms/i/c/8705623eb284e7df/IQR5SkMOJIW9R43lx11E2_9cATs8cy5dVQt7AFSXWivasss?width=650&height=366
07-08-2024,354.9008179,356.9085129,351.6046304,356.5888741,17688725,11,Kotak Mahindra Bank,KOTAKBANK.NS,Stock,Banking,https://1drv.ms/i/c/8705623eb284e7df/IQR5SkMOJIW9R43lx11E2_9cATs8cy5dVQt7AFSXWivasss?width=650&height=366
08-08-2024,354.1416931,355.9496063,352.1240303,352.9230968,12361105,11,Kotak Mahindra Bank,KOTAKBANK.NS,Stock,Banking,https://1drv.ms/i/c/8705623eb284e7df/IQR5SkMOJIW9R43lx11E2_9cATs8cy5dVQt7AFSXWivasss?width=650&height=366
09-08-2024,353.5223999,356.6787644,352.5934782,356.59887,12322215,11,Kotak Mahindra Bank,KOTAKBANK.NS,Stock,Banking,https://1drv.ms/i/c/8705623eb284e7df/IQR5SkMOJIW9R43lx11E2_9cATs8cy5dVQt7AFSXWivasss?width=650&height=366
12-08-2024,354.1017456,357.7974663,349.8466418,351.7944083,22722215,11,Kotak Mahindra Bank,KOTAKBANK.NS,Stock,Banking,https://1drv.ms/i/c/8705623eb284e7df/IQR5SkMOJIW9R43lx11E2_9cATs8cy5dVQt7AFSXWivasss?width=650&height=366
13-08-2024,350.0064697,357.8873677,348.8178377,352.1939502,17651595,11,Kotak Mahindra Bank,KOTAKBANK.NS,Stock,Banking,https://1drv.ms/i/c/8705623eb284e7df/IQR5SkMOJIW9R43lx11E2_9cATs8cy5dVQt7AFSXWivasss?width=650&height=366
14-08-2024,349.1773987,351.5946251,348.5081873,350.5957768,12928245,11,Kotak Mahindra Bank,KOTAKBANK.NS,Stock,Banking,https://1drv.ms/i/c/8705623eb284e7df/IQR5SkMOJIW9R43lx11E2_9cATs8cy5dVQt7AFSXWivasss?width=650&height=366
16-08-2024,355.0506287,356.7386848,348.7978587,351.9941551,14809355,11,Kotak Mahindra Bank,KOTAKBANK.NS,Stock,Banking,https://1drv.ms/i/c/8705623eb284e7df/IQR5SkMOJIW9R43lx11E2_9cATs8cy5dVQt7AFSXWivasss?width=650&height=366
19-08-2024,355.8597107,357.5877294,353.7921177,355.6998913,10861395,11,Kotak Mahindra Bank,KOTAKBANK.NS,Stock,Banking,https://1drv.ms/i/c/8705623eb284e7df/IQR5SkMOJIW9R43lx11E2_9cATs8cy5dVQt7AFSXWivasss?width=650&height=366
20-08-2024,360.7141113,362.1923874,354.8408781,356.1893295,15577430,11,Kotak Mahindra Bank,KOTAKBANK.NS,Stock,Banking,https://1drv.ms/i/c/8705623eb284e7df/IQR5SkMOJIW9R43lx11E2_9cATs8cy5dVQt7AFSXWivasss?width=650&height=366
21-08-2024,362.1724243,362.9814891,357.0583256,359.5854107,28585950,11,Kotak Mahindra Bank,KOTAKBANK.NS,Stock,Banking,https://1drv.ms/i/c/8705623eb284e7df/IQR5SkMOJIW9R43lx11E2_9cATs8cy5dVQt7AFSXWivasss?width=650&height=366
22-08-2024,363.8804626,364.4398153,360.7440945,362.38219,16089940,11,Kotak Mahindra Bank,KOTAKBANK.NS,Stock,Banking,https://1drv.ms/i/c/8705623eb284e7df/IQR5SkMOJIW9R43lx11E2_9cATs8cy5dVQt7AFSXWivasss?width=650&height=366
23-08-2024,363.1812744,365.1589747,362.1224976,363.88045,9075930,11,Kotak Mahindra Bank,KOTAKBANK.NS,Stock,Banking,https://1drv.ms/i/c/8705623eb284e7df/IQR5SkMOJIW9R43lx11E2_9cATs8cy5dVQt7AFSXWivasss?width=650&height=366
26-08-2024,362.08255,364.1701396,361.5231974,363.5808227,11781285,11,Kotak Mahindra Bank,KOTAKBANK.NS,Stock,Banking,https://1drv.ms/i/c/8705623eb284e7df/IQR5SkMOJIW9R43lx11E2_9cATs8cy5dVQt7AFSXWivasss?width=650&height=366
27-08-2024,360.2546692,362.2024053,357.9273353,361.7928738,22708480,11,Kotak Mahindra Bank,KOTAKBANK.NS,Stock,Banking,https://1drv.ms/i/c/8705623eb284e7df/IQR5SkMOJIW9R43lx11E2_9cATs8cy5dVQt7AFSXWivasss?width=650&height=366
28-08-2024,357.8474426,360.7640629,356.7587015,358.7863626,21403980,11,Kotak Mahindra Bank,KOTAKBANK.NS,Stock,Banking,https://1drv.ms/i/c/8705623eb284e7df/IQR5SkMOJIW9R43lx11E2_9cATs8cy5dVQt7AFSXWivasss?width=650&height=366
29-08-2024,355.0406799,359.2857857,354.1916527,356.2392797,27655790,11,Kotak Mahindra Bank,KOTAKBANK.NS,Stock,Banking,https://1drv.ms/i/c/8705623eb284e7df/IQR5SkMOJIW9R43lx11E2_9cATs8cy5dVQt7AFSXWivasss?width=650&height=366
30-08-2024,355.7498474,357.5877248,354.4613244,355.0506413,37290860,11,Kotak Mahindra Bank,KOTAKBANK.NS,Stock,Banking,https://1drv.ms/i/c/8705623eb284e7df/IQR5SkMOJIW9R43lx11E2_9cATs8cy5dVQt7AFSXWivasss?width=650&height=366
02-09-2024,355.6399536,358.276928,354.1317133,355.9895566,20242600,11,Kotak Mahindra Bank,KOTAKBANK.NS,Stock,Banking,https://1drv.ms/i/c/8705623eb284e7df/IQR5SkMOJIW9R43lx11E2_9cATs8cy5dVQt7AFSXWivasss?width=650&height=366
03-09-2024,356.3491516,356.87854,354.0617803,355.6000153,25981365,11,Kotak Mahindra Bank,KOTAKBANK.NS,Stock,Banking,https://1drv.ms/i/c/8705623eb284e7df/IQR5SkMOJIW9R43lx11E2_9cATs8cy5dVQt7AFSXWivasss?width=650&height=366
04-09-2024,356.3491516,357.248109,352.2938297,353.5923204,15962215,11,Kotak Mahindra Bank,KOTAKBANK.NS,Stock,Banking,https://1drv.ms/i/c/8705623eb284e7df/IQR5SkMOJIW9R43lx11E2_9cATs8cy5dVQt7AFSXWivasss?width=650&height=366
05-09-2024,355.180481,356.8585389,351.594619,355.8397245,17865025,11,Kotak Mahindra Bank,KOTAKBANK.NS,Stock,Banking,https://1drv.ms/i/c/8705623eb284e7df/IQR5SkMOJIW9R43lx11E2_9cATs8cy5dVQt7AFSXWivasss?width=650&height=366
06-09-2024,352.423645,355.9795731,350.8954083,353.1028851,16274400,11,Kotak Mahindra Bank,KOTAKBANK.NS,Stock,Banking,https://1drv.ms/i/c/8705623eb284e7df/IQR5SkMOJIW9R43lx11E2_9cATs8cy5dVQt7AFSXWivasss?width=650&height=366
09-09-2024,357.6176758,358.3768103,351.2849809,353.1328564,17182305,11,Kotak Mahindra Bank,KOTAKBANK.NS,Stock,Banking,https://1drv.ms/i/c/8705623eb284e7df/IQR5SkMOJIW9R43lx11E2_9cATs8cy5dVQt7AFSXWivasss?width=650&height=366
10-09-2024,357.9073486,359.5154798,355.2004477,359.1858733,17488060,11,Kotak Mahindra Bank,KOTAKBANK.NS,Stock,Banking,https://1drv.ms/i/c/8705623eb284e7df/IQR5SkMOJIW9R43lx11E2_9cATs8cy5dVQt7AFSXWivasss?width=650&height=366
11-09-2024,357.4378967,360.6741557,356.5888695,358.5865663,18669360,11,Kotak Mahindra Bank,KOTAKBANK.NS,Stock,Banking,https://1drv.ms/i/c/8705623eb284e7df/IQR5SkMOJIW9R43lx11E2_9cATs8cy5dVQt7AFSXWivasss?width=650&height=366
12-09-2024,365.0690918,366.407545,358.6165397,360.3645244,31827540,11,Kotak Mahindra Bank,KOTAKBANK.NS,Stock,Banking,https://1drv.ms/i/c/8705623eb284e7df/IQR5SkMOJIW9R43lx11E2_9cATs8cy5dVQt7AFSXWivasss?width=650&height=366
13-09-2024,363.6507263,366.9768779,362.9315543,366.9768779,10283600,11,Kotak Mahindra Bank,KOTAKBANK.NS,Stock,Banking,https://1drv.ms/i/c/8705623eb284e7df/IQR5SkMOJIW9R43lx11E2_9cATs8cy5dVQt7AFSXWivasss?width=650&height=366
16-09-2024,365.8382263,368.7149146,365.2389112,366.1778311,13653170,11,Kotak Mahindra Bank,KOTAKBANK.NS,Stock,Banking,https://1drv.ms/i/c/8705623eb284e7df/IQR5SkMOJIW9R43lx11E2_9cATs8cy5dVQt7AFSXWivasss?width=650&height=366
17-09-2024,368.9046631,370.2531145,365.7083665,367.4563512,18374310,11,Kotak Mahindra Bank,KOTAKBANK.NS,Stock,Banking,https://1drv.ms/i/c/8705623eb284e7df/IQR5SkMOJIW9R43lx11E2_9cATs8cy5dVQt7AFSXWivasss?width=650&height=366
18-09-2024,367.5162659,371.4617291,366.6972029,369.573891,34387495,11,Kotak Mahindra Bank,KOTAKBANK.NS,Stock,Banking,https://1drv.ms/i/c/8705623eb284e7df/IQR5SkMOJIW9R43lx11E2_9cATs8cy5dVQt7AFSXWivasss?width=650&height=366
19-09-2024,373.9588623,374.5681452,368.5950209,369.5539373,14462150,11,Kotak Mahindra Bank,KOTAKBANK.NS,Stock,Banking,https://1drv.ms/i/c/8705623eb284e7df/IQR5SkMOJIW9R43lx11E2_9cATs8cy5dVQt7AFSXWivasss?width=650&height=366
20-09-2024,380.4613342,384.8163289,373.5692866,374.3683531,94247895,11,Kotak Mahindra Bank,KOTAKBANK.NS,Stock,Banking,https://1drv.ms/i/c/8705623eb284e7df/IQR5SkMOJIW9R43lx11E2_9cATs8cy5dVQt7AFSXWivasss?width=650&height=366
23-09-2024,386.4943848,387.9526948,381.2005007,382.5489216,18431360,11,Kotak Mahindra Bank,KOTAKBANK.NS,Stock,Banking,https://1drv.ms/i/c/8705623eb284e7df/IQR5SkMOJIW9R43lx11E2_9cATs8cy5dVQt7AFSXWivasss?width=650&height=366
24-09-2024,382.4989929,387.2734869,381.4801786,386.5543148,18546930,11,Kotak Mahindra Bank,KOTAKBANK.NS,Stock,Banking,https://1drv.ms/i/c/8705623eb284e7df/IQR5SkMOJIW9R43lx11E2_9cATs8cy5dVQt7AFSXWivasss?width=650&height=366
25-09-2024,379.1528625,384.0971743,378.4236922,381.5700891,16537335,11,Kotak Mahindra Bank,KOTAKBANK.NS,Stock,Banking,https://1drv.ms/i/c/8705623eb284e7df/IQR5SkMOJIW9R43lx11E2_9cATs8cy5dVQt7AFSXWivasss?width=650&height=366
26-09-2024,380.0218506,382.2193292,376.4259903,378.5635405,21022565,11,Kotak Mahindra Bank,KOTAKBANK.NS,Stock,Banking,https://1drv.ms/i/c/8705623eb284e7df/IQR5SkMOJIW9R43lx11E2_9cATs8cy5dVQt7AFSXWivasss?width=650&height=366
27-09-2024,374.0587158,381.5600768,372.8301518,379.5623801,33215560,11,Kotak Mahindra Bank,KOTAKBANK.NS,Stock,Banking,https://1drv.ms/i/c/8705623eb284e7df/IQR5SkMOJIW9R43lx11E2_9cATs8cy5dVQt7AFSXWivasss?width=650&height=366
30-09-2024,370.3630066,376.4559879,368.1954922,370.912361,16234200,11,Kotak Mahindra Bank,KOTAKBANK.NS,Stock,Banking,https://1drv.ms/i/c/8705623eb284e7df/IQR5SkMOJIW9R43lx11E2_9cATs8cy5dVQt7AFSXWivasss?width=650&height=366
01-10-2024,375.4471436,376.5159187,368.9745949,368.9745949,24357630,11,Kotak Mahindra Bank,KOTAKBANK.NS,Stock,Banking,https://1drv.ms/i/c/8705623eb284e7df/IQR5SkMOJIW9R43lx11E2_9cATs8cy5dVQt7AFSXWivasss?width=650&height=366
03-10-2024,364.1401672,372.300772,362.7417856,371.152072,31816160,11,Kotak Mahindra Bank,KOTAKBANK.NS,Stock,Banking,https://1drv.ms/i/c/8705623eb284e7df/IQR5SkMOJIW9R43lx11E2_9cATs8cy5dVQt7AFSXWivasss?width=650&height=366
04-10-2024,361.3833313,369.5739002,359.2558099,362.6818525,18673160,11,Kotak Mahindra Bank,KOTAKBANK.NS,Stock,Banking,https://1drv.ms/i/c/8705623eb284e7df/IQR5SkMOJIW9R43lx11E2_9cATs8cy5dVQt7AFSXWivasss?width=650&height=366
07-10-2024,357.6376648,366.8570467,353.472484,361.5831282,37233165,11,Kotak Mahindra Bank,KOTAKBANK.NS,Stock,Banking,https://1drv.ms/i/c/8705623eb284e7df/IQR5SkMOJIW9R43lx11E2_9cATs8cy5dVQt7AFSXWivasss?width=650&height=366
08-10-2024,360.2646179,362.3821716,355.9595839,359.5854084,25485515,11,Kotak Mahindra Bank,KOTAKBANK.NS,Stock,Banking,https://1drv.ms/i/c/8705623eb284e7df/IQR5SkMOJIW9R43lx11E2_9cATs8cy5dVQt7AFSXWivasss?width=650&height=366
09-10-2024,359.7452393,363.5808134,357.5677571,359.7852017,35394010,11,Kotak Mahindra Bank,KOTAKBANK.NS,Stock,Banking,https://1drv.ms/i/c/8705623eb284e7df/IQR5SkMOJIW9R43lx11E2_9cATs8cy5dVQt7AFSXWivasss?width=650&height=366
10-10-2024,374.7879028,376.3660699,360.6442056,361.5631596,29528990,11,Kotak Mahindra Bank,KOTAKBANK.NS,Stock,Banking,https://1drv.ms/i/c/8705623eb284e7df/IQR5SkMOJIW9R43lx11E2_9cATs8cy5dVQt7AFSXWivasss?width=650&height=366
11-10-2024,376.0464478,378.2838584,371.8013422,374.0087885,26057900,11,Kotak Mahindra Bank,KOTAKBANK.NS,Stock,Banking,https://1drv.ms/i/c/8705623eb284e7df/IQR5SkMOJIW9R43lx11E2_9cATs8cy5dVQt7AFSXWivasss?width=650&height=366
14-10-2024,381.7199097,382.7587205,376.0564258,376.5758465,21955690,11,Kotak Mahindra Bank,KOTAKBANK.NS,Stock,Banking,https://1drv.ms/i/c/8705623eb284e7df/IQR5SkMOJIW9R43lx11E2_9cATs8cy5dVQt7AFSXWivasss?width=650&height=366
15-10-2024,378.6034851,382.6288427,377.0552519,381.9995634,21477465,11,Kotak Mahindra Bank,KOTAKBANK.NS,Stock,Banking,https://1drv.ms/i/c/8705623eb284e7df/IQR5SkMOJIW9R43lx11E2_9cATs8cy5dVQt7AFSXWivasss?width=650&height=366
16-10-2024,374.8378296,378.0541227,373.1997341,376.3660664,15727780,11,Kotak Mahindra Bank,KOTAKBANK.NS,Stock,Banking,https://1drv.ms/i/c/8705623eb284e7df/IQR5SkMOJIW9R43lx11E2_9cATs8cy5dVQt7AFSXWivasss?width=650&height=366
17-10-2024,372.3806763,375.2274004,369.833625,374.8378348,17707160,11,Kotak Mahindra Bank,KOTAKBANK.NS,Stock,Banking,https://1drv.ms/i/c/8705623eb284e7df/IQR5SkMOJIW9R43lx11E2_9cATs8cy5dVQt7AFSXWivasss?width=650&height=366
18-10-2024,373.7790527,375.2673576,369.1743762,373.1697698,19173835,11,Kotak Mahindra Bank,KOTAKBANK.NS,Stock,Banking,https://1drv.ms/i/c/8705623eb284e7df/IQR5SkMOJIW9R43lx11E2_9cATs8cy5dVQt7AFSXWivasss?width=650&height=366
21-10-2024,357.427887,370.5727348,346.6003746,369.5738865,65890685,11,Kotak Mahindra Bank,KOTAKBANK.NS,Stock,Banking,https://1drv.ms/i/c/8705623eb284e7df/IQR5SkMOJIW9R43lx11E2_9cATs8cy5dVQt7AFSXWivasss?width=650&height=366
22-10-2024,352.2239075,358.6864577,351.364882,357.9772839,27471910,11,Kotak Mahindra Bank,KOTAKBANK.NS,Stock,Banking,https://1drv.ms/i/c/8705623eb284e7df/IQR5SkMOJIW9R43lx11E2_9cATs8cy5dVQt7AFSXWivasss?width=650&height=366
23-10-2024,353.152832,356.9984044,351.2150637,351.8243771,14180685,11,Kotak Mahindra Bank,KOTAKBANK.NS,Stock,Banking,https://1drv.ms/i/c/8705623eb284e7df/IQR5SkMOJIW9R43lx11E2_9cATs8cy5dVQt7AFSXWivasss?width=650&height=366
24-10-2024,352.0341187,354.1416741,349.6568547,352.7932532,11584100,11,Kotak Mahindra Bank,KOTAKBANK.NS,Stock,Banking,https://1drv.ms/i/c/8705623eb284e7df/IQR5SkMOJIW9R43lx11E2_9cATs8cy5dVQt7AFSXWivasss?width=650&height=366
25-10-2024,353.3625793,356.8885129,350.9953136,352.5934771,14146135,11,Kotak Mahindra Bank,KOTAKBANK.NS,Stock,Banking,https://1drv.ms/i/c/8705623eb284e7df/IQR5SkMOJIW9R43lx11E2_9cATs8cy5dVQt7AFSXWivasss?width=650&height=366
28-10-2024,349.5669556,355.719865,348.6080697,353.1927799,16510740,11,Kotak Mahindra Bank,KOTAKBANK.NS,Stock,Banking,https://1drv.ms/i/c/8705623eb284e7df/IQR5SkMOJIW9R43lx11E2_9cATs8cy5dVQt7AFSXWivasss?width=650&height=366
29-10-2024,351.6345825,353.0229659,345.7413833,348.2984327,20790595,11,Kotak Mahindra Bank,KOTAKBANK.NS,Stock,Banking,https://1drv.ms/i/c/8705623eb284e7df/IQR5SkMOJIW9R43lx11E2_9cATs8cy5dVQt7AFSXWivasss?width=650&height=366
30-10-2024,346.5205078,351.5946444,344.9223442,345.0022387,21929745,11,Kotak Mahindra Bank,KOTAKBANK.NS,Stock,Banking,https://1drv.ms/i/c/8705623eb284e7df/IQR5SkMOJIW9R43lx11E2_9cATs8cy5dVQt7AFSXWivasss?width=650&height=366
31-10-2024,345.8212891,348.9177252,344.3929432,345.0721528,14723350,11,Kotak Mahindra Bank,KOTAKBANK.NS,Stock,Banking,https://1drv.ms/i/c/8705623eb284e7df/IQR5SkMOJIW9R43lx11E2_9cATs8cy5dVQt7AFSXWivasss?width=650&height=366
01-11-2024,348.478241,350.4259771,346.8700792,347.519355,912445,11,Kotak Mahindra Bank,KOTAKBANK.NS,Stock,Banking,https://1drv.ms/i/c/8705623eb284e7df/IQR5SkMOJIW9R43lx11E2_9cATs8cy5dVQt7AFSXWivasss?width=650&height=366
04-11-2024,345.4716797,348.3982981,344.4528653,348.3982981,14424150,11,Kotak Mahindra Bank,KOTAKBANK.NS,Stock,Banking,https://1drv.ms/i/c/8705623eb284e7df/IQR5SkMOJIW9R43lx11E2_9cATs8cy5dVQt7AFSXWivasss?width=650&height=366
05-11-2024,351.0252686,351.6945104,341.8059178,343.9034749,20143075,11,Kotak Mahindra Bank,KOTAKBANK.NS,Stock,Banking,https://1drv.ms/i/c/8705623eb284e7df/IQR5SkMOJIW9R43lx11E2_9cATs8cy5dVQt7AFSXWivasss?width=650&height=366
06-11-2024,352.1140137,353.2826797,348.9177172,351.6145895,18261260,11,Kotak Mahindra Bank,KOTAKBANK.NS,Stock,Banking,https://1drv.ms/i/c/8705623eb284e7df/IQR5SkMOJIW9R43lx11E2_9cATs8cy5dVQt7AFSXWivasss?width=650&height=366
07-11-2024,348.9776611,352.5934875,346.2008638,352.1939542,15304920,11,Kotak Mahindra Bank,KOTAKBANK.NS,Stock,Banking,https://1drv.ms/i/c/8705623eb284e7df/IQR5SkMOJIW9R43lx11E2_9cATs8cy5dVQt7AFSXWivasss?width=650&height=366
08-11-2024,348.7579041,352.4136928,347.3794884,348.5980847,18234125,11,Kotak Mahindra Bank,KOTAKBANK.NS,Stock,Banking,https://1drv.ms/i/c/8705623eb284e7df/IQR5SkMOJIW9R43lx11E2_9cATs8cy5dVQt7AFSXWivasss?width=650&height=366
11-11-2024,348.3983154,352.2538862,347.0398962,348.5980973,16025150,11,Kotak Mahindra Bank,KOTAKBANK.NS,Stock,Banking,https://1drv.ms/i/c/8705623eb284e7df/IQR5SkMOJIW9R43lx11E2_9cATs8cy5dVQt7AFSXWivasss?width=650&height=366
12-11-2024,343.8835144,349.4770714,342.6449522,348.5581174,16141950,11,Kotak Mahindra Bank,KOTAKBANK.NS,Stock,Banking,https://1drv.ms/i/c/8705623eb284e7df/IQR5SkMOJIW9R43lx11E2_9cATs8cy5dVQt7AFSXWivasss?width=650&height=366
13-11-2024,337.1812439,345.2319591,335.4232611,342.4052012,17967450,11,Kotak Mahindra Bank,KOTAKBANK.NS,Stock,Banking,https://1drv.ms/i/c/8705623eb284e7df/IQR5SkMOJIW9R43lx11E2_9cATs8cy5dVQt7AFSXWivasss?width=650&height=366
14-11-2024,341.186615,342.1255349,337.5707887,337.6107512,16638790,11,Kotak Mahindra Bank,KOTAKBANK.NS,Stock,Banking,https://1drv.ms/i/c/8705623eb284e7df/IQR5SkMOJIW9R43lx11E2_9cATs8cy5dVQt7AFSXWivasss?width=650&height=366
18-11-2024,344.1531982,345.2519376,339.5485218,342.4052136,10412075,11,Kotak Mahindra Bank,KOTAKBANK.NS,Stock,Banking,https://1drv.ms/i/c/8705623eb284e7df/IQR5SkMOJIW9R43lx11E2_9cATs8cy5dVQt7AFSXWivasss?width=650&height=366
19-11-2024,345.1520386,347.5592668,342.3053451,345.5615701,13798315,11,Kotak Mahindra Bank,KOTAKBANK.NS,Stock,Banking,https://1drv.ms/i/c/8705623eb284e7df/IQR5SkMOJIW9R43lx11E2_9cATs8cy5dVQt7AFSXWivasss?width=650&height=366
21-11-2024,347.019928,347.7490678,340.3575957,342.6249706,16470295,11,Kotak Mahindra Bank,KOTAKBANK.NS,Stock,Banking,https://1drv.ms/i/c/8705623eb284e7df/IQR5SkMOJIW9R43lx11E2_9cATs8cy5dVQt7AFSXWivasss?width=650&height=366
22-11-2024,351.8843079,354.0318258,346.1808616,346.4006095,17768630,11,Kotak Mahindra Bank,KOTAKBANK.NS,Stock,Banking,https://1drv.ms/i/c/8705623eb284e7df/IQR5SkMOJIW9R43lx11E2_9cATs8cy5dVQt7AFSXWivasss?width=650&height=366
25-11-2024,357.7375488,358.5066816,352.9730529,355.9895641,34357160,11,Kotak Mahindra Bank,KOTAKBANK.NS,Stock,Banking,https://1drv.ms/i/c/8705623eb284e7df/IQR5SkMOJIW9R43lx11E2_9cATs8cy5dVQt7AFSXWivasss?width=650&height=366
26-11-2024,356.3092041,358.7763609,354.5911836,358.5865772,11563695,11,Kotak Mahindra Bank,KOTAKBANK.NS,Stock,Banking,https://1drv.ms/i/c/8705623eb284e7df/IQR5SkMOJIW9R43lx11E2_9cATs8cy5dVQt7AFSXWivasss?width=650&height=366
27-11-2024,356.2293091,360.6841644,355.4102461,355.7798151,16012220,11,Kotak Mahindra Bank,KOTAKBANK.NS,Stock,Banking,https://1drv.ms/i/c/8705623eb284e7df/IQR5SkMOJIW9R43lx11E2_9cATs8cy5dVQt7AFSXWivasss?width=650&height=366
28-11-2024,351.4348145,357.3679763,350.2961431,356.2392728,19856975,11,Kotak Mahindra Bank,KOTAKBANK.NS,Stock,Banking,https://1drv.ms/i/c/8705623eb284e7df/IQR5SkMOJIW9R43lx11E2_9cATs8cy5dVQt7AFSXWivasss?width=650&height=366
29-11-2024,352.6434021,354.3114923,350.9953084,350.9953084,14939970,11,Kotak Mahindra Bank,KOTAKBANK.NS,Stock,Banking,https://1drv.ms/i/c/8705623eb284e7df/IQR5SkMOJIW9R43lx11E2_9cATs8cy5dVQt7AFSXWivasss?width=650&height=366
02-12-2024,350.3860168,354.1117016,348.7978516,352.5934631,21326400,11,Kotak Mahindra Bank,KOTAKBANK.NS,Stock,Banking,https://1drv.ms/i/c/8705623eb284e7df/IQR5SkMOJIW9R43lx11E2_9cATs8cy5dVQt7AFSXWivasss?width=650&height=366
03-12-2024,349.5769653,351.8343419,347.5992346,351.5946281,19858250,11,Kotak Mahindra Bank,KOTAKBANK.NS,Stock,Banking,https://1drv.ms/i/c/8705623eb284e7df/IQR5SkMOJIW9R43lx11E2_9cATs8cy5dVQt7AFSXWivasss?width=650&height=366
04-12-2024,351.0952148,352.9930207,348.8777702,349.9964755,15933930,11,Kotak Mahindra Bank,KOTAKBANK.NS,Stock,Banking,https://1drv.ms/i/c/8705623eb284e7df/IQR5SkMOJIW9R43lx11E2_9cATs8cy5dVQt7AFSXWivasss?width=650&height=366
05-12-2024,354.6211243,357.318027,349.1973851,352.3936815,28486145,11,Kotak Mahindra Bank,KOTAKBANK.NS,Stock,Banking,https://1drv.ms/i/c/8705623eb284e7df/IQR5SkMOJIW9R43lx11E2_9cATs8cy5dVQt7AFSXWivasss?width=650&height=366
06-12-2024,354.9807434,356.5988729,351.7944146,354.37143,12979410,11,Kotak Mahindra Bank,KOTAKBANK.NS,Stock,Banking,https://1drv.ms/i/c/8705623eb284e7df/IQR5SkMOJIW9R43lx11E2_9cATs8cy5dVQt7AFSXWivasss?width=650&height=366
09-12-2024,356.8385925,360.5742758,353.2127679,353.2127679,12770115,11,Kotak Mahindra Bank,KOTAKBANK.NS,Stock,Banking,https://1drv.ms/i/c/8705623eb284e7df/IQR5SkMOJIW9R43lx11E2_9cATs8cy5dVQt7AFSXWivasss?width=650&height=366
10-12-2024,358.5266418,360.1447714,356.2392705,356.2392705,9899420,11,Kotak Mahindra Bank,KOTAKBANK.NS,Stock,Banking,https://1drv.ms/i/c/8705623eb284e7df/IQR5SkMOJIW9R43lx11E2_9cATs8cy5dVQt7AFSXWivasss?width=650&height=366
11-12-2024,358.5266418,360.9438379,357.5777237,358.7863522,11967140,11,Kotak Mahindra Bank,KOTAKBANK.NS,Stock,Banking,https://1drv.ms/i/c/8705623eb284e7df/IQR5SkMOJIW9R43lx11E2_9cATs8cy5dVQt7AFSXWivasss?width=650&height=366
12-12-2024,353.3326111,358.8762378,352.6633997,357.5877149,17441295,11,Kotak Mahindra Bank,KOTAKBANK.NS,Stock,Banking,https://1drv.ms/i/c/8705623eb284e7df/IQR5SkMOJIW9R43lx11E2_9cATs8cy5dVQt7AFSXWivasss?width=650&height=366
13-12-2024,360.7141113,361.3833227,349.2073588,351.2650144,19467655,11,Kotak Mahindra Bank,KOTAKBANK.NS,Stock,Banking,https://1drv.ms/i/c/8705623eb284e7df/IQR5SkMOJIW9R43lx11E2_9cATs8cy5dVQt7AFSXWivasss?width=650&height=366
16-12-2024,360.4743958,362.1824179,358.3568116,360.1847212,14946965,11,Kotak Mahindra Bank,KOTAKBANK.NS,Stock,Banking,https://1drv.ms/i/c/8705623eb284e7df/IQR5SkMOJIW9R43lx11E2_9cATs8cy5dVQt7AFSXWivasss?width=650&height=366
17-12-2024,356.3990784,360.9538244,354.5911653,358.8063066,17964305,11,Kotak Mahindra Bank,KOTAKBANK.NS,Stock,Banking,https://1drv.ms/i/c/8705623eb284e7df/IQR5SkMOJIW9R43lx11E2_9cATs8cy5dVQt7AFSXWivasss?width=650&height=366
18-12-2024,355.5900269,356.92848,353.6622568,355.9895601,17647150,11,Kotak Mahindra Bank,KOTAKBANK.NS,Stock,Banking,https://1drv.ms/i/c/8705623eb284e7df/IQR5SkMOJIW9R43lx11E2_9cATs8cy5dVQt7AFSXWivasss?width=650&height=366
19-12-2024,352.0141602,353.1927939,348.6779797,352.2838382,20370400,11,Kotak Mahindra Bank,KOTAKBANK.NS,Stock,Banking,https://1drv.ms/i/c/8705623eb284e7df/IQR5SkMOJIW9R43lx11E2_9cATs8cy5dVQt7AFSXWivasss?width=650&height=366
20-12-2024,348.3084106,353.362581,346.2707819,350.595782,73428440,11,Kotak Mahindra Bank,KOTAKBANK.NS,Stock,Banking,https://1drv.ms/i/c/8705623eb284e7df/IQR5SkMOJIW9R43lx11E2_9cATs8cy5dVQt7AFSXWivasss?width=650&height=366
23-12-2024,348.6679993,352.4336466,347.5992242,349.0974967,13740180,11,Kotak Mahindra Bank,KOTAKBANK.NS,Stock,Banking,https://1drv.ms/i/c/8705623eb284e7df/IQR5SkMOJIW9R43lx11E2_9cATs8cy5dVQt7AFSXWivasss?width=650&height=366
24-12-2024,349.407135,350.5258403,347.2096565,348.1086444,13563125,11,Kotak Mahindra Bank,KOTAKBANK.NS,Stock,Banking,https://1drv.ms/i/c/8705623eb284e7df/IQR5SkMOJIW9R43lx11E2_9cATs8cy5dVQt7AFSXWivasss?width=650&height=366
26-12-2024,350.1562805,353.4824626,348.0087626,350.955347,5660030,11,Kotak Mahindra Bank,KOTAKBANK.NS,Stock,Banking,https://1drv.ms/i/c/8705623eb284e7df/IQR5SkMOJIW9R43lx11E2_9cATs8cy5dVQt7AFSXWivasss?width=650&height=366
27-12-2024,351.5746765,355.0306835,350.3960122,351.5946425,12241355,11,Kotak Mahindra Bank,KOTAKBANK.NS,Stock,Banking,https://1drv.ms/i/c/8705623eb284e7df/IQR5SkMOJIW9R43lx11E2_9cATs8cy5dVQt7AFSXWivasss?width=650&height=366
30-12-2024,347.7390747,355.7897899,346.3007307,352.593463,27513860,11,Kotak Mahindra Bank,KOTAKBANK.NS,Stock,Banking,https://1drv.ms/i/c/8705623eb284e7df/IQR5SkMOJIW9R43lx11E2_9cATs8cy5dVQt7AFSXWivasss?width=650&height=366
31-12-2024,356.7986145,358.9062004,346.6103795,346.6103795,23658490,11,Kotak Mahindra Bank,KOTAKBANK.NS,Stock,Banking,https://1drv.ms/i/c/8705623eb284e7df/IQR5SkMOJIW9R43lx11E2_9cATs8cy5dVQt7AFSXWivasss?width=650&height=366
01-01-2025,357.2680664,358.9361565,354.9906934,355.4401874,7424140,11,Kotak Mahindra Bank,KOTAKBANK.NS,Stock,Banking,https://1drv.ms/i/c/8705623eb284e7df/IQR5SkMOJIW9R43lx11E2_9cATs8cy5dVQt7AFSXWivasss?width=650&height=366
02-01-2025,367.0068665,367.6161798,358.9661489,359.58543,25484935,11,Kotak Mahindra Bank,KOTAKBANK.NS,Stock,Banking,https://1drv.ms/i/c/8705623eb284e7df/IQR5SkMOJIW9R43lx11E2_9cATs8cy5dVQt7AFSXWivasss?width=650&height=366
03-01-2025,367.3065186,370.1732085,363.0014846,369.7736752,21385745,11,Kotak Mahindra Bank,KOTAKBANK.NS,Stock,Banking,https://1drv.ms/i/c/8705623eb284e7df/IQR5SkMOJIW9R43lx11E2_9cATs8cy5dVQt7AFSXWivasss?width=650&height=366
06-01-2025,355.5201111,364.5796736,354.1716596,363.780607,19961975,11,Kotak Mahindra Bank,KOTAKBANK.NS,Stock,Banking,https://1drv.ms/i/c/8705623eb284e7df/IQR5SkMOJIW9R43lx11E2_9cATs8cy5dVQt7AFSXWivasss?width=650&height=366
07-01-2025,354.0018616,359.075998,353.5723641,356.9884085,21999690,11,Kotak Mahindra Bank,KOTAKBANK.NS,Stock,Banking,https://1drv.ms/i/c/8705623eb284e7df/IQR5SkMOJIW9R43lx11E2_9cATs8cy5dVQt7AFSXWivasss?width=650&height=366
08-01-2025,353.3226624,356.5289572,352.0840696,355.6100033,21823395,11,Kotak Mahindra Bank,KOTAKBANK.NS,Stock,Banking,https://1drv.ms/i/c/8705623eb284e7df/IQR5SkMOJIW9R43lx11E2_9cATs8cy5dVQt7AFSXWivasss?width=650&height=366
09-01-2025,357.6276855,361.3234063,354.391396,354.391396,27349135,11,Kotak Mahindra Bank,KOTAKBANK.NS,Stock,Banking,https://1drv.ms/i/c/8705623eb284e7df/IQR5SkMOJIW9R43lx11E2_9cATs8cy5dVQt7AFSXWivasss?width=650&height=366
10-01-2025,350.8354797,357.5177775,350.2661594,356.4290365,17513090,11,Kotak Mahindra Bank,KOTAKBANK.NS,Stock,Banking,https://1drv.ms/i/c/8705623eb284e7df/IQR5SkMOJIW9R43lx11E2_9cATs8cy5dVQt7AFSXWivasss?width=650&height=366
13-01-2025,347.2796021,348.5081965,344.3529836,346.1808627,15461940,11,Kotak Mahindra Bank,KOTAKBANK.NS,Stock,Banking,https://1drv.ms/i/c/8705623eb284e7df/IQR5SkMOJIW9R43lx11E2_9cATs8cy5dVQt7AFSXWivasss?width=650&height=366
14-01-2025,349.7167969,353.3625874,345.5216519,349.5170455,24744805,11,Kotak Mahindra Bank,KOTAKBANK.NS,Stock,Banking,https://1drv.ms/i/c/8705623eb284e7df/IQR5SkMOJIW9R43lx11E2_9cATs8cy5dVQt7AFSXWivasss?width=650&height=366
15-01-2025,357.5078125,358.5865553,351.6145829,351.6145829,17549305,11,Kotak Mahindra Bank,KOTAKBANK.NS,Stock,Banking,https://1drv.ms/i/c/8705623eb284e7df/IQR5SkMOJIW9R43lx11E2_9cATs8cy5dVQt7AFSXWivasss?width=650&height=366
16-01-2025,360.6941223,362.5719621,356.6587968,358.7463863,22257670,11,Kotak Mahindra Bank,KOTAKBANK.NS,Stock,Banking,https://1drv.ms/i/c/8705623eb284e7df/IQR5SkMOJIW9R43lx11E2_9cATs8cy5dVQt7AFSXWivasss?width=650&height=366
17-01-2025,351.3149414,360.6841438,349.2573163,358.9860894,17608640,11,Kotak Mahindra Bank,KOTAKBANK.NS,Stock,Banking,https://1drv.ms/i/c/8705623eb284e7df/IQR5SkMOJIW9R43lx11E2_9cATs8cy5dVQt7AFSXWivasss?width=650&height=366
20-01-2025,383.6576538,385.5354936,372.770213,377.5646728,66621575,11,Kotak Mahindra Bank,KOTAKBANK.NS,Stock,Banking,https://1drv.ms/i/c/8705623eb284e7df/IQR5SkMOJIW9R43lx11E2_9cATs8cy5dVQt7AFSXWivasss?width=650&height=366
21-01-2025,378.223938,383.7475684,377.7644763,383.7475684,22078315,11,Kotak Mahindra Bank,KOTAKBANK.NS,Stock,Banking,https://1drv.ms/i/c/8705623eb284e7df/IQR5SkMOJIW9R43lx11E2_9cATs8cy5dVQt7AFSXWivasss?width=650&height=366
22-01-2025,383.0583496,383.6576647,376.9753667,379.3625985,20883345,11,Kotak Mahindra Bank,KOTAKBANK.NS,Stock,Banking,https://1drv.ms/i/c/8705623eb284e7df/IQR5SkMOJIW9R43lx11E2_9cATs8cy5dVQt7AFSXWivasss?width=650&height=366
23-01-2025,378.5335693,384.3468742,377.9842149,380.98076,15805795,11,Kotak Mahindra Bank,KOTAKBANK.NS,Stock,Banking,https://1drv.ms/i/c/8705623eb284e7df/IQR5SkMOJIW9R43lx11E2_9cATs8cy5dVQt7AFSXWivasss?width=650&height=366
24-01-2025,376.805542,383.2581243,374.178566,377.7644584,20126830,11,Kotak Mahindra Bank,KOTAKBANK.NS,Stock,Banking,https://1drv.ms/i/c/8705623eb284e7df/IQR5SkMOJIW9R43lx11E2_9cATs8cy5dVQt7AFSXWivasss?width=650&height=366
27-01-2025,375.8466797,379.3226831,372.1209641,374.5681549,9642515,11,Kotak Mahindra Bank,KOTAKBANK.NS,Stock,Banking,https://1drv.ms/i/c/8705623eb284e7df/IQR5SkMOJIW9R43lx11E2_9cATs8cy5dVQt7AFSXWivasss?width=650&height=366
28-01-2025,377.1152039,380.5612431,373.7291236,378.5635462,25786920,11,Kotak Mahindra Bank,KOTAKBANK.NS,Stock,Banking,https://1drv.ms/i/c/8705623eb284e7df/IQR5SkMOJIW9R43lx11E2_9cATs8cy5dVQt7AFSXWivasss?width=650&height=366
29-01-2025,383.6277161,384.4967093,376.5658505,377.1252032,11758155,11,Kotak Mahindra Bank,KOTAKBANK.NS,Stock,Banking,https://1drv.ms/i/c/8705623eb284e7df/IQR5SkMOJIW9R43lx11E2_9cATs8cy5dVQt7AFSXWivasss?width=650&height=366
30-01-2025,379.86203,387.1736076,375.0575717,383.627708,21195905,11,Kotak Mahindra Bank,KOTAKBANK.NS,Stock,Banking,https://1drv.ms/i/c/8705623eb284e7df/IQR5SkMOJIW9R43lx11E2_9cATs8cy5dVQt7AFSXWivasss?width=650&height=366
31-01-2025,379.8220825,381.3503193,377.484781,380.1716551,11666145,11,Kotak Mahindra Bank,KOTAKBANK.NS,Stock,Banking,https://1drv.ms/i/c/8705623eb284e7df/IQR5SkMOJIW9R43lx11E2_9cATs8cy5dVQt7AFSXWivasss?width=650&height=366
01-02-2025,380.1816711,382.9884327,373.8889384,379.3626081,5481785,11,Kotak Mahindra Bank,KOTAKBANK.NS,Stock,Banking,https://1drv.ms/i/c/8705623eb284e7df/IQR5SkMOJIW9R43lx11E2_9cATs8cy5dVQt7AFSXWivasss?width=650&height=366
03-02-2025,376.4659424,380.3215129,375.8766255,378.2838537,16599040,11,Kotak Mahindra Bank,KOTAKBANK.NS,Stock,Banking,https://1drv.ms/i/c/8705623eb284e7df/IQR5SkMOJIW9R43lx11E2_9cATs8cy5dVQt7AFSXWivasss?width=650&height=366
04-02-2025,385.2558289,387.7928818,375.0076348,377.7744338,26663090,11,Kotak Mahindra Bank,KOTAKBANK.NS,Stock,Banking,https://1drv.ms/i/c/8705623eb284e7df/IQR5SkMOJIW9R43lx11E2_9cATs8cy5dVQt7AFSXWivasss?width=650&height=366
05-02-2025,381.9096985,387.3434363,380.0318586,387.1136902,17136925,11,Kotak Mahindra Bank,KOTAKBANK.NS,Stock,Banking,https://1drv.ms/i/c/8705623eb284e7df/IQR5SkMOJIW9R43lx11E2_9cATs8cy5dVQt7AFSXWivasss?width=650&height=366
06-02-2025,382.7487183,383.557783,378.8532156,382.9584679,15969855,11,Kotak Mahindra Bank,KOTAKBANK.NS,Stock,Banking,https://1drv.ms/i/c/8705623eb284e7df/IQR5SkMOJIW9R43lx11E2_9cATs8cy5dVQt7AFSXWivasss?width=650&height=366
07-02-2025,385.4056396,391.6684078,381.1405377,383.757546,22070870,11,Kotak Mahindra Bank,KOTAKBANK.NS,Stock,Banking,https://1drv.ms/i/c/8705623eb284e7df/IQR5SkMOJIW9R43lx11E2_9cATs8cy5dVQt7AFSXWivasss?width=650&height=366
10-02-2025,391.5785217,392.5474059,384.2669444,386.6142442,17846865,11,Kotak Mahindra Bank,KOTAKBANK.NS,Stock,Banking,https://1drv.ms/i/c/8705623eb284e7df/IQR5SkMOJIW9R43lx11E2_9cATs8cy5dVQt7AFSXWivasss?width=650&height=366
11-02-2025,383.2781067,393.6461579,380.8808766,392.4675241,17533410,11,Kotak Mahindra Bank,KOTAKBANK.NS,Stock,Banking,https://1drv.ms/i/c/8705623eb284e7df/IQR5SkMOJIW9R43lx11E2_9cATs8cy5dVQt7AFSXWivasss?width=650&height=366
12-02-2025,388.3422546,389.3510707,380.5512193,384.2469703,16095020,11,Kotak Mahindra Bank,KOTAKBANK.NS,Stock,Banking,https://1drv.ms/i/c/8705623eb284e7df/IQR5SkMOJIW9R43lx11E2_9cATs8cy5dVQt7AFSXWivasss?width=650&height=366
13-02-2025,394.1056213,398.1010149,391.6584306,392.147887,63391865,11,Kotak Mahindra Bank,KOTAKBANK.NS,Stock,Banking,https://1drv.ms/i/c/8705623eb284e7df/IQR5SkMOJIW9R43lx11E2_9cATs8cy5dVQt7AFSXWivasss?width=650&height=366
14-02-2025,390.0303345,394.3453364,386.2247245,394.3453364,13050240,11,Kotak Mahindra Bank,KOTAKBANK.NS,Stock,Banking,https://1drv.ms/i/c/8705623eb284e7df/IQR5SkMOJIW9R43lx11E2_9cATs8cy5dVQt7AFSXWivasss?width=650&height=366
17-02-2025,388.6119385,392.3376538,386.0848534,390.5497067,11500595,11,Kotak Mahindra Bank,KOTAKBANK.NS,Stock,Banking,https://1drv.ms/i/c/8705623eb284e7df/IQR5SkMOJIW9R43lx11E2_9cATs8cy5dVQt7AFSXWivasss?width=650&height=366
18-02-2025,392.217804,392.7471924,387.383351,387.9627001,21720625,11,Kotak Mahindra Bank,KOTAKBANK.NS,Stock,Banking,https://1drv.ms/i/c/8705623eb284e7df/IQR5SkMOJIW9R43lx11E2_9cATs8cy5dVQt7AFSXWivasss?width=650&height=366
19-02-2025,396.5428162,398.520547,391.9481074,392.3376729,19570825,11,Kotak Mahindra Bank,KOTAKBANK.NS,Stock,Banking,https://1drv.ms/i/c/8705623eb284e7df/IQR5SkMOJIW9R43lx11E2_9cATs8cy5dVQt7AFSXWivasss?width=650&height=366
20-02-2025,393.6561279,396.013426,391.5485724,396.0034278,23621860,11,Kotak Mahindra Bank,KOTAKBANK.NS,Stock,Banking,https://1drv.ms/i/c/8705623eb284e7df/IQR5SkMOJIW9R43lx11E2_9cATs8cy5dVQt7AFSXWivasss?width=650&height=366
21-02-2025,390.1601563,395.2143572,386.4544372,393.6561256,20042760,11,Kotak Mahindra Bank,KOTAKBANK.NS,Stock,Banking,https://1drv.ms/i/c/8705623eb284e7df/IQR5SkMOJIW9R43lx11E2_9cATs8cy5dVQt7AFSXWivasss?width=650&height=366
24-02-2025,392.7671509,393.5462514,386.2646383,387.2135565,11090405,11,Kotak Mahindra Bank,KOTAKBANK.NS,Stock,Banking,https://1drv.ms/i/c/8705623eb284e7df/IQR5SkMOJIW9R43lx11E2_9cATs8cy5dVQt7AFSXWivasss?width=650&height=366
25-02-2025,392.9969177,395.4540763,391.268899,393.3464903,20099470,11,Kotak Mahindra Bank,KOTAKBANK.NS,Stock,Banking,https://1drv.ms/i/c/8705623eb284e7df/IQR5SkMOJIW9R43lx11E2_9cATs8cy5dVQt7AFSXWivasss?width=650&height=366
27-02-2025,389.0614319,394.5450996,387.5331951,393.9457845,18540340,11,Kotak Mahindra Bank,KOTAKBANK.NS,Stock,Banking,https://1drv.ms/i/c/8705623eb284e7df/IQR5SkMOJIW9R43lx11E2_9cATs8cy5dVQt7AFSXWivasss?width=650&height=366
28-02-2025,380.1517029,386.9638562,378.3437897,386.9638562,34851575,11,Kotak Mahindra Bank,KOTAKBANK.NS,Stock,Banking,https://1drv.ms/i/c/8705623eb284e7df/IQR5SkMOJIW9R43lx11E2_9cATs8cy5dVQt7AFSXWivasss?width=650&height=366
03-03-2025,382.4790344,384.2869475,378.6034978,380.6710908,13038950,11,Kotak Mahindra Bank,KOTAKBANK.NS,Stock,Banking,https://1drv.ms/i/c/8705623eb284e7df/IQR5SkMOJIW9R43lx11E2_9cATs8cy5dVQt7AFSXWivasss?width=650&height=366
04-03-2025,381.120575,382.7587009,378.9131286,379.7921201,15860250,11,Kotak Mahindra Bank,KOTAKBANK.NS,Stock,Banking,https://1drv.ms/i/c/8705623eb284e7df/IQR5SkMOJIW9R43lx11E2_9cATs8cy5dVQt7AFSXWivasss?width=650&height=366
05-03-2025,386.1747437,390.2800262,378.6434186,380.1816536,19058440,11,Kotak Mahindra Bank,KOTAKBANK.NS,Stock,Banking,https://1drv.ms/i/c/8705623eb284e7df/IQR5SkMOJIW9R43lx11E2_9cATs8cy5dVQt7AFSXWivasss?width=650&height=366
06-03-2025,383.8973694,388.5420081,381.5301037,388.3522245,25965465,11,Kotak Mahindra Bank,KOTAKBANK.NS,Stock,Banking,https://1drv.ms/i/c/8705623eb284e7df/IQR5SkMOJIW9R43lx11E2_9cATs8cy5dVQt7AFSXWivasss?width=650&height=366
07-03-2025,386.6342163,387.6730272,381.5700782,382.9584616,13901690,11,Kotak Mahindra Bank,KOTAKBANK.NS,Stock,Banking,https://1drv.ms/i/c/8705623eb284e7df/IQR5SkMOJIW9R43lx11E2_9cATs8cy5dVQt7AFSXWivasss?width=650&height=366
10-03-2025,383.9073792,387.5631679,382.8286058,386.0548971,11142670,11,Kotak Mahindra Bank,KOTAKBANK.NS,Stock,Banking,https://1drv.ms/i/c/8705623eb284e7df/IQR5SkMOJIW9R43lx11E2_9cATs8cy5dVQt7AFSXWivasss?width=650&height=366
11-03-2025,386.5942993,388.3522518,380.4513877,384.1571067,16035260,11,Kotak Mahindra Bank,KOTAKBANK.NS,Stock,Banking,https://1drv.ms/i/c/8705623eb284e7df/IQR5SkMOJIW9R43lx11E2_9cATs8cy5dVQt7AFSXWivasss?width=650&height=366
12-03-2025,396.0533752,399.0798846,387.1536326,387.5531659,33522470,11,Kotak Mahindra Bank,KOTAKBANK.NS,Stock,Banking,https://1drv.ms/i/c/8705623eb284e7df/IQR5SkMOJIW9R43lx11E2_9cATs8cy5dVQt7AFSXWivasss?width=650&height=366
13-03-2025,396.5627747,398.2108989,393.4563708,394.6849653,24628970,11,Kotak Mahindra Bank,KOTAKBANK.NS,Stock,Banking,https://1drv.ms/i/c/8705623eb284e7df/IQR5SkMOJIW9R43lx11E2_9cATs8cy5dVQt7AFSXWivasss?width=650&height=366
17-03-2025,398.1609497,399.3096193,394.3953022,395.5639377,15854645,11,Kotak Mahindra Bank,KOTAKBANK.NS,Stock,Banking,https://1drv.ms/i/c/8705623eb284e7df/IQR5SkMOJIW9R43lx11E2_9cATs8cy5dVQt7AFSXWivasss?width=650&height=366
18-03-2025,398.1609497,398.1609497,398.1609497,398.1609497,0,11,Kotak Mahindra Bank,KOTAKBANK.NS,Stock,Banking,https://1drv.ms/i/c/8705623eb284e7df/IQR5SkMOJIW9R43lx11E2_9cATs8cy5dVQt7AFSXWivasss?width=650&height=366
19-03-2025,403.8443909,409.7276225,402.9853959,407.3803227,26691440,11,Kotak Mahindra Bank,KOTAKBANK.NS,Stock,Banking,https://1drv.ms/i/c/8705623eb284e7df/IQR5SkMOJIW9R43lx11E2_9cATs8cy5dVQt7AFSXWivasss?width=650&height=366
20-03-2025,406.6611328,407.3103781,402.8355266,405.7322112,13416530,11,Kotak Mahindra Bank,KOTAKBANK.NS,Stock,Banking,https://1drv.ms/i/c/8705623eb284e7df/IQR5SkMOJIW9R43lx11E2_9cATs8cy5dVQt7AFSXWivasss?width=650&height=366
21-03-2025,415.3211365,419.0368536,406.5312831,407.5301314,94254040,11,Kotak Mahindra Bank,KOTAKBANK.NS,Stock,Banking,https://1drv.ms/i/c/8705623eb284e7df/IQR5SkMOJIW9R43lx11E2_9cATs8cy5dVQt7AFSXWivasss?width=650&height=366
24-03-2025,434.7287903,436.3469198,417.568552,419.5163185,42541755,11,Kotak Mahindra Bank,KOTAKBANK.NS,Stock,Banking,https://1drv.ms/i/c/8705623eb284e7df/IQR5SkMOJIW9R43lx11E2_9cATs8cy5dVQt7AFSXWivasss?width=650&height=366
25-03-2025,433.5001831,439.9926974,431.5024864,435.4779138,36712165,11,Kotak Mahindra Bank,KOTAKBANK.NS,Stock,Banking,https://1drv.ms/i/c/8705623eb284e7df/IQR5SkMOJIW9R43lx11E2_9cATs8cy5dVQt7AFSXWivasss?width=650&height=366
26-03-2025,428.4859924,434.6988306,425.4894473,434.4990488,15084580,11,Kotak Mahindra Bank,KOTAKBANK.NS,Stock,Banking,https://1drv.ms/i/c/8705623eb284e7df/IQR5SkMOJIW9R43lx11E2_9cATs8cy5dVQt7AFSXWivasss?width=650&height=366
27-03-2025,425.2397461,429.7844942,421.8835996,428.3061876,47106120,11,Kotak Mahindra Bank,KOTAKBANK.NS,Stock,Banking,https://1drv.ms/i/c/8705623eb284e7df/IQR5SkMOJIW9R43lx11E2_9cATs8cy5dVQt7AFSXWivasss?width=650&height=366
28-03-2025,433.7398987,435.4779155,427.3073129,427.3672413,18361265,11,Kotak Mahindra Bank,KOTAKBANK.NS,Stock,Banking,https://1drv.ms/i/c/8705623eb284e7df/IQR5SkMOJIW9R43lx11E2_9cATs8cy5dVQt7AFSXWivasss?width=650&height=366
01-04-2025,428.68573,435.1982408,426.6880333,434.3591813,18754695,11,Kotak Mahindra Bank,KOTAKBANK.NS,Stock,Banking,https://1drv.ms/i/c/8705623eb284e7df/IQR5SkMOJIW9R43lx11E2_9cATs8cy5dVQt7AFSXWivasss?width=650&height=366
02-04-2025,430.4237671,431.6323651,427.4371896,427.7068982,10660960,11,Kotak Mahindra Bank,KOTAKBANK.NS,Stock,Banking,https://1drv.ms/i/c/8705623eb284e7df/IQR5SkMOJIW9R43lx11E2_9cATs8cy5dVQt7AFSXWivasss?width=650&height=366
03-04-2025,426.0288086,429.8444168,424.9400675,425.3096365,8470190,11,Kotak Mahindra Bank,KOTAKBANK.NS,Stock,Banking,https://1drv.ms/i/c/8705623eb284e7df/IQR5SkMOJIW9R43lx11E2_9cATs8cy5dVQt7AFSXWivasss?width=650&height=366
04-04-2025,425.8989868,428.7656769,423.1421555,425.6892067,18942015,11,Kotak Mahindra Bank,KOTAKBANK.NS,Stock,Banking,https://1drv.ms/i/c/8705623eb284e7df/IQR5SkMOJIW9R43lx11E2_9cATs8cy5dVQt7AFSXWivasss?width=650&height=366
07-04-2025,407.100647,416.2401037,399.6991767,403.2750406,35695245,11,Kotak Mahindra Bank,KOTAKBANK.NS,Stock,Banking,https://1drv.ms/i/c/8705623eb284e7df/IQR5SkMOJIW9R43lx11E2_9cATs8cy5dVQt7AFSXWivasss?width=650&height=366
08-04-2025,410.5566406,415.5009522,407.1305981,412.0149507,20471695,11,Kotak Mahindra Bank,KOTAKBANK.NS,Stock,Banking,https://1drv.ms/i/c/8705623eb284e7df/IQR5SkMOJIW9R43lx11E2_9cATs8cy5dVQt7AFSXWivasss?width=650&height=366
09-04-2025,410.0672302,412.5243888,407.9496765,410.3269101,19597890,11,Kotak Mahindra Bank,KOTAKBANK.NS,Stock,Banking,https://1drv.ms/i/c/8705623eb284e7df/IQR5SkMOJIW9R43lx11E2_9cATs8cy5dVQt7AFSXWivasss?width=650&height=366
11-04-2025,421.7537231,427.4072085,411.2258833,412.524374,27973445,11,Kotak Mahindra Bank,KOTAKBANK.NS,Stock,Banking,https://1drv.ms/i/c/8705623eb284e7df/IQR5SkMOJIW9R43lx11E2_9cATs8cy5dVQt7AFSXWivasss?width=650&height=366
15-04-2025,423.5516663,428.9054788,419.4364159,428.5059456,28178320,11,Kotak Mahindra Bank,KOTAKBANK.NS,Stock,Banking,https://1drv.ms/i/c/8705623eb284e7df/IQR5SkMOJIW9R43lx11E2_9cATs8cy5dVQt7AFSXWivasss?width=650&height=366
16-04-2025,424.190918,429.8244374,422.1732552,423.5117084,14498895,11,Kotak Mahindra Bank,KOTAKBANK.NS,Stock,Banking,https://1drv.ms/i/c/8705623eb284e7df/IQR5SkMOJIW9R43lx11E2_9cATs8cy5dVQt7AFSXWivasss?width=650&height=366
17-04-2025,437.1160278,438.2746956,419.0568623,422.5128692,26943160,11,Kotak Mahindra Bank,KOTAKBANK.NS,Stock,Banking,https://1drv.ms/i/c/8705623eb284e7df/IQR5SkMOJIW9R43lx11E2_9cATs8cy5dVQt7AFSXWivasss?width=650&height=366
21-04-2025,447.7637634,451.7191946,434.5789522,438.4944514,24432490,11,Kotak Mahindra Bank,KOTAKBANK.NS,Stock,Banking,https://1drv.ms/i/c/8705623eb284e7df/IQR5SkMOJIW9R43lx11E2_9cATs8cy5dVQt7AFSXWivasss?width=650&height=366
22-04-2025,453.2374573,459.8498288,448.5628236,449.2819957,33664915,11,Kotak Mahindra Bank,KOTAKBANK.NS,Stock,Banking,https://1drv.ms/i/c/8705623eb284e7df/IQR5SkMOJIW9R43lx11E2_9cATs8cy5dVQt7AFSXWivasss?width=650&height=366
23-04-2025,444.8870544,457.4725499,443.4886728,456.4737015,17619395,11,Kotak Mahindra Bank,KOTAKBANK.NS,Stock,Banking,https://1drv.ms/i/c/8705623eb284e7df/IQR5SkMOJIW9R43lx11E2_9cATs8cy5dVQt7AFSXWivasss?width=650&height=366
24-04-2025,444.0879822,447.0645307,442.2301084,443.0891338,20842685,11,Kotak Mahindra Bank,KOTAKBANK.NS,Stock,Banking,https://1drv.ms/i/c/8705623eb284e7df/IQR5SkMOJIW9R43lx11E2_9cATs8cy5dVQt7AFSXWivasss?width=650&height=366
25-04-2025,440.3722839,446.1655924,435.1383281,443.488686,10680015,11,Kotak Mahindra Bank,KOTAKBANK.NS,Stock,Banking,https://1drv.ms/i/c/8705623eb284e7df/IQR5SkMOJIW9R43lx11E2_9cATs8cy5dVQt7AFSXWivasss?width=650&height=366
28-04-2025,444.6073914,445.8459536,437.3757388,438.8939773,12190890,11,Kotak Mahindra Bank,KOTAKBANK.NS,Stock,Banking,https://1drv.ms/i/c/8705623eb284e7df/IQR5SkMOJIW9R43lx11E2_9cATs8cy5dVQt7AFSXWivasss?width=650&height=366
29-04-2025,440.4921265,448.8824466,439.2535643,444.6073768,15291325,11,Kotak Mahindra Bank,KOTAKBANK.NS,Stock,Banking,https://1drv.ms/i/c/8705623eb284e7df/IQR5SkMOJIW9R43lx11E2_9cATs8cy5dVQt7AFSXWivasss?width=650&height=366
30-04-2025,441.1114197,445.6861624,437.1360226,442.2700875,23114585,11,Kotak Mahindra Bank,KOTAKBANK.NS,Stock,Banking,https://1drv.ms/i/c/8705623eb284e7df/IQR5SkMOJIW9R43lx11E2_9cATs8cy5dVQt7AFSXWivasss?width=650&height=366
02-05-2025,435.8374939,444.2078481,433.7399062,440.2923491,9079030,11,Kotak Mahindra Bank,KOTAKBANK.NS,Stock,Banking,https://1drv.ms/i/c/8705623eb284e7df/IQR5SkMOJIW9R43lx11E2_9cATs8cy5dVQt7AFSXWivasss?width=650&height=366
05-05-2025,416.4998169,426.268553,411.1260076,420.5351425,44108085,11,Kotak Mahindra Bank,KOTAKBANK.NS,Stock,Banking,https://1drv.ms/i/c/8705623eb284e7df/IQR5SkMOJIW9R43lx11E2_9cATs8cy5dVQt7AFSXWivasss?width=650&height=366
06-05-2025,414.3222961,417.7982995,412.5243813,416.7195566,17025485,11,Kotak Mahindra Bank,KOTAKBANK.NS,Stock,Banking,https://1drv.ms/i/c/8705623eb284e7df/IQR5SkMOJIW9R43lx11E2_9cATs8cy5dVQt7AFSXWivasss?width=650&height=366
07-05-2025,418.4974976,419.8758827,410.4267857,412.2646631,18697280,11,Kotak Mahindra Bank,KOTAKBANK.NS,Stock,Banking,https://1drv.ms/i/c/8705623eb284e7df/IQR5SkMOJIW9R43lx11E2_9cATs8cy5dVQt7AFSXWivasss?width=650&height=366
08-05-2025,422.0334167,427.2474066,418.4975153,419.3165479,34624355,11,Kotak Mahindra Bank,KOTAKBANK.NS,Stock,Banking,https://1drv.ms/i/c/8705623eb284e7df/IQR5SkMOJIW9R43lx11E2_9cATs8cy5dVQt7AFSXWivasss?width=650&height=366
09-05-2025,420.1355896,423.5117019,414.5220667,414.5220667,23271500,11,Kotak Mahindra Bank,KOTAKBANK.NS,Stock,Banking,https://1drv.ms/i/c/8705623eb284e7df/IQR5SkMOJIW9R43lx11E2_9cATs8cy5dVQt7AFSXWivasss?width=650&height=366
12-05-2025,428.5059509,432.2216681,424.7303053,426.3084723,15109370,11,Kotak Mahindra Bank,KOTAKBANK.NS,Stock,Banking,https://1drv.ms/i/c/8705623eb284e7df/IQR5SkMOJIW9R43lx11E2_9cATs8cy5dVQt7AFSXWivasss?width=650&height=366
13-05-2025,422.6327209,428.7257022,419.7360667,426.5082575,21539120,11,Kotak Mahindra Bank,KOTAKBANK.NS,Stock,Banking,https://1drv.ms/i/c/8705623eb284e7df/IQR5SkMOJIW9R43lx11E2_9cATs8cy5dVQt7AFSXWivasss?width=650&height=366
14-05-2025,417.9980774,423.4917434,416.319989,421.7137946,10687970,11,Kotak Mahindra Bank,KOTAKBANK.NS,Stock,Banking,https://1drv.ms/i/c/8705623eb284e7df/IQR5SkMOJIW9R43lx11E2_9cATs8cy5dVQt7AFSXWivasss?width=650&height=366
15-05-2025,420.7948303,421.9135356,412.6042617,416.5397266,21311795,11,Kotak Mahindra Bank,KOTAKBANK.NS,Stock,Banking,https://1drv.ms/i/c/8705623eb284e7df/IQR5SkMOJIW9R43lx11E2_9cATs8cy5dVQt7AFSXWivasss?width=650&height=366
16-05-2025,421.1544495,422.4929026,417.5385927,419.4963575,10289540,11,Kotak Mahindra Bank,KOTAKBANK.NS,Stock,Banking,https://1drv.ms/i/c/8705623eb284e7df/IQR5SkMOJIW9R43lx11E2_9cATs8cy5dVQt7AFSXWivasss?width=650&height=366
19-05-2025,421.7537231,424.3107725,419.596207,419.9158458,7528520,11,Kotak Mahindra Bank,KOTAKBANK.NS,Stock,Banking,https://1drv.ms/i/c/8705623eb284e7df/IQR5SkMOJIW9R43lx11E2_9cATs8cy5dVQt7AFSXWivasss?width=650&height=366
20-05-2025,417.5385742,423.0921686,416.4598314,422.4728875,19545490,11,Kotak Mahindra Bank,KOTAKBANK.NS,Stock,Banking,https://1drv.ms/i/c/8705623eb284e7df/IQR5SkMOJIW9R43lx11E2_9cATs8cy5dVQt7AFSXWivasss?width=650&height=366
21-05-2025,413.7829285,418.7771702,411.5255214,418.5174599,10708700,11,Kotak Mahindra Bank,KOTAKBANK.NS,Stock,Banking,https://1drv.ms/i/c/8705623eb284e7df/IQR5SkMOJIW9R43lx11E2_9cATs8cy5dVQt7AFSXWivasss?width=650&height=366
22-05-2025,412.6842041,415.0414717,409.6676929,414.3222996,16446640,11,Kotak Mahindra Bank,KOTAKBANK.NS,Stock,Banking,https://1drv.ms/i/c/8705623eb284e7df/IQR5SkMOJIW9R43lx11E2_9cATs8cy5dVQt7AFSXWivasss?width=650&height=366
23-05-2025,419.6761475,421.3741715,412.6842087,412.6842087,8254765,11,Kotak Mahindra Bank,KOTAKBANK.NS,Stock,Banking,https://1drv.ms/i/c/8705623eb284e7df/IQR5SkMOJIW9R43lx11E2_9cATs8cy5dVQt7AFSXWivasss?width=650&height=366
26-05-2025,417.3787537,421.9135337,416.5397247,417.5385731,10201425,11,Kotak Mahindra Bank,KOTAKBANK.NS,Stock,Banking,https://1drv.ms/i/c/8705623eb284e7df/IQR5SkMOJIW9R43lx11E2_9cATs8cy5dVQt7AFSXWivasss?width=650&height=366
27-05-2025,415.0015259,419.3165276,411.7652365,417.5186128,17299700,11,Kotak Mahindra Bank,KOTAKBANK.NS,Stock,Banking,https://1drv.ms/i/c/8705623eb284e7df/IQR5SkMOJIW9R43lx11E2_9cATs8cy5dVQt7AFSXWivasss?width=650&height=366
28-05-2025,414.3822327,415.6008289,412.2047505,414.5220861,8173180,11,Kotak Mahindra Bank,KOTAKBANK.NS,Stock,Banking,https://1drv.ms/i/c/8705623eb284e7df/IQR5SkMOJIW9R43lx11E2_9cATs8cy5dVQt7AFSXWivasss?width=650&height=366
29-05-2025,415.8405762,418.7172645,410.5266953,414.9815507,24936910,11,Kotak Mahindra Bank,KOTAKBANK.NS,Stock,Banking,https://1drv.ms/i/c/8705623eb284e7df/IQR5SkMOJIW9R43lx11E2_9cATs8cy5dVQt7AFSXWivasss?width=650&height=366
30-05-2025,414.4621582,417.5585943,412.6242808,415.8405739,49038640,11,Kotak Mahindra Bank,KOTAKBANK.NS,Stock,Banking,https://1drv.ms/i/c/8705623eb284e7df/IQR5SkMOJIW9R43lx11E2_9cATs8cy5dVQt7AFSXWivasss?width=650&height=366
02-06-2025,412.2446899,414.6818823,409.7675351,412.9238995,13505700,11,Kotak Mahindra Bank,KOTAKBANK.NS,Stock,Banking,https://1drv.ms/i/c/8705623eb284e7df/IQR5SkMOJIW9R43lx11E2_9cATs8cy5dVQt7AFSXWivasss?width=650&height=366
03-06-2025,408.4291077,414.6819085,406.3714824,413.5232406,32319090,11,Kotak Mahindra Bank,KOTAKBANK.NS,Stock,Banking,https://1drv.ms/i/c/8705623eb284e7df/IQR5SkMOJIW9R43lx11E2_9cATs8cy5dVQt7AFSXWivasss?width=650&height=366
04-06-2025,408.7886963,411.2258888,407.689957,408.9485157,11655570,11,Kotak Mahindra Bank,KOTAKBANK.NS,Stock,Banking,https://1drv.ms/i/c/8705623eb284e7df/IQR5SkMOJIW9R43lx11E2_9cATs8cy5dVQt7AFSXWivasss?width=650&height=366
05-06-2025,407.5101624,410.8063497,406.3714606,410.4867109,18626660,11,Kotak Mahindra Bank,KOTAKBANK.NS,Stock,Banking,https://1drv.ms/i/c/8705623eb284e7df/IQR5SkMOJIW9R43lx11E2_9cATs8cy5dVQt7AFSXWivasss?width=650&height=366
06-06-2025,414.2024231,416.4997926,406.2915613,408.309224,22121620,11,Kotak Mahindra Bank,KOTAKBANK.NS,Stock,Banking,https://1drv.ms/i/c/8705623eb284e7df/IQR5SkMOJIW9R43lx11E2_9cATs8cy5dVQt7AFSXWivasss?width=650&height=366
09-06-2025,427.147522,427.9865509,417.5186093,421.7137845,28895440,11,Kotak Mahindra Bank,KOTAKBANK.NS,Stock,Banking,https://1drv.ms/i/c/8705623eb284e7df/IQR5SkMOJIW9R43lx11E2_9cATs8cy5dVQt7AFSXWivasss?width=650&height=366
10-06-2025,429.7245483,434.0795126,427.1475329,428.8455569,24578710,11,Kotak Mahindra Bank,KOTAKBANK.NS,Stock,Banking,https://1drv.ms/i/c/8705623eb284e7df/IQR5SkMOJIW9R43lx11E2_9cATs8cy5dVQt7AFSXWivasss?width=650&height=366
11-06-2025,428.5658875,431.6423576,426.1087289,429.3050255,8910305,11,Kotak Mahindra Bank,KOTAKBANK.NS,Stock,Banking,https://1drv.ms/i/c/8705623eb284e7df/IQR5SkMOJIW9R43lx11E2_9cATs8cy5dVQt7AFSXWivasss?width=650&height=366
12-06-2025,424.8701172,429.2650743,423.9511938,428.5658683,14890860,11,Kotak Mahindra Bank,KOTAKBANK.NS,Stock,Banking,https://1drv.ms/i/c/8705623eb284e7df/IQR5SkMOJIW9R43lx11E2_9cATs8cy5dVQt7AFSXWivasss?width=650&height=366
13-06-2025,420.9946289,423.9112491,413.9227653,413.9227653,22336370,11,Kotak Mahindra Bank,KOTAKBANK.NS,Stock,Banking,https://1drv.ms/i/c/8705623eb284e7df/IQR5SkMOJIW9R43lx11E2_9cATs8cy5dVQt7AFSXWivasss?width=650&height=366
16-06-2025,427.307312,428.4460138,417.2788965,421.0944741,14707980,11,Kotak Mahindra Bank,KOTAKBANK.NS,Stock,Banking,https://1drv.ms/i/c/8705623eb284e7df/IQR5SkMOJIW9R43lx11E2_9cATs8cy5dVQt7AFSXWivasss?width=650&height=366
17-06-2025,426.8678284,430.6634705,425.5493717,427.3073241,15541500,11,Kotak Mahindra Bank,KOTAKBANK.NS,Stock,Banking,https://1drv.ms/i/c/8705623eb284e7df/IQR5SkMOJIW9R43lx11E2_9cATs8cy5dVQt7AFSXWivasss?width=650&height=366
18-06-2025,425.9888611,426.9877094,421.2542991,424.5105545,19503255,11,Kotak Mahindra Bank,KOTAKBANK.NS,Stock,Banking,https://1drv.ms/i/c/8705623eb284e7df/IQR5SkMOJIW9R43lx11E2_9cATs8cy5dVQt7AFSXWivasss?width=650&height=366
19-06-2025,428.7856445,430.4437366,426.1287041,427.4072288,17025995,11,Kotak Mahindra Bank,KOTAKBANK.NS,Stock,Banking,https://1drv.ms/i/c/8705623eb284e7df/IQR5SkMOJIW9R43lx11E2_9cATs8cy5dVQt7AFSXWivasss?width=650&height=366
20-06-2025,433.4602356,434.6988283,425.7691213,428.5059562,16863180,11,Kotak Mahindra Bank,KOTAKBANK.NS,Stock,Banking,https://1drv.ms/i/c/8705623eb284e7df/IQR5SkMOJIW9R43lx11E2_9cATs8cy5dVQt7AFSXWivasss?width=650&height=366
23-06-2025,436.3169556,437.4356609,429.7445162,431.1229318,8603070,11,Kotak Mahindra Bank,KOTAKBANK.NS,Stock,Banking,https://1drv.ms/i/c/8705623eb284e7df/IQR5SkMOJIW9R43lx11E2_9cATs8cy5dVQt7AFSXWivasss?width=650&height=366
24-06-2025,444.2078552,446.205552,437.7752692,441.0914531,28022600,11,Kotak Mahindra Bank,KOTAKBANK.NS,Stock,Banking,https://1drv.ms/i/c/8705623eb284e7df/IQR5SkMOJIW9R43lx11E2_9cATs8cy5dVQt7AFSXWivasss?width=650&height=366
25-06-2025,439.1536865,444.2078569,437.6953764,444.088,17877145,11,Kotak Mahindra Bank,KOTAKBANK.NS,Stock,Banking,https://1drv.ms/i/c/8705623eb284e7df/IQR5SkMOJIW9R43lx11E2_9cATs8cy5dVQt7AFSXWivasss?width=650&height=366
26-06-2025,440.2723999,441.4909962,435.4979057,439.9727576,28350635,11,Kotak Mahindra Bank,KOTAKBANK.NS,Stock,Banking,https://1drv.ms/i/c/8705623eb284e7df/IQR5SkMOJIW9R43lx11E2_9cATs8cy5dVQt7AFSXWivasss?width=650&height=366
27-06-2025,441.0714417,442.9492814,436.0172714,441.4909714,48247195,11,Kotak Mahindra Bank,KOTAKBANK.NS,Stock,Banking,https://1drv.ms/i/c/8705623eb284e7df/IQR5SkMOJIW9R43lx11E2_9cATs8cy5dVQt7AFSXWivasss?width=650&height=366
30-06-2025,432.2016907,441.2911862,430.4037454,441.0714384,18638285,11,Kotak Mahindra Bank,KOTAKBANK.NS,Stock,Banking,https://1drv.ms/i/c/8705623eb284e7df/IQR5SkMOJIW9R43lx11E2_9cATs8cy5dVQt7AFSXWivasss?width=650&height=366
01-07-2025,436.2170715,436.7963902,431.3626525,432.201712,20128770,11,Kotak Mahindra Bank,KOTAKBANK.NS,Stock,Banking,https://1drv.ms/i/c/8705623eb284e7df/IQR5SkMOJIW9R43lx11E2_9cATs8cy5dVQt7AFSXWivasss?width=650&height=366
02-07-2025,433.3204041,438.933927,431.7022746,436.4967345,9382555,11,Kotak Mahindra Bank,KOTAKBANK.NS,Stock,Banking,https://1drv.ms/i/c/8705623eb284e7df/IQR5SkMOJIW9R43lx11E2_9cATs8cy5dVQt7AFSXWivasss?width=650&height=366
03-07-2025,424.8302002,429.8843706,423.8912803,427.3273211,23336995,11,Kotak Mahindra Bank,KOTAKBANK.NS,Stock,Banking,https://1drv.ms/i/c/8705623eb284e7df/IQR5SkMOJIW9R43lx11E2_9cATs8cy5dVQt7AFSXWivasss?width=650&height=366
04-07-2025,425.4694519,426.9677245,421.7138027,424.3107841,8431075,11,Kotak Mahindra Bank,KOTAKBANK.NS,Stock,Banking,https://1drv.ms/i/c/8705623eb284e7df/IQR5SkMOJIW9R43lx11E2_9cATs8cy5dVQt7AFSXWivasss?width=650&height=366
07-07-2025,429.4648438,430.8632254,423.8712867,425.5094127,10852925,11,Kotak Mahindra Bank,KOTAKBANK.NS,Stock,Banking,https://1drv.ms/i/c/8705623eb284e7df/IQR5SkMOJIW9R43lx11E2_9cATs8cy5dVQt7AFSXWivasss?width=650&height=366
08-07-2025,444.3876343,447.7837126,434.7387554,436.4967382,37631455,11,Kotak Mahindra Bank,KOTAKBANK.NS,Stock,Banking,https://1drv.ms/i/c/8705623eb284e7df/IQR5SkMOJIW9R43lx11E2_9cATs8cy5dVQt7AFSXWivasss?width=650&height=366
09-07-2025,445.3465271,446.3054435,442.2900535,442.8893686,10104510,11,Kotak Mahindra Bank,KOTAKBANK.NS,Stock,Banking,https://1drv.ms/i/c/8705623eb284e7df/IQR5SkMOJIW9R43lx11E2_9cATs8cy5dVQt7AFSXWivasss?width=650&height=366
10-07-2025,440.2524109,448.0234499,436.8762986,445.3065811,28609065,11,Kotak Mahindra Bank,KOTAKBANK.NS,Stock,Banking,https://1drv.ms/i/c/8705623eb284e7df/IQR5SkMOJIW9R43lx11E2_9cATs8cy5dVQt7AFSXWivasss?width=650&height=366
11-07-2025,443.608551,444.4875425,439.2136241,439.8528712,13395830,11,Kotak Mahindra Bank,KOTAKBANK.NS,Stock,Banking,https://1drv.ms/i/c/8705623eb284e7df/IQR5SkMOJIW9R43lx11E2_9cATs8cy5dVQt7AFSXWivasss?width=650&height=366
14-07-2025,440.2524109,444.8870514,438.9538897,444.2677703,11976685,11,Kotak Mahindra Bank,KOTAKBANK.NS,Stock,Banking,https://1drv.ms/i/c/8705623eb284e7df/IQR5SkMOJIW9R43lx11E2_9cATs8cy5dVQt7AFSXWivasss?width=650&height=366
15-07-2025,437.1160278,446.2055543,435.8774656,441.4909887,14870715,11,Kotak Mahindra Bank,KOTAKBANK.NS,Stock,Banking,https://1drv.ms/i/c/8705623eb284e7df/IQR5SkMOJIW9R43lx11E2_9cATs8cy5dVQt7AFSXWivasss?width=650&height=366
16-07-2025,435.3780212,437.4955749,430.7034183,436.3169411,11438515,11,Kotak Mahindra Bank,KOTAKBANK.NS,Stock,Banking,https://1drv.ms/i/c/8705623eb284e7df/IQR5SkMOJIW9R43lx11E2_9cATs8cy5dVQt7AFSXWivasss?width=650&height=366
17-07-2025,433.6600037,437.8351825,432.8409407,434.4990326,10897805,11,Kotak Mahindra Bank,KOTAKBANK.NS,Stock,Banking,https://1drv.ms/i/c/8705623eb284e7df/IQR5SkMOJIW9R43lx11E2_9cATs8cy5dVQt7AFSXWivasss?width=650&height=366
18-07-2025,428.1000061,433.6000061,426.2000122,433.519989,12832715,11,Kotak Mahindra Bank,KOTAKBANK.NS,Stock,Banking,https://1drv.ms/i/c/8705623eb284e7df/IQR5SkMOJIW9R43lx11E2_9cATs8cy5dVQt7AFSXWivasss?width=650&height=366
21-07-2025,433.0400085,433.519989,426.0400085,427.6199951,9135495,11,Kotak Mahindra Bank,KOTAKBANK.NS,Stock,Banking,https://1drv.ms/i/c/8705623eb284e7df/IQR5SkMOJIW9R43lx11E2_9cATs8cy5dVQt7AFSXWivasss?width=650&height=366
22-07-2025,432.0400085,435,429,434.3999939,7822810,11,Kotak Mahindra Bank,KOTAKBANK.NS,Stock,Banking,https://1drv.ms/i/c/8705623eb284e7df/IQR5SkMOJIW9R43lx11E2_9cATs8cy5dVQt7AFSXWivasss?width=650&height=366
23-07-2025,434.0799866,435.9599915,431.2399902,434.2000122,13952705,11,Kotak Mahindra Bank,KOTAKBANK.NS,Stock,Banking,https://1drv.ms/i/c/8705623eb284e7df/IQR5SkMOJIW9R43lx11E2_9cATs8cy5dVQt7AFSXWivasss?width=650&height=366
24-07-2025,428.4200134,434.3599854,428,433.0799866,10292000,11,Kotak Mahindra Bank,KOTAKBANK.NS,Stock,Banking,https://1drv.ms/i/c/8705623eb284e7df/IQR5SkMOJIW9R43lx11E2_9cATs8cy5dVQt7AFSXWivasss?width=650&height=366
25-07-2025,424.9200134,429.980011,423.6600037,427.8200073,8727375,11,Kotak Mahindra Bank,KOTAKBANK.NS,Stock,Banking,https://1drv.ms/i/c/8705623eb284e7df/IQR5SkMOJIW9R43lx11E2_9cATs8cy5dVQt7AFSXWivasss?width=650&height=366
28-07-2025,393.3200073,411.0599976,392,405.0599976,69123495,11,Kotak Mahindra Bank,KOTAKBANK.NS,Stock,Banking,https://1drv.ms/i/c/8705623eb284e7df/IQR5SkMOJIW9R43lx11E2_9cATs8cy5dVQt7AFSXWivasss?width=650&height=366
29-07-2025,394.5400085,395.9400024,390.6000061,393.3999939,25219670,11,Kotak Mahindra Bank,KOTAKBANK.NS,Stock,Banking,https://1drv.ms/i/c/8705623eb284e7df/IQR5SkMOJIW9R43lx11E2_9cATs8cy5dVQt7AFSXWivasss?width=650&height=366
30-07-2025,391.9400024,396.1799927,391.3999939,393.2200012,17949955,11,Kotak Mahindra Bank,KOTAKBANK.NS,Stock,Banking,https://1drv.ms/i/c/8705623eb284e7df/IQR5SkMOJIW9R43lx11E2_9cATs8cy5dVQt7AFSXWivasss?width=650&height=366
31-07-2025,395.7200012,399.7200012,387,388.2399902,21519590,11,Kotak Mahindra Bank,KOTAKBANK.NS,Stock,Banking,https://1drv.ms/i/c/8705623eb284e7df/IQR5SkMOJIW9R43lx11E2_9cATs8cy5dVQt7AFSXWivasss?width=650&height=366
01-08-2025,398.480011,401.3999939,394.4200134,396.6000061,13361865,11,Kotak Mahindra Bank,KOTAKBANK.NS,Stock,Banking,https://1drv.ms/i/c/8705623eb284e7df/IQR5SkMOJIW9R43lx11E2_9cATs8cy5dVQt7AFSXWivasss?width=650&height=366
04-08-2025,399.3999939,401.3999939,396.4200134,397.3999939,7716305,11,Kotak Mahindra Bank,KOTAKBANK.NS,Stock,Banking,https://1drv.ms/i/c/8705623eb284e7df/IQR5SkMOJIW9R43lx11E2_9cATs8cy5dVQt7AFSXWivasss?width=650&height=366
05-08-2025,400.6000061,401.6000061,398.9599915,401.6000061,12106660,11,Kotak Mahindra Bank,KOTAKBANK.NS,Stock,Banking,https://1drv.ms/i/c/8705623eb284e7df/IQR5SkMOJIW9R43lx11E2_9cATs8cy5dVQt7AFSXWivasss?width=650&height=366
06-08-2025,400.480011,405.1199951,398.5400085,400.6000061,13311395,11,Kotak Mahindra Bank,KOTAKBANK.NS,Stock,Banking,https://1drv.ms/i/c/8705623eb284e7df/IQR5SkMOJIW9R43lx11E2_9cATs8cy5dVQt7AFSXWivasss?width=650&height=366
07-08-2025,398.4200134,399.1000061,393,396.2000122,72760995,11,Kotak Mahindra Bank,KOTAKBANK.NS,Stock,Banking,https://1drv.ms/i/c/8705623eb284e7df/IQR5SkMOJIW9R43lx11E2_9cATs8cy5dVQt7AFSXWivasss?width=650&height=366
08-08-2025,390.5400085,399.8999939,389.6400146,398.7799988,10928645,11,Kotak Mahindra Bank,KOTAKBANK.NS,Stock,Banking,https://1drv.ms/i/c/8705623eb284e7df/IQR5SkMOJIW9R43lx11E2_9cATs8cy5dVQt7AFSXWivasss?width=650&height=366
11-08-2025,395.1799927,404.7999878,391.2799988,392.7999878,11012565,11,Kotak Mahindra Bank,KOTAKBANK.NS,Stock,Banking,https://1drv.ms/i/c/8705623eb284e7df/IQR5SkMOJIW9R43lx11E2_9cATs8cy5dVQt7AFSXWivasss?width=650&height=366
12-08-2025,391.7999878,397.1799927,391.2799988,395,7889120,11,Kotak Mahindra Bank,KOTAKBANK.NS,Stock,Banking,https://1drv.ms/i/c/8705623eb284e7df/IQR5SkMOJIW9R43lx11E2_9cATs8cy5dVQt7AFSXWivasss?width=650&height=366
13-08-2025,397.5400085,399.2600098,392.4400024,393.6000061,13733665,11,Kotak Mahindra Bank,KOTAKBANK.NS,Stock,Banking,https://1drv.ms/i/c/8705623eb284e7df/IQR5SkMOJIW9R43lx11E2_9cATs8cy5dVQt7AFSXWivasss?width=650&height=366
14-08-2025,395.6400146,398.7000122,395.1000061,397.6000061,9922965,11,Kotak Mahindra Bank,KOTAKBANK.NS,Stock,Banking,https://1drv.ms/i/c/8705623eb284e7df/IQR5SkMOJIW9R43lx11E2_9cATs8cy5dVQt7AFSXWivasss?width=650&height=366
18-08-2025,400.2799988,405.2000122,399.4200134,399.5799866,21519720,11,Kotak Mahindra Bank,KOTAKBANK.NS,Stock,Banking,https://1drv.ms/i/c/8705623eb284e7df/IQR5SkMOJIW9R43lx11E2_9cATs8cy5dVQt7AFSXWivasss?width=650&height=366
19-08-2025,405.980011,406.5,398.5,398.7999878,15558845,11,Kotak Mahindra Bank,KOTAKBANK.NS,Stock,Banking,https://1drv.ms/i/c/8705623eb284e7df/IQR5SkMOJIW9R43lx11E2_9cATs8cy5dVQt7AFSXWivasss?width=650&height=366
20-08-2025,403.5,404.8399963,401.1000061,404.1000061,13134705,11,Kotak Mahindra Bank,KOTAKBANK.NS,Stock,Banking,https://1drv.ms/i/c/8705623eb284e7df/IQR5SkMOJIW9R43lx11E2_9cATs8cy5dVQt7AFSXWivasss?width=650&height=366
21-08-2025,403.5599976,407.7999878,402.5799866,407.7999878,14493935,11,Kotak Mahindra Bank,KOTAKBANK.NS,Stock,Banking,https://1drv.ms/i/c/8705623eb284e7df/IQR5SkMOJIW9R43lx11E2_9cATs8cy5dVQt7AFSXWivasss?width=650&height=366
22-08-2025,397.3200073,403.7200012,396.0400085,402.0400085,8958465,11,Kotak Mahindra Bank,KOTAKBANK.NS,Stock,Banking,https://1drv.ms/i/c/8705623eb284e7df/IQR5SkMOJIW9R43lx11E2_9cATs8cy5dVQt7AFSXWivasss?width=650&height=366
25-08-2025,396.6600037,399.7600098,395.3399963,397.3999939,11849075,11,Kotak Mahindra Bank,KOTAKBANK.NS,Stock,Banking,https://1drv.ms/i/c/8705623eb284e7df/IQR5SkMOJIW9R43lx11E2_9cATs8cy5dVQt7AFSXWivasss?width=650&height=366
26-08-2025,393.1400146,396.7799988,392.2399902,395.6000061,18550690,11,Kotak Mahindra Bank,KOTAKBANK.NS,Stock,Banking,https://1drv.ms/i/c/8705623eb284e7df/IQR5SkMOJIW9R43lx11E2_9cATs8cy5dVQt7AFSXWivasss?width=650&height=366
28-08-2025,388.9400024,393.6000061,388.2200012,391,17989700,11,Kotak Mahindra Bank,KOTAKBANK.NS,Stock,Banking,https://1drv.ms/i/c/8705623eb284e7df/IQR5SkMOJIW9R43lx11E2_9cATs8cy5dVQt7AFSXWivasss?width=650&height=366
29-08-2025,392.0599976,396.980011,390.0400085,390.0400085,15371790,11,Kotak Mahindra Bank,KOTAKBANK.NS,Stock,Banking,https://1drv.ms/i/c/8705623eb284e7df/IQR5SkMOJIW9R43lx11E2_9cATs8cy5dVQt7AFSXWivasss?width=650&height=366
01-09-2025,393.7200012,394.5599976,391.0400085,392.0599976,7891610,11,Kotak Mahindra Bank,KOTAKBANK.NS,Stock,Banking,https://1drv.ms/i/c/8705623eb284e7df/IQR5SkMOJIW9R43lx11E2_9cATs8cy5dVQt7AFSXWivasss?width=650&height=366
02-09-2025,388.5,395.0400085,388.0799866,393.2000122,12917095,11,Kotak Mahindra Bank,KOTAKBANK.NS,Stock,Banking,https://1drv.ms/i/c/8705623eb284e7df/IQR5SkMOJIW9R43lx11E2_9cATs8cy5dVQt7AFSXWivasss?width=650&height=366
03-09-2025,392.0400085,392.7600098,386.2200012,388.7999878,20037270,11,Kotak Mahindra Bank,KOTAKBANK.NS,Stock,Banking,https://1drv.ms/i/c/8705623eb284e7df/IQR5SkMOJIW9R43lx11E2_9cATs8cy5dVQt7AFSXWivasss?width=650&height=366
04-09-2025,389.9400024,394.3399963,389.2999878,392.2000122,9457295,11,Kotak Mahindra Bank,KOTAKBANK.NS,Stock,Banking,https://1drv.ms/i/c/8705623eb284e7df/IQR5SkMOJIW9R43lx11E2_9cATs8cy5dVQt7AFSXWivasss?width=650&height=366
05-09-2025,389.1000061,391.4599915,387.4200134,389.9400024,9906260,11,Kotak Mahindra Bank,KOTAKBANK.NS,Stock,Banking,https://1drv.ms/i/c/8705623eb284e7df/IQR5SkMOJIW9R43lx11E2_9cATs8cy5dVQt7AFSXWivasss?width=650&height=366
08-09-2025,390.019989,392.2999878,386.2999878,388.5,12527790,11,Kotak Mahindra Bank,KOTAKBANK.NS,Stock,Banking,https://1drv.ms/i/c/8705623eb284e7df/IQR5SkMOJIW9R43lx11E2_9cATs8cy5dVQt7AFSXWivasss?width=650&height=366
09-09-2025,392.0799866,393.1799927,387.9599915,391.2000122,15873920,11,Kotak Mahindra Bank,KOTAKBANK.NS,Stock,Banking,https://1drv.ms/i/c/8705623eb284e7df/IQR5SkMOJIW9R43lx11E2_9cATs8cy5dVQt7AFSXWivasss?width=650&height=366
10-09-2025,394.6600037,397.7799988,393.1600037,396.980011,42604510,11,Kotak Mahindra Bank,KOTAKBANK.NS,Stock,Banking,https://1drv.ms/i/c/8705623eb284e7df/IQR5SkMOJIW9R43lx11E2_9cATs8cy5dVQt7AFSXWivasss?width=650&height=366
11-09-2025,394.4599915,397,392.6600037,395.3999939,11816335,11,Kotak Mahindra Bank,KOTAKBANK.NS,Stock,Banking,https://1drv.ms/i/c/8705623eb284e7df/IQR5SkMOJIW9R43lx11E2_9cATs8cy5dVQt7AFSXWivasss?width=650&height=366
12-09-2025,394.4599915,397,393.2000122,394.6400146,18077285,11,Kotak Mahindra Bank,KOTAKBANK.NS,Stock,Banking,https://1drv.ms/i/c/8705623eb284e7df/IQR5SkMOJIW9R43lx11E2_9cATs8cy5dVQt7AFSXWivasss?width=650&height=366
15-09-2025,394.1600037,396.3200073,392.980011,393.6000061,13098130,11,Kotak Mahindra Bank,KOTAKBANK.NS,Stock,Banking,https://1drv.ms/i/c/8705623eb284e7df/IQR5SkMOJIW9R43lx11E2_9cATs8cy5dVQt7AFSXWivasss?width=650&height=366
16-09-2025,404.3399963,406.1000061,394.6400146,395.2799988,20084385,11,Kotak Mahindra Bank,KOTAKBANK.NS,Stock,Banking,https://1drv.ms/i/c/8705623eb284e7df/IQR5SkMOJIW9R43lx11E2_9cATs8cy5dVQt7AFSXWivasss?width=650&height=366
17-09-2025,410.0599976,410.5400085,404.0599976,405.7999878,23917190,11,Kotak Mahindra Bank,KOTAKBANK.NS,Stock,Banking,https://1drv.ms/i/c/8705623eb284e7df/IQR5SkMOJIW9R43lx11E2_9cATs8cy5dVQt7AFSXWivasss?width=650&height=366
18-09-2025,410.9200134,412.2600098,408.4400024,410,17420580,11,Kotak Mahindra Bank,KOTAKBANK.NS,Stock,Banking,https://1drv.ms/i/c/8705623eb284e7df/IQR5SkMOJIW9R43lx11E2_9cATs8cy5dVQt7AFSXWivasss?width=650&height=366
19-09-2025,406.2000122,410.9200134,405.480011,410.9200134,22431125,11,Kotak Mahindra Bank,KOTAKBANK.NS,Stock,Banking,https://1drv.ms/i/c/8705623eb284e7df/IQR5SkMOJIW9R43lx11E2_9cATs8cy5dVQt7AFSXWivasss?width=650&height=366
22-09-2025,404.3399963,407.9200134,403.480011,406.3999939,13229910,11,Kotak Mahindra Bank,KOTAKBANK.NS,Stock,Banking,https://1drv.ms/i/c/8705623eb284e7df/IQR5SkMOJIW9R43lx11E2_9cATs8cy5dVQt7AFSXWivasss?width=650&height=366
23-09-2025,409.5400085,410.6199951,401.6799927,404.6000061,25428240,11,Kotak Mahindra Bank,KOTAKBANK.NS,Stock,Banking,https://1drv.ms/i/c/8705623eb284e7df/IQR5SkMOJIW9R43lx11E2_9cATs8cy5dVQt7AFSXWivasss?width=650&height=366
24-09-2025,406.2600098,409.6199951,405.7999878,408.3999939,18394385,11,Kotak Mahindra Bank,KOTAKBANK.NS,Stock,Banking,https://1drv.ms/i/c/8705623eb284e7df/IQR5SkMOJIW9R43lx11E2_9cATs8cy5dVQt7AFSXWivasss?width=650&height=366
25-09-2025,402.7000122,407.5,402,406.4599915,20039275,11,Kotak Mahindra Bank,KOTAKBANK.NS,Stock,Banking,https://1drv.ms/i/c/8705623eb284e7df/IQR5SkMOJIW9R43lx11E2_9cATs8cy5dVQt7AFSXWivasss?width=650&height=366
26-09-2025,398.9599915,403.8399963,397.8200073,401.7999878,9595825,11,Kotak Mahindra Bank,KOTAKBANK.NS,Stock,Banking,https://1drv.ms/i/c/8705623eb284e7df/IQR5SkMOJIW9R43lx11E2_9cATs8cy5dVQt7AFSXWivasss?width=650&height=366
29-09-2025,398.3200073,400.7399902,394.0599976,399.1799927,26530510,11,Kotak Mahindra Bank,KOTAKBANK.NS,Stock,Banking,https://1drv.ms/i/c/8705623eb284e7df/IQR5SkMOJIW9R43lx11E2_9cATs8cy5dVQt7AFSXWivasss?width=650&height=366
30-09-2025,398.5400085,403,397.2200012,400.7999878,29309685,11,Kotak Mahindra Bank,KOTAKBANK.NS,Stock,Banking,https://1drv.ms/i/c/8705623eb284e7df/IQR5SkMOJIW9R43lx11E2_9cATs8cy5dVQt7AFSXWivasss?width=650&height=366
01-10-2025,412.6600037,414.3999939,397.2000122,397.2000122,30579755,11,Kotak Mahindra Bank,KOTAKBANK.NS,Stock,Banking,https://1drv.ms/i/c/8705623eb284e7df/IQR5SkMOJIW9R43lx11E2_9cATs8cy5dVQt7AFSXWivasss?width=650&height=366
03-10-2025,420.1000061,421.6000061,412.3999939,412.6600037,23679650,11,Kotak Mahindra Bank,KOTAKBANK.NS,Stock,Banking,https://1drv.ms/i/c/8705623eb284e7df/IQR5SkMOJIW9R43lx11E2_9cATs8cy5dVQt7AFSXWivasss?width=650&height=366
06-10-2025,429.2000122,430.9200134,418.6000061,422.7999878,25764180,11,Kotak Mahindra Bank,KOTAKBANK.NS,Stock,Banking,https://1drv.ms/i/c/8705623eb284e7df/IQR5SkMOJIW9R43lx11E2_9cATs8cy5dVQt7AFSXWivasss?width=650&height=366
07-10-2025,425.3800049,430.6199951,424.3399963,428.3999939,12364695,11,Kotak Mahindra Bank,KOTAKBANK.NS,Stock,Banking,https://1drv.ms/i/c/8705623eb284e7df/IQR5SkMOJIW9R43lx11E2_9cATs8cy5dVQt7AFSXWivasss?width=650&height=366
08-10-2025,423.5599976,426.5,422.4400024,425.2999878,4402475,11,Kotak Mahindra Bank,KOTAKBANK.NS,Stock,Banking,https://1drv.ms/i/c/8705623eb284e7df/IQR5SkMOJIW9R43lx11E2_9cATs8cy5dVQt7AFSXWivasss?width=650&height=366
09-10-2025,428.9200134,430.3999939,420.2600098,423.6000061,15827485,11,Kotak Mahindra Bank,KOTAKBANK.NS,Stock,Banking,https://1drv.ms/i/c/8705623eb284e7df/IQR5SkMOJIW9R43lx11E2_9cATs8cy5dVQt7AFSXWivasss?width=650&height=366
10-10-2025,430.019989,431.5599976,427.3200073,429,9681210,11,Kotak Mahindra Bank,KOTAKBANK.NS,Stock,Banking,https://1drv.ms/i/c/8705623eb284e7df/IQR5SkMOJIW9R43lx11E2_9cATs8cy5dVQt7AFSXWivasss?width=650&height=366
13-10-2025,430.4200134,431.2000122,426.7600098,427.2000122,10600020,11,Kotak Mahindra Bank,KOTAKBANK.NS,Stock,Banking,https://1drv.ms/i/c/8705623eb284e7df/IQR5SkMOJIW9R43lx11E2_9cATs8cy5dVQt7AFSXWivasss?width=650&height=366
14-10-2025,430.3599854,433,428.3200073,429.7999878,8022815,11,Kotak Mahindra Bank,KOTAKBANK.NS,Stock,Banking,https://1drv.ms/i/c/8705623eb284e7df/IQR5SkMOJIW9R43lx11E2_9cATs8cy5dVQt7AFSXWivasss?width=650&height=366
15-10-2025,429.9200134,433.1799927,428.2399902,431,11540535,11,Kotak Mahindra Bank,KOTAKBANK.NS,Stock,Banking,https://1drv.ms/i/c/8705623eb284e7df/IQR5SkMOJIW9R43lx11E2_9cATs8cy5dVQt7AFSXWivasss?width=650&height=366
16-10-2025,441.0799866,442.9200134,430.4400024,430.5799866,33692100,11,Kotak Mahindra Bank,KOTAKBANK.NS,Stock,Banking,https://1drv.ms/i/c/8705623eb284e7df/IQR5SkMOJIW9R43lx11E2_9cATs8cy5dVQt7AFSXWivasss?width=650&height=366
17-10-2025,441.1600037,441.980011,438.0799866,440.7799988,16706510,11,Kotak Mahindra Bank,KOTAKBANK.NS,Stock,Banking,https://1drv.ms/i/c/8705623eb284e7df/IQR5SkMOJIW9R43lx11E2_9cATs8cy5dVQt7AFSXWivasss?width=650&height=366
20-10-2025,442.7600098,453.2000122,440.0400085,442.7999878,15207085,11,Kotak Mahindra Bank,KOTAKBANK.NS,Stock,Banking,https://1drv.ms/i/c/8705623eb284e7df/IQR5SkMOJIW9R43lx11E2_9cATs8cy5dVQt7AFSXWivasss?width=650&height=366
21-10-2025,439.3999939,443.9599915,437.3800049,442.7600098,1134020,11,Kotak Mahindra Bank,KOTAKBANK.NS,Stock,Banking,https://1drv.ms/i/c/8705623eb284e7df/IQR5SkMOJIW9R43lx11E2_9cATs8cy5dVQt7AFSXWivasss?width=650&height=366
23-10-2025,445.1199951,448.8800049,442.2000122,445,21496105,11,Kotak Mahindra Bank,KOTAKBANK.NS,Stock,Banking,https://1drv.ms/i/c/8705623eb284e7df/IQR5SkMOJIW9R43lx11E2_9cATs8cy5dVQt7AFSXWivasss?width=650&height=366
24-10-2025,437.3999939,447.6000061,433.6400146,447.6000061,16293685,11,Kotak Mahindra Bank,KOTAKBANK.NS,Stock,Banking,https://1drv.ms/i/c/8705623eb284e7df/IQR5SkMOJIW9R43lx11E2_9cATs8cy5dVQt7AFSXWivasss?width=650&height=366
27-10-2025,429.7200012,437.2000122,424.3999939,434.4400024,18599700,11,Kotak Mahindra Bank,KOTAKBANK.NS,Stock,Banking,https://1drv.ms/i/c/8705623eb284e7df/IQR5SkMOJIW9R43lx11E2_9cATs8cy5dVQt7AFSXWivasss?width=650&height=366
28-10-2025,432.1600037,433.6199951,428.3999939,428.3999939,23304345,11,Kotak Mahindra Bank,KOTAKBANK.NS,Stock,Banking,https://1drv.ms/i/c/8705623eb284e7df/IQR5SkMOJIW9R43lx11E2_9cATs8cy5dVQt7AFSXWivasss?width=650&height=366
29-10-2025,430.1000061,434.8599854,429.3800049,434,7088915,11,Kotak Mahindra Bank,KOTAKBANK.NS,Stock,Banking,https://1drv.ms/i/c/8705623eb284e7df/IQR5SkMOJIW9R43lx11E2_9cATs8cy5dVQt7AFSXWivasss?width=650&height=366
30-10-2025,427.4400024,430.6000061,425.2799988,430,12438465,11,Kotak Mahindra Bank,KOTAKBANK.NS,Stock,Banking,https://1drv.ms/i/c/8705623eb284e7df/IQR5SkMOJIW9R43lx11E2_9cATs8cy5dVQt7AFSXWivasss?width=650&height=366
31-10-2025,420.4400024,429.3800049,420,429.3800049,18931270,11,Kotak Mahindra Bank,KOTAKBANK.NS,Stock,Banking,https://1drv.ms/i/c/8705623eb284e7df/IQR5SkMOJIW9R43lx11E2_9cATs8cy5dVQt7AFSXWivasss?width=650&height=366
03-11-2025,422.7000122,423.8399963,417.5799866,420.4400024,7657265,11,Kotak Mahindra Bank,KOTAKBANK.NS,Stock,Banking,https://1drv.ms/i/c/8705623eb284e7df/IQR5SkMOJIW9R43lx11E2_9cATs8cy5dVQt7AFSXWivasss?width=650&height=366
04-11-2025,419.3200073,424.2200012,418.6000061,423.3399963,9581885,11,Kotak Mahindra Bank,KOTAKBANK.NS,Stock,Banking,https://1drv.ms/i/c/8705623eb284e7df/IQR5SkMOJIW9R43lx11E2_9cATs8cy5dVQt7AFSXWivasss?width=650&height=366
06-11-2025,416.6400146,420.7600098,414.4200134,414.6000061,11902845,11,Kotak Mahindra Bank,KOTAKBANK.NS,Stock,Banking,https://1drv.ms/i/c/8705623eb284e7df/IQR5SkMOJIW9R43lx11E2_9cATs8cy5dVQt7AFSXWivasss?width=650&height=366
07-11-2025,417.6600037,419.8599854,411.8399963,415.7399902,7000945,11,Kotak Mahindra Bank,KOTAKBANK.NS,Stock,Banking,https://1drv.ms/i/c/8705623eb284e7df/IQR5SkMOJIW9R43lx11E2_9cATs8cy5dVQt7AFSXWivasss?width=650&height=366
10-11-2025,418.5400085,420.9599915,416.2000122,416.2000122,10866480,11,Kotak Mahindra Bank,KOTAKBANK.NS,Stock,Banking,https://1drv.ms/i/c/8705623eb284e7df/IQR5SkMOJIW9R43lx11E2_9cATs8cy5dVQt7AFSXWivasss?width=650&height=366
11-11-2025,417.3800049,420.6000061,414.980011,420,10814210,11,Kotak Mahindra Bank,KOTAKBANK.NS,Stock,Banking,https://1drv.ms/i/c/8705623eb284e7df/IQR5SkMOJIW9R43lx11E2_9cATs8cy5dVQt7AFSXWivasss?width=650&height=366
12-11-2025,416.8999939,420.019989,416,420.019989,9035425,11,Kotak Mahindra Bank,KOTAKBANK.NS,Stock,Banking,https://1drv.ms/i/c/8705623eb284e7df/IQR5SkMOJIW9R43lx11E2_9cATs8cy5dVQt7AFSXWivasss?width=650&height=366
13-11-2025,415.0400085,417.8999939,412.9200134,417.8999939,10711530,11,Kotak Mahindra Bank,KOTAKBANK.NS,Stock,Banking,https://1drv.ms/i/c/8705623eb284e7df/IQR5SkMOJIW9R43lx11E2_9cATs8cy5dVQt7AFSXWivasss?width=650&height=366
14-11-2025,415.9400024,417.1000061,412.6000061,413.2000122,12202755,11,Kotak Mahindra Bank,KOTAKBANK.NS,Stock,Banking,https://1drv.ms/i/c/8705623eb284e7df/IQR5SkMOJIW9R43lx11E2_9cATs8cy5dVQt7AFSXWivasss?width=650&height=366
17-11-2025,420.5799866,423.980011,418.480011,419,25151640,11,Kotak Mahindra Bank,KOTAKBANK.NS,Stock,Banking,https://1drv.ms/i/c/8705623eb284e7df/IQR5SkMOJIW9R43lx11E2_9cATs8cy5dVQt7AFSXWivasss?width=650&height=366
18-11-2025,418.6199951,421.3999939,416,418.1199951,10300340,11,Kotak Mahindra Bank,KOTAKBANK.NS,Stock,Banking,https://1drv.ms/i/c/8705623eb284e7df/IQR5SkMOJIW9R43lx11E2_9cATs8cy5dVQt7AFSXWivasss?width=650&height=366
19-11-2025,421.1799927,422,417.8999939,419.8999939,12464500,11,Kotak Mahindra Bank,KOTAKBANK.NS,Stock,Banking,https://1drv.ms/i/c/8705623eb284e7df/IQR5SkMOJIW9R43lx11E2_9cATs8cy5dVQt7AFSXWivasss?width=650&height=366
20-11-2025,419.7399902,422.9599915,418.6400146,422.9599915,36702845,11,Kotak Mahindra Bank,KOTAKBANK.NS,Stock,Banking,https://1drv.ms/i/c/8705623eb284e7df/IQR5SkMOJIW9R43lx11E2_9cATs8cy5dVQt7AFSXWivasss?width=650&height=366
21-11-2025,417.5599976,422.2999878,415.7000122,420,39194210,11,Kotak Mahindra Bank,KOTAKBANK.NS,Stock,Banking,https://1drv.ms/i/c/8705623eb284e7df/IQR5SkMOJIW9R43lx11E2_9cATs8cy5dVQt7AFSXWivasss?width=650&height=366
24-11-2025,417.4599915,420.7999878,415.480011,419,24922845,11,Kotak Mahindra Bank,KOTAKBANK.NS,Stock,Banking,https://1drv.ms/i/c/8705623eb284e7df/IQR5SkMOJIW9R43lx11E2_9cATs8cy5dVQt7AFSXWivasss?width=650&height=366
25-11-2025,413.980011,418.8599854,413.3399963,418.8599854,15164895,11,Kotak Mahindra Bank,KOTAKBANK.NS,Stock,Banking,https://1drv.ms/i/c/8705623eb284e7df/IQR5SkMOJIW9R43lx11E2_9cATs8cy5dVQt7AFSXWivasss?width=650&height=366
26-11-2025,420.7600098,422,414.8200073,415,14896715,11,Kotak Mahindra Bank,KOTAKBANK.NS,Stock,Banking,https://1drv.ms/i/c/8705623eb284e7df/IQR5SkMOJIW9R43lx11E2_9cATs8cy5dVQt7AFSXWivasss?width=650&height=366
27-11-2025,422.0400085,426.1000061,418.2799988,420.7999878,20148975,11,Kotak Mahindra Bank,KOTAKBANK.NS,Stock,Banking,https://1drv.ms/i/c/8705623eb284e7df/IQR5SkMOJIW9R43lx11E2_9cATs8cy5dVQt7AFSXWivasss?width=650&height=366
28-11-2025,424.8800049,428.3599854,420.4400024,423.7999878,15840785,11,Kotak Mahindra Bank,KOTAKBANK.NS,Stock,Banking,https://1drv.ms/i/c/8705623eb284e7df/IQR5SkMOJIW9R43lx11E2_9cATs8cy5dVQt7AFSXWivasss?width=650&height=366
01-12-2025,429.519989,432.6000061,425.6199951,426.7999878,16310160,11,Kotak Mahindra Bank,KOTAKBANK.NS,Stock,Banking,https://1drv.ms/i/c/8705623eb284e7df/IQR5SkMOJIW9R43lx11E2_9cATs8cy5dVQt7AFSXWivasss?width=650&height=366
02-12-2025,428.480011,432,427.8800049,428,18294165,11,Kotak Mahindra Bank,KOTAKBANK.NS,Stock,Banking,https://1drv.ms/i/c/8705623eb284e7df/IQR5SkMOJIW9R43lx11E2_9cATs8cy5dVQt7AFSXWivasss?width=650&height=366
03-12-2025,429.2200012,430.3399963,423.8200073,427.019989,14031015,11,Kotak Mahindra Bank,KOTAKBANK.NS,Stock,Banking,https://1drv.ms/i/c/8705623eb284e7df/IQR5SkMOJIW9R43lx11E2_9cATs8cy5dVQt7AFSXWivasss?width=650&height=366
04-12-2025,427.0799866,429.3599854,424.2999878,429.2200012,12871640,11,Kotak Mahindra Bank,KOTAKBANK.NS,Stock,Banking,https://1drv.ms/i/c/8705623eb284e7df/IQR5SkMOJIW9R43lx11E2_9cATs8cy5dVQt7AFSXWivasss?width=650&height=366
05-12-2025,430.980011,433.2000122,426.3999939,427,9658475,11,Kotak Mahindra Bank,KOTAKBANK.NS,Stock,Banking,https://1drv.ms/i/c/8705623eb284e7df/IQR5SkMOJIW9R43lx11E2_9cATs8cy5dVQt7AFSXWivasss?width=650&height=366
08-12-2025,426.3200073,431.7799988,425.2000122,431.7399902,14960235,11,Kotak Mahindra Bank,KOTAKBANK.NS,Stock,Banking,https://1drv.ms/i/c/8705623eb284e7df/IQR5SkMOJIW9R43lx11E2_9cATs8cy5dVQt7AFSXWivasss?width=650&height=366
09-12-2025,425.5400085,426.6799927,421.7799988,424,16037550,11,Kotak Mahindra Bank,KOTAKBANK.NS,Stock,Banking,https://1drv.ms/i/c/8705623eb284e7df/IQR5SkMOJIW9R43lx11E2_9cATs8cy5dVQt7AFSXWivasss?width=650&height=366
10-12-2025,425.8999939,431.1000061,424.7399902,426,10941335,11,Kotak Mahindra Bank,KOTAKBANK.NS,Stock,Banking,https://1drv.ms/i/c/8705623eb284e7df/IQR5SkMOJIW9R43lx11E2_9cATs8cy5dVQt7AFSXWivasss?width=650&height=366
11-12-2025,436.0400085,441,423.8200073,425.8999939,24978600,11,Kotak Mahindra Bank,KOTAKBANK.NS,Stock,Banking,https://1drv.ms/i/c/8705623eb284e7df/IQR5SkMOJIW9R43lx11E2_9cATs8cy5dVQt7AFSXWivasss?width=650&height=366
12-12-2025,435.3200073,440.2000122,434.9400024,436.3399963,14312745,11,Kotak Mahindra Bank,KOTAKBANK.NS,Stock,Banking,https://1drv.ms/i/c/8705623eb284e7df/IQR5SkMOJIW9R43lx11E2_9cATs8cy5dVQt7AFSXWivasss?width=650&height=366
15-12-2025,436.2600098,437.1199951,431.2999878,433.4200134,13779900,11,Kotak Mahindra Bank,KOTAKBANK.NS,Stock,Banking,https://1drv.ms/i/c/8705623eb284e7df/IQR5SkMOJIW9R43lx11E2_9cATs8cy5dVQt7AFSXWivasss?width=650&height=366
16-12-2025,436.480011,438.7999878,434.2999878,435.6000061,8544595,11,Kotak Mahindra Bank,KOTAKBANK.NS,Stock,Banking,https://1drv.ms/i/c/8705623eb284e7df/IQR5SkMOJIW9R43lx11E2_9cATs8cy5dVQt7AFSXWivasss?width=650&height=366
17-12-2025,434.6400146,438.6400146,432.7000122,437.6000061,8060720,11,Kotak Mahindra Bank,KOTAKBANK.NS,Stock,Banking,https://1drv.ms/i/c/8705623eb284e7df/IQR5SkMOJIW9R43lx11E2_9cATs8cy5dVQt7AFSXWivasss?width=650&height=366
18-12-2025,432.9200134,435.7799988,431.980011,434.6400146,5633400,11,Kotak Mahindra Bank,KOTAKBANK.NS,Stock,Banking,https://1drv.ms/i/c/8705623eb284e7df/IQR5SkMOJIW9R43lx11E2_9cATs8cy5dVQt7AFSXWivasss?width=650&height=366
19-12-2025,431.8999939,435.5,431.2600098,433.7000122,11504670,11,Kotak Mahindra Bank,KOTAKBANK.NS,Stock,Banking,https://1drv.ms/i/c/8705623eb284e7df/IQR5SkMOJIW9R43lx11E2_9cATs8cy5dVQt7AFSXWivasss?width=650&height=366
22-12-2025,429.9400024,435.2000122,429.4200134,434,9041130,11,Kotak Mahindra Bank,KOTAKBANK.NS,Stock,Banking,https://1drv.ms/i/c/8705623eb284e7df/IQR5SkMOJIW9R43lx11E2_9cATs8cy5dVQt7AFSXWivasss?width=650&height=366
23-12-2025,432.5400085,434.1799927,429.9400024,430.5,8070815,11,Kotak Mahindra Bank,KOTAKBANK.NS,Stock,Banking,https://1drv.ms/i/c/8705623eb284e7df/IQR5SkMOJIW9R43lx11E2_9cATs8cy5dVQt7AFSXWivasss?width=650&height=366
24-12-2025,432.7399902,435.6400146,432.2200012,433.6000061,7791790,11,Kotak Mahindra Bank,KOTAKBANK.NS,Stock,Banking,https://1drv.ms/i/c/8705623eb284e7df/IQR5SkMOJIW9R43lx11E2_9cATs8cy5dVQt7AFSXWivasss?width=650&height=366
26-12-2025,432.8399963,434.7200012,430.5799866,432.3999939,3691745,11,Kotak Mahindra Bank,KOTAKBANK.NS,Stock,Banking,https://1drv.ms/i/c/8705623eb284e7df/IQR5SkMOJIW9R43lx11E2_9cATs8cy5dVQt7AFSXWivasss?width=650&height=366
29-12-2025,431.7200012,436.3599854,431.0799866,434.1199951,4858980,11,Kotak Mahindra Bank,KOTAKBANK.NS,Stock,Banking,https://1drv.ms/i/c/8705623eb284e7df/IQR5SkMOJIW9R43lx11E2_9cATs8cy5dVQt7AFSXWivasss?width=650&height=366
30-12-2025,430.5400085,433,427.7799988,431.9400024,28360690,11,Kotak Mahindra Bank,KOTAKBANK.NS,Stock,Banking,https://1drv.ms/i/c/8705623eb284e7df/IQR5SkMOJIW9R43lx11E2_9cATs8cy5dVQt7AFSXWivasss?width=650&height=366
31-12-2025,440.2200012,441.0799866,431.1400146,431.6000061,14284445,11,Kotak Mahindra Bank,KOTAKBANK.NS,Stock,Banking,https://1drv.ms/i/c/8705623eb284e7df/IQR5SkMOJIW9R43lx11E2_9cATs8cy5dVQt7AFSXWivasss?width=650&height=366
