Date,Close,High,Low,Open,Volume,AssetID,"	AssetName","	Ticker","	AssetType","	Sector",Logo
01-01-2021,3439.957275,3486.45198,3370.912639,3396.903133,285207,10,LTIMindtree,LTM.NS,Stock,IT,https://1drv.ms/i/c/8705623eb284e7df/IQRWxHCVQtI7TrJbjoI9ODtEASLcQXhWeY2ucz8cWaAXko8?width=1920&height=1920
04-01-2021,3575.768066,3635.792544,3449.395333,3468.132833,373949,10,LTIMindtree,LTM.NS,Stock,IT,https://1drv.ms/i/c/8705623eb284e7df/IQRWxHCVQtI7TrJbjoI9ODtEASLcQXhWeY2ucz8cWaAXko8?width=1920&height=1920
05-01-2021,3839.858154,3904.532105,3536.387135,3575.442686,840857,10,LTIMindtree,LTM.NS,Stock,IT,https://1drv.ms/i/c/8705623eb284e7df/IQRWxHCVQtI7TrJbjoI9ODtEASLcQXhWeY2ucz8cWaAXko8?width=1920&height=1920
06-01-2021,3679.497559,3867.429231,3659.13297,3856.270503,597076,10,LTIMindtree,LTM.NS,Stock,IT,https://1drv.ms/i/c/8705623eb284e7df/IQRWxHCVQtI7TrJbjoI9ODtEASLcQXhWeY2ucz8cWaAXko8?width=1920&height=1920
07-01-2021,3610.685547,3746.54316,3598.690004,3717.762984,363617,10,LTIMindtree,LTM.NS,Stock,IT,https://1drv.ms/i/c/8705623eb284e7df/IQRWxHCVQtI7TrJbjoI9ODtEASLcQXhWeY2ucz8cWaAXko8?width=1920&height=1920
08-01-2021,3805.3125,3825.584236,3645.184785,3645.975286,582258,10,LTIMindtree,LTM.NS,Stock,IT,https://1drv.ms/i/c/8705623eb284e7df/IQRWxHCVQtI7TrJbjoI9ODtEASLcQXhWeY2ucz8cWaAXko8?width=1920&height=1920
11-01-2021,3947.540283,3979.947187,3780.019933,3859.060941,426541,10,LTIMindtree,LTM.NS,Stock,IT,https://1drv.ms/i/c/8705623eb284e7df/IQRWxHCVQtI7TrJbjoI9ODtEASLcQXhWeY2ucz8cWaAXko8?width=1920&height=1920
12-01-2021,3984.73584,4132.449617,3877.658619,3929.035271,559357,10,LTIMindtree,LTM.NS,Stock,IT,https://1drv.ms/i/c/8705623eb284e7df/IQRWxHCVQtI7TrJbjoI9ODtEASLcQXhWeY2ucz8cWaAXko8?width=1920&height=1920
13-01-2021,4093.812988,4124.080864,3971.578212,3998.545144,376243,10,LTIMindtree,LTM.NS,Stock,IT,https://1drv.ms/i/c/8705623eb284e7df/IQRWxHCVQtI7TrJbjoI9ODtEASLcQXhWeY2ucz8cWaAXko8?width=1920&height=1920
14-01-2021,4082.885742,4165.925094,4033.880147,4110.131455,322695,10,LTIMindtree,LTM.NS,Stock,IT,https://1drv.ms/i/c/8705623eb284e7df/IQRWxHCVQtI7TrJbjoI9ODtEASLcQXhWeY2ucz8cWaAXko8?width=1920&height=1920
15-01-2021,3987.246826,4168.715583,3905.555532,4119.431192,219119,10,LTIMindtree,LTM.NS,Stock,IT,https://1drv.ms/i/c/8705623eb284e7df/IQRWxHCVQtI7TrJbjoI9ODtEASLcQXhWeY2ucz8cWaAXko8?width=1920&height=1920
18-01-2021,3727.806152,3991.105583,3690.377914,3989.199482,194306,10,LTIMindtree,LTM.NS,Stock,IT,https://1drv.ms/i/c/8705623eb284e7df/IQRWxHCVQtI7TrJbjoI9ODtEASLcQXhWeY2ucz8cWaAXko8?width=1920&height=1920
19-01-2021,3804.522461,3877.472383,3767.652022,3800.477331,432450,10,LTIMindtree,LTM.NS,Stock,IT,https://1drv.ms/i/c/8705623eb284e7df/IQRWxHCVQtI7TrJbjoI9ODtEASLcQXhWeY2ucz8cWaAXko8?width=1920&height=1920
20-01-2021,3804.150146,3942.843985,3777.229758,3819.074992,233400,10,LTIMindtree,LTM.NS,Stock,IT,https://1drv.ms/i/c/8705623eb284e7df/IQRWxHCVQtI7TrJbjoI9ODtEASLcQXhWeY2ucz8cWaAXko8?width=1920&height=1920
21-01-2021,3700.374512,3886.911376,3682.380968,3877.658747,193223,10,LTIMindtree,LTM.NS,Stock,IT,https://1drv.ms/i/c/8705623eb284e7df/IQRWxHCVQtI7TrJbjoI9ODtEASLcQXhWeY2ucz8cWaAXko8?width=1920&height=1920
22-01-2021,3653.971924,3746.356983,3635.885531,3691.679171,147463,10,LTIMindtree,LTM.NS,Stock,IT,https://1drv.ms/i/c/8705623eb284e7df/IQRWxHCVQtI7TrJbjoI9ODtEASLcQXhWeY2ucz8cWaAXko8?width=1920&height=1920
25-01-2021,3620.86792,3715.763423,3598.689857,3676.800954,173743,10,LTIMindtree,LTM.NS,Stock,IT,https://1drv.ms/i/c/8705623eb284e7df/IQRWxHCVQtI7TrJbjoI9ODtEASLcQXhWeY2ucz8cWaAXko8?width=1920&height=1920
27-01-2021,3743.567871,3826.514383,3580.092436,3639.326647,349263,10,LTIMindtree,LTM.NS,Stock,IT,https://1drv.ms/i/c/8705623eb284e7df/IQRWxHCVQtI7TrJbjoI9ODtEASLcQXhWeY2ucz8cWaAXko8?width=1920&height=1920
28-01-2021,3692.469727,3766.024207,3673.081346,3710.277106,117674,10,LTIMindtree,LTM.NS,Stock,IT,https://1drv.ms/i/c/8705623eb284e7df/IQRWxHCVQtI7TrJbjoI9ODtEASLcQXhWeY2ucz8cWaAXko8?width=1920&height=1920
29-01-2021,3686.00708,3764.722751,3514.999648,3725.713739,236889,10,LTIMindtree,LTM.NS,Stock,IT,https://1drv.ms/i/c/8705623eb284e7df/IQRWxHCVQtI7TrJbjoI9ODtEASLcQXhWeY2ucz8cWaAXko8?width=1920&height=1920
01-02-2021,3661.597656,3728.87559,3631.236703,3716.786966,128714,10,LTIMindtree,LTM.NS,Stock,IT,https://1drv.ms/i/c/8705623eb284e7df/IQRWxHCVQtI7TrJbjoI9ODtEASLcQXhWeY2ucz8cWaAXko8?width=1920&height=1920
02-02-2021,3755.423828,3812.565775,3674.011555,3698.421275,158015,10,LTIMindtree,LTM.NS,Stock,IT,https://1drv.ms/i/c/8705623eb284e7df/IQRWxHCVQtI7TrJbjoI9ODtEASLcQXhWeY2ucz8cWaAXko8?width=1920&height=1920
03-02-2021,4003.658936,4042.24954,3755.423758,3766.071,343177,10,LTIMindtree,LTM.NS,Stock,IT,https://1drv.ms/i/c/8705623eb284e7df/IQRWxHCVQtI7TrJbjoI9ODtEASLcQXhWeY2ucz8cWaAXko8?width=1920&height=1920
04-02-2021,4001.985107,4072.889527,3954.048798,4014.352516,146650,10,LTIMindtree,LTM.NS,Stock,IT,https://1drv.ms/i/c/8705623eb284e7df/IQRWxHCVQtI7TrJbjoI9ODtEASLcQXhWeY2ucz8cWaAXko8?width=1920&height=1920
05-02-2021,3835.487549,4017.142449,3829.861871,3999.474462,142196,10,LTIMindtree,LTM.NS,Stock,IT,https://1drv.ms/i/c/8705623eb284e7df/IQRWxHCVQtI7TrJbjoI9ODtEASLcQXhWeY2ucz8cWaAXko8?width=1920&height=1920
08-02-2021,3814.332764,3873.381043,3789.318702,3870.033333,111277,10,LTIMindtree,LTM.NS,Stock,IT,https://1drv.ms/i/c/8705623eb284e7df/IQRWxHCVQtI7TrJbjoI9ODtEASLcQXhWeY2ucz8cWaAXko8?width=1920&height=1920
09-02-2021,3782.622803,3877.518529,3762.722935,3832.744225,90282,10,LTIMindtree,LTM.NS,Stock,IT,https://1drv.ms/i/c/8705623eb284e7df/IQRWxHCVQtI7TrJbjoI9ODtEASLcQXhWeY2ucz8cWaAXko8?width=1920&height=1920
10-02-2021,3719.483398,3812.565891,3680.334992,3789.318538,109185,10,LTIMindtree,LTM.NS,Stock,IT,https://1drv.ms/i/c/8705623eb284e7df/IQRWxHCVQtI7TrJbjoI9ODtEASLcQXhWeY2ucz8cWaAXko8?width=1920&height=1920
11-02-2021,3744.07959,3765.978417,3700.978903,3703.768586,87408,10,LTIMindtree,LTM.NS,Stock,IT,https://1drv.ms/i/c/8705623eb284e7df/IQRWxHCVQtI7TrJbjoI9ODtEASLcQXhWeY2ucz8cWaAXko8?width=1920&height=1920
12-02-2021,3756.678955,3791.828996,3710.277332,3744.079072,65326,10,LTIMindtree,LTM.NS,Stock,IT,https://1drv.ms/i/c/8705623eb284e7df/IQRWxHCVQtI7TrJbjoI9ODtEASLcQXhWeY2ucz8cWaAXko8?width=1920&height=1920
15-02-2021,3749.518799,3789.31831,3720.506149,3775.369899,69804,10,LTIMindtree,LTM.NS,Stock,IT,https://1drv.ms/i/c/8705623eb284e7df/IQRWxHCVQtI7TrJbjoI9ODtEASLcQXhWeY2ucz8cWaAXko8?width=1920&height=1920
16-02-2021,3668.385742,3773.510317,3645.184929,3751.146318,92060,10,LTIMindtree,LTM.NS,Stock,IT,https://1drv.ms/i/c/8705623eb284e7df/IQRWxHCVQtI7TrJbjoI9ODtEASLcQXhWeY2ucz8cWaAXko8?width=1920&height=1920
17-02-2021,3604.176514,3695.910704,3595.900547,3678.661123,105727,10,LTIMindtree,LTM.NS,Stock,IT,https://1drv.ms/i/c/8705623eb284e7df/IQRWxHCVQtI7TrJbjoI9ODtEASLcQXhWeY2ucz8cWaAXko8?width=1920&height=1920
18-02-2021,3599.89917,3698.514487,3567.120402,3570.514425,147042,10,LTIMindtree,LTM.NS,Stock,IT,https://1drv.ms/i/c/8705623eb284e7df/IQRWxHCVQtI7TrJbjoI9ODtEASLcQXhWeY2ucz8cWaAXko8?width=1920&height=1920
19-02-2021,3552.799561,3649.834094,3541.036492,3649.834094,120226,10,LTIMindtree,LTM.NS,Stock,IT,https://1drv.ms/i/c/8705623eb284e7df/IQRWxHCVQtI7TrJbjoI9ODtEASLcQXhWeY2ucz8cWaAXko8?width=1920&height=1920
22-02-2021,3527.738525,3584.694528,3510.349554,3554.054569,63480,10,LTIMindtree,LTM.NS,Stock,IT,https://1drv.ms/i/c/8705623eb284e7df/IQRWxHCVQtI7TrJbjoI9ODtEASLcQXhWeY2ucz8cWaAXko8?width=1920&height=1920
23-02-2021,3491.33374,3581.021976,3487.102677,3534.38788,90928,10,LTIMindtree,LTM.NS,Stock,IT,https://1drv.ms/i/c/8705623eb284e7df/IQRWxHCVQtI7TrJbjoI9ODtEASLcQXhWeY2ucz8cWaAXko8?width=1920&height=1920
24-02-2021,3458.043701,3556.84495,3441.538081,3522.764422,50985,10,LTIMindtree,LTM.NS,Stock,IT,https://1drv.ms/i/c/8705623eb284e7df/IQRWxHCVQtI7TrJbjoI9ODtEASLcQXhWeY2ucz8cWaAXko8?width=1920&height=1920
25-02-2021,3400.157471,3499.935144,3384.814219,3468.504681,251215,10,LTIMindtree,LTM.NS,Stock,IT,https://1drv.ms/i/c/8705623eb284e7df/IQRWxHCVQtI7TrJbjoI9ODtEASLcQXhWeY2ucz8cWaAXko8?width=1920&height=1920
26-02-2021,3347.479248,3392.765044,3319.721819,3370.865993,240333,10,LTIMindtree,LTM.NS,Stock,IT,https://1drv.ms/i/c/8705623eb284e7df/IQRWxHCVQtI7TrJbjoI9ODtEASLcQXhWeY2ucz8cWaAXko8?width=1920&height=1920
01-03-2021,3355.104492,3436.144673,3338.319858,3338.319858,190862,10,LTIMindtree,LTM.NS,Stock,IT,https://1drv.ms/i/c/8705623eb284e7df/IQRWxHCVQtI7TrJbjoI9ODtEASLcQXhWeY2ucz8cWaAXko8?width=1920&height=1920
02-03-2021,3564.097656,3621.007122,3372.725432,3385.32554,394399,10,LTIMindtree,LTM.NS,Stock,IT,https://1drv.ms/i/c/8705623eb284e7df/IQRWxHCVQtI7TrJbjoI9ODtEASLcQXhWeY2ucz8cWaAXko8?width=1920&height=1920
03-03-2021,3636.955566,3688.890248,3581.022522,3596.830723,232927,10,LTIMindtree,LTM.NS,Stock,IT,https://1drv.ms/i/c/8705623eb284e7df/IQRWxHCVQtI7TrJbjoI9ODtEASLcQXhWeY2ucz8cWaAXko8?width=1920&height=1920
04-03-2021,3649.55542,3733.524905,3543.965897,3608.268212,251366,10,LTIMindtree,LTM.NS,Stock,IT,https://1drv.ms/i/c/8705623eb284e7df/IQRWxHCVQtI7TrJbjoI9ODtEASLcQXhWeY2ucz8cWaAXko8?width=1920&height=1920
05-03-2021,3575.582031,3645.184692,3552.195287,3635.885751,132490,10,LTIMindtree,LTM.NS,Stock,IT,https://1drv.ms/i/c/8705623eb284e7df/IQRWxHCVQtI7TrJbjoI9ODtEASLcQXhWeY2ucz8cWaAXko8?width=1920&height=1920
08-03-2021,3595.156006,3677.730635,3576.372193,3598.689648,162750,10,LTIMindtree,LTM.NS,Stock,IT,https://1drv.ms/i/c/8705623eb284e7df/IQRWxHCVQtI7TrJbjoI9ODtEASLcQXhWeY2ucz8cWaAXko8?width=1920&height=1920
09-03-2021,3623.33252,3645.185032,3589.25199,3616.358313,100893,10,LTIMindtree,LTM.NS,Stock,IT,https://1drv.ms/i/c/8705623eb284e7df/IQRWxHCVQtI7TrJbjoI9ODtEASLcQXhWeY2ucz8cWaAXko8?width=1920&height=1920
10-03-2021,3839.486816,3859.060908,3660.11009,3677.73154,1096653,10,LTIMindtree,LTM.NS,Stock,IT,https://1drv.ms/i/c/8705623eb284e7df/IQRWxHCVQtI7TrJbjoI9ODtEASLcQXhWeY2ucz8cWaAXko8?width=1920&height=1920
12-03-2021,3734.500977,3882.261275,3719.576132,3875.798329,354537,10,LTIMindtree,LTM.NS,Stock,IT,https://1drv.ms/i/c/8705623eb284e7df/IQRWxHCVQtI7TrJbjoI9ODtEASLcQXhWeY2ucz8cWaAXko8?width=1920&height=1920
15-03-2021,3800.802734,3831.163686,3688.889889,3764.211311,311584,10,LTIMindtree,LTM.NS,Stock,IT,https://1drv.ms/i/c/8705623eb284e7df/IQRWxHCVQtI7TrJbjoI9ODtEASLcQXhWeY2ucz8cWaAXko8?width=1920&height=1920
16-03-2021,3827.397949,3903.695581,3787.458814,3831.163839,361187,10,LTIMindtree,LTM.NS,Stock,IT,https://1drv.ms/i/c/8705623eb284e7df/IQRWxHCVQtI7TrJbjoI9ODtEASLcQXhWeY2ucz8cWaAXko8?width=1920&height=1920
17-03-2021,3764.490479,3895.094065,3738.174429,3827.397953,319928,10,LTIMindtree,LTM.NS,Stock,IT,https://1drv.ms/i/c/8705623eb284e7df/IQRWxHCVQtI7TrJbjoI9ODtEASLcQXhWeY2ucz8cWaAXko8?width=1920&height=1920
18-03-2021,3726.504395,3846.042337,3673.082019,3784.669321,327009,10,LTIMindtree,LTM.NS,Stock,IT,https://1drv.ms/i/c/8705623eb284e7df/IQRWxHCVQtI7TrJbjoI9ODtEASLcQXhWeY2ucz8cWaAXko8?width=1920&height=1920
19-03-2021,3789.411133,3808.055326,3635.885542,3691.679183,279744,10,LTIMindtree,LTM.NS,Stock,IT,https://1drv.ms/i/c/8705623eb284e7df/IQRWxHCVQtI7TrJbjoI9ODtEASLcQXhWeY2ucz8cWaAXko8?width=1920&height=1920
22-03-2021,3806.149658,3898.069781,3789.411564,3803.266896,251199,10,LTIMindtree,LTM.NS,Stock,IT,https://1drv.ms/i/c/8705623eb284e7df/IQRWxHCVQtI7TrJbjoI9ODtEASLcQXhWeY2ucz8cWaAXko8?width=1920&height=1920
23-03-2021,3751.657715,3846.135045,3738.639198,3831.16366,198149,10,LTIMindtree,LTM.NS,Stock,IT,https://1drv.ms/i/c/8705623eb284e7df/IQRWxHCVQtI7TrJbjoI9ODtEASLcQXhWeY2ucz8cWaAXko8?width=1920&height=1920
24-03-2021,3693.725586,3780.019811,3674.662755,3747.473515,129661,10,LTIMindtree,LTM.NS,Stock,IT,https://1drv.ms/i/c/8705623eb284e7df/IQRWxHCVQtI7TrJbjoI9ODtEASLcQXhWeY2ucz8cWaAXko8?width=1920&height=1920
25-03-2021,3568.654541,3710.881798,3519.509774,3710.881798,269938,10,LTIMindtree,LTM.NS,Stock,IT,https://1drv.ms/i/c/8705623eb284e7df/IQRWxHCVQtI7TrJbjoI9ODtEASLcQXhWeY2ucz8cWaAXko8?width=1920&height=1920
26-03-2021,3670.524658,3696.329221,3588.833367,3594.319879,138918,10,LTIMindtree,LTM.NS,Stock,IT,https://1drv.ms/i/c/8705623eb284e7df/IQRWxHCVQtI7TrJbjoI9ODtEASLcQXhWeY2ucz8cWaAXko8?width=1920&height=1920
30-03-2021,3871.148926,3946.470344,3644.254778,3714.926726,354158,10,LTIMindtree,LTM.NS,Stock,IT,https://1drv.ms/i/c/8705623eb284e7df/IQRWxHCVQtI7TrJbjoI9ODtEASLcQXhWeY2ucz8cWaAXko8?width=1920&height=1920
31-03-2021,3770.069824,3882.308001,3740.731619,3882.308001,229616,10,LTIMindtree,LTM.NS,Stock,IT,https://1drv.ms/i/c/8705623eb284e7df/IQRWxHCVQtI7TrJbjoI9ODtEASLcQXhWeY2ucz8cWaAXko8?width=1920&height=1920
01-04-2021,3824.468506,3895.326622,3786.80802,3795.827947,213617,10,LTIMindtree,LTM.NS,Stock,IT,https://1drv.ms/i/c/8705623eb284e7df/IQRWxHCVQtI7TrJbjoI9ODtEASLcQXhWeY2ucz8cWaAXko8?width=1920&height=1920
05-04-2021,3970.182861,3995.568789,3793.084575,3826.514223,456022,10,LTIMindtree,LTM.NS,Stock,IT,https://1drv.ms/i/c/8705623eb284e7df/IQRWxHCVQtI7TrJbjoI9ODtEASLcQXhWeY2ucz8cWaAXko8?width=1920&height=1920
06-04-2021,3959.070557,4044.94637,3937.636679,3998.544744,286197,10,LTIMindtree,LTM.NS,Stock,IT,https://1drv.ms/i/c/8705623eb284e7df/IQRWxHCVQtI7TrJbjoI9ODtEASLcQXhWeY2ucz8cWaAXko8?width=1920&height=1920
07-04-2021,3997.103271,4021.791777,3890.723029,3929.267319,246137,10,LTIMindtree,LTM.NS,Stock,IT,https://1drv.ms/i/c/8705623eb284e7df/IQRWxHCVQtI7TrJbjoI9ODtEASLcQXhWeY2ucz8cWaAXko8?width=1920&height=1920
08-04-2021,4022.767822,4080.328625,3971.112391,3989.245325,291750,10,LTIMindtree,LTM.NS,Stock,IT,https://1drv.ms/i/c/8705623eb284e7df/IQRWxHCVQtI7TrJbjoI9ODtEASLcQXhWeY2ucz8cWaAXko8?width=1920&height=1920
09-04-2021,4071.634033,4138.028375,3975.296922,3979.946392,379136,10,LTIMindtree,LTM.NS,Stock,IT,https://1drv.ms/i/c/8705623eb284e7df/IQRWxHCVQtI7TrJbjoI9ODtEASLcQXhWeY2ucz8cWaAXko8?width=1920&height=1920
12-04-2021,3959.256836,4081.305444,3835.022886,4072.936396,294617,10,LTIMindtree,LTM.NS,Stock,IT,https://1drv.ms/i/c/8705623eb284e7df/IQRWxHCVQtI7TrJbjoI9ODtEASLcQXhWeY2ucz8cWaAXko8?width=1920&height=1920
13-04-2021,3820.237061,4020.071192,3780.019145,3970.647416,335455,10,LTIMindtree,LTM.NS,Stock,IT,https://1drv.ms/i/c/8705623eb284e7df/IQRWxHCVQtI7TrJbjoI9ODtEASLcQXhWeY2ucz8cWaAXko8?width=1920&height=1920
15-04-2021,3761.607178,3823.352276,3684.425975,3821.864355,265495,10,LTIMindtree,LTM.NS,Stock,IT,https://1drv.ms/i/c/8705623eb284e7df/IQRWxHCVQtI7TrJbjoI9ODtEASLcQXhWeY2ucz8cWaAXko8?width=1920&height=1920
16-04-2021,3803.173584,3882.307658,3768.209704,3807.916134,307827,10,LTIMindtree,LTM.NS,Stock,IT,https://1drv.ms/i/c/8705623eb284e7df/IQRWxHCVQtI7TrJbjoI9ODtEASLcQXhWeY2ucz8cWaAXko8?width=1920&height=1920
19-04-2021,3778.485107,3803.266693,3684.519268,3775.369872,174917,10,LTIMindtree,LTM.NS,Stock,IT,https://1drv.ms/i/c/8705623eb284e7df/IQRWxHCVQtI7TrJbjoI9ODtEASLcQXhWeY2ucz8cWaAXko8?width=1920&height=1920
20-04-2021,3690.982178,3831.163714,3640.628503,3780.112619,269477,10,LTIMindtree,LTM.NS,Stock,IT,https://1drv.ms/i/c/8705623eb284e7df/IQRWxHCVQtI7TrJbjoI9ODtEASLcQXhWeY2ucz8cWaAXko8?width=1920&height=1920
22-04-2021,3640.767822,3718.646452,3610.778738,3706.557829,202748,10,LTIMindtree,LTM.NS,Stock,IT,https://1drv.ms/i/c/8705623eb284e7df/IQRWxHCVQtI7TrJbjoI9ODtEASLcQXhWeY2ucz8cWaAXko8?width=1920&height=1920
23-04-2021,3627.563477,3710.277513,3580.092337,3643.325136,184712,10,LTIMindtree,LTM.NS,Stock,IT,https://1drv.ms/i/c/8705623eb284e7df/IQRWxHCVQtI7TrJbjoI9ODtEASLcQXhWeY2ucz8cWaAXko8?width=1920&height=1920
26-04-2021,3658.25,3715.810355,3627.516954,3683.636155,152758,10,LTIMindtree,LTM.NS,Stock,IT,https://1drv.ms/i/c/8705623eb284e7df/IQRWxHCVQtI7TrJbjoI9ODtEASLcQXhWeY2ucz8cWaAXko8?width=1920&height=1920
27-04-2021,3635.606934,3687.030123,3627.5169,3687.030123,156767,10,LTIMindtree,LTM.NS,Stock,IT,https://1drv.ms/i/c/8705623eb284e7df/IQRWxHCVQtI7TrJbjoI9ODtEASLcQXhWeY2ucz8cWaAXko8?width=1920&height=1920
28-04-2021,3618.078857,3670.710732,3565.353676,3654.484124,297881,10,LTIMindtree,LTM.NS,Stock,IT,https://1drv.ms/i/c/8705623eb284e7df/IQRWxHCVQtI7TrJbjoI9ODtEASLcQXhWeY2ucz8cWaAXko8?width=1920&height=1920
29-04-2021,3581.021973,3664.526503,3561.494198,3664.526503,257788,10,LTIMindtree,LTM.NS,Stock,IT,https://1drv.ms/i/c/8705623eb284e7df/IQRWxHCVQtI7TrJbjoI9ODtEASLcQXhWeY2ucz8cWaAXko8?width=1920&height=1920
30-04-2021,3617.520508,3654.204785,3562.424283,3570.793329,303588,10,LTIMindtree,LTM.NS,Stock,IT,https://1drv.ms/i/c/8705623eb284e7df/IQRWxHCVQtI7TrJbjoI9ODtEASLcQXhWeY2ucz8cWaAXko8?width=1920&height=1920
03-05-2021,3648.532715,3663.782888,3580.092416,3629.376805,178549,10,LTIMindtree,LTM.NS,Stock,IT,https://1drv.ms/i/c/8705623eb284e7df/IQRWxHCVQtI7TrJbjoI9ODtEASLcQXhWeY2ucz8cWaAXko8?width=1920&height=1920
04-05-2021,3576.744629,3667.455845,3566.143927,3664.712703,249163,10,LTIMindtree,LTM.NS,Stock,IT,https://1drv.ms/i/c/8705623eb284e7df/IQRWxHCVQtI7TrJbjoI9ODtEASLcQXhWeY2ucz8cWaAXko8?width=1920&height=1920
05-05-2021,3640.674316,3686.983082,3543.175069,3629.701749,390169,10,LTIMindtree,LTM.NS,Stock,IT,https://1drv.ms/i/c/8705623eb284e7df/IQRWxHCVQtI7TrJbjoI9ODtEASLcQXhWeY2ucz8cWaAXko8?width=1920&height=1920
06-05-2021,3545.082031,3631.236633,3528.901737,3631.236633,517358,10,LTIMindtree,LTM.NS,Stock,IT,https://1drv.ms/i/c/8705623eb284e7df/IQRWxHCVQtI7TrJbjoI9ODtEASLcQXhWeY2ucz8cWaAXko8?width=1920&height=1920
07-05-2021,3504.398926,3593.947544,3488.962593,3593.947544,269501,10,LTIMindtree,LTM.NS,Stock,IT,https://1drv.ms/i/c/8705623eb284e7df/IQRWxHCVQtI7TrJbjoI9ODtEASLcQXhWeY2ucz8cWaAXko8?width=1920&height=1920
10-05-2021,3408.480713,3531.738237,3379.049652,3531.738237,680722,10,LTIMindtree,LTM.NS,Stock,IT,https://1drv.ms/i/c/8705623eb284e7df/IQRWxHCVQtI7TrJbjoI9ODtEASLcQXhWeY2ucz8cWaAXko8?width=1920&height=1920
11-05-2021,3365.147217,3398.623403,3337.110775,3389.882263,612773,10,LTIMindtree,LTM.NS,Stock,IT,https://1drv.ms/i/c/8705623eb284e7df/IQRWxHCVQtI7TrJbjoI9ODtEASLcQXhWeY2ucz8cWaAXko8?width=1920&height=1920
12-05-2021,3405.272217,3434.098934,3361.567194,3364.356876,307626,10,LTIMindtree,LTM.NS,Stock,IT,https://1drv.ms/i/c/8705623eb284e7df/IQRWxHCVQtI7TrJbjoI9ODtEASLcQXhWeY2ucz8cWaAXko8?width=1920&height=1920
14-05-2021,3346.084473,3440.515035,3340.179554,3438.748327,256284,10,LTIMindtree,LTM.NS,Stock,IT,https://1drv.ms/i/c/8705623eb284e7df/IQRWxHCVQtI7TrJbjoI9ODtEASLcQXhWeY2ucz8cWaAXko8?width=1920&height=1920
17-05-2021,3332.414795,3347.618654,3277.876598,3347.618654,371290,10,LTIMindtree,LTM.NS,Stock,IT,https://1drv.ms/i/c/8705623eb284e7df/IQRWxHCVQtI7TrJbjoI9ODtEASLcQXhWeY2ucz8cWaAXko8?width=1920&height=1920
18-05-2021,3380.537354,3400.483766,3336.460458,3370.866544,655849,10,LTIMindtree,LTM.NS,Stock,IT,https://1drv.ms/i/c/8705623eb284e7df/IQRWxHCVQtI7TrJbjoI9ODtEASLcQXhWeY2ucz8cWaAXko8?width=1920&height=1920
19-05-2021,3484.963867,3497.238423,3395.089699,3412.711145,718564,10,LTIMindtree,LTM.NS,Stock,IT,https://1drv.ms/i/c/8705623eb284e7df/IQRWxHCVQtI7TrJbjoI9ODtEASLcQXhWeY2ucz8cWaAXko8?width=1920&height=1920
20-05-2021,3416.198242,3502.399375,3399.739163,3490.729159,360209,10,LTIMindtree,LTM.NS,Stock,IT,https://1drv.ms/i/c/8705623eb284e7df/IQRWxHCVQtI7TrJbjoI9ODtEASLcQXhWeY2ucz8cWaAXko8?width=1920&height=1920
21-05-2021,3399.366943,3442.839488,3380.257803,3442.467621,259149,10,LTIMindtree,LTM.NS,Stock,IT,https://1drv.ms/i/c/8705623eb284e7df/IQRWxHCVQtI7TrJbjoI9ODtEASLcQXhWeY2ucz8cWaAXko8?width=1920&height=1920
24-05-2021,3407.364502,3435.958746,3387.604252,3426.659805,169770,10,LTIMindtree,LTM.NS,Stock,IT,https://1drv.ms/i/c/8705623eb284e7df/IQRWxHCVQtI7TrJbjoI9ODtEASLcQXhWeY2ucz8cWaAXko8?width=1920&height=1920
25-05-2021,3447.582275,3481.523409,3408.061777,3429.449341,317127,10,LTIMindtree,LTM.NS,Stock,IT,https://1drv.ms/i/c/8705623eb284e7df/IQRWxHCVQtI7TrJbjoI9ODtEASLcQXhWeY2ucz8cWaAXko8?width=1920&height=1920
26-05-2021,3533.458008,3550.335494,3430.379161,3468.504817,364653,10,LTIMindtree,LTM.NS,Stock,IT,https://1drv.ms/i/c/8705623eb284e7df/IQRWxHCVQtI7TrJbjoI9ODtEASLcQXhWeY2ucz8cWaAXko8?width=1920&height=1920
27-05-2021,3649.18335,3661.922853,3534.527365,3551.079525,788685,10,LTIMindtree,LTM.NS,Stock,IT,https://1drv.ms/i/c/8705623eb284e7df/IQRWxHCVQtI7TrJbjoI9ODtEASLcQXhWeY2ucz8cWaAXko8?width=1920&height=1920
28-05-2021,3654.9021,3714.833727,3638.628953,3682.380515,464949,10,LTIMindtree,LTM.NS,Stock,IT,https://1drv.ms/i/c/8705623eb284e7df/IQRWxHCVQtI7TrJbjoI9ODtEASLcQXhWeY2ucz8cWaAXko8?width=1920&height=1920
31-05-2021,3666.014404,3691.679572,3636.908901,3690.749678,186099,10,LTIMindtree,LTM.NS,Stock,IT,https://1drv.ms/i/c/8705623eb284e7df/IQRWxHCVQtI7TrJbjoI9ODtEASLcQXhWeY2ucz8cWaAXko8?width=1920&height=1920
01-06-2021,3617.892578,3687.030299,3586.415797,3678.661252,180333,10,LTIMindtree,LTM.NS,Stock,IT,https://1drv.ms/i/c/8705623eb284e7df/IQRWxHCVQtI7TrJbjoI9ODtEASLcQXhWeY2ucz8cWaAXko8?width=1920&height=1920
02-06-2021,3569.351563,3580.091884,3505.700364,3578.185555,383860,10,LTIMindtree,LTM.NS,Stock,IT,https://1drv.ms/i/c/8705623eb284e7df/IQRWxHCVQtI7TrJbjoI9ODtEASLcQXhWeY2ucz8cWaAXko8?width=1920&height=1920
03-06-2021,3568.468262,3609.011731,3544.755964,3609.011731,199548,10,LTIMindtree,LTM.NS,Stock,IT,https://1drv.ms/i/c/8705623eb284e7df/IQRWxHCVQtI7TrJbjoI9ODtEASLcQXhWeY2ucz8cWaAXko8?width=1920&height=1920
04-06-2021,3586.229736,3607.617301,3561.494462,3579.16245,170587,10,LTIMindtree,LTM.NS,Stock,IT,https://1drv.ms/i/c/8705623eb284e7df/IQRWxHCVQtI7TrJbjoI9ODtEASLcQXhWeY2ucz8cWaAXko8?width=1920&height=1920
07-06-2021,3617.102051,3633.189264,3541.920023,3581.254588,149995,10,LTIMindtree,LTM.NS,Stock,IT,https://1drv.ms/i/c/8705623eb284e7df/IQRWxHCVQtI7TrJbjoI9ODtEASLcQXhWeY2ucz8cWaAXko8?width=1920&height=1920
08-06-2021,3720.692383,3763.37466,3518.858815,3617.2882,662186,10,LTIMindtree,LTM.NS,Stock,IT,https://1drv.ms/i/c/8705623eb284e7df/IQRWxHCVQtI7TrJbjoI9ODtEASLcQXhWeY2ucz8cWaAXko8?width=1920&height=1920
09-06-2021,3660.52832,3761.421836,3631.283195,3738.221022,391867,10,LTIMindtree,LTM.NS,Stock,IT,https://1drv.ms/i/c/8705623eb284e7df/IQRWxHCVQtI7TrJbjoI9ODtEASLcQXhWeY2ucz8cWaAXko8?width=1920&height=1920
10-06-2021,3751.983154,3758.631806,3653.367843,3669.361976,290365,10,LTIMindtree,LTM.NS,Stock,IT,https://1drv.ms/i/c/8705623eb284e7df/IQRWxHCVQtI7TrJbjoI9ODtEASLcQXhWeY2ucz8cWaAXko8?width=1920&height=1920
11-06-2021,3881.238525,3914.854106,3756.772111,3766.071052,651592,10,LTIMindtree,LTM.NS,Stock,IT,https://1drv.ms/i/c/8705623eb284e7df/IQRWxHCVQtI7TrJbjoI9ODtEASLcQXhWeY2ucz8cWaAXko8?width=1920&height=1920
14-06-2021,3875.147217,3932.52186,3836.417221,3919.503344,420066,10,LTIMindtree,LTM.NS,Stock,IT,https://1drv.ms/i/c/8705623eb284e7df/IQRWxHCVQtI7TrJbjoI9ODtEASLcQXhWeY2ucz8cWaAXko8?width=1920&height=1920
15-06-2021,3862.176025,3906.485392,3823.724811,3875.333937,308870,10,LTIMindtree,LTM.NS,Stock,IT,https://1drv.ms/i/c/8705623eb284e7df/IQRWxHCVQtI7TrJbjoI9ODtEASLcQXhWeY2ucz8cWaAXko8?width=1920&height=1920
16-06-2021,3914.38916,3950.050689,3835.81311,3862.175698,505404,10,LTIMindtree,LTM.NS,Stock,IT,https://1drv.ms/i/c/8705623eb284e7df/IQRWxHCVQtI7TrJbjoI9ODtEASLcQXhWeY2ucz8cWaAXko8?width=1920&height=1920
17-06-2021,3877.844727,3920.433697,3844.554244,3904.625496,297058,10,LTIMindtree,LTM.NS,Stock,IT,https://1drv.ms/i/c/8705623eb284e7df/IQRWxHCVQtI7TrJbjoI9ODtEASLcQXhWeY2ucz8cWaAXko8?width=1920&height=1920
18-06-2021,3786.993652,3936.939073,3719.715725,3905.555148,463743,10,LTIMindtree,LTM.NS,Stock,IT,https://1drv.ms/i/c/8705623eb284e7df/IQRWxHCVQtI7TrJbjoI9ODtEASLcQXhWeY2ucz8cWaAXko8?width=1920&height=1920
21-06-2021,3792.898438,3805.963267,3727.015353,3768.023772,108975,10,LTIMindtree,LTM.NS,Stock,IT,https://1drv.ms/i/c/8705623eb284e7df/IQRWxHCVQtI7TrJbjoI9ODtEASLcQXhWeY2ucz8cWaAXko8?width=1920&height=1920
22-06-2021,3822.608643,3853.48131,3767.931049,3793.782151,181327,10,LTIMindtree,LTM.NS,Stock,IT,https://1drv.ms/i/c/8705623eb284e7df/IQRWxHCVQtI7TrJbjoI9ODtEASLcQXhWeY2ucz8cWaAXko8?width=1920&height=1920
23-06-2021,3830.140625,3877.658303,3821.864659,3824.096313,139644,10,LTIMindtree,LTM.NS,Stock,IT,https://1drv.ms/i/c/8705623eb284e7df/IQRWxHCVQtI7TrJbjoI9ODtEASLcQXhWeY2ucz8cWaAXko8?width=1920&height=1920
24-06-2021,3891.560059,3928.802131,3799.174999,3831.163262,258001,10,LTIMindtree,LTM.NS,Stock,IT,https://1drv.ms/i/c/8705623eb284e7df/IQRWxHCVQtI7TrJbjoI9ODtEASLcQXhWeY2ucz8cWaAXko8?width=1920&height=1920
25-06-2021,3919.922119,3936.241578,3882.307723,3905.555074,255481,10,LTIMindtree,LTM.NS,Stock,IT,https://1drv.ms/i/c/8705623eb284e7df/IQRWxHCVQtI7TrJbjoI9ODtEASLcQXhWeY2ucz8cWaAXko8?width=1920&height=1920
28-06-2021,3833.162354,3928.80204,3823.305387,3924.15257,261465,10,LTIMindtree,LTM.NS,Stock,IT,https://1drv.ms/i/c/8705623eb284e7df/IQRWxHCVQtI7TrJbjoI9ODtEASLcQXhWeY2ucz8cWaAXko8?width=1920&height=1920
29-06-2021,3844.321289,3860.919988,3801.081217,3835.766536,226795,10,LTIMindtree,LTM.NS,Stock,IT,https://1drv.ms/i/c/8705623eb284e7df/IQRWxHCVQtI7TrJbjoI9ODtEASLcQXhWeY2ucz8cWaAXko8?width=1920&height=1920
30-06-2021,3785.87793,3868.405805,3767.047574,3830.233833,343166,10,LTIMindtree,LTM.NS,Stock,IT,https://1drv.ms/i/c/8705623eb284e7df/IQRWxHCVQtI7TrJbjoI9ODtEASLcQXhWeY2ucz8cWaAXko8?width=1920&height=1920
01-07-2021,3758.276367,3833.268002,3714.488398,3822.601576,303755,10,LTIMindtree,LTM.NS,Stock,IT,https://1drv.ms/i/c/8705623eb284e7df/IQRWxHCVQtI7TrJbjoI9ODtEASLcQXhWeY2ucz8cWaAXko8?width=1920&height=1920
02-07-2021,3782.649658,3803.888626,3731.51683,3779.889339,267215,10,LTIMindtree,LTM.NS,Stock,IT,https://1drv.ms/i/c/8705623eb284e7df/IQRWxHCVQtI7TrJbjoI9ODtEASLcQXhWeY2ucz8cWaAXko8?width=1920&height=1920
05-07-2021,3786.205078,3803.093415,3757.527822,3783.725725,150414,10,LTIMindtree,LTM.NS,Stock,IT,https://1drv.ms/i/c/8705623eb284e7df/IQRWxHCVQtI7TrJbjoI9ODtEASLcQXhWeY2ucz8cWaAXko8?width=1920&height=1920
06-07-2021,3762.439941,3818.297568,3751.913998,3789.339574,182484,10,LTIMindtree,LTM.NS,Stock,IT,https://1drv.ms/i/c/8705623eb284e7df/IQRWxHCVQtI7TrJbjoI9ODtEASLcQXhWeY2ucz8cWaAXko8?width=1920&height=1920
07-07-2021,3775.11792,3811.514201,3733.622221,3761.317239,125022,10,LTIMindtree,LTM.NS,Stock,IT,https://1drv.ms/i/c/8705623eb284e7df/IQRWxHCVQtI7TrJbjoI9ODtEASLcQXhWeY2ucz8cWaAXko8?width=1920&height=1920
08-07-2021,3782.322021,3836.121283,3767.024227,3778.953628,204842,10,LTIMindtree,LTM.NS,Stock,IT,https://1drv.ms/i/c/8705623eb284e7df/IQRWxHCVQtI7TrJbjoI9ODtEASLcQXhWeY2ucz8cWaAXko8?width=1920&height=1920
09-07-2021,3793.176025,3810.344872,3756.826341,3778.018483,134881,10,LTIMindtree,LTM.NS,Stock,IT,https://1drv.ms/i/c/8705623eb284e7df/IQRWxHCVQtI7TrJbjoI9ODtEASLcQXhWeY2ucz8cWaAXko8?width=1920&height=1920
12-07-2021,3775.726074,3815.443922,3754.721015,3803.374265,142743,10,LTIMindtree,LTM.NS,Stock,IT,https://1drv.ms/i/c/8705623eb284e7df/IQRWxHCVQtI7TrJbjoI9ODtEASLcQXhWeY2ucz8cWaAXko8?width=1920&height=1920
13-07-2021,3759.258789,3784.193487,3737.879338,3775.725905,129863,10,LTIMindtree,LTM.NS,Stock,IT,https://1drv.ms/i/c/8705623eb284e7df/IQRWxHCVQtI7TrJbjoI9ODtEASLcQXhWeY2ucz8cWaAXko8?width=1920&height=1920
14-07-2021,3943.486572,3955.883796,3754.581049,3773.761659,743692,10,LTIMindtree,LTM.NS,Stock,IT,https://1drv.ms/i/c/8705623eb284e7df/IQRWxHCVQtI7TrJbjoI9ODtEASLcQXhWeY2ucz8cWaAXko8?width=1920&height=1920
15-07-2021,4135.759766,4303.940936,3971.788972,3985.963817,2524847,10,LTIMindtree,LTM.NS,Stock,IT,https://1drv.ms/i/c/8705623eb284e7df/IQRWxHCVQtI7TrJbjoI9ODtEASLcQXhWeY2ucz8cWaAXko8?width=1920&height=1920
16-07-2021,4012.582764,4115.87725,3977.402635,4115.87725,921642,10,LTIMindtree,LTM.NS,Stock,IT,https://1drv.ms/i/c/8705623eb284e7df/IQRWxHCVQtI7TrJbjoI9ODtEASLcQXhWeY2ucz8cWaAXko8?width=1920&height=1920
19-07-2021,4097.727051,4179.267946,3948.398888,3995.08721,908381,10,LTIMindtree,LTM.NS,Stock,IT,https://1drv.ms/i/c/8705623eb284e7df/IQRWxHCVQtI7TrJbjoI9ODtEASLcQXhWeY2ucz8cWaAXko8?width=1920&height=1920
20-07-2021,4077.14209,4174.027361,4041.02632,4116.813107,424083,10,LTIMindtree,LTM.NS,Stock,IT,https://1drv.ms/i/c/8705623eb284e7df/IQRWxHCVQtI7TrJbjoI9ODtEASLcQXhWeY2ucz8cWaAXko8?width=1920&height=1920
22-07-2021,4122.567383,4140.204277,4084.393479,4111.199456,331876,10,LTIMindtree,LTM.NS,Stock,IT,https://1drv.ms/i/c/8705623eb284e7df/IQRWxHCVQtI7TrJbjoI9ODtEASLcQXhWeY2ucz8cWaAXko8?width=1920&height=1920
23-07-2021,4080.509766,4140.203362,4064.416589,4127.572234,215746,10,LTIMindtree,LTM.NS,Stock,IT,https://1drv.ms/i/c/8705623eb284e7df/IQRWxHCVQtI7TrJbjoI9ODtEASLcQXhWeY2ucz8cWaAXko8?width=1920&height=1920
26-07-2021,4071.341309,4116.813476,4037.003616,4090.615572,123859,10,LTIMindtree,LTM.NS,Stock,IT,https://1drv.ms/i/c/8705623eb284e7df/IQRWxHCVQtI7TrJbjoI9ODtEASLcQXhWeY2ucz8cWaAXko8?width=1920&height=1920
27-07-2021,4069.470459,4115.597762,4002.712487,4079.388329,146187,10,LTIMindtree,LTM.NS,Stock,IT,https://1drv.ms/i/c/8705623eb284e7df/IQRWxHCVQtI7TrJbjoI9ODtEASLcQXhWeY2ucz8cWaAXko8?width=1920&height=1920
28-07-2021,4076.861572,4104.042172,3988.630955,4069.002292,196069,10,LTIMindtree,LTM.NS,Stock,IT,https://1drv.ms/i/c/8705623eb284e7df/IQRWxHCVQtI7TrJbjoI9ODtEASLcQXhWeY2ucz8cWaAXko8?width=1920&height=1920
29-07-2021,4341.039551,4360.033306,4077.516787,4105.819881,1180829,10,LTIMindtree,LTM.NS,Stock,IT,https://1drv.ms/i/c/8705623eb284e7df/IQRWxHCVQtI7TrJbjoI9ODtEASLcQXhWeY2ucz8cWaAXko8?width=1920&height=1920
30-07-2021,4392.329102,4433.070167,4289.092611,4346.993135,551524,10,LTIMindtree,LTM.NS,Stock,IT,https://1drv.ms/i/c/8705623eb284e7df/IQRWxHCVQtI7TrJbjoI9ODtEASLcQXhWeY2ucz8cWaAXko8?width=1920&height=1920
02-08-2021,4409.301758,4477.657116,4392.798842,4441.697745,248112,10,LTIMindtree,LTM.NS,Stock,IT,https://1drv.ms/i/c/8705623eb284e7df/IQRWxHCVQtI7TrJbjoI9ODtEASLcQXhWeY2ucz8cWaAXko8?width=1920&height=1920
03-08-2021,4426.038086,4430.445273,4370.435009,4413.567386,205148,10,LTIMindtree,LTM.NS,Stock,IT,https://1drv.ms/i/c/8705623eb284e7df/IQRWxHCVQtI7TrJbjoI9ODtEASLcQXhWeY2ucz8cWaAXko8?width=1920&height=1920
04-08-2021,4402.221191,4453.886365,4358.713846,4453.886365,216436,10,LTIMindtree,LTM.NS,Stock,IT,https://1drv.ms/i/c/8705623eb284e7df/IQRWxHCVQtI7TrJbjoI9ODtEASLcQXhWeY2ucz8cWaAXko8?width=1920&height=1920
05-08-2021,4411.412109,4564.485206,4383.797821,4425.758134,566028,10,LTIMindtree,LTM.NS,Stock,IT,https://1drv.ms/i/c/8705623eb284e7df/IQRWxHCVQtI7TrJbjoI9ODtEASLcQXhWeY2ucz8cWaAXko8?width=1920&height=1920
06-08-2021,4465.654785,4500.770354,4382.625132,4439.822422,224775,10,LTIMindtree,LTM.NS,Stock,IT,https://1drv.ms/i/c/8705623eb284e7df/IQRWxHCVQtI7TrJbjoI9ODtEASLcQXhWeY2ucz8cWaAXko8?width=1920&height=1920
09-08-2021,4452.339355,4551.496932,4425.756595,4522.241747,207846,10,LTIMindtree,LTM.NS,Stock,IT,https://1drv.ms/i/c/8705623eb284e7df/IQRWxHCVQtI7TrJbjoI9ODtEASLcQXhWeY2ucz8cWaAXko8?width=1920&height=1920
10-08-2021,4490.456055,4528.196889,4430.445784,4470.765185,136226,10,LTIMindtree,LTM.NS,Stock,IT,https://1drv.ms/i/c/8705623eb284e7df/IQRWxHCVQtI7TrJbjoI9ODtEASLcQXhWeY2ucz8cWaAXko8?width=1920&height=1920
11-08-2021,4458.013184,4528.900412,4386.37601,4505.458899,191033,10,LTIMindtree,LTM.NS,Stock,IT,https://1drv.ms/i/c/8705623eb284e7df/IQRWxHCVQtI7TrJbjoI9ODtEASLcQXhWeY2ucz8cWaAXko8?width=1920&height=1920
12-08-2021,4573.016113,4605.787525,4463.263155,4463.263155,502105,10,LTIMindtree,LTM.NS,Stock,IT,https://1drv.ms/i/c/8705623eb284e7df/IQRWxHCVQtI7TrJbjoI9ODtEASLcQXhWeY2ucz8cWaAXko8?width=1920&height=1920
13-08-2021,4559.373047,4611.600907,4554.215915,4566.405499,167996,10,LTIMindtree,LTM.NS,Stock,IT,https://1drv.ms/i/c/8705623eb284e7df/IQRWxHCVQtI7TrJbjoI9ODtEASLcQXhWeY2ucz8cWaAXko8?width=1920&height=1920
16-08-2021,4477.140625,4570.344434,4457.637472,4542.964567,120823,10,LTIMindtree,LTM.NS,Stock,IT,https://1drv.ms/i/c/8705623eb284e7df/IQRWxHCVQtI7TrJbjoI9ODtEASLcQXhWeY2ucz8cWaAXko8?width=1920&height=1920
17-08-2021,4649.717773,4664.860899,4459.466553,4486.705407,611602,10,LTIMindtree,LTM.NS,Stock,IT,https://1drv.ms/i/c/8705623eb284e7df/IQRWxHCVQtI7TrJbjoI9ODtEASLcQXhWeY2ucz8cWaAXko8?width=1920&height=1920
18-08-2021,4671.236816,4735.185445,4603.912977,4649.38951,403770,10,LTIMindtree,LTM.NS,Stock,IT,https://1drv.ms/i/c/8705623eb284e7df/IQRWxHCVQtI7TrJbjoI9ODtEASLcQXhWeY2ucz8cWaAXko8?width=1920&height=1920
20-08-2021,4611.647461,4776.394548,4577.610577,4595.519522,383809,10,LTIMindtree,LTM.NS,Stock,IT,https://1drv.ms/i/c/8705623eb284e7df/IQRWxHCVQtI7TrJbjoI9ODtEASLcQXhWeY2ucz8cWaAXko8?width=1920&height=1920
23-08-2021,4738.091797,4788.6316,4623.603372,4623.603372,538165,10,LTIMindtree,LTM.NS,Stock,IT,https://1drv.ms/i/c/8705623eb284e7df/IQRWxHCVQtI7TrJbjoI9ODtEASLcQXhWeY2ucz8cWaAXko8?width=1920&height=1920
24-08-2021,4671.752441,4801.758966,4650.79564,4776.442135,291671,10,LTIMindtree,LTM.NS,Stock,IT,https://1drv.ms/i/c/8705623eb284e7df/IQRWxHCVQtI7TrJbjoI9ODtEASLcQXhWeY2ucz8cWaAXko8?width=1920&height=1920
25-08-2021,4770.722168,4814.886064,4643.340913,4713.806457,351741,10,LTIMindtree,LTM.NS,Stock,IT,https://1drv.ms/i/c/8705623eb284e7df/IQRWxHCVQtI7TrJbjoI9ODtEASLcQXhWeY2ucz8cWaAXko8?width=1920&height=1920
26-08-2021,4817.417969,4891.445982,4736.16933,4789.850387,513667,10,LTIMindtree,LTM.NS,Stock,IT,https://1drv.ms/i/c/8705623eb284e7df/IQRWxHCVQtI7TrJbjoI9ODtEASLcQXhWeY2ucz8cWaAXko8?width=1920&height=1920
27-08-2021,4907.339355,4922.716894,4782.06784,4826.887822,331314,10,LTIMindtree,LTM.NS,Stock,IT,https://1drv.ms/i/c/8705623eb284e7df/IQRWxHCVQtI7TrJbjoI9ODtEASLcQXhWeY2ucz8cWaAXko8?width=1920&height=1920
30-08-2021,4944.236816,4993.416832,4904.057975,4941.470535,293439,10,LTIMindtree,LTM.NS,Stock,IT,https://1drv.ms/i/c/8705623eb284e7df/IQRWxHCVQtI7TrJbjoI9ODtEASLcQXhWeY2ucz8cWaAXko8?width=1920&height=1920
31-08-2021,4981.274414,5039.924892,4918.029034,4969.600358,282387,10,LTIMindtree,LTM.NS,Stock,IT,https://1drv.ms/i/c/8705623eb284e7df/IQRWxHCVQtI7TrJbjoI9ODtEASLcQXhWeY2ucz8cWaAXko8?width=1920&height=1920
01-09-2021,4951.409668,5052.30202,4940.486016,5022.109172,199409,10,LTIMindtree,LTM.NS,Stock,IT,https://1drv.ms/i/c/8705623eb284e7df/IQRWxHCVQtI7TrJbjoI9ODtEASLcQXhWeY2ucz8cWaAXko8?width=1920&height=1920
02-09-2021,5053.051758,5095.199775,4937.485117,4952.722098,280435,10,LTIMindtree,LTM.NS,Stock,IT,https://1drv.ms/i/c/8705623eb284e7df/IQRWxHCVQtI7TrJbjoI9ODtEASLcQXhWeY2ucz8cWaAXko8?width=1920&height=1920
03-09-2021,5120.797363,5156.19404,5042.456028,5063.365669,421953,10,LTIMindtree,LTM.NS,Stock,IT,https://1drv.ms/i/c/8705623eb284e7df/IQRWxHCVQtI7TrJbjoI9ODtEASLcQXhWeY2ucz8cWaAXko8?width=1920&height=1920
06-09-2021,5104.717773,5171.197813,5076.634657,5156.195245,191851,10,LTIMindtree,LTM.NS,Stock,IT,https://1drv.ms/i/c/8705623eb284e7df/IQRWxHCVQtI7TrJbjoI9ODtEASLcQXhWeY2ucz8cWaAXko8?width=1920&height=1920
07-09-2021,5067.867188,5193.513692,5053.989996,5104.623662,224631,10,LTIMindtree,LTM.NS,Stock,IT,https://1drv.ms/i/c/8705623eb284e7df/IQRWxHCVQtI7TrJbjoI9ODtEASLcQXhWeY2ucz8cWaAXko8?width=1920&height=1920
08-09-2021,5061.771484,5109.311045,4988.352865,5095.246141,188426,10,LTIMindtree,LTM.NS,Stock,IT,https://1drv.ms/i/c/8705623eb284e7df/IQRWxHCVQtI7TrJbjoI9ODtEASLcQXhWeY2ucz8cWaAXko8?width=1920&height=1920
09-09-2021,5095.762207,5118.407072,5020.233844,5044.613015,121111,10,LTIMindtree,LTM.NS,Stock,IT,https://1drv.ms/i/c/8705623eb284e7df/IQRWxHCVQtI7TrJbjoI9ODtEASLcQXhWeY2ucz8cWaAXko8?width=1920&height=1920
13-09-2021,5146.770508,5175.884676,5050.2382,5098.996534,230196,10,LTIMindtree,LTM.NS,Stock,IT,https://1drv.ms/i/c/8705623eb284e7df/IQRWxHCVQtI7TrJbjoI9ODtEASLcQXhWeY2ucz8cWaAXko8?width=1920&height=1920
14-09-2021,5232.519043,5316.533491,5152.442951,5157.037395,482838,10,LTIMindtree,LTM.NS,Stock,IT,https://1drv.ms/i/c/8705623eb284e7df/IQRWxHCVQtI7TrJbjoI9ODtEASLcQXhWeY2ucz8cWaAXko8?width=1920&height=1920
15-09-2021,5297.640625,5352.165485,5194.63854,5250.898163,322366,10,LTIMindtree,LTM.NS,Stock,IT,https://1drv.ms/i/c/8705623eb284e7df/IQRWxHCVQtI7TrJbjoI9ODtEASLcQXhWeY2ucz8cWaAXko8?width=1920&height=1920
16-09-2021,5318.69043,5359.666369,5258.352355,5332.474219,146820,10,LTIMindtree,LTM.NS,Stock,IT,https://1drv.ms/i/c/8705623eb284e7df/IQRWxHCVQtI7TrJbjoI9ODtEASLcQXhWeY2ucz8cWaAXko8?width=1920&height=1920
17-09-2021,5358.964355,5422.209741,5316.535216,5321.504634,358488,10,LTIMindtree,LTM.NS,Stock,IT,https://1drv.ms/i/c/8705623eb284e7df/IQRWxHCVQtI7TrJbjoI9ODtEASLcQXhWeY2ucz8cWaAXko8?width=1920&height=1920
20-09-2021,5201.624512,5437.492809,5134.956764,5358.729333,240211,10,LTIMindtree,LTM.NS,Stock,IT,https://1drv.ms/i/c/8705623eb284e7df/IQRWxHCVQtI7TrJbjoI9ODtEASLcQXhWeY2ucz8cWaAXko8?width=1920&height=1920
21-09-2021,5381.936035,5407.48728,5170.915755,5250.898,313977,10,LTIMindtree,LTM.NS,Stock,IT,https://1drv.ms/i/c/8705623eb284e7df/IQRWxHCVQtI7TrJbjoI9ODtEASLcQXhWeY2ucz8cWaAXko8?width=1920&height=1920
22-09-2021,5483.719727,5513.443748,5366.043334,5410.39495,269591,10,LTIMindtree,LTM.NS,Stock,IT,https://1drv.ms/i/c/8705623eb284e7df/IQRWxHCVQtI7TrJbjoI9ODtEASLcQXhWeY2ucz8cWaAXko8?width=1920&height=1920
23-09-2021,5660.375,5717.853402,5494.690216,5548.090162,280558,10,LTIMindtree,LTM.NS,Stock,IT,https://1drv.ms/i/c/8705623eb284e7df/IQRWxHCVQtI7TrJbjoI9ODtEASLcQXhWeY2ucz8cWaAXko8?width=1920&height=1920
24-09-2021,5842.890625,6093.386526,5719.728831,5785.365064,1103223,10,LTIMindtree,LTM.NS,Stock,IT,https://1drv.ms/i/c/8705623eb284e7df/IQRWxHCVQtI7TrJbjoI9ODtEASLcQXhWeY2ucz8cWaAXko8?width=1920&height=1920
27-09-2021,5607.396973,5971.396469,5560.326237,5907.260589,448074,10,LTIMindtree,LTM.NS,Stock,IT,https://1drv.ms/i/c/8705623eb284e7df/IQRWxHCVQtI7TrJbjoI9ODtEASLcQXhWeY2ucz8cWaAXko8?width=1920&height=1920
28-09-2021,5411.566406,5649.403874,5326.708141,5649.403874,458096,10,LTIMindtree,LTM.NS,Stock,IT,https://1drv.ms/i/c/8705623eb284e7df/IQRWxHCVQtI7TrJbjoI9ODtEASLcQXhWeY2ucz8cWaAXko8?width=1920&height=1920
29-09-2021,5386.484863,5550.903732,5284.232706,5302.470387,783825,10,LTIMindtree,LTM.NS,Stock,IT,https://1drv.ms/i/c/8705623eb284e7df/IQRWxHCVQtI7TrJbjoI9ODtEASLcQXhWeY2ucz8cWaAXko8?width=1920&height=1920
30-09-2021,5405.75293,5502.988499,5358.729351,5400.92407,282121,10,LTIMindtree,LTM.NS,Stock,IT,https://1drv.ms/i/c/8705623eb284e7df/IQRWxHCVQtI7TrJbjoI9ODtEASLcQXhWeY2ucz8cWaAXko8?width=1920&height=1920
01-10-2021,5392.297852,5438.430932,5325.911671,5399.04919,211279,10,LTIMindtree,LTM.NS,Stock,IT,https://1drv.ms/i/c/8705623eb284e7df/IQRWxHCVQtI7TrJbjoI9ODtEASLcQXhWeY2ucz8cWaAXko8?width=1920&height=1920
04-10-2021,5380.435547,5494.68955,5326.191805,5438.336072,264342,10,LTIMindtree,LTM.NS,Stock,IT,https://1drv.ms/i/c/8705623eb284e7df/IQRWxHCVQtI7TrJbjoI9ODtEASLcQXhWeY2ucz8cWaAXko8?width=1920&height=1920
05-10-2021,5405.987305,5441.290128,5299.703404,5396.235728,310789,10,LTIMindtree,LTM.NS,Stock,IT,https://1drv.ms/i/c/8705623eb284e7df/IQRWxHCVQtI7TrJbjoI9ODtEASLcQXhWeY2ucz8cWaAXko8?width=1920&height=1920
06-10-2021,5334.209961,5437.493172,5316.534969,5437.493172,237547,10,LTIMindtree,LTM.NS,Stock,IT,https://1drv.ms/i/c/8705623eb284e7df/IQRWxHCVQtI7TrJbjoI9ODtEASLcQXhWeY2ucz8cWaAXko8?width=1920&height=1920
07-10-2021,5417.427246,5483.438452,5354.041306,5372.794516,299275,10,LTIMindtree,LTM.NS,Stock,IT,https://1drv.ms/i/c/8705623eb284e7df/IQRWxHCVQtI7TrJbjoI9ODtEASLcQXhWeY2ucz8cWaAXko8?width=1920&height=1920
08-10-2021,5610.538086,5625.916084,5421.552803,5483.438393,504760,10,LTIMindtree,LTM.NS,Stock,IT,https://1drv.ms/i/c/8705623eb284e7df/IQRWxHCVQtI7TrJbjoI9ODtEASLcQXhWeY2ucz8cWaAXko8?width=1920&height=1920
11-10-2021,5512.645996,5586.815025,5260.274793,5586.815025,359610,10,LTIMindtree,LTM.NS,Stock,IT,https://1drv.ms/i/c/8705623eb284e7df/IQRWxHCVQtI7TrJbjoI9ODtEASLcQXhWeY2ucz8cWaAXko8?width=1920&height=1920
12-10-2021,5460.887207,5578.094751,5363.41723,5512.692942,262597,10,LTIMindtree,LTM.NS,Stock,IT,https://1drv.ms/i/c/8705623eb284e7df/IQRWxHCVQtI7TrJbjoI9ODtEASLcQXhWeY2ucz8cWaAXko8?width=1920&height=1920
13-10-2021,5580.345215,5623.14932,5467.685411,5474.061319,183586,10,LTIMindtree,LTM.NS,Stock,IT,https://1drv.ms/i/c/8705623eb284e7df/IQRWxHCVQtI7TrJbjoI9ODtEASLcQXhWeY2ucz8cWaAXko8?width=1920&height=1920
14-10-2021,5718.697266,5882.0846,5654.092552,5682.222365,485930,10,LTIMindtree,LTM.NS,Stock,IT,https://1drv.ms/i/c/8705623eb284e7df/IQRWxHCVQtI7TrJbjoI9ODtEASLcQXhWeY2ucz8cWaAXko8?width=1920&height=1920
18-10-2021,5537.681152,5844.577184,5493.563961,5760.98486,703972,10,LTIMindtree,LTM.NS,Stock,IT,https://1drv.ms/i/c/8705623eb284e7df/IQRWxHCVQtI7TrJbjoI9ODtEASLcQXhWeY2ucz8cWaAXko8?width=1920&height=1920
19-10-2021,6427.802246,6623.023314,5982.273023,6042.283285,3798353,10,LTIMindtree,LTM.NS,Stock,IT,https://1drv.ms/i/c/8705623eb284e7df/IQRWxHCVQtI7TrJbjoI9ODtEASLcQXhWeY2ucz8cWaAXko8?width=1920&height=1920
20-10-2021,6507.504883,6708.961347,6094.793676,6381.71781,1863489,10,LTIMindtree,LTM.NS,Stock,IT,https://1drv.ms/i/c/8705623eb284e7df/IQRWxHCVQtI7TrJbjoI9ODtEASLcQXhWeY2ucz8cWaAXko8?width=1920&height=1920
21-10-2021,6238.535156,6611.817817,6141.909444,6543.931302,633550,10,LTIMindtree,LTM.NS,Stock,IT,https://1drv.ms/i/c/8705623eb284e7df/IQRWxHCVQtI7TrJbjoI9ODtEASLcQXhWeY2ucz8cWaAXko8?width=1920&height=1920
22-10-2021,6135.581055,6351.665085,6068.585033,6244.818495,499076,10,LTIMindtree,LTM.NS,Stock,IT,https://1drv.ms/i/c/8705623eb284e7df/IQRWxHCVQtI7TrJbjoI9ODtEASLcQXhWeY2ucz8cWaAXko8?width=1920&height=1920
25-10-2021,6025.575195,6190.277723,5887.18748,6160.485413,386502,10,LTIMindtree,LTM.NS,Stock,IT,https://1drv.ms/i/c/8705623eb284e7df/IQRWxHCVQtI7TrJbjoI9ODtEASLcQXhWeY2ucz8cWaAXko8?width=1920&height=1920
26-10-2021,6115.045898,6211.095155,6033.611038,6061.805482,363082,10,LTIMindtree,LTM.NS,Stock,IT,https://1drv.ms/i/c/8705623eb284e7df/IQRWxHCVQtI7TrJbjoI9ODtEASLcQXhWeY2ucz8cWaAXko8?width=1920&height=1920
27-10-2021,6257.802734,6286.420274,6152.543492,6174.58233,313943,10,LTIMindtree,LTM.NS,Stock,IT,https://1drv.ms/i/c/8705623eb284e7df/IQRWxHCVQtI7TrJbjoI9ODtEASLcQXhWeY2ucz8cWaAXko8?width=1920&height=1920
28-10-2021,6286.750977,6442.431225,6243.801252,6291.121024,568697,10,LTIMindtree,LTM.NS,Stock,IT,https://1drv.ms/i/c/8705623eb284e7df/IQRWxHCVQtI7TrJbjoI9ODtEASLcQXhWeY2ucz8cWaAXko8?width=1920&height=1920
29-10-2021,6280.124512,6418.794466,6212.176082,6296.759418,280562,10,LTIMindtree,LTM.NS,Stock,IT,https://1drv.ms/i/c/8705623eb284e7df/IQRWxHCVQtI7TrJbjoI9ODtEASLcQXhWeY2ucz8cWaAXko8?width=1920&height=1920
01-11-2021,6392.76123,6423.634239,6260.106462,6315.555535,294832,10,LTIMindtree,LTM.NS,Stock,IT,https://1drv.ms/i/c/8705623eb284e7df/IQRWxHCVQtI7TrJbjoI9ODtEASLcQXhWeY2ucz8cWaAXko8?width=1920&height=1920
02-11-2021,6346.474609,6492.239961,6330.732713,6413.295526,220667,10,LTIMindtree,LTM.NS,Stock,IT,https://1drv.ms/i/c/8705623eb284e7df/IQRWxHCVQtI7TrJbjoI9ODtEASLcQXhWeY2ucz8cWaAXko8?width=1920&height=1920
03-11-2021,6330.63916,6390.740499,6244.505227,6324.953464,203300,10,LTIMindtree,LTM.NS,Stock,IT,https://1drv.ms/i/c/8705623eb284e7df/IQRWxHCVQtI7TrJbjoI9ODtEASLcQXhWeY2ucz8cWaAXko8?width=1920&height=1920
04-11-2021,6357.847168,6396.285502,6343.796753,6387.921242,24255,10,LTIMindtree,LTM.NS,Stock,IT,https://1drv.ms/i/c/8705623eb284e7df/IQRWxHCVQtI7TrJbjoI9ODtEASLcQXhWeY2ucz8cWaAXko8?width=1920&height=1920
08-11-2021,6416.960938,6464.797416,6277.96243,6377.582792,252226,10,LTIMindtree,LTM.NS,Stock,IT,https://1drv.ms/i/c/8705623eb284e7df/IQRWxHCVQtI7TrJbjoI9ODtEASLcQXhWeY2ucz8cWaAXko8?width=1920&height=1920
09-11-2021,6428.004395,6514.984532,6351.456752,6436.791755,228146,10,LTIMindtree,LTM.NS,Stock,IT,https://1drv.ms/i/c/8705623eb284e7df/IQRWxHCVQtI7TrJbjoI9ODtEASLcQXhWeY2ucz8cWaAXko8?width=1920&height=1920
10-11-2021,6424.385254,6501.5914,6377.582665,6409.536365,137693,10,LTIMindtree,LTM.NS,Stock,IT,https://1drv.ms/i/c/8705623eb284e7df/IQRWxHCVQtI7TrJbjoI9ODtEASLcQXhWeY2ucz8cWaAXko8?width=1920&height=1920
11-11-2021,6530.538086,6578.609521,6356.014294,6427.393412,174895,10,LTIMindtree,LTM.NS,Stock,IT,https://1drv.ms/i/c/8705623eb284e7df/IQRWxHCVQtI7TrJbjoI9ODtEASLcQXhWeY2ucz8cWaAXko8?width=1920&height=1920
12-11-2021,6807.312988,6828.693773,6535.847414,6578.703057,594614,10,LTIMindtree,LTM.NS,Stock,IT,https://1drv.ms/i/c/8705623eb284e7df/IQRWxHCVQtI7TrJbjoI9ODtEASLcQXhWeY2ucz8cWaAXko8?width=1920&height=1920
15-11-2021,6764.175781,6863.937025,6734.712497,6840.817491,179625,10,LTIMindtree,LTM.NS,Stock,IT,https://1drv.ms/i/c/8705623eb284e7df/IQRWxHCVQtI7TrJbjoI9ODtEASLcQXhWeY2ucz8cWaAXko8?width=1920&height=1920
16-11-2021,6852.47168,6884.143623,6747.870473,6756.328806,304970,10,LTIMindtree,LTM.NS,Stock,IT,https://1drv.ms/i/c/8705623eb284e7df/IQRWxHCVQtI7TrJbjoI9ODtEASLcQXhWeY2ucz8cWaAXko8?width=1920&height=1920
17-11-2021,6951.856445,7109.651707,6804.258724,6836.212425,571581,10,LTIMindtree,LTM.NS,Stock,IT,https://1drv.ms/i/c/8705623eb284e7df/IQRWxHCVQtI7TrJbjoI9ODtEASLcQXhWeY2ucz8cWaAXko8?width=1920&height=1920
18-11-2021,6717.467285,6965.719277,6692.609459,6953.689831,310851,10,LTIMindtree,LTM.NS,Stock,IT,https://1drv.ms/i/c/8705623eb284e7df/IQRWxHCVQtI7TrJbjoI9ODtEASLcQXhWeY2ucz8cWaAXko8?width=1920&height=1920
22-11-2021,6418.558594,6671.744583,6346.991796,6671.744583,353527,10,LTIMindtree,LTM.NS,Stock,IT,https://1drv.ms/i/c/8705623eb284e7df/IQRWxHCVQtI7TrJbjoI9ODtEASLcQXhWeY2ucz8cWaAXko8?width=1920&height=1920
23-11-2021,6510.42627,6530.773169,6202.777797,6381.295805,246188,10,LTIMindtree,LTM.NS,Stock,IT,https://1drv.ms/i/c/8705623eb284e7df/IQRWxHCVQtI7TrJbjoI9ODtEASLcQXhWeY2ucz8cWaAXko8?width=1920&height=1920
24-11-2021,6342.856934,6581.099987,6315.555497,6522.314754,336544,10,LTIMindtree,LTM.NS,Stock,IT,https://1drv.ms/i/c/8705623eb284e7df/IQRWxHCVQtI7TrJbjoI9ODtEASLcQXhWeY2ucz8cWaAXko8?width=1920&height=1920
25-11-2021,6437.542969,6465.925558,6308.412512,6353.147787,158382,10,LTIMindtree,LTM.NS,Stock,IT,https://1drv.ms/i/c/8705623eb284e7df/IQRWxHCVQtI7TrJbjoI9ODtEASLcQXhWeY2ucz8cWaAXko8?width=1920&height=1920
26-11-2021,6248.170898,6451.82896,6217.955943,6451.82896,171743,10,LTIMindtree,LTM.NS,Stock,IT,https://1drv.ms/i/c/8705623eb284e7df/IQRWxHCVQtI7TrJbjoI9ODtEASLcQXhWeY2ucz8cWaAXko8?width=1920&height=1920
29-11-2021,6342.387207,6383.222345,6007.625439,6136.990859,249304,10,LTIMindtree,LTM.NS,Stock,IT,https://1drv.ms/i/c/8705623eb284e7df/IQRWxHCVQtI7TrJbjoI9ODtEASLcQXhWeY2ucz8cWaAXko8?width=1920&height=1920
30-11-2021,6399.857422,6531.666456,6348.684319,6403.898442,299419,10,LTIMindtree,LTM.NS,Stock,IT,https://1drv.ms/i/c/8705623eb284e7df/IQRWxHCVQtI7TrJbjoI9ODtEASLcQXhWeY2ucz8cWaAXko8?width=1920&height=1920
01-12-2021,6496.188477,6512.682044,6405.918984,6409.537363,199325,10,LTIMindtree,LTM.NS,Stock,IT,https://1drv.ms/i/c/8705623eb284e7df/IQRWxHCVQtI7TrJbjoI9ODtEASLcQXhWeY2ucz8cWaAXko8?width=1920&height=1920
02-12-2021,6530.538086,6557.839522,6375.703598,6503.51841,303243,10,LTIMindtree,LTM.NS,Stock,IT,https://1drv.ms/i/c/8705623eb284e7df/IQRWxHCVQtI7TrJbjoI9ODtEASLcQXhWeY2ucz8cWaAXko8?width=1920&height=1920
03-12-2021,6436.650391,6577.763485,6423.774745,6549.569042,286743,10,LTIMindtree,LTM.NS,Stock,IT,https://1drv.ms/i/c/8705623eb284e7df/IQRWxHCVQtI7TrJbjoI9ODtEASLcQXhWeY2ucz8cWaAXko8?width=1920&height=1920
06-12-2021,6161.472656,6453.144272,6128.344184,6453.144272,317321,10,LTIMindtree,LTM.NS,Stock,IT,https://1drv.ms/i/c/8705623eb284e7df/IQRWxHCVQtI7TrJbjoI9ODtEASLcQXhWeY2ucz8cWaAXko8?width=1920&height=1920
07-12-2021,6161.801758,6282.615228,6102.21759,6249.768516,253149,10,LTIMindtree,LTM.NS,Stock,IT,https://1drv.ms/i/c/8705623eb284e7df/IQRWxHCVQtI7TrJbjoI9ODtEASLcQXhWeY2ucz8cWaAXko8?width=1920&height=1920
08-12-2021,6247.700195,6315.555003,6208.46293,6239.430009,335995,10,LTIMindtree,LTM.NS,Stock,IT,https://1drv.ms/i/c/8705623eb284e7df/IQRWxHCVQtI7TrJbjoI9ODtEASLcQXhWeY2ucz8cWaAXko8?width=1920&height=1920
09-12-2021,6208.509766,6272.981144,6158.652322,6193.378658,236607,10,LTIMindtree,LTM.NS,Stock,IT,https://1drv.ms/i/c/8705623eb284e7df/IQRWxHCVQtI7TrJbjoI9ODtEASLcQXhWeY2ucz8cWaAXko8?width=1920&height=1920
10-12-2021,6215.182617,6230.924513,6075.056157,6212.175027,380321,10,LTIMindtree,LTM.NS,Stock,IT,https://1drv.ms/i/c/8705623eb284e7df/IQRWxHCVQtI7TrJbjoI9ODtEASLcQXhWeY2ucz8cWaAXko8?width=1920&height=1920
13-12-2021,6363.109863,6476.733375,6202.777375,6262.925519,404491,10,LTIMindtree,LTM.NS,Stock,IT,https://1drv.ms/i/c/8705623eb284e7df/IQRWxHCVQtI7TrJbjoI9ODtEASLcQXhWeY2ucz8cWaAXko8?width=1920&height=1920
14-12-2021,6268.61084,6379.462167,6242.014267,6379.462167,264969,10,LTIMindtree,LTM.NS,Stock,IT,https://1drv.ms/i/c/8705623eb284e7df/IQRWxHCVQtI7TrJbjoI9ODtEASLcQXhWeY2ucz8cWaAXko8?width=1920&height=1920
15-12-2021,6273.874023,6310.291844,6169.883617,6282.661383,241189,10,LTIMindtree,LTM.NS,Stock,IT,https://1drv.ms/i/c/8705623eb284e7df/IQRWxHCVQtI7TrJbjoI9ODtEASLcQXhWeY2ucz8cWaAXko8?width=1920&height=1920
16-12-2021,6427.910156,6437.731405,6316.636175,6366.305479,355537,10,LTIMindtree,LTM.NS,Stock,IT,https://1drv.ms/i/c/8705623eb284e7df/IQRWxHCVQtI7TrJbjoI9ODtEASLcQXhWeY2ucz8cWaAXko8?width=1920&height=1920
17-12-2021,6558.309082,6700.221109,6453.801957,6500.886768,865305,10,LTIMindtree,LTM.NS,Stock,IT,https://1drv.ms/i/c/8705623eb284e7df/IQRWxHCVQtI7TrJbjoI9ODtEASLcQXhWeY2ucz8cWaAXko8?width=1920&height=1920
20-12-2021,6330.63916,6519.918224,6212.175691,6490.360865,416395,10,LTIMindtree,LTM.NS,Stock,IT,https://1drv.ms/i/c/8705623eb284e7df/IQRWxHCVQtI7TrJbjoI9ODtEASLcQXhWeY2ucz8cWaAXko8?width=1920&height=1920
21-12-2021,6556.570313,6609.058595,6334.350948,6358.786129,427382,10,LTIMindtree,LTM.NS,Stock,IT,https://1drv.ms/i/c/8705623eb284e7df/IQRWxHCVQtI7TrJbjoI9ODtEASLcQXhWeY2ucz8cWaAXko8?width=1920&height=1920
22-12-2021,6697.119629,6764.692215,6588.382883,6595.61964,431510,10,LTIMindtree,LTM.NS,Stock,IT,https://1drv.ms/i/c/8705623eb284e7df/IQRWxHCVQtI7TrJbjoI9ODtEASLcQXhWeY2ucz8cWaAXko8?width=1920&height=1920
23-12-2021,6610.186035,6770.048592,6570.760629,6766.665167,405769,10,LTIMindtree,LTM.NS,Stock,IT,https://1drv.ms/i/c/8705623eb284e7df/IQRWxHCVQtI7TrJbjoI9ODtEASLcQXhWeY2ucz8cWaAXko8?width=1920&height=1920
24-12-2021,6735.229004,6752.568769,6644.490076,6645.429891,363446,10,LTIMindtree,LTM.NS,Stock,IT,https://1drv.ms/i/c/8705623eb284e7df/IQRWxHCVQtI7TrJbjoI9ODtEASLcQXhWeY2ucz8cWaAXko8?width=1920&height=1920
27-12-2021,6749.04541,6790.16231,6625.694711,6761.779718,380141,10,LTIMindtree,LTM.NS,Stock,IT,https://1drv.ms/i/c/8705623eb284e7df/IQRWxHCVQtI7TrJbjoI9ODtEASLcQXhWeY2ucz8cWaAXko8?width=1920&height=1920
28-12-2021,6834.286133,6860.647753,6768.592714,6782.643128,206301,10,LTIMindtree,LTM.NS,Stock,IT,https://1drv.ms/i/c/8705623eb284e7df/IQRWxHCVQtI7TrJbjoI9ODtEASLcQXhWeY2ucz8cWaAXko8?width=1920&height=1920
29-12-2021,6825.969238,6854.727664,6771.365904,6826.626833,155943,10,LTIMindtree,LTM.NS,Stock,IT,https://1drv.ms/i/c/8705623eb284e7df/IQRWxHCVQtI7TrJbjoI9ODtEASLcQXhWeY2ucz8cWaAXko8?width=1920&height=1920
30-12-2021,6853.599609,6905.430305,6793.02836,6843.63748,258400,10,LTIMindtree,LTM.NS,Stock,IT,https://1drv.ms/i/c/8705623eb284e7df/IQRWxHCVQtI7TrJbjoI9ODtEASLcQXhWeY2ucz8cWaAXko8?width=1920&height=1920
31-12-2021,6890.722168,6918.916612,6815.72513,6883.955318,194116,10,LTIMindtree,LTM.NS,Stock,IT,https://1drv.ms/i/c/8705623eb284e7df/IQRWxHCVQtI7TrJbjoI9ODtEASLcQXhWeY2ucz8cWaAXko8?width=1920&height=1920
03-01-2022,7079.484375,7114.398405,6896.36136,6896.36136,311684,10,LTIMindtree,LTM.NS,Stock,IT,https://1drv.ms/i/c/8705623eb284e7df/IQRWxHCVQtI7TrJbjoI9ODtEASLcQXhWeY2ucz8cWaAXko8?width=1920&height=1920
04-01-2022,7106.645508,7132.067318,6988.557854,7095.602682,273052,10,LTIMindtree,LTM.NS,Stock,IT,https://1drv.ms/i/c/8705623eb284e7df/IQRWxHCVQtI7TrJbjoI9ODtEASLcQXhWeY2ucz8cWaAXko8?width=1920&height=1920
05-01-2022,6876.71875,7095.084804,6844.106994,7076.805223,376964,10,LTIMindtree,LTM.NS,Stock,IT,https://1drv.ms/i/c/8705623eb284e7df/IQRWxHCVQtI7TrJbjoI9ODtEASLcQXhWeY2ucz8cWaAXko8?width=1920&height=1920
06-01-2022,6758.442871,6832.312403,6705.061576,6813.656988,559885,10,LTIMindtree,LTM.NS,Stock,IT,https://1drv.ms/i/c/8705623eb284e7df/IQRWxHCVQtI7TrJbjoI9ODtEASLcQXhWeY2ucz8cWaAXko8?width=1920&height=1920
07-01-2022,6771.788574,6841.851582,6748.151865,6766.6664,417838,10,LTIMindtree,LTM.NS,Stock,IT,https://1drv.ms/i/c/8705623eb284e7df/IQRWxHCVQtI7TrJbjoI9ODtEASLcQXhWeY2ucz8cWaAXko8?width=1920&height=1920
10-01-2022,6676.020996,6875.590753,6658.587616,6857.828346,241841,10,LTIMindtree,LTM.NS,Stock,IT,https://1drv.ms/i/c/8705623eb284e7df/IQRWxHCVQtI7TrJbjoI9ODtEASLcQXhWeY2ucz8cWaAXko8?width=1920&height=1920
11-01-2022,6742.37207,6799.559891,6626.633973,6672.684897,401888,10,LTIMindtree,LTM.NS,Stock,IT,https://1drv.ms/i/c/8705623eb284e7df/IQRWxHCVQtI7TrJbjoI9ODtEASLcQXhWeY2ucz8cWaAXko8?width=1920&height=1920
12-01-2022,6739.176758,6794.813976,6706.048287,6794.813976,242957,10,LTIMindtree,LTM.NS,Stock,IT,https://1drv.ms/i/c/8705623eb284e7df/IQRWxHCVQtI7TrJbjoI9ODtEASLcQXhWeY2ucz8cWaAXko8?width=1920&height=1920
13-01-2022,6703.322754,6804.258766,6659.198268,6766.619369,198001,10,LTIMindtree,LTM.NS,Stock,IT,https://1drv.ms/i/c/8705623eb284e7df/IQRWxHCVQtI7TrJbjoI9ODtEASLcQXhWeY2ucz8cWaAXko8?width=1920&height=1920
14-01-2022,6652.337891,6712.110201,6607.132709,6660.655343,291638,10,LTIMindtree,LTM.NS,Stock,IT,https://1drv.ms/i/c/8705623eb284e7df/IQRWxHCVQtI7TrJbjoI9ODtEASLcQXhWeY2ucz8cWaAXko8?width=1920&height=1920
17-01-2022,6675.503906,6698.811128,6556.241511,6651.726778,212781,10,LTIMindtree,LTM.NS,Stock,IT,https://1drv.ms/i/c/8705623eb284e7df/IQRWxHCVQtI7TrJbjoI9ODtEASLcQXhWeY2ucz8cWaAXko8?width=1920&height=1920
18-01-2022,6456.057617,6727.945849,6437.731229,6651.069184,212064,10,LTIMindtree,LTM.NS,Stock,IT,https://1drv.ms/i/c/8705623eb284e7df/IQRWxHCVQtI7TrJbjoI9ODtEASLcQXhWeY2ucz8cWaAXko8?width=1920&height=1920
19-01-2022,6293.986816,6332.472418,6155.787227,6296.759454,555061,10,LTIMindtree,LTM.NS,Stock,IT,https://1drv.ms/i/c/8705623eb284e7df/IQRWxHCVQtI7TrJbjoI9ODtEASLcQXhWeY2ucz8cWaAXko8?width=1920&height=1920
20-01-2022,6208.839844,6562.022072,6174.72429,6531.524897,977600,10,LTIMindtree,LTM.NS,Stock,IT,https://1drv.ms/i/c/8705623eb284e7df/IQRWxHCVQtI7TrJbjoI9ODtEASLcQXhWeY2ucz8cWaAXko8?width=1920&height=1920
21-01-2022,6008.988281,6193.286074,5964.11212,6179.282923,538820,10,LTIMindtree,LTM.NS,Stock,IT,https://1drv.ms/i/c/8705623eb284e7df/IQRWxHCVQtI7TrJbjoI9ODtEASLcQXhWeY2ucz8cWaAXko8?width=1920&height=1920
24-01-2022,5609.848633,6104.097146,5475.361043,6022.333258,632383,10,LTIMindtree,LTM.NS,Stock,IT,https://1drv.ms/i/c/8705623eb284e7df/IQRWxHCVQtI7TrJbjoI9ODtEASLcQXhWeY2ucz8cWaAXko8?width=1920&height=1920
25-01-2022,5670.98291,5702.279016,5403.934649,5475.360568,528975,10,LTIMindtree,LTM.NS,Stock,IT,https://1drv.ms/i/c/8705623eb284e7df/IQRWxHCVQtI7TrJbjoI9ODtEASLcQXhWeY2ucz8cWaAXko8?width=1920&height=1920
27-01-2022,5399.894043,5638.888761,5377.620249,5638.888761,548141,10,LTIMindtree,LTM.NS,Stock,IT,https://1drv.ms/i/c/8705623eb284e7df/IQRWxHCVQtI7TrJbjoI9ODtEASLcQXhWeY2ucz8cWaAXko8?width=1920&height=1920
28-01-2022,5555.761719,5727.231104,5413.332977,5413.332977,720772,10,LTIMindtree,LTM.NS,Stock,IT,https://1drv.ms/i/c/8705623eb284e7df/IQRWxHCVQtI7TrJbjoI9ODtEASLcQXhWeY2ucz8cWaAXko8?width=1920&height=1920
31-01-2022,5892.967773,5939.629486,5647.347086,5704.675788,746524,10,LTIMindtree,LTM.NS,Stock,IT,https://1drv.ms/i/c/8705623eb284e7df/IQRWxHCVQtI7TrJbjoI9ODtEASLcQXhWeY2ucz8cWaAXko8?width=1920&height=1920
01-02-2022,5916.509766,6045.170315,5836.813657,6005.416334,435210,10,LTIMindtree,LTM.NS,Stock,IT,https://1drv.ms/i/c/8705623eb284e7df/IQRWxHCVQtI7TrJbjoI9ODtEASLcQXhWeY2ucz8cWaAXko8?width=1920&height=1920
02-02-2022,6011.759766,6035.44328,5902.036398,5949.027134,303718,10,LTIMindtree,LTM.NS,Stock,IT,https://1drv.ms/i/c/8705623eb284e7df/IQRWxHCVQtI7TrJbjoI9ODtEASLcQXhWeY2ucz8cWaAXko8?width=1920&height=1920
03-02-2022,5825.253906,5994.13881,5807.679645,5994.13881,224304,10,LTIMindtree,LTM.NS,Stock,IT,https://1drv.ms/i/c/8705623eb284e7df/IQRWxHCVQtI7TrJbjoI9ODtEASLcQXhWeY2ucz8cWaAXko8?width=1920&height=1920
04-02-2022,5903.916504,5920.83317,5740.670492,5779.860952,219167,10,LTIMindtree,LTM.NS,Stock,IT,https://1drv.ms/i/c/8705623eb284e7df/IQRWxHCVQtI7TrJbjoI9ODtEASLcQXhWeY2ucz8cWaAXko8?width=1920&height=1920
07-02-2022,5758.856445,5949.028074,5718.021765,5911.247333,157433,10,LTIMindtree,LTM.NS,Stock,IT,https://1drv.ms/i/c/8705623eb284e7df/IQRWxHCVQtI7TrJbjoI9ODtEASLcQXhWeY2ucz8cWaAXko8?width=1920&height=1920
08-02-2022,5774.175781,5845.648519,5666.190685,5770.463329,183679,10,LTIMindtree,LTM.NS,Stock,IT,https://1drv.ms/i/c/8705623eb284e7df/IQRWxHCVQtI7TrJbjoI9ODtEASLcQXhWeY2ucz8cWaAXko8?width=1920&height=1920
09-02-2022,5912.093262,5939.488772,5789.259281,5789.259281,232924,10,LTIMindtree,LTM.NS,Stock,IT,https://1drv.ms/i/c/8705623eb284e7df/IQRWxHCVQtI7TrJbjoI9ODtEASLcQXhWeY2ucz8cWaAXko8?width=1920&height=1920
10-02-2022,5937.185547,5958.425452,5873.842125,5958.331379,141271,10,LTIMindtree,LTM.NS,Stock,IT,https://1drv.ms/i/c/8705623eb284e7df/IQRWxHCVQtI7TrJbjoI9ODtEASLcQXhWeY2ucz8cWaAXko8?width=1920&height=1920
11-02-2022,5638.747559,5828.54287,5616.332885,5789.258797,424193,10,LTIMindtree,LTM.NS,Stock,IT,https://1drv.ms/i/c/8705623eb284e7df/IQRWxHCVQtI7TrJbjoI9ODtEASLcQXhWeY2ucz8cWaAXko8?width=1920&height=1920
14-02-2022,5531.138672,5631.933801,5328.843553,5450.925393,394155,10,LTIMindtree,LTM.NS,Stock,IT,https://1drv.ms/i/c/8705623eb284e7df/IQRWxHCVQtI7TrJbjoI9ODtEASLcQXhWeY2ucz8cWaAXko8?width=1920&height=1920
15-02-2022,5735.360352,5742.268082,5533.488328,5615.393091,204594,10,LTIMindtree,LTM.NS,Stock,IT,https://1drv.ms/i/c/8705623eb284e7df/IQRWxHCVQtI7TrJbjoI9ODtEASLcQXhWeY2ucz8cWaAXko8?width=1920&height=1920
16-02-2022,5641.614746,5790.199573,5606.935668,5789.259758,222936,10,LTIMindtree,LTM.NS,Stock,IT,https://1drv.ms/i/c/8705623eb284e7df/IQRWxHCVQtI7TrJbjoI9ODtEASLcQXhWeY2ucz8cWaAXko8?width=1920&height=1920
17-02-2022,5577.049316,5657.685245,5563.797836,5638.935755,185919,10,LTIMindtree,LTM.NS,Stock,IT,https://1drv.ms/i/c/8705623eb284e7df/IQRWxHCVQtI7TrJbjoI9ODtEASLcQXhWeY2ucz8cWaAXko8?width=1920&height=1920
18-02-2022,5507.925781,5590.0187,5497.916845,5536.449254,170126,10,LTIMindtree,LTM.NS,Stock,IT,https://1drv.ms/i/c/8705623eb284e7df/IQRWxHCVQtI7TrJbjoI9ODtEASLcQXhWeY2ucz8cWaAXko8?width=1920&height=1920
21-02-2022,5508.536133,5563.703443,5393.408823,5497.916409,129520,10,LTIMindtree,LTM.NS,Stock,IT,https://1drv.ms/i/c/8705623eb284e7df/IQRWxHCVQtI7TrJbjoI9ODtEASLcQXhWeY2ucz8cWaAXko8?width=1920&height=1920
22-02-2022,5630.477051,5652.985798,5355.064518,5385.138591,317699,10,LTIMindtree,LTM.NS,Stock,IT,https://1drv.ms/i/c/8705623eb284e7df/IQRWxHCVQtI7TrJbjoI9ODtEASLcQXhWeY2ucz8cWaAXko8?width=1920&height=1920
23-02-2022,5555.99707,5707.777164,5524.70142,5663.324106,246058,10,LTIMindtree,LTM.NS,Stock,IT,https://1drv.ms/i/c/8705623eb284e7df/IQRWxHCVQtI7TrJbjoI9ODtEASLcQXhWeY2ucz8cWaAXko8?width=1920&height=1920
24-02-2022,5263.855957,5438.943273,5244.166653,5421.791653,403007,10,LTIMindtree,LTM.NS,Stock,IT,https://1drv.ms/i/c/8705623eb284e7df/IQRWxHCVQtI7TrJbjoI9ODtEASLcQXhWeY2ucz8cWaAXko8?width=1920&height=1920
25-02-2022,5371.323242,5455.624812,5308.637872,5387.018333,355116,10,LTIMindtree,LTM.NS,Stock,IT,https://1drv.ms/i/c/8705623eb284e7df/IQRWxHCVQtI7TrJbjoI9ODtEASLcQXhWeY2ucz8cWaAXko8?width=1920&height=1920
28-02-2022,5497.728027,5513.893024,5253.564344,5343.128504,277884,10,LTIMindtree,LTM.NS,Stock,IT,https://1drv.ms/i/c/8705623eb284e7df/IQRWxHCVQtI7TrJbjoI9ODtEASLcQXhWeY2ucz8cWaAXko8?width=1920&height=1920
02-03-2022,5508.536133,5525.171038,5408.822153,5497.916409,221723,10,LTIMindtree,LTM.NS,Stock,IT,https://1drv.ms/i/c/8705623eb284e7df/IQRWxHCVQtI7TrJbjoI9ODtEASLcQXhWeY2ucz8cWaAXko8?width=1920&height=1920
03-03-2022,5654.395508,5675.54134,5530.809867,5606.934862,419327,10,LTIMindtree,LTM.NS,Stock,IT,https://1drv.ms/i/c/8705623eb284e7df/IQRWxHCVQtI7TrJbjoI9ODtEASLcQXhWeY2ucz8cWaAXko8?width=1920&height=1920
04-03-2022,5741,5901.097554,5556.749479,5620.092909,549363,10,LTIMindtree,LTM.NS,Stock,IT,https://1drv.ms/i/c/8705623eb284e7df/IQRWxHCVQtI7TrJbjoI9ODtEASLcQXhWeY2ucz8cWaAXko8?width=1920&height=1920
07-03-2022,5838.834473,5869.096693,5590.723362,5648.28702,378431,10,LTIMindtree,LTM.NS,Stock,IT,https://1drv.ms/i/c/8705623eb284e7df/IQRWxHCVQtI7TrJbjoI9ODtEASLcQXhWeY2ucz8cWaAXko8?width=1920&height=1920
08-03-2022,6050.292969,6068.572551,5793.958472,5818.393658,388105,10,LTIMindtree,LTM.NS,Stock,IT,https://1drv.ms/i/c/8705623eb284e7df/IQRWxHCVQtI7TrJbjoI9ODtEASLcQXhWeY2ucz8cWaAXko8?width=1920&height=1920
09-03-2022,5990.895508,6132.102664,5974.30787,6129.471366,289547,10,LTIMindtree,LTM.NS,Stock,IT,https://1drv.ms/i/c/8705623eb284e7df/IQRWxHCVQtI7TrJbjoI9ODtEASLcQXhWeY2ucz8cWaAXko8?width=1920&height=1920
10-03-2022,5907.300293,6085.301133,5859.74557,6085.301133,458366,10,LTIMindtree,LTM.NS,Stock,IT,https://1drv.ms/i/c/8705623eb284e7df/IQRWxHCVQtI7TrJbjoI9ODtEASLcQXhWeY2ucz8cWaAXko8?width=1920&height=1920
11-03-2022,5849.595215,5889.819103,5737.569112,5873.842252,281687,10,LTIMindtree,LTM.NS,Stock,IT,https://1drv.ms/i/c/8705623eb284e7df/IQRWxHCVQtI7TrJbjoI9ODtEASLcQXhWeY2ucz8cWaAXko8?width=1920&height=1920
14-03-2022,5894.848145,5920.787128,5827.181471,5855.046891,229657,10,LTIMindtree,LTM.NS,Stock,IT,https://1drv.ms/i/c/8705623eb284e7df/IQRWxHCVQtI7TrJbjoI9ODtEASLcQXhWeY2ucz8cWaAXko8?width=1920&height=1920
15-03-2022,5674.413086,5919.892872,5640.767903,5883.240099,435081,10,LTIMindtree,LTM.NS,Stock,IT,https://1drv.ms/i/c/8705623eb284e7df/IQRWxHCVQtI7TrJbjoI9ODtEASLcQXhWeY2ucz8cWaAXko8?width=1920&height=1920
16-03-2022,5663.041504,5821.071251,5643.68123,5821.071251,340735,10,LTIMindtree,LTM.NS,Stock,IT,https://1drv.ms/i/c/8705623eb284e7df/IQRWxHCVQtI7TrJbjoI9ODtEASLcQXhWeY2ucz8cWaAXko8?width=1920&height=1920
17-03-2022,5745.88623,5825.911361,5667.082676,5732.822898,651022,10,LTIMindtree,LTM.NS,Stock,IT,https://1drv.ms/i/c/8705623eb284e7df/IQRWxHCVQtI7TrJbjoI9ODtEASLcQXhWeY2ucz8cWaAXko8?width=1920&height=1920
21-03-2022,5631.745117,5817.358507,5617.741971,5817.358507,355524,10,LTIMindtree,LTM.NS,Stock,IT,https://1drv.ms/i/c/8705623eb284e7df/IQRWxHCVQtI7TrJbjoI9ODtEASLcQXhWeY2ucz8cWaAXko8?width=1920&height=1920
22-03-2022,5749.363281,5779.860452,5601.342465,5638.888246,249080,10,LTIMindtree,LTM.NS,Stock,IT,https://1drv.ms/i/c/8705623eb284e7df/IQRWxHCVQtI7TrJbjoI9ODtEASLcQXhWeY2ucz8cWaAXko8?width=1920&height=1920
23-03-2022,5707.307129,5803.356385,5690.578609,5777.041571,162694,10,LTIMindtree,LTM.NS,Stock,IT,https://1drv.ms/i/c/8705623eb284e7df/IQRWxHCVQtI7TrJbjoI9ODtEASLcQXhWeY2ucz8cWaAXko8?width=1920&height=1920
24-03-2022,5805.564453,5828.542647,5685.878959,5704.58118,293186,10,LTIMindtree,LTM.NS,Stock,IT,https://1drv.ms/i/c/8705623eb284e7df/IQRWxHCVQtI7TrJbjoI9ODtEASLcQXhWeY2ucz8cWaAXko8?width=1920&height=1920
25-03-2022,5811.109863,5846.587872,5732.870281,5838.129539,182884,10,LTIMindtree,LTM.NS,Stock,IT,https://1drv.ms/i/c/8705623eb284e7df/IQRWxHCVQtI7TrJbjoI9ODtEASLcQXhWeY2ucz8cWaAXko8?width=1920&height=1920
28-03-2022,5705.991699,5811.063273,5564.972667,5811.063273,268188,10,LTIMindtree,LTM.NS,Stock,IT,https://1drv.ms/i/c/8705623eb284e7df/IQRWxHCVQtI7TrJbjoI9ODtEASLcQXhWeY2ucz8cWaAXko8?width=1920&height=1920
29-03-2022,5661.679199,5770.46276,5631.793273,5732.870169,207146,10,LTIMindtree,LTM.NS,Stock,IT,https://1drv.ms/i/c/8705623eb284e7df/IQRWxHCVQtI7TrJbjoI9ODtEASLcQXhWeY2ucz8cWaAXko8?width=1920&height=1920
30-03-2022,5930.560547,5948.511102,5696.64073,5723.472259,440177,10,LTIMindtree,LTM.NS,Stock,IT,https://1drv.ms/i/c/8705623eb284e7df/IQRWxHCVQtI7TrJbjoI9ODtEASLcQXhWeY2ucz8cWaAXko8?width=1920&height=1920
31-03-2022,5784.936035,5949.027794,5770.462979,5934.930572,284013,10,LTIMindtree,LTM.NS,Stock,IT,https://1drv.ms/i/c/8705623eb284e7df/IQRWxHCVQtI7TrJbjoI9ODtEASLcQXhWeY2ucz8cWaAXko8?width=1920&height=1920
01-04-2022,5801.946777,5845.554093,5714.074092,5778.874507,306433,10,LTIMindtree,LTM.NS,Stock,IT,https://1drv.ms/i/c/8705623eb284e7df/IQRWxHCVQtI7TrJbjoI9ODtEASLcQXhWeY2ucz8cWaAXko8?width=1920&height=1920
04-04-2022,5921.161133,5956.545061,5822.198378,5837.188605,234871,10,LTIMindtree,LTM.NS,Stock,IT,https://1drv.ms/i/c/8705623eb284e7df/IQRWxHCVQtI7TrJbjoI9ODtEASLcQXhWeY2ucz8cWaAXko8?width=1920&height=1920
05-04-2022,5956.17041,6043.009207,5922.289811,5991.319392,331358,10,LTIMindtree,LTM.NS,Stock,IT,https://1drv.ms/i/c/8705623eb284e7df/IQRWxHCVQtI7TrJbjoI9ODtEASLcQXhWeY2ucz8cWaAXko8?width=1920&height=1920
06-04-2022,5944.797363,6005.368599,5870.222982,5949.026529,283948,10,LTIMindtree,LTM.NS,Stock,IT,https://1drv.ms/i/c/8705623eb284e7df/IQRWxHCVQtI7TrJbjoI9ODtEASLcQXhWeY2ucz8cWaAXko8?width=1920&height=1920
07-04-2022,5832.725586,5964.910445,5817.453595,5887.939705,238341,10,LTIMindtree,LTM.NS,Stock,IT,https://1drv.ms/i/c/8705623eb284e7df/IQRWxHCVQtI7TrJbjoI9ODtEASLcQXhWeY2ucz8cWaAXko8?width=1920&height=1920
08-04-2022,5782.868164,5880.185796,5724.411504,5841.888345,281009,10,LTIMindtree,LTM.NS,Stock,IT,https://1drv.ms/i/c/8705623eb284e7df/IQRWxHCVQtI7TrJbjoI9ODtEASLcQXhWeY2ucz8cWaAXko8?width=1920&height=1920
11-04-2022,5695.041992,5808.430541,5620.091772,5782.679711,362950,10,LTIMindtree,LTM.NS,Stock,IT,https://1drv.ms/i/c/8705623eb284e7df/IQRWxHCVQtI7TrJbjoI9ODtEASLcQXhWeY2ucz8cWaAXko8?width=1920&height=1920
12-04-2022,5554.821289,5657.543306,5451.864778,5638.887893,450430,10,LTIMindtree,LTM.NS,Stock,IT,https://1drv.ms/i/c/8705623eb284e7df/IQRWxHCVQtI7TrJbjoI9ODtEASLcQXhWeY2ucz8cWaAXko8?width=1920&height=1920
13-04-2022,5675.353516,5721.592588,5498.856477,5559.004625,310273,10,LTIMindtree,LTM.NS,Stock,IT,https://1drv.ms/i/c/8705623eb284e7df/IQRWxHCVQtI7TrJbjoI9ODtEASLcQXhWeY2ucz8cWaAXko8?width=1920&height=1920
18-04-2022,5520.143066,5704.065005,5452.05376,5545.847093,744191,10,LTIMindtree,LTM.NS,Stock,IT,https://1drv.ms/i/c/8705623eb284e7df/IQRWxHCVQtI7TrJbjoI9ODtEASLcQXhWeY2ucz8cWaAXko8?width=1920&height=1920
19-04-2022,5142.995117,5567.086505,5042.48175,5543.966971,1130004,10,LTIMindtree,LTM.NS,Stock,IT,https://1drv.ms/i/c/8705623eb284e7df/IQRWxHCVQtI7TrJbjoI9ODtEASLcQXhWeY2ucz8cWaAXko8?width=1920&height=1920
20-04-2022,4859.124023,5131.341733,4793.05523,5125.749652,1681039,10,LTIMindtree,LTM.NS,Stock,IT,https://1drv.ms/i/c/8705623eb284e7df/IQRWxHCVQtI7TrJbjoI9ODtEASLcQXhWeY2ucz8cWaAXko8?width=1920&height=1920
21-04-2022,4771.39209,4933.980022,4690.802985,4933.932755,2007738,10,LTIMindtree,LTM.NS,Stock,IT,https://1drv.ms/i/c/8705623eb284e7df/IQRWxHCVQtI7TrJbjoI9ODtEASLcQXhWeY2ucz8cWaAXko8?width=1920&height=1920
22-04-2022,4787.275879,4881.398243,4700.953795,4749.824166,691316,10,LTIMindtree,LTM.NS,Stock,IT,https://1drv.ms/i/c/8705623eb284e7df/IQRWxHCVQtI7TrJbjoI9ODtEASLcQXhWeY2ucz8cWaAXko8?width=1920&height=1920
25-04-2022,4563.786621,4774.25829,4544.003707,4774.25829,739432,10,LTIMindtree,LTM.NS,Stock,IT,https://1drv.ms/i/c/8705623eb284e7df/IQRWxHCVQtI7TrJbjoI9ODtEASLcQXhWeY2ucz8cWaAXko8?width=1920&height=1920
26-04-2022,4527.182129,4633.428012,4493.066575,4622.009354,718852,10,LTIMindtree,LTM.NS,Stock,IT,https://1drv.ms/i/c/8705623eb284e7df/IQRWxHCVQtI7TrJbjoI9ODtEASLcQXhWeY2ucz8cWaAXko8?width=1920&height=1920
27-04-2022,4527.040527,4562.800293,4429.440681,4491.938357,564255,10,LTIMindtree,LTM.NS,Stock,IT,https://1drv.ms/i/c/8705623eb284e7df/IQRWxHCVQtI7TrJbjoI9ODtEASLcQXhWeY2ucz8cWaAXko8?width=1920&height=1920
28-04-2022,4591.981445,4674.638332,4497.013353,4593.814268,517809,10,LTIMindtree,LTM.NS,Stock,IT,https://1drv.ms/i/c/8705623eb284e7df/IQRWxHCVQtI7TrJbjoI9ODtEASLcQXhWeY2ucz8cWaAXko8?width=1920&height=1920
29-04-2022,4547.811035,4656.782755,4532.351356,4637.986457,390073,10,LTIMindtree,LTM.NS,Stock,IT,https://1drv.ms/i/c/8705623eb284e7df/IQRWxHCVQtI7TrJbjoI9ODtEASLcQXhWeY2ucz8cWaAXko8?width=1920&height=1920
02-05-2022,4432.777344,4511.110998,4388.935076,4511.110998,414490,10,LTIMindtree,LTM.NS,Stock,IT,https://1drv.ms/i/c/8705623eb284e7df/IQRWxHCVQtI7TrJbjoI9ODtEASLcQXhWeY2ucz8cWaAXko8?width=1920&height=1920
04-05-2022,4452.983887,4521.496301,4398.333742,4464.120785,415254,10,LTIMindtree,LTM.NS,Stock,IT,https://1drv.ms/i/c/8705623eb284e7df/IQRWxHCVQtI7TrJbjoI9ODtEASLcQXhWeY2ucz8cWaAXko8?width=1920&height=1920
05-05-2022,4478.405273,4533.619388,4460.360647,4511.110642,240462,10,LTIMindtree,LTM.NS,Stock,IT,https://1drv.ms/i/c/8705623eb284e7df/IQRWxHCVQtI7TrJbjoI9ODtEASLcQXhWeY2ucz8cWaAXko8?width=1920&height=1920
06-05-2022,4316.568359,4420.934585,4216.008199,4398.332228,682606,10,LTIMindtree,LTM.NS,Stock,IT,https://1drv.ms/i/c/8705623eb284e7df/IQRWxHCVQtI7TrJbjoI9ODtEASLcQXhWeY2ucz8cWaAXko8?width=1920&height=1920
09-05-2022,4181.142578,4461.207429,4147.403314,4275.218145,1042480,10,LTIMindtree,LTM.NS,Stock,IT,https://1drv.ms/i/c/8705623eb284e7df/IQRWxHCVQtI7TrJbjoI9ODtEASLcQXhWeY2ucz8cWaAXko8?width=1920&height=1920
10-05-2022,4071.418945,4221.178538,4058.120657,4210.370667,590200,10,LTIMindtree,LTM.NS,Stock,IT,https://1drv.ms/i/c/8705623eb284e7df/IQRWxHCVQtI7TrJbjoI9ODtEASLcQXhWeY2ucz8cWaAXko8?width=1920&height=1920
11-05-2022,3994.91748,4125.786682,3858.597537,4071.418308,717491,10,LTIMindtree,LTM.NS,Stock,IT,https://1drv.ms/i/c/8705623eb284e7df/IQRWxHCVQtI7TrJbjoI9ODtEASLcQXhWeY2ucz8cWaAXko8?width=1920&height=1920
12-05-2022,3910.522461,4050.601669,3836.323901,3935.944267,655789,10,LTIMindtree,LTM.NS,Stock,IT,https://1drv.ms/i/c/8705623eb284e7df/IQRWxHCVQtI7TrJbjoI9ODtEASLcQXhWeY2ucz8cWaAXko8?width=1920&height=1920
13-05-2022,3863.296875,4020.292754,3842.103776,3970.717523,574894,10,LTIMindtree,LTM.NS,Stock,IT,https://1drv.ms/i/c/8705623eb284e7df/IQRWxHCVQtI7TrJbjoI9ODtEASLcQXhWeY2ucz8cWaAXko8?width=1920&height=1920
16-05-2022,3848.353516,3923.021752,3810.196945,3876.735875,488253,10,LTIMindtree,LTM.NS,Stock,IT,https://1drv.ms/i/c/8705623eb284e7df/IQRWxHCVQtI7TrJbjoI9ODtEASLcQXhWeY2ucz8cWaAXko8?width=1920&height=1920
17-05-2022,4024.145752,4041.767278,3853.240353,3857.939427,792352,10,LTIMindtree,LTM.NS,Stock,IT,https://1drv.ms/i/c/8705623eb284e7df/IQRWxHCVQtI7TrJbjoI9ODtEASLcQXhWeY2ucz8cWaAXko8?width=1920&height=1920
18-05-2022,3960.379883,4153.699986,3923.304002,4064.699334,935441,10,LTIMindtree,LTM.NS,Stock,IT,https://1drv.ms/i/c/8705623eb284e7df/IQRWxHCVQtI7TrJbjoI9ODtEASLcQXhWeY2ucz8cWaAXko8?width=1920&height=1920
19-05-2022,3751.599854,3869.029439,3721.66666,3843.842586,776622,10,LTIMindtree,LTM.NS,Stock,IT,https://1drv.ms/i/c/8705623eb284e7df/IQRWxHCVQtI7TrJbjoI9ODtEASLcQXhWeY2ucz8cWaAXko8?width=1920&height=1920
20-05-2022,3800.141113,3839.143427,3743.517272,3834.444353,494449,10,LTIMindtree,LTM.NS,Stock,IT,https://1drv.ms/i/c/8705623eb284e7df/IQRWxHCVQtI7TrJbjoI9ODtEASLcQXhWeY2ucz8cWaAXko8?width=1920&height=1920
23-05-2022,3897.55249,3919.121421,3769.455929,3808.129212,437040,10,LTIMindtree,LTM.NS,Stock,IT,https://1drv.ms/i/c/8705623eb284e7df/IQRWxHCVQtI7TrJbjoI9ODtEASLcQXhWeY2ucz8cWaAXko8?width=1920&height=1920
24-05-2022,3768.798096,3932.138178,3748.263281,3909.62943,491561,10,LTIMindtree,LTM.NS,Stock,IT,https://1drv.ms/i/c/8705623eb284e7df/IQRWxHCVQtI7TrJbjoI9ODtEASLcQXhWeY2ucz8cWaAXko8?width=1920&height=1920
25-05-2022,3593.570068,3763.300725,3575.995576,3759.259476,717220,10,LTIMindtree,LTM.NS,Stock,IT,https://1drv.ms/i/c/8705623eb284e7df/IQRWxHCVQtI7TrJbjoI9ODtEASLcQXhWeY2ucz8cWaAXko8?width=1920&height=1920
26-05-2022,3641.077148,3667.10997,3508.610311,3618.286642,480870,10,LTIMindtree,LTM.NS,Stock,IT,https://1drv.ms/i/c/8705623eb284e7df/IQRWxHCVQtI7TrJbjoI9ODtEASLcQXhWeY2ucz8cWaAXko8?width=1920&height=1920
27-05-2022,3757.379395,3766.495552,3657.806067,3712.268286,461722,10,LTIMindtree,LTM.NS,Stock,IT,https://1drv.ms/i/c/8705623eb284e7df/IQRWxHCVQtI7TrJbjoI9ODtEASLcQXhWeY2ucz8cWaAXko8?width=1920&height=1920
30-05-2022,3938.85791,3961.319392,3807.236801,3834.444394,586924,10,LTIMindtree,LTM.NS,Stock,IT,https://1drv.ms/i/c/8705623eb284e7df/IQRWxHCVQtI7TrJbjoI9ODtEASLcQXhWeY2ucz8cWaAXko8?width=1920&height=1920
31-05-2022,3997.690186,4020.5275,3889.376536,3956.431951,687879,10,LTIMindtree,LTM.NS,Stock,IT,https://1drv.ms/i/c/8705623eb284e7df/IQRWxHCVQtI7TrJbjoI9ODtEASLcQXhWeY2ucz8cWaAXko8?width=1920&height=1920
01-06-2022,3950.323242,4038.853977,3928.425742,4017.567264,540298,10,LTIMindtree,LTM.NS,Stock,IT,https://1drv.ms/i/c/8705623eb284e7df/IQRWxHCVQtI7TrJbjoI9ODtEASLcQXhWeY2ucz8cWaAXko8?width=1920&height=1920
02-06-2022,4072.781494,4088.758346,3918.933628,3926.54622,662287,10,LTIMindtree,LTM.NS,Stock,IT,https://1drv.ms/i/c/8705623eb284e7df/IQRWxHCVQtI7TrJbjoI9ODtEASLcQXhWeY2ucz8cWaAXko8?width=1920&height=1920
03-06-2022,4074.143799,4186.874763,4055.770604,4116.388656,634553,10,LTIMindtree,LTM.NS,Stock,IT,https://1drv.ms/i/c/8705623eb284e7df/IQRWxHCVQtI7TrJbjoI9ODtEASLcQXhWeY2ucz8cWaAXko8?width=1920&height=1920
06-06-2022,4074.190918,4092.000132,3962.258892,4058.778048,322336,10,LTIMindtree,LTM.NS,Stock,IT,https://1drv.ms/i/c/8705623eb284e7df/IQRWxHCVQtI7TrJbjoI9ODtEASLcQXhWeY2ucz8cWaAXko8?width=1920&height=1920
07-06-2022,4009.907715,4067.424101,3975.41633,4041.203362,218604,10,LTIMindtree,LTM.NS,Stock,IT,https://1drv.ms/i/c/8705623eb284e7df/IQRWxHCVQtI7TrJbjoI9ODtEASLcQXhWeY2ucz8cWaAXko8?width=1920&height=1920
08-06-2022,4055.39502,4075.788726,3977.296316,4030.865761,266121,10,LTIMindtree,LTM.NS,Stock,IT,https://1drv.ms/i/c/8705623eb284e7df/IQRWxHCVQtI7TrJbjoI9ODtEASLcQXhWeY2ucz8cWaAXko8?width=1920&height=1920
09-06-2022,4107.647949,4121.040308,3987.304412,4017.707506,318613,10,LTIMindtree,LTM.NS,Stock,IT,https://1drv.ms/i/c/8705623eb284e7df/IQRWxHCVQtI7TrJbjoI9ODtEASLcQXhWeY2ucz8cWaAXko8?width=1920&height=1920
10-06-2022,4070.760742,4089.36889,4008.309869,4050.601532,266771,10,LTIMindtree,LTM.NS,Stock,IT,https://1drv.ms/i/c/8705623eb284e7df/IQRWxHCVQtI7TrJbjoI9ODtEASLcQXhWeY2ucz8cWaAXko8?width=1920&height=1920
13-06-2022,3840.929199,3963.24601,3828.899753,3889.752764,430669,10,LTIMindtree,LTM.NS,Stock,IT,https://1drv.ms/i/c/8705623eb284e7df/IQRWxHCVQtI7TrJbjoI9ODtEASLcQXhWeY2ucz8cWaAXko8?width=1920&height=1920
14-06-2022,3938.95166,3956.573186,3778.055196,3778.055196,553323,10,LTIMindtree,LTM.NS,Stock,IT,https://1drv.ms/i/c/8705623eb284e7df/IQRWxHCVQtI7TrJbjoI9ODtEASLcQXhWeY2ucz8cWaAXko8?width=1920&height=1920
15-06-2022,3948.960205,3987.586678,3914.609705,3962.25849,202139,10,LTIMindtree,LTM.NS,Stock,IT,https://1drv.ms/i/c/8705623eb284e7df/IQRWxHCVQtI7TrJbjoI9ODtEASLcQXhWeY2ucz8cWaAXko8?width=1920&height=1920
16-06-2022,3816.869873,4116.388802,3792.340615,4116.388802,519669,10,LTIMindtree,LTM.NS,Stock,IT,https://1drv.ms/i/c/8705623eb284e7df/IQRWxHCVQtI7TrJbjoI9ODtEASLcQXhWeY2ucz8cWaAXko8?width=1920&height=1920
17-06-2022,3762.360596,3848.447493,3723.828189,3782.754531,355025,10,LTIMindtree,LTM.NS,Stock,IT,https://1drv.ms/i/c/8705623eb284e7df/IQRWxHCVQtI7TrJbjoI9ODtEASLcQXhWeY2ucz8cWaAXko8?width=1920&height=1920
20-06-2022,3718.706299,3813.298567,3665.277735,3794.032364,260560,10,LTIMindtree,LTM.NS,Stock,IT,https://1drv.ms/i/c/8705623eb284e7df/IQRWxHCVQtI7TrJbjoI9ODtEASLcQXhWeY2ucz8cWaAXko8?width=1920&height=1920
21-06-2022,3870.580078,3897.03577,3740.556621,3761.138472,309393,10,LTIMindtree,LTM.NS,Stock,IT,https://1drv.ms/i/c/8705623eb284e7df/IQRWxHCVQtI7TrJbjoI9ODtEASLcQXhWeY2ucz8cWaAXko8?width=1920&height=1920
22-06-2022,3779.888184,3867.337999,3764.522349,3867.337999,237650,10,LTIMindtree,LTM.NS,Stock,IT,https://1drv.ms/i/c/8705623eb284e7df/IQRWxHCVQtI7TrJbjoI9ODtEASLcQXhWeY2ucz8cWaAXko8?width=1920&height=1920
23-06-2022,3884.254395,3896.471986,3773.40329,3806.24977,274113,10,LTIMindtree,LTM.NS,Stock,IT,https://1drv.ms/i/c/8705623eb284e7df/IQRWxHCVQtI7TrJbjoI9ODtEASLcQXhWeY2ucz8cWaAXko8?width=1920&height=1920
24-06-2022,3790.977539,3954.881131,3765.837496,3942.475852,368631,10,LTIMindtree,LTM.NS,Stock,IT,https://1drv.ms/i/c/8705623eb284e7df/IQRWxHCVQtI7TrJbjoI9ODtEASLcQXhWeY2ucz8cWaAXko8?width=1920&height=1920
27-06-2022,3912.730225,3950.980865,3846.6144,3884.912078,312125,10,LTIMindtree,LTM.NS,Stock,IT,https://1drv.ms/i/c/8705623eb284e7df/IQRWxHCVQtI7TrJbjoI9ODtEASLcQXhWeY2ucz8cWaAXko8?width=1920&height=1920
28-06-2022,3968.461914,3980.068718,3830.684978,3869.40553,299984,10,LTIMindtree,LTM.NS,Stock,IT,https://1drv.ms/i/c/8705623eb284e7df/IQRWxHCVQtI7TrJbjoI9ODtEASLcQXhWeY2ucz8cWaAXko8?width=1920&height=1920
29-06-2022,3840.929199,3950.981609,3820.5823,3909.629756,386244,10,LTIMindtree,LTM.NS,Stock,IT,https://1drv.ms/i/c/8705623eb284e7df/IQRWxHCVQtI7TrJbjoI9ODtEASLcQXhWeY2ucz8cWaAXko8?width=1920&height=1920
30-06-2022,3763.815186,3890.066103,3750.134484,3870.373585,374541,10,LTIMindtree,LTM.NS,Stock,IT,https://1drv.ms/i/c/8705623eb284e7df/IQRWxHCVQtI7TrJbjoI9ODtEASLcQXhWeY2ucz8cWaAXko8?width=1920&height=1920
01-07-2022,3787.815674,3802.159064,3697.352274,3734.986165,268702,10,LTIMindtree,LTM.NS,Stock,IT,https://1drv.ms/i/c/8705623eb284e7df/IQRWxHCVQtI7TrJbjoI9ODtEASLcQXhWeY2ucz8cWaAXko8?width=1920&height=1920
04-07-2022,3764.477783,3826.727553,3720.784692,3806.040886,201981,10,LTIMindtree,LTM.NS,Stock,IT,https://1drv.ms/i/c/8705623eb284e7df/IQRWxHCVQtI7TrJbjoI9ODtEASLcQXhWeY2ucz8cWaAXko8?width=1920&height=1920
05-07-2022,3748.335693,3830.751364,3739.720043,3798.892829,274199,10,LTIMindtree,LTM.NS,Stock,IT,https://1drv.ms/i/c/8705623eb284e7df/IQRWxHCVQtI7TrJbjoI9ODtEASLcQXhWeY2ucz8cWaAXko8?width=1920&height=1920
06-07-2022,3799.177246,3823.982434,3748.241262,3749.188026,319962,10,LTIMindtree,LTM.NS,Stock,IT,https://1drv.ms/i/c/8705623eb284e7df/IQRWxHCVQtI7TrJbjoI9ODtEASLcQXhWeY2ucz8cWaAXko8?width=1920&height=1920
07-07-2022,3829.899414,3898.397924,3798.324723,3843.864192,408992,10,LTIMindtree,LTM.NS,Stock,IT,https://1drv.ms/i/c/8705623eb284e7df/IQRWxHCVQtI7TrJbjoI9ODtEASLcQXhWeY2ucz8cWaAXko8?width=1920&height=1920
08-07-2022,3851.295898,3900.669573,3815.508156,3872.219254,280222,10,LTIMindtree,LTM.NS,Stock,IT,https://1drv.ms/i/c/8705623eb284e7df/IQRWxHCVQtI7TrJbjoI9ODtEASLcQXhWeY2ucz8cWaAXko8?width=1920&height=1920
11-07-2022,3744.927246,3805.946176,3682.914167,3791.792092,478264,10,LTIMindtree,LTM.NS,Stock,IT,https://1drv.ms/i/c/8705623eb284e7df/IQRWxHCVQtI7TrJbjoI9ODtEASLcQXhWeY2ucz8cWaAXko8?width=1920&height=1920
12-07-2022,3772.904297,3842.491495,3715.151657,3730.157737,472230,10,LTIMindtree,LTM.NS,Stock,IT,https://1drv.ms/i/c/8705623eb284e7df/IQRWxHCVQtI7TrJbjoI9ODtEASLcQXhWeY2ucz8cWaAXko8?width=1920&height=1920
13-07-2022,3801.685791,3839.130376,3745.400683,3810.63267,420839,10,LTIMindtree,LTM.NS,Stock,IT,https://1drv.ms/i/c/8705623eb284e7df/IQRWxHCVQtI7TrJbjoI9ODtEASLcQXhWeY2ucz8cWaAXko8?width=1920&height=1920
14-07-2022,3667.386963,3871.272554,3629.090155,3862.799058,763471,10,LTIMindtree,LTM.NS,Stock,IT,https://1drv.ms/i/c/8705623eb284e7df/IQRWxHCVQtI7TrJbjoI9ODtEASLcQXhWeY2ucz8cWaAXko8?width=1920&height=1920
15-07-2022,3762.962891,3801.259468,3641.256268,3667.387061,1269258,10,LTIMindtree,LTM.NS,Stock,IT,https://1drv.ms/i/c/8705623eb284e7df/IQRWxHCVQtI7TrJbjoI9ODtEASLcQXhWeY2ucz8cWaAXko8?width=1920&height=1920
18-07-2022,3991.322266,4012.719235,3787.057834,3794.631949,1112673,10,LTIMindtree,LTM.NS,Stock,IT,https://1drv.ms/i/c/8705623eb284e7df/IQRWxHCVQtI7TrJbjoI9ODtEASLcQXhWeY2ucz8cWaAXko8?width=1920&height=1920
19-07-2022,4081.454834,4104.177183,3936.268397,3962.209654,1109853,10,LTIMindtree,LTM.NS,Stock,IT,https://1drv.ms/i/c/8705623eb284e7df/IQRWxHCVQtI7TrJbjoI9ODtEASLcQXhWeY2ucz8cWaAXko8?width=1920&height=1920
20-07-2022,4208.036133,4222.569058,4107.868648,4147.72752,871377,10,LTIMindtree,LTM.NS,Stock,IT,https://1drv.ms/i/c/8705623eb284e7df/IQRWxHCVQtI7TrJbjoI9ODtEASLcQXhWeY2ucz8cWaAXko8?width=1920&height=1920
21-07-2022,4288.795898,4296.417168,4162.308073,4208.036612,741668,10,LTIMindtree,LTM.NS,Stock,IT,https://1drv.ms/i/c/8705623eb284e7df/IQRWxHCVQtI7TrJbjoI9ODtEASLcQXhWeY2ucz8cWaAXko8?width=1920&height=1920
22-07-2022,4264.984375,4317.151189,4241.551955,4294.050229,457298,10,LTIMindtree,LTM.NS,Stock,IT,https://1drv.ms/i/c/8705623eb284e7df/IQRWxHCVQtI7TrJbjoI9ODtEASLcQXhWeY2ucz8cWaAXko8?width=1920&height=1920
25-07-2022,4261.197266,4288.937741,4223.137612,4243.398279,421761,10,LTIMindtree,LTM.NS,Stock,IT,https://1drv.ms/i/c/8705623eb284e7df/IQRWxHCVQtI7TrJbjoI9ODtEASLcQXhWeY2ucz8cWaAXko8?width=1920&height=1920
26-07-2022,4084.247314,4270.854691,4076.247432,4268.961162,469178,10,LTIMindtree,LTM.NS,Stock,IT,https://1drv.ms/i/c/8705623eb284e7df/IQRWxHCVQtI7TrJbjoI9ODtEASLcQXhWeY2ucz8cWaAXko8?width=1920&height=1920
27-07-2022,4177.977051,4189.385841,4046.092938,4084.247363,345740,10,LTIMindtree,LTM.NS,Stock,IT,https://1drv.ms/i/c/8705623eb284e7df/IQRWxHCVQtI7TrJbjoI9ODtEASLcQXhWeY2ucz8cWaAXko8?width=1920&height=1920
28-07-2022,4401.603516,4411.970311,4213.197355,4222.570232,824934,10,LTIMindtree,LTM.NS,Stock,IT,https://1drv.ms/i/c/8705623eb284e7df/IQRWxHCVQtI7TrJbjoI9ODtEASLcQXhWeY2ucz8cWaAXko8?width=1920&height=1920
29-07-2022,4478.90625,4577.606451,4402.455015,4430.857951,777901,10,LTIMindtree,LTM.NS,Stock,IT,https://1drv.ms/i/c/8705623eb284e7df/IQRWxHCVQtI7TrJbjoI9ODtEASLcQXhWeY2ucz8cWaAXko8?width=1920&height=1920
01-08-2022,4515.166992,4547.546523,4430.8578,4506.598958,328694,10,LTIMindtree,LTM.NS,Stock,IT,https://1drv.ms/i/c/8705623eb284e7df/IQRWxHCVQtI7TrJbjoI9ODtEASLcQXhWeY2ucz8cWaAXko8?width=1920&height=1920
02-08-2022,4441.272461,4490.030835,4422.33717,4478.149125,360188,10,LTIMindtree,LTM.NS,Stock,IT,https://1drv.ms/i/c/8705623eb284e7df/IQRWxHCVQtI7TrJbjoI9ODtEASLcQXhWeY2ucz8cWaAXko8?width=1920&height=1920
03-08-2022,4531.167969,4565.298646,4430.85808,4435.591903,724743,10,LTIMindtree,LTM.NS,Stock,IT,https://1drv.ms/i/c/8705623eb284e7df/IQRWxHCVQtI7TrJbjoI9ODtEASLcQXhWeY2ucz8cWaAXko8?width=1920&height=1920
04-08-2022,4644.116699,4653.773882,4533.013789,4582.340314,583827,10,LTIMindtree,LTM.NS,Stock,IT,https://1drv.ms/i/c/8705623eb284e7df/IQRWxHCVQtI7TrJbjoI9ODtEASLcQXhWeY2ucz8cWaAXko8?width=1920&height=1920
05-08-2022,4663.146484,4694.673556,4634.885472,4671.099213,306170,10,LTIMindtree,LTM.NS,Stock,IT,https://1drv.ms/i/c/8705623eb284e7df/IQRWxHCVQtI7TrJbjoI9ODtEASLcQXhWeY2ucz8cWaAXko8?width=1920&height=1920
08-08-2022,4639.335938,4695.857505,4616.42405,4667.549337,191049,10,LTIMindtree,LTM.NS,Stock,IT,https://1drv.ms/i/c/8705623eb284e7df/IQRWxHCVQtI7TrJbjoI9ODtEASLcQXhWeY2ucz8cWaAXko8?width=1920&height=1920
10-08-2022,4598.056641,4666.602299,4531.688356,4658.081418,231234,10,LTIMindtree,LTM.NS,Stock,IT,https://1drv.ms/i/c/8705623eb284e7df/IQRWxHCVQtI7TrJbjoI9ODtEASLcQXhWeY2ucz8cWaAXko8?width=1920&height=1920
11-08-2022,4735.242676,4777.373696,4662.815191,4667.549014,447931,10,LTIMindtree,LTM.NS,Stock,IT,https://1drv.ms/i/c/8705623eb284e7df/IQRWxHCVQtI7TrJbjoI9ODtEASLcQXhWeY2ucz8cWaAXko8?width=1920&height=1920
12-08-2022,4649.939941,4746.131325,4635.359858,4746.131325,248304,10,LTIMindtree,LTM.NS,Stock,IT,https://1drv.ms/i/c/8705623eb284e7df/IQRWxHCVQtI7TrJbjoI9ODtEASLcQXhWeY2ucz8cWaAXko8?width=1920&height=1920
16-08-2022,4626.837891,4718.200661,4620.210539,4714.886985,244252,10,LTIMindtree,LTM.NS,Stock,IT,https://1drv.ms/i/c/8705623eb284e7df/IQRWxHCVQtI7TrJbjoI9ODtEASLcQXhWeY2ucz8cWaAXko8?width=1920&height=1920
17-08-2022,4696.946289,4732.87619,4626.838556,4632.519144,330123,10,LTIMindtree,LTM.NS,Stock,IT,https://1drv.ms/i/c/8705623eb284e7df/IQRWxHCVQtI7TrJbjoI9ODtEASLcQXhWeY2ucz8cWaAXko8?width=1920&height=1920
18-08-2022,4662.010254,4676.069799,4593.796058,4676.069799,254556,10,LTIMindtree,LTM.NS,Stock,IT,https://1drv.ms/i/c/8705623eb284e7df/IQRWxHCVQtI7TrJbjoI9ODtEASLcQXhWeY2ucz8cWaAXko8?width=1920&height=1920
19-08-2022,4632.234863,4752.710646,4610.743124,4665.655465,464374,10,LTIMindtree,LTM.NS,Stock,IT,https://1drv.ms/i/c/8705623eb284e7df/IQRWxHCVQtI7TrJbjoI9ODtEASLcQXhWeY2ucz8cWaAXko8?width=1920&height=1920
22-08-2022,4470.338379,4614.483282,4459.261049,4612.636906,286006,10,LTIMindtree,LTM.NS,Stock,IT,https://1drv.ms/i/c/8705623eb284e7df/IQRWxHCVQtI7TrJbjoI9ODtEASLcQXhWeY2ucz8cWaAXko8?width=1920&height=1920
23-08-2022,4416.467773,4459.261723,4337.034308,4378.691954,391813,10,LTIMindtree,LTM.NS,Stock,IT,https://1drv.ms/i/c/8705623eb284e7df/IQRWxHCVQtI7TrJbjoI9ODtEASLcQXhWeY2ucz8cWaAXko8?width=1920&height=1920
24-08-2022,4410.407715,4455.473798,4379.827406,4437.485272,197958,10,LTIMindtree,LTM.NS,Stock,IT,https://1drv.ms/i/c/8705623eb284e7df/IQRWxHCVQtI7TrJbjoI9ODtEASLcQXhWeY2ucz8cWaAXko8?width=1920&height=1920
25-08-2022,4385.129395,4473.415186,4374.052065,4446.952933,253146,10,LTIMindtree,LTM.NS,Stock,IT,https://1drv.ms/i/c/8705623eb284e7df/IQRWxHCVQtI7TrJbjoI9ODtEASLcQXhWeY2ucz8cWaAXko8?width=1920&height=1920
26-08-2022,4410.929199,4494.717868,4403.402236,4430.85841,256985,10,LTIMindtree,LTM.NS,Stock,IT,https://1drv.ms/i/c/8705623eb284e7df/IQRWxHCVQtI7TrJbjoI9ODtEASLcQXhWeY2ucz8cWaAXko8?width=1920&height=1920
29-08-2022,4233.789063,4298.310973,4165.763938,4214.04893,346911,10,LTIMindtree,LTM.NS,Stock,IT,https://1drv.ms/i/c/8705623eb284e7df/IQRWxHCVQtI7TrJbjoI9ODtEASLcQXhWeY2ucz8cWaAXko8?width=1920&height=1920
30-08-2022,4394.59668,4412.537588,4265.173796,4298.310551,404437,10,LTIMindtree,LTM.NS,Stock,IT,https://1drv.ms/i/c/8705623eb284e7df/IQRWxHCVQtI7TrJbjoI9ODtEASLcQXhWeY2ucz8cWaAXko8?width=1920&height=1920
01-09-2022,4292.48877,4355.117155,4272.748635,4326.714217,241724,10,LTIMindtree,LTM.NS,Stock,IT,https://1drv.ms/i/c/8705623eb284e7df/IQRWxHCVQtI7TrJbjoI9ODtEASLcQXhWeY2ucz8cWaAXko8?width=1920&height=1920
02-09-2022,4281.269531,4354.170406,4269.908356,4326.619463,176676,10,LTIMindtree,LTM.NS,Stock,IT,https://1drv.ms/i/c/8705623eb284e7df/IQRWxHCVQtI7TrJbjoI9ODtEASLcQXhWeY2ucz8cWaAXko8?width=1920&height=1920
05-09-2022,4257.126953,4330.027826,4247.659307,4277.009009,216426,10,LTIMindtree,LTM.NS,Stock,IT,https://1drv.ms/i/c/8705623eb284e7df/IQRWxHCVQtI7TrJbjoI9ODtEASLcQXhWeY2ucz8cWaAXko8?width=1920&height=1920
06-09-2022,4223.611816,4302.903355,4213.576019,4285.056749,245531,10,LTIMindtree,LTM.NS,Stock,IT,https://1drv.ms/i/c/8705623eb284e7df/IQRWxHCVQtI7TrJbjoI9ODtEASLcQXhWeY2ucz8cWaAXko8?width=1920&height=1920
07-09-2022,4270.144043,4285.055582,4180.390965,4194.166202,228545,10,LTIMindtree,LTM.NS,Stock,IT,https://1drv.ms/i/c/8705623eb284e7df/IQRWxHCVQtI7TrJbjoI9ODtEASLcQXhWeY2ucz8cWaAXko8?width=1920&height=1920
08-09-2022,4282.642578,4329.507427,4269.624565,4325.767521,210685,10,LTIMindtree,LTM.NS,Stock,IT,https://1drv.ms/i/c/8705623eb284e7df/IQRWxHCVQtI7TrJbjoI9ODtEASLcQXhWeY2ucz8cWaAXko8?width=1920&height=1920
09-09-2022,4424.79834,4449.745675,4268.014058,4303.044341,482895,10,LTIMindtree,LTM.NS,Stock,IT,https://1drv.ms/i/c/8705623eb284e7df/IQRWxHCVQtI7TrJbjoI9ODtEASLcQXhWeY2ucz8cWaAXko8?width=1920&height=1920
12-09-2022,4555.925293,4580.4464,4456.940793,4486.716719,755745,10,LTIMindtree,LTM.NS,Stock,IT,https://1drv.ms/i/c/8705623eb284e7df/IQRWxHCVQtI7TrJbjoI9ODtEASLcQXhWeY2ucz8cWaAXko8?width=1920&height=1920
13-09-2022,4523.546387,4591.808205,4493.391842,4587.26392,313539,10,LTIMindtree,LTM.NS,Stock,IT,https://1drv.ms/i/c/8705623eb284e7df/IQRWxHCVQtI7TrJbjoI9ODtEASLcQXhWeY2ucz8cWaAXko8?width=1920&height=1920
14-09-2022,4372.490234,4395.070662,4303.044961,4362.691129,568515,10,LTIMindtree,LTM.NS,Stock,IT,https://1drv.ms/i/c/8705623eb284e7df/IQRWxHCVQtI7TrJbjoI9ODtEASLcQXhWeY2ucz8cWaAXko8?width=1920&height=1920
15-09-2022,4351.755859,4416.182999,4292.630232,4383.519623,304309,10,LTIMindtree,LTM.NS,Stock,IT,https://1drv.ms/i/c/8705623eb284e7df/IQRWxHCVQtI7TrJbjoI9ODtEASLcQXhWeY2ucz8cWaAXko8?width=1920&height=1920
16-09-2022,4146.356445,4326.71514,4120.983334,4326.71514,516498,10,LTIMindtree,LTM.NS,Stock,IT,https://1drv.ms/i/c/8705623eb284e7df/IQRWxHCVQtI7TrJbjoI9ODtEASLcQXhWeY2ucz8cWaAXko8?width=1920&height=1920
19-09-2022,4122.402832,4156.296822,4034.495642,4154.403292,332316,10,LTIMindtree,LTM.NS,Stock,IT,https://1drv.ms/i/c/8705623eb284e7df/IQRWxHCVQtI7TrJbjoI9ODtEASLcQXhWeY2ucz8cWaAXko8?width=1920&height=1920
20-09-2022,4171.208008,4256.890201,4156.864617,4165.764112,311399,10,LTIMindtree,LTM.NS,Stock,IT,https://1drv.ms/i/c/8705623eb284e7df/IQRWxHCVQtI7TrJbjoI9ODtEASLcQXhWeY2ucz8cWaAXko8?width=1920&height=1920
21-09-2022,4176.083008,4238.664227,4137.076592,4151.561902,283595,10,LTIMindtree,LTM.NS,Stock,IT,https://1drv.ms/i/c/8705623eb284e7df/IQRWxHCVQtI7TrJbjoI9ODtEASLcQXhWeY2ucz8cWaAXko8?width=1920&height=1920
22-09-2022,4195.870605,4227.303371,4129.78663,4142.094568,331517,10,LTIMindtree,LTM.NS,Stock,IT,https://1drv.ms/i/c/8705623eb284e7df/IQRWxHCVQtI7TrJbjoI9ODtEASLcQXhWeY2ucz8cWaAXko8?width=1920&height=1920
23-09-2022,4182.711426,4279.376188,4167.65796,4176.178842,346327,10,LTIMindtree,LTM.NS,Stock,IT,https://1drv.ms/i/c/8705623eb284e7df/IQRWxHCVQtI7TrJbjoI9ODtEASLcQXhWeY2ucz8cWaAXko8?width=1920&height=1920
26-09-2022,4176.083008,4246.238342,4056.364927,4143.987787,337094,10,LTIMindtree,LTM.NS,Stock,IT,https://1drv.ms/i/c/8705623eb284e7df/IQRWxHCVQtI7TrJbjoI9ODtEASLcQXhWeY2ucz8cWaAXko8?width=1920&height=1920
27-09-2022,4272.795898,4300.204919,4143.988756,4197.007575,353988,10,LTIMindtree,LTM.NS,Stock,IT,https://1drv.ms/i/c/8705623eb284e7df/IQRWxHCVQtI7TrJbjoI9ODtEASLcQXhWeY2ucz8cWaAXko8?width=1920&height=1920
28-09-2022,4285.19873,4320.0871,4222.712264,4259.494163,374946,10,LTIMindtree,LTM.NS,Stock,IT,https://1drv.ms/i/c/8705623eb284e7df/IQRWxHCVQtI7TrJbjoI9ODtEASLcQXhWeY2ucz8cWaAXko8?width=1920&height=1920
29-09-2022,4203.871582,4351.945475,4153.929749,4307.778999,466182,10,LTIMindtree,LTM.NS,Stock,IT,https://1drv.ms/i/c/8705623eb284e7df/IQRWxHCVQtI7TrJbjoI9ODtEASLcQXhWeY2ucz8cWaAXko8?width=1920&height=1920
30-09-2022,4220.533691,4241.314892,4083.016165,4184.698567,410491,10,LTIMindtree,LTM.NS,Stock,IT,https://1drv.ms/i/c/8705623eb284e7df/IQRWxHCVQtI7TrJbjoI9ODtEASLcQXhWeY2ucz8cWaAXko8?width=1920&height=1920
03-10-2022,4213.765625,4260.440937,4144.93565,4219.730057,243677,10,LTIMindtree,LTM.NS,Stock,IT,https://1drv.ms/i/c/8705623eb284e7df/IQRWxHCVQtI7TrJbjoI9ODtEASLcQXhWeY2ucz8cWaAXko8?width=1920&height=1920
04-10-2022,4343.850586,4352.75008,4259.493771,4293.577295,282151,10,LTIMindtree,LTM.NS,Stock,IT,https://1drv.ms/i/c/8705623eb284e7df/IQRWxHCVQtI7TrJbjoI9ODtEASLcQXhWeY2ucz8cWaAXko8?width=1920&height=1920
06-10-2022,4417.887207,4429.674611,4365.05793,4369.318371,277078,10,LTIMindtree,LTM.NS,Stock,IT,https://1drv.ms/i/c/8705623eb284e7df/IQRWxHCVQtI7TrJbjoI9ODtEASLcQXhWeY2ucz8cWaAXko8?width=1920&height=1920
07-10-2022,4397.958496,4435.497622,4362.691513,4421.390921,205622,10,LTIMindtree,LTM.NS,Stock,IT,https://1drv.ms/i/c/8705623eb284e7df/IQRWxHCVQtI7TrJbjoI9ODtEASLcQXhWeY2ucz8cWaAXko8?width=1920&height=1920
10-10-2022,4447.425781,4463.947005,4303.801436,4326.71332,236016,10,LTIMindtree,LTM.NS,Stock,IT,https://1drv.ms/i/c/8705623eb284e7df/IQRWxHCVQtI7TrJbjoI9ODtEASLcQXhWeY2ucz8cWaAXko8?width=1920&height=1920
11-10-2022,4359.567383,4503.664686,4337.460336,4475.356515,332326,10,LTIMindtree,LTM.NS,Stock,IT,https://1drv.ms/i/c/8705623eb284e7df/IQRWxHCVQtI7TrJbjoI9ODtEASLcQXhWeY2ucz8cWaAXko8?width=1920&height=1920
12-10-2022,4395.165039,4406.715752,4313.412287,4362.785968,272767,10,LTIMindtree,LTM.NS,Stock,IT,https://1drv.ms/i/c/8705623eb284e7df/IQRWxHCVQtI7TrJbjoI9ODtEASLcQXhWeY2ucz8cWaAXko8?width=1920&height=1920
13-10-2022,4352.087402,4393.034972,4317.720032,4369.318703,286696,10,LTIMindtree,LTM.NS,Stock,IT,https://1drv.ms/i/c/8705623eb284e7df/IQRWxHCVQtI7TrJbjoI9ODtEASLcQXhWeY2ucz8cWaAXko8?width=1920&height=1920
14-10-2022,4420.016602,4559.617192,4383.51902,4478.195457,837508,10,LTIMindtree,LTM.NS,Stock,IT,https://1drv.ms/i/c/8705623eb284e7df/IQRWxHCVQtI7TrJbjoI9ODtEASLcQXhWeY2ucz8cWaAXko8?width=1920&height=1920
17-10-2022,4394.739258,4440.278727,4332.394718,4440.278727,290860,10,LTIMindtree,LTM.NS,Stock,IT,https://1drv.ms/i/c/8705623eb284e7df/IQRWxHCVQtI7TrJbjoI9ODtEASLcQXhWeY2ucz8cWaAXko8?width=1920&height=1920
18-10-2022,4471.000488,4532.918793,4423.283651,4444.11247,317650,10,LTIMindtree,LTM.NS,Stock,IT,https://1drv.ms/i/c/8705623eb284e7df/IQRWxHCVQtI7TrJbjoI9ODtEASLcQXhWeY2ucz8cWaAXko8?width=1920&height=1920
19-10-2022,4444.680664,4488.326599,4419.496636,4488.326599,151545,10,LTIMindtree,LTM.NS,Stock,IT,https://1drv.ms/i/c/8705623eb284e7df/IQRWxHCVQtI7TrJbjoI9ODtEASLcQXhWeY2ucz8cWaAXko8?width=1920&height=1920
20-10-2022,4505.274414,4513.227145,4411.970479,4444.113324,213951,10,LTIMindtree,LTM.NS,Stock,IT,https://1drv.ms/i/c/8705623eb284e7df/IQRWxHCVQtI7TrJbjoI9ODtEASLcQXhWeY2ucz8cWaAXko8?width=1920&height=1920
21-10-2022,4511.569824,4525.581755,4470.432719,4492.58738,163643,10,LTIMindtree,LTM.NS,Stock,IT,https://1drv.ms/i/c/8705623eb284e7df/IQRWxHCVQtI7TrJbjoI9ODtEASLcQXhWeY2ucz8cWaAXko8?width=1920&height=1920
24-10-2022,4486.054688,4543.476332,4466.125477,4543.476332,27128,10,LTIMindtree,LTM.NS,Stock,IT,https://1drv.ms/i/c/8705623eb284e7df/IQRWxHCVQtI7TrJbjoI9ODtEASLcQXhWeY2ucz8cWaAXko8?width=1920&height=1920
25-10-2022,4553.653809,4563.405299,4463.995017,4495.238249,223452,10,LTIMindtree,LTM.NS,Stock,IT,https://1drv.ms/i/c/8705623eb284e7df/IQRWxHCVQtI7TrJbjoI9ODtEASLcQXhWeY2ucz8cWaAXko8?width=1920&height=1920
27-10-2022,4427.307617,4544.327805,4405.342495,4517.155478,327850,10,LTIMindtree,LTM.NS,Stock,IT,https://1drv.ms/i/c/8705623eb284e7df/IQRWxHCVQtI7TrJbjoI9ODtEASLcQXhWeY2ucz8cWaAXko8?width=1920&height=1920
28-10-2022,4340.110352,4444.06537,4312.701797,4427.307454,279801,10,LTIMindtree,LTM.NS,Stock,IT,https://1drv.ms/i/c/8705623eb284e7df/IQRWxHCVQtI7TrJbjoI9ODtEASLcQXhWeY2ucz8cWaAXko8?width=1920&height=1920
31-10-2022,4487.522461,4497.13203,4378.928372,4383.520273,284185,10,LTIMindtree,LTM.NS,Stock,IT,https://1drv.ms/i/c/8705623eb284e7df/IQRWxHCVQtI7TrJbjoI9ODtEASLcQXhWeY2ucz8cWaAXko8?width=1920&height=1920
01-11-2022,4587.689941,4596.542283,4482.977681,4482.977681,271134,10,LTIMindtree,LTM.NS,Stock,IT,https://1drv.ms/i/c/8705623eb284e7df/IQRWxHCVQtI7TrJbjoI9ODtEASLcQXhWeY2ucz8cWaAXko8?width=1920&height=1920
02-11-2022,4601.133789,4608.849828,4535.475575,4587.074243,172526,10,LTIMindtree,LTM.NS,Stock,IT,https://1drv.ms/i/c/8705623eb284e7df/IQRWxHCVQtI7TrJbjoI9ODtEASLcQXhWeY2ucz8cWaAXko8?width=1920&height=1920
03-11-2022,4581.393555,4587.973753,4521.32116,4542.48144,123015,10,LTIMindtree,LTM.NS,Stock,IT,https://1drv.ms/i/c/8705623eb284e7df/IQRWxHCVQtI7TrJbjoI9ODtEASLcQXhWeY2ucz8cWaAXko8?width=1920&height=1920
04-11-2022,4551.002441,4575.429244,4497.652166,4558.671327,210847,10,LTIMindtree,LTM.NS,Stock,IT,https://1drv.ms/i/c/8705623eb284e7df/IQRWxHCVQtI7TrJbjoI9ODtEASLcQXhWeY2ucz8cWaAXko8?width=1920&height=1920
07-11-2022,4601.701172,4614.671567,4537.510269,4573.771622,161003,10,LTIMindtree,LTM.NS,Stock,IT,https://1drv.ms/i/c/8705623eb284e7df/IQRWxHCVQtI7TrJbjoI9ODtEASLcQXhWeY2ucz8cWaAXko8?width=1920&height=1920
09-11-2022,4579.546387,4636.068404,4546.031021,4591.996708,222628,10,LTIMindtree,LTM.NS,Stock,IT,https://1drv.ms/i/c/8705623eb284e7df/IQRWxHCVQtI7TrJbjoI9ODtEASLcQXhWeY2ucz8cWaAXko8?width=1920&height=1920
10-11-2022,4603.64209,4643.78481,4533.534368,4533.534368,307460,10,LTIMindtree,LTM.NS,Stock,IT,https://1drv.ms/i/c/8705623eb284e7df/IQRWxHCVQtI7TrJbjoI9ODtEASLcQXhWeY2ucz8cWaAXko8?width=1920&height=1920
11-11-2022,4788.734863,4804.82986,4667.643776,4707.313116,771362,10,LTIMindtree,LTM.NS,Stock,IT,https://1drv.ms/i/c/8705623eb284e7df/IQRWxHCVQtI7TrJbjoI9ODtEASLcQXhWeY2ucz8cWaAXko8?width=1920&height=1920
14-11-2022,4881.234375,4911.814686,4805.777052,4824.712344,664125,10,LTIMindtree,LTM.NS,Stock,IT,https://1drv.ms/i/c/8705623eb284e7df/IQRWxHCVQtI7TrJbjoI9ODtEASLcQXhWeY2ucz8cWaAXko8?width=1920&height=1920
15-11-2022,4862.062012,5074.657799,4824.711967,4932.643121,1013747,10,LTIMindtree,LTM.NS,Stock,IT,https://1drv.ms/i/c/8705623eb284e7df/IQRWxHCVQtI7TrJbjoI9ODtEASLcQXhWeY2ucz8cWaAXko8?width=1920&height=1920
16-11-2022,4779.314453,4940.832573,4736.662896,4866.369636,426335,10,LTIMindtree,LTM.NS,Stock,IT,https://1drv.ms/i/c/8705623eb284e7df/IQRWxHCVQtI7TrJbjoI9ODtEASLcQXhWeY2ucz8cWaAXko8?width=1920&height=1920
17-11-2022,4667.548828,4760.331746,4599.949938,4760.331746,451474,10,LTIMindtree,LTM.NS,Stock,IT,https://1drv.ms/i/c/8705623eb284e7df/IQRWxHCVQtI7TrJbjoI9ODtEASLcQXhWeY2ucz8cWaAXko8?width=1920&height=1920
18-11-2022,4635.263672,4756.544282,4592.801197,4672.235099,460492,10,LTIMindtree,LTM.NS,Stock,IT,https://1drv.ms/i/c/8705623eb284e7df/IQRWxHCVQtI7TrJbjoI9ODtEASLcQXhWeY2ucz8cWaAXko8?width=1920&height=1920
21-11-2022,4513.084473,4638.19931,4503.616828,4638.19931,304871,10,LTIMindtree,LTM.NS,Stock,IT,https://1drv.ms/i/c/8705623eb284e7df/IQRWxHCVQtI7TrJbjoI9ODtEASLcQXhWeY2ucz8cWaAXko8?width=1920&height=1920
22-11-2022,4502.954102,4543.523055,4473.462478,4501.865415,535654,10,LTIMindtree,LTM.NS,Stock,IT,https://1drv.ms/i/c/8705623eb284e7df/IQRWxHCVQtI7TrJbjoI9ODtEASLcQXhWeY2ucz8cWaAXko8?width=1920&height=1920
23-11-2022,4489.604492,4560.943291,4443.165878,4526.954537,309325,10,LTIMindtree,LTM.NS,Stock,IT,https://1drv.ms/i/c/8705623eb284e7df/IQRWxHCVQtI7TrJbjoI9ODtEASLcQXhWeY2ucz8cWaAXko8?width=1920&height=1920
24-11-2022,4682.270996,4719.621041,4492.870942,4514.12599,549567,10,LTIMindtree,LTM.NS,Stock,IT,https://1drv.ms/i/c/8705623eb284e7df/IQRWxHCVQtI7TrJbjoI9ODtEASLcQXhWeY2ucz8cWaAXko8?width=1920&height=1920
25-11-2022,4675.407227,4707.266224,4643.880152,4700.686025,259072,10,LTIMindtree,LTM.NS,Stock,IT,https://1drv.ms/i/c/8705623eb284e7df/IQRWxHCVQtI7TrJbjoI9ODtEASLcQXhWeY2ucz8cWaAXko8?width=1920&height=1920
28-11-2022,4678.248047,4747.504252,4645.774204,4667.549791,288290,10,LTIMindtree,LTM.NS,Stock,IT,https://1drv.ms/i/c/8705623eb284e7df/IQRWxHCVQtI7TrJbjoI9ODtEASLcQXhWeY2ucz8cWaAXko8?width=1920&height=1920
29-11-2022,4650.650391,4697.657168,4641.040821,4672.047367,156295,10,LTIMindtree,LTM.NS,Stock,IT,https://1drv.ms/i/c/8705623eb284e7df/IQRWxHCVQtI7TrJbjoI9ODtEASLcQXhWeY2ucz8cWaAXko8?width=1920&height=1920
30-11-2022,4580.967773,4675.1237,4563.405475,4650.50782,647389,10,LTIMindtree,LTM.NS,Stock,IT,https://1drv.ms/i/c/8705623eb284e7df/IQRWxHCVQtI7TrJbjoI9ODtEASLcQXhWeY2ucz8cWaAXko8?width=1920&height=1920
01-12-2022,4580.967773,4580.967773,4580.967773,4580.967773,0,10,LTIMindtree,LTM.NS,Stock,IT,https://1drv.ms/i/c/8705623eb284e7df/IQRWxHCVQtI7TrJbjoI9ODtEASLcQXhWeY2ucz8cWaAXko8?width=1920&height=1920
02-12-2022,4580.967773,4580.967773,4580.967773,4580.967773,0,10,LTIMindtree,LTM.NS,Stock,IT,https://1drv.ms/i/c/8705623eb284e7df/IQRWxHCVQtI7TrJbjoI9ODtEASLcQXhWeY2ucz8cWaAXko8?width=1920&height=1920
05-12-2022,4710.532715,4835.837108,4705.420278,4809.564389,286244,10,LTIMindtree,LTM.NS,Stock,IT,https://1drv.ms/i/c/8705623eb284e7df/IQRWxHCVQtI7TrJbjoI9ODtEASLcQXhWeY2ucz8cWaAXko8?width=1920&height=1920
06-12-2022,4559.191895,4687.431339,4544.469891,4687.431339,529007,10,LTIMindtree,LTM.NS,Stock,IT,https://1drv.ms/i/c/8705623eb284e7df/IQRWxHCVQtI7TrJbjoI9ODtEASLcQXhWeY2ucz8cWaAXko8?width=1920&height=1920
07-12-2022,4438.053711,4559.050039,4423.852242,4559.050039,622933,10,LTIMindtree,LTM.NS,Stock,IT,https://1drv.ms/i/c/8705623eb284e7df/IQRWxHCVQtI7TrJbjoI9ODtEASLcQXhWeY2ucz8cWaAXko8?width=1920&height=1920
08-12-2022,4316.109863,4448.70451,4308.630516,4440.325552,705770,10,LTIMindtree,LTM.NS,Stock,IT,https://1drv.ms/i/c/8705623eb284e7df/IQRWxHCVQtI7TrJbjoI9ODtEASLcQXhWeY2ucz8cWaAXko8?width=1920&height=1920
09-12-2022,4167.421387,4360.845224,4159.279118,4345.649836,720644,10,LTIMindtree,LTM.NS,Stock,IT,https://1drv.ms/i/c/8705623eb284e7df/IQRWxHCVQtI7TrJbjoI9ODtEASLcQXhWeY2ucz8cWaAXko8?width=1920&height=1920
12-12-2022,4100.390137,4156.296399,4053.099062,4146.828753,671381,10,LTIMindtree,LTM.NS,Stock,IT,https://1drv.ms/i/c/8705623eb284e7df/IQRWxHCVQtI7TrJbjoI9ODtEASLcQXhWeY2ucz8cWaAXko8?width=1920&height=1920
13-12-2022,4087.939941,4147.728495,4081.170667,4135.467709,640427,10,LTIMindtree,LTM.NS,Stock,IT,https://1drv.ms/i/c/8705623eb284e7df/IQRWxHCVQtI7TrJbjoI9ODtEASLcQXhWeY2ucz8cWaAXko8?width=1920&height=1920
14-12-2022,4206.617676,4227.304578,4118.426632,4123.113303,881860,10,LTIMindtree,LTM.NS,Stock,IT,https://1drv.ms/i/c/8705623eb284e7df/IQRWxHCVQtI7TrJbjoI9ODtEASLcQXhWeY2ucz8cWaAXko8?width=1920&height=1920
15-12-2022,4100.721191,4213.102331,4086.235878,4209.315272,476697,10,LTIMindtree,LTM.NS,Stock,IT,https://1drv.ms/i/c/8705623eb284e7df/IQRWxHCVQtI7TrJbjoI9ODtEASLcQXhWeY2ucz8cWaAXko8?width=1920&height=1920
16-12-2022,4105.502441,4155.302348,4003.91433,4056.885991,728348,10,LTIMindtree,LTM.NS,Stock,IT,https://1drv.ms/i/c/8705623eb284e7df/IQRWxHCVQtI7TrJbjoI9ODtEASLcQXhWeY2ucz8cWaAXko8?width=1920&height=1920
19-12-2022,4139.822754,4146.828719,4034.163738,4034.163738,435967,10,LTIMindtree,LTM.NS,Stock,IT,https://1drv.ms/i/c/8705623eb284e7df/IQRWxHCVQtI7TrJbjoI9ODtEASLcQXhWeY2ucz8cWaAXko8?width=1920&height=1920
20-12-2022,4129.976563,4137.361141,4066.353799,4118.42585,217063,10,LTIMindtree,LTM.NS,Stock,IT,https://1drv.ms/i/c/8705623eb284e7df/IQRWxHCVQtI7TrJbjoI9ODtEASLcQXhWeY2ucz8cWaAXko8?width=1920&height=1920
21-12-2022,4188.723145,4219.161533,4142.09499,4150.663024,644975,10,LTIMindtree,LTM.NS,Stock,IT,https://1drv.ms/i/c/8705623eb284e7df/IQRWxHCVQtI7TrJbjoI9ODtEASLcQXhWeY2ucz8cWaAXko8?width=1920&height=1920
22-12-2022,4145.408203,4235.824209,4118.425416,4207.421275,334180,10,LTIMindtree,LTM.NS,Stock,IT,https://1drv.ms/i/c/8705623eb284e7df/IQRWxHCVQtI7TrJbjoI9ODtEASLcQXhWeY2ucz8cWaAXko8?width=1920&height=1920
23-12-2022,4039.418213,4112.082394,4000.08033,4071.087673,429859,10,LTIMindtree,LTM.NS,Stock,IT,https://1drv.ms/i/c/8705623eb284e7df/IQRWxHCVQtI7TrJbjoI9ODtEASLcQXhWeY2ucz8cWaAXko8?width=1920&height=1920
26-12-2022,4117.431641,4122.638845,4016.743144,4034.163518,248624,10,LTIMindtree,LTM.NS,Stock,IT,https://1drv.ms/i/c/8705623eb284e7df/IQRWxHCVQtI7TrJbjoI9ODtEASLcQXhWeY2ucz8cWaAXko8?width=1920&height=1920
27-12-2022,4156.722656,4180.533693,4123.680203,4138.024056,245105,10,LTIMindtree,LTM.NS,Stock,IT,https://1drv.ms/i/c/8705623eb284e7df/IQRWxHCVQtI7TrJbjoI9ODtEASLcQXhWeY2ucz8cWaAXko8?width=1920&height=1920
28-12-2022,4101.383301,4161.029457,4076.956965,4134.520054,312640,10,LTIMindtree,LTM.NS,Stock,IT,https://1drv.ms/i/c/8705623eb284e7df/IQRWxHCVQtI7TrJbjoI9ODtEASLcQXhWeY2ucz8cWaAXko8?width=1920&height=1920
29-12-2022,4184.888672,4217.835892,4052.152103,4077.809513,1092863,10,LTIMindtree,LTM.NS,Stock,IT,https://1drv.ms/i/c/8705623eb284e7df/IQRWxHCVQtI7TrJbjoI9ODtEASLcQXhWeY2ucz8cWaAXko8?width=1920&height=1920
30-12-2022,4133.006348,4231.99087,4122.355245,4194.167437,317547,10,LTIMindtree,LTM.NS,Stock,IT,https://1drv.ms/i/c/8705623eb284e7df/IQRWxHCVQtI7TrJbjoI9ODtEASLcQXhWeY2ucz8cWaAXko8?width=1920&height=1920
02-01-2023,4092.01123,4152.367472,4066.069974,4133.005951,268574,10,LTIMindtree,LTM.NS,Stock,IT,https://1drv.ms/i/c/8705623eb284e7df/IQRWxHCVQtI7TrJbjoI9ODtEASLcQXhWeY2ucz8cWaAXko8?width=1920&height=1920
03-01-2023,4117.620605,4132.34307,4088.744289,4103.277216,191007,10,LTIMindtree,LTM.NS,Stock,IT,https://1drv.ms/i/c/8705623eb284e7df/IQRWxHCVQtI7TrJbjoI9ODtEASLcQXhWeY2ucz8cWaAXko8?width=1920&height=1920
04-01-2023,4050.21167,4091.916464,4038.140422,4081.502054,428917,10,LTIMindtree,LTM.NS,Stock,IT,https://1drv.ms/i/c/8705623eb284e7df/IQRWxHCVQtI7TrJbjoI9ODtEASLcQXhWeY2ucz8cWaAXko8?width=1920&height=1920
05-01-2023,4033.406006,4070.140281,4023.795977,4061.619401,218691,10,LTIMindtree,LTM.NS,Stock,IT,https://1drv.ms/i/c/8705623eb284e7df/IQRWxHCVQtI7TrJbjoI9ODtEASLcQXhWeY2ucz8cWaAXko8?width=1920&height=1920
06-01-2023,3974.138916,4051.631686,3957.475768,4023.749285,264197,10,LTIMindtree,LTM.NS,Stock,IT,https://1drv.ms/i/c/8705623eb284e7df/IQRWxHCVQtI7TrJbjoI9ODtEASLcQXhWeY2ucz8cWaAXko8?width=1920&height=1920
09-01-2023,4066.590332,4096.650106,4004.955869,4004.955869,388187,10,LTIMindtree,LTM.NS,Stock,IT,https://1drv.ms/i/c/8705623eb284e7df/IQRWxHCVQtI7TrJbjoI9ODtEASLcQXhWeY2ucz8cWaAXko8?width=1920&height=1920
10-01-2023,4006.32959,4070.094285,3990.660357,4067.301144,225477,10,LTIMindtree,LTM.NS,Stock,IT,https://1drv.ms/i/c/8705623eb284e7df/IQRWxHCVQtI7TrJbjoI9ODtEASLcQXhWeY2ucz8cWaAXko8?width=1920&height=1920
11-01-2023,4000.553467,4070.140659,3986.825381,4026.399953,243019,10,LTIMindtree,LTM.NS,Stock,IT,https://1drv.ms/i/c/8705623eb284e7df/IQRWxHCVQtI7TrJbjoI9ODtEASLcQXhWeY2ucz8cWaAXko8?width=1920&height=1920
12-01-2023,4048.506836,4066.353439,4015.228157,4028.48286,252469,10,LTIMindtree,LTM.NS,Stock,IT,https://1drv.ms/i/c/8705623eb284e7df/IQRWxHCVQtI7TrJbjoI9ODtEASLcQXhWeY2ucz8cWaAXko8?width=1920&height=1920
13-01-2023,4059.205322,4064.885909,3925.758692,4046.376387,437340,10,LTIMindtree,LTM.NS,Stock,IT,https://1drv.ms/i/c/8705623eb284e7df/IQRWxHCVQtI7TrJbjoI9ODtEASLcQXhWeY2ucz8cWaAXko8?width=1920&height=1920
16-01-2023,4049.3125,4080.035199,3987.488952,4069.66794,347903,10,LTIMindtree,LTM.NS,Stock,IT,https://1drv.ms/i/c/8705623eb284e7df/IQRWxHCVQtI7TrJbjoI9ODtEASLcQXhWeY2ucz8cWaAXko8?width=1920&height=1920
17-01-2023,4046.708252,4075.774108,4021.429454,4053.098912,225154,10,LTIMindtree,LTM.NS,Stock,IT,https://1drv.ms/i/c/8705623eb284e7df/IQRWxHCVQtI7TrJbjoI9ODtEASLcQXhWeY2ucz8cWaAXko8?width=1920&height=1920
18-01-2023,4046.234863,4072.270888,4029.429793,4066.685069,205896,10,LTIMindtree,LTM.NS,Stock,IT,https://1drv.ms/i/c/8705623eb284e7df/IQRWxHCVQtI7TrJbjoI9ODtEASLcQXhWeY2ucz8cWaAXko8?width=1920&height=1920
19-01-2023,4013.098145,4051.536877,3998.186603,4025.642775,233112,10,LTIMindtree,LTM.NS,Stock,IT,https://1drv.ms/i/c/8705623eb284e7df/IQRWxHCVQtI7TrJbjoI9ODtEASLcQXhWeY2ucz8cWaAXko8?width=1920&height=1920
20-01-2023,4040.837891,4115.58513,3981.191729,3981.191729,449630,10,LTIMindtree,LTM.NS,Stock,IT,https://1drv.ms/i/c/8705623eb284e7df/IQRWxHCVQtI7TrJbjoI9ODtEASLcQXhWeY2ucz8cWaAXko8?width=1920&height=1920
23-01-2023,4136.272461,4166.710849,3901.616771,3919.558145,1266347,10,LTIMindtree,LTM.NS,Stock,IT,https://1drv.ms/i/c/8705623eb284e7df/IQRWxHCVQtI7TrJbjoI9ODtEASLcQXhWeY2ucz8cWaAXko8?width=1920&height=1920
24-01-2023,4269.387207,4302.997346,4141.905002,4157.905691,1009385,10,LTIMindtree,LTM.NS,Stock,IT,https://1drv.ms/i/c/8705623eb284e7df/IQRWxHCVQtI7TrJbjoI9ODtEASLcQXhWeY2ucz8cWaAXko8?width=1920&height=1920
25-01-2023,4194.782715,4265.174759,4177.882873,4250.973289,312847,10,LTIMindtree,LTM.NS,Stock,IT,https://1drv.ms/i/c/8705623eb284e7df/IQRWxHCVQtI7TrJbjoI9ODtEASLcQXhWeY2ucz8cWaAXko8?width=1920&height=1920
27-01-2023,4164.864746,4230.097199,4133.57436,4165.764357,449822,10,LTIMindtree,LTM.NS,Stock,IT,https://1drv.ms/i/c/8705623eb284e7df/IQRWxHCVQtI7TrJbjoI9ODtEASLcQXhWeY2ucz8cWaAXko8?width=1920&height=1920
30-01-2023,4212.061523,4226.357763,4108.958937,4164.818056,745273,10,LTIMindtree,LTM.NS,Stock,IT,https://1drv.ms/i/c/8705623eb284e7df/IQRWxHCVQtI7TrJbjoI9ODtEASLcQXhWeY2ucz8cWaAXko8?width=1920&height=1920
31-01-2023,4154.665527,4239.736239,4132.173525,4230.510966,486171,10,LTIMindtree,LTM.NS,Stock,IT,https://1drv.ms/i/c/8705623eb284e7df/IQRWxHCVQtI7TrJbjoI9ODtEASLcQXhWeY2ucz8cWaAXko8?width=1920&height=1920
01-02-2023,4173.258789,4212.916879,4119.001677,4177.918792,363833,10,LTIMindtree,LTM.NS,Stock,IT,https://1drv.ms/i/c/8705623eb284e7df/IQRWxHCVQtI7TrJbjoI9ODtEASLcQXhWeY2ucz8cWaAXko8?width=1920&height=1920
02-02-2023,4363.133301,4370.02834,4179.82036,4179.82036,902731,10,LTIMindtree,LTM.NS,Stock,IT,https://1drv.ms/i/c/8705623eb284e7df/IQRWxHCVQtI7TrJbjoI9ODtEASLcQXhWeY2ucz8cWaAXko8?width=1920&height=1920
03-02-2023,4281.771973,4412.825084,4194.085909,4412.825084,646511,10,LTIMindtree,LTM.NS,Stock,IT,https://1drv.ms/i/c/8705623eb284e7df/IQRWxHCVQtI7TrJbjoI9ODtEASLcQXhWeY2ucz8cWaAXko8?width=1920&height=1920
06-02-2023,4371.026855,4386.624282,4222.855021,4270.169257,528238,10,LTIMindtree,LTM.NS,Stock,IT,https://1drv.ms/i/c/8705623eb284e7df/IQRWxHCVQtI7TrJbjoI9ODtEASLcQXhWeY2ucz8cWaAXko8?width=1920&height=1920
07-02-2023,4369.314941,4401.032214,4338.310949,4357.664703,312037,10,LTIMindtree,LTM.NS,Stock,IT,https://1drv.ms/i/c/8705623eb284e7df/IQRWxHCVQtI7TrJbjoI9ODtEASLcQXhWeY2ucz8cWaAXko8?width=1920&height=1920
08-02-2023,4483.868164,4496.469443,4391.236503,4403.314896,610010,10,LTIMindtree,LTM.NS,Stock,IT,https://1drv.ms/i/c/8705623eb284e7df/IQRWxHCVQtI7TrJbjoI9ODtEASLcQXhWeY2ucz8cWaAXko8?width=1920&height=1920
09-02-2023,4465.750977,4509.356254,4433.273053,4450.867293,553507,10,LTIMindtree,LTM.NS,Stock,IT,https://1drv.ms/i/c/8705623eb284e7df/IQRWxHCVQtI7TrJbjoI9ODtEASLcQXhWeY2ucz8cWaAXko8?width=1920&height=1920
10-02-2023,4461.898926,4469.887568,4422.811093,4454.67093,252444,10,LTIMindtree,LTM.NS,Stock,IT,https://1drv.ms/i/c/8705623eb284e7df/IQRWxHCVQtI7TrJbjoI9ODtEASLcQXhWeY2ucz8cWaAXko8?width=1920&height=1920
13-02-2023,4394.755371,4463.230244,4329.133618,4460.377124,253166,10,LTIMindtree,LTM.NS,Stock,IT,https://1drv.ms/i/c/8705623eb284e7df/IQRWxHCVQtI7TrJbjoI9ODtEASLcQXhWeY2ucz8cWaAXko8?width=1920&height=1920
14-02-2023,4409.639648,4484.153727,4398.655322,4403.315325,318114,10,LTIMindtree,LTM.NS,Stock,IT,https://1drv.ms/i/c/8705623eb284e7df/IQRWxHCVQtI7TrJbjoI9ODtEASLcQXhWeY2ucz8cWaAXko8?width=1920&height=1920
15-02-2023,4510.639648,4516.488451,4362.419988,4426.900307,488248,10,LTIMindtree,LTM.NS,Stock,IT,https://1drv.ms/i/c/8705623eb284e7df/IQRWxHCVQtI7TrJbjoI9ODtEASLcQXhWeY2ucz8cWaAXko8?width=1920&height=1920
16-02-2023,4705.745605,4731.47105,4522.337461,4539.408813,994748,10,LTIMindtree,LTM.NS,Stock,IT,https://1drv.ms/i/c/8705623eb284e7df/IQRWxHCVQtI7TrJbjoI9ODtEASLcQXhWeY2ucz8cWaAXko8?width=1920&height=1920
17-02-2023,4620.4375,4667.704374,4597.089653,4622.054454,396974,10,LTIMindtree,LTM.NS,Stock,IT,https://1drv.ms/i/c/8705623eb284e7df/IQRWxHCVQtI7TrJbjoI9ODtEASLcQXhWeY2ucz8cWaAXko8?width=1920&height=1920
20-02-2023,4647.590332,4712.879141,4603.985051,4620.437859,693618,10,LTIMindtree,LTM.NS,Stock,IT,https://1drv.ms/i/c/8705623eb284e7df/IQRWxHCVQtI7TrJbjoI9ODtEASLcQXhWeY2ucz8cWaAXko8?width=1920&height=1920
21-02-2023,4640.029297,4682.730903,4629.663053,4670.842902,410733,10,LTIMindtree,LTM.NS,Stock,IT,https://1drv.ms/i/c/8705623eb284e7df/IQRWxHCVQtI7TrJbjoI9ODtEASLcQXhWeY2ucz8cWaAXko8?width=1920&height=1920
22-02-2023,4570.031738,4579.257011,4525.047738,4579.257011,411601,10,LTIMindtree,LTM.NS,Stock,IT,https://1drv.ms/i/c/8705623eb284e7df/IQRWxHCVQtI7TrJbjoI9ODtEASLcQXhWeY2ucz8cWaAXko8?width=1920&height=1920
23-02-2023,4615.967285,4630.708403,4531.705058,4592.904568,422276,10,LTIMindtree,LTM.NS,Stock,IT,https://1drv.ms/i/c/8705623eb284e7df/IQRWxHCVQtI7TrJbjoI9ODtEASLcQXhWeY2ucz8cWaAXko8?width=1920&height=1920
24-02-2023,4615.919922,4705.07992,4586.390316,4636.319915,344150,10,LTIMindtree,LTM.NS,Stock,IT,https://1drv.ms/i/c/8705623eb284e7df/IQRWxHCVQtI7TrJbjoI9ODtEASLcQXhWeY2ucz8cWaAXko8?width=1920&height=1920
27-02-2023,4541.21582,4600.846212,4449.583027,4568.367825,479625,10,LTIMindtree,LTM.NS,Stock,IT,https://1drv.ms/i/c/8705623eb284e7df/IQRWxHCVQtI7TrJbjoI9ODtEASLcQXhWeY2ucz8cWaAXko8?width=1920&height=1920
28-02-2023,4490.857422,4617.298352,4467.9851,4546.921405,500908,10,LTIMindtree,LTM.NS,Stock,IT,https://1drv.ms/i/c/8705623eb284e7df/IQRWxHCVQtI7TrJbjoI9ODtEASLcQXhWeY2ucz8cWaAXko8?width=1920&height=1920
01-03-2023,4511.543457,4536.460891,4478.827773,4490.858337,290531,10,LTIMindtree,LTM.NS,Stock,IT,https://1drv.ms/i/c/8705623eb284e7df/IQRWxHCVQtI7TrJbjoI9ODtEASLcQXhWeY2ucz8cWaAXko8?width=1920&height=1920
02-03-2023,4475.166016,4498.276566,4422.33593,4474.643129,292898,10,LTIMindtree,LTM.NS,Stock,IT,https://1drv.ms/i/c/8705623eb284e7df/IQRWxHCVQtI7TrJbjoI9ODtEASLcQXhWeY2ucz8cWaAXko8?width=1920&height=1920
03-03-2023,4479.731445,4524.097369,4456.620894,4497.563446,297149,10,LTIMindtree,LTM.NS,Stock,IT,https://1drv.ms/i/c/8705623eb284e7df/IQRWxHCVQtI7TrJbjoI9ODtEASLcQXhWeY2ucz8cWaAXko8?width=1920&height=1920
06-03-2023,4585.153809,4607.788373,4522.194781,4527.853654,385377,10,LTIMindtree,LTM.NS,Stock,IT,https://1drv.ms/i/c/8705623eb284e7df/IQRWxHCVQtI7TrJbjoI9ODtEASLcQXhWeY2ucz8cWaAXko8?width=1920&height=1920
08-03-2023,4547.350586,4563.232676,4493.66419,4543.118272,191475,10,LTIMindtree,LTM.NS,Stock,IT,https://1drv.ms/i/c/8705623eb284e7df/IQRWxHCVQtI7TrJbjoI9ODtEASLcQXhWeY2ucz8cWaAXko8?width=1920&height=1920
09-03-2023,4506.026855,4583.061084,4488.908138,4545.97053,225194,10,LTIMindtree,LTM.NS,Stock,IT,https://1drv.ms/i/c/8705623eb284e7df/IQRWxHCVQtI7TrJbjoI9ODtEASLcQXhWeY2ucz8cWaAXko8?width=1920&height=1920
10-03-2023,4412.921387,4450.867795,4374.879782,4450.867795,331578,10,LTIMindtree,LTM.NS,Stock,IT,https://1drv.ms/i/c/8705623eb284e7df/IQRWxHCVQtI7TrJbjoI9ODtEASLcQXhWeY2ucz8cWaAXko8?width=1920&height=1920
13-03-2023,4390.000488,4485.247048,4377.494406,4415.631201,248598,10,LTIMindtree,LTM.NS,Stock,IT,https://1drv.ms/i/c/8705623eb284e7df/IQRWxHCVQtI7TrJbjoI9ODtEASLcQXhWeY2ucz8cWaAXko8?width=1920&height=1920
14-03-2023,4343.352539,4424.523436,4263.607738,4365.273826,410671,10,LTIMindtree,LTM.NS,Stock,IT,https://1drv.ms/i/c/8705623eb284e7df/IQRWxHCVQtI7TrJbjoI9ODtEASLcQXhWeY2ucz8cWaAXko8?width=1920&height=1920
15-03-2023,4367.459961,4450.866339,4342.352603,4356.713397,320108,10,LTIMindtree,LTM.NS,Stock,IT,https://1drv.ms/i/c/8705623eb284e7df/IQRWxHCVQtI7TrJbjoI9ODtEASLcQXhWeY2ucz8cWaAXko8?width=1920&height=1920
16-03-2023,4330.132324,4379.396473,4260.659041,4355.763037,416508,10,LTIMindtree,LTM.NS,Stock,IT,https://1drv.ms/i/c/8705623eb284e7df/IQRWxHCVQtI7TrJbjoI9ODtEASLcQXhWeY2ucz8cWaAXko8?width=1920&height=1920
17-03-2023,4445.113281,4550.72608,4395.088488,4412.82529,1180000,10,LTIMindtree,LTM.NS,Stock,IT,https://1drv.ms/i/c/8705623eb284e7df/IQRWxHCVQtI7TrJbjoI9ODtEASLcQXhWeY2ucz8cWaAXko8?width=1920&height=1920
20-03-2023,4449.202637,4476.545035,4337.693203,4337.693203,317984,10,LTIMindtree,LTM.NS,Stock,IT,https://1drv.ms/i/c/8705623eb284e7df/IQRWxHCVQtI7TrJbjoI9ODtEASLcQXhWeY2ucz8cWaAXko8?width=1920&height=1920
21-03-2023,4445.255371,4492.616969,4419.719859,4464.180971,332833,10,LTIMindtree,LTM.NS,Stock,IT,https://1drv.ms/i/c/8705623eb284e7df/IQRWxHCVQtI7TrJbjoI9ODtEASLcQXhWeY2ucz8cWaAXko8?width=1920&height=1920
22-03-2023,4422.098145,4560.236702,4406.643745,4484.106137,409812,10,LTIMindtree,LTM.NS,Stock,IT,https://1drv.ms/i/c/8705623eb284e7df/IQRWxHCVQtI7TrJbjoI9ODtEASLcQXhWeY2ucz8cWaAXko8?width=1920&height=1920
23-03-2023,4376.590332,4420.433363,4320.098656,4385.244888,400901,10,LTIMindtree,LTM.NS,Stock,IT,https://1drv.ms/i/c/8705623eb284e7df/IQRWxHCVQtI7TrJbjoI9ODtEASLcQXhWeY2ucz8cWaAXko8?width=1920&height=1920
24-03-2023,4376.162598,4482.250909,4364.226769,4420.433318,477503,10,LTIMindtree,LTM.NS,Stock,IT,https://1drv.ms/i/c/8705623eb284e7df/IQRWxHCVQtI7TrJbjoI9ODtEASLcQXhWeY2ucz8cWaAXko8?width=1920&height=1920
27-03-2023,4334.554688,4435.127156,4327.231495,4393.804287,249140,10,LTIMindtree,LTM.NS,Stock,IT,https://1drv.ms/i/c/8705623eb284e7df/IQRWxHCVQtI7TrJbjoI9ODtEASLcQXhWeY2ucz8cWaAXko8?width=1920&height=1920
28-03-2023,4331.89209,4386.624722,4294.991923,4345.254481,313376,10,LTIMindtree,LTM.NS,Stock,IT,https://1drv.ms/i/c/8705623eb284e7df/IQRWxHCVQtI7TrJbjoI9ODtEASLcQXhWeY2ucz8cWaAXko8?width=1920&height=1920
29-03-2023,4394.327148,4434.651611,4326.137867,4343.399148,333288,10,LTIMindtree,LTM.NS,Stock,IT,https://1drv.ms/i/c/8705623eb284e7df/IQRWxHCVQtI7TrJbjoI9ODtEASLcQXhWeY2ucz8cWaAXko8?width=1920&height=1920
31-03-2023,4526.616699,4543.783247,4405.216556,4412.824875,328337,10,LTIMindtree,LTM.NS,Stock,IT,https://1drv.ms/i/c/8705623eb284e7df/IQRWxHCVQtI7TrJbjoI9ODtEASLcQXhWeY2ucz8cWaAXko8?width=1920&height=1920
03-04-2023,4507.786621,4545.019741,4469.887588,4526.949982,257102,10,LTIMindtree,LTM.NS,Stock,IT,https://1drv.ms/i/c/8705623eb284e7df/IQRWxHCVQtI7TrJbjoI9ODtEASLcQXhWeY2ucz8cWaAXko8?width=1920&height=1920
05-04-2023,4596.803711,4610.641155,4480.158303,4506.977812,430407,10,LTIMindtree,LTM.NS,Stock,IT,https://1drv.ms/i/c/8705623eb284e7df/IQRWxHCVQtI7TrJbjoI9ODtEASLcQXhWeY2ucz8cWaAXko8?width=1920&height=1920
06-04-2023,4539.55127,4603.033184,4519.056545,4603.033184,192083,10,LTIMindtree,LTM.NS,Stock,IT,https://1drv.ms/i/c/8705623eb284e7df/IQRWxHCVQtI7TrJbjoI9ODtEASLcQXhWeY2ucz8cWaAXko8?width=1920&height=1920
10-04-2023,4562.518555,4573.07519,4521.243517,4549.774713,220328,10,LTIMindtree,LTM.NS,Stock,IT,https://1drv.ms/i/c/8705623eb284e7df/IQRWxHCVQtI7TrJbjoI9ODtEASLcQXhWeY2ucz8cWaAXko8?width=1920&height=1920
11-04-2023,4538.743164,4564.991961,4494.805395,4564.991961,186260,10,LTIMindtree,LTM.NS,Stock,IT,https://1drv.ms/i/c/8705623eb284e7df/IQRWxHCVQtI7TrJbjoI9ODtEASLcQXhWeY2ucz8cWaAXko8?width=1920&height=1920
12-04-2023,4591.335938,4600.180424,4517.439945,4541.168578,327375,10,LTIMindtree,LTM.NS,Stock,IT,https://1drv.ms/i/c/8705623eb284e7df/IQRWxHCVQtI7TrJbjoI9ODtEASLcQXhWeY2ucz8cWaAXko8?width=1920&height=1920
13-04-2023,4418.912109,4555.481545,4389.572433,4555.481545,912484,10,LTIMindtree,LTM.NS,Stock,IT,https://1drv.ms/i/c/8705623eb284e7df/IQRWxHCVQtI7TrJbjoI9ODtEASLcQXhWeY2ucz8cWaAXko8?width=1920&height=1920
17-04-2023,4120.476074,4270.16968,3977.058961,4262.56136,1763639,10,LTIMindtree,LTM.NS,Stock,IT,https://1drv.ms/i/c/8705623eb284e7df/IQRWxHCVQtI7TrJbjoI9ODtEASLcQXhWeY2ucz8cWaAXko8?width=1920&height=1920
18-04-2023,4107.161621,4151.289786,4028.034904,4149.245143,771432,10,LTIMindtree,LTM.NS,Stock,IT,https://1drv.ms/i/c/8705623eb284e7df/IQRWxHCVQtI7TrJbjoI9ODtEASLcQXhWeY2ucz8cWaAXko8?width=1920&height=1920
19-04-2023,3989.184326,4146.534067,3973.492167,4107.161107,823131,10,LTIMindtree,LTM.NS,Stock,IT,https://1drv.ms/i/c/8705623eb284e7df/IQRWxHCVQtI7TrJbjoI9ODtEASLcQXhWeY2ucz8cWaAXko8?width=1920&height=1920
20-04-2023,3949.526367,4034.26412,3933.596448,3988.661568,548732,10,LTIMindtree,LTM.NS,Stock,IT,https://1drv.ms/i/c/8705623eb284e7df/IQRWxHCVQtI7TrJbjoI9ODtEASLcQXhWeY2ucz8cWaAXko8?width=1920&height=1920
21-04-2023,3966.64502,4007.587103,3929.887419,3958.370786,480473,10,LTIMindtree,LTM.NS,Stock,IT,https://1drv.ms/i/c/8705623eb284e7df/IQRWxHCVQtI7TrJbjoI9ODtEASLcQXhWeY2ucz8cWaAXko8?width=1920&height=1920
24-04-2023,3978.62793,4006.065058,3945.103774,3993.416414,280999,10,LTIMindtree,LTM.NS,Stock,IT,https://1drv.ms/i/c/8705623eb284e7df/IQRWxHCVQtI7TrJbjoI9ODtEASLcQXhWeY2ucz8cWaAXko8?width=1920&height=1920
25-04-2023,3981.432861,4013.340525,3971.019254,4003.877493,299754,10,LTIMindtree,LTM.NS,Stock,IT,https://1drv.ms/i/c/8705623eb284e7df/IQRWxHCVQtI7TrJbjoI9ODtEASLcQXhWeY2ucz8cWaAXko8?width=1920&height=1920
26-04-2023,3956.468506,4010.582583,3949.71603,3975.346741,496132,10,LTIMindtree,LTM.NS,Stock,IT,https://1drv.ms/i/c/8705623eb284e7df/IQRWxHCVQtI7TrJbjoI9ODtEASLcQXhWeY2ucz8cWaAXko8?width=1920&height=1920
27-04-2023,4108.635254,4138.593013,3959.512372,3980.102294,888098,10,LTIMindtree,LTM.NS,Stock,IT,https://1drv.ms/i/c/8705623eb284e7df/IQRWxHCVQtI7TrJbjoI9ODtEASLcQXhWeY2ucz8cWaAXko8?width=1920&height=1920
28-04-2023,4203.07373,4225.898689,4074.683336,4122.75822,1138300,10,LTIMindtree,LTM.NS,Stock,IT,https://1drv.ms/i/c/8705623eb284e7df/IQRWxHCVQtI7TrJbjoI9ODtEASLcQXhWeY2ucz8cWaAXko8?width=1920&height=1920
02-05-2023,4325.567871,4389.049794,4207.448512,4214.01106,757405,10,LTIMindtree,LTM.NS,Stock,IT,https://1drv.ms/i/c/8705623eb284e7df/IQRWxHCVQtI7TrJbjoI9ODtEASLcQXhWeY2ucz8cWaAXko8?width=1920&height=1920
03-05-2023,4277.777832,4321.525671,4240.164387,4316.057191,404872,10,LTIMindtree,LTM.NS,Stock,IT,https://1drv.ms/i/c/8705623eb284e7df/IQRWxHCVQtI7TrJbjoI9ODtEASLcQXhWeY2ucz8cWaAXko8?width=1920&height=1920
04-05-2023,4280.678223,4301.506369,4247.391824,4261.419663,331451,10,LTIMindtree,LTM.NS,Stock,IT,https://1drv.ms/i/c/8705623eb284e7df/IQRWxHCVQtI7TrJbjoI9ODtEASLcQXhWeY2ucz8cWaAXko8?width=1920&height=1920
05-05-2023,4268.125488,4327.232539,4255.000856,4277.778453,217630,10,LTIMindtree,LTM.NS,Stock,IT,https://1drv.ms/i/c/8705623eb284e7df/IQRWxHCVQtI7TrJbjoI9ODtEASLcQXhWeY2ucz8cWaAXko8?width=1920&height=1920
08-05-2023,4296.608887,4312.966963,4270.170157,4298.701361,172189,10,LTIMindtree,LTM.NS,Stock,IT,https://1drv.ms/i/c/8705623eb284e7df/IQRWxHCVQtI7TrJbjoI9ODtEASLcQXhWeY2ucz8cWaAXko8?width=1920&height=1920
09-05-2023,4396.324219,4438.122605,4298.700072,4311.443913,535062,10,LTIMindtree,LTM.NS,Stock,IT,https://1drv.ms/i/c/8705623eb284e7df/IQRWxHCVQtI7TrJbjoI9ODtEASLcQXhWeY2ucz8cWaAXko8?width=1920&height=1920
10-05-2023,4369.743652,4410.923498,4347.631972,4410.876132,246174,10,LTIMindtree,LTM.NS,Stock,IT,https://1drv.ms/i/c/8705623eb284e7df/IQRWxHCVQtI7TrJbjoI9ODtEASLcQXhWeY2ucz8cWaAXko8?width=1920&height=1920
11-05-2023,4430.134277,4456.525635,4402.31636,4436.601163,272084,10,LTIMindtree,LTM.NS,Stock,IT,https://1drv.ms/i/c/8705623eb284e7df/IQRWxHCVQtI7TrJbjoI9ODtEASLcQXhWeY2ucz8cWaAXko8?width=1920&height=1920
12-05-2023,4457.714844,4490.763484,4388.145897,4412.82557,232055,10,LTIMindtree,LTM.NS,Stock,IT,https://1drv.ms/i/c/8705623eb284e7df/IQRWxHCVQtI7TrJbjoI9ODtEASLcQXhWeY2ucz8cWaAXko8?width=1920&height=1920
15-05-2023,4476.687988,4486.055825,4428.993424,4452.769424,162309,10,LTIMindtree,LTM.NS,Stock,IT,https://1drv.ms/i/c/8705623eb284e7df/IQRWxHCVQtI7TrJbjoI9ODtEASLcQXhWeY2ucz8cWaAXko8?width=1920&height=1920
16-05-2023,4504.172363,4555.481152,4484.153159,4488.908359,254021,10,LTIMindtree,LTM.NS,Stock,IT,https://1drv.ms/i/c/8705623eb284e7df/IQRWxHCVQtI7TrJbjoI9ODtEASLcQXhWeY2ucz8cWaAXko8?width=1920&height=1920
17-05-2023,4507.834473,4524.09735,4451.818309,4511.73383,185117,10,LTIMindtree,LTM.NS,Stock,IT,https://1drv.ms/i/c/8705623eb284e7df/IQRWxHCVQtI7TrJbjoI9ODtEASLcQXhWeY2ucz8cWaAXko8?width=1920&height=1920
18-05-2023,4482.061035,4543.736071,4470.838949,4517.249514,246516,10,LTIMindtree,LTM.NS,Stock,IT,https://1drv.ms/i/c/8705623eb284e7df/IQRWxHCVQtI7TrJbjoI9ODtEASLcQXhWeY2ucz8cWaAXko8?width=1920&height=1920
19-05-2023,4567.845215,4606.124576,4498.561857,4519.009217,527489,10,LTIMindtree,LTM.NS,Stock,IT,https://1drv.ms/i/c/8705623eb284e7df/IQRWxHCVQtI7TrJbjoI9ODtEASLcQXhWeY2ucz8cWaAXko8?width=1920&height=1920
22-05-2023,4743.264648,4769.845938,4574.502414,4581.159694,569846,10,LTIMindtree,LTM.NS,Stock,IT,https://1drv.ms/i/c/8705623eb284e7df/IQRWxHCVQtI7TrJbjoI9ODtEASLcQXhWeY2ucz8cWaAXko8?width=1920&height=1920
23-05-2023,4620.008789,4769.464601,4602.414553,4743.786526,447041,10,LTIMindtree,LTM.NS,Stock,IT,https://1drv.ms/i/c/8705623eb284e7df/IQRWxHCVQtI7TrJbjoI9ODtEASLcQXhWeY2ucz8cWaAXko8?width=1920&height=1920
24-05-2023,4590.052246,4639.934018,4547.683133,4592.572409,501671,10,LTIMindtree,LTM.NS,Stock,IT,https://1drv.ms/i/c/8705623eb284e7df/IQRWxHCVQtI7TrJbjoI9ODtEASLcQXhWeY2ucz8cWaAXko8?width=1920&height=1920
25-05-2023,4670.128906,4683.158339,4556.955155,4612.543625,289085,10,LTIMindtree,LTM.NS,Stock,IT,https://1drv.ms/i/c/8705623eb284e7df/IQRWxHCVQtI7TrJbjoI9ODtEASLcQXhWeY2ucz8cWaAXko8?width=1920&height=1920
26-05-2023,4756.246582,4773.270106,4683.87234,4683.87234,443908,10,LTIMindtree,LTM.NS,Stock,IT,https://1drv.ms/i/c/8705623eb284e7df/IQRWxHCVQtI7TrJbjoI9ODtEASLcQXhWeY2ucz8cWaAXko8?width=1920&height=1920
29-05-2023,4744.643066,4807.221773,4732.565138,4796.09442,303516,10,LTIMindtree,LTM.NS,Stock,IT,https://1drv.ms/i/c/8705623eb284e7df/IQRWxHCVQtI7TrJbjoI9ODtEASLcQXhWeY2ucz8cWaAXko8?width=1920&height=1920
30-05-2023,4746.87793,4774.36289,4727.001289,4754.248489,306273,10,LTIMindtree,LTM.NS,Stock,IT,https://1drv.ms/i/c/8705623eb284e7df/IQRWxHCVQtI7TrJbjoI9ODtEASLcQXhWeY2ucz8cWaAXko8?width=1920&height=1920
31-05-2023,4753.677246,4781.590357,4709.026206,4744.784931,512681,10,LTIMindtree,LTM.NS,Stock,IT,https://1drv.ms/i/c/8705623eb284e7df/IQRWxHCVQtI7TrJbjoI9ODtEASLcQXhWeY2ucz8cWaAXko8?width=1920&height=1920
01-06-2023,4726.002441,4793.241149,4714.827722,4773.031551,320472,10,LTIMindtree,LTM.NS,Stock,IT,https://1drv.ms/i/c/8705623eb284e7df/IQRWxHCVQtI7TrJbjoI9ODtEASLcQXhWeY2ucz8cWaAXko8?width=1920&height=1920
02-06-2023,4749.635742,4774.220216,4736.178621,4774.220216,269222,10,LTIMindtree,LTM.NS,Stock,IT,https://1drv.ms/i/c/8705623eb284e7df/IQRWxHCVQtI7TrJbjoI9ODtEASLcQXhWeY2ucz8cWaAXko8?width=1920&height=1920
05-06-2023,4701.181152,4783.683873,4688.722435,4764.710439,156817,10,LTIMindtree,LTM.NS,Stock,IT,https://1drv.ms/i/c/8705623eb284e7df/IQRWxHCVQtI7TrJbjoI9ODtEASLcQXhWeY2ucz8cWaAXko8?width=1920&height=1920
06-06-2023,4645.687988,4674.789906,4564.992149,4650.585752,920055,10,LTIMindtree,LTM.NS,Stock,IT,https://1drv.ms/i/c/8705623eb284e7df/IQRWxHCVQtI7TrJbjoI9ODtEASLcQXhWeY2ucz8cWaAXko8?width=1920&height=1920
07-06-2023,4662.235352,4696.948308,4622.339042,4674.36111,286467,10,LTIMindtree,LTM.NS,Stock,IT,https://1drv.ms/i/c/8705623eb284e7df/IQRWxHCVQtI7TrJbjoI9ODtEASLcQXhWeY2ucz8cWaAXko8?width=1920&height=1920
08-06-2023,4569.937012,4657.242287,4562.233496,4655.340207,415304,10,LTIMindtree,LTM.NS,Stock,IT,https://1drv.ms/i/c/8705623eb284e7df/IQRWxHCVQtI7TrJbjoI9ODtEASLcQXhWeY2ucz8cWaAXko8?width=1920&height=1920
09-06-2023,4586.913086,4599.466999,4542.262039,4576.40428,274316,10,LTIMindtree,LTM.NS,Stock,IT,https://1drv.ms/i/c/8705623eb284e7df/IQRWxHCVQtI7TrJbjoI9ODtEASLcQXhWeY2ucz8cWaAXko8?width=1920&height=1920
12-06-2023,4659.478027,4696.235631,4556.290185,4586.913395,337136,10,LTIMindtree,LTM.NS,Stock,IT,https://1drv.ms/i/c/8705623eb284e7df/IQRWxHCVQtI7TrJbjoI9ODtEASLcQXhWeY2ucz8cWaAXko8?width=1920&height=1920
13-06-2023,4702.844727,4723.672407,4661.997379,4688.721692,263147,10,LTIMindtree,LTM.NS,Stock,IT,https://1drv.ms/i/c/8705623eb284e7df/IQRWxHCVQtI7TrJbjoI9ODtEASLcQXhWeY2ucz8cWaAXko8?width=1920&height=1920
14-06-2023,4666.468262,4716.160103,4632.278187,4702.845543,361987,10,LTIMindtree,LTM.NS,Stock,IT,https://1drv.ms/i/c/8705623eb284e7df/IQRWxHCVQtI7TrJbjoI9ODtEASLcQXhWeY2ucz8cWaAXko8?width=1920&height=1920
15-06-2023,4727.763184,4774.221588,4642.074373,4663.282847,452221,10,LTIMindtree,LTM.NS,Stock,IT,https://1drv.ms/i/c/8705623eb284e7df/IQRWxHCVQtI7TrJbjoI9ODtEASLcQXhWeY2ucz8cWaAXko8?width=1920&height=1920
16-06-2023,4765.280762,4843.646359,4709.644926,4755.532602,689468,10,LTIMindtree,LTM.NS,Stock,IT,https://1drv.ms/i/c/8705623eb284e7df/IQRWxHCVQtI7TrJbjoI9ODtEASLcQXhWeY2ucz8cWaAXko8?width=1920&height=1920
19-06-2023,4802.70459,4892.149715,4761.857236,4765.661396,770658,10,LTIMindtree,LTM.NS,Stock,IT,https://1drv.ms/i/c/8705623eb284e7df/IQRWxHCVQtI7TrJbjoI9ODtEASLcQXhWeY2ucz8cWaAXko8?width=1920&height=1920
20-06-2023,4776.265137,4822.105448,4714.590104,4819.870411,372934,10,LTIMindtree,LTM.NS,Stock,IT,https://1drv.ms/i/c/8705623eb284e7df/IQRWxHCVQtI7TrJbjoI9ODtEASLcQXhWeY2ucz8cWaAXko8?width=1920&height=1920
21-06-2023,4755.675293,4829.380889,4725.099451,4797.996571,335601,10,LTIMindtree,LTM.NS,Stock,IT,https://1drv.ms/i/c/8705623eb284e7df/IQRWxHCVQtI7TrJbjoI9ODtEASLcQXhWeY2ucz8cWaAXko8?width=1920&height=1920
22-06-2023,4779.974121,4790.958911,4727.619558,4778.785321,248629,10,LTIMindtree,LTM.NS,Stock,IT,https://1drv.ms/i/c/8705623eb284e7df/IQRWxHCVQtI7TrJbjoI9ODtEASLcQXhWeY2ucz8cWaAXko8?width=1920&height=1920
23-06-2023,4713.972168,4765.566086,4670.414723,4755.152477,263039,10,LTIMindtree,LTM.NS,Stock,IT,https://1drv.ms/i/c/8705623eb284e7df/IQRWxHCVQtI7TrJbjoI9ODtEASLcQXhWeY2ucz8cWaAXko8?width=1920&height=1920
26-06-2023,4762.141602,4773.12639,4684.869615,4712.307207,234908,10,LTIMindtree,LTM.NS,Stock,IT,https://1drv.ms/i/c/8705623eb284e7df/IQRWxHCVQtI7TrJbjoI9ODtEASLcQXhWeY2ucz8cWaAXko8?width=1920&height=1920
27-06-2023,4910.266113,4940.081305,4735.655568,4769.464849,771183,10,LTIMindtree,LTM.NS,Stock,IT,https://1drv.ms/i/c/8705623eb284e7df/IQRWxHCVQtI7TrJbjoI9ODtEASLcQXhWeY2ucz8cWaAXko8?width=1920&height=1920
28-06-2023,4839.74707,4954.9181,4815.162595,4953.96706,700215,10,LTIMindtree,LTM.NS,Stock,IT,https://1drv.ms/i/c/8705623eb284e7df/IQRWxHCVQtI7TrJbjoI9ODtEASLcQXhWeY2ucz8cWaAXko8?width=1920&height=1920
30-06-2023,4942.746094,4973.940025,4863.619367,4874.080809,581634,10,LTIMindtree,LTM.NS,Stock,IT,https://1drv.ms/i/c/8705623eb284e7df/IQRWxHCVQtI7TrJbjoI9ODtEASLcQXhWeY2ucz8cWaAXko8?width=1920&height=1920
03-07-2023,4956.202148,4973.938951,4885.492235,4970.134791,364676,10,LTIMindtree,LTM.NS,Stock,IT,https://1drv.ms/i/c/8705623eb284e7df/IQRWxHCVQtI7TrJbjoI9ODtEASLcQXhWeY2ucz8cWaAXko8?width=1920&height=1920
04-07-2023,4993.483398,5017.069471,4893.101302,4954.823711,384232,10,LTIMindtree,LTM.NS,Stock,IT,https://1drv.ms/i/c/8705623eb284e7df/IQRWxHCVQtI7TrJbjoI9ODtEASLcQXhWeY2ucz8cWaAXko8?width=1920&height=1920
05-07-2023,4985.447266,5164.147603,4950.210952,5159.392402,1432005,10,LTIMindtree,LTM.NS,Stock,IT,https://1drv.ms/i/c/8705623eb284e7df/IQRWxHCVQtI7TrJbjoI9ODtEASLcQXhWeY2ucz8cWaAXko8?width=1920&height=1920
06-07-2023,4924.674805,5007.224879,4916.876092,4997.71448,415786,10,LTIMindtree,LTM.NS,Stock,IT,https://1drv.ms/i/c/8705623eb284e7df/IQRWxHCVQtI7TrJbjoI9ODtEASLcQXhWeY2ucz8cWaAXko8?width=1920&height=1920
07-07-2023,4864.141113,4992.959658,4851.445102,4935.897262,606865,10,LTIMindtree,LTM.NS,Stock,IT,https://1drv.ms/i/c/8705623eb284e7df/IQRWxHCVQtI7TrJbjoI9ODtEASLcQXhWeY2ucz8cWaAXko8?width=1920&height=1920
10-07-2023,4790.525879,4887.577701,4756.305938,4887.577701,560058,10,LTIMindtree,LTM.NS,Stock,IT,https://1drv.ms/i/c/8705623eb284e7df/IQRWxHCVQtI7TrJbjoI9ODtEASLcQXhWeY2ucz8cWaAXko8?width=1920&height=1920
11-07-2023,4720.07373,4814.968851,4711.207267,4790.526169,537188,10,LTIMindtree,LTM.NS,Stock,IT,https://1drv.ms/i/c/8705623eb284e7df/IQRWxHCVQtI7TrJbjoI9ODtEASLcQXhWeY2ucz8cWaAXko8?width=1920&height=1920
12-07-2023,4616.503906,4781.419932,4578.162444,4755.299811,5055302,10,LTIMindtree,LTM.NS,Stock,IT,https://1drv.ms/i/c/8705623eb284e7df/IQRWxHCVQtI7TrJbjoI9ODtEASLcQXhWeY2ucz8cWaAXko8?width=1920&height=1920
13-07-2023,4690.406738,4738.908782,4596.70979,4605.768148,837160,10,LTIMindtree,LTM.NS,Stock,IT,https://1drv.ms/i/c/8705623eb284e7df/IQRWxHCVQtI7TrJbjoI9ODtEASLcQXhWeY2ucz8cWaAXko8?width=1920&height=1920
14-07-2023,4881.922852,4902.339494,4698.746414,4720.792755,1374038,10,LTIMindtree,LTM.NS,Stock,IT,https://1drv.ms/i/c/8705623eb284e7df/IQRWxHCVQtI7TrJbjoI9ODtEASLcQXhWeY2ucz8cWaAXko8?width=1920&height=1920
17-07-2023,4921.940918,5076.408971,4869.365101,4912.49924,1526990,10,LTIMindtree,LTM.NS,Stock,IT,https://1drv.ms/i/c/8705623eb284e7df/IQRWxHCVQtI7TrJbjoI9ODtEASLcQXhWeY2ucz8cWaAXko8?width=1920&height=1920
18-07-2023,4793.78418,4867.400055,4740.202089,4840.608776,1983506,10,LTIMindtree,LTM.NS,Stock,IT,https://1drv.ms/i/c/8705623eb284e7df/IQRWxHCVQtI7TrJbjoI9ODtEASLcQXhWeY2ucz8cWaAXko8?width=1920&height=1920
19-07-2023,4783.577148,4830.066176,4744.756414,4821.439346,526765,10,LTIMindtree,LTM.NS,Stock,IT,https://1drv.ms/i/c/8705623eb284e7df/IQRWxHCVQtI7TrJbjoI9ODtEASLcQXhWeY2ucz8cWaAXko8?width=1920&height=1920
20-07-2023,4778.351563,4809.935523,4750.218894,4797.47455,361901,10,LTIMindtree,LTM.NS,Stock,IT,https://1drv.ms/i/c/8705623eb284e7df/IQRWxHCVQtI7TrJbjoI9ODtEASLcQXhWeY2ucz8cWaAXko8?width=1920&height=1920
21-07-2023,4718.63623,4811.853918,4653.695373,4692.036839,859135,10,LTIMindtree,LTM.NS,Stock,IT,https://1drv.ms/i/c/8705623eb284e7df/IQRWxHCVQtI7TrJbjoI9ODtEASLcQXhWeY2ucz8cWaAXko8?width=1920&height=1920
24-07-2023,4676.747559,4756.833568,4664.238844,4718.635793,254263,10,LTIMindtree,LTM.NS,Stock,IT,https://1drv.ms/i/c/8705623eb284e7df/IQRWxHCVQtI7TrJbjoI9ODtEASLcQXhWeY2ucz8cWaAXko8?width=1920&height=1920
25-07-2023,4666.779297,4695.870977,4651.299024,4687.244148,283808,10,LTIMindtree,LTM.NS,Stock,IT,https://1drv.ms/i/c/8705623eb284e7df/IQRWxHCVQtI7TrJbjoI9ODtEASLcQXhWeY2ucz8cWaAXko8?width=1920&height=1920
26-07-2023,4659.014648,4732.774223,4653.694958,4686.285201,384319,10,LTIMindtree,LTM.NS,Stock,IT,https://1drv.ms/i/c/8705623eb284e7df/IQRWxHCVQtI7TrJbjoI9ODtEASLcQXhWeY2ucz8cWaAXko8?width=1920&height=1920
27-07-2023,4660.836426,4695.727064,4637.016698,4687.243922,406914,10,LTIMindtree,LTM.NS,Stock,IT,https://1drv.ms/i/c/8705623eb284e7df/IQRWxHCVQtI7TrJbjoI9ODtEASLcQXhWeY2ucz8cWaAXko8?width=1920&height=1920
28-07-2023,4643.19873,4690.598549,4613.532305,4668.072941,217121,10,LTIMindtree,LTM.NS,Stock,IT,https://1drv.ms/i/c/8705623eb284e7df/IQRWxHCVQtI7TrJbjoI9ODtEASLcQXhWeY2ucz8cWaAXko8?width=1920&height=1920
31-07-2023,4688.825195,4700.663215,4601.933951,4639.700197,343283,10,LTIMindtree,LTM.NS,Stock,IT,https://1drv.ms/i/c/8705623eb284e7df/IQRWxHCVQtI7TrJbjoI9ODtEASLcQXhWeY2ucz8cWaAXko8?width=1920&height=1920
01-08-2023,4771.068359,4791.437263,4696.82951,4724.627072,442346,10,LTIMindtree,LTM.NS,Stock,IT,https://1drv.ms/i/c/8705623eb284e7df/IQRWxHCVQtI7TrJbjoI9ODtEASLcQXhWeY2ucz8cWaAXko8?width=1920&height=1920
02-08-2023,4664.19043,4769.677174,4639.316223,4768.718638,542161,10,LTIMindtree,LTM.NS,Stock,IT,https://1drv.ms/i/c/8705623eb284e7df/IQRWxHCVQtI7TrJbjoI9ODtEASLcQXhWeY2ucz8cWaAXko8?width=1920&height=1920
03-08-2023,4667.976563,4695.822327,4630.737328,4658.487145,346102,10,LTIMindtree,LTM.NS,Stock,IT,https://1drv.ms/i/c/8705623eb284e7df/IQRWxHCVQtI7TrJbjoI9ODtEASLcQXhWeY2ucz8cWaAXko8?width=1920&height=1920
04-08-2023,4736.032715,4774.422381,4678.808369,4682.45062,238713,10,LTIMindtree,LTM.NS,Stock,IT,https://1drv.ms/i/c/8705623eb284e7df/IQRWxHCVQtI7TrJbjoI9ODtEASLcQXhWeY2ucz8cWaAXko8?width=1920&height=1920
07-08-2023,4837.781738,4849.523811,4726.400071,4750.507172,451430,10,LTIMindtree,LTM.NS,Stock,IT,https://1drv.ms/i/c/8705623eb284e7df/IQRWxHCVQtI7TrJbjoI9ODtEASLcQXhWeY2ucz8cWaAXko8?width=1920&height=1920
08-08-2023,4871.80957,4884.702074,4813.291103,4848.277686,340699,10,LTIMindtree,LTM.NS,Stock,IT,https://1drv.ms/i/c/8705623eb284e7df/IQRWxHCVQtI7TrJbjoI9ODtEASLcQXhWeY2ucz8cWaAXko8?width=1920&height=1920
09-08-2023,4892.561523,4900.517188,4824.313547,4864.572074,201844,10,LTIMindtree,LTM.NS,Stock,IT,https://1drv.ms/i/c/8705623eb284e7df/IQRWxHCVQtI7TrJbjoI9ODtEASLcQXhWeY2ucz8cWaAXko8?width=1920&height=1920
10-08-2023,4894.814941,4931.574914,4861.26616,4874.158665,255038,10,LTIMindtree,LTM.NS,Stock,IT,https://1drv.ms/i/c/8705623eb284e7df/IQRWxHCVQtI7TrJbjoI9ODtEASLcQXhWeY2ucz8cWaAXko8?width=1920&height=1920
11-08-2023,4895.581543,4957.503095,4883.791263,4902.914254,353239,10,LTIMindtree,LTM.NS,Stock,IT,https://1drv.ms/i/c/8705623eb284e7df/IQRWxHCVQtI7TrJbjoI9ODtEASLcQXhWeY2ucz8cWaAXko8?width=1920&height=1920
14-08-2023,4977.967285,4988.176073,4854.987243,4878.950655,396400,10,LTIMindtree,LTM.NS,Stock,IT,https://1drv.ms/i/c/8705623eb284e7df/IQRWxHCVQtI7TrJbjoI9ODtEASLcQXhWeY2ucz8cWaAXko8?width=1920&height=1920
16-08-2023,4982.376953,5021.485525,4946.048512,4983.431437,405856,10,LTIMindtree,LTM.NS,Stock,IT,https://1drv.ms/i/c/8705623eb284e7df/IQRWxHCVQtI7TrJbjoI9ODtEASLcQXhWeY2ucz8cWaAXko8?width=1920&height=1920
17-08-2023,4886.1875,4972.887313,4872.049087,4972.887313,344151,10,LTIMindtree,LTM.NS,Stock,IT,https://1drv.ms/i/c/8705623eb284e7df/IQRWxHCVQtI7TrJbjoI9ODtEASLcQXhWeY2ucz8cWaAXko8?width=1920&height=1920
18-08-2023,4874.302246,4901.95612,4803.802067,4888.536608,338124,10,LTIMindtree,LTM.NS,Stock,IT,https://1drv.ms/i/c/8705623eb284e7df/IQRWxHCVQtI7TrJbjoI9ODtEASLcQXhWeY2ucz8cWaAXko8?width=1920&height=1920
21-08-2023,4934.114258,4938.523619,4846.360431,4875.116525,202004,10,LTIMindtree,LTM.NS,Stock,IT,https://1drv.ms/i/c/8705623eb284e7df/IQRWxHCVQtI7TrJbjoI9ODtEASLcQXhWeY2ucz8cWaAXko8?width=1920&height=1920
22-08-2023,4926.781738,4955.633781,4897.163054,4955.633781,175355,10,LTIMindtree,LTM.NS,Stock,IT,https://1drv.ms/i/c/8705623eb284e7df/IQRWxHCVQtI7TrJbjoI9ODtEASLcQXhWeY2ucz8cWaAXko8?width=1920&height=1920
23-08-2023,4959.946777,5028.386185,4941.303056,4941.303056,359052,10,LTIMindtree,LTM.NS,Stock,IT,https://1drv.ms/i/c/8705623eb284e7df/IQRWxHCVQtI7TrJbjoI9ODtEASLcQXhWeY2ucz8cWaAXko8?width=1920&height=1920
24-08-2023,4955.777344,5013.049899,4907.946466,5002.601945,296417,10,LTIMindtree,LTM.NS,Stock,IT,https://1drv.ms/i/c/8705623eb284e7df/IQRWxHCVQtI7TrJbjoI9ODtEASLcQXhWeY2ucz8cWaAXko8?width=1920&height=1920
25-08-2023,4914.800781,4974.709323,4892.514804,4918.251607,206278,10,LTIMindtree,LTM.NS,Stock,IT,https://1drv.ms/i/c/8705623eb284e7df/IQRWxHCVQtI7TrJbjoI9ODtEASLcQXhWeY2ucz8cWaAXko8?width=1920&height=1920
28-08-2023,4917.244629,4943.029168,4884.222858,4936.463099,165824,10,LTIMindtree,LTM.NS,Stock,IT,https://1drv.ms/i/c/8705623eb284e7df/IQRWxHCVQtI7TrJbjoI9ODtEASLcQXhWeY2ucz8cWaAXko8?width=1920&height=1920
29-08-2023,4923.762695,4972.839955,4909.720228,4927.836476,196122,10,LTIMindtree,LTM.NS,Stock,IT,https://1drv.ms/i/c/8705623eb284e7df/IQRWxHCVQtI7TrJbjoI9ODtEASLcQXhWeY2ucz8cWaAXko8?width=1920&height=1920
30-08-2023,4959.131836,4996.850338,4922.084497,4964.64342,349680,10,LTIMindtree,LTM.NS,Stock,IT,https://1drv.ms/i/c/8705623eb284e7df/IQRWxHCVQtI7TrJbjoI9ODtEASLcQXhWeY2ucz8cWaAXko8?width=1920&height=1920
31-08-2023,4978.063477,5035.575668,4944.179117,4979.597229,636436,10,LTIMindtree,LTM.NS,Stock,IT,https://1drv.ms/i/c/8705623eb284e7df/IQRWxHCVQtI7TrJbjoI9ODtEASLcQXhWeY2ucz8cWaAXko8?width=1920&height=1920
01-09-2023,5083.455078,5093.663399,4981.562359,5008.161749,435444,10,LTIMindtree,LTM.NS,Stock,IT,https://1drv.ms/i/c/8705623eb284e7df/IQRWxHCVQtI7TrJbjoI9ODtEASLcQXhWeY2ucz8cWaAXko8?width=1920&height=1920
04-09-2023,5143.219727,5156.926612,5054.219515,5094.669476,397768,10,LTIMindtree,LTM.NS,Stock,IT,https://1drv.ms/i/c/8705623eb284e7df/IQRWxHCVQtI7TrJbjoI9ODtEASLcQXhWeY2ucz8cWaAXko8?width=1920&height=1920
05-09-2023,5201.163086,5235.526715,5119.879372,5143.219831,600824,10,LTIMindtree,LTM.NS,Stock,IT,https://1drv.ms/i/c/8705623eb284e7df/IQRWxHCVQtI7TrJbjoI9ODtEASLcQXhWeY2ucz8cWaAXko8?width=1920&height=1920
06-09-2023,5183.046875,5253.163732,5134.97636,5223.018037,388092,10,LTIMindtree,LTM.NS,Stock,IT,https://1drv.ms/i/c/8705623eb284e7df/IQRWxHCVQtI7TrJbjoI9ODtEASLcQXhWeY2ucz8cWaAXko8?width=1920&height=1920
07-09-2023,5258.436035,5269.986682,5131.04661,5176.097832,602474,10,LTIMindtree,LTM.NS,Stock,IT,https://1drv.ms/i/c/8705623eb284e7df/IQRWxHCVQtI7TrJbjoI9ODtEASLcQXhWeY2ucz8cWaAXko8?width=1920&height=1920
08-09-2023,5251.342285,5272.909357,5224.023995,5271.95082,244392,10,LTIMindtree,LTM.NS,Stock,IT,https://1drv.ms/i/c/8705623eb284e7df/IQRWxHCVQtI7TrJbjoI9ODtEASLcQXhWeY2ucz8cWaAXko8?width=1920&height=1920
11-09-2023,5280.242676,5292.080697,5240.607093,5252.780695,239456,10,LTIMindtree,LTM.NS,Stock,IT,https://1drv.ms/i/c/8705623eb284e7df/IQRWxHCVQtI7TrJbjoI9ODtEASLcQXhWeY2ucz8cWaAXko8?width=1920&height=1920
12-09-2023,5277.175293,5306.458398,5191.43401,5280.19459,327724,10,LTIMindtree,LTM.NS,Stock,IT,https://1drv.ms/i/c/8705623eb284e7df/IQRWxHCVQtI7TrJbjoI9ODtEASLcQXhWeY2ucz8cWaAXko8?width=1920&height=1920
13-09-2023,5309.430176,5319.878131,5231.069809,5270.034228,247607,10,LTIMindtree,LTM.NS,Stock,IT,https://1drv.ms/i/c/8705623eb284e7df/IQRWxHCVQtI7TrJbjoI9ODtEASLcQXhWeY2ucz8cWaAXko8?width=1920&height=1920
14-09-2023,5270.609863,5361.478953,5254.075106,5315.085871,401195,10,LTIMindtree,LTM.NS,Stock,IT,https://1drv.ms/i/c/8705623eb284e7df/IQRWxHCVQtI7TrJbjoI9ODtEASLcQXhWeY2ucz8cWaAXko8?width=1920&height=1920
15-09-2023,5303.390137,5319.205988,5267.301334,5300.658682,296245,10,LTIMindtree,LTM.NS,Stock,IT,https://1drv.ms/i/c/8705623eb284e7df/IQRWxHCVQtI7TrJbjoI9ODtEASLcQXhWeY2ucz8cWaAXko8?width=1920&height=1920
18-09-2023,5285.130371,5294.572049,5244.248885,5291.121224,184125,10,LTIMindtree,LTM.NS,Stock,IT,https://1drv.ms/i/c/8705623eb284e7df/IQRWxHCVQtI7TrJbjoI9ODtEASLcQXhWeY2ucz8cWaAXko8?width=1920&height=1920
20-09-2023,5246.501465,5298.502067,5227.091102,5247.987009,145121,10,LTIMindtree,LTM.NS,Stock,IT,https://1drv.ms/i/c/8705623eb284e7df/IQRWxHCVQtI7TrJbjoI9ODtEASLcQXhWeY2ucz8cWaAXko8?width=1920&height=1920
21-09-2023,5170.490234,5241.278258,5132.963619,5241.278258,313418,10,LTIMindtree,LTM.NS,Stock,IT,https://1drv.ms/i/c/8705623eb284e7df/IQRWxHCVQtI7TrJbjoI9ODtEASLcQXhWeY2ucz8cWaAXko8?width=1920&height=1920
22-09-2023,5202.456543,5226.419954,5128.169969,5162.677281,180055,10,LTIMindtree,LTM.NS,Stock,IT,https://1drv.ms/i/c/8705623eb284e7df/IQRWxHCVQtI7TrJbjoI9ODtEASLcQXhWeY2ucz8cWaAXko8?width=1920&height=1920
25-09-2023,5154.146973,5232.651022,5137.755904,5223.065657,254576,10,LTIMindtree,LTM.NS,Stock,IT,https://1drv.ms/i/c/8705623eb284e7df/IQRWxHCVQtI7TrJbjoI9ODtEASLcQXhWeY2ucz8cWaAXko8?width=1920&height=1920
26-09-2023,5140.678223,5186.16096,5131.045119,5157.884137,159123,10,LTIMindtree,LTM.NS,Stock,IT,https://1drv.ms/i/c/8705623eb284e7df/IQRWxHCVQtI7TrJbjoI9ODtEASLcQXhWeY2ucz8cWaAXko8?width=1920&height=1920
27-09-2023,5211.467285,5219.231525,5153.18845,5176.09738,320128,10,LTIMindtree,LTM.NS,Stock,IT,https://1drv.ms/i/c/8705623eb284e7df/IQRWxHCVQtI7TrJbjoI9ODtEASLcQXhWeY2ucz8cWaAXko8?width=1920&height=1920
28-09-2023,5046.599121,5235.526774,5001.739797,5235.526774,484805,10,LTIMindtree,LTM.NS,Stock,IT,https://1drv.ms/i/c/8705623eb284e7df/IQRWxHCVQtI7TrJbjoI9ODtEASLcQXhWeY2ucz8cWaAXko8?width=1920&height=1920
29-09-2023,4993.831543,5083.166865,4915.375236,5046.694738,481064,10,LTIMindtree,LTM.NS,Stock,IT,https://1drv.ms/i/c/8705623eb284e7df/IQRWxHCVQtI7TrJbjoI9ODtEASLcQXhWeY2ucz8cWaAXko8?width=1920&height=1920
03-10-2023,4996.61084,5032.172635,4924.57692,4979.596818,255939,10,LTIMindtree,LTM.NS,Stock,IT,https://1drv.ms/i/c/8705623eb284e7df/IQRWxHCVQtI7TrJbjoI9ODtEASLcQXhWeY2ucz8cWaAXko8?width=1920&height=1920
04-10-2023,4971.162109,4983.431189,4914.080981,4966.177532,199894,10,LTIMindtree,LTM.NS,Stock,IT,https://1drv.ms/i/c/8705623eb284e7df/IQRWxHCVQtI7TrJbjoI9ODtEASLcQXhWeY2ucz8cWaAXko8?width=1920&height=1920
05-10-2023,5009.551758,5037.109684,4979.933071,5001.356457,283699,10,LTIMindtree,LTM.NS,Stock,IT,https://1drv.ms/i/c/8705623eb284e7df/IQRWxHCVQtI7TrJbjoI9ODtEASLcQXhWeY2ucz8cWaAXko8?width=1920&height=1920
06-10-2023,5021.965332,5046.64765,5000.445997,5032.31734,139350,10,LTIMindtree,LTM.NS,Stock,IT,https://1drv.ms/i/c/8705623eb284e7df/IQRWxHCVQtI7TrJbjoI9ODtEASLcQXhWeY2ucz8cWaAXko8?width=1920&height=1920
09-10-2023,4990.573242,5016.980739,4958.989273,4999.67934,353035,10,LTIMindtree,LTM.NS,Stock,IT,https://1drv.ms/i/c/8705623eb284e7df/IQRWxHCVQtI7TrJbjoI9ODtEASLcQXhWeY2ucz8cWaAXko8?width=1920&height=1920
10-10-2023,5047.988281,5074.731353,4996.227315,5022.730753,172958,10,LTIMindtree,LTM.NS,Stock,IT,https://1drv.ms/i/c/8705623eb284e7df/IQRWxHCVQtI7TrJbjoI9ODtEASLcQXhWeY2ucz8cWaAXko8?width=1920&height=1920
11-10-2023,5026.99707,5121.412918,5013.14603,5061.072857,238862,10,LTIMindtree,LTM.NS,Stock,IT,https://1drv.ms/i/c/8705623eb284e7df/IQRWxHCVQtI7TrJbjoI9ODtEASLcQXhWeY2ucz8cWaAXko8?width=1920&height=1920
12-10-2023,4941.016602,5049.954194,4923.906629,5041.423312,307844,10,LTIMindtree,LTM.NS,Stock,IT,https://1drv.ms/i/c/8705623eb284e7df/IQRWxHCVQtI7TrJbjoI9ODtEASLcQXhWeY2ucz8cWaAXko8?width=1920&height=1920
13-10-2023,4883.887207,4989.182536,4864.57279,4893.328885,272672,10,LTIMindtree,LTM.NS,Stock,IT,https://1drv.ms/i/c/8705623eb284e7df/IQRWxHCVQtI7TrJbjoI9ODtEASLcQXhWeY2ucz8cWaAXko8?width=1920&height=1920
16-10-2023,4948.397461,4976.72203,4887.578126,4906.221851,244025,10,LTIMindtree,LTM.NS,Stock,IT,https://1drv.ms/i/c/8705623eb284e7df/IQRWxHCVQtI7TrJbjoI9ODtEASLcQXhWeY2ucz8cWaAXko8?width=1920&height=1920
17-10-2023,4997.569824,5013.146043,4961.576965,4976.721655,313332,10,LTIMindtree,LTM.NS,Stock,IT,https://1drv.ms/i/c/8705623eb284e7df/IQRWxHCVQtI7TrJbjoI9ODtEASLcQXhWeY2ucz8cWaAXko8?width=1920&height=1920
18-10-2023,4941.447754,4989.182686,4828.771503,4984.485951,333664,10,LTIMindtree,LTM.NS,Stock,IT,https://1drv.ms/i/c/8705623eb284e7df/IQRWxHCVQtI7TrJbjoI9ODtEASLcQXhWeY2ucz8cWaAXko8?width=1920&height=1920
19-10-2023,5231.500977,5252.780677,4984.390423,4984.390423,1808046,10,LTIMindtree,LTM.NS,Stock,IT,https://1drv.ms/i/c/8705623eb284e7df/IQRWxHCVQtI7TrJbjoI9ODtEASLcQXhWeY2ucz8cWaAXko8?width=1920&height=1920
20-10-2023,5191.625488,5284.411633,5166.559385,5234.567736,548231,10,LTIMindtree,LTM.NS,Stock,IT,https://1drv.ms/i/c/8705623eb284e7df/IQRWxHCVQtI7TrJbjoI9ODtEASLcQXhWeY2ucz8cWaAXko8?width=1920&height=1920
23-10-2023,4986.067383,5182.807005,4970.011896,5182.807005,268286,10,LTIMindtree,LTM.NS,Stock,IT,https://1drv.ms/i/c/8705623eb284e7df/IQRWxHCVQtI7TrJbjoI9ODtEASLcQXhWeY2ucz8cWaAXko8?width=1920&height=1920
25-10-2023,4988.271484,5075.450563,4966.129667,5019.807708,293641,10,LTIMindtree,LTM.NS,Stock,IT,https://1drv.ms/i/c/8705623eb284e7df/IQRWxHCVQtI7TrJbjoI9ODtEASLcQXhWeY2ucz8cWaAXko8?width=1920&height=1920
26-10-2023,4956.113281,4983.095992,4856.521426,4939.338891,405185,10,LTIMindtree,LTM.NS,Stock,IT,https://1drv.ms/i/c/8705623eb284e7df/IQRWxHCVQtI7TrJbjoI9ODtEASLcQXhWeY2ucz8cWaAXko8?width=1920&height=1920
27-10-2023,4975.838867,5018.178243,4965.254023,4974.876609,183188,10,LTIMindtree,LTM.NS,Stock,IT,https://1drv.ms/i/c/8705623eb284e7df/IQRWxHCVQtI7TrJbjoI9ODtEASLcQXhWeY2ucz8cWaAXko8?width=1920&height=1920
30-10-2023,4954.862793,4982.383017,4891.209003,4975.839845,276530,10,LTIMindtree,LTM.NS,Stock,IT,https://1drv.ms/i/c/8705623eb284e7df/IQRWxHCVQtI7TrJbjoI9ODtEASLcQXhWeY2ucz8cWaAXko8?width=1920&height=1920
31-10-2023,4869.413574,4969.103664,4860.464757,4969.103664,259121,10,LTIMindtree,LTM.NS,Stock,IT,https://1drv.ms/i/c/8705623eb284e7df/IQRWxHCVQtI7TrJbjoI9ODtEASLcQXhWeY2ucz8cWaAXko8?width=1920&height=1920
01-11-2023,4810.04248,4913.292645,4800.756309,4873.840041,323448,10,LTIMindtree,LTM.NS,Stock,IT,https://1drv.ms/i/c/8705623eb284e7df/IQRWxHCVQtI7TrJbjoI9ODtEASLcQXhWeY2ucz8cWaAXko8?width=1920&height=1920
02-11-2023,4830.585938,4929.025271,4817.210637,4874.513417,312381,10,LTIMindtree,LTM.NS,Stock,IT,https://1drv.ms/i/c/8705623eb284e7df/IQRWxHCVQtI7TrJbjoI9ODtEASLcQXhWeY2ucz8cWaAXko8?width=1920&height=1920
03-11-2023,4941.149902,4953.707189,4868.066175,4886.349088,324952,10,LTIMindtree,LTM.NS,Stock,IT,https://1drv.ms/i/c/8705623eb284e7df/IQRWxHCVQtI7TrJbjoI9ODtEASLcQXhWeY2ucz8cWaAXko8?width=1920&height=1920
06-11-2023,4955.294434,4983.007761,4921.95227,4978.725522,155164,10,LTIMindtree,LTM.NS,Stock,IT,https://1drv.ms/i/c/8705623eb284e7df/IQRWxHCVQtI7TrJbjoI9ODtEASLcQXhWeY2ucz8cWaAXko8?width=1920&height=1920
07-11-2023,4991.187012,5012.500944,4941.197494,4951.253283,200866,10,LTIMindtree,LTM.NS,Stock,IT,https://1drv.ms/i/c/8705623eb284e7df/IQRWxHCVQtI7TrJbjoI9ODtEASLcQXhWeY2ucz8cWaAXko8?width=1920&height=1920
08-11-2023,5035.884277,5042.331598,4979.736392,4994.122346,236117,10,LTIMindtree,LTM.NS,Stock,IT,https://1drv.ms/i/c/8705623eb284e7df/IQRWxHCVQtI7TrJbjoI9ODtEASLcQXhWeY2ucz8cWaAXko8?width=1920&height=1920
09-11-2023,5056.380859,5066.291936,5011.924321,5035.884468,269946,10,LTIMindtree,LTM.NS,Stock,IT,https://1drv.ms/i/c/8705623eb284e7df/IQRWxHCVQtI7TrJbjoI9ODtEASLcQXhWeY2ucz8cWaAXko8?width=1920&height=1920
10-11-2023,5063.549316,5080.677802,4986.664943,5043.19764,229733,10,LTIMindtree,LTM.NS,Stock,IT,https://1drv.ms/i/c/8705623eb284e7df/IQRWxHCVQtI7TrJbjoI9ODtEASLcQXhWeY2ucz8cWaAXko8?width=1920&height=1920
13-11-2023,5062.539063,5071.055145,5019.525913,5060.518225,140187,10,LTIMindtree,LTM.NS,Stock,IT,https://1drv.ms/i/c/8705623eb284e7df/IQRWxHCVQtI7TrJbjoI9ODtEASLcQXhWeY2ucz8cWaAXko8?width=1920&height=1920
15-11-2023,5197.78418,5238.776491,5092.946385,5119.215857,468132,10,LTIMindtree,LTM.NS,Stock,IT,https://1drv.ms/i/c/8705623eb284e7df/IQRWxHCVQtI7TrJbjoI9ODtEASLcQXhWeY2ucz8cWaAXko8?width=1920&height=1920
16-11-2023,5311.187012,5339.04459,5163.768788,5215.442269,466812,10,LTIMindtree,LTM.NS,Stock,IT,https://1drv.ms/i/c/8705623eb284e7df/IQRWxHCVQtI7TrJbjoI9ODtEASLcQXhWeY2ucz8cWaAXko8?width=1920&height=1920
17-11-2023,5310.224609,5338.611241,5279.432331,5330.913171,338819,10,LTIMindtree,LTM.NS,Stock,IT,https://1drv.ms/i/c/8705623eb284e7df/IQRWxHCVQtI7TrJbjoI9ODtEASLcQXhWeY2ucz8cWaAXko8?width=1920&height=1920
20-11-2023,5346.404785,5424.876781,5302.044572,5310.22377,457451,10,LTIMindtree,LTM.NS,Stock,IT,https://1drv.ms/i/c/8705623eb284e7df/IQRWxHCVQtI7TrJbjoI9ODtEASLcQXhWeY2ucz8cWaAXko8?width=1920&height=1920
21-11-2023,5311.908203,5400.195432,5302.045052,5374.214449,268090,10,LTIMindtree,LTM.NS,Stock,IT,https://1drv.ms/i/c/8705623eb284e7df/IQRWxHCVQtI7TrJbjoI9ODtEASLcQXhWeY2ucz8cWaAXko8?width=1920&height=1920
22-11-2023,5344.047363,5365.650257,5297.233577,5301.323176,203308,10,LTIMindtree,LTM.NS,Stock,IT,https://1drv.ms/i/c/8705623eb284e7df/IQRWxHCVQtI7TrJbjoI9ODtEASLcQXhWeY2ucz8cWaAXko8?width=1920&height=1920
23-11-2023,5264.854004,5388.648486,5246.330525,5369.210673,249485,10,LTIMindtree,LTM.NS,Stock,IT,https://1drv.ms/i/c/8705623eb284e7df/IQRWxHCVQtI7TrJbjoI9ODtEASLcQXhWeY2ucz8cWaAXko8?width=1920&height=1920
24-11-2023,5266.056152,5303.343671,5232.521348,5282.799357,152012,10,LTIMindtree,LTM.NS,Stock,IT,https://1drv.ms/i/c/8705623eb284e7df/IQRWxHCVQtI7TrJbjoI9ODtEASLcQXhWeY2ucz8cWaAXko8?width=1920&height=1920
28-11-2023,5272.455566,5282.799847,5203.50983,5272.167077,263892,10,LTIMindtree,LTM.NS,Stock,IT,https://1drv.ms/i/c/8705623eb284e7df/IQRWxHCVQtI7TrJbjoI9ODtEASLcQXhWeY2ucz8cWaAXko8?width=1920&height=1920
29-11-2023,5377.58252,5384.02984,5282.800042,5282.800042,354830,10,LTIMindtree,LTM.NS,Stock,IT,https://1drv.ms/i/c/8705623eb284e7df/IQRWxHCVQtI7TrJbjoI9ODtEASLcQXhWeY2ucz8cWaAXko8?width=1920&height=1920
30-11-2023,5327.737793,5403.996793,5307.434041,5388.648579,612934,10,LTIMindtree,LTM.NS,Stock,IT,https://1drv.ms/i/c/8705623eb284e7df/IQRWxHCVQtI7TrJbjoI9ODtEASLcQXhWeY2ucz8cWaAXko8?width=1920&height=1920
01-12-2023,5366.563965,5398.270573,5314.169268,5388.647987,195286,10,LTIMindtree,LTM.NS,Stock,IT,https://1drv.ms/i/c/8705623eb284e7df/IQRWxHCVQtI7TrJbjoI9ODtEASLcQXhWeY2ucz8cWaAXko8?width=1920&height=1920
04-12-2023,5366.901855,5419.441277,5340.53606,5398.271585,168191,10,LTIMindtree,LTM.NS,Stock,IT,https://1drv.ms/i/c/8705623eb284e7df/IQRWxHCVQtI7TrJbjoI9ODtEASLcQXhWeY2ucz8cWaAXko8?width=1920&height=1920
05-12-2023,5280.538086,5369.402758,5248.158179,5364.591465,268002,10,LTIMindtree,LTM.NS,Stock,IT,https://1drv.ms/i/c/8705623eb284e7df/IQRWxHCVQtI7TrJbjoI9ODtEASLcQXhWeY2ucz8cWaAXko8?width=1920&height=1920
06-12-2023,5426.994141,5455.909823,5300.601382,5300.601382,605990,10,LTIMindtree,LTM.NS,Stock,IT,https://1drv.ms/i/c/8705623eb284e7df/IQRWxHCVQtI7TrJbjoI9ODtEASLcQXhWeY2ucz8cWaAXko8?width=1920&height=1920
07-12-2023,5357.086914,5451.002989,5332.837806,5451.002989,273629,10,LTIMindtree,LTM.NS,Stock,IT,https://1drv.ms/i/c/8705623eb284e7df/IQRWxHCVQtI7TrJbjoI9ODtEASLcQXhWeY2ucz8cWaAXko8?width=1920&height=1920
08-12-2023,5493.246094,5536.836222,5374.214512,5387.686133,780096,10,LTIMindtree,LTM.NS,Stock,IT,https://1drv.ms/i/c/8705623eb284e7df/IQRWxHCVQtI7TrJbjoI9ODtEASLcQXhWeY2ucz8cWaAXko8?width=1920&height=1920
11-12-2023,5552.85791,5581.100296,5480.640585,5519.515741,497043,10,LTIMindtree,LTM.NS,Stock,IT,https://1drv.ms/i/c/8705623eb284e7df/IQRWxHCVQtI7TrJbjoI9ODtEASLcQXhWeY2ucz8cWaAXko8?width=1920&height=1920
12-12-2023,5540.685059,5600.345092,5518.553111,5581.09992,362937,10,LTIMindtree,LTM.NS,Stock,IT,https://1drv.ms/i/c/8705623eb284e7df/IQRWxHCVQtI7TrJbjoI9ODtEASLcQXhWeY2ucz8cWaAXko8?width=1920&height=1920
13-12-2023,5511.336426,5558.823984,5402.120069,5558.823984,387503,10,LTIMindtree,LTM.NS,Stock,IT,https://1drv.ms/i/c/8705623eb284e7df/IQRWxHCVQtI7TrJbjoI9ODtEASLcQXhWeY2ucz8cWaAXko8?width=1920&height=1920
14-12-2023,5719.954102,5739.873044,5573.258047,5590.770873,958532,10,LTIMindtree,LTM.NS,Stock,IT,https://1drv.ms/i/c/8705623eb284e7df/IQRWxHCVQtI7TrJbjoI9ODtEASLcQXhWeY2ucz8cWaAXko8?width=1920&height=1920
15-12-2023,5897.971191,5980.436938,5711.9668,5724.476161,1618791,10,LTIMindtree,LTM.NS,Stock,IT,https://1drv.ms/i/c/8705623eb284e7df/IQRWxHCVQtI7TrJbjoI9ODtEASLcQXhWeY2ucz8cWaAXko8?width=1920&height=1920
18-12-2023,5907.498535,5970.718647,5844.807008,5908.268154,413220,10,LTIMindtree,LTM.NS,Stock,IT,https://1drv.ms/i/c/8705623eb284e7df/IQRWxHCVQtI7TrJbjoI9ODtEASLcQXhWeY2ucz8cWaAXko8?width=1920&height=1920
19-12-2023,5882.046387,5936.173434,5805.209942,5936.173434,431913,10,LTIMindtree,LTM.NS,Stock,IT,https://1drv.ms/i/c/8705623eb284e7df/IQRWxHCVQtI7TrJbjoI9ODtEASLcQXhWeY2ucz8cWaAXko8?width=1920&height=1920
20-12-2023,5804.825195,6051.644534,5773.599715,5908.267998,886292,10,LTIMindtree,LTM.NS,Stock,IT,https://1drv.ms/i/c/8705623eb284e7df/IQRWxHCVQtI7TrJbjoI9ODtEASLcQXhWeY2ucz8cWaAXko8?width=1920&height=1920
21-12-2023,5880.410156,5915.821554,5725.486524,5756.664078,513420,10,LTIMindtree,LTM.NS,Stock,IT,https://1drv.ms/i/c/8705623eb284e7df/IQRWxHCVQtI7TrJbjoI9ODtEASLcQXhWeY2ucz8cWaAXko8?width=1920&height=1920
22-12-2023,5994.005371,6004.493896,5877.475756,5953.446264,540467,10,LTIMindtree,LTM.NS,Stock,IT,https://1drv.ms/i/c/8705623eb284e7df/IQRWxHCVQtI7TrJbjoI9ODtEASLcQXhWeY2ucz8cWaAXko8?width=1920&height=1920
26-12-2023,6023.450684,6050.92298,5971.873526,6004.494,271488,10,LTIMindtree,LTM.NS,Stock,IT,https://1drv.ms/i/c/8705623eb284e7df/IQRWxHCVQtI7TrJbjoI9ODtEASLcQXhWeY2ucz8cWaAXko8?width=1920&height=1920
27-12-2023,6049.912598,6116.115803,6018.927682,6041.05963,357171,10,LTIMindtree,LTM.NS,Stock,IT,https://1drv.ms/i/c/8705623eb284e7df/IQRWxHCVQtI7TrJbjoI9ODtEASLcQXhWeY2ucz8cWaAXko8?width=1920&height=1920
28-12-2023,6017.147461,6086.285838,5998.094928,6064.009644,335511,10,LTIMindtree,LTM.NS,Stock,IT,https://1drv.ms/i/c/8705623eb284e7df/IQRWxHCVQtI7TrJbjoI9ODtEASLcQXhWeY2ucz8cWaAXko8?width=1920&height=1920
29-12-2023,6057.370117,6068.002887,5966.244037,6024.075875,245328,10,LTIMindtree,LTM.NS,Stock,IT,https://1drv.ms/i/c/8705623eb284e7df/IQRWxHCVQtI7TrJbjoI9ODtEASLcQXhWeY2ucz8cWaAXko8?width=1920&height=1920
01-01-2024,6025.567383,6080.271881,6004.494012,6070.69722,166927,10,LTIMindtree,LTM.NS,Stock,IT,https://1drv.ms/i/c/8705623eb284e7df/IQRWxHCVQtI7TrJbjoI9ODtEASLcQXhWeY2ucz8cWaAXko8?width=1920&height=1920
02-01-2024,5912.116699,6046.8329,5892.342473,5994.870937,475149,10,LTIMindtree,LTM.NS,Stock,IT,https://1drv.ms/i/c/8705623eb284e7df/IQRWxHCVQtI7TrJbjoI9ODtEASLcQXhWeY2ucz8cWaAXko8?width=1920&height=1920
03-01-2024,5736.071777,5882.527733,5730.2503,5879.400392,421251,10,LTIMindtree,LTM.NS,Stock,IT,https://1drv.ms/i/c/8705623eb284e7df/IQRWxHCVQtI7TrJbjoI9ODtEASLcQXhWeY2ucz8cWaAXko8?width=1920&height=1920
04-01-2024,5644.994629,5792.797667,5630.849707,5737.948918,618173,10,LTIMindtree,LTM.NS,Stock,IT,https://1drv.ms/i/c/8705623eb284e7df/IQRWxHCVQtI7TrJbjoI9ODtEASLcQXhWeY2ucz8cWaAXko8?width=1920&height=1920
05-01-2024,5723.177734,5783.174657,5679.25072,5720.627843,429330,10,LTIMindtree,LTM.NS,Stock,IT,https://1drv.ms/i/c/8705623eb284e7df/IQRWxHCVQtI7TrJbjoI9ODtEASLcQXhWeY2ucz8cWaAXko8?width=1920&height=1920
08-01-2024,5624.979004,5762.004535,5614.826894,5762.004535,193870,10,LTIMindtree,LTM.NS,Stock,IT,https://1drv.ms/i/c/8705623eb284e7df/IQRWxHCVQtI7TrJbjoI9ODtEASLcQXhWeY2ucz8cWaAXko8?width=1920&height=1920
09-01-2024,5686.370605,5733.040145,5653.269005,5691.759347,351316,10,LTIMindtree,LTM.NS,Stock,IT,https://1drv.ms/i/c/8705623eb284e7df/IQRWxHCVQtI7TrJbjoI9ODtEASLcQXhWeY2ucz8cWaAXko8?width=1920&height=1920
10-01-2024,5723.033691,5732.656279,5662.892522,5691.760283,259576,10,LTIMindtree,LTM.NS,Stock,IT,https://1drv.ms/i/c/8705623eb284e7df/IQRWxHCVQtI7TrJbjoI9ODtEASLcQXhWeY2ucz8cWaAXko8?width=1920&height=1920
11-01-2024,5735.013184,5772.492873,5689.882881,5752.718647,232299,10,LTIMindtree,LTM.NS,Stock,IT,https://1drv.ms/i/c/8705623eb284e7df/IQRWxHCVQtI7TrJbjoI9ODtEASLcQXhWeY2ucz8cWaAXko8?width=1920&height=1920
12-01-2024,6001.655273,6009.305418,5787.985923,5798.185959,899942,10,LTIMindtree,LTM.NS,Stock,IT,https://1drv.ms/i/c/8705623eb284e7df/IQRWxHCVQtI7TrJbjoI9ODtEASLcQXhWeY2ucz8cWaAXko8?width=1920&height=1920
15-01-2024,6001.655273,6001.655273,6001.655273,6001.655273,0,10,LTIMindtree,LTM.NS,Stock,IT,https://1drv.ms/i/c/8705623eb284e7df/IQRWxHCVQtI7TrJbjoI9ODtEASLcQXhWeY2ucz8cWaAXko8?width=1920&height=1920
16-01-2024,6000.54834,6062.181285,5960.133478,6052.606624,255823,10,LTIMindtree,LTM.NS,Stock,IT,https://1drv.ms/i/c/8705623eb284e7df/IQRWxHCVQtI7TrJbjoI9ODtEASLcQXhWeY2ucz8cWaAXko8?width=1920&height=1920
17-01-2024,6038.75,6085.323221,5917.890229,5961.191865,472635,10,LTIMindtree,LTM.NS,Stock,IT,https://1drv.ms/i/c/8705623eb284e7df/IQRWxHCVQtI7TrJbjoI9ODtEASLcQXhWeY2ucz8cWaAXko8?width=1920&height=1920
18-01-2024,5391.535156,5571.477522,5207.503191,5484.874244,2798324,10,LTIMindtree,LTM.NS,Stock,IT,https://1drv.ms/i/c/8705623eb284e7df/IQRWxHCVQtI7TrJbjoI9ODtEASLcQXhWeY2ucz8cWaAXko8?width=1920&height=1920
19-01-2024,5438.830078,5482.180112,5371.327728,5474.289403,974885,10,LTIMindtree,LTM.NS,Stock,IT,https://1drv.ms/i/c/8705623eb284e7df/IQRWxHCVQtI7TrJbjoI9ODtEASLcQXhWeY2ucz8cWaAXko8?width=1920&height=1920
23-01-2024,5425.695313,5507.968426,5369.403182,5417.516114,754748,10,LTIMindtree,LTM.NS,Stock,IT,https://1drv.ms/i/c/8705623eb284e7df/IQRWxHCVQtI7TrJbjoI9ODtEASLcQXhWeY2ucz8cWaAXko8?width=1920&height=1920
24-01-2024,5407.460449,5503.060941,5386.771888,5437.098298,729576,10,LTIMindtree,LTM.NS,Stock,IT,https://1drv.ms/i/c/8705623eb284e7df/IQRWxHCVQtI7TrJbjoI9ODtEASLcQXhWeY2ucz8cWaAXko8?width=1920&height=1920
25-01-2024,5287.274414,5436.76139,5251.333959,5436.76139,911916,10,LTIMindtree,LTM.NS,Stock,IT,https://1drv.ms/i/c/8705623eb284e7df/IQRWxHCVQtI7TrJbjoI9ODtEASLcQXhWeY2ucz8cWaAXko8?width=1920&height=1920
29-01-2024,5242.722168,5305.990676,5196.196867,5289.535959,772171,10,LTIMindtree,LTM.NS,Stock,IT,https://1drv.ms/i/c/8705623eb284e7df/IQRWxHCVQtI7TrJbjoI9ODtEASLcQXhWeY2ucz8cWaAXko8?width=1920&height=1920
30-01-2024,5150.777832,5316.190467,5143.320328,5287.611198,830778,10,LTIMindtree,LTM.NS,Stock,IT,https://1drv.ms/i/c/8705623eb284e7df/IQRWxHCVQtI7TrJbjoI9ODtEASLcQXhWeY2ucz8cWaAXko8?width=1920&height=1920
31-01-2024,5242.914063,5260.138868,5109.881807,5149.045921,536486,10,LTIMindtree,LTM.NS,Stock,IT,https://1drv.ms/i/c/8705623eb284e7df/IQRWxHCVQtI7TrJbjoI9ODtEASLcQXhWeY2ucz8cWaAXko8?width=1920&height=1920
01-02-2024,5162.180176,5228.912899,5140.385114,5225.063865,495519,10,LTIMindtree,LTM.NS,Stock,IT,https://1drv.ms/i/c/8705623eb284e7df/IQRWxHCVQtI7TrJbjoI9ODtEASLcQXhWeY2ucz8cWaAXko8?width=1920&height=1920
02-02-2024,5278.806641,5331.875111,5172.188102,5172.188102,593677,10,LTIMindtree,LTM.NS,Stock,IT,https://1drv.ms/i/c/8705623eb284e7df/IQRWxHCVQtI7TrJbjoI9ODtEASLcQXhWeY2ucz8cWaAXko8?width=1920&height=1920
05-02-2024,5233.195313,5330.912482,5220.878121,5330.912482,301000,10,LTIMindtree,LTM.NS,Stock,IT,https://1drv.ms/i/c/8705623eb284e7df/IQRWxHCVQtI7TrJbjoI9ODtEASLcQXhWeY2ucz8cWaAXko8?width=1920&height=1920
06-02-2024,5263.843262,5299.014097,5187.873224,5225.545556,836565,10,LTIMindtree,LTM.NS,Stock,IT,https://1drv.ms/i/c/8705623eb284e7df/IQRWxHCVQtI7TrJbjoI9ODtEASLcQXhWeY2ucz8cWaAXko8?width=1920&height=1920
07-02-2024,5242.288574,5310.65733,5233.724567,5292.422342,354265,10,LTIMindtree,LTM.NS,Stock,IT,https://1drv.ms/i/c/8705623eb284e7df/IQRWxHCVQtI7TrJbjoI9ODtEASLcQXhWeY2ucz8cWaAXko8?width=1920&height=1920
08-02-2024,5216.211426,5282.799911,5197.255213,5250.035193,380430,10,LTIMindtree,LTM.NS,Stock,IT,https://1drv.ms/i/c/8705623eb284e7df/IQRWxHCVQtI7TrJbjoI9ODtEASLcQXhWeY2ucz8cWaAXko8?width=1920&height=1920
09-02-2024,5247.484863,5263.554771,5159.630837,5263.554771,196922,10,LTIMindtree,LTM.NS,Stock,IT,https://1drv.ms/i/c/8705623eb284e7df/IQRWxHCVQtI7TrJbjoI9ODtEASLcQXhWeY2ucz8cWaAXko8?width=1920&height=1920
12-02-2024,5308.299805,5338.610952,5258.31028,5263.506853,421078,10,LTIMindtree,LTM.NS,Stock,IT,https://1drv.ms/i/c/8705623eb284e7df/IQRWxHCVQtI7TrJbjoI9ODtEASLcQXhWeY2ucz8cWaAXko8?width=1920&height=1920
13-02-2024,5347.415039,5364.591448,5262.784681,5307.770268,256808,10,LTIMindtree,LTM.NS,Stock,IT,https://1drv.ms/i/c/8705623eb284e7df/IQRWxHCVQtI7TrJbjoI9ODtEASLcQXhWeY2ucz8cWaAXko8?width=1920&height=1920
14-02-2024,5297.37793,5308.780788,5200.670939,5273.129294,332342,10,LTIMindtree,LTM.NS,Stock,IT,https://1drv.ms/i/c/8705623eb284e7df/IQRWxHCVQtI7TrJbjoI9ODtEASLcQXhWeY2ucz8cWaAXko8?width=1920&height=1920
15-02-2024,5313.880859,5379.025959,5303.055449,5365.121133,226420,10,LTIMindtree,LTM.NS,Stock,IT,https://1drv.ms/i/c/8705623eb284e7df/IQRWxHCVQtI7TrJbjoI9ODtEASLcQXhWeY2ucz8cWaAXko8?width=1920&height=1920
16-02-2024,5369.787598,5383.788742,5287.947695,5356.893427,319063,10,LTIMindtree,LTM.NS,Stock,IT,https://1drv.ms/i/c/8705623eb284e7df/IQRWxHCVQtI7TrJbjoI9ODtEASLcQXhWeY2ucz8cWaAXko8?width=1920&height=1920
19-02-2024,5305.941895,5378.063365,5301.948615,5355.931417,156372,10,LTIMindtree,LTM.NS,Stock,IT,https://1drv.ms/i/c/8705623eb284e7df/IQRWxHCVQtI7TrJbjoI9ODtEASLcQXhWeY2ucz8cWaAXko8?width=1920&height=1920
20-02-2024,5296.608887,5379.026252,5274.573256,5320.23215,413919,10,LTIMindtree,LTM.NS,Stock,IT,https://1drv.ms/i/c/8705623eb284e7df/IQRWxHCVQtI7TrJbjoI9ODtEASLcQXhWeY2ucz8cWaAXko8?width=1920&height=1920
21-02-2024,5215.538086,5307.914914,5203.028724,5292.422456,567794,10,LTIMindtree,LTM.NS,Stock,IT,https://1drv.ms/i/c/8705623eb284e7df/IQRWxHCVQtI7TrJbjoI9ODtEASLcQXhWeY2ucz8cWaAXko8?width=1920&height=1920
22-02-2024,5279.672363,5298.484331,5202.017906,5290.497773,536659,10,LTIMindtree,LTM.NS,Stock,IT,https://1drv.ms/i/c/8705623eb284e7df/IQRWxHCVQtI7TrJbjoI9ODtEASLcQXhWeY2ucz8cWaAXko8?width=1920&height=1920
23-02-2024,5333.462402,5345.490635,5302.044754,5336.686063,310531,10,LTIMindtree,LTM.NS,Stock,IT,https://1drv.ms/i/c/8705623eb284e7df/IQRWxHCVQtI7TrJbjoI9ODtEASLcQXhWeY2ucz8cWaAXko8?width=1920&height=1920
26-02-2024,5259.850098,5328.892157,5238.584087,5328.892157,227438,10,LTIMindtree,LTM.NS,Stock,IT,https://1drv.ms/i/c/8705623eb284e7df/IQRWxHCVQtI7TrJbjoI9ODtEASLcQXhWeY2ucz8cWaAXko8?width=1920&height=1920
27-02-2024,5237.285156,5300.216776,5197.158784,5258.743335,321866,10,LTIMindtree,LTM.NS,Stock,IT,https://1drv.ms/i/c/8705623eb284e7df/IQRWxHCVQtI7TrJbjoI9ODtEASLcQXhWeY2ucz8cWaAXko8?width=1920&height=1920
28-02-2024,5205.771973,5259.706388,5176.952135,5243.347989,263858,10,LTIMindtree,LTM.NS,Stock,IT,https://1drv.ms/i/c/8705623eb284e7df/IQRWxHCVQtI7TrJbjoI9ODtEASLcQXhWeY2ucz8cWaAXko8?width=1920&height=1920
29-02-2024,5100.788574,5225.016253,5068.216027,5207.743523,513879,10,LTIMindtree,LTM.NS,Stock,IT,https://1drv.ms/i/c/8705623eb284e7df/IQRWxHCVQtI7TrJbjoI9ODtEASLcQXhWeY2ucz8cWaAXko8?width=1920&height=1920
01-03-2024,5074.519043,5146.592594,5058.59385,5114.404853,565313,10,LTIMindtree,LTM.NS,Stock,IT,https://1drv.ms/i/c/8705623eb284e7df/IQRWxHCVQtI7TrJbjoI9ODtEASLcQXhWeY2ucz8cWaAXko8?width=1920&height=1920
04-03-2024,5019.958984,5119.071622,5012.934215,5099.970695,456225,10,LTIMindtree,LTM.NS,Stock,IT,https://1drv.ms/i/c/8705623eb284e7df/IQRWxHCVQtI7TrJbjoI9ODtEASLcQXhWeY2ucz8cWaAXko8?width=1920&height=1920
05-03-2024,4937.87793,5022.460836,4921.952738,5013.22306,549757,10,LTIMindtree,LTM.NS,Stock,IT,https://1drv.ms/i/c/8705623eb284e7df/IQRWxHCVQtI7TrJbjoI9ODtEASLcQXhWeY2ucz8cWaAXko8?width=1920&height=1920
06-03-2024,4969.295898,4983.874022,4881.778293,4955.583714,608117,10,LTIMindtree,LTM.NS,Stock,IT,https://1drv.ms/i/c/8705623eb284e7df/IQRWxHCVQtI7TrJbjoI9ODtEASLcQXhWeY2ucz8cWaAXko8?width=1920&height=1920
07-03-2024,4929.362305,5005.621299,4915.216915,4983.393031,461048,10,LTIMindtree,LTM.NS,Stock,IT,https://1drv.ms/i/c/8705623eb284e7df/IQRWxHCVQtI7TrJbjoI9ODtEASLcQXhWeY2ucz8cWaAXko8?width=1920&height=1920
11-03-2024,4929.651367,4939.273954,4866.142292,4924.840074,343534,10,LTIMindtree,LTM.NS,Stock,IT,https://1drv.ms/i/c/8705623eb284e7df/IQRWxHCVQtI7TrJbjoI9ODtEASLcQXhWeY2ucz8cWaAXko8?width=1920&height=1920
12-03-2024,5012.598145,5022.268656,4929.651258,4948.896431,493480,10,LTIMindtree,LTM.NS,Stock,IT,https://1drv.ms/i/c/8705623eb284e7df/IQRWxHCVQtI7TrJbjoI9ODtEASLcQXhWeY2ucz8cWaAXko8?width=1920&height=1920
13-03-2024,4998.933594,5076.106924,4965.398786,5034.296598,617665,10,LTIMindtree,LTM.NS,Stock,IT,https://1drv.ms/i/c/8705623eb284e7df/IQRWxHCVQtI7TrJbjoI9ODtEASLcQXhWeY2ucz8cWaAXko8?width=1920&height=1920
14-03-2024,5065.522461,5073.172136,4919.836117,4989.263459,414994,10,LTIMindtree,LTM.NS,Stock,IT,https://1drv.ms/i/c/8705623eb284e7df/IQRWxHCVQtI7TrJbjoI9ODtEASLcQXhWeY2ucz8cWaAXko8?width=1920&height=1920
15-03-2024,4998.308105,5051.809778,4974.877014,5049.981111,571117,10,LTIMindtree,LTM.NS,Stock,IT,https://1drv.ms/i/c/8705623eb284e7df/IQRWxHCVQtI7TrJbjoI9ODtEASLcQXhWeY2ucz8cWaAXko8?width=1920&height=1920
18-03-2024,4972.423828,5022.942409,4955.632226,5003.74516,189164,10,LTIMindtree,LTM.NS,Stock,IT,https://1drv.ms/i/c/8705623eb284e7df/IQRWxHCVQtI7TrJbjoI9ODtEASLcQXhWeY2ucz8cWaAXko8?width=1920&height=1920
19-03-2024,4913.004395,4982.67183,4884.617763,4971.990664,487996,10,LTIMindtree,LTM.NS,Stock,IT,https://1drv.ms/i/c/8705623eb284e7df/IQRWxHCVQtI7TrJbjoI9ODtEASLcQXhWeY2ucz8cWaAXko8?width=1920&height=1920
20-03-2024,4908.529297,4963.955489,4879.469368,4922.049313,229758,10,LTIMindtree,LTM.NS,Stock,IT,https://1drv.ms/i/c/8705623eb284e7df/IQRWxHCVQtI7TrJbjoI9ODtEASLcQXhWeY2ucz8cWaAXko8?width=1920&height=1920
21-03-2024,4965.158691,4997.009549,4936.675739,4965.255011,374029,10,LTIMindtree,LTM.NS,Stock,IT,https://1drv.ms/i/c/8705623eb284e7df/IQRWxHCVQtI7TrJbjoI9ODtEASLcQXhWeY2ucz8cWaAXko8?width=1920&height=1920
22-03-2024,4816.104492,4886.349373,4758.416899,4854.546913,846359,10,LTIMindtree,LTM.NS,Stock,IT,https://1drv.ms/i/c/8705623eb284e7df/IQRWxHCVQtI7TrJbjoI9ODtEASLcQXhWeY2ucz8cWaAXko8?width=1920&height=1920
26-03-2024,4787.429688,4854.932042,4776.652202,4816.104809,388110,10,LTIMindtree,LTM.NS,Stock,IT,https://1drv.ms/i/c/8705623eb284e7df/IQRWxHCVQtI7TrJbjoI9ODtEASLcQXhWeY2ucz8cWaAXko8?width=1920&height=1920
27-03-2024,4741.529785,4814.083998,4729.501551,4792.048367,517721,10,LTIMindtree,LTM.NS,Stock,IT,https://1drv.ms/i/c/8705623eb284e7df/IQRWxHCVQtI7TrJbjoI9ODtEASLcQXhWeY2ucz8cWaAXko8?width=1920&height=1920
28-03-2024,4752.018066,4779.923568,4722.813422,4749.660815,1169945,10,LTIMindtree,LTM.NS,Stock,IT,https://1drv.ms/i/c/8705623eb284e7df/IQRWxHCVQtI7TrJbjoI9ODtEASLcQXhWeY2ucz8cWaAXko8?width=1920&height=1920
01-04-2024,4698.324219,4791.807553,4682.446951,4767.991652,626289,10,LTIMindtree,LTM.NS,Stock,IT,https://1drv.ms/i/c/8705623eb284e7df/IQRWxHCVQtI7TrJbjoI9ODtEASLcQXhWeY2ucz8cWaAXko8?width=1920&height=1920
02-04-2024,4715.789063,4732.340099,4682.975949,4697.650393,454393,10,LTIMindtree,LTM.NS,Stock,IT,https://1drv.ms/i/c/8705623eb284e7df/IQRWxHCVQtI7TrJbjoI9ODtEASLcQXhWeY2ucz8cWaAXko8?width=1920&height=1920
03-04-2024,4685.525391,4746.821448,4680.473533,4715.78861,545022,10,LTIMindtree,LTM.NS,Stock,IT,https://1drv.ms/i/c/8705623eb284e7df/IQRWxHCVQtI7TrJbjoI9ODtEASLcQXhWeY2ucz8cWaAXko8?width=1920&height=1920
04-04-2024,4748.938965,4780.163975,4682.4468,4716.943865,791246,10,LTIMindtree,LTM.NS,Stock,IT,https://1drv.ms/i/c/8705623eb284e7df/IQRWxHCVQtI7TrJbjoI9ODtEASLcQXhWeY2ucz8cWaAXko8?width=1920&height=1920
05-04-2024,4741.529785,4758.369313,4708.33186,4758.369313,340663,10,LTIMindtree,LTM.NS,Stock,IT,https://1drv.ms/i/c/8705623eb284e7df/IQRWxHCVQtI7TrJbjoI9ODtEASLcQXhWeY2ucz8cWaAXko8?width=1920&height=1920
08-04-2024,4712.56543,4768.953881,4698.708999,4753.557742,376850,10,LTIMindtree,LTM.NS,Stock,IT,https://1drv.ms/i/c/8705623eb284e7df/IQRWxHCVQtI7TrJbjoI9ODtEASLcQXhWeY2ucz8cWaAXko8?width=1920&height=1920
09-04-2024,4707.995117,4785.409021,4695.822638,4749.709127,330892,10,LTIMindtree,LTM.NS,Stock,IT,https://1drv.ms/i/c/8705623eb284e7df/IQRWxHCVQtI7TrJbjoI9ODtEASLcQXhWeY2ucz8cWaAXko8?width=1920&height=1920
10-04-2024,4732.725098,4741.096466,4691.347974,4733.109907,271550,10,LTIMindtree,LTM.NS,Stock,IT,https://1drv.ms/i/c/8705623eb284e7df/IQRWxHCVQtI7TrJbjoI9ODtEASLcQXhWeY2ucz8cWaAXko8?width=1920&height=1920
12-04-2024,4704.38623,4766.067104,4695.870147,4730.463534,218620,10,LTIMindtree,LTM.NS,Stock,IT,https://1drv.ms/i/c/8705623eb284e7df/IQRWxHCVQtI7TrJbjoI9ODtEASLcQXhWeY2ucz8cWaAXko8?width=1920&height=1920
15-04-2024,4633.419434,4706.840047,4619.129799,4671.765533,335329,10,LTIMindtree,LTM.NS,Stock,IT,https://1drv.ms/i/c/8705623eb284e7df/IQRWxHCVQtI7TrJbjoI9ODtEASLcQXhWeY2ucz8cWaAXko8?width=1920&height=1920
16-04-2024,4486.867676,4606.284064,4474.550484,4606.284064,1337626,10,LTIMindtree,LTM.NS,Stock,IT,https://1drv.ms/i/c/8705623eb284e7df/IQRWxHCVQtI7TrJbjoI9ODtEASLcQXhWeY2ucz8cWaAXko8?width=1920&height=1920
18-04-2024,4519.873047,4577.320075,4500.483629,4544.651207,638832,10,LTIMindtree,LTM.NS,Stock,IT,https://1drv.ms/i/c/8705623eb284e7df/IQRWxHCVQtI7TrJbjoI9ODtEASLcQXhWeY2ucz8cWaAXko8?width=1920&height=1920
19-04-2024,4484.654297,4496.249795,4422.877574,4474.502656,375613,10,LTIMindtree,LTM.NS,Stock,IT,https://1drv.ms/i/c/8705623eb284e7df/IQRWxHCVQtI7TrJbjoI9ODtEASLcQXhWeY2ucz8cWaAXko8?width=1920&height=1920
22-04-2024,4499.713867,4522.615434,4458.144108,4521.653175,270101,10,LTIMindtree,LTM.NS,Stock,IT,https://1drv.ms/i/c/8705623eb284e7df/IQRWxHCVQtI7TrJbjoI9ODtEASLcQXhWeY2ucz8cWaAXko8?width=1920&height=1920
23-04-2024,4545.132324,4562.35666,4503.466713,4503.466713,298146,10,LTIMindtree,LTM.NS,Stock,IT,https://1drv.ms/i/c/8705623eb284e7df/IQRWxHCVQtI7TrJbjoI9ODtEASLcQXhWeY2ucz8cWaAXko8?width=1920&height=1920
24-04-2024,4548.40332,4574.817504,4531.852756,4561.153246,489912,10,LTIMindtree,LTM.NS,Stock,IT,https://1drv.ms/i/c/8705623eb284e7df/IQRWxHCVQtI7TrJbjoI9ODtEASLcQXhWeY2ucz8cWaAXko8?width=1920&height=1920
25-04-2024,4459.780273,4510.827906,4418.210513,4484.077304,1495381,10,LTIMindtree,LTM.NS,Stock,IT,https://1drv.ms/i/c/8705623eb284e7df/IQRWxHCVQtI7TrJbjoI9ODtEASLcQXhWeY2ucz8cWaAXko8?width=1920&height=1920
26-04-2024,4607.342773,4641.502959,4464.592065,4465.361684,757962,10,LTIMindtree,LTM.NS,Stock,IT,https://1drv.ms/i/c/8705623eb284e7df/IQRWxHCVQtI7TrJbjoI9ODtEASLcQXhWeY2ucz8cWaAXko8?width=1920&height=1920
29-04-2024,4564.907227,4628.416299,4537.24229,4619.900216,338991,10,LTIMindtree,LTM.NS,Stock,IT,https://1drv.ms/i/c/8705623eb284e7df/IQRWxHCVQtI7TrJbjoI9ODtEASLcQXhWeY2ucz8cWaAXko8?width=1920&height=1920
30-04-2024,4528.773926,4598.249187,4522.56764,4570.728496,362707,10,LTIMindtree,LTM.NS,Stock,IT,https://1drv.ms/i/c/8705623eb284e7df/IQRWxHCVQtI7TrJbjoI9ODtEASLcQXhWeY2ucz8cWaAXko8?width=1920&height=1920
02-05-2024,4515.59082,4569.236734,4499.087711,4537.001073,423233,10,LTIMindtree,LTM.NS,Stock,IT,https://1drv.ms/i/c/8705623eb284e7df/IQRWxHCVQtI7TrJbjoI9ODtEASLcQXhWeY2ucz8cWaAXko8?width=1920&height=1920
03-05-2024,4476.379395,4545.469379,4465.40927,4527.474954,399976,10,LTIMindtree,LTM.NS,Stock,IT,https://1drv.ms/i/c/8705623eb284e7df/IQRWxHCVQtI7TrJbjoI9ODtEASLcQXhWeY2ucz8cWaAXko8?width=1920&height=1920
06-05-2024,4526.416504,4560.14348,4484.125051,4498.55893,232694,10,LTIMindtree,LTM.NS,Stock,IT,https://1drv.ms/i/c/8705623eb284e7df/IQRWxHCVQtI7TrJbjoI9ODtEASLcQXhWeY2ucz8cWaAXko8?width=1920&height=1920
07-05-2024,4522.038574,4550.521527,4476.427604,4532.286536,283096,10,LTIMindtree,LTM.NS,Stock,IT,https://1drv.ms/i/c/8705623eb284e7df/IQRWxHCVQtI7TrJbjoI9ODtEASLcQXhWeY2ucz8cWaAXko8?width=1920&height=1920
08-05-2024,4535.894043,4550.376316,4499.183974,4546.671526,249942,10,LTIMindtree,LTM.NS,Stock,IT,https://1drv.ms/i/c/8705623eb284e7df/IQRWxHCVQtI7TrJbjoI9ODtEASLcQXhWeY2ucz8cWaAXko8?width=1920&height=1920
09-05-2024,4482.200684,4549.270298,4452.89972,4538.973943,576158,10,LTIMindtree,LTM.NS,Stock,IT,https://1drv.ms/i/c/8705623eb284e7df/IQRWxHCVQtI7TrJbjoI9ODtEASLcQXhWeY2ucz8cWaAXko8?width=1920&height=1920
10-05-2024,4433.750488,4474.454307,4393.287704,4474.454307,315816,10,LTIMindtree,LTM.NS,Stock,IT,https://1drv.ms/i/c/8705623eb284e7df/IQRWxHCVQtI7TrJbjoI9ODtEASLcQXhWeY2ucz8cWaAXko8?width=1920&height=1920
13-05-2024,4420.182617,4454.198551,4393.191453,4433.894802,242264,10,LTIMindtree,LTM.NS,Stock,IT,https://1drv.ms/i/c/8705623eb284e7df/IQRWxHCVQtI7TrJbjoI9ODtEASLcQXhWeY2ucz8cWaAXko8?width=1920&height=1920
14-05-2024,4459.924316,4493.795537,4416.719,4426.245266,156781,10,LTIMindtree,LTM.NS,Stock,IT,https://1drv.ms/i/c/8705623eb284e7df/IQRWxHCVQtI7TrJbjoI9ODtEASLcQXhWeY2ucz8cWaAXko8?width=1920&height=1920
15-05-2024,4473.829102,4499.473671,4458.144473,4473.492687,246664,10,LTIMindtree,LTM.NS,Stock,IT,https://1drv.ms/i/c/8705623eb284e7df/IQRWxHCVQtI7TrJbjoI9ODtEASLcQXhWeY2ucz8cWaAXko8?width=1920&height=1920
16-05-2024,4591.128418,4605.273337,4489.8507,4489.8507,612681,10,LTIMindtree,LTM.NS,Stock,IT,https://1drv.ms/i/c/8705623eb284e7df/IQRWxHCVQtI7TrJbjoI9ODtEASLcQXhWeY2ucz8cWaAXko8?width=1920&height=1920
17-05-2024,4584.488281,4609.218514,4546.671708,4604.407221,383213,10,LTIMindtree,LTM.NS,Stock,IT,https://1drv.ms/i/c/8705623eb284e7df/IQRWxHCVQtI7TrJbjoI9ODtEASLcQXhWeY2ucz8cWaAXko8?width=1920&height=1920
21-05-2024,4552.20459,4600.076952,4533.199984,4570.728067,380590,10,LTIMindtree,LTM.NS,Stock,IT,https://1drv.ms/i/c/8705623eb284e7df/IQRWxHCVQtI7TrJbjoI9ODtEASLcQXhWeY2ucz8cWaAXko8?width=1920&height=1920
22-05-2024,4595.506348,4623.652411,4544.266079,4561.105604,276807,10,LTIMindtree,LTM.NS,Stock,IT,https://1drv.ms/i/c/8705623eb284e7df/IQRWxHCVQtI7TrJbjoI9ODtEASLcQXhWeY2ucz8cWaAXko8?width=1920&height=1920
23-05-2024,4648.959961,4665.944202,4599.596281,4599.596281,491869,10,LTIMindtree,LTM.NS,Stock,IT,https://1drv.ms/i/c/8705623eb284e7df/IQRWxHCVQtI7TrJbjoI9ODtEASLcQXhWeY2ucz8cWaAXko8?width=1920&height=1920
24-05-2024,4657.09082,4676.576556,4639.529602,4660.218161,233454,10,LTIMindtree,LTM.NS,Stock,IT,https://1drv.ms/i/c/8705623eb284e7df/IQRWxHCVQtI7TrJbjoI9ODtEASLcQXhWeY2ucz8cWaAXko8?width=1920&height=1920
27-05-2024,4707.416992,4729.693655,4644.533769,4666.906281,429985,10,LTIMindtree,LTM.NS,Stock,IT,https://1drv.ms/i/c/8705623eb284e7df/IQRWxHCVQtI7TrJbjoI9ODtEASLcQXhWeY2ucz8cWaAXko8?width=1920&height=1920
28-05-2024,4701.547363,4747.254645,4671.957913,4729.500786,321798,10,LTIMindtree,LTM.NS,Stock,IT,https://1drv.ms/i/c/8705623eb284e7df/IQRWxHCVQtI7TrJbjoI9ODtEASLcQXhWeY2ucz8cWaAXko8?width=1920&height=1920
29-05-2024,4696.591797,4708.23522,4647.757171,4700.633471,209717,10,LTIMindtree,LTM.NS,Stock,IT,https://1drv.ms/i/c/8705623eb284e7df/IQRWxHCVQtI7TrJbjoI9ODtEASLcQXhWeY2ucz8cWaAXko8?width=1920&height=1920
30-05-2024,4593.004883,4686.873498,4568.804171,4666.906631,393085,10,LTIMindtree,LTM.NS,Stock,IT,https://1drv.ms/i/c/8705623eb284e7df/IQRWxHCVQtI7TrJbjoI9ODtEASLcQXhWeY2ucz8cWaAXko8?width=1920&height=1920
31-05-2024,4524.443848,4595.410423,4503.370477,4589.877436,965092,10,LTIMindtree,LTM.NS,Stock,IT,https://1drv.ms/i/c/8705623eb284e7df/IQRWxHCVQtI7TrJbjoI9ODtEASLcQXhWeY2ucz8cWaAXko8?width=1920&height=1920
03-06-2024,4473.925293,4642.898007,4464.687516,4642.898007,448138,10,LTIMindtree,LTM.NS,Stock,IT,https://1drv.ms/i/c/8705623eb284e7df/IQRWxHCVQtI7TrJbjoI9ODtEASLcQXhWeY2ucz8cWaAXko8?width=1920&height=1920
04-06-2024,4455.883301,4499.473903,4343.202709,4474.021972,683878,10,LTIMindtree,LTM.NS,Stock,IT,https://1drv.ms/i/c/8705623eb284e7df/IQRWxHCVQtI7TrJbjoI9ODtEASLcQXhWeY2ucz8cWaAXko8?width=1920&height=1920
05-06-2024,4511.88623,4593.822454,4455.882593,4460.020587,457063,10,LTIMindtree,LTM.NS,Stock,IT,https://1drv.ms/i/c/8705623eb284e7df/IQRWxHCVQtI7TrJbjoI9ODtEASLcQXhWeY2ucz8cWaAXko8?width=1920&height=1920
06-06-2024,4619.082031,4637.124381,4525.502379,4561.105948,622901,10,LTIMindtree,LTM.NS,Stock,IT,https://1drv.ms/i/c/8705623eb284e7df/IQRWxHCVQtI7TrJbjoI9ODtEASLcQXhWeY2ucz8cWaAXko8?width=1920&height=1920
07-06-2024,4789.354004,4818.943458,4638.086754,4642.898048,1002806,10,LTIMindtree,LTM.NS,Stock,IT,https://1drv.ms/i/c/8705623eb284e7df/IQRWxHCVQtI7TrJbjoI9ODtEASLcQXhWeY2ucz8cWaAXko8?width=1920&height=1920
10-06-2024,4718.387207,4790.893018,4681.388175,4789.401705,428520,10,LTIMindtree,LTM.NS,Stock,IT,https://1drv.ms/i/c/8705623eb284e7df/IQRWxHCVQtI7TrJbjoI9ODtEASLcQXhWeY2ucz8cWaAXko8?width=1920&height=1920
11-06-2024,4718.483887,4759.668845,4705.733958,4738.883961,268670,10,LTIMindtree,LTM.NS,Stock,IT,https://1drv.ms/i/c/8705623eb284e7df/IQRWxHCVQtI7TrJbjoI9ODtEASLcQXhWeY2ucz8cWaAXko8?width=1920&height=1920
12-06-2024,4764.23877,4834.387329,4749.756495,4773.428151,705428,10,LTIMindtree,LTM.NS,Stock,IT,https://1drv.ms/i/c/8705623eb284e7df/IQRWxHCVQtI7TrJbjoI9ODtEASLcQXhWeY2ucz8cWaAXko8?width=1920&height=1920
13-06-2024,4856.711914,4899.965157,4783.435544,4807.49201,739500,10,LTIMindtree,LTM.NS,Stock,IT,https://1drv.ms/i/c/8705623eb284e7df/IQRWxHCVQtI7TrJbjoI9ODtEASLcQXhWeY2ucz8cWaAXko8?width=1920&height=1920
14-06-2024,4842.614746,4878.844161,4806.722685,4856.712212,278048,10,LTIMindtree,LTM.NS,Stock,IT,https://1drv.ms/i/c/8705623eb284e7df/IQRWxHCVQtI7TrJbjoI9ODtEASLcQXhWeY2ucz8cWaAXko8?width=1920&height=1920
18-06-2024,4897.511719,4938.311392,4855.605073,4865.179734,697624,10,LTIMindtree,LTM.NS,Stock,IT,https://1drv.ms/i/c/8705623eb284e7df/IQRWxHCVQtI7TrJbjoI9ODtEASLcQXhWeY2ucz8cWaAXko8?width=1920&height=1920
19-06-2024,4873.483398,4927.850574,4825.57223,4924.112736,351127,10,LTIMindtree,LTM.NS,Stock,IT,https://1drv.ms/i/c/8705623eb284e7df/IQRWxHCVQtI7TrJbjoI9ODtEASLcQXhWeY2ucz8cWaAXko8?width=1920&height=1920
20-06-2024,4905.133301,4923.142239,4854.212423,4883.337697,333475,10,LTIMindtree,LTM.NS,Stock,IT,https://1drv.ms/i/c/8705623eb284e7df/IQRWxHCVQtI7TrJbjoI9ODtEASLcQXhWeY2ucz8cWaAXko8?width=1920&height=1920
21-06-2024,4976.004395,5120.077313,4961.58729,5048.380506,1417846,10,LTIMindtree,LTM.NS,Stock,IT,https://1drv.ms/i/c/8705623eb284e7df/IQRWxHCVQtI7TrJbjoI9ODtEASLcQXhWeY2ucz8cWaAXko8?width=1920&height=1920
24-06-2024,4962.169922,4999.790065,4912.462601,4951.296297,258477,10,LTIMindtree,LTM.NS,Stock,IT,https://1drv.ms/i/c/8705623eb284e7df/IQRWxHCVQtI7TrJbjoI9ODtEASLcQXhWeY2ucz8cWaAXko8?width=1920&height=1920
25-06-2024,4974.451172,4985.27597,4922.60828,4962.218462,179424,10,LTIMindtree,LTM.NS,Stock,IT,https://1drv.ms/i/c/8705623eb284e7df/IQRWxHCVQtI7TrJbjoI9ODtEASLcQXhWeY2ucz8cWaAXko8?width=1920&height=1920
26-06-2024,5026.536621,5038.672151,4986.34384,5004.692667,401368,10,LTIMindtree,LTM.NS,Stock,IT,https://1drv.ms/i/c/8705623eb284e7df/IQRWxHCVQtI7TrJbjoI9ODtEASLcQXhWeY2ucz8cWaAXko8?width=1920&height=1920
27-06-2024,5220.267578,5232.791823,4975.566958,5029.934128,1326532,10,LTIMindtree,LTM.NS,Stock,IT,https://1drv.ms/i/c/8705623eb284e7df/IQRWxHCVQtI7TrJbjoI9ODtEASLcQXhWeY2ucz8cWaAXko8?width=1920&height=1920
28-06-2024,5228.034668,5291.091071,5160.027348,5220.219576,413940,10,LTIMindtree,LTM.NS,Stock,IT,https://1drv.ms/i/c/8705623eb284e7df/IQRWxHCVQtI7TrJbjoI9ODtEASLcQXhWeY2ucz8cWaAXko8?width=1920&height=1920
01-07-2024,5288.664551,5388.175908,5196.094623,5215.80301,1092209,10,LTIMindtree,LTM.NS,Stock,IT,https://1drv.ms/i/c/8705623eb284e7df/IQRWxHCVQtI7TrJbjoI9ODtEASLcQXhWeY2ucz8cWaAXko8?width=1920&height=1920
02-07-2024,5314.391602,5381.379731,5247.403472,5291.139735,502427,10,LTIMindtree,LTM.NS,Stock,IT,https://1drv.ms/i/c/8705623eb284e7df/IQRWxHCVQtI7TrJbjoI9ODtEASLcQXhWeY2ucz8cWaAXko8?width=1920&height=1920
03-07-2024,5307.012695,5342.933863,5276.819402,5329.827491,251028,10,LTIMindtree,LTM.NS,Stock,IT,https://1drv.ms/i/c/8705623eb284e7df/IQRWxHCVQtI7TrJbjoI9ODtEASLcQXhWeY2ucz8cWaAXko8?width=1920&height=1920
04-07-2024,5300.314453,5359.050422,5286.237237,5320.022366,255625,10,LTIMindtree,LTM.NS,Stock,IT,https://1drv.ms/i/c/8705623eb284e7df/IQRWxHCVQtI7TrJbjoI9ODtEASLcQXhWeY2ucz8cWaAXko8?width=1920&height=1920
05-07-2024,5263.616211,5333.03144,5241.335189,5299.828441,213468,10,LTIMindtree,LTM.NS,Stock,IT,https://1drv.ms/i/c/8705623eb284e7df/IQRWxHCVQtI7TrJbjoI9ODtEASLcQXhWeY2ucz8cWaAXko8?width=1920&height=1920
08-07-2024,5232.549316,5300.459456,5191.336868,5263.616272,198972,10,LTIMindtree,LTM.NS,Stock,IT,https://1drv.ms/i/c/8705623eb284e7df/IQRWxHCVQtI7TrJbjoI9ODtEASLcQXhWeY2ucz8cWaAXko8?width=1920&height=1920
09-07-2024,5220.365234,5270.412446,5179.29879,5247.888712,241090,10,LTIMindtree,LTM.NS,Stock,IT,https://1drv.ms/i/c/8705623eb284e7df/IQRWxHCVQtI7TrJbjoI9ODtEASLcQXhWeY2ucz8cWaAXko8?width=1920&height=1920
10-07-2024,5219.491699,5268.713601,5165.221701,5242.549207,300436,10,LTIMindtree,LTM.NS,Stock,IT,https://1drv.ms/i/c/8705623eb284e7df/IQRWxHCVQtI7TrJbjoI9ODtEASLcQXhWeY2ucz8cWaAXko8?width=1920&height=1920
11-07-2024,5249.927246,5266.479919,5182.356523,5235.752853,266246,10,LTIMindtree,LTM.NS,Stock,IT,https://1drv.ms/i/c/8705623eb284e7df/IQRWxHCVQtI7TrJbjoI9ODtEASLcQXhWeY2ucz8cWaAXko8?width=1920&height=1920
12-07-2024,5410.164551,5494.676662,5310.604857,5360.263349,1174862,10,LTIMindtree,LTM.NS,Stock,IT,https://1drv.ms/i/c/8705623eb284e7df/IQRWxHCVQtI7TrJbjoI9ODtEASLcQXhWeY2ucz8cWaAXko8?width=1920&height=1920
15-07-2024,5318.42041,5477.493039,5301.333488,5448.367765,322248,10,LTIMindtree,LTM.NS,Stock,IT,https://1drv.ms/i/c/8705623eb284e7df/IQRWxHCVQtI7TrJbjoI9ODtEASLcQXhWeY2ucz8cWaAXko8?width=1920&height=1920
16-07-2024,5400.165527,5415.164759,5279.732239,5330.022161,339480,10,LTIMindtree,LTM.NS,Stock,IT,https://1drv.ms/i/c/8705623eb284e7df/IQRWxHCVQtI7TrJbjoI9ODtEASLcQXhWeY2ucz8cWaAXko8?width=1920&height=1920
18-07-2024,5589.04248,5609.52735,5441.571616,5441.571616,2592299,10,LTIMindtree,LTM.NS,Stock,IT,https://1drv.ms/i/c/8705623eb284e7df/IQRWxHCVQtI7TrJbjoI9ODtEASLcQXhWeY2ucz8cWaAXko8?width=1920&height=1920
19-07-2024,5594.722168,5707.728131,5565.159827,5612.440042,961356,10,LTIMindtree,LTM.NS,Stock,IT,https://1drv.ms/i/c/8705623eb284e7df/IQRWxHCVQtI7TrJbjoI9ODtEASLcQXhWeY2ucz8cWaAXko8?width=1920&height=1920
22-07-2024,5551.616699,5611.517391,5495.987146,5565.839445,271458,10,LTIMindtree,LTM.NS,Stock,IT,https://1drv.ms/i/c/8705623eb284e7df/IQRWxHCVQtI7TrJbjoI9ODtEASLcQXhWeY2ucz8cWaAXko8?width=1920&height=1920
23-07-2024,5522.733887,5592.051936,5385.796289,5579.430985,319279,10,LTIMindtree,LTM.NS,Stock,IT,https://1drv.ms/i/c/8705623eb284e7df/IQRWxHCVQtI7TrJbjoI9ODtEASLcQXhWeY2ucz8cWaAXko8?width=1920&height=1920
24-07-2024,5499.967285,5548.36387,5487.006445,5527.976181,144400,10,LTIMindtree,LTM.NS,Stock,IT,https://1drv.ms/i/c/8705623eb284e7df/IQRWxHCVQtI7TrJbjoI9ODtEASLcQXhWeY2ucz8cWaAXko8?width=1920&height=1920
25-07-2024,5434.678711,5474.532077,5398.85472,5446.425999,273149,10,LTIMindtree,LTM.NS,Stock,IT,https://1drv.ms/i/c/8705623eb284e7df/IQRWxHCVQtI7TrJbjoI9ODtEASLcQXhWeY2ucz8cWaAXko8?width=1920&height=1920
26-07-2024,5619.672852,5642.438821,5422.203129,5436.571881,497275,10,LTIMindtree,LTM.NS,Stock,IT,https://1drv.ms/i/c/8705623eb284e7df/IQRWxHCVQtI7TrJbjoI9ODtEASLcQXhWeY2ucz8cWaAXko8?width=1920&height=1920
29-07-2024,5617.876953,5687.874788,5582.344025,5642.487904,199536,10,LTIMindtree,LTM.NS,Stock,IT,https://1drv.ms/i/c/8705623eb284e7df/IQRWxHCVQtI7TrJbjoI9ODtEASLcQXhWeY2ucz8cWaAXko8?width=1920&height=1920
30-07-2024,5507.103516,5627.973394,5486.570294,5617.876728,368957,10,LTIMindtree,LTM.NS,Stock,IT,https://1drv.ms/i/c/8705623eb284e7df/IQRWxHCVQtI7TrJbjoI9ODtEASLcQXhWeY2ucz8cWaAXko8?width=1920&height=1920
31-07-2024,5493.171875,5542.927548,5472.153232,5499.82224,410606,10,LTIMindtree,LTM.NS,Stock,IT,https://1drv.ms/i/c/8705623eb284e7df/IQRWxHCVQtI7TrJbjoI9ODtEASLcQXhWeY2ucz8cWaAXko8?width=1920&height=1920
01-08-2024,5513.316895,5599.188096,5461.959426,5523.122498,472017,10,LTIMindtree,LTM.NS,Stock,IT,https://1drv.ms/i/c/8705623eb284e7df/IQRWxHCVQtI7TrJbjoI9ODtEASLcQXhWeY2ucz8cWaAXko8?width=1920&height=1920
02-08-2024,5349.244629,5502.68656,5320.216535,5422.15499,425166,10,LTIMindtree,LTM.NS,Stock,IT,https://1drv.ms/i/c/8705623eb284e7df/IQRWxHCVQtI7TrJbjoI9ODtEASLcQXhWeY2ucz8cWaAXko8?width=1920&height=1920
05-08-2024,5232.9375,5247.402956,5103.76664,5104.689129,733853,10,LTIMindtree,LTM.NS,Stock,IT,https://1drv.ms/i/c/8705623eb284e7df/IQRWxHCVQtI7TrJbjoI9ODtEASLcQXhWeY2ucz8cWaAXko8?width=1920&height=1920
06-08-2024,5301.527832,5366.816986,5214.394723,5214.394723,393965,10,LTIMindtree,LTM.NS,Stock,IT,https://1drv.ms/i/c/8705623eb284e7df/IQRWxHCVQtI7TrJbjoI9ODtEASLcQXhWeY2ucz8cWaAXko8?width=1920&height=1920
07-08-2024,5405.165039,5424.096466,5343.128305,5362.933395,260682,10,LTIMindtree,LTM.NS,Stock,IT,https://1drv.ms/i/c/8705623eb284e7df/IQRWxHCVQtI7TrJbjoI9ODtEASLcQXhWeY2ucz8cWaAXko8?width=1920&height=1920
08-08-2024,5182.647461,5385.262446,5165.706547,5385.262446,496812,10,LTIMindtree,LTM.NS,Stock,IT,https://1drv.ms/i/c/8705623eb284e7df/IQRWxHCVQtI7TrJbjoI9ODtEASLcQXhWeY2ucz8cWaAXko8?width=1920&height=1920
09-08-2024,5216.870117,5323.12901,5209.249383,5281.382786,325943,10,LTIMindtree,LTM.NS,Stock,IT,https://1drv.ms/i/c/8705623eb284e7df/IQRWxHCVQtI7TrJbjoI9ODtEASLcQXhWeY2ucz8cWaAXko8?width=1920&height=1920
12-08-2024,5242.986328,5277.014167,5164.736331,5216.870287,204264,10,LTIMindtree,LTM.NS,Stock,IT,https://1drv.ms/i/c/8705623eb284e7df/IQRWxHCVQtI7TrJbjoI9ODtEASLcQXhWeY2ucz8cWaAXko8?width=1920&height=1920
13-08-2024,5227.88916,5248.276851,5148.182904,5190.706086,223672,10,LTIMindtree,LTM.NS,Stock,IT,https://1drv.ms/i/c/8705623eb284e7df/IQRWxHCVQtI7TrJbjoI9ODtEASLcQXhWeY2ucz8cWaAXko8?width=1920&height=1920
14-08-2024,5269.29541,5281.334235,5210.511093,5237.69468,241696,10,LTIMindtree,LTM.NS,Stock,IT,https://1drv.ms/i/c/8705623eb284e7df/IQRWxHCVQtI7TrJbjoI9ODtEASLcQXhWeY2ucz8cWaAXko8?width=1920&height=1920
16-08-2024,5401.524414,5436.717451,5326.963907,5368.370241,445477,10,LTIMindtree,LTM.NS,Stock,IT,https://1drv.ms/i/c/8705623eb284e7df/IQRWxHCVQtI7TrJbjoI9ODtEASLcQXhWeY2ucz8cWaAXko8?width=1920&height=1920
19-08-2024,5510.598633,5543.995517,5405.602122,5405.602122,281113,10,LTIMindtree,LTM.NS,Stock,IT,https://1drv.ms/i/c/8705623eb284e7df/IQRWxHCVQtI7TrJbjoI9ODtEASLcQXhWeY2ucz8cWaAXko8?width=1920&height=1920
20-08-2024,5541.374023,5584.285447,5500.30758,5514.384795,326477,10,LTIMindtree,LTM.NS,Stock,IT,https://1drv.ms/i/c/8705623eb284e7df/IQRWxHCVQtI7TrJbjoI9ODtEASLcQXhWeY2ucz8cWaAXko8?width=1920&height=1920
21-08-2024,5546.859863,5563.897958,5493.414703,5519.336386,247285,10,LTIMindtree,LTM.NS,Stock,IT,https://1drv.ms/i/c/8705623eb284e7df/IQRWxHCVQtI7TrJbjoI9ODtEASLcQXhWeY2ucz8cWaAXko8?width=1920&height=1920
22-08-2024,5538.07373,5600.790249,5492.492961,5567.733253,223201,10,LTIMindtree,LTM.NS,Stock,IT,https://1drv.ms/i/c/8705623eb284e7df/IQRWxHCVQtI7TrJbjoI9ODtEASLcQXhWeY2ucz8cWaAXko8?width=1920&height=1920
23-08-2024,5477.104492,5536.71412,5456.134202,5525.064011,252213,10,LTIMindtree,LTM.NS,Stock,IT,https://1drv.ms/i/c/8705623eb284e7df/IQRWxHCVQtI7TrJbjoI9ODtEASLcQXhWeY2ucz8cWaAXko8?width=1920&height=1920
26-08-2024,5572.586914,5586.906839,5485.016742,5494.967876,333622,10,LTIMindtree,LTM.NS,Stock,IT,https://1drv.ms/i/c/8705623eb284e7df/IQRWxHCVQtI7TrJbjoI9ODtEASLcQXhWeY2ucz8cWaAXko8?width=1920&height=1920
27-08-2024,5583.848633,5629.915296,5539.675302,5548.364531,269054,10,LTIMindtree,LTM.NS,Stock,IT,https://1drv.ms/i/c/8705623eb284e7df/IQRWxHCVQtI7TrJbjoI9ODtEASLcQXhWeY2ucz8cWaAXko8?width=1920&height=1920
28-08-2024,5948.885254,6018.154955,5601.760738,5606.61495,3580339,10,LTIMindtree,LTM.NS,Stock,IT,https://1drv.ms/i/c/8705623eb284e7df/IQRWxHCVQtI7TrJbjoI9ODtEASLcQXhWeY2ucz8cWaAXko8?width=1920&height=1920
29-08-2024,5953.303223,5970.681208,5878.499526,5935.730879,613085,10,LTIMindtree,LTM.NS,Stock,IT,https://1drv.ms/i/c/8705623eb284e7df/IQRWxHCVQtI7TrJbjoI9ODtEASLcQXhWeY2ucz8cWaAXko8?width=1920&height=1920
30-08-2024,5976.554199,5993.05852,5892.042557,5972.719656,1700749,10,LTIMindtree,LTM.NS,Stock,IT,https://1drv.ms/i/c/8705623eb284e7df/IQRWxHCVQtI7TrJbjoI9ODtEASLcQXhWeY2ucz8cWaAXko8?width=1920&height=1920
02-09-2024,5974.079102,6020.194119,5924.080715,5924.080715,343399,10,LTIMindtree,LTM.NS,Stock,IT,https://1drv.ms/i/c/8705623eb284e7df/IQRWxHCVQtI7TrJbjoI9ODtEASLcQXhWeY2ucz8cWaAXko8?width=1920&height=1920
03-09-2024,5966.506348,5998.83521,5907.576024,5919.226133,406722,10,LTIMindtree,LTM.NS,Stock,IT,https://1drv.ms/i/c/8705623eb284e7df/IQRWxHCVQtI7TrJbjoI9ODtEASLcQXhWeY2ucz8cWaAXko8?width=1920&height=1920
04-09-2024,5894.178711,5910.634206,5815.103406,5829.908753,482013,10,LTIMindtree,LTM.NS,Stock,IT,https://1drv.ms/i/c/8705623eb284e7df/IQRWxHCVQtI7TrJbjoI9ODtEASLcQXhWeY2ucz8cWaAXko8?width=1920&height=1920
05-09-2024,5970.001465,6019.223368,5900.780586,5912.236337,636255,10,LTIMindtree,LTM.NS,Stock,IT,https://1drv.ms/i/c/8705623eb284e7df/IQRWxHCVQtI7TrJbjoI9ODtEASLcQXhWeY2ucz8cWaAXko8?width=1920&height=1920
06-09-2024,5985.631836,6133.734133,5967.720077,6024.077291,1157210,10,LTIMindtree,LTM.NS,Stock,IT,https://1drv.ms/i/c/8705623eb284e7df/IQRWxHCVQtI7TrJbjoI9ODtEASLcQXhWeY2ucz8cWaAXko8?width=1920&height=1920
09-09-2024,5967.380371,6018.204069,5926.99323,5956.118504,361840,10,LTIMindtree,LTM.NS,Stock,IT,https://1drv.ms/i/c/8705623eb284e7df/IQRWxHCVQtI7TrJbjoI9ODtEASLcQXhWeY2ucz8cWaAXko8?width=1920&height=1920
10-09-2024,6158.393066,6213.391192,5997.184406,6024.707882,929755,10,LTIMindtree,LTM.NS,Stock,IT,https://1drv.ms/i/c/8705623eb284e7df/IQRWxHCVQtI7TrJbjoI9ODtEASLcQXhWeY2ucz8cWaAXko8?width=1920&height=1920
11-09-2024,6115.627441,6179.411978,6092.03616,6147.374178,331331,10,LTIMindtree,LTM.NS,Stock,IT,https://1drv.ms/i/c/8705623eb284e7df/IQRWxHCVQtI7TrJbjoI9ODtEASLcQXhWeY2ucz8cWaAXko8?width=1920&height=1920
12-09-2024,6205.964355,6223.099629,6095.288325,6117.27781,426550,10,LTIMindtree,LTM.NS,Stock,IT,https://1drv.ms/i/c/8705623eb284e7df/IQRWxHCVQtI7TrJbjoI9ODtEASLcQXhWeY2ucz8cWaAXko8?width=1920&height=1920
13-09-2024,6229.119141,6259.263607,6155.140761,6184.266033,278354,10,LTIMindtree,LTM.NS,Stock,IT,https://1drv.ms/i/c/8705623eb284e7df/IQRWxHCVQtI7TrJbjoI9ODtEASLcQXhWeY2ucz8cWaAXko8?width=1920&height=1920
16-09-2024,6236.157715,6264.845918,6204.750869,6258.050021,161324,10,LTIMindtree,LTM.NS,Stock,IT,https://1drv.ms/i/c/8705623eb284e7df/IQRWxHCVQtI7TrJbjoI9ODtEASLcQXhWeY2ucz8cWaAXko8?width=1920&height=1920
17-09-2024,6267.516113,6324.504754,6210.042051,6222.809008,367663,10,LTIMindtree,LTM.NS,Stock,IT,https://1drv.ms/i/c/8705623eb284e7df/IQRWxHCVQtI7TrJbjoI9ODtEASLcQXhWeY2ucz8cWaAXko8?width=1920&height=1920
18-09-2024,6180.673828,6212.420564,6050.289882,6212.420564,757933,10,LTIMindtree,LTM.NS,Stock,IT,https://1drv.ms/i/c/8705623eb284e7df/IQRWxHCVQtI7TrJbjoI9ODtEASLcQXhWeY2ucz8cWaAXko8?width=1920&height=1920
19-09-2024,6191.20752,6383.240431,6159.16972,6252.225059,753347,10,LTIMindtree,LTM.NS,Stock,IT,https://1drv.ms/i/c/8705623eb284e7df/IQRWxHCVQtI7TrJbjoI9ODtEASLcQXhWeY2ucz8cWaAXko8?width=1920&height=1920
20-09-2024,6187.275879,6262.904408,6151.59742,6151.59742,393050,10,LTIMindtree,LTM.NS,Stock,IT,https://1drv.ms/i/c/8705623eb284e7df/IQRWxHCVQtI7TrJbjoI9ODtEASLcQXhWeY2ucz8cWaAXko8?width=1920&height=1920
23-09-2024,6141.645996,6223.099576,6103.346075,6213.391152,278381,10,LTIMindtree,LTM.NS,Stock,IT,https://1drv.ms/i/c/8705623eb284e7df/IQRWxHCVQtI7TrJbjoI9ODtEASLcQXhWeY2ucz8cWaAXko8?width=1920&height=1920
24-09-2024,6159.121582,6169.70367,6024.271663,6141.549239,627620,10,LTIMindtree,LTM.NS,Stock,IT,https://1drv.ms/i/c/8705623eb284e7df/IQRWxHCVQtI7TrJbjoI9ODtEASLcQXhWeY2ucz8cWaAXko8?width=1920&height=1920
25-09-2024,5924.614258,6159.12153,5912.964149,6159.12153,617659,10,LTIMindtree,LTM.NS,Stock,IT,https://1drv.ms/i/c/8705623eb284e7df/IQRWxHCVQtI7TrJbjoI9ODtEASLcQXhWeY2ucz8cWaAXko8?width=1920&height=1920
26-09-2024,5984.320801,6015.339405,5925.148242,5956.069667,535600,10,LTIMindtree,LTM.NS,Stock,IT,https://1drv.ms/i/c/8705623eb284e7df/IQRWxHCVQtI7TrJbjoI9ODtEASLcQXhWeY2ucz8cWaAXko8?width=1920&height=1920
27-09-2024,5957.186035,6173.586707,5927.041095,6038.639616,5261322,10,LTIMindtree,LTM.NS,Stock,IT,https://1drv.ms/i/c/8705623eb284e7df/IQRWxHCVQtI7TrJbjoI9ODtEASLcQXhWeY2ucz8cWaAXko8?width=1920&height=1920
30-09-2024,6062.279297,6090.384897,5847.383256,5922.138114,685928,10,LTIMindtree,LTM.NS,Stock,IT,https://1drv.ms/i/c/8705623eb284e7df/IQRWxHCVQtI7TrJbjoI9ODtEASLcQXhWeY2ucz8cWaAXko8?width=1920&height=1920
01-10-2024,6090.531738,6102.667269,6008.543904,6062.280128,526014,10,LTIMindtree,LTM.NS,Stock,IT,https://1drv.ms/i/c/8705623eb284e7df/IQRWxHCVQtI7TrJbjoI9ODtEASLcQXhWeY2ucz8cWaAXko8?width=1920&height=1920
03-10-2024,6003.544434,6121.161907,5973.108427,6019.175093,297603,10,LTIMindtree,LTM.NS,Stock,IT,https://1drv.ms/i/c/8705623eb284e7df/IQRWxHCVQtI7TrJbjoI9ODtEASLcQXhWeY2ucz8cWaAXko8?width=1920&height=1920
04-10-2024,5935.827637,6081.987771,5922.138664,6020.145394,330589,10,LTIMindtree,LTM.NS,Stock,IT,https://1drv.ms/i/c/8705623eb284e7df/IQRWxHCVQtI7TrJbjoI9ODtEASLcQXhWeY2ucz8cWaAXko8?width=1920&height=1920
07-10-2024,6072.571289,6112.424183,5970.681182,5990.000853,608166,10,LTIMindtree,LTM.NS,Stock,IT,https://1drv.ms/i/c/8705623eb284e7df/IQRWxHCVQtI7TrJbjoI9ODtEASLcQXhWeY2ucz8cWaAXko8?width=1920&height=1920
08-10-2024,6190.867676,6201.7413,6004.708644,6106.113323,386713,10,LTIMindtree,LTM.NS,Stock,IT,https://1drv.ms/i/c/8705623eb284e7df/IQRWxHCVQtI7TrJbjoI9ODtEASLcQXhWeY2ucz8cWaAXko8?width=1920&height=1920
09-10-2024,6252.758789,6297.854608,6179.654546,6207.566265,485153,10,LTIMindtree,LTM.NS,Stock,IT,https://1drv.ms/i/c/8705623eb284e7df/IQRWxHCVQtI7TrJbjoI9ODtEASLcQXhWeY2ucz8cWaAXko8?width=1920&height=1920
10-10-2024,6161.01416,6298.825427,6135.772258,6296.883742,200473,10,LTIMindtree,LTM.NS,Stock,IT,https://1drv.ms/i/c/8705623eb284e7df/IQRWxHCVQtI7TrJbjoI9ODtEASLcQXhWeY2ucz8cWaAXko8?width=1920&height=1920
11-10-2024,6224.021973,6270.330868,6155.140518,6155.140518,383832,10,LTIMindtree,LTM.NS,Stock,IT,https://1drv.ms/i/c/8705623eb284e7df/IQRWxHCVQtI7TrJbjoI9ODtEASLcQXhWeY2ucz8cWaAXko8?width=1920&height=1920
14-10-2024,6260.525879,6296.738587,6183.683794,6225.041777,208260,10,LTIMindtree,LTM.NS,Stock,IT,https://1drv.ms/i/c/8705623eb284e7df/IQRWxHCVQtI7TrJbjoI9ODtEASLcQXhWeY2ucz8cWaAXko8?width=1920&height=1920
15-10-2024,6272.418457,6360.668411,6252.273477,6301.447024,597153,10,LTIMindtree,LTM.NS,Stock,IT,https://1drv.ms/i/c/8705623eb284e7df/IQRWxHCVQtI7TrJbjoI9ODtEASLcQXhWeY2ucz8cWaAXko8?width=1920&height=1920
16-10-2024,6173.926758,6281.350375,6155.140862,6271.641951,155322,10,LTIMindtree,LTM.NS,Stock,IT,https://1drv.ms/i/c/8705623eb284e7df/IQRWxHCVQtI7TrJbjoI9ODtEASLcQXhWeY2ucz8cWaAXko8?width=1920&height=1920
17-10-2024,6208.003418,6237.662464,6128.637051,6202.614958,310484,10,LTIMindtree,LTM.NS,Stock,IT,https://1drv.ms/i/c/8705623eb284e7df/IQRWxHCVQtI7TrJbjoI9ODtEASLcQXhWeY2ucz8cWaAXko8?width=1920&height=1920
18-10-2024,5816.996582,6193.974495,5786.220688,6193.974495,1019092,10,LTIMindtree,LTM.NS,Stock,IT,https://1drv.ms/i/c/8705623eb284e7df/IQRWxHCVQtI7TrJbjoI9ODtEASLcQXhWeY2ucz8cWaAXko8?width=1920&height=1920
21-10-2024,5769.813477,5891.605369,5749.571318,5853.208743,307418,10,LTIMindtree,LTM.NS,Stock,IT,https://1drv.ms/i/c/8705623eb284e7df/IQRWxHCVQtI7TrJbjoI9ODtEASLcQXhWeY2ucz8cWaAXko8?width=1920&height=1920
22-10-2024,5705.300781,5821.947398,5689.13635,5794.909817,201412,10,LTIMindtree,LTM.NS,Stock,IT,https://1drv.ms/i/c/8705623eb284e7df/IQRWxHCVQtI7TrJbjoI9ODtEASLcQXhWeY2ucz8cWaAXko8?width=1920&height=1920
23-10-2024,5761.997559,5852.965674,5690.495116,5704.669509,379455,10,LTIMindtree,LTM.NS,Stock,IT,https://1drv.ms/i/c/8705623eb284e7df/IQRWxHCVQtI7TrJbjoI9ODtEASLcQXhWeY2ucz8cWaAXko8?width=1920&height=1920
24-10-2024,5796.268555,5819.519944,5744.474022,5769.182149,179275,10,LTIMindtree,LTM.NS,Stock,IT,https://1drv.ms/i/c/8705623eb284e7df/IQRWxHCVQtI7TrJbjoI9ODtEASLcQXhWeY2ucz8cWaAXko8?width=1920&height=1920
25-10-2024,5750.340332,5827.684221,5676.600348,5815.702437,191734,10,LTIMindtree,LTM.NS,Stock,IT,https://1drv.ms/i/c/8705623eb284e7df/IQRWxHCVQtI7TrJbjoI9ODtEASLcQXhWeY2ucz8cWaAXko8?width=1920&height=1920
28-10-2024,5737.286621,5807.665746,5674.749331,5756.768732,132878,10,LTIMindtree,LTM.NS,Stock,IT,https://1drv.ms/i/c/8705623eb284e7df/IQRWxHCVQtI7TrJbjoI9ODtEASLcQXhWeY2ucz8cWaAXko8?width=1920&height=1920
29-10-2024,5700.709473,5792.957463,5655.121521,5771.380643,114850,10,LTIMindtree,LTM.NS,Stock,IT,https://1drv.ms/i/c/8705623eb284e7df/IQRWxHCVQtI7TrJbjoI9ODtEASLcQXhWeY2ucz8cWaAXko8?width=1920&height=1920
30-10-2024,5645.087891,5727.545833,5630.573813,5690.724832,130223,10,LTIMindtree,LTM.NS,Stock,IT,https://1drv.ms/i/c/8705623eb284e7df/IQRWxHCVQtI7TrJbjoI9ODtEASLcQXhWeY2ucz8cWaAXko8?width=1920&height=1920
31-10-2024,5562.970703,5707.235828,5475.642237,5645.915695,492437,10,LTIMindtree,LTM.NS,Stock,IT,https://1drv.ms/i/c/8705623eb284e7df/IQRWxHCVQtI7TrJbjoI9ODtEASLcQXhWeY2ucz8cWaAXko8?width=1920&height=1920
01-11-2024,5583.183105,5611.48068,5553.423897,5554.349488,23678,10,LTIMindtree,LTM.NS,Stock,IT,https://1drv.ms/i/c/8705623eb284e7df/IQRWxHCVQtI7TrJbjoI9ODtEASLcQXhWeY2ucz8cWaAXko8?width=1920&height=1920
04-11-2024,5588.589844,5602.811881,5428.349473,5552.401916,198497,10,LTIMindtree,LTM.NS,Stock,IT,https://1drv.ms/i/c/8705623eb284e7df/IQRWxHCVQtI7TrJbjoI9ODtEASLcQXhWeY2ucz8cWaAXko8?width=1920&height=1920
05-11-2024,5571.737793,5635.298181,5537.790119,5586.495397,163042,10,LTIMindtree,LTM.NS,Stock,IT,https://1drv.ms/i/c/8705623eb284e7df/IQRWxHCVQtI7TrJbjoI9ODtEASLcQXhWeY2ucz8cWaAXko8?width=1920&height=1920
06-11-2024,5835.038574,5844.585094,5612.357939,5639.097328,517708,10,LTIMindtree,LTM.NS,Stock,IT,https://1drv.ms/i/c/8705623eb284e7df/IQRWxHCVQtI7TrJbjoI9ODtEASLcQXhWeY2ucz8cWaAXko8?width=1920&height=1920
07-11-2024,5733.585449,5847.117264,5669.342996,5844.633485,206546,10,LTIMindtree,LTM.NS,Stock,IT,https://1drv.ms/i/c/8705623eb284e7df/IQRWxHCVQtI7TrJbjoI9ODtEASLcQXhWeY2ucz8cWaAXko8?width=1920&height=1920
08-11-2024,5773.475586,5837.815073,5736.703098,5746.249143,169926,10,LTIMindtree,LTM.NS,Stock,IT,https://1drv.ms/i/c/8705623eb284e7df/IQRWxHCVQtI7TrJbjoI9ODtEASLcQXhWeY2ucz8cWaAXko8?width=1920&height=1920
11-11-2024,5819.891113,5868.985938,5707.186911,5737.481689,146972,10,LTIMindtree,LTM.NS,Stock,IT,https://1drv.ms/i/c/8705623eb284e7df/IQRWxHCVQtI7TrJbjoI9ODtEASLcQXhWeY2ucz8cWaAXko8?width=1920&height=1920
12-11-2024,5849.552246,5880.675108,5810.344498,5851.451942,289914,10,LTIMindtree,LTM.NS,Stock,IT,https://1drv.ms/i/c/8705623eb284e7df/IQRWxHCVQtI7TrJbjoI9ODtEASLcQXhWeY2ucz8cWaAXko8?width=1920&height=1920
13-11-2024,5793.541504,5854.082547,5761.006472,5849.552575,181293,10,LTIMindtree,LTM.NS,Stock,IT,https://1drv.ms/i/c/8705623eb284e7df/IQRWxHCVQtI7TrJbjoI9ODtEASLcQXhWeY2ucz8cWaAXko8?width=1920&height=1920
14-11-2024,5839.421875,5855.348596,5766.753504,5793.054355,143974,10,LTIMindtree,LTM.NS,Stock,IT,https://1drv.ms/i/c/8705623eb284e7df/IQRWxHCVQtI7TrJbjoI9ODtEASLcQXhWeY2ucz8cWaAXko8?width=1920&height=1920
18-11-2024,5690.237793,5829.97343,5563.604067,5800.798777,276072,10,LTIMindtree,LTM.NS,Stock,IT,https://1drv.ms/i/c/8705623eb284e7df/IQRWxHCVQtI7TrJbjoI9ODtEASLcQXhWeY2ucz8cWaAXko8?width=1920&height=1920
19-11-2024,5733.536621,5810.539473,5681.47049,5690.23744,218021,10,LTIMindtree,LTM.NS,Stock,IT,https://1drv.ms/i/c/8705623eb284e7df/IQRWxHCVQtI7TrJbjoI9ODtEASLcQXhWeY2ucz8cWaAXko8?width=1920&height=1920
21-11-2024,5777.46875,5792.567387,5696.910503,5727.789365,132376,10,LTIMindtree,LTM.NS,Stock,IT,https://1drv.ms/i/c/8705623eb284e7df/IQRWxHCVQtI7TrJbjoI9ODtEASLcQXhWeY2ucz8cWaAXko8?width=1920&height=1920
22-11-2024,5974.871582,5989.044628,5777.468706,5825.053859,301184,10,LTIMindtree,LTM.NS,Stock,IT,https://1drv.ms/i/c/8705623eb284e7df/IQRWxHCVQtI7TrJbjoI9ODtEASLcQXhWeY2ucz8cWaAXko8?width=1920&height=1920
25-11-2024,5956.899414,6036.337537,5931.475162,5990.749584,532812,10,LTIMindtree,LTM.NS,Stock,IT,https://1drv.ms/i/c/8705623eb284e7df/IQRWxHCVQtI7TrJbjoI9ODtEASLcQXhWeY2ucz8cWaAXko8?width=1920&height=1920
26-11-2024,6065.901367,6102.186799,5965.178947,5989.726597,241508,10,LTIMindtree,LTM.NS,Stock,IT,https://1drv.ms/i/c/8705623eb284e7df/IQRWxHCVQtI7TrJbjoI9ODtEASLcQXhWeY2ucz8cWaAXko8?width=1920&height=1920
27-11-2024,6099.557129,6138.374856,6029.762083,6066.681065,234693,10,LTIMindtree,LTM.NS,Stock,IT,https://1drv.ms/i/c/8705623eb284e7df/IQRWxHCVQtI7TrJbjoI9ODtEASLcQXhWeY2ucz8cWaAXko8?width=1920&height=1920
28-11-2024,6000.24707,6111.441131,5927.968243,6107.544709,304005,10,LTIMindtree,LTM.NS,Stock,IT,https://1drv.ms/i/c/8705623eb284e7df/IQRWxHCVQtI7TrJbjoI9ODtEASLcQXhWeY2ucz8cWaAXko8?width=1920&height=1920
29-11-2024,6012.568848,6088.159532,5971.266869,5971.266869,148132,10,LTIMindtree,LTM.NS,Stock,IT,https://1drv.ms/i/c/8705623eb284e7df/IQRWxHCVQtI7TrJbjoI9ODtEASLcQXhWeY2ucz8cWaAXko8?width=1920&height=1920
02-12-2024,6052.458984,6073.937822,5971.462201,6012.569171,114428,10,LTIMindtree,LTM.NS,Stock,IT,https://1drv.ms/i/c/8705623eb284e7df/IQRWxHCVQtI7TrJbjoI9ODtEASLcQXhWeY2ucz8cWaAXko8?width=1920&height=1920
03-12-2024,6007.309082,6123.325151,5967.127227,6061.858994,295648,10,LTIMindtree,LTM.NS,Stock,IT,https://1drv.ms/i/c/8705623eb284e7df/IQRWxHCVQtI7TrJbjoI9ODtEASLcQXhWeY2ucz8cWaAXko8?width=1920&height=1920
04-12-2024,6060.397461,6087.185363,5993.135665,6039.454192,160443,10,LTIMindtree,LTM.NS,Stock,IT,https://1drv.ms/i/c/8705623eb284e7df/IQRWxHCVQtI7TrJbjoI9ODtEASLcQXhWeY2ucz8cWaAXko8?width=1920&height=1920
05-12-2024,6182.793945,6195.311297,6078.613642,6093.030214,259179,10,LTIMindtree,LTM.NS,Stock,IT,https://1drv.ms/i/c/8705623eb284e7df/IQRWxHCVQtI7TrJbjoI9ODtEASLcQXhWeY2ucz8cWaAXko8?width=1920&height=1920
06-12-2024,6213.72168,6233.155275,6167.013605,6181.673703,205466,10,LTIMindtree,LTM.NS,Stock,IT,https://1drv.ms/i/c/8705623eb284e7df/IQRWxHCVQtI7TrJbjoI9ODtEASLcQXhWeY2ucz8cWaAXko8?width=1920&height=1920
09-12-2024,6223.609375,6271.292036,6166.088628,6213.722298,159761,10,LTIMindtree,LTM.NS,Stock,IT,https://1drv.ms/i/c/8705623eb284e7df/IQRWxHCVQtI7TrJbjoI9ODtEASLcQXhWeY2ucz8cWaAXko8?width=1920&height=1920
10-12-2024,6408.932129,6452.474835,6234.567244,6234.616235,738557,10,LTIMindtree,LTM.NS,Stock,IT,https://1drv.ms/i/c/8705623eb284e7df/IQRWxHCVQtI7TrJbjoI9ODtEASLcQXhWeY2ucz8cWaAXko8?width=1920&height=1920
11-12-2024,6427.73291,6470.642069,6371.429325,6462.80071,381763,10,LTIMindtree,LTM.NS,Stock,IT,https://1drv.ms/i/c/8705623eb284e7df/IQRWxHCVQtI7TrJbjoI9ODtEASLcQXhWeY2ucz8cWaAXko8?width=1920&height=1920
12-12-2024,6494.994629,6560.016173,6430.119106,6448.530081,495471,10,LTIMindtree,LTM.NS,Stock,IT,https://1drv.ms/i/c/8705623eb284e7df/IQRWxHCVQtI7TrJbjoI9ODtEASLcQXhWeY2ucz8cWaAXko8?width=1920&height=1920
13-12-2024,6540.583496,6563.523493,6468.304671,6477.8022,338031,10,LTIMindtree,LTM.NS,Stock,IT,https://1drv.ms/i/c/8705623eb284e7df/IQRWxHCVQtI7TrJbjoI9ODtEASLcQXhWeY2ucz8cWaAXko8?width=1920&height=1920
16-12-2024,6563.961914,6592.698029,6524.0721,6526.507364,269421,10,LTIMindtree,LTM.NS,Stock,IT,https://1drv.ms/i/c/8705623eb284e7df/IQRWxHCVQtI7TrJbjoI9ODtEASLcQXhWeY2ucz8cWaAXko8?width=1920&height=1920
17-12-2024,6523.536621,6584.856283,6478.094215,6563.962003,228608,10,LTIMindtree,LTM.NS,Stock,IT,https://1drv.ms/i/c/8705623eb284e7df/IQRWxHCVQtI7TrJbjoI9ODtEASLcQXhWeY2ucz8cWaAXko8?width=1920&height=1920
18-12-2024,6403.818359,6561.477437,6386.28446,6526.312131,179125,10,LTIMindtree,LTM.NS,Stock,IT,https://1drv.ms/i/c/8705623eb284e7df/IQRWxHCVQtI7TrJbjoI9ODtEASLcQXhWeY2ucz8cWaAXko8?width=1920&height=1920
19-12-2024,6059.520996,6205.052268,6044.860422,6205.052268,734279,10,LTIMindtree,LTM.NS,Stock,IT,https://1drv.ms/i/c/8705623eb284e7df/IQRWxHCVQtI7TrJbjoI9ODtEASLcQXhWeY2ucz8cWaAXko8?width=1920&height=1920
20-12-2024,5673.48291,6125.175856,5650.786441,6125.175856,1118998,10,LTIMindtree,LTM.NS,Stock,IT,https://1drv.ms/i/c/8705623eb284e7df/IQRWxHCVQtI7TrJbjoI9ODtEASLcQXhWeY2ucz8cWaAXko8?width=1920&height=1920
23-12-2024,5582.062988,5742.351856,5559.220024,5725.694557,373162,10,LTIMindtree,LTM.NS,Stock,IT,https://1drv.ms/i/c/8705623eb284e7df/IQRWxHCVQtI7TrJbjoI9ODtEASLcQXhWeY2ucz8cWaAXko8?width=1920&height=1920
24-12-2024,5577.436035,5638.122617,5554.349545,5614.744085,196609,10,LTIMindtree,LTM.NS,Stock,IT,https://1drv.ms/i/c/8705623eb284e7df/IQRWxHCVQtI7TrJbjoI9ODtEASLcQXhWeY2ucz8cWaAXko8?width=1920&height=1920
26-12-2024,5603.395996,5624.436771,5504.378265,5581.624643,380345,10,LTIMindtree,LTM.NS,Stock,IT,https://1drv.ms/i/c/8705623eb284e7df/IQRWxHCVQtI7TrJbjoI9ODtEASLcQXhWeY2ucz8cWaAXko8?width=1920&height=1920
27-12-2024,5530.97168,5669.246162,5524.347952,5619.615291,341033,10,LTIMindtree,LTM.NS,Stock,IT,https://1drv.ms/i/c/8705623eb284e7df/IQRWxHCVQtI7TrJbjoI9ODtEASLcQXhWeY2ucz8cWaAXko8?width=1920&height=1920
30-12-2024,5497.364258,5560.145546,5456.938881,5533.357645,908239,10,LTIMindtree,LTM.NS,Stock,IT,https://1drv.ms/i/c/8705623eb284e7df/IQRWxHCVQtI7TrJbjoI9ODtEASLcQXhWeY2ucz8cWaAXko8?width=1920&height=1920
31-12-2024,5441.255859,5474.472952,5367.321346,5474.472952,299147,10,LTIMindtree,LTM.NS,Stock,IT,https://1drv.ms/i/c/8705623eb284e7df/IQRWxHCVQtI7TrJbjoI9ODtEASLcQXhWeY2ucz8cWaAXko8?width=1920&height=1920
01-01-2025,5526.441895,5535.744412,5457.669947,5479.879363,150254,10,LTIMindtree,LTM.NS,Stock,IT,https://1drv.ms/i/c/8705623eb284e7df/IQRWxHCVQtI7TrJbjoI9ODtEASLcQXhWeY2ucz8cWaAXko8?width=1920&height=1920
02-01-2025,5604.077637,5621.904053,5498.874239,5513.437307,371309,10,LTIMindtree,LTM.NS,Stock,IT,https://1drv.ms/i/c/8705623eb284e7df/IQRWxHCVQtI7TrJbjoI9ODtEASLcQXhWeY2ucz8cWaAXko8?width=1920&height=1920
03-01-2025,5584.937012,5630.330428,5552.401979,5630.330428,285435,10,LTIMindtree,LTM.NS,Stock,IT,https://1drv.ms/i/c/8705623eb284e7df/IQRWxHCVQtI7TrJbjoI9ODtEASLcQXhWeY2ucz8cWaAXko8?width=1920&height=1920
06-01-2025,5582.939941,5736.507586,5560.584029,5692.624322,394865,10,LTIMindtree,LTM.NS,Stock,IT,https://1drv.ms/i/c/8705623eb284e7df/IQRWxHCVQtI7TrJbjoI9ODtEASLcQXhWeY2ucz8cWaAXko8?width=1920&height=1920
07-01-2025,5607.876953,5688.776226,5589.465978,5635.005411,152237,10,LTIMindtree,LTM.NS,Stock,IT,https://1drv.ms/i/c/8705623eb284e7df/IQRWxHCVQtI7TrJbjoI9ODtEASLcQXhWeY2ucz8cWaAXko8?width=1920&height=1920
08-01-2025,5729.542969,5747.22289,5514.89871,5601.107054,254792,10,LTIMindtree,LTM.NS,Stock,IT,https://1drv.ms/i/c/8705623eb284e7df/IQRWxHCVQtI7TrJbjoI9ODtEASLcQXhWeY2ucz8cWaAXko8?width=1920&height=1920
09-01-2025,5689.458496,5749.463018,5660.624877,5745.177048,211300,10,LTIMindtree,LTM.NS,Stock,IT,https://1drv.ms/i/c/8705623eb284e7df/IQRWxHCVQtI7TrJbjoI9ODtEASLcQXhWeY2ucz8cWaAXko8?width=1920&height=1920
10-01-2025,5965.812012,5993.476515,5729.688919,5729.688919,1095351,10,LTIMindtree,LTM.NS,Stock,IT,https://1drv.ms/i/c/8705623eb284e7df/IQRWxHCVQtI7TrJbjoI9ODtEASLcQXhWeY2ucz8cWaAXko8?width=1920&height=1920
13-01-2025,5874.586914,5998.493328,5849.503697,5936.199089,453385,10,LTIMindtree,LTM.NS,Stock,IT,https://1drv.ms/i/c/8705623eb284e7df/IQRWxHCVQtI7TrJbjoI9ODtEASLcQXhWeY2ucz8cWaAXko8?width=1920&height=1920
14-01-2025,5602.958008,5886.422743,5575.53703,5874.587454,469510,10,LTIMindtree,LTM.NS,Stock,IT,https://1drv.ms/i/c/8705623eb284e7df/IQRWxHCVQtI7TrJbjoI9ODtEASLcQXhWeY2ucz8cWaAXko8?width=1920&height=1920
15-01-2025,5686.389648,5752.531796,5543.634671,5616.692587,315806,10,LTIMindtree,LTM.NS,Stock,IT,https://1drv.ms/i/c/8705623eb284e7df/IQRWxHCVQtI7TrJbjoI9ODtEASLcQXhWeY2ucz8cWaAXko8?width=1920&height=1920
16-01-2025,5823.981934,5875.366,5703.923427,5725.256719,507014,10,LTIMindtree,LTM.NS,Stock,IT,https://1drv.ms/i/c/8705623eb284e7df/IQRWxHCVQtI7TrJbjoI9ODtEASLcQXhWeY2ucz8cWaAXko8?width=1920&height=1920
17-01-2025,5737.773438,5825.150891,5620.588736,5703.387704,766633,10,LTIMindtree,LTM.NS,Stock,IT,https://1drv.ms/i/c/8705623eb284e7df/IQRWxHCVQtI7TrJbjoI9ODtEASLcQXhWeY2ucz8cWaAXko8?width=1920&height=1920
20-01-2025,5674.457031,5746.005276,5640.753359,5732.611324,173144,10,LTIMindtree,LTM.NS,Stock,IT,https://1drv.ms/i/c/8705623eb284e7df/IQRWxHCVQtI7TrJbjoI9ODtEASLcQXhWeY2ucz8cWaAXko8?width=1920&height=1920
21-01-2025,5609.289551,5729.591591,5592.291694,5670.268656,157604,10,LTIMindtree,LTM.NS,Stock,IT,https://1drv.ms/i/c/8705623eb284e7df/IQRWxHCVQtI7TrJbjoI9ODtEASLcQXhWeY2ucz8cWaAXko8?width=1920&height=1920
22-01-2025,5698.419922,5721.019361,5544.608752,5596.284861,203767,10,LTIMindtree,LTM.NS,Stock,IT,https://1drv.ms/i/c/8705623eb284e7df/IQRWxHCVQtI7TrJbjoI9ODtEASLcQXhWeY2ucz8cWaAXko8?width=1920&height=1920
23-01-2025,5846.630371,5902.78794,5670.268741,5670.268741,283420,10,LTIMindtree,LTM.NS,Stock,IT,https://1drv.ms/i/c/8705623eb284e7df/IQRWxHCVQtI7TrJbjoI9ODtEASLcQXhWeY2ucz8cWaAXko8?width=1920&height=1920
24-01-2025,5842.831055,5891.341796,5807.227687,5867.622231,219285,10,LTIMindtree,LTM.NS,Stock,IT,https://1drv.ms/i/c/8705623eb284e7df/IQRWxHCVQtI7TrJbjoI9ODtEASLcQXhWeY2ucz8cWaAXko8?width=1920&height=1920
27-01-2025,5538.47168,5774.594751,5474.47276,5703.923114,418147,10,LTIMindtree,LTM.NS,Stock,IT,https://1drv.ms/i/c/8705623eb284e7df/IQRWxHCVQtI7TrJbjoI9ODtEASLcQXhWeY2ucz8cWaAXko8?width=1920&height=1920
28-01-2025,5518.697266,5580.163418,5464.731915,5503.696136,262239,10,LTIMindtree,LTM.NS,Stock,IT,https://1drv.ms/i/c/8705623eb284e7df/IQRWxHCVQtI7TrJbjoI9ODtEASLcQXhWeY2ucz8cWaAXko8?width=1920&height=1920
29-01-2025,5730.419434,5786.186976,5528.00049,5528.00049,248653,10,LTIMindtree,LTM.NS,Stock,IT,https://1drv.ms/i/c/8705623eb284e7df/IQRWxHCVQtI7TrJbjoI9ODtEASLcQXhWeY2ucz8cWaAXko8?width=1920&height=1920
30-01-2025,5689.02002,5770.503855,5665.836497,5759.934714,178832,10,LTIMindtree,LTM.NS,Stock,IT,https://1drv.ms/i/c/8705623eb284e7df/IQRWxHCVQtI7TrJbjoI9ODtEASLcQXhWeY2ucz8cWaAXko8?width=1920&height=1920
31-01-2025,5761.005859,5800.798164,5672.459766,5713.12867,225354,10,LTIMindtree,LTM.NS,Stock,IT,https://1drv.ms/i/c/8705623eb284e7df/IQRWxHCVQtI7TrJbjoI9ODtEASLcQXhWeY2ucz8cWaAXko8?width=1920&height=1920
01-02-2025,5753.359863,5794.808343,5711.327301,5761.006688,104183,10,LTIMindtree,LTM.NS,Stock,IT,https://1drv.ms/i/c/8705623eb284e7df/IQRWxHCVQtI7TrJbjoI9ODtEASLcQXhWeY2ucz8cWaAXko8?width=1920&height=1920
03-02-2025,5640.704102,5717.804459,5584.985551,5698.51736,315896,10,LTIMindtree,LTM.NS,Stock,IT,https://1drv.ms/i/c/8705623eb284e7df/IQRWxHCVQtI7TrJbjoI9ODtEASLcQXhWeY2ucz8cWaAXko8?width=1920&height=1920
04-02-2025,5749.415039,5764.416171,5669.246335,5681.227644,251536,10,LTIMindtree,LTM.NS,Stock,IT,https://1drv.ms/i/c/8705623eb284e7df/IQRWxHCVQtI7TrJbjoI9ODtEASLcQXhWeY2ucz8cWaAXko8?width=1920&height=1920
05-02-2025,5868.693848,5939.072973,5718.145551,5747.222696,372380,10,LTIMindtree,LTM.NS,Stock,IT,https://1drv.ms/i/c/8705623eb284e7df/IQRWxHCVQtI7TrJbjoI9ODtEASLcQXhWeY2ucz8cWaAXko8?width=1920&height=1920
06-02-2025,5790.911621,5927.383907,5753.408556,5894.020791,82706,10,LTIMindtree,LTM.NS,Stock,IT,https://1drv.ms/i/c/8705623eb284e7df/IQRWxHCVQtI7TrJbjoI9ODtEASLcQXhWeY2ucz8cWaAXko8?width=1920&height=1920
07-02-2025,5802.357422,5841.711192,5730.809176,5820.183364,96121,10,LTIMindtree,LTM.NS,Stock,IT,https://1drv.ms/i/c/8705623eb284e7df/IQRWxHCVQtI7TrJbjoI9ODtEASLcQXhWeY2ucz8cWaAXko8?width=1920&height=1920
10-02-2025,5647.766602,5844.633433,5625.459679,5811.513843,107380,10,LTIMindtree,LTM.NS,Stock,IT,https://1drv.ms/i/c/8705623eb284e7df/IQRWxHCVQtI7TrJbjoI9ODtEASLcQXhWeY2ucz8cWaAXko8?width=1920&height=1920
11-02-2025,5530.679199,5666.323395,5504.670391,5615.718422,173609,10,LTIMindtree,LTM.NS,Stock,IT,https://1drv.ms/i/c/8705623eb284e7df/IQRWxHCVQtI7TrJbjoI9ODtEASLcQXhWeY2ucz8cWaAXko8?width=1920&height=1920
12-02-2025,5557.759277,5565.162575,5461.858395,5530.971374,181440,10,LTIMindtree,LTM.NS,Stock,IT,https://1drv.ms/i/c/8705623eb284e7df/IQRWxHCVQtI7TrJbjoI9ODtEASLcQXhWeY2ucz8cWaAXko8?width=1920&height=1920
13-02-2025,5456.403809,5596.187957,5435.509054,5528.097598,240957,10,LTIMindtree,LTM.NS,Stock,IT,https://1drv.ms/i/c/8705623eb284e7df/IQRWxHCVQtI7TrJbjoI9ODtEASLcQXhWeY2ucz8cWaAXko8?width=1920&height=1920
14-02-2025,5368.880371,5510.563741,5334.250633,5486.162587,325701,10,LTIMindtree,LTM.NS,Stock,IT,https://1drv.ms/i/c/8705623eb284e7df/IQRWxHCVQtI7TrJbjoI9ODtEASLcQXhWeY2ucz8cWaAXko8?width=1920&height=1920
17-02-2025,5330.890137,5381.543625,5272.005266,5343.017465,334769,10,LTIMindtree,LTM.NS,Stock,IT,https://1drv.ms/i/c/8705623eb284e7df/IQRWxHCVQtI7TrJbjoI9ODtEASLcQXhWeY2ucz8cWaAXko8?width=1920&height=1920
18-02-2025,5521.814941,5537.790178,5334.202113,5358.798279,368623,10,LTIMindtree,LTM.NS,Stock,IT,https://1drv.ms/i/c/8705623eb284e7df/IQRWxHCVQtI7TrJbjoI9ODtEASLcQXhWeY2ucz8cWaAXko8?width=1920&height=1920
19-02-2025,5328.455078,5510.515318,5318.616517,5510.515318,300572,10,LTIMindtree,LTM.NS,Stock,IT,https://1drv.ms/i/c/8705623eb284e7df/IQRWxHCVQtI7TrJbjoI9ODtEASLcQXhWeY2ucz8cWaAXko8?width=1920&height=1920
20-02-2025,5255.543457,5308.778235,5216.38422,5298.160579,319665,10,LTIMindtree,LTM.NS,Stock,IT,https://1drv.ms/i/c/8705623eb284e7df/IQRWxHCVQtI7TrJbjoI9ODtEASLcQXhWeY2ucz8cWaAXko8?width=1920&height=1920
21-02-2025,5161.29834,5281.989924,5130.614015,5245.655977,186213,10,LTIMindtree,LTM.NS,Stock,IT,https://1drv.ms/i/c/8705623eb284e7df/IQRWxHCVQtI7TrJbjoI9ODtEASLcQXhWeY2ucz8cWaAXko8?width=1920&height=1920
24-02-2025,4916.749023,5146.199385,4812.081197,5099.442321,1199262,10,LTIMindtree,LTM.NS,Stock,IT,https://1drv.ms/i/c/8705623eb284e7df/IQRWxHCVQtI7TrJbjoI9ODtEASLcQXhWeY2ucz8cWaAXko8?width=1920&height=1920
25-02-2025,4834.681152,4930.874081,4799.418339,4904.086177,486917,10,LTIMindtree,LTM.NS,Stock,IT,https://1drv.ms/i/c/8705623eb284e7df/IQRWxHCVQtI7TrJbjoI9ODtEASLcQXhWeY2ucz8cWaAXko8?width=1920&height=1920
27-02-2025,4752.270996,4851.045195,4736.10075,4822.796136,243046,10,LTIMindtree,LTM.NS,Stock,IT,https://1drv.ms/i/c/8705623eb284e7df/IQRWxHCVQtI7TrJbjoI9ODtEASLcQXhWeY2ucz8cWaAXko8?width=1920&height=1920
28-02-2025,4545.12793,4723.437758,4530.029294,4700.059225,562521,10,LTIMindtree,LTM.NS,Stock,IT,https://1drv.ms/i/c/8705623eb284e7df/IQRWxHCVQtI7TrJbjoI9ODtEASLcQXhWeY2ucz8cWaAXko8?width=1920&height=1920
03-03-2025,4709.021484,4727.967553,4511.131551,4547.027438,460970,10,LTIMindtree,LTM.NS,Stock,IT,https://1drv.ms/i/c/8705623eb284e7df/IQRWxHCVQtI7TrJbjoI9ODtEASLcQXhWeY2ucz8cWaAXko8?width=1920&height=1920
04-03-2025,4563.68457,4657.198705,4519.84982,4591.933632,456566,10,LTIMindtree,LTM.NS,Stock,IT,https://1drv.ms/i/c/8705623eb284e7df/IQRWxHCVQtI7TrJbjoI9ODtEASLcQXhWeY2ucz8cWaAXko8?width=1920&height=1920
05-03-2025,4649.893066,4689.977417,4548.099032,4548.099032,437483,10,LTIMindtree,LTM.NS,Stock,IT,https://1drv.ms/i/c/8705623eb284e7df/IQRWxHCVQtI7TrJbjoI9ODtEASLcQXhWeY2ucz8cWaAXko8?width=1920&height=1920
06-03-2025,4698.208496,4721.489523,4659.585307,4679.6515,331678,10,LTIMindtree,LTM.NS,Stock,IT,https://1drv.ms/i/c/8705623eb284e7df/IQRWxHCVQtI7TrJbjoI9ODtEASLcQXhWeY2ucz8cWaAXko8?width=1920&height=1920
07-03-2025,4599.677734,4689.392472,4575.714644,4689.392472,324150,10,LTIMindtree,LTM.NS,Stock,IT,https://1drv.ms/i/c/8705623eb284e7df/IQRWxHCVQtI7TrJbjoI9ODtEASLcQXhWeY2ucz8cWaAXko8?width=1920&height=1920
10-03-2025,4549.998535,4656.224556,4541.962164,4610.39308,253711,10,LTIMindtree,LTM.NS,Stock,IT,https://1drv.ms/i/c/8705623eb284e7df/IQRWxHCVQtI7TrJbjoI9ODtEASLcQXhWeY2ucz8cWaAXko8?width=1920&height=1920
11-03-2025,4533.925781,4556.865777,4404.905311,4480.885544,241860,10,LTIMindtree,LTM.NS,Stock,IT,https://1drv.ms/i/c/8705623eb284e7df/IQRWxHCVQtI7TrJbjoI9ODtEASLcQXhWeY2ucz8cWaAXko8?width=1920&height=1920
12-03-2025,4369.740234,4548.196571,4350.355628,4501.341997,582088,10,LTIMindtree,LTM.NS,Stock,IT,https://1drv.ms/i/c/8705623eb284e7df/IQRWxHCVQtI7TrJbjoI9ODtEASLcQXhWeY2ucz8cWaAXko8?width=1920&height=1920
13-03-2025,4351.37793,4459.455129,4322.544786,4394.190058,483273,10,LTIMindtree,LTM.NS,Stock,IT,https://1drv.ms/i/c/8705623eb284e7df/IQRWxHCVQtI7TrJbjoI9ODtEASLcQXhWeY2ucz8cWaAXko8?width=1920&height=1920
17-03-2025,4246.905273,4329.899258,4129.233511,4313.534475,1122866,10,LTIMindtree,LTM.NS,Stock,IT,https://1drv.ms/i/c/8705623eb284e7df/IQRWxHCVQtI7TrJbjoI9ODtEASLcQXhWeY2ucz8cWaAXko8?width=1920&height=1920
18-03-2025,4246.905273,4246.905273,4246.905273,4246.905273,0,10,LTIMindtree,LTM.NS,Stock,IT,https://1drv.ms/i/c/8705623eb284e7df/IQRWxHCVQtI7TrJbjoI9ODtEASLcQXhWeY2ucz8cWaAXko8?width=1920&height=1920
19-03-2025,4252.409668,4343.537061,4213.98101,4343.537061,596998,10,LTIMindtree,LTM.NS,Stock,IT,https://1drv.ms/i/c/8705623eb284e7df/IQRWxHCVQtI7TrJbjoI9ODtEASLcQXhWeY2ucz8cWaAXko8?width=1920&height=1920
20-03-2025,4306.666504,4398.086402,4272.134749,4318.794308,867249,10,LTIMindtree,LTM.NS,Stock,IT,https://1drv.ms/i/c/8705623eb284e7df/IQRWxHCVQtI7TrJbjoI9ODtEASLcQXhWeY2ucz8cWaAXko8?width=1920&height=1920
21-03-2025,4403.200195,4415.327999,4149.494239,4237.358741,748890,10,LTIMindtree,LTM.NS,Stock,IT,https://1drv.ms/i/c/8705623eb284e7df/IQRWxHCVQtI7TrJbjoI9ODtEASLcQXhWeY2ucz8cWaAXko8?width=1920&height=1920
24-03-2025,4500.757324,4523.161753,4387.37153,4440.947337,465723,10,LTIMindtree,LTM.NS,Stock,IT,https://1drv.ms/i/c/8705623eb284e7df/IQRWxHCVQtI7TrJbjoI9ODtEASLcQXhWeY2ucz8cWaAXko8?width=1920&height=1920
25-03-2025,4487.119629,4555.94009,4442.262259,4555.94009,646427,10,LTIMindtree,LTM.NS,Stock,IT,https://1drv.ms/i/c/8705623eb284e7df/IQRWxHCVQtI7TrJbjoI9ODtEASLcQXhWeY2ucz8cWaAXko8?width=1920&height=1920
26-03-2025,4500.124512,4538.309643,4462.57293,4505.238566,359284,10,LTIMindtree,LTM.NS,Stock,IT,https://1drv.ms/i/c/8705623eb284e7df/IQRWxHCVQtI7TrJbjoI9ODtEASLcQXhWeY2ucz8cWaAXko8?width=1920&height=1920
27-03-2025,4535.337891,4557.839824,4441.482727,4468.270629,390826,10,LTIMindtree,LTM.NS,Stock,IT,https://1drv.ms/i/c/8705623eb284e7df/IQRWxHCVQtI7TrJbjoI9ODtEASLcQXhWeY2ucz8cWaAXko8?width=1920&height=1920
28-03-2025,4375.048828,4506.601586,4359.122108,4422.487481,447846,10,LTIMindtree,LTM.NS,Stock,IT,https://1drv.ms/i/c/8705623eb284e7df/IQRWxHCVQtI7TrJbjoI9ODtEASLcQXhWeY2ucz8cWaAXko8?width=1920&height=1920
01-04-2025,4311.975586,4367.35358,4261.711646,4358.732651,230709,10,LTIMindtree,LTM.NS,Stock,IT,https://1drv.ms/i/c/8705623eb284e7df/IQRWxHCVQtI7TrJbjoI9ODtEASLcQXhWeY2ucz8cWaAXko8?width=1920&height=1920
02-04-2025,4383.377441,4392.193382,4282.752529,4334.526144,269265,10,LTIMindtree,LTM.NS,Stock,IT,https://1drv.ms/i/c/8705623eb284e7df/IQRWxHCVQtI7TrJbjoI9ODtEASLcQXhWeY2ucz8cWaAXko8?width=1920&height=1920
03-04-2025,4229.517578,4334.769487,4192.063031,4277.297263,505177,10,LTIMindtree,LTM.NS,Stock,IT,https://1drv.ms/i/c/8705623eb284e7df/IQRWxHCVQtI7TrJbjoI9ODtEASLcQXhWeY2ucz8cWaAXko8?width=1920&height=1920
04-04-2025,4029.144043,4233.46268,3994.806823,4198.394881,661108,10,LTIMindtree,LTM.NS,Stock,IT,https://1drv.ms/i/c/8705623eb284e7df/IQRWxHCVQtI7TrJbjoI9ODtEASLcQXhWeY2ucz8cWaAXko8?width=1920&height=1920
07-04-2025,3952.092041,3993.832557,3703.549117,3799.011457,433019,10,LTIMindtree,LTM.NS,Stock,IT,https://1drv.ms/i/c/8705623eb284e7df/IQRWxHCVQtI7TrJbjoI9ODtEASLcQXhWeY2ucz8cWaAXko8?width=1920&height=1920
08-04-2025,4067.71875,4127.723747,3957.59607,4062.458675,390791,10,LTIMindtree,LTM.NS,Stock,IT,https://1drv.ms/i/c/8705623eb284e7df/IQRWxHCVQtI7TrJbjoI9ODtEASLcQXhWeY2ucz8cWaAXko8?width=1920&height=1920
09-04-2025,4001.479492,4063.57872,3920.531228,4008.200725,564545,10,LTIMindtree,LTM.NS,Stock,IT,https://1drv.ms/i/c/8705623eb284e7df/IQRWxHCVQtI7TrJbjoI9ODtEASLcQXhWeY2ucz8cWaAXko8?width=1920&height=1920
11-04-2025,4130.986816,4143.114621,4059.146529,4126.652332,473127,10,LTIMindtree,LTM.NS,Stock,IT,https://1drv.ms/i/c/8705623eb284e7df/IQRWxHCVQtI7TrJbjoI9ODtEASLcQXhWeY2ucz8cWaAXko8?width=1920&height=1920
15-04-2025,4205.79834,4215.928943,4130.986746,4213.980732,344488,10,LTIMindtree,LTM.NS,Stock,IT,https://1drv.ms/i/c/8705623eb284e7df/IQRWxHCVQtI7TrJbjoI9ODtEASLcQXhWeY2ucz8cWaAXko8?width=1920&height=1920
16-04-2025,4165.567383,4217.389988,4144.819125,4196.544225,254885,10,LTIMindtree,LTM.NS,Stock,IT,https://1drv.ms/i/c/8705623eb284e7df/IQRWxHCVQtI7TrJbjoI9ODtEASLcQXhWeY2ucz8cWaAXko8?width=1920&height=1920
17-04-2025,4083.353027,4121.927703,3935.483993,4042.538099,783069,10,LTIMindtree,LTM.NS,Stock,IT,https://1drv.ms/i/c/8705623eb284e7df/IQRWxHCVQtI7TrJbjoI9ODtEASLcQXhWeY2ucz8cWaAXko8?width=1920&height=1920
21-04-2025,4186.121582,4237.359635,4091.243786,4100.984842,556193,10,LTIMindtree,LTM.NS,Stock,IT,https://1drv.ms/i/c/8705623eb284e7df/IQRWxHCVQtI7TrJbjoI9ODtEASLcQXhWeY2ucz8cWaAXko8?width=1920&height=1920
22-04-2025,4208.525391,4247.100064,4138.097752,4188.653733,551413,10,LTIMindtree,LTM.NS,Stock,IT,https://1drv.ms/i/c/8705623eb284e7df/IQRWxHCVQtI7TrJbjoI9ODtEASLcQXhWeY2ucz8cWaAXko8?width=1920&height=1920
23-04-2025,4419.224609,4441.921077,4285.966692,4286.064197,1156118,10,LTIMindtree,LTM.NS,Stock,IT,https://1drv.ms/i/c/8705623eb284e7df/IQRWxHCVQtI7TrJbjoI9ODtEASLcQXhWeY2ucz8cWaAXko8?width=1920&height=1920
24-04-2025,4416.399902,4470.949817,4331.16566,4466.274301,1019766,10,LTIMindtree,LTM.NS,Stock,IT,https://1drv.ms/i/c/8705623eb284e7df/IQRWxHCVQtI7TrJbjoI9ODtEASLcQXhWeY2ucz8cWaAXko8?width=1920&height=1920
25-04-2025,4381.818848,4480.690562,4331.165359,4407.925162,589535,10,LTIMindtree,LTM.NS,Stock,IT,https://1drv.ms/i/c/8705623eb284e7df/IQRWxHCVQtI7TrJbjoI9ODtEASLcQXhWeY2ucz8cWaAXko8?width=1920&height=1920
28-04-2025,4370.519531,4412.600605,4297.948668,4393.216,246396,10,LTIMindtree,LTM.NS,Stock,IT,https://1drv.ms/i/c/8705623eb284e7df/IQRWxHCVQtI7TrJbjoI9ODtEASLcQXhWeY2ucz8cWaAXko8?width=1920&height=1920
29-04-2025,4479.035156,4524.720615,4378.604771,4378.604771,446566,10,LTIMindtree,LTM.NS,Stock,IT,https://1drv.ms/i/c/8705623eb284e7df/IQRWxHCVQtI7TrJbjoI9ODtEASLcQXhWeY2ucz8cWaAXko8?width=1920&height=1920
30-04-2025,4467.735352,4524.135971,4439.096742,4478.937566,299487,10,LTIMindtree,LTM.NS,Stock,IT,https://1drv.ms/i/c/8705623eb284e7df/IQRWxHCVQtI7TrJbjoI9ODtEASLcQXhWeY2ucz8cWaAXko8?width=1920&height=1920
02-05-2025,4454.487305,4592.907803,4419.614515,4480.885661,417574,10,LTIMindtree,LTM.NS,Stock,IT,https://1drv.ms/i/c/8705623eb284e7df/IQRWxHCVQtI7TrJbjoI9ODtEASLcQXhWeY2ucz8cWaAXko8?width=1920&height=1920
05-05-2025,4501.536621,4552.969202,4471.241844,4480.787888,269019,10,LTIMindtree,LTM.NS,Stock,IT,https://1drv.ms/i/c/8705623eb284e7df/IQRWxHCVQtI7TrJbjoI9ODtEASLcQXhWeY2ucz8cWaAXko8?width=1920&height=1920
06-05-2025,4419.127441,4577.322091,4403.931299,4487.704379,386507,10,LTIMindtree,LTM.NS,Stock,IT,https://1drv.ms/i/c/8705623eb284e7df/IQRWxHCVQtI7TrJbjoI9ODtEASLcQXhWeY2ucz8cWaAXko8?width=1920&height=1920
07-05-2025,4441.044922,4472.508342,4362.823957,4383.475186,203025,10,LTIMindtree,LTM.NS,Stock,IT,https://1drv.ms/i/c/8705623eb284e7df/IQRWxHCVQtI7TrJbjoI9ODtEASLcQXhWeY2ucz8cWaAXko8?width=1920&height=1920
08-05-2025,4481.080566,4551.800249,4430.719119,4446.791861,551222,10,LTIMindtree,LTM.NS,Stock,IT,https://1drv.ms/i/c/8705623eb284e7df/IQRWxHCVQtI7TrJbjoI9ODtEASLcQXhWeY2ucz8cWaAXko8?width=1920&height=1920
09-05-2025,4501.92627,4539.721374,4383.766982,4394.287607,223407,10,LTIMindtree,LTM.NS,Stock,IT,https://1drv.ms/i/c/8705623eb284e7df/IQRWxHCVQtI7TrJbjoI9ODtEASLcQXhWeY2ucz8cWaAXko8?width=1920&height=1920
12-05-2025,4812.47168,4848.124043,4580.342483,4627.002051,719620,10,LTIMindtree,LTM.NS,Stock,IT,https://1drv.ms/i/c/8705623eb284e7df/IQRWxHCVQtI7TrJbjoI9ODtEASLcQXhWeY2ucz8cWaAXko8?width=1920&height=1920
13-05-2025,4792.112793,4908.713431,4778.183272,4840.331023,526485,10,LTIMindtree,LTM.NS,Stock,IT,https://1drv.ms/i/c/8705623eb284e7df/IQRWxHCVQtI7TrJbjoI9ODtEASLcQXhWeY2ucz8cWaAXko8?width=1920&height=1920
14-05-2025,4903.842285,4931.21427,4812.081353,4841.207014,347597,10,LTIMindtree,LTM.NS,Stock,IT,https://1drv.ms/i/c/8705623eb284e7df/IQRWxHCVQtI7TrJbjoI9ODtEASLcQXhWeY2ucz8cWaAXko8?width=1920&height=1920
15-05-2025,4903.549805,4924.103527,4826.692972,4909.491944,348072,10,LTIMindtree,LTM.NS,Stock,IT,https://1drv.ms/i/c/8705623eb284e7df/IQRWxHCVQtI7TrJbjoI9ODtEASLcQXhWeY2ucz8cWaAXko8?width=1920&height=1920
16-05-2025,4917.089844,4957.028172,4892.445163,4909.492011,191664,10,LTIMindtree,LTM.NS,Stock,IT,https://1drv.ms/i/c/8705623eb284e7df/IQRWxHCVQtI7TrJbjoI9ODtEASLcQXhWeY2ucz8cWaAXko8?width=1920&height=1920
19-05-2025,4890.107422,4947.871691,4852.798894,4916.602808,215837,10,LTIMindtree,LTM.NS,Stock,IT,https://1drv.ms/i/c/8705623eb284e7df/IQRWxHCVQtI7TrJbjoI9ODtEASLcQXhWeY2ucz8cWaAXko8?width=1920&height=1920
20-05-2025,4885.528809,4997.161398,4863.611434,4919.232955,456026,10,LTIMindtree,LTM.NS,Stock,IT,https://1drv.ms/i/c/8705623eb284e7df/IQRWxHCVQtI7TrJbjoI9ODtEASLcQXhWeY2ucz8cWaAXko8?width=1920&height=1920
21-05-2025,4903.452637,4943.00142,4853.968262,4928.000288,236378,10,LTIMindtree,LTM.NS,Stock,IT,https://1drv.ms/i/c/8705623eb284e7df/IQRWxHCVQtI7TrJbjoI9ODtEASLcQXhWeY2ucz8cWaAXko8?width=1920&height=1920
22-05-2025,4893.126953,4966.768949,4841.499361,4871.014568,342893,10,LTIMindtree,LTM.NS,Stock,IT,https://1drv.ms/i/c/8705623eb284e7df/IQRWxHCVQtI7TrJbjoI9ODtEASLcQXhWeY2ucz8cWaAXko8?width=1920&height=1920
23-05-2025,4959.571777,4998.102078,4897.746776,4914.554649,263133,10,LTIMindtree,LTM.NS,Stock,IT,https://1drv.ms/i/c/8705623eb284e7df/IQRWxHCVQtI7TrJbjoI9ODtEASLcQXhWeY2ucz8cWaAXko8?width=1920&height=1920
26-05-2025,5024.247559,5048.132102,4955.050726,4968.123249,232194,10,LTIMindtree,LTM.NS,Stock,IT,https://1drv.ms/i/c/8705623eb284e7df/IQRWxHCVQtI7TrJbjoI9ODtEASLcQXhWeY2ucz8cWaAXko8?width=1920&height=1920
27-05-2025,5020.414063,5029.554942,4969.597378,5012.845457,147941,10,LTIMindtree,LTM.NS,Stock,IT,https://1drv.ms/i/c/8705623eb284e7df/IQRWxHCVQtI7TrJbjoI9ODtEASLcQXhWeY2ucz8cWaAXko8?width=1920&height=1920
28-05-2025,5012.157715,5068.87187,4985.324437,5047.346216,194327,10,LTIMindtree,LTM.NS,Stock,IT,https://1drv.ms/i/c/8705623eb284e7df/IQRWxHCVQtI7TrJbjoI9ODtEASLcQXhWeY2ucz8cWaAXko8?width=1920&height=1920
29-05-2025,5040.563965,5186.624143,5027.589349,5061.892844,539696,10,LTIMindtree,LTM.NS,Stock,IT,https://1drv.ms/i/c/8705623eb284e7df/IQRWxHCVQtI7TrJbjoI9ODtEASLcQXhWeY2ucz8cWaAXko8?width=1920&height=1920
30-05-2025,4982.276855,5071.525451,4960.652816,5042.627487,349175,10,LTIMindtree,LTM.NS,Stock,IT,https://1drv.ms/i/c/8705623eb284e7df/IQRWxHCVQtI7TrJbjoI9ODtEASLcQXhWeY2ucz8cWaAXko8?width=1920&height=1920
02-06-2025,4985.815918,5034.470011,4915.537783,4969.597887,225717,10,LTIMindtree,LTM.NS,Stock,IT,https://1drv.ms/i/c/8705623eb284e7df/IQRWxHCVQtI7TrJbjoI9ODtEASLcQXhWeY2ucz8cWaAXko8?width=1920&height=1920
03-06-2025,4974.512207,5028.080853,4934.212859,5010.388456,229510,10,LTIMindtree,LTM.NS,Stock,IT,https://1drv.ms/i/c/8705623eb284e7df/IQRWxHCVQtI7TrJbjoI9ODtEASLcQXhWeY2ucz8cWaAXko8?width=1920&height=1920
04-06-2025,5064.94043,5082.141372,4957.311674,4998.102481,220305,10,LTIMindtree,LTM.NS,Stock,IT,https://1drv.ms/i/c/8705623eb284e7df/IQRWxHCVQtI7TrJbjoI9ODtEASLcQXhWeY2ucz8cWaAXko8?width=1920&height=1920
05-06-2025,5092.953125,5117.525899,5035.944289,5096.393313,217932,10,LTIMindtree,LTM.NS,Stock,IT,https://1drv.ms/i/c/8705623eb284e7df/IQRWxHCVQtI7TrJbjoI9ODtEASLcQXhWeY2ucz8cWaAXko8?width=1920&height=1920
06-06-2025,5115.068359,5129.812023,5070.345913,5111.136716,154159,10,LTIMindtree,LTM.NS,Stock,IT,https://1drv.ms/i/c/8705623eb284e7df/IQRWxHCVQtI7TrJbjoI9ODtEASLcQXhWeY2ucz8cWaAXko8?width=1920&height=1920
09-06-2025,5168.145508,5196.649924,5121.45724,5121.45724,132596,10,LTIMindtree,LTM.NS,Stock,IT,https://1drv.ms/i/c/8705623eb284e7df/IQRWxHCVQtI7TrJbjoI9ODtEASLcQXhWeY2ucz8cWaAXko8?width=1920&height=1920
10-06-2025,5292.975098,5351.949751,5169.619782,5189.769455,428695,10,LTIMindtree,LTM.NS,Stock,IT,https://1drv.ms/i/c/8705623eb284e7df/IQRWxHCVQtI7TrJbjoI9ODtEASLcQXhWeY2ucz8cWaAXko8?width=1920&height=1920
11-06-2025,5301.821777,5326.394552,5241.864208,5317.548353,196348,10,LTIMindtree,LTM.NS,Stock,IT,https://1drv.ms/i/c/8705623eb284e7df/IQRWxHCVQtI7TrJbjoI9ODtEASLcQXhWeY2ucz8cWaAXko8?width=1920&height=1920
12-06-2025,5322.462891,5405.027412,5264.962599,5317.548336,339679,10,LTIMindtree,LTM.NS,Stock,IT,https://1drv.ms/i/c/8705623eb284e7df/IQRWxHCVQtI7TrJbjoI9ODtEASLcQXhWeY2ucz8cWaAXko8?width=1920&height=1920
13-06-2025,5336.223633,5394.21538,5216.308495,5220.240139,209830,10,LTIMindtree,LTM.NS,Stock,IT,https://1drv.ms/i/c/8705623eb284e7df/IQRWxHCVQtI7TrJbjoI9ODtEASLcQXhWeY2ucz8cWaAXko8?width=1920&height=1920
16-06-2025,5356.373047,5404.535682,5274.299985,5327.377175,176060,10,LTIMindtree,LTM.NS,Stock,IT,https://1drv.ms/i/c/8705623eb284e7df/IQRWxHCVQtI7TrJbjoI9ODtEASLcQXhWeY2ucz8cWaAXko8?width=1920&height=1920
17-06-2025,5420.262207,5459.578643,5356.864453,5366.693562,349300,10,LTIMindtree,LTM.NS,Stock,IT,https://1drv.ms/i/c/8705623eb284e7df/IQRWxHCVQtI7TrJbjoI9ODtEASLcQXhWeY2ucz8cWaAXko8?width=1920&height=1920
18-06-2025,5357.355957,5448.766672,5337.206283,5420.262256,181165,10,LTIMindtree,LTM.NS,Stock,IT,https://1drv.ms/i/c/8705623eb284e7df/IQRWxHCVQtI7TrJbjoI9ODtEASLcQXhWeY2ucz8cWaAXko8?width=1920&height=1920
19-06-2025,5276.266113,5361.779368,5170.111728,5361.779368,377075,10,LTIMindtree,LTM.NS,Stock,IT,https://1drv.ms/i/c/8705623eb284e7df/IQRWxHCVQtI7TrJbjoI9ODtEASLcQXhWeY2ucz8cWaAXko8?width=1920&height=1920
20-06-2025,5284.620605,5341.137984,5154.876363,5276.265863,442064,10,LTIMindtree,LTM.NS,Stock,IT,https://1drv.ms/i/c/8705623eb284e7df/IQRWxHCVQtI7TrJbjoI9ODtEASLcQXhWeY2ucz8cWaAXko8?width=1920&height=1920
23-06-2025,5236.458008,5299.364308,5214.342512,5234.00073,123073,10,LTIMindtree,LTM.NS,Stock,IT,https://1drv.ms/i/c/8705623eb284e7df/IQRWxHCVQtI7TrJbjoI9ODtEASLcQXhWeY2ucz8cWaAXko8?width=1920&height=1920
24-06-2025,5245.304199,5307.719044,5233.017813,5302.804489,171186,10,LTIMindtree,LTM.NS,Stock,IT,https://1drv.ms/i/c/8705623eb284e7df/IQRWxHCVQtI7TrJbjoI9ODtEASLcQXhWeY2ucz8cWaAXko8?width=1920&height=1920
25-06-2025,5343.104004,5371.116966,5249.727462,5268.402771,345355,10,LTIMindtree,LTM.NS,Stock,IT,https://1drv.ms/i/c/8705623eb284e7df/IQRWxHCVQtI7TrJbjoI9ODtEASLcQXhWeY2ucz8cWaAXko8?width=1920&height=1920
26-06-2025,5281.180176,5366.693423,5259.064681,5366.693423,275607,10,LTIMindtree,LTM.NS,Stock,IT,https://1drv.ms/i/c/8705623eb284e7df/IQRWxHCVQtI7TrJbjoI9ODtEASLcQXhWeY2ucz8cWaAXko8?width=1920&height=1920
27-06-2025,5202.547363,5332.291601,5189.769522,5302.312819,275493,10,LTIMindtree,LTM.NS,Stock,IT,https://1drv.ms/i/c/8705623eb284e7df/IQRWxHCVQtI7TrJbjoI9ODtEASLcQXhWeY2ucz8cWaAXko8?width=1920&height=1920
30-06-2025,5226.137207,5234.000494,5151.435979,5228.594484,137935,10,LTIMindtree,LTM.NS,Stock,IT,https://1drv.ms/i/c/8705623eb284e7df/IQRWxHCVQtI7TrJbjoI9ODtEASLcQXhWeY2ucz8cWaAXko8?width=1920&height=1920
01-07-2025,5213.359375,5295.92389,5195.175523,5226.137217,242101,10,LTIMindtree,LTM.NS,Stock,IT,https://1drv.ms/i/c/8705623eb284e7df/IQRWxHCVQtI7TrJbjoI9ODtEASLcQXhWeY2ucz8cWaAXko8?width=1920&height=1920
02-07-2025,5213.851074,5290.518127,5185.346657,5229.086194,201256,10,LTIMindtree,LTM.NS,Stock,IT,https://1drv.ms/i/c/8705623eb284e7df/IQRWxHCVQtI7TrJbjoI9ODtEASLcQXhWeY2ucz8cWaAXko8?width=1920&height=1920
03-07-2025,5233.509277,5248.252941,5206.970682,5235.966555,149303,10,LTIMindtree,LTM.NS,Stock,IT,https://1drv.ms/i/c/8705623eb284e7df/IQRWxHCVQtI7TrJbjoI9ODtEASLcQXhWeY2ucz8cWaAXko8?width=1920&height=1920
04-07-2025,5225.154297,5259.064723,5201.07298,5233.509039,154919,10,LTIMindtree,LTM.NS,Stock,IT,https://1drv.ms/i/c/8705623eb284e7df/IQRWxHCVQtI7TrJbjoI9ODtEASLcQXhWeY2ucz8cWaAXko8?width=1920&height=1920
07-07-2025,5258.573242,5283.146014,5214.833708,5226.137183,218259,10,LTIMindtree,LTM.NS,Stock,IT,https://1drv.ms/i/c/8705623eb284e7df/IQRWxHCVQtI7TrJbjoI9ODtEASLcQXhWeY2ucz8cWaAXko8?width=1920&height=1920
08-07-2025,5277.249023,5321.971473,5244.321506,5259.556626,199345,10,LTIMindtree,LTM.NS,Stock,IT,https://1drv.ms/i/c/8705623eb284e7df/IQRWxHCVQtI7TrJbjoI9ODtEASLcQXhWeY2ucz8cWaAXko8?width=1920&height=1920
09-07-2025,5238.42334,5296.906535,5201.072728,5282.654328,248609,10,LTIMindtree,LTM.NS,Stock,IT,https://1drv.ms/i/c/8705623eb284e7df/IQRWxHCVQtI7TrJbjoI9ODtEASLcQXhWeY2ucz8cWaAXko8?width=1920&height=1920
10-07-2025,5229.086426,5257.099389,5186.821254,5248.744645,164263,10,LTIMindtree,LTM.NS,Stock,IT,https://1drv.ms/i/c/8705623eb284e7df/IQRWxHCVQtI7TrJbjoI9ODtEASLcQXhWeY2ucz8cWaAXko8?width=1920&height=1920
11-07-2025,5117.03418,5186.820854,5082.140843,5150.453151,372811,10,LTIMindtree,LTM.NS,Stock,IT,https://1drv.ms/i/c/8705623eb284e7df/IQRWxHCVQtI7TrJbjoI9ODtEASLcQXhWeY2ucz8cWaAXko8?width=1920&height=1920
14-07-2025,5069.854492,5117.034216,5014.320026,5112.119661,181796,10,LTIMindtree,LTM.NS,Stock,IT,https://1drv.ms/i/c/8705623eb284e7df/IQRWxHCVQtI7TrJbjoI9ODtEASLcQXhWeY2ucz8cWaAXko8?width=1920&height=1920
15-07-2025,5160.773926,5183.380878,5070.346119,5074.769218,152240,10,LTIMindtree,LTM.NS,Stock,IT,https://1drv.ms/i/c/8705623eb284e7df/IQRWxHCVQtI7TrJbjoI9ODtEASLcQXhWeY2ucz8cWaAXko8?width=1920&height=1920
16-07-2025,5235.966309,5246.778328,5151.927428,5169.619824,210384,10,LTIMindtree,LTM.NS,Stock,IT,https://1drv.ms/i/c/8705623eb284e7df/IQRWxHCVQtI7TrJbjoI9ODtEASLcQXhWeY2ucz8cWaAXko8?width=1920&height=1920
17-07-2025,5105.730957,5243.829946,5065.923063,5235.966659,501952,10,LTIMindtree,LTM.NS,Stock,IT,https://1drv.ms/i/c/8705623eb284e7df/IQRWxHCVQtI7TrJbjoI9ODtEASLcQXhWeY2ucz8cWaAXko8?width=1920&height=1920
18-07-2025,5036.435547,5149.470303,4983.849813,5149.470303,1230478,10,LTIMindtree,LTM.NS,Stock,IT,https://1drv.ms/i/c/8705623eb284e7df/IQRWxHCVQtI7TrJbjoI9ODtEASLcQXhWeY2ucz8cWaAXko8?width=1920&height=1920
21-07-2025,5065.92334,5078.701183,5029.555633,5037.418921,182552,10,LTIMindtree,LTM.NS,Stock,IT,https://1drv.ms/i/c/8705623eb284e7df/IQRWxHCVQtI7TrJbjoI9ODtEASLcQXhWeY2ucz8cWaAXko8?width=1920&height=1920
22-07-2025,5087.055176,5115.559591,5054.619117,5073.785879,179391,10,LTIMindtree,LTM.NS,Stock,IT,https://1drv.ms/i/c/8705623eb284e7df/IQRWxHCVQtI7TrJbjoI9ODtEASLcQXhWeY2ucz8cWaAXko8?width=1920&height=1920
23-07-2025,5207.462402,5219.257334,5070.34632,5111.137126,312770,10,LTIMindtree,LTM.NS,Stock,IT,https://1drv.ms/i/c/8705623eb284e7df/IQRWxHCVQtI7TrJbjoI9ODtEASLcQXhWeY2ucz8cWaAXko8?width=1920&height=1920
24-07-2025,5117.03418,5212.867993,5101.307605,5211.393627,282828,10,LTIMindtree,LTM.NS,Stock,IT,https://1drv.ms/i/c/8705623eb284e7df/IQRWxHCVQtI7TrJbjoI9ODtEASLcQXhWeY2ucz8cWaAXko8?width=1920&height=1920
25-07-2025,5008.914063,5134.726661,4983.849834,5101.307689,364335,10,LTIMindtree,LTM.NS,Stock,IT,https://1drv.ms/i/c/8705623eb284e7df/IQRWxHCVQtI7TrJbjoI9ODtEASLcQXhWeY2ucz8cWaAXko8?width=1920&height=1920
28-07-2025,4960.751465,5047.247627,4942.076157,5003.016635,172801,10,LTIMindtree,LTM.NS,Stock,IT,https://1drv.ms/i/c/8705623eb284e7df/IQRWxHCVQtI7TrJbjoI9ODtEASLcQXhWeY2ucz8cWaAXko8?width=1920&height=1920
29-07-2025,4970.088867,5002.033471,4920.451868,4958.785392,198271,10,LTIMindtree,LTM.NS,Stock,IT,https://1drv.ms/i/c/8705623eb284e7df/IQRWxHCVQtI7TrJbjoI9ODtEASLcQXhWeY2ucz8cWaAXko8?width=1920&height=1920
30-07-2025,5051.67041,5061.008063,4959.276788,4970.580263,152345,10,LTIMindtree,LTM.NS,Stock,IT,https://1drv.ms/i/c/8705623eb284e7df/IQRWxHCVQtI7TrJbjoI9ODtEASLcQXhWeY2ucz8cWaAXko8?width=1920&height=1920
31-07-2025,5018.743652,5061.991737,4980.410123,4983.358856,152446,10,LTIMindtree,LTM.NS,Stock,IT,https://1drv.ms/i/c/8705623eb284e7df/IQRWxHCVQtI7TrJbjoI9ODtEASLcQXhWeY2ucz8cWaAXko8?width=1920&height=1920
01-08-2025,4931.755371,5012.354064,4921.926262,5004.982232,277363,10,LTIMindtree,LTM.NS,Stock,IT,https://1drv.ms/i/c/8705623eb284e7df/IQRWxHCVQtI7TrJbjoI9ODtEASLcQXhWeY2ucz8cWaAXko8?width=1920&height=1920
04-08-2025,5002.033691,5015.302989,4855.088508,4928.806828,226983,10,LTIMindtree,LTM.NS,Stock,IT,https://1drv.ms/i/c/8705623eb284e7df/IQRWxHCVQtI7TrJbjoI9ODtEASLcQXhWeY2ucz8cWaAXko8?width=1920&height=1920
05-08-2025,5043.807617,5061.500015,4958.785819,5012.845922,183181,10,LTIMindtree,LTM.NS,Stock,IT,https://1drv.ms/i/c/8705623eb284e7df/IQRWxHCVQtI7TrJbjoI9ODtEASLcQXhWeY2ucz8cWaAXko8?width=1920&height=1920
06-08-2025,4949.448242,5044.299152,4936.178944,5037.418775,231816,10,LTIMindtree,LTM.NS,Stock,IT,https://1drv.ms/i/c/8705623eb284e7df/IQRWxHCVQtI7TrJbjoI9ODtEASLcQXhWeY2ucz8cWaAXko8?width=1920&height=1920
07-08-2025,4951.414063,5002.525433,4874.255551,4925.366922,236366,10,LTIMindtree,LTM.NS,Stock,IT,https://1drv.ms/i/c/8705623eb284e7df/IQRWxHCVQtI7TrJbjoI9ODtEASLcQXhWeY2ucz8cWaAXko8?width=1920&height=1920
08-08-2025,4926.349609,4968.123324,4906.691391,4945.024917,130871,10,LTIMindtree,LTM.NS,Stock,IT,https://1drv.ms/i/c/8705623eb284e7df/IQRWxHCVQtI7TrJbjoI9ODtEASLcQXhWeY2ucz8cWaAXko8?width=1920&height=1920
11-08-2025,4979.917969,4988.272711,4901.776554,4926.349326,79531,10,LTIMindtree,LTM.NS,Stock,IT,https://1drv.ms/i/c/8705623eb284e7df/IQRWxHCVQtI7TrJbjoI9ODtEASLcQXhWeY2ucz8cWaAXko8?width=1920&height=1920
12-08-2025,5019.726074,5052.162135,4959.768508,4979.918182,156885,10,LTIMindtree,LTM.NS,Stock,IT,https://1drv.ms/i/c/8705623eb284e7df/IQRWxHCVQtI7TrJbjoI9ODtEASLcQXhWeY2ucz8cWaAXko8?width=1920&height=1920
13-08-2025,5027.097656,5044.298597,4969.105915,5042.332775,237765,10,LTIMindtree,LTM.NS,Stock,IT,https://1drv.ms/i/c/8705623eb284e7df/IQRWxHCVQtI7TrJbjoI9ODtEASLcQXhWeY2ucz8cWaAXko8?width=1920&height=1920
14-08-2025,5020.708984,5181.906375,5012.845697,5061.991243,493674,10,LTIMindtree,LTM.NS,Stock,IT,https://1drv.ms/i/c/8705623eb284e7df/IQRWxHCVQtI7TrJbjoI9ODtEASLcQXhWeY2ucz8cWaAXko8?width=1920&height=1920
18-08-2025,5002.524902,5061.008099,4938.635695,5061.008099,285502,10,LTIMindtree,LTM.NS,Stock,IT,https://1drv.ms/i/c/8705623eb284e7df/IQRWxHCVQtI7TrJbjoI9ODtEASLcQXhWeY2ucz8cWaAXko8?width=1920&height=1920
19-08-2025,5023.657715,5034.96119,4957.311228,5004.490952,89784,10,LTIMindtree,LTM.NS,Stock,IT,https://1drv.ms/i/c/8705623eb284e7df/IQRWxHCVQtI7TrJbjoI9ODtEASLcQXhWeY2ucz8cWaAXko8?width=1920&height=1920
20-08-2025,5091.970215,5150.453417,4992.696208,4993.187664,330652,10,LTIMindtree,LTM.NS,Stock,IT,https://1drv.ms/i/c/8705623eb284e7df/IQRWxHCVQtI7TrJbjoI9ODtEASLcQXhWeY2ucz8cWaAXko8?width=1920&height=1920
21-08-2025,5145.538574,5163.722426,5054.619316,5117.034158,192476,10,LTIMindtree,LTM.NS,Stock,IT,https://1drv.ms/i/c/8705623eb284e7df/IQRWxHCVQtI7TrJbjoI9ODtEASLcQXhWeY2ucz8cWaAXko8?width=1920&height=1920
22-08-2025,5135.218262,5167.654323,5114.085676,5145.538827,94919,10,LTIMindtree,LTM.NS,Stock,IT,https://1drv.ms/i/c/8705623eb284e7df/IQRWxHCVQtI7TrJbjoI9ODtEASLcQXhWeY2ucz8cWaAXko8?width=1920&height=1920
25-08-2025,5202.547363,5258.573284,5159.299284,5163.230928,230351,10,LTIMindtree,LTM.NS,Stock,IT,https://1drv.ms/i/c/8705623eb284e7df/IQRWxHCVQtI7TrJbjoI9ODtEASLcQXhWeY2ucz8cWaAXko8?width=1920&height=1920
26-08-2025,5077.226563,5214.342641,5058.059799,5160.282539,239811,10,LTIMindtree,LTM.NS,Stock,IT,https://1drv.ms/i/c/8705623eb284e7df/IQRWxHCVQtI7TrJbjoI9ODtEASLcQXhWeY2ucz8cWaAXko8?width=1920&height=1920
28-08-2025,5035.452637,5100.324757,4980.901081,5077.226351,318813,10,LTIMindtree,LTM.NS,Stock,IT,https://1drv.ms/i/c/8705623eb284e7df/IQRWxHCVQtI7TrJbjoI9ODtEASLcQXhWeY2ucz8cWaAXko8?width=1920&height=1920
29-08-2025,5045.773438,5061.500013,4986.307324,5023.657941,204015,10,LTIMindtree,LTM.NS,Stock,IT,https://1drv.ms/i/c/8705623eb284e7df/IQRWxHCVQtI7TrJbjoI9ODtEASLcQXhWeY2ucz8cWaAXko8?width=1920&height=1920
01-09-2025,5108.187988,5125.880385,5027.097838,5033.486759,137689,10,LTIMindtree,LTM.NS,Stock,IT,https://1drv.ms/i/c/8705623eb284e7df/IQRWxHCVQtI7TrJbjoI9ODtEASLcQXhWeY2ucz8cWaAXko8?width=1920&height=1920
02-09-2025,5153.893555,5179.449239,5079.683778,5101.307819,251752,10,LTIMindtree,LTM.NS,Stock,IT,https://1drv.ms/i/c/8705623eb284e7df/IQRWxHCVQtI7TrJbjoI9ODtEASLcQXhWeY2ucz8cWaAXko8?width=1920&height=1920
03-09-2025,5102.290527,5145.538607,5050.196249,5140.624053,257165,10,LTIMindtree,LTM.NS,Stock,IT,https://1drv.ms/i/c/8705623eb284e7df/IQRWxHCVQtI7TrJbjoI9ODtEASLcQXhWeY2ucz8cWaAXko8?width=1920&height=1920
04-09-2025,5120.96582,5146.521504,5083.12375,5145.538593,107889,10,LTIMindtree,LTM.NS,Stock,IT,https://1drv.ms/i/c/8705623eb284e7df/IQRWxHCVQtI7TrJbjoI9ODtEASLcQXhWeY2ucz8cWaAXko8?width=1920&height=1920
05-09-2025,5106.713867,5175.026179,4982.375631,5108.679689,245302,10,LTIMindtree,LTM.NS,Stock,IT,https://1drv.ms/i/c/8705623eb284e7df/IQRWxHCVQtI7TrJbjoI9ODtEASLcQXhWeY2ucz8cWaAXko8?width=1920&height=1920
08-09-2025,5002.033691,5152.419063,4985.815661,5113.102626,153438,10,LTIMindtree,LTM.NS,Stock,IT,https://1drv.ms/i/c/8705623eb284e7df/IQRWxHCVQtI7TrJbjoI9ODtEASLcQXhWeY2ucz8cWaAXko8?width=1920&height=1920
09-09-2025,5096.884277,5118.999772,5017.268497,5017.268497,177812,10,LTIMindtree,LTM.NS,Stock,IT,https://1drv.ms/i/c/8705623eb284e7df/IQRWxHCVQtI7TrJbjoI9ODtEASLcQXhWeY2ucz8cWaAXko8?width=1920&height=1920
10-09-2025,5216.308594,5306.736404,5090.495988,5120.966228,589857,10,LTIMindtree,LTM.NS,Stock,IT,https://1drv.ms/i/c/8705623eb284e7df/IQRWxHCVQtI7TrJbjoI9ODtEASLcQXhWeY2ucz8cWaAXko8?width=1920&height=1920
11-09-2025,5201.073242,5243.829868,5125.880555,5243.829868,172477,10,LTIMindtree,LTM.NS,Stock,IT,https://1drv.ms/i/c/8705623eb284e7df/IQRWxHCVQtI7TrJbjoI9ODtEASLcQXhWeY2ucz8cWaAXko8?width=1920&height=1920
12-09-2025,5241.372559,5261.030777,5200.581755,5215.816874,119090,10,LTIMindtree,LTM.NS,Stock,IT,https://1drv.ms/i/c/8705623eb284e7df/IQRWxHCVQtI7TrJbjoI9ODtEASLcQXhWeY2ucz8cWaAXko8?width=1920&height=1920
15-09-2025,5250.218262,5262.504647,5204.512908,5248.743895,93202,10,LTIMindtree,LTM.NS,Stock,IT,https://1drv.ms/i/c/8705623eb284e7df/IQRWxHCVQtI7TrJbjoI9ODtEASLcQXhWeY2ucz8cWaAXko8?width=1920&height=1920
16-09-2025,5283.637695,5296.906993,5234.492149,5263.488021,203709,10,LTIMindtree,LTM.NS,Stock,IT,https://1drv.ms/i/c/8705623eb284e7df/IQRWxHCVQtI7TrJbjoI9ODtEASLcQXhWeY2ucz8cWaAXko8?width=1920&height=1920
17-09-2025,5330.325684,5350.966812,5281.671595,5283.637417,233186,10,LTIMindtree,LTM.NS,Stock,IT,https://1drv.ms/i/c/8705623eb284e7df/IQRWxHCVQtI7TrJbjoI9ODtEASLcQXhWeY2ucz8cWaAXko8?width=1920&height=1920
18-09-2025,5430.091309,5522.976389,5357.847357,5361.779001,603028,10,LTIMindtree,LTM.NS,Stock,IT,https://1drv.ms/i/c/8705623eb284e7df/IQRWxHCVQtI7TrJbjoI9ODtEASLcQXhWeY2ucz8cWaAXko8?width=1920&height=1920
19-09-2025,5415.347656,5469.899212,5383.894507,5430.09132,130106,10,LTIMindtree,LTM.NS,Stock,IT,https://1drv.ms/i/c/8705623eb284e7df/IQRWxHCVQtI7TrJbjoI9ODtEASLcQXhWeY2ucz8cWaAXko8?width=1920&height=1920
22-09-2025,5170.111816,5288.061135,5102.782413,5263.488361,488338,10,LTIMindtree,LTM.NS,Stock,IT,https://1drv.ms/i/c/8705623eb284e7df/IQRWxHCVQtI7TrJbjoI9ODtEASLcQXhWeY2ucz8cWaAXko8?width=1920&height=1920
23-09-2025,5172.568848,5208.445097,5127.354944,5190.261245,263293,10,LTIMindtree,LTM.NS,Stock,IT,https://1drv.ms/i/c/8705623eb284e7df/IQRWxHCVQtI7TrJbjoI9ODtEASLcQXhWeY2ucz8cWaAXko8?width=1920&height=1920
24-09-2025,5118.01709,5184.855031,5105.730704,5174.043012,262080,10,LTIMindtree,LTM.NS,Stock,IT,https://1drv.ms/i/c/8705623eb284e7df/IQRWxHCVQtI7TrJbjoI9ODtEASLcQXhWeY2ucz8cWaAXko8?width=1920&height=1920
25-09-2025,5124.897949,5148.487813,5096.39353,5096.39353,246653,10,LTIMindtree,LTM.NS,Stock,IT,https://1drv.ms/i/c/8705623eb284e7df/IQRWxHCVQtI7TrJbjoI9ODtEASLcQXhWeY2ucz8cWaAXko8?width=1920&height=1920
26-09-2025,4988.272949,5110.153904,4955.836889,5101.307706,284891,10,LTIMindtree,LTM.NS,Stock,IT,https://1drv.ms/i/c/8705623eb284e7df/IQRWxHCVQtI7TrJbjoI9ODtEASLcQXhWeY2ucz8cWaAXko8?width=1920&height=1920
29-09-2025,5069.854492,5098.850364,4924.383677,5012.845659,212172,10,LTIMindtree,LTM.NS,Stock,IT,https://1drv.ms/i/c/8705623eb284e7df/IQRWxHCVQtI7TrJbjoI9ODtEASLcQXhWeY2ucz8cWaAXko8?width=1920&height=1920
30-09-2025,5069.363281,5093.4446,4997.119326,5037.91013,319322,10,LTIMindtree,LTM.NS,Stock,IT,https://1drv.ms/i/c/8705623eb284e7df/IQRWxHCVQtI7TrJbjoI9ODtEASLcQXhWeY2ucz8cWaAXko8?width=1920&height=1920
01-10-2025,5035.452637,5057.076677,4934.212812,5033.486815,308270,10,LTIMindtree,LTM.NS,Stock,IT,https://1drv.ms/i/c/8705623eb284e7df/IQRWxHCVQtI7TrJbjoI9ODtEASLcQXhWeY2ucz8cWaAXko8?width=1920&height=1920
03-10-2025,5032.503906,5066.905788,5007.439678,5035.452639,119918,10,LTIMindtree,LTM.NS,Stock,IT,https://1drv.ms/i/c/8705623eb284e7df/IQRWxHCVQtI7TrJbjoI9ODtEASLcQXhWeY2ucz8cWaAXko8?width=1920&height=1920
06-10-2025,5183.872559,5190.752936,5033.978633,5037.910277,220778,10,LTIMindtree,LTM.NS,Stock,IT,https://1drv.ms/i/c/8705623eb284e7df/IQRWxHCVQtI7TrJbjoI9ODtEASLcQXhWeY2ucz8cWaAXko8?width=1920&height=1920
07-10-2025,5178.95752,5406.992848,5165.688222,5283.146075,448771,10,LTIMindtree,LTM.NS,Stock,IT,https://1drv.ms/i/c/8705623eb284e7df/IQRWxHCVQtI7TrJbjoI9ODtEASLcQXhWeY2ucz8cWaAXko8?width=1920&height=1920
08-10-2025,5251.20166,5301.330118,5176.008974,5204.513391,278405,10,LTIMindtree,LTM.NS,Stock,IT,https://1drv.ms/i/c/8705623eb284e7df/IQRWxHCVQtI7TrJbjoI9ODtEASLcQXhWeY2ucz8cWaAXko8?width=1920&height=1920
09-10-2025,5341.137695,5356.864269,5233.017499,5276.265578,214355,10,LTIMindtree,LTM.NS,Stock,IT,https://1drv.ms/i/c/8705623eb284e7df/IQRWxHCVQtI7TrJbjoI9ODtEASLcQXhWeY2ucz8cWaAXko8?width=1920&height=1920
10-10-2025,5377.997559,5411.416533,5288.552657,5357.356428,347012,10,LTIMindtree,LTM.NS,Stock,IT,https://1drv.ms/i/c/8705623eb284e7df/IQRWxHCVQtI7TrJbjoI9ODtEASLcQXhWeY2ucz8cWaAXko8?width=1920&height=1920
13-10-2025,5404.044434,5419.771009,5321.479913,5356.864708,184814,10,LTIMindtree,LTM.NS,Stock,IT,https://1drv.ms/i/c/8705623eb284e7df/IQRWxHCVQtI7TrJbjoI9ODtEASLcQXhWeY2ucz8cWaAXko8?width=1920&height=1920
14-10-2025,5375.539551,5519.044538,5364.236076,5464.98444,445186,10,LTIMindtree,LTM.NS,Stock,IT,https://1drv.ms/i/c/8705623eb284e7df/IQRWxHCVQtI7TrJbjoI9ODtEASLcQXhWeY2ucz8cWaAXko8?width=1920&height=1920
15-10-2025,5513.638672,5533.788345,5405.027018,5405.027018,339385,10,LTIMindtree,LTM.NS,Stock,IT,https://1drv.ms/i/c/8705623eb284e7df/IQRWxHCVQtI7TrJbjoI9ODtEASLcQXhWeY2ucz8cWaAXko8?width=1920&height=1920
16-10-2025,5526.416504,5571.13895,5494.4719,5533.788336,226385,10,LTIMindtree,LTM.NS,Stock,IT,https://1drv.ms/i/c/8705623eb284e7df/IQRWxHCVQtI7TrJbjoI9ODtEASLcQXhWeY2ucz8cWaAXko8?width=1920&height=1920
17-10-2025,5509.21582,5653.703729,5490.049057,5651.737907,956634,10,LTIMindtree,LTM.NS,Stock,IT,https://1drv.ms/i/c/8705623eb284e7df/IQRWxHCVQtI7TrJbjoI9ODtEASLcQXhWeY2ucz8cWaAXko8?width=1920&height=1920
20-10-2025,5500.86084,5601.609207,5491.523186,5517.570325,207857,10,LTIMindtree,LTM.NS,Stock,IT,https://1drv.ms/i/c/8705623eb284e7df/IQRWxHCVQtI7TrJbjoI9ODtEASLcQXhWeY2ucz8cWaAXko8?width=1920&height=1920
21-10-2025,5465.967773,5575.070888,5438.937722,5515.113321,34204,10,LTIMindtree,LTM.NS,Stock,IT,https://1drv.ms/i/c/8705623eb284e7df/IQRWxHCVQtI7TrJbjoI9ODtEASLcQXhWeY2ucz8cWaAXko8?width=1920&height=1920
23-10-2025,5521.010742,5579.002488,5504.301256,5515.113277,463480,10,LTIMindtree,LTM.NS,Stock,IT,https://1drv.ms/i/c/8705623eb284e7df/IQRWxHCVQtI7TrJbjoI9ODtEASLcQXhWeY2ucz8cWaAXko8?width=1920&height=1920
24-10-2025,5472.658691,5587.124686,5447.495908,5543.70655,182417,10,LTIMindtree,LTM.NS,Stock,IT,https://1drv.ms/i/c/8705623eb284e7df/IQRWxHCVQtI7TrJbjoI9ODtEASLcQXhWeY2ucz8cWaAXko8?width=1920&height=1920
27-10-2025,5565.415527,5583.67088,5484.006524,5500.288324,159713,10,LTIMindtree,LTM.NS,Stock,IT,https://1drv.ms/i/c/8705623eb284e7df/IQRWxHCVQtI7TrJbjoI9ODtEASLcQXhWeY2ucz8cWaAXko8?width=1920&height=1920
28-10-2025,5521.997559,5583.17766,5496.341387,5583.17766,179145,10,LTIMindtree,LTM.NS,Stock,IT,https://1drv.ms/i/c/8705623eb284e7df/IQRWxHCVQtI7TrJbjoI9ODtEASLcQXhWeY2ucz8cWaAXko8?width=1920&height=1920
29-10-2025,5598.96582,5600.939372,5497.327914,5524.957636,189897,10,LTIMindtree,LTM.NS,Stock,IT,https://1drv.ms/i/c/8705623eb284e7df/IQRWxHCVQtI7TrJbjoI9ODtEASLcQXhWeY2ucz8cWaAXko8?width=1920&height=1920
30-10-2025,5623.635254,5634.489788,5551.600621,5598.965859,217590,10,LTIMindtree,LTM.NS,Stock,IT,https://1drv.ms/i/c/8705623eb284e7df/IQRWxHCVQtI7TrJbjoI9ODtEASLcQXhWeY2ucz8cWaAXko8?width=1920&height=1920
31-10-2025,5609.327148,5673.960965,5577.750322,5652.251897,219226,10,LTIMindtree,LTM.NS,Stock,IT,https://1drv.ms/i/c/8705623eb284e7df/IQRWxHCVQtI7TrJbjoI9ODtEASLcQXhWeY2ucz8cWaAXko8?width=1920&height=1920
03-11-2025,5629.0625,5652.251731,5590.084856,5609.326984,251579,10,LTIMindtree,LTM.NS,Stock,IT,https://1drv.ms/i/c/8705623eb284e7df/IQRWxHCVQtI7TrJbjoI9ODtEASLcQXhWeY2ucz8cWaAXko8?width=1920&height=1920
04-11-2025,5545.680176,5643.370983,5513.116573,5600.446234,165665,10,LTIMindtree,LTM.NS,Stock,IT,https://1drv.ms/i/c/8705623eb284e7df/IQRWxHCVQtI7TrJbjoI9ODtEASLcQXhWeY2ucz8cWaAXko8?width=1920&height=1920
06-11-2025,5577.256836,5606.366722,5526.93127,5545.68001,315445,10,LTIMindtree,LTM.NS,Stock,IT,https://1drv.ms/i/c/8705623eb284e7df/IQRWxHCVQtI7TrJbjoI9ODtEASLcQXhWeY2ucz8cWaAXko8?width=1920&height=1920
07-11-2025,5493.874512,5563.442209,5435.654737,5560.481881,129338,10,LTIMindtree,LTM.NS,Stock,IT,https://1drv.ms/i/c/8705623eb284e7df/IQRWxHCVQtI7TrJbjoI9ODtEASLcQXhWeY2ucz8cWaAXko8?width=1920&height=1920
10-11-2025,5568.375977,5619.688319,5501.275221,5501.275221,139341,10,LTIMindtree,LTM.NS,Stock,IT,https://1drv.ms/i/c/8705623eb284e7df/IQRWxHCVQtI7TrJbjoI9ODtEASLcQXhWeY2ucz8cWaAXko8?width=1920&height=1920
11-11-2025,5634.983398,5649.291648,5537.785979,5590.085098,159819,10,LTIMindtree,LTM.NS,Stock,IT,https://1drv.ms/i/c/8705623eb284e7df/IQRWxHCVQtI7TrJbjoI9ODtEASLcQXhWeY2ucz8cWaAXko8?width=1920&height=1920
12-11-2025,5815.563477,5831.845278,5653.732237,5673.961142,513138,10,LTIMindtree,LTM.NS,Stock,IT,https://1drv.ms/i/c/8705623eb284e7df/IQRWxHCVQtI7TrJbjoI9ODtEASLcQXhWeY2ucz8cWaAXko8?width=1920&height=1920
13-11-2025,5769.678223,5828.391384,5756.356749,5821.977341,126590,10,LTIMindtree,LTM.NS,Stock,IT,https://1drv.ms/i/c/8705623eb284e7df/IQRWxHCVQtI7TrJbjoI9ODtEASLcQXhWeY2ucz8cWaAXko8?width=1920&height=1920
14-11-2025,5732.180664,5767.211205,5688.762529,5747.969077,145287,10,LTIMindtree,LTM.NS,Stock,IT,https://1drv.ms/i/c/8705623eb284e7df/IQRWxHCVQtI7TrJbjoI9ODtEASLcQXhWeY2ucz8cWaAXko8?width=1920&height=1920
17-11-2025,5771.158203,5797.307762,5719.845862,5748.955748,108410,10,LTIMindtree,LTM.NS,Stock,IT,https://1drv.ms/i/c/8705623eb284e7df/IQRWxHCVQtI7TrJbjoI9ODtEASLcQXhWeY2ucz8cWaAXko8?width=1920&height=1920
18-11-2025,5679.881836,5784.973465,5672.974405,5770.665215,160191,10,LTIMindtree,LTM.NS,Stock,IT,https://1drv.ms/i/c/8705623eb284e7df/IQRWxHCVQtI7TrJbjoI9ODtEASLcQXhWeY2ucz8cWaAXko8?width=1920&height=1920
19-11-2025,5893.025391,5959.139373,5712.44541,5714.418961,868072,10,LTIMindtree,LTM.NS,Stock,IT,https://1drv.ms/i/c/8705623eb284e7df/IQRWxHCVQtI7TrJbjoI9ODtEASLcQXhWeY2ucz8cWaAXko8?width=1920&height=1920
20-11-2025,5947.297852,6010.451504,5880.197096,5920.654904,398886,10,LTIMindtree,LTM.NS,Stock,IT,https://1drv.ms/i/c/8705623eb284e7df/IQRWxHCVQtI7TrJbjoI9ODtEASLcQXhWeY2ucz8cWaAXko8?width=1920&height=1920
21-11-2025,5847.633301,5934.46957,5831.3515,5920.161321,198141,10,LTIMindtree,LTM.NS,Stock,IT,https://1drv.ms/i/c/8705623eb284e7df/IQRWxHCVQtI7TrJbjoI9ODtEASLcQXhWeY2ucz8cWaAXko8?width=1920&height=1920
24-11-2025,5843.686523,5945.324435,5827.404722,5851.58073,416887,10,LTIMindtree,LTM.NS,Stock,IT,https://1drv.ms/i/c/8705623eb284e7df/IQRWxHCVQtI7TrJbjoI9ODtEASLcQXhWeY2ucz8cWaAXko8?width=1920&height=1920
25-11-2025,5755.863281,5839.739225,5728.233559,5772.63847,356220,10,LTIMindtree,LTM.NS,Stock,IT,https://1drv.ms/i/c/8705623eb284e7df/IQRWxHCVQtI7TrJbjoI9ODtEASLcQXhWeY2ucz8cWaAXko8?width=1920&height=1920
26-11-2025,5812.109375,5823.950684,5754.876379,5755.863155,287745,10,LTIMindtree,LTM.NS,Stock,IT,https://1drv.ms/i/c/8705623eb284e7df/IQRWxHCVQtI7TrJbjoI9ODtEASLcQXhWeY2ucz8cWaAXko8?width=1920&height=1920
27-11-2025,5945.817871,5969.007104,5784.973408,5838.752692,258165,10,LTIMindtree,LTM.NS,Stock,IT,https://1drv.ms/i/c/8705623eb284e7df/IQRWxHCVQtI7TrJbjoI9ODtEASLcQXhWeY2ucz8cWaAXko8?width=1920&height=1920
28-11-2025,6015.878906,6043.015242,5930.522796,5951.245089,399436,10,LTIMindtree,LTM.NS,Stock,IT,https://1drv.ms/i/c/8705623eb284e7df/IQRWxHCVQtI7TrJbjoI9ODtEASLcQXhWeY2ucz8cWaAXko8?width=1920&height=1920
01-12-2025,6071.138184,6090.380312,6019.825841,6041.041521,372204,10,LTIMindtree,LTM.NS,Stock,IT,https://1drv.ms/i/c/8705623eb284e7df/IQRWxHCVQtI7TrJbjoI9ODtEASLcQXhWeY2ucz8cWaAXko8?width=1920&height=1920
02-12-2025,6082.486328,6094.327638,6010.945079,6058.803708,277406,10,LTIMindtree,LTM.NS,Stock,IT,https://1drv.ms/i/c/8705623eb284e7df/IQRWxHCVQtI7TrJbjoI9ODtEASLcQXhWeY2ucz8cWaAXko8?width=1920&height=1920
03-12-2025,6077.552246,6134.291855,6039.067989,6082.486125,349340,10,LTIMindtree,LTM.NS,Stock,IT,https://1drv.ms/i/c/8705623eb284e7df/IQRWxHCVQtI7TrJbjoI9ODtEASLcQXhWeY2ucz8cWaAXko8?width=1920&height=1920
04-12-2025,6183.137207,6206.326438,6077.552196,6103.208367,502306,10,LTIMindtree,LTM.NS,Stock,IT,https://1drv.ms/i/c/8705623eb284e7df/IQRWxHCVQtI7TrJbjoI9ODtEASLcQXhWeY2ucz8cWaAXko8?width=1920&height=1920
05-12-2025,6208.793457,6295.629729,6157.974502,6183.137286,319657,10,LTIMindtree,LTM.NS,Stock,IT,https://1drv.ms/i/c/8705623eb284e7df/IQRWxHCVQtI7TrJbjoI9ODtEASLcQXhWeY2ucz8cWaAXko8?width=1920&height=1920
08-12-2025,6173.269531,6262.572743,6122.943964,6251.224821,253030,10,LTIMindtree,LTM.NS,Stock,IT,https://1drv.ms/i/c/8705623eb284e7df/IQRWxHCVQtI7TrJbjoI9ODtEASLcQXhWeY2ucz8cWaAXko8?width=1920&height=1920
09-12-2025,6162.908203,6172.775961,6078.538873,6142.679299,282890,10,LTIMindtree,LTM.NS,Stock,IT,https://1drv.ms/i/c/8705623eb284e7df/IQRWxHCVQtI7TrJbjoI9ODtEASLcQXhWeY2ucz8cWaAXko8?width=1920&height=1920
10-12-2025,6138.23877,6214.713893,6113.075987,6148.599915,208454,10,LTIMindtree,LTM.NS,Stock,IT,https://1drv.ms/i/c/8705623eb284e7df/IQRWxHCVQtI7TrJbjoI9ODtEASLcQXhWeY2ucz8cWaAXko8?width=1920&height=1920
11-12-2025,6211.260254,6228.52883,6132.811578,6142.185948,166721,10,LTIMindtree,LTM.NS,Stock,IT,https://1drv.ms/i/c/8705623eb284e7df/IQRWxHCVQtI7TrJbjoI9ODtEASLcQXhWeY2ucz8cWaAXko8?width=1920&height=1920
12-12-2025,6201.392578,6234.449568,6167.348813,6230.995852,170630,10,LTIMindtree,LTM.NS,Stock,IT,https://1drv.ms/i/c/8705623eb284e7df/IQRWxHCVQtI7TrJbjoI9ODtEASLcQXhWeY2ucz8cWaAXko8?width=1920&height=1920
15-12-2025,6186.59082,6220.141197,6150.573504,6188.070984,107413,10,LTIMindtree,LTM.NS,Stock,IT,https://1drv.ms/i/c/8705623eb284e7df/IQRWxHCVQtI7TrJbjoI9ODtEASLcQXhWeY2ucz8cWaAXko8?width=1920&height=1920
16-12-2025,6133.79834,6176.229699,6099.261187,6157.480959,198232,10,LTIMindtree,LTM.NS,Stock,IT,https://1drv.ms/i/c/8705623eb284e7df/IQRWxHCVQtI7TrJbjoI9ODtEASLcQXhWeY2ucz8cWaAXko8?width=1920&height=1920
17-12-2025,6169.815918,6209.286951,6129.851497,6134.785376,405919,10,LTIMindtree,LTM.NS,Stock,IT,https://1drv.ms/i/c/8705623eb284e7df/IQRWxHCVQtI7TrJbjoI9ODtEASLcQXhWeY2ucz8cWaAXko8?width=1920&height=1920
18-12-2025,6162.415039,6224.581916,6100.74155,6196.952193,318467,10,LTIMindtree,LTM.NS,Stock,IT,https://1drv.ms/i/c/8705623eb284e7df/IQRWxHCVQtI7TrJbjoI9ODtEASLcQXhWeY2ucz8cWaAXko8?width=1920&height=1920
19-12-2025,6115.542969,6206.819729,5947.297696,6204.846178,635441,10,LTIMindtree,LTM.NS,Stock,IT,https://1drv.ms/i/c/8705623eb284e7df/IQRWxHCVQtI7TrJbjoI9ODtEASLcQXhWeY2ucz8cWaAXko8?width=1920&height=1920
22-12-2025,6109.622559,6166.855557,6101.234964,6122.944032,236460,10,LTIMindtree,LTM.NS,Stock,IT,https://1drv.ms/i/c/8705623eb284e7df/IQRWxHCVQtI7TrJbjoI9ODtEASLcQXhWeY2ucz8cWaAXko8?width=1920&height=1920
23-12-2025,6120.477051,6134.7853,6044.9887,6115.049784,160279,10,LTIMindtree,LTM.NS,Stock,IT,https://1drv.ms/i/c/8705623eb284e7df/IQRWxHCVQtI7TrJbjoI9ODtEASLcQXhWeY2ucz8cWaAXko8?width=1920&height=1920
24-12-2025,6081.499512,6160.934967,6053.3764,6120.477157,174322,10,LTIMindtree,LTM.NS,Stock,IT,https://1drv.ms/i/c/8705623eb284e7df/IQRWxHCVQtI7TrJbjoI9ODtEASLcQXhWeY2ucz8cWaAXko8?width=1920&height=1920
26-12-2025,5955.685547,6092.847388,5940.390521,6078.539138,113668,10,LTIMindtree,LTM.NS,Stock,IT,https://1drv.ms/i/c/8705623eb284e7df/IQRWxHCVQtI7TrJbjoI9ODtEASLcQXhWeY2ucz8cWaAXko8?width=1920&height=1920
29-12-2025,5953.711914,6036.107695,5939.403665,5940.39044,128969,10,LTIMindtree,LTM.NS,Stock,IT,https://1drv.ms/i/c/8705623eb284e7df/IQRWxHCVQtI7TrJbjoI9ODtEASLcQXhWeY2ucz8cWaAXko8?width=1920&height=1920
30-12-2025,5993.67627,6012.918398,5923.615187,5935.456497,239568,10,LTIMindtree,LTM.NS,Stock,IT,https://1drv.ms/i/c/8705623eb284e7df/IQRWxHCVQtI7TrJbjoI9ODtEASLcQXhWeY2ucz8cWaAXko8?width=1920&height=1920
31-12-2025,5983.314941,6024.759524,5956.671995,5971.96702,93136,10,LTIMindtree,LTM.NS,Stock,IT,https://1drv.ms/i/c/8705623eb284e7df/IQRWxHCVQtI7TrJbjoI9ODtEASLcQXhWeY2ucz8cWaAXko8?width=1920&height=1920
