Date,Close,High,Low,Open,Volume,AssetID,AssetName,Ticker,AssetType,Sector,Logo
01-01-2021,698.7548828,710.4890304,689.7396025,691.6475959,9543128,20,Mahindra & Mahindra,M&M.NS,Stock,Automobile,https://1drv.ms/i/c/8705623eb284e7df/IQTKhiFr0T0YRZJzbYFcVbq9AVQFbUAdR0tgyDL12thMjF8?width=600&height=600
04-01-2021,714.6389771,716.4515943,693.7941703,701.1876455,4547027,20,Mahindra & Mahindra,M&M.NS,Stock,Automobile,https://1drv.ms/i/c/8705623eb284e7df/IQTKhiFr0T0YRZJzbYFcVbq9AVQFbUAdR0tgyDL12thMjF8?width=600&height=600
05-01-2021,706.0529175,713.5895145,696.4175743,713.5895145,3551554,20,Mahindra & Mahindra,M&M.NS,Stock,Automobile,https://1drv.ms/i/c/8705623eb284e7df/IQTKhiFr0T0YRZJzbYFcVbq9AVQFbUAdR0tgyDL12thMjF8?width=600&height=600
06-01-2021,702.2369385,712.1108391,696.8468921,706.9115455,3601608,20,Mahindra & Mahindra,M&M.NS,Stock,Automobile,https://1drv.ms/i/c/8705623eb284e7df/IQTKhiFr0T0YRZJzbYFcVbq9AVQFbUAdR0tgyDL12thMjF8?width=600&height=600
07-01-2021,710.1551514,720.2674929,706.0529191,708.8195327,4063641,20,Mahindra & Mahindra,M&M.NS,Stock,Automobile,https://1drv.ms/i/c/8705623eb284e7df/IQTKhiFr0T0YRZJzbYFcVbq9AVQFbUAdR0tgyDL12thMjF8?width=600&height=600
08-01-2021,735.0544434,737.2486241,710.727528,715.4975114,5998381,20,Mahindra & Mahindra,M&M.NS,Stock,Automobile,https://1drv.ms/i/c/8705623eb284e7df/IQTKhiFr0T0YRZJzbYFcVbq9AVQFbUAdR0tgyDL12thMjF8?width=600&height=600
11-01-2021,752.7987671,754.9930061,728.0902877,737.4871318,6643610,20,Mahindra & Mahindra,M&M.NS,Stock,Automobile,https://1drv.ms/i/c/8705623eb284e7df/IQTKhiFr0T0YRZJzbYFcVbq9AVQFbUAdR0tgyDL12thMjF8?width=600&height=600
12-01-2021,743.9743042,760.0968717,741.6370589,753.6097058,5532160,20,Mahindra & Mahindra,M&M.NS,Stock,Automobile,https://1drv.ms/i/c/8705623eb284e7df/IQTKhiFr0T0YRZJzbYFcVbq9AVQFbUAdR0tgyDL12thMjF8?width=600&height=600
13-01-2021,790.243103,798.9721957,746.2638807,748.5057495,19610461,20,Mahindra & Mahindra,M&M.NS,Stock,Automobile,https://1drv.ms/i/c/8705623eb284e7df/IQTKhiFr0T0YRZJzbYFcVbq9AVQFbUAdR0tgyDL12thMjF8?width=600&height=600
14-01-2021,791.7219238,805.0301319,789.2891855,790.7679271,8576718,20,Mahindra & Mahindra,M&M.NS,Stock,Automobile,https://1drv.ms/i/c/8705623eb284e7df/IQTKhiFr0T0YRZJzbYFcVbq9AVQFbUAdR0tgyDL12thMjF8?width=600&height=600
15-01-2021,781.9433594,799.4491742,777.8411273,789.9092079,4996951,20,Mahindra & Mahindra,M&M.NS,Stock,Automobile,https://1drv.ms/i/c/8705623eb284e7df/IQTKhiFr0T0YRZJzbYFcVbq9AVQFbUAdR0tgyDL12thMjF8?width=600&height=600
18-01-2021,771.7833862,783.0405365,760.4785478,780.2739808,3955069,20,Mahindra & Mahindra,M&M.NS,Stock,Automobile,https://1drv.ms/i/c/8705623eb284e7df/IQTKhiFr0T0YRZJzbYFcVbq9AVQFbUAdR0tgyDL12thMjF8?width=600&height=600
19-01-2021,770.8770752,781.8957262,764.6760962,772.7373805,3991167,20,Mahindra & Mahindra,M&M.NS,Stock,Automobile,https://1drv.ms/i/c/8705623eb284e7df/IQTKhiFr0T0YRZJzbYFcVbq9AVQFbUAdR0tgyDL12thMjF8?width=600&height=600
20-01-2021,786.5703125,793.6775999,765.1053858,769.8753695,4502291,20,Mahindra & Mahindra,M&M.NS,Stock,Automobile,https://1drv.ms/i/c/8705623eb284e7df/IQTKhiFr0T0YRZJzbYFcVbq9AVQFbUAdR0tgyDL12thMjF8?width=600&height=600
21-01-2021,771.0678101,796.587221,763.4835249,785.139261,4455107,20,Mahindra & Mahindra,M&M.NS,Stock,Automobile,https://1drv.ms/i/c/8705623eb284e7df/IQTKhiFr0T0YRZJzbYFcVbq9AVQFbUAdR0tgyDL12thMjF8?width=600&height=600
22-01-2021,761.6709595,788.6690534,758.4273475,770.8293042,5588252,20,Mahindra & Mahindra,M&M.NS,Stock,Automobile,https://1drv.ms/i/c/8705623eb284e7df/IQTKhiFr0T0YRZJzbYFcVbq9AVQFbUAdR0tgyDL12thMjF8?width=600&height=600
25-01-2021,757.9981079,775.5516714,748.171953,765.2007717,3353172,20,Mahindra & Mahindra,M&M.NS,Stock,Automobile,https://1drv.ms/i/c/8705623eb284e7df/IQTKhiFr0T0YRZJzbYFcVbq9AVQFbUAdR0tgyDL12thMjF8?width=600&height=600
27-01-2021,734.5297852,779.4153191,728.2811183,760.3353847,6585102,20,Mahindra & Mahindra,M&M.NS,Stock,Automobile,https://1drv.ms/i/c/8705623eb284e7df/IQTKhiFr0T0YRZJzbYFcVbq9AVQFbUAdR0tgyDL12thMjF8?width=600&height=600
28-01-2021,729.8074341,742.3047669,721.3168406,723.1294576,4622634,20,Mahindra & Mahindra,M&M.NS,Stock,Automobile,https://1drv.ms/i/c/8705623eb284e7df/IQTKhiFr0T0YRZJzbYFcVbq9AVQFbUAdR0tgyDL12thMjF8?width=600&height=600
29-01-2021,715.1158447,763.1496096,711.6814802,737.0100789,8761073,20,Mahindra & Mahindra,M&M.NS,Stock,Automobile,https://1drv.ms/i/c/8705623eb284e7df/IQTKhiFr0T0YRZJzbYFcVbq9AVQFbUAdR0tgyDL12thMjF8?width=600&height=600
01-02-2021,758.5704956,771.6402038,707.4362378,718.3595116,6592083,20,Mahindra & Mahindra,M&M.NS,Stock,Automobile,https://1drv.ms/i/c/8705623eb284e7df/IQTKhiFr0T0YRZJzbYFcVbq9AVQFbUAdR0tgyDL12thMjF8?width=600&height=600
02-02-2021,779.2722168,798.8768965,765.6777632,772.7373624,5334431,20,Mahindra & Mahindra,M&M.NS,Stock,Automobile,https://1drv.ms/i/c/8705623eb284e7df/IQTKhiFr0T0YRZJzbYFcVbq9AVQFbUAdR0tgyDL12thMjF8?width=600&height=600
03-02-2021,794.8700562,819.3877828,780.3692948,783.2312849,8802838,20,Mahindra & Mahindra,M&M.NS,Stock,Automobile,https://1drv.ms/i/c/8705623eb284e7df/IQTKhiFr0T0YRZJzbYFcVbq9AVQFbUAdR0tgyDL12thMjF8?width=600&height=600
04-02-2021,826.6382446,852.443847,796.5873448,796.5873448,14706560,20,Mahindra & Mahindra,M&M.NS,Stock,Automobile,https://1drv.ms/i/c/8705623eb284e7df/IQTKhiFr0T0YRZJzbYFcVbq9AVQFbUAdR0tgyDL12thMjF8?width=600&height=600
05-02-2021,825.6842041,841.1389634,802.5020942,839.4217809,15668083,20,Mahindra & Mahindra,M&M.NS,Stock,Automobile,https://1drv.ms/i/c/8705623eb284e7df/IQTKhiFr0T0YRZJzbYFcVbq9AVQFbUAdR0tgyDL12thMjF8?width=600&height=600
08-02-2021,885.6906128,908.2526012,850.0111108,850.0111108,21179625,20,Mahindra & Mahindra,M&M.NS,Stock,Automobile,https://1drv.ms/i/c/8705623eb284e7df/IQTKhiFr0T0YRZJzbYFcVbq9AVQFbUAdR0tgyDL12thMjF8?width=600&height=600
09-02-2021,853.8270874,895.8029442,844.4779309,886.7399751,9210613,20,Mahindra & Mahindra,M&M.NS,Stock,Automobile,https://1drv.ms/i/c/8705623eb284e7df/IQTKhiFr0T0YRZJzbYFcVbq9AVQFbUAdR0tgyDL12thMjF8?width=600&height=600
10-02-2021,872.0961304,874.8149977,845.3364756,857.6430567,6465767,20,Mahindra & Mahindra,M&M.NS,Stock,Automobile,https://1drv.ms/i/c/8705623eb284e7df/IQTKhiFr0T0YRZJzbYFcVbq9AVQFbUAdR0tgyDL12thMjF8?width=600&height=600
11-02-2021,872.1437988,877.7246563,860.8389029,874.2902914,3640848,20,Mahindra & Mahindra,M&M.NS,Stock,Automobile,https://1drv.ms/i/c/8705623eb284e7df/IQTKhiFr0T0YRZJzbYFcVbq9AVQFbUAdR0tgyDL12thMjF8?width=600&height=600
12-02-2021,866.7537231,876.2936905,863.3670464,873.8610105,2484145,20,Mahindra & Mahindra,M&M.NS,Stock,Automobile,https://1drv.ms/i/c/8705623eb284e7df/IQTKhiFr0T0YRZJzbYFcVbq9AVQFbUAdR0tgyDL12thMjF8?width=600&height=600
15-02-2021,869.9019165,877.6770133,856.9275839,868.9956662,4178613,20,Mahindra & Mahindra,M&M.NS,Stock,Automobile,https://1drv.ms/i/c/8705623eb284e7df/IQTKhiFr0T0YRZJzbYFcVbq9AVQFbUAdR0tgyDL12thMjF8?width=600&height=600
16-02-2021,870.2357788,879.3464354,860.6003775,872.9069579,4223635,20,Mahindra & Mahindra,M&M.NS,Stock,Automobile,https://1drv.ms/i/c/8705623eb284e7df/IQTKhiFr0T0YRZJzbYFcVbq9AVQFbUAdR0tgyDL12thMjF8?width=600&height=600
17-02-2021,872.859314,877.8201086,862.9854129,863.3670349,3903522,20,Mahindra & Mahindra,M&M.NS,Stock,Automobile,https://1drv.ms/i/c/8705623eb284e7df/IQTKhiFr0T0YRZJzbYFcVbq9AVQFbUAdR0tgyDL12thMjF8?width=600&height=600
18-02-2021,853.3024292,872.8593631,850.6312499,872.8593631,4616205,20,Mahindra & Mahindra,M&M.NS,Stock,Automobile,https://1drv.ms/i/c/8705623eb284e7df/IQTKhiFr0T0YRZJzbYFcVbq9AVQFbUAdR0tgyDL12thMjF8?width=600&height=600
19-02-2021,838.8016357,863.987173,823.1560659,849.0571007,5171996,20,Mahindra & Mahindra,M&M.NS,Stock,Automobile,https://1drv.ms/i/c/8705623eb284e7df/IQTKhiFr0T0YRZJzbYFcVbq9AVQFbUAdR0tgyDL12thMjF8?width=600&height=600
22-02-2021,798.5906372,841.9021119,794.7746503,839.5171201,5960870,20,Mahindra & Mahindra,M&M.NS,Stock,Automobile,https://1drv.ms/i/c/8705623eb284e7df/IQTKhiFr0T0YRZJzbYFcVbq9AVQFbUAdR0tgyDL12thMjF8?width=600&height=600
23-02-2021,802.2635498,817.5274973,781.4186866,803.3606111,7348084,20,Mahindra & Mahindra,M&M.NS,Stock,Automobile,https://1drv.ms/i/c/8705623eb284e7df/IQTKhiFr0T0YRZJzbYFcVbq9AVQFbUAdR0tgyDL12thMjF8?width=600&height=600
24-02-2021,810.515564,816.5257897,801.357219,802.4065921,3184114,20,Mahindra & Mahindra,M&M.NS,Stock,Automobile,https://1drv.ms/i/c/8705623eb284e7df/IQTKhiFr0T0YRZJzbYFcVbq9AVQFbUAdR0tgyDL12thMjF8?width=600&height=600
25-02-2021,819.4831543,826.7335058,803.3128988,813.8545506,6134649,20,Mahindra & Mahindra,M&M.NS,Stock,Automobile,https://1drv.ms/i/c/8705623eb284e7df/IQTKhiFr0T0YRZJzbYFcVbq9AVQFbUAdR0tgyDL12thMjF8?width=600&height=600
26-02-2021,769.3029785,817.2413137,761.7663811,809.036907,12073749,20,Mahindra & Mahindra,M&M.NS,Stock,Automobile,https://1drv.ms/i/c/8705623eb284e7df/IQTKhiFr0T0YRZJzbYFcVbq9AVQFbUAdR0tgyDL12thMjF8?width=600&height=600
01-03-2021,781.7525635,813.472952,778.6520744,783.2312466,9223619,20,Mahindra & Mahindra,M&M.NS,Stock,Automobile,https://1drv.ms/i/c/8705623eb284e7df/IQTKhiFr0T0YRZJzbYFcVbq9AVQFbUAdR0tgyDL12thMjF8?width=600&height=600
02-03-2021,820.4848633,828.0691488,782.3249947,794.6315756,9706013,20,Mahindra & Mahindra,M&M.NS,Stock,Automobile,https://1drv.ms/i/c/8705623eb284e7df/IQTKhiFr0T0YRZJzbYFcVbq9AVQFbUAdR0tgyDL12thMjF8?width=600&height=600
03-03-2021,812.8529053,828.0691648,808.0829216,827.0674799,5028771,20,Mahindra & Mahindra,M&M.NS,Stock,Automobile,https://1drv.ms/i/c/8705623eb284e7df/IQTKhiFr0T0YRZJzbYFcVbq9AVQFbUAdR0tgyDL12thMjF8?width=600&height=600
04-03-2021,806.3657227,818.8153681,796.3964453,803.1221105,4574138,20,Mahindra & Mahindra,M&M.NS,Stock,Automobile,https://1drv.ms/i/c/8705623eb284e7df/IQTKhiFr0T0YRZJzbYFcVbq9AVQFbUAdR0tgyDL12thMjF8?width=600&height=600
05-03-2021,801.7388306,821.1526397,799.7830908,801.3572086,5179108,20,Mahindra & Mahindra,M&M.NS,Stock,Automobile,https://1drv.ms/i/c/8705623eb284e7df/IQTKhiFr0T0YRZJzbYFcVbq9AVQFbUAdR0tgyDL12thMjF8?width=600&height=600
08-03-2021,811.8512573,817.9091136,801.3572928,808.9415788,3474579,20,Mahindra & Mahindra,M&M.NS,Stock,Automobile,https://1drv.ms/i/c/8705623eb284e7df/IQTKhiFr0T0YRZJzbYFcVbq9AVQFbUAdR0tgyDL12thMjF8?width=600&height=600
09-03-2021,812.8052368,825.875004,803.2652692,813.7592336,3536262,20,Mahindra & Mahindra,M&M.NS,Stock,Automobile,https://1drv.ms/i/c/8705623eb284e7df/IQTKhiFr0T0YRZJzbYFcVbq9AVQFbUAdR0tgyDL12thMjF8?width=600&height=600
10-03-2021,824.0622559,834.7470295,809.9431177,817.0027159,3971353,20,Mahindra & Mahindra,M&M.NS,Stock,Automobile,https://1drv.ms/i/c/8705623eb284e7df/IQTKhiFr0T0YRZJzbYFcVbq9AVQFbUAdR0tgyDL12thMjF8?width=600&height=600
12-03-2021,816.4303589,835.8919147,805.3163323,829.5001252,4012449,20,Mahindra & Mahindra,M&M.NS,Stock,Automobile,https://1drv.ms/i/c/8705623eb284e7df/IQTKhiFr0T0YRZJzbYFcVbq9AVQFbUAdR0tgyDL12thMjF8?width=600&height=600
15-03-2021,805.5548706,822.3451899,786.0933138,822.3451899,3069303,20,Mahindra & Mahindra,M&M.NS,Stock,Automobile,https://1drv.ms/i/c/8705623eb284e7df/IQTKhiFr0T0YRZJzbYFcVbq9AVQFbUAdR0tgyDL12thMjF8?width=600&height=600
16-03-2021,804.0761108,817.0981893,801.3572435,812.8052041,2996797,20,Mahindra & Mahindra,M&M.NS,Stock,Automobile,https://1drv.ms/i/c/8705623eb284e7df/IQTKhiFr0T0YRZJzbYFcVbq9AVQFbUAdR0tgyDL12thMjF8?width=600&height=600
17-03-2021,798.4475098,812.1850266,795.3470206,808.6075392,2034583,20,Mahindra & Mahindra,M&M.NS,Stock,Automobile,https://1drv.ms/i/c/8705623eb284e7df/IQTKhiFr0T0YRZJzbYFcVbq9AVQFbUAdR0tgyDL12thMjF8?width=600&height=600
18-03-2021,806.7473755,820.9618921,795.6332901,803.2652641,5033325,20,Mahindra & Mahindra,M&M.NS,Stock,Automobile,https://1drv.ms/i/c/8705623eb284e7df/IQTKhiFr0T0YRZJzbYFcVbq9AVQFbUAdR0tgyDL12thMjF8?width=600&height=600
19-03-2021,811.1834106,820.4371906,782.8020078,801.3095677,7538327,20,Mahindra & Mahindra,M&M.NS,Stock,Automobile,https://1drv.ms/i/c/8705623eb284e7df/IQTKhiFr0T0YRZJzbYFcVbq9AVQFbUAdR0tgyDL12thMjF8?width=600&height=600
22-03-2021,813.8068848,819.8170524,793.8683884,810.7063954,2906300,20,Mahindra & Mahindra,M&M.NS,Stock,Automobile,https://1drv.ms/i/c/8705623eb284e7df/IQTKhiFr0T0YRZJzbYFcVbq9AVQFbUAdR0tgyDL12thMjF8?width=600&height=600
23-03-2021,805.793335,825.2071445,802.7882221,820.3894728,3925212,20,Mahindra & Mahindra,M&M.NS,Stock,Automobile,https://1drv.ms/i/c/8705623eb284e7df/IQTKhiFr0T0YRZJzbYFcVbq9AVQFbUAdR0tgyDL12thMjF8?width=600&height=600
24-03-2021,774.072937,806.1272025,771.4016997,797.7797315,4066262,20,Mahindra & Mahindra,M&M.NS,Stock,Automobile,https://1drv.ms/i/c/8705623eb284e7df/IQTKhiFr0T0YRZJzbYFcVbq9AVQFbUAdR0tgyDL12thMjF8?width=600&height=600
25-03-2021,755.2792358,776.5533516,751.8448126,774.4545472,4501404,20,Mahindra & Mahindra,M&M.NS,Stock,Automobile,https://1drv.ms/i/c/8705623eb284e7df/IQTKhiFr0T0YRZJzbYFcVbq9AVQFbUAdR0tgyDL12thMjF8?width=600&height=600
26-03-2021,762.5772095,777.173405,755.7084801,763.0542078,4170972,20,Mahindra & Mahindra,M&M.NS,Stock,Automobile,https://1drv.ms/i/c/8705623eb284e7df/IQTKhiFr0T0YRZJzbYFcVbq9AVQFbUAdR0tgyDL12thMjF8?width=600&height=600
30-03-2021,758.4273682,768.4920216,746.9794079,768.4920216,5670999,20,Mahindra & Mahindra,M&M.NS,Stock,Automobile,https://1drv.ms/i/c/8705623eb284e7df/IQTKhiFr0T0YRZJzbYFcVbq9AVQFbUAdR0tgyDL12thMjF8?width=600&height=600
31-03-2021,758.6658936,768.6828591,753.7527871,758.5227708,3972382,20,Mahindra & Mahindra,M&M.NS,Stock,Automobile,https://1drv.ms/i/c/8705623eb284e7df/IQTKhiFr0T0YRZJzbYFcVbq9AVQFbUAdR0tgyDL12thMjF8?width=600&height=600
01-04-2021,770.4477539,772.5465584,743.8789676,764.628397,5678798,20,Mahindra & Mahindra,M&M.NS,Stock,Automobile,https://1drv.ms/i/c/8705623eb284e7df/IQTKhiFr0T0YRZJzbYFcVbq9AVQFbUAdR0tgyDL12thMjF8?width=600&height=600
05-04-2021,738.8227539,771.5925172,733.8619594,771.1155188,4176802,20,Mahindra & Mahindra,M&M.NS,Stock,Automobile,https://1drv.ms/i/c/8705623eb284e7df/IQTKhiFr0T0YRZJzbYFcVbq9AVQFbUAdR0tgyDL12thMjF8?width=600&height=600
06-04-2021,745.1668091,755.1837746,739.3474524,747.9334228,2984229,20,Mahindra & Mahindra,M&M.NS,Stock,Automobile,https://1drv.ms/i/c/8705623eb284e7df/IQTKhiFr0T0YRZJzbYFcVbq9AVQFbUAdR0tgyDL12thMjF8?width=600&height=600
07-04-2021,759.6675415,761.8617222,739.7290459,745.3575914,2271095,20,Mahindra & Mahindra,M&M.NS,Stock,Automobile,https://1drv.ms/i/c/8705623eb284e7df/IQTKhiFr0T0YRZJzbYFcVbq9AVQFbUAdR0tgyDL12thMjF8?width=600&height=600
08-04-2021,758.5704956,773.6913199,756.5193794,765.1053497,3324494,20,Mahindra & Mahindra,M&M.NS,Stock,Automobile,https://1drv.ms/i/c/8705623eb284e7df/IQTKhiFr0T0YRZJzbYFcVbq9AVQFbUAdR0tgyDL12thMjF8?width=600&height=600
09-04-2021,754.7545166,764.1513609,748.8874136,758.4273806,2065092,20,Mahindra & Mahindra,M&M.NS,Stock,Automobile,https://1drv.ms/i/c/8705623eb284e7df/IQTKhiFr0T0YRZJzbYFcVbq9AVQFbUAdR0tgyDL12thMjF8?width=600&height=600
12-04-2021,716.9285278,743.1634374,704.5742588,743.1634374,4628388,20,Mahindra & Mahindra,M&M.NS,Stock,Automobile,https://1drv.ms/i/c/8705623eb284e7df/IQTKhiFr0T0YRZJzbYFcVbq9AVQFbUAdR0tgyDL12thMjF8?width=600&height=600
13-04-2021,773.9298706,779.415352,716.2607549,719.3135562,12501628,20,Mahindra & Mahindra,M&M.NS,Stock,Automobile,https://1drv.ms/i/c/8705623eb284e7df/IQTKhiFr0T0YRZJzbYFcVbq9AVQFbUAdR0tgyDL12thMjF8?width=600&height=600
15-04-2021,768.0626831,771.687917,749.0304964,767.9673067,5256004,20,Mahindra & Mahindra,M&M.NS,Stock,Automobile,https://1drv.ms/i/c/8705623eb284e7df/IQTKhiFr0T0YRZJzbYFcVbq9AVQFbUAdR0tgyDL12thMjF8?width=600&height=600
16-04-2021,783.8514404,799.306141,766.250189,768.0627479,6915568,20,Mahindra & Mahindra,M&M.NS,Stock,Automobile,https://1drv.ms/i/c/8705623eb284e7df/IQTKhiFr0T0YRZJzbYFcVbq9AVQFbUAdR0tgyDL12thMjF8?width=600&height=600
19-04-2021,758.3796997,769.8753485,748.9827971,748.9827971,4317341,20,Mahindra & Mahindra,M&M.NS,Stock,Automobile,https://1drv.ms/i/c/8705623eb284e7df/IQTKhiFr0T0YRZJzbYFcVbq9AVQFbUAdR0tgyDL12thMjF8?width=600&height=600
20-04-2021,773.8344727,783.4221282,763.7220724,770.8293597,4830957,20,Mahindra & Mahindra,M&M.NS,Stock,Automobile,https://1drv.ms/i/c/8705623eb284e7df/IQTKhiFr0T0YRZJzbYFcVbq9AVQFbUAdR0tgyDL12thMjF8?width=600&height=600
22-04-2021,762.9111328,767.8241806,749.3643687,758.4273369,4576665,20,Mahindra & Mahindra,M&M.NS,Stock,Automobile,https://1drv.ms/i/c/8705623eb284e7df/IQTKhiFr0T0YRZJzbYFcVbq9AVQFbUAdR0tgyDL12thMjF8?width=600&height=600
23-04-2021,742.1140747,768.5397374,738.4888406,759.3813921,4796085,20,Mahindra & Mahindra,M&M.NS,Stock,Automobile,https://1drv.ms/i/c/8705623eb284e7df/IQTKhiFr0T0YRZJzbYFcVbq9AVQFbUAdR0tgyDL12thMjF8?width=600&height=600
26-04-2021,744.5943604,756.8055054,739.9675,744.117362,3528851,20,Mahindra & Mahindra,M&M.NS,Stock,Automobile,https://1drv.ms/i/c/8705623eb284e7df/IQTKhiFr0T0YRZJzbYFcVbq9AVQFbUAdR0tgyDL12thMjF8?width=600&height=600
27-04-2021,742.5911255,751.7017832,741.2555067,745.0714939,3624649,20,Mahindra & Mahindra,M&M.NS,Stock,Automobile,https://1drv.ms/i/c/8705623eb284e7df/IQTKhiFr0T0YRZJzbYFcVbq9AVQFbUAdR0tgyDL12thMjF8?width=600&height=600
28-04-2021,746.1208496,764.7237866,743.0203601,749.8414603,5214319,20,Mahindra & Mahindra,M&M.NS,Stock,Automobile,https://1drv.ms/i/c/8705623eb284e7df/IQTKhiFr0T0YRZJzbYFcVbq9AVQFbUAdR0tgyDL12thMjF8?width=600&height=600
29-04-2021,738.9658813,755.6131368,733.2419007,751.7494615,3642323,20,Mahindra & Mahindra,M&M.NS,Stock,Automobile,https://1drv.ms/i/c/8705623eb284e7df/IQTKhiFr0T0YRZJzbYFcVbq9AVQFbUAdR0tgyDL12thMjF8?width=600&height=600
30-04-2021,717.9302368,742.5910875,715.9268669,733.0511201,4466148,20,Mahindra & Mahindra,M&M.NS,Stock,Automobile,https://1drv.ms/i/c/8705623eb284e7df/IQTKhiFr0T0YRZJzbYFcVbq9AVQFbUAdR0tgyDL12thMjF8?width=600&height=600
03-05-2021,718.3118286,731.2861605,706.0052479,710.6321668,3749870,20,Mahindra & Mahindra,M&M.NS,Stock,Automobile,https://1drv.ms/i/c/8705623eb284e7df/IQTKhiFr0T0YRZJzbYFcVbq9AVQFbUAdR0tgyDL12thMjF8?width=600&height=600
04-05-2021,707.0546875,727.613305,697.4669739,724.0835055,3820769,20,Mahindra & Mahindra,M&M.NS,Stock,Automobile,https://1drv.ms/i/c/8705623eb284e7df/IQTKhiFr0T0YRZJzbYFcVbq9AVQFbUAdR0tgyDL12thMjF8?width=600&height=600
05-05-2021,713.1602173,714.5435241,703.4294394,708.9626668,3102424,20,Mahindra & Mahindra,M&M.NS,Stock,Automobile,https://1drv.ms/i/c/8705623eb284e7df/IQTKhiFr0T0YRZJzbYFcVbq9AVQFbUAdR0tgyDL12thMjF8?width=600&height=600
06-05-2021,713.0170898,724.5604255,711.8245941,716.9284527,3662506,20,Mahindra & Mahindra,M&M.NS,Stock,Automobile,https://1drv.ms/i/c/8705623eb284e7df/IQTKhiFr0T0YRZJzbYFcVbq9AVQFbUAdR0tgyDL12thMjF8?width=600&height=600
07-05-2021,732.0971069,736.4854686,716.4515374,717.4055341,4833670,20,Mahindra & Mahindra,M&M.NS,Stock,Automobile,https://1drv.ms/i/c/8705623eb284e7df/IQTKhiFr0T0YRZJzbYFcVbq9AVQFbUAdR0tgyDL12thMjF8?width=600&height=600
10-05-2021,744.5467529,747.7426187,733.2896033,736.485469,2095644,20,Mahindra & Mahindra,M&M.NS,Stock,Automobile,https://1drv.ms/i/c/8705623eb284e7df/IQTKhiFr0T0YRZJzbYFcVbq9AVQFbUAdR0tgyDL12thMjF8?width=600&height=600
11-05-2021,740.3013916,743.8311908,730.9522362,734.5774118,2938331,20,Mahindra & Mahindra,M&M.NS,Stock,Automobile,https://1drv.ms/i/c/8705623eb284e7df/IQTKhiFr0T0YRZJzbYFcVbq9AVQFbUAdR0tgyDL12thMjF8?width=600&height=600
12-05-2021,724.7512817,736.1992418,720.4106085,736.0084308,3480378,20,Mahindra & Mahindra,M&M.NS,Stock,Automobile,https://1drv.ms/i/c/8705623eb284e7df/IQTKhiFr0T0YRZJzbYFcVbq9AVQFbUAdR0tgyDL12thMjF8?width=600&height=600
14-05-2021,707.3886108,728.567351,702.1416286,727.994918,4984389,20,Mahindra & Mahindra,M&M.NS,Stock,Automobile,https://1drv.ms/i/c/8705623eb284e7df/IQTKhiFr0T0YRZJzbYFcVbq9AVQFbUAdR0tgyDL12thMjF8?width=600&height=600
17-05-2021,718.8842773,721.2215812,701.5692704,705.9576323,3479938,20,Mahindra & Mahindra,M&M.NS,Stock,Automobile,https://1drv.ms/i/c/8705623eb284e7df/IQTKhiFr0T0YRZJzbYFcVbq9AVQFbUAdR0tgyDL12thMjF8?width=600&height=600
18-05-2021,761.0031738,763.1496664,719.3135067,725.9914835,8634396,20,Mahindra & Mahindra,M&M.NS,Stock,Automobile,https://1drv.ms/i/c/8705623eb284e7df/IQTKhiFr0T0YRZJzbYFcVbq9AVQFbUAdR0tgyDL12thMjF8?width=600&height=600
19-05-2021,748.6966553,757.4734372,742.2094889,757.4734372,4360320,20,Mahindra & Mahindra,M&M.NS,Stock,Automobile,https://1drv.ms/i/c/8705623eb284e7df/IQTKhiFr0T0YRZJzbYFcVbq9AVQFbUAdR0tgyDL12thMjF8?width=600&height=600
20-05-2021,766.2978516,772.3080191,746.0254216,747.9811032,10092542,20,Mahindra & Mahindra,M&M.NS,Stock,Automobile,https://1drv.ms/i/c/8705623eb284e7df/IQTKhiFr0T0YRZJzbYFcVbq9AVQFbUAdR0tgyDL12thMjF8?width=600&height=600
21-05-2021,781.2756348,783.2313164,763.9128826,767.013372,5721630,20,Mahindra & Mahindra,M&M.NS,Stock,Automobile,https://1drv.ms/i/c/8705623eb284e7df/IQTKhiFr0T0YRZJzbYFcVbq9AVQFbUAdR0tgyDL12thMjF8?width=600&height=600
24-05-2021,772.7373657,786.0933202,769.8753755,783.7083283,3495533,20,Mahindra & Mahindra,M&M.NS,Stock,Automobile,https://1drv.ms/i/c/8705623eb284e7df/IQTKhiFr0T0YRZJzbYFcVbq9AVQFbUAdR0tgyDL12thMjF8?width=600&height=600
25-05-2021,773.9298706,789.9093163,771.1632567,781.9434667,5044078,20,Mahindra & Mahindra,M&M.NS,Stock,Automobile,https://1drv.ms/i/c/8705623eb284e7df/IQTKhiFr0T0YRZJzbYFcVbq9AVQFbUAdR0tgyDL12thMjF8?width=600&height=600
26-05-2021,783.4221191,788.0012918,775.5993344,778.4613245,3084558,20,Mahindra & Mahindra,M&M.NS,Stock,Automobile,https://1drv.ms/i/c/8705623eb284e7df/IQTKhiFr0T0YRZJzbYFcVbq9AVQFbUAdR0tgyDL12thMjF8?width=600&height=600
27-05-2021,790.4816895,792.771305,779.319974,787.3335118,6902630,20,Mahindra & Mahindra,M&M.NS,Stock,Automobile,https://1drv.ms/i/c/8705623eb284e7df/IQTKhiFr0T0YRZJzbYFcVbq9AVQFbUAdR0tgyDL12thMjF8?width=600&height=600
28-05-2021,806.9381104,813.7592103,773.2143493,790.8632888,11638455,20,Mahindra & Mahindra,M&M.NS,Stock,Automobile,https://1drv.ms/i/c/8705623eb284e7df/IQTKhiFr0T0YRZJzbYFcVbq9AVQFbUAdR0tgyDL12thMjF8?width=600&height=600
31-05-2021,770.7816772,786.0933133,753.6574241,786.0933133,17596018,20,Mahindra & Mahindra,M&M.NS,Stock,Automobile,https://1drv.ms/i/c/8705623eb284e7df/IQTKhiFr0T0YRZJzbYFcVbq9AVQFbUAdR0tgyDL12thMjF8?width=600&height=600
01-06-2021,769.2075195,780.3692925,763.4358512,775.599309,7230033,20,Mahindra & Mahindra,M&M.NS,Stock,Automobile,https://1drv.ms/i/c/8705623eb284e7df/IQTKhiFr0T0YRZJzbYFcVbq9AVQFbUAdR0tgyDL12thMjF8?width=600&height=600
02-06-2021,769.1122437,774.6454135,765.3916328,769.20762,4244490,20,Mahindra & Mahindra,M&M.NS,Stock,Automobile,https://1drv.ms/i/c/8705623eb284e7df/IQTKhiFr0T0YRZJzbYFcVbq9AVQFbUAdR0tgyDL12thMjF8?width=600&height=600
03-06-2021,765.1530151,775.7901013,761.3847167,774.6452936,5001405,20,Mahindra & Mahindra,M&M.NS,Stock,Automobile,https://1drv.ms/i/c/8705623eb284e7df/IQTKhiFr0T0YRZJzbYFcVbq9AVQFbUAdR0tgyDL12thMjF8?width=600&height=600
04-06-2021,767.5856934,776.5532853,766.1546984,776.5532853,5084092,20,Mahindra & Mahindra,M&M.NS,Stock,Automobile,https://1drv.ms/i/c/8705623eb284e7df/IQTKhiFr0T0YRZJzbYFcVbq9AVQFbUAdR0tgyDL12thMjF8?width=600&height=600
07-06-2021,766.8701172,774.4067134,765.6776215,770.7338499,2994862,20,Mahindra & Mahindra,M&M.NS,Stock,Automobile,https://1drv.ms/i/c/8705623eb284e7df/IQTKhiFr0T0YRZJzbYFcVbq9AVQFbUAdR0tgyDL12thMjF8?width=600&height=600
08-06-2021,770.6862793,772.7373957,760.8124359,767.1087914,2960405,20,Mahindra & Mahindra,M&M.NS,Stock,Automobile,https://1drv.ms/i/c/8705623eb284e7df/IQTKhiFr0T0YRZJzbYFcVbq9AVQFbUAdR0tgyDL12thMjF8?width=600&height=600
09-06-2021,767.442627,779.1767743,764.1513268,770.8293035,4176767,20,Mahindra & Mahindra,M&M.NS,Stock,Automobile,https://1drv.ms/i/c/8705623eb284e7df/IQTKhiFr0T0YRZJzbYFcVbq9AVQFbUAdR0tgyDL12thMjF8?width=600&height=600
10-06-2021,769.8276367,773.6436235,766.1070264,770.8293216,2264605,20,Mahindra & Mahindra,M&M.NS,Stock,Automobile,https://1drv.ms/i/c/8705623eb284e7df/IQTKhiFr0T0YRZJzbYFcVbq9AVQFbUAdR0tgyDL12thMjF8?width=600&height=600
11-06-2021,771.7833862,778.3182408,768.4443975,771.7833862,1783272,20,Mahindra & Mahindra,M&M.NS,Stock,Automobile,https://1drv.ms/i/c/8705623eb284e7df/IQTKhiFr0T0YRZJzbYFcVbq9AVQFbUAdR0tgyDL12thMjF8?width=600&height=600
14-06-2021,770.3046875,772.2603692,757.4734196,771.7833708,1598770,20,Mahindra & Mahindra,M&M.NS,Stock,Automobile,https://1drv.ms/i/c/8705623eb284e7df/IQTKhiFr0T0YRZJzbYFcVbq9AVQFbUAdR0tgyDL12thMjF8?width=600&height=600
15-06-2021,771.4016724,776.0762793,768.9213043,770.2091765,1640381,20,Mahindra & Mahindra,M&M.NS,Stock,Automobile,https://1drv.ms/i/c/8705623eb284e7df/IQTKhiFr0T0YRZJzbYFcVbq9AVQFbUAdR0tgyDL12thMjF8?width=600&height=600
16-06-2021,769.0645142,784.0422168,764.7237823,771.5925706,3863280,20,Mahindra & Mahindra,M&M.NS,Stock,Automobile,https://1drv.ms/i/c/8705623eb284e7df/IQTKhiFr0T0YRZJzbYFcVbq9AVQFbUAdR0tgyDL12thMjF8?width=600&height=600
17-06-2021,768.6351318,772.6419295,756.0900523,765.1053325,1988175,20,Mahindra & Mahindra,M&M.NS,Stock,Automobile,https://1drv.ms/i/c/8705623eb284e7df/IQTKhiFr0T0YRZJzbYFcVbq9AVQFbUAdR0tgyDL12thMjF8?width=600&height=600
18-06-2021,745.5961304,771.735664,737.5348464,768.921362,5793496,20,Mahindra & Mahindra,M&M.NS,Stock,Automobile,https://1drv.ms/i/c/8705623eb284e7df/IQTKhiFr0T0YRZJzbYFcVbq9AVQFbUAdR0tgyDL12thMjF8?width=600&height=600
21-06-2021,741.1123047,743.0202981,727.2793527,740.3014308,3024852,20,Mahindra & Mahindra,M&M.NS,Stock,Automobile,https://1drv.ms/i/c/8705623eb284e7df/IQTKhiFr0T0YRZJzbYFcVbq9AVQFbUAdR0tgyDL12thMjF8?width=600&height=600
22-06-2021,739.538208,753.2280365,737.1532164,744.2127566,2925669,20,Mahindra & Mahindra,M&M.NS,Stock,Automobile,https://1drv.ms/i/c/8705623eb284e7df/IQTKhiFr0T0YRZJzbYFcVbq9AVQFbUAdR0tgyDL12thMjF8?width=600&height=600
23-06-2021,745.9777222,749.8413971,739.3474335,745.930034,2700327,20,Mahindra & Mahindra,M&M.NS,Stock,Automobile,https://1drv.ms/i/c/8705623eb284e7df/IQTKhiFr0T0YRZJzbYFcVbq9AVQFbUAdR0tgyDL12thMjF8?width=600&height=600
24-06-2021,755.3745728,757.4733771,743.1634267,746.9794135,3251137,20,Mahindra & Mahindra,M&M.NS,Stock,Automobile,https://1drv.ms/i/c/8705623eb284e7df/IQTKhiFr0T0YRZJzbYFcVbq9AVQFbUAdR0tgyDL12thMjF8?width=600&height=600
25-06-2021,757.7119141,765.0100124,753.6574279,756.7102291,1763201,20,Mahindra & Mahindra,M&M.NS,Stock,Automobile,https://1drv.ms/i/c/8705623eb284e7df/IQTKhiFr0T0YRZJzbYFcVbq9AVQFbUAdR0tgyDL12thMjF8?width=600&height=600
28-06-2021,756.9963989,762.2433809,752.9419129,758.427394,1409432,20,Mahindra & Mahindra,M&M.NS,Stock,Automobile,https://1drv.ms/i/c/8705623eb284e7df/IQTKhiFr0T0YRZJzbYFcVbq9AVQFbUAdR0tgyDL12thMjF8?width=600&height=600
29-06-2021,745.6437988,755.5653878,743.5450527,752.7033977,3167773,20,Mahindra & Mahindra,M&M.NS,Stock,Automobile,https://1drv.ms/i/c/8705623eb284e7df/IQTKhiFr0T0YRZJzbYFcVbq9AVQFbUAdR0tgyDL12thMjF8?width=600&height=600
30-06-2021,741.9232788,753.0850523,739.7767861,748.792067,2393862,20,Mahindra & Mahindra,M&M.NS,Stock,Automobile,https://1drv.ms/i/c/8705623eb284e7df/IQTKhiFr0T0YRZJzbYFcVbq9AVQFbUAdR0tgyDL12thMjF8?width=600&height=600
01-07-2021,743.5927734,762.0048989,739.2520999,742.2094665,5697553,20,Mahindra & Mahindra,M&M.NS,Stock,Automobile,https://1drv.ms/i/c/8705623eb284e7df/IQTKhiFr0T0YRZJzbYFcVbq9AVQFbUAdR0tgyDL12thMjF8?width=600&height=600
02-07-2021,746.5978394,751.0816358,741.2554808,749.8414516,1963778,20,Mahindra & Mahindra,M&M.NS,Stock,Automobile,https://1drv.ms/i/c/8705623eb284e7df/IQTKhiFr0T0YRZJzbYFcVbq9AVQFbUAdR0tgyDL12thMjF8?width=600&height=600
05-07-2021,755.3269043,756.9963986,748.4104281,749.8414231,1320469,20,Mahindra & Mahindra,M&M.NS,Stock,Automobile,https://1drv.ms/i/c/8705623eb284e7df/IQTKhiFr0T0YRZJzbYFcVbq9AVQFbUAdR0tgyDL12thMjF8?width=600&height=600
06-07-2021,745.9301147,758.4274494,742.8773134,754.2298403,1420179,20,Mahindra & Mahindra,M&M.NS,Stock,Automobile,https://1drv.ms/i/c/8705623eb284e7df/IQTKhiFr0T0YRZJzbYFcVbq9AVQFbUAdR0tgyDL12thMjF8?width=600&height=600
07-07-2021,743.0680542,745.9300443,733.1941534,742.0186229,3004815,20,Mahindra & Mahindra,M&M.NS,Stock,Automobile,https://1drv.ms/i/c/8705623eb284e7df/IQTKhiFr0T0YRZJzbYFcVbq9AVQFbUAdR0tgyDL12thMjF8?width=600&height=600
08-07-2021,740.539917,751.3677559,735.5314345,742.161723,2010027,20,Mahindra & Mahindra,M&M.NS,Stock,Automobile,https://1drv.ms/i/c/8705623eb284e7df/IQTKhiFr0T0YRZJzbYFcVbq9AVQFbUAdR0tgyDL12thMjF8?width=600&height=600
09-07-2021,736.0561523,740.3014494,731.7154789,736.4854625,1658120,20,Mahindra & Mahindra,M&M.NS,Stock,Automobile,https://1drv.ms/i/c/8705623eb284e7df/IQTKhiFr0T0YRZJzbYFcVbq9AVQFbUAdR0tgyDL12thMjF8?width=600&height=600
12-07-2021,737.2962646,745.0713604,733.1464026,740.3013773,2681410,20,Mahindra & Mahindra,M&M.NS,Stock,Automobile,https://1drv.ms/i/c/8705623eb284e7df/IQTKhiFr0T0YRZJzbYFcVbq9AVQFbUAdR0tgyDL12thMjF8?width=600&height=600
13-07-2021,745.2145996,746.2162846,738.0596238,742.1141101,2189466,20,Mahindra & Mahindra,M&M.NS,Stock,Automobile,https://1drv.ms/i/c/8705623eb284e7df/IQTKhiFr0T0YRZJzbYFcVbq9AVQFbUAdR0tgyDL12thMjF8?width=600&height=600
14-07-2021,749.9844971,750.7953709,741.3030925,744.1173943,2067565,20,Mahindra & Mahindra,M&M.NS,Stock,Automobile,https://1drv.ms/i/c/8705623eb284e7df/IQTKhiFr0T0YRZJzbYFcVbq9AVQFbUAdR0tgyDL12thMjF8?width=600&height=600
15-07-2021,752.3964233,756.3035861,747.8621596,753.4576077,2109663,20,Mahindra & Mahindra,M&M.NS,Stock,Automobile,https://1drv.ms/i/c/8705623eb284e7df/IQTKhiFr0T0YRZJzbYFcVbq9AVQFbUAdR0tgyDL12thMjF8?width=600&height=600
16-07-2021,752.2999268,756.3518233,749.1163148,756.3518233,845054,20,Mahindra & Mahindra,M&M.NS,Stock,Automobile,https://1drv.ms/i/c/8705623eb284e7df/IQTKhiFr0T0YRZJzbYFcVbq9AVQFbUAdR0tgyDL12thMjF8?width=600&height=600
19-07-2021,748.440918,753.16814,742.8454704,748.440918,1265906,20,Mahindra & Mahindra,M&M.NS,Stock,Automobile,https://1drv.ms/i/c/8705623eb284e7df/IQTKhiFr0T0YRZJzbYFcVbq9AVQFbUAdR0tgyDL12thMjF8?width=600&height=600
20-07-2021,733.3911133,748.3444967,725.8179128,747.6691708,2179910,20,Mahindra & Mahindra,M&M.NS,Stock,Automobile,https://1drv.ms/i/c/8705623eb284e7df/IQTKhiFr0T0YRZJzbYFcVbq9AVQFbUAdR0tgyDL12thMjF8?width=600&height=600
22-07-2021,731.7028198,740.0477371,729.0015753,737.2500426,2182264,20,Mahindra & Mahindra,M&M.NS,Stock,Automobile,https://1drv.ms/i/c/8705623eb284e7df/IQTKhiFr0T0YRZJzbYFcVbq9AVQFbUAdR0tgyDL12thMjF8?width=600&height=600
23-07-2021,737.250061,740.7713064,731.5098794,731.751063,1179241,20,Mahindra & Mahindra,M&M.NS,Stock,Automobile,https://1drv.ms/i/c/8705623eb284e7df/IQTKhiFr0T0YRZJzbYFcVbq9AVQFbUAdR0tgyDL12thMjF8?width=600&height=600
26-07-2021,727.6991577,737.1535432,725.9626475,736.0923589,1187498,20,Mahindra & Mahindra,M&M.NS,Stock,Automobile,https://1drv.ms/i/c/8705623eb284e7df/IQTKhiFr0T0YRZJzbYFcVbq9AVQFbUAdR0tgyDL12thMjF8?width=600&height=600
27-07-2021,719.2576904,733.1981137,716.4599961,729.3391763,1732564,20,Mahindra & Mahindra,M&M.NS,Stock,Automobile,https://1drv.ms/i/c/8705623eb284e7df/IQTKhiFr0T0YRZJzbYFcVbq9AVQFbUAdR0tgyDL12thMjF8?width=600&height=600
28-07-2021,703.0020142,724.2261723,699.0948514,724.2261723,4016758,20,Mahindra & Mahindra,M&M.NS,Stock,Automobile,https://1drv.ms/i/c/8705623eb284e7df/IQTKhiFr0T0YRZJzbYFcVbq9AVQFbUAdR0tgyDL12thMjF8?width=600&height=600
29-07-2021,705.6549683,712.7939673,700.493604,704.2560916,2489035,20,Mahindra & Mahindra,M&M.NS,Stock,Automobile,https://1drv.ms/i/c/8705623eb284e7df/IQTKhiFr0T0YRZJzbYFcVbq9AVQFbUAdR0tgyDL12thMjF8?width=600&height=600
30-07-2021,716.894104,733.1981388,706.0408421,709.2727376,4642619,20,Mahindra & Mahindra,M&M.NS,Stock,Automobile,https://1drv.ms/i/c/8705623eb284e7df/IQTKhiFr0T0YRZJzbYFcVbq9AVQFbUAdR0tgyDL12thMjF8?width=600&height=600
02-08-2021,730.9793091,732.281677,718.3412524,723.550842,2260861,20,Mahindra & Mahindra,M&M.NS,Stock,Automobile,https://1drv.ms/i/c/8705623eb284e7df/IQTKhiFr0T0YRZJzbYFcVbq9AVQFbUAdR0tgyDL12thMjF8?width=600&height=600
03-08-2021,743.6654663,745.4502602,728.8568173,736.4782424,3235393,20,Mahindra & Mahindra,M&M.NS,Stock,Automobile,https://1drv.ms/i/c/8705623eb284e7df/IQTKhiFr0T0YRZJzbYFcVbq9AVQFbUAdR0tgyDL12thMjF8?width=600&height=600
04-08-2021,739.2276611,748.440862,737.587601,745.7396177,2659372,20,Mahindra & Mahindra,M&M.NS,Stock,Automobile,https://1drv.ms/i/c/8705623eb284e7df/IQTKhiFr0T0YRZJzbYFcVbq9AVQFbUAdR0tgyDL12thMjF8?width=600&height=600
05-08-2021,732.5710449,739.3241857,730.0145341,738.9865523,1451370,20,Mahindra & Mahindra,M&M.NS,Stock,Automobile,https://1drv.ms/i/c/8705623eb284e7df/IQTKhiFr0T0YRZJzbYFcVbq9AVQFbUAdR0tgyDL12thMjF8?width=600&height=600
06-08-2021,731.5098877,745.0643948,728.3745008,736.8641521,4471604,20,Mahindra & Mahindra,M&M.NS,Stock,Automobile,https://1drv.ms/i/c/8705623eb284e7df/IQTKhiFr0T0YRZJzbYFcVbq9AVQFbUAdR0tgyDL12thMjF8?width=600&height=600
09-08-2021,747.6209106,754.4222762,734.6452216,735.1275888,6700633,20,Mahindra & Mahindra,M&M.NS,Stock,Automobile,https://1drv.ms/i/c/8705623eb284e7df/IQTKhiFr0T0YRZJzbYFcVbq9AVQFbUAdR0tgyDL12thMjF8?width=600&height=600
10-08-2021,758.5706787,761.9472493,747.813925,749.5504352,4724852,20,Mahindra & Mahindra,M&M.NS,Stock,Automobile,https://1drv.ms/i/c/8705623eb284e7df/IQTKhiFr0T0YRZJzbYFcVbq9AVQFbUAdR0tgyDL12thMjF8?width=600&height=600
11-08-2021,751.2387695,762.0920327,740.4337313,758.5707282,3147983,20,Mahindra & Mahindra,M&M.NS,Stock,Automobile,https://1drv.ms/i/c/8705623eb284e7df/IQTKhiFr0T0YRZJzbYFcVbq9AVQFbUAdR0tgyDL12thMjF8?width=600&height=600
12-08-2021,748.8268433,766.6262045,746.4632322,753.4575565,3551026,20,Mahindra & Mahindra,M&M.NS,Stock,Automobile,https://1drv.ms/i/c/8705623eb284e7df/IQTKhiFr0T0YRZJzbYFcVbq9AVQFbUAdR0tgyDL12thMjF8?width=600&height=600
13-08-2021,751.1904297,761.6577739,745.3537397,755.3387756,3391864,20,Mahindra & Mahindra,M&M.NS,Stock,Automobile,https://1drv.ms/i/c/8705623eb284e7df/IQTKhiFr0T0YRZJzbYFcVbq9AVQFbUAdR0tgyDL12thMjF8?width=600&height=600
16-08-2021,771.1122437,775.5982825,752.7340639,752.8787977,7131928,20,Mahindra & Mahindra,M&M.NS,Stock,Automobile,https://1drv.ms/i/c/8705623eb284e7df/IQTKhiFr0T0YRZJzbYFcVbq9AVQFbUAdR0tgyDL12thMjF8?width=600&height=600
17-08-2021,762.7672729,775.5982286,754.4222969,771.0639652,3835522,20,Mahindra & Mahindra,M&M.NS,Stock,Automobile,https://1drv.ms/i/c/8705623eb284e7df/IQTKhiFr0T0YRZJzbYFcVbq9AVQFbUAdR0tgyDL12thMjF8?width=600&height=600
18-08-2021,763.4425659,768.893339,759.1495448,765.9026858,2450964,20,Mahindra & Mahindra,M&M.NS,Stock,Automobile,https://1drv.ms/i/c/8705623eb284e7df/IQTKhiFr0T0YRZJzbYFcVbq9AVQFbUAdR0tgyDL12thMjF8?width=600&height=600
20-08-2021,757.9436035,763.4425425,748.8750766,760.9824815,3050982,20,Mahindra & Mahindra,M&M.NS,Stock,Automobile,https://1drv.ms/i/c/8705623eb284e7df/IQTKhiFr0T0YRZJzbYFcVbq9AVQFbUAdR0tgyDL12thMjF8?width=600&height=600
23-08-2021,738.8901367,765.468559,736.7194842,762.1402133,2512960,20,Mahindra & Mahindra,M&M.NS,Stock,Automobile,https://1drv.ms/i/c/8705623eb284e7df/IQTKhiFr0T0YRZJzbYFcVbq9AVQFbUAdR0tgyDL12thMjF8?width=600&height=600
24-08-2021,750.7081299,752.3964152,734.7417278,739.9513173,1662376,20,Mahindra & Mahindra,M&M.NS,Stock,Automobile,https://1drv.ms/i/c/8705623eb284e7df/IQTKhiFr0T0YRZJzbYFcVbq9AVQFbUAdR0tgyDL12thMjF8?width=600&height=600
25-08-2021,744.8231812,755.3870346,743.3760796,753.4093409,1693443,20,Mahindra & Mahindra,M&M.NS,Stock,Automobile,https://1drv.ms/i/c/8705623eb284e7df/IQTKhiFr0T0YRZJzbYFcVbq9AVQFbUAdR0tgyDL12thMjF8?width=600&height=600
26-08-2021,753.8435059,755.2906075,740.1924901,743.8102443,2576883,20,Mahindra & Mahindra,M&M.NS,Stock,Automobile,https://1drv.ms/i/c/8705623eb284e7df/IQTKhiFr0T0YRZJzbYFcVbq9AVQFbUAdR0tgyDL12thMjF8?width=600&height=600
27-08-2021,747.8139038,757.3165142,738.021826,752.3963923,2907125,20,Mahindra & Mahindra,M&M.NS,Stock,Automobile,https://1drv.ms/i/c/8705623eb284e7df/IQTKhiFr0T0YRZJzbYFcVbq9AVQFbUAdR0tgyDL12thMjF8?width=600&height=600
30-08-2021,763.6355591,766.143904,755.3870911,756.3036007,3028708,20,Mahindra & Mahindra,M&M.NS,Stock,Automobile,https://1drv.ms/i/c/8705623eb284e7df/IQTKhiFr0T0YRZJzbYFcVbq9AVQFbUAdR0tgyDL12thMjF8?width=600&height=600
31-08-2021,765.3238525,767.7356887,753.7470388,760.2107716,3324467,20,Mahindra & Mahindra,M&M.NS,Stock,Automobile,https://1drv.ms/i/c/8705623eb284e7df/IQTKhiFr0T0YRZJzbYFcVbq9AVQFbUAdR0tgyDL12thMjF8?width=600&height=600
01-09-2021,742.7490234,774.1993407,741.7842891,765.3237726,6031309,20,Mahindra & Mahindra,M&M.NS,Stock,Automobile,https://1drv.ms/i/c/8705623eb284e7df/IQTKhiFr0T0YRZJzbYFcVbq9AVQFbUAdR0tgyDL12thMjF8?width=600&height=600
02-09-2021,725.9143677,746.8491147,723.5507568,745.5949129,4879865,20,Mahindra & Mahindra,M&M.NS,Stock,Automobile,https://1drv.ms/i/c/8705623eb284e7df/IQTKhiFr0T0YRZJzbYFcVbq9AVQFbUAdR0tgyDL12thMjF8?width=600&height=600
03-09-2021,723.4543457,730.3039363,718.8235735,729.339202,4257842,20,Mahindra & Mahindra,M&M.NS,Stock,Automobile,https://1drv.ms/i/c/8705623eb284e7df/IQTKhiFr0T0YRZJzbYFcVbq9AVQFbUAdR0tgyDL12thMjF8?width=600&height=600
06-09-2021,728.1332397,733.0051364,720.7047736,726.4449547,3682183,20,Mahindra & Mahindra,M&M.NS,Stock,Automobile,https://1drv.ms/i/c/8705623eb284e7df/IQTKhiFr0T0YRZJzbYFcVbq9AVQFbUAdR0tgyDL12thMjF8?width=600&height=600
07-09-2021,726.5414429,731.9439908,721.7177709,728.4709116,2273976,20,Mahindra & Mahindra,M&M.NS,Stock,Automobile,https://1drv.ms/i/c/8705623eb284e7df/IQTKhiFr0T0YRZJzbYFcVbq9AVQFbUAdR0tgyDL12thMjF8?width=600&height=600
08-09-2021,728.1332397,731.0756677,722.5860173,729.3391577,2380939,20,Mahindra & Mahindra,M&M.NS,Stock,Automobile,https://1drv.ms/i/c/8705623eb284e7df/IQTKhiFr0T0YRZJzbYFcVbq9AVQFbUAdR0tgyDL12thMjF8?width=600&height=600
09-09-2021,724.274353,729.8215758,721.1871912,723.5508022,3313559,20,Mahindra & Mahindra,M&M.NS,Stock,Automobile,https://1drv.ms/i/c/8705623eb284e7df/IQTKhiFr0T0YRZJzbYFcVbq9AVQFbUAdR0tgyDL12thMjF8?width=600&height=600
13-09-2021,719.2576904,726.9273404,714.24106,726.9273404,3139833,20,Mahindra & Mahindra,M&M.NS,Stock,Automobile,https://1drv.ms/i/c/8705623eb284e7df/IQTKhiFr0T0YRZJzbYFcVbq9AVQFbUAdR0tgyDL12thMjF8?width=600&height=600
14-09-2021,723.7437744,726.0108768,718.3895102,718.534185,3089381,20,Mahindra & Mahindra,M&M.NS,Stock,Automobile,https://1drv.ms/i/c/8705623eb284e7df/IQTKhiFr0T0YRZJzbYFcVbq9AVQFbUAdR0tgyDL12thMjF8?width=600&height=600
15-09-2021,728.4709473,733.1981695,720.1742547,725.4802941,3336656,20,Mahindra & Mahindra,M&M.NS,Stock,Automobile,https://1drv.ms/i/c/8705623eb284e7df/IQTKhiFr0T0YRZJzbYFcVbq9AVQFbUAdR0tgyDL12thMjF8?width=600&height=600
16-09-2021,730.2557373,734.1629,724.8531892,733.0534318,2686018,20,Mahindra & Mahindra,M&M.NS,Stock,Automobile,https://1drv.ms/i/c/8705623eb284e7df/IQTKhiFr0T0YRZJzbYFcVbq9AVQFbUAdR0tgyDL12thMjF8?width=600&height=600
17-09-2021,727.5544434,738.986522,722.7307715,731.4616058,5504398,20,Mahindra & Mahindra,M&M.NS,Stock,Automobile,https://1drv.ms/i/c/8705623eb284e7df/IQTKhiFr0T0YRZJzbYFcVbq9AVQFbUAdR0tgyDL12thMjF8?width=600&height=600
20-09-2021,712.0222168,729.8215784,706.3785441,722.9719876,2933375,20,Mahindra & Mahindra,M&M.NS,Stock,Automobile,https://1drv.ms/i/c/8705623eb284e7df/IQTKhiFr0T0YRZJzbYFcVbq9AVQFbUAdR0tgyDL12thMjF8?width=600&height=600
21-09-2021,712.4081421,714.7717532,703.8219822,713.9999185,2380834,20,Mahindra & Mahindra,M&M.NS,Stock,Automobile,https://1drv.ms/i/c/8705623eb284e7df/IQTKhiFr0T0YRZJzbYFcVbq9AVQFbUAdR0tgyDL12thMjF8?width=600&height=600
22-09-2021,725.9626465,732.2334202,712.4081397,712.842282,2287017,20,Mahindra & Mahindra,M&M.NS,Stock,Automobile,https://1drv.ms/i/c/8705623eb284e7df/IQTKhiFr0T0YRZJzbYFcVbq9AVQFbUAdR0tgyDL12thMjF8?width=600&height=600
23-09-2021,731.7028198,735.1276152,726.2038219,729.821576,1890322,20,Mahindra & Mahindra,M&M.NS,Stock,Automobile,https://1drv.ms/i/c/8705623eb284e7df/IQTKhiFr0T0YRZJzbYFcVbq9AVQFbUAdR0tgyDL12thMjF8?width=600&height=600
24-09-2021,751.9622803,754.4705663,726.0109,732.7158162,4967824,20,Mahindra & Mahindra,M&M.NS,Stock,Automobile,https://1drv.ms/i/c/8705623eb284e7df/IQTKhiFr0T0YRZJzbYFcVbq9AVQFbUAdR0tgyDL12thMjF8?width=600&height=600
27-09-2021,782.7371826,785.0525686,755.4352126,761.6577609,9210666,20,Mahindra & Mahindra,M&M.NS,Stock,Automobile,https://1drv.ms/i/c/8705623eb284e7df/IQTKhiFr0T0YRZJzbYFcVbq9AVQFbUAdR0tgyDL12thMjF8?width=600&height=600
28-09-2021,777.6241455,793.0116708,768.1697602,791.0822021,3853344,20,Mahindra & Mahindra,M&M.NS,Stock,Automobile,https://1drv.ms/i/c/8705623eb284e7df/IQTKhiFr0T0YRZJzbYFcVbq9AVQFbUAdR0tgyDL12thMjF8?width=600&height=600
29-09-2021,783.4608154,786.9338947,770.8228178,771.7875523,2291977,20,Mahindra & Mahindra,M&M.NS,Stock,Automobile,https://1drv.ms/i/c/8705623eb284e7df/IQTKhiFr0T0YRZJzbYFcVbq9AVQFbUAdR0tgyDL12thMjF8?width=600&height=600
30-09-2021,774.7299805,788.573955,773.0416952,779.5536527,3264689,20,Mahindra & Mahindra,M&M.NS,Stock,Automobile,https://1drv.ms/i/c/8705623eb284e7df/IQTKhiFr0T0YRZJzbYFcVbq9AVQFbUAdR0tgyDL12thMjF8?width=600&height=600
01-10-2021,798.6553345,801.6942713,759.2459585,771.7875055,7704216,20,Mahindra & Mahindra,M&M.NS,Stock,Automobile,https://1drv.ms/i/c/8705623eb284e7df/IQTKhiFr0T0YRZJzbYFcVbq9AVQFbUAdR0tgyDL12thMjF8?width=600&height=600
04-10-2021,811.4864502,821.953796,798.8966178,803.1414732,6544700,20,Mahindra & Mahindra,M&M.NS,Stock,Automobile,https://1drv.ms/i/c/8705623eb284e7df/IQTKhiFr0T0YRZJzbYFcVbq9AVQFbUAdR0tgyDL12thMjF8?width=600&height=600
05-10-2021,813.3193359,816.1653142,805.6014606,811.4863759,2647442,20,Mahindra & Mahindra,M&M.NS,Stock,Automobile,https://1drv.ms/i/c/8705623eb284e7df/IQTKhiFr0T0YRZJzbYFcVbq9AVQFbUAdR0tgyDL12thMjF8?width=600&height=600
06-10-2021,804.6848755,824.7513965,799.764754,816.1652375,3288323,20,Mahindra & Mahindra,M&M.NS,Stock,Automobile,https://1drv.ms/i/c/8705623eb284e7df/IQTKhiFr0T0YRZJzbYFcVbq9AVQFbUAdR0tgyDL12thMjF8?width=600&height=600
07-10-2021,847.2780151,856.4912172,807.6274535,810.0875145,9515673,20,Mahindra & Mahindra,M&M.NS,Stock,Automobile,https://1drv.ms/i/c/8705623eb284e7df/IQTKhiFr0T0YRZJzbYFcVbq9AVQFbUAdR0tgyDL12thMjF8?width=600&height=600
08-10-2021,846.8438721,863.4373161,841.7790163,862.1831731,3938358,20,Mahindra & Mahindra,M&M.NS,Stock,Automobile,https://1drv.ms/i/c/8705623eb284e7df/IQTKhiFr0T0YRZJzbYFcVbq9AVQFbUAdR0tgyDL12thMjF8?width=600&height=600
11-10-2021,864.0161133,870.6728043,848.0015456,848.0015456,5493159,20,Mahindra & Mahindra,M&M.NS,Stock,Automobile,https://1drv.ms/i/c/8705623eb284e7df/IQTKhiFr0T0YRZJzbYFcVbq9AVQFbUAdR0tgyDL12thMjF8?width=600&height=600
12-10-2021,858.710083,863.0996717,846.0720857,856.6841643,3433345,20,Mahindra & Mahindra,M&M.NS,Stock,Automobile,https://1drv.ms/i/c/8705623eb284e7df/IQTKhiFr0T0YRZJzbYFcVbq9AVQFbUAdR0tgyDL12thMjF8?width=600&height=600
13-10-2021,902.3643188,936.9018583,861.5078396,861.5078396,17519612,20,Mahindra & Mahindra,M&M.NS,Stock,Automobile,https://1drv.ms/i/c/8705623eb284e7df/IQTKhiFr0T0YRZJzbYFcVbq9AVQFbUAdR0tgyDL12thMjF8?width=600&height=600
14-10-2021,898.5537109,912.8799943,889.678142,905.4033021,3354982,20,Mahindra & Mahindra,M&M.NS,Stock,Automobile,https://1drv.ms/i/c/8705623eb284e7df/IQTKhiFr0T0YRZJzbYFcVbq9AVQFbUAdR0tgyDL12thMjF8?width=600&height=600
18-10-2021,878.8248291,924.2155717,876.2682593,924.2155717,2885649,20,Mahindra & Mahindra,M&M.NS,Stock,Automobile,https://1drv.ms/i/c/8705623eb284e7df/IQTKhiFr0T0YRZJzbYFcVbq9AVQFbUAdR0tgyDL12thMjF8?width=600&height=600
19-10-2021,885.1438599,894.8876543,869.4187001,878.8730859,3476818,20,Mahindra & Mahindra,M&M.NS,Stock,Automobile,https://1drv.ms/i/c/8705623eb284e7df/IQTKhiFr0T0YRZJzbYFcVbq9AVQFbUAdR0tgyDL12thMjF8?width=600&height=600
20-10-2021,867.6339111,892.2829236,863.0997063,880.80256,3551282,20,Mahindra & Mahindra,M&M.NS,Stock,Automobile,https://1drv.ms/i/c/8705623eb284e7df/IQTKhiFr0T0YRZJzbYFcVbq9AVQFbUAdR0tgyDL12thMjF8?width=600&height=600
21-10-2021,865.3667603,878.9694918,861.89374,876.2682472,2614538,20,Mahindra & Mahindra,M&M.NS,Stock,Automobile,https://1drv.ms/i/c/8705623eb284e7df/IQTKhiFr0T0YRZJzbYFcVbq9AVQFbUAdR0tgyDL12thMjF8?width=600&height=600
22-10-2021,856.5394287,877.7153609,853.8864091,872.1199131,1999394,20,Mahindra & Mahindra,M&M.NS,Stock,Automobile,https://1drv.ms/i/c/8705623eb284e7df/IQTKhiFr0T0YRZJzbYFcVbq9AVQFbUAdR0tgyDL12thMjF8?width=600&height=600
25-10-2021,859.2888794,873.952853,851.8604133,851.8604133,2833933,20,Mahindra & Mahindra,M&M.NS,Stock,Automobile,https://1drv.ms/i/c/8705623eb284e7df/IQTKhiFr0T0YRZJzbYFcVbq9AVQFbUAdR0tgyDL12thMjF8?width=600&height=600
26-10-2021,863.0031738,868.2609883,852.8252374,861.8937646,3410657,20,Mahindra & Mahindra,M&M.NS,Stock,Automobile,https://1drv.ms/i/c/8705623eb284e7df/IQTKhiFr0T0YRZJzbYFcVbq9AVQFbUAdR0tgyDL12thMjF8?width=600&height=600
27-10-2021,855.5264893,871.9269747,852.3428774,868.2609956,3362019,20,Mahindra & Mahindra,M&M.NS,Stock,Automobile,https://1drv.ms/i/c/8705623eb284e7df/IQTKhiFr0T0YRZJzbYFcVbq9AVQFbUAdR0tgyDL12thMjF8?width=600&height=600
28-10-2021,852.680481,864.4020275,846.9403583,855.7194179,2171227,20,Mahindra & Mahindra,M&M.NS,Stock,Automobile,https://1drv.ms/i/c/8705623eb284e7df/IQTKhiFr0T0YRZJzbYFcVbq9AVQFbUAdR0tgyDL12thMjF8?width=600&height=600
29-10-2021,853.0664673,869.7081371,831.601125,852.3429164,2482056,20,Mahindra & Mahindra,M&M.NS,Stock,Automobile,https://1drv.ms/i/c/8705623eb284e7df/IQTKhiFr0T0YRZJzbYFcVbq9AVQFbUAdR0tgyDL12thMjF8?width=600&height=600
01-11-2021,839.6565552,856.5876909,830.0574951,853.0663868,4146270,20,Mahindra & Mahindra,M&M.NS,Stock,Automobile,https://1drv.ms/i/c/8705623eb284e7df/IQTKhiFr0T0YRZJzbYFcVbq9AVQFbUAdR0tgyDL12thMjF8?width=600&height=600
02-11-2021,831.1186523,848.2909122,828.7068164,844.1425662,3704926,20,Mahindra & Mahindra,M&M.NS,Stock,Automobile,https://1drv.ms/i/c/8705623eb284e7df/IQTKhiFr0T0YRZJzbYFcVbq9AVQFbUAdR0tgyDL12thMjF8?width=600&height=600
03-11-2021,819.0595093,839.2224819,813.2711029,833.5305253,3288759,20,Mahindra & Mahindra,M&M.NS,Stock,Automobile,https://1drv.ms/i/c/8705623eb284e7df/IQTKhiFr0T0YRZJzbYFcVbq9AVQFbUAdR0tgyDL12thMjF8?width=600&height=600
04-11-2021,842.0683594,844.1425618,822.918406,825.5714254,973315,20,Mahindra & Mahindra,M&M.NS,Stock,Automobile,https://1drv.ms/i/c/8705623eb284e7df/IQTKhiFr0T0YRZJzbYFcVbq9AVQFbUAdR0tgyDL12thMjF8?width=600&height=600
08-11-2021,829.18927,847.2780412,824.172639,847.0368576,4481883,20,Mahindra & Mahindra,M&M.NS,Stock,Automobile,https://1drv.ms/i/c/8705623eb284e7df/IQTKhiFr0T0YRZJzbYFcVbq9AVQFbUAdR0tgyDL12thMjF8?width=600&height=600
09-11-2021,860.6878052,873.4705358,832.179857,833.5305087,15376349,20,Mahindra & Mahindra,M&M.NS,Stock,Automobile,https://1drv.ms/i/c/8705623eb284e7df/IQTKhiFr0T0YRZJzbYFcVbq9AVQFbUAdR0tgyDL12thMjF8?width=600&height=600
10-11-2021,887.2180176,892.3793231,863.437291,873.9529195,17083220,20,Mahindra & Mahindra,M&M.NS,Stock,Automobile,https://1drv.ms/i/c/8705623eb284e7df/IQTKhiFr0T0YRZJzbYFcVbq9AVQFbUAdR0tgyDL12thMjF8?width=600&height=600
11-11-2021,892.1381226,896.045285,878.8730248,886.5426749,4935551,20,Mahindra & Mahindra,M&M.NS,Stock,Automobile,https://1drv.ms/i/c/8705623eb284e7df/IQTKhiFr0T0YRZJzbYFcVbq9AVQFbUAdR0tgyDL12thMjF8?width=600&height=600
12-11-2021,904.7279053,906.3679655,892.3793168,901.0619263,6239600,20,Mahindra & Mahindra,M&M.NS,Stock,Automobile,https://1drv.ms/i/c/8705623eb284e7df/IQTKhiFr0T0YRZJzbYFcVbq9AVQFbUAdR0tgyDL12thMjF8?width=600&height=600
15-11-2021,895.6594849,915.0988487,888.6168763,902.0267087,3757546,20,Mahindra & Mahindra,M&M.NS,Stock,Automobile,https://1drv.ms/i/c/8705623eb284e7df/IQTKhiFr0T0YRZJzbYFcVbq9AVQFbUAdR0tgyDL12thMjF8?width=600&height=600
16-11-2021,926.4344482,931.8852212,892.9099273,895.6594557,7368780,20,Mahindra & Mahindra,M&M.NS,Stock,Automobile,https://1drv.ms/i/c/8705623eb284e7df/IQTKhiFr0T0YRZJzbYFcVbq9AVQFbUAdR0tgyDL12thMjF8?width=600&height=600
17-11-2021,920.7908325,944.4750521,913.8447325,926.0968721,5416608,20,Mahindra & Mahindra,M&M.NS,Stock,Automobile,https://1drv.ms/i/c/8705623eb284e7df/IQTKhiFr0T0YRZJzbYFcVbq9AVQFbUAdR0tgyDL12thMjF8?width=600&height=600
18-11-2021,891.1251831,921.3213583,885.8191439,921.3213583,3463426,20,Mahindra & Mahindra,M&M.NS,Stock,Automobile,https://1drv.ms/i/c/8705623eb284e7df/IQTKhiFr0T0YRZJzbYFcVbq9AVQFbUAdR0tgyDL12thMjF8?width=600&height=600
22-11-2021,869.0809326,897.4441466,862.1831172,893.7299428,3731367,20,Mahindra & Mahindra,M&M.NS,Stock,Automobile,https://1drv.ms/i/c/8705623eb284e7df/IQTKhiFr0T0YRZJzbYFcVbq9AVQFbUAdR0tgyDL12thMjF8?width=600&height=600
23-11-2021,869.5633545,876.4612292,862.0866627,866.186784,3195288,20,Mahindra & Mahindra,M&M.NS,Stock,Automobile,https://1drv.ms/i/c/8705623eb284e7df/IQTKhiFr0T0YRZJzbYFcVbq9AVQFbUAdR0tgyDL12thMjF8?width=600&height=600
24-11-2021,861.7008057,875.6894549,858.6136437,875.6894549,2708554,20,Mahindra & Mahindra,M&M.NS,Stock,Automobile,https://1drv.ms/i/c/8705623eb284e7df/IQTKhiFr0T0YRZJzbYFcVbq9AVQFbUAdR0tgyDL12thMjF8?width=600&height=600
25-11-2021,859.7713013,867.1997679,852.3428347,859.4818927,2288825,20,Mahindra & Mahindra,M&M.NS,Stock,Automobile,https://1drv.ms/i/c/8705623eb284e7df/IQTKhiFr0T0YRZJzbYFcVbq9AVQFbUAdR0tgyDL12thMjF8?width=600&height=600
26-11-2021,823.6419678,853.7899168,813.2710733,853.7899168,3934155,20,Mahindra & Mahindra,M&M.NS,Stock,Automobile,https://1drv.ms/i/c/8705623eb284e7df/IQTKhiFr0T0YRZJzbYFcVbq9AVQFbUAdR0tgyDL12thMjF8?width=600&height=600
29-11-2021,820.7960205,837.1965054,799.1377213,815.3935314,3936245,20,Mahindra & Mahindra,M&M.NS,Stock,Automobile,https://1drv.ms/i/c/8705623eb284e7df/IQTKhiFr0T0YRZJzbYFcVbq9AVQFbUAdR0tgyDL12thMjF8?width=600&height=600
30-11-2021,806.0356445,830.4434147,799.3307282,820.7960701,6067618,20,Mahindra & Mahindra,M&M.NS,Stock,Automobile,https://1drv.ms/i/c/8705623eb284e7df/IQTKhiFr0T0YRZJzbYFcVbq9AVQFbUAdR0tgyDL12thMjF8?width=600&height=600
01-12-2021,805.263855,812.9817306,794.2176338,806.517998,5121634,20,Mahindra & Mahindra,M&M.NS,Stock,Automobile,https://1drv.ms/i/c/8705623eb284e7df/IQTKhiFr0T0YRZJzbYFcVbq9AVQFbUAdR0tgyDL12thMjF8?width=600&height=600
02-12-2021,819.5900879,829.6233491,805.6014393,806.3249901,4677008,20,Mahindra & Mahindra,M&M.NS,Stock,Automobile,https://1drv.ms/i/c/8705623eb284e7df/IQTKhiFr0T0YRZJzbYFcVbq9AVQFbUAdR0tgyDL12thMjF8?width=600&height=600
03-12-2021,807.4344482,825.426709,804.5402451,819.0112608,2933597,20,Mahindra & Mahindra,M&M.NS,Stock,Automobile,https://1drv.ms/i/c/8705623eb284e7df/IQTKhiFr0T0YRZJzbYFcVbq9AVQFbUAdR0tgyDL12thMjF8?width=600&height=600
06-12-2021,793.1564331,810.9557362,791.1304555,808.4474502,1552749,20,Mahindra & Mahindra,M&M.NS,Stock,Automobile,https://1drv.ms/i/c/8705623eb284e7df/IQTKhiFr0T0YRZJzbYFcVbq9AVQFbUAdR0tgyDL12thMjF8?width=600&height=600
07-12-2021,796.8223877,804.2508543,793.4940422,797.3529798,1976433,20,Mahindra & Mahindra,M&M.NS,Stock,Automobile,https://1drv.ms/i/c/8705623eb284e7df/IQTKhiFr0T0YRZJzbYFcVbq9AVQFbUAdR0tgyDL12thMjF8?width=600&height=600
08-12-2021,811.1004639,813.9464422,797.7871406,805.0708737,2346456,20,Mahindra & Mahindra,M&M.NS,Stock,Automobile,https://1drv.ms/i/c/8705623eb284e7df/IQTKhiFr0T0YRZJzbYFcVbq9AVQFbUAdR0tgyDL12thMjF8?width=600&height=600
09-12-2021,821.0854492,827.1633232,806.5179829,827.1633232,4078098,20,Mahindra & Mahindra,M&M.NS,Stock,Automobile,https://1drv.ms/i/c/8705623eb284e7df/IQTKhiFr0T0YRZJzbYFcVbq9AVQFbUAdR0tgyDL12thMjF8?width=600&height=600
10-12-2021,829.3822021,837.9683033,820.1207163,820.1207163,3434165,20,Mahindra & Mahindra,M&M.NS,Stock,Automobile,https://1drv.ms/i/c/8705623eb284e7df/IQTKhiFr0T0YRZJzbYFcVbq9AVQFbUAdR0tgyDL12thMjF8?width=600&height=600
13-12-2021,813.3674927,838.3059105,810.0874313,838.3059105,2683048,20,Mahindra & Mahindra,M&M.NS,Stock,Automobile,https://1drv.ms/i/c/8705623eb284e7df/IQTKhiFr0T0YRZJzbYFcVbq9AVQFbUAdR0tgyDL12thMjF8?width=600&height=600
14-12-2021,807.3379517,812.2581324,796.8706071,810.3768885,1979863,20,Mahindra & Mahindra,M&M.NS,Stock,Automobile,https://1drv.ms/i/c/8705623eb284e7df/IQTKhiFr0T0YRZJzbYFcVbq9AVQFbUAdR0tgyDL12thMjF8?width=600&height=600
15-12-2021,816.3582764,823.5937845,808.640401,814.2358489,3208613,20,Mahindra & Mahindra,M&M.NS,Stock,Automobile,https://1drv.ms/i/c/8705623eb284e7df/IQTKhiFr0T0YRZJzbYFcVbq9AVQFbUAdR0tgyDL12thMjF8?width=600&height=600
16-12-2021,823.2078857,831.8422708,816.3582948,822.8220273,3965285,20,Mahindra & Mahindra,M&M.NS,Stock,Automobile,https://1drv.ms/i/c/8705623eb284e7df/IQTKhiFr0T0YRZJzbYFcVbq9AVQFbUAdR0tgyDL12thMjF8?width=600&height=600
17-12-2021,805.1672974,822.1948829,800.7295427,818.0947617,2675800,20,Mahindra & Mahindra,M&M.NS,Stock,Automobile,https://1drv.ms/i/c/8705623eb284e7df/IQTKhiFr0T0YRZJzbYFcVbq9AVQFbUAdR0tgyDL12thMjF8?width=600&height=600
20-12-2021,785.583252,800.7295946,768.8933577,796.8706568,2907378,20,Mahindra & Mahindra,M&M.NS,Stock,Automobile,https://1drv.ms/i/c/8705623eb284e7df/IQTKhiFr0T0YRZJzbYFcVbq9AVQFbUAdR0tgyDL12thMjF8?width=600&height=600
21-12-2021,783.557312,797.8353697,779.0230484,793.3976149,1973119,20,Mahindra & Mahindra,M&M.NS,Stock,Automobile,https://1drv.ms/i/c/8705623eb284e7df/IQTKhiFr0T0YRZJzbYFcVbq9AVQFbUAdR0tgyDL12thMjF8?width=600&height=600
22-12-2021,789.828064,798.0283064,782.3995973,789.9245139,1979912,20,Mahindra & Mahindra,M&M.NS,Stock,Automobile,https://1drv.ms/i/c/8705623eb284e7df/IQTKhiFr0T0YRZJzbYFcVbq9AVQFbUAdR0tgyDL12thMjF8?width=600&height=600
23-12-2021,797.6906738,804.3955902,793.735286,795.8094887,1495208,20,Mahindra & Mahindra,M&M.NS,Stock,Automobile,https://1drv.ms/i/c/8705623eb284e7df/IQTKhiFr0T0YRZJzbYFcVbq9AVQFbUAdR0tgyDL12thMjF8?width=600&height=600
24-12-2021,783.9914551,802.7072676,779.5054164,801.6943082,1071730,20,Mahindra & Mahindra,M&M.NS,Stock,Automobile,https://1drv.ms/i/c/8705623eb284e7df/IQTKhiFr0T0YRZJzbYFcVbq9AVQFbUAdR0tgyDL12thMjF8?width=600&height=600
27-12-2021,789.6833496,794.1211633,778.4924539,779.5054132,1492196,20,Mahindra & Mahindra,M&M.NS,Stock,Automobile,https://1drv.ms/i/c/8705623eb284e7df/IQTKhiFr0T0YRZJzbYFcVbq9AVQFbUAdR0tgyDL12thMjF8?width=600&height=600
28-12-2021,809.1228027,810.3769458,790.1657471,794.9411944,1677680,20,Mahindra & Mahindra,M&M.NS,Stock,Automobile,https://1drv.ms/i/c/8705623eb284e7df/IQTKhiFr0T0YRZJzbYFcVbq9AVQFbUAdR0tgyDL12thMjF8?width=600&height=600
29-12-2021,803.3343506,813.7052454,801.5495566,813.7052454,1575343,20,Mahindra & Mahindra,M&M.NS,Stock,Automobile,https://1drv.ms/i/c/8705623eb284e7df/IQTKhiFr0T0YRZJzbYFcVbq9AVQFbUAdR0tgyDL12thMjF8?width=600&height=600
30-12-2021,800.0542603,813.2711339,797.9801165,813.2711339,1874659,20,Mahindra & Mahindra,M&M.NS,Stock,Automobile,https://1drv.ms/i/c/8705623eb284e7df/IQTKhiFr0T0YRZJzbYFcVbq9AVQFbUAdR0tgyDL12thMjF8?width=600&height=600
31-12-2021,807.6274414,815.200583,800.9225254,805.3602802,1528983,20,Mahindra & Mahindra,M&M.NS,Stock,Automobile,https://1drv.ms/i/c/8705623eb284e7df/IQTKhiFr0T0YRZJzbYFcVbq9AVQFbUAdR0tgyDL12thMjF8?width=600&height=600
03-01-2022,800.5365601,810.3768623,797.1599898,805.5531905,1537088,20,Mahindra & Mahindra,M&M.NS,Stock,Automobile,https://1drv.ms/i/c/8705623eb284e7df/IQTKhiFr0T0YRZJzbYFcVbq9AVQFbUAdR0tgyDL12thMjF8?width=600&height=600
04-01-2022,802.5142822,812.3063599,796.5329761,808.3991974,1886453,20,Mahindra & Mahindra,M&M.NS,Stock,Automobile,https://1drv.ms/i/c/8705623eb284e7df/IQTKhiFr0T0YRZJzbYFcVbq9AVQFbUAdR0tgyDL12thMjF8?width=600&height=600
05-01-2022,809.8945313,817.1300393,800.7295544,800.7295544,2634010,20,Mahindra & Mahindra,M&M.NS,Stock,Automobile,https://1drv.ms/i/c/8705623eb284e7df/IQTKhiFr0T0YRZJzbYFcVbq9AVQFbUAdR0tgyDL12thMjF8?width=600&height=600
06-01-2022,810.2321777,812.5475639,798.3177312,809.412177,2962301,20,Mahindra & Mahindra,M&M.NS,Stock,Automobile,https://1drv.ms/i/c/8705623eb284e7df/IQTKhiFr0T0YRZJzbYFcVbq9AVQFbUAdR0tgyDL12thMjF8?width=600&height=600
07-01-2022,799.7648315,819.7830707,793.4940578,811.3416445,2531717,20,Mahindra & Mahindra,M&M.NS,Stock,Automobile,https://1drv.ms/i/c/8705623eb284e7df/IQTKhiFr0T0YRZJzbYFcVbq9AVQFbUAdR0tgyDL12thMjF8?width=600&height=600
10-01-2022,812.2581177,816.8888309,800.4401216,806.4697114,3403434,20,Mahindra & Mahindra,M&M.NS,Stock,Automobile,https://1drv.ms/i/c/8705623eb284e7df/IQTKhiFr0T0YRZJzbYFcVbq9AVQFbUAdR0tgyDL12thMjF8?width=600&height=600
11-01-2022,811.7275391,818.8183133,806.0838076,812.3063561,2117911,20,Mahindra & Mahindra,M&M.NS,Stock,Automobile,https://1drv.ms/i/c/8705623eb284e7df/IQTKhiFr0T0YRZJzbYFcVbq9AVQFbUAdR0tgyDL12thMjF8?width=600&height=600
12-01-2022,849.4969482,853.0182527,812.7888125,816.937159,9022415,20,Mahindra & Mahindra,M&M.NS,Stock,Automobile,https://1drv.ms/i/c/8705623eb284e7df/IQTKhiFr0T0YRZJzbYFcVbq9AVQFbUAdR0tgyDL12thMjF8?width=600&height=600
13-01-2022,864.4019775,877.4258913,837.3894157,849.4968201,5658001,20,Mahindra & Mahindra,M&M.NS,Stock,Automobile,https://1drv.ms/i/c/8705623eb284e7df/IQTKhiFr0T0YRZJzbYFcVbq9AVQFbUAdR0tgyDL12thMjF8?width=600&height=600
14-01-2022,850.1239624,864.3537948,848.6286359,858.4206547,2027852,20,Mahindra & Mahindra,M&M.NS,Stock,Automobile,https://1drv.ms/i/c/8705623eb284e7df/IQTKhiFr0T0YRZJzbYFcVbq9AVQFbUAdR0tgyDL12thMjF8?width=600&height=600
17-01-2022,869.0327148,872.1198766,851.5228212,853.0181477,3617269,20,Mahindra & Mahindra,M&M.NS,Stock,Automobile,https://1drv.ms/i/c/8705623eb284e7df/IQTKhiFr0T0YRZJzbYFcVbq9AVQFbUAdR0tgyDL12thMjF8?width=600&height=600
18-01-2022,860.6878052,878.0047403,856.9735425,870.1904153,3468168,20,Mahindra & Mahindra,M&M.NS,Stock,Automobile,https://1drv.ms/i/c/8705623eb284e7df/IQTKhiFr0T0YRZJzbYFcVbq9AVQFbUAdR0tgyDL12thMjF8?width=600&height=600
19-01-2022,862.8584595,876.895333,849.7380365,876.895333,4215758,20,Mahindra & Mahindra,M&M.NS,Stock,Automobile,https://1drv.ms/i/c/8705623eb284e7df/IQTKhiFr0T0YRZJzbYFcVbq9AVQFbUAdR0tgyDL12thMjF8?width=600&height=600
20-01-2022,849.4486694,865.9456047,842.0684275,864.4020532,2486026,20,Mahindra & Mahindra,M&M.NS,Stock,Automobile,https://1drv.ms/i/c/8705623eb284e7df/IQTKhiFr0T0YRZJzbYFcVbq9AVQFbUAdR0tgyDL12thMjF8?width=600&height=600
21-01-2022,844.3355713,853.6935069,834.6882271,844.9143884,1872843,20,Mahindra & Mahindra,M&M.NS,Stock,Automobile,https://1drv.ms/i/c/8705623eb284e7df/IQTKhiFr0T0YRZJzbYFcVbq9AVQFbUAdR0tgyDL12thMjF8?width=600&height=600
24-01-2022,824.5584717,847.374404,818.1429646,840.4765887,3386669,20,Mahindra & Mahindra,M&M.NS,Stock,Automobile,https://1drv.ms/i/c/8705623eb284e7df/IQTKhiFr0T0YRZJzbYFcVbq9AVQFbUAdR0tgyDL12thMjF8?width=600&height=600
25-01-2022,824.3655396,827.9832935,815.4417464,816.2617471,4742388,20,Mahindra & Mahindra,M&M.NS,Stock,Automobile,https://1drv.ms/i/c/8705623eb284e7df/IQTKhiFr0T0YRZJzbYFcVbq9AVQFbUAdR0tgyDL12thMjF8?width=600&height=600
27-01-2022,827.7904053,832.421119,811.5346529,815.7794493,2927566,20,Mahindra & Mahindra,M&M.NS,Stock,Automobile,https://1drv.ms/i/c/8705623eb284e7df/IQTKhiFr0T0YRZJzbYFcVbq9AVQFbUAdR0tgyDL12thMjF8?width=600&height=600
28-01-2022,838.9812622,864.4019891,830.0574694,833.9164068,4208702,20,Mahindra & Mahindra,M&M.NS,Stock,Automobile,https://1drv.ms/i/c/8705623eb284e7df/IQTKhiFr0T0YRZJzbYFcVbq9AVQFbUAdR0tgyDL12thMjF8?width=600&height=600
31-01-2022,854.5616455,857.5040734,841.3447736,847.9050141,2335040,20,Mahindra & Mahindra,M&M.NS,Stock,Automobile,https://1drv.ms/i/c/8705623eb284e7df/IQTKhiFr0T0YRZJzbYFcVbq9AVQFbUAdR0tgyDL12thMjF8?width=600&height=600
01-02-2022,839.029541,863.1479016,833.7235017,860.5431069,2921070,20,Mahindra & Mahindra,M&M.NS,Stock,Automobile,https://1drv.ms/i/c/8705623eb284e7df/IQTKhiFr0T0YRZJzbYFcVbq9AVQFbUAdR0tgyDL12thMjF8?width=600&height=600
02-02-2022,838.6918335,849.255687,834.6399961,844.8179323,1341479,20,Mahindra & Mahindra,M&M.NS,Stock,Automobile,https://1drv.ms/i/c/8705623eb284e7df/IQTKhiFr0T0YRZJzbYFcVbq9AVQFbUAdR0tgyDL12thMjF8?width=600&height=600
03-02-2022,826.0055542,851.2816057,822.0983919,837.3894076,2630289,20,Mahindra & Mahindra,M&M.NS,Stock,Automobile,https://1drv.ms/i/c/8705623eb284e7df/IQTKhiFr0T0YRZJzbYFcVbq9AVQFbUAdR0tgyDL12thMjF8?width=600&height=600
04-02-2022,812.0170288,831.02231,806.6627642,831.02231,2080640,20,Mahindra & Mahindra,M&M.NS,Stock,Automobile,https://1drv.ms/i/c/8705623eb284e7df/IQTKhiFr0T0YRZJzbYFcVbq9AVQFbUAdR0tgyDL12thMjF8?width=600&height=600
07-02-2022,800.2471924,814.9111672,793.204643,811.3416381,1801701,20,Mahindra & Mahindra,M&M.NS,Stock,Automobile,https://1drv.ms/i/c/8705623eb284e7df/IQTKhiFr0T0YRZJzbYFcVbq9AVQFbUAdR0tgyDL12thMjF8?width=600&height=600
08-02-2022,802.7072754,808.1580485,788.3327676,800.7295816,2729631,20,Mahindra & Mahindra,M&M.NS,Stock,Automobile,https://1drv.ms/i/c/8705623eb284e7df/IQTKhiFr0T0YRZJzbYFcVbq9AVQFbUAdR0tgyDL12thMjF8?width=600&height=600
09-02-2022,810.5698853,816.1171083,803.7685193,808.4474577,2165223,20,Mahindra & Mahindra,M&M.NS,Stock,Automobile,https://1drv.ms/i/c/8705623eb284e7df/IQTKhiFr0T0YRZJzbYFcVbq9AVQFbUAdR0tgyDL12thMjF8?width=600&height=600
10-02-2022,822.9666748,827.5009383,800.8742922,814.2358402,6949276,20,Mahindra & Mahindra,M&M.NS,Stock,Automobile,https://1drv.ms/i/c/8705623eb284e7df/IQTKhiFr0T0YRZJzbYFcVbq9AVQFbUAdR0tgyDL12thMjF8?width=600&height=600
11-02-2022,823.5455322,831.5528159,806.1320295,822.9184313,5146850,20,Mahindra & Mahindra,M&M.NS,Stock,Automobile,https://1drv.ms/i/c/8705623eb284e7df/IQTKhiFr0T0YRZJzbYFcVbq9AVQFbUAdR0tgyDL12thMjF8?width=600&height=600
14-02-2022,795.9541626,815.5865444,753.1682124,812.06524,4202165,20,Mahindra & Mahindra,M&M.NS,Stock,Automobile,https://1drv.ms/i/c/8705623eb284e7df/IQTKhiFr0T0YRZJzbYFcVbq9AVQFbUAdR0tgyDL12thMjF8?width=600&height=600
15-02-2022,824.4619141,827.7420343,791.4680479,798.8000051,2728328,20,Mahindra & Mahindra,M&M.NS,Stock,Automobile,https://1drv.ms/i/c/8705623eb284e7df/IQTKhiFr0T0YRZJzbYFcVbq9AVQFbUAdR0tgyDL12thMjF8?width=600&height=600
16-02-2022,833.7716675,847.5191321,824.4619574,824.4619574,4401342,20,Mahindra & Mahindra,M&M.NS,Stock,Automobile,https://1drv.ms/i/c/8705623eb284e7df/IQTKhiFr0T0YRZJzbYFcVbq9AVQFbUAdR0tgyDL12thMjF8?width=600&height=600
17-02-2022,831.8422241,846.3614649,828.7068374,841.2483844,2041741,20,Mahindra & Mahindra,M&M.NS,Stock,Automobile,https://1drv.ms/i/c/8705623eb284e7df/IQTKhiFr0T0YRZJzbYFcVbq9AVQFbUAdR0tgyDL12thMjF8?width=600&height=600
18-02-2022,821.9537354,839.0777715,817.2747969,826.9703662,1616856,20,Mahindra & Mahindra,M&M.NS,Stock,Automobile,https://1drv.ms/i/c/8705623eb284e7df/IQTKhiFr0T0YRZJzbYFcVbq9AVQFbUAdR0tgyDL12thMjF8?width=600&height=600
21-02-2022,811.4380493,820.5065759,802.6589902,815.3934955,2255753,20,Mahindra & Mahindra,M&M.NS,Stock,Automobile,https://1drv.ms/i/c/8705623eb284e7df/IQTKhiFr0T0YRZJzbYFcVbq9AVQFbUAdR0tgyDL12thMjF8?width=600&height=600
22-02-2022,823.159668,825.8126877,794.3140844,797.8353887,2768989,20,Mahindra & Mahindra,M&M.NS,Stock,Automobile,https://1drv.ms/i/c/8705623eb284e7df/IQTKhiFr0T0YRZJzbYFcVbq9AVQFbUAdR0tgyDL12thMjF8?width=600&height=600
23-02-2022,820.3136597,839.0295308,815.8759049,825.8126576,2265060,20,Mahindra & Mahindra,M&M.NS,Stock,Automobile,https://1drv.ms/i/c/8705623eb284e7df/IQTKhiFr0T0YRZJzbYFcVbq9AVQFbUAdR0tgyDL12thMjF8?width=600&height=600
24-02-2022,767.7355957,802.5625416,762.6225153,789.2491603,5677898,20,Mahindra & Mahindra,M&M.NS,Stock,Automobile,https://1drv.ms/i/c/8705623eb284e7df/IQTKhiFr0T0YRZJzbYFcVbq9AVQFbUAdR0tgyDL12thMjF8?width=600&height=600
25-02-2022,779.1195068,795.9059096,773.7170175,784.0396878,3470318,20,Mahindra & Mahindra,M&M.NS,Stock,Automobile,https://1drv.ms/i/c/8705623eb284e7df/IQTKhiFr0T0YRZJzbYFcVbq9AVQFbUAdR0tgyDL12thMjF8?width=600&height=600
28-02-2022,762.9602051,778.5406898,759.0048174,778.5406898,5026913,20,Mahindra & Mahindra,M&M.NS,Stock,Automobile,https://1drv.ms/i/c/8705623eb284e7df/IQTKhiFr0T0YRZJzbYFcVbq9AVQFbUAdR0tgyDL12thMjF8?width=600&height=600
02-03-2022,750.9009399,782.1583557,741.8806975,757.7988139,5779175,20,Mahindra & Mahindra,M&M.NS,Stock,Automobile,https://1drv.ms/i/c/8705623eb284e7df/IQTKhiFr0T0YRZJzbYFcVbq9AVQFbUAdR0tgyDL12thMjF8?width=600&height=600
03-03-2022,735.1759033,765.1791812,733.2464343,764.069713,2763929,20,Mahindra & Mahindra,M&M.NS,Stock,Automobile,https://1drv.ms/i/c/8705623eb284e7df/IQTKhiFr0T0YRZJzbYFcVbq9AVQFbUAdR0tgyDL12thMjF8?width=600&height=600
04-03-2022,706.4749146,729.3391292,704.2560374,723.5507234,4829850,20,Mahindra & Mahindra,M&M.NS,Stock,Automobile,https://1drv.ms/i/c/8705623eb284e7df/IQTKhiFr0T0YRZJzbYFcVbq9AVQFbUAdR0tgyDL12thMjF8?width=600&height=600
07-03-2022,666.1972656,694.4639691,657.7076155,694.4639691,7008637,20,Mahindra & Mahindra,M&M.NS,Stock,Automobile,https://1drv.ms/i/c/8705623eb284e7df/IQTKhiFr0T0YRZJzbYFcVbq9AVQFbUAdR0tgyDL12thMjF8?width=600&height=600
08-03-2022,675.9411621,678.2564893,647.4814981,666.1973096,4000294,20,Mahindra & Mahindra,M&M.NS,Stock,Automobile,https://1drv.ms/i/c/8705623eb284e7df/IQTKhiFr0T0YRZJzbYFcVbq9AVQFbUAdR0tgyDL12thMjF8?width=600&height=600
09-03-2022,708.9350586,713.8070145,675.3140879,680.13776,5490287,20,Mahindra & Mahindra,M&M.NS,Stock,Automobile,https://1drv.ms/i/c/8705623eb284e7df/IQTKhiFr0T0YRZJzbYFcVbq9AVQFbUAdR0tgyDL12thMjF8?width=600&height=600
10-03-2022,712.7940063,735.6099991,709.0798024,735.0794069,4064470,20,Mahindra & Mahindra,M&M.NS,Stock,Automobile,https://1drv.ms/i/c/8705623eb284e7df/IQTKhiFr0T0YRZJzbYFcVbq9AVQFbUAdR0tgyDL12thMjF8?width=600&height=600
11-03-2022,708.8868408,715.6399818,703.0019844,708.1150651,2364792,20,Mahindra & Mahindra,M&M.NS,Stock,Automobile,https://1drv.ms/i/c/8705623eb284e7df/IQTKhiFr0T0YRZJzbYFcVbq9AVQFbUAdR0tgyDL12thMjF8?width=600&height=600
14-03-2022,716.9906006,719.6918451,699.8665654,708.8868083,3563695,20,Mahindra & Mahindra,M&M.NS,Stock,Automobile,https://1drv.ms/i/c/8705623eb284e7df/IQTKhiFr0T0YRZJzbYFcVbq9AVQFbUAdR0tgyDL12thMjF8?width=600&height=600
15-03-2022,734.355835,742.0737101,718.7271259,718.7271259,4811450,20,Mahindra & Mahindra,M&M.NS,Stock,Automobile,https://1drv.ms/i/c/8705623eb284e7df/IQTKhiFr0T0YRZJzbYFcVbq9AVQFbUAdR0tgyDL12thMjF8?width=600&height=600
16-03-2022,746.3668213,748.6339237,738.0218448,741.7360489,2277631,20,Mahindra & Mahindra,M&M.NS,Stock,Automobile,https://1drv.ms/i/c/8705623eb284e7df/IQTKhiFr0T0YRZJzbYFcVbq9AVQFbUAdR0tgyDL12thMjF8?width=600&height=600
17-03-2022,766.3850708,771.6911103,749.5986678,757.3165434,3787641,20,Mahindra & Mahindra,M&M.NS,Stock,Automobile,https://1drv.ms/i/c/8705623eb284e7df/IQTKhiFr0T0YRZJzbYFcVbq9AVQFbUAdR0tgyDL12thMjF8?width=600&height=600
21-03-2022,755.8694458,763.2014041,752.5893251,761.7543024,3008019,20,Mahindra & Mahindra,M&M.NS,Stock,Automobile,https://1drv.ms/i/c/8705623eb284e7df/IQTKhiFr0T0YRZJzbYFcVbq9AVQFbUAdR0tgyDL12thMjF8?width=600&height=600
22-03-2022,757.8953247,761.2236702,741.8807571,755.3870388,5436875,20,Mahindra & Mahindra,M&M.NS,Stock,Automobile,https://1drv.ms/i/c/8705623eb284e7df/IQTKhiFr0T0YRZJzbYFcVbq9AVQFbUAdR0tgyDL12thMjF8?width=600&height=600
23-03-2022,746.8009033,766.1921008,744.8714344,762.1402044,3277274,20,Mahindra & Mahindra,M&M.NS,Stock,Automobile,https://1drv.ms/i/c/8705623eb284e7df/IQTKhiFr0T0YRZJzbYFcVbq9AVQFbUAdR0tgyDL12thMjF8?width=600&height=600
24-03-2022,738.6489258,752.492841,735.7547225,746.415026,2248114,20,Mahindra & Mahindra,M&M.NS,Stock,Automobile,https://1drv.ms/i/c/8705623eb284e7df/IQTKhiFr0T0YRZJzbYFcVbq9AVQFbUAdR0tgyDL12thMjF8?width=600&height=600
25-03-2022,737.7806396,745.7396985,731.461641,745.7396985,3148869,20,Mahindra & Mahindra,M&M.NS,Stock,Automobile,https://1drv.ms/i/c/8705623eb284e7df/IQTKhiFr0T0YRZJzbYFcVbq9AVQFbUAdR0tgyDL12thMjF8?width=600&height=600
28-03-2022,742.1219482,745.4502937,724.8049537,737.9253771,4719388,20,Mahindra & Mahindra,M&M.NS,Stock,Automobile,https://1drv.ms/i/c/8705623eb284e7df/IQTKhiFr0T0YRZJzbYFcVbq9AVQFbUAdR0tgyDL12thMjF8?width=600&height=600
29-03-2022,746.0773315,755.3870421,743.5208207,743.8102292,3519610,20,Mahindra & Mahindra,M&M.NS,Stock,Automobile,https://1drv.ms/i/c/8705623eb284e7df/IQTKhiFr0T0YRZJzbYFcVbq9AVQFbUAdR0tgyDL12thMjF8?width=600&height=600
30-03-2022,765.3720703,766.9639057,748.5375009,751.8175627,4407033,20,Mahindra & Mahindra,M&M.NS,Stock,Automobile,https://1drv.ms/i/c/8705623eb284e7df/IQTKhiFr0T0YRZJzbYFcVbq9AVQFbUAdR0tgyDL12thMjF8?width=600&height=600
31-03-2022,778.1065674,784.3291164,769.8580995,769.8580995,7059986,20,Mahindra & Mahindra,M&M.NS,Stock,Automobile,https://1drv.ms/i/c/8705623eb284e7df/IQTKhiFr0T0YRZJzbYFcVbq9AVQFbUAdR0tgyDL12thMjF8?width=600&height=600
01-04-2022,797.4011841,800.2471623,779.2159647,782.3995764,3406177,20,Mahindra & Mahindra,M&M.NS,Stock,Automobile,https://1drv.ms/i/c/8705623eb284e7df/IQTKhiFr0T0YRZJzbYFcVbq9AVQFbUAdR0tgyDL12thMjF8?width=600&height=600
04-04-2022,804.2991333,806.5180108,781.4349148,789.1527905,4163250,20,Mahindra & Mahindra,M&M.NS,Stock,Automobile,https://1drv.ms/i/c/8705623eb284e7df/IQTKhiFr0T0YRZJzbYFcVbq9AVQFbUAdR0tgyDL12thMjF8?width=600&height=600
05-04-2022,807.0485229,821.9536807,804.2990536,807.4826652,2669967,20,Mahindra & Mahindra,M&M.NS,Stock,Automobile,https://1drv.ms/i/c/8705623eb284e7df/IQTKhiFr0T0YRZJzbYFcVbq9AVQFbUAdR0tgyDL12thMjF8?width=600&height=600
06-04-2022,798.6553345,809.1227378,793.9281713,809.1227378,2049292,20,Mahindra & Mahindra,M&M.NS,Stock,Automobile,https://1drv.ms/i/c/8705623eb284e7df/IQTKhiFr0T0YRZJzbYFcVbq9AVQFbUAdR0tgyDL12thMjF8?width=600&height=600
07-04-2022,804.8779297,810.6663363,793.3011164,796.8706456,2913537,20,Mahindra & Mahindra,M&M.NS,Stock,Automobile,https://1drv.ms/i/c/8705623eb284e7df/IQTKhiFr0T0YRZJzbYFcVbq9AVQFbUAdR0tgyDL12thMjF8?width=600&height=600
08-04-2022,827.1633301,830.298717,797.8836046,800.7295829,4145522,20,Mahindra & Mahindra,M&M.NS,Stock,Automobile,https://1drv.ms/i/c/8705623eb284e7df/IQTKhiFr0T0YRZJzbYFcVbq9AVQFbUAdR0tgyDL12thMjF8?width=600&height=600
11-04-2022,826.6327515,830.9740568,816.3583641,824.7997912,2922901,20,Mahindra & Mahindra,M&M.NS,Stock,Automobile,https://1drv.ms/i/c/8705623eb284e7df/IQTKhiFr0T0YRZJzbYFcVbq9AVQFbUAdR0tgyDL12thMjF8?width=600&height=600
12-04-2022,830.4434204,836.8107032,813.5605672,820.0242999,2961076,20,Mahindra & Mahindra,M&M.NS,Stock,Automobile,https://1drv.ms/i/c/8705623eb284e7df/IQTKhiFr0T0YRZJzbYFcVbq9AVQFbUAdR0tgyDL12thMjF8?width=600&height=600
13-04-2022,835.5565186,844.1426791,831.9387642,832.0834979,3695363,20,Mahindra & Mahindra,M&M.NS,Stock,Automobile,https://1drv.ms/i/c/8705623eb284e7df/IQTKhiFr0T0YRZJzbYFcVbq9AVQFbUAdR0tgyDL12thMjF8?width=600&height=600
18-04-2022,843.274353,845.107372,827.8386019,835.5564775,3076843,20,Mahindra & Mahindra,M&M.NS,Stock,Automobile,https://1drv.ms/i/c/8705623eb284e7df/IQTKhiFr0T0YRZJzbYFcVbq9AVQFbUAdR0tgyDL12thMjF8?width=600&height=600
19-04-2022,841.7307739,856.4911986,834.5917157,847.1332631,3301212,20,Mahindra & Mahindra,M&M.NS,Stock,Automobile,https://1drv.ms/i/c/8705623eb284e7df/IQTKhiFr0T0YRZJzbYFcVbq9AVQFbUAdR0tgyDL12thMjF8?width=600&height=600
20-04-2022,850.1721802,858.5171562,842.6472637,842.6472637,2208791,20,Mahindra & Mahindra,M&M.NS,Stock,Automobile,https://1drv.ms/i/c/8705623eb284e7df/IQTKhiFr0T0YRZJzbYFcVbq9AVQFbUAdR0tgyDL12thMjF8?width=600&height=600
21-04-2022,878.8730469,881.7672501,849.689831,850.1721982,3206906,20,Mahindra & Mahindra,M&M.NS,Stock,Automobile,https://1drv.ms/i/c/8705623eb284e7df/IQTKhiFr0T0YRZJzbYFcVbq9AVQFbUAdR0tgyDL12thMjF8?width=600&height=600
22-04-2022,888.1828003,894.3570655,857.6971562,871.9269894,4924905,20,Mahindra & Mahindra,M&M.NS,Stock,Automobile,https://1drv.ms/i/c/8705623eb284e7df/IQTKhiFr0T0YRZJzbYFcVbq9AVQFbUAdR0tgyDL12thMjF8?width=600&height=600
25-04-2022,872.1199341,895.2735607,863.533774,882.104912,5476626,20,Mahindra & Mahindra,M&M.NS,Stock,Automobile,https://1drv.ms/i/c/8705623eb284e7df/IQTKhiFr0T0YRZJzbYFcVbq9AVQFbUAdR0tgyDL12thMjF8?width=600&height=600
26-04-2022,906.9949951,909.6480145,874.6281116,874.6281116,6384561,20,Mahindra & Mahindra,M&M.NS,Stock,Automobile,https://1drv.ms/i/c/8705623eb284e7df/IQTKhiFr0T0YRZJzbYFcVbq9AVQFbUAdR0tgyDL12thMjF8?width=600&height=600
27-04-2022,894.1640625,907.5256694,890.4016336,897.2029994,3154605,20,Mahindra & Mahindra,M&M.NS,Stock,Automobile,https://1drv.ms/i/c/8705623eb284e7df/IQTKhiFr0T0YRZJzbYFcVbq9AVQFbUAdR0tgyDL12thMjF8?width=600&height=600
28-04-2022,890.3533936,911.6740001,886.1085387,911.6740001,2869224,20,Mahindra & Mahindra,M&M.NS,Stock,Automobile,https://1drv.ms/i/c/8705623eb284e7df/IQTKhiFr0T0YRZJzbYFcVbq9AVQFbUAdR0tgyDL12thMjF8?width=600&height=600
29-04-2022,889.581604,906.1268232,885.6262164,896.1418453,3467791,20,Mahindra & Mahindra,M&M.NS,Stock,Automobile,https://1drv.ms/i/c/8705623eb284e7df/IQTKhiFr0T0YRZJzbYFcVbq9AVQFbUAdR0tgyDL12thMjF8?width=600&height=600
02-05-2022,888.8579712,900.7724758,877.6188513,882.7319316,2740823,20,Mahindra & Mahindra,M&M.NS,Stock,Automobile,https://1drv.ms/i/c/8705623eb284e7df/IQTKhiFr0T0YRZJzbYFcVbq9AVQFbUAdR0tgyDL12thMjF8?width=600&height=600
04-05-2022,864.4985352,891.3664255,859.6266379,885.5297937,2408261,20,Mahindra & Mahindra,M&M.NS,Stock,Automobile,https://1drv.ms/i/c/8705623eb284e7df/IQTKhiFr0T0YRZJzbYFcVbq9AVQFbUAdR0tgyDL12thMjF8?width=600&height=600
05-05-2022,867.3444824,888.5204151,864.0644207,877.9083363,2690817,20,Mahindra & Mahindra,M&M.NS,Stock,Automobile,https://1drv.ms/i/c/8705623eb284e7df/IQTKhiFr0T0YRZJzbYFcVbq9AVQFbUAdR0tgyDL12thMjF8?width=600&height=600
06-05-2022,862.3278198,882.5390173,856.0088213,858.6136159,4247088,20,Mahindra & Mahindra,M&M.NS,Stock,Automobile,https://1drv.ms/i/c/8705623eb284e7df/IQTKhiFr0T0YRZJzbYFcVbq9AVQFbUAdR0tgyDL12thMjF8?width=600&height=600
09-05-2022,863.7266846,870.0939669,844.1425883,848.9662602,1790691,20,Mahindra & Mahindra,M&M.NS,Stock,Automobile,https://1drv.ms/i/c/8705623eb284e7df/IQTKhiFr0T0YRZJzbYFcVbq9AVQFbUAdR0tgyDL12thMjF8?width=600&height=600
10-05-2022,857.0217285,878.82476,852.9216076,863.726644,2436623,20,Mahindra & Mahindra,M&M.NS,Stock,Automobile,https://1drv.ms/i/c/8705623eb284e7df/IQTKhiFr0T0YRZJzbYFcVbq9AVQFbUAdR0tgyDL12thMjF8?width=600&height=600
11-05-2022,855.7676392,866.7174099,845.589703,857.2629657,3048794,20,Mahindra & Mahindra,M&M.NS,Stock,Automobile,https://1drv.ms/i/c/8705623eb284e7df/IQTKhiFr0T0YRZJzbYFcVbq9AVQFbUAdR0tgyDL12thMjF8?width=600&height=600
12-05-2022,834.7364502,857.6488925,823.5937795,853.6935049,4908042,20,Mahindra & Mahindra,M&M.NS,Stock,Automobile,https://1drv.ms/i/c/8705623eb284e7df/IQTKhiFr0T0YRZJzbYFcVbq9AVQFbUAdR0tgyDL12thMjF8?width=600&height=600
13-05-2022,858.1312256,873.0846084,839.4153552,848.7732904,4956950,20,Mahindra & Mahindra,M&M.NS,Stock,Automobile,https://1drv.ms/i/c/8705623eb284e7df/IQTKhiFr0T0YRZJzbYFcVbq9AVQFbUAdR0tgyDL12thMjF8?width=600&height=600
16-05-2022,871.4927979,876.8471209,861.2184118,863.4372892,2856221,20,Mahindra & Mahindra,M&M.NS,Stock,Automobile,https://1drv.ms/i/c/8705623eb284e7df/IQTKhiFr0T0YRZJzbYFcVbq9AVQFbUAdR0tgyDL12thMjF8?width=600&height=600
17-05-2022,878.6801147,884.66148,866.4762594,875.0141357,3469290,20,Mahindra & Mahindra,M&M.NS,Stock,Automobile,https://1drv.ms/i/c/8705623eb284e7df/IQTKhiFr0T0YRZJzbYFcVbq9AVQFbUAdR0tgyDL12thMjF8?width=600&height=600
18-05-2022,881.0918579,890.2086092,873.2775333,877.9082464,3203522,20,Mahindra & Mahindra,M&M.NS,Stock,Automobile,https://1drv.ms/i/c/8705623eb284e7df/IQTKhiFr0T0YRZJzbYFcVbq9AVQFbUAdR0tgyDL12thMjF8?width=600&height=600
19-05-2022,851.4263306,880.8025047,849.1110033,869.225692,2658159,20,Mahindra & Mahindra,M&M.NS,Stock,Automobile,https://1drv.ms/i/c/8705623eb284e7df/IQTKhiFr0T0YRZJzbYFcVbq9AVQFbUAdR0tgyDL12thMjF8?width=600&height=600
20-05-2022,871.9269409,879.2106739,857.3112501,865.2703089,3426756,20,Mahindra & Mahindra,M&M.NS,Stock,Automobile,https://1drv.ms/i/c/8705623eb284e7df/IQTKhiFr0T0YRZJzbYFcVbq9AVQFbUAdR0tgyDL12thMjF8?width=600&height=600
23-05-2022,908.6834106,910.1787373,878.1495415,878.8730923,6613972,20,Mahindra & Mahindra,M&M.NS,Stock,Automobile,https://1drv.ms/i/c/8705623eb284e7df/IQTKhiFr0T0YRZJzbYFcVbq9AVQFbUAdR0tgyDL12thMjF8?width=600&height=600
24-05-2022,913.4587402,926.5309384,909.8409862,915.5329427,4546511,20,Mahindra & Mahindra,M&M.NS,Stock,Automobile,https://1drv.ms/i/c/8705623eb284e7df/IQTKhiFr0T0YRZJzbYFcVbq9AVQFbUAdR0tgyDL12thMjF8?width=600&height=600
25-05-2022,895.6594849,920.1637045,890.7875288,920.1637045,1363358,20,Mahindra & Mahindra,M&M.NS,Stock,Automobile,https://1drv.ms/i/c/8705623eb284e7df/IQTKhiFr0T0YRZJzbYFcVbq9AVQFbUAdR0tgyDL12thMjF8?width=600&height=600
26-05-2022,897.0100098,900.5795387,882.5389941,897.2994183,2384886,20,Mahindra & Mahindra,M&M.NS,Stock,Automobile,https://1drv.ms/i/c/8705623eb284e7df/IQTKhiFr0T0YRZJzbYFcVbq9AVQFbUAdR0tgyDL12thMjF8?width=600&height=600
27-05-2022,919.2471313,924.215537,890.4498336,906.8503181,3269005,20,Mahindra & Mahindra,M&M.NS,Stock,Automobile,https://1drv.ms/i/c/8705623eb284e7df/IQTKhiFr0T0YRZJzbYFcVbq9AVQFbUAdR0tgyDL12thMjF8?width=600&height=600
30-05-2022,963.1425781,976.0700428,923.2990586,937.9630335,11690785,20,Mahindra & Mahindra,M&M.NS,Stock,Automobile,https://1drv.ms/i/c/8705623eb284e7df/IQTKhiFr0T0YRZJzbYFcVbq9AVQFbUAdR0tgyDL12thMjF8?width=600&height=600
31-05-2022,997.8729858,1006.217962,957.0165083,962.7566896,13301109,20,Mahindra & Mahindra,M&M.NS,Stock,Automobile,https://1drv.ms/i/c/8705623eb284e7df/IQTKhiFr0T0YRZJzbYFcVbq9AVQFbUAdR0tgyDL12thMjF8?width=600&height=600
01-06-2022,1010.414551,1019.965445,979.0124578,998.5001045,7889745,20,Mahindra & Mahindra,M&M.NS,Stock,Automobile,https://1drv.ms/i/c/8705623eb284e7df/IQTKhiFr0T0YRZJzbYFcVbq9AVQFbUAdR0tgyDL12thMjF8?width=600&height=600
02-06-2022,1007.713501,1020.640849,998.5002391,1008.099301,4081658,20,Mahindra & Mahindra,M&M.NS,Stock,Automobile,https://1drv.ms/i/c/8705623eb284e7df/IQTKhiFr0T0YRZJzbYFcVbq9AVQFbUAdR0tgyDL12thMjF8?width=600&height=600
03-06-2022,992.3740845,1019.290198,989.5280473,1013.067591,2660682,20,Mahindra & Mahindra,M&M.NS,Stock,Automobile,https://1drv.ms/i/c/8705623eb284e7df/IQTKhiFr0T0YRZJzbYFcVbq9AVQFbUAdR0tgyDL12thMjF8?width=600&height=600
06-06-2022,999.4165649,1011.620479,982.0996294,991.7469735,3443406,20,Mahindra & Mahindra,M&M.NS,Stock,Automobile,https://1drv.ms/i/c/8705623eb284e7df/IQTKhiFr0T0YRZJzbYFcVbq9AVQFbUAdR0tgyDL12thMjF8?width=600&height=600
07-06-2022,1005.783875,1008.147427,982.1960483,998.3071831,2162861,20,Mahindra & Mahindra,M&M.NS,Stock,Automobile,https://1drv.ms/i/c/8705623eb284e7df/IQTKhiFr0T0YRZJzbYFcVbq9AVQFbUAdR0tgyDL12thMjF8?width=600&height=600
08-06-2022,1008.1474,1019.675928,997.7765056,1019.675928,4293398,20,Mahindra & Mahindra,M&M.NS,Stock,Automobile,https://1drv.ms/i/c/8705623eb284e7df/IQTKhiFr0T0YRZJzbYFcVbq9AVQFbUAdR0tgyDL12thMjF8?width=600&height=600
09-06-2022,1008.243958,1012.295913,995.6059597,999.4648975,2757706,20,Mahindra & Mahindra,M&M.NS,Stock,Automobile,https://1drv.ms/i/c/8705623eb284e7df/IQTKhiFr0T0YRZJzbYFcVbq9AVQFbUAdR0tgyDL12thMjF8?width=600&height=600
10-06-2022,999.9472046,1006.700345,990.3963105,996.5706342,2425545,20,Mahindra & Mahindra,M&M.NS,Stock,Automobile,https://1drv.ms/i/c/8705623eb284e7df/IQTKhiFr0T0YRZJzbYFcVbq9AVQFbUAdR0tgyDL12thMjF8?width=600&height=600
13-06-2022,968.8826904,992.7116405,963.3354679,987.5503353,4047155,20,Mahindra & Mahindra,M&M.NS,Stock,Automobile,https://1drv.ms/i/c/8705623eb284e7df/IQTKhiFr0T0YRZJzbYFcVbq9AVQFbUAdR0tgyDL12thMjF8?width=600&height=600
14-06-2022,983.305481,988.8527034,963.8178354,964.7343448,3614327,20,Mahindra & Mahindra,M&M.NS,Stock,Automobile,https://1drv.ms/i/c/8705623eb284e7df/IQTKhiFr0T0YRZJzbYFcVbq9AVQFbUAdR0tgyDL12thMjF8?width=600&height=600
15-06-2022,989.335144,1002.648526,984.0291048,988.5151433,3333753,20,Mahindra & Mahindra,M&M.NS,Stock,Automobile,https://1drv.ms/i/c/8705623eb284e7df/IQTKhiFr0T0YRZJzbYFcVbq9AVQFbUAdR0tgyDL12thMjF8?width=600&height=600
16-06-2022,969.7992554,1001.10484,961.8401966,1001.10484,3255301,20,Mahindra & Mahindra,M&M.NS,Stock,Automobile,https://1drv.ms/i/c/8705623eb284e7df/IQTKhiFr0T0YRZJzbYFcVbq9AVQFbUAdR0tgyDL12thMjF8?width=600&height=600
17-06-2022,962.4673462,972.4040992,948.4786967,964.7344486,5318310,20,Mahindra & Mahindra,M&M.NS,Stock,Automobile,https://1drv.ms/i/c/8705623eb284e7df/IQTKhiFr0T0YRZJzbYFcVbq9AVQFbUAdR0tgyDL12thMjF8?width=600&height=600
20-06-2022,948.0444946,972.4522629,944.5714155,969.5580597,3722583,20,Mahindra & Mahindra,M&M.NS,Stock,Automobile,https://1drv.ms/i/c/8705623eb284e7df/IQTKhiFr0T0YRZJzbYFcVbq9AVQFbUAdR0tgyDL12thMjF8?width=600&height=600
21-06-2022,962.7567139,969.3168961,947.1762296,948.0445142,6263423,20,Mahindra & Mahindra,M&M.NS,Stock,Automobile,https://1drv.ms/i/c/8705623eb284e7df/IQTKhiFr0T0YRZJzbYFcVbq9AVQFbUAdR0tgyDL12thMjF8?width=600&height=600
22-06-2022,949.1056519,968.5450728,938.3488991,960.0554222,2629024,20,Mahindra & Mahindra,M&M.NS,Stock,Automobile,https://1drv.ms/i/c/8705623eb284e7df/IQTKhiFr0T0YRZJzbYFcVbq9AVQFbUAdR0tgyDL12thMjF8?width=600&height=600
23-06-2022,991.4575195,995.2200073,950.4563654,951.2281412,7303072,20,Mahindra & Mahindra,M&M.NS,Stock,Automobile,https://1drv.ms/i/c/8705623eb284e7df/IQTKhiFr0T0YRZJzbYFcVbq9AVQFbUAdR0tgyDL12thMjF8?width=600&height=600
24-06-2022,1034.24353,1036.607082,995.2199543,1000.333094,7273273,20,Mahindra & Mahindra,M&M.NS,Stock,Automobile,https://1drv.ms/i/c/8705623eb284e7df/IQTKhiFr0T0YRZJzbYFcVbq9AVQFbUAdR0tgyDL12thMjF8?width=600&height=600
27-06-2022,1044.517944,1056.384225,1034.243617,1051.367653,6316257,20,Mahindra & Mahindra,M&M.NS,Stock,Automobile,https://1drv.ms/i/c/8705623eb284e7df/IQTKhiFr0T0YRZJzbYFcVbq9AVQFbUAdR0tgyDL12thMjF8?width=600&height=600
28-06-2022,1072.784546,1081.901238,1041.382397,1043.842517,11020641,20,Mahindra & Mahindra,M&M.NS,Stock,Automobile,https://1drv.ms/i/c/8705623eb284e7df/IQTKhiFr0T0YRZJzbYFcVbq9AVQFbUAdR0tgyDL12thMjF8?width=600&height=600
29-06-2022,1072.543457,1076.112927,1052.235751,1066.996234,5052023,20,Mahindra & Mahindra,M&M.NS,Stock,Automobile,https://1drv.ms/i/c/8705623eb284e7df/IQTKhiFr0T0YRZJzbYFcVbq9AVQFbUAdR0tgyDL12thMjF8?width=600&height=600
30-06-2022,1054.599609,1078.090872,1049.679487,1070.180096,4165189,20,Mahindra & Mahindra,M&M.NS,Stock,Automobile,https://1drv.ms/i/c/8705623eb284e7df/IQTKhiFr0T0YRZJzbYFcVbq9AVQFbUAdR0tgyDL12thMjF8?width=600&height=600
01-07-2022,1068.298584,1074.08699,1026.477372,1053.875852,2839545,20,Mahindra & Mahindra,M&M.NS,Stock,Automobile,https://1drv.ms/i/c/8705623eb284e7df/IQTKhiFr0T0YRZJzbYFcVbq9AVQFbUAdR0tgyDL12thMjF8?width=600&height=600
04-07-2022,1052.71814,1063.137318,1041.334344,1062.172584,2784613,20,Mahindra & Mahindra,M&M.NS,Stock,Automobile,https://1drv.ms/i/c/8705623eb284e7df/IQTKhiFr0T0YRZJzbYFcVbq9AVQFbUAdR0tgyDL12thMjF8?width=600&height=600
05-07-2022,1043.794312,1063.137283,1039.983658,1052.525205,3675577,20,Mahindra & Mahindra,M&M.NS,Stock,Automobile,https://1drv.ms/i/c/8705623eb284e7df/IQTKhiFr0T0YRZJzbYFcVbq9AVQFbUAdR0tgyDL12thMjF8?width=600&height=600
06-07-2022,1065.597412,1072.784636,1042.491953,1044.517872,4957228,20,Mahindra & Mahindra,M&M.NS,Stock,Automobile,https://1drv.ms/i/c/8705623eb284e7df/IQTKhiFr0T0YRZJzbYFcVbq9AVQFbUAdR0tgyDL12thMjF8?width=600&height=600
07-07-2022,1093.333496,1098.784151,1075.292893,1079.537748,4917004,20,Mahindra & Mahindra,M&M.NS,Stock,Automobile,https://1drv.ms/i/c/8705623eb284e7df/IQTKhiFr0T0YRZJzbYFcVbq9AVQFbUAdR0tgyDL12thMjF8?width=600&height=600
08-07-2022,1093.622925,1152.761192,1086.4357,1143.162014,10482265,20,Mahindra & Mahindra,M&M.NS,Stock,Automobile,https://1drv.ms/i/c/8705623eb284e7df/IQTKhiFr0T0YRZJzbYFcVbq9AVQFbUAdR0tgyDL12thMjF8?width=600&height=600
11-07-2022,1123.963867,1126.713337,1083.059105,1089.136861,4520273,20,Mahindra & Mahindra,M&M.NS,Stock,Automobile,https://1drv.ms/i/c/8705623eb284e7df/IQTKhiFr0T0YRZJzbYFcVbq9AVQFbUAdR0tgyDL12thMjF8?width=600&height=600
12-07-2022,1106.212646,1123.384847,1101.726608,1122.950764,2452632,20,Mahindra & Mahindra,M&M.NS,Stock,Automobile,https://1drv.ms/i/c/8705623eb284e7df/IQTKhiFr0T0YRZJzbYFcVbq9AVQFbUAdR0tgyDL12thMjF8?width=600&height=600
13-07-2022,1100.134766,1115.715249,1097.964113,1112.531578,3379695,20,Mahindra & Mahindra,M&M.NS,Stock,Automobile,https://1drv.ms/i/c/8705623eb284e7df/IQTKhiFr0T0YRZJzbYFcVbq9AVQFbUAdR0tgyDL12thMjF8?width=600&height=600
14-07-2022,1113.633301,1122.112323,1102.473993,1105.982669,2423203,20,Mahindra & Mahindra,M&M.NS,Stock,Automobile,https://1drv.ms/i/c/8705623eb284e7df/IQTKhiFr0T0YRZJzbYFcVbq9AVQFbUAdR0tgyDL12thMjF8?width=600&height=600
15-07-2022,1142.72522,1146.038903,1111.4404,1113.974351,3879759,20,Mahindra & Mahindra,M&M.NS,Stock,Automobile,https://1drv.ms/i/c/8705623eb284e7df/IQTKhiFr0T0YRZJzbYFcVbq9AVQFbUAdR0tgyDL12thMjF8?width=600&height=600
18-07-2022,1133.856323,1149.547452,1129.811686,1149.547452,3480683,20,Mahindra & Mahindra,M&M.NS,Stock,Automobile,https://1drv.ms/i/c/8705623eb284e7df/IQTKhiFr0T0YRZJzbYFcVbq9AVQFbUAdR0tgyDL12thMjF8?width=600&height=600
19-07-2022,1156.125977,1159.293445,1131.517183,1132.394352,4056414,20,Mahindra & Mahindra,M&M.NS,Stock,Automobile,https://1drv.ms/i/c/8705623eb284e7df/IQTKhiFr0T0YRZJzbYFcVbq9AVQFbUAdR0tgyDL12thMjF8?width=600&height=600
20-07-2022,1136.049194,1164.653849,1132.979162,1164.653849,3028752,20,Mahindra & Mahindra,M&M.NS,Stock,Automobile,https://1drv.ms/i/c/8705623eb284e7df/IQTKhiFr0T0YRZJzbYFcVbq9AVQFbUAdR0tgyDL12thMjF8?width=600&height=600
21-07-2022,1145.307983,1150.034798,1135.220838,1137.462359,2062279,20,Mahindra & Mahindra,M&M.NS,Stock,Automobile,https://1drv.ms/i/c/8705623eb284e7df/IQTKhiFr0T0YRZJzbYFcVbq9AVQFbUAdR0tgyDL12thMjF8?width=600&height=600
22-07-2022,1151.106689,1155.784844,1140.58102,1150.034647,1983433,20,Mahindra & Mahindra,M&M.NS,Stock,Automobile,https://1drv.ms/i/c/8705623eb284e7df/IQTKhiFr0T0YRZJzbYFcVbq9AVQFbUAdR0tgyDL12thMjF8?width=600&height=600
25-07-2022,1107.005859,1154.907753,1103.253651,1154.907753,4380502,20,Mahindra & Mahindra,M&M.NS,Stock,Automobile,https://1drv.ms/i/c/8705623eb284e7df/IQTKhiFr0T0YRZJzbYFcVbq9AVQFbUAdR0tgyDL12thMjF8?width=600&height=600
26-07-2022,1107.151978,1116.898034,1096.57753,1105.202766,2598868,20,Mahindra & Mahindra,M&M.NS,Stock,Automobile,https://1drv.ms/i/c/8705623eb284e7df/IQTKhiFr0T0YRZJzbYFcVbq9AVQFbUAdR0tgyDL12thMjF8?width=600&height=600
27-07-2022,1109.19873,1121.088991,1098.185757,1111.050505,1647876,20,Mahindra & Mahindra,M&M.NS,Stock,Automobile,https://1drv.ms/i/c/8705623eb284e7df/IQTKhiFr0T0YRZJzbYFcVbq9AVQFbUAdR0tgyDL12thMjF8?width=600&height=600
28-07-2022,1119.96814,1122.745742,1106.518534,1113.097122,1929675,20,Mahindra & Mahindra,M&M.NS,Stock,Automobile,https://1drv.ms/i/c/8705623eb284e7df/IQTKhiFr0T0YRZJzbYFcVbq9AVQFbUAdR0tgyDL12thMjF8?width=600&height=600
29-07-2022,1134.879517,1154.127978,1123.963981,1129.37309,2230572,20,Mahindra & Mahindra,M&M.NS,Stock,Automobile,https://1drv.ms/i/c/8705623eb284e7df/IQTKhiFr0T0YRZJzbYFcVbq9AVQFbUAdR0tgyDL12thMjF8?width=600&height=600
01-08-2022,1206.318237,1216.990122,1154.176831,1159.196074,12673841,20,Mahindra & Mahindra,M&M.NS,Stock,Automobile,https://1drv.ms/i/c/8705623eb284e7df/IQTKhiFr0T0YRZJzbYFcVbq9AVQFbUAdR0tgyDL12thMjF8?width=600&height=600
02-08-2022,1222.642822,1227.759502,1195.061434,1206.269399,5626351,20,Mahindra & Mahindra,M&M.NS,Stock,Automobile,https://1drv.ms/i/c/8705623eb284e7df/IQTKhiFr0T0YRZJzbYFcVbq9AVQFbUAdR0tgyDL12thMjF8?width=600&height=600
03-08-2022,1221.863159,1227.954445,1199.739657,1227.954445,3820503,20,Mahindra & Mahindra,M&M.NS,Stock,Automobile,https://1drv.ms/i/c/8705623eb284e7df/IQTKhiFr0T0YRZJzbYFcVbq9AVQFbUAdR0tgyDL12thMjF8?width=600&height=600
04-08-2022,1229.757446,1232.876137,1207.585168,1232.7787,3075648,20,Mahindra & Mahindra,M&M.NS,Stock,Automobile,https://1drv.ms/i/c/8705623eb284e7df/IQTKhiFr0T0YRZJzbYFcVbq9AVQFbUAdR0tgyDL12thMjF8?width=600&height=600
05-08-2022,1204.515137,1246.033313,1199.983197,1245.740884,5766297,20,Mahindra & Mahindra,M&M.NS,Stock,Automobile,https://1drv.ms/i/c/8705623eb284e7df/IQTKhiFr0T0YRZJzbYFcVbq9AVQFbUAdR0tgyDL12thMjF8?width=600&height=600
08-08-2022,1244.279053,1247.495299,1211.0938,1213.3841,5412651,20,Mahindra & Mahindra,M&M.NS,Stock,Automobile,https://1drv.ms/i/c/8705623eb284e7df/IQTKhiFr0T0YRZJzbYFcVbq9AVQFbUAdR0tgyDL12thMjF8?width=600&height=600
10-08-2022,1235.848755,1247.202816,1228.246783,1244.571428,2530492,20,Mahindra & Mahindra,M&M.NS,Stock,Automobile,https://1drv.ms/i/c/8705623eb284e7df/IQTKhiFr0T0YRZJzbYFcVbq9AVQFbUAdR0tgyDL12thMjF8?width=600&height=600
11-08-2022,1234.045654,1246.471877,1222.155513,1244.571443,3077633,20,Mahindra & Mahindra,M&M.NS,Stock,Automobile,https://1drv.ms/i/c/8705623eb284e7df/IQTKhiFr0T0YRZJzbYFcVbq9AVQFbUAdR0tgyDL12thMjF8?width=600&height=600
12-08-2022,1227.467163,1236.677259,1217.57501,1232.876273,3355489,20,Mahindra & Mahindra,M&M.NS,Stock,Automobile,https://1drv.ms/i/c/8705623eb284e7df/IQTKhiFr0T0YRZJzbYFcVbq9AVQFbUAdR0tgyDL12thMjF8?width=600&height=600
16-08-2022,1255.584595,1265.720399,1242.281203,1248.080059,4085782,20,Mahindra & Mahindra,M&M.NS,Stock,Automobile,https://1drv.ms/i/c/8705623eb284e7df/IQTKhiFr0T0YRZJzbYFcVbq9AVQFbUAdR0tgyDL12thMjF8?width=600&height=600
17-08-2022,1241.891357,1261.139821,1237.798061,1261.139821,2197165,20,Mahindra & Mahindra,M&M.NS,Stock,Automobile,https://1drv.ms/i/c/8705623eb284e7df/IQTKhiFr0T0YRZJzbYFcVbq9AVQFbUAdR0tgyDL12thMjF8?width=600&height=600
18-08-2022,1229.124023,1245.887194,1222.837745,1241.647683,2659857,20,Mahindra & Mahindra,M&M.NS,Stock,Automobile,https://1drv.ms/i/c/8705623eb284e7df/IQTKhiFr0T0YRZJzbYFcVbq9AVQFbUAdR0tgyDL12thMjF8?width=600&height=600
19-08-2022,1207.92627,1240.331907,1204.125284,1237.749179,2513148,20,Mahindra & Mahindra,M&M.NS,Stock,Automobile,https://1drv.ms/i/c/8705623eb284e7df/IQTKhiFr0T0YRZJzbYFcVbq9AVQFbUAdR0tgyDL12thMjF8?width=600&height=600
22-08-2022,1195.548828,1215.723239,1188.093189,1207.926393,2443323,20,Mahindra & Mahindra,M&M.NS,Stock,Automobile,https://1drv.ms/i/c/8705623eb284e7df/IQTKhiFr0T0YRZJzbYFcVbq9AVQFbUAdR0tgyDL12thMjF8?width=600&height=600
23-08-2022,1240.77063,1244.571616,1187.069874,1188.970307,4449168,20,Mahindra & Mahindra,M&M.NS,Stock,Automobile,https://1drv.ms/i/c/8705623eb284e7df/IQTKhiFr0T0YRZJzbYFcVbq9AVQFbUAdR0tgyDL12thMjF8?width=600&height=600
24-08-2022,1236.092407,1250.906366,1228.977738,1242.57344,2570071,20,Mahindra & Mahindra,M&M.NS,Stock,Automobile,https://1drv.ms/i/c/8705623eb284e7df/IQTKhiFr0T0YRZJzbYFcVbq9AVQFbUAdR0tgyDL12thMjF8?width=600&height=600
25-08-2022,1227.662109,1245.01002,1224.786951,1241.647678,1769049,20,Mahindra & Mahindra,M&M.NS,Stock,Automobile,https://1drv.ms/i/c/8705623eb284e7df/IQTKhiFr0T0YRZJzbYFcVbq9AVQFbUAdR0tgyDL12thMjF8?width=600&height=600
26-08-2022,1242.281128,1266.012752,1236.579709,1247.397808,4325600,20,Mahindra & Mahindra,M&M.NS,Stock,Automobile,https://1drv.ms/i/c/8705623eb284e7df/IQTKhiFr0T0YRZJzbYFcVbq9AVQFbUAdR0tgyDL12thMjF8?width=600&height=600
29-08-2022,1244.376587,1248.27501,1210.606476,1217.282501,2554692,20,Mahindra & Mahindra,M&M.NS,Stock,Automobile,https://1drv.ms/i/c/8705623eb284e7df/IQTKhiFr0T0YRZJzbYFcVbq9AVQFbUAdR0tgyDL12thMjF8?width=600&height=600
30-08-2022,1275.466431,1281.606494,1251.393717,1251.393717,5078317,20,Mahindra & Mahindra,M&M.NS,Stock,Automobile,https://1drv.ms/i/c/8705623eb284e7df/IQTKhiFr0T0YRZJzbYFcVbq9AVQFbUAdR0tgyDL12thMjF8?width=600&height=600
01-09-2022,1278.731567,1292.034841,1247.495404,1247.495404,4913035,20,Mahindra & Mahindra,M&M.NS,Stock,Automobile,https://1drv.ms/i/c/8705623eb284e7df/IQTKhiFr0T0YRZJzbYFcVbq9AVQFbUAdR0tgyDL12thMjF8?width=600&height=600
02-09-2022,1282.532227,1296.859001,1277.90285,1285.163733,2316436,20,Mahindra & Mahindra,M&M.NS,Stock,Automobile,https://1drv.ms/i/c/8705623eb284e7df/IQTKhiFr0T0YRZJzbYFcVbq9AVQFbUAdR0tgyDL12thMjF8?width=600&height=600
05-09-2022,1287.015625,1290.816492,1268.059472,1285.504939,2271837,20,Mahindra & Mahindra,M&M.NS,Stock,Automobile,https://1drv.ms/i/c/8705623eb284e7df/IQTKhiFr0T0YRZJzbYFcVbq9AVQFbUAdR0tgyDL12thMjF8?width=600&height=600
06-09-2022,1273.224854,1293.301706,1267.572093,1291.352495,1930221,20,Mahindra & Mahindra,M&M.NS,Stock,Automobile,https://1drv.ms/i/c/8705623eb284e7df/IQTKhiFr0T0YRZJzbYFcVbq9AVQFbUAdR0tgyDL12thMjF8?width=600&height=600
07-09-2022,1256.948975,1278.633952,1248.664826,1258.21601,3162428,20,Mahindra & Mahindra,M&M.NS,Stock,Automobile,https://1drv.ms/i/c/8705623eb284e7df/IQTKhiFr0T0YRZJzbYFcVbq9AVQFbUAdR0tgyDL12thMjF8?width=600&height=600
08-09-2022,1288.331299,1298.126015,1268.936622,1271.860439,4026323,20,Mahindra & Mahindra,M&M.NS,Stock,Automobile,https://1drv.ms/i/c/8705623eb284e7df/IQTKhiFr0T0YRZJzbYFcVbq9AVQFbUAdR0tgyDL12thMjF8?width=600&height=600
09-09-2022,1268.205688,1304.022449,1261.188575,1304.022449,3415016,20,Mahindra & Mahindra,M&M.NS,Stock,Automobile,https://1drv.ms/i/c/8705623eb284e7df/IQTKhiFr0T0YRZJzbYFcVbq9AVQFbUAdR0tgyDL12thMjF8?width=600&height=600
12-09-2022,1264.112427,1282.191292,1262.114437,1274.784312,3077887,20,Mahindra & Mahindra,M&M.NS,Stock,Automobile,https://1drv.ms/i/c/8705623eb284e7df/IQTKhiFr0T0YRZJzbYFcVbq9AVQFbUAdR0tgyDL12thMjF8?width=600&height=600
13-09-2022,1266.841187,1276.68468,1258.21595,1276.68468,2460291,20,Mahindra & Mahindra,M&M.NS,Stock,Automobile,https://1drv.ms/i/c/8705623eb284e7df/IQTKhiFr0T0YRZJzbYFcVbq9AVQFbUAdR0tgyDL12thMjF8?width=600&height=600
14-09-2022,1265.087036,1280.485736,1247.495355,1251.345,2955136,20,Mahindra & Mahindra,M&M.NS,Stock,Automobile,https://1drv.ms/i/c/8705623eb284e7df/IQTKhiFr0T0YRZJzbYFcVbq9AVQFbUAdR0tgyDL12thMjF8?width=600&height=600
15-09-2022,1264.112427,1280.875598,1256.315581,1271.860495,2555055,20,Mahindra & Mahindra,M&M.NS,Stock,Automobile,https://1drv.ms/i/c/8705623eb284e7df/IQTKhiFr0T0YRZJzbYFcVbq9AVQFbUAdR0tgyDL12thMjF8?width=600&height=600
16-09-2022,1218.354492,1264.063521,1203.150668,1258.459538,9047956,20,Mahindra & Mahindra,M&M.NS,Stock,Automobile,https://1drv.ms/i/c/8705623eb284e7df/IQTKhiFr0T0YRZJzbYFcVbq9AVQFbUAdR0tgyDL12thMjF8?width=600&height=600
19-09-2022,1255.925659,1265.476724,1218.354562,1227.905745,4476773,20,Mahindra & Mahindra,M&M.NS,Stock,Automobile,https://1drv.ms/i/c/8705623eb284e7df/IQTKhiFr0T0YRZJzbYFcVbq9AVQFbUAdR0tgyDL12thMjF8?width=600&height=600
20-09-2022,1269.862427,1278.682656,1263.625046,1266.987388,3780649,20,Mahindra & Mahindra,M&M.NS,Stock,Automobile,https://1drv.ms/i/c/8705623eb284e7df/IQTKhiFr0T0YRZJzbYFcVbq9AVQFbUAdR0tgyDL12thMjF8?width=600&height=600
21-09-2022,1273.468506,1289.403285,1260.749854,1275.710027,2887754,20,Mahindra & Mahindra,M&M.NS,Stock,Automobile,https://1drv.ms/i/c/8705623eb284e7df/IQTKhiFr0T0YRZJzbYFcVbq9AVQFbUAdR0tgyDL12thMjF8?width=600&height=600
22-09-2022,1277.123291,1287.015562,1260.165129,1264.063551,2010645,20,Mahindra & Mahindra,M&M.NS,Stock,Automobile,https://1drv.ms/i/c/8705623eb284e7df/IQTKhiFr0T0YRZJzbYFcVbq9AVQFbUAdR0tgyDL12thMjF8?width=600&height=600
23-09-2022,1239.990845,1284.627713,1228.977753,1271.860403,4639618,20,Mahindra & Mahindra,M&M.NS,Stock,Automobile,https://1drv.ms/i/c/8705623eb284e7df/IQTKhiFr0T0YRZJzbYFcVbq9AVQFbUAdR0tgyDL12thMjF8?width=600&height=600
26-09-2022,1205.002563,1226.979852,1185.413012,1218.257178,3345338,20,Mahindra & Mahindra,M&M.NS,Stock,Automobile,https://1drv.ms/i/c/8705623eb284e7df/IQTKhiFr0T0YRZJzbYFcVbq9AVQFbUAdR0tgyDL12thMjF8?width=600&height=600
27-09-2022,1204.369019,1221.08353,1190.188458,1211.045044,3588217,20,Mahindra & Mahindra,M&M.NS,Stock,Automobile,https://1drv.ms/i/c/8705623eb284e7df/IQTKhiFr0T0YRZJzbYFcVbq9AVQFbUAdR0tgyDL12thMjF8?width=600&height=600
28-09-2022,1210.850098,1229.708693,1180.491108,1201.786217,3361451,20,Mahindra & Mahindra,M&M.NS,Stock,Automobile,https://1drv.ms/i/c/8705623eb284e7df/IQTKhiFr0T0YRZJzbYFcVbq9AVQFbUAdR0tgyDL12thMjF8?width=600&height=600
29-09-2022,1226.395142,1235.751333,1214.066355,1223.130236,3474302,20,Mahindra & Mahindra,M&M.NS,Stock,Automobile,https://1drv.ms/i/c/8705623eb284e7df/IQTKhiFr0T0YRZJzbYFcVbq9AVQFbUAdR0tgyDL12thMjF8?width=600&height=600
30-09-2022,1235.994995,1250.126779,1201.737697,1225.03068,3320684,20,Mahindra & Mahindra,M&M.NS,Stock,Automobile,https://1drv.ms/i/c/8705623eb284e7df/IQTKhiFr0T0YRZJzbYFcVbq9AVQFbUAdR0tgyDL12thMjF8?width=600&height=600
03-10-2022,1219.572876,1243.694368,1210.509114,1237.700519,3150821,20,Mahindra & Mahindra,M&M.NS,Stock,Automobile,https://1drv.ms/i/c/8705623eb284e7df/IQTKhiFr0T0YRZJzbYFcVbq9AVQFbUAdR0tgyDL12thMjF8?width=600&height=600
04-10-2022,1228.344238,1245.497274,1223.130122,1232.876178,3011962,20,Mahindra & Mahindra,M&M.NS,Stock,Automobile,https://1drv.ms/i/c/8705623eb284e7df/IQTKhiFr0T0YRZJzbYFcVbq9AVQFbUAdR0tgyDL12thMjF8?width=600&height=600
06-10-2022,1224.981934,1244.571484,1222.642856,1235.800033,3531469,20,Mahindra & Mahindra,M&M.NS,Stock,Automobile,https://1drv.ms/i/c/8705623eb284e7df/IQTKhiFr0T0YRZJzbYFcVbq9AVQFbUAdR0tgyDL12thMjF8?width=600&height=600
07-10-2022,1207.390259,1229.903627,1201.640061,1228.003193,3501889,20,Mahindra & Mahindra,M&M.NS,Stock,Automobile,https://1drv.ms/i/c/8705623eb284e7df/IQTKhiFr0T0YRZJzbYFcVbq9AVQFbUAdR0tgyDL12thMjF8?width=600&height=600
10-10-2022,1211.434937,1214.894834,1187.069793,1202.663485,2230590,20,Mahindra & Mahindra,M&M.NS,Stock,Automobile,https://1drv.ms/i/c/8705623eb284e7df/IQTKhiFr0T0YRZJzbYFcVbq9AVQFbUAdR0tgyDL12thMjF8?width=600&height=600
11-10-2022,1198.326416,1217.5261,1194.379216,1217.5261,1569478,20,Mahindra & Mahindra,M&M.NS,Stock,Automobile,https://1drv.ms/i/c/8705623eb284e7df/IQTKhiFr0T0YRZJzbYFcVbq9AVQFbUAdR0tgyDL12thMjF8?width=600&height=600
12-10-2022,1216.210449,1227.369637,1198.862421,1204.27153,2884899,20,Mahindra & Mahindra,M&M.NS,Stock,Automobile,https://1drv.ms/i/c/8705623eb284e7df/IQTKhiFr0T0YRZJzbYFcVbq9AVQFbUAdR0tgyDL12thMjF8?width=600&height=600
13-10-2022,1216.502808,1241.793897,1208.998391,1223.130174,2137351,20,Mahindra & Mahindra,M&M.NS,Stock,Automobile,https://1drv.ms/i/c/8705623eb284e7df/IQTKhiFr0T0YRZJzbYFcVbq9AVQFbUAdR0tgyDL12thMjF8?width=600&height=600
14-10-2022,1199.057495,1239.698507,1196.815854,1235.556433,1696759,20,Mahindra & Mahindra,M&M.NS,Stock,Automobile,https://1drv.ms/i/c/8705623eb284e7df/IQTKhiFr0T0YRZJzbYFcVbq9AVQFbUAdR0tgyDL12thMjF8?width=600&height=600
17-10-2022,1198.765137,1207.292937,1166.115842,1195.841319,2158727,20,Mahindra & Mahindra,M&M.NS,Stock,Automobile,https://1drv.ms/i/c/8705623eb284e7df/IQTKhiFr0T0YRZJzbYFcVbq9AVQFbUAdR0tgyDL12thMjF8?width=600&height=600
18-10-2022,1221.960693,1235.166529,1202.17615,1204.758879,2722206,20,Mahindra & Mahindra,M&M.NS,Stock,Automobile,https://1drv.ms/i/c/8705623eb284e7df/IQTKhiFr0T0YRZJzbYFcVbq9AVQFbUAdR0tgyDL12thMjF8?width=600&height=600
19-10-2022,1216.697754,1232.681311,1212.409465,1227.954378,1449579,20,Mahindra & Mahindra,M&M.NS,Stock,Automobile,https://1drv.ms/i/c/8705623eb284e7df/IQTKhiFr0T0YRZJzbYFcVbq9AVQFbUAdR0tgyDL12thMjF8?width=600&height=600
20-10-2022,1218.25708,1222.155503,1192.478808,1209.680503,1831346,20,Mahindra & Mahindra,M&M.NS,Stock,Automobile,https://1drv.ms/i/c/8705623eb284e7df/IQTKhiFr0T0YRZJzbYFcVbq9AVQFbUAdR0tgyDL12thMjF8?width=600&height=600
21-10-2022,1224.835815,1236.677299,1212.555806,1221.278481,1750934,20,Mahindra & Mahindra,M&M.NS,Stock,Automobile,https://1drv.ms/i/c/8705623eb284e7df/IQTKhiFr0T0YRZJzbYFcVbq9AVQFbUAdR0tgyDL12thMjF8?width=600&height=600
24-10-2022,1238.675049,1245.546067,1228.97777,1228.97777,318933,20,Mahindra & Mahindra,M&M.NS,Stock,Automobile,https://1drv.ms/i/c/8705623eb284e7df/IQTKhiFr0T0YRZJzbYFcVbq9AVQFbUAdR0tgyDL12thMjF8?width=600&height=600
25-10-2022,1248.859741,1251.247478,1227.61329,1238.67504,2809493,20,Mahindra & Mahindra,M&M.NS,Stock,Automobile,https://1drv.ms/i/c/8705623eb284e7df/IQTKhiFr0T0YRZJzbYFcVbq9AVQFbUAdR0tgyDL12thMjF8?width=600&height=600
27-10-2022,1261.285889,1266.841093,1246.569368,1250.711441,3279938,20,Mahindra & Mahindra,M&M.NS,Stock,Automobile,https://1drv.ms/i/c/8705623eb284e7df/IQTKhiFr0T0YRZJzbYFcVbq9AVQFbUAdR0tgyDL12thMjF8?width=600&height=600
28-10-2022,1278.341553,1282.483627,1257.241316,1267.62089,2111224,20,Mahindra & Mahindra,M&M.NS,Stock,Automobile,https://1drv.ms/i/c/8705623eb284e7df/IQTKhiFr0T0YRZJzbYFcVbq9AVQFbUAdR0tgyDL12thMjF8?width=600&height=600
31-10-2022,1314.353271,1324.001892,1283.165888,1284.774011,4306893,20,Mahindra & Mahindra,M&M.NS,Stock,Automobile,https://1drv.ms/i/c/8705623eb284e7df/IQTKhiFr0T0YRZJzbYFcVbq9AVQFbUAdR0tgyDL12thMjF8?width=600&height=600
01-11-2022,1319.664917,1331.847488,1315.084199,1326.438379,3405472,20,Mahindra & Mahindra,M&M.NS,Stock,Automobile,https://1drv.ms/i/c/8705623eb284e7df/IQTKhiFr0T0YRZJzbYFcVbq9AVQFbUAdR0tgyDL12thMjF8?width=600&height=600
02-11-2022,1318.007935,1326.438297,1304.607107,1319.664836,2298917,20,Mahindra & Mahindra,M&M.NS,Stock,Automobile,https://1drv.ms/i/c/8705623eb284e7df/IQTKhiFr0T0YRZJzbYFcVbq9AVQFbUAdR0tgyDL12thMjF8?width=600&height=600
03-11-2022,1301.488525,1320.590774,1294.8125,1305.971688,1931917,20,Mahindra & Mahindra,M&M.NS,Stock,Automobile,https://1drv.ms/i/c/8705623eb284e7df/IQTKhiFr0T0YRZJzbYFcVbq9AVQFbUAdR0tgyDL12thMjF8?width=600&height=600
04-11-2022,1304.314819,1317.666869,1297.20015,1304.02239,2204968,20,Mahindra & Mahindra,M&M.NS,Stock,Automobile,https://1drv.ms/i/c/8705623eb284e7df/IQTKhiFr0T0YRZJzbYFcVbq9AVQFbUAdR0tgyDL12thMjF8?width=600&height=600
07-11-2022,1316.984741,1321.175474,1302.657966,1310.844678,2599224,20,Mahindra & Mahindra,M&M.NS,Stock,Automobile,https://1drv.ms/i/c/8705623eb284e7df/IQTKhiFr0T0YRZJzbYFcVbq9AVQFbUAdR0tgyDL12thMjF8?width=600&height=600
09-11-2022,1303.583984,1330.19065,1297.200269,1330.19065,2459869,20,Mahindra & Mahindra,M&M.NS,Stock,Automobile,https://1drv.ms/i/c/8705623eb284e7df/IQTKhiFr0T0YRZJzbYFcVbq9AVQFbUAdR0tgyDL12thMjF8?width=600&height=600
10-11-2022,1265.233032,1304.996991,1257.826053,1304.996991,2792546,20,Mahindra & Mahindra,M&M.NS,Stock,Automobile,https://1drv.ms/i/c/8705623eb284e7df/IQTKhiFr0T0YRZJzbYFcVbq9AVQFbUAdR0tgyDL12thMjF8?width=600&height=600
11-11-2022,1254.415039,1285.261335,1246.082231,1271.957943,5308986,20,Mahindra & Mahindra,M&M.NS,Stock,Automobile,https://1drv.ms/i/c/8705623eb284e7df/IQTKhiFr0T0YRZJzbYFcVbq9AVQFbUAdR0tgyDL12thMjF8?width=600&height=600
14-11-2022,1245.692261,1276.440998,1235.848767,1270.885794,3794391,20,Mahindra & Mahindra,M&M.NS,Stock,Automobile,https://1drv.ms/i/c/8705623eb284e7df/IQTKhiFr0T0YRZJzbYFcVbq9AVQFbUAdR0tgyDL12thMjF8?width=600&height=600
15-11-2022,1258.898071,1263.381352,1242.865856,1251.929736,3192070,20,Mahindra & Mahindra,M&M.NS,Stock,Automobile,https://1drv.ms/i/c/8705623eb284e7df/IQTKhiFr0T0YRZJzbYFcVbq9AVQFbUAdR0tgyDL12thMjF8?width=600&height=600
16-11-2022,1254.025146,1262.114422,1243.596913,1256.218009,2478281,20,Mahindra & Mahindra,M&M.NS,Stock,Automobile,https://1drv.ms/i/c/8705623eb284e7df/IQTKhiFr0T0YRZJzbYFcVbq9AVQFbUAdR0tgyDL12thMjF8?width=600&height=600
17-11-2022,1227.369629,1252.368288,1222.301727,1247.690133,2319979,20,Mahindra & Mahindra,M&M.NS,Stock,Automobile,https://1drv.ms/i/c/8705623eb284e7df/IQTKhiFr0T0YRZJzbYFcVbq9AVQFbUAdR0tgyDL12thMjF8?width=600&height=600
18-11-2022,1195.987427,1224.056,1186.338806,1218.305921,4525364,20,Mahindra & Mahindra,M&M.NS,Stock,Automobile,https://1drv.ms/i/c/8705623eb284e7df/IQTKhiFr0T0YRZJzbYFcVbq9AVQFbUAdR0tgyDL12thMjF8?width=600&height=600
21-11-2022,1187.313477,1203.540686,1171.476133,1187.069825,4120736,20,Mahindra & Mahindra,M&M.NS,Stock,Automobile,https://1drv.ms/i/c/8705623eb284e7df/IQTKhiFr0T0YRZJzbYFcVbq9AVQFbUAdR0tgyDL12thMjF8?width=600&height=600
22-11-2022,1197.254272,1204.076512,1185.071702,1189.65242,2469455,20,Mahindra & Mahindra,M&M.NS,Stock,Automobile,https://1drv.ms/i/c/8705623eb284e7df/IQTKhiFr0T0YRZJzbYFcVbq9AVQFbUAdR0tgyDL12thMjF8?width=600&height=600
23-11-2022,1204.32019,1208.852131,1192.917352,1203.248148,2396267,20,Mahindra & Mahindra,M&M.NS,Stock,Automobile,https://1drv.ms/i/c/8705623eb284e7df/IQTKhiFr0T0YRZJzbYFcVbq9AVQFbUAdR0tgyDL12thMjF8?width=600&height=600
24-11-2022,1222.204224,1225.079263,1207.195273,1210.362742,2133523,20,Mahindra & Mahindra,M&M.NS,Stock,Automobile,https://1drv.ms/i/c/8705623eb284e7df/IQTKhiFr0T0YRZJzbYFcVbq9AVQFbUAdR0tgyDL12thMjF8?width=600&height=600
25-11-2022,1228.782959,1235.507643,1214.358747,1226.054015,1370326,20,Mahindra & Mahindra,M&M.NS,Stock,Automobile,https://1drv.ms/i/c/8705623eb284e7df/IQTKhiFr0T0YRZJzbYFcVbq9AVQFbUAdR0tgyDL12thMjF8?width=600&height=600
28-11-2022,1218.939331,1239.698481,1214.358732,1226.931169,2126619,20,Mahindra & Mahindra,M&M.NS,Stock,Automobile,https://1drv.ms/i/c/8705623eb284e7df/IQTKhiFr0T0YRZJzbYFcVbq9AVQFbUAdR0tgyDL12thMjF8?width=600&height=600
29-11-2022,1225.176758,1232.876166,1216.843951,1224.104715,2435651,20,Mahindra & Mahindra,M&M.NS,Stock,Automobile,https://1drv.ms/i/c/8705623eb284e7df/IQTKhiFr0T0YRZJzbYFcVbq9AVQFbUAdR0tgyDL12thMjF8?width=600&height=600
30-11-2022,1272.44519,1282.581114,1225.712894,1230.049842,7536690,20,Mahindra & Mahindra,M&M.NS,Stock,Automobile,https://1drv.ms/i/c/8705623eb284e7df/IQTKhiFr0T0YRZJzbYFcVbq9AVQFbUAdR0tgyDL12thMjF8?width=600&height=600
01-12-2022,1260.60376,1283.506995,1255.292206,1281.606561,2613761,20,Mahindra & Mahindra,M&M.NS,Stock,Automobile,https://1drv.ms/i/c/8705623eb284e7df/IQTKhiFr0T0YRZJzbYFcVbq9AVQFbUAdR0tgyDL12thMjF8?width=600&height=600
02-12-2022,1232.48645,1260.94501,1228.003287,1253.781563,2892150,20,Mahindra & Mahindra,M&M.NS,Stock,Automobile,https://1drv.ms/i/c/8705623eb284e7df/IQTKhiFr0T0YRZJzbYFcVbq9AVQFbUAdR0tgyDL12thMjF8?width=600&height=600
05-12-2022,1227.808228,1237.213077,1220.790996,1237.213077,2764806,20,Mahindra & Mahindra,M&M.NS,Stock,Automobile,https://1drv.ms/i/c/8705623eb284e7df/IQTKhiFr0T0YRZJzbYFcVbq9AVQFbUAdR0tgyDL12thMjF8?width=600&height=600
06-12-2022,1230.975708,1233.314666,1216.795148,1216.795148,1686075,20,Mahindra & Mahindra,M&M.NS,Stock,Automobile,https://1drv.ms/i/c/8705623eb284e7df/IQTKhiFr0T0YRZJzbYFcVbq9AVQFbUAdR0tgyDL12thMjF8?width=600&height=600
07-12-2022,1234.435547,1236.677188,1220.596194,1229.952384,1731982,20,Mahindra & Mahindra,M&M.NS,Stock,Automobile,https://1drv.ms/i/c/8705623eb284e7df/IQTKhiFr0T0YRZJzbYFcVbq9AVQFbUAdR0tgyDL12thMjF8?width=600&height=600
08-12-2022,1241.98877,1249.444527,1237.261956,1240.624298,1906386,20,Mahindra & Mahindra,M&M.NS,Stock,Automobile,https://1drv.ms/i/c/8705623eb284e7df/IQTKhiFr0T0YRZJzbYFcVbq9AVQFbUAdR0tgyDL12thMjF8?width=600&height=600
09-12-2022,1233.266113,1252.027274,1224.592098,1248.957242,1308941,20,Mahindra & Mahindra,M&M.NS,Stock,Automobile,https://1drv.ms/i/c/8705623eb284e7df/IQTKhiFr0T0YRZJzbYFcVbq9AVQFbUAdR0tgyDL12thMjF8?width=600&height=600
12-12-2022,1231.901611,1244.863915,1224.592069,1231.804175,1723401,20,Mahindra & Mahindra,M&M.NS,Stock,Automobile,https://1drv.ms/i/c/8705623eb284e7df/IQTKhiFr0T0YRZJzbYFcVbq9AVQFbUAdR0tgyDL12thMjF8?width=600&height=600
13-12-2022,1250.760132,1253.294083,1234.825353,1235.799959,2164600,20,Mahindra & Mahindra,M&M.NS,Stock,Automobile,https://1drv.ms/i/c/8705623eb284e7df/IQTKhiFr0T0YRZJzbYFcVbq9AVQFbUAdR0tgyDL12thMjF8?width=600&height=600
14-12-2022,1253.781494,1258.215998,1244.035437,1254.317575,1436837,20,Mahindra & Mahindra,M&M.NS,Stock,Automobile,https://1drv.ms/i/c/8705623eb284e7df/IQTKhiFr0T0YRZJzbYFcVbq9AVQFbUAdR0tgyDL12thMjF8?width=600&height=600
15-12-2022,1254.268799,1260.652514,1249.200897,1253.245534,2417555,20,Mahindra & Mahindra,M&M.NS,Stock,Automobile,https://1drv.ms/i/c/8705623eb284e7df/IQTKhiFr0T0YRZJzbYFcVbq9AVQFbUAdR0tgyDL12thMjF8?width=600&height=600
16-12-2022,1219.816406,1254.31747,1218.257061,1245.497241,2136354,20,Mahindra & Mahindra,M&M.NS,Stock,Automobile,https://1drv.ms/i/c/8705623eb284e7df/IQTKhiFr0T0YRZJzbYFcVbq9AVQFbUAdR0tgyDL12thMjF8?width=600&height=600
19-12-2022,1257.874878,1262.016952,1213.432882,1219.134301,2767603,20,Mahindra & Mahindra,M&M.NS,Stock,Automobile,https://1drv.ms/i/c/8705623eb284e7df/IQTKhiFr0T0YRZJzbYFcVbq9AVQFbUAdR0tgyDL12thMjF8?width=600&height=600
20-12-2022,1242.865967,1255.29219,1231.024483,1255.243412,1286604,20,Mahindra & Mahindra,M&M.NS,Stock,Automobile,https://1drv.ms/i/c/8705623eb284e7df/IQTKhiFr0T0YRZJzbYFcVbq9AVQFbUAdR0tgyDL12thMjF8?width=600&height=600
21-12-2022,1233.558472,1251.881108,1226.541358,1247.397945,1251993,20,Mahindra & Mahindra,M&M.NS,Stock,Automobile,https://1drv.ms/i/c/8705623eb284e7df/IQTKhiFr0T0YRZJzbYFcVbq9AVQFbUAdR0tgyDL12thMjF8?width=600&height=600
22-12-2022,1202.614624,1245.204963,1198.082803,1233.558354,1557590,20,Mahindra & Mahindra,M&M.NS,Stock,Automobile,https://1drv.ms/i/c/8705623eb284e7df/IQTKhiFr0T0YRZJzbYFcVbq9AVQFbUAdR0tgyDL12thMjF8?width=600&height=600
23-12-2022,1193.502075,1198.76497,1177.323645,1189.018913,1913648,20,Mahindra & Mahindra,M&M.NS,Stock,Automobile,https://1drv.ms/i/c/8705623eb284e7df/IQTKhiFr0T0YRZJzbYFcVbq9AVQFbUAdR0tgyDL12thMjF8?width=600&height=600
26-12-2022,1205.635986,1215.723131,1185.412919,1193.502074,1677560,20,Mahindra & Mahindra,M&M.NS,Stock,Automobile,https://1drv.ms/i/c/8705623eb284e7df/IQTKhiFr0T0YRZJzbYFcVbq9AVQFbUAdR0tgyDL12thMjF8?width=600&height=600
27-12-2022,1202.907104,1216.795236,1192.868618,1211.678556,1304940,20,Mahindra & Mahindra,M&M.NS,Stock,Automobile,https://1drv.ms/i/c/8705623eb284e7df/IQTKhiFr0T0YRZJzbYFcVbq9AVQFbUAdR0tgyDL12thMjF8?width=600&height=600
28-12-2022,1220.547363,1223.130092,1193.891923,1198.618736,1959508,20,Mahindra & Mahindra,M&M.NS,Stock,Automobile,https://1drv.ms/i/c/8705623eb284e7df/IQTKhiFr0T0YRZJzbYFcVbq9AVQFbUAdR0tgyDL12thMjF8?width=600&height=600
29-12-2022,1230.293579,1235.410259,1207.098033,1216.015581,1289676,20,Mahindra & Mahindra,M&M.NS,Stock,Automobile,https://1drv.ms/i/c/8705623eb284e7df/IQTKhiFr0T0YRZJzbYFcVbq9AVQFbUAdR0tgyDL12thMjF8?width=600&height=600
30-12-2022,1217.477417,1233.217323,1213.384121,1233.217323,1372710,20,Mahindra & Mahindra,M&M.NS,Stock,Automobile,https://1drv.ms/i/c/8705623eb284e7df/IQTKhiFr0T0YRZJzbYFcVbq9AVQFbUAdR0tgyDL12thMjF8?width=600&height=600
02-01-2023,1230.780762,1238.723822,1211.044997,1219.231708,1718385,20,Mahindra & Mahindra,M&M.NS,Stock,Automobile,https://1drv.ms/i/c/8705623eb284e7df/IQTKhiFr0T0YRZJzbYFcVbq9AVQFbUAdR0tgyDL12thMjF8?width=600&height=600
03-01-2023,1217.575073,1232.876337,1215.041003,1230.927125,1510751,20,Mahindra & Mahindra,M&M.NS,Stock,Automobile,https://1drv.ms/i/c/8705623eb284e7df/IQTKhiFr0T0YRZJzbYFcVbq9AVQFbUAdR0tgyDL12thMjF8?width=600&height=600
04-01-2023,1204.807495,1223.909862,1199.739593,1220.547401,1344532,20,Mahindra & Mahindra,M&M.NS,Stock,Automobile,https://1drv.ms/i/c/8705623eb284e7df/IQTKhiFr0T0YRZJzbYFcVbq9AVQFbUAdR0tgyDL12thMjF8?width=600&height=600
05-01-2023,1220.839966,1223.130266,1199.739727,1208.511179,2745160,20,Mahindra & Mahindra,M&M.NS,Stock,Automobile,https://1drv.ms/i/c/8705623eb284e7df/IQTKhiFr0T0YRZJzbYFcVbq9AVQFbUAdR0tgyDL12thMjF8?width=600&height=600
06-01-2023,1232.778809,1242.573525,1216.454163,1220.839888,2214972,20,Mahindra & Mahindra,M&M.NS,Stock,Automobile,https://1drv.ms/i/c/8705623eb284e7df/IQTKhiFr0T0YRZJzbYFcVbq9AVQFbUAdR0tgyDL12thMjF8?width=600&height=600
09-01-2023,1277.074585,1280.534483,1239.357391,1240.624307,3634805,20,Mahindra & Mahindra,M&M.NS,Stock,Automobile,https://1drv.ms/i/c/8705623eb284e7df/IQTKhiFr0T0YRZJzbYFcVbq9AVQFbUAdR0tgyDL12thMjF8?width=600&height=600
10-01-2023,1281.508911,1292.716875,1272.591246,1277.220623,3139930,20,Mahindra & Mahindra,M&M.NS,Stock,Automobile,https://1drv.ms/i/c/8705623eb284e7df/IQTKhiFr0T0YRZJzbYFcVbq9AVQFbUAdR0tgyDL12thMjF8?width=600&height=600
11-01-2023,1279.267456,1286.479562,1267.474751,1282.093836,2041750,20,Mahindra & Mahindra,M&M.NS,Stock,Automobile,https://1drv.ms/i/c/8705623eb284e7df/IQTKhiFr0T0YRZJzbYFcVbq9AVQFbUAdR0tgyDL12thMjF8?width=600&height=600
12-01-2023,1286.38208,1293.301757,1276.73346,1282.581094,2448619,20,Mahindra & Mahindra,M&M.NS,Stock,Automobile,https://1drv.ms/i/c/8705623eb284e7df/IQTKhiFr0T0YRZJzbYFcVbq9AVQFbUAdR0tgyDL12thMjF8?width=600&height=600
13-01-2023,1294.422607,1303.047844,1278.292835,1291.352576,2600139,20,Mahindra & Mahindra,M&M.NS,Stock,Automobile,https://1drv.ms/i/c/8705623eb284e7df/IQTKhiFr0T0YRZJzbYFcVbq9AVQFbUAdR0tgyDL12thMjF8?width=600&height=600
16-01-2023,1282.191284,1301.342311,1269.862498,1299.149448,1651972,20,Mahindra & Mahindra,M&M.NS,Stock,Automobile,https://1drv.ms/i/c/8705623eb284e7df/IQTKhiFr0T0YRZJzbYFcVbq9AVQFbUAdR0tgyDL12thMjF8?width=600&height=600
17-01-2023,1287.307861,1290.231678,1270.983217,1285.456087,1607137,20,Mahindra & Mahindra,M&M.NS,Stock,Automobile,https://1drv.ms/i/c/8705623eb284e7df/IQTKhiFr0T0YRZJzbYFcVbq9AVQFbUAdR0tgyDL12thMjF8?width=600&height=600
18-01-2023,1288.574951,1291.352554,1274.881693,1286.820613,1179938,20,Mahindra & Mahindra,M&M.NS,Stock,Automobile,https://1drv.ms/i/c/8705623eb284e7df/IQTKhiFr0T0YRZJzbYFcVbq9AVQFbUAdR0tgyDL12thMjF8?width=600&height=600
19-01-2023,1286.041016,1294.958563,1278.975124,1284.140463,2066881,20,Mahindra & Mahindra,M&M.NS,Stock,Automobile,https://1drv.ms/i/c/8705623eb284e7df/IQTKhiFr0T0YRZJzbYFcVbq9AVQFbUAdR0tgyDL12thMjF8?width=600&height=600
20-01-2023,1281.362793,1291.352501,1278.341539,1290.426673,1332666,20,Mahindra & Mahindra,M&M.NS,Stock,Automobile,https://1drv.ms/i/c/8705623eb284e7df/IQTKhiFr0T0YRZJzbYFcVbq9AVQFbUAdR0tgyDL12thMjF8?width=600&height=600
23-01-2023,1294.714966,1311.770567,1278.975178,1287.795289,1681075,20,Mahindra & Mahindra,M&M.NS,Stock,Automobile,https://1drv.ms/i/c/8705623eb284e7df/IQTKhiFr0T0YRZJzbYFcVbq9AVQFbUAdR0tgyDL12thMjF8?width=600&height=600
24-01-2023,1290.280518,1301.196054,1287.502915,1301.196054,1408040,20,Mahindra & Mahindra,M&M.NS,Stock,Automobile,https://1drv.ms/i/c/8705623eb284e7df/IQTKhiFr0T0YRZJzbYFcVbq9AVQFbUAdR0tgyDL12thMjF8?width=600&height=600
25-01-2023,1278.195313,1298.174728,1272.883759,1291.255052,1359090,20,Mahindra & Mahindra,M&M.NS,Stock,Automobile,https://1drv.ms/i/c/8705623eb284e7df/IQTKhiFr0T0YRZJzbYFcVbq9AVQFbUAdR0tgyDL12thMjF8?width=600&height=600
27-01-2023,1286.674316,1305.776682,1253.976369,1284.627668,1914769,20,Mahindra & Mahindra,M&M.NS,Stock,Automobile,https://1drv.ms/i/c/8705623eb284e7df/IQTKhiFr0T0YRZJzbYFcVbq9AVQFbUAdR0tgyDL12thMjF8?width=600&height=600
30-01-2023,1297.784912,1307.920835,1271.860425,1286.576947,2402331,20,Mahindra & Mahindra,M&M.NS,Stock,Automobile,https://1drv.ms/i/c/8705623eb284e7df/IQTKhiFr0T0YRZJzbYFcVbq9AVQFbUAdR0tgyDL12thMjF8?width=600&height=600
31-01-2023,1343.737671,1350.31626,1301.391099,1316.010185,5265862,20,Mahindra & Mahindra,M&M.NS,Stock,Automobile,https://1drv.ms/i/c/8705623eb284e7df/IQTKhiFr0T0YRZJzbYFcVbq9AVQFbUAdR0tgyDL12thMjF8?width=600&height=600
01-02-2023,1317.715698,1354.701937,1288.428749,1351.339595,3010838,20,Mahindra & Mahindra,M&M.NS,Stock,Automobile,https://1drv.ms/i/c/8705623eb284e7df/IQTKhiFr0T0YRZJzbYFcVbq9AVQFbUAdR0tgyDL12thMjF8?width=600&height=600
02-02-2023,1318.056763,1343.201518,1296.712874,1313.817252,2029111,20,Mahindra & Mahindra,M&M.NS,Stock,Automobile,https://1drv.ms/i/c/8705623eb284e7df/IQTKhiFr0T0YRZJzbYFcVbq9AVQFbUAdR0tgyDL12thMjF8?width=600&height=600
03-02-2023,1352.752686,1356.60233,1316.25375,1324.683994,1803085,20,Mahindra & Mahindra,M&M.NS,Stock,Automobile,https://1drv.ms/i/c/8705623eb284e7df/IQTKhiFr0T0YRZJzbYFcVbq9AVQFbUAdR0tgyDL12thMjF8?width=600&height=600
06-02-2023,1341.057373,1356.553627,1325.463683,1356.553627,1504382,20,Mahindra & Mahindra,M&M.NS,Stock,Automobile,https://1drv.ms/i/c/8705623eb284e7df/IQTKhiFr0T0YRZJzbYFcVbq9AVQFbUAdR0tgyDL12thMjF8?width=600&height=600
07-02-2023,1331.99353,1349.828862,1326.438326,1347.782214,1413825,20,Mahindra & Mahindra,M&M.NS,Stock,Automobile,https://1drv.ms/i/c/8705623eb284e7df/IQTKhiFr0T0YRZJzbYFcVbq9AVQFbUAdR0tgyDL12thMjF8?width=600&height=600
08-02-2023,1338.182373,1344.955835,1325.463721,1338.669676,1241238,20,Mahindra & Mahindra,M&M.NS,Stock,Automobile,https://1drv.ms/i/c/8705623eb284e7df/IQTKhiFr0T0YRZJzbYFcVbq9AVQFbUAdR0tgyDL12thMjF8?width=600&height=600
09-02-2023,1337.353882,1350.803488,1328.387557,1337.159008,1866387,20,Mahindra & Mahindra,M&M.NS,Stock,Automobile,https://1drv.ms/i/c/8705623eb284e7df/IQTKhiFr0T0YRZJzbYFcVbq9AVQFbUAdR0tgyDL12thMjF8?width=600&height=600
10-02-2023,1330.775269,1351.729291,1316.497391,1343.542698,3282665,20,Mahindra & Mahindra,M&M.NS,Stock,Automobile,https://1drv.ms/i/c/8705623eb284e7df/IQTKhiFr0T0YRZJzbYFcVbq9AVQFbUAdR0tgyDL12thMjF8?width=600&height=600
13-02-2023,1318.641479,1348.854255,1291.401298,1340.082804,4401219,20,Mahindra & Mahindra,M&M.NS,Stock,Automobile,https://1drv.ms/i/c/8705623eb284e7df/IQTKhiFr0T0YRZJzbYFcVbq9AVQFbUAdR0tgyDL12thMjF8?width=600&height=600
14-02-2023,1328.533691,1342.031956,1315.717604,1323.514449,2373179,20,Mahindra & Mahindra,M&M.NS,Stock,Automobile,https://1drv.ms/i/c/8705623eb284e7df/IQTKhiFr0T0YRZJzbYFcVbq9AVQFbUAdR0tgyDL12thMjF8?width=600&height=600
15-02-2023,1344.322388,1348.025937,1325.512569,1329.557087,2007214,20,Mahindra & Mahindra,M&M.NS,Stock,Automobile,https://1drv.ms/i/c/8705623eb284e7df/IQTKhiFr0T0YRZJzbYFcVbq9AVQFbUAdR0tgyDL12thMjF8?width=600&height=600
16-02-2023,1333.40686,1361.524212,1328.582491,1345.053351,2646301,20,Mahindra & Mahindra,M&M.NS,Stock,Automobile,https://1drv.ms/i/c/8705623eb284e7df/IQTKhiFr0T0YRZJzbYFcVbq9AVQFbUAdR0tgyDL12thMjF8?width=600&height=600
17-02-2023,1307.433594,1337.695149,1298.467269,1325.415022,2150027,20,Mahindra & Mahindra,M&M.NS,Stock,Automobile,https://1drv.ms/i/c/8705623eb284e7df/IQTKhiFr0T0YRZJzbYFcVbq9AVQFbUAdR0tgyDL12thMjF8?width=600&height=600
20-02-2023,1312.062988,1320.542011,1298.759596,1308.018351,1497314,20,Mahindra & Mahindra,M&M.NS,Stock,Automobile,https://1drv.ms/i/c/8705623eb284e7df/IQTKhiFr0T0YRZJzbYFcVbq9AVQFbUAdR0tgyDL12thMjF8?width=600&height=600
21-02-2023,1317.520752,1327.80289,1306.946303,1320.103481,2118816,20,Mahindra & Mahindra,M&M.NS,Stock,Automobile,https://1drv.ms/i/c/8705623eb284e7df/IQTKhiFr0T0YRZJzbYFcVbq9AVQFbUAdR0tgyDL12thMjF8?width=600&height=600
22-02-2023,1286.23584,1318.495264,1277.854255,1312.696408,2196484,20,Mahindra & Mahindra,M&M.NS,Stock,Automobile,https://1drv.ms/i/c/8705623eb284e7df/IQTKhiFr0T0YRZJzbYFcVbq9AVQFbUAdR0tgyDL12thMjF8?width=600&height=600
23-02-2023,1280.583252,1292.570951,1271.860578,1291.596345,1847879,20,Mahindra & Mahindra,M&M.NS,Stock,Automobile,https://1drv.ms/i/c/8705623eb284e7df/IQTKhiFr0T0YRZJzbYFcVbq9AVQFbUAdR0tgyDL12thMjF8?width=600&height=600
24-02-2023,1247.690186,1287.015621,1245.740974,1286.674414,2824384,20,Mahindra & Mahindra,M&M.NS,Stock,Automobile,https://1drv.ms/i/c/8705623eb284e7df/IQTKhiFr0T0YRZJzbYFcVbq9AVQFbUAdR0tgyDL12thMjF8?width=600&height=600
27-02-2023,1225.469238,1252.758198,1216.697787,1237.798024,2019964,20,Mahindra & Mahindra,M&M.NS,Stock,Automobile,https://1drv.ms/i/c/8705623eb284e7df/IQTKhiFr0T0YRZJzbYFcVbq9AVQFbUAdR0tgyDL12thMjF8?width=600&height=600
28-02-2023,1237.359253,1260.408699,1228.003063,1231.609056,3407211,20,Mahindra & Mahindra,M&M.NS,Stock,Automobile,https://1drv.ms/i/c/8705623eb284e7df/IQTKhiFr0T0YRZJzbYFcVbq9AVQFbUAdR0tgyDL12thMjF8?width=600&height=600
01-03-2023,1239.844727,1272.396582,1236.823473,1243.548157,2338935,20,Mahindra & Mahindra,M&M.NS,Stock,Automobile,https://1drv.ms/i/c/8705623eb284e7df/IQTKhiFr0T0YRZJzbYFcVbq9AVQFbUAdR0tgyDL12thMjF8?width=600&height=600
02-03-2023,1219.767944,1246.082301,1218.257258,1246.082301,1563750,20,Mahindra & Mahindra,M&M.NS,Stock,Automobile,https://1drv.ms/i/c/8705623eb284e7df/IQTKhiFr0T0YRZJzbYFcVbq9AVQFbUAdR0tgyDL12thMjF8?width=600&height=600
03-03-2023,1236.384766,1244.522699,1221.424592,1225.956532,1493291,20,Mahindra & Mahindra,M&M.NS,Stock,Automobile,https://1drv.ms/i/c/8705623eb284e7df/IQTKhiFr0T0YRZJzbYFcVbq9AVQFbUAdR0tgyDL12thMjF8?width=600&height=600
06-03-2023,1238.187744,1251.63735,1235.800008,1237.310694,1570410,20,Mahindra & Mahindra,M&M.NS,Stock,Automobile,https://1drv.ms/i/c/8705623eb284e7df/IQTKhiFr0T0YRZJzbYFcVbq9AVQFbUAdR0tgyDL12thMjF8?width=600&height=600
08-03-2023,1257.192505,1259.141716,1226.346331,1237.74917,2370800,20,Mahindra & Mahindra,M&M.NS,Stock,Automobile,https://1drv.ms/i/c/8705623eb284e7df/IQTKhiFr0T0YRZJzbYFcVbq9AVQFbUAdR0tgyDL12thMjF8?width=600&height=600
09-03-2023,1216.454224,1261.919607,1213.335414,1258.216057,3596577,20,Mahindra & Mahindra,M&M.NS,Stock,Automobile,https://1drv.ms/i/c/8705623eb284e7df/IQTKhiFr0T0YRZJzbYFcVbq9AVQFbUAdR0tgyDL12thMjF8?width=600&height=600
10-03-2023,1195.548828,1224.787001,1194.233134,1217.282584,2664696,20,Mahindra & Mahindra,M&M.NS,Stock,Automobile,https://1drv.ms/i/c/8705623eb284e7df/IQTKhiFr0T0YRZJzbYFcVbq9AVQFbUAdR0tgyDL12thMjF8?width=600&height=600
13-03-2023,1163.143188,1199.739682,1152.422525,1191.650407,3842775,20,Mahindra & Mahindra,M&M.NS,Stock,Automobile,https://1drv.ms/i/c/8705623eb284e7df/IQTKhiFr0T0YRZJzbYFcVbq9AVQFbUAdR0tgyDL12thMjF8?width=600&height=600
14-03-2023,1131.322266,1162.11978,1127.472502,1162.022343,5379592,20,Mahindra & Mahindra,M&M.NS,Stock,Automobile,https://1drv.ms/i/c/8705623eb284e7df/IQTKhiFr0T0YRZJzbYFcVbq9AVQFbUAdR0tgyDL12thMjF8?width=600&height=600
15-03-2023,1130.883667,1144.576924,1123.915213,1137.364819,2226887,20,Mahindra & Mahindra,M&M.NS,Stock,Automobile,https://1drv.ms/i/c/8705623eb284e7df/IQTKhiFr0T0YRZJzbYFcVbq9AVQFbUAdR0tgyDL12thMjF8?width=600&height=600
16-03-2023,1137.413696,1145.405416,1111.196778,1130.542678,3604480,20,Mahindra & Mahindra,M&M.NS,Stock,Automobile,https://1drv.ms/i/c/8705623eb284e7df/IQTKhiFr0T0YRZJzbYFcVbq9AVQFbUAdR0tgyDL12thMjF8?width=600&height=600
17-03-2023,1141.750488,1156.125921,1122.745679,1143.11496,3683701,20,Mahindra & Mahindra,M&M.NS,Stock,Automobile,https://1drv.ms/i/c/8705623eb284e7df/IQTKhiFr0T0YRZJzbYFcVbq9AVQFbUAdR0tgyDL12thMjF8?width=600&height=600
20-03-2023,1137.998413,1149.206379,1115.923569,1140.239935,2082268,20,Mahindra & Mahindra,M&M.NS,Stock,Automobile,https://1drv.ms/i/c/8705623eb284e7df/IQTKhiFr0T0YRZJzbYFcVbq9AVQFbUAdR0tgyDL12thMjF8?width=600&height=600
21-03-2023,1130.834961,1145.161616,1127.033975,1140.873328,2209422,20,Mahindra & Mahindra,M&M.NS,Stock,Automobile,https://1drv.ms/i/c/8705623eb284e7df/IQTKhiFr0T0YRZJzbYFcVbq9AVQFbUAdR0tgyDL12thMjF8?width=600&height=600
22-03-2023,1134.538452,1150.522009,1129.714202,1137.852135,2211909,20,Mahindra & Mahindra,M&M.NS,Stock,Automobile,https://1drv.ms/i/c/8705623eb284e7df/IQTKhiFr0T0YRZJzbYFcVbq9AVQFbUAdR0tgyDL12thMjF8?width=600&height=600
23-03-2023,1135.366821,1145.161656,1124.500063,1131.517177,2594282,20,Mahindra & Mahindra,M&M.NS,Stock,Automobile,https://1drv.ms/i/c/8705623eb284e7df/IQTKhiFr0T0YRZJzbYFcVbq9AVQFbUAdR0tgyDL12thMjF8?width=600&height=600
24-03-2023,1121.576294,1140.824757,1117.970181,1131.0787,1839876,20,Mahindra & Mahindra,M&M.NS,Stock,Automobile,https://1drv.ms/i/c/8705623eb284e7df/IQTKhiFr0T0YRZJzbYFcVbq9AVQFbUAdR0tgyDL12thMjF8?width=600&height=600
27-03-2023,1109.003784,1121.381228,1096.91865,1112.512341,2446528,20,Mahindra & Mahindra,M&M.NS,Stock,Automobile,https://1drv.ms/i/c/8705623eb284e7df/IQTKhiFr0T0YRZJzbYFcVbq9AVQFbUAdR0tgyDL12thMjF8?width=600&height=600
28-03-2023,1099.647705,1119.821996,1094.872113,1114.559102,1903339,20,Mahindra & Mahindra,M&M.NS,Stock,Automobile,https://1drv.ms/i/c/8705623eb284e7df/IQTKhiFr0T0YRZJzbYFcVbq9AVQFbUAdR0tgyDL12thMjF8?width=600&height=600
29-03-2023,1115.241333,1123.184274,1103.253635,1105.154069,4003003,20,Mahindra & Mahindra,M&M.NS,Stock,Automobile,https://1drv.ms/i/c/8705623eb284e7df/IQTKhiFr0T0YRZJzbYFcVbq9AVQFbUAdR0tgyDL12thMjF8?width=600&height=600
31-03-2023,1129.275635,1133.466487,1116.751975,1118.457535,2343070,20,Mahindra & Mahindra,M&M.NS,Stock,Automobile,https://1drv.ms/i/c/8705623eb284e7df/IQTKhiFr0T0YRZJzbYFcVbq9AVQFbUAdR0tgyDL12thMjF8?width=600&height=600
03-04-2023,1140.191284,1150.034778,1125.962064,1131.809699,2546562,20,Mahindra & Mahindra,M&M.NS,Stock,Automobile,https://1drv.ms/i/c/8705623eb284e7df/IQTKhiFr0T0YRZJzbYFcVbq9AVQFbUAdR0tgyDL12thMjF8?width=600&height=600
05-04-2023,1126.108032,1143.504838,1122.696913,1142.237803,2028469,20,Mahindra & Mahindra,M&M.NS,Stock,Automobile,https://1drv.ms/i/c/8705623eb284e7df/IQTKhiFr0T0YRZJzbYFcVbq9AVQFbUAdR0tgyDL12thMjF8?width=600&height=600
06-04-2023,1141.506836,1145.161607,1119.139684,1124.694889,2029418,20,Mahindra & Mahindra,M&M.NS,Stock,Automobile,https://1drv.ms/i/c/8705623eb284e7df/IQTKhiFr0T0YRZJzbYFcVbq9AVQFbUAdR0tgyDL12thMjF8?width=600&height=600
10-04-2023,1158.41626,1160.755337,1141.506875,1141.506875,2586918,20,Mahindra & Mahindra,M&M.NS,Stock,Automobile,https://1drv.ms/i/c/8705623eb284e7df/IQTKhiFr0T0YRZJzbYFcVbq9AVQFbUAdR0tgyDL12thMjF8?width=600&height=600
11-04-2023,1171.183472,1173.619986,1158.026296,1169.52669,2443384,20,Mahindra & Mahindra,M&M.NS,Stock,Automobile,https://1drv.ms/i/c/8705623eb284e7df/IQTKhiFr0T0YRZJzbYFcVbq9AVQFbUAdR0tgyDL12thMjF8?width=600&height=600
12-04-2023,1176.690186,1182.147954,1168.162386,1172.937977,2469405,20,Mahindra & Mahindra,M&M.NS,Stock,Automobile,https://1drv.ms/i/c/8705623eb284e7df/IQTKhiFr0T0YRZJzbYFcVbq9AVQFbUAdR0tgyDL12thMjF8?width=600&height=600
13-04-2023,1173.961304,1191.162999,1169.088275,1182.635199,4470196,20,Mahindra & Mahindra,M&M.NS,Stock,Automobile,https://1drv.ms/i/c/8705623eb284e7df/IQTKhiFr0T0YRZJzbYFcVbq9AVQFbUAdR0tgyDL12thMjF8?width=600&height=600
17-04-2023,1182.147949,1187.995583,1172.840536,1187.995583,1956198,20,Mahindra & Mahindra,M&M.NS,Stock,Automobile,https://1drv.ms/i/c/8705623eb284e7df/IQTKhiFr0T0YRZJzbYFcVbq9AVQFbUAdR0tgyDL12thMjF8?width=600&height=600
18-04-2023,1174.107422,1186.972288,1172.060774,1182.196697,2075066,20,Mahindra & Mahindra,M&M.NS,Stock,Automobile,https://1drv.ms/i/c/8705623eb284e7df/IQTKhiFr0T0YRZJzbYFcVbq9AVQFbUAdR0tgyDL12thMjF8?width=600&height=600
19-04-2023,1184.633179,1187.020915,1172.840474,1174.058731,1818732,20,Mahindra & Mahindra,M&M.NS,Stock,Automobile,https://1drv.ms/i/c/8705623eb284e7df/IQTKhiFr0T0YRZJzbYFcVbq9AVQFbUAdR0tgyDL12thMjF8?width=600&height=600
20-04-2023,1187.654419,1193.794482,1183.707337,1187.069679,2172677,20,Mahindra & Mahindra,M&M.NS,Stock,Automobile,https://1drv.ms/i/c/8705623eb284e7df/IQTKhiFr0T0YRZJzbYFcVbq9AVQFbUAdR0tgyDL12thMjF8?width=600&height=600
21-04-2023,1181.953125,1190.91945,1178.347131,1190.91945,1015815,20,Mahindra & Mahindra,M&M.NS,Stock,Automobile,https://1drv.ms/i/c/8705623eb284e7df/IQTKhiFr0T0YRZJzbYFcVbq9AVQFbUAdR0tgyDL12thMjF8?width=600&height=600
24-04-2023,1177.079956,1186.192495,1165.62834,1179.662685,1389756,20,Mahindra & Mahindra,M&M.NS,Stock,Automobile,https://1drv.ms/i/c/8705623eb284e7df/IQTKhiFr0T0YRZJzbYFcVbq9AVQFbUAdR0tgyDL12thMjF8?width=600&height=600
25-04-2023,1179.126709,1184.145952,1168.942127,1177.080061,1360260,20,Mahindra & Mahindra,M&M.NS,Stock,Automobile,https://1drv.ms/i/c/8705623eb284e7df/IQTKhiFr0T0YRZJzbYFcVbq9AVQFbUAdR0tgyDL12thMjF8?width=600&height=600
26-04-2023,1182.732788,1186.338782,1174.692291,1181.222102,1708865,20,Mahindra & Mahindra,M&M.NS,Stock,Automobile,https://1drv.ms/i/c/8705623eb284e7df/IQTKhiFr0T0YRZJzbYFcVbq9AVQFbUAdR0tgyDL12thMjF8?width=600&height=600
27-04-2023,1192.917358,1193.891964,1179.321657,1179.321657,1340045,20,Mahindra & Mahindra,M&M.NS,Stock,Automobile,https://1drv.ms/i/c/8705623eb284e7df/IQTKhiFr0T0YRZJzbYFcVbq9AVQFbUAdR0tgyDL12thMjF8?width=600&height=600
28-04-2023,1195.743774,1197.546771,1180.734823,1193.892,2333102,20,Mahindra & Mahindra,M&M.NS,Stock,Automobile,https://1drv.ms/i/c/8705623eb284e7df/IQTKhiFr0T0YRZJzbYFcVbq9AVQFbUAdR0tgyDL12thMjF8?width=600&height=600
02-05-2023,1205.879639,1209.290759,1186.582399,1198.76497,2607580,20,Mahindra & Mahindra,M&M.NS,Stock,Automobile,https://1drv.ms/i/c/8705623eb284e7df/IQTKhiFr0T0YRZJzbYFcVbq9AVQFbUAdR0tgyDL12thMjF8?width=600&height=600
03-05-2023,1204.07666,1210.460376,1198.862543,1205.879776,1307304,20,Mahindra & Mahindra,M&M.NS,Stock,Automobile,https://1drv.ms/i/c/8705623eb284e7df/IQTKhiFr0T0YRZJzbYFcVbq9AVQFbUAdR0tgyDL12thMjF8?width=600&height=600
04-05-2023,1200.421753,1206.610594,1196.81576,1203.637999,1541188,20,Mahindra & Mahindra,M&M.NS,Stock,Automobile,https://1drv.ms/i/c/8705623eb284e7df/IQTKhiFr0T0YRZJzbYFcVbq9AVQFbUAdR0tgyDL12thMjF8?width=600&height=600
05-05-2023,1180.442383,1210.801374,1177.37247,1201.493961,4753718,20,Mahindra & Mahindra,M&M.NS,Stock,Automobile,https://1drv.ms/i/c/8705623eb284e7df/IQTKhiFr0T0YRZJzbYFcVbq9AVQFbUAdR0tgyDL12thMjF8?width=600&height=600
08-05-2023,1200.519287,1208.364791,1182.87883,1186.046298,3513667,20,Mahindra & Mahindra,M&M.NS,Stock,Automobile,https://1drv.ms/i/c/8705623eb284e7df/IQTKhiFr0T0YRZJzbYFcVbq9AVQFbUAdR0tgyDL12thMjF8?width=600&height=600
09-05-2023,1213.822632,1218.257135,1202.712222,1207.536473,1846359,20,Mahindra & Mahindra,M&M.NS,Stock,Automobile,https://1drv.ms/i/c/8705623eb284e7df/IQTKhiFr0T0YRZJzbYFcVbq9AVQFbUAdR0tgyDL12thMjF8?width=600&height=600
10-05-2023,1216.941406,1223.909861,1203.638015,1218.2571,2108081,20,Mahindra & Mahindra,M&M.NS,Stock,Automobile,https://1drv.ms/i/c/8705623eb284e7df/IQTKhiFr0T0YRZJzbYFcVbq9AVQFbUAdR0tgyDL12thMjF8?width=600&height=600
11-05-2023,1219.52417,1228.831583,1212.555715,1218.257135,4100467,20,Mahindra & Mahindra,M&M.NS,Stock,Automobile,https://1drv.ms/i/c/8705623eb284e7df/IQTKhiFr0T0YRZJzbYFcVbq9AVQFbUAdR0tgyDL12thMjF8?width=600&height=600
12-05-2023,1243.548096,1246.325817,1219.52416,1224.494626,2427624,20,Mahindra & Mahindra,M&M.NS,Stock,Automobile,https://1drv.ms/i/c/8705623eb284e7df/IQTKhiFr0T0YRZJzbYFcVbq9AVQFbUAdR0tgyDL12thMjF8?width=600&height=600
15-05-2023,1253.001831,1255.048479,1240.283179,1247.397848,2647630,20,Mahindra & Mahindra,M&M.NS,Stock,Automobile,https://1drv.ms/i/c/8705623eb284e7df/IQTKhiFr0T0YRZJzbYFcVbq9AVQFbUAdR0tgyDL12thMjF8?width=600&height=600
16-05-2023,1230.390991,1258.89821,1226.882434,1254.31761,1571371,20,Mahindra & Mahindra,M&M.NS,Stock,Automobile,https://1drv.ms/i/c/8705623eb284e7df/IQTKhiFr0T0YRZJzbYFcVbq9AVQFbUAdR0tgyDL12thMjF8?width=600&height=600
17-05-2023,1231.024414,1239.405999,1228.685337,1232.876189,1643851,20,Mahindra & Mahindra,M&M.NS,Stock,Automobile,https://1drv.ms/i/c/8705623eb284e7df/IQTKhiFr0T0YRZJzbYFcVbq9AVQFbUAdR0tgyDL12thMjF8?width=600&height=600
18-05-2023,1213.87146,1237.700523,1209.729386,1237.700523,1900447,20,Mahindra & Mahindra,M&M.NS,Stock,Automobile,https://1drv.ms/i/c/8705623eb284e7df/IQTKhiFr0T0YRZJzbYFcVbq9AVQFbUAdR0tgyDL12thMjF8?width=600&height=600
19-05-2023,1228.393066,1230.390937,1206.025794,1221.083524,1588996,20,Mahindra & Mahindra,M&M.NS,Stock,Automobile,https://1drv.ms/i/c/8705623eb284e7df/IQTKhiFr0T0YRZJzbYFcVbq9AVQFbUAdR0tgyDL12thMjF8?width=600&height=600
22-05-2023,1233.412354,1237.213221,1219.524222,1227.27229,917769,20,Mahindra & Mahindra,M&M.NS,Stock,Automobile,https://1drv.ms/i/c/8705623eb284e7df/IQTKhiFr0T0YRZJzbYFcVbq9AVQFbUAdR0tgyDL12thMjF8?width=600&height=600
23-05-2023,1236.33606,1238.480144,1224.640792,1233.412243,1803955,20,Mahindra & Mahindra,M&M.NS,Stock,Automobile,https://1drv.ms/i/c/8705623eb284e7df/IQTKhiFr0T0YRZJzbYFcVbq9AVQFbUAdR0tgyDL12thMjF8?width=600&height=600
24-05-2023,1243.304443,1245.546084,1222.64285,1228.003181,1369297,20,Mahindra & Mahindra,M&M.NS,Stock,Automobile,https://1drv.ms/i/c/8705623eb284e7df/IQTKhiFr0T0YRZJzbYFcVbq9AVQFbUAdR0tgyDL12thMjF8?width=600&height=600
25-05-2023,1245.351196,1248.275013,1225.615431,1247.495281,2040166,20,Mahindra & Mahindra,M&M.NS,Stock,Automobile,https://1drv.ms/i/c/8705623eb284e7df/IQTKhiFr0T0YRZJzbYFcVbq9AVQFbUAdR0tgyDL12thMjF8?width=600&height=600
26-05-2023,1249.298218,1259.970221,1236.141042,1257.241278,3508112,20,Mahindra & Mahindra,M&M.NS,Stock,Automobile,https://1drv.ms/i/c/8705623eb284e7df/IQTKhiFr0T0YRZJzbYFcVbq9AVQFbUAdR0tgyDL12thMjF8?width=600&height=600
29-05-2023,1296.371826,1315.717726,1265.038228,1287.941463,6185862,20,Mahindra & Mahindra,M&M.NS,Stock,Automobile,https://1drv.ms/i/c/8705623eb284e7df/IQTKhiFr0T0YRZJzbYFcVbq9AVQFbUAdR0tgyDL12thMjF8?width=600&height=600
30-05-2023,1294.714966,1301.39111,1286.479595,1296.176874,2493657,20,Mahindra & Mahindra,M&M.NS,Stock,Automobile,https://1drv.ms/i/c/8705623eb284e7df/IQTKhiFr0T0YRZJzbYFcVbq9AVQFbUAdR0tgyDL12thMjF8?width=600&height=600
31-05-2023,1285.504883,1294.519985,1270.154843,1291.352517,5629378,20,Mahindra & Mahindra,M&M.NS,Stock,Automobile,https://1drv.ms/i/c/8705623eb284e7df/IQTKhiFr0T0YRZJzbYFcVbq9AVQFbUAdR0tgyDL12thMjF8?width=600&height=600
01-06-2023,1285.407471,1303.729986,1279.4624,1285.504907,2364455,20,Mahindra & Mahindra,M&M.NS,Stock,Automobile,https://1drv.ms/i/c/8705623eb284e7df/IQTKhiFr0T0YRZJzbYFcVbq9AVQFbUAdR0tgyDL12thMjF8?width=600&height=600
02-06-2023,1307.33606,1310.844616,1286.771904,1291.206288,2313841,20,Mahindra & Mahindra,M&M.NS,Stock,Automobile,https://1drv.ms/i/c/8705623eb284e7df/IQTKhiFr0T0YRZJzbYFcVbq9AVQFbUAdR0tgyDL12thMjF8?width=600&height=600
05-06-2023,1359.964844,1365.422612,1312.160386,1315.522847,5105293,20,Mahindra & Mahindra,M&M.NS,Stock,Automobile,https://1drv.ms/i/c/8705623eb284e7df/IQTKhiFr0T0YRZJzbYFcVbq9AVQFbUAdR0tgyDL12thMjF8?width=600&height=600
06-06-2023,1375.363525,1378.969638,1352.801498,1359.964827,2335838,20,Mahindra & Mahindra,M&M.NS,Stock,Automobile,https://1drv.ms/i/c/8705623eb284e7df/IQTKhiFr0T0YRZJzbYFcVbq9AVQFbUAdR0tgyDL12thMjF8?width=600&height=600
07-06-2023,1370.685425,1386.668981,1359.574896,1386.668981,2491079,20,Mahindra & Mahindra,M&M.NS,Stock,Automobile,https://1drv.ms/i/c/8705623eb284e7df/IQTKhiFr0T0YRZJzbYFcVbq9AVQFbUAdR0tgyDL12thMjF8?width=600&height=600
08-06-2023,1345.97937,1379.60327,1342.519472,1376.825548,1776230,20,Mahindra & Mahindra,M&M.NS,Stock,Automobile,https://1drv.ms/i/c/8705623eb284e7df/IQTKhiFr0T0YRZJzbYFcVbq9AVQFbUAdR0tgyDL12thMjF8?width=600&height=600
09-06-2023,1335.843384,1351.778164,1328.387626,1345.686878,1881329,20,Mahindra & Mahindra,M&M.NS,Stock,Automobile,https://1drv.ms/i/c/8705623eb284e7df/IQTKhiFr0T0YRZJzbYFcVbq9AVQFbUAdR0tgyDL12thMjF8?width=600&height=600
12-06-2023,1346.320313,1349.633996,1334.527608,1342.909193,1389300,20,Mahindra & Mahindra,M&M.NS,Stock,Automobile,https://1drv.ms/i/c/8705623eb284e7df/IQTKhiFr0T0YRZJzbYFcVbq9AVQFbUAdR0tgyDL12thMjF8?width=600&height=600
13-06-2023,1338.279907,1353.240082,1333.455537,1348.025965,2516583,20,Mahindra & Mahindra,M&M.NS,Stock,Automobile,https://1drv.ms/i/c/8705623eb284e7df/IQTKhiFr0T0YRZJzbYFcVbq9AVQFbUAdR0tgyDL12thMjF8?width=600&height=600
14-06-2023,1343.640137,1345.930436,1331.311351,1339.108197,905086,20,Mahindra & Mahindra,M&M.NS,Stock,Automobile,https://1drv.ms/i/c/8705623eb284e7df/IQTKhiFr0T0YRZJzbYFcVbq9AVQFbUAdR0tgyDL12thMjF8?width=600&height=600
15-06-2023,1357.382202,1371.465208,1336.671829,1346.710316,1720070,20,Mahindra & Mahindra,M&M.NS,Stock,Automobile,https://1drv.ms/i/c/8705623eb284e7df/IQTKhiFr0T0YRZJzbYFcVbq9AVQFbUAdR0tgyDL12thMjF8?width=600&height=600
16-06-2023,1368.200195,1373.999171,1358.015613,1363.473381,2132678,20,Mahindra & Mahindra,M&M.NS,Stock,Automobile,https://1drv.ms/i/c/8705623eb284e7df/IQTKhiFr0T0YRZJzbYFcVbq9AVQFbUAdR0tgyDL12thMjF8?width=600&height=600
19-06-2023,1366.93335,1379.408232,1360.549634,1373.706812,1476764,20,Mahindra & Mahindra,M&M.NS,Stock,Automobile,https://1drv.ms/i/c/8705623eb284e7df/IQTKhiFr0T0YRZJzbYFcVbq9AVQFbUAdR0tgyDL12thMjF8?width=600&height=600
20-06-2023,1360.988037,1374.096555,1345.637998,1366.981886,1042428,20,Mahindra & Mahindra,M&M.NS,Stock,Automobile,https://1drv.ms/i/c/8705623eb284e7df/IQTKhiFr0T0YRZJzbYFcVbq9AVQFbUAdR0tgyDL12thMjF8?width=600&height=600
21-06-2023,1339.351929,1367.76171,1335.843372,1358.64917,2008628,20,Mahindra & Mahindra,M&M.NS,Stock,Automobile,https://1drv.ms/i/c/8705623eb284e7df/IQTKhiFr0T0YRZJzbYFcVbq9AVQFbUAdR0tgyDL12thMjF8?width=600&height=600
22-06-2023,1343.688843,1356.651146,1339.741761,1343.981272,1296616,20,Mahindra & Mahindra,M&M.NS,Stock,Automobile,https://1drv.ms/i/c/8705623eb284e7df/IQTKhiFr0T0YRZJzbYFcVbq9AVQFbUAdR0tgyDL12thMjF8?width=600&height=600
23-06-2023,1338.377319,1344.566042,1333.747942,1341.934654,1258590,20,Mahindra & Mahindra,M&M.NS,Stock,Automobile,https://1drv.ms/i/c/8705623eb284e7df/IQTKhiFr0T0YRZJzbYFcVbq9AVQFbUAdR0tgyDL12thMjF8?width=600&height=600
26-06-2023,1362.157715,1369.223606,1335.161065,1340.082871,2281046,20,Mahindra & Mahindra,M&M.NS,Stock,Automobile,https://1drv.ms/i/c/8705623eb284e7df/IQTKhiFr0T0YRZJzbYFcVbq9AVQFbUAdR0tgyDL12thMjF8?width=600&height=600
27-06-2023,1366.787109,1381.016329,1358.210531,1370.977843,2737379,20,Mahindra & Mahindra,M&M.NS,Stock,Automobile,https://1drv.ms/i/c/8705623eb284e7df/IQTKhiFr0T0YRZJzbYFcVbq9AVQFbUAdR0tgyDL12thMjF8?width=600&height=600
28-06-2023,1359.574951,1377.848808,1354.848137,1373.170653,2611913,20,Mahindra & Mahindra,M&M.NS,Stock,Automobile,https://1drv.ms/i/c/8705623eb284e7df/IQTKhiFr0T0YRZJzbYFcVbq9AVQFbUAdR0tgyDL12thMjF8?width=600&height=600
30-06-2023,1416.68689,1423.898996,1364.448045,1367.030774,4114865,20,Mahindra & Mahindra,M&M.NS,Stock,Automobile,https://1drv.ms/i/c/8705623eb284e7df/IQTKhiFr0T0YRZJzbYFcVbq9AVQFbUAdR0tgyDL12thMjF8?width=600&height=600
03-07-2023,1430.672485,1460.008214,1422.242241,1432.670475,3615176,20,Mahindra & Mahindra,M&M.NS,Stock,Automobile,https://1drv.ms/i/c/8705623eb284e7df/IQTKhiFr0T0YRZJzbYFcVbq9AVQFbUAdR0tgyDL12thMjF8?width=600&height=600
04-07-2023,1427.26123,1449.238636,1424.970931,1449.238636,1595700,20,Mahindra & Mahindra,M&M.NS,Stock,Automobile,https://1drv.ms/i/c/8705623eb284e7df/IQTKhiFr0T0YRZJzbYFcVbq9AVQFbUAdR0tgyDL12thMjF8?width=600&height=600
05-07-2023,1437.884521,1440.46725,1420.097967,1426.773993,1456527,20,Mahindra & Mahindra,M&M.NS,Stock,Automobile,https://1drv.ms/i/c/8705623eb284e7df/IQTKhiFr0T0YRZJzbYFcVbq9AVQFbUAdR0tgyDL12thMjF8?width=600&height=600
06-07-2023,1509.46936,1513.46522,1435.253112,1440.321014,5628945,20,Mahindra & Mahindra,M&M.NS,Stock,Automobile,https://1drv.ms/i/c/8705623eb284e7df/IQTKhiFr0T0YRZJzbYFcVbq9AVQFbUAdR0tgyDL12thMjF8?width=600&height=600
07-07-2023,1524.429565,1551.523533,1500.210637,1507.617617,6905845,20,Mahindra & Mahindra,M&M.NS,Stock,Automobile,https://1drv.ms/i/c/8705623eb284e7df/IQTKhiFr0T0YRZJzbYFcVbq9AVQFbUAdR0tgyDL12thMjF8?width=600&height=600
10-07-2023,1512.003296,1538.902389,1506.691623,1527.207121,2276342,20,Mahindra & Mahindra,M&M.NS,Stock,Automobile,https://1drv.ms/i/c/8705623eb284e7df/IQTKhiFr0T0YRZJzbYFcVbq9AVQFbUAdR0tgyDL12thMjF8?width=600&height=600
11-07-2023,1529.594971,1535.978686,1511.028802,1518.679434,1563376,20,Mahindra & Mahindra,M&M.NS,Stock,Automobile,https://1drv.ms/i/c/8705623eb284e7df/IQTKhiFr0T0YRZJzbYFcVbq9AVQFbUAdR0tgyDL12thMjF8?width=600&height=600
12-07-2023,1530.959229,1539.535806,1502.500792,1529.156232,2658457,20,Mahindra & Mahindra,M&M.NS,Stock,Automobile,https://1drv.ms/i/c/8705623eb284e7df/IQTKhiFr0T0YRZJzbYFcVbq9AVQFbUAdR0tgyDL12thMjF8?width=600&height=600
13-07-2023,1527.109619,1554.301141,1518.87413,1535.978507,1859405,20,Mahindra & Mahindra,M&M.NS,Stock,Automobile,https://1drv.ms/i/c/8705623eb284e7df/IQTKhiFr0T0YRZJzbYFcVbq9AVQFbUAdR0tgyDL12thMjF8?width=600&height=600
14-07-2023,1523.072021,1543.113066,1519.280372,1538.976754,2174792,20,Mahindra & Mahindra,M&M.NS,Stock,Automobile,https://1drv.ms/i/c/8705623eb284e7df/IQTKhiFr0T0YRZJzbYFcVbq9AVQFbUAdR0tgyDL12thMjF8?width=600&height=600
17-07-2023,1512.977539,1535.332883,1506.280722,1535.332883,1520990,20,Mahindra & Mahindra,M&M.NS,Stock,Automobile,https://1drv.ms/i/c/8705623eb284e7df/IQTKhiFr0T0YRZJzbYFcVbq9AVQFbUAdR0tgyDL12thMjF8?width=600&height=600
18-07-2023,1511.401855,1518.73883,1502.833977,1512.682168,1059058,20,Mahindra & Mahindra,M&M.NS,Stock,Automobile,https://1drv.ms/i/c/8705623eb284e7df/IQTKhiFr0T0YRZJzbYFcVbq9AVQFbUAdR0tgyDL12thMjF8?width=600&height=600
19-07-2023,1521.003784,1525.977169,1500.864282,1506.970112,1081196,20,Mahindra & Mahindra,M&M.NS,Stock,Automobile,https://1drv.ms/i/c/8705623eb284e7df/IQTKhiFr0T0YRZJzbYFcVbq9AVQFbUAdR0tgyDL12thMjF8?width=600&height=600
20-07-2023,1521.890015,1530.162518,1507.314766,1526.518736,1538263,20,Mahindra & Mahindra,M&M.NS,Stock,Automobile,https://1drv.ms/i/c/8705623eb284e7df/IQTKhiFr0T0YRZJzbYFcVbq9AVQFbUAdR0tgyDL12thMjF8?width=600&height=600
21-07-2023,1500.371826,1529.030037,1495.792394,1525.435423,1668783,20,Mahindra & Mahindra,M&M.NS,Stock,Automobile,https://1drv.ms/i/c/8705623eb284e7df/IQTKhiFr0T0YRZJzbYFcVbq9AVQFbUAdR0tgyDL12thMjF8?width=600&height=600
24-07-2023,1523.36731,1533.363247,1491.951558,1498.89458,2129706,20,Mahindra & Mahindra,M&M.NS,Stock,Automobile,https://1drv.ms/i/c/8705623eb284e7df/IQTKhiFr0T0YRZJzbYFcVbq9AVQFbUAdR0tgyDL12thMjF8?width=600&height=600
25-07-2023,1541.980347,1545.673418,1524.549098,1527.897387,1996604,20,Mahindra & Mahindra,M&M.NS,Stock,Automobile,https://1drv.ms/i/c/8705623eb284e7df/IQTKhiFr0T0YRZJzbYFcVbq9AVQFbUAdR0tgyDL12thMjF8?width=600&height=600
26-07-2023,1521.397705,1550.105205,1508.742804,1546.313675,2100855,20,Mahindra & Mahindra,M&M.NS,Stock,Automobile,https://1drv.ms/i/c/8705623eb284e7df/IQTKhiFr0T0YRZJzbYFcVbq9AVQFbUAdR0tgyDL12thMjF8?width=600&height=600
27-07-2023,1425.427002,1477.228456,1416.514342,1476.243637,11879512,20,Mahindra & Mahindra,M&M.NS,Stock,Automobile,https://1drv.ms/i/c/8705623eb284e7df/IQTKhiFr0T0YRZJzbYFcVbq9AVQFbUAdR0tgyDL12thMjF8?width=600&height=600
28-07-2023,1445.517456,1448.668829,1427.987629,1437.835819,4714146,20,Mahindra & Mahindra,M&M.NS,Stock,Automobile,https://1drv.ms/i/c/8705623eb284e7df/IQTKhiFr0T0YRZJzbYFcVbq9AVQFbUAdR0tgyDL12thMjF8?width=600&height=600
31-07-2023,1452.804932,1456.547292,1435.472141,1454.380738,2460789,20,Mahindra & Mahindra,M&M.NS,Stock,Automobile,https://1drv.ms/i/c/8705623eb284e7df/IQTKhiFr0T0YRZJzbYFcVbq9AVQFbUAdR0tgyDL12thMjF8?width=600&height=600
01-08-2023,1470.679443,1481.16779,1447.880859,1452.804954,4184243,20,Mahindra & Mahindra,M&M.NS,Stock,Automobile,https://1drv.ms/i/c/8705623eb284e7df/IQTKhiFr0T0YRZJzbYFcVbq9AVQFbUAdR0tgyDL12thMjF8?width=600&height=600
02-08-2023,1462.751831,1474.274166,1443.00616,1470.679553,3188395,20,Mahindra & Mahindra,M&M.NS,Stock,Automobile,https://1drv.ms/i/c/8705623eb284e7df/IQTKhiFr0T0YRZJzbYFcVbq9AVQFbUAdR0tgyDL12thMjF8?width=600&height=600
03-08-2023,1446.846924,1478.755085,1425.624025,1462.456282,2222395,20,Mahindra & Mahindra,M&M.NS,Stock,Automobile,https://1drv.ms/i/c/8705623eb284e7df/IQTKhiFr0T0YRZJzbYFcVbq9AVQFbUAdR0tgyDL12thMjF8?width=600&height=600
04-08-2023,1442.415161,1479.641247,1394.257488,1458.516928,8066091,20,Mahindra & Mahindra,M&M.NS,Stock,Automobile,https://1drv.ms/i/c/8705623eb284e7df/IQTKhiFr0T0YRZJzbYFcVbq9AVQFbUAdR0tgyDL12thMjF8?width=600&height=600
07-08-2023,1503.720215,1507.757949,1458.270792,1466.395549,9257291,20,Mahindra & Mahindra,M&M.NS,Stock,Automobile,https://1drv.ms/i/c/8705623eb284e7df/IQTKhiFr0T0YRZJzbYFcVbq9AVQFbUAdR0tgyDL12thMjF8?width=600&height=600
08-08-2023,1476.933105,1510.712448,1462.456313,1506.773171,3426948,20,Mahindra & Mahindra,M&M.NS,Stock,Automobile,https://1drv.ms/i/c/8705623eb284e7df/IQTKhiFr0T0YRZJzbYFcVbq9AVQFbUAdR0tgyDL12thMjF8?width=600&height=600
09-08-2023,1511.45105,1514.208591,1469.59624,1482.152683,3713003,20,Mahindra & Mahindra,M&M.NS,Stock,Automobile,https://1drv.ms/i/c/8705623eb284e7df/IQTKhiFr0T0YRZJzbYFcVbq9AVQFbUAdR0tgyDL12thMjF8?width=600&height=600
10-08-2023,1521.939331,1532.427678,1508.545816,1511.20478,3600607,20,Mahindra & Mahindra,M&M.NS,Stock,Automobile,https://1drv.ms/i/c/8705623eb284e7df/IQTKhiFr0T0YRZJzbYFcVbq9AVQFbUAdR0tgyDL12thMjF8?width=600&height=600
11-08-2023,1522.973267,1535.92366,1509.776788,1525.041483,2402812,20,Mahindra & Mahindra,M&M.NS,Stock,Automobile,https://1drv.ms/i/c/8705623eb284e7df/IQTKhiFr0T0YRZJzbYFcVbq9AVQFbUAdR0tgyDL12thMjF8?width=600&height=600
14-08-2023,1523.36731,1527.208128,1500.864219,1521.496129,1875450,20,Mahindra & Mahindra,M&M.NS,Stock,Automobile,https://1drv.ms/i/c/8705623eb284e7df/IQTKhiFr0T0YRZJzbYFcVbq9AVQFbUAdR0tgyDL12thMjF8?width=600&height=600
16-08-2023,1546.756836,1549.120426,1515.242625,1535.382248,2361632,20,Mahindra & Mahindra,M&M.NS,Stock,Automobile,https://1drv.ms/i/c/8705623eb284e7df/IQTKhiFr0T0YRZJzbYFcVbq9AVQFbUAdR0tgyDL12thMjF8?width=600&height=600
17-08-2023,1549.612793,1555.078587,1536.465483,1549.120383,2377711,20,Mahindra & Mahindra,M&M.NS,Stock,Automobile,https://1drv.ms/i/c/8705623eb284e7df/IQTKhiFr0T0YRZJzbYFcVbq9AVQFbUAdR0tgyDL12thMjF8?width=600&height=600
18-08-2023,1529.079346,1558.52546,1521.151504,1544.934909,2202570,20,Mahindra & Mahindra,M&M.NS,Stock,Automobile,https://1drv.ms/i/c/8705623eb284e7df/IQTKhiFr0T0YRZJzbYFcVbq9AVQFbUAdR0tgyDL12thMjF8?width=600&height=600
21-08-2023,1515.193359,1529.079284,1508.496542,1522.530213,1487526,20,Mahindra & Mahindra,M&M.NS,Stock,Automobile,https://1drv.ms/i/c/8705623eb284e7df/IQTKhiFr0T0YRZJzbYFcVbq9AVQFbUAdR0tgyDL12thMjF8?width=600&height=600
22-08-2023,1526.961914,1531.3936,1511.451014,1514.651676,975607,20,Mahindra & Mahindra,M&M.NS,Stock,Automobile,https://1drv.ms/i/c/8705623eb284e7df/IQTKhiFr0T0YRZJzbYFcVbq9AVQFbUAdR0tgyDL12thMjF8?width=600&height=600
23-08-2023,1519.03418,1531.245961,1512.780602,1522.579625,1405076,20,Mahindra & Mahindra,M&M.NS,Stock,Automobile,https://1drv.ms/i/c/8705623eb284e7df/IQTKhiFr0T0YRZJzbYFcVbq9AVQFbUAdR0tgyDL12thMjF8?width=600&height=600
24-08-2023,1518.787842,1531.344284,1504.852749,1526.518767,2111147,20,Mahindra & Mahindra,M&M.NS,Stock,Automobile,https://1drv.ms/i/c/8705623eb284e7df/IQTKhiFr0T0YRZJzbYFcVbq9AVQFbUAdR0tgyDL12thMjF8?width=600&height=600
25-08-2023,1496.974243,1523.761273,1485.304041,1507.659506,1455320,20,Mahindra & Mahindra,M&M.NS,Stock,Automobile,https://1drv.ms/i/c/8705623eb284e7df/IQTKhiFr0T0YRZJzbYFcVbq9AVQFbUAdR0tgyDL12thMjF8?width=600&height=600
28-08-2023,1525.730957,1529.424029,1500.962733,1504.803552,2132512,20,Mahindra & Mahindra,M&M.NS,Stock,Automobile,https://1drv.ms/i/c/8705623eb284e7df/IQTKhiFr0T0YRZJzbYFcVbq9AVQFbUAdR0tgyDL12thMjF8?width=600&height=600
29-08-2023,1537.154785,1540.601652,1516.621332,1531.29516,1325882,20,Mahindra & Mahindra,M&M.NS,Stock,Automobile,https://1drv.ms/i/c/8705623eb284e7df/IQTKhiFr0T0YRZJzbYFcVbq9AVQFbUAdR0tgyDL12thMjF8?width=600&height=600
30-08-2023,1559.165527,1564.877526,1536.120857,1545.181144,3140040,20,Mahindra & Mahindra,M&M.NS,Stock,Automobile,https://1drv.ms/i/c/8705623eb284e7df/IQTKhiFr0T0YRZJzbYFcVbq9AVQFbUAdR0tgyDL12thMjF8?width=600&height=600
31-08-2023,1551.483887,1565.86222,1543.35913,1564.828112,3512885,20,Mahindra & Mahindra,M&M.NS,Stock,Automobile,https://1drv.ms/i/c/8705623eb284e7df/IQTKhiFr0T0YRZJzbYFcVbq9AVQFbUAdR0tgyDL12thMjF8?width=600&height=600
01-09-2023,1567.782715,1580.142243,1551.090079,1553.059717,2147299,20,Mahindra & Mahindra,M&M.NS,Stock,Automobile,https://1drv.ms/i/c/8705623eb284e7df/IQTKhiFr0T0YRZJzbYFcVbq9AVQFbUAdR0tgyDL12thMjF8?width=600&height=600
04-09-2023,1552.46875,1581.520912,1540.453886,1581.520912,2200142,20,Mahindra & Mahindra,M&M.NS,Stock,Automobile,https://1drv.ms/i/c/8705623eb284e7df/IQTKhiFr0T0YRZJzbYFcVbq9AVQFbUAdR0tgyDL12thMjF8?width=600&height=600
05-09-2023,1547.298462,1560.05182,1541.488006,1553.650497,1078759,20,Mahindra & Mahindra,M&M.NS,Stock,Automobile,https://1drv.ms/i/c/8705623eb284e7df/IQTKhiFr0T0YRZJzbYFcVbq9AVQFbUAdR0tgyDL12thMjF8?width=600&height=600
06-09-2023,1553.059692,1556.900511,1535.037455,1553.059692,1301466,20,Mahindra & Mahindra,M&M.NS,Stock,Automobile,https://1drv.ms/i/c/8705623eb284e7df/IQTKhiFr0T0YRZJzbYFcVbq9AVQFbUAdR0tgyDL12thMjF8?width=600&height=600
07-09-2023,1541.980347,1553.945922,1536.563842,1548.332381,1514369,20,Mahindra & Mahindra,M&M.NS,Stock,Automobile,https://1drv.ms/i/c/8705623eb284e7df/IQTKhiFr0T0YRZJzbYFcVbq9AVQFbUAdR0tgyDL12thMjF8?width=600&height=600
08-09-2023,1543.753174,1554.044485,1536.317742,1541.340295,1223910,20,Mahindra & Mahindra,M&M.NS,Stock,Automobile,https://1drv.ms/i/c/8705623eb284e7df/IQTKhiFr0T0YRZJzbYFcVbq9AVQFbUAdR0tgyDL12thMjF8?width=600&height=600
11-09-2023,1558.082275,1564.877551,1540.257074,1543.851687,1921950,20,Mahindra & Mahindra,M&M.NS,Stock,Automobile,https://1drv.ms/i/c/8705623eb284e7df/IQTKhiFr0T0YRZJzbYFcVbq9AVQFbUAdR0tgyDL12thMjF8?width=600&height=600
12-09-2023,1534.298828,1565.320629,1490.080548,1558.180691,3770868,20,Mahindra & Mahindra,M&M.NS,Stock,Automobile,https://1drv.ms/i/c/8705623eb284e7df/IQTKhiFr0T0YRZJzbYFcVbq9AVQFbUAdR0tgyDL12thMjF8?width=600&height=600
13-09-2023,1513.617676,1544.787225,1506.871689,1540.257081,2382637,20,Mahindra & Mahindra,M&M.NS,Stock,Automobile,https://1drv.ms/i/c/8705623eb284e7df/IQTKhiFr0T0YRZJzbYFcVbq9AVQFbUAdR0tgyDL12thMjF8?width=600&height=600
14-09-2023,1542.226685,1551.484008,1514.996413,1521.545484,2220196,20,Mahindra & Mahindra,M&M.NS,Stock,Automobile,https://1drv.ms/i/c/8705623eb284e7df/IQTKhiFr0T0YRZJzbYFcVbq9AVQFbUAdR0tgyDL12thMjF8?width=600&height=600
15-09-2023,1576.793701,1586.24794,1547.987745,1555.669381,5425897,20,Mahindra & Mahindra,M&M.NS,Stock,Automobile,https://1drv.ms/i/c/8705623eb284e7df/IQTKhiFr0T0YRZJzbYFcVbq9AVQFbUAdR0tgyDL12thMjF8?width=600&height=600
18-09-2023,1616.53125,1644.647883,1577.778643,1584.327714,6887528,20,Mahindra & Mahindra,M&M.NS,Stock,Automobile,https://1drv.ms/i/c/8705623eb284e7df/IQTKhiFr0T0YRZJzbYFcVbq9AVQFbUAdR0tgyDL12thMjF8?width=600&height=600
20-09-2023,1609.194336,1639.723727,1595.505327,1595.505327,6116670,20,Mahindra & Mahindra,M&M.NS,Stock,Automobile,https://1drv.ms/i/c/8705623eb284e7df/IQTKhiFr0T0YRZJzbYFcVbq9AVQFbUAdR0tgyDL12thMjF8?width=600&height=600
21-09-2023,1559.214844,1631.057349,1551.188544,1612.936774,2898266,20,Mahindra & Mahindra,M&M.NS,Stock,Automobile,https://1drv.ms/i/c/8705623eb284e7df/IQTKhiFr0T0YRZJzbYFcVbq9AVQFbUAdR0tgyDL12thMjF8?width=600&height=600
22-09-2023,1582.751953,1593.387927,1542.325083,1556.014092,3827771,20,Mahindra & Mahindra,M&M.NS,Stock,Automobile,https://1drv.ms/i/c/8705623eb284e7df/IQTKhiFr0T0YRZJzbYFcVbq9AVQFbUAdR0tgyDL12thMjF8?width=600&height=600
25-09-2023,1565.320557,1595.406826,1558.328366,1588.463804,3231962,20,Mahindra & Mahindra,M&M.NS,Stock,Automobile,https://1drv.ms/i/c/8705623eb284e7df/IQTKhiFr0T0YRZJzbYFcVbq9AVQFbUAdR0tgyDL12thMjF8?width=600&height=600
26-09-2023,1570.983398,1582.21036,1557.983834,1565.320689,1479841,20,Mahindra & Mahindra,M&M.NS,Stock,Automobile,https://1drv.ms/i/c/8705623eb284e7df/IQTKhiFr0T0YRZJzbYFcVbq9AVQFbUAdR0tgyDL12thMjF8?width=600&height=600
27-09-2023,1565.074341,1575.316483,1559.214716,1570.638592,1991198,20,Mahindra & Mahindra,M&M.NS,Stock,Automobile,https://1drv.ms/i/c/8705623eb284e7df/IQTKhiFr0T0YRZJzbYFcVbq9AVQFbUAdR0tgyDL12thMjF8?width=600&height=600
28-09-2023,1532.427734,1572.657569,1520.560617,1571.721918,2369699,20,Mahindra & Mahindra,M&M.NS,Stock,Automobile,https://1drv.ms/i/c/8705623eb284e7df/IQTKhiFr0T0YRZJzbYFcVbq9AVQFbUAdR0tgyDL12thMjF8?width=600&height=600
29-09-2023,1530.655029,1552.567253,1526.568006,1550.105206,1254881,20,Mahindra & Mahindra,M&M.NS,Stock,Automobile,https://1drv.ms/i/c/8705623eb284e7df/IQTKhiFr0T0YRZJzbYFcVbq9AVQFbUAdR0tgyDL12thMjF8?width=600&height=600
03-10-2023,1514.060791,1573.7408,1509.776852,1572.952897,3436776,20,Mahindra & Mahindra,M&M.NS,Stock,Automobile,https://1drv.ms/i/c/8705623eb284e7df/IQTKhiFr0T0YRZJzbYFcVbq9AVQFbUAdR0tgyDL12thMjF8?width=600&height=600
04-10-2023,1498.993042,1514.553231,1478.951999,1508.545859,2580901,20,Mahindra & Mahindra,M&M.NS,Stock,Automobile,https://1drv.ms/i/c/8705623eb284e7df/IQTKhiFr0T0YRZJzbYFcVbq9AVQFbUAdR0tgyDL12thMjF8?width=600&height=600
05-10-2023,1514.602417,1527.257438,1490.080519,1509.727611,1991367,20,Mahindra & Mahindra,M&M.NS,Stock,Automobile,https://1drv.ms/i/c/8705623eb284e7df/IQTKhiFr0T0YRZJzbYFcVbq9AVQFbUAdR0tgyDL12thMjF8?width=600&height=600
06-10-2023,1525.337036,1530.408879,1516.966074,1521.545507,1743027,20,Mahindra & Mahindra,M&M.NS,Stock,Automobile,https://1drv.ms/i/c/8705623eb284e7df/IQTKhiFr0T0YRZJzbYFcVbq9AVQFbUAdR0tgyDL12thMjF8?width=600&height=600
09-10-2023,1492.197754,1517.852338,1491.016019,1516.621314,2123175,20,Mahindra & Mahindra,M&M.NS,Stock,Automobile,https://1drv.ms/i/c/8705623eb284e7df/IQTKhiFr0T0YRZJzbYFcVbq9AVQFbUAdR0tgyDL12thMjF8?width=600&height=600
10-10-2023,1514.503906,1520.41282,1496.137007,1498.35285,1956653,20,Mahindra & Mahindra,M&M.NS,Stock,Automobile,https://1drv.ms/i/c/8705623eb284e7df/IQTKhiFr0T0YRZJzbYFcVbq9AVQFbUAdR0tgyDL12thMjF8?width=600&height=600
11-10-2023,1532.67395,1535.48066,1516.621351,1516.621351,1536986,20,Mahindra & Mahindra,M&M.NS,Stock,Automobile,https://1drv.ms/i/c/8705623eb284e7df/IQTKhiFr0T0YRZJzbYFcVbq9AVQFbUAdR0tgyDL12thMjF8?width=600&height=600
12-10-2023,1542.866821,1546.21523,1531.984522,1535.332931,1731806,20,Mahindra & Mahindra,M&M.NS,Stock,Automobile,https://1drv.ms/i/c/8705623eb284e7df/IQTKhiFr0T0YRZJzbYFcVbq9AVQFbUAdR0tgyDL12thMjF8?width=600&height=600
13-10-2023,1538.730469,1550.499128,1526.765014,1536.81012,1465554,20,Mahindra & Mahindra,M&M.NS,Stock,Automobile,https://1drv.ms/i/c/8705623eb284e7df/IQTKhiFr0T0YRZJzbYFcVbq9AVQFbUAdR0tgyDL12thMjF8?width=600&height=600
16-10-2023,1550.646851,1553.305814,1534.840457,1539.124396,1089610,20,Mahindra & Mahindra,M&M.NS,Stock,Automobile,https://1drv.ms/i/c/8705623eb284e7df/IQTKhiFr0T0YRZJzbYFcVbq9AVQFbUAdR0tgyDL12thMjF8?width=600&height=600
17-10-2023,1552.665649,1559.854876,1544.787097,1551.089963,997962,20,Mahindra & Mahindra,M&M.NS,Stock,Automobile,https://1drv.ms/i/c/8705623eb284e7df/IQTKhiFr0T0YRZJzbYFcVbq9AVQFbUAdR0tgyDL12thMjF8?width=600&height=600
18-10-2023,1550.942261,1555.472404,1538.041155,1552.665694,1212994,20,Mahindra & Mahindra,M&M.NS,Stock,Automobile,https://1drv.ms/i/c/8705623eb284e7df/IQTKhiFr0T0YRZJzbYFcVbq9AVQFbUAdR0tgyDL12thMjF8?width=600&height=600
19-10-2023,1545.722778,1554.930812,1529.768638,1529.768638,1239578,20,Mahindra & Mahindra,M&M.NS,Stock,Automobile,https://1drv.ms/i/c/8705623eb284e7df/IQTKhiFr0T0YRZJzbYFcVbq9AVQFbUAdR0tgyDL12thMjF8?width=600&height=600
20-10-2023,1534.594238,1551.089957,1521.643844,1542.226586,1435102,20,Mahindra & Mahindra,M&M.NS,Stock,Automobile,https://1drv.ms/i/c/8705623eb284e7df/IQTKhiFr0T0YRZJzbYFcVbq9AVQFbUAdR0tgyDL12thMjF8?width=600&height=600
23-10-2023,1541.389648,1550.991635,1523.022748,1524.746181,4069167,20,Mahindra & Mahindra,M&M.NS,Stock,Automobile,https://1drv.ms/i/c/8705623eb284e7df/IQTKhiFr0T0YRZJzbYFcVbq9AVQFbUAdR0tgyDL12thMjF8?width=600&height=600
25-10-2023,1545.279541,1552.665684,1523.515064,1550.105178,2510769,20,Mahindra & Mahindra,M&M.NS,Stock,Automobile,https://1drv.ms/i/c/8705623eb284e7df/IQTKhiFr0T0YRZJzbYFcVbq9AVQFbUAdR0tgyDL12thMjF8?width=600&height=600
26-10-2023,1483.235962,1534.545011,1477.22859,1530.408819,3343802,20,Mahindra & Mahindra,M&M.NS,Stock,Automobile,https://1drv.ms/i/c/8705623eb284e7df/IQTKhiFr0T0YRZJzbYFcVbq9AVQFbUAdR0tgyDL12thMjF8?width=600&height=600
27-10-2023,1487.864624,1510.663088,1484.417757,1485.451745,3341111,20,Mahindra & Mahindra,M&M.NS,Stock,Automobile,https://1drv.ms/i/c/8705623eb284e7df/IQTKhiFr0T0YRZJzbYFcVbq9AVQFbUAdR0tgyDL12thMjF8?width=600&height=600
30-10-2023,1475.062012,1492.443972,1440.987177,1479.296661,2637486,20,Mahindra & Mahindra,M&M.NS,Stock,Automobile,https://1drv.ms/i/c/8705623eb284e7df/IQTKhiFr0T0YRZJzbYFcVbq9AVQFbUAdR0tgyDL12thMjF8?width=600&height=600
31-10-2023,1436.457031,1474.5696,1433.453405,1471.516565,2555737,20,Mahindra & Mahindra,M&M.NS,Stock,Automobile,https://1drv.ms/i/c/8705623eb284e7df/IQTKhiFr0T0YRZJzbYFcVbq9AVQFbUAdR0tgyDL12thMjF8?width=600&height=600
01-11-2023,1432.5177,1462.456222,1427.987557,1442.661384,2627536,20,Mahindra & Mahindra,M&M.NS,Stock,Automobile,https://1drv.ms/i/c/8705623eb284e7df/IQTKhiFr0T0YRZJzbYFcVbq9AVQFbUAdR0tgyDL12thMjF8?width=600&height=600
02-11-2023,1447.38855,1455.070187,1430.44971,1442.759948,2091122,20,Mahindra & Mahindra,M&M.NS,Stock,Automobile,https://1drv.ms/i/c/8705623eb284e7df/IQTKhiFr0T0YRZJzbYFcVbq9AVQFbUAdR0tgyDL12thMjF8?width=600&height=600
03-11-2023,1446.699219,1465.509239,1438.278968,1457.532229,2456723,20,Mahindra & Mahindra,M&M.NS,Stock,Automobile,https://1drv.ms/i/c/8705623eb284e7df/IQTKhiFr0T0YRZJzbYFcVbq9AVQFbUAdR0tgyDL12thMjF8?width=600&height=600
06-11-2023,1465.706177,1469.546875,1451.180096,1459.304853,1271868,20,Mahindra & Mahindra,M&M.NS,Stock,Automobile,https://1drv.ms/i/c/8705623eb284e7df/IQTKhiFr0T0YRZJzbYFcVbq9AVQFbUAdR0tgyDL12thMjF8?width=600&height=600
07-11-2023,1457.286011,1474.27414,1452.60812,1465.656973,1940908,20,Mahindra & Mahindra,M&M.NS,Stock,Automobile,https://1drv.ms/i/c/8705623eb284e7df/IQTKhiFr0T0YRZJzbYFcVbq9AVQFbUAdR0tgyDL12thMjF8?width=600&height=600
08-11-2023,1464.819946,1466.789584,1451.623346,1462.505645,1342202,20,Mahindra & Mahindra,M&M.NS,Stock,Automobile,https://1drv.ms/i/c/8705623eb284e7df/IQTKhiFr0T0YRZJzbYFcVbq9AVQFbUAdR0tgyDL12thMjF8?width=600&height=600
09-11-2023,1528.488525,1535.037476,1464.819947,1464.819947,4831782,20,Mahindra & Mahindra,M&M.NS,Stock,Automobile,https://1drv.ms/i/c/8705623eb284e7df/IQTKhiFr0T0YRZJzbYFcVbq9AVQFbUAdR0tgyDL12thMjF8?width=600&height=600
10-11-2023,1500.962769,1527.454426,1492.296433,1526.469607,4872228,20,Mahindra & Mahindra,M&M.NS,Stock,Automobile,https://1drv.ms/i/c/8705623eb284e7df/IQTKhiFr0T0YRZJzbYFcVbq9AVQFbUAdR0tgyDL12thMjF8?width=600&height=600
13-11-2023,1516.867554,1519.8713,1490.080523,1503.080087,1968032,20,Mahindra & Mahindra,M&M.NS,Stock,Automobile,https://1drv.ms/i/c/8705623eb284e7df/IQTKhiFr0T0YRZJzbYFcVbq9AVQFbUAdR0tgyDL12thMjF8?width=600&height=600
15-11-2023,1520.708374,1527.257445,1510.269316,1525.484722,2782942,20,Mahindra & Mahindra,M&M.NS,Stock,Automobile,https://1drv.ms/i/c/8705623eb284e7df/IQTKhiFr0T0YRZJzbYFcVbq9AVQFbUAdR0tgyDL12thMjF8?width=600&height=600
16-11-2023,1545.673584,1559.904172,1515.144192,1520.757613,3224223,20,Mahindra & Mahindra,M&M.NS,Stock,Automobile,https://1drv.ms/i/c/8705623eb284e7df/IQTKhiFr0T0YRZJzbYFcVbq9AVQFbUAdR0tgyDL12thMjF8?width=600&height=600
17-11-2023,1560.495117,1571.771248,1548.775746,1551.090047,2035309,20,Mahindra & Mahindra,M&M.NS,Stock,Automobile,https://1drv.ms/i/c/8705623eb284e7df/IQTKhiFr0T0YRZJzbYFcVbq9AVQFbUAdR0tgyDL12thMjF8?width=600&height=600
20-11-2023,1528.636108,1565.665402,1517.212231,1565.665402,2918577,20,Mahindra & Mahindra,M&M.NS,Stock,Automobile,https://1drv.ms/i/c/8705623eb284e7df/IQTKhiFr0T0YRZJzbYFcVbq9AVQFbUAdR0tgyDL12thMjF8?width=600&height=600
21-11-2023,1536.071533,1547.544699,1525.632475,1529.424005,2213144,20,Mahindra & Mahindra,M&M.NS,Stock,Automobile,https://1drv.ms/i/c/8705623eb284e7df/IQTKhiFr0T0YRZJzbYFcVbq9AVQFbUAdR0tgyDL12thMjF8?width=600&height=600
22-11-2023,1520.018921,1540.897157,1511.697248,1536.317724,1269475,20,Mahindra & Mahindra,M&M.NS,Stock,Automobile,https://1drv.ms/i/c/8705623eb284e7df/IQTKhiFr0T0YRZJzbYFcVbq9AVQFbUAdR0tgyDL12thMjF8?width=600&height=600
23-11-2023,1522.382568,1537.253313,1511.795763,1532.969374,1552635,20,Mahindra & Mahindra,M&M.NS,Stock,Automobile,https://1drv.ms/i/c/8705623eb284e7df/IQTKhiFr0T0YRZJzbYFcVbq9AVQFbUAdR0tgyDL12thMjF8?width=600&height=600
24-11-2023,1529.620972,1535.82538,1524.007551,1525.48478,1239270,20,Mahindra & Mahindra,M&M.NS,Stock,Automobile,https://1drv.ms/i/c/8705623eb284e7df/IQTKhiFr0T0YRZJzbYFcVbq9AVQFbUAdR0tgyDL12thMjF8?width=600&height=600
28-11-2023,1542.276001,1548.135627,1518.7388,1529.620979,2596766,20,Mahindra & Mahindra,M&M.NS,Stock,Automobile,https://1drv.ms/i/c/8705623eb284e7df/IQTKhiFr0T0YRZJzbYFcVbq9AVQFbUAdR0tgyDL12thMjF8?width=600&height=600
29-11-2023,1594.520508,1598.755278,1543.457664,1552.074831,3581220,20,Mahindra & Mahindra,M&M.NS,Stock,Automobile,https://1drv.ms/i/c/8705623eb284e7df/IQTKhiFr0T0YRZJzbYFcVbq9AVQFbUAdR0tgyDL12thMjF8?width=600&height=600
30-11-2023,1622.735596,1634.799629,1589.202459,1590.532061,5214960,20,Mahindra & Mahindra,M&M.NS,Stock,Automobile,https://1drv.ms/i/c/8705623eb284e7df/IQTKhiFr0T0YRZJzbYFcVbq9AVQFbUAdR0tgyDL12thMjF8?width=600&height=600
01-12-2023,1600.823364,1640.708536,1596.588594,1630.860345,2489755,20,Mahindra & Mahindra,M&M.NS,Stock,Automobile,https://1drv.ms/i/c/8705623eb284e7df/IQTKhiFr0T0YRZJzbYFcVbq9AVQFbUAdR0tgyDL12thMjF8?width=600&height=600
04-12-2023,1631.697388,1649.571877,1614.561513,1637.606302,3001010,20,Mahindra & Mahindra,M&M.NS,Stock,Automobile,https://1drv.ms/i/c/8705623eb284e7df/IQTKhiFr0T0YRZJzbYFcVbq9AVQFbUAdR0tgyDL12thMjF8?width=600&height=600
05-12-2023,1660.454224,1682.070954,1615.694125,1635.686,3423953,20,Mahindra & Mahindra,M&M.NS,Stock,Automobile,https://1drv.ms/i/c/8705623eb284e7df/IQTKhiFr0T0YRZJzbYFcVbq9AVQFbUAdR0tgyDL12thMjF8?width=600&height=600
06-12-2023,1676.555908,1684.483629,1658.582961,1662.472948,2279220,20,Mahindra & Mahindra,M&M.NS,Stock,Automobile,https://1drv.ms/i/c/8705623eb284e7df/IQTKhiFr0T0YRZJzbYFcVbq9AVQFbUAdR0tgyDL12thMjF8?width=600&height=600
07-12-2023,1666.953979,1680.10129,1656.12097,1677.146833,2461051,20,Mahindra & Mahindra,M&M.NS,Stock,Automobile,https://1drv.ms/i/c/8705623eb284e7df/IQTKhiFr0T0YRZJzbYFcVbq9AVQFbUAdR0tgyDL12thMjF8?width=600&height=600
08-12-2023,1643.219849,1682.218658,1637.310934,1673.20754,1942667,20,Mahindra & Mahindra,M&M.NS,Stock,Automobile,https://1drv.ms/i/c/8705623eb284e7df/IQTKhiFr0T0YRZJzbYFcVbq9AVQFbUAdR0tgyDL12thMjF8?width=600&height=600
11-12-2023,1627.118042,1649.030267,1622.095489,1648.587146,2037178,20,Mahindra & Mahindra,M&M.NS,Stock,Automobile,https://1drv.ms/i/c/8705623eb284e7df/IQTKhiFr0T0YRZJzbYFcVbq9AVQFbUAdR0tgyDL12thMjF8?width=600&height=600
12-12-2023,1610.57312,1644.647836,1601.808206,1637.754102,2051527,20,Mahindra & Mahindra,M&M.NS,Stock,Automobile,https://1drv.ms/i/c/8705623eb284e7df/IQTKhiFr0T0YRZJzbYFcVbq9AVQFbUAdR0tgyDL12thMjF8?width=600&height=600
13-12-2023,1640.856323,1645.140262,1604.811969,1614.118461,2247441,20,Mahindra & Mahindra,M&M.NS,Stock,Automobile,https://1drv.ms/i/c/8705623eb284e7df/IQTKhiFr0T0YRZJzbYFcVbq9AVQFbUAdR0tgyDL12thMjF8?width=600&height=600
14-12-2023,1677.688477,1683.892764,1645.681859,1650.556665,3326228,20,Mahindra & Mahindra,M&M.NS,Stock,Automobile,https://1drv.ms/i/c/8705623eb284e7df/IQTKhiFr0T0YRZJzbYFcVbq9AVQFbUAdR0tgyDL12thMjF8?width=600&height=600
15-12-2023,1698.76355,1713.191173,1672.222725,1701.668838,3858594,20,Mahindra & Mahindra,M&M.NS,Stock,Automobile,https://1drv.ms/i/c/8705623eb284e7df/IQTKhiFr0T0YRZJzbYFcVbq9AVQFbUAdR0tgyDL12thMjF8?width=600&height=600
18-12-2023,1684.828491,1705.55886,1672.961373,1693.888778,1739425,20,Mahindra & Mahindra,M&M.NS,Stock,Automobile,https://1drv.ms/i/c/8705623eb284e7df/IQTKhiFr0T0YRZJzbYFcVbq9AVQFbUAdR0tgyDL12thMjF8?width=600&height=600
19-12-2023,1673.552246,1697.680313,1665.624525,1693.888784,1660221,20,Mahindra & Mahindra,M&M.NS,Stock,Automobile,https://1drv.ms/i/c/8705623eb284e7df/IQTKhiFr0T0YRZJzbYFcVbq9AVQFbUAdR0tgyDL12thMjF8?width=600&height=600
20-12-2023,1621.947754,1685.960995,1615.694177,1684.040646,3047660,20,Mahindra & Mahindra,M&M.NS,Stock,Automobile,https://1drv.ms/i/c/8705623eb284e7df/IQTKhiFr0T0YRZJzbYFcVbq9AVQFbUAdR0tgyDL12thMjF8?width=600&height=600
21-12-2023,1609.046631,1628.053687,1595.800862,1610.179197,3211338,20,Mahindra & Mahindra,M&M.NS,Stock,Automobile,https://1drv.ms/i/c/8705623eb284e7df/IQTKhiFr0T0YRZJzbYFcVbq9AVQFbUAdR0tgyDL12thMjF8?width=600&height=600
22-12-2023,1609.440552,1626.92109,1598.115133,1605.255071,2751274,20,Mahindra & Mahindra,M&M.NS,Stock,Automobile,https://1drv.ms/i/c/8705623eb284e7df/IQTKhiFr0T0YRZJzbYFcVbq9AVQFbUAdR0tgyDL12thMjF8?width=600&height=600
26-12-2023,1637.015503,1643.663032,1609.686774,1615.98964,1203594,20,Mahindra & Mahindra,M&M.NS,Stock,Automobile,https://1drv.ms/i/c/8705623eb284e7df/IQTKhiFr0T0YRZJzbYFcVbq9AVQFbUAdR0tgyDL12thMjF8?width=600&height=600
27-12-2023,1662.325317,1666.116967,1635.045877,1644.647863,1793638,20,Mahindra & Mahindra,M&M.NS,Stock,Automobile,https://1drv.ms/i/c/8705623eb284e7df/IQTKhiFr0T0YRZJzbYFcVbq9AVQFbUAdR0tgyDL12thMjF8?width=600&height=600
28-12-2023,1708.119385,1713.53589,1662.768539,1663.310117,2963938,20,Mahindra & Mahindra,M&M.NS,Stock,Automobile,https://1drv.ms/i/c/8705623eb284e7df/IQTKhiFr0T0YRZJzbYFcVbq9AVQFbUAdR0tgyDL12thMjF8?width=600&height=600
29-12-2023,1703.146118,1731.311919,1688.9647,1703.736986,2273255,20,Mahindra & Mahindra,M&M.NS,Stock,Automobile,https://1drv.ms/i/c/8705623eb284e7df/IQTKhiFr0T0YRZJzbYFcVbq9AVQFbUAdR0tgyDL12thMjF8?width=600&height=600
01-01-2024,1677.442383,1703.737004,1673.207613,1703.146137,1307485,20,Mahindra & Mahindra,M&M.NS,Stock,Automobile,https://1drv.ms/i/c/8705623eb284e7df/IQTKhiFr0T0YRZJzbYFcVbq9AVQFbUAdR0tgyDL12thMjF8?width=600&height=600
02-01-2024,1631.057251,1679.116468,1624.409722,1677.737698,2857334,20,Mahindra & Mahindra,M&M.NS,Stock,Automobile,https://1drv.ms/i/c/8705623eb284e7df/IQTKhiFr0T0YRZJzbYFcVbq9AVQFbUAdR0tgyDL12thMjF8?width=600&height=600
03-01-2024,1630.121704,1652.723253,1623.031055,1646.617423,1927812,20,Mahindra & Mahindra,M&M.NS,Stock,Automobile,https://1drv.ms/i/c/8705623eb284e7df/IQTKhiFr0T0YRZJzbYFcVbq9AVQFbUAdR0tgyDL12thMjF8?width=600&height=600
04-01-2024,1616.777466,1649.030291,1613.330599,1641.594979,2835768,20,Mahindra & Mahindra,M&M.NS,Stock,Automobile,https://1drv.ms/i/c/8705623eb284e7df/IQTKhiFr0T0YRZJzbYFcVbq9AVQFbUAdR0tgyDL12thMjF8?width=600&height=600
05-01-2024,1617.072876,1636.276847,1611.656371,1622.932501,1709313,20,Mahindra & Mahindra,M&M.NS,Stock,Automobile,https://1drv.ms/i/c/8705623eb284e7df/IQTKhiFr0T0YRZJzbYFcVbq9AVQFbUAdR0tgyDL12thMjF8?width=600&height=600
08-01-2024,1591.615356,1628.299867,1581.717877,1623.129567,1492195,20,Mahindra & Mahindra,M&M.NS,Stock,Automobile,https://1drv.ms/i/c/8705623eb284e7df/IQTKhiFr0T0YRZJzbYFcVbq9AVQFbUAdR0tgyDL12thMjF8?width=600&height=600
09-01-2024,1605.156616,1611.951892,1590.482788,1600.330979,2542484,20,Mahindra & Mahindra,M&M.NS,Stock,Automobile,https://1drv.ms/i/c/8705623eb284e7df/IQTKhiFr0T0YRZJzbYFcVbq9AVQFbUAdR0tgyDL12thMjF8?width=600&height=600
10-01-2024,1608.012695,1622.440199,1596.736444,1620.02744,1954233,20,Mahindra & Mahindra,M&M.NS,Stock,Automobile,https://1drv.ms/i/c/8705623eb284e7df/IQTKhiFr0T0YRZJzbYFcVbq9AVQFbUAdR0tgyDL12thMjF8?width=600&height=600
11-01-2024,1603.925659,1626.182547,1601.168118,1618.944151,2228002,20,Mahindra & Mahindra,M&M.NS,Stock,Automobile,https://1drv.ms/i/c/8705623eb284e7df/IQTKhiFr0T0YRZJzbYFcVbq9AVQFbUAdR0tgyDL12thMjF8?width=600&height=600
12-01-2024,1599.789307,1609.04663,1577.187757,1605.255101,3061539,20,Mahindra & Mahindra,M&M.NS,Stock,Automobile,https://1drv.ms/i/c/8705623eb284e7df/IQTKhiFr0T0YRZJzbYFcVbq9AVQFbUAdR0tgyDL12thMjF8?width=600&height=600
15-01-2024,1610.720825,1615.989583,1591.566023,1610.179127,1405514,20,Mahindra & Mahindra,M&M.NS,Stock,Automobile,https://1drv.ms/i/c/8705623eb284e7df/IQTKhiFr0T0YRZJzbYFcVbq9AVQFbUAdR0tgyDL12thMjF8?width=600&height=600
16-01-2024,1595.751465,1615.103183,1592.994044,1613.133544,2236688,20,Mahindra & Mahindra,M&M.NS,Stock,Automobile,https://1drv.ms/i/c/8705623eb284e7df/IQTKhiFr0T0YRZJzbYFcVbq9AVQFbUAdR0tgyDL12thMjF8?width=600&height=600
17-01-2024,1573.445313,1590.48273,1566.847073,1587.528273,2548169,20,Mahindra & Mahindra,M&M.NS,Stock,Automobile,https://1drv.ms/i/c/8705623eb284e7df/IQTKhiFr0T0YRZJzbYFcVbq9AVQFbUAdR0tgyDL12thMjF8?width=600&height=600
18-01-2024,1592.698608,1598.656812,1556.654255,1575.71048,2328588,20,Mahindra & Mahindra,M&M.NS,Stock,Automobile,https://1drv.ms/i/c/8705623eb284e7df/IQTKhiFr0T0YRZJzbYFcVbq9AVQFbUAdR0tgyDL12thMjF8?width=600&height=600
19-01-2024,1630.417236,1633.814814,1597.622714,1600.281677,2836976,20,Mahindra & Mahindra,M&M.NS,Stock,Automobile,https://1drv.ms/i/c/8705623eb284e7df/IQTKhiFr0T0YRZJzbYFcVbq9AVQFbUAdR0tgyDL12thMjF8?width=600&height=600
23-01-2024,1570.983398,1622.587944,1564.138954,1594.422141,2772880,20,Mahindra & Mahindra,M&M.NS,Stock,Automobile,https://1drv.ms/i/c/8705623eb284e7df/IQTKhiFr0T0YRZJzbYFcVbq9AVQFbUAdR0tgyDL12thMjF8?width=600&height=600
24-01-2024,1603.383789,1607.520101,1551.089924,1570.786304,2543323,20,Mahindra & Mahindra,M&M.NS,Stock,Automobile,https://1drv.ms/i/c/8705623eb284e7df/IQTKhiFr0T0YRZJzbYFcVbq9AVQFbUAdR0tgyDL12thMjF8?width=600&height=600
25-01-2024,1610.671509,1617.811447,1579.551252,1606.830691,2038472,20,Mahindra & Mahindra,M&M.NS,Stock,Automobile,https://1drv.ms/i/c/8705623eb284e7df/IQTKhiFr0T0YRZJzbYFcVbq9AVQFbUAdR0tgyDL12thMjF8?width=600&height=600
29-01-2024,1615.103271,1620.027367,1600.330985,1610.671586,3075670,20,Mahindra & Mahindra,M&M.NS,Stock,Automobile,https://1drv.ms/i/c/8705623eb284e7df/IQTKhiFr0T0YRZJzbYFcVbq9AVQFbUAdR0tgyDL12thMjF8?width=600&height=600
30-01-2024,1595.751465,1634.307153,1589.941009,1624.902084,2569098,20,Mahindra & Mahindra,M&M.NS,Stock,Automobile,https://1drv.ms/i/c/8705623eb284e7df/IQTKhiFr0T0YRZJzbYFcVbq9AVQFbUAdR0tgyDL12thMjF8?width=600&height=600
31-01-2024,1626.477905,1633.125434,1584.623097,1590.532011,3154787,20,Mahindra & Mahindra,M&M.NS,Stock,Automobile,https://1drv.ms/i/c/8705623eb284e7df/IQTKhiFr0T0YRZJzbYFcVbq9AVQFbUAdR0tgyDL12thMjF8?width=600&height=600
01-02-2024,1626.084106,1676.753002,1620.569143,1634.061117,4065784,20,Mahindra & Mahindra,M&M.NS,Stock,Automobile,https://1drv.ms/i/c/8705623eb284e7df/IQTKhiFr0T0YRZJzbYFcVbq9AVQFbUAdR0tgyDL12thMjF8?width=600&height=600
02-02-2024,1635.53833,1661.439121,1624.951525,1629.87562,3304158,20,Mahindra & Mahindra,M&M.NS,Stock,Automobile,https://1drv.ms/i/c/8705623eb284e7df/IQTKhiFr0T0YRZJzbYFcVbq9AVQFbUAdR0tgyDL12thMjF8?width=600&height=600
05-02-2024,1677.688477,1686.847221,1639.822113,1651.24599,3525423,20,Mahindra & Mahindra,M&M.NS,Stock,Automobile,https://1drv.ms/i/c/8705623eb284e7df/IQTKhiFr0T0YRZJzbYFcVbq9AVQFbUAdR0tgyDL12thMjF8?width=600&height=600
06-02-2024,1701.422729,1703.73703,1680.101372,1684.976179,2219874,20,Mahindra & Mahindra,M&M.NS,Stock,Automobile,https://1drv.ms/i/c/8705623eb284e7df/IQTKhiFr0T0YRZJzbYFcVbq9AVQFbUAdR0tgyDL12thMjF8?width=600&height=600
07-02-2024,1694.873535,1725.402925,1689.653946,1705.164846,1213661,20,Mahindra & Mahindra,M&M.NS,Stock,Automobile,https://1drv.ms/i/c/8705623eb284e7df/IQTKhiFr0T0YRZJzbYFcVbq9AVQFbUAdR0tgyDL12thMjF8?width=600&height=600
08-02-2024,1660.306519,1717.426025,1650.113665,1702.752197,2550690,20,Mahindra & Mahindra,M&M.NS,Stock,Automobile,https://1drv.ms/i/c/8705623eb284e7df/IQTKhiFr0T0YRZJzbYFcVbq9AVQFbUAdR0tgyDL12thMjF8?width=600&height=600
09-02-2024,1621.406128,1664.09801,1603.285433,1660.404939,2033950,20,Mahindra & Mahindra,M&M.NS,Stock,Automobile,https://1drv.ms/i/c/8705623eb284e7df/IQTKhiFr0T0YRZJzbYFcVbq9AVQFbUAdR0tgyDL12thMjF8?width=600&height=600
12-02-2024,1635.242676,1649.621129,1615.644874,1628.890641,1197925,20,Mahindra & Mahindra,M&M.NS,Stock,Automobile,https://1drv.ms/i/c/8705623eb284e7df/IQTKhiFr0T0YRZJzbYFcVbq9AVQFbUAdR0tgyDL12thMjF8?width=600&height=600
13-02-2024,1621.750854,1653.905222,1598.804521,1644.647899,2075130,20,Mahindra & Mahindra,M&M.NS,Stock,Automobile,https://1drv.ms/i/c/8705623eb284e7df/IQTKhiFr0T0YRZJzbYFcVbq9AVQFbUAdR0tgyDL12thMjF8?width=600&height=600
14-02-2024,1631.894409,1654.151295,1599.247635,1606.239826,4368695,20,Mahindra & Mahindra,M&M.NS,Stock,Automobile,https://1drv.ms/i/c/8705623eb284e7df/IQTKhiFr0T0YRZJzbYFcVbq9AVQFbUAdR0tgyDL12thMjF8?width=600&height=600
15-02-2024,1738.254883,1757.803517,1642.776605,1655.530084,9887134,20,Mahindra & Mahindra,M&M.NS,Stock,Automobile,https://1drv.ms/i/c/8705623eb284e7df/IQTKhiFr0T0YRZJzbYFcVbq9AVQFbUAdR0tgyDL12thMjF8?width=600&height=600
16-02-2024,1807.684692,1836.342903,1749.875741,1760.856498,7188957,20,Mahindra & Mahindra,M&M.NS,Stock,Automobile,https://1drv.ms/i/c/8705623eb284e7df/IQTKhiFr0T0YRZJzbYFcVbq9AVQFbUAdR0tgyDL12thMjF8?width=600&height=600
19-02-2024,1820.487305,1828.267279,1792.370673,1808.177067,2682236,20,Mahindra & Mahindra,M&M.NS,Stock,Automobile,https://1drv.ms/i/c/8705623eb284e7df/IQTKhiFr0T0YRZJzbYFcVbq9AVQFbUAdR0tgyDL12thMjF8?width=600&height=600
20-02-2024,1825.509888,1831.763465,1792.863112,1809.506578,1830562,20,Mahindra & Mahindra,M&M.NS,Stock,Automobile,https://1drv.ms/i/c/8705623eb284e7df/IQTKhiFr0T0YRZJzbYFcVbq9AVQFbUAdR0tgyDL12thMjF8?width=600&height=600
21-02-2024,1831.418701,1861.01244,1818.665223,1821.816716,4466234,20,Mahindra & Mahindra,M&M.NS,Stock,Automobile,https://1drv.ms/i/c/8705623eb284e7df/IQTKhiFr0T0YRZJzbYFcVbq9AVQFbUAdR0tgyDL12thMjF8?width=600&height=600
22-02-2024,1881.348999,1887.89807,1824.869652,1842.547105,3360123,20,Mahindra & Mahindra,M&M.NS,Stock,Automobile,https://1drv.ms/i/c/8705623eb284e7df/IQTKhiFr0T0YRZJzbYFcVbq9AVQFbUAdR0tgyDL12thMjF8?width=600&height=600
23-02-2024,1900.651489,1918.279774,1872.239484,1897.106165,3323441,20,Mahindra & Mahindra,M&M.NS,Stock,Automobile,https://1drv.ms/i/c/8705623eb284e7df/IQTKhiFr0T0YRZJzbYFcVbq9AVQFbUAdR0tgyDL12thMjF8?width=600&height=600
26-02-2024,1900.503784,1921.381899,1895.973521,1905.624795,2436063,20,Mahindra & Mahindra,M&M.NS,Stock,Automobile,https://1drv.ms/i/c/8705623eb284e7df/IQTKhiFr0T0YRZJzbYFcVbq9AVQFbUAdR0tgyDL12thMjF8?width=600&height=600
27-02-2024,1920.988037,1927.241614,1885.977792,1896.761512,2821465,20,Mahindra & Mahindra,M&M.NS,Stock,Automobile,https://1drv.ms/i/c/8705623eb284e7df/IQTKhiFr0T0YRZJzbYFcVbq9AVQFbUAdR0tgyDL12thMjF8?width=600&height=600
28-02-2024,1872.781128,1923.499308,1868.250984,1922.317453,2010429,20,Mahindra & Mahindra,M&M.NS,Stock,Automobile,https://1drv.ms/i/c/8705623eb284e7df/IQTKhiFr0T0YRZJzbYFcVbq9AVQFbUAdR0tgyDL12thMjF8?width=600&height=600
29-02-2024,1903.064453,1921.283606,1863.819436,1873.963001,5539065,20,Mahindra & Mahindra,M&M.NS,Stock,Automobile,https://1drv.ms/i/c/8705623eb284e7df/IQTKhiFr0T0YRZJzbYFcVbq9AVQFbUAdR0tgyDL12thMjF8?width=600&height=600
01-03-2024,1942.998657,1952.206811,1901.193137,1904.246052,3384932,20,Mahindra & Mahindra,M&M.NS,Stock,Automobile,https://1drv.ms/i/c/8705623eb284e7df/IQTKhiFr0T0YRZJzbYFcVbq9AVQFbUAdR0tgyDL12thMjF8?width=600&height=600
04-03-2024,1891.886719,1944.96837,1889.917081,1937.139107,1645331,20,Mahindra & Mahindra,M&M.NS,Stock,Automobile,https://1drv.ms/i/c/8705623eb284e7df/IQTKhiFr0T0YRZJzbYFcVbq9AVQFbUAdR0tgyDL12thMjF8?width=600&height=600
05-03-2024,1909.810303,1938.12385,1893.856283,1895.776632,2208384,20,Mahindra & Mahindra,M&M.NS,Stock,Automobile,https://1drv.ms/i/c/8705623eb284e7df/IQTKhiFr0T0YRZJzbYFcVbq9AVQFbUAdR0tgyDL12thMjF8?width=600&height=600
06-03-2024,1940.733643,1949.843219,1892.822173,1915.47301,1673183,20,Mahindra & Mahindra,M&M.NS,Stock,Automobile,https://1drv.ms/i/c/8705623eb284e7df/IQTKhiFr0T0YRZJzbYFcVbq9AVQFbUAdR0tgyDL12thMjF8?width=600&height=600
07-03-2024,1868.743408,1902.818123,1855.694556,1900.848485,18323831,20,Mahindra & Mahindra,M&M.NS,Stock,Automobile,https://1drv.ms/i/c/8705623eb284e7df/IQTKhiFr0T0YRZJzbYFcVbq9AVQFbUAdR0tgyDL12thMjF8?width=600&height=600
11-03-2024,1865.591919,1884.648143,1844.86155,1883.958818,3250782,20,Mahindra & Mahindra,M&M.NS,Stock,Automobile,https://1drv.ms/i/c/8705623eb284e7df/IQTKhiFr0T0YRZJzbYFcVbq9AVQFbUAdR0tgyDL12thMjF8?width=600&height=600
12-03-2024,1866.379883,1869.531256,1848.16073,1863.277679,3186510,20,Mahindra & Mahindra,M&M.NS,Stock,Automobile,https://1drv.ms/i/c/8705623eb284e7df/IQTKhiFr0T0YRZJzbYFcVbq9AVQFbUAdR0tgyDL12thMjF8?width=600&height=600
13-03-2024,1825.559082,1872.535024,1816.25259,1867.216977,4270994,20,Mahindra & Mahindra,M&M.NS,Stock,Automobile,https://1drv.ms/i/c/8705623eb284e7df/IQTKhiFr0T0YRZJzbYFcVbq9AVQFbUAdR0tgyDL12thMjF8?width=600&height=600
14-03-2024,1861.849731,1866.822996,1816.597223,1825.559053,2388133,20,Mahindra & Mahindra,M&M.NS,Stock,Automobile,https://1drv.ms/i/c/8705623eb284e7df/IQTKhiFr0T0YRZJzbYFcVbq9AVQFbUAdR0tgyDL12thMjF8?width=600&height=600
15-03-2024,1772.181885,1853.527914,1761.644369,1846.535723,5504948,20,Mahindra & Mahindra,M&M.NS,Stock,Automobile,https://1drv.ms/i/c/8705623eb284e7df/IQTKhiFr0T0YRZJzbYFcVbq9AVQFbUAdR0tgyDL12thMjF8?width=600&height=600
18-03-2024,1827.873535,1839.051208,1773.708485,1780.50364,3404076,20,Mahindra & Mahindra,M&M.NS,Stock,Automobile,https://1drv.ms/i/c/8705623eb284e7df/IQTKhiFr0T0YRZJzbYFcVbq9AVQFbUAdR0tgyDL12thMjF8?width=600&height=600
19-03-2024,1815.907959,1836.687618,1799.067576,1827.873535,2189225,20,Mahindra & Mahindra,M&M.NS,Stock,Automobile,https://1drv.ms/i/c/8705623eb284e7df/IQTKhiFr0T0YRZJzbYFcVbq9AVQFbUAdR0tgyDL12thMjF8?width=600&height=600
20-03-2024,1816.400269,1830.827892,1792.912358,1823.83558,1550415,20,Mahindra & Mahindra,M&M.NS,Stock,Automobile,https://1drv.ms/i/c/8705623eb284e7df/IQTKhiFr0T0YRZJzbYFcVbq9AVQFbUAdR0tgyDL12thMjF8?width=600&height=600
21-03-2024,1837.524658,1846.535777,1816.991204,1831.714202,2072960,20,Mahindra & Mahindra,M&M.NS,Stock,Automobile,https://1drv.ms/i/c/8705623eb284e7df/IQTKhiFr0T0YRZJzbYFcVbq9AVQFbUAdR0tgyDL12thMjF8?width=600&height=600
22-03-2024,1850.278076,1876.523408,1819.206987,1837.524597,3786990,20,Mahindra & Mahindra,M&M.NS,Stock,Automobile,https://1drv.ms/i/c/8705623eb284e7df/IQTKhiFr0T0YRZJzbYFcVbq9AVQFbUAdR0tgyDL12thMjF8?width=600&height=600
26-03-2024,1835.653442,1888.390551,1832.846732,1849.687114,4092744,20,Mahindra & Mahindra,M&M.NS,Stock,Automobile,https://1drv.ms/i/c/8705623eb284e7df/IQTKhiFr0T0YRZJzbYFcVbq9AVQFbUAdR0tgyDL12thMjF8?width=600&height=600
27-03-2024,1852.592407,1871.057765,1827.134858,1841.513193,4196597,20,Mahindra & Mahindra,M&M.NS,Stock,Automobile,https://1drv.ms/i/c/8705623eb284e7df/IQTKhiFr0T0YRZJzbYFcVbq9AVQFbUAdR0tgyDL12thMjF8?width=600&height=600
28-03-2024,1892.182007,1933.150454,1841.956237,1852.59233,3790854,20,Mahindra & Mahindra,M&M.NS,Stock,Automobile,https://1drv.ms/i/c/8705623eb284e7df/IQTKhiFr0T0YRZJzbYFcVbq9AVQFbUAdR0tgyDL12thMjF8?width=600&height=600
01-04-2024,1886.864014,1934.03687,1863.08073,1908.579322,2765845,20,Mahindra & Mahindra,M&M.NS,Stock,Automobile,https://1drv.ms/i/c/8705623eb284e7df/IQTKhiFr0T0YRZJzbYFcVbq9AVQFbUAdR0tgyDL12thMjF8?width=600&height=600
02-04-2024,1942.013794,1947.479588,1872.584054,1886.86393,3431715,20,Mahindra & Mahindra,M&M.NS,Stock,Automobile,https://1drv.ms/i/c/8705623eb284e7df/IQTKhiFr0T0YRZJzbYFcVbq9AVQFbUAdR0tgyDL12thMjF8?width=600&height=600
03-04-2024,1959.100586,1972.888053,1926.502979,1937.139073,3615370,20,Mahindra & Mahindra,M&M.NS,Stock,Automobile,https://1drv.ms/i/c/8705623eb284e7df/IQTKhiFr0T0YRZJzbYFcVbq9AVQFbUAdR0tgyDL12thMjF8?width=600&height=600
04-04-2024,1972.297119,1984.410442,1933.396766,1968.653337,3007920,20,Mahindra & Mahindra,M&M.NS,Stock,Automobile,https://1drv.ms/i/c/8705623eb284e7df/IQTKhiFr0T0YRZJzbYFcVbq9AVQFbUAdR0tgyDL12thMjF8?width=600&height=600
05-04-2024,1982.736328,1996.671422,1962.005838,1965.058753,2767027,20,Mahindra & Mahindra,M&M.NS,Stock,Automobile,https://1drv.ms/i/c/8705623eb284e7df/IQTKhiFr0T0YRZJzbYFcVbq9AVQFbUAdR0tgyDL12thMjF8?width=600&height=600
08-04-2024,2046.552612,2055.317406,1986.281613,1987.36489,2781568,20,Mahindra & Mahindra,M&M.NS,Stock,Automobile,https://1drv.ms/i/c/8705623eb284e7df/IQTKhiFr0T0YRZJzbYFcVbq9AVQFbUAdR0tgyDL12thMjF8?width=600&height=600
09-04-2024,2059.157959,2066.790306,2038.673916,2063.195813,2853137,20,Mahindra & Mahindra,M&M.NS,Stock,Automobile,https://1drv.ms/i/c/8705623eb284e7df/IQTKhiFr0T0YRZJzbYFcVbq9AVQFbUAdR0tgyDL12thMjF8?width=600&height=600
10-04-2024,2044.681274,2076.589556,2038.575444,2066.593498,2280814,20,Mahindra & Mahindra,M&M.NS,Stock,Automobile,https://1drv.ms/i/c/8705623eb284e7df/IQTKhiFr0T0YRZJzbYFcVbq9AVQFbUAdR0tgyDL12thMjF8?width=600&height=600
12-04-2024,2039.510864,2055.809667,2020.503809,2052.3628,4008660,20,Mahindra & Mahindra,M&M.NS,Stock,Automobile,https://1drv.ms/i/c/8705623eb284e7df/IQTKhiFr0T0YRZJzbYFcVbq9AVQFbUAdR0tgyDL12thMjF8?width=600&height=600
15-04-2024,2022.276611,2052.264303,2004.106748,2024.049334,2024919,20,Mahindra & Mahindra,M&M.NS,Stock,Automobile,https://1drv.ms/i/c/8705623eb284e7df/IQTKhiFr0T0YRZJzbYFcVbq9AVQFbUAdR0tgyDL12thMjF8?width=600&height=600
16-04-2024,2000.462891,2042.268409,1996.966735,2015.97379,1981730,20,Mahindra & Mahindra,M&M.NS,Stock,Automobile,https://1drv.ms/i/c/8705623eb284e7df/IQTKhiFr0T0YRZJzbYFcVbq9AVQFbUAdR0tgyDL12thMjF8?width=600&height=600
18-04-2024,1994.209351,2055.317423,1985.887677,2000.463048,3539862,20,Mahindra & Mahindra,M&M.NS,Stock,Automobile,https://1drv.ms/i/c/8705623eb284e7df/IQTKhiFr0T0YRZJzbYFcVbq9AVQFbUAdR0tgyDL12thMjF8?width=600&height=600
19-04-2024,2051.279541,2055.317395,1967.865414,2003.121985,3253248,20,Mahindra & Mahindra,M&M.NS,Stock,Automobile,https://1drv.ms/i/c/8705623eb284e7df/IQTKhiFr0T0YRZJzbYFcVbq9AVQFbUAdR0tgyDL12thMjF8?width=600&height=600
22-04-2024,2058.911865,2100.619048,2033.651353,2092.297376,2449171,20,Mahindra & Mahindra,M&M.NS,Stock,Automobile,https://1drv.ms/i/c/8705623eb284e7df/IQTKhiFr0T0YRZJzbYFcVbq9AVQFbUAdR0tgyDL12thMjF8?width=600&height=600
23-04-2024,2031.287842,2081.907444,2025.625132,2064.180701,2886136,20,Mahindra & Mahindra,M&M.NS,Stock,Automobile,https://1drv.ms/i/c/8705623eb284e7df/IQTKhiFr0T0YRZJzbYFcVbq9AVQFbUAdR0tgyDL12thMjF8?width=600&height=600
24-04-2024,2027.200806,2059.109088,2021.784301,2023.803228,1929834,20,Mahindra & Mahindra,M&M.NS,Stock,Automobile,https://1drv.ms/i/c/8705623eb284e7df/IQTKhiFr0T0YRZJzbYFcVbq9AVQFbUAdR0tgyDL12thMjF8?width=600&height=600
25-04-2024,2065.018066,2081.858329,2010.902184,2028.727386,3084498,20,Mahindra & Mahindra,M&M.NS,Stock,Automobile,https://1drv.ms/i/c/8705623eb284e7df/IQTKhiFr0T0YRZJzbYFcVbq9AVQFbUAdR0tgyDL12thMjF8?width=600&height=600
26-04-2024,2013.856445,2071.074407,2007.849073,2067.676829,2952484,20,Mahindra & Mahindra,M&M.NS,Stock,Automobile,https://1drv.ms/i/c/8705623eb284e7df/IQTKhiFr0T0YRZJzbYFcVbq9AVQFbUAdR0tgyDL12thMjF8?width=600&height=600
29-04-2024,2030.746216,2036.950624,1970.622963,2014.447412,2724604,20,Mahindra & Mahindra,M&M.NS,Stock,Automobile,https://1drv.ms/i/c/8705623eb284e7df/IQTKhiFr0T0YRZJzbYFcVbq9AVQFbUAdR0tgyDL12thMjF8?width=600&height=600
30-04-2024,2123.614502,2136.072366,2041.579033,2041.579033,5745143,20,Mahindra & Mahindra,M&M.NS,Stock,Automobile,https://1drv.ms/i/c/8705623eb284e7df/IQTKhiFr0T0YRZJzbYFcVbq9AVQFbUAdR0tgyDL12thMjF8?width=600&height=600
02-05-2024,2151.977295,2170.541231,2132.231865,2132.231865,3347541,20,Mahindra & Mahindra,M&M.NS,Stock,Automobile,https://1drv.ms/i/c/8705623eb284e7df/IQTKhiFr0T0YRZJzbYFcVbq9AVQFbUAdR0tgyDL12thMjF8?width=600&height=600
03-05-2024,2159.708252,2176.450176,2139.371834,2176.450176,3859227,20,Mahindra & Mahindra,M&M.NS,Stock,Automobile,https://1drv.ms/i/c/8705623eb284e7df/IQTKhiFr0T0YRZJzbYFcVbq9AVQFbUAdR0tgyDL12thMjF8?width=600&height=600
06-05-2024,2191.173096,2205.99467,2156.753718,2167.045029,2111447,20,Mahindra & Mahindra,M&M.NS,Stock,Automobile,https://1drv.ms/i/c/8705623eb284e7df/IQTKhiFr0T0YRZJzbYFcVbq9AVQFbUAdR0tgyDL12thMjF8?width=600&height=600
07-05-2024,2158.230957,2202.941646,2131.985625,2202.055405,1727823,20,Mahindra & Mahindra,M&M.NS,Stock,Automobile,https://1drv.ms/i/c/8705623eb284e7df/IQTKhiFr0T0YRZJzbYFcVbq9AVQFbUAdR0tgyDL12thMjF8?width=600&height=600
08-05-2024,2149.269043,2161.677859,2127.209192,2158.427908,1993202,20,Mahindra & Mahindra,M&M.NS,Stock,Automobile,https://1drv.ms/i/c/8705623eb284e7df/IQTKhiFr0T0YRZJzbYFcVbq9AVQFbUAdR0tgyDL12thMjF8?width=600&height=600
09-05-2024,2178.961426,2222.490379,2151.829613,2152.371312,3998822,20,Mahindra & Mahindra,M&M.NS,Stock,Automobile,https://1drv.ms/i/c/8705623eb284e7df/IQTKhiFr0T0YRZJzbYFcVbq9AVQFbUAdR0tgyDL12thMjF8?width=600&height=600
10-05-2024,2159.757324,2197.771193,2149.859845,2178.271969,3045912,20,Mahindra & Mahindra,M&M.NS,Stock,Automobile,https://1drv.ms/i/c/8705623eb284e7df/IQTKhiFr0T0YRZJzbYFcVbq9AVQFbUAdR0tgyDL12thMjF8?width=600&height=600
13-05-2024,2151.091064,2174.529807,2127.209202,2174.480517,2575573,20,Mahindra & Mahindra,M&M.NS,Stock,Automobile,https://1drv.ms/i/c/8705623eb284e7df/IQTKhiFr0T0YRZJzbYFcVbq9AVQFbUAdR0tgyDL12thMjF8?width=600&height=600
14-05-2024,2235.440674,2245.732225,2141.981442,2141.981442,3830189,20,Mahindra & Mahindra,M&M.NS,Stock,Automobile,https://1drv.ms/i/c/8705623eb284e7df/IQTKhiFr0T0YRZJzbYFcVbq9AVQFbUAdR0tgyDL12thMjF8?width=600&height=600
15-05-2024,2267.348877,2281.973295,2221.751708,2246.667678,2569084,20,Mahindra & Mahindra,M&M.NS,Stock,Automobile,https://1drv.ms/i/c/8705623eb284e7df/IQTKhiFr0T0YRZJzbYFcVbq9AVQFbUAdR0tgyDL12thMjF8?width=600&height=600
16-05-2024,2335.744629,2357.558275,2251.493309,2284.238543,7444517,20,Mahindra & Mahindra,M&M.NS,Stock,Automobile,https://1drv.ms/i/c/8705623eb284e7df/IQTKhiFr0T0YRZJzbYFcVbq9AVQFbUAdR0tgyDL12thMjF8?width=600&height=600
17-05-2024,2476.426025,2519.117786,2388.530927,2388.530927,9796445,20,Mahindra & Mahindra,M&M.NS,Stock,Automobile,https://1drv.ms/i/c/8705623eb284e7df/IQTKhiFr0T0YRZJzbYFcVbq9AVQFbUAdR0tgyDL12thMjF8?width=600&height=600
21-05-2024,2484.353516,2498.436475,2429.548435,2465.001919,3747292,20,Mahindra & Mahindra,M&M.NS,Stock,Automobile,https://1drv.ms/i/c/8705623eb284e7df/IQTKhiFr0T0YRZJzbYFcVbq9AVQFbUAdR0tgyDL12thMjF8?width=600&height=600
22-05-2024,2482.77832,2496.516499,2452.199638,2483.418357,2974921,20,Mahindra & Mahindra,M&M.NS,Stock,Automobile,https://1drv.ms/i/c/8705623eb284e7df/IQTKhiFr0T0YRZJzbYFcVbq9AVQFbUAdR0tgyDL12thMjF8?width=600&height=600
23-05-2024,2569.589844,2577.665312,2462.293855,2481.744032,4715263,20,Mahindra & Mahindra,M&M.NS,Stock,Automobile,https://1drv.ms/i/c/8705623eb284e7df/IQTKhiFr0T0YRZJzbYFcVbq9AVQFbUAdR0tgyDL12thMjF8?width=600&height=600
24-05-2024,2540.586914,2565.453595,2533.348398,2550.484393,2919241,20,Mahindra & Mahindra,M&M.NS,Stock,Automobile,https://1drv.ms/i/c/8705623eb284e7df/IQTKhiFr0T0YRZJzbYFcVbq9AVQFbUAdR0tgyDL12thMjF8?width=600&height=600
27-05-2024,2510.402344,2550.435142,2502.425213,2541.965602,3328559,20,Mahindra & Mahindra,M&M.NS,Stock,Automobile,https://1drv.ms/i/c/8705623eb284e7df/IQTKhiFr0T0YRZJzbYFcVbq9AVQFbUAdR0tgyDL12thMjF8?width=600&height=600
28-05-2024,2514.046143,2542.753522,2509.318963,2511.288601,1549203,20,Mahindra & Mahindra,M&M.NS,Stock,Automobile,https://1drv.ms/i/c/8705623eb284e7df/IQTKhiFr0T0YRZJzbYFcVbq9AVQFbUAdR0tgyDL12thMjF8?width=600&height=600
29-05-2024,2495.186523,2508.333953,2462.638448,2472.141855,2720451,20,Mahindra & Mahindra,M&M.NS,Stock,Automobile,https://1drv.ms/i/c/8705623eb284e7df/IQTKhiFr0T0YRZJzbYFcVbq9AVQFbUAdR0tgyDL12thMjF8?width=600&height=600
30-05-2024,2455.64624,2493.020074,2440.381545,2479.774306,3367101,20,Mahindra & Mahindra,M&M.NS,Stock,Automobile,https://1drv.ms/i/c/8705623eb284e7df/IQTKhiFr0T0YRZJzbYFcVbq9AVQFbUAdR0tgyDL12thMjF8?width=600&height=600
31-05-2024,2468.202881,2530.197195,2457.271293,2479.528301,8769724,20,Mahindra & Mahindra,M&M.NS,Stock,Automobile,https://1drv.ms/i/c/8705623eb284e7df/IQTKhiFr0T0YRZJzbYFcVbq9AVQFbUAdR0tgyDL12thMjF8?width=600&height=600
03-06-2024,2594.013184,2614.054346,2531.378601,2535.958153,2701157,20,Mahindra & Mahindra,M&M.NS,Stock,Automobile,https://1drv.ms/i/c/8705623eb284e7df/IQTKhiFr0T0YRZJzbYFcVbq9AVQFbUAdR0tgyDL12thMjF8?width=600&height=600
04-06-2024,2533.84082,2598.937455,2411.033934,2594.259565,6372249,20,Mahindra & Mahindra,M&M.NS,Stock,Automobile,https://1drv.ms/i/c/8705623eb284e7df/IQTKhiFr0T0YRZJzbYFcVbq9AVQFbUAdR0tgyDL12thMjF8?width=600&height=600
05-06-2024,2699.339844,2711.896287,2532.75779,2533.840947,4242881,20,Mahindra & Mahindra,M&M.NS,Stock,Automobile,https://1drv.ms/i/c/8705623eb284e7df/IQTKhiFr0T0YRZJzbYFcVbq9AVQFbUAdR0tgyDL12thMjF8?width=600&height=600
06-06-2024,2658.86377,2719.971598,2630.353066,2703.328253,4992660,20,Mahindra & Mahindra,M&M.NS,Stock,Automobile,https://1drv.ms/i/c/8705623eb284e7df/IQTKhiFr0T0YRZJzbYFcVbq9AVQFbUAdR0tgyDL12thMjF8?width=600&height=600
07-06-2024,2814.071289,2824.067347,2627.842142,2627.842142,6447821,20,Mahindra & Mahindra,M&M.NS,Stock,Automobile,https://1drv.ms/i/c/8705623eb284e7df/IQTKhiFr0T0YRZJzbYFcVbq9AVQFbUAdR0tgyDL12thMjF8?width=600&height=600
10-06-2024,2764.928711,2842.187716,2757.493279,2817.56724,2021106,20,Mahindra & Mahindra,M&M.NS,Stock,Automobile,https://1drv.ms/i/c/8705623eb284e7df/IQTKhiFr0T0YRZJzbYFcVbq9AVQFbUAdR0tgyDL12thMjF8?width=600&height=600
11-06-2024,2792.503662,2811.658344,2770.689776,2778.174497,2298974,20,Mahindra & Mahindra,M&M.NS,Stock,Automobile,https://1drv.ms/i/c/8705623eb284e7df/IQTKhiFr0T0YRZJzbYFcVbq9AVQFbUAdR0tgyDL12thMjF8?width=600&height=600
12-06-2024,2745.232422,2805.355674,2739.815917,2792.503737,2580846,20,Mahindra & Mahindra,M&M.NS,Stock,Automobile,https://1drv.ms/i/c/8705623eb284e7df/IQTKhiFr0T0YRZJzbYFcVbq9AVQFbUAdR0tgyDL12thMjF8?width=600&height=600
13-06-2024,2818.256592,2835.392587,2746.315513,2806.734257,2492637,20,Mahindra & Mahindra,M&M.NS,Stock,Automobile,https://1drv.ms/i/c/8705623eb284e7df/IQTKhiFr0T0YRZJzbYFcVbq9AVQFbUAdR0tgyDL12thMjF8?width=600&height=600
14-06-2024,2884.141113,2901.276868,2821.506527,2831.354717,3515019,20,Mahindra & Mahindra,M&M.NS,Stock,Automobile,https://1drv.ms/i/c/8705623eb284e7df/IQTKhiFr0T0YRZJzbYFcVbq9AVQFbUAdR0tgyDL12thMjF8?width=600&height=600
18-06-2024,2916.935547,2967.752308,2911.765247,2919.988582,4887512,20,Mahindra & Mahindra,M&M.NS,Stock,Automobile,https://1drv.ms/i/c/8705623eb284e7df/IQTKhiFr0T0YRZJzbYFcVbq9AVQFbUAdR0tgyDL12thMjF8?width=600&height=600
19-06-2024,2889.311523,2931.80637,2882.023718,2929.836732,3512298,20,Mahindra & Mahindra,M&M.NS,Stock,Automobile,https://1drv.ms/i/c/8705623eb284e7df/IQTKhiFr0T0YRZJzbYFcVbq9AVQFbUAdR0tgyDL12thMjF8?width=600&height=600
20-06-2024,2827.612549,2909.894233,2813.92366,2900.341535,4024418,20,Mahindra & Mahindra,M&M.NS,Stock,Automobile,https://1drv.ms/i/c/8705623eb284e7df/IQTKhiFr0T0YRZJzbYFcVbq9AVQFbUAdR0tgyDL12thMjF8?width=600&height=600
21-06-2024,2796.836914,2876.557971,2782.163206,2840.956857,8400461,20,Mahindra & Mahindra,M&M.NS,Stock,Automobile,https://1drv.ms/i/c/8705623eb284e7df/IQTKhiFr0T0YRZJzbYFcVbq9AVQFbUAdR0tgyDL12thMjF8?width=600&height=600
24-06-2024,2871.5354,2879.561579,2770.345244,2793.439203,2699784,20,Mahindra & Mahindra,M&M.NS,Stock,Automobile,https://1drv.ms/i/c/8705623eb284e7df/IQTKhiFr0T0YRZJzbYFcVbq9AVQFbUAdR0tgyDL12thMjF8?width=600&height=600
25-06-2024,2865.232422,2902.261714,2847.161137,2876.853335,1910886,20,Mahindra & Mahindra,M&M.NS,Stock,Automobile,https://1drv.ms/i/c/8705623eb284e7df/IQTKhiFr0T0YRZJzbYFcVbq9AVQFbUAdR0tgyDL12thMjF8?width=600&height=600
26-06-2024,2808.211426,2868.728506,2801.416271,2862.91817,3282318,20,Mahindra & Mahindra,M&M.NS,Stock,Automobile,https://1drv.ms/i/c/8705623eb284e7df/IQTKhiFr0T0YRZJzbYFcVbq9AVQFbUAdR0tgyDL12thMjF8?width=600&height=600
27-06-2024,2845.092773,2860.899166,2750.648728,2798.85557,6900180,20,Mahindra & Mahindra,M&M.NS,Stock,Automobile,https://1drv.ms/i/c/8705623eb284e7df/IQTKhiFr0T0YRZJzbYFcVbq9AVQFbUAdR0tgyDL12thMjF8?width=600&height=600
28-06-2024,2823.131348,2852.035882,2811.658302,2811.658302,2548169,20,Mahindra & Mahindra,M&M.NS,Stock,Automobile,https://1drv.ms/i/c/8705623eb284e7df/IQTKhiFr0T0YRZJzbYFcVbq9AVQFbUAdR0tgyDL12thMjF8?width=600&height=600
01-07-2024,2832.191895,2850.115553,2795.162603,2797.870855,1718501,20,Mahindra & Mahindra,M&M.NS,Stock,Automobile,https://1drv.ms/i/c/8705623eb284e7df/IQTKhiFr0T0YRZJzbYFcVbq9AVQFbUAdR0tgyDL12thMjF8?width=600&height=600
02-07-2024,2821.654053,2847.11172,2806.734141,2846.323817,1507890,20,Mahindra & Mahindra,M&M.NS,Stock,Automobile,https://1drv.ms/i/c/8705623eb284e7df/IQTKhiFr0T0YRZJzbYFcVbq9AVQFbUAdR0tgyDL12thMjF8?width=600&height=600
03-07-2024,2834.26001,2851.051223,2821.605229,2827.415565,1019710,20,Mahindra & Mahindra,M&M.NS,Stock,Automobile,https://1drv.ms/i/c/8705623eb284e7df/IQTKhiFr0T0YRZJzbYFcVbq9AVQFbUAdR0tgyDL12thMjF8?width=600&height=600
04-07-2024,2858.732666,2877.641143,2841.252129,2846.126935,1502213,20,Mahindra & Mahindra,M&M.NS,Stock,Automobile,https://1drv.ms/i/c/8705623eb284e7df/IQTKhiFr0T0YRZJzbYFcVbq9AVQFbUAdR0tgyDL12thMjF8?width=600&height=600
05-07-2024,2857.641602,2862.998466,2817.365088,2862.998466,1966103,20,Mahindra & Mahindra,M&M.NS,Stock,Automobile,https://1drv.ms/i/c/8705623eb284e7df/IQTKhiFr0T0YRZJzbYFcVbq9AVQFbUAdR0tgyDL12thMjF8?width=600&height=600
08-07-2024,2828.624756,2895.338771,2824.805344,2857.641633,1631998,20,Mahindra & Mahindra,M&M.NS,Stock,Automobile,https://1drv.ms/i/c/8705623eb284e7df/IQTKhiFr0T0YRZJzbYFcVbq9AVQFbUAdR0tgyDL12thMjF8?width=600&height=600
09-07-2024,2902.183594,2916.568028,2814.636951,2832.59279,2902129,20,Mahindra & Mahindra,M&M.NS,Stock,Automobile,https://1drv.ms/i/c/8705623eb284e7df/IQTKhiFr0T0YRZJzbYFcVbq9AVQFbUAdR0tgyDL12thMjF8?width=600&height=600
10-07-2024,2710.22583,2906.647761,2676.397512,2906.647761,14481615,20,Mahindra & Mahindra,M&M.NS,Stock,Automobile,https://1drv.ms/i/c/8705623eb284e7df/IQTKhiFr0T0YRZJzbYFcVbq9AVQFbUAdR0tgyDL12thMjF8?width=600&height=600
11-07-2024,2676.546387,2735.968882,2669.552527,2735.968882,4314565,20,Mahindra & Mahindra,M&M.NS,Stock,Automobile,https://1drv.ms/i/c/8705623eb284e7df/IQTKhiFr0T0YRZJzbYFcVbq9AVQFbUAdR0tgyDL12thMjF8?width=600&height=600
12-07-2024,2682.399414,2700.603261,2665.733262,2668.213337,3398732,20,Mahindra & Mahindra,M&M.NS,Stock,Automobile,https://1drv.ms/i/c/8705623eb284e7df/IQTKhiFr0T0YRZJzbYFcVbq9AVQFbUAdR0tgyDL12thMjF8?width=600&height=600
15-07-2024,2709.283447,2717.170037,2686.516408,2701.14885,2017720,20,Mahindra & Mahindra,M&M.NS,Stock,Automobile,https://1drv.ms/i/c/8705623eb284e7df/IQTKhiFr0T0YRZJzbYFcVbq9AVQFbUAdR0tgyDL12thMjF8?width=600&height=600
16-07-2024,2734.778564,2744.798164,2718.162063,2732.992862,1925983,20,Mahindra & Mahindra,M&M.NS,Stock,Automobile,https://1drv.ms/i/c/8705623eb284e7df/IQTKhiFr0T0YRZJzbYFcVbq9AVQFbUAdR0tgyDL12thMjF8?width=600&height=600
18-07-2024,2796.97876,2803.426954,2714.689925,2734.034509,4122844,20,Mahindra & Mahindra,M&M.NS,Stock,Automobile,https://1drv.ms/i/c/8705623eb284e7df/IQTKhiFr0T0YRZJzbYFcVbq9AVQFbUAdR0tgyDL12thMjF8?width=600&height=600
19-07-2024,2727.387939,2797.474757,2721.138102,2797.474757,2042568,20,Mahindra & Mahindra,M&M.NS,Stock,Automobile,https://1drv.ms/i/c/8705623eb284e7df/IQTKhiFr0T0YRZJzbYFcVbq9AVQFbUAdR0tgyDL12thMjF8?width=600&height=600
22-07-2024,2782.395996,2796.532423,2703.281608,2729.124036,2208103,20,Mahindra & Mahindra,M&M.NS,Stock,Automobile,https://1drv.ms/i/c/8705623eb284e7df/IQTKhiFr0T0YRZJzbYFcVbq9AVQFbUAdR0tgyDL12thMjF8?width=600&height=600
23-07-2024,2798.86377,2831.749465,2721.534842,2801.492552,2572524,20,Mahindra & Mahindra,M&M.NS,Stock,Automobile,https://1drv.ms/i/c/8705623eb284e7df/IQTKhiFr0T0YRZJzbYFcVbq9AVQFbUAdR0tgyDL12thMjF8?width=600&height=600
24-07-2024,2783.140137,2807.841587,2741.623585,2800.500662,2276082,20,Mahindra & Mahindra,M&M.NS,Stock,Automobile,https://1drv.ms/i/c/8705623eb284e7df/IQTKhiFr0T0YRZJzbYFcVbq9AVQFbUAdR0tgyDL12thMjF8?width=600&height=600
25-07-2024,2788.99292,2804.468684,2759.628979,2777.485518,1857122,20,Mahindra & Mahindra,M&M.NS,Stock,Automobile,https://1drv.ms/i/c/8705623eb284e7df/IQTKhiFr0T0YRZJzbYFcVbq9AVQFbUAdR0tgyDL12thMjF8?width=600&height=600
26-07-2024,2864.78418,2874.307522,2767.763601,2799.111844,2352661,20,Mahindra & Mahindra,M&M.NS,Stock,Automobile,https://1drv.ms/i/c/8705623eb284e7df/IQTKhiFr0T0YRZJzbYFcVbq9AVQFbUAdR0tgyDL12thMjF8?width=600&height=600
29-07-2024,2909.623779,2921.528138,2852.582058,2876.886792,2388937,20,Mahindra & Mahindra,M&M.NS,Stock,Automobile,https://1drv.ms/i/c/8705623eb284e7df/IQTKhiFr0T0YRZJzbYFcVbq9AVQFbUAdR0tgyDL12thMjF8?width=600&height=600
30-07-2024,2898.810791,2926.48833,2881.450267,2921.52818,2290006,20,Mahindra & Mahindra,M&M.NS,Stock,Automobile,https://1drv.ms/i/c/8705623eb284e7df/IQTKhiFr0T0YRZJzbYFcVbq9AVQFbUAdR0tgyDL12thMjF8?width=600&height=600
31-07-2024,2884.624756,2955.852555,2850.052415,2913.591982,4238740,20,Mahindra & Mahindra,M&M.NS,Stock,Automobile,https://1drv.ms/i/c/8705623eb284e7df/IQTKhiFr0T0YRZJzbYFcVbq9AVQFbUAdR0tgyDL12thMjF8?width=600&height=600
01-08-2024,2805.857422,2903.175657,2797.623767,2903.175657,4971708,20,Mahindra & Mahindra,M&M.NS,Stock,Automobile,https://1drv.ms/i/c/8705623eb284e7df/IQTKhiFr0T0YRZJzbYFcVbq9AVQFbUAdR0tgyDL12thMjF8?width=600&height=600
02-08-2024,2727.735107,2787.90187,2712.061228,2787.90187,3041513,20,Mahindra & Mahindra,M&M.NS,Stock,Automobile,https://1drv.ms/i/c/8705623eb284e7df/IQTKhiFr0T0YRZJzbYFcVbq9AVQFbUAdR0tgyDL12thMjF8?width=600&height=600
05-08-2024,2657.598633,2707.448139,2614.792637,2658.293005,3731770,20,Mahindra & Mahindra,M&M.NS,Stock,Automobile,https://1drv.ms/i/c/8705623eb284e7df/IQTKhiFr0T0YRZJzbYFcVbq9AVQFbUAdR0tgyDL12thMjF8?width=600&height=600
06-08-2024,2611.965332,2726.842454,2604.773115,2666.874289,3069277,20,Mahindra & Mahindra,M&M.NS,Stock,Automobile,https://1drv.ms/i/c/8705623eb284e7df/IQTKhiFr0T0YRZJzbYFcVbq9AVQFbUAdR0tgyDL12thMjF8?width=600&height=600
07-08-2024,2659.483643,2683.193062,2639.791751,2676.000845,2479171,20,Mahindra & Mahindra,M&M.NS,Stock,Automobile,https://1drv.ms/i/c/8705623eb284e7df/IQTKhiFr0T0YRZJzbYFcVbq9AVQFbUAdR0tgyDL12thMjF8?width=600&height=600
08-08-2024,2661.56665,2694.849303,2635.327507,2639.295627,2673182,20,Mahindra & Mahindra,M&M.NS,Stock,Automobile,https://1drv.ms/i/c/8705623eb284e7df/IQTKhiFr0T0YRZJzbYFcVbq9AVQFbUAdR0tgyDL12thMjF8?width=600&height=600
09-08-2024,2727.239014,2742.962785,2683.440989,2712.209857,2279076,20,Mahindra & Mahindra,M&M.NS,Stock,Automobile,https://1drv.ms/i/c/8705623eb284e7df/IQTKhiFr0T0YRZJzbYFcVbq9AVQFbUAdR0tgyDL12thMjF8?width=600&height=600
12-08-2024,2695.990234,2735.026712,2687.111614,2727.239179,2321474,20,Mahindra & Mahindra,M&M.NS,Stock,Automobile,https://1drv.ms/i/c/8705623eb284e7df/IQTKhiFr0T0YRZJzbYFcVbq9AVQFbUAdR0tgyDL12thMjF8?width=600&height=600
13-08-2024,2696.387207,2716.82288,2682.548437,2696.436857,1292521,20,Mahindra & Mahindra,M&M.NS,Stock,Automobile,https://1drv.ms/i/c/8705623eb284e7df/IQTKhiFr0T0YRZJzbYFcVbq9AVQFbUAdR0tgyDL12thMjF8?width=600&height=600
14-08-2024,2723.370361,2749.857514,2693.659111,2707.051516,2609359,20,Mahindra & Mahindra,M&M.NS,Stock,Automobile,https://1drv.ms/i/c/8705623eb284e7df/IQTKhiFr0T0YRZJzbYFcVbq9AVQFbUAdR0tgyDL12thMjF8?width=600&height=600
16-08-2024,2817.811523,2822.374958,2754.023947,2766.771629,4376092,20,Mahindra & Mahindra,M&M.NS,Stock,Automobile,https://1drv.ms/i/c/8705623eb284e7df/IQTKhiFr0T0YRZJzbYFcVbq9AVQFbUAdR0tgyDL12thMjF8?width=600&height=600
19-08-2024,2743.111572,2837.106412,2738.002715,2837.106412,2500718,20,Mahindra & Mahindra,M&M.NS,Stock,Automobile,https://1drv.ms/i/c/8705623eb284e7df/IQTKhiFr0T0YRZJzbYFcVbq9AVQFbUAdR0tgyDL12thMjF8?width=600&height=600
20-08-2024,2749.212646,2761.017706,2726.594315,2757.595251,1762399,20,Mahindra & Mahindra,M&M.NS,Stock,Automobile,https://1drv.ms/i/c/8705623eb284e7df/IQTKhiFr0T0YRZJzbYFcVbq9AVQFbUAdR0tgyDL12thMjF8?width=600&height=600
21-08-2024,2747.327637,2758.785631,2733.042502,2751.891071,1497501,20,Mahindra & Mahindra,M&M.NS,Stock,Automobile,https://1drv.ms/i/c/8705623eb284e7df/IQTKhiFr0T0YRZJzbYFcVbq9AVQFbUAdR0tgyDL12thMjF8?width=600&height=600
22-08-2024,2711.168213,2753.627143,2702.339243,2749.014301,2346622,20,Mahindra & Mahindra,M&M.NS,Stock,Automobile,https://1drv.ms/i/c/8705623eb284e7df/IQTKhiFr0T0YRZJzbYFcVbq9AVQFbUAdR0tgyDL12thMjF8?width=600&height=600
23-08-2024,2737.010742,2746.931042,2703.57938,2711.168313,1943539,20,Mahindra & Mahindra,M&M.NS,Stock,Automobile,https://1drv.ms/i/c/8705623eb284e7df/IQTKhiFr0T0YRZJzbYFcVbq9AVQFbUAdR0tgyDL12thMjF8?width=600&height=600
26-08-2024,2770.839111,2776.691991,2731.157911,2742.913321,2765969,20,Mahindra & Mahindra,M&M.NS,Stock,Automobile,https://1drv.ms/i/c/8705623eb284e7df/IQTKhiFr0T0YRZJzbYFcVbq9AVQFbUAdR0tgyDL12thMjF8?width=600&height=600
27-08-2024,2758.636963,2777.68389,2751.841461,2775.65018,1604159,20,Mahindra & Mahindra,M&M.NS,Stock,Automobile,https://1drv.ms/i/c/8705623eb284e7df/IQTKhiFr0T0YRZJzbYFcVbq9AVQFbUAdR0tgyDL12thMjF8?width=600&height=600
28-08-2024,2775.699951,2804.468821,2758.637084,2759.728171,1851275,20,Mahindra & Mahindra,M&M.NS,Stock,Automobile,https://1drv.ms/i/c/8705623eb284e7df/IQTKhiFr0T0YRZJzbYFcVbq9AVQFbUAdR0tgyDL12thMjF8?width=600&height=600
29-08-2024,2735.621826,2779.320551,2719.798755,2767.118776,2237121,20,Mahindra & Mahindra,M&M.NS,Stock,Automobile,https://1drv.ms/i/c/8705623eb284e7df/IQTKhiFr0T0YRZJzbYFcVbq9AVQFbUAdR0tgyDL12thMjF8?width=600&height=600
30-08-2024,2783.040771,2799.062201,2742.962858,2757.843307,4895220,20,Mahindra & Mahindra,M&M.NS,Stock,Automobile,https://1drv.ms/i/c/8705623eb284e7df/IQTKhiFr0T0YRZJzbYFcVbq9AVQFbUAdR0tgyDL12thMjF8?width=600&height=600
02-09-2024,2754.867188,2826.094987,2734.530573,2826.094987,2270687,20,Mahindra & Mahindra,M&M.NS,Stock,Automobile,https://1drv.ms/i/c/8705623eb284e7df/IQTKhiFr0T0YRZJzbYFcVbq9AVQFbUAdR0tgyDL12thMjF8?width=600&height=600
03-09-2024,2762.654785,2775.799182,2750.502418,2757.843343,1592710,20,Mahindra & Mahindra,M&M.NS,Stock,Automobile,https://1drv.ms/i/c/8705623eb284e7df/IQTKhiFr0T0YRZJzbYFcVbq9AVQFbUAdR0tgyDL12thMjF8?width=600&height=600
04-09-2024,2727.685791,2757.744106,2709.333236,2738.994836,1697000,20,Mahindra & Mahindra,M&M.NS,Stock,Automobile,https://1drv.ms/i/c/8705623eb284e7df/IQTKhiFr0T0YRZJzbYFcVbq9AVQFbUAdR0tgyDL12thMjF8?width=600&height=600
05-09-2024,2701.396973,2738.002783,2690.286043,2734.23302,2360312,20,Mahindra & Mahindra,M&M.NS,Stock,Automobile,https://1drv.ms/i/c/8705623eb284e7df/IQTKhiFr0T0YRZJzbYFcVbq9AVQFbUAdR0tgyDL12thMjF8?width=600&height=600
06-09-2024,2676.596191,2717.070821,2658.739652,2701.297641,2835519,20,Mahindra & Mahindra,M&M.NS,Stock,Automobile,https://1drv.ms/i/c/8705623eb284e7df/IQTKhiFr0T0YRZJzbYFcVbq9AVQFbUAdR0tgyDL12thMjF8?width=600&height=600
09-09-2024,2687.260498,2692.667013,2638.849387,2666.725284,1269082,20,Mahindra & Mahindra,M&M.NS,Stock,Automobile,https://1drv.ms/i/c/8705623eb284e7df/IQTKhiFr0T0YRZJzbYFcVbq9AVQFbUAdR0tgyDL12thMjF8?width=600&height=600
10-09-2024,2668.560547,2693.361295,2655.664158,2669.800584,2034126,20,Mahindra & Mahindra,M&M.NS,Stock,Automobile,https://1drv.ms/i/c/8705623eb284e7df/IQTKhiFr0T0YRZJzbYFcVbq9AVQFbUAdR0tgyDL12thMjF8?width=600&height=600
11-09-2024,2633.095459,2686.417068,2623.026452,2660.128275,2034245,20,Mahindra & Mahindra,M&M.NS,Stock,Automobile,https://1drv.ms/i/c/8705623eb284e7df/IQTKhiFr0T0YRZJzbYFcVbq9AVQFbUAdR0tgyDL12thMjF8?width=600&height=600
12-09-2024,2719.054932,2729.669846,2614.594366,2643.759951,3730285,20,Mahindra & Mahindra,M&M.NS,Stock,Automobile,https://1drv.ms/i/c/8705623eb284e7df/IQTKhiFr0T0YRZJzbYFcVbq9AVQFbUAdR0tgyDL12thMjF8?width=600&height=600
13-09-2024,2717.269287,2736.564221,2690.137172,2733.042466,2102332,20,Mahindra & Mahindra,M&M.NS,Stock,Automobile,https://1drv.ms/i/c/8705623eb284e7df/IQTKhiFr0T0YRZJzbYFcVbq9AVQFbUAdR0tgyDL12thMjF8?width=600&height=600
16-09-2024,2735.42334,2762.109091,2710.275525,2718.360473,1234752,20,Mahindra & Mahindra,M&M.NS,Stock,Automobile,https://1drv.ms/i/c/8705623eb284e7df/IQTKhiFr0T0YRZJzbYFcVbq9AVQFbUAdR0tgyDL12thMjF8?width=600&height=600
17-09-2024,2765.432129,2771.235601,2723.419807,2742.962748,1387175,20,Mahindra & Mahindra,M&M.NS,Stock,Automobile,https://1drv.ms/i/c/8705623eb284e7df/IQTKhiFr0T0YRZJzbYFcVbq9AVQFbUAdR0tgyDL12thMjF8?width=600&height=600
18-09-2024,2785.818604,2825.301446,2755.512039,2759.331451,2526756,20,Mahindra & Mahindra,M&M.NS,Stock,Automobile,https://1drv.ms/i/c/8705623eb284e7df/IQTKhiFr0T0YRZJzbYFcVbq9AVQFbUAdR0tgyDL12thMjF8?width=600&height=600
19-09-2024,2775.203857,2829.269491,2769.94605,2789.588292,2807727,20,Mahindra & Mahindra,M&M.NS,Stock,Automobile,https://1drv.ms/i/c/8705623eb284e7df/IQTKhiFr0T0YRZJzbYFcVbq9AVQFbUAdR0tgyDL12thMjF8?width=600&height=600
20-09-2024,2927.331787,2936.408765,2776.195922,2776.394279,12492909,20,Mahindra & Mahindra,M&M.NS,Stock,Automobile,https://1drv.ms/i/c/8705623eb284e7df/IQTKhiFr0T0YRZJzbYFcVbq9AVQFbUAdR0tgyDL12thMjF8?width=600&height=600
23-09-2024,3025.49292,3032.536187,2932.589172,2939.136666,3925490,20,Mahindra & Mahindra,M&M.NS,Stock,Automobile,https://1drv.ms/i/c/8705623eb284e7df/IQTKhiFr0T0YRZJzbYFcVbq9AVQFbUAdR0tgyDL12thMjF8?width=600&height=600
24-09-2024,3049.797852,3073.854579,2995.930575,2995.930575,3697722,20,Mahindra & Mahindra,M&M.NS,Stock,Automobile,https://1drv.ms/i/c/8705623eb284e7df/IQTKhiFr0T0YRZJzbYFcVbq9AVQFbUAdR0tgyDL12thMjF8?width=600&height=600
25-09-2024,3066.414307,3123.902395,3010.364613,3020.731278,4218815,20,Mahindra & Mahindra,M&M.NS,Stock,Automobile,https://1drv.ms/i/c/8705623eb284e7df/IQTKhiFr0T0YRZJzbYFcVbq9AVQFbUAdR0tgyDL12thMjF8?width=600&height=600
26-09-2024,3155.746582,3171.718119,3021.375931,3047.516017,4753617,20,Mahindra & Mahindra,M&M.NS,Stock,Automobile,https://1drv.ms/i/c/8705623eb284e7df/IQTKhiFr0T0YRZJzbYFcVbq9AVQFbUAdR0tgyDL12thMjF8?width=600&height=600
27-09-2024,3158.276123,3196.419869,3127.424136,3145.727041,6803795,20,Mahindra & Mahindra,M&M.NS,Stock,Automobile,https://1drv.ms/i/c/8705623eb284e7df/IQTKhiFr0T0YRZJzbYFcVbq9AVQFbUAdR0tgyDL12thMjF8?width=600&height=600
30-09-2024,3070.233398,3153.663214,3062.396459,3137.939443,3554400,20,Mahindra & Mahindra,M&M.NS,Stock,Automobile,https://1drv.ms/i/c/8705623eb284e7df/IQTKhiFr0T0YRZJzbYFcVbq9AVQFbUAdR0tgyDL12thMjF8?width=600&height=600
01-10-2024,3140.270752,3160.061701,3071.126314,3080.748956,4028211,20,Mahindra & Mahindra,M&M.NS,Stock,Automobile,https://1drv.ms/i/c/8705623eb284e7df/IQTKhiFr0T0YRZJzbYFcVbq9AVQFbUAdR0tgyDL12thMjF8?width=600&height=600
03-10-2024,3104.905029,3145.726965,3047.962365,3060.412389,3237011,20,Mahindra & Mahindra,M&M.NS,Stock,Automobile,https://1drv.ms/i/c/8705623eb284e7df/IQTKhiFr0T0YRZJzbYFcVbq9AVQFbUAdR0tgyDL12thMjF8?width=600&height=600
04-10-2024,2993.400879,3132.434029,2985.514289,3102.127464,4281562,20,Mahindra & Mahindra,M&M.NS,Stock,Automobile,https://1drv.ms/i/c/8705623eb284e7df/IQTKhiFr0T0YRZJzbYFcVbq9AVQFbUAdR0tgyDL12thMjF8?width=600&height=600
07-10-2024,3035.810059,3042.506261,2959.126094,3003.866742,2732276,20,Mahindra & Mahindra,M&M.NS,Stock,Automobile,https://1drv.ms/i/c/8705623eb284e7df/IQTKhiFr0T0YRZJzbYFcVbq9AVQFbUAdR0tgyDL12thMjF8?width=600&height=600
08-10-2024,3140.618164,3151.579901,3041.563875,3049.500115,6060165,20,Mahindra & Mahindra,M&M.NS,Stock,Automobile,https://1drv.ms/i/c/8705623eb284e7df/IQTKhiFr0T0YRZJzbYFcVbq9AVQFbUAdR0tgyDL12thMjF8?width=600&height=600
09-10-2024,3127.870361,3178.761545,3119.934122,3139.576363,2432656,20,Mahindra & Mahindra,M&M.NS,Stock,Automobile,https://1drv.ms/i/c/8705623eb284e7df/IQTKhiFr0T0YRZJzbYFcVbq9AVQFbUAdR0tgyDL12thMjF8?width=600&height=600
10-10-2024,3168.841309,3194.634087,3129.854483,3130.846513,2507231,20,Mahindra & Mahindra,M&M.NS,Stock,Automobile,https://1drv.ms/i/c/8705623eb284e7df/IQTKhiFr0T0YRZJzbYFcVbq9AVQFbUAdR0tgyDL12thMjF8?width=600&height=600
11-10-2024,3109.369141,3184.912124,3096.125444,3174.495809,1652856,20,Mahindra & Mahindra,M&M.NS,Stock,Automobile,https://1drv.ms/i/c/8705623eb284e7df/IQTKhiFr0T0YRZJzbYFcVbq9AVQFbUAdR0tgyDL12thMjF8?width=600&height=600
14-10-2024,3129.755127,3148.702995,3090.17323,3125.886307,2425178,20,Mahindra & Mahindra,M&M.NS,Stock,Automobile,https://1drv.ms/i/c/8705623eb284e7df/IQTKhiFr0T0YRZJzbYFcVbq9AVQFbUAdR0tgyDL12thMjF8?width=600&height=600
15-10-2024,3130.648193,3167.502009,3061.950119,3151.67918,2245701,20,Mahindra & Mahindra,M&M.NS,Stock,Automobile,https://1drv.ms/i/c/8705623eb284e7df/IQTKhiFr0T0YRZJzbYFcVbq9AVQFbUAdR0tgyDL12thMjF8?width=600&height=600
16-10-2024,3043.547852,3122.810947,3027.82408,3112.989947,1972106,20,Mahindra & Mahindra,M&M.NS,Stock,Automobile,https://1drv.ms/i/c/8705623eb284e7df/IQTKhiFr0T0YRZJzbYFcVbq9AVQFbUAdR0tgyDL12thMjF8?width=600&height=600
17-10-2024,2940.972168,3040.869538,2928.670851,3030.651581,3622197,20,Mahindra & Mahindra,M&M.NS,Stock,Automobile,https://1drv.ms/i/c/8705623eb284e7df/IQTKhiFr0T0YRZJzbYFcVbq9AVQFbUAdR0tgyDL12thMjF8?width=600&height=600
18-10-2024,2940.624756,2965.028789,2891.469624,2921.875487,3407751,20,Mahindra & Mahindra,M&M.NS,Stock,Automobile,https://1drv.ms/i/c/8705623eb284e7df/IQTKhiFr0T0YRZJzbYFcVbq9AVQFbUAdR0tgyDL12thMjF8?width=600&height=600
21-10-2024,2974.304199,2977.478647,2869.843395,2936.160695,5059952,20,Mahindra & Mahindra,M&M.NS,Stock,Automobile,https://1drv.ms/i/c/8705623eb284e7df/IQTKhiFr0T0YRZJzbYFcVbq9AVQFbUAdR0tgyDL12thMjF8?width=600&height=600
22-10-2024,2864.188965,2984.968617,2855.260695,2981.050147,4195638,20,Mahindra & Mahindra,M&M.NS,Stock,Automobile,https://1drv.ms/i/c/8705623eb284e7df/IQTKhiFr0T0YRZJzbYFcVbq9AVQFbUAdR0tgyDL12thMjF8?width=600&height=600
23-10-2024,2771.235596,2901.588231,2759.083229,2853.226772,7913897,20,Mahindra & Mahindra,M&M.NS,Stock,Automobile,https://1drv.ms/i/c/8705623eb284e7df/IQTKhiFr0T0YRZJzbYFcVbq9AVQFbUAdR0tgyDL12thMjF8?width=600&height=600
24-10-2024,2803.823975,2819.547504,2740.97878,2740.97878,3992102,20,Mahindra & Mahindra,M&M.NS,Stock,Automobile,https://1drv.ms/i/c/8705623eb284e7df/IQTKhiFr0T0YRZJzbYFcVbq9AVQFbUAdR0tgyDL12thMjF8?width=600&height=600
25-10-2024,2699.164795,2802.534268,2657.945902,2802.484618,4532596,20,Mahindra & Mahindra,M&M.NS,Stock,Automobile,https://1drv.ms/i/c/8705623eb284e7df/IQTKhiFr0T0YRZJzbYFcVbq9AVQFbUAdR0tgyDL12thMjF8?width=600&height=600
28-10-2024,2758.835449,2812.30577,2692.270139,2708.241919,2813985,20,Mahindra & Mahindra,M&M.NS,Stock,Automobile,https://1drv.ms/i/c/8705623eb284e7df/IQTKhiFr0T0YRZJzbYFcVbq9AVQFbUAdR0tgyDL12thMjF8?width=600&height=600
29-10-2024,2725.00708,2775.650259,2681.010695,2739.98683,3156567,20,Mahindra & Mahindra,M&M.NS,Stock,Automobile,https://1drv.ms/i/c/8705623eb284e7df/IQTKhiFr0T0YRZJzbYFcVbq9AVQFbUAdR0tgyDL12thMjF8?width=600&height=600
30-10-2024,2686.119385,2733.885771,2647.777525,2667.816481,5677865,20,Mahindra & Mahindra,M&M.NS,Stock,Automobile,https://1drv.ms/i/c/8705623eb284e7df/IQTKhiFr0T0YRZJzbYFcVbq9AVQFbUAdR0tgyDL12thMjF8?width=600&height=600
31-10-2024,2706.803467,2730.066522,2650.307408,2686.119545,3833325,20,Mahindra & Mahindra,M&M.NS,Stock,Automobile,https://1drv.ms/i/c/8705623eb284e7df/IQTKhiFr0T0YRZJzbYFcVbq9AVQFbUAdR0tgyDL12thMjF8?width=600&height=600
01-11-2024,2795.193115,2818.257812,2757.843284,2757.843284,1061709,20,Mahindra & Mahindra,M&M.NS,Stock,Automobile,https://1drv.ms/i/c/8705623eb284e7df/IQTKhiFr0T0YRZJzbYFcVbq9AVQFbUAdR0tgyDL12thMjF8?width=600&height=600
04-11-2024,2860.964844,2948.065125,2782.148109,2782.148109,7559263,20,Mahindra & Mahindra,M&M.NS,Stock,Automobile,https://1drv.ms/i/c/8705623eb284e7df/IQTKhiFr0T0YRZJzbYFcVbq9AVQFbUAdR0tgyDL12thMjF8?width=600&height=600
05-11-2024,2876.341309,2884.823213,2799.607934,2852.582239,3562624,20,Mahindra & Mahindra,M&M.NS,Stock,Automobile,https://1drv.ms/i/c/8705623eb284e7df/IQTKhiFr0T0YRZJzbYFcVbq9AVQFbUAdR0tgyDL12thMjF8?width=600&height=600
06-11-2024,2911.161621,2930.258198,2862.403202,2886.807237,2902347,20,Mahindra & Mahindra,M&M.NS,Stock,Automobile,https://1drv.ms/i/c/8705623eb284e7df/IQTKhiFr0T0YRZJzbYFcVbq9AVQFbUAdR0tgyDL12thMjF8?width=600&height=600
07-11-2024,2868.305908,2948.858692,2835.171962,2948.06502,4251557,20,Mahindra & Mahindra,M&M.NS,Stock,Automobile,https://1drv.ms/i/c/8705623eb284e7df/IQTKhiFr0T0YRZJzbYFcVbq9AVQFbUAdR0tgyDL12thMjF8?width=600&height=600
08-11-2024,2951.189941,2967.112071,2828.525529,2886.807291,4455563,20,Mahindra & Mahindra,M&M.NS,Stock,Automobile,https://1drv.ms/i/c/8705623eb284e7df/IQTKhiFr0T0YRZJzbYFcVbq9AVQFbUAdR0tgyDL12thMjF8?width=600&height=600
11-11-2024,2907.243164,2985.613533,2866.02427,2938.740116,2628672,20,Mahindra & Mahindra,M&M.NS,Stock,Automobile,https://1drv.ms/i/c/8705623eb284e7df/IQTKhiFr0T0YRZJzbYFcVbq9AVQFbUAdR0tgyDL12thMjF8?width=600&height=600
12-11-2024,2875.448486,2922.42096,2857.046282,2907.838168,2414528,20,Mahindra & Mahindra,M&M.NS,Stock,Automobile,https://1drv.ms/i/c/8705623eb284e7df/IQTKhiFr0T0YRZJzbYFcVbq9AVQFbUAdR0tgyDL12thMjF8?width=600&height=600
13-11-2024,2776.642334,2871.926864,2760.720204,2853.078294,3949602,20,Mahindra & Mahindra,M&M.NS,Stock,Automobile,https://1drv.ms/i/c/8705623eb284e7df/IQTKhiFr0T0YRZJzbYFcVbq9AVQFbUAdR0tgyDL12thMjF8?width=600&height=600
14-11-2024,2784.826416,2819.745822,2714.44194,2792.564298,2478112,20,Mahindra & Mahindra,M&M.NS,Stock,Automobile,https://1drv.ms/i/c/8705623eb284e7df/IQTKhiFr0T0YRZJzbYFcVbq9AVQFbUAdR0tgyDL12thMjF8?width=600&height=600
18-11-2024,2824.209961,2851.788442,2777.733503,2821.333171,2405351,20,Mahindra & Mahindra,M&M.NS,Stock,Automobile,https://1drv.ms/i/c/8705623eb284e7df/IQTKhiFr0T0YRZJzbYFcVbq9AVQFbUAdR0tgyDL12thMjF8?width=600&height=600
19-11-2024,2925.446777,2974.105897,2822.325309,2822.325309,5230405,20,Mahindra & Mahindra,M&M.NS,Stock,Automobile,https://1drv.ms/i/c/8705623eb284e7df/IQTKhiFr0T0YRZJzbYFcVbq9AVQFbUAdR0tgyDL12thMjF8?width=600&height=600
21-11-2024,2912.8479,2950.29703,2894.743354,2938.888686,3821808,20,Mahindra & Mahindra,M&M.NS,Stock,Automobile,https://1drv.ms/i/c/8705623eb284e7df/IQTKhiFr0T0YRZJzbYFcVbq9AVQFbUAdR0tgyDL12thMjF8?width=600&height=600
22-11-2024,2988.936523,3039.083685,2873.613044,2920.536108,4827125,20,Mahindra & Mahindra,M&M.NS,Stock,Automobile,https://1drv.ms/i/c/8705623eb284e7df/IQTKhiFr0T0YRZJzbYFcVbq9AVQFbUAdR0tgyDL12thMjF8?width=600&height=600
25-11-2024,3021.32666,3124.547188,2998.31137,3050.492245,6299837,20,Mahindra & Mahindra,M&M.NS,Stock,Automobile,https://1drv.ms/i/c/8705623eb284e7df/IQTKhiFr0T0YRZJzbYFcVbq9AVQFbUAdR0tgyDL12thMjF8?width=600&height=600
26-11-2024,2961.407715,3043.647142,2928.968384,3029.163408,2144702,20,Mahindra & Mahindra,M&M.NS,Stock,Automobile,https://1drv.ms/i/c/8705623eb284e7df/IQTKhiFr0T0YRZJzbYFcVbq9AVQFbUAdR0tgyDL12thMjF8?width=600&height=600
27-11-2024,2980.851807,3045.532115,2962.251244,3001.833144,3593911,20,Mahindra & Mahindra,M&M.NS,Stock,Automobile,https://1drv.ms/i/c/8705623eb284e7df/IQTKhiFr0T0YRZJzbYFcVbq9AVQFbUAdR0tgyDL12thMjF8?width=600&height=600
28-11-2024,2875.597168,2976.0402,2868.950616,2971.129701,4457143,20,Mahindra & Mahindra,M&M.NS,Stock,Automobile,https://1drv.ms/i/c/8705623eb284e7df/IQTKhiFr0T0YRZJzbYFcVbq9AVQFbUAdR0tgyDL12thMjF8?width=600&height=600
29-11-2024,2942.460205,2967.806377,2879.863017,2879.863017,3542836,20,Mahindra & Mahindra,M&M.NS,Stock,Automobile,https://1drv.ms/i/c/8705623eb284e7df/IQTKhiFr0T0YRZJzbYFcVbq9AVQFbUAdR0tgyDL12thMjF8?width=600&height=600
02-12-2024,2992.359131,3002.130723,2938.293497,2960.217456,2318823,20,Mahindra & Mahindra,M&M.NS,Stock,Automobile,https://1drv.ms/i/c/8705623eb284e7df/IQTKhiFr0T0YRZJzbYFcVbq9AVQFbUAdR0tgyDL12thMjF8?width=600&height=600
03-12-2024,3003.172363,3017.457498,2963.83823,3017.457498,2308865,20,Mahindra & Mahindra,M&M.NS,Stock,Automobile,https://1drv.ms/i/c/8705623eb284e7df/IQTKhiFr0T0YRZJzbYFcVbq9AVQFbUAdR0tgyDL12thMjF8?width=600&height=600
04-12-2024,3007.586914,3027.526814,2979.066052,2979.066052,3364025,20,Mahindra & Mahindra,M&M.NS,Stock,Automobile,https://1drv.ms/i/c/8705623eb284e7df/IQTKhiFr0T0YRZJzbYFcVbq9AVQFbUAdR0tgyDL12thMjF8?width=600&height=600
05-12-2024,3047.119385,3074.300909,2992.012071,3025.64179,3797063,20,Mahindra & Mahindra,M&M.NS,Stock,Automobile,https://1drv.ms/i/c/8705623eb284e7df/IQTKhiFr0T0YRZJzbYFcVbq9AVQFbUAdR0tgyDL12thMjF8?width=600&height=600
06-12-2024,3048.508057,3074.300836,3041.514197,3050.988132,2688767,20,Mahindra & Mahindra,M&M.NS,Stock,Automobile,https://1drv.ms/i/c/8705623eb284e7df/IQTKhiFr0T0YRZJzbYFcVbq9AVQFbUAdR0tgyDL12thMjF8?width=600&height=600
09-12-2024,3026.931396,3048.508048,3015.77106,3038.984464,1879542,20,Mahindra & Mahindra,M&M.NS,Stock,Automobile,https://1drv.ms/i/c/8705623eb284e7df/IQTKhiFr0T0YRZJzbYFcVbq9AVQFbUAdR0tgyDL12thMjF8?width=600&height=600
10-12-2024,3042.456543,3056.69227,2981.347644,3023.657624,2061909,20,Mahindra & Mahindra,M&M.NS,Stock,Automobile,https://1drv.ms/i/c/8705623eb284e7df/IQTKhiFr0T0YRZJzbYFcVbq9AVQFbUAdR0tgyDL12thMjF8?width=600&height=600
11-12-2024,3047.565674,3090.173312,3023.508947,3027.675425,2409385,20,Mahindra & Mahindra,M&M.NS,Stock,Automobile,https://1drv.ms/i/c/8705623eb284e7df/IQTKhiFr0T0YRZJzbYFcVbq9AVQFbUAdR0tgyDL12thMjF8?width=600&height=600
12-12-2024,3043.002197,3061.404401,3020.731174,3060.214014,1958999,20,Mahindra & Mahindra,M&M.NS,Stock,Automobile,https://1drv.ms/i/c/8705623eb284e7df/IQTKhiFr0T0YRZJzbYFcVbq9AVQFbUAdR0tgyDL12thMjF8?width=600&height=600
13-12-2024,3056.841064,3068.448009,2976.089921,3026.68345,2467964,20,Mahindra & Mahindra,M&M.NS,Stock,Automobile,https://1drv.ms/i/c/8705623eb284e7df/IQTKhiFr0T0YRZJzbYFcVbq9AVQFbUAdR0tgyDL12thMjF8?width=600&height=600
16-12-2024,3060.263672,3067.505297,3015.771032,3064.777214,2300493,20,Mahindra & Mahindra,M&M.NS,Stock,Automobile,https://1drv.ms/i/c/8705623eb284e7df/IQTKhiFr0T0YRZJzbYFcVbq9AVQFbUAdR0tgyDL12thMjF8?width=600&height=600
17-12-2024,3017.259033,3069.092597,3003.866629,3030.750737,2564201,20,Mahindra & Mahindra,M&M.NS,Stock,Automobile,https://1drv.ms/i/c/8705623eb284e7df/IQTKhiFr0T0YRZJzbYFcVbq9AVQFbUAdR0tgyDL12thMjF8?width=600&height=600
18-12-2024,3026.881836,3037.595808,3000.444334,3001.982029,2014105,20,Mahindra & Mahindra,M&M.NS,Stock,Automobile,https://1drv.ms/i/c/8705623eb284e7df/IQTKhiFr0T0YRZJzbYFcVbq9AVQFbUAdR0tgyDL12thMjF8?width=600&height=600
19-12-2024,2990.623047,3020.731253,2946.825021,2982.042085,2372390,20,Mahindra & Mahindra,M&M.NS,Stock,Automobile,https://1drv.ms/i/c/8705623eb284e7df/IQTKhiFr0T0YRZJzbYFcVbq9AVQFbUAdR0tgyDL12thMjF8?width=600&height=600
20-12-2024,2883.186279,3000.890533,2863.345681,2990.622927,8046336,20,Mahindra & Mahindra,M&M.NS,Stock,Automobile,https://1drv.ms/i/c/8705623eb284e7df/IQTKhiFr0T0YRZJzbYFcVbq9AVQFbUAdR0tgyDL12thMjF8?width=600&height=600
23-12-2024,2886.112793,2918.948839,2868.057896,2894.743405,2142508,20,Mahindra & Mahindra,M&M.NS,Stock,Automobile,https://1drv.ms/i/c/8705623eb284e7df/IQTKhiFr0T0YRZJzbYFcVbq9AVQFbUAdR0tgyDL12thMjF8?width=600&height=600
24-12-2024,2905.358154,2926.686799,2877.680615,2886.211927,1858546,20,Mahindra & Mahindra,M&M.NS,Stock,Automobile,https://1drv.ms/i/c/8705623eb284e7df/IQTKhiFr0T0YRZJzbYFcVbq9AVQFbUAdR0tgyDL12thMjF8?width=600&height=600
26-12-2024,2951.933838,2960.66375,2900.050865,2901.687618,2162163,20,Mahindra & Mahindra,M&M.NS,Stock,Automobile,https://1drv.ms/i/c/8705623eb284e7df/IQTKhiFr0T0YRZJzbYFcVbq9AVQFbUAdR0tgyDL12thMjF8?width=600&height=600
27-12-2024,3025.145752,3039.579836,2954.314909,2963.391886,2290315,20,Mahindra & Mahindra,M&M.NS,Stock,Automobile,https://1drv.ms/i/c/8705623eb284e7df/IQTKhiFr0T0YRZJzbYFcVbq9AVQFbUAdR0tgyDL12thMjF8?width=600&height=600
30-12-2024,2978.966797,3020.334642,2967.211387,3003.916497,2336275,20,Mahindra & Mahindra,M&M.NS,Stock,Automobile,https://1drv.ms/i/c/8705623eb284e7df/IQTKhiFr0T0YRZJzbYFcVbq9AVQFbUAdR0tgyDL12thMjF8?width=600&height=600
31-12-2024,2983.133301,2994.83906,2947.519281,2970.534327,1536411,20,Mahindra & Mahindra,M&M.NS,Stock,Automobile,https://1drv.ms/i/c/8705623eb284e7df/IQTKhiFr0T0YRZJzbYFcVbq9AVQFbUAdR0tgyDL12thMjF8?width=600&height=600
01-01-2025,3057.436279,3062.346779,2971.328032,2983.133334,1686613,20,Mahindra & Mahindra,M&M.NS,Stock,Automobile,https://1drv.ms/i/c/8705623eb284e7df/IQTKhiFr0T0YRZJzbYFcVbq9AVQFbUAdR0tgyDL12thMjF8?width=600&height=600
02-01-2025,3185.507568,3202.372078,3060.462141,3075.292941,4298090,20,Mahindra & Mahindra,M&M.NS,Stock,Automobile,https://1drv.ms/i/c/8705623eb284e7df/IQTKhiFr0T0YRZJzbYFcVbq9AVQFbUAdR0tgyDL12thMjF8?width=600&height=600
03-01-2025,3165.121338,3211.250732,3150.389596,3189.376423,2257218,20,Mahindra & Mahindra,M&M.NS,Stock,Automobile,https://1drv.ms/i/c/8705623eb284e7df/IQTKhiFr0T0YRZJzbYFcVbq9AVQFbUAdR0tgyDL12thMjF8?width=600&height=600
06-01-2025,3080.94751,3209.217037,3065.471987,3184.019572,2657204,20,Mahindra & Mahindra,M&M.NS,Stock,Automobile,https://1drv.ms/i/c/8705623eb284e7df/IQTKhiFr0T0YRZJzbYFcVbq9AVQFbUAdR0tgyDL12thMjF8?width=600&height=600
07-01-2025,3084.07251,3106.343534,3057.1884,3085.213247,1978328,20,Mahindra & Mahindra,M&M.NS,Stock,Automobile,https://1drv.ms/i/c/8705623eb284e7df/IQTKhiFr0T0YRZJzbYFcVbq9AVQFbUAdR0tgyDL12thMjF8?width=600&height=600
08-01-2025,3061.503662,3110.013829,3032.635494,3110.013829,2715102,20,Mahindra & Mahindra,M&M.NS,Stock,Automobile,https://1drv.ms/i/c/8705623eb284e7df/IQTKhiFr0T0YRZJzbYFcVbq9AVQFbUAdR0tgyDL12thMjF8?width=600&height=600
09-01-2025,3101.581787,3132.731432,3060.75985,3079.062755,2434207,20,Mahindra & Mahindra,M&M.NS,Stock,Automobile,https://1drv.ms/i/c/8705623eb284e7df/IQTKhiFr0T0YRZJzbYFcVbq9AVQFbUAdR0tgyDL12thMjF8?width=600&height=600
10-01-2025,3068.199951,3124.497651,3030.65152,3085.213168,2341303,20,Mahindra & Mahindra,M&M.NS,Stock,Automobile,https://1drv.ms/i/c/8705623eb284e7df/IQTKhiFr0T0YRZJzbYFcVbq9AVQFbUAdR0tgyDL12thMjF8?width=600&height=600
13-01-2025,2975.742676,3042.407285,2969.592138,3029.312295,2207294,20,Mahindra & Mahindra,M&M.NS,Stock,Automobile,https://1drv.ms/i/c/8705623eb284e7df/IQTKhiFr0T0YRZJzbYFcVbq9AVQFbUAdR0tgyDL12thMjF8?width=600&height=600
14-01-2025,3025.195313,3053.914531,2975.742523,2976.08983,2851530,20,Mahindra & Mahindra,M&M.NS,Stock,Automobile,https://1drv.ms/i/c/8705623eb284e7df/IQTKhiFr0T0YRZJzbYFcVbq9AVQFbUAdR0tgyDL12thMjF8?width=600&height=600
15-01-2025,2936.656738,3039.530198,2927.480461,3032.734938,2440803,20,Mahindra & Mahindra,M&M.NS,Stock,Automobile,https://1drv.ms/i/c/8705623eb284e7df/IQTKhiFr0T0YRZJzbYFcVbq9AVQFbUAdR0tgyDL12thMjF8?width=600&height=600
16-01-2025,2956.844727,2973.510637,2921.528362,2954.414059,2598449,20,Mahindra & Mahindra,M&M.NS,Stock,Automobile,https://1drv.ms/i/c/8705623eb284e7df/IQTKhiFr0T0YRZJzbYFcVbq9AVQFbUAdR0tgyDL12thMjF8?width=600&height=600
17-01-2025,2894.098633,2946.676219,2879.962206,2946.279262,2002830,20,Mahindra & Mahindra,M&M.NS,Stock,Automobile,https://1drv.ms/i/c/8705623eb284e7df/IQTKhiFr0T0YRZJzbYFcVbq9AVQFbUAdR0tgyDL12thMjF8?width=600&height=600
20-01-2025,2865.081787,2912.550275,2854.367815,2886.807146,2905527,20,Mahindra & Mahindra,M&M.NS,Stock,Automobile,https://1drv.ms/i/c/8705623eb284e7df/IQTKhiFr0T0YRZJzbYFcVbq9AVQFbUAdR0tgyDL12thMjF8?width=600&height=600
21-01-2025,2798.814209,2883.831129,2786.512892,2876.986219,3381309,20,Mahindra & Mahindra,M&M.NS,Stock,Automobile,https://1drv.ms/i/c/8705623eb284e7df/IQTKhiFr0T0YRZJzbYFcVbq9AVQFbUAdR0tgyDL12thMjF8?width=600&height=600
22-01-2025,2803.923096,2829.17021,2783.487423,2825.30139,3133157,20,Mahindra & Mahindra,M&M.NS,Stock,Automobile,https://1drv.ms/i/c/8705623eb284e7df/IQTKhiFr0T0YRZJzbYFcVbq9AVQFbUAdR0tgyDL12thMjF8?width=600&height=600
23-01-2025,2863.444824,2876.291564,2787.604182,2803.923027,2650506,20,Mahindra & Mahindra,M&M.NS,Stock,Automobile,https://1drv.ms/i/c/8705623eb284e7df/IQTKhiFr0T0YRZJzbYFcVbq9AVQFbUAdR0tgyDL12thMjF8?width=600&height=600
24-01-2025,2779.072754,2872.918889,2767.763709,2852.086259,2665366,20,Mahindra & Mahindra,M&M.NS,Stock,Automobile,https://1drv.ms/i/c/8705623eb284e7df/IQTKhiFr0T0YRZJzbYFcVbq9AVQFbUAdR0tgyDL12thMjF8?width=600&height=600
27-01-2025,2809.032227,2824.210092,2732.19931,2750.2048,2022141,20,Mahindra & Mahindra,M&M.NS,Stock,Automobile,https://1drv.ms/i/c/8705623eb284e7df/IQTKhiFr0T0YRZJzbYFcVbq9AVQFbUAdR0tgyDL12thMjF8?width=600&height=600
28-01-2025,2847.721436,2901.687771,2761.81154,2812.40507,2432787,20,Mahindra & Mahindra,M&M.NS,Stock,Automobile,https://1drv.ms/i/c/8705623eb284e7df/IQTKhiFr0T0YRZJzbYFcVbq9AVQFbUAdR0tgyDL12thMjF8?width=600&height=600
29-01-2025,2901.042969,2910.119946,2833.53528,2860.964812,1808565,20,Mahindra & Mahindra,M&M.NS,Stock,Automobile,https://1drv.ms/i/c/8705623eb284e7df/IQTKhiFr0T0YRZJzbYFcVbq9AVQFbUAdR0tgyDL12thMjF8?width=600&height=600
30-01-2025,2947.767334,2984.918807,2895.735412,2901.042869,3055352,20,Mahindra & Mahindra,M&M.NS,Stock,Automobile,https://1drv.ms/i/c/8705623eb284e7df/IQTKhiFr0T0YRZJzbYFcVbq9AVQFbUAdR0tgyDL12thMjF8?width=600&height=600
31-01-2025,2966.020996,3025.542796,2931.547954,2946.329104,2412370,20,Mahindra & Mahindra,M&M.NS,Stock,Automobile,https://1drv.ms/i/c/8705623eb284e7df/IQTKhiFr0T0YRZJzbYFcVbq9AVQFbUAdR0tgyDL12thMjF8?width=600&height=600
01-02-2025,3052.228271,3074.251289,2966.16967,2966.16967,2674573,20,Mahindra & Mahindra,M&M.NS,Stock,Automobile,https://1drv.ms/i/c/8705623eb284e7df/IQTKhiFr0T0YRZJzbYFcVbq9AVQFbUAdR0tgyDL12thMjF8?width=600&height=600
03-02-2025,3148.008789,3162.541931,3020.483286,3032.238939,3664084,20,Mahindra & Mahindra,M&M.NS,Stock,Automobile,https://1drv.ms/i/c/8705623eb284e7df/IQTKhiFr0T0YRZJzbYFcVbq9AVQFbUAdR0tgyDL12thMjF8?width=600&height=600
04-02-2025,3163.633301,3244.483745,3112.841414,3199.296731,3862456,20,Mahindra & Mahindra,M&M.NS,Stock,Automobile,https://1drv.ms/i/c/8705623eb284e7df/IQTKhiFr0T0YRZJzbYFcVbq9AVQFbUAdR0tgyDL12thMjF8?width=600&height=600
05-02-2025,3153.415283,3192.997182,3116.958182,3163.63324,2264208,20,Mahindra & Mahindra,M&M.NS,Stock,Automobile,https://1drv.ms/i/c/8705623eb284e7df/IQTKhiFr0T0YRZJzbYFcVbq9AVQFbUAdR0tgyDL12thMjF8?width=600&height=600
06-02-2025,3114.924561,3155.498733,3096.373648,3144.735111,2341341,20,Mahindra & Mahindra,M&M.NS,Stock,Automobile,https://1drv.ms/i/c/8705623eb284e7df/IQTKhiFr0T0YRZJzbYFcVbq9AVQFbUAdR0tgyDL12thMjF8?width=600&height=600
07-02-2025,3172.958252,3194.286897,3085.213248,3142.750987,4790111,20,Mahindra & Mahindra,M&M.NS,Stock,Automobile,https://1drv.ms/i/c/8705623eb284e7df/IQTKhiFr0T0YRZJzbYFcVbq9AVQFbUAdR0tgyDL12thMjF8?width=600&height=600
10-02-2025,3112.246094,3244.880455,3103.863489,3183.622603,3852783,20,Mahindra & Mahindra,M&M.NS,Stock,Automobile,https://1drv.ms/i/c/8705623eb284e7df/IQTKhiFr0T0YRZJzbYFcVbq9AVQFbUAdR0tgyDL12thMjF8?width=600&height=600
11-02-2025,3061.354736,3128.862422,3046.623237,3121.769505,2470280,20,Mahindra & Mahindra,M&M.NS,Stock,Automobile,https://1drv.ms/i/c/8705623eb284e7df/IQTKhiFr0T0YRZJzbYFcVbq9AVQFbUAdR0tgyDL12thMjF8?width=600&height=600
12-02-2025,2963.391846,3050.492125,2931.547829,3044.09358,4609887,20,Mahindra & Mahindra,M&M.NS,Stock,Automobile,https://1drv.ms/i/c/8705623eb284e7df/IQTKhiFr0T0YRZJzbYFcVbq9AVQFbUAdR0tgyDL12thMjF8?width=600&height=600
13-02-2025,2954.265137,3022.715202,2947.370577,3000.840894,2481783,20,Mahindra & Mahindra,M&M.NS,Stock,Automobile,https://1drv.ms/i/c/8705623eb284e7df/IQTKhiFr0T0YRZJzbYFcVbq9AVQFbUAdR0tgyDL12thMjF8?width=600&height=600
14-02-2025,2919.147461,2995.930483,2883.880747,2975.097854,1959802,20,Mahindra & Mahindra,M&M.NS,Stock,Automobile,https://1drv.ms/i/c/8705623eb284e7df/IQTKhiFr0T0YRZJzbYFcVbq9AVQFbUAdR0tgyDL12thMjF8?width=600&height=600
17-02-2025,2809.37915,2931.448483,2769.99561,2917.361707,4773279,20,Mahindra & Mahindra,M&M.NS,Stock,Automobile,https://1drv.ms/i/c/8705623eb284e7df/IQTKhiFr0T0YRZJzbYFcVbq9AVQFbUAdR0tgyDL12thMjF8?width=600&height=600
18-02-2025,2767.813232,2822.32523,2733.935264,2821.3332,2301836,20,Mahindra & Mahindra,M&M.NS,Stock,Automobile,https://1drv.ms/i/c/8705623eb284e7df/IQTKhiFr0T0YRZJzbYFcVbq9AVQFbUAdR0tgyDL12thMjF8?width=600&height=600
19-02-2025,2735.42334,2760.472097,2706.257756,2728.082415,2671072,20,Mahindra & Mahindra,M&M.NS,Stock,Automobile,https://1drv.ms/i/c/8705623eb284e7df/IQTKhiFr0T0YRZJzbYFcVbq9AVQFbUAdR0tgyDL12thMjF8?width=600&height=600
20-02-2025,2816.819336,2821.829136,2668.610161,2723.221457,3799854,20,Mahindra & Mahindra,M&M.NS,Stock,Automobile,https://1drv.ms/i/c/8705623eb284e7df/IQTKhiFr0T0YRZJzbYFcVbq9AVQFbUAdR0tgyDL12thMjF8?width=600&height=600
21-02-2025,2648.075195,2792.762616,2632.202716,2792.762616,8940621,20,Mahindra & Mahindra,M&M.NS,Stock,Automobile,https://1drv.ms/i/c/8705623eb284e7df/IQTKhiFr0T0YRZJzbYFcVbq9AVQFbUAdR0tgyDL12thMjF8?width=600&height=600
24-02-2025,2687.607422,2695.146946,2610.179438,2647.727867,6167313,20,Mahindra & Mahindra,M&M.NS,Stock,Automobile,https://1drv.ms/i/c/8705623eb284e7df/IQTKhiFr0T0YRZJzbYFcVbq9AVQFbUAdR0tgyDL12thMjF8?width=600&height=600
25-02-2025,2755.710449,2781.602285,2706.406368,2718.162019,4916248,20,Mahindra & Mahindra,M&M.NS,Stock,Automobile,https://1drv.ms/i/c/8705623eb284e7df/IQTKhiFr0T0YRZJzbYFcVbq9AVQFbUAdR0tgyDL12thMjF8?width=600&height=600
27-02-2025,2704.819336,2817.365086,2681.952997,2814.388997,2669767,20,Mahindra & Mahindra,M&M.NS,Stock,Automobile,https://1drv.ms/i/c/8705623eb284e7df/IQTKhiFr0T0YRZJzbYFcVbq9AVQFbUAdR0tgyDL12thMjF8?width=600&height=600
28-02-2025,2564.496826,2677.488945,2551.699494,2673.620125,7549863,20,Mahindra & Mahindra,M&M.NS,Stock,Automobile,https://1drv.ms/i/c/8705623eb284e7df/IQTKhiFr0T0YRZJzbYFcVbq9AVQFbUAdR0tgyDL12thMjF8?width=600&height=600
03-03-2025,2591.083008,2674.463176,2574.317798,2592.96801,4340806,20,Mahindra & Mahindra,M&M.NS,Stock,Automobile,https://1drv.ms/i/c/8705623eb284e7df/IQTKhiFr0T0YRZJzbYFcVbq9AVQFbUAdR0tgyDL12thMjF8?width=600&height=600
04-03-2025,2592.521484,2606.360253,2529.676292,2540.588621,1984876,20,Mahindra & Mahindra,M&M.NS,Stock,Automobile,https://1drv.ms/i/c/8705623eb284e7df/IQTKhiFr0T0YRZJzbYFcVbq9AVQFbUAdR0tgyDL12thMjF8?width=600&height=600
05-03-2025,2704.868896,2715.086611,2621.58779,2640.734016,3665710,20,Mahindra & Mahindra,M&M.NS,Stock,Automobile,https://1drv.ms/i/c/8705623eb284e7df/IQTKhiFr0T0YRZJzbYFcVbq9AVQFbUAdR0tgyDL12thMjF8?width=600&height=600
06-03-2025,2720.542969,2744.798296,2673.520844,2726.098434,3706264,20,Mahindra & Mahindra,M&M.NS,Stock,Automobile,https://1drv.ms/i/c/8705623eb284e7df/IQTKhiFr0T0YRZJzbYFcVbq9AVQFbUAdR0tgyDL12thMjF8?width=600&height=600
07-03-2025,2706.109131,2743.905329,2686.516538,2699.611286,1886774,20,Mahindra & Mahindra,M&M.NS,Stock,Automobile,https://1drv.ms/i/c/8705623eb284e7df/IQTKhiFr0T0YRZJzbYFcVbq9AVQFbUAdR0tgyDL12thMjF8?width=600&height=600
10-03-2025,2681.060303,2712.85467,2643.859179,2673.520778,2520931,20,Mahindra & Mahindra,M&M.NS,Stock,Automobile,https://1drv.ms/i/c/8705623eb284e7df/IQTKhiFr0T0YRZJzbYFcVbq9AVQFbUAdR0tgyDL12thMjF8?width=600&height=600
11-03-2025,2624.514648,2663.600533,2592.323081,2663.352526,3616140,20,Mahindra & Mahindra,M&M.NS,Stock,Automobile,https://1drv.ms/i/c/8705623eb284e7df/IQTKhiFr0T0YRZJzbYFcVbq9AVQFbUAdR0tgyDL12thMjF8?width=600&height=600
12-03-2025,2632.153076,2656.656167,2615.09021,2624.514494,3447155,20,Mahindra & Mahindra,M&M.NS,Stock,Automobile,https://1drv.ms/i/c/8705623eb284e7df/IQTKhiFr0T0YRZJzbYFcVbq9AVQFbUAdR0tgyDL12thMjF8?width=600&height=600
13-03-2025,2622.431152,2664.939732,2597.432046,2655.763455,2446428,20,Mahindra & Mahindra,M&M.NS,Stock,Automobile,https://1drv.ms/i/c/8705623eb284e7df/IQTKhiFr0T0YRZJzbYFcVbq9AVQFbUAdR0tgyDL12thMjF8?width=600&height=600
17-03-2025,2683.589844,2705.315446,2613.999036,2613.999036,2527623,20,Mahindra & Mahindra,M&M.NS,Stock,Automobile,https://1drv.ms/i/c/8705623eb284e7df/IQTKhiFr0T0YRZJzbYFcVbq9AVQFbUAdR0tgyDL12thMjF8?width=600&height=600
18-03-2025,2683.589844,2683.589844,2683.589844,2683.589844,0,20,Mahindra & Mahindra,M&M.NS,Stock,Automobile,https://1drv.ms/i/c/8705623eb284e7df/IQTKhiFr0T0YRZJzbYFcVbq9AVQFbUAdR0tgyDL12thMjF8?width=600&height=600
19-03-2025,2766.87085,2809.329538,2757.396915,2772.723729,2438912,20,Mahindra & Mahindra,M&M.NS,Stock,Automobile,https://1drv.ms/i/c/8705623eb284e7df/IQTKhiFr0T0YRZJzbYFcVbq9AVQFbUAdR0tgyDL12thMjF8?width=600&height=600
20-03-2025,2805.560059,2824.309328,2778.675949,2781.404032,2354374,20,Mahindra & Mahindra,M&M.NS,Stock,Automobile,https://1drv.ms/i/c/8705623eb284e7df/IQTKhiFr0T0YRZJzbYFcVbq9AVQFbUAdR0tgyDL12thMjF8?width=600&height=600
21-03-2025,2779.519287,2869.942723,2759.083373,2816.472404,3824316,20,Mahindra & Mahindra,M&M.NS,Stock,Automobile,https://1drv.ms/i/c/8705623eb284e7df/IQTKhiFr0T0YRZJzbYFcVbq9AVQFbUAdR0tgyDL12thMjF8?width=600&height=600
24-03-2025,2752.585449,2799.657222,2687.805845,2792.861962,5395134,20,Mahindra & Mahindra,M&M.NS,Stock,Automobile,https://1drv.ms/i/c/8705623eb284e7df/IQTKhiFr0T0YRZJzbYFcVbq9AVQFbUAdR0tgyDL12thMjF8?width=600&height=600
25-03-2025,2714.194092,2780.114437,2703.331412,2752.585605,3576766,20,Mahindra & Mahindra,M&M.NS,Stock,Automobile,https://1drv.ms/i/c/8705623eb284e7df/IQTKhiFr0T0YRZJzbYFcVbq9AVQFbUAdR0tgyDL12thMjF8?width=600&height=600
26-03-2025,2720.394287,2772.72387,2715.23578,2729.372207,3111504,20,Mahindra & Mahindra,M&M.NS,Stock,Automobile,https://1drv.ms/i/c/8705623eb284e7df/IQTKhiFr0T0YRZJzbYFcVbq9AVQFbUAdR0tgyDL12thMjF8?width=600&height=600
27-03-2025,2711.217773,2729.074312,2674.066301,2713.201833,4325599,20,Mahindra & Mahindra,M&M.NS,Stock,Automobile,https://1drv.ms/i/c/8705623eb284e7df/IQTKhiFr0T0YRZJzbYFcVbq9AVQFbUAdR0tgyDL12thMjF8?width=600&height=600
28-03-2025,2644.553467,2717.864383,2613.998896,2713.995563,6074446,20,Mahindra & Mahindra,M&M.NS,Stock,Automobile,https://1drv.ms/i/c/8705623eb284e7df/IQTKhiFr0T0YRZJzbYFcVbq9AVQFbUAdR0tgyDL12thMjF8?width=600&height=600
01-04-2025,2616.875732,2706.257729,2602.243291,2631.657124,3300417,20,Mahindra & Mahindra,M&M.NS,Stock,Automobile,https://1drv.ms/i/c/8705623eb284e7df/IQTKhiFr0T0YRZJzbYFcVbq9AVQFbUAdR0tgyDL12thMjF8?width=600&height=600
02-04-2025,2616.528564,2638.799588,2604.376198,2610.13002,2243574,20,Mahindra & Mahindra,M&M.NS,Stock,Automobile,https://1drv.ms/i/c/8705623eb284e7df/IQTKhiFr0T0YRZJzbYFcVbq9AVQFbUAdR0tgyDL12thMjF8?width=600&height=600
03-04-2025,2590.636719,2631.260299,2579.526031,2586.966256,2361203,20,Mahindra & Mahindra,M&M.NS,Stock,Automobile,https://1drv.ms/i/c/8705623eb284e7df/IQTKhiFr0T0YRZJzbYFcVbq9AVQFbUAdR0tgyDL12thMjF8?width=600&height=600
04-04-2025,2575.855469,2610.526868,2536.670285,2594.108723,3598415,20,Mahindra & Mahindra,M&M.NS,Stock,Automobile,https://1drv.ms/i/c/8705623eb284e7df/IQTKhiFr0T0YRZJzbYFcVbq9AVQFbUAdR0tgyDL12thMjF8?width=600&height=600
07-04-2025,2471.394531,2504.528234,2405.672549,2405.672549,3937471,20,Mahindra & Mahindra,M&M.NS,Stock,Automobile,https://1drv.ms/i/c/8705623eb284e7df/IQTKhiFr0T0YRZJzbYFcVbq9AVQFbUAdR0tgyDL12thMjF8?width=600&height=600
08-04-2025,2503.536377,2529.676464,2434.441585,2489.995265,4253527,20,Mahindra & Mahindra,M&M.NS,Stock,Automobile,https://1drv.ms/i/c/8705623eb284e7df/IQTKhiFr0T0YRZJzbYFcVbq9AVQFbUAdR0tgyDL12thMjF8?width=600&height=600
09-04-2025,2502.990967,2551.451487,2495.897807,2519.756177,3347213,20,Mahindra & Mahindra,M&M.NS,Stock,Automobile,https://1drv.ms/i/c/8705623eb284e7df/IQTKhiFr0T0YRZJzbYFcVbq9AVQFbUAdR0tgyDL12thMjF8?width=600&height=600
11-04-2025,2559.784668,2583.24608,2511.869571,2528.684431,3600209,20,Mahindra & Mahindra,M&M.NS,Stock,Automobile,https://1drv.ms/i/c/8705623eb284e7df/IQTKhiFr0T0YRZJzbYFcVbq9AVQFbUAdR0tgyDL12thMjF8?width=600&height=600
15-04-2025,2624.911377,2668.560697,2585.230177,2585.230177,3287861,20,Mahindra & Mahindra,M&M.NS,Stock,Automobile,https://1drv.ms/i/c/8705623eb284e7df/IQTKhiFr0T0YRZJzbYFcVbq9AVQFbUAdR0tgyDL12thMjF8?width=600&height=600
16-04-2025,2613.602295,2643.75991,2597.432158,2638.79976,3070954,20,Mahindra & Mahindra,M&M.NS,Stock,Automobile,https://1drv.ms/i/c/8705623eb284e7df/IQTKhiFr0T0YRZJzbYFcVbq9AVQFbUAdR0tgyDL12thMjF8?width=600&height=600
17-04-2025,2658.044922,2661.417969,2581.658617,2611.0228,2638979,20,Mahindra & Mahindra,M&M.NS,Stock,Automobile,https://1drv.ms/i/c/8705623eb284e7df/IQTKhiFr0T0YRZJzbYFcVbq9AVQFbUAdR0tgyDL12thMjF8?width=600&height=600
21-04-2025,2741.970703,2751.891002,2644.652471,2678.381488,3120955,20,Mahindra & Mahindra,M&M.NS,Stock,Automobile,https://1drv.ms/i/c/8705623eb284e7df/IQTKhiFr0T0YRZJzbYFcVbq9AVQFbUAdR0tgyDL12thMjF8?width=600&height=600
22-04-2025,2794.647705,2799.508555,2734.034577,2742.962847,3193757,20,Mahindra & Mahindra,M&M.NS,Stock,Automobile,https://1drv.ms/i/c/8705623eb284e7df/IQTKhiFr0T0YRZJzbYFcVbq9AVQFbUAdR0tgyDL12thMjF8?width=600&height=600
23-04-2025,2894.545166,2899.703674,2803.476764,2807.444884,3906215,20,Mahindra & Mahindra,M&M.NS,Stock,Automobile,https://1drv.ms/i/c/8705623eb284e7df/IQTKhiFr0T0YRZJzbYFcVbq9AVQFbUAdR0tgyDL12thMjF8?width=600&height=600
24-04-2025,2878.275635,2904.663729,2842.165841,2894.545071,2488496,20,Mahindra & Mahindra,M&M.NS,Stock,Automobile,https://1drv.ms/i/c/8705623eb284e7df/IQTKhiFr0T0YRZJzbYFcVbq9AVQFbUAdR0tgyDL12thMjF8?width=600&height=600
25-04-2025,2841.37207,2916.171272,2808.536025,2878.275535,2299310,20,Mahindra & Mahindra,M&M.NS,Stock,Automobile,https://1drv.ms/i/c/8705623eb284e7df/IQTKhiFr0T0YRZJzbYFcVbq9AVQFbUAdR0tgyDL12thMjF8?width=600&height=600
28-04-2025,2907.243164,2921.528299,2859.328067,2895.63622,1864672,20,Mahindra & Mahindra,M&M.NS,Stock,Automobile,https://1drv.ms/i/c/8705623eb284e7df/IQTKhiFr0T0YRZJzbYFcVbq9AVQFbUAdR0tgyDL12thMjF8?width=600&height=600
29-04-2025,2886.4104,2945.832897,2878.672518,2926.488313,2051228,20,Mahindra & Mahindra,M&M.NS,Stock,Automobile,https://1drv.ms/i/c/8705623eb284e7df/IQTKhiFr0T0YRZJzbYFcVbq9AVQFbUAdR0tgyDL12thMjF8?width=600&height=600
30-04-2025,2905.45752,2925.397177,2863.990617,2885.616919,2689753,20,Mahindra & Mahindra,M&M.NS,Stock,Automobile,https://1drv.ms/i/c/8705623eb284e7df/IQTKhiFr0T0YRZJzbYFcVbq9AVQFbUAdR0tgyDL12thMjF8?width=600&height=600
02-05-2025,2893.949707,2976.089835,2887.005497,2926.488338,2868096,20,Mahindra & Mahindra,M&M.NS,Stock,Automobile,https://1drv.ms/i/c/8705623eb284e7df/IQTKhiFr0T0YRZJzbYFcVbq9AVQFbUAdR0tgyDL12thMjF8?width=600&height=600
05-05-2025,2997.418457,3019.739131,2914.2863,2925.396987,4049197,20,Mahindra & Mahindra,M&M.NS,Stock,Automobile,https://1drv.ms/i/c/8705623eb284e7df/IQTKhiFr0T0YRZJzbYFcVbq9AVQFbUAdR0tgyDL12thMjF8?width=600&height=600
06-05-2025,3043.94458,3134.516962,3031.643506,3125.489635,5683215,20,Mahindra & Mahindra,M&M.NS,Stock,Automobile,https://1drv.ms/i/c/8705623eb284e7df/IQTKhiFr0T0YRZJzbYFcVbq9AVQFbUAdR0tgyDL12thMjF8?width=600&height=600
07-05-2025,3095.03418,3100.093629,2997.815243,2997.815243,2942902,20,Mahindra & Mahindra,M&M.NS,Stock,Automobile,https://1drv.ms/i/c/8705623eb284e7df/IQTKhiFr0T0YRZJzbYFcVbq9AVQFbUAdR0tgyDL12thMjF8?width=600&height=600
08-05-2025,3008.92627,3111.998089,2984.522235,3102.474504,3323894,20,Mahindra & Mahindra,M&M.NS,Stock,Automobile,https://1drv.ms/i/c/8705623eb284e7df/IQTKhiFr0T0YRZJzbYFcVbq9AVQFbUAdR0tgyDL12thMjF8?width=600&height=600
09-05-2025,2958.332764,3032.735014,2931.448654,2937.996149,2308852,20,Mahindra & Mahindra,M&M.NS,Stock,Automobile,https://1drv.ms/i/c/8705623eb284e7df/IQTKhiFr0T0YRZJzbYFcVbq9AVQFbUAdR0tgyDL12thMjF8?width=600&height=600
12-05-2025,3079.955322,3087.395547,3009.521196,3020.433526,2166730,20,Mahindra & Mahindra,M&M.NS,Stock,Automobile,https://1drv.ms/i/c/8705623eb284e7df/IQTKhiFr0T0YRZJzbYFcVbq9AVQFbUAdR0tgyDL12thMjF8?width=600&height=600
13-05-2025,3029.461182,3086.205248,3010.81097,3025.691419,2681662,20,Mahindra & Mahindra,M&M.NS,Stock,Automobile,https://1drv.ms/i/c/8705623eb284e7df/IQTKhiFr0T0YRZJzbYFcVbq9AVQFbUAdR0tgyDL12thMjF8?width=600&height=600
14-05-2025,3077.078613,3085.213211,2993.946453,3013.291038,2236302,20,Mahindra & Mahindra,M&M.NS,Stock,Automobile,https://1drv.ms/i/c/8705623eb284e7df/IQTKhiFr0T0YRZJzbYFcVbq9AVQFbUAdR0tgyDL12thMjF8?width=600&height=600
15-05-2025,3119.239746,3145.429239,3048.507964,3060.412323,3590003,20,Mahindra & Mahindra,M&M.NS,Stock,Automobile,https://1drv.ms/i/c/8705623eb284e7df/IQTKhiFr0T0YRZJzbYFcVbq9AVQFbUAdR0tgyDL12thMjF8?width=600&height=600
16-05-2025,3110.609375,3124.398495,3090.17346,3110.01406,2269659,20,Mahindra & Mahindra,M&M.NS,Stock,Automobile,https://1drv.ms/i/c/8705623eb284e7df/IQTKhiFr0T0YRZJzbYFcVbq9AVQFbUAdR0tgyDL12thMjF8?width=600&height=600
19-05-2025,3103.069824,3131.838694,3078.864389,3090.173434,2011149,20,Mahindra & Mahindra,M&M.NS,Stock,Automobile,https://1drv.ms/i/c/8705623eb284e7df/IQTKhiFr0T0YRZJzbYFcVbq9AVQFbUAdR0tgyDL12thMjF8?width=600&height=600
20-05-2025,3039.08374,3110.311539,3024.798606,3103.268029,2667772,20,Mahindra & Mahindra,M&M.NS,Stock,Automobile,https://1drv.ms/i/c/8705623eb284e7df/IQTKhiFr0T0YRZJzbYFcVbq9AVQFbUAdR0tgyDL12thMjF8?width=600&height=600
21-05-2025,3066.066895,3107.03778,3023.806564,3038.587714,1395136,20,Mahindra & Mahindra,M&M.NS,Stock,Automobile,https://1drv.ms/i/c/8705623eb284e7df/IQTKhiFr0T0YRZJzbYFcVbq9AVQFbUAdR0tgyDL12thMjF8?width=600&height=600
22-05-2025,2982.339844,3065.174349,2956.745421,3052.079601,3870830,20,Mahindra & Mahindra,M&M.NS,Stock,Automobile,https://1drv.ms/i/c/8705623eb284e7df/IQTKhiFr0T0YRZJzbYFcVbq9AVQFbUAdR0tgyDL12thMjF8?width=600&height=600
23-05-2025,2988.688721,3006.644561,2960.415866,2995.930588,1828093,20,Mahindra & Mahindra,M&M.NS,Stock,Automobile,https://1drv.ms/i/c/8705623eb284e7df/IQTKhiFr0T0YRZJzbYFcVbq9AVQFbUAdR0tgyDL12thMjF8?width=600&height=600
26-05-2025,3055.650635,3076.284906,3003.569062,3013.787019,2164190,20,Mahindra & Mahindra,M&M.NS,Stock,Automobile,https://1drv.ms/i/c/8705623eb284e7df/IQTKhiFr0T0YRZJzbYFcVbq9AVQFbUAdR0tgyDL12thMjF8?width=600&height=600
27-05-2025,3015.572754,3060.41246,2990.573647,3055.650668,2599143,20,Mahindra & Mahindra,M&M.NS,Stock,Automobile,https://1drv.ms/i/c/8705623eb284e7df/IQTKhiFr0T0YRZJzbYFcVbq9AVQFbUAdR0tgyDL12thMjF8?width=600&height=600
28-05-2025,2973.907471,3020.532879,2969.145678,3015.473429,1491995,20,Mahindra & Mahindra,M&M.NS,Stock,Automobile,https://1drv.ms/i/c/8705623eb284e7df/IQTKhiFr0T0YRZJzbYFcVbq9AVQFbUAdR0tgyDL12thMjF8?width=600&height=600
29-05-2025,2985.018066,3004.759365,2963.391765,2975.097767,2093429,20,Mahindra & Mahindra,M&M.NS,Stock,Automobile,https://1drv.ms/i/c/8705623eb284e7df/IQTKhiFr0T0YRZJzbYFcVbq9AVQFbUAdR0tgyDL12thMjF8?width=600&height=600
30-05-2025,2953.074951,2993.351224,2933.432709,2981.050149,3700191,20,Mahindra & Mahindra,M&M.NS,Stock,Automobile,https://1drv.ms/i/c/8705623eb284e7df/IQTKhiFr0T0YRZJzbYFcVbq9AVQFbUAdR0tgyDL12thMjF8?width=600&height=600
02-06-2025,3001.783447,3014.283122,2938.690485,2953.07492,2967741,20,Mahindra & Mahindra,M&M.NS,Stock,Automobile,https://1drv.ms/i/c/8705623eb284e7df/IQTKhiFr0T0YRZJzbYFcVbq9AVQFbUAdR0tgyDL12thMjF8?width=600&height=600
03-06-2025,3022.219238,3040.373435,3002.874654,3017.755104,3204094,20,Mahindra & Mahindra,M&M.NS,Stock,Automobile,https://1drv.ms/i/c/8705623eb284e7df/IQTKhiFr0T0YRZJzbYFcVbq9AVQFbUAdR0tgyDL12thMjF8?width=600&height=600
04-06-2025,3029.064209,3062.396513,3015.870404,3020.830554,1584653,20,Mahindra & Mahindra,M&M.NS,Stock,Automobile,https://1drv.ms/i/c/8705623eb284e7df/IQTKhiFr0T0YRZJzbYFcVbq9AVQFbUAdR0tgyDL12thMjF8?width=600&height=600
05-06-2025,3017.358398,3070.332701,2970.931348,3053.468192,3504632,20,Mahindra & Mahindra,M&M.NS,Stock,Automobile,https://1drv.ms/i/c/8705623eb284e7df/IQTKhiFr0T0YRZJzbYFcVbq9AVQFbUAdR0tgyDL12thMjF8?width=600&height=600
06-06-2025,3081.740967,3088.089861,3002.874588,3017.358321,2028071,20,Mahindra & Mahindra,M&M.NS,Stock,Automobile,https://1drv.ms/i/c/8705623eb284e7df/IQTKhiFr0T0YRZJzbYFcVbq9AVQFbUAdR0tgyDL12thMjF8?width=600&height=600
09-06-2025,3062.793213,3115.966116,3053.468228,3105.053786,1364639,20,Mahindra & Mahindra,M&M.NS,Stock,Automobile,https://1drv.ms/i/c/8705623eb284e7df/IQTKhiFr0T0YRZJzbYFcVbq9AVQFbUAdR0tgyDL12thMjF8?width=600&height=600
10-06-2025,3043.052002,3082.137887,3035.413419,3077.277037,1787253,20,Mahindra & Mahindra,M&M.NS,Stock,Automobile,https://1drv.ms/i/c/8705623eb284e7df/IQTKhiFr0T0YRZJzbYFcVbq9AVQFbUAdR0tgyDL12thMjF8?width=600&height=600
11-06-2025,3056.146729,3099.101675,3051.484236,3060.412506,1749787,20,Mahindra & Mahindra,M&M.NS,Stock,Automobile,https://1drv.ms/i/c/8705623eb284e7df/IQTKhiFr0T0YRZJzbYFcVbq9AVQFbUAdR0tgyDL12thMjF8?width=600&height=600
12-06-2025,2995.136719,3069.340606,2983.034002,3063.388426,2278398,20,Mahindra & Mahindra,M&M.NS,Stock,Automobile,https://1drv.ms/i/c/8705623eb284e7df/IQTKhiFr0T0YRZJzbYFcVbq9AVQFbUAdR0tgyDL12thMjF8?width=600&height=600
13-06-2025,2982.041992,2994.442366,2908.631777,2908.631777,2003184,20,Mahindra & Mahindra,M&M.NS,Stock,Automobile,https://1drv.ms/i/c/8705623eb284e7df/IQTKhiFr0T0YRZJzbYFcVbq9AVQFbUAdR0tgyDL12thMjF8?width=600&height=600
16-06-2025,2999.501953,3020.731298,2964.284889,2977.081979,1673726,20,Mahindra & Mahindra,M&M.NS,Stock,Automobile,https://1drv.ms/i/c/8705623eb284e7df/IQTKhiFr0T0YRZJzbYFcVbq9AVQFbUAdR0tgyDL12thMjF8?width=600&height=600
17-06-2025,2983.232422,3018.747143,2970.137675,3018.747143,1455355,20,Mahindra & Mahindra,M&M.NS,Stock,Automobile,https://1drv.ms/i/c/8705623eb284e7df/IQTKhiFr0T0YRZJzbYFcVbq9AVQFbUAdR0tgyDL12thMjF8?width=600&height=600
18-06-2025,3016.862305,3050.392722,2962.796674,2976.089778,2161043,20,Mahindra & Mahindra,M&M.NS,Stock,Automobile,https://1drv.ms/i/c/8705623eb284e7df/IQTKhiFr0T0YRZJzbYFcVbq9AVQFbUAdR0tgyDL12thMjF8?width=600&height=600
19-06-2025,3070.134277,3082.137694,3010.017167,3013.786929,2482920,20,Mahindra & Mahindra,M&M.NS,Stock,Automobile,https://1drv.ms/i/c/8705623eb284e7df/IQTKhiFr0T0YRZJzbYFcVbq9AVQFbUAdR0tgyDL12thMjF8?width=600&height=600
20-06-2025,3159.02002,3177.471873,3065.670148,3075.29279,8315834,20,Mahindra & Mahindra,M&M.NS,Stock,Automobile,https://1drv.ms/i/c/8705623eb284e7df/IQTKhiFr0T0YRZJzbYFcVbq9AVQFbUAdR0tgyDL12thMjF8?width=600&height=600
23-06-2025,3110.013916,3159.020099,3097.811899,3138.38607,1731432,20,Mahindra & Mahindra,M&M.NS,Stock,Automobile,https://1drv.ms/i/c/8705623eb284e7df/IQTKhiFr0T0YRZJzbYFcVbq9AVQFbUAdR0tgyDL12thMjF8?width=600&height=600
24-06-2025,3124.993652,3190.963644,3111.799606,3129.953802,2834887,20,Mahindra & Mahindra,M&M.NS,Stock,Automobile,https://1drv.ms/i/c/8705623eb284e7df/IQTKhiFr0T0YRZJzbYFcVbq9AVQFbUAdR0tgyDL12thMjF8?width=600&height=600
25-06-2025,3189.872314,3199.792614,3135.310667,3154.655251,2078771,20,Mahindra & Mahindra,M&M.NS,Stock,Automobile,https://1drv.ms/i/c/8705623eb284e7df/IQTKhiFr0T0YRZJzbYFcVbq9AVQFbUAdR0tgyDL12thMjF8?width=600&height=600
26-06-2025,3190.169922,3212.192938,3158.127306,3200.189279,2907261,20,Mahindra & Mahindra,M&M.NS,Stock,Automobile,https://1drv.ms/i/c/8705623eb284e7df/IQTKhiFr0T0YRZJzbYFcVbq9AVQFbUAdR0tgyDL12thMjF8?width=600&height=600
27-06-2025,3177.769531,3215.665026,3161.698695,3179.455934,5098406,20,Mahindra & Mahindra,M&M.NS,Stock,Automobile,https://1drv.ms/i/c/8705623eb284e7df/IQTKhiFr0T0YRZJzbYFcVbq9AVQFbUAdR0tgyDL12thMjF8?width=600&height=600
30-06-2025,3157.829834,3194.138229,3135.806817,3179.852851,2083572,20,Mahindra & Mahindra,M&M.NS,Stock,Automobile,https://1drv.ms/i/c/8705623eb284e7df/IQTKhiFr0T0YRZJzbYFcVbq9AVQFbUAdR0tgyDL12thMjF8?width=600&height=600
01-07-2025,3150.786377,3192.352334,3142.949195,3162.591436,1407074,20,Mahindra & Mahindra,M&M.NS,Stock,Automobile,https://1drv.ms/i/c/8705623eb284e7df/IQTKhiFr0T0YRZJzbYFcVbq9AVQFbUAdR0tgyDL12thMjF8?width=600&height=600
02-07-2025,3139.973145,3177.174268,3128.5648,3142.750877,1559309,20,Mahindra & Mahindra,M&M.NS,Stock,Automobile,https://1drv.ms/i/c/8705623eb284e7df/IQTKhiFr0T0YRZJzbYFcVbq9AVQFbUAdR0tgyDL12thMjF8?width=600&height=600
03-07-2025,3149.099854,3195.328547,3139.576511,3139.973226,2102806,20,Mahindra & Mahindra,M&M.NS,Stock,Automobile,https://1drv.ms/i/c/8705623eb284e7df/IQTKhiFr0T0YRZJzbYFcVbq9AVQFbUAdR0tgyDL12thMjF8?width=600&height=600
04-07-2025,3162.5,3177,3134.100098,3161.100098,968006,20,Mahindra & Mahindra,M&M.NS,Stock,Automobile,https://1drv.ms/i/c/8705623eb284e7df/IQTKhiFr0T0YRZJzbYFcVbq9AVQFbUAdR0tgyDL12thMjF8?width=600&height=600
07-07-2025,3160.199951,3173,3152.100098,3162.5,853459,20,Mahindra & Mahindra,M&M.NS,Stock,Automobile,https://1drv.ms/i/c/8705623eb284e7df/IQTKhiFr0T0YRZJzbYFcVbq9AVQFbUAdR0tgyDL12thMjF8?width=600&height=600
08-07-2025,3157.899902,3168,3123,3150,1513129,20,Mahindra & Mahindra,M&M.NS,Stock,Automobile,https://1drv.ms/i/c/8705623eb284e7df/IQTKhiFr0T0YRZJzbYFcVbq9AVQFbUAdR0tgyDL12thMjF8?width=600&height=600
09-07-2025,3176.300049,3189,3141,3145,1245661,20,Mahindra & Mahindra,M&M.NS,Stock,Automobile,https://1drv.ms/i/c/8705623eb284e7df/IQTKhiFr0T0YRZJzbYFcVbq9AVQFbUAdR0tgyDL12thMjF8?width=600&height=600
10-07-2025,3162.399902,3192.600098,3137.600098,3172.100098,1701384,20,Mahindra & Mahindra,M&M.NS,Stock,Automobile,https://1drv.ms/i/c/8705623eb284e7df/IQTKhiFr0T0YRZJzbYFcVbq9AVQFbUAdR0tgyDL12thMjF8?width=600&height=600
11-07-2025,3073.199951,3162.399902,3062.399902,3158,3041614,20,Mahindra & Mahindra,M&M.NS,Stock,Automobile,https://1drv.ms/i/c/8705623eb284e7df/IQTKhiFr0T0YRZJzbYFcVbq9AVQFbUAdR0tgyDL12thMjF8?width=600&height=600
14-07-2025,3092.100098,3104.800049,3053.600098,3072.800049,2958843,20,Mahindra & Mahindra,M&M.NS,Stock,Automobile,https://1drv.ms/i/c/8705623eb284e7df/IQTKhiFr0T0YRZJzbYFcVbq9AVQFbUAdR0tgyDL12thMjF8?width=600&height=600
15-07-2025,3128.600098,3148.300049,3082.899902,3086.100098,2826720,20,Mahindra & Mahindra,M&M.NS,Stock,Automobile,https://1drv.ms/i/c/8705623eb284e7df/IQTKhiFr0T0YRZJzbYFcVbq9AVQFbUAdR0tgyDL12thMjF8?width=600&height=600
16-07-2025,3196.5,3210,3082.399902,3128.600098,2892812,20,Mahindra & Mahindra,M&M.NS,Stock,Automobile,https://1drv.ms/i/c/8705623eb284e7df/IQTKhiFr0T0YRZJzbYFcVbq9AVQFbUAdR0tgyDL12thMjF8?width=600&height=600
17-07-2025,3195,3238,3171,3186.300049,3267180,20,Mahindra & Mahindra,M&M.NS,Stock,Automobile,https://1drv.ms/i/c/8705623eb284e7df/IQTKhiFr0T0YRZJzbYFcVbq9AVQFbUAdR0tgyDL12thMjF8?width=600&height=600
18-07-2025,3192.399902,3252,3176.699951,3208,2040381,20,Mahindra & Mahindra,M&M.NS,Stock,Automobile,https://1drv.ms/i/c/8705623eb284e7df/IQTKhiFr0T0YRZJzbYFcVbq9AVQFbUAdR0tgyDL12thMjF8?width=600&height=600
21-07-2025,3246.699951,3253.600098,3152.800049,3177,2436535,20,Mahindra & Mahindra,M&M.NS,Stock,Automobile,https://1drv.ms/i/c/8705623eb284e7df/IQTKhiFr0T0YRZJzbYFcVbq9AVQFbUAdR0tgyDL12thMjF8?width=600&height=600
22-07-2025,3257.199951,3271.899902,3210.5,3246.699951,1854072,20,Mahindra & Mahindra,M&M.NS,Stock,Automobile,https://1drv.ms/i/c/8705623eb284e7df/IQTKhiFr0T0YRZJzbYFcVbq9AVQFbUAdR0tgyDL12thMjF8?width=600&height=600
23-07-2025,3268.800049,3303,3248,3260,2159800,20,Mahindra & Mahindra,M&M.NS,Stock,Automobile,https://1drv.ms/i/c/8705623eb284e7df/IQTKhiFr0T0YRZJzbYFcVbq9AVQFbUAdR0tgyDL12thMjF8?width=600&height=600
24-07-2025,3260.899902,3286.5,3243.699951,3255,1469406,20,Mahindra & Mahindra,M&M.NS,Stock,Automobile,https://1drv.ms/i/c/8705623eb284e7df/IQTKhiFr0T0YRZJzbYFcVbq9AVQFbUAdR0tgyDL12thMjF8?width=600&height=600
25-07-2025,3246.399902,3259,3214,3256,1475856,20,Mahindra & Mahindra,M&M.NS,Stock,Automobile,https://1drv.ms/i/c/8705623eb284e7df/IQTKhiFr0T0YRZJzbYFcVbq9AVQFbUAdR0tgyDL12thMjF8?width=600&height=600
28-07-2025,3209.800049,3256.899902,3199.199951,3246.399902,1939520,20,Mahindra & Mahindra,M&M.NS,Stock,Automobile,https://1drv.ms/i/c/8705623eb284e7df/IQTKhiFr0T0YRZJzbYFcVbq9AVQFbUAdR0tgyDL12thMjF8?width=600&height=600
29-07-2025,3199.399902,3225.899902,3186.600098,3203,1824673,20,Mahindra & Mahindra,M&M.NS,Stock,Automobile,https://1drv.ms/i/c/8705623eb284e7df/IQTKhiFr0T0YRZJzbYFcVbq9AVQFbUAdR0tgyDL12thMjF8?width=600&height=600
30-07-2025,3208.899902,3241.600098,3151.899902,3195,2199654,20,Mahindra & Mahindra,M&M.NS,Stock,Automobile,https://1drv.ms/i/c/8705623eb284e7df/IQTKhiFr0T0YRZJzbYFcVbq9AVQFbUAdR0tgyDL12thMjF8?width=600&height=600
31-07-2025,3203.100098,3238.199951,3135.600098,3225,4465859,20,Mahindra & Mahindra,M&M.NS,Stock,Automobile,https://1drv.ms/i/c/8705623eb284e7df/IQTKhiFr0T0YRZJzbYFcVbq9AVQFbUAdR0tgyDL12thMjF8?width=600&height=600
01-08-2025,3159.300049,3205,3116.699951,3205,3781457,20,Mahindra & Mahindra,M&M.NS,Stock,Automobile,https://1drv.ms/i/c/8705623eb284e7df/IQTKhiFr0T0YRZJzbYFcVbq9AVQFbUAdR0tgyDL12thMjF8?width=600&height=600
04-08-2025,3200.199951,3223,3160,3170,2684012,20,Mahindra & Mahindra,M&M.NS,Stock,Automobile,https://1drv.ms/i/c/8705623eb284e7df/IQTKhiFr0T0YRZJzbYFcVbq9AVQFbUAdR0tgyDL12thMjF8?width=600&height=600
05-08-2025,3212.199951,3222,3170.100098,3195,1805644,20,Mahindra & Mahindra,M&M.NS,Stock,Automobile,https://1drv.ms/i/c/8705623eb284e7df/IQTKhiFr0T0YRZJzbYFcVbq9AVQFbUAdR0tgyDL12thMjF8?width=600&height=600
06-08-2025,3227.5,3240.100098,3178.600098,3212.199951,1866321,20,Mahindra & Mahindra,M&M.NS,Stock,Automobile,https://1drv.ms/i/c/8705623eb284e7df/IQTKhiFr0T0YRZJzbYFcVbq9AVQFbUAdR0tgyDL12thMjF8?width=600&height=600
07-08-2025,3211.100098,3229.600098,3161.100098,3198,2374621,20,Mahindra & Mahindra,M&M.NS,Stock,Automobile,https://1drv.ms/i/c/8705623eb284e7df/IQTKhiFr0T0YRZJzbYFcVbq9AVQFbUAdR0tgyDL12thMjF8?width=600&height=600
08-08-2025,3144.199951,3214.899902,3135.600098,3207,1721037,20,Mahindra & Mahindra,M&M.NS,Stock,Automobile,https://1drv.ms/i/c/8705623eb284e7df/IQTKhiFr0T0YRZJzbYFcVbq9AVQFbUAdR0tgyDL12thMjF8?width=600&height=600
11-08-2025,3186.199951,3230,3130.300049,3150.899902,2046761,20,Mahindra & Mahindra,M&M.NS,Stock,Automobile,https://1drv.ms/i/c/8705623eb284e7df/IQTKhiFr0T0YRZJzbYFcVbq9AVQFbUAdR0tgyDL12thMjF8?width=600&height=600
12-08-2025,3236.5,3253,3185.100098,3186.100098,3315978,20,Mahindra & Mahindra,M&M.NS,Stock,Automobile,https://1drv.ms/i/c/8705623eb284e7df/IQTKhiFr0T0YRZJzbYFcVbq9AVQFbUAdR0tgyDL12thMjF8?width=600&height=600
13-08-2025,3282.199951,3300,3238.699951,3255,2436029,20,Mahindra & Mahindra,M&M.NS,Stock,Automobile,https://1drv.ms/i/c/8705623eb284e7df/IQTKhiFr0T0YRZJzbYFcVbq9AVQFbUAdR0tgyDL12thMjF8?width=600&height=600
14-08-2025,3265.399902,3313.5,3262,3273.199951,1508721,20,Mahindra & Mahindra,M&M.NS,Stock,Automobile,https://1drv.ms/i/c/8705623eb284e7df/IQTKhiFr0T0YRZJzbYFcVbq9AVQFbUAdR0tgyDL12thMjF8?width=600&height=600
18-08-2025,3383.100098,3432,3335.300049,3350,5787481,20,Mahindra & Mahindra,M&M.NS,Stock,Automobile,https://1drv.ms/i/c/8705623eb284e7df/IQTKhiFr0T0YRZJzbYFcVbq9AVQFbUAdR0tgyDL12thMjF8?width=600&height=600
19-08-2025,3354,3403.899902,3338.100098,3400,2596242,20,Mahindra & Mahindra,M&M.NS,Stock,Automobile,https://1drv.ms/i/c/8705623eb284e7df/IQTKhiFr0T0YRZJzbYFcVbq9AVQFbUAdR0tgyDL12thMjF8?width=600&height=600
20-08-2025,3395.600098,3404.199951,3335,3354.100098,2957816,20,Mahindra & Mahindra,M&M.NS,Stock,Automobile,https://1drv.ms/i/c/8705623eb284e7df/IQTKhiFr0T0YRZJzbYFcVbq9AVQFbUAdR0tgyDL12thMjF8?width=600&height=600
21-08-2025,3375.100098,3410,3370,3410,1964795,20,Mahindra & Mahindra,M&M.NS,Stock,Automobile,https://1drv.ms/i/c/8705623eb284e7df/IQTKhiFr0T0YRZJzbYFcVbq9AVQFbUAdR0tgyDL12thMjF8?width=600&height=600
22-08-2025,3403,3420,3375.399902,3380,2509867,20,Mahindra & Mahindra,M&M.NS,Stock,Automobile,https://1drv.ms/i/c/8705623eb284e7df/IQTKhiFr0T0YRZJzbYFcVbq9AVQFbUAdR0tgyDL12thMjF8?width=600&height=600
25-08-2025,3398.899902,3429,3381.800049,3428,1859862,20,Mahindra & Mahindra,M&M.NS,Stock,Automobile,https://1drv.ms/i/c/8705623eb284e7df/IQTKhiFr0T0YRZJzbYFcVbq9AVQFbUAdR0tgyDL12thMjF8?width=600&height=600
26-08-2025,3330.800049,3414,3318.100098,3395,3122442,20,Mahindra & Mahindra,M&M.NS,Stock,Automobile,https://1drv.ms/i/c/8705623eb284e7df/IQTKhiFr0T0YRZJzbYFcVbq9AVQFbUAdR0tgyDL12thMjF8?width=600&height=600
28-08-2025,3295.300049,3375,3287.300049,3375,2936428,20,Mahindra & Mahindra,M&M.NS,Stock,Automobile,https://1drv.ms/i/c/8705623eb284e7df/IQTKhiFr0T0YRZJzbYFcVbq9AVQFbUAdR0tgyDL12thMjF8?width=600&height=600
29-08-2025,3199.5,3280,3187,3271,3017625,20,Mahindra & Mahindra,M&M.NS,Stock,Automobile,https://1drv.ms/i/c/8705623eb284e7df/IQTKhiFr0T0YRZJzbYFcVbq9AVQFbUAdR0tgyDL12thMjF8?width=600&height=600
01-09-2025,3315.399902,3324.899902,3191.100098,3191.100098,3525726,20,Mahindra & Mahindra,M&M.NS,Stock,Automobile,https://1drv.ms/i/c/8705623eb284e7df/IQTKhiFr0T0YRZJzbYFcVbq9AVQFbUAdR0tgyDL12thMjF8?width=600&height=600
02-09-2025,3234.5,3330,3223,3325,3073407,20,Mahindra & Mahindra,M&M.NS,Stock,Automobile,https://1drv.ms/i/c/8705623eb284e7df/IQTKhiFr0T0YRZJzbYFcVbq9AVQFbUAdR0tgyDL12thMjF8?width=600&height=600
03-09-2025,3286,3293.699951,3232.800049,3269,2672659,20,Mahindra & Mahindra,M&M.NS,Stock,Automobile,https://1drv.ms/i/c/8705623eb284e7df/IQTKhiFr0T0YRZJzbYFcVbq9AVQFbUAdR0tgyDL12thMjF8?width=600&height=600
04-09-2025,3481.5,3550,3463.399902,3527,7600320,20,Mahindra & Mahindra,M&M.NS,Stock,Automobile,https://1drv.ms/i/c/8705623eb284e7df/IQTKhiFr0T0YRZJzbYFcVbq9AVQFbUAdR0tgyDL12thMjF8?width=600&height=600
05-09-2025,3561.300049,3577.800049,3481.5,3511,3700943,20,Mahindra & Mahindra,M&M.NS,Stock,Automobile,https://1drv.ms/i/c/8705623eb284e7df/IQTKhiFr0T0YRZJzbYFcVbq9AVQFbUAdR0tgyDL12thMjF8?width=600&height=600
08-09-2025,3561.300049,3561.300049,3561.300049,3561.300049,0,20,Mahindra & Mahindra,M&M.NS,Stock,Automobile,https://1drv.ms/i/c/8705623eb284e7df/IQTKhiFr0T0YRZJzbYFcVbq9AVQFbUAdR0tgyDL12thMjF8?width=600&height=600
09-09-2025,3696.300049,3723.800049,3673.100098,3702.199951,2879258,20,Mahindra & Mahindra,M&M.NS,Stock,Automobile,https://1drv.ms/i/c/8705623eb284e7df/IQTKhiFr0T0YRZJzbYFcVbq9AVQFbUAdR0tgyDL12thMjF8?width=600&height=600
10-09-2025,3604.399902,3708.899902,3591.399902,3702,2298202,20,Mahindra & Mahindra,M&M.NS,Stock,Automobile,https://1drv.ms/i/c/8705623eb284e7df/IQTKhiFr0T0YRZJzbYFcVbq9AVQFbUAdR0tgyDL12thMjF8?width=600&height=600
11-09-2025,3595.699951,3647.899902,3580,3620,1949934,20,Mahindra & Mahindra,M&M.NS,Stock,Automobile,https://1drv.ms/i/c/8705623eb284e7df/IQTKhiFr0T0YRZJzbYFcVbq9AVQFbUAdR0tgyDL12thMjF8?width=600&height=600
12-09-2025,3589.899902,3641,3582,3594.899902,2839264,20,Mahindra & Mahindra,M&M.NS,Stock,Automobile,https://1drv.ms/i/c/8705623eb284e7df/IQTKhiFr0T0YRZJzbYFcVbq9AVQFbUAdR0tgyDL12thMjF8?width=600&height=600
15-09-2025,3530.300049,3603.399902,3526.600098,3590,2550444,20,Mahindra & Mahindra,M&M.NS,Stock,Automobile,https://1drv.ms/i/c/8705623eb284e7df/IQTKhiFr0T0YRZJzbYFcVbq9AVQFbUAdR0tgyDL12thMjF8?width=600&height=600
16-09-2025,3608,3619.899902,3528.899902,3545,2465043,20,Mahindra & Mahindra,M&M.NS,Stock,Automobile,https://1drv.ms/i/c/8705623eb284e7df/IQTKhiFr0T0YRZJzbYFcVbq9AVQFbUAdR0tgyDL12thMjF8?width=600&height=600
17-09-2025,3633.199951,3644.899902,3593.100098,3608,2237804,20,Mahindra & Mahindra,M&M.NS,Stock,Automobile,https://1drv.ms/i/c/8705623eb284e7df/IQTKhiFr0T0YRZJzbYFcVbq9AVQFbUAdR0tgyDL12thMjF8?width=600&height=600
18-09-2025,3642.199951,3650,3603.300049,3636.100098,2480472,20,Mahindra & Mahindra,M&M.NS,Stock,Automobile,https://1drv.ms/i/c/8705623eb284e7df/IQTKhiFr0T0YRZJzbYFcVbq9AVQFbUAdR0tgyDL12thMjF8?width=600&height=600
19-09-2025,3592.100098,3636.699951,3584.5,3601,4018342,20,Mahindra & Mahindra,M&M.NS,Stock,Automobile,https://1drv.ms/i/c/8705623eb284e7df/IQTKhiFr0T0YRZJzbYFcVbq9AVQFbUAdR0tgyDL12thMjF8?width=600&height=600
22-09-2025,3584.800049,3616.600098,3569.300049,3600,1664133,20,Mahindra & Mahindra,M&M.NS,Stock,Automobile,https://1drv.ms/i/c/8705623eb284e7df/IQTKhiFr0T0YRZJzbYFcVbq9AVQFbUAdR0tgyDL12thMjF8?width=600&height=600
23-09-2025,3614.600098,3679.199951,3606.800049,3610,2523224,20,Mahindra & Mahindra,M&M.NS,Stock,Automobile,https://1drv.ms/i/c/8705623eb284e7df/IQTKhiFr0T0YRZJzbYFcVbq9AVQFbUAdR0tgyDL12thMjF8?width=600&height=600
24-09-2025,3574.899902,3626.300049,3568,3614.5,1320014,20,Mahindra & Mahindra,M&M.NS,Stock,Automobile,https://1drv.ms/i/c/8705623eb284e7df/IQTKhiFr0T0YRZJzbYFcVbq9AVQFbUAdR0tgyDL12thMjF8?width=600&height=600
25-09-2025,3530,3584.100098,3521.800049,3579.899902,2106344,20,Mahindra & Mahindra,M&M.NS,Stock,Automobile,https://1drv.ms/i/c/8705623eb284e7df/IQTKhiFr0T0YRZJzbYFcVbq9AVQFbUAdR0tgyDL12thMjF8?width=600&height=600
26-09-2025,3396.5,3547.5,3391.600098,3510,3046760,20,Mahindra & Mahindra,M&M.NS,Stock,Automobile,https://1drv.ms/i/c/8705623eb284e7df/IQTKhiFr0T0YRZJzbYFcVbq9AVQFbUAdR0tgyDL12thMjF8?width=600&height=600
29-09-2025,3418.100098,3458,3405,3419,3175716,20,Mahindra & Mahindra,M&M.NS,Stock,Automobile,https://1drv.ms/i/c/8705623eb284e7df/IQTKhiFr0T0YRZJzbYFcVbq9AVQFbUAdR0tgyDL12thMjF8?width=600&height=600
30-09-2025,3427,3454,3393.100098,3420,2611078,20,Mahindra & Mahindra,M&M.NS,Stock,Automobile,https://1drv.ms/i/c/8705623eb284e7df/IQTKhiFr0T0YRZJzbYFcVbq9AVQFbUAdR0tgyDL12thMjF8?width=600&height=600
01-10-2025,3463.399902,3501,3415.5,3419.199951,2364844,20,Mahindra & Mahindra,M&M.NS,Stock,Automobile,https://1drv.ms/i/c/8705623eb284e7df/IQTKhiFr0T0YRZJzbYFcVbq9AVQFbUAdR0tgyDL12thMjF8?width=600&height=600
03-10-2025,3462,3492.399902,3404.199951,3462.100098,2357702,20,Mahindra & Mahindra,M&M.NS,Stock,Automobile,https://1drv.ms/i/c/8705623eb284e7df/IQTKhiFr0T0YRZJzbYFcVbq9AVQFbUAdR0tgyDL12thMjF8?width=600&height=600
06-10-2025,3472,3480,3425.100098,3462,1156082,20,Mahindra & Mahindra,M&M.NS,Stock,Automobile,https://1drv.ms/i/c/8705623eb284e7df/IQTKhiFr0T0YRZJzbYFcVbq9AVQFbUAdR0tgyDL12thMjF8?width=600&height=600
07-10-2025,3492.800049,3521.399902,3465.100098,3468.100098,1508939,20,Mahindra & Mahindra,M&M.NS,Stock,Automobile,https://1drv.ms/i/c/8705623eb284e7df/IQTKhiFr0T0YRZJzbYFcVbq9AVQFbUAdR0tgyDL12thMjF8?width=600&height=600
08-10-2025,3426.5,3509.699951,3422.600098,3500,1444911,20,Mahindra & Mahindra,M&M.NS,Stock,Automobile,https://1drv.ms/i/c/8705623eb284e7df/IQTKhiFr0T0YRZJzbYFcVbq9AVQFbUAdR0tgyDL12thMjF8?width=600&height=600
09-10-2025,3442.899902,3475,3424,3450,1997853,20,Mahindra & Mahindra,M&M.NS,Stock,Automobile,https://1drv.ms/i/c/8705623eb284e7df/IQTKhiFr0T0YRZJzbYFcVbq9AVQFbUAdR0tgyDL12thMjF8?width=600&height=600
10-10-2025,3454.899902,3473.899902,3395.699951,3425,1416272,20,Mahindra & Mahindra,M&M.NS,Stock,Automobile,https://1drv.ms/i/c/8705623eb284e7df/IQTKhiFr0T0YRZJzbYFcVbq9AVQFbUAdR0tgyDL12thMjF8?width=600&height=600
13-10-2025,3459.699951,3470,3432,3432,1090517,20,Mahindra & Mahindra,M&M.NS,Stock,Automobile,https://1drv.ms/i/c/8705623eb284e7df/IQTKhiFr0T0YRZJzbYFcVbq9AVQFbUAdR0tgyDL12thMjF8?width=600&height=600
14-10-2025,3459.800049,3487.100098,3428,3469.899902,1518505,20,Mahindra & Mahindra,M&M.NS,Stock,Automobile,https://1drv.ms/i/c/8705623eb284e7df/IQTKhiFr0T0YRZJzbYFcVbq9AVQFbUAdR0tgyDL12thMjF8?width=600&height=600
15-10-2025,3497.199951,3500,3460,3461,1319445,20,Mahindra & Mahindra,M&M.NS,Stock,Automobile,https://1drv.ms/i/c/8705623eb284e7df/IQTKhiFr0T0YRZJzbYFcVbq9AVQFbUAdR0tgyDL12thMjF8?width=600&height=600
16-10-2025,3560.800049,3573.199951,3498.300049,3503,2125552,20,Mahindra & Mahindra,M&M.NS,Stock,Automobile,https://1drv.ms/i/c/8705623eb284e7df/IQTKhiFr0T0YRZJzbYFcVbq9AVQFbUAdR0tgyDL12thMjF8?width=600&height=600
17-10-2025,3647.199951,3656,3560.100098,3561,3339579,20,Mahindra & Mahindra,M&M.NS,Stock,Automobile,https://1drv.ms/i/c/8705623eb284e7df/IQTKhiFr0T0YRZJzbYFcVbq9AVQFbUAdR0tgyDL12thMjF8?width=600&height=600
20-10-2025,3599.100098,3676,3593,3674,2827250,20,Mahindra & Mahindra,M&M.NS,Stock,Automobile,https://1drv.ms/i/c/8705623eb284e7df/IQTKhiFr0T0YRZJzbYFcVbq9AVQFbUAdR0tgyDL12thMjF8?width=600&height=600
21-10-2025,3621.199951,3628.100098,3604.300049,3608.199951,286950,20,Mahindra & Mahindra,M&M.NS,Stock,Automobile,https://1drv.ms/i/c/8705623eb284e7df/IQTKhiFr0T0YRZJzbYFcVbq9AVQFbUAdR0tgyDL12thMjF8?width=600&height=600
23-10-2025,3623.600098,3650,3600,3632.100098,3724956,20,Mahindra & Mahindra,M&M.NS,Stock,Automobile,https://1drv.ms/i/c/8705623eb284e7df/IQTKhiFr0T0YRZJzbYFcVbq9AVQFbUAdR0tgyDL12thMjF8?width=600&height=600
24-10-2025,3625,3655.300049,3615.100098,3630,1654500,20,Mahindra & Mahindra,M&M.NS,Stock,Automobile,https://1drv.ms/i/c/8705623eb284e7df/IQTKhiFr0T0YRZJzbYFcVbq9AVQFbUAdR0tgyDL12thMjF8?width=600&height=600
27-10-2025,3611.600098,3635.300049,3593,3626.800049,1440893,20,Mahindra & Mahindra,M&M.NS,Stock,Automobile,https://1drv.ms/i/c/8705623eb284e7df/IQTKhiFr0T0YRZJzbYFcVbq9AVQFbUAdR0tgyDL12thMjF8?width=600&height=600
28-10-2025,3579.100098,3624.899902,3562,3605,2851093,20,Mahindra & Mahindra,M&M.NS,Stock,Automobile,https://1drv.ms/i/c/8705623eb284e7df/IQTKhiFr0T0YRZJzbYFcVbq9AVQFbUAdR0tgyDL12thMjF8?width=600&height=600
29-10-2025,3534.699951,3583.5,3522.100098,3580,2526473,20,Mahindra & Mahindra,M&M.NS,Stock,Automobile,https://1drv.ms/i/c/8705623eb284e7df/IQTKhiFr0T0YRZJzbYFcVbq9AVQFbUAdR0tgyDL12thMjF8?width=600&height=600
30-10-2025,3502.100098,3550,3496,3540,2103351,20,Mahindra & Mahindra,M&M.NS,Stock,Automobile,https://1drv.ms/i/c/8705623eb284e7df/IQTKhiFr0T0YRZJzbYFcVbq9AVQFbUAdR0tgyDL12thMjF8?width=600&height=600
31-10-2025,3487.199951,3526.699951,3483.699951,3516.100098,1915577,20,Mahindra & Mahindra,M&M.NS,Stock,Automobile,https://1drv.ms/i/c/8705623eb284e7df/IQTKhiFr0T0YRZJzbYFcVbq9AVQFbUAdR0tgyDL12thMjF8?width=600&height=600
03-11-2025,3548.899902,3590,3511,3511,1776510,20,Mahindra & Mahindra,M&M.NS,Stock,Automobile,https://1drv.ms/i/c/8705623eb284e7df/IQTKhiFr0T0YRZJzbYFcVbq9AVQFbUAdR0tgyDL12thMjF8?width=600&height=600
04-11-2025,3581.199951,3632.800049,3537.199951,3548.600098,3494428,20,Mahindra & Mahindra,M&M.NS,Stock,Automobile,https://1drv.ms/i/c/8705623eb284e7df/IQTKhiFr0T0YRZJzbYFcVbq9AVQFbUAdR0tgyDL12thMjF8?width=600&height=600
06-11-2025,3618.5,3674.699951,3586.300049,3625,4535984,20,Mahindra & Mahindra,M&M.NS,Stock,Automobile,https://1drv.ms/i/c/8705623eb284e7df/IQTKhiFr0T0YRZJzbYFcVbq9AVQFbUAdR0tgyDL12thMjF8?width=600&height=600
07-11-2025,3690.199951,3718,3566.800049,3615.600098,2595934,20,Mahindra & Mahindra,M&M.NS,Stock,Automobile,https://1drv.ms/i/c/8705623eb284e7df/IQTKhiFr0T0YRZJzbYFcVbq9AVQFbUAdR0tgyDL12thMjF8?width=600&height=600
10-11-2025,3663.899902,3715.800049,3645.100098,3690.199951,1620889,20,Mahindra & Mahindra,M&M.NS,Stock,Automobile,https://1drv.ms/i/c/8705623eb284e7df/IQTKhiFr0T0YRZJzbYFcVbq9AVQFbUAdR0tgyDL12thMjF8?width=600&height=600
11-11-2025,3749.100098,3759,3670,3699.899902,3044040,20,Mahindra & Mahindra,M&M.NS,Stock,Automobile,https://1drv.ms/i/c/8705623eb284e7df/IQTKhiFr0T0YRZJzbYFcVbq9AVQFbUAdR0tgyDL12thMjF8?width=600&height=600
12-11-2025,3754.300049,3781,3740,3761,1984901,20,Mahindra & Mahindra,M&M.NS,Stock,Automobile,https://1drv.ms/i/c/8705623eb284e7df/IQTKhiFr0T0YRZJzbYFcVbq9AVQFbUAdR0tgyDL12thMjF8?width=600&height=600
13-11-2025,3699.5,3754.100098,3690.199951,3748.199951,1599079,20,Mahindra & Mahindra,M&M.NS,Stock,Automobile,https://1drv.ms/i/c/8705623eb284e7df/IQTKhiFr0T0YRZJzbYFcVbq9AVQFbUAdR0tgyDL12thMjF8?width=600&height=600
14-11-2025,3698.600098,3716.800049,3660.5,3700,1847028,20,Mahindra & Mahindra,M&M.NS,Stock,Automobile,https://1drv.ms/i/c/8705623eb284e7df/IQTKhiFr0T0YRZJzbYFcVbq9AVQFbUAdR0tgyDL12thMjF8?width=600&height=600
17-11-2025,3734.899902,3754.5,3682.300049,3710,2094008,20,Mahindra & Mahindra,M&M.NS,Stock,Automobile,https://1drv.ms/i/c/8705623eb284e7df/IQTKhiFr0T0YRZJzbYFcVbq9AVQFbUAdR0tgyDL12thMjF8?width=600&height=600
18-11-2025,3694.800049,3732.699951,3688,3718.5,2613743,20,Mahindra & Mahindra,M&M.NS,Stock,Automobile,https://1drv.ms/i/c/8705623eb284e7df/IQTKhiFr0T0YRZJzbYFcVbq9AVQFbUAdR0tgyDL12thMjF8?width=600&height=600
19-11-2025,3722.5,3746.5,3667.800049,3695,1626043,20,Mahindra & Mahindra,M&M.NS,Stock,Automobile,https://1drv.ms/i/c/8705623eb284e7df/IQTKhiFr0T0YRZJzbYFcVbq9AVQFbUAdR0tgyDL12thMjF8?width=600&height=600
20-11-2025,3716.699951,3759,3711.100098,3744.800049,1815617,20,Mahindra & Mahindra,M&M.NS,Stock,Automobile,https://1drv.ms/i/c/8705623eb284e7df/IQTKhiFr0T0YRZJzbYFcVbq9AVQFbUAdR0tgyDL12thMjF8?width=600&height=600
21-11-2025,3749.600098,3779,3726,3730,3184145,20,Mahindra & Mahindra,M&M.NS,Stock,Automobile,https://1drv.ms/i/c/8705623eb284e7df/IQTKhiFr0T0YRZJzbYFcVbq9AVQFbUAdR0tgyDL12thMjF8?width=600&height=600
24-11-2025,3690.800049,3749.5,3677.199951,3745.100098,4059935,20,Mahindra & Mahindra,M&M.NS,Stock,Automobile,https://1drv.ms/i/c/8705623eb284e7df/IQTKhiFr0T0YRZJzbYFcVbq9AVQFbUAdR0tgyDL12thMjF8?width=600&height=600
25-11-2025,3669.300049,3695.800049,3653,3687,1714176,20,Mahindra & Mahindra,M&M.NS,Stock,Automobile,https://1drv.ms/i/c/8705623eb284e7df/IQTKhiFr0T0YRZJzbYFcVbq9AVQFbUAdR0tgyDL12thMjF8?width=600&height=600
26-11-2025,3686.399902,3708,3669.300049,3681,2116524,20,Mahindra & Mahindra,M&M.NS,Stock,Automobile,https://1drv.ms/i/c/8705623eb284e7df/IQTKhiFr0T0YRZJzbYFcVbq9AVQFbUAdR0tgyDL12thMjF8?width=600&height=600
27-11-2025,3681.199951,3717.600098,3665,3701.5,1993274,20,Mahindra & Mahindra,M&M.NS,Stock,Automobile,https://1drv.ms/i/c/8705623eb284e7df/IQTKhiFr0T0YRZJzbYFcVbq9AVQFbUAdR0tgyDL12thMjF8?width=600&height=600
28-11-2025,3757.300049,3768.899902,3690.100098,3692,2944457,20,Mahindra & Mahindra,M&M.NS,Stock,Automobile,https://1drv.ms/i/c/8705623eb284e7df/IQTKhiFr0T0YRZJzbYFcVbq9AVQFbUAdR0tgyDL12thMjF8?width=600&height=600
01-12-2025,3741.600098,3795,3730,3790,1830158,20,Mahindra & Mahindra,M&M.NS,Stock,Automobile,https://1drv.ms/i/c/8705623eb284e7df/IQTKhiFr0T0YRZJzbYFcVbq9AVQFbUAdR0tgyDL12thMjF8?width=600&height=600
02-12-2025,3716.5,3748,3705.5,3722.800049,2285922,20,Mahindra & Mahindra,M&M.NS,Stock,Automobile,https://1drv.ms/i/c/8705623eb284e7df/IQTKhiFr0T0YRZJzbYFcVbq9AVQFbUAdR0tgyDL12thMjF8?width=600&height=600
03-12-2025,3649.399902,3740,3640,3736,2002476,20,Mahindra & Mahindra,M&M.NS,Stock,Automobile,https://1drv.ms/i/c/8705623eb284e7df/IQTKhiFr0T0YRZJzbYFcVbq9AVQFbUAdR0tgyDL12thMjF8?width=600&height=600
04-12-2025,3671.600098,3678.199951,3620.199951,3675,1984001,20,Mahindra & Mahindra,M&M.NS,Stock,Automobile,https://1drv.ms/i/c/8705623eb284e7df/IQTKhiFr0T0YRZJzbYFcVbq9AVQFbUAdR0tgyDL12thMjF8?width=600&height=600
05-12-2025,3717.100098,3721.5,3642.5,3659.300049,2393280,20,Mahindra & Mahindra,M&M.NS,Stock,Automobile,https://1drv.ms/i/c/8705623eb284e7df/IQTKhiFr0T0YRZJzbYFcVbq9AVQFbUAdR0tgyDL12thMjF8?width=600&height=600
08-12-2025,3681.699951,3725,3671.600098,3720,1500195,20,Mahindra & Mahindra,M&M.NS,Stock,Automobile,https://1drv.ms/i/c/8705623eb284e7df/IQTKhiFr0T0YRZJzbYFcVbq9AVQFbUAdR0tgyDL12thMjF8?width=600&height=600
09-12-2025,3635.899902,3674.399902,3604.5,3658,3901255,20,Mahindra & Mahindra,M&M.NS,Stock,Automobile,https://1drv.ms/i/c/8705623eb284e7df/IQTKhiFr0T0YRZJzbYFcVbq9AVQFbUAdR0tgyDL12thMjF8?width=600&height=600
10-12-2025,3630,3694.899902,3626.199951,3660,1593915,20,Mahindra & Mahindra,M&M.NS,Stock,Automobile,https://1drv.ms/i/c/8705623eb284e7df/IQTKhiFr0T0YRZJzbYFcVbq9AVQFbUAdR0tgyDL12thMjF8?width=600&height=600
11-12-2025,3665.199951,3669.100098,3615.899902,3623.399902,981456,20,Mahindra & Mahindra,M&M.NS,Stock,Automobile,https://1drv.ms/i/c/8705623eb284e7df/IQTKhiFr0T0YRZJzbYFcVbq9AVQFbUAdR0tgyDL12thMjF8?width=600&height=600
12-12-2025,3679.600098,3695,3661.300049,3665.399902,1078982,20,Mahindra & Mahindra,M&M.NS,Stock,Automobile,https://1drv.ms/i/c/8705623eb284e7df/IQTKhiFr0T0YRZJzbYFcVbq9AVQFbUAdR0tgyDL12thMjF8?width=600&height=600
15-12-2025,3608,3665.399902,3603.600098,3632,1704069,20,Mahindra & Mahindra,M&M.NS,Stock,Automobile,https://1drv.ms/i/c/8705623eb284e7df/IQTKhiFr0T0YRZJzbYFcVbq9AVQFbUAdR0tgyDL12thMjF8?width=600&height=600
16-12-2025,3621,3633.5,3577.899902,3581,1394406,20,Mahindra & Mahindra,M&M.NS,Stock,Automobile,https://1drv.ms/i/c/8705623eb284e7df/IQTKhiFr0T0YRZJzbYFcVbq9AVQFbUAdR0tgyDL12thMjF8?width=600&height=600
17-12-2025,3612.800049,3647.899902,3594,3647.899902,1209367,20,Mahindra & Mahindra,M&M.NS,Stock,Automobile,https://1drv.ms/i/c/8705623eb284e7df/IQTKhiFr0T0YRZJzbYFcVbq9AVQFbUAdR0tgyDL12thMjF8?width=600&height=600
18-12-2025,3586.600098,3611.899902,3540.100098,3600,2446168,20,Mahindra & Mahindra,M&M.NS,Stock,Automobile,https://1drv.ms/i/c/8705623eb284e7df/IQTKhiFr0T0YRZJzbYFcVbq9AVQFbUAdR0tgyDL12thMjF8?width=600&height=600
19-12-2025,3603.600098,3615,3560,3571,1647819,20,Mahindra & Mahindra,M&M.NS,Stock,Automobile,https://1drv.ms/i/c/8705623eb284e7df/IQTKhiFr0T0YRZJzbYFcVbq9AVQFbUAdR0tgyDL12thMjF8?width=600&height=600
22-12-2025,3616.699951,3625,3576.899902,3600,1400786,20,Mahindra & Mahindra,M&M.NS,Stock,Automobile,https://1drv.ms/i/c/8705623eb284e7df/IQTKhiFr0T0YRZJzbYFcVbq9AVQFbUAdR0tgyDL12thMjF8?width=600&height=600
23-12-2025,3625.100098,3637.5,3605,3619.199951,1413628,20,Mahindra & Mahindra,M&M.NS,Stock,Automobile,https://1drv.ms/i/c/8705623eb284e7df/IQTKhiFr0T0YRZJzbYFcVbq9AVQFbUAdR0tgyDL12thMjF8?width=600&height=600
24-12-2025,3636.699951,3658,3612.100098,3624.600098,842897,20,Mahindra & Mahindra,M&M.NS,Stock,Automobile,https://1drv.ms/i/c/8705623eb284e7df/IQTKhiFr0T0YRZJzbYFcVbq9AVQFbUAdR0tgyDL12thMjF8?width=600&height=600
26-12-2025,3623.100098,3647,3614.600098,3636.699951,829910,20,Mahindra & Mahindra,M&M.NS,Stock,Automobile,https://1drv.ms/i/c/8705623eb284e7df/IQTKhiFr0T0YRZJzbYFcVbq9AVQFbUAdR0tgyDL12thMjF8?width=600&height=600
29-12-2025,3592.100098,3640.199951,3588.100098,3622.699951,1034692,20,Mahindra & Mahindra,M&M.NS,Stock,Automobile,https://1drv.ms/i/c/8705623eb284e7df/IQTKhiFr0T0YRZJzbYFcVbq9AVQFbUAdR0tgyDL12thMjF8?width=600&height=600
30-12-2025,3660.300049,3666,3575.199951,3590,2063179,20,Mahindra & Mahindra,M&M.NS,Stock,Automobile,https://1drv.ms/i/c/8705623eb284e7df/IQTKhiFr0T0YRZJzbYFcVbq9AVQFbUAdR0tgyDL12thMjF8?width=600&height=600
31-12-2025,3709.199951,3723.600098,3640.399902,3653,1868363,20,Mahindra & Mahindra,M&M.NS,Stock,Automobile,https://1drv.ms/i/c/8705623eb284e7df/IQTKhiFr0T0YRZJzbYFcVbq9AVQFbUAdR0tgyDL12thMjF8?width=600&height=600
