Date,Close,High,Low,Open,Volume,AssetID,AssetName,Ticker,AssetType,Sector,Logo
01-01-2021,7371.631836,7426.454661,7332.048545,7335.882296,767574,15,Maruti Suzuki,MARUTI.NS,Stock,Automobile,https://1drv.ms/i/c/8705623eb284e7df/IQRy4-ATL2CUSpb-yw5vRsY1AT3UCJI_xDLALKd77EjVf3c?width=1024&height=727
04-01-2021,7382.174805,7432.876535,7324.956353,7417.349657,598645,15,Maruti Suzuki,MARUTI.NS,Stock,Automobile,https://1drv.ms/i/c/8705623eb284e7df/IQRy4-ATL2CUSpb-yw5vRsY1AT3UCJI_xDLALKd77EjVf3c?width=1024&height=727
05-01-2021,7337.271484,7354.091877,7270.707804,7341.632188,562668,15,Maruti Suzuki,MARUTI.NS,Stock,Automobile,https://1drv.ms/i/c/8705623eb284e7df/IQRy4-ATL2CUSpb-yw5vRsY1AT3UCJI_xDLALKd77EjVf3c?width=1024&height=727
06-01-2021,7311.537598,7426.933398,7241.475711,7335.881821,840678,15,Maruti Suzuki,MARUTI.NS,Stock,Automobile,https://1drv.ms/i/c/8705623eb284e7df/IQRy4-ATL2CUSpb-yw5vRsY1AT3UCJI_xDLALKd77EjVf3c?width=1024&height=727
07-01-2021,7251.586914,7384.186855,7238.21699,7356.96732,642968,15,Maruti Suzuki,MARUTI.NS,Stock,Automobile,https://1drv.ms/i/c/8705623eb284e7df/IQRy4-ATL2CUSpb-yw5vRsY1AT3UCJI_xDLALKd77EjVf3c?width=1024&height=727
08-01-2021,7681.782227,7725.00786,7284.126519,7284.126519,2557157,15,Maruti Suzuki,MARUTI.NS,Stock,Automobile,https://1drv.ms/i/c/8705623eb284e7df/IQRy4-ATL2CUSpb-yw5vRsY1AT3UCJI_xDLALKd77EjVf3c?width=1024&height=727
11-01-2021,7890.577637,7943.531317,7554.788909,7762.3866,2182019,15,Maruti Suzuki,MARUTI.NS,Stock,Automobile,https://1drv.ms/i/c/8705623eb284e7df/IQRy4-ATL2CUSpb-yw5vRsY1AT3UCJI_xDLALKd77EjVf3c?width=1024&height=727
12-01-2021,7847.73584,7982.827825,7801.683094,7821.810287,1514072,15,Maruti Suzuki,MARUTI.NS,Stock,Automobile,https://1drv.ms/i/c/8705623eb284e7df/IQRy4-ATL2CUSpb-yw5vRsY1AT3UCJI_xDLALKd77EjVf3c?width=1024&height=727
13-01-2021,7801.539551,7907.111375,7773.888528,7847.688234,877225,15,Maruti Suzuki,MARUTI.NS,Stock,Automobile,https://1drv.ms/i/c/8705623eb284e7df/IQRy4-ATL2CUSpb-yw5vRsY1AT3UCJI_xDLALKd77EjVf3c?width=1024&height=727
14-01-2021,7810.740234,7840.020319,7689.977085,7825.451879,718274,15,Maruti Suzuki,MARUTI.NS,Stock,Automobile,https://1drv.ms/i/c/8705623eb284e7df/IQRy4-ATL2CUSpb-yw5vRsY1AT3UCJI_xDLALKd77EjVf3c?width=1024&height=727
15-01-2021,7691.222168,7877.877891,7667.548572,7818.119213,751177,15,Maruti Suzuki,MARUTI.NS,Stock,Automobile,https://1drv.ms/i/c/8705623eb284e7df/IQRy4-ATL2CUSpb-yw5vRsY1AT3UCJI_xDLALKd77EjVf3c?width=1024&height=727
18-01-2021,7505.189941,7690.456226,7423.099848,7678.044271,771183,15,Maruti Suzuki,MARUTI.NS,Stock,Automobile,https://1drv.ms/i/c/8705623eb284e7df/IQRy4-ATL2CUSpb-yw5vRsY1AT3UCJI_xDLALKd77EjVf3c?width=1024&height=727
19-01-2021,7593.318359,7658.204309,7509.359126,7571.657574,779892,15,Maruti Suzuki,MARUTI.NS,Stock,Automobile,https://1drv.ms/i/c/8705623eb284e7df/IQRy4-ATL2CUSpb-yw5vRsY1AT3UCJI_xDLALKd77EjVf3c?width=1024&height=727
20-01-2021,7806.427246,7830.435923,7533.559849,7554.405868,999226,15,Maruti Suzuki,MARUTI.NS,Stock,Automobile,https://1drv.ms/i/c/8705623eb284e7df/IQRy4-ATL2CUSpb-yw5vRsY1AT3UCJI_xDLALKd77EjVf3c?width=1024&height=727
21-01-2021,7741.061523,7923.404292,7688.060107,7863.981156,769494,15,Maruti Suzuki,MARUTI.NS,Stock,Automobile,https://1drv.ms/i/c/8705623eb284e7df/IQRy4-ATL2CUSpb-yw5vRsY1AT3UCJI_xDLALKd77EjVf3c?width=1024&height=727
22-01-2021,7714.321289,7962.700323,7667.501514,7748.968718,1172914,15,Maruti Suzuki,MARUTI.NS,Stock,Automobile,https://1drv.ms/i/c/8705623eb284e7df/IQRy4-ATL2CUSpb-yw5vRsY1AT3UCJI_xDLALKd77EjVf3c?width=1024&height=727
25-01-2021,7649.770508,7825.356482,7619.675658,7779.638816,753043,15,Maruti Suzuki,MARUTI.NS,Stock,Automobile,https://1drv.ms/i/c/8705623eb284e7df/IQRy4-ATL2CUSpb-yw5vRsY1AT3UCJI_xDLALKd77EjVf3c?width=1024&height=727
27-01-2021,7543.767578,7753.761382,7495.462409,7660.745186,1080785,15,Maruti Suzuki,MARUTI.NS,Stock,Automobile,https://1drv.ms/i/c/8705623eb284e7df/IQRy4-ATL2CUSpb-yw5vRsY1AT3UCJI_xDLALKd77EjVf3c?width=1024&height=727
28-01-2021,7273.10498,7652.69407,7247.70638,7514.152078,2085637,15,Maruti Suzuki,MARUTI.NS,Stock,Automobile,https://1drv.ms/i/c/8705623eb284e7df/IQRy4-ATL2CUSpb-yw5vRsY1AT3UCJI_xDLALKd77EjVf3c?width=1024&height=727
29-01-2021,6907.125,7365.59377,6871.998352,7365.59377,3069968,15,Maruti Suzuki,MARUTI.NS,Stock,Automobile,https://1drv.ms/i/c/8705623eb284e7df/IQRy4-ATL2CUSpb-yw5vRsY1AT3UCJI_xDLALKd77EjVf3c?width=1024&height=727
01-02-2021,7092.246582,7164.321279,6854.745925,6963.241252,1611478,15,Maruti Suzuki,MARUTI.NS,Stock,Automobile,https://1drv.ms/i/c/8705623eb284e7df/IQRy4-ATL2CUSpb-yw5vRsY1AT3UCJI_xDLALKd77EjVf3c?width=1024&height=727
02-02-2021,7336.553223,7446.821292,7178.842019,7221.732106,1700845,15,Maruti Suzuki,MARUTI.NS,Stock,Automobile,https://1drv.ms/i/c/8705623eb284e7df/IQRy4-ATL2CUSpb-yw5vRsY1AT3UCJI_xDLALKd77EjVf3c?width=1024&height=727
03-02-2021,7273.774902,7395.736088,7165.135906,7360.80085,1491567,15,Maruti Suzuki,MARUTI.NS,Stock,Automobile,https://1drv.ms/i/c/8705623eb284e7df/IQRy4-ATL2CUSpb-yw5vRsY1AT3UCJI_xDLALKd77EjVf3c?width=1024&height=727
04-02-2021,7322.464355,7442.269073,7216.125501,7284.126846,1198036,15,Maruti Suzuki,MARUTI.NS,Stock,Automobile,https://1drv.ms/i/c/8705623eb284e7df/IQRy4-ATL2CUSpb-yw5vRsY1AT3UCJI_xDLALKd77EjVf3c?width=1024&height=727
05-02-2021,7182.675781,7414.474032,7150.903665,7360.801521,1128089,15,Maruti Suzuki,MARUTI.NS,Stock,Automobile,https://1drv.ms/i/c/8705623eb284e7df/IQRy4-ATL2CUSpb-yw5vRsY1AT3UCJI_xDLALKd77EjVf3c?width=1024&height=727
08-02-2021,7259.782227,7320.547083,7163.84252,7202.659247,912372,15,Maruti Suzuki,MARUTI.NS,Stock,Automobile,https://1drv.ms/i/c/8705623eb284e7df/IQRy4-ATL2CUSpb-yw5vRsY1AT3UCJI_xDLALKd77EjVf3c?width=1024&height=727
09-02-2021,7310.052734,7360.802202,7259.207797,7265.916861,925127,15,Maruti Suzuki,MARUTI.NS,Stock,Automobile,https://1drv.ms/i/c/8705623eb284e7df/IQRy4-ATL2CUSpb-yw5vRsY1AT3UCJI_xDLALKd77EjVf3c?width=1024&height=727
10-02-2021,7304.924805,7355.91341,7194.08111,7289.110583,1015600,15,Maruti Suzuki,MARUTI.NS,Stock,Automobile,https://1drv.ms/i/c/8705623eb284e7df/IQRy4-ATL2CUSpb-yw5vRsY1AT3UCJI_xDLALKd77EjVf3c?width=1024&height=727
11-02-2021,7348.677734,7422.141894,7253.121304,7284.126859,818869,15,Maruti Suzuki,MARUTI.NS,Stock,Automobile,https://1drv.ms/i/c/8705623eb284e7df/IQRy4-ATL2CUSpb-yw5vRsY1AT3UCJI_xDLALKd77EjVf3c?width=1024&height=727
12-02-2021,7253.935059,7356.008664,7213.105523,7303.390533,756833,15,Maruti Suzuki,MARUTI.NS,Stock,Automobile,https://1drv.ms/i/c/8705623eb284e7df/IQRy4-ATL2CUSpb-yw5vRsY1AT3UCJI_xDLALKd77EjVf3c?width=1024&height=727
15-02-2021,7280.915039,7331.185279,7264.957146,7284.125899,470093,15,Maruti Suzuki,MARUTI.NS,Stock,Automobile,https://1drv.ms/i/c/8705623eb284e7df/IQRy4-ATL2CUSpb-yw5vRsY1AT3UCJI_xDLALKd77EjVf3c?width=1024&height=727
16-02-2021,7377.14209,7474.854992,7308.326456,7321.504973,1321126,15,Maruti Suzuki,MARUTI.NS,Stock,Automobile,https://1drv.ms/i/c/8705623eb284e7df/IQRy4-ATL2CUSpb-yw5vRsY1AT3UCJI_xDLALKd77EjVf3c?width=1024&height=727
17-02-2021,7191.349609,7371.823233,7160.775074,7360.753465,1023548,15,Maruti Suzuki,MARUTI.NS,Stock,Automobile,https://1drv.ms/i/c/8705623eb284e7df/IQRy4-ATL2CUSpb-yw5vRsY1AT3UCJI_xDLALKd77EjVf3c?width=1024&height=727
18-02-2021,7185.934082,7264.046751,7149.944935,7260.021594,821462,15,Maruti Suzuki,MARUTI.NS,Stock,Automobile,https://1drv.ms/i/c/8705623eb284e7df/IQRy4-ATL2CUSpb-yw5vRsY1AT3UCJI_xDLALKd77EjVf3c?width=1024&height=727
19-02-2021,7018.63916,7175.247784,6982.218528,7138.443871,1013887,15,Maruti Suzuki,MARUTI.NS,Stock,Automobile,https://1drv.ms/i/c/8705623eb284e7df/IQRy4-ATL2CUSpb-yw5vRsY1AT3UCJI_xDLALKd77EjVf3c?width=1024&height=727
22-02-2021,6791.92041,7020.555516,6762.735798,7018.63864,1502068,15,Maruti Suzuki,MARUTI.NS,Stock,Automobile,https://1drv.ms/i/c/8705623eb284e7df/IQRy4-ATL2CUSpb-yw5vRsY1AT3UCJI_xDLALKd77EjVf3c?width=1024&height=727
23-02-2021,6680.789551,6826.3284,6649.640328,6822.925665,1589884,15,Maruti Suzuki,MARUTI.NS,Stock,Automobile,https://1drv.ms/i/c/8705623eb284e7df/IQRy4-ATL2CUSpb-yw5vRsY1AT3UCJI_xDLALKd77EjVf3c?width=1024&height=727
24-02-2021,6663.970215,6743.568286,6591.655896,6618.012936,1225254,15,Maruti Suzuki,MARUTI.NS,Stock,Automobile,https://1drv.ms/i/c/8705623eb284e7df/IQRy4-ATL2CUSpb-yw5vRsY1AT3UCJI_xDLALKd77EjVf3c?width=1024&height=727
25-02-2021,6642.308594,6775.195883,6627.596482,6771.362132,1740066,15,Maruti Suzuki,MARUTI.NS,Stock,Automobile,https://1drv.ms/i/c/8705623eb284e7df/IQRy4-ATL2CUSpb-yw5vRsY1AT3UCJI_xDLALKd77EjVf3c?width=1024&height=727
26-02-2021,6580.776367,6780.946158,6538.653315,6613.219574,2687534,15,Maruti Suzuki,MARUTI.NS,Stock,Automobile,https://1drv.ms/i/c/8705623eb284e7df/IQRy4-ATL2CUSpb-yw5vRsY1AT3UCJI_xDLALKd77EjVf3c?width=1024&height=727
01-03-2021,6723.44043,6740.548636,6629.56127,6687.019797,1417600,15,Maruti Suzuki,MARUTI.NS,Stock,Automobile,https://1drv.ms/i/c/8705623eb284e7df/IQRy4-ATL2CUSpb-yw5vRsY1AT3UCJI_xDLALKd77EjVf3c?width=1024&height=727
02-03-2021,6914.265625,6934.29688,6737.817148,6766.570279,1395296,15,Maruti Suzuki,MARUTI.NS,Stock,Automobile,https://1drv.ms/i/c/8705623eb284e7df/IQRy4-ATL2CUSpb-yw5vRsY1AT3UCJI_xDLALKd77EjVf3c?width=1024&height=727
03-03-2021,6828.581055,6960.461704,6806.057769,6944.456075,796258,15,Maruti Suzuki,MARUTI.NS,Stock,Automobile,https://1drv.ms/i/c/8705623eb284e7df/IQRy4-ATL2CUSpb-yw5vRsY1AT3UCJI_xDLALKd77EjVf3c?width=1024&height=727
04-03-2021,6835.193848,6876.981822,6719.606177,6785.738373,906310,15,Maruti Suzuki,MARUTI.NS,Stock,Automobile,https://1drv.ms/i/c/8705623eb284e7df/IQRy4-ATL2CUSpb-yw5vRsY1AT3UCJI_xDLALKd77EjVf3c?width=1024&height=727
05-03-2021,6947.714844,7010.971732,6776.154497,6833.660758,1821165,15,Maruti Suzuki,MARUTI.NS,Stock,Automobile,https://1drv.ms/i/c/8705623eb284e7df/IQRy4-ATL2CUSpb-yw5vRsY1AT3UCJI_xDLALKd77EjVf3c?width=1024&height=727
08-03-2021,6957.77832,7033.782241,6916.086281,6962.95379,977572,15,Maruti Suzuki,MARUTI.NS,Stock,Automobile,https://1drv.ms/i/c/8705623eb284e7df/IQRy4-ATL2CUSpb-yw5vRsY1AT3UCJI_xDLALKd77EjVf3c?width=1024&height=727
09-03-2021,6998.080566,7024.77315,6954.423917,7024.77315,678485,15,Maruti Suzuki,MARUTI.NS,Stock,Automobile,https://1drv.ms/i/c/8705623eb284e7df/IQRy4-ATL2CUSpb-yw5vRsY1AT3UCJI_xDLALKd77EjVf3c?width=1024&height=727
10-03-2021,6969.85498,7079.97938,6949.631851,7015.764053,659270,15,Maruti Suzuki,MARUTI.NS,Stock,Automobile,https://1drv.ms/i/c/8705623eb284e7df/IQRy4-ATL2CUSpb-yw5vRsY1AT3UCJI_xDLALKd77EjVf3c?width=1024&height=727
12-03-2021,6801.265625,7009.054726,6767.911713,6996.595036,946720,15,Maruti Suzuki,MARUTI.NS,Stock,Automobile,https://1drv.ms/i/c/8705623eb284e7df/IQRy4-ATL2CUSpb-yw5vRsY1AT3UCJI_xDLALKd77EjVf3c?width=1024&height=727
15-03-2021,6794.652344,6865.241656,6719.606857,6848.037512,700250,15,Maruti Suzuki,MARUTI.NS,Stock,Automobile,https://1drv.ms/i/c/8705623eb284e7df/IQRy4-ATL2CUSpb-yw5vRsY1AT3UCJI_xDLALKd77EjVf3c?width=1024&height=727
16-03-2021,6853.116699,6900.751239,6804.907472,6804.907472,796357,15,Maruti Suzuki,MARUTI.NS,Stock,Automobile,https://1drv.ms/i/c/8705623eb284e7df/IQRy4-ATL2CUSpb-yw5vRsY1AT3UCJI_xDLALKd77EjVf3c?width=1024&height=727
17-03-2021,6771.026855,6871.950627,6750.755992,6862.413984,688581,15,Maruti Suzuki,MARUTI.NS,Stock,Automobile,https://1drv.ms/i/c/8705623eb284e7df/IQRy4-ATL2CUSpb-yw5vRsY1AT3UCJI_xDLALKd77EjVf3c?width=1024&height=727
18-03-2021,6818.085938,6941.005568,6766.569913,6828.868361,984545,15,Maruti Suzuki,MARUTI.NS,Stock,Automobile,https://1drv.ms/i/c/8705623eb284e7df/IQRy4-ATL2CUSpb-yw5vRsY1AT3UCJI_xDLALKd77EjVf3c?width=1024&height=727
19-03-2021,6817.894531,6852.782039,6618.491749,6766.522643,838756,15,Maruti Suzuki,MARUTI.NS,Stock,Automobile,https://1drv.ms/i/c/8705623eb284e7df/IQRy4-ATL2CUSpb-yw5vRsY1AT3UCJI_xDLALKd77EjVf3c?width=1024&height=727
22-03-2021,6806.105957,6845.641514,6757.177898,6808.741661,533767,15,Maruti Suzuki,MARUTI.NS,Stock,Automobile,https://1drv.ms/i/c/8705623eb284e7df/IQRy4-ATL2CUSpb-yw5vRsY1AT3UCJI_xDLALKd77EjVf3c?width=1024&height=727
23-03-2021,6887.572754,6924.712214,6833.660635,6841.328136,757590,15,Maruti Suzuki,MARUTI.NS,Stock,Automobile,https://1drv.ms/i/c/8705623eb284e7df/IQRy4-ATL2CUSpb-yw5vRsY1AT3UCJI_xDLALKd77EjVf3c?width=1024&height=727
24-03-2021,6772.512695,6860.880371,6756.938083,6839.41146,457147,15,Maruti Suzuki,MARUTI.NS,Stock,Automobile,https://1drv.ms/i/c/8705623eb284e7df/IQRy4-ATL2CUSpb-yw5vRsY1AT3UCJI_xDLALKd77EjVf3c?width=1024&height=727
25-03-2021,6504.773438,6765.612182,6474.486711,6756.986242,1338767,15,Maruti Suzuki,MARUTI.NS,Stock,Automobile,https://1drv.ms/i/c/8705623eb284e7df/IQRy4-ATL2CUSpb-yw5vRsY1AT3UCJI_xDLALKd77EjVf3c?width=1024&height=727
26-03-2021,6502.472656,6612.21377,6489.581482,6602.677128,911299,15,Maruti Suzuki,MARUTI.NS,Stock,Automobile,https://1drv.ms/i/c/8705623eb284e7df/IQRy4-ATL2CUSpb-yw5vRsY1AT3UCJI_xDLALKd77EjVf3c?width=1024&height=727
30-03-2021,6567.022949,6589.25889,6459.869806,6527.91888,1088817,15,Maruti Suzuki,MARUTI.NS,Stock,Automobile,https://1drv.ms/i/c/8705623eb284e7df/IQRy4-ATL2CUSpb-yw5vRsY1AT3UCJI_xDLALKd77EjVf3c?width=1024&height=727
31-03-2021,6574.116211,6651.461854,6512.776197,6567.502616,735382,15,Maruti Suzuki,MARUTI.NS,Stock,Automobile,https://1drv.ms/i/c/8705623eb284e7df/IQRy4-ATL2CUSpb-yw5vRsY1AT3UCJI_xDLALKd77EjVf3c?width=1024&height=727
01-04-2021,6636.126953,6700.917438,6570.090687,6661.142272,660759,15,Maruti Suzuki,MARUTI.NS,Stock,Automobile,https://1drv.ms/i/c/8705623eb284e7df/IQRy4-ATL2CUSpb-yw5vRsY1AT3UCJI_xDLALKd77EjVf3c?width=1024&height=727
05-04-2021,6487.233398,6621.366944,6445.110342,6621.366944,668129,15,Maruti Suzuki,MARUTI.NS,Stock,Automobile,https://1drv.ms/i/c/8705623eb284e7df/IQRy4-ATL2CUSpb-yw5vRsY1AT3UCJI_xDLALKd77EjVf3c?width=1024&height=727
06-04-2021,6470.699707,6562.37464,6440.700797,6534.867293,628262,15,Maruti Suzuki,MARUTI.NS,Stock,Automobile,https://1drv.ms/i/c/8705623eb284e7df/IQRy4-ATL2CUSpb-yw5vRsY1AT3UCJI_xDLALKd77EjVf3c?width=1024&height=727
07-04-2021,6579.674316,6598.843069,6493.462665,6507.791494,598115,15,Maruti Suzuki,MARUTI.NS,Stock,Automobile,https://1drv.ms/i/c/8705623eb284e7df/IQRy4-ATL2CUSpb-yw5vRsY1AT3UCJI_xDLALKd77EjVf3c?width=1024&height=727
08-04-2021,6543.110352,6650.886388,6523.941598,6595.009658,604553,15,Maruti Suzuki,MARUTI.NS,Stock,Automobile,https://1drv.ms/i/c/8705623eb284e7df/IQRy4-ATL2CUSpb-yw5vRsY1AT3UCJI_xDLALKd77EjVf3c?width=1024&height=727
09-04-2021,6543.350098,6589.498779,6496.290713,6565.298227,641327,15,Maruti Suzuki,MARUTI.NS,Stock,Automobile,https://1drv.ms/i/c/8705623eb284e7df/IQRy4-ATL2CUSpb-yw5vRsY1AT3UCJI_xDLALKd77EjVf3c?width=1024&height=727
12-04-2021,6249.588867,6459.72633,6231.905505,6459.72633,1020746,15,Maruti Suzuki,MARUTI.NS,Stock,Automobile,https://1drv.ms/i/c/8705623eb284e7df/IQRy4-ATL2CUSpb-yw5vRsY1AT3UCJI_xDLALKd77EjVf3c?width=1024&height=727
13-04-2021,6532.519531,6560.889381,6199.941647,6249.013845,995718,15,Maruti Suzuki,MARUTI.NS,Stock,Automobile,https://1drv.ms/i/c/8705623eb284e7df/IQRy4-ATL2CUSpb-yw5vRsY1AT3UCJI_xDLALKd77EjVf3c?width=1024&height=727
15-04-2021,6368.099609,6562.279179,6278.725295,6562.039569,1267365,15,Maruti Suzuki,MARUTI.NS,Stock,Automobile,https://1drv.ms/i/c/8705623eb284e7df/IQRy4-ATL2CUSpb-yw5vRsY1AT3UCJI_xDLALKd77EjVf3c?width=1024&height=727
16-04-2021,6371.790039,6502.8564,6331.487451,6397.571921,1000325,15,Maruti Suzuki,MARUTI.NS,Stock,Automobile,https://1drv.ms/i/c/8705623eb284e7df/IQRy4-ATL2CUSpb-yw5vRsY1AT3UCJI_xDLALKd77EjVf3c?width=1024&height=727
19-04-2021,6241.105957,6258.597443,6148.37712,6230.179862,772219,15,Maruti Suzuki,MARUTI.NS,Stock,Automobile,https://1drv.ms/i/c/8705623eb284e7df/IQRy4-ATL2CUSpb-yw5vRsY1AT3UCJI_xDLALKd77EjVf3c?width=1024&height=727
20-04-2021,6370.399902,6401.118112,6285.961447,6340.065442,914142,15,Maruti Suzuki,MARUTI.NS,Stock,Automobile,https://1drv.ms/i/c/8705623eb284e7df/IQRy4-ATL2CUSpb-yw5vRsY1AT3UCJI_xDLALKd77EjVf3c?width=1024&height=727
22-04-2021,6373.706543,6397.47561,6272.974649,6350.560366,667911,15,Maruti Suzuki,MARUTI.NS,Stock,Automobile,https://1drv.ms/i/c/8705623eb284e7df/IQRy4-ATL2CUSpb-yw5vRsY1AT3UCJI_xDLALKd77EjVf3c?width=1024&height=727
23-04-2021,6398.625488,6435.621274,6287.350787,6287.350787,709306,15,Maruti Suzuki,MARUTI.NS,Stock,Automobile,https://1drv.ms/i/c/8705623eb284e7df/IQRy4-ATL2CUSpb-yw5vRsY1AT3UCJI_xDLALKd77EjVf3c?width=1024&height=727
26-04-2021,6362.97168,6506.833266,6325.688548,6412.139812,937344,15,Maruti Suzuki,MARUTI.NS,Stock,Automobile,https://1drv.ms/i/c/8705623eb284e7df/IQRy4-ATL2CUSpb-yw5vRsY1AT3UCJI_xDLALKd77EjVf3c?width=1024&height=727
27-04-2021,6295.737793,6430.158684,6270.099584,6392.731878,1610651,15,Maruti Suzuki,MARUTI.NS,Stock,Automobile,https://1drv.ms/i/c/8705623eb284e7df/IQRy4-ATL2CUSpb-yw5vRsY1AT3UCJI_xDLALKd77EjVf3c?width=1024&height=727
28-04-2021,6300.577148,6373.610284,6272.974332,6295.737226,1406270,15,Maruti Suzuki,MARUTI.NS,Stock,Automobile,https://1drv.ms/i/c/8705623eb284e7df/IQRy4-ATL2CUSpb-yw5vRsY1AT3UCJI_xDLALKd77EjVf3c?width=1024&height=727
29-04-2021,6292.766113,6371.166594,6279.683533,6359.233858,757075,15,Maruti Suzuki,MARUTI.NS,Stock,Automobile,https://1drv.ms/i/c/8705623eb284e7df/IQRy4-ATL2CUSpb-yw5vRsY1AT3UCJI_xDLALKd77EjVf3c?width=1024&height=727
30-04-2021,6187.338379,6286.968167,6154.128605,6265.403318,849997,15,Maruti Suzuki,MARUTI.NS,Stock,Automobile,https://1drv.ms/i/c/8705623eb284e7df/IQRy4-ATL2CUSpb-yw5vRsY1AT3UCJI_xDLALKd77EjVf3c?width=1024&height=727
03-05-2021,6323.62793,6346.774105,6134.000947,6162.754077,834923,15,Maruti Suzuki,MARUTI.NS,Stock,Automobile,https://1drv.ms/i/c/8705623eb284e7df/IQRy4-ATL2CUSpb-yw5vRsY1AT3UCJI_xDLALKd77EjVf3c?width=1024&height=727
04-05-2021,6237.751953,6372.172836,6212.592964,6363.978381,507170,15,Maruti Suzuki,MARUTI.NS,Stock,Automobile,https://1drv.ms/i/c/8705623eb284e7df/IQRy4-ATL2CUSpb-yw5vRsY1AT3UCJI_xDLALKd77EjVf3c?width=1024&height=727
05-05-2021,6316.200195,6324.730197,6213.551427,6285.146908,499160,15,Maruti Suzuki,MARUTI.NS,Stock,Automobile,https://1drv.ms/i/c/8705623eb284e7df/IQRy4-ATL2CUSpb-yw5vRsY1AT3UCJI_xDLALKd77EjVf3c?width=1024&height=727
06-05-2021,6389.568848,6430.158779,6302.399216,6316.104689,520125,15,Maruti Suzuki,MARUTI.NS,Stock,Automobile,https://1drv.ms/i/c/8705623eb284e7df/IQRy4-ATL2CUSpb-yw5vRsY1AT3UCJI_xDLALKd77EjVf3c?width=1024&height=727
07-05-2021,6424.455566,6473.815107,6364.026257,6401.405327,605050,15,Maruti Suzuki,MARUTI.NS,Stock,Automobile,https://1drv.ms/i/c/8705623eb284e7df/IQRy4-ATL2CUSpb-yw5vRsY1AT3UCJI_xDLALKd77EjVf3c?width=1024&height=727
10-05-2021,6482.872559,6491.64217,6383.290976,6397.763479,541534,15,Maruti Suzuki,MARUTI.NS,Stock,Automobile,https://1drv.ms/i/c/8705623eb284e7df/IQRy4-ATL2CUSpb-yw5vRsY1AT3UCJI_xDLALKd77EjVf3c?width=1024&height=727
11-05-2021,6456.65918,6468.495979,6383.434634,6402.50745,406046,15,Maruti Suzuki,MARUTI.NS,Stock,Automobile,https://1drv.ms/i/c/8705623eb284e7df/IQRy4-ATL2CUSpb-yw5vRsY1AT3UCJI_xDLALKd77EjVf3c?width=1024&height=727
12-05-2021,6534.196289,6555.713401,6407.155568,6450.285262,770204,15,Maruti Suzuki,MARUTI.NS,Stock,Automobile,https://1drv.ms/i/c/8705623eb284e7df/IQRy4-ATL2CUSpb-yw5vRsY1AT3UCJI_xDLALKd77EjVf3c?width=1024&height=727
14-05-2021,6456.419434,6557.774217,6421.724271,6555.71367,647029,15,Maruti Suzuki,MARUTI.NS,Stock,Automobile,https://1drv.ms/i/c/8705623eb284e7df/IQRy4-ATL2CUSpb-yw5vRsY1AT3UCJI_xDLALKd77EjVf3c?width=1024&height=727
17-05-2021,6438.640625,6554.180099,6419.184059,6437.346641,995827,15,Maruti Suzuki,MARUTI.NS,Stock,Automobile,https://1drv.ms/i/c/8705623eb284e7df/IQRy4-ATL2CUSpb-yw5vRsY1AT3UCJI_xDLALKd77EjVf3c?width=1024&height=727
18-05-2021,6528.015137,6578.716398,6436.340664,6505.875132,805827,15,Maruti Suzuki,MARUTI.NS,Stock,Automobile,https://1drv.ms/i/c/8705623eb284e7df/IQRy4-ATL2CUSpb-yw5vRsY1AT3UCJI_xDLALKd77EjVf3c?width=1024&height=727
19-05-2021,6494.277832,6570.042612,6479.038766,6516.417836,432774,15,Maruti Suzuki,MARUTI.NS,Stock,Automobile,https://1drv.ms/i/c/8705623eb284e7df/IQRy4-ATL2CUSpb-yw5vRsY1AT3UCJI_xDLALKd77EjVf3c?width=1024&height=727
20-05-2021,6457.80957,6531.465601,6449.806522,6498.974189,470476,15,Maruti Suzuki,MARUTI.NS,Stock,Automobile,https://1drv.ms/i/c/8705623eb284e7df/IQRy4-ATL2CUSpb-yw5vRsY1AT3UCJI_xDLALKd77EjVf3c?width=1024&height=727
21-05-2021,6531.41748,6551.401,6463.943559,6498.207707,434363,15,Maruti Suzuki,MARUTI.NS,Stock,Automobile,https://1drv.ms/i/c/8705623eb284e7df/IQRy4-ATL2CUSpb-yw5vRsY1AT3UCJI_xDLALKd77EjVf3c?width=1024&height=727
24-05-2021,6586.000488,6675.518474,6519.293132,6519.293132,1027484,15,Maruti Suzuki,MARUTI.NS,Stock,Automobile,https://1drv.ms/i/c/8705623eb284e7df/IQRy4-ATL2CUSpb-yw5vRsY1AT3UCJI_xDLALKd77EjVf3c?width=1024&height=727
25-05-2021,6624.529297,6659.224928,6601.718668,6651.509692,438736,15,Maruti Suzuki,MARUTI.NS,Stock,Automobile,https://1drv.ms/i/c/8705623eb284e7df/IQRy4-ATL2CUSpb-yw5vRsY1AT3UCJI_xDLALKd77EjVf3c?width=1024&height=727
26-05-2021,6741.9375,6757.943595,6624.720767,6638.138894,691574,15,Maruti Suzuki,MARUTI.NS,Stock,Automobile,https://1drv.ms/i/c/8705623eb284e7df/IQRy4-ATL2CUSpb-yw5vRsY1AT3UCJI_xDLALKd77EjVf3c?width=1024&height=727
27-05-2021,6679.256836,6775.19655,6662.244566,6730.149975,922091,15,Maruti Suzuki,MARUTI.NS,Stock,Automobile,https://1drv.ms/i/c/8705623eb284e7df/IQRy4-ATL2CUSpb-yw5vRsY1AT3UCJI_xDLALKd77EjVf3c?width=1024&height=727
28-05-2021,6680.310547,6754.110247,6652.036636,6698.137581,393809,15,Maruti Suzuki,MARUTI.NS,Stock,Automobile,https://1drv.ms/i/c/8705623eb284e7df/IQRy4-ATL2CUSpb-yw5vRsY1AT3UCJI_xDLALKd77EjVf3c?width=1024&height=727
31-05-2021,6791.776855,6804.907639,6636.270339,6665.934173,718277,15,Maruti Suzuki,MARUTI.NS,Stock,Automobile,https://1drv.ms/i/c/8705623eb284e7df/IQRy4-ATL2CUSpb-yw5vRsY1AT3UCJI_xDLALKd77EjVf3c?width=1024&height=727
01-06-2021,6796.425293,6846.120381,6754.158097,6812.143577,642841,15,Maruti Suzuki,MARUTI.NS,Stock,Automobile,https://1drv.ms/i/c/8705623eb284e7df/IQRy4-ATL2CUSpb-yw5vRsY1AT3UCJI_xDLALKd77EjVf3c?width=1024&height=727
02-06-2021,6886.087402,6898.547092,6769.876833,6769.876833,598862,15,Maruti Suzuki,MARUTI.NS,Stock,Automobile,https://1drv.ms/i/c/8705623eb284e7df/IQRy4-ATL2CUSpb-yw5vRsY1AT3UCJI_xDLALKd77EjVf3c?width=1024&height=727
03-06-2021,6909.856445,6929.504418,6867.253703,6900.751287,401590,15,Maruti Suzuki,MARUTI.NS,Stock,Automobile,https://1drv.ms/i/c/8705623eb284e7df/IQRy4-ATL2CUSpb-yw5vRsY1AT3UCJI_xDLALKd77EjVf3c?width=1024&height=727
04-06-2021,6914.84082,6969.759115,6853.884088,6900.751599,575591,15,Maruti Suzuki,MARUTI.NS,Stock,Automobile,https://1drv.ms/i/c/8705623eb284e7df/IQRy4-ATL2CUSpb-yw5vRsY1AT3UCJI_xDLALKd77EjVf3c?width=1024&height=727
07-06-2021,6973.257324,7024.246398,6911.390356,6920.878796,520482,15,Maruti Suzuki,MARUTI.NS,Stock,Automobile,https://1drv.ms/i/c/8705623eb284e7df/IQRy4-ATL2CUSpb-yw5vRsY1AT3UCJI_xDLALKd77EjVf3c?width=1024&height=727
08-06-2021,7031.817871,7060.283658,6991.994971,7013.367945,538816,15,Maruti Suzuki,MARUTI.NS,Stock,Automobile,https://1drv.ms/i/c/8705623eb284e7df/IQRy4-ATL2CUSpb-yw5vRsY1AT3UCJI_xDLALKd77EjVf3c?width=1024&height=727
09-06-2021,6938.130371,7034.166014,6900.751302,7006.371321,443778,15,Maruti Suzuki,MARUTI.NS,Stock,Automobile,https://1drv.ms/i/c/8705623eb284e7df/IQRy4-ATL2CUSpb-yw5vRsY1AT3UCJI_xDLALKd77EjVf3c?width=1024&height=727
10-06-2021,6900.655273,6976.899271,6875.879566,6956.340596,278027,15,Maruti Suzuki,MARUTI.NS,Stock,Automobile,https://1drv.ms/i/c/8705623eb284e7df/IQRy4-ATL2CUSpb-yw5vRsY1AT3UCJI_xDLALKd77EjVf3c?width=1024&height=727
11-06-2021,6923.561523,6942.922151,6887.71605,6942.922151,253689,15,Maruti Suzuki,MARUTI.NS,Stock,Automobile,https://1drv.ms/i/c/8705623eb284e7df/IQRy4-ATL2CUSpb-yw5vRsY1AT3UCJI_xDLALKd77EjVf3c?width=1024&height=727
14-06-2021,6879.522461,6913.163719,6800.163535,6895.959575,322353,15,Maruti Suzuki,MARUTI.NS,Stock,Automobile,https://1drv.ms/i/c/8705623eb284e7df/IQRy4-ATL2CUSpb-yw5vRsY1AT3UCJI_xDLALKd77EjVf3c?width=1024&height=727
15-06-2021,6868.404297,6928.402592,6858.867654,6882.684925,207625,15,Maruti Suzuki,MARUTI.NS,Stock,Automobile,https://1drv.ms/i/c/8705623eb284e7df/IQRy4-ATL2CUSpb-yw5vRsY1AT3UCJI_xDLALKd77EjVf3c?width=1024&height=727
16-06-2021,6818.564941,6894.760733,6776.154076,6868.164089,283007,15,Maruti Suzuki,MARUTI.NS,Stock,Automobile,https://1drv.ms/i/c/8705623eb284e7df/IQRy4-ATL2CUSpb-yw5vRsY1AT3UCJI_xDLALKd77EjVf3c?width=1024&height=727
17-06-2021,6679.687988,6804.045282,6643.027746,6766.570274,595255,15,Maruti Suzuki,MARUTI.NS,Stock,Automobile,https://1drv.ms/i/c/8705623eb284e7df/IQRy4-ATL2CUSpb-yw5vRsY1AT3UCJI_xDLALKd77EjVf3c?width=1024&height=727
18-06-2021,6670.103027,6699.335375,6537.503087,6699.335375,797389,15,Maruti Suzuki,MARUTI.NS,Stock,Automobile,https://1drv.ms/i/c/8705623eb284e7df/IQRy4-ATL2CUSpb-yw5vRsY1AT3UCJI_xDLALKd77EjVf3c?width=1024&height=727
21-06-2021,6613.124023,6637.180903,6557.630576,6584.466831,443795,15,Maruti Suzuki,MARUTI.NS,Stock,Automobile,https://1drv.ms/i/c/8705623eb284e7df/IQRy4-ATL2CUSpb-yw5vRsY1AT3UCJI_xDLALKd77EjVf3c?width=1024&height=727
22-06-2021,6963.433594,6996.547899,6641.973663,6651.558041,1757310,15,Maruti Suzuki,MARUTI.NS,Stock,Automobile,https://1drv.ms/i/c/8705623eb284e7df/IQRy4-ATL2CUSpb-yw5vRsY1AT3UCJI_xDLALKd77EjVf3c?width=1024&height=727
23-06-2021,7123.779785,7168.155262,6939.136396,6964.103977,2227399,15,Maruti Suzuki,MARUTI.NS,Stock,Automobile,https://1drv.ms/i/c/8705623eb284e7df/IQRy4-ATL2CUSpb-yw5vRsY1AT3UCJI_xDLALKd77EjVf3c?width=1024&height=727
24-06-2021,7214.591797,7236.204379,7102.119043,7139.2103,1041762,15,Maruti Suzuki,MARUTI.NS,Stock,Automobile,https://1drv.ms/i/c/8705623eb284e7df/IQRy4-ATL2CUSpb-yw5vRsY1AT3UCJI_xDLALKd77EjVf3c?width=1024&height=727
25-06-2021,7331.089844,7346.424847,7226.620136,7226.620136,1216123,15,Maruti Suzuki,MARUTI.NS,Stock,Automobile,https://1drv.ms/i/c/8705623eb284e7df/IQRy4-ATL2CUSpb-yw5vRsY1AT3UCJI_xDLALKd77EjVf3c?width=1024&height=727
28-06-2021,7280.532227,7378.053261,7256.714957,7378.053261,433364,15,Maruti Suzuki,MARUTI.NS,Stock,Automobile,https://1drv.ms/i/c/8705623eb284e7df/IQRy4-ATL2CUSpb-yw5vRsY1AT3UCJI_xDLALKd77EjVf3c?width=1024&height=727
29-06-2021,7176.302246,7285.084925,7142.804661,7280.292736,480219,15,Maruti Suzuki,MARUTI.NS,Stock,Automobile,https://1drv.ms/i/c/8705623eb284e7df/IQRy4-ATL2CUSpb-yw5vRsY1AT3UCJI_xDLALKd77EjVf3c?width=1024&height=727
30-06-2021,7203.521973,7328.78997,7181.190561,7193.554314,729267,15,Maruti Suzuki,MARUTI.NS,Stock,Automobile,https://1drv.ms/i/c/8705623eb284e7df/IQRy4-ATL2CUSpb-yw5vRsY1AT3UCJI_xDLALKd77EjVf3c?width=1024&height=727
01-07-2021,7269.174805,7288.918715,7183.538303,7188.282756,584331,15,Maruti Suzuki,MARUTI.NS,Stock,Automobile,https://1drv.ms/i/c/8705623eb284e7df/IQRy4-ATL2CUSpb-yw5vRsY1AT3UCJI_xDLALKd77EjVf3c?width=1024&height=727
02-07-2021,7259.063477,7317.19263,7232.897847,7308.087471,434905,15,Maruti Suzuki,MARUTI.NS,Stock,Automobile,https://1drv.ms/i/c/8705623eb284e7df/IQRy4-ATL2CUSpb-yw5vRsY1AT3UCJI_xDLALKd77EjVf3c?width=1024&height=727
05-07-2021,7283.600098,7370.386451,7267.833609,7280.580644,484183,15,Maruti Suzuki,MARUTI.NS,Stock,Automobile,https://1drv.ms/i/c/8705623eb284e7df/IQRy4-ATL2CUSpb-yw5vRsY1AT3UCJI_xDLALKd77EjVf3c?width=1024&height=727
06-07-2021,7202.611328,7339.667914,7176.254292,7284.126264,425103,15,Maruti Suzuki,MARUTI.NS,Stock,Automobile,https://1drv.ms/i/c/8705623eb284e7df/IQRy4-ATL2CUSpb-yw5vRsY1AT3UCJI_xDLALKd77EjVf3c?width=1024&height=727
07-07-2021,7139.785156,7265.915641,7124.689764,7215.118447,395336,15,Maruti Suzuki,MARUTI.NS,Stock,Automobile,https://1drv.ms/i/c/8705623eb284e7df/IQRy4-ATL2CUSpb-yw5vRsY1AT3UCJI_xDLALKd77EjVf3c?width=1024&height=727
08-07-2021,7093.589844,7186.366433,7078.062965,7145.153609,391940,15,Maruti Suzuki,MARUTI.NS,Stock,Automobile,https://1drv.ms/i/c/8705623eb284e7df/IQRy4-ATL2CUSpb-yw5vRsY1AT3UCJI_xDLALKd77EjVf3c?width=1024&height=727
09-07-2021,7117.070801,7138.347836,7038.1911,7074.22845,400686,15,Maruti Suzuki,MARUTI.NS,Stock,Automobile,https://1drv.ms/i/c/8705623eb284e7df/IQRy4-ATL2CUSpb-yw5vRsY1AT3UCJI_xDLALKd77EjVf3c?width=1024&height=727
12-07-2021,7159.625488,7274.350199,7141.366969,7188.282682,496478,15,Maruti Suzuki,MARUTI.NS,Stock,Automobile,https://1drv.ms/i/c/8705623eb284e7df/IQRy4-ATL2CUSpb-yw5vRsY1AT3UCJI_xDLALKd77EjVf3c?width=1024&height=727
13-07-2021,7121.527832,7216.269495,7096.272904,7207.45168,350032,15,Maruti Suzuki,MARUTI.NS,Stock,Automobile,https://1drv.ms/i/c/8705623eb284e7df/IQRy4-ATL2CUSpb-yw5vRsY1AT3UCJI_xDLALKd77EjVf3c?width=1024&height=727
14-07-2021,7022.23291,7139.40191,7006.17908,7126.942221,460178,15,Maruti Suzuki,MARUTI.NS,Stock,Automobile,https://1drv.ms/i/c/8705623eb284e7df/IQRy4-ATL2CUSpb-yw5vRsY1AT3UCJI_xDLALKd77EjVf3c?width=1024&height=727
15-07-2021,7003.303711,7052.18403,6965.924644,7051.225592,430055,15,Maruti Suzuki,MARUTI.NS,Stock,Automobile,https://1drv.ms/i/c/8705623eb284e7df/IQRy4-ATL2CUSpb-yw5vRsY1AT3UCJI_xDLALKd77EjVf3c?width=1024&height=727
16-07-2021,6999.99707,7028.223246,6970.525113,7028.223246,281552,15,Maruti Suzuki,MARUTI.NS,Stock,Automobile,https://1drv.ms/i/c/8705623eb284e7df/IQRy4-ATL2CUSpb-yw5vRsY1AT3UCJI_xDLALKd77EjVf3c?width=1024&height=727
19-07-2021,6867.73291,6993.71973,6853.883767,6950.30269,386598,15,Maruti Suzuki,MARUTI.NS,Stock,Automobile,https://1drv.ms/i/c/8705623eb284e7df/IQRy4-ATL2CUSpb-yw5vRsY1AT3UCJI_xDLALKd77EjVf3c?width=1024&height=727
20-07-2021,6932.092285,6963.049635,6847.510161,6881.582433,413816,15,Maruti Suzuki,MARUTI.NS,Stock,Automobile,https://1drv.ms/i/c/8705623eb284e7df/IQRy4-ATL2CUSpb-yw5vRsY1AT3UCJI_xDLALKd77EjVf3c?width=1024&height=727
22-07-2021,6996.164063,7020.55649,6945.127253,6998.512422,439934,15,Maruti Suzuki,MARUTI.NS,Stock,Automobile,https://1drv.ms/i/c/8705623eb284e7df/IQRy4-ATL2CUSpb-yw5vRsY1AT3UCJI_xDLALKd77EjVf3c?width=1024&height=727
23-07-2021,6990.700684,7068.477807,6974.550915,6996.594982,436330,15,Maruti Suzuki,MARUTI.NS,Stock,Automobile,https://1drv.ms/i/c/8705623eb284e7df/IQRy4-ATL2CUSpb-yw5vRsY1AT3UCJI_xDLALKd77EjVf3c?width=1024&height=727
26-07-2021,6935.063965,7054.102125,6881.583323,7003.304923,431758,15,Maruti Suzuki,MARUTI.NS,Stock,Automobile,https://1drv.ms/i/c/8705623eb284e7df/IQRy4-ATL2CUSpb-yw5vRsY1AT3UCJI_xDLALKd77EjVf3c?width=1024&height=727
27-07-2021,6939.328613,7015.76402,6863.228753,6940.334786,417171,15,Maruti Suzuki,MARUTI.NS,Stock,Automobile,https://1drv.ms/i/c/8705623eb284e7df/IQRy4-ATL2CUSpb-yw5vRsY1AT3UCJI_xDLALKd77EjVf3c?width=1024&height=727
28-07-2021,6867.254395,7008.097013,6769.446007,6977.427004,739427,15,Maruti Suzuki,MARUTI.NS,Stock,Automobile,https://1drv.ms/i/c/8705623eb284e7df/IQRy4-ATL2CUSpb-yw5vRsY1AT3UCJI_xDLALKd77EjVf3c?width=1024&height=727
29-07-2021,6702.834473,6833.661227,6647.724301,6833.661227,1519226,15,Maruti Suzuki,MARUTI.NS,Stock,Automobile,https://1drv.ms/i/c/8705623eb284e7df/IQRy4-ATL2CUSpb-yw5vRsY1AT3UCJI_xDLALKd77EjVf3c?width=1024&height=727
30-07-2021,6687.691406,6800.115969,6675.423122,6709.064381,715546,15,Maruti Suzuki,MARUTI.NS,Stock,Automobile,https://1drv.ms/i/c/8705623eb284e7df/IQRy4-ATL2CUSpb-yw5vRsY1AT3UCJI_xDLALKd77EjVf3c?width=1024&height=727
02-08-2021,6782.816406,6812.048758,6738.776003,6804.90821,433760,15,Maruti Suzuki,MARUTI.NS,Stock,Automobile,https://1drv.ms/i/c/8705623eb284e7df/IQRy4-ATL2CUSpb-yw5vRsY1AT3UCJI_xDLALKd77EjVf3c?width=1024&height=727
03-08-2021,6900.176758,6920.879107,6791.585946,6828.821347,470570,15,Maruti Suzuki,MARUTI.NS,Stock,Automobile,https://1drv.ms/i/c/8705623eb284e7df/IQRy4-ATL2CUSpb-yw5vRsY1AT3UCJI_xDLALKd77EjVf3c?width=1024&height=727
04-08-2021,6807.687012,6947.331571,6712.418398,6919.920159,484122,15,Maruti Suzuki,MARUTI.NS,Stock,Automobile,https://1drv.ms/i/c/8705623eb284e7df/IQRy4-ATL2CUSpb-yw5vRsY1AT3UCJI_xDLALKd77EjVf3c?width=1024&height=727
05-08-2021,6778.413086,6828.955808,6757.627253,6821.287458,495133,15,Maruti Suzuki,MARUTI.NS,Stock,Automobile,https://1drv.ms/i/c/8705623eb284e7df/IQRy4-ATL2CUSpb-yw5vRsY1AT3UCJI_xDLALKd77EjVf3c?width=1024&height=727
06-08-2021,6849.065918,6914.366041,6792.880967,6804.696686,517575,15,Maruti Suzuki,MARUTI.NS,Stock,Automobile,https://1drv.ms/i/c/8705623eb284e7df/IQRy4-ATL2CUSpb-yw5vRsY1AT3UCJI_xDLALKd77EjVf3c?width=1024&height=727
09-08-2021,6830.691406,6910.99007,6788.492409,6882.053614,264983,15,Maruti Suzuki,MARUTI.NS,Stock,Automobile,https://1drv.ms/i/c/8705623eb284e7df/IQRy4-ATL2CUSpb-yw5vRsY1AT3UCJI_xDLALKd77EjVf3c?width=1024&height=727
10-08-2021,6753.720703,6853.020691,6747.016903,6795.437427,356726,15,Maruti Suzuki,MARUTI.NS,Stock,Automobile,https://1drv.ms/i/c/8705623eb284e7df/IQRy4-ATL2CUSpb-yw5vRsY1AT3UCJI_xDLALKd77EjVf3c?width=1024&height=727
11-08-2021,6772.577148,6843.471462,6679.642808,6753.768453,414311,15,Maruti Suzuki,MARUTI.NS,Stock,Automobile,https://1drv.ms/i/c/8705623eb284e7df/IQRy4-ATL2CUSpb-yw5vRsY1AT3UCJI_xDLALKd77EjVf3c?width=1024&height=727
12-08-2021,6763.414551,6833.633498,6737.371739,6773.060036,330283,15,Maruti Suzuki,MARUTI.NS,Stock,Automobile,https://1drv.ms/i/c/8705623eb284e7df/IQRy4-ATL2CUSpb-yw5vRsY1AT3UCJI_xDLALKd77EjVf3c?width=1024&height=727
13-08-2021,6753.962402,6799.971088,6726.617355,6780.776665,431784,15,Maruti Suzuki,MARUTI.NS,Stock,Automobile,https://1drv.ms/i/c/8705623eb284e7df/IQRy4-ATL2CUSpb-yw5vRsY1AT3UCJI_xDLALKd77EjVf3c?width=1024&height=727
16-08-2021,6584.828125,6769.201479,6568.575388,6734.960007,750966,15,Maruti Suzuki,MARUTI.NS,Stock,Automobile,https://1drv.ms/i/c/8705623eb284e7df/IQRy4-ATL2CUSpb-yw5vRsY1AT3UCJI_xDLALKd77EjVf3c?width=1024&height=727
17-08-2021,6641.302246,6696.860335,6507.230003,6558.929897,752517,15,Maruti Suzuki,MARUTI.NS,Stock,Automobile,https://1drv.ms/i/c/8705623eb284e7df/IQRy4-ATL2CUSpb-yw5vRsY1AT3UCJI_xDLALKd77EjVf3c?width=1024&height=727
18-08-2021,6597.608398,6697.583758,6578.220879,6697.583758,434144,15,Maruti Suzuki,MARUTI.NS,Stock,Automobile,https://1drv.ms/i/c/8705623eb284e7df/IQRy4-ATL2CUSpb-yw5vRsY1AT3UCJI_xDLALKd77EjVf3c?width=1024&height=727
20-08-2021,6608.025879,6669.515852,6539.639478,6573.398679,657982,15,Maruti Suzuki,MARUTI.NS,Stock,Automobile,https://1drv.ms/i/c/8705623eb284e7df/IQRy4-ATL2CUSpb-yw5vRsY1AT3UCJI_xDLALKd77EjVf3c?width=1024&height=727
23-08-2021,6583.911621,6672.746634,6559.894457,6660.207503,537302,15,Maruti Suzuki,MARUTI.NS,Stock,Automobile,https://1drv.ms/i/c/8705623eb284e7df/IQRy4-ATL2CUSpb-yw5vRsY1AT3UCJI_xDLALKd77EjVf3c?width=1024&height=727
24-08-2021,6562.016602,6609.08638,6501.635771,6548.802099,646993,15,Maruti Suzuki,MARUTI.NS,Stock,Automobile,https://1drv.ms/i/c/8705623eb284e7df/IQRy4-ATL2CUSpb-yw5vRsY1AT3UCJI_xDLALKd77EjVf3c?width=1024&height=727
25-08-2021,6473.519531,6595.582961,6462.475262,6595.582961,722194,15,Maruti Suzuki,MARUTI.NS,Stock,Automobile,https://1drv.ms/i/c/8705623eb284e7df/IQRy4-ATL2CUSpb-yw5vRsY1AT3UCJI_xDLALKd77EjVf3c?width=1024&height=727
26-08-2021,6374.31543,6463.777305,6357.339282,6462.47507,1199429,15,Maruti Suzuki,MARUTI.NS,Stock,Automobile,https://1drv.ms/i/c/8705623eb284e7df/IQRy4-ATL2CUSpb-yw5vRsY1AT3UCJI_xDLALKd77EjVf3c?width=1024&height=727
27-08-2021,6389.989258,6457.266516,6366.020133,6394.715451,1428388,15,Maruti Suzuki,MARUTI.NS,Stock,Automobile,https://1drv.ms/i/c/8705623eb284e7df/IQRy4-ATL2CUSpb-yw5vRsY1AT3UCJI_xDLALKd77EjVf3c?width=1024&height=727
30-08-2021,6555.939941,6568.575622,6417.96146,6452.829796,819447,15,Maruti Suzuki,MARUTI.NS,Stock,Automobile,https://1drv.ms/i/c/8705623eb284e7df/IQRy4-ATL2CUSpb-yw5vRsY1AT3UCJI_xDLALKd77EjVf3c?width=1024&height=727
31-08-2021,6603.395508,6628.377219,6523.771747,6578.220698,938326,15,Maruti Suzuki,MARUTI.NS,Stock,Automobile,https://1drv.ms/i/c/8705623eb284e7df/IQRy4-ATL2CUSpb-yw5vRsY1AT3UCJI_xDLALKd77EjVf3c?width=1024&height=727
01-09-2021,6544.365234,6578.220982,6464.741942,6558.881972,1108476,15,Maruti Suzuki,MARUTI.NS,Stock,Automobile,https://1drv.ms/i/c/8705623eb284e7df/IQRy4-ATL2CUSpb-yw5vRsY1AT3UCJI_xDLALKd77EjVf3c?width=1024&height=727
02-09-2021,6552.082031,6615.790748,6470.385048,6609.76232,741052,15,Maruti Suzuki,MARUTI.NS,Stock,Automobile,https://1drv.ms/i/c/8705623eb284e7df/IQRy4-ATL2CUSpb-yw5vRsY1AT3UCJI_xDLALKd77EjVf3c?width=1024&height=727
03-09-2021,6619.792969,6711.328528,6512.24581,6529.993408,1196077,15,Maruti Suzuki,MARUTI.NS,Stock,Automobile,https://1drv.ms/i/c/8705623eb284e7df/IQRy4-ATL2CUSpb-yw5vRsY1AT3UCJI_xDLALKd77EjVf3c?width=1024&height=727
06-09-2021,6604.166992,6707.47023,6595.582605,6679.498324,897444,15,Maruti Suzuki,MARUTI.NS,Stock,Automobile,https://1drv.ms/i/c/8705623eb284e7df/IQRy4-ATL2CUSpb-yw5vRsY1AT3UCJI_xDLALKd77EjVf3c?width=1024&height=727
07-09-2021,6633.344238,6684.224169,6610.72586,6635.996747,743783,15,Maruti Suzuki,MARUTI.NS,Stock,Automobile,https://1drv.ms/i/c/8705623eb284e7df/IQRy4-ATL2CUSpb-yw5vRsY1AT3UCJI_xDLALKd77EjVf3c?width=1024&height=727
08-09-2021,6540.844727,6615.211513,6516.489876,6609.183084,847767,15,Maruti Suzuki,MARUTI.NS,Stock,Automobile,https://1drv.ms/i/c/8705623eb284e7df/IQRy4-ATL2CUSpb-yw5vRsY1AT3UCJI_xDLALKd77EjVf3c?width=1024&height=727
09-09-2021,6561.100098,6576.725972,6501.056953,6510.702438,515702,15,Maruti Suzuki,MARUTI.NS,Stock,Automobile,https://1drv.ms/i/c/8705623eb284e7df/IQRy4-ATL2CUSpb-yw5vRsY1AT3UCJI_xDLALKd77EjVf3c?width=1024&height=727
13-09-2021,6630.01709,6650.996019,6571.757985,6593.171149,508397,15,Maruti Suzuki,MARUTI.NS,Stock,Automobile,https://1drv.ms/i/c/8705623eb284e7df/IQRy4-ATL2CUSpb-yw5vRsY1AT3UCJI_xDLALKd77EjVf3c?width=1024&height=727
14-09-2021,6650.03125,6708.43447,6608.21798,6665.02979,817280,15,Maruti Suzuki,MARUTI.NS,Stock,Automobile,https://1drv.ms/i/c/8705623eb284e7df/IQRy4-ATL2CUSpb-yw5vRsY1AT3UCJI_xDLALKd77EjVf3c?width=1024&height=727
15-09-2021,6664.06543,6692.037336,6636.093524,6692.037336,310138,15,Maruti Suzuki,MARUTI.NS,Stock,Automobile,https://1drv.ms/i/c/8705623eb284e7df/IQRy4-ATL2CUSpb-yw5vRsY1AT3UCJI_xDLALKd77EjVf3c?width=1024&height=727
16-09-2021,6685.237305,6702.647216,6626.447888,6668.212648,556648,15,Maruti Suzuki,MARUTI.NS,Stock,Automobile,https://1drv.ms/i/c/8705623eb284e7df/IQRy4-ATL2CUSpb-yw5vRsY1AT3UCJI_xDLALKd77EjVf3c?width=1024&height=727
17-09-2021,6765.777344,6814.293944,6703.612005,6708.434748,980793,15,Maruti Suzuki,MARUTI.NS,Stock,Automobile,https://1drv.ms/i/c/8705623eb284e7df/IQRy4-ATL2CUSpb-yw5vRsY1AT3UCJI_xDLALKd77EjVf3c?width=1024&height=727
20-09-2021,6703.998047,6766.742212,6661.365284,6732.452229,550405,15,Maruti Suzuki,MARUTI.NS,Stock,Automobile,https://1drv.ms/i/c/8705623eb284e7df/IQRy4-ATL2CUSpb-yw5vRsY1AT3UCJI_xDLALKd77EjVf3c?width=1024&height=727
21-09-2021,6536.745605,6693.677845,6502.021857,6667.441936,1085249,15,Maruti Suzuki,MARUTI.NS,Stock,Automobile,https://1drv.ms/i/c/8705623eb284e7df/IQRy4-ATL2CUSpb-yw5vRsY1AT3UCJI_xDLALKd77EjVf3c?width=1024&height=727
22-09-2021,6588.831055,6603.299283,6544.461822,6578.221021,548623,15,Maruti Suzuki,MARUTI.NS,Stock,Automobile,https://1drv.ms/i/c/8705623eb284e7df/IQRy4-ATL2CUSpb-yw5vRsY1AT3UCJI_xDLALKd77EjVf3c?width=1024&height=727
23-09-2021,6603.974609,6635.997338,6579.185524,6624.519305,432740,15,Maruti Suzuki,MARUTI.NS,Stock,Automobile,https://1drv.ms/i/c/8705623eb284e7df/IQRy4-ATL2CUSpb-yw5vRsY1AT3UCJI_xDLALKd77EjVf3c?width=1024&height=727
24-09-2021,6705.783203,6788.30015,6605.229009,6607.158106,1649962,15,Maruti Suzuki,MARUTI.NS,Stock,Automobile,https://1drv.ms/i/c/8705623eb284e7df/IQRy4-ATL2CUSpb-yw5vRsY1AT3UCJI_xDLALKd77EjVf3c?width=1024&height=727
27-09-2021,7140.987305,7183.957755,6726.761733,6726.761733,2646138,15,Maruti Suzuki,MARUTI.NS,Stock,Automobile,https://1drv.ms/i/c/8705623eb284e7df/IQRy4-ATL2CUSpb-yw5vRsY1AT3UCJI_xDLALKd77EjVf3c?width=1024&height=727
28-09-2021,7160.663086,7254.899187,7073.51604,7183.956837,1346961,15,Maruti Suzuki,MARUTI.NS,Stock,Automobile,https://1drv.ms/i/c/8705623eb284e7df/IQRy4-ATL2CUSpb-yw5vRsY1AT3UCJI_xDLALKd77EjVf3c?width=1024&height=727
29-09-2021,7122.274414,7200.354806,7032.523361,7128.49594,643556,15,Maruti Suzuki,MARUTI.NS,Stock,Automobile,https://1drv.ms/i/c/8705623eb284e7df/IQRy4-ATL2CUSpb-yw5vRsY1AT3UCJI_xDLALKd77EjVf3c?width=1024&height=727
30-09-2021,7077.904297,7145.422686,7042.216006,7122.948896,625717,15,Maruti Suzuki,MARUTI.NS,Stock,Automobile,https://1drv.ms/i/c/8705623eb284e7df/IQRy4-ATL2CUSpb-yw5vRsY1AT3UCJI_xDLALKd77EjVf3c?width=1024&height=727
01-10-2021,6908.385742,6964.040381,6838.649072,6964.040381,901588,15,Maruti Suzuki,MARUTI.NS,Stock,Automobile,https://1drv.ms/i/c/8705623eb284e7df/IQRy4-ATL2CUSpb-yw5vRsY1AT3UCJI_xDLALKd77EjVf3c?width=1024&height=727
04-10-2021,6916.102051,6959.169519,6878.966933,6925.45836,466994,15,Maruti Suzuki,MARUTI.NS,Stock,Automobile,https://1drv.ms/i/c/8705623eb284e7df/IQRy4-ATL2CUSpb-yw5vRsY1AT3UCJI_xDLALKd77EjVf3c?width=1024&height=727
05-10-2021,7000.934082,7041.203982,6901.971313,6910.796837,546004,15,Maruti Suzuki,MARUTI.NS,Stock,Automobile,https://1drv.ms/i/c/8705623eb284e7df/IQRy4-ATL2CUSpb-yw5vRsY1AT3UCJI_xDLALKd77EjVf3c?width=1024&height=727
06-10-2021,6944.026367,7023.360488,6910.267167,7013.136179,726695,15,Maruti Suzuki,MARUTI.NS,Stock,Automobile,https://1drv.ms/i/c/8705623eb284e7df/IQRy4-ATL2CUSpb-yw5vRsY1AT3UCJI_xDLALKd77EjVf3c?width=1024&height=727
07-10-2021,7226.880371,7287.164658,6969.104758,6978.461068,1646727,15,Maruti Suzuki,MARUTI.NS,Stock,Automobile,https://1drv.ms/i/c/8705623eb284e7df/IQRy4-ATL2CUSpb-yw5vRsY1AT3UCJI_xDLALKd77EjVf3c?width=1024&height=727
08-10-2021,7166.595703,7303.513558,7138.768383,7281.087804,630622,15,Maruti Suzuki,MARUTI.NS,Stock,Automobile,https://1drv.ms/i/c/8705623eb284e7df/IQRy4-ATL2CUSpb-yw5vRsY1AT3UCJI_xDLALKd77EjVf3c?width=1024&height=727
11-10-2021,7427.794922,7537.753451,7156.756793,7157.142989,1069536,15,Maruti Suzuki,MARUTI.NS,Stock,Automobile,https://1drv.ms/i/c/8705623eb284e7df/IQRy4-ATL2CUSpb-yw5vRsY1AT3UCJI_xDLALKd77EjVf3c?width=1024&height=727
12-10-2021,7421.043457,7475.251274,7359.553487,7415.352715,406814,15,Maruti Suzuki,MARUTI.NS,Stock,Automobile,https://1drv.ms/i/c/8705623eb284e7df/IQRy4-ATL2CUSpb-yw5vRsY1AT3UCJI_xDLALKd77EjVf3c?width=1024&height=727
13-10-2021,7216.896973,7475.203362,7172.913464,7465.605915,1084436,15,Maruti Suzuki,MARUTI.NS,Stock,Automobile,https://1drv.ms/i/c/8705623eb284e7df/IQRy4-ATL2CUSpb-yw5vRsY1AT3UCJI_xDLALKd77EjVf3c?width=1024&height=727
14-10-2021,7231.124023,7291.987132,7181.064047,7272.696161,831546,15,Maruti Suzuki,MARUTI.NS,Stock,Automobile,https://1drv.ms/i/c/8705623eb284e7df/IQRy4-ATL2CUSpb-yw5vRsY1AT3UCJI_xDLALKd77EjVf3c?width=1024&height=727
18-10-2021,7385.547852,7432.135356,7142.48163,7142.48163,913963,15,Maruti Suzuki,MARUTI.NS,Stock,Automobile,https://1drv.ms/i/c/8705623eb284e7df/IQRy4-ATL2CUSpb-yw5vRsY1AT3UCJI_xDLALKd77EjVf3c?width=1024&height=727
19-10-2021,7384.246094,7493.192042,7316.100832,7398.280558,658869,15,Maruti Suzuki,MARUTI.NS,Stock,Automobile,https://1drv.ms/i/c/8705623eb284e7df/IQRy4-ATL2CUSpb-yw5vRsY1AT3UCJI_xDLALKd77EjVf3c?width=1024&height=727
20-10-2021,7321.646973,7395.531486,7248.582419,7345.037275,488082,15,Maruti Suzuki,MARUTI.NS,Stock,Automobile,https://1drv.ms/i/c/8705623eb284e7df/IQRy4-ATL2CUSpb-yw5vRsY1AT3UCJI_xDLALKd77EjVf3c?width=1024&height=727
21-10-2021,7306.696289,7378.796292,7219.645784,7378.796292,563128,15,Maruti Suzuki,MARUTI.NS,Stock,Automobile,https://1drv.ms/i/c/8705623eb284e7df/IQRy4-ATL2CUSpb-yw5vRsY1AT3UCJI_xDLALKd77EjVf3c?width=1024&height=727
22-10-2021,7146.243164,7354.682186,7124.685411,7330.568473,224520,15,Maruti Suzuki,MARUTI.NS,Stock,Automobile,https://1drv.ms/i/c/8705623eb284e7df/IQRy4-ATL2CUSpb-yw5vRsY1AT3UCJI_xDLALKd77EjVf3c?width=1024&height=727
25-10-2021,7003.200684,7133.848491,6963.702236,7094.253965,248058,15,Maruti Suzuki,MARUTI.NS,Stock,Automobile,https://1drv.ms/i/c/8705623eb284e7df/IQRy4-ATL2CUSpb-yw5vRsY1AT3UCJI_xDLALKd77EjVf3c?width=1024&height=727
26-10-2021,7038.648926,7077.809694,6954.588608,7007.445684,292203,15,Maruti Suzuki,MARUTI.NS,Stock,Automobile,https://1drv.ms/i/c/8705623eb284e7df/IQRy4-ATL2CUSpb-yw5vRsY1AT3UCJI_xDLALKd77EjVf3c?width=1024&height=727
27-10-2021,7095.459961,7196.737554,6987.189391,7026.73588,1218064,15,Maruti Suzuki,MARUTI.NS,Stock,Automobile,https://1drv.ms/i/c/8705623eb284e7df/IQRy4-ATL2CUSpb-yw5vRsY1AT3UCJI_xDLALKd77EjVf3c?width=1024&height=727
28-10-2021,7108.433594,7262.761361,6978.556756,6992.976945,961511,15,Maruti Suzuki,MARUTI.NS,Stock,Automobile,https://1drv.ms/i/c/8705623eb284e7df/IQRy4-ATL2CUSpb-yw5vRsY1AT3UCJI_xDLALKd77EjVf3c?width=1024&height=727
29-10-2021,7217.137207,7282.340776,7036.236334,7089.431087,819875,15,Maruti Suzuki,MARUTI.NS,Stock,Automobile,https://1drv.ms/i/c/8705623eb284e7df/IQRy4-ATL2CUSpb-yw5vRsY1AT3UCJI_xDLALKd77EjVf3c?width=1024&height=727
01-11-2021,7345.567383,7394.229045,7138.623684,7138.623684,1005690,15,Maruti Suzuki,MARUTI.NS,Stock,Automobile,https://1drv.ms/i/c/8705623eb284e7df/IQRy4-ATL2CUSpb-yw5vRsY1AT3UCJI_xDLALKd77EjVf3c?width=1024&height=727
02-11-2021,7515.520996,7629.57886,7360.276722,7376.819106,1302733,15,Maruti Suzuki,MARUTI.NS,Stock,Automobile,https://1drv.ms/i/c/8705623eb284e7df/IQRy4-ATL2CUSpb-yw5vRsY1AT3UCJI_xDLALKd77EjVf3c?width=1024&height=727
03-11-2021,7460.05957,7564.230813,7438.21264,7515.521112,656492,15,Maruti Suzuki,MARUTI.NS,Stock,Automobile,https://1drv.ms/i/c/8705623eb284e7df/IQRy4-ATL2CUSpb-yw5vRsY1AT3UCJI_xDLALKd77EjVf3c?width=1024&height=727
04-11-2021,7472.743164,7542.721442,7461.265131,7499.075621,53365,15,Maruti Suzuki,MARUTI.NS,Stock,Automobile,https://1drv.ms/i/c/8705623eb284e7df/IQRy4-ATL2CUSpb-yw5vRsY1AT3UCJI_xDLALKd77EjVf3c?width=1024&height=727
08-11-2021,7412.169922,7603.150536,7400.016516,7484.84875,428433,15,Maruti Suzuki,MARUTI.NS,Stock,Automobile,https://1drv.ms/i/c/8705623eb284e7df/IQRy4-ATL2CUSpb-yw5vRsY1AT3UCJI_xDLALKd77EjVf3c?width=1024&height=727
09-11-2021,7308.914551,7489.237087,7271.442217,7435.704644,632879,15,Maruti Suzuki,MARUTI.NS,Stock,Automobile,https://1drv.ms/i/c/8705623eb284e7df/IQRy4-ATL2CUSpb-yw5vRsY1AT3UCJI_xDLALKd77EjVf3c?width=1024&height=727
10-11-2021,7245.350586,7311.27757,7195.531751,7301.632085,562432,15,Maruti Suzuki,MARUTI.NS,Stock,Automobile,https://1drv.ms/i/c/8705623eb284e7df/IQRy4-ATL2CUSpb-yw5vRsY1AT3UCJI_xDLALKd77EjVf3c?width=1024&height=727
11-11-2021,7189.213867,7299.22043,7178.169599,7245.687991,486991,15,Maruti Suzuki,MARUTI.NS,Stock,Automobile,https://1drv.ms/i/c/8705623eb284e7df/IQRy4-ATL2CUSpb-yw5vRsY1AT3UCJI_xDLALKd77EjVf3c?width=1024&height=727
12-11-2021,7214.678711,7276.554407,7178.170453,7263.050727,349666,15,Maruti Suzuki,MARUTI.NS,Stock,Automobile,https://1drv.ms/i/c/8705623eb284e7df/IQRy4-ATL2CUSpb-yw5vRsY1AT3UCJI_xDLALKd77EjVf3c?width=1024&height=727
15-11-2021,7237.104492,7311.133595,7187.815966,7187.815966,314414,15,Maruti Suzuki,MARUTI.NS,Stock,Automobile,https://1drv.ms/i/c/8705623eb284e7df/IQRy4-ATL2CUSpb-yw5vRsY1AT3UCJI_xDLALKd77EjVf3c?width=1024&height=727
16-11-2021,7764.953613,7840.574126,7267.921457,7277.518903,2619355,15,Maruti Suzuki,MARUTI.NS,Stock,Automobile,https://1drv.ms/i/c/8705623eb284e7df/IQRy4-ATL2CUSpb-yw5vRsY1AT3UCJI_xDLALKd77EjVf3c?width=1024&height=727
17-11-2021,7981.397949,8053.980226,7730.904508,7750.147439,2377268,15,Maruti Suzuki,MARUTI.NS,Stock,Automobile,https://1drv.ms/i/c/8705623eb284e7df/IQRy4-ATL2CUSpb-yw5vRsY1AT3UCJI_xDLALKd77EjVf3c?width=1024&height=727
18-11-2021,7829.385254,8071.342355,7717.449582,7942.092847,1337493,15,Maruti Suzuki,MARUTI.NS,Stock,Automobile,https://1drv.ms/i/c/8705623eb284e7df/IQRy4-ATL2CUSpb-yw5vRsY1AT3UCJI_xDLALKd77EjVf3c?width=1024&height=727
22-11-2021,7585.595703,7897.579127,7529.796474,7868.787258,672298,15,Maruti Suzuki,MARUTI.NS,Stock,Automobile,https://1drv.ms/i/c/8705623eb284e7df/IQRy4-ATL2CUSpb-yw5vRsY1AT3UCJI_xDLALKd77EjVf3c?width=1024&height=727
23-11-2021,7575.564453,7671.971271,7528.301573,7570.838259,567198,15,Maruti Suzuki,MARUTI.NS,Stock,Automobile,https://1drv.ms/i/c/8705623eb284e7df/IQRy4-ATL2CUSpb-yw5vRsY1AT3UCJI_xDLALKd77EjVf3c?width=1024&height=727
24-11-2021,7397.557129,7617.956474,7365.871615,7586.656685,571078,15,Maruti Suzuki,MARUTI.NS,Stock,Automobile,https://1drv.ms/i/c/8705623eb284e7df/IQRy4-ATL2CUSpb-yw5vRsY1AT3UCJI_xDLALKd77EjVf3c?width=1024&height=727
25-11-2021,7304.043457,7445.735536,7171.418039,7369.15048,1007618,15,Maruti Suzuki,MARUTI.NS,Stock,Automobile,https://1drv.ms/i/c/8705623eb284e7df/IQRy4-ATL2CUSpb-yw5vRsY1AT3UCJI_xDLALKd77EjVf3c?width=1024&height=727
26-11-2021,6916.29541,7253.40513,6877.231194,7253.40513,1154876,15,Maruti Suzuki,MARUTI.NS,Stock,Automobile,https://1drv.ms/i/c/8705623eb284e7df/IQRy4-ATL2CUSpb-yw5vRsY1AT3UCJI_xDLALKd77EjVf3c?width=1024&height=727
29-11-2021,6896.039551,6954.394735,6742.869436,6911.954601,733010,15,Maruti Suzuki,MARUTI.NS,Stock,Automobile,https://1drv.ms/i/c/8705623eb284e7df/IQRy4-ATL2CUSpb-yw5vRsY1AT3UCJI_xDLALKd77EjVf3c?width=1024&height=727
30-11-2021,6817.235352,6992.976268,6766.837695,6896.039148,1287938,15,Maruti Suzuki,MARUTI.NS,Stock,Automobile,https://1drv.ms/i/c/8705623eb284e7df/IQRy4-ATL2CUSpb-yw5vRsY1AT3UCJI_xDLALKd77EjVf3c?width=1024&height=727
01-12-2021,7015.402344,7118.367896,6877.278811,6936.06823,1669583,15,Maruti Suzuki,MARUTI.NS,Stock,Automobile,https://1drv.ms/i/c/8705623eb284e7df/IQRy4-ATL2CUSpb-yw5vRsY1AT3UCJI_xDLALKd77EjVf3c?width=1024&height=727
02-12-2021,7065.27002,7094.68875,6988.781038,7026.736117,618573,15,Maruti Suzuki,MARUTI.NS,Stock,Automobile,https://1drv.ms/i/c/8705623eb284e7df/IQRy4-ATL2CUSpb-yw5vRsY1AT3UCJI_xDLALKd77EjVf3c?width=1024&height=727
03-12-2021,6953.141113,7069.176112,6895.316241,7046.026947,603798,15,Maruti Suzuki,MARUTI.NS,Stock,Automobile,https://1drv.ms/i/c/8705623eb284e7df/IQRy4-ATL2CUSpb-yw5vRsY1AT3UCJI_xDLALKd77EjVf3c?width=1024&height=727
06-12-2021,6793.17041,6944.749111,6772.094932,6937.997271,609507,15,Maruti Suzuki,MARUTI.NS,Stock,Automobile,https://1drv.ms/i/c/8705623eb284e7df/IQRy4-ATL2CUSpb-yw5vRsY1AT3UCJI_xDLALKd77EjVf3c?width=1024&height=727
07-12-2021,6931.824707,7004.358475,6839.80687,6876.266616,637151,15,Maruti Suzuki,MARUTI.NS,Stock,Automobile,https://1drv.ms/i/c/8705623eb284e7df/IQRy4-ATL2CUSpb-yw5vRsY1AT3UCJI_xDLALKd77EjVf3c?width=1024&height=727
08-12-2021,7171.321289,7232.039803,6897.582623,6968.86266,930339,15,Maruti Suzuki,MARUTI.NS,Stock,Automobile,https://1drv.ms/i/c/8705623eb284e7df/IQRy4-ATL2CUSpb-yw5vRsY1AT3UCJI_xDLALKd77EjVf3c?width=1024&height=727
09-12-2021,7158.638184,7204.213102,7065.318112,7204.213102,615037,15,Maruti Suzuki,MARUTI.NS,Stock,Automobile,https://1drv.ms/i/c/8705623eb284e7df/IQRy4-ATL2CUSpb-yw5vRsY1AT3UCJI_xDLALKd77EjVf3c?width=1024&height=727
10-12-2021,7162.399414,7209.999976,7097.099764,7118.36787,431682,15,Maruti Suzuki,MARUTI.NS,Stock,Automobile,https://1drv.ms/i/c/8705623eb284e7df/IQRy4-ATL2CUSpb-yw5vRsY1AT3UCJI_xDLALKd77EjVf3c?width=1024&height=727
13-12-2021,7249.932617,7307.323256,7161.772974,7219.645887,883009,15,Maruti Suzuki,MARUTI.NS,Stock,Automobile,https://1drv.ms/i/c/8705623eb284e7df/IQRy4-ATL2CUSpb-yw5vRsY1AT3UCJI_xDLALKd77EjVf3c?width=1024&height=727
14-12-2021,7227.506348,7288.41749,7193.409465,7250.317825,749704,15,Maruti Suzuki,MARUTI.NS,Stock,Automobile,https://1drv.ms/i/c/8705623eb284e7df/IQRy4-ATL2CUSpb-yw5vRsY1AT3UCJI_xDLALKd77EjVf3c?width=1024&height=727
15-12-2021,7299.655273,7369.150807,7188.82827,7210.964847,529018,15,Maruti Suzuki,MARUTI.NS,Stock,Automobile,https://1drv.ms/i/c/8705623eb284e7df/IQRy4-ATL2CUSpb-yw5vRsY1AT3UCJI_xDLALKd77EjVf3c?width=1024&height=727
16-12-2021,7186.658203,7350.824556,7143.446616,7322.370374,595582,15,Maruti Suzuki,MARUTI.NS,Stock,Automobile,https://1drv.ms/i/c/8705623eb284e7df/IQRy4-ATL2CUSpb-yw5vRsY1AT3UCJI_xDLALKd77EjVf3c?width=1024&height=727
17-12-2021,7037.925293,7214.823409,6984.296297,7214.823409,1081907,15,Maruti Suzuki,MARUTI.NS,Stock,Automobile,https://1drv.ms/i/c/8705623eb284e7df/IQRy4-ATL2CUSpb-yw5vRsY1AT3UCJI_xDLALKd77EjVf3c?width=1024&height=727
20-12-2021,7028.279297,7061.989985,6786.418757,6944.749301,867425,15,Maruti Suzuki,MARUTI.NS,Stock,Automobile,https://1drv.ms/i/c/8705623eb284e7df/IQRy4-ATL2CUSpb-yw5vRsY1AT3UCJI_xDLALKd77EjVf3c?width=1024&height=727
21-12-2021,7055.817383,7142.434127,7025.771789,7047.474132,415744,15,Maruti Suzuki,MARUTI.NS,Stock,Automobile,https://1drv.ms/i/c/8705623eb284e7df/IQRy4-ATL2CUSpb-yw5vRsY1AT3UCJI_xDLALKd77EjVf3c?width=1024&height=727
22-12-2021,7160.566895,7189.744487,7046.509035,7046.509035,368978,15,Maruti Suzuki,MARUTI.NS,Stock,Automobile,https://1drv.ms/i/c/8705623eb284e7df/IQRy4-ATL2CUSpb-yw5vRsY1AT3UCJI_xDLALKd77EjVf3c?width=1024&height=727
23-12-2021,7125.264648,7234.114045,7094.254507,7215.787623,249919,15,Maruti Suzuki,MARUTI.NS,Stock,Automobile,https://1drv.ms/i/c/8705623eb284e7df/IQRy4-ATL2CUSpb-yw5vRsY1AT3UCJI_xDLALKd77EjVf3c?width=1024&height=727
24-12-2021,7057.697754,7185.741564,6995.050142,7177.205216,357447,15,Maruti Suzuki,MARUTI.NS,Stock,Automobile,https://1drv.ms/i/c/8705623eb284e7df/IQRy4-ATL2CUSpb-yw5vRsY1AT3UCJI_xDLALKd77EjVf3c?width=1024&height=727
27-12-2021,7031.076172,7070.140385,6931.438502,7019.115865,190180,15,Maruti Suzuki,MARUTI.NS,Stock,Automobile,https://1drv.ms/i/c/8705623eb284e7df/IQRy4-ATL2CUSpb-yw5vRsY1AT3UCJI_xDLALKd77EjVf3c?width=1024&height=727
28-12-2021,7038.744629,7098.112401,6997.895906,7060.495009,214533,15,Maruti Suzuki,MARUTI.NS,Stock,Automobile,https://1drv.ms/i/c/8705623eb284e7df/IQRy4-ATL2CUSpb-yw5vRsY1AT3UCJI_xDLALKd77EjVf3c?width=1024&height=727
29-12-2021,7089.479492,7103.899681,6983.765354,7038.985755,287776,15,Maruti Suzuki,MARUTI.NS,Stock,Automobile,https://1drv.ms/i/c/8705623eb284e7df/IQRy4-ATL2CUSpb-yw5vRsY1AT3UCJI_xDLALKd77EjVf3c?width=1024&height=727
30-12-2021,7024.083984,7132.981426,6998.18576,7089.432151,296041,15,Maruti Suzuki,MARUTI.NS,Stock,Automobile,https://1drv.ms/i/c/8705623eb284e7df/IQRy4-ATL2CUSpb-yw5vRsY1AT3UCJI_xDLALKd77EjVf3c?width=1024&height=727
31-12-2021,7163.171875,7185.404531,7031.607074,7031.607074,313398,15,Maruti Suzuki,MARUTI.NS,Stock,Automobile,https://1drv.ms/i/c/8705623eb284e7df/IQRy4-ATL2CUSpb-yw5vRsY1AT3UCJI_xDLALKd77EjVf3c?width=1024&height=727
03-01-2022,7257.166504,7336.307992,7156.950007,7156.950007,456599,15,Maruti Suzuki,MARUTI.NS,Stock,Automobile,https://1drv.ms/i/c/8705623eb284e7df/IQRy4-ATL2CUSpb-yw5vRsY1AT3UCJI_xDLALKd77EjVf3c?width=1024&height=727
04-01-2022,7359.601563,7377.831435,7253.404679,7330.568559,495182,15,Maruti Suzuki,MARUTI.NS,Stock,Automobile,https://1drv.ms/i/c/8705623eb284e7df/IQRy4-ATL2CUSpb-yw5vRsY1AT3UCJI_xDLALKd77EjVf3c?width=1024&height=727
05-01-2022,7499.702148,7531.194562,7335.970043,7354.537602,710043,15,Maruti Suzuki,MARUTI.NS,Stock,Automobile,https://1drv.ms/i/c/8705623eb284e7df/IQRy4-ATL2CUSpb-yw5vRsY1AT3UCJI_xDLALKd77EjVf3c?width=1024&height=727
06-01-2022,7602.667969,7619.40298,7411.542774,7506.116568,739981,15,Maruti Suzuki,MARUTI.NS,Stock,Automobile,https://1drv.ms/i/c/8705623eb284e7df/IQRy4-ATL2CUSpb-yw5vRsY1AT3UCJI_xDLALKd77EjVf3c?width=1024&height=727
07-01-2022,7625.720703,7663.144998,7557.720032,7602.668087,523116,15,Maruti Suzuki,MARUTI.NS,Stock,Automobile,https://1drv.ms/i/c/8705623eb284e7df/IQRy4-ATL2CUSpb-yw5vRsY1AT3UCJI_xDLALKd77EjVf3c?width=1024&height=727
10-01-2022,7837.535645,7940.163514,7643.227154,7668.160828,827930,15,Maruti Suzuki,MARUTI.NS,Stock,Automobile,https://1drv.ms/i/c/8705623eb284e7df/IQRy4-ATL2CUSpb-yw5vRsY1AT3UCJI_xDLALKd77EjVf3c?width=1024&height=727
11-01-2022,7855.138672,7873.079369,7783.231296,7812.843124,688923,15,Maruti Suzuki,MARUTI.NS,Stock,Automobile,https://1drv.ms/i/c/8705623eb284e7df/IQRy4-ATL2CUSpb-yw5vRsY1AT3UCJI_xDLALKd77EjVf3c?width=1024&height=727
12-01-2022,7881.084961,7909.298006,7827.31138,7909.298006,288174,15,Maruti Suzuki,MARUTI.NS,Stock,Automobile,https://1drv.ms/i/c/8705623eb284e7df/IQRy4-ATL2CUSpb-yw5vRsY1AT3UCJI_xDLALKd77EjVf3c?width=1024&height=727
13-01-2022,7790.706543,7967.170886,7670.089937,7885.18426,684931,15,Maruti Suzuki,MARUTI.NS,Stock,Automobile,https://1drv.ms/i/c/8705623eb284e7df/IQRy4-ATL2CUSpb-yw5vRsY1AT3UCJI_xDLALKd77EjVf3c?width=1024&height=727
14-01-2022,7797.603027,7856.247387,7669.124981,7669.124981,299536,15,Maruti Suzuki,MARUTI.NS,Stock,Automobile,https://1drv.ms/i/c/8705623eb284e7df/IQRy4-ATL2CUSpb-yw5vRsY1AT3UCJI_xDLALKd77EjVf3c?width=1024&height=727
17-01-2022,7972.476074,8072.210771,7812.939838,7836.763904,862249,15,Maruti Suzuki,MARUTI.NS,Stock,Automobile,https://1drv.ms/i/c/8705623eb284e7df/IQRy4-ATL2CUSpb-yw5vRsY1AT3UCJI_xDLALKd77EjVf3c?width=1024&height=727
18-01-2022,7634.546387,7956.512976,7611.734908,7956.512976,785199,15,Maruti Suzuki,MARUTI.NS,Stock,Automobile,https://1drv.ms/i/c/8705623eb284e7df/IQRy4-ATL2CUSpb-yw5vRsY1AT3UCJI_xDLALKd77EjVf3c?width=1024&height=727
19-01-2022,7731.532227,7774.26154,7581.351825,7647.905676,681632,15,Maruti Suzuki,MARUTI.NS,Stock,Automobile,https://1drv.ms/i/c/8705623eb284e7df/IQRy4-ATL2CUSpb-yw5vRsY1AT3UCJI_xDLALKd77EjVf3c?width=1024&height=727
20-01-2022,7751.449707,7851.425068,7714.024941,7716.388274,522850,15,Maruti Suzuki,MARUTI.NS,Stock,Automobile,https://1drv.ms/i/c/8705623eb284e7df/IQRy4-ATL2CUSpb-yw5vRsY1AT3UCJI_xDLALKd77EjVf3c?width=1024&height=727
21-01-2022,7899.26709,7951.738438,7577.541631,7687.452129,1041476,15,Maruti Suzuki,MARUTI.NS,Stock,Automobile,https://1drv.ms/i/c/8705623eb284e7df/IQRy4-ATL2CUSpb-yw5vRsY1AT3UCJI_xDLALKd77EjVf3c?width=1024&height=727
24-01-2022,7766.833984,8037.389849,7670.861405,7898.687958,1153538,15,Maruti Suzuki,MARUTI.NS,Stock,Automobile,https://1drv.ms/i/c/8705623eb284e7df/IQRy4-ATL2CUSpb-yw5vRsY1AT3UCJI_xDLALKd77EjVf3c?width=1024&height=727
25-01-2022,8297.624023,8356.847674,7608.261537,7706.742027,2162832,15,Maruti Suzuki,MARUTI.NS,Stock,Automobile,https://1drv.ms/i/c/8705623eb284e7df/IQRy4-ATL2CUSpb-yw5vRsY1AT3UCJI_xDLALKd77EjVf3c?width=1024&height=727
27-01-2022,8507.511719,8653.592792,8102.256249,8349.132651,2899559,15,Maruti Suzuki,MARUTI.NS,Stock,Automobile,https://1drv.ms/i/c/8705623eb284e7df/IQRy4-ATL2CUSpb-yw5vRsY1AT3UCJI_xDLALKd77EjVf3c?width=1024&height=727
28-01-2022,8247.805664,8613.417562,8220.219014,8483.203522,1045088,15,Maruti Suzuki,MARUTI.NS,Stock,Automobile,https://1drv.ms/i/c/8705623eb284e7df/IQRy4-ATL2CUSpb-yw5vRsY1AT3UCJI_xDLALKd77EjVf3c?width=1024&height=727
31-01-2022,8292.512695,8410.862986,8249.590287,8319.230877,561419,15,Maruti Suzuki,MARUTI.NS,Stock,Automobile,https://1drv.ms/i/c/8705623eb284e7df/IQRy4-ATL2CUSpb-yw5vRsY1AT3UCJI_xDLALKd77EjVf3c?width=1024&height=727
01-02-2022,8255.958008,8479.153998,8054.945694,8384.821329,819689,15,Maruti Suzuki,MARUTI.NS,Stock,Automobile,https://1drv.ms/i/c/8705623eb284e7df/IQRy4-ATL2CUSpb-yw5vRsY1AT3UCJI_xDLALKd77EjVf3c?width=1024&height=727
02-02-2022,8213.37207,8375.17509,8141.030929,8275.537413,580433,15,Maruti Suzuki,MARUTI.NS,Stock,Automobile,https://1drv.ms/i/c/8705623eb284e7df/IQRy4-ATL2CUSpb-yw5vRsY1AT3UCJI_xDLALKd77EjVf3c?width=1024&height=727
03-02-2022,8288.993164,8486.098287,8220.558255,8246.890242,810019,15,Maruti Suzuki,MARUTI.NS,Stock,Automobile,https://1drv.ms/i/c/8705623eb284e7df/IQRy4-ATL2CUSpb-yw5vRsY1AT3UCJI_xDLALKd77EjVf3c?width=1024&height=727
04-02-2022,8247.420898,8372.281904,8191.042844,8333.603882,404421,15,Maruti Suzuki,MARUTI.NS,Stock,Automobile,https://1drv.ms/i/c/8705623eb284e7df/IQRy4-ATL2CUSpb-yw5vRsY1AT3UCJI_xDLALKd77EjVf3c?width=1024&height=727
07-02-2022,8209.898438,8309.584134,8102.206236,8242.065749,446099,15,Maruti Suzuki,MARUTI.NS,Stock,Automobile,https://1drv.ms/i/c/8705623eb284e7df/IQRy4-ATL2CUSpb-yw5vRsY1AT3UCJI_xDLALKd77EjVf3c?width=1024&height=727
08-02-2022,8294.586914,8477.512975,8136.97931,8311.225376,998182,15,Maruti Suzuki,MARUTI.NS,Stock,Automobile,https://1drv.ms/i/c/8705623eb284e7df/IQRy4-ATL2CUSpb-yw5vRsY1AT3UCJI_xDLALKd77EjVf3c?width=1024&height=727
09-02-2022,8632.178711,8671.097866,8316.337118,8316.337118,1403525,15,Maruti Suzuki,MARUTI.NS,Stock,Automobile,https://1drv.ms/i/c/8705623eb284e7df/IQRy4-ATL2CUSpb-yw5vRsY1AT3UCJI_xDLALKd77EjVf3c?width=1024&height=727
10-02-2022,8493.285156,8729.165342,8478.286613,8729.165342,811887,15,Maruti Suzuki,MARUTI.NS,Stock,Automobile,https://1drv.ms/i/c/8705623eb284e7df/IQRy4-ATL2CUSpb-yw5vRsY1AT3UCJI_xDLALKd77EjVf3c?width=1024&height=727
11-02-2022,8427.40625,8550.723413,8365.819256,8428.22574,671572,15,Maruti Suzuki,MARUTI.NS,Stock,Automobile,https://1drv.ms/i/c/8705623eb284e7df/IQRy4-ATL2CUSpb-yw5vRsY1AT3UCJI_xDLALKd77EjVf3c?width=1024&height=727
14-02-2022,8069.798828,8309.633244,8029.866144,8198.662129,995540,15,Maruti Suzuki,MARUTI.NS,Stock,Automobile,https://1drv.ms/i/c/8705623eb284e7df/IQRy4-ATL2CUSpb-yw5vRsY1AT3UCJI_xDLALKd77EjVf3c?width=1024&height=727
15-02-2022,8317.011719,8357.088517,8060.248745,8111.852085,682766,15,Maruti Suzuki,MARUTI.NS,Stock,Automobile,https://1drv.ms/i/c/8705623eb284e7df/IQRy4-ATL2CUSpb-yw5vRsY1AT3UCJI_xDLALKd77EjVf3c?width=1024&height=727
16-02-2022,8278.671875,8426.682033,8241.102522,8410.863061,422704,15,Maruti Suzuki,MARUTI.NS,Stock,Automobile,https://1drv.ms/i/c/8705623eb284e7df/IQRy4-ATL2CUSpb-yw5vRsY1AT3UCJI_xDLALKd77EjVf3c?width=1024&height=727
17-02-2022,8249.25293,8351.350011,8222.775885,8271.00331,305313,15,Maruti Suzuki,MARUTI.NS,Stock,Automobile,https://1drv.ms/i/c/8705623eb284e7df/IQRy4-ATL2CUSpb-yw5vRsY1AT3UCJI_xDLALKd77EjVf3c?width=1024&height=727
18-02-2022,8265.3125,8339.43862,8218.001583,8246.89,385273,15,Maruti Suzuki,MARUTI.NS,Stock,Automobile,https://1drv.ms/i/c/8705623eb284e7df/IQRy4-ATL2CUSpb-yw5vRsY1AT3UCJI_xDLALKd77EjVf3c?width=1024&height=727
21-02-2022,8307.368164,8414.963375,8144.262426,8241.151524,626049,15,Maruti Suzuki,MARUTI.NS,Stock,Automobile,https://1drv.ms/i/c/8705623eb284e7df/IQRy4-ATL2CUSpb-yw5vRsY1AT3UCJI_xDLALKd77EjVf3c?width=1024&height=727
22-02-2022,8317.109375,8352.797673,8087.59485,8193.840254,620828,15,Maruti Suzuki,MARUTI.NS,Stock,Automobile,https://1drv.ms/i/c/8705623eb284e7df/IQRy4-ATL2CUSpb-yw5vRsY1AT3UCJI_xDLALKd77EjVf3c?width=1024&height=727
23-02-2022,8390.461914,8478.332843,8348.359939,8381.926037,557954,15,Maruti Suzuki,MARUTI.NS,Stock,Automobile,https://1drv.ms/i/c/8705623eb284e7df/IQRy4-ATL2CUSpb-yw5vRsY1AT3UCJI_xDLALKd77EjVf3c?width=1024&height=727
24-02-2022,7919.087891,8282.818737,7865.892666,8104.136135,947351,15,Maruti Suzuki,MARUTI.NS,Stock,Automobile,https://1drv.ms/i/c/8705623eb284e7df/IQRy4-ATL2CUSpb-yw5vRsY1AT3UCJI_xDLALKd77EjVf3c?width=1024&height=727
25-02-2022,8059.863281,8165.867537,7918.508888,7967.170548,1344343,15,Maruti Suzuki,MARUTI.NS,Stock,Automobile,https://1drv.ms/i/c/8705623eb284e7df/IQRy4-ATL2CUSpb-yw5vRsY1AT3UCJI_xDLALKd77EjVf3c?width=1024&height=727
28-02-2022,8019.401367,8044.28653,7826.443155,8005.752629,961303,15,Maruti Suzuki,MARUTI.NS,Stock,Automobile,https://1drv.ms/i/c/8705623eb284e7df/IQRy4-ATL2CUSpb-yw5vRsY1AT3UCJI_xDLALKd77EjVf3c?width=1024&height=727
02-03-2022,7537.174805,7908.332866,7488.754283,7907.079141,1783011,15,Maruti Suzuki,MARUTI.NS,Stock,Automobile,https://1drv.ms/i/c/8705623eb284e7df/IQRy4-ATL2CUSpb-yw5vRsY1AT3UCJI_xDLALKd77EjVf3c?width=1024&height=727
03-03-2022,7326.276367,7658.467256,7290.540033,7643.082519,1050154,15,Maruti Suzuki,MARUTI.NS,Stock,Automobile,https://1drv.ms/i/c/8705623eb284e7df/IQRy4-ATL2CUSpb-yw5vRsY1AT3UCJI_xDLALKd77EjVf3c?width=1024&height=727
04-03-2022,6990.372559,7252.633688,6877.231201,7216.752293,2511658,15,Maruti Suzuki,MARUTI.NS,Stock,Automobile,https://1drv.ms/i/c/8705623eb284e7df/IQRy4-ATL2CUSpb-yw5vRsY1AT3UCJI_xDLALKd77EjVf3c?width=1024&height=727
07-03-2022,6529.077148,6780.631692,6491.411716,6744.123435,2469925,15,Maruti Suzuki,MARUTI.NS,Stock,Automobile,https://1drv.ms/i/c/8705623eb284e7df/IQRy4-ATL2CUSpb-yw5vRsY1AT3UCJI_xDLALKd77EjVf3c?width=1024&height=727
08-03-2022,6565.006348,6611.980049,6304.819387,6467.297772,2840376,15,Maruti Suzuki,MARUTI.NS,Stock,Automobile,https://1drv.ms/i/c/8705623eb284e7df/IQRy4-ATL2CUSpb-yw5vRsY1AT3UCJI_xDLALKd77EjVf3c?width=1024&height=727
09-03-2022,6777.737793,6827.170904,6536.745254,6630.306459,1827539,15,Maruti Suzuki,MARUTI.NS,Stock,Automobile,https://1drv.ms/i/c/8705623eb284e7df/IQRy4-ATL2CUSpb-yw5vRsY1AT3UCJI_xDLALKd77EjVf3c?width=1024&height=727
10-03-2022,6956.130859,7137.514492,6922.853935,6997.799544,1535070,15,Maruti Suzuki,MARUTI.NS,Stock,Automobile,https://1drv.ms/i/c/8705623eb284e7df/IQRy4-ATL2CUSpb-yw5vRsY1AT3UCJI_xDLALKd77EjVf3c?width=1024&height=727
11-03-2022,6850.753906,6944.749348,6829.003525,6944.749348,1024452,15,Maruti Suzuki,MARUTI.NS,Stock,Automobile,https://1drv.ms/i/c/8705623eb284e7df/IQRy4-ATL2CUSpb-yw5vRsY1AT3UCJI_xDLALKd77EjVf3c?width=1024&height=727
14-03-2022,7057.360352,7074.963362,6763.414191,6800.067035,1023874,15,Maruti Suzuki,MARUTI.NS,Stock,Automobile,https://1drv.ms/i/c/8705623eb284e7df/IQRy4-ATL2CUSpb-yw5vRsY1AT3UCJI_xDLALKd77EjVf3c?width=1024&height=727
15-03-2022,7157.046387,7349.859537,7058.565891,7061.459537,1586111,15,Maruti Suzuki,MARUTI.NS,Stock,Automobile,https://1drv.ms/i/c/8705623eb284e7df/IQRy4-ATL2CUSpb-yw5vRsY1AT3UCJI_xDLALKd77EjVf3c?width=1024&height=727
16-03-2022,7220.41748,7326.469784,7176.241344,7301.632658,584457,15,Maruti Suzuki,MARUTI.NS,Stock,Automobile,https://1drv.ms/i/c/8705623eb284e7df/IQRy4-ATL2CUSpb-yw5vRsY1AT3UCJI_xDLALKd77EjVf3c?width=1024&height=727
17-03-2022,7420.271484,7467.486321,7263.050082,7305.490215,1133271,15,Maruti Suzuki,MARUTI.NS,Stock,Automobile,https://1drv.ms/i/c/8705623eb284e7df/IQRy4-ATL2CUSpb-yw5vRsY1AT3UCJI_xDLALKd77EjVf3c?width=1024&height=727
21-03-2022,7432.376953,7658.515551,7378.796469,7565.918889,1354525,15,Maruti Suzuki,MARUTI.NS,Stock,Automobile,https://1drv.ms/i/c/8705623eb284e7df/IQRy4-ATL2CUSpb-yw5vRsY1AT3UCJI_xDLALKd77EjVf3c?width=1024&height=727
22-03-2022,7491.310059,7532.158779,7269.463917,7441.443187,1093502,15,Maruti Suzuki,MARUTI.NS,Stock,Automobile,https://1drv.ms/i/c/8705623eb284e7df/IQRy4-ATL2CUSpb-yw5vRsY1AT3UCJI_xDLALKd77EjVf3c?width=1024&height=727
23-03-2022,7373.829102,7584.052176,7341.179039,7523.478715,808597,15,Maruti Suzuki,MARUTI.NS,Stock,Automobile,https://1drv.ms/i/c/8705623eb284e7df/IQRy4-ATL2CUSpb-yw5vRsY1AT3UCJI_xDLALKd77EjVf3c?width=1024&height=727
24-03-2022,7289.04541,7383.619208,7259.53013,7329.893665,565485,15,Maruti Suzuki,MARUTI.NS,Stock,Automobile,https://1drv.ms/i/c/8705623eb284e7df/IQRy4-ATL2CUSpb-yw5vRsY1AT3UCJI_xDLALKd77EjVf3c?width=1024&height=727
25-03-2022,7152.561523,7274.914127,7123.190833,7248.58214,686637,15,Maruti Suzuki,MARUTI.NS,Stock,Automobile,https://1drv.ms/i/c/8705623eb284e7df/IQRy4-ATL2CUSpb-yw5vRsY1AT3UCJI_xDLALKd77EjVf3c?width=1024&height=727
28-03-2022,7212.26709,7271.731413,7150.198297,7161.77288,599515,15,Maruti Suzuki,MARUTI.NS,Stock,Automobile,https://1drv.ms/i/c/8705623eb284e7df/IQRy4-ATL2CUSpb-yw5vRsY1AT3UCJI_xDLALKd77EjVf3c?width=1024&height=727
29-03-2022,7175.420898,7294.976874,7138.623467,7267.872967,446257,15,Maruti Suzuki,MARUTI.NS,Stock,Automobile,https://1drv.ms/i/c/8705623eb284e7df/IQRy4-ATL2CUSpb-yw5vRsY1AT3UCJI_xDLALKd77EjVf3c?width=1024&height=727
30-03-2022,7329.21875,7359.457441,7224.468683,7254.369688,589206,15,Maruti Suzuki,MARUTI.NS,Stock,Automobile,https://1drv.ms/i/c/8705623eb284e7df/IQRy4-ATL2CUSpb-yw5vRsY1AT3UCJI_xDLALKd77EjVf3c?width=1024&height=727
31-03-2022,7293.240234,7381.448381,7261.120958,7329.169665,434317,15,Maruti Suzuki,MARUTI.NS,Stock,Automobile,https://1drv.ms/i/c/8705623eb284e7df/IQRy4-ATL2CUSpb-yw5vRsY1AT3UCJI_xDLALKd77EjVf3c?width=1024&height=727
01-04-2022,7427.071777,7454.995646,7250.849042,7305.490623,449386,15,Maruti Suzuki,MARUTI.NS,Stock,Automobile,https://1drv.ms/i/c/8705623eb284e7df/IQRy4-ATL2CUSpb-yw5vRsY1AT3UCJI_xDLALKd77EjVf3c?width=1024&height=727
04-04-2022,7499.171387,7517.690906,7361.096365,7378.795924,491029,15,Maruti Suzuki,MARUTI.NS,Stock,Automobile,https://1drv.ms/i/c/8705623eb284e7df/IQRy4-ATL2CUSpb-yw5vRsY1AT3UCJI_xDLALKd77EjVf3c?width=1024&height=727
05-04-2022,7486.681152,7619.933438,7455.960187,7505.152163,488132,15,Maruti Suzuki,MARUTI.NS,Stock,Automobile,https://1drv.ms/i/c/8705623eb284e7df/IQRy4-ATL2CUSpb-yw5vRsY1AT3UCJI_xDLALKd77EjVf3c?width=1024&height=727
06-04-2022,7469.656738,7570.741233,7402.909793,7464.640898,393628,15,Maruti Suzuki,MARUTI.NS,Stock,Automobile,https://1drv.ms/i/c/8705623eb284e7df/IQRy4-ATL2CUSpb-yw5vRsY1AT3UCJI_xDLALKd77EjVf3c?width=1024&height=727
07-04-2022,7369.633301,7473.322271,7350.872643,7388.200861,458566,15,Maruti Suzuki,MARUTI.NS,Stock,Automobile,https://1drv.ms/i/c/8705623eb284e7df/IQRy4-ATL2CUSpb-yw5vRsY1AT3UCJI_xDLALKd77EjVf3c?width=1024&height=727
08-04-2022,7290.009277,7456.441927,7248.967457,7435.511037,849846,15,Maruti Suzuki,MARUTI.NS,Stock,Automobile,https://1drv.ms/i/c/8705623eb284e7df/IQRy4-ATL2CUSpb-yw5vRsY1AT3UCJI_xDLALKd77EjVf3c?width=1024&height=727
11-04-2022,7297.195313,7346.531875,7219.645705,7344.892425,496254,15,Maruti Suzuki,MARUTI.NS,Stock,Automobile,https://1drv.ms/i/c/8705623eb284e7df/IQRy4-ATL2CUSpb-yw5vRsY1AT3UCJI_xDLALKd77EjVf3c?width=1024&height=727
12-04-2022,7348.268066,7438.115664,7234.113659,7272.695598,598047,15,Maruti Suzuki,MARUTI.NS,Stock,Automobile,https://1drv.ms/i/c/8705623eb284e7df/IQRy4-ATL2CUSpb-yw5vRsY1AT3UCJI_xDLALKd77EjVf3c?width=1024&height=727
13-04-2022,7204.695801,7431.798958,7176.241617,7348.268955,527991,15,Maruti Suzuki,MARUTI.NS,Stock,Automobile,https://1drv.ms/i/c/8705623eb284e7df/IQRy4-ATL2CUSpb-yw5vRsY1AT3UCJI_xDLALKd77EjVf3c?width=1024&height=727
18-04-2022,7305.007813,7329.603798,7094.253973,7113.062668,551783,15,Maruti Suzuki,MARUTI.NS,Stock,Automobile,https://1drv.ms/i/c/8705623eb284e7df/IQRy4-ATL2CUSpb-yw5vRsY1AT3UCJI_xDLALKd77EjVf3c?width=1024&height=727
19-04-2022,7171.515137,7405.803889,7089.43196,7311.27813,425990,15,Maruti Suzuki,MARUTI.NS,Stock,Automobile,https://1drv.ms/i/c/8705623eb284e7df/IQRy4-ATL2CUSpb-yw5vRsY1AT3UCJI_xDLALKd77EjVf3c?width=1024&height=727
20-04-2022,7394.904785,7426.059516,7207.685812,7233.1498,542622,15,Maruti Suzuki,MARUTI.NS,Stock,Automobile,https://1drv.ms/i/c/8705623eb284e7df/IQRy4-ATL2CUSpb-yw5vRsY1AT3UCJI_xDLALKd77EjVf3c?width=1024&height=727
21-04-2022,7599.870605,7619.739927,7413.567689,7436.475715,772708,15,Maruti Suzuki,MARUTI.NS,Stock,Automobile,https://1drv.ms/i/c/8705623eb284e7df/IQRy4-ATL2CUSpb-yw5vRsY1AT3UCJI_xDLALKd77EjVf3c?width=1024&height=727
22-04-2022,7624.273926,7732.44795,7456.924754,7512.86857,960818,15,Maruti Suzuki,MARUTI.NS,Stock,Automobile,https://1drv.ms/i/c/8705623eb284e7df/IQRy4-ATL2CUSpb-yw5vRsY1AT3UCJI_xDLALKd77EjVf3c?width=1024&height=727
25-04-2022,7631.845703,7714.459191,7533.124066,7533.124066,701521,15,Maruti Suzuki,MARUTI.NS,Stock,Automobile,https://1drv.ms/i/c/8705623eb284e7df/IQRy4-ATL2CUSpb-yw5vRsY1AT3UCJI_xDLALKd77EjVf3c?width=1024&height=727
26-04-2022,7626.443848,7781.495019,7552.41475,7716.387995,801963,15,Maruti Suzuki,MARUTI.NS,Stock,Automobile,https://1drv.ms/i/c/8705623eb284e7df/IQRy4-ATL2CUSpb-yw5vRsY1AT3UCJI_xDLALKd77EjVf3c?width=1024&height=727
27-04-2022,7512.290039,7586.174554,7446.315011,7572.670874,570519,15,Maruti Suzuki,MARUTI.NS,Stock,Automobile,https://1drv.ms/i/c/8705623eb284e7df/IQRy4-ATL2CUSpb-yw5vRsY1AT3UCJI_xDLALKd77EjVf3c?width=1024&height=727
28-04-2022,7608.50293,7658.514862,7491.3588,7565.918209,561932,15,Maruti Suzuki,MARUTI.NS,Stock,Automobile,https://1drv.ms/i/c/8705623eb284e7df/IQRy4-ATL2CUSpb-yw5vRsY1AT3UCJI_xDLALKd77EjVf3c?width=1024&height=727
29-04-2022,7444.192871,7664.785321,7355.647499,7637.295686,1162749,15,Maruti Suzuki,MARUTI.NS,Stock,Automobile,https://1drv.ms/i/c/8705623eb284e7df/IQRy4-ATL2CUSpb-yw5vRsY1AT3UCJI_xDLALKd77EjVf3c?width=1024&height=727
02-05-2022,7364.086914,7475.251133,7276.843311,7393.264507,544053,15,Maruti Suzuki,MARUTI.NS,Stock,Automobile,https://1drv.ms/i/c/8705623eb284e7df/IQRy4-ATL2CUSpb-yw5vRsY1AT3UCJI_xDLALKd77EjVf3c?width=1024&height=727
04-05-2022,7135.633789,7472.35779,7095.701572,7378.796578,599211,15,Maruti Suzuki,MARUTI.NS,Stock,Automobile,https://1drv.ms/i/c/8705623eb284e7df/IQRy4-ATL2CUSpb-yw5vRsY1AT3UCJI_xDLALKd77EjVf3c?width=1024&height=727
05-05-2022,7145.038086,7270.767086,7118.513,7185.886812,524174,15,Maruti Suzuki,MARUTI.NS,Stock,Automobile,https://1drv.ms/i/c/8705623eb284e7df/IQRy4-ATL2CUSpb-yw5vRsY1AT3UCJI_xDLALKd77EjVf3c?width=1024&height=727
06-05-2022,7021.189453,7098.980193,6902.935716,7054.707512,650559,15,Maruti Suzuki,MARUTI.NS,Stock,Automobile,https://1drv.ms/i/c/8705623eb284e7df/IQRy4-ATL2CUSpb-yw5vRsY1AT3UCJI_xDLALKd77EjVf3c?width=1024&height=727
09-05-2022,7099.366211,7161.290414,6877.230877,6946.196096,570578,15,Maruti Suzuki,MARUTI.NS,Stock,Automobile,https://1drv.ms/i/c/8705623eb284e7df/IQRy4-ATL2CUSpb-yw5vRsY1AT3UCJI_xDLALKd77EjVf3c?width=1024&height=727
10-05-2022,7249.450195,7306.455108,7089.576277,7089.576277,663616,15,Maruti Suzuki,MARUTI.NS,Stock,Automobile,https://1drv.ms/i/c/8705623eb284e7df/IQRy4-ATL2CUSpb-yw5vRsY1AT3UCJI_xDLALKd77EjVf3c?width=1024&height=727
11-05-2022,7134.235352,7291.552844,7086.152512,7252.440589,605312,15,Maruti Suzuki,MARUTI.NS,Stock,Automobile,https://1drv.ms/i/c/8705623eb284e7df/IQRy4-ATL2CUSpb-yw5vRsY1AT3UCJI_xDLALKd77EjVf3c?width=1024&height=727
12-05-2022,6996.497559,7064.305605,6955.166559,6965.487417,571754,15,Maruti Suzuki,MARUTI.NS,Stock,Automobile,https://1drv.ms/i/c/8705623eb284e7df/IQRy4-ATL2CUSpb-yw5vRsY1AT3UCJI_xDLALKd77EjVf3c?width=1024&height=727
13-05-2022,6850.175781,7079.786376,6811.979564,7079.786376,703097,15,Maruti Suzuki,MARUTI.NS,Stock,Automobile,https://1drv.ms/i/c/8705623eb284e7df/IQRy4-ATL2CUSpb-yw5vRsY1AT3UCJI_xDLALKd77EjVf3c?width=1024&height=727
16-05-2022,6990.661621,7046.364296,6896.521596,6903.273435,369545,15,Maruti Suzuki,MARUTI.NS,Stock,Automobile,https://1drv.ms/i/c/8705623eb284e7df/IQRy4-ATL2CUSpb-yw5vRsY1AT3UCJI_xDLALKd77EjVf3c?width=1024&height=727
17-05-2022,7265.751465,7315.763404,6997.848093,7021.913769,811448,15,Maruti Suzuki,MARUTI.NS,Stock,Automobile,https://1drv.ms/i/c/8705623eb284e7df/IQRy4-ATL2CUSpb-yw5vRsY1AT3UCJI_xDLALKd77EjVf3c?width=1024&height=727
18-05-2022,7298.304688,7369.295555,7243.37393,7297.774374,576970,15,Maruti Suzuki,MARUTI.NS,Stock,Automobile,https://1drv.ms/i/c/8705623eb284e7df/IQRy4-ATL2CUSpb-yw5vRsY1AT3UCJI_xDLALKd77EjVf3c?width=1024&height=727
19-05-2022,7142.047852,7258.227914,7123.239155,7185.886772,363255,15,Maruti Suzuki,MARUTI.NS,Stock,Automobile,https://1drv.ms/i/c/8705623eb284e7df/IQRy4-ATL2CUSpb-yw5vRsY1AT3UCJI_xDLALKd77EjVf3c?width=1024&height=727
20-05-2022,7317.644043,7377.735229,7185.886618,7253.935329,742204,15,Maruti Suzuki,MARUTI.NS,Stock,Automobile,https://1drv.ms/i/c/8705623eb284e7df/IQRy4-ATL2CUSpb-yw5vRsY1AT3UCJI_xDLALKd77EjVf3c?width=1024&height=727
23-05-2022,7617.474121,7672.839114,7500.426061,7523.575226,1161175,15,Maruti Suzuki,MARUTI.NS,Stock,Automobile,https://1drv.ms/i/c/8705623eb284e7df/IQRy4-ATL2CUSpb-yw5vRsY1AT3UCJI_xDLALKd77EjVf3c?width=1024&height=727
24-05-2022,7526.034668,7660.396564,7515.086948,7638.259986,581609,15,Maruti Suzuki,MARUTI.NS,Stock,Automobile,https://1drv.ms/i/c/8705623eb284e7df/IQRy4-ATL2CUSpb-yw5vRsY1AT3UCJI_xDLALKd77EjVf3c?width=1024&height=727
25-05-2022,7511.180664,7580.869297,7423.213648,7562.0606,454335,15,Maruti Suzuki,MARUTI.NS,Stock,Automobile,https://1drv.ms/i/c/8705623eb284e7df/IQRy4-ATL2CUSpb-yw5vRsY1AT3UCJI_xDLALKd77EjVf3c?width=1024&height=727
26-05-2022,7528.30127,7562.012429,7349.859792,7523.478527,476799,15,Maruti Suzuki,MARUTI.NS,Stock,Automobile,https://1drv.ms/i/c/8705623eb284e7df/IQRy4-ATL2CUSpb-yw5vRsY1AT3UCJI_xDLALKd77EjVf3c?width=1024&height=727
27-05-2022,7661.36084,7683.496946,7555.308542,7644.047006,431411,15,Maruti Suzuki,MARUTI.NS,Stock,Automobile,https://1drv.ms/i/c/8705623eb284e7df/IQRy4-ATL2CUSpb-yw5vRsY1AT3UCJI_xDLALKd77EjVf3c?width=1024&height=727
30-05-2022,7729.794922,7774.260701,7669.124917,7697.289921,389517,15,Maruti Suzuki,MARUTI.NS,Stock,Automobile,https://1drv.ms/i/c/8705623eb284e7df/IQRy4-ATL2CUSpb-yw5vRsY1AT3UCJI_xDLALKd77EjVf3c?width=1024&height=727
31-05-2022,7683.931152,7812.842967,7619.933264,7729.795246,2494005,15,Maruti Suzuki,MARUTI.NS,Stock,Automobile,https://1drv.ms/i/c/8705623eb284e7df/IQRy4-ATL2CUSpb-yw5vRsY1AT3UCJI_xDLALKd77EjVf3c?width=1024&height=727
01-06-2022,7657.936035,7782.845062,7600.738499,7692.322094,522004,15,Maruti Suzuki,MARUTI.NS,Stock,Automobile,https://1drv.ms/i/c/8705623eb284e7df/IQRy4-ATL2CUSpb-yw5vRsY1AT3UCJI_xDLALKd77EjVf3c?width=1024&height=727
02-06-2022,7644.432617,7689.380672,7577.10732,7644.046892,352848,15,Maruti Suzuki,MARUTI.NS,Stock,Automobile,https://1drv.ms/i/c/8705623eb284e7df/IQRy4-ATL2CUSpb-yw5vRsY1AT3UCJI_xDLALKd77EjVf3c?width=1024&height=727
03-06-2022,7431.894531,7711.565568,7408.697327,7668.160884,591905,15,Maruti Suzuki,MARUTI.NS,Stock,Automobile,https://1drv.ms/i/c/8705623eb284e7df/IQRy4-ATL2CUSpb-yw5vRsY1AT3UCJI_xDLALKd77EjVf3c?width=1024&height=727
06-06-2022,7437.199219,7501.197106,7322.32187,7417.377936,606990,15,Maruti Suzuki,MARUTI.NS,Stock,Automobile,https://1drv.ms/i/c/8705623eb284e7df/IQRy4-ATL2CUSpb-yw5vRsY1AT3UCJI_xDLALKd77EjVf3c?width=1024&height=727
07-06-2022,7532.54541,7542.769719,7287.164351,7345.085304,991192,15,Maruti Suzuki,MARUTI.NS,Stock,Automobile,https://1drv.ms/i/c/8705623eb284e7df/IQRy4-ATL2CUSpb-yw5vRsY1AT3UCJI_xDLALKd77EjVf3c?width=1024&height=727
08-06-2022,7612.650879,7640.18855,7446.989677,7546.627347,813596,15,Maruti Suzuki,MARUTI.NS,Stock,Automobile,https://1drv.ms/i/c/8705623eb284e7df/IQRy4-ATL2CUSpb-yw5vRsY1AT3UCJI_xDLALKd77EjVf3c?width=1024&height=727
09-06-2022,7648.725098,7726.033567,7552.511384,7569.776708,687937,15,Maruti Suzuki,MARUTI.NS,Stock,Automobile,https://1drv.ms/i/c/8705623eb284e7df/IQRy4-ATL2CUSpb-yw5vRsY1AT3UCJI_xDLALKd77EjVf3c?width=1024&height=727
10-06-2022,7653.789063,7705.006683,7548.556725,7548.556725,442921,15,Maruti Suzuki,MARUTI.NS,Stock,Automobile,https://1drv.ms/i/c/8705623eb284e7df/IQRy4-ATL2CUSpb-yw5vRsY1AT3UCJI_xDLALKd77EjVf3c?width=1024&height=727
13-06-2022,7621.477051,7684.896119,7517.450394,7571.658211,565826,15,Maruti Suzuki,MARUTI.NS,Stock,Automobile,https://1drv.ms/i/c/8705623eb284e7df/IQRy4-ATL2CUSpb-yw5vRsY1AT3UCJI_xDLALKd77EjVf3c?width=1024&height=727
14-06-2022,7534.71582,7621.284055,7475.251495,7528.301666,553462,15,Maruti Suzuki,MARUTI.NS,Stock,Automobile,https://1drv.ms/i/c/8705623eb284e7df/IQRy4-ATL2CUSpb-yw5vRsY1AT3UCJI_xDLALKd77EjVf3c?width=1024&height=727
15-06-2022,7575.03418,7647.905636,7538.911647,7538.911647,604566,15,Maruti Suzuki,MARUTI.NS,Stock,Automobile,https://1drv.ms/i/c/8705623eb284e7df/IQRy4-ATL2CUSpb-yw5vRsY1AT3UCJI_xDLALKd77EjVf3c?width=1024&height=727
16-06-2022,7555.887207,7740.501695,7528.301026,7656.585976,1319566,15,Maruti Suzuki,MARUTI.NS,Stock,Automobile,https://1drv.ms/i/c/8705623eb284e7df/IQRy4-ATL2CUSpb-yw5vRsY1AT3UCJI_xDLALKd77EjVf3c?width=1024&height=727
17-06-2022,7415.59375,7571.416849,7375.082711,7528.301341,1317656,15,Maruti Suzuki,MARUTI.NS,Stock,Automobile,https://1drv.ms/i/c/8705623eb284e7df/IQRy4-ATL2CUSpb-yw5vRsY1AT3UCJI_xDLALKd77EjVf3c?width=1024&height=727
20-06-2022,7389.358398,7508.142458,7355.647238,7426.830733,1043423,15,Maruti Suzuki,MARUTI.NS,Stock,Automobile,https://1drv.ms/i/c/8705623eb284e7df/IQRy4-ATL2CUSpb-yw5vRsY1AT3UCJI_xDLALKd77EjVf3c?width=1024&height=727
21-06-2022,7504.766113,7562.0602,7354.826861,7441.443599,954884,15,Maruti Suzuki,MARUTI.NS,Stock,Automobile,https://1drv.ms/i/c/8705623eb284e7df/IQRy4-ATL2CUSpb-yw5vRsY1AT3UCJI_xDLALKd77EjVf3c?width=1024&height=727
22-06-2022,7506.840332,7590.032646,7443.035539,7475.251367,796824,15,Maruti Suzuki,MARUTI.NS,Stock,Automobile,https://1drv.ms/i/c/8705623eb284e7df/IQRy4-ATL2CUSpb-yw5vRsY1AT3UCJI_xDLALKd77EjVf3c?width=1024&height=727
23-06-2022,7977.78125,8022.921935,7526.372518,7533.124358,1676430,15,Maruti Suzuki,MARUTI.NS,Stock,Automobile,https://1drv.ms/i/c/8705623eb284e7df/IQRy4-ATL2CUSpb-yw5vRsY1AT3UCJI_xDLALKd77EjVf3c?width=1024&height=727
24-06-2022,8066.712891,8092.562604,7946.240396,8015.398718,1156788,15,Maruti Suzuki,MARUTI.NS,Stock,Automobile,https://1drv.ms/i/c/8705623eb284e7df/IQRy4-ATL2CUSpb-yw5vRsY1AT3UCJI_xDLALKd77EjVf3c?width=1024&height=727
27-06-2022,8149.229004,8243.706716,8093.767466,8144.647399,921090,15,Maruti Suzuki,MARUTI.NS,Stock,Automobile,https://1drv.ms/i/c/8705623eb284e7df/IQRy4-ATL2CUSpb-yw5vRsY1AT3UCJI_xDLALKd77EjVf3c?width=1024&height=727
28-06-2022,8188.728027,8237.148553,8083.92945,8116.917199,691242,15,Maruti Suzuki,MARUTI.NS,Stock,Automobile,https://1drv.ms/i/c/8705623eb284e7df/IQRy4-ATL2CUSpb-yw5vRsY1AT3UCJI_xDLALKd77EjVf3c?width=1024&height=727
29-06-2022,8207.24707,8227.598667,8073.270908,8092.513838,655413,15,Maruti Suzuki,MARUTI.NS,Stock,Automobile,https://1drv.ms/i/c/8705623eb284e7df/IQRy4-ATL2CUSpb-yw5vRsY1AT3UCJI_xDLALKd77EjVf3c?width=1024&height=727
30-06-2022,8170.450195,8328.491109,8136.545935,8198.663242,1130302,15,Maruti Suzuki,MARUTI.NS,Stock,Automobile,https://1drv.ms/i/c/8705623eb284e7df/IQRy4-ATL2CUSpb-yw5vRsY1AT3UCJI_xDLALKd77EjVf3c?width=1024&height=727
01-07-2022,8104.71582,8150.435801,8011.154605,8140.790315,530569,15,Maruti Suzuki,MARUTI.NS,Stock,Automobile,https://1drv.ms/i/c/8705623eb284e7df/IQRy4-ATL2CUSpb-yw5vRsY1AT3UCJI_xDLALKd77EjVf3c?width=1024&height=727
04-07-2022,8144.02002,8167.41032,8025.043341,8104.714669,625431,15,Maruti Suzuki,MARUTI.NS,Stock,Automobile,https://1drv.ms/i/c/8705623eb284e7df/IQRy4-ATL2CUSpb-yw5vRsY1AT3UCJI_xDLALKd77EjVf3c?width=1024&height=727
05-07-2022,8052.726563,8206.909269,8039.512059,8197.215745,610290,15,Maruti Suzuki,MARUTI.NS,Stock,Automobile,https://1drv.ms/i/c/8705623eb284e7df/IQRy4-ATL2CUSpb-yw5vRsY1AT3UCJI_xDLALKd77EjVf3c?width=1024&height=727
06-07-2022,8324.101563,8345.707826,8073.270914,8080.022754,976098,15,Maruti Suzuki,MARUTI.NS,Stock,Automobile,https://1drv.ms/i/c/8705623eb284e7df/IQRy4-ATL2CUSpb-yw5vRsY1AT3UCJI_xDLALKd77EjVf3c?width=1024&height=727
07-07-2022,8301.291016,8391.572383,8272.161461,8386.74964,547662,15,Maruti Suzuki,MARUTI.NS,Stock,Automobile,https://1drv.ms/i/c/8705623eb284e7df/IQRy4-ATL2CUSpb-yw5vRsY1AT3UCJI_xDLALKd77EjVf3c?width=1024&height=727
08-07-2022,8175.465332,8350.048617,8145.612367,8314.40836,686327,15,Maruti Suzuki,MARUTI.NS,Stock,Automobile,https://1drv.ms/i/c/8705623eb284e7df/IQRy4-ATL2CUSpb-yw5vRsY1AT3UCJI_xDLALKd77EjVf3c?width=1024&height=727
11-07-2022,8206.042969,8222.777512,8117.737783,8152.076282,536114,15,Maruti Suzuki,MARUTI.NS,Stock,Automobile,https://1drv.ms/i/c/8705623eb284e7df/IQRy4-ATL2CUSpb-yw5vRsY1AT3UCJI_xDLALKd77EjVf3c?width=1024&height=727
12-07-2022,8121.209473,8196.203121,8079.299651,8193.839789,424358,15,Maruti Suzuki,MARUTI.NS,Stock,Automobile,https://1drv.ms/i/c/8705623eb284e7df/IQRy4-ATL2CUSpb-yw5vRsY1AT3UCJI_xDLALKd77EjVf3c?width=1024&height=727
13-07-2022,8140.982422,8187.232711,8083.880962,8154.293003,413855,15,Maruti Suzuki,MARUTI.NS,Stock,Automobile,https://1drv.ms/i/c/8705623eb284e7df/IQRy4-ATL2CUSpb-yw5vRsY1AT3UCJI_xDLALKd77EjVf3c?width=1024&height=727
14-07-2022,8264.010742,8282.915517,8150.435152,8164.855341,606496,15,Maruti Suzuki,MARUTI.NS,Stock,Automobile,https://1drv.ms/i/c/8705623eb284e7df/IQRy4-ATL2CUSpb-yw5vRsY1AT3UCJI_xDLALKd77EjVf3c?width=1024&height=727
15-07-2022,8466.855469,8487.06295,8272.161715,8291.259588,631246,15,Maruti Suzuki,MARUTI.NS,Stock,Automobile,https://1drv.ms/i/c/8705623eb284e7df/IQRy4-ATL2CUSpb-yw5vRsY1AT3UCJI_xDLALKd77EjVf3c?width=1024&height=727
18-07-2022,8396.202148,8529.502948,8376.139727,8489.956457,478682,15,Maruti Suzuki,MARUTI.NS,Stock,Automobile,https://1drv.ms/i/c/8705623eb284e7df/IQRy4-ATL2CUSpb-yw5vRsY1AT3UCJI_xDLALKd77EjVf3c?width=1024&height=727
19-07-2022,8406.859375,8486.965879,8360.175794,8391.52362,478458,15,Maruti Suzuki,MARUTI.NS,Stock,Automobile,https://1drv.ms/i/c/8705623eb284e7df/IQRy4-ATL2CUSpb-yw5vRsY1AT3UCJI_xDLALKd77EjVf3c?width=1024&height=727
20-07-2022,8438.883789,8551.157624,8411.056939,8464.396288,398132,15,Maruti Suzuki,MARUTI.NS,Stock,Automobile,https://1drv.ms/i/c/8705623eb284e7df/IQRy4-ATL2CUSpb-yw5vRsY1AT3UCJI_xDLALKd77EjVf3c?width=1024&height=727
21-07-2022,8485.132813,8518.795931,8412.839717,8481.274619,421090,15,Maruti Suzuki,MARUTI.NS,Stock,Automobile,https://1drv.ms/i/c/8705623eb284e7df/IQRy4-ATL2CUSpb-yw5vRsY1AT3UCJI_xDLALKd77EjVf3c?width=1024&height=727
22-07-2022,8517.879883,8573.871736,8479.345981,8536.254344,415294,15,Maruti Suzuki,MARUTI.NS,Stock,Automobile,https://1drv.ms/i/c/8705623eb284e7df/IQRy4-ATL2CUSpb-yw5vRsY1AT3UCJI_xDLALKd77EjVf3c?width=1024&height=727
25-07-2022,8315.952148,8544.550175,8189.017925,8515.517638,623462,15,Maruti Suzuki,MARUTI.NS,Stock,Automobile,https://1drv.ms/i/c/8705623eb284e7df/IQRy4-ATL2CUSpb-yw5vRsY1AT3UCJI_xDLALKd77EjVf3c?width=1024&height=727
26-07-2022,8223.595703,8319.617263,8171.027808,8316.337421,429454,15,Maruti Suzuki,MARUTI.NS,Stock,Automobile,https://1drv.ms/i/c/8705623eb284e7df/IQRy4-ATL2CUSpb-yw5vRsY1AT3UCJI_xDLALKd77EjVf3c?width=1024&height=727
27-07-2022,8351.15625,8398.757279,8160.079586,8252.241998,1298855,15,Maruti Suzuki,MARUTI.NS,Stock,Automobile,https://1drv.ms/i/c/8705623eb284e7df/IQRy4-ATL2CUSpb-yw5vRsY1AT3UCJI_xDLALKd77EjVf3c?width=1024&height=727
28-07-2022,8411.875977,8459.235876,8322.896372,8391.572418,725196,15,Maruti Suzuki,MARUTI.NS,Stock,Automobile,https://1drv.ms/i/c/8705623eb284e7df/IQRy4-ATL2CUSpb-yw5vRsY1AT3UCJI_xDLALKd77EjVf3c?width=1024&height=727
29-07-2022,8462.513672,8625.956591,8420.507776,8453.977795,821432,15,Maruti Suzuki,MARUTI.NS,Stock,Automobile,https://1drv.ms/i/c/8705623eb284e7df/IQRy4-ATL2CUSpb-yw5vRsY1AT3UCJI_xDLALKd77EjVf3c?width=1024&height=727
01-08-2022,8684.216797,8762.923582,8509.825665,8536.254672,1009408,15,Maruti Suzuki,MARUTI.NS,Stock,Automobile,https://1drv.ms/i/c/8705623eb284e7df/IQRy4-ATL2CUSpb-yw5vRsY1AT3UCJI_xDLALKd77EjVf3c?width=1024&height=727
02-08-2022,8847.851563,8870.807629,8636.567399,8666.468403,848311,15,Maruti Suzuki,MARUTI.NS,Stock,Automobile,https://1drv.ms/i/c/8705623eb284e7df/IQRy4-ATL2CUSpb-yw5vRsY1AT3UCJI_xDLALKd77EjVf3c?width=1024&height=727
03-08-2022,8698.722656,8878.630081,8597.89421,8878.630081,753729,15,Maruti Suzuki,MARUTI.NS,Stock,Automobile,https://1drv.ms/i/c/8705623eb284e7df/IQRy4-ATL2CUSpb-yw5vRsY1AT3UCJI_xDLALKd77EjVf3c?width=1024&height=727
04-08-2022,8705.760742,8784.694646,8573.038652,8761.393068,643264,15,Maruti Suzuki,MARUTI.NS,Stock,Automobile,https://1drv.ms/i/c/8705623eb284e7df/IQRy4-ATL2CUSpb-yw5vRsY1AT3UCJI_xDLALKd77EjVf3c?width=1024&height=727
05-08-2022,8583.913086,8723.722553,8553.620845,8705.85763,558385,15,Maruti Suzuki,MARUTI.NS,Stock,Automobile,https://1drv.ms/i/c/8705623eb284e7df/IQRy4-ATL2CUSpb-yw5vRsY1AT3UCJI_xDLALKd77EjVf3c?width=1024&height=727
08-08-2022,8662.313477,8736.150164,8583.719004,8583.913374,520993,15,Maruti Suzuki,MARUTI.NS,Stock,Automobile,https://1drv.ms/i/c/8705623eb284e7df/IQRy4-ATL2CUSpb-yw5vRsY1AT3UCJI_xDLALKd77EjVf3c?width=1024&height=727
10-08-2022,8621.291992,8737.605502,8569.154527,8678.477374,445375,15,Maruti Suzuki,MARUTI.NS,Stock,Automobile,https://1drv.ms/i/c/8705623eb284e7df/IQRy4-ATL2CUSpb-yw5vRsY1AT3UCJI_xDLALKd77EjVf3c?width=1024&height=727
11-08-2022,8557.359375,8736.150839,8470.124463,8695.081993,508318,15,Maruti Suzuki,MARUTI.NS,Stock,Automobile,https://1drv.ms/i/c/8705623eb284e7df/IQRy4-ATL2CUSpb-yw5vRsY1AT3UCJI_xDLALKd77EjVf3c?width=1024&height=727
12-08-2022,8446.044922,8558.474838,8422.548976,8558.474838,712782,15,Maruti Suzuki,MARUTI.NS,Stock,Automobile,https://1drv.ms/i/c/8705623eb284e7df/IQRy4-ATL2CUSpb-yw5vRsY1AT3UCJI_xDLALKd77EjVf3c?width=1024&height=727
16-08-2022,8741.683594,8776.927038,8451.724226,8482.890653,963726,15,Maruti Suzuki,MARUTI.NS,Stock,Automobile,https://1drv.ms/i/c/8705623eb284e7df/IQRy4-ATL2CUSpb-yw5vRsY1AT3UCJI_xDLALKd77EjVf3c?width=1024&height=727
17-08-2022,8684.060547,8806.054392,8660.419534,8747.800449,623749,15,Maruti Suzuki,MARUTI.NS,Stock,Automobile,https://1drv.ms/i/c/8705623eb284e7df/IQRy4-ATL2CUSpb-yw5vRsY1AT3UCJI_xDLALKd77EjVf3c?width=1024&height=727
18-08-2022,8687.314453,8750.131817,8618.671694,8665.274853,442229,15,Maruti Suzuki,MARUTI.NS,Stock,Automobile,https://1drv.ms/i/c/8705623eb284e7df/IQRy4-ATL2CUSpb-yw5vRsY1AT3UCJI_xDLALKd77EjVf3c?width=1024&height=727
19-08-2022,8523.475586,8707.023887,8461.386393,8694.839292,572597,15,Maruti Suzuki,MARUTI.NS,Stock,Automobile,https://1drv.ms/i/c/8705623eb284e7df/IQRy4-ATL2CUSpb-yw5vRsY1AT3UCJI_xDLALKd77EjVf3c?width=1024&height=727
22-08-2022,8376.916992,8512.309054,8351.867986,8496.337575,488485,15,Maruti Suzuki,MARUTI.NS,Stock,Automobile,https://1drv.ms/i/c/8705623eb284e7df/IQRy4-ATL2CUSpb-yw5vRsY1AT3UCJI_xDLALKd77EjVf3c?width=1024&height=727
23-08-2022,8466.725586,8502.163403,8314.779877,8356.528538,558231,15,Maruti Suzuki,MARUTI.NS,Stock,Automobile,https://1drv.ms/i/c/8705623eb284e7df/IQRy4-ATL2CUSpb-yw5vRsY1AT3UCJI_xDLALKd77EjVf3c?width=1024&height=727
24-08-2022,8450.705078,8516.726212,8343.906186,8407.985521,442582,15,Maruti Suzuki,MARUTI.NS,Stock,Automobile,https://1drv.ms/i/c/8705623eb284e7df/IQRy4-ATL2CUSpb-yw5vRsY1AT3UCJI_xDLALKd77EjVf3c?width=1024&height=727
25-08-2022,8481.677734,8577.893455,8427.404096,8467.210959,525721,15,Maruti Suzuki,MARUTI.NS,Stock,Automobile,https://1drv.ms/i/c/8705623eb284e7df/IQRy4-ATL2CUSpb-yw5vRsY1AT3UCJI_xDLALKd77EjVf3c?width=1024&height=727
26-08-2022,8466.823242,8575.709967,8452.842862,8543.913018,398063,15,Maruti Suzuki,MARUTI.NS,Stock,Automobile,https://1drv.ms/i/c/8705623eb284e7df/IQRy4-ATL2CUSpb-yw5vRsY1AT3UCJI_xDLALKd77EjVf3c?width=1024&height=727
29-08-2022,8577.117188,8602.069484,8340.023433,8352.256383,459057,15,Maruti Suzuki,MARUTI.NS,Stock,Automobile,https://1drv.ms/i/c/8705623eb284e7df/IQRy4-ATL2CUSpb-yw5vRsY1AT3UCJI_xDLALKd77EjVf3c?width=1024&height=727
30-08-2022,8817.947266,8897.318257,8611.873957,8626.243072,1016312,15,Maruti Suzuki,MARUTI.NS,Stock,Automobile,https://1drv.ms/i/c/8705623eb284e7df/IQRy4-ATL2CUSpb-yw5vRsY1AT3UCJI_xDLALKd77EjVf3c?width=1024&height=727
01-09-2022,8761.879883,8964.943831,8680.809799,8689.499537,888864,15,Maruti Suzuki,MARUTI.NS,Stock,Automobile,https://1drv.ms/i/c/8705623eb284e7df/IQRy4-ATL2CUSpb-yw5vRsY1AT3UCJI_xDLALKd77EjVf3c?width=1024&height=727
02-09-2022,8660.03125,8883.630072,8643.040516,8763.820743,632909,15,Maruti Suzuki,MARUTI.NS,Stock,Automobile,https://1drv.ms/i/c/8705623eb284e7df/IQRy4-ATL2CUSpb-yw5vRsY1AT3UCJI_xDLALKd77EjVf3c?width=1024&height=727
05-09-2022,8689.594727,8754.402237,8616.728944,8641.001419,386455,15,Maruti Suzuki,MARUTI.NS,Stock,Automobile,https://1drv.ms/i/c/8705623eb284e7df/IQRy4-ATL2CUSpb-yw5vRsY1AT3UCJI_xDLALKd77EjVf3c?width=1024&height=727
06-09-2022,8630.078125,8760.178586,8611.87377,8722.847331,397902,15,Maruti Suzuki,MARUTI.NS,Stock,Automobile,https://1drv.ms/i/c/8705623eb284e7df/IQRy4-ATL2CUSpb-yw5vRsY1AT3UCJI_xDLALKd77EjVf3c?width=1024&height=727
07-09-2022,8529.251953,8615.32159,8505.076186,8606.049693,496785,15,Maruti Suzuki,MARUTI.NS,Stock,Automobile,https://1drv.ms/i/c/8705623eb284e7df/IQRy4-ATL2CUSpb-yw5vRsY1AT3UCJI_xDLALKd77EjVf3c?width=1024&height=727
08-09-2022,8534.834961,8626.535627,8524.494506,8572.068564,428924,15,Maruti Suzuki,MARUTI.NS,Stock,Automobile,https://1drv.ms/i/c/8705623eb284e7df/IQRy4-ATL2CUSpb-yw5vRsY1AT3UCJI_xDLALKd77EjVf3c?width=1024&height=727
09-09-2022,8685.663086,8727.411746,8475.948887,8577.553854,632296,15,Maruti Suzuki,MARUTI.NS,Stock,Automobile,https://1drv.ms/i/c/8705623eb284e7df/IQRy4-ATL2CUSpb-yw5vRsY1AT3UCJI_xDLALKd77EjVf3c?width=1024&height=727
12-09-2022,8667.847656,8750.033695,8644.885513,8708.868143,383641,15,Maruti Suzuki,MARUTI.NS,Stock,Automobile,https://1drv.ms/i/c/8705623eb284e7df/IQRy4-ATL2CUSpb-yw5vRsY1AT3UCJI_xDLALKd77EjVf3c?width=1024&height=727
13-09-2022,8666.730469,8727.460015,8651.584823,8711.197456,405093,15,Maruti Suzuki,MARUTI.NS,Stock,Automobile,https://1drv.ms/i/c/8705623eb284e7df/IQRy4-ATL2CUSpb-yw5vRsY1AT3UCJI_xDLALKd77EjVf3c?width=1024&height=727
14-09-2022,8706.24707,8738.092373,8568.86484,8602.020477,509547,15,Maruti Suzuki,MARUTI.NS,Stock,Automobile,https://1drv.ms/i/c/8705623eb284e7df/IQRy4-ATL2CUSpb-yw5vRsY1AT3UCJI_xDLALKd77EjVf3c?width=1024&height=727
15-09-2022,8941.737305,9053.633417,8767.218205,8767.26656,1392132,15,Maruti Suzuki,MARUTI.NS,Stock,Automobile,https://1drv.ms/i/c/8705623eb284e7df/IQRy4-ATL2CUSpb-yw5vRsY1AT3UCJI_xDLALKd77EjVf3c?width=1024&height=727
16-09-2022,8922.223633,9044.799649,8757.55857,8941.495601,1056382,15,Maruti Suzuki,MARUTI.NS,Stock,Automobile,https://1drv.ms/i/c/8705623eb284e7df/IQRy4-ATL2CUSpb-yw5vRsY1AT3UCJI_xDLALKd77EjVf3c?width=1024&height=727
19-09-2022,9010.767578,9071.546424,8806.053904,8908.289379,727024,15,Maruti Suzuki,MARUTI.NS,Stock,Automobile,https://1drv.ms/i/c/8705623eb284e7df/IQRy4-ATL2CUSpb-yw5vRsY1AT3UCJI_xDLALKd77EjVf3c?width=1024&height=727
20-09-2022,9030.186523,9155.578522,8980.816683,9067.226703,747257,15,Maruti Suzuki,MARUTI.NS,Stock,Automobile,https://1drv.ms/i/c/8705623eb284e7df/IQRy4-ATL2CUSpb-yw5vRsY1AT3UCJI_xDLALKd77EjVf3c?width=1024&height=727
21-09-2022,8978.77832,9124.509898,8943.388858,9029.361785,440725,15,Maruti Suzuki,MARUTI.NS,Stock,Automobile,https://1drv.ms/i/c/8705623eb284e7df/IQRy4-ATL2CUSpb-yw5vRsY1AT3UCJI_xDLALKd77EjVf3c?width=1024&height=727
22-09-2022,9128.24707,9160.432754,8918.678885,8931.300573,511112,15,Maruti Suzuki,MARUTI.NS,Stock,Automobile,https://1drv.ms/i/c/8705623eb284e7df/IQRy4-ATL2CUSpb-yw5vRsY1AT3UCJI_xDLALKd77EjVf3c?width=1024&height=727
23-09-2022,9071.547852,9175.967866,9007.370849,9124.461855,574213,15,Maruti Suzuki,MARUTI.NS,Stock,Automobile,https://1drv.ms/i/c/8705623eb284e7df/IQRy4-ATL2CUSpb-yw5vRsY1AT3UCJI_xDLALKd77EjVf3c?width=1024&height=727
26-09-2022,8577.844727,9000.525247,8543.911615,9000.525247,865432,15,Maruti Suzuki,MARUTI.NS,Stock,Automobile,https://1drv.ms/i/c/8705623eb284e7df/IQRy4-ATL2CUSpb-yw5vRsY1AT3UCJI_xDLALKd77EjVf3c?width=1024&height=727
27-09-2022,8518.716797,8649.691461,8418.180388,8631.292734,686285,15,Maruti Suzuki,MARUTI.NS,Stock,Automobile,https://1drv.ms/i/c/8705623eb284e7df/IQRy4-ATL2CUSpb-yw5vRsY1AT3UCJI_xDLALKd77EjVf3c?width=1024&height=727
28-09-2022,8472.793945,8592.457263,8408.034784,8466.240376,663740,15,Maruti Suzuki,MARUTI.NS,Stock,Automobile,https://1drv.ms/i/c/8705623eb284e7df/IQRy4-ATL2CUSpb-yw5vRsY1AT3UCJI_xDLALKd77EjVf3c?width=1024&height=727
29-09-2022,8373.859375,8543.912745,8353.713217,8515.174509,817007,15,Maruti Suzuki,MARUTI.NS,Stock,Automobile,https://1drv.ms/i/c/8705623eb284e7df/IQRy4-ATL2CUSpb-yw5vRsY1AT3UCJI_xDLALKd77EjVf3c?width=1024&height=727
30-09-2022,8571.243164,8613.81671,8309.148766,8415.753296,658982,15,Maruti Suzuki,MARUTI.NS,Stock,Automobile,https://1drv.ms/i/c/8705623eb284e7df/IQRy4-ATL2CUSpb-yw5vRsY1AT3UCJI_xDLALKd77EjVf3c?width=1024&height=727
03-10-2022,8298.274414,8708.964724,8262.351148,8708.964724,1123076,15,Maruti Suzuki,MARUTI.NS,Stock,Automobile,https://1drv.ms/i/c/8705623eb284e7df/IQRy4-ATL2CUSpb-yw5vRsY1AT3UCJI_xDLALKd77EjVf3c?width=1024&height=727
04-10-2022,8437.598633,8503.668127,8378.859237,8445.851275,503140,15,Maruti Suzuki,MARUTI.NS,Stock,Automobile,https://1drv.ms/i/c/8705623eb284e7df/IQRy4-ATL2CUSpb-yw5vRsY1AT3UCJI_xDLALKd77EjVf3c?width=1024&height=727
06-10-2022,8449.735352,8568.185049,8437.599112,8479.833225,474445,15,Maruti Suzuki,MARUTI.NS,Stock,Automobile,https://1drv.ms/i/c/8705623eb284e7df/IQRy4-ATL2CUSpb-yw5vRsY1AT3UCJI_xDLALKd77EjVf3c?width=1024&height=727
07-10-2022,8523.619141,8588.183925,8457.501297,8495.366359,428616,15,Maruti Suzuki,MARUTI.NS,Stock,Automobile,https://1drv.ms/i/c/8705623eb284e7df/IQRy4-ATL2CUSpb-yw5vRsY1AT3UCJI_xDLALKd77EjVf3c?width=1024&height=727
10-10-2022,8604.496094,8618.137036,8406.043949,8422.549233,411218,15,Maruti Suzuki,MARUTI.NS,Stock,Automobile,https://1drv.ms/i/c/8705623eb284e7df/IQRy4-ATL2CUSpb-yw5vRsY1AT3UCJI_xDLALKd77EjVf3c?width=1024&height=727
11-10-2022,8431.43457,8592.457822,8412.841472,8554.592753,422610,15,Maruti Suzuki,MARUTI.NS,Stock,Automobile,https://1drv.ms/i/c/8705623eb284e7df/IQRy4-ATL2CUSpb-yw5vRsY1AT3UCJI_xDLALKd77EjVf3c?width=1024&height=727
12-10-2022,8433.811523,8466.239932,8340.605212,8444.880152,380365,15,Maruti Suzuki,MARUTI.NS,Stock,Automobile,https://1drv.ms/i/c/8705623eb284e7df/IQRy4-ATL2CUSpb-yw5vRsY1AT3UCJI_xDLALKd77EjVf3c?width=1024&height=727
13-10-2022,8397.839844,8529.785406,8341.964792,8412.840424,355605,15,Maruti Suzuki,MARUTI.NS,Stock,Automobile,https://1drv.ms/i/c/8705623eb284e7df/IQRy4-ATL2CUSpb-yw5vRsY1AT3UCJI_xDLALKd77EjVf3c?width=1024&height=727
14-10-2022,8366.529297,8511.484355,8355.849406,8505.076799,274160,15,Maruti Suzuki,MARUTI.NS,Stock,Automobile,https://1drv.ms/i/c/8705623eb284e7df/IQRy4-ATL2CUSpb-yw5vRsY1AT3UCJI_xDLALKd77EjVf3c?width=1024&height=727
17-10-2022,8469.928711,8495.075375,8317.740289,8359.440592,304671,15,Maruti Suzuki,MARUTI.NS,Stock,Automobile,https://1drv.ms/i/c/8705623eb284e7df/IQRy4-ATL2CUSpb-yw5vRsY1AT3UCJI_xDLALKd77EjVf3c?width=1024&height=727
18-10-2022,8551.047852,8629.593968,8497.357321,8509.979009,369973,15,Maruti Suzuki,MARUTI.NS,Stock,Automobile,https://1drv.ms/i/c/8705623eb284e7df/IQRy4-ATL2CUSpb-yw5vRsY1AT3UCJI_xDLALKd77EjVf3c?width=1024&height=727
19-10-2022,8465.608398,8597.311236,8441.967385,8593.816379,385416,15,Maruti Suzuki,MARUTI.NS,Stock,Automobile,https://1drv.ms/i/c/8705623eb284e7df/IQRy4-ATL2CUSpb-yw5vRsY1AT3UCJI_xDLALKd77EjVf3c?width=1024&height=727
20-10-2022,8454.006836,8484.881236,8360.411787,8446.821804,328270,15,Maruti Suzuki,MARUTI.NS,Stock,Automobile,https://1drv.ms/i/c/8705623eb284e7df/IQRy4-ATL2CUSpb-yw5vRsY1AT3UCJI_xDLALKd77EjVf3c?width=1024&height=727
21-10-2022,8450.026367,8538.08711,8389.53954,8475.949564,356203,15,Maruti Suzuki,MARUTI.NS,Stock,Automobile,https://1drv.ms/i/c/8705623eb284e7df/IQRy4-ATL2CUSpb-yw5vRsY1AT3UCJI_xDLALKd77EjVf3c?width=1024&height=727
24-10-2022,8510.367188,8533.037301,8491.336997,8533.037301,30052,15,Maruti Suzuki,MARUTI.NS,Stock,Automobile,https://1drv.ms/i/c/8705623eb284e7df/IQRy4-ATL2CUSpb-yw5vRsY1AT3UCJI_xDLALKd77EjVf3c?width=1024&height=727
25-10-2022,8742.946289,8754.597078,8541.388018,8563.329958,727441,15,Maruti Suzuki,MARUTI.NS,Stock,Automobile,https://1drv.ms/i/c/8705623eb284e7df/IQRy4-ATL2CUSpb-yw5vRsY1AT3UCJI_xDLALKd77EjVf3c?width=1024&height=727
27-10-2022,8778.821289,8812.802757,8642.943771,8786.636837,849108,15,Maruti Suzuki,MARUTI.NS,Stock,Automobile,https://1drv.ms/i/c/8705623eb284e7df/IQRy4-ATL2CUSpb-yw5vRsY1AT3UCJI_xDLALKd77EjVf3c?width=1024&height=727
28-10-2022,9216.306641,9272.03662,8787.606399,8830.325953,1873029,15,Maruti Suzuki,MARUTI.NS,Stock,Automobile,https://1drv.ms/i/c/8705623eb284e7df/IQRy4-ATL2CUSpb-yw5vRsY1AT3UCJI_xDLALKd77EjVf3c?width=1024&height=727
31-10-2022,9250.337891,9484.713313,9176.064109,9369.17632,1932020,15,Maruti Suzuki,MARUTI.NS,Stock,Automobile,https://1drv.ms/i/c/8705623eb284e7df/IQRy4-ATL2CUSpb-yw5vRsY1AT3UCJI_xDLALKd77EjVf3c?width=1024&height=727
01-11-2022,9179.462891,9356.458567,9102.179696,9354.61348,805517,15,Maruti Suzuki,MARUTI.NS,Stock,Automobile,https://1drv.ms/i/c/8705623eb284e7df/IQRy4-ATL2CUSpb-yw5vRsY1AT3UCJI_xDLALKd77EjVf3c?width=1024&height=727
02-11-2022,8960.816406,9179.462122,8941.980585,9170.14187,788679,15,Maruti Suzuki,MARUTI.NS,Stock,Automobile,https://1drv.ms/i/c/8705623eb284e7df/IQRy4-ATL2CUSpb-yw5vRsY1AT3UCJI_xDLALKd77EjVf3c?width=1024&height=727
03-11-2022,8970.234375,9039.071507,8897.708964,8941.981588,616860,15,Maruti Suzuki,MARUTI.NS,Stock,Automobile,https://1drv.ms/i/c/8705623eb284e7df/IQRy4-ATL2CUSpb-yw5vRsY1AT3UCJI_xDLALKd77EjVf3c?width=1024&height=727
04-11-2022,8960.913086,9052.663049,8923.581827,8988.486999,465775,15,Maruti Suzuki,MARUTI.NS,Stock,Automobile,https://1drv.ms/i/c/8705623eb284e7df/IQRy4-ATL2CUSpb-yw5vRsY1AT3UCJI_xDLALKd77EjVf3c?width=1024&height=727
07-11-2022,9061.692383,9080.624915,8984.991354,9007.030953,469017,15,Maruti Suzuki,MARUTI.NS,Stock,Automobile,https://1drv.ms/i/c/8705623eb284e7df/IQRy4-ATL2CUSpb-yw5vRsY1AT3UCJI_xDLALKd77EjVf3c?width=1024&height=727
09-11-2022,8984.213867,9204.947375,8951.688751,9204.461925,617256,15,Maruti Suzuki,MARUTI.NS,Stock,Automobile,https://1drv.ms/i/c/8705623eb284e7df/IQRy4-ATL2CUSpb-yw5vRsY1AT3UCJI_xDLALKd77EjVf3c?width=1024&height=727
10-11-2022,8832.511719,8981.544729,8807.025618,8933.242499,445700,15,Maruti Suzuki,MARUTI.NS,Stock,Automobile,https://1drv.ms/i/c/8705623eb284e7df/IQRy4-ATL2CUSpb-yw5vRsY1AT3UCJI_xDLALKd77EjVf3c?width=1024&height=727
11-11-2022,8823.094727,8971.108497,8786.637652,8932.27253,461074,15,Maruti Suzuki,MARUTI.NS,Stock,Automobile,https://1drv.ms/i/c/8705623eb284e7df/IQRy4-ATL2CUSpb-yw5vRsY1AT3UCJI_xDLALKd77EjVf3c?width=1024&height=727
14-11-2022,8886.007813,8896.396622,8730.858329,8835.181625,282822,15,Maruti Suzuki,MARUTI.NS,Stock,Automobile,https://1drv.ms/i/c/8705623eb284e7df/IQRy4-ATL2CUSpb-yw5vRsY1AT3UCJI_xDLALKd77EjVf3c?width=1024&height=727
15-11-2022,8895.572266,8935.718566,8864.309124,8922.563072,359888,15,Maruti Suzuki,MARUTI.NS,Stock,Automobile,https://1drv.ms/i/c/8705623eb284e7df/IQRy4-ATL2CUSpb-yw5vRsY1AT3UCJI_xDLALKd77EjVf3c?width=1024&height=727
16-11-2022,8869.115234,8983.244238,8835.036106,8893.436068,350737,15,Maruti Suzuki,MARUTI.NS,Stock,Automobile,https://1drv.ms/i/c/8705623eb284e7df/IQRy4-ATL2CUSpb-yw5vRsY1AT3UCJI_xDLALKd77EjVf3c?width=1024&height=727
17-11-2022,8724.936523,8902.756127,8708.965043,8836.152827,409572,15,Maruti Suzuki,MARUTI.NS,Stock,Automobile,https://1drv.ms/i/c/8705623eb284e7df/IQRy4-ATL2CUSpb-yw5vRsY1AT3UCJI_xDLALKd77EjVf3c?width=1024&height=727
18-11-2022,8590.563477,8761.345005,8578.864332,8747.800773,515615,15,Maruti Suzuki,MARUTI.NS,Stock,Automobile,https://1drv.ms/i/c/8705623eb284e7df/IQRy4-ATL2CUSpb-yw5vRsY1AT3UCJI_xDLALKd77EjVf3c?width=1024&height=727
21-11-2022,8607.214844,8669.352386,8530.319446,8568.184511,520644,15,Maruti Suzuki,MARUTI.NS,Stock,Automobile,https://1drv.ms/i/c/8705623eb284e7df/IQRy4-ATL2CUSpb-yw5vRsY1AT3UCJI_xDLALKd77EjVf3c?width=1024&height=727
22-11-2022,8615.515625,8674.934838,8601.243219,8616.729249,455948,15,Maruti Suzuki,MARUTI.NS,Stock,Automobile,https://1drv.ms/i/c/8705623eb284e7df/IQRy4-ATL2CUSpb-yw5vRsY1AT3UCJI_xDLALKd77EjVf3c?width=1024&height=727
23-11-2022,8674.498047,8727.412048,8642.943826,8679.837992,621006,15,Maruti Suzuki,MARUTI.NS,Stock,Automobile,https://1drv.ms/i/c/8705623eb284e7df/IQRy4-ATL2CUSpb-yw5vRsY1AT3UCJI_xDLALKd77EjVf3c?width=1024&height=727
24-11-2022,8706.149414,8733.141169,8661.391342,8707.897791,455343,15,Maruti Suzuki,MARUTI.NS,Stock,Automobile,https://1drv.ms/i/c/8705623eb284e7df/IQRy4-ATL2CUSpb-yw5vRsY1AT3UCJI_xDLALKd77EjVf3c?width=1024&height=727
25-11-2022,8757.024414,8815.763809,8687.119679,8738.091882,545439,15,Maruti Suzuki,MARUTI.NS,Stock,Automobile,https://1drv.ms/i/c/8705623eb284e7df/IQRy4-ATL2CUSpb-yw5vRsY1AT3UCJI_xDLALKd77EjVf3c?width=1024&height=727
28-11-2022,8723.916992,8839.161955,8689.546785,8765.276914,439956,15,Maruti Suzuki,MARUTI.NS,Stock,Automobile,https://1drv.ms/i/c/8705623eb284e7df/IQRy4-ATL2CUSpb-yw5vRsY1AT3UCJI_xDLALKd77EjVf3c?width=1024&height=727
29-11-2022,8650.905273,8762.121575,8629.351124,8723.528336,606692,15,Maruti Suzuki,MARUTI.NS,Stock,Automobile,https://1drv.ms/i/c/8705623eb284e7df/IQRy4-ATL2CUSpb-yw5vRsY1AT3UCJI_xDLALKd77EjVf3c?width=1024&height=727
30-11-2022,8712.994141,8757.509483,8611.874625,8664.303174,1087650,15,Maruti Suzuki,MARUTI.NS,Stock,Automobile,https://1drv.ms/i/c/8705623eb284e7df/IQRy4-ATL2CUSpb-yw5vRsY1AT3UCJI_xDLALKd77EjVf3c?width=1024&height=727
01-12-2022,8697.459961,8762.364185,8670.128773,8756.587146,694489,15,Maruti Suzuki,MARUTI.NS,Stock,Automobile,https://1drv.ms/i/c/8705623eb284e7df/IQRy4-ATL2CUSpb-yw5vRsY1AT3UCJI_xDLALKd77EjVf3c?width=1024&height=727
02-12-2022,8559.299805,8669.060698,8499.978253,8563.329415,971612,15,Maruti Suzuki,MARUTI.NS,Stock,Automobile,https://1drv.ms/i/c/8705623eb284e7df/IQRy4-ATL2CUSpb-yw5vRsY1AT3UCJI_xDLALKd77EjVf3c?width=1024&height=727
05-12-2022,8536.193359,8595.564219,8509.930728,8586.631758,519621,15,Maruti Suzuki,MARUTI.NS,Stock,Automobile,https://1drv.ms/i/c/8705623eb284e7df/IQRy4-ATL2CUSpb-yw5vRsY1AT3UCJI_xDLALKd77EjVf3c?width=1024&height=727
06-12-2022,8463.666992,8543.912183,8441.919421,8521.775873,551379,15,Maruti Suzuki,MARUTI.NS,Stock,Automobile,https://1drv.ms/i/c/8705623eb284e7df/IQRy4-ATL2CUSpb-yw5vRsY1AT3UCJI_xDLALKd77EjVf3c?width=1024&height=727
07-12-2022,8407.161133,8493.279123,8389.538935,8466.239962,546450,15,Maruti Suzuki,MARUTI.NS,Stock,Automobile,https://1drv.ms/i/c/8705623eb284e7df/IQRy4-ATL2CUSpb-yw5vRsY1AT3UCJI_xDLALKd77EjVf3c?width=1024&height=727
08-12-2022,8430.025391,8457.501644,8355.605599,8412.840288,476001,15,Maruti Suzuki,MARUTI.NS,Stock,Automobile,https://1drv.ms/i/c/8705623eb284e7df/IQRy4-ATL2CUSpb-yw5vRsY1AT3UCJI_xDLALKd77EjVf3c?width=1024&height=727
09-12-2022,8362.694336,8508.717956,8296.770848,8453.619426,790406,15,Maruti Suzuki,MARUTI.NS,Stock,Automobile,https://1drv.ms/i/c/8705623eb284e7df/IQRy4-ATL2CUSpb-yw5vRsY1AT3UCJI_xDLALKd77EjVf3c?width=1024&height=727
12-12-2022,8407.744141,8440.317618,8267.497565,8358.471007,445039,15,Maruti Suzuki,MARUTI.NS,Stock,Automobile,https://1drv.ms/i/c/8705623eb284e7df/IQRy4-ATL2CUSpb-yw5vRsY1AT3UCJI_xDLALKd77EjVf3c?width=1024&height=727
13-12-2022,8369.830078,8444.248925,8359.441268,8409.928021,330236,15,Maruti Suzuki,MARUTI.NS,Stock,Automobile,https://1drv.ms/i/c/8705623eb284e7df/IQRy4-ATL2CUSpb-yw5vRsY1AT3UCJI_xDLALKd77EjVf3c?width=1024&height=727
14-12-2022,8390.121094,8425.171119,8345.89683,8398.277025,343670,15,Maruti Suzuki,MARUTI.NS,Stock,Automobile,https://1drv.ms/i/c/8705623eb284e7df/IQRy4-ATL2CUSpb-yw5vRsY1AT3UCJI_xDLALKd77EjVf3c?width=1024&height=727
15-12-2022,8334.34375,8421.189915,8325.459644,8389.538984,472176,15,Maruti Suzuki,MARUTI.NS,Stock,Automobile,https://1drv.ms/i/c/8705623eb284e7df/IQRy4-ATL2CUSpb-yw5vRsY1AT3UCJI_xDLALKd77EjVf3c?width=1024&height=727
16-12-2022,8238.854492,8338.080559,8200.212902,8310.409938,624222,15,Maruti Suzuki,MARUTI.NS,Stock,Automobile,https://1drv.ms/i/c/8705623eb284e7df/IQRy4-ATL2CUSpb-yw5vRsY1AT3UCJI_xDLALKd77EjVf3c?width=1024&height=727
19-12-2022,8353.469727,8370.558119,8205.06818,8251.476967,464106,15,Maruti Suzuki,MARUTI.NS,Stock,Automobile,https://1drv.ms/i/c/8705623eb284e7df/IQRy4-ATL2CUSpb-yw5vRsY1AT3UCJI_xDLALKd77EjVf3c?width=1024&height=727
20-12-2022,8276.282227,8334.585468,8186.668442,8334.585468,694906,15,Maruti Suzuki,MARUTI.NS,Stock,Automobile,https://1drv.ms/i/c/8705623eb284e7df/IQRy4-ATL2CUSpb-yw5vRsY1AT3UCJI_xDLALKd77EjVf3c?width=1024&height=727
21-12-2022,8107.396484,8317.644502,8047.103079,8276.28363,800720,15,Maruti Suzuki,MARUTI.NS,Stock,Automobile,https://1drv.ms/i/c/8705623eb284e7df/IQRy4-ATL2CUSpb-yw5vRsY1AT3UCJI_xDLALKd77EjVf3c?width=1024&height=727
22-12-2022,8091.812012,8140.017528,8046.811221,8113.463819,580858,15,Maruti Suzuki,MARUTI.NS,Stock,Automobile,https://1drv.ms/i/c/8705623eb284e7df/IQRy4-ATL2CUSpb-yw5vRsY1AT3UCJI_xDLALKd77EjVf3c?width=1024&height=727
23-12-2022,7904.671875,8087.540808,7886.467518,8058.171111,503012,15,Maruti Suzuki,MARUTI.NS,Stock,Automobile,https://1drv.ms/i/c/8705623eb284e7df/IQRy4-ATL2CUSpb-yw5vRsY1AT3UCJI_xDLALKd77EjVf3c?width=1024&height=727
26-12-2022,8016.519531,8103.123921,7841.029518,7909.914999,315102,15,Maruti Suzuki,MARUTI.NS,Stock,Automobile,https://1drv.ms/i/c/8705623eb284e7df/IQRy4-ATL2CUSpb-yw5vRsY1AT3UCJI_xDLALKd77EjVf3c?width=1024&height=727
27-12-2022,8063.753906,8073.025803,7991.275911,8057.443062,423308,15,Maruti Suzuki,MARUTI.NS,Stock,Automobile,https://1drv.ms/i/c/8705623eb284e7df/IQRy4-ATL2CUSpb-yw5vRsY1AT3UCJI_xDLALKd77EjVf3c?width=1024&height=727
28-12-2022,8175.98877,8207.494631,8046.422109,8073.025121,538632,15,Maruti Suzuki,MARUTI.NS,Stock,Automobile,https://1drv.ms/i/c/8705623eb284e7df/IQRy4-ATL2CUSpb-yw5vRsY1AT3UCJI_xDLALKd77EjVf3c?width=1024&height=727
29-12-2022,8190.310547,8203.126605,8090.502308,8126.425575,452134,15,Maruti Suzuki,MARUTI.NS,Stock,Automobile,https://1drv.ms/i/c/8705623eb284e7df/IQRy4-ATL2CUSpb-yw5vRsY1AT3UCJI_xDLALKd77EjVf3c?width=1024&height=727
30-12-2022,8150.30957,8242.933728,8118.901362,8223.515745,433976,15,Maruti Suzuki,MARUTI.NS,Stock,Automobile,https://1drv.ms/i/c/8705623eb284e7df/IQRy4-ATL2CUSpb-yw5vRsY1AT3UCJI_xDLALKd77EjVf3c?width=1024&height=727
02-01-2023,8158.755859,8207.980631,8094.967602,8121.570615,398159,15,Maruti Suzuki,MARUTI.NS,Stock,Automobile,https://1drv.ms/i/c/8705623eb284e7df/IQRy4-ATL2CUSpb-yw5vRsY1AT3UCJI_xDLALKd77EjVf3c?width=1024&height=727
03-01-2023,8138.803711,8157.493517,8062.491428,8136.133739,493207,15,Maruti Suzuki,MARUTI.NS,Stock,Automobile,https://1drv.ms/i/c/8705623eb284e7df/IQRy4-ATL2CUSpb-yw5vRsY1AT3UCJI_xDLALKd77EjVf3c?width=1024&height=727
04-01-2023,8177.688477,8288.613695,8069.190506,8132.25059,566744,15,Maruti Suzuki,MARUTI.NS,Stock,Automobile,https://1drv.ms/i/c/8705623eb284e7df/IQRy4-ATL2CUSpb-yw5vRsY1AT3UCJI_xDLALKd77EjVf3c?width=1024&height=727
05-01-2023,8214.873047,8228.368922,8145.890863,8199.193597,417716,15,Maruti Suzuki,MARUTI.NS,Stock,Automobile,https://1drv.ms/i/c/8705623eb284e7df/IQRy4-ATL2CUSpb-yw5vRsY1AT3UCJI_xDLALKd77EjVf3c?width=1024&height=727
06-01-2023,8139.095215,8237.05931,8107.00719,8213.806088,368978,15,Maruti Suzuki,MARUTI.NS,Stock,Automobile,https://1drv.ms/i/c/8705623eb284e7df/IQRy4-ATL2CUSpb-yw5vRsY1AT3UCJI_xDLALKd77EjVf3c?width=1024&height=727
09-01-2023,8133.22168,8201.136261,8082.831638,8179.678822,613406,15,Maruti Suzuki,MARUTI.NS,Stock,Automobile,https://1drv.ms/i/c/8705623eb284e7df/IQRy4-ATL2CUSpb-yw5vRsY1AT3UCJI_xDLALKd77EjVf3c?width=1024&height=727
10-01-2023,8051.811523,8165.260694,8022.441828,8136.133723,493677,15,Maruti Suzuki,MARUTI.NS,Stock,Automobile,https://1drv.ms/i/c/8705623eb284e7df/IQRy4-ATL2CUSpb-yw5vRsY1AT3UCJI_xDLALKd77EjVf3c?width=1024&height=727
11-01-2023,8043.364258,8092.103576,8009.091713,8092.103576,327536,15,Maruti Suzuki,MARUTI.NS,Stock,Automobile,https://1drv.ms/i/c/8705623eb284e7df/IQRy4-ATL2CUSpb-yw5vRsY1AT3UCJI_xDLALKd77EjVf3c?width=1024&height=727
12-01-2023,8125.648926,8133.221749,8019.626555,8073.026005,283772,15,Maruti Suzuki,MARUTI.NS,Stock,Automobile,https://1drv.ms/i/c/8705623eb284e7df/IQRy4-ATL2CUSpb-yw5vRsY1AT3UCJI_xDLALKd77EjVf3c?width=1024&height=727
13-01-2023,8207.399414,8252.691291,8107.97896,8152.640322,705220,15,Maruti Suzuki,MARUTI.NS,Stock,Automobile,https://1drv.ms/i/c/8705623eb284e7df/IQRy4-ATL2CUSpb-yw5vRsY1AT3UCJI_xDLALKd77EjVf3c?width=1024&height=727
16-01-2023,8136.230469,8266.525306,8100.792655,8233.22366,500575,15,Maruti Suzuki,MARUTI.NS,Stock,Automobile,https://1drv.ms/i/c/8705623eb284e7df/IQRy4-ATL2CUSpb-yw5vRsY1AT3UCJI_xDLALKd77EjVf3c?width=1024&height=727
17-01-2023,8232.592773,8246.137005,8099.386178,8165.115287,409248,15,Maruti Suzuki,MARUTI.NS,Stock,Automobile,https://1drv.ms/i/c/8705623eb284e7df/IQRy4-ATL2CUSpb-yw5vRsY1AT3UCJI_xDLALKd77EjVf3c?width=1024&height=727
18-01-2023,8246.864258,8288.953297,8217.980013,8226.427024,402883,15,Maruti Suzuki,MARUTI.NS,Stock,Automobile,https://1drv.ms/i/c/8705623eb284e7df/IQRy4-ATL2CUSpb-yw5vRsY1AT3UCJI_xDLALKd77EjVf3c?width=1024&height=727
19-01-2023,8254.245117,8271.089838,8210.408641,8232.253872,184776,15,Maruti Suzuki,MARUTI.NS,Stock,Automobile,https://1drv.ms/i/c/8705623eb284e7df/IQRy4-ATL2CUSpb-yw5vRsY1AT3UCJI_xDLALKd77EjVf3c?width=1024&height=727
20-01-2023,8194.193359,8252.64167,8167.202556,8215.795863,346337,15,Maruti Suzuki,MARUTI.NS,Stock,Automobile,https://1drv.ms/i/c/8705623eb284e7df/IQRy4-ATL2CUSpb-yw5vRsY1AT3UCJI_xDLALKd77EjVf3c?width=1024&height=727
23-01-2023,8172.153809,8235.165535,8134.095325,8233.223737,410827,15,Maruti Suzuki,MARUTI.NS,Stock,Automobile,https://1drv.ms/i/c/8705623eb284e7df/IQRy4-ATL2CUSpb-yw5vRsY1AT3UCJI_xDLALKd77EjVf3c?width=1024&height=727
24-01-2023,8445.65625,8464.297701,8172.057094,8204.096762,1039571,15,Maruti Suzuki,MARUTI.NS,Stock,Automobile,https://1drv.ms/i/c/8705623eb284e7df/IQRy4-ATL2CUSpb-yw5vRsY1AT3UCJI_xDLALKd77EjVf3c?width=1024&height=727
25-01-2023,8528.474609,8575.951956,8427.69547,8493.32882,1131883,15,Maruti Suzuki,MARUTI.NS,Stock,Automobile,https://1drv.ms/i/c/8705623eb284e7df/IQRy4-ATL2CUSpb-yw5vRsY1AT3UCJI_xDLALKd77EjVf3c?width=1024&height=727
27-01-2023,8483.230469,8630.321675,8369.246541,8571.533927,743546,15,Maruti Suzuki,MARUTI.NS,Stock,Automobile,https://1drv.ms/i/c/8705623eb284e7df/IQRy4-ATL2CUSpb-yw5vRsY1AT3UCJI_xDLALKd77EjVf3c?width=1024&height=727
30-01-2023,8560.416016,8607.019165,8464.29702,8523.521856,1036998,15,Maruti Suzuki,MARUTI.NS,Stock,Automobile,https://1drv.ms/i/c/8705623eb284e7df/IQRy4-ATL2CUSpb-yw5vRsY1AT3UCJI_xDLALKd77EjVf3c?width=1024&height=727
31-01-2023,8636.438477,8683.575438,8573.233325,8599.15652,643670,15,Maruti Suzuki,MARUTI.NS,Stock,Automobile,https://1drv.ms/i/c/8705623eb284e7df/IQRy4-ATL2CUSpb-yw5vRsY1AT3UCJI_xDLALKd77EjVf3c?width=1024&height=727
01-02-2023,8513.666992,8767.65473,8421.480894,8676.924032,707460,15,Maruti Suzuki,MARUTI.NS,Stock,Automobile,https://1drv.ms/i/c/8705623eb284e7df/IQRy4-ATL2CUSpb-yw5vRsY1AT3UCJI_xDLALKd77EjVf3c?width=1024&height=727
02-02-2023,8612.020508,8679.837427,8496.434218,8509.930094,456995,15,Maruti Suzuki,MARUTI.NS,Stock,Automobile,https://1drv.ms/i/c/8705623eb284e7df/IQRy4-ATL2CUSpb-yw5vRsY1AT3UCJI_xDLALKd77EjVf3c?width=1024&height=727
03-02-2023,8682.070313,8702.168112,8587.748039,8679.837434,351157,15,Maruti Suzuki,MARUTI.NS,Stock,Automobile,https://1drv.ms/i/c/8705623eb284e7df/IQRy4-ATL2CUSpb-yw5vRsY1AT3UCJI_xDLALKd77EjVf3c?width=1024&height=727
06-02-2023,8648.769531,8675.954707,8563.330407,8667.16826,205161,15,Maruti Suzuki,MARUTI.NS,Stock,Automobile,https://1drv.ms/i/c/8705623eb284e7df/IQRy4-ATL2CUSpb-yw5vRsY1AT3UCJI_xDLALKd77EjVf3c?width=1024&height=727
07-02-2023,8507.455078,8660.420043,8497.842798,8648.769254,318669,15,Maruti Suzuki,MARUTI.NS,Stock,Automobile,https://1drv.ms/i/c/8705623eb284e7df/IQRy4-ATL2CUSpb-yw5vRsY1AT3UCJI_xDLALKd77EjVf3c?width=1024&height=727
08-02-2023,8577.601563,8596.825173,8420.65536,8517.696905,391645,15,Maruti Suzuki,MARUTI.NS,Stock,Automobile,https://1drv.ms/i/c/8705623eb284e7df/IQRy4-ATL2CUSpb-yw5vRsY1AT3UCJI_xDLALKd77EjVf3c?width=1024&height=727
09-02-2023,8545.077148,8575.951549,8446.821972,8546.144758,392186,15,Maruti Suzuki,MARUTI.NS,Stock,Automobile,https://1drv.ms/i/c/8705623eb284e7df/IQRy4-ATL2CUSpb-yw5vRsY1AT3UCJI_xDLALKd77EjVf3c?width=1024&height=727
10-02-2023,8554.930664,8616.728766,8517.648711,8541.775172,276298,15,Maruti Suzuki,MARUTI.NS,Stock,Automobile,https://1drv.ms/i/c/8705623eb284e7df/IQRy4-ATL2CUSpb-yw5vRsY1AT3UCJI_xDLALKd77EjVf3c?width=1024&height=727
13-02-2023,8553.086914,8606.438007,8500.90109,8531.290041,253037,15,Maruti Suzuki,MARUTI.NS,Stock,Automobile,https://1drv.ms/i/c/8705623eb284e7df/IQRy4-ATL2CUSpb-yw5vRsY1AT3UCJI_xDLALKd77EjVf3c?width=1024&height=727
14-02-2023,8519.106445,8589.544991,8509.931258,8558.476217,227030,15,Maruti Suzuki,MARUTI.NS,Stock,Automobile,https://1drv.ms/i/c/8705623eb284e7df/IQRy4-ATL2CUSpb-yw5vRsY1AT3UCJI_xDLALKd77EjVf3c?width=1024&height=727
15-02-2023,8587.942383,8636.827724,8487.600335,8519.106202,452568,15,Maruti Suzuki,MARUTI.NS,Stock,Automobile,https://1drv.ms/i/c/8705623eb284e7df/IQRy4-ATL2CUSpb-yw5vRsY1AT3UCJI_xDLALKd77EjVf3c?width=1024&height=727
16-02-2023,8548.863281,8621.584003,8534.203084,8621.584003,247514,15,Maruti Suzuki,MARUTI.NS,Stock,Automobile,https://1drv.ms/i/c/8705623eb284e7df/IQRy4-ATL2CUSpb-yw5vRsY1AT3UCJI_xDLALKd77EjVf3c?width=1024&height=727
17-02-2023,8551.436523,8615.758589,8495.124376,8531.290367,214587,15,Maruti Suzuki,MARUTI.NS,Stock,Automobile,https://1drv.ms/i/c/8705623eb284e7df/IQRy4-ATL2CUSpb-yw5vRsY1AT3UCJI_xDLALKd77EjVf3c?width=1024&height=727
20-02-2023,8440.657227,8591.48602,8422.792304,8551.436433,298434,15,Maruti Suzuki,MARUTI.NS,Stock,Automobile,https://1drv.ms/i/c/8705623eb284e7df/IQRy4-ATL2CUSpb-yw5vRsY1AT3UCJI_xDLALKd77EjVf3c?width=1024&height=727
21-02-2023,8417.548828,8466.239795,8387.063167,8440.99642,323478,15,Maruti Suzuki,MARUTI.NS,Stock,Automobile,https://1drv.ms/i/c/8705623eb284e7df/IQRy4-ATL2CUSpb-yw5vRsY1AT3UCJI_xDLALKd77EjVf3c?width=1024&height=727
22-02-2023,8406.96582,8465.268114,8335.167652,8423.034009,363931,15,Maruti Suzuki,MARUTI.NS,Stock,Automobile,https://1drv.ms/i/c/8705623eb284e7df/IQRy4-ATL2CUSpb-yw5vRsY1AT3UCJI_xDLALKd77EjVf3c?width=1024&height=727
23-02-2023,8443.180664,8492.890884,8365.266017,8440.462336,317544,15,Maruti Suzuki,MARUTI.NS,Stock,Automobile,https://1drv.ms/i/c/8705623eb284e7df/IQRy4-ATL2CUSpb-yw5vRsY1AT3UCJI_xDLALKd77EjVf3c?width=1024&height=727
24-02-2023,8408.470703,8485.657173,8358.760485,8457.501102,242982,15,Maruti Suzuki,MARUTI.NS,Stock,Automobile,https://1drv.ms/i/c/8705623eb284e7df/IQRy4-ATL2CUSpb-yw5vRsY1AT3UCJI_xDLALKd77EjVf3c?width=1024&height=727
27-02-2023,8380.996094,8391.529971,8281.770008,8378.859926,220225,15,Maruti Suzuki,MARUTI.NS,Stock,Automobile,https://1drv.ms/i/c/8705623eb284e7df/IQRy4-ATL2CUSpb-yw5vRsY1AT3UCJI_xDLALKd77EjVf3c?width=1024&height=727
28-02-2023,8373.373047,8455.560033,8354.877609,8398.276987,370998,15,Maruti Suzuki,MARUTI.NS,Stock,Automobile,https://1drv.ms/i/c/8705623eb284e7df/IQRy4-ATL2CUSpb-yw5vRsY1AT3UCJI_xDLALKd77EjVf3c?width=1024&height=727
01-03-2023,8509.106445,8520.853946,8369.150949,8369.150949,333441,15,Maruti Suzuki,MARUTI.NS,Stock,Automobile,https://1drv.ms/i/c/8705623eb284e7df/IQRy4-ATL2CUSpb-yw5vRsY1AT3UCJI_xDLALKd77EjVf3c?width=1024&height=727
02-03-2023,8299.972656,8515.754955,8261.476132,8515.754955,603893,15,Maruti Suzuki,MARUTI.NS,Stock,Automobile,https://1drv.ms/i/c/8705623eb284e7df/IQRy4-ATL2CUSpb-yw5vRsY1AT3UCJI_xDLALKd77EjVf3c?width=1024&height=727
03-03-2023,8350.945313,8377.887761,8301.186737,8342.012852,437977,15,Maruti Suzuki,MARUTI.NS,Stock,Automobile,https://1drv.ms/i/c/8705623eb284e7df/IQRy4-ATL2CUSpb-yw5vRsY1AT3UCJI_xDLALKd77EjVf3c?width=1024&height=727
06-03-2023,8380.267578,8410.899256,8340.946163,8388.568576,275417,15,Maruti Suzuki,MARUTI.NS,Stock,Automobile,https://1drv.ms/i/c/8705623eb284e7df/IQRy4-ATL2CUSpb-yw5vRsY1AT3UCJI_xDLALKd77EjVf3c?width=1024&height=727
08-03-2023,8440.900391,8458.521641,8359.489929,8374.005061,348171,15,Maruti Suzuki,MARUTI.NS,Stock,Automobile,https://1drv.ms/i/c/8705623eb284e7df/IQRy4-ATL2CUSpb-yw5vRsY1AT3UCJI_xDLALKd77EjVf3c?width=1024&height=727
09-03-2023,8293.371094,8482.744758,8285.700612,8471.09397,431466,15,Maruti Suzuki,MARUTI.NS,Stock,Automobile,https://1drv.ms/i/c/8705623eb284e7df/IQRy4-ATL2CUSpb-yw5vRsY1AT3UCJI_xDLALKd77EjVf3c?width=1024&height=727
10-03-2023,8351.236328,8376.916797,8233.320452,8281.768692,516128,15,Maruti Suzuki,MARUTI.NS,Stock,Automobile,https://1drv.ms/i/c/8705623eb284e7df/IQRy4-ATL2CUSpb-yw5vRsY1AT3UCJI_xDLALKd77EjVf3c?width=1024&height=727
13-03-2023,8270.506836,8385.946164,8234.291543,8351.236523,479314,15,Maruti Suzuki,MARUTI.NS,Stock,Automobile,https://1drv.ms/i/c/8705623eb284e7df/IQRy4-ATL2CUSpb-yw5vRsY1AT3UCJI_xDLALKd77EjVf3c?width=1024&height=727
14-03-2023,8264.439453,8296.284755,8199.243197,8296.284755,349510,15,Maruti Suzuki,MARUTI.NS,Stock,Automobile,https://1drv.ms/i/c/8705623eb284e7df/IQRy4-ATL2CUSpb-yw5vRsY1AT3UCJI_xDLALKd77EjVf3c?width=1024&height=727
15-03-2023,8228.321289,8451.628076,8194.388177,8398.276982,509229,15,Maruti Suzuki,MARUTI.NS,Stock,Automobile,https://1drv.ms/i/c/8705623eb284e7df/IQRy4-ATL2CUSpb-yw5vRsY1AT3UCJI_xDLALKd77EjVf3c?width=1024&height=727
16-03-2023,8191.912598,8285.070554,8166.232127,8213.902893,340261,15,Maruti Suzuki,MARUTI.NS,Stock,Automobile,https://1drv.ms/i/c/8705623eb284e7df/IQRy4-ATL2CUSpb-yw5vRsY1AT3UCJI_xDLALKd77EjVf3c?width=1024&height=727
17-03-2023,8074.821289,8263.273361,8052.199531,8255.554524,471602,15,Maruti Suzuki,MARUTI.NS,Stock,Automobile,https://1drv.ms/i/c/8705623eb284e7df/IQRy4-ATL2CUSpb-yw5vRsY1AT3UCJI_xDLALKd77EjVf3c?width=1024&height=727
20-03-2023,7980.401367,8074.821299,7893.409192,8074.821299,488199,15,Maruti Suzuki,MARUTI.NS,Stock,Automobile,https://1drv.ms/i/c/8705623eb284e7df/IQRy4-ATL2CUSpb-yw5vRsY1AT3UCJI_xDLALKd77EjVf3c?width=1024&height=727
21-03-2023,7988.946289,8034.189806,7975.935862,8005.062834,287497,15,Maruti Suzuki,MARUTI.NS,Stock,Automobile,https://1drv.ms/i/c/8705623eb284e7df/IQRy4-ATL2CUSpb-yw5vRsY1AT3UCJI_xDLALKd77EjVf3c?width=1024&height=727
22-03-2023,8012.248047,8048.364735,7977.87784,7996.324923,218120,15,Maruti Suzuki,MARUTI.NS,Stock,Automobile,https://1drv.ms/i/c/8705623eb284e7df/IQRy4-ATL2CUSpb-yw5vRsY1AT3UCJI_xDLALKd77EjVf3c?width=1024&height=727
23-03-2023,8110.114258,8131.279668,7993.023262,8023.509872,540553,15,Maruti Suzuki,MARUTI.NS,Stock,Automobile,https://1drv.ms/i/c/8705623eb284e7df/IQRy4-ATL2CUSpb-yw5vRsY1AT3UCJI_xDLALKd77EjVf3c?width=1024&height=727
24-03-2023,8003.024414,8142.445143,7972.052354,8110.114393,391840,15,Maruti Suzuki,MARUTI.NS,Stock,Automobile,https://1drv.ms/i/c/8705623eb284e7df/IQRy4-ATL2CUSpb-yw5vRsY1AT3UCJI_xDLALKd77EjVf3c?width=1024&height=727
27-03-2023,8037.442383,8074.773644,7990.062695,8009.917772,364326,15,Maruti Suzuki,MARUTI.NS,Stock,Automobile,https://1drv.ms/i/c/8705623eb284e7df/IQRy4-ATL2CUSpb-yw5vRsY1AT3UCJI_xDLALKd77EjVf3c?width=1024&height=727
28-03-2023,7969.916016,8112.443808,7903.11835,8064.190883,360349,15,Maruti Suzuki,MARUTI.NS,Stock,Automobile,https://1drv.ms/i/c/8705623eb284e7df/IQRy4-ATL2CUSpb-yw5vRsY1AT3UCJI_xDLALKd77EjVf3c?width=1024&height=727
29-03-2023,8053.899414,8077.006624,7949.236677,8009.771859,339851,15,Maruti Suzuki,MARUTI.NS,Stock,Automobile,https://1drv.ms/i/c/8705623eb284e7df/IQRy4-ATL2CUSpb-yw5vRsY1AT3UCJI_xDLALKd77EjVf3c?width=1024&height=727
31-03-2023,8050.841309,8126.425424,8016.762181,8083.657508,478757,15,Maruti Suzuki,MARUTI.NS,Stock,Automobile,https://1drv.ms/i/c/8705623eb284e7df/IQRy4-ATL2CUSpb-yw5vRsY1AT3UCJI_xDLALKd77EjVf3c?width=1024&height=727
03-04-2023,8255.603516,8329.343493,8146.182996,8168.028226,627265,15,Maruti Suzuki,MARUTI.NS,Stock,Automobile,https://1drv.ms/i/c/8705623eb284e7df/IQRy4-ATL2CUSpb-yw5vRsY1AT3UCJI_xDLALKd77EjVf3c?width=1024&height=727
05-04-2023,8201.232422,8299.244868,8184.678783,8273.953138,272888,15,Maruti Suzuki,MARUTI.NS,Stock,Automobile,https://1drv.ms/i/c/8705623eb284e7df/IQRy4-ATL2CUSpb-yw5vRsY1AT3UCJI_xDLALKd77EjVf3c?width=1024&height=727
06-04-2023,8268.808594,8286.624214,8133.318859,8217.690374,309551,15,Maruti Suzuki,MARUTI.NS,Stock,Automobile,https://1drv.ms/i/c/8705623eb284e7df/IQRy4-ATL2CUSpb-yw5vRsY1AT3UCJI_xDLALKd77EjVf3c?width=1024&height=727
10-04-2023,8286.769531,8306.818028,8158.513196,8210.504651,308275,15,Maruti Suzuki,MARUTI.NS,Stock,Automobile,https://1drv.ms/i/c/8705623eb284e7df/IQRy4-ATL2CUSpb-yw5vRsY1AT3UCJI_xDLALKd77EjVf3c?width=1024&height=727
11-04-2023,8407.549805,8418.618435,8296.333493,8330.314965,409240,15,Maruti Suzuki,MARUTI.NS,Stock,Automobile,https://1drv.ms/i/c/8705623eb284e7df/IQRy4-ATL2CUSpb-yw5vRsY1AT3UCJI_xDLALKd77EjVf3c?width=1024&height=727
12-04-2023,8370.168945,8456.482249,8340.993619,8419.636441,408458,15,Maruti Suzuki,MARUTI.NS,Stock,Automobile,https://1drv.ms/i/c/8705623eb284e7df/IQRy4-ATL2CUSpb-yw5vRsY1AT3UCJI_xDLALKd77EjVf3c?width=1024&height=727
13-04-2023,8418.47168,8450.705719,8369.150195,8376.965743,480202,15,Maruti Suzuki,MARUTI.NS,Stock,Automobile,https://1drv.ms/i/c/8705623eb284e7df/IQRy4-ATL2CUSpb-yw5vRsY1AT3UCJI_xDLALKd77EjVf3c?width=1024&height=727
17-04-2023,8422.209961,8592.456733,8398.27692,8592.456733,489356,15,Maruti Suzuki,MARUTI.NS,Stock,Automobile,https://1drv.ms/i/c/8705623eb284e7df/IQRy4-ATL2CUSpb-yw5vRsY1AT3UCJI_xDLALKd77EjVf3c?width=1024&height=727
18-04-2023,8478.522461,8494.201913,8437.113235,8439.977577,276111,15,Maruti Suzuki,MARUTI.NS,Stock,Automobile,https://1drv.ms/i/c/8705623eb284e7df/IQRy4-ATL2CUSpb-yw5vRsY1AT3UCJI_xDLALKd77EjVf3c?width=1024&height=727
19-04-2023,8427.355469,8487.405196,8410.364735,8437.16117,280819,15,Maruti Suzuki,MARUTI.NS,Stock,Automobile,https://1drv.ms/i/c/8705623eb284e7df/IQRy4-ATL2CUSpb-yw5vRsY1AT3UCJI_xDLALKd77EjVf3c?width=1024&height=727
20-04-2023,8461.045898,8485.5611,8412.986395,8417.694876,369060,15,Maruti Suzuki,MARUTI.NS,Stock,Automobile,https://1drv.ms/i/c/8705623eb284e7df/IQRy4-ATL2CUSpb-yw5vRsY1AT3UCJI_xDLALKd77EjVf3c?width=1024&height=727
21-04-2023,8309.391602,8450.705776,8301.187315,8426.822037,424157,15,Maruti Suzuki,MARUTI.NS,Stock,Automobile,https://1drv.ms/i/c/8705623eb284e7df/IQRy4-ATL2CUSpb-yw5vRsY1AT3UCJI_xDLALKd77EjVf3c?width=1024&height=727
24-04-2023,8219.777344,8327.401124,8198.999725,8327.401124,543745,15,Maruti Suzuki,MARUTI.NS,Stock,Automobile,https://1drv.ms/i/c/8705623eb284e7df/IQRy4-ATL2CUSpb-yw5vRsY1AT3UCJI_xDLALKd77EjVf3c?width=1024&height=727
25-04-2023,8222.448242,8276.915306,8174.970894,8262.351818,906406,15,Maruti Suzuki,MARUTI.NS,Stock,Automobile,https://1drv.ms/i/c/8705623eb284e7df/IQRy4-ATL2CUSpb-yw5vRsY1AT3UCJI_xDLALKd77EjVf3c?width=1024&height=727
26-04-2023,8259.341797,8301.187168,8189.437063,8278.856489,959058,15,Maruti Suzuki,MARUTI.NS,Stock,Automobile,https://1drv.ms/i/c/8705623eb284e7df/IQRy4-ATL2CUSpb-yw5vRsY1AT3UCJI_xDLALKd77EjVf3c?width=1024&height=727
27-04-2023,8294.342773,8320.605405,8224.729117,8320.605405,536521,15,Maruti Suzuki,MARUTI.NS,Stock,Automobile,https://1drv.ms/i/c/8705623eb284e7df/IQRy4-ATL2CUSpb-yw5vRsY1AT3UCJI_xDLALKd77EjVf3c?width=1024&height=727
28-04-2023,8339.585938,8361.819906,8286.720293,8342.935729,387567,15,Maruti Suzuki,MARUTI.NS,Stock,Automobile,https://1drv.ms/i/c/8705623eb284e7df/IQRy4-ATL2CUSpb-yw5vRsY1AT3UCJI_xDLALKd77EjVf3c?width=1024&height=727
02-05-2023,8521.435547,8570.126517,8355.557812,8371.772017,865562,15,Maruti Suzuki,MARUTI.NS,Stock,Automobile,https://1drv.ms/i/c/8705623eb284e7df/IQRy4-ATL2CUSpb-yw5vRsY1AT3UCJI_xDLALKd77EjVf3c?width=1024&height=727
03-05-2023,8541.290039,8571.09683,8461.433592,8514.784685,537008,15,Maruti Suzuki,MARUTI.NS,Stock,Automobile,https://1drv.ms/i/c/8705623eb284e7df/IQRy4-ATL2CUSpb-yw5vRsY1AT3UCJI_xDLALKd77EjVf3c?width=1024&height=727
04-05-2023,8544.494141,8566.194304,8488.570732,8540.659848,271926,15,Maruti Suzuki,MARUTI.NS,Stock,Automobile,https://1drv.ms/i/c/8705623eb284e7df/IQRy4-ATL2CUSpb-yw5vRsY1AT3UCJI_xDLALKd77EjVf3c?width=1024&height=727
05-05-2023,8688.236328,8726.440827,8534.202812,8544.493963,951591,15,Maruti Suzuki,MARUTI.NS,Stock,Automobile,https://1drv.ms/i/c/8705623eb284e7df/IQRy4-ATL2CUSpb-yw5vRsY1AT3UCJI_xDLALKd77EjVf3c?width=1024&height=727
08-05-2023,8812.12207,8855.521445,8699.255061,8782.752375,678780,15,Maruti Suzuki,MARUTI.NS,Stock,Automobile,https://1drv.ms/i/c/8705623eb284e7df/IQRy4-ATL2CUSpb-yw5vRsY1AT3UCJI_xDLALKd77EjVf3c?width=1024&height=727
09-05-2023,8846.395508,8874.017777,8788.432642,8818.676528,415394,15,Maruti Suzuki,MARUTI.NS,Stock,Automobile,https://1drv.ms/i/c/8705623eb284e7df/IQRy4-ATL2CUSpb-yw5vRsY1AT3UCJI_xDLALKd77EjVf3c?width=1024&height=727
10-05-2023,8901.348633,8912.853407,8796.34552,8863.143186,366827,15,Maruti Suzuki,MARUTI.NS,Stock,Automobile,https://1drv.ms/i/c/8705623eb284e7df/IQRy4-ATL2CUSpb-yw5vRsY1AT3UCJI_xDLALKd77EjVf3c?width=1024&height=727
11-05-2023,8991.400391,9043.925656,8876.008457,8973.972561,644550,15,Maruti Suzuki,MARUTI.NS,Stock,Automobile,https://1drv.ms/i/c/8705623eb284e7df/IQRy4-ATL2CUSpb-yw5vRsY1AT3UCJI_xDLALKd77EjVf3c?width=1024&height=727
12-05-2023,9024.895508,9058.293867,8963.971592,8991.447846,403028,15,Maruti Suzuki,MARUTI.NS,Stock,Automobile,https://1drv.ms/i/c/8705623eb284e7df/IQRy4-ATL2CUSpb-yw5vRsY1AT3UCJI_xDLALKd77EjVf3c?width=1024&height=727
15-05-2023,8939.358398,9036.64267,8918.096279,8973.048784,259316,15,Maruti Suzuki,MARUTI.NS,Stock,Automobile,https://1drv.ms/i/c/8705623eb284e7df/IQRy4-ATL2CUSpb-yw5vRsY1AT3UCJI_xDLALKd77EjVf3c?width=1024&height=727
16-05-2023,8807.365234,8960.718938,8793.529922,8950.815577,448981,15,Maruti Suzuki,MARUTI.NS,Stock,Automobile,https://1drv.ms/i/c/8705623eb284e7df/IQRy4-ATL2CUSpb-yw5vRsY1AT3UCJI_xDLALKd77EjVf3c?width=1024&height=727
17-05-2023,8854.018555,8866.251505,8769.209941,8816.104182,290482,15,Maruti Suzuki,MARUTI.NS,Stock,Automobile,https://1drv.ms/i/c/8705623eb284e7df/IQRy4-ATL2CUSpb-yw5vRsY1AT3UCJI_xDLALKd77EjVf3c?width=1024&height=727
18-05-2023,8789.84082,8883.726955,8780.908359,8878.824104,272497,15,Maruti Suzuki,MARUTI.NS,Stock,Automobile,https://1drv.ms/i/c/8705623eb284e7df/IQRy4-ATL2CUSpb-yw5vRsY1AT3UCJI_xDLALKd77EjVf3c?width=1024&height=727
19-05-2023,8840.958984,8852.852499,8699.789874,8796.34598,543472,15,Maruti Suzuki,MARUTI.NS,Stock,Automobile,https://1drv.ms/i/c/8705623eb284e7df/IQRy4-ATL2CUSpb-yw5vRsY1AT3UCJI_xDLALKd77EjVf3c?width=1024&height=727
22-05-2023,8890.183594,8902.853637,8809.79239,8825.47279,182115,15,Maruti Suzuki,MARUTI.NS,Stock,Automobile,https://1drv.ms/i/c/8705623eb284e7df/IQRy4-ATL2CUSpb-yw5vRsY1AT3UCJI_xDLALKd77EjVf3c?width=1024&height=727
23-05-2023,8932.951172,8966.25282,8890.279969,8902.173482,269008,15,Maruti Suzuki,MARUTI.NS,Stock,Automobile,https://1drv.ms/i/c/8705623eb284e7df/IQRy4-ATL2CUSpb-yw5vRsY1AT3UCJI_xDLALKd77EjVf3c?width=1024&height=727
24-05-2023,9000.962891,9047.032243,8892.464915,8901.203007,470365,15,Maruti Suzuki,MARUTI.NS,Stock,Automobile,https://1drv.ms/i/c/8705623eb284e7df/IQRy4-ATL2CUSpb-yw5vRsY1AT3UCJI_xDLALKd77EjVf3c?width=1024&height=727
25-05-2023,9011.739258,9022.953901,8947.854288,8952.417703,218979,15,Maruti Suzuki,MARUTI.NS,Stock,Automobile,https://1drv.ms/i/c/8705623eb284e7df/IQRy4-ATL2CUSpb-yw5vRsY1AT3UCJI_xDLALKd77EjVf3c?width=1024&height=727
26-05-2023,9126.402344,9141.014184,9040.283412,9061.400465,346760,15,Maruti Suzuki,MARUTI.NS,Stock,Automobile,https://1drv.ms/i/c/8705623eb284e7df/IQRy4-ATL2CUSpb-yw5vRsY1AT3UCJI_xDLALKd77EjVf3c?width=1024&height=727
29-05-2023,9061.886719,9212.667159,9041.060743,9160.432977,236834,15,Maruti Suzuki,MARUTI.NS,Stock,Automobile,https://1drv.ms/i/c/8705623eb284e7df/IQRy4-ATL2CUSpb-yw5vRsY1AT3UCJI_xDLALKd77EjVf3c?width=1024&height=727
30-05-2023,9110.286133,9129.26797,9029.362068,9107.034,372004,15,Maruti Suzuki,MARUTI.NS,Stock,Automobile,https://1drv.ms/i/c/8705623eb284e7df/IQRy4-ATL2CUSpb-yw5vRsY1AT3UCJI_xDLALKd77EjVf3c?width=1024&height=727
31-05-2023,9095.091797,9174.948249,8997.904227,9174.948249,1614766,15,Maruti Suzuki,MARUTI.NS,Stock,Automobile,https://1drv.ms/i/c/8705623eb284e7df/IQRy4-ATL2CUSpb-yw5vRsY1AT3UCJI_xDLALKd77EjVf3c?width=1024&height=727
01-06-2023,9056.837891,9104.654671,8953.631506,9065.770352,378706,15,Maruti Suzuki,MARUTI.NS,Stock,Automobile,https://1drv.ms/i/c/8705623eb284e7df/IQRy4-ATL2CUSpb-yw5vRsY1AT3UCJI_xDLALKd77EjVf3c?width=1024&height=727
02-06-2023,9209.317383,9247.959925,9041.692222,9115.771634,445105,15,Maruti Suzuki,MARUTI.NS,Stock,Automobile,https://1drv.ms/i/c/8705623eb284e7df/IQRy4-ATL2CUSpb-yw5vRsY1AT3UCJI_xDLALKd77EjVf3c?width=1024&height=727
05-06-2023,9303.251953,9359.467391,9212.424531,9274.513719,434649,15,Maruti Suzuki,MARUTI.NS,Stock,Automobile,https://1drv.ms/i/c/8705623eb284e7df/IQRy4-ATL2CUSpb-yw5vRsY1AT3UCJI_xDLALKd77EjVf3c?width=1024&height=727
06-06-2023,9452.867188,9485.683385,9331.310441,9348.786623,542318,15,Maruti Suzuki,MARUTI.NS,Stock,Automobile,https://1drv.ms/i/c/8705623eb284e7df/IQRy4-ATL2CUSpb-yw5vRsY1AT3UCJI_xDLALKd77EjVf3c?width=1024&height=727
07-06-2023,9425.00293,9514.811096,9369.661681,9503.160307,453747,15,Maruti Suzuki,MARUTI.NS,Stock,Automobile,https://1drv.ms/i/c/8705623eb284e7df/IQRy4-ATL2CUSpb-yw5vRsY1AT3UCJI_xDLALKd77EjVf3c?width=1024&height=727
08-06-2023,9377.525391,9480.829431,9345.389011,9449.760661,273746,15,Maruti Suzuki,MARUTI.NS,Stock,Automobile,https://1drv.ms/i/c/8705623eb284e7df/IQRy4-ATL2CUSpb-yw5vRsY1AT3UCJI_xDLALKd77EjVf3c?width=1024&height=727
09-06-2023,9347.621094,9431.216066,9331.406891,9393.933165,161389,15,Maruti Suzuki,MARUTI.NS,Stock,Automobile,https://1drv.ms/i/c/8705623eb284e7df/IQRy4-ATL2CUSpb-yw5vRsY1AT3UCJI_xDLALKd77EjVf3c?width=1024&height=727
12-06-2023,9272.524414,9417.722199,9260.097094,9344.904759,316879,15,Maruti Suzuki,MARUTI.NS,Stock,Automobile,https://1drv.ms/i/c/8705623eb284e7df/IQRy4-ATL2CUSpb-yw5vRsY1AT3UCJI_xDLALKd77EjVf3c?width=1024&height=727
13-06-2023,9240.53125,9338.154955,9229.026476,9308.97963,561014,15,Maruti Suzuki,MARUTI.NS,Stock,Automobile,https://1drv.ms/i/c/8705623eb284e7df/IQRy4-ATL2CUSpb-yw5vRsY1AT3UCJI_xDLALKd77EjVf3c?width=1024&height=727
14-06-2023,9255.095703,9319.660494,9214.317941,9242.959464,328167,15,Maruti Suzuki,MARUTI.NS,Stock,Automobile,https://1drv.ms/i/c/8705623eb284e7df/IQRy4-ATL2CUSpb-yw5vRsY1AT3UCJI_xDLALKd77EjVf3c?width=1024&height=727
15-06-2023,9315.630859,9415.585111,9265.29012,9276.940909,459978,15,Maruti Suzuki,MARUTI.NS,Stock,Automobile,https://1drv.ms/i/c/8705623eb284e7df/IQRy4-ATL2CUSpb-yw5vRsY1AT3UCJI_xDLALKd77EjVf3c?width=1024&height=727
16-06-2023,9324.223633,9362.768516,9274.027961,9315.824977,682099,15,Maruti Suzuki,MARUTI.NS,Stock,Automobile,https://1drv.ms/i/c/8705623eb284e7df/IQRy4-ATL2CUSpb-yw5vRsY1AT3UCJI_xDLALKd77EjVf3c?width=1024&height=727
19-06-2023,9254.610352,9361.555268,9233.250571,9357.525658,395006,15,Maruti Suzuki,MARUTI.NS,Stock,Automobile,https://1drv.ms/i/c/8705623eb284e7df/IQRy4-ATL2CUSpb-yw5vRsY1AT3UCJI_xDLALKd77EjVf3c?width=1024&height=727
20-06-2023,9215.871094,9261.309931,9145.869647,9252.668549,612713,15,Maruti Suzuki,MARUTI.NS,Stock,Automobile,https://1drv.ms/i/c/8705623eb284e7df/IQRy4-ATL2CUSpb-yw5vRsY1AT3UCJI_xDLALKd77EjVf3c?width=1024&height=727
21-06-2023,9166.112305,9259.464632,9122.616215,9225.483163,356331,15,Maruti Suzuki,MARUTI.NS,Stock,Automobile,https://1drv.ms/i/c/8705623eb284e7df/IQRy4-ATL2CUSpb-yw5vRsY1AT3UCJI_xDLALKd77EjVf3c?width=1024&height=727
22-06-2023,9129.413086,9218.055989,9101.014286,9164.365455,288487,15,Maruti Suzuki,MARUTI.NS,Stock,Automobile,https://1drv.ms/i/c/8705623eb284e7df/IQRy4-ATL2CUSpb-yw5vRsY1AT3UCJI_xDLALKd77EjVf3c?width=1024&height=727
23-06-2023,9055.866211,9152.665033,9034.215352,9145.868739,309138,15,Maruti Suzuki,MARUTI.NS,Stock,Automobile,https://1drv.ms/i/c/8705623eb284e7df/IQRy4-ATL2CUSpb-yw5vRsY1AT3UCJI_xDLALKd77EjVf3c?width=1024&height=727
26-06-2023,9194.608398,9242.958982,9029.36119,9055.866545,405168,15,Maruti Suzuki,MARUTI.NS,Stock,Automobile,https://1drv.ms/i/c/8705623eb284e7df/IQRy4-ATL2CUSpb-yw5vRsY1AT3UCJI_xDLALKd77EjVf3c?width=1024&height=727
27-06-2023,9185.675781,9223.540844,9121.6448,9213.831853,339375,15,Maruti Suzuki,MARUTI.NS,Stock,Automobile,https://1drv.ms/i/c/8705623eb284e7df/IQRy4-ATL2CUSpb-yw5vRsY1AT3UCJI_xDLALKd77EjVf3c?width=1024&height=727
28-06-2023,9263.008789,9296.358794,9158.054028,9199.705979,482586,15,Maruti Suzuki,MARUTI.NS,Stock,Automobile,https://1drv.ms/i/c/8705623eb284e7df/IQRy4-ATL2CUSpb-yw5vRsY1AT3UCJI_xDLALKd77EjVf3c?width=1024&height=727
30-06-2023,9504.179688,9566.754324,9263.348354,9290.533529,845006,15,Maruti Suzuki,MARUTI.NS,Stock,Automobile,https://1drv.ms/i/c/8705623eb284e7df/IQRy4-ATL2CUSpb-yw5vRsY1AT3UCJI_xDLALKd77EjVf3c?width=1024&height=727
03-07-2023,9391.506836,9501.072418,9375.535356,9458.547228,398066,15,Maruti Suzuki,MARUTI.NS,Stock,Automobile,https://1drv.ms/i/c/8705623eb284e7df/IQRy4-ATL2CUSpb-yw5vRsY1AT3UCJI_xDLALKd77EjVf3c?width=1024&height=727
04-07-2023,9366.651367,9433.740109,9340.096711,9417.720275,247673,15,Maruti Suzuki,MARUTI.NS,Stock,Automobile,https://1drv.ms/i/c/8705623eb284e7df/IQRy4-ATL2CUSpb-yw5vRsY1AT3UCJI_xDLALKd77EjVf3c?width=1024&height=727
05-07-2023,9701.514648,9744.865671,9393.448561,9414.808341,815044,15,Maruti Suzuki,MARUTI.NS,Stock,Automobile,https://1drv.ms/i/c/8705623eb284e7df/IQRy4-ATL2CUSpb-yw5vRsY1AT3UCJI_xDLALKd77EjVf3c?width=1024&height=727
06-07-2023,9572.483398,9724.816905,9529.569467,9708.943083,652120,15,Maruti Suzuki,MARUTI.NS,Stock,Automobile,https://1drv.ms/i/c/8705623eb284e7df/IQRy4-ATL2CUSpb-yw5vRsY1AT3UCJI_xDLALKd77EjVf3c?width=1024&height=727
07-07-2023,9563.598633,9655.59132,9529.37444,9567.239504,457050,15,Maruti Suzuki,MARUTI.NS,Stock,Automobile,https://1drv.ms/i/c/8705623eb284e7df/IQRy4-ATL2CUSpb-yw5vRsY1AT3UCJI_xDLALKd77EjVf3c?width=1024&height=727
10-07-2023,9452.964844,9644.280324,9436.896653,9567.239859,272008,15,Maruti Suzuki,MARUTI.NS,Stock,Automobile,https://1drv.ms/i/c/8705623eb284e7df/IQRy4-ATL2CUSpb-yw5vRsY1AT3UCJI_xDLALKd77EjVf3c?width=1024&height=727
11-07-2023,9612.046875,9667.096094,9452.964492,9510.927357,568772,15,Maruti Suzuki,MARUTI.NS,Stock,Automobile,https://1drv.ms/i/c/8705623eb284e7df/IQRy4-ATL2CUSpb-yw5vRsY1AT3UCJI_xDLALKd77EjVf3c?width=1024&height=727
12-07-2023,9549.568359,9660.445217,9519.664859,9607.045771,552967,15,Maruti Suzuki,MARUTI.NS,Stock,Automobile,https://1drv.ms/i/c/8705623eb284e7df/IQRy4-ATL2CUSpb-yw5vRsY1AT3UCJI_xDLALKd77EjVf3c?width=1024&height=727
13-07-2023,9366.797852,9610.882276,9332.282577,9566.220915,519564,15,Maruti Suzuki,MARUTI.NS,Stock,Automobile,https://1drv.ms/i/c/8705623eb284e7df/IQRy4-ATL2CUSpb-yw5vRsY1AT3UCJI_xDLALKd77EjVf3c?width=1024&height=727
14-07-2023,9324.175781,9444.226889,9311.893528,9419.614976,498441,15,Maruti Suzuki,MARUTI.NS,Stock,Automobile,https://1drv.ms/i/c/8705623eb284e7df/IQRy4-ATL2CUSpb-yw5vRsY1AT3UCJI_xDLALKd77EjVf3c?width=1024&height=727
17-07-2023,9407.576172,9416.751359,9276.941874,9366.2646,444583,15,Maruti Suzuki,MARUTI.NS,Stock,Automobile,https://1drv.ms/i/c/8705623eb284e7df/IQRy4-ATL2CUSpb-yw5vRsY1AT3UCJI_xDLALKd77EjVf3c?width=1024&height=727
18-07-2023,9384.371094,9482.091517,9322.281908,9427.624458,320985,15,Maruti Suzuki,MARUTI.NS,Stock,Automobile,https://1drv.ms/i/c/8705623eb284e7df/IQRy4-ATL2CUSpb-yw5vRsY1AT3UCJI_xDLALKd77EjVf3c?width=1024&height=727
19-07-2023,9327.960938,9384.710176,9248.444875,9370.146691,450254,15,Maruti Suzuki,MARUTI.NS,Stock,Automobile,https://1drv.ms/i/c/8705623eb284e7df/IQRy4-ATL2CUSpb-yw5vRsY1AT3UCJI_xDLALKd77EjVf3c?width=1024&height=727
20-07-2023,9488.112305,9500.248545,9296.79681,9340.050179,466813,15,Maruti Suzuki,MARUTI.NS,Stock,Automobile,https://1drv.ms/i/c/8705623eb284e7df/IQRy4-ATL2CUSpb-yw5vRsY1AT3UCJI_xDLALKd77EjVf3c?width=1024&height=727
21-07-2023,9485.732422,9558.501498,9420.633828,9437.139112,328483,15,Maruti Suzuki,MARUTI.NS,Stock,Automobile,https://1drv.ms/i/c/8705623eb284e7df/IQRy4-ATL2CUSpb-yw5vRsY1AT3UCJI_xDLALKd77EjVf3c?width=1024&height=727
24-07-2023,9412.672852,9529.375119,9398.303734,9485.733012,358506,15,Maruti Suzuki,MARUTI.NS,Stock,Automobile,https://1drv.ms/i/c/8705623eb284e7df/IQRy4-ATL2CUSpb-yw5vRsY1AT3UCJI_xDLALKd77EjVf3c?width=1024&height=727
25-07-2023,9474.615234,9490.490003,9336.941937,9343.9326,240998,15,Maruti Suzuki,MARUTI.NS,Stock,Automobile,https://1drv.ms/i/c/8705623eb284e7df/IQRy4-ATL2CUSpb-yw5vRsY1AT3UCJI_xDLALKd77EjVf3c?width=1024&height=727
26-07-2023,9472.430664,9524.519778,9442.236083,9477.431173,209861,15,Maruti Suzuki,MARUTI.NS,Stock,Automobile,https://1drv.ms/i/c/8705623eb284e7df/IQRy4-ATL2CUSpb-yw5vRsY1AT3UCJI_xDLALKd77EjVf3c?width=1024&height=727
27-07-2023,9469.760742,9541.171127,9409.614304,9485.683866,256672,15,Maruti Suzuki,MARUTI.NS,Stock,Automobile,https://1drv.ms/i/c/8705623eb284e7df/IQRy4-ATL2CUSpb-yw5vRsY1AT3UCJI_xDLALKd77EjVf3c?width=1024&height=727
28-07-2023,9388.884766,9466.265608,9268.590944,9455.585719,381151,15,Maruti Suzuki,MARUTI.NS,Stock,Automobile,https://1drv.ms/i/c/8705623eb284e7df/IQRy4-ATL2CUSpb-yw5vRsY1AT3UCJI_xDLALKd77EjVf3c?width=1024&height=727
31-07-2023,9534.956055,9551.412982,9326.455501,9388.884115,600060,15,Maruti Suzuki,MARUTI.NS,Stock,Automobile,https://1drv.ms/i/c/8705623eb284e7df/IQRy4-ATL2CUSpb-yw5vRsY1AT3UCJI_xDLALKd77EjVf3c?width=1024&height=727
01-08-2023,9433.983398,9604.133458,9369.224242,9475.974783,1394528,15,Maruti Suzuki,MARUTI.NS,Stock,Automobile,https://1drv.ms/i/c/8705623eb284e7df/IQRy4-ATL2CUSpb-yw5vRsY1AT3UCJI_xDLALKd77EjVf3c?width=1024&height=727
02-08-2023,9372.865234,9508.451668,9243.298564,9432.284447,672815,15,Maruti Suzuki,MARUTI.NS,Stock,Automobile,https://1drv.ms/i/c/8705623eb284e7df/IQRy4-ATL2CUSpb-yw5vRsY1AT3UCJI_xDLALKd77EjVf3c?width=1024&height=727
03-08-2023,9353.166992,9467.096143,9325.627415,9407.215387,614897,15,Maruti Suzuki,MARUTI.NS,Stock,Automobile,https://1drv.ms/i/c/8705623eb284e7df/IQRy4-ATL2CUSpb-yw5vRsY1AT3UCJI_xDLALKd77EjVf3c?width=1024&height=727
04-08-2023,9281.331055,9424.023879,9238.79712,9369.141876,540470,15,Maruti Suzuki,MARUTI.NS,Stock,Automobile,https://1drv.ms/i/c/8705623eb284e7df/IQRy4-ATL2CUSpb-yw5vRsY1AT3UCJI_xDLALKd77EjVf3c?width=1024&height=727
07-08-2023,9333.664063,9349.344634,9233.896617,9300.539046,366329,15,Maruti Suzuki,MARUTI.NS,Stock,Automobile,https://1drv.ms/i/c/8705623eb284e7df/IQRy4-ATL2CUSpb-yw5vRsY1AT3UCJI_xDLALKd77EjVf3c?width=1024&height=727
08-08-2023,9352.040039,9430.884107,9315.239888,9349.492329,430636,15,Maruti Suzuki,MARUTI.NS,Stock,Automobile,https://1drv.ms/i/c/8705623eb284e7df/IQRy4-ATL2CUSpb-yw5vRsY1AT3UCJI_xDLALKd77EjVf3c?width=1024&height=727
09-08-2023,9274.175781,9349.589722,9229.486535,9349.540912,404602,15,Maruti Suzuki,MARUTI.NS,Stock,Automobile,https://1drv.ms/i/c/8705623eb284e7df/IQRy4-ATL2CUSpb-yw5vRsY1AT3UCJI_xDLALKd77EjVf3c?width=1024&height=727
10-08-2023,9209.983398,9310.33944,9155.542605,9274.175739,523490,15,Maruti Suzuki,MARUTI.NS,Stock,Automobile,https://1drv.ms/i/c/8705623eb284e7df/IQRy4-ATL2CUSpb-yw5vRsY1AT3UCJI_xDLALKd77EjVf3c?width=1024&height=727
11-08-2023,9170.046875,9279.958264,9157.453799,9209.983331,498504,15,Maruti Suzuki,MARUTI.NS,Stock,Automobile,https://1drv.ms/i/c/8705623eb284e7df/IQRy4-ATL2CUSpb-yw5vRsY1AT3UCJI_xDLALKd77EjVf3c?width=1024&height=727
14-08-2023,9135.550781,9177.054913,9073.073501,9173.13477,336864,15,Maruti Suzuki,MARUTI.NS,Stock,Automobile,https://1drv.ms/i/c/8705623eb284e7df/IQRy4-ATL2CUSpb-yw5vRsY1AT3UCJI_xDLALKd77EjVf3c?width=1024&height=727
16-08-2023,9231.496094,9249.332937,9069.398746,9147.654222,336363,15,Maruti Suzuki,MARUTI.NS,Stock,Automobile,https://1drv.ms/i/c/8705623eb284e7df/IQRy4-ATL2CUSpb-yw5vRsY1AT3UCJI_xDLALKd77EjVf3c?width=1024&height=727
17-08-2023,9188.128906,9285.593652,9163.334193,9226.938896,402798,15,Maruti Suzuki,MARUTI.NS,Stock,Automobile,https://1drv.ms/i/c/8705623eb284e7df/IQRy4-ATL2CUSpb-yw5vRsY1AT3UCJI_xDLALKd77EjVf3c?width=1024&height=727
18-08-2023,9267.266602,9280.938291,9150.250911,9163.334005,400745,15,Maruti Suzuki,MARUTI.NS,Stock,Automobile,https://1drv.ms/i/c/8705623eb284e7df/IQRy4-ATL2CUSpb-yw5vRsY1AT3UCJI_xDLALKd77EjVf3c?width=1024&height=727
21-08-2023,9250.360352,9279.95762,9225.320632,9266.775949,375347,15,Maruti Suzuki,MARUTI.NS,Stock,Automobile,https://1drv.ms/i/c/8705623eb284e7df/IQRy4-ATL2CUSpb-yw5vRsY1AT3UCJI_xDLALKd77EjVf3c?width=1024&height=727
22-08-2023,9302.401367,9318.22837,9221.84224,9232.132615,435930,15,Maruti Suzuki,MARUTI.NS,Stock,Automobile,https://1drv.ms/i/c/8705623eb284e7df/IQRy4-ATL2CUSpb-yw5vRsY1AT3UCJI_xDLALKd77EjVf3c?width=1024&height=727
23-08-2023,9409.274414,9447.544619,9257.417683,9328.960293,546842,15,Maruti Suzuki,MARUTI.NS,Stock,Automobile,https://1drv.ms/i/c/8705623eb284e7df/IQRy4-ATL2CUSpb-yw5vRsY1AT3UCJI_xDLALKd77EjVf3c?width=1024&height=727
24-08-2023,9382.567383,9468.761709,9364.240525,9468.761709,385559,15,Maruti Suzuki,MARUTI.NS,Stock,Automobile,https://1drv.ms/i/c/8705623eb284e7df/IQRy4-ATL2CUSpb-yw5vRsY1AT3UCJI_xDLALKd77EjVf3c?width=1024&height=727
25-08-2023,9315.925781,9432.598843,9295.63885,9363.261315,346449,15,Maruti Suzuki,MARUTI.NS,Stock,Automobile,https://1drv.ms/i/c/8705623eb284e7df/IQRy4-ATL2CUSpb-yw5vRsY1AT3UCJI_xDLALKd77EjVf3c?width=1024&height=727
28-08-2023,9406.088867,9476.945257,9320.139545,9324.990913,325938,15,Maruti Suzuki,MARUTI.NS,Stock,Automobile,https://1drv.ms/i/c/8705623eb284e7df/IQRy4-ATL2CUSpb-yw5vRsY1AT3UCJI_xDLALKd77EjVf3c?width=1024&height=727
29-08-2023,9429.168945,9491.401215,9316.219825,9408.343186,317224,15,Maruti Suzuki,MARUTI.NS,Stock,Automobile,https://1drv.ms/i/c/8705623eb284e7df/IQRy4-ATL2CUSpb-yw5vRsY1AT3UCJI_xDLALKd77EjVf3c?width=1024&height=727
30-08-2023,9600.822266,9621.941844,9418.143225,9467.145011,543634,15,Maruti Suzuki,MARUTI.NS,Stock,Automobile,https://1drv.ms/i/c/8705623eb284e7df/IQRy4-ATL2CUSpb-yw5vRsY1AT3UCJI_xDLALKd77EjVf3c?width=1024&height=727
31-08-2023,9804.081055,9864.059432,9575.046518,9575.046518,1581818,15,Maruti Suzuki,MARUTI.NS,Stock,Automobile,https://1drv.ms/i/c/8705623eb284e7df/IQRy4-ATL2CUSpb-yw5vRsY1AT3UCJI_xDLALKd77EjVf3c?width=1024&height=727
01-09-2023,10124.99414,10190.36272,9752.678184,9799.377269,1193178,15,Maruti Suzuki,MARUTI.NS,Stock,Automobile,https://1drv.ms/i/c/8705623eb284e7df/IQRy4-ATL2CUSpb-yw5vRsY1AT3UCJI_xDLALKd77EjVf3c?width=1024&height=727
04-09-2023,10155.57129,10258.96506,10080.94119,10193.35147,819552,15,Maruti Suzuki,MARUTI.NS,Stock,Automobile,https://1drv.ms/i/c/8705623eb284e7df/IQRy4-ATL2CUSpb-yw5vRsY1AT3UCJI_xDLALKd77EjVf3c?width=1024&height=727
05-09-2023,10057.22363,10204.81758,10041.24924,10143.36915,507107,15,Maruti Suzuki,MARUTI.NS,Stock,Automobile,https://1drv.ms/i/c/8705623eb284e7df/IQRy4-ATL2CUSpb-yw5vRsY1AT3UCJI_xDLALKd77EjVf3c?width=1024&height=727
06-09-2023,9975.635742,10055.16602,9927.90877,10055.16602,663758,15,Maruti Suzuki,MARUTI.NS,Stock,Automobile,https://1drv.ms/i/c/8705623eb284e7df/IQRy4-ATL2CUSpb-yw5vRsY1AT3UCJI_xDLALKd77EjVf3c?width=1024&height=727
07-09-2023,10075.50195,10095.25006,9947.362286,9947.362286,445805,15,Maruti Suzuki,MARUTI.NS,Stock,Automobile,https://1drv.ms/i/c/8705623eb284e7df/IQRy4-ATL2CUSpb-yw5vRsY1AT3UCJI_xDLALKd77EjVf3c?width=1024&height=727
08-09-2023,10125.72949,10192.37192,10094.36835,10191.39189,439721,15,Maruti Suzuki,MARUTI.NS,Stock,Automobile,https://1drv.ms/i/c/8705623eb284e7df/IQRy4-ATL2CUSpb-yw5vRsY1AT3UCJI_xDLALKd77EjVf3c?width=1024&height=727
11-09-2023,10323.54883,10339.37679,10137.48943,10138.46947,598050,15,Maruti Suzuki,MARUTI.NS,Stock,Automobile,https://1drv.ms/i/c/8705623eb284e7df/IQRy4-ATL2CUSpb-yw5vRsY1AT3UCJI_xDLALKd77EjVf3c?width=1024&height=727
12-09-2023,10293.90332,10357.4104,10197.27218,10333.49715,568773,15,Maruti Suzuki,MARUTI.NS,Stock,Automobile,https://1drv.ms/i/c/8705623eb284e7df/IQRy4-ATL2CUSpb-yw5vRsY1AT3UCJI_xDLALKd77EjVf3c?width=1024&height=727
13-09-2023,10264.30664,10326.04889,10231.57306,10290.37521,301707,15,Maruti Suzuki,MARUTI.NS,Stock,Automobile,https://1drv.ms/i/c/8705623eb284e7df/IQRy4-ATL2CUSpb-yw5vRsY1AT3UCJI_xDLALKd77EjVf3c?width=1024&height=727
14-09-2023,10278.76172,10368.77761,10222.80111,10256.12232,501196,15,Maruti Suzuki,MARUTI.NS,Stock,Automobile,https://1drv.ms/i/c/8705623eb284e7df/IQRy4-ATL2CUSpb-yw5vRsY1AT3UCJI_xDLALKd77EjVf3c?width=1024&height=727
15-09-2023,10315.12109,10339.37698,10268.22677,10279.88862,544616,15,Maruti Suzuki,MARUTI.NS,Stock,Automobile,https://1drv.ms/i/c/8705623eb284e7df/IQRy4-ATL2CUSpb-yw5vRsY1AT3UCJI_xDLALKd77EjVf3c?width=1024&height=727
18-09-2023,10312.03418,10411.55758,10284.54437,10290.42458,430213,15,Maruti Suzuki,MARUTI.NS,Stock,Automobile,https://1drv.ms/i/c/8705623eb284e7df/IQRy4-ATL2CUSpb-yw5vRsY1AT3UCJI_xDLALKd77EjVf3c?width=1024&height=727
20-09-2023,10140.18457,10284.54364,10131.16805,10284.54364,545106,15,Maruti Suzuki,MARUTI.NS,Stock,Automobile,https://1drv.ms/i/c/8705623eb284e7df/IQRy4-ATL2CUSpb-yw5vRsY1AT3UCJI_xDLALKd77EjVf3c?width=1024&height=727
21-09-2023,10078.98145,10138.46981,10002.73486,10136.55855,577252,15,Maruti Suzuki,MARUTI.NS,Stock,Automobile,https://1drv.ms/i/c/8705623eb284e7df/IQRy4-ATL2CUSpb-yw5vRsY1AT3UCJI_xDLALKd77EjVf3c?width=1024&height=727
22-09-2023,10324.82422,10355.79297,10102.64992,10170.81121,986206,15,Maruti Suzuki,MARUTI.NS,Stock,Automobile,https://1drv.ms/i/c/8705623eb284e7df/IQRy4-ATL2CUSpb-yw5vRsY1AT3UCJI_xDLALKd77EjVf3c?width=1024&height=727
25-09-2023,10376.81445,10505.98297,10319.77618,10324.82375,756801,15,Maruti Suzuki,MARUTI.NS,Stock,Automobile,https://1drv.ms/i/c/8705623eb284e7df/IQRy4-ATL2CUSpb-yw5vRsY1AT3UCJI_xDLALKd77EjVf3c?width=1024&height=727
26-09-2023,10345.89453,10421.6511,10316.39488,10419.64222,452503,15,Maruti Suzuki,MARUTI.NS,Stock,Automobile,https://1drv.ms/i/c/8705623eb284e7df/IQRy4-ATL2CUSpb-yw5vRsY1AT3UCJI_xDLALKd77EjVf3c?width=1024&height=727
27-09-2023,10467.5166,10492.2625,10314.87604,10339.37693,458359,15,Maruti Suzuki,MARUTI.NS,Stock,Automobile,https://1drv.ms/i/c/8705623eb284e7df/IQRy4-ATL2CUSpb-yw5vRsY1AT3UCJI_xDLALKd77EjVf3c?width=1024&height=727
28-09-2023,10354.41992,10491.28229,10321.78492,10437.87035,598144,15,Maruti Suzuki,MARUTI.NS,Stock,Automobile,https://1drv.ms/i/c/8705623eb284e7df/IQRy4-ATL2CUSpb-yw5vRsY1AT3UCJI_xDLALKd77EjVf3c?width=1024&height=727
29-09-2023,10398.7666,10491.77237,10300.71422,10330.5565,481725,15,Maruti Suzuki,MARUTI.NS,Stock,Automobile,https://1drv.ms/i/c/8705623eb284e7df/IQRy4-ATL2CUSpb-yw5vRsY1AT3UCJI_xDLALKd77EjVf3c?width=1024&height=727
03-10-2023,10140.33203,10495.98642,10097.6019,10495.98642,623006,15,Maruti Suzuki,MARUTI.NS,Stock,Automobile,https://1drv.ms/i/c/8705623eb284e7df/IQRy4-ATL2CUSpb-yw5vRsY1AT3UCJI_xDLALKd77EjVf3c?width=1024&height=727
04-10-2023,9927.614258,10078.58952,9888.560218,10078.58952,407793,15,Maruti Suzuki,MARUTI.NS,Stock,Automobile,https://1drv.ms/i/c/8705623eb284e7df/IQRy4-ATL2CUSpb-yw5vRsY1AT3UCJI_xDLALKd77EjVf3c?width=1024&height=727
05-10-2023,10006.3125,10065.89848,9907.1815,9978.6753,377196,15,Maruti Suzuki,MARUTI.NS,Stock,Automobile,https://1drv.ms/i/c/8705623eb284e7df/IQRy4-ATL2CUSpb-yw5vRsY1AT3UCJI_xDLALKd77EjVf3c?width=1024&height=727
06-10-2023,10096.37598,10126.65946,10055.16567,10077.70649,335700,15,Maruti Suzuki,MARUTI.NS,Stock,Automobile,https://1drv.ms/i/c/8705623eb284e7df/IQRy4-ATL2CUSpb-yw5vRsY1AT3UCJI_xDLALKd77EjVf3c?width=1024&height=727
09-10-2023,10040.26953,10128.0813,9980.634742,10045.36591,230083,15,Maruti Suzuki,MARUTI.NS,Stock,Automobile,https://1drv.ms/i/c/8705623eb284e7df/IQRy4-ATL2CUSpb-yw5vRsY1AT3UCJI_xDLALKd77EjVf3c?width=1024&height=727
10-10-2023,10167.87109,10209.0326,10065.06496,10084.56805,348342,15,Maruti Suzuki,MARUTI.NS,Stock,Automobile,https://1drv.ms/i/c/8705623eb284e7df/IQRy4-ATL2CUSpb-yw5vRsY1AT3UCJI_xDLALKd77EjVf3c?width=1024&height=727
11-10-2023,10204.22949,10231.57287,10133.61811,10143.32085,193526,15,Maruti Suzuki,MARUTI.NS,Stock,Automobile,https://1drv.ms/i/c/8705623eb284e7df/IQRy4-ATL2CUSpb-yw5vRsY1AT3UCJI_xDLALKd77EjVf3c?width=1024&height=727
12-10-2023,10369.66016,10412.43814,10212.16823,10251.17346,569237,15,Maruti Suzuki,MARUTI.NS,Stock,Automobile,https://1drv.ms/i/c/8705623eb284e7df/IQRy4-ATL2CUSpb-yw5vRsY1AT3UCJI_xDLALKd77EjVf3c?width=1024&height=727
13-10-2023,10513.38184,10530.53246,10319.57978,10323.74493,625954,15,Maruti Suzuki,MARUTI.NS,Stock,Automobile,https://1drv.ms/i/c/8705623eb284e7df/IQRy4-ATL2CUSpb-yw5vRsY1AT3UCJI_xDLALKd77EjVf3c?width=1024&height=727
16-10-2023,10490.79297,10595.01939,10452.08156,10515.73507,304196,15,Maruti Suzuki,MARUTI.NS,Stock,Automobile,https://1drv.ms/i/c/8705623eb284e7df/IQRy4-ATL2CUSpb-yw5vRsY1AT3UCJI_xDLALKd77EjVf3c?width=1024&height=727
17-10-2023,10536.16797,10582.27846,10354.37134,10515.78342,474718,15,Maruti Suzuki,MARUTI.NS,Stock,Automobile,https://1drv.ms/i/c/8705623eb284e7df/IQRy4-ATL2CUSpb-yw5vRsY1AT3UCJI_xDLALKd77EjVf3c?width=1024&height=727
18-10-2023,10573.06641,10594.0386,10497.21126,10540.28402,267435,15,Maruti Suzuki,MARUTI.NS,Stock,Automobile,https://1drv.ms/i/c/8705623eb284e7df/IQRy4-ATL2CUSpb-yw5vRsY1AT3UCJI_xDLALKd77EjVf3c?width=1024&height=727
19-10-2023,10556.65137,10583.11233,10486.38261,10486.38261,286284,15,Maruti Suzuki,MARUTI.NS,Stock,Automobile,https://1drv.ms/i/c/8705623eb284e7df/IQRy4-ATL2CUSpb-yw5vRsY1AT3UCJI_xDLALKd77EjVf3c?width=1024&height=727
20-10-2023,10511.52051,10583.40575,10482.16825,10548.22208,232512,15,Maruti Suzuki,MARUTI.NS,Stock,Automobile,https://1drv.ms/i/c/8705623eb284e7df/IQRy4-ATL2CUSpb-yw5vRsY1AT3UCJI_xDLALKd77EjVf3c?width=1024&height=727
23-10-2023,10342.9541,10510.54021,10320.21708,10467.76126,227925,15,Maruti Suzuki,MARUTI.NS,Stock,Automobile,https://1drv.ms/i/c/8705623eb284e7df/IQRy4-ATL2CUSpb-yw5vRsY1AT3UCJI_xDLALKd77EjVf3c?width=1024&height=727
25-10-2023,10377.45117,10434.88184,10291.94305,10309.97609,401105,15,Maruti Suzuki,MARUTI.NS,Stock,Automobile,https://1drv.ms/i/c/8705623eb284e7df/IQRy4-ATL2CUSpb-yw5vRsY1AT3UCJI_xDLALKd77EjVf3c?width=1024&height=727
26-10-2023,10216.04004,10382.49873,10185.02152,10328.59676,506129,15,Maruti Suzuki,MARUTI.NS,Stock,Automobile,https://1drv.ms/i/c/8705623eb284e7df/IQRy4-ATL2CUSpb-yw5vRsY1AT3UCJI_xDLALKd77EjVf3c?width=1024&height=727
27-10-2023,10349.86328,10628.48724,10231.57278,10231.62159,1116713,15,Maruti Suzuki,MARUTI.NS,Stock,Automobile,https://1drv.ms/i/c/8705623eb284e7df/IQRy4-ATL2CUSpb-yw5vRsY1AT3UCJI_xDLALKd77EjVf3c?width=1024&height=727
30-10-2023,10190.11816,10486.38279,10040.46651,10486.38279,991168,15,Maruti Suzuki,MARUTI.NS,Stock,Automobile,https://1drv.ms/i/c/8705623eb284e7df/IQRy4-ATL2CUSpb-yw5vRsY1AT3UCJI_xDLALKd77EjVf3c?width=1024&height=727
31-10-2023,10184.8252,10280.57488,10114.94884,10280.57488,439996,15,Maruti Suzuki,MARUTI.NS,Stock,Automobile,https://1drv.ms/i/c/8705623eb284e7df/IQRy4-ATL2CUSpb-yw5vRsY1AT3UCJI_xDLALKd77EjVf3c?width=1024&height=727
01-11-2023,10023.56055,10214.12869,9985.241532,10182.66897,699116,15,Maruti Suzuki,MARUTI.NS,Stock,Automobile,https://1drv.ms/i/c/8705623eb284e7df/IQRy4-ATL2CUSpb-yw5vRsY1AT3UCJI_xDLALKd77EjVf3c?width=1024&height=727
02-11-2023,10097.89551,10138.46937,9997.344227,10084.86122,569194,15,Maruti Suzuki,MARUTI.NS,Stock,Automobile,https://1drv.ms/i/c/8705623eb284e7df/IQRy4-ATL2CUSpb-yw5vRsY1AT3UCJI_xDLALKd77EjVf3c?width=1024&height=727
03-11-2023,10071.14063,10162.97016,10036.54556,10112.0083,517582,15,Maruti Suzuki,MARUTI.NS,Stock,Automobile,https://1drv.ms/i/c/8705623eb284e7df/IQRy4-ATL2CUSpb-yw5vRsY1AT3UCJI_xDLALKd77EjVf3c?width=1024&height=727
06-11-2023,10079.51953,10132.54004,10047.32574,10132.54004,490459,15,Maruti Suzuki,MARUTI.NS,Stock,Automobile,https://1drv.ms/i/c/8705623eb284e7df/IQRy4-ATL2CUSpb-yw5vRsY1AT3UCJI_xDLALKd77EjVf3c?width=1024&height=727
07-11-2023,10048.59961,10119.84839,10031.4978,10094.36747,264935,15,Maruti Suzuki,MARUTI.NS,Stock,Automobile,https://1drv.ms/i/c/8705623eb284e7df/IQRy4-ATL2CUSpb-yw5vRsY1AT3UCJI_xDLALKd77EjVf3c?width=1024&height=727
08-11-2023,10116.22168,10134.00971,10055.75329,10113.96779,287006,15,Maruti Suzuki,MARUTI.NS,Stock,Automobile,https://1drv.ms/i/c/8705623eb284e7df/IQRy4-ATL2CUSpb-yw5vRsY1AT3UCJI_xDLALKd77EjVf3c?width=1024&height=727
09-11-2023,10192.71484,10240.98161,10110.78423,10143.32161,310536,15,Maruti Suzuki,MARUTI.NS,Stock,Automobile,https://1drv.ms/i/c/8705623eb284e7df/IQRy4-ATL2CUSpb-yw5vRsY1AT3UCJI_xDLALKd77EjVf3c?width=1024&height=727
10-11-2023,10181.39453,10208.44409,10113.96827,10167.87023,206395,15,Maruti Suzuki,MARUTI.NS,Stock,Automobile,https://1drv.ms/i/c/8705623eb284e7df/IQRy4-ATL2CUSpb-yw5vRsY1AT3UCJI_xDLALKd77EjVf3c?width=1024&height=727
13-11-2023,10190.80371,10220.79242,10156.74747,10220.79242,261891,15,Maruti Suzuki,MARUTI.NS,Stock,Automobile,https://1drv.ms/i/c/8705623eb284e7df/IQRy4-ATL2CUSpb-yw5vRsY1AT3UCJI_xDLALKd77EjVf3c?width=1024&height=727
15-11-2023,10247.30273,10287.43539,10167.91984,10287.43539,436538,15,Maruti Suzuki,MARUTI.NS,Stock,Automobile,https://1drv.ms/i/c/8705623eb284e7df/IQRy4-ATL2CUSpb-yw5vRsY1AT3UCJI_xDLALKd77EjVf3c?width=1024&height=727
16-11-2023,10275.18457,10333.20288,10201.38807,10270.77441,488715,15,Maruti Suzuki,MARUTI.NS,Stock,Automobile,https://1drv.ms/i/c/8705623eb284e7df/IQRy4-ATL2CUSpb-yw5vRsY1AT3UCJI_xDLALKd77EjVf3c?width=1024&height=727
17-11-2023,10313.40527,10395.04205,10289.54179,10290.37444,403772,15,Maruti Suzuki,MARUTI.NS,Stock,Automobile,https://1drv.ms/i/c/8705623eb284e7df/IQRy4-ATL2CUSpb-yw5vRsY1AT3UCJI_xDLALKd77EjVf3c?width=1024&height=727
20-11-2023,10355.30273,10381.86132,10290.37537,10290.37537,234246,15,Maruti Suzuki,MARUTI.NS,Stock,Automobile,https://1drv.ms/i/c/8705623eb284e7df/IQRy4-ATL2CUSpb-yw5vRsY1AT3UCJI_xDLALKd77EjVf3c?width=1024&height=727
21-11-2023,10324.82422,10406.99984,10290.37558,10406.99984,312242,15,Maruti Suzuki,MARUTI.NS,Stock,Automobile,https://1drv.ms/i/c/8705623eb284e7df/IQRy4-ATL2CUSpb-yw5vRsY1AT3UCJI_xDLALKd77EjVf3c?width=1024&height=727
22-11-2023,10285.03418,10340.6024,10211.9727,10339.37735,378891,15,Maruti Suzuki,MARUTI.NS,Stock,Automobile,https://1drv.ms/i/c/8705623eb284e7df/IQRy4-ATL2CUSpb-yw5vRsY1AT3UCJI_xDLALKd77EjVf3c?width=1024&height=727
23-11-2023,10279.10449,10314.8758,10186.53993,10278.41828,453820,15,Maruti Suzuki,MARUTI.NS,Stock,Automobile,https://1drv.ms/i/c/8705623eb284e7df/IQRy4-ATL2CUSpb-yw5vRsY1AT3UCJI_xDLALKd77EjVf3c?width=1024&height=727
24-11-2023,10305.71289,10355.54732,10253.13359,10296.20635,380306,15,Maruti Suzuki,MARUTI.NS,Stock,Automobile,https://1drv.ms/i/c/8705623eb284e7df/IQRy4-ATL2CUSpb-yw5vRsY1AT3UCJI_xDLALKd77EjVf3c?width=1024&height=727
28-11-2023,10327.1748,10345.64905,10296.25487,10329.52727,268026,15,Maruti Suzuki,MARUTI.NS,Stock,Automobile,https://1drv.ms/i/c/8705623eb284e7df/IQRy4-ATL2CUSpb-yw5vRsY1AT3UCJI_xDLALKd77EjVf3c?width=1024&height=727
29-11-2023,10387.64355,10422.23862,10315.56212,10358.97751,343341,15,Maruti Suzuki,MARUTI.NS,Stock,Automobile,https://1drv.ms/i/c/8705623eb284e7df/IQRy4-ATL2CUSpb-yw5vRsY1AT3UCJI_xDLALKd77EjVf3c?width=1024&height=727
30-11-2023,10396.90527,10436.40052,10335.55446,10369.75809,665660,15,Maruti Suzuki,MARUTI.NS,Stock,Automobile,https://1drv.ms/i/c/8705623eb284e7df/IQRy4-ATL2CUSpb-yw5vRsY1AT3UCJI_xDLALKd77EjVf3c?width=1024&height=727
01-12-2023,10374.36426,10544.20426,10322.76499,10396.21886,591519,15,Maruti Suzuki,MARUTI.NS,Stock,Automobile,https://1drv.ms/i/c/8705623eb284e7df/IQRy4-ATL2CUSpb-yw5vRsY1AT3UCJI_xDLALKd77EjVf3c?width=1024&height=727
04-12-2023,10387.83984,10481.57969,10216.87242,10481.48207,625235,15,Maruti Suzuki,MARUTI.NS,Stock,Automobile,https://1drv.ms/i/c/8705623eb284e7df/IQRy4-ATL2CUSpb-yw5vRsY1AT3UCJI_xDLALKd77EjVf3c?width=1024&height=727
05-12-2023,10507.8457,10554.98504,10352.51004,10438.26316,580996,15,Maruti Suzuki,MARUTI.NS,Stock,Automobile,https://1drv.ms/i/c/8705623eb284e7df/IQRy4-ATL2CUSpb-yw5vRsY1AT3UCJI_xDLALKd77EjVf3c?width=1024&height=727
06-12-2023,10413.61426,10534.35485,10378.57798,10507.84507,464163,15,Maruti Suzuki,MARUTI.NS,Stock,Automobile,https://1drv.ms/i/c/8705623eb284e7df/IQRy4-ATL2CUSpb-yw5vRsY1AT3UCJI_xDLALKd77EjVf3c?width=1024&height=727
07-12-2023,10483.09961,10714.58328,10422.68002,10574.58556,704413,15,Maruti Suzuki,MARUTI.NS,Stock,Automobile,https://1drv.ms/i/c/8705623eb284e7df/IQRy4-ATL2CUSpb-yw5vRsY1AT3UCJI_xDLALKd77EjVf3c?width=1024&height=727
08-12-2023,10406.55762,10533.42343,10340.3564,10515.78278,548373,15,Maruti Suzuki,MARUTI.NS,Stock,Automobile,https://1drv.ms/i/c/8705623eb284e7df/IQRy4-ATL2CUSpb-yw5vRsY1AT3UCJI_xDLALKd77EjVf3c?width=1024&height=727
11-12-2023,10331.29102,10425.61945,10290.42334,10417.77916,579749,15,Maruti Suzuki,MARUTI.NS,Stock,Automobile,https://1drv.ms/i/c/8705623eb284e7df/IQRy4-ATL2CUSpb-yw5vRsY1AT3UCJI_xDLALKd77EjVf3c?width=1024&height=727
12-12-2023,10132.00195,10411.89978,10095.44585,10407.97964,1088687,15,Maruti Suzuki,MARUTI.NS,Stock,Automobile,https://1drv.ms/i/c/8705623eb284e7df/IQRy4-ATL2CUSpb-yw5vRsY1AT3UCJI_xDLALKd77EjVf3c?width=1024&height=727
13-12-2023,10172.81934,10205.01408,10055.16624,10153.16981,603469,15,Maruti Suzuki,MARUTI.NS,Stock,Automobile,https://1drv.ms/i/c/8705623eb284e7df/IQRy4-ATL2CUSpb-yw5vRsY1AT3UCJI_xDLALKd77EjVf3c?width=1024&height=727
14-12-2023,10146.50684,10285.47572,10106.42299,10231.57375,635475,15,Maruti Suzuki,MARUTI.NS,Stock,Automobile,https://1drv.ms/i/c/8705623eb284e7df/IQRy4-ATL2CUSpb-yw5vRsY1AT3UCJI_xDLALKd77EjVf3c?width=1024&height=727
15-12-2023,10081.04004,10267.58946,9636.299054,10250.19383,1244681,15,Maruti Suzuki,MARUTI.NS,Stock,Automobile,https://1drv.ms/i/c/8705623eb284e7df/IQRy4-ATL2CUSpb-yw5vRsY1AT3UCJI_xDLALKd77EjVf3c?width=1024&height=727
18-12-2023,10113.57617,10144.25206,10022.04141,10089.46768,652498,15,Maruti Suzuki,MARUTI.NS,Stock,Automobile,https://1drv.ms/i/c/8705623eb284e7df/IQRy4-ATL2CUSpb-yw5vRsY1AT3UCJI_xDLALKd77EjVf3c?width=1024&height=727
19-12-2023,10029.29297,10169.83047,10002.44056,10113.57604,585734,15,Maruti Suzuki,MARUTI.NS,Stock,Automobile,https://1drv.ms/i/c/8705623eb284e7df/IQRy4-ATL2CUSpb-yw5vRsY1AT3UCJI_xDLALKd77EjVf3c?width=1024&height=727
20-12-2023,9879.984375,10103.2363,9790.556122,10035.56503,964051,15,Maruti Suzuki,MARUTI.NS,Stock,Automobile,https://1drv.ms/i/c/8705623eb284e7df/IQRy4-ATL2CUSpb-yw5vRsY1AT3UCJI_xDLALKd77EjVf3c?width=1024&height=727
21-12-2023,9812.950195,9897.625664,9702.353548,9800.357119,739806,15,Maruti Suzuki,MARUTI.NS,Stock,Automobile,https://1drv.ms/i/c/8705623eb284e7df/IQRy4-ATL2CUSpb-yw5vRsY1AT3UCJI_xDLALKd77EjVf3c?width=1024&height=727
22-12-2023,10013.17188,10112.30191,9829.757816,9849.358529,652545,15,Maruti Suzuki,MARUTI.NS,Stock,Automobile,https://1drv.ms/i/c/8705623eb284e7df/IQRy4-ATL2CUSpb-yw5vRsY1AT3UCJI_xDLALKd77EjVf3c?width=1024&height=727
26-12-2023,10065.60449,10075.94368,9912.767727,10064.96709,395273,15,Maruti Suzuki,MARUTI.NS,Stock,Automobile,https://1drv.ms/i/c/8705623eb284e7df/IQRy4-ATL2CUSpb-yw5vRsY1AT3UCJI_xDLALKd77EjVf3c?width=1024&height=727
27-12-2023,10083.09766,10099.61088,10025.76557,10080.64757,397675,15,Maruti Suzuki,MARUTI.NS,Stock,Automobile,https://1drv.ms/i/c/8705623eb284e7df/IQRy4-ATL2CUSpb-yw5vRsY1AT3UCJI_xDLALKd77EjVf3c?width=1024&height=727
28-12-2023,10066.53418,10105.09916,9983.623543,10105.09916,584234,15,Maruti Suzuki,MARUTI.NS,Stock,Automobile,https://1drv.ms/i/c/8705623eb284e7df/IQRy4-ATL2CUSpb-yw5vRsY1AT3UCJI_xDLALKd77EjVf3c?width=1024&height=727
29-12-2023,10096.6709,10189.08904,10067.90723,10075.20869,705227,15,Maruti Suzuki,MARUTI.NS,Stock,Automobile,https://1drv.ms/i/c/8705623eb284e7df/IQRy4-ATL2CUSpb-yw5vRsY1AT3UCJI_xDLALKd77EjVf3c?width=1024&height=727
01-01-2024,10078.00098,10138.46937,10010.7221,10138.46937,411724,15,Maruti Suzuki,MARUTI.NS,Stock,Automobile,https://1drv.ms/i/c/8705623eb284e7df/IQRy4-ATL2CUSpb-yw5vRsY1AT3UCJI_xDLALKd77EjVf3c?width=1024&height=727
02-01-2024,9994.15918,10089.17383,9948.391321,10078.00104,776837,15,Maruti Suzuki,MARUTI.NS,Stock,Automobile,https://1drv.ms/i/c/8705623eb284e7df/IQRy4-ATL2CUSpb-yw5vRsY1AT3UCJI_xDLALKd77EjVf3c?width=1024&height=727
03-01-2024,9876.457031,10006.16437,9864.059197,9996.364015,521046,15,Maruti Suzuki,MARUTI.NS,Stock,Automobile,https://1drv.ms/i/c/8705623eb284e7df/IQRy4-ATL2CUSpb-yw5vRsY1AT3UCJI_xDLALKd77EjVf3c?width=1024&height=727
04-01-2024,9815.350586,9917.960507,9786.194526,9898.359795,711733,15,Maruti Suzuki,MARUTI.NS,Stock,Automobile,https://1drv.ms/i/c/8705623eb284e7df/IQRy4-ATL2CUSpb-yw5vRsY1AT3UCJI_xDLALKd77EjVf3c?width=1024&height=727
05-01-2024,9817.017578,9873.859649,9770.9559,9810.794734,673131,15,Maruti Suzuki,MARUTI.NS,Stock,Automobile,https://1drv.ms/i/c/8705623eb284e7df/IQRy4-ATL2CUSpb-yw5vRsY1AT3UCJI_xDLALKd77EjVf3c?width=1024&height=727
08-01-2024,9748.12207,9926.733591,9714.017017,9805.257965,600153,15,Maruti Suzuki,MARUTI.NS,Stock,Automobile,https://1drv.ms/i/c/8705623eb284e7df/IQRy4-ATL2CUSpb-yw5vRsY1AT3UCJI_xDLALKd77EjVf3c?width=1024&height=727
09-01-2024,9823.975586,9842.156014,9692.55318,9775.856215,666469,15,Maruti Suzuki,MARUTI.NS,Stock,Automobile,https://1drv.ms/i/c/8705623eb284e7df/IQRy4-ATL2CUSpb-yw5vRsY1AT3UCJI_xDLALKd77EjVf3c?width=1024&height=727
10-01-2024,9810.353516,9850.093772,9751.355175,9849.309935,481699,15,Maruti Suzuki,MARUTI.NS,Stock,Automobile,https://1drv.ms/i/c/8705623eb284e7df/IQRy4-ATL2CUSpb-yw5vRsY1AT3UCJI_xDLALKd77EjVf3c?width=1024&height=727
11-01-2024,9811.235352,9921.979389,9800.357338,9824.955852,1024815,15,Maruti Suzuki,MARUTI.NS,Stock,Automobile,https://1drv.ms/i/c/8705623eb284e7df/IQRy4-ATL2CUSpb-yw5vRsY1AT3UCJI_xDLALKd77EjVf3c?width=1024&height=727
12-01-2024,9766.693359,9844.410001,9737.586107,9824.858097,850190,15,Maruti Suzuki,MARUTI.NS,Stock,Automobile,https://1drv.ms/i/c/8705623eb284e7df/IQRy4-ATL2CUSpb-yw5vRsY1AT3UCJI_xDLALKd77EjVf3c?width=1024&height=727
15-01-2024,9885.522461,9897.184311,9749.39512,9785.754061,463380,15,Maruti Suzuki,MARUTI.NS,Stock,Automobile,https://1drv.ms/i/c/8705623eb284e7df/IQRy4-ATL2CUSpb-yw5vRsY1AT3UCJI_xDLALKd77EjVf3c?width=1024&height=727
16-01-2024,9980.243164,10035.56638,9859.159935,9885.473513,536823,15,Maruti Suzuki,MARUTI.NS,Stock,Automobile,https://1drv.ms/i/c/8705623eb284e7df/IQRy4-ATL2CUSpb-yw5vRsY1AT3UCJI_xDLALKd77EjVf3c?width=1024&height=727
17-01-2024,9851.024414,9958.925955,9796.877445,9921.880799,610250,15,Maruti Suzuki,MARUTI.NS,Stock,Automobile,https://1drv.ms/i/c/8705623eb284e7df/IQRy4-ATL2CUSpb-yw5vRsY1AT3UCJI_xDLALKd77EjVf3c?width=1024&height=727
18-01-2024,9726.364258,9849.358738,9543.244971,9747.483836,614860,15,Maruti Suzuki,MARUTI.NS,Stock,Automobile,https://1drv.ms/i/c/8705623eb284e7df/IQRy4-ATL2CUSpb-yw5vRsY1AT3UCJI_xDLALKd77EjVf3c?width=1024&height=727
19-01-2024,9837.304688,9850.976377,9750.424139,9761.155721,377018,15,Maruti Suzuki,MARUTI.NS,Stock,Automobile,https://1drv.ms/i/c/8705623eb284e7df/IQRy4-ATL2CUSpb-yw5vRsY1AT3UCJI_xDLALKd77EjVf3c?width=1024&height=727
23-01-2024,9663.592773,9773.895595,9635.808188,9665.111637,956269,15,Maruti Suzuki,MARUTI.NS,Stock,Automobile,https://1drv.ms/i/c/8705623eb284e7df/IQRy4-ATL2CUSpb-yw5vRsY1AT3UCJI_xDLALKd77EjVf3c?width=1024&height=727
24-01-2024,9788.792969,9800.357199,9560.248447,9663.152198,459092,15,Maruti Suzuki,MARUTI.NS,Stock,Automobile,https://1drv.ms/i/c/8705623eb284e7df/IQRy4-ATL2CUSpb-yw5vRsY1AT3UCJI_xDLALKd77EjVf3c?width=1024&height=727
25-01-2024,9683.733398,9800.161456,9620.569902,9788.793424,718817,15,Maruti Suzuki,MARUTI.NS,Stock,Automobile,https://1drv.ms/i/c/8705623eb284e7df/IQRy4-ATL2CUSpb-yw5vRsY1AT3UCJI_xDLALKd77EjVf3c?width=1024&height=727
29-01-2024,9791.929688,9834.658864,9677.901952,9732.882533,446516,15,Maruti Suzuki,MARUTI.NS,Stock,Automobile,https://1drv.ms/i/c/8705623eb284e7df/IQRy4-ATL2CUSpb-yw5vRsY1AT3UCJI_xDLALKd77EjVf3c?width=1024&height=727
30-01-2024,9752.972656,9833.188195,9733.224554,9810.990004,399869,15,Maruti Suzuki,MARUTI.NS,Stock,Automobile,https://1drv.ms/i/c/8705623eb284e7df/IQRy4-ATL2CUSpb-yw5vRsY1AT3UCJI_xDLALKd77EjVf3c?width=1024&height=727
31-01-2024,9983.526367,10031.25334,9715.094198,9760.469661,997024,15,Maruti Suzuki,MARUTI.NS,Stock,Automobile,https://1drv.ms/i/c/8705623eb284e7df/IQRy4-ATL2CUSpb-yw5vRsY1AT3UCJI_xDLALKd77EjVf3c?width=1024&height=727
01-02-2024,10425.57031,10486.18513,10000.28366,10006.16387,1869594,15,Maruti Suzuki,MARUTI.NS,Stock,Automobile,https://1drv.ms/i/c/8705623eb284e7df/IQRy4-ATL2CUSpb-yw5vRsY1AT3UCJI_xDLALKd77EjVf3c?width=1024&height=727
02-02-2024,10442.72266,10497.75109,10329.96973,10386.41941,814940,15,Maruti Suzuki,MARUTI.NS,Stock,Automobile,https://1drv.ms/i/c/8705623eb284e7df/IQRy4-ATL2CUSpb-yw5vRsY1AT3UCJI_xDLALKd77EjVf3c?width=1024&height=727
05-02-2024,10220.35059,10545.13478,10192.37076,10390.33796,365105,15,Maruti Suzuki,MARUTI.NS,Stock,Automobile,https://1drv.ms/i/c/8705623eb284e7df/IQRy4-ATL2CUSpb-yw5vRsY1AT3UCJI_xDLALKd77EjVf3c?width=1024&height=727
06-02-2024,10628.33984,10640.00265,10249.21341,10290.3261,829040,15,Maruti Suzuki,MARUTI.NS,Stock,Automobile,https://1drv.ms/i/c/8705623eb284e7df/IQRy4-ATL2CUSpb-yw5vRsY1AT3UCJI_xDLALKd77EjVf3c?width=1024&height=727
07-02-2024,10717.37695,10754.42211,10571.44925,10643.18806,560808,15,Maruti Suzuki,MARUTI.NS,Stock,Automobile,https://1drv.ms/i/c/8705623eb284e7df/IQRy4-ATL2CUSpb-yw5vRsY1AT3UCJI_xDLALKd77EjVf3c?width=1024&height=727
08-02-2024,10529.40625,10732.37127,10476.53313,10732.37127,557082,15,Maruti Suzuki,MARUTI.NS,Stock,Automobile,https://1drv.ms/i/c/8705623eb284e7df/IQRy4-ATL2CUSpb-yw5vRsY1AT3UCJI_xDLALKd77EjVf3c?width=1024&height=727
09-02-2024,10518.57617,10554.98488,10399.25682,10497.40778,645489,15,Maruti Suzuki,MARUTI.NS,Stock,Automobile,https://1drv.ms/i/c/8705623eb284e7df/IQRy4-ATL2CUSpb-yw5vRsY1AT3UCJI_xDLALKd77EjVf3c?width=1024&height=727
12-02-2024,10495.88867,10534.35507,10437.42916,10486.38213,190655,15,Maruti Suzuki,MARUTI.NS,Stock,Automobile,https://1drv.ms/i/c/8705623eb284e7df/IQRy4-ATL2CUSpb-yw5vRsY1AT3UCJI_xDLALKd77EjVf3c?width=1024&height=727
13-02-2024,10578.99512,10613.78638,10427.72699,10515.78282,397979,15,Maruti Suzuki,MARUTI.NS,Stock,Automobile,https://1drv.ms/i/c/8705623eb284e7df/IQRy4-ATL2CUSpb-yw5vRsY1AT3UCJI_xDLALKd77EjVf3c?width=1024&height=727
14-02-2024,10807.78516,10829.39475,10489.71475,10491.28243,354676,15,Maruti Suzuki,MARUTI.NS,Stock,Automobile,https://1drv.ms/i/c/8705623eb284e7df/IQRy4-ATL2CUSpb-yw5vRsY1AT3UCJI_xDLALKd77EjVf3c?width=1024&height=727
15-02-2024,10868.84082,10910.73735,10760.79189,10819.59403,447248,15,Maruti Suzuki,MARUTI.NS,Stock,Automobile,https://1drv.ms/i/c/8705623eb284e7df/IQRy4-ATL2CUSpb-yw5vRsY1AT3UCJI_xDLALKd77EjVf3c?width=1024&height=727
16-02-2024,11153.19922,11250.8104,10876.43674,10897.99753,716486,15,Maruti Suzuki,MARUTI.NS,Stock,Automobile,https://1drv.ms/i/c/8705623eb284e7df/IQRy4-ATL2CUSpb-yw5vRsY1AT3UCJI_xDLALKd77EjVf3c?width=1024&height=727
19-02-2024,11254.09277,11381.2036,11106.7936,11153.19886,581383,15,Maruti Suzuki,MARUTI.NS,Stock,Automobile,https://1drv.ms/i/c/8705623eb284e7df/IQRy4-ATL2CUSpb-yw5vRsY1AT3UCJI_xDLALKd77EjVf3c?width=1024&height=727
20-02-2024,11217.93066,11250.76186,11089.93742,11211.60924,355044,15,Maruti Suzuki,MARUTI.NS,Stock,Automobile,https://1drv.ms/i/c/8705623eb284e7df/IQRy4-ATL2CUSpb-yw5vRsY1AT3UCJI_xDLALKd77EjVf3c?width=1024&height=727
21-02-2024,11236.94238,11290.99174,11143.00634,11227.28941,348461,15,Maruti Suzuki,MARUTI.NS,Stock,Automobile,https://1drv.ms/i/c/8705623eb284e7df/IQRy4-ATL2CUSpb-yw5vRsY1AT3UCJI_xDLALKd77EjVf3c?width=1024&height=727
22-02-2024,11425.05957,11461.51709,11163.83126,11270.41013,584406,15,Maruti Suzuki,MARUTI.NS,Stock,Automobile,https://1drv.ms/i/c/8705623eb284e7df/IQRy4-ATL2CUSpb-yw5vRsY1AT3UCJI_xDLALKd77EjVf3c?width=1024&height=727
23-02-2024,11305.2998,11486.01878,11246.10622,11471.26943,472884,15,Maruti Suzuki,MARUTI.NS,Stock,Automobile,https://1drv.ms/i/c/8705623eb284e7df/IQRy4-ATL2CUSpb-yw5vRsY1AT3UCJI_xDLALKd77EjVf3c?width=1024&height=727
26-02-2024,11238.06934,11303.68292,11188.52872,11275.31069,277700,15,Maruti Suzuki,MARUTI.NS,Stock,Automobile,https://1drv.ms/i/c/8705623eb284e7df/IQRy4-ATL2CUSpb-yw5vRsY1AT3UCJI_xDLALKd77EjVf3c?width=1024&height=727
27-02-2024,11271.04785,11332.05507,11156.97131,11187.10741,307585,15,Maruti Suzuki,MARUTI.NS,Stock,Automobile,https://1drv.ms/i/c/8705623eb284e7df/IQRy4-ATL2CUSpb-yw5vRsY1AT3UCJI_xDLALKd77EjVf3c?width=1024&height=727
28-02-2024,10930.1416,11269.38133,10907.79698,11241.98914,358812,15,Maruti Suzuki,MARUTI.NS,Stock,Automobile,https://1drv.ms/i/c/8705623eb284e7df/IQRy4-ATL2CUSpb-yw5vRsY1AT3UCJI_xDLALKd77EjVf3c?width=1024&height=727
29-02-2024,11062.98535,11122.4249,10907.30707,10932.29798,943841,15,Maruti Suzuki,MARUTI.NS,Stock,Automobile,https://1drv.ms/i/c/8705623eb284e7df/IQRy4-ATL2CUSpb-yw5vRsY1AT3UCJI_xDLALKd77EjVf3c?width=1024&height=727
01-03-2024,11388.94629,11441.91703,11069.50345,11069.50345,487355,15,Maruti Suzuki,MARUTI.NS,Stock,Automobile,https://1drv.ms/i/c/8705623eb284e7df/IQRy4-ATL2CUSpb-yw5vRsY1AT3UCJI_xDLALKd77EjVf3c?width=1024&height=727
04-03-2024,11362.68164,11444.17104,11313.67985,11368.41447,369936,15,Maruti Suzuki,MARUTI.NS,Stock,Automobile,https://1drv.ms/i/c/8705623eb284e7df/IQRy4-ATL2CUSpb-yw5vRsY1AT3UCJI_xDLALKd77EjVf3c?width=1024&height=727
05-03-2024,11437.60449,11495.819,11330.9768,11364.54302,320702,15,Maruti Suzuki,MARUTI.NS,Stock,Automobile,https://1drv.ms/i/c/8705623eb284e7df/IQRy4-ATL2CUSpb-yw5vRsY1AT3UCJI_xDLALKd77EjVf3c?width=1024&height=727
06-03-2024,11336.12207,11445.83726,11288.44391,11437.60458,639542,15,Maruti Suzuki,MARUTI.NS,Stock,Automobile,https://1drv.ms/i/c/8705623eb284e7df/IQRy4-ATL2CUSpb-yw5vRsY1AT3UCJI_xDLALKd77EjVf3c?width=1024&height=727
07-03-2024,11280.25977,11401.24536,11193.13517,11340.04194,255325,15,Maruti Suzuki,MARUTI.NS,Stock,Automobile,https://1drv.ms/i/c/8705623eb284e7df/IQRy4-ATL2CUSpb-yw5vRsY1AT3UCJI_xDLALKd77EjVf3c?width=1024&height=727
11-03-2024,11168.0459,11325.1952,11123.45427,11285.25875,525344,15,Maruti Suzuki,MARUTI.NS,Stock,Automobile,https://1drv.ms/i/c/8705623eb284e7df/IQRy4-ATL2CUSpb-yw5vRsY1AT3UCJI_xDLALKd77EjVf3c?width=1024&height=727
12-03-2024,11280.11328,11344.79564,11153.7863,11172.40698,283816,15,Maruti Suzuki,MARUTI.NS,Stock,Automobile,https://1drv.ms/i/c/8705623eb284e7df/IQRy4-ATL2CUSpb-yw5vRsY1AT3UCJI_xDLALKd77EjVf3c?width=1024&height=727
13-03-2024,11162.75391,11324.16502,11042.64977,11280.2108,385204,15,Maruti Suzuki,MARUTI.NS,Stock,Automobile,https://1drv.ms/i/c/8705623eb284e7df/IQRy4-ATL2CUSpb-yw5vRsY1AT3UCJI_xDLALKd77EjVf3c?width=1024&height=727
14-03-2024,11176.91504,11231.2094,11076.41257,11174.12232,523058,15,Maruti Suzuki,MARUTI.NS,Stock,Automobile,https://1drv.ms/i/c/8705623eb284e7df/IQRy4-ATL2CUSpb-yw5vRsY1AT3UCJI_xDLALKd77EjVf3c?width=1024&height=727
15-03-2024,11247.52734,11291.04036,11088.17296,11152.80651,972333,15,Maruti Suzuki,MARUTI.NS,Stock,Automobile,https://1drv.ms/i/c/8705623eb284e7df/IQRy4-ATL2CUSpb-yw5vRsY1AT3UCJI_xDLALKd77EjVf3c?width=1024&height=727
18-03-2024,11403.98926,11432.50887,11139.37962,11208.3257,311049,15,Maruti Suzuki,MARUTI.NS,Stock,Automobile,https://1drv.ms/i/c/8705623eb284e7df/IQRy4-ATL2CUSpb-yw5vRsY1AT3UCJI_xDLALKd77EjVf3c?width=1024&height=727
19-03-2024,11365.52246,11446.7678,11227.43601,11311.66931,409259,15,Maruti Suzuki,MARUTI.NS,Stock,Automobile,https://1drv.ms/i/c/8705623eb284e7df/IQRy4-ATL2CUSpb-yw5vRsY1AT3UCJI_xDLALKd77EjVf3c?width=1024&height=727
20-03-2024,11702.75391,11784.92952,11418.54355,11418.54355,1031037,15,Maruti Suzuki,MARUTI.NS,Stock,Automobile,https://1drv.ms/i/c/8705623eb284e7df/IQRy4-ATL2CUSpb-yw5vRsY1AT3UCJI_xDLALKd77EjVf3c?width=1024&height=727
21-03-2024,11670.41211,11760.428,11589.26439,11759.44797,544311,15,Maruti Suzuki,MARUTI.NS,Stock,Automobile,https://1drv.ms/i/c/8705623eb284e7df/IQRy4-ATL2CUSpb-yw5vRsY1AT3UCJI_xDLALKd77EjVf3c?width=1024&height=727
22-03-2024,12091.3877,12179.19852,11652.67429,11652.67429,1062263,15,Maruti Suzuki,MARUTI.NS,Stock,Automobile,https://1drv.ms/i/c/8705623eb284e7df/IQRy4-ATL2CUSpb-yw5vRsY1AT3UCJI_xDLALKd77EjVf3c?width=1024&height=727
26-03-2024,12005.97656,12075.90269,11898.81004,12040.27781,507568,15,Maruti Suzuki,MARUTI.NS,Stock,Automobile,https://1drv.ms/i/c/8705623eb284e7df/IQRy4-ATL2CUSpb-yw5vRsY1AT3UCJI_xDLALKd77EjVf3c?width=1024&height=727
27-03-2024,12260.58984,12468.70101,12040.42539,12044.63935,878986,15,Maruti Suzuki,MARUTI.NS,Stock,Automobile,https://1drv.ms/i/c/8705623eb284e7df/IQRy4-ATL2CUSpb-yw5vRsY1AT3UCJI_xDLALKd77EjVf3c?width=1024&height=727
28-03-2024,12348.79297,12472.71868,12138.23267,12319.00046,860324,15,Maruti Suzuki,MARUTI.NS,Stock,Automobile,https://1drv.ms/i/c/8705623eb284e7df/IQRy4-ATL2CUSpb-yw5vRsY1AT3UCJI_xDLALKd77EjVf3c?width=1024&height=727
01-04-2024,12318.65625,12435.67289,12256.47375,12361.53281,314676,15,Maruti Suzuki,MARUTI.NS,Stock,Automobile,https://1drv.ms/i/c/8705623eb284e7df/IQRy4-ATL2CUSpb-yw5vRsY1AT3UCJI_xDLALKd77EjVf3c?width=1024&height=727
02-04-2024,12301.84961,12395.49183,12213.4502,12372.9022,333508,15,Maruti Suzuki,MARUTI.NS,Stock,Automobile,https://1drv.ms/i/c/8705623eb284e7df/IQRy4-ATL2CUSpb-yw5vRsY1AT3UCJI_xDLALKd77EjVf3c?width=1024&height=727
03-04-2024,12179.73633,12275.4372,12164.74197,12201.4445,271935,15,Maruti Suzuki,MARUTI.NS,Stock,Automobile,https://1drv.ms/i/c/8705623eb284e7df/IQRy4-ATL2CUSpb-yw5vRsY1AT3UCJI_xDLALKd77EjVf3c?width=1024&height=727
04-04-2024,12316.35449,12396.47242,12072.12939,12240.64673,491166,15,Maruti Suzuki,MARUTI.NS,Stock,Automobile,https://1drv.ms/i/c/8705623eb284e7df/IQRy4-ATL2CUSpb-yw5vRsY1AT3UCJI_xDLALKd77EjVf3c?width=1024&height=727
05-04-2024,12173.61133,12307.19096,12137.25239,12242.60623,231600,15,Maruti Suzuki,MARUTI.NS,Stock,Automobile,https://1drv.ms/i/c/8705623eb284e7df/IQRy4-ATL2CUSpb-yw5vRsY1AT3UCJI_xDLALKd77EjVf3c?width=1024&height=727
08-04-2024,12608.25684,12669.55883,12201.4444,12201.4444,570422,15,Maruti Suzuki,MARUTI.NS,Stock,Automobile,https://1drv.ms/i/c/8705623eb284e7df/IQRy4-ATL2CUSpb-yw5vRsY1AT3UCJI_xDLALKd77EjVf3c?width=1024&height=727
09-04-2024,12630.7002,12726.44988,12524.85634,12608.25699,314466,15,Maruti Suzuki,MARUTI.NS,Stock,Automobile,https://1drv.ms/i/c/8705623eb284e7df/IQRy4-ATL2CUSpb-yw5vRsY1AT3UCJI_xDLALKd77EjVf3c?width=1024&height=727
10-04-2024,12429.54785,12699.30268,12349.33231,12674.80179,464239,15,Maruti Suzuki,MARUTI.NS,Stock,Automobile,https://1drv.ms/i/c/8705623eb284e7df/IQRy4-ATL2CUSpb-yw5vRsY1AT3UCJI_xDLALKd77EjVf3c?width=1024&height=727
12-04-2024,12021.65723,12407.25248,11980.93693,12407.25248,973366,15,Maruti Suzuki,MARUTI.NS,Stock,Automobile,https://1drv.ms/i/c/8705623eb284e7df/IQRy4-ATL2CUSpb-yw5vRsY1AT3UCJI_xDLALKd77EjVf3c?width=1024&height=727
15-04-2024,12174.83594,12260.24643,11792.7206,11955.94535,831257,15,Maruti Suzuki,MARUTI.NS,Stock,Automobile,https://1drv.ms/i/c/8705623eb284e7df/IQRy4-ATL2CUSpb-yw5vRsY1AT3UCJI_xDLALKd77EjVf3c?width=1024&height=727
16-04-2024,12253.09277,12299.35065,12030.28108,12062.27963,579183,15,Maruti Suzuki,MARUTI.NS,Stock,Automobile,https://1drv.ms/i/c/8705623eb284e7df/IQRy4-ATL2CUSpb-yw5vRsY1AT3UCJI_xDLALKd77EjVf3c?width=1024&height=727
18-04-2024,12157.34375,12350.4108,12074.08952,12319.04965,679117,15,Maruti Suzuki,MARUTI.NS,Stock,Automobile,https://1drv.ms/i/c/8705623eb284e7df/IQRy4-ATL2CUSpb-yw5vRsY1AT3UCJI_xDLALKd77EjVf3c?width=1024&height=727
19-04-2024,12457.18555,12504.66847,11980.93699,12152.34562,635535,15,Maruti Suzuki,MARUTI.NS,Stock,Automobile,https://1drv.ms/i/c/8705623eb284e7df/IQRy4-ATL2CUSpb-yw5vRsY1AT3UCJI_xDLALKd77EjVf3c?width=1024&height=727
22-04-2024,12530.24707,12622.0278,12406.27255,12527.94437,342212,15,Maruti Suzuki,MARUTI.NS,Stock,Automobile,https://1drv.ms/i/c/8705623eb284e7df/IQRy4-ATL2CUSpb-yw5vRsY1AT3UCJI_xDLALKd77EjVf3c?width=1024&height=727
23-04-2024,12736.78906,12764.47507,12521.23002,12588.55866,397281,15,Maruti Suzuki,MARUTI.NS,Stock,Automobile,https://1drv.ms/i/c/8705623eb284e7df/IQRy4-ATL2CUSpb-yw5vRsY1AT3UCJI_xDLALKd77EjVf3c?width=1024&height=727
24-04-2024,12685.63086,12812.93788,12642.46048,12740.46405,296364,15,Maruti Suzuki,MARUTI.NS,Stock,Automobile,https://1drv.ms/i/c/8705623eb284e7df/IQRy4-ATL2CUSpb-yw5vRsY1AT3UCJI_xDLALKd77EjVf3c?width=1024&height=727
25-04-2024,12664.51172,12721.54999,12485.99783,12705.1832,640725,15,Maruti Suzuki,MARUTI.NS,Stock,Automobile,https://1drv.ms/i/c/8705623eb284e7df/IQRy4-ATL2CUSpb-yw5vRsY1AT3UCJI_xDLALKd77EjVf3c?width=1024&height=727
26-04-2024,12449.73633,12784.56591,12407.25216,12664.02152,704626,15,Maruti Suzuki,MARUTI.NS,Stock,Automobile,https://1drv.ms/i/c/8705623eb284e7df/IQRy4-ATL2CUSpb-yw5vRsY1AT3UCJI_xDLALKd77EjVf3c?width=1024&height=727
29-04-2024,12436.50586,12735.36794,12351.39014,12544.50599,613937,15,Maruti Suzuki,MARUTI.NS,Stock,Automobile,https://1drv.ms/i/c/8705623eb284e7df/IQRy4-ATL2CUSpb-yw5vRsY1AT3UCJI_xDLALKd77EjVf3c?width=1024&height=727
30-04-2024,12561.6084,12736.54478,12485.85183,12530.73727,528776,15,Maruti Suzuki,MARUTI.NS,Stock,Automobile,https://1drv.ms/i/c/8705623eb284e7df/IQRy4-ATL2CUSpb-yw5vRsY1AT3UCJI_xDLALKd77EjVf3c?width=1024&height=727
02-05-2024,12549.7002,12587.72635,12264.951,12495.4556,814923,15,Maruti Suzuki,MARUTI.NS,Stock,Automobile,https://1drv.ms/i/c/8705623eb284e7df/IQRy4-ATL2CUSpb-yw5vRsY1AT3UCJI_xDLALKd77EjVf3c?width=1024&height=727
03-05-2024,12242.75391,12573.8586,12163.61602,12562.04936,834990,15,Maruti Suzuki,MARUTI.NS,Stock,Automobile,https://1drv.ms/i/c/8705623eb284e7df/IQRy4-ATL2CUSpb-yw5vRsY1AT3UCJI_xDLALKd77EjVf3c?width=1024&height=727
06-05-2024,12190.95898,12393.92497,12125.49279,12299.44914,342231,15,Maruti Suzuki,MARUTI.NS,Stock,Automobile,https://1drv.ms/i/c/8705623eb284e7df/IQRy4-ATL2CUSpb-yw5vRsY1AT3UCJI_xDLALKd77EjVf3c?width=1024&height=727
07-05-2024,12117.21094,12258.77729,11994.65766,12223.39839,604375,15,Maruti Suzuki,MARUTI.NS,Stock,Automobile,https://1drv.ms/i/c/8705623eb284e7df/IQRy4-ATL2CUSpb-yw5vRsY1AT3UCJI_xDLALKd77EjVf3c?width=1024&height=727
08-05-2024,12293.12695,12309.19992,12078.94034,12144.60273,399669,15,Maruti Suzuki,MARUTI.NS,Stock,Automobile,https://1drv.ms/i/c/8705623eb284e7df/IQRy4-ATL2CUSpb-yw5vRsY1AT3UCJI_xDLALKd77EjVf3c?width=1024&height=727
09-05-2024,12255.00391,12485.45873,12188.4591,12289.64779,504590,15,Maruti Suzuki,MARUTI.NS,Stock,Automobile,https://1drv.ms/i/c/8705623eb284e7df/IQRy4-ATL2CUSpb-yw5vRsY1AT3UCJI_xDLALKd77EjVf3c?width=1024&height=727
10-05-2024,12422.44336,12443.46532,12251.42712,12255.34726,328670,15,Maruti Suzuki,MARUTI.NS,Stock,Automobile,https://1drv.ms/i/c/8705623eb284e7df/IQRy4-ATL2CUSpb-yw5vRsY1AT3UCJI_xDLALKd77EjVf3c?width=1024&height=727
13-05-2024,12420.8252,12454.68619,12228.44438,12407.25208,281421,15,Maruti Suzuki,MARUTI.NS,Stock,Automobile,https://1drv.ms/i/c/8705623eb284e7df/IQRy4-ATL2CUSpb-yw5vRsY1AT3UCJI_xDLALKd77EjVf3c?width=1024&height=727
14-05-2024,12558.37402,12583.65875,12398.8244,12420.82543,331037,15,Maruti Suzuki,MARUTI.NS,Stock,Automobile,https://1drv.ms/i/c/8705623eb284e7df/IQRy4-ATL2CUSpb-yw5vRsY1AT3UCJI_xDLALKd77EjVf3c?width=1024&height=727
15-05-2024,12512.40918,12615.4115,12446.45297,12564.05725,232030,15,Maruti Suzuki,MARUTI.NS,Stock,Automobile,https://1drv.ms/i/c/8705623eb284e7df/IQRy4-ATL2CUSpb-yw5vRsY1AT3UCJI_xDLALKd77EjVf3c?width=1024&height=727
16-05-2024,12248.14355,12591.49868,12054.43912,12591.49868,914201,15,Maruti Suzuki,MARUTI.NS,Stock,Automobile,https://1drv.ms/i/c/8705623eb284e7df/IQRy4-ATL2CUSpb-yw5vRsY1AT3UCJI_xDLALKd77EjVf3c?width=1024&height=727
17-05-2024,12389.12207,12413.03533,12076.29446,12265.29493,809226,15,Maruti Suzuki,MARUTI.NS,Stock,Automobile,https://1drv.ms/i/c/8705623eb284e7df/IQRy4-ATL2CUSpb-yw5vRsY1AT3UCJI_xDLALKd77EjVf3c?width=1024&height=727
21-05-2024,12224.2793,12425.77521,12193.40817,12348.5974,443136,15,Maruti Suzuki,MARUTI.NS,Stock,Automobile,https://1drv.ms/i/c/8705623eb284e7df/IQRy4-ATL2CUSpb-yw5vRsY1AT3UCJI_xDLALKd77EjVf3c?width=1024&height=727
22-05-2024,12281.16992,12312.18843,12116.27892,12179.68742,280015,15,Maruti Suzuki,MARUTI.NS,Stock,Automobile,https://1drv.ms/i/c/8705623eb284e7df/IQRy4-ATL2CUSpb-yw5vRsY1AT3UCJI_xDLALKd77EjVf3c?width=1024&height=727
23-05-2024,12676.66504,12716.06171,12224.03495,12315.17827,768732,15,Maruti Suzuki,MARUTI.NS,Stock,Automobile,https://1drv.ms/i/c/8705623eb284e7df/IQRy4-ATL2CUSpb-yw5vRsY1AT3UCJI_xDLALKd77EjVf3c?width=1024&height=727
24-05-2024,12740.90527,12773.78528,12555.23732,12608.15925,624801,15,Maruti Suzuki,MARUTI.NS,Stock,Automobile,https://1drv.ms/i/c/8705623eb284e7df/IQRy4-ATL2CUSpb-yw5vRsY1AT3UCJI_xDLALKd77EjVf3c?width=1024&height=727
27-05-2024,12648.43848,12797.7963,12521.91625,12763.44624,464953,15,Maruti Suzuki,MARUTI.NS,Stock,Automobile,https://1drv.ms/i/c/8705623eb284e7df/IQRy4-ATL2CUSpb-yw5vRsY1AT3UCJI_xDLALKd77EjVf3c?width=1024&height=727
28-05-2024,12562.68555,12726.6951,12544.70227,12632.66048,333806,15,Maruti Suzuki,MARUTI.NS,Stock,Automobile,https://1drv.ms/i/c/8705623eb284e7df/IQRy4-ATL2CUSpb-yw5vRsY1AT3UCJI_xDLALKd77EjVf3c?width=1024&height=727
29-05-2024,12533.33398,12593.5076,12495.45522,12562.09765,353706,15,Maruti Suzuki,MARUTI.NS,Stock,Automobile,https://1drv.ms/i/c/8705623eb284e7df/IQRy4-ATL2CUSpb-yw5vRsY1AT3UCJI_xDLALKd77EjVf3c?width=1024&height=727
30-05-2024,12346.49023,12554.25781,12299.44852,12467.03463,524559,15,Maruti Suzuki,MARUTI.NS,Stock,Automobile,https://1drv.ms/i/c/8705623eb284e7df/IQRy4-ATL2CUSpb-yw5vRsY1AT3UCJI_xDLALKd77EjVf3c?width=1024&height=727
31-05-2024,12151.75684,12381.13401,12083.84055,12346.49013,908304,15,Maruti Suzuki,MARUTI.NS,Stock,Automobile,https://1drv.ms/i/c/8705623eb284e7df/IQRy4-ATL2CUSpb-yw5vRsY1AT3UCJI_xDLALKd77EjVf3c?width=1024&height=727
03-06-2024,12227.07324,12568.95833,12154.94204,12568.95833,485936,15,Maruti Suzuki,MARUTI.NS,Stock,Automobile,https://1drv.ms/i/c/8705623eb284e7df/IQRy4-ATL2CUSpb-yw5vRsY1AT3UCJI_xDLALKd77EjVf3c?width=1024&height=727
04-06-2024,11932.96387,12345.7063,11330.63429,12345.1177,825928,15,Maruti Suzuki,MARUTI.NS,Stock,Automobile,https://1drv.ms/i/c/8705623eb284e7df/IQRy4-ATL2CUSpb-yw5vRsY1AT3UCJI_xDLALKd77EjVf3c?width=1024&height=727
05-06-2024,12252.99414,12362.26812,11883.03066,11936.835,447581,15,Maruti Suzuki,MARUTI.NS,Stock,Automobile,https://1drv.ms/i/c/8705623eb284e7df/IQRy4-ATL2CUSpb-yw5vRsY1AT3UCJI_xDLALKd77EjVf3c?width=1024&height=727
06-06-2024,12420.4834,12436.65399,12219.08605,12261.76641,447536,15,Maruti Suzuki,MARUTI.NS,Stock,Automobile,https://1drv.ms/i/c/8705623eb284e7df/IQRy4-ATL2CUSpb-yw5vRsY1AT3UCJI_xDLALKd77EjVf3c?width=1024&height=727
07-06-2024,12555.13965,12571.89788,12331.15173,12331.15173,532480,15,Maruti Suzuki,MARUTI.NS,Stock,Automobile,https://1drv.ms/i/c/8705623eb284e7df/IQRy4-ATL2CUSpb-yw5vRsY1AT3UCJI_xDLALKd77EjVf3c?width=1024&height=727
10-06-2024,12463.65332,12662.06175,12375.79369,12510.3036,293471,15,Maruti Suzuki,MARUTI.NS,Stock,Automobile,https://1drv.ms/i/c/8705623eb284e7df/IQRy4-ATL2CUSpb-yw5vRsY1AT3UCJI_xDLALKd77EjVf3c?width=1024&height=727
11-06-2024,12606.83691,12681.22105,12402.54828,12489.08524,358807,15,Maruti Suzuki,MARUTI.NS,Stock,Automobile,https://1drv.ms/i/c/8705623eb284e7df/IQRy4-ATL2CUSpb-yw5vRsY1AT3UCJI_xDLALKd77EjVf3c?width=1024&height=727
12-06-2024,12592.82227,12693.03092,12546.41795,12606.83754,302719,15,Maruti Suzuki,MARUTI.NS,Stock,Automobile,https://1drv.ms/i/c/8705623eb284e7df/IQRy4-ATL2CUSpb-yw5vRsY1AT3UCJI_xDLALKd77EjVf3c?width=1024&height=727
13-06-2024,12590.37109,12681.6618,12485.26227,12681.6618,297240,15,Maruti Suzuki,MARUTI.NS,Stock,Automobile,https://1drv.ms/i/c/8705623eb284e7df/IQRy4-ATL2CUSpb-yw5vRsY1AT3UCJI_xDLALKd77EjVf3c?width=1024&height=727
14-06-2024,12588.75488,12637.56047,12523.68013,12575.3282,216967,15,Maruti Suzuki,MARUTI.NS,Stock,Automobile,https://1drv.ms/i/c/8705623eb284e7df/IQRy4-ATL2CUSpb-yw5vRsY1AT3UCJI_xDLALKd77EjVf3c?width=1024&height=727
18-06-2024,12310.17969,12622.85989,12291.65663,12621.29221,823306,15,Maruti Suzuki,MARUTI.NS,Stock,Automobile,https://1drv.ms/i/c/8705623eb284e7df/IQRy4-ATL2CUSpb-yw5vRsY1AT3UCJI_xDLALKd77EjVf3c?width=1024&height=727
19-06-2024,11997.69531,12372.95139,11956.43619,12358.25085,694871,15,Maruti Suzuki,MARUTI.NS,Stock,Automobile,https://1drv.ms/i/c/8705623eb284e7df/IQRy4-ATL2CUSpb-yw5vRsY1AT3UCJI_xDLALKd77EjVf3c?width=1024&height=727
20-06-2024,11906.94434,12059.82991,11892.73382,12001.51779,907751,15,Maruti Suzuki,MARUTI.NS,Stock,Automobile,https://1drv.ms/i/c/8705623eb284e7df/IQRy4-ATL2CUSpb-yw5vRsY1AT3UCJI_xDLALKd77EjVf3c?width=1024&height=727
21-06-2024,11957.90625,12119.36714,11842.26203,11976.03691,947800,15,Maruti Suzuki,MARUTI.NS,Stock,Automobile,https://1drv.ms/i/c/8705623eb284e7df/IQRy4-ATL2CUSpb-yw5vRsY1AT3UCJI_xDLALKd77EjVf3c?width=1024&height=727
24-06-2024,11940.16699,12043.65838,11800.60953,11937.81452,550862,15,Maruti Suzuki,MARUTI.NS,Stock,Automobile,https://1drv.ms/i/c/8705623eb284e7df/IQRy4-ATL2CUSpb-yw5vRsY1AT3UCJI_xDLALKd77EjVf3c?width=1024&height=727
25-06-2024,11874.7002,11993.48071,11831.0398,11957.80799,594272,15,Maruti Suzuki,MARUTI.NS,Stock,Automobile,https://1drv.ms/i/c/8705623eb284e7df/IQRy4-ATL2CUSpb-yw5vRsY1AT3UCJI_xDLALKd77EjVf3c?width=1024&height=727
26-06-2024,11954.7207,12077.81281,11826.77723,11875.0928,447931,15,Maruti Suzuki,MARUTI.NS,Stock,Automobile,https://1drv.ms/i/c/8705623eb284e7df/IQRy4-ATL2CUSpb-yw5vRsY1AT3UCJI_xDLALKd77EjVf3c?width=1024&height=727
27-06-2024,11935.60938,11983.18992,11770.22836,11956.43513,1230852,15,Maruti Suzuki,MARUTI.NS,Stock,Automobile,https://1drv.ms/i/c/8705623eb284e7df/IQRy4-ATL2CUSpb-yw5vRsY1AT3UCJI_xDLALKd77EjVf3c?width=1024&height=727
28-06-2024,11793.60254,11957.90591,11764.49624,11941.68651,1160395,15,Maruti Suzuki,MARUTI.NS,Stock,Automobile,https://1drv.ms/i/c/8705623eb284e7df/IQRy4-ATL2CUSpb-yw5vRsY1AT3UCJI_xDLALKd77EjVf3c?width=1024&height=727
01-07-2024,11866.91016,12015.23818,11765.8679,11804.5305,1134926,15,Maruti Suzuki,MARUTI.NS,Stock,Automobile,https://1drv.ms/i/c/8705623eb284e7df/IQRy4-ATL2CUSpb-yw5vRsY1AT3UCJI_xDLALKd77EjVf3c?width=1024&height=727
02-07-2024,11802.17773,11907.38514,11755.52842,11907.38514,687181,15,Maruti Suzuki,MARUTI.NS,Stock,Automobile,https://1drv.ms/i/c/8705623eb284e7df/IQRy4-ATL2CUSpb-yw5vRsY1AT3UCJI_xDLALKd77EjVf3c?width=1024&height=727
03-07-2024,11881.61133,11907.43489,11721.22809,11873.13364,467532,15,Maruti Suzuki,MARUTI.NS,Stock,Automobile,https://1drv.ms/i/c/8705623eb284e7df/IQRy4-ATL2CUSpb-yw5vRsY1AT3UCJI_xDLALKd77EjVf3c?width=1024&height=727
04-07-2024,11848.23926,11966.23594,11830.79481,11892.73326,299684,15,Maruti Suzuki,MARUTI.NS,Stock,Automobile,https://1drv.ms/i/c/8705623eb284e7df/IQRy4-ATL2CUSpb-yw5vRsY1AT3UCJI_xDLALKd77EjVf3c?width=1024&height=727
05-07-2024,11862.40039,11895.13396,11781.89104,11828.19772,406926,15,Maruti Suzuki,MARUTI.NS,Stock,Automobile,https://1drv.ms/i/c/8705623eb284e7df/IQRy4-ATL2CUSpb-yw5vRsY1AT3UCJI_xDLALKd77EjVf3c?width=1024&height=727
08-07-2024,11783.55762,11870.19316,11727.10794,11862.35288,496933,15,Maruti Suzuki,MARUTI.NS,Stock,Automobile,https://1drv.ms/i/c/8705623eb284e7df/IQRy4-ATL2CUSpb-yw5vRsY1AT3UCJI_xDLALKd77EjVf3c?width=1024&height=727
09-07-2024,12571.60449,12701.21422,12019.20697,12078.94034,2114130,15,Maruti Suzuki,MARUTI.NS,Stock,Automobile,https://1drv.ms/i/c/8705623eb284e7df/IQRy4-ATL2CUSpb-yw5vRsY1AT3UCJI_xDLALKd77EjVf3c?width=1024&height=727
10-07-2024,12517.7998,13034.47482,12478.45195,12691.51113,2070520,15,Maruti Suzuki,MARUTI.NS,Stock,Automobile,https://1drv.ms/i/c/8705623eb284e7df/IQRy4-ATL2CUSpb-yw5vRsY1AT3UCJI_xDLALKd77EjVf3c?width=1024&height=727
11-07-2024,12461.34961,12665.78467,12441.60151,12544.45644,608983,15,Maruti Suzuki,MARUTI.NS,Stock,Automobile,https://1drv.ms/i/c/8705623eb284e7df/IQRy4-ATL2CUSpb-yw5vRsY1AT3UCJI_xDLALKd77EjVf3c?width=1024&height=727
12-07-2024,12311.69922,12416.95544,12225.94609,12368.05127,674746,15,Maruti Suzuki,MARUTI.NS,Stock,Automobile,https://1drv.ms/i/c/8705623eb284e7df/IQRy4-ATL2CUSpb-yw5vRsY1AT3UCJI_xDLALKd77EjVf3c?width=1024&height=727
15-07-2024,12391.52344,12513.5867,12338.65032,12348.45067,697186,15,Maruti Suzuki,MARUTI.NS,Stock,Automobile,https://1drv.ms/i/c/8705623eb284e7df/IQRy4-ATL2CUSpb-yw5vRsY1AT3UCJI_xDLALKd77EjVf3c?width=1024&height=727
16-07-2024,12387.20996,12542.49681,12330.56409,12390.59128,347810,15,Maruti Suzuki,MARUTI.NS,Stock,Automobile,https://1drv.ms/i/c/8705623eb284e7df/IQRy4-ATL2CUSpb-yw5vRsY1AT3UCJI_xDLALKd77EjVf3c?width=1024&height=727
18-07-2024,12391.62109,12426.85357,12214.18581,12380.79189,391216,15,Maruti Suzuki,MARUTI.NS,Stock,Automobile,https://1drv.ms/i/c/8705623eb284e7df/IQRy4-ATL2CUSpb-yw5vRsY1AT3UCJI_xDLALKd77EjVf3c?width=1024&height=727
19-07-2024,12274.26172,12456.25455,12246.96811,12397.45241,351955,15,Maruti Suzuki,MARUTI.NS,Stock,Automobile,https://1drv.ms/i/c/8705623eb284e7df/IQRy4-ATL2CUSpb-yw5vRsY1AT3UCJI_xDLALKd77EjVf3c?width=1024&height=727
22-07-2024,12388.87598,12406.2228,12152.49118,12250.44594,249631,15,Maruti Suzuki,MARUTI.NS,Stock,Automobile,https://1drv.ms/i/c/8705623eb284e7df/IQRy4-ATL2CUSpb-yw5vRsY1AT3UCJI_xDLALKd77EjVf3c?width=1024&height=727
23-07-2024,12376.91992,12480.70609,12113.2415,12466.05436,332258,15,Maruti Suzuki,MARUTI.NS,Stock,Automobile,https://1drv.ms/i/c/8705623eb284e7df/IQRy4-ATL2CUSpb-yw5vRsY1AT3UCJI_xDLALKd77EjVf3c?width=1024&height=727
24-07-2024,12237.95117,12410.38865,12209.48133,12381.77142,285860,15,Maruti Suzuki,MARUTI.NS,Stock,Automobile,https://1drv.ms/i/c/8705623eb284e7df/IQRy4-ATL2CUSpb-yw5vRsY1AT3UCJI_xDLALKd77EjVf3c?width=1024&height=727
25-07-2024,12259.46289,12274.94726,12140.73118,12140.73118,396789,15,Maruti Suzuki,MARUTI.NS,Stock,Automobile,https://1drv.ms/i/c/8705623eb284e7df/IQRy4-ATL2CUSpb-yw5vRsY1AT3UCJI_xDLALKd77EjVf3c?width=1024&height=727
26-07-2024,12410.87793,12488.69219,12141.85814,12221.04483,537693,15,Maruti Suzuki,MARUTI.NS,Stock,Automobile,https://1drv.ms/i/c/8705623eb284e7df/IQRy4-ATL2CUSpb-yw5vRsY1AT3UCJI_xDLALKd77EjVf3c?width=1024&height=727
29-07-2024,12496.97461,12518.68278,12351.39049,12455.27428,388263,15,Maruti Suzuki,MARUTI.NS,Stock,Automobile,https://1drv.ms/i/c/8705623eb284e7df/IQRy4-ATL2CUSpb-yw5vRsY1AT3UCJI_xDLALKd77EjVf3c?width=1024&height=727
30-07-2024,12616.63672,12709.88654,12456.15588,12505.25528,526539,15,Maruti Suzuki,MARUTI.NS,Stock,Automobile,https://1drv.ms/i/c/8705623eb284e7df/IQRy4-ATL2CUSpb-yw5vRsY1AT3UCJI_xDLALKd77EjVf3c?width=1024&height=727
31-07-2024,12853.95215,13107.9776,12637.70784,12720.86349,836405,15,Maruti Suzuki,MARUTI.NS,Stock,Automobile,https://1drv.ms/i/c/8705623eb284e7df/IQRy4-ATL2CUSpb-yw5vRsY1AT3UCJI_xDLALKd77EjVf3c?width=1024&height=727
01-08-2024,13092.3457,13406.88835,12850.22808,13125.61811,2040384,15,Maruti Suzuki,MARUTI.NS,Stock,Automobile,https://1drv.ms/i/c/8705623eb284e7df/IQRy4-ATL2CUSpb-yw5vRsY1AT3UCJI_xDLALKd77EjVf3c?width=1024&height=727
02-08-2024,12590.13281,13033.83051,12537.35348,12985.45372,1333355,15,Maruti Suzuki,MARUTI.NS,Stock,Automobile,https://1drv.ms/i/c/8705623eb284e7df/IQRy4-ATL2CUSpb-yw5vRsY1AT3UCJI_xDLALKd77EjVf3c?width=1024&height=727
05-08-2024,12070.20898,12356.2633,11898.8643,12356.2633,1131415,15,Maruti Suzuki,MARUTI.NS,Stock,Automobile,https://1drv.ms/i/c/8705623eb284e7df/IQRy4-ATL2CUSpb-yw5vRsY1AT3UCJI_xDLALKd77EjVf3c?width=1024&height=727
06-08-2024,12001.20605,12420.469,11980.33237,12257.33427,623565,15,Maruti Suzuki,MARUTI.NS,Stock,Automobile,https://1drv.ms/i/c/8705623eb284e7df/IQRy4-ATL2CUSpb-yw5vRsY1AT3UCJI_xDLALKd77EjVf3c?width=1024&height=727
07-08-2024,12239.03223,12316.69169,12134.56332,12266.23777,433514,15,Maruti Suzuki,MARUTI.NS,Stock,Automobile,https://1drv.ms/i/c/8705623eb284e7df/IQRy4-ATL2CUSpb-yw5vRsY1AT3UCJI_xDLALKd77EjVf3c?width=1024&height=727
08-08-2024,12088.0166,12260.00569,12022.03156,12238.53785,358577,15,Maruti Suzuki,MARUTI.NS,Stock,Automobile,https://1drv.ms/i/c/8705623eb284e7df/IQRy4-ATL2CUSpb-yw5vRsY1AT3UCJI_xDLALKd77EjVf3c?width=1024&height=727
09-08-2024,12093.30957,12257.33407,12064.52058,12257.33407,320211,15,Maruti Suzuki,MARUTI.NS,Stock,Automobile,https://1drv.ms/i/c/8705623eb284e7df/IQRy4-ATL2CUSpb-yw5vRsY1AT3UCJI_xDLALKd77EjVf3c?width=1024&height=727
12-08-2024,12141.83398,12237.54803,11970.43906,12069.36831,291212,15,Maruti Suzuki,MARUTI.NS,Stock,Automobile,https://1drv.ms/i/c/8705623eb284e7df/IQRy4-ATL2CUSpb-yw5vRsY1AT3UCJI_xDLALKd77EjVf3c?width=1024&height=727
13-08-2024,12045.87305,12207.91897,11992.20393,12204.90182,464483,15,Maruti Suzuki,MARUTI.NS,Stock,Automobile,https://1drv.ms/i/c/8705623eb284e7df/IQRy4-ATL2CUSpb-yw5vRsY1AT3UCJI_xDLALKd77EjVf3c?width=1024&height=727
14-08-2024,12074.95801,12107.95053,12000.11765,12107.95053,449827,15,Maruti Suzuki,MARUTI.NS,Stock,Automobile,https://1drv.ms/i/c/8705623eb284e7df/IQRy4-ATL2CUSpb-yw5vRsY1AT3UCJI_xDLALKd77EjVf3c?width=1024&height=727
16-08-2024,12082.52637,12211.77782,11981.32193,12183.08834,552732,15,Maruti Suzuki,MARUTI.NS,Stock,Automobile,https://1drv.ms/i/c/8705623eb284e7df/IQRy4-ATL2CUSpb-yw5vRsY1AT3UCJI_xDLALKd77EjVf3c?width=1024&height=727
19-08-2024,12019.70605,12112.94687,11996.95233,12064.42227,277319,15,Maruti Suzuki,MARUTI.NS,Stock,Automobile,https://1drv.ms/i/c/8705623eb284e7df/IQRy4-ATL2CUSpb-yw5vRsY1AT3UCJI_xDLALKd77EjVf3c?width=1024&height=727
20-08-2024,12084.1582,12178.19026,12020.00201,12030.29104,471927,15,Maruti Suzuki,MARUTI.NS,Stock,Automobile,https://1drv.ms/i/c/8705623eb284e7df/IQRy4-ATL2CUSpb-yw5vRsY1AT3UCJI_xDLALKd77EjVf3c?width=1024&height=727
21-08-2024,12090.09473,12117.79492,12046.6644,12084.15897,295984,15,Maruti Suzuki,MARUTI.NS,Stock,Automobile,https://1drv.ms/i/c/8705623eb284e7df/IQRy4-ATL2CUSpb-yw5vRsY1AT3UCJI_xDLALKd77EjVf3c?width=1024&height=727
22-08-2024,12144.90039,12193.02986,12050.57174,12148.51169,501316,15,Maruti Suzuki,MARUTI.NS,Stock,Automobile,https://1drv.ms/i/c/8705623eb284e7df/IQRy4-ATL2CUSpb-yw5vRsY1AT3UCJI_xDLALKd77EjVf3c?width=1024&height=727
23-08-2024,12170.57324,12242.54427,12123.18671,12168.29806,440809,15,Maruti Suzuki,MARUTI.NS,Stock,Automobile,https://1drv.ms/i/c/8705623eb284e7df/IQRy4-ATL2CUSpb-yw5vRsY1AT3UCJI_xDLALKd77EjVf3c?width=1024&height=727
26-08-2024,12112.69922,12202.42824,12091.13284,12193.02996,232805,15,Maruti Suzuki,MARUTI.NS,Stock,Automobile,https://1drv.ms/i/c/8705623eb284e7df/IQRy4-ATL2CUSpb-yw5vRsY1AT3UCJI_xDLALKd77EjVf3c?width=1024&height=727
27-08-2024,12363.08984,12395.83504,12094.19937,12113.88668,477609,15,Maruti Suzuki,MARUTI.NS,Stock,Automobile,https://1drv.ms/i/c/8705623eb284e7df/IQRy4-ATL2CUSpb-yw5vRsY1AT3UCJI_xDLALKd77EjVf3c?width=1024&height=727
28-08-2024,12225.18164,12385.89239,12197.9761,12366.15582,313227,15,Maruti Suzuki,MARUTI.NS,Stock,Automobile,https://1drv.ms/i/c/8705623eb284e7df/IQRy4-ATL2CUSpb-yw5vRsY1AT3UCJI_xDLALKd77EjVf3c?width=1024&height=727
29-08-2024,12320.45117,12346.37083,12118.83355,12210.83775,608598,15,Maruti Suzuki,MARUTI.NS,Stock,Automobile,https://1drv.ms/i/c/8705623eb284e7df/IQRy4-ATL2CUSpb-yw5vRsY1AT3UCJI_xDLALKd77EjVf3c?width=1024&height=727
30-08-2024,12270.19531,12435.40717,12184.32491,12326.58499,2271179,15,Maruti Suzuki,MARUTI.NS,Stock,Automobile,https://1drv.ms/i/c/8705623eb284e7df/IQRy4-ATL2CUSpb-yw5vRsY1AT3UCJI_xDLALKd77EjVf3c?width=1024&height=727
02-09-2024,12294.33398,12390.88855,12218.15846,12240.51609,331514,15,Maruti Suzuki,MARUTI.NS,Stock,Automobile,https://1drv.ms/i/c/8705623eb284e7df/IQRy4-ATL2CUSpb-yw5vRsY1AT3UCJI_xDLALKd77EjVf3c?width=1024&height=727
03-09-2024,12264.35742,12340.73099,12227.55651,12340.4344,445514,15,Maruti Suzuki,MARUTI.NS,Stock,Automobile,https://1drv.ms/i/c/8705623eb284e7df/IQRy4-ATL2CUSpb-yw5vRsY1AT3UCJI_xDLALKd77EjVf3c?width=1024&height=727
04-09-2024,12204.15918,12265.24799,12103.10257,12193.07891,735076,15,Maruti Suzuki,MARUTI.NS,Stock,Automobile,https://1drv.ms/i/c/8705623eb284e7df/IQRy4-ATL2CUSpb-yw5vRsY1AT3UCJI_xDLALKd77EjVf3c?width=1024&height=727
05-09-2024,12166.91211,12237.54798,12099.04703,12204.90133,595865,15,Maruti Suzuki,MARUTI.NS,Stock,Automobile,https://1drv.ms/i/c/8705623eb284e7df/IQRy4-ATL2CUSpb-yw5vRsY1AT3UCJI_xDLALKd77EjVf3c?width=1024&height=727
06-09-2024,12055.66699,12173.09524,11965.196,12118.83293,733354,15,Maruti Suzuki,MARUTI.NS,Stock,Automobile,https://1drv.ms/i/c/8705623eb284e7df/IQRy4-ATL2CUSpb-yw5vRsY1AT3UCJI_xDLALKd77EjVf3c?width=1024&height=727
09-09-2024,12015.69922,12089.00541,11972.41767,12066.8951,415790,15,Maruti Suzuki,MARUTI.NS,Stock,Automobile,https://1drv.ms/i/c/8705623eb284e7df/IQRy4-ATL2CUSpb-yw5vRsY1AT3UCJI_xDLALKd77EjVf3c?width=1024&height=727
10-09-2024,12132.08984,12156.47532,11968.46048,12020.00223,285122,15,Maruti Suzuki,MARUTI.NS,Stock,Automobile,https://1drv.ms/i/c/8705623eb284e7df/IQRy4-ATL2CUSpb-yw5vRsY1AT3UCJI_xDLALKd77EjVf3c?width=1024&height=727
11-09-2024,12111.51172,12201.93344,12034.74301,12128.72579,349799,15,Maruti Suzuki,MARUTI.NS,Stock,Automobile,https://1drv.ms/i/c/8705623eb284e7df/IQRy4-ATL2CUSpb-yw5vRsY1AT3UCJI_xDLALKd77EjVf3c?width=1024&height=727
12-09-2024,12268.06738,12293.93777,12021.23891,12130.80305,547830,15,Maruti Suzuki,MARUTI.NS,Stock,Automobile,https://1drv.ms/i/c/8705623eb284e7df/IQRy4-ATL2CUSpb-yw5vRsY1AT3UCJI_xDLALKd77EjVf3c?width=1024&height=727
13-09-2024,12184.17578,12262.28062,12159.44347,12232.60184,361093,15,Maruti Suzuki,MARUTI.NS,Stock,Automobile,https://1drv.ms/i/c/8705623eb284e7df/IQRy4-ATL2CUSpb-yw5vRsY1AT3UCJI_xDLALKd77EjVf3c?width=1024&height=727
16-09-2024,12157.41602,12231.61296,12124.76936,12190.0134,170114,15,Maruti Suzuki,MARUTI.NS,Stock,Automobile,https://1drv.ms/i/c/8705623eb284e7df/IQRy4-ATL2CUSpb-yw5vRsY1AT3UCJI_xDLALKd77EjVf3c?width=1024&height=727
17-09-2024,12114.62891,12153.45864,12021.53687,12153.45864,568161,15,Maruti Suzuki,MARUTI.NS,Stock,Automobile,https://1drv.ms/i/c/8705623eb284e7df/IQRy4-ATL2CUSpb-yw5vRsY1AT3UCJI_xDLALKd77EjVf3c?width=1024&height=727
18-09-2024,12073.42383,12205.8412,12039.68934,12108.98909,182282,15,Maruti Suzuki,MARUTI.NS,Stock,Automobile,https://1drv.ms/i/c/8705623eb284e7df/IQRy4-ATL2CUSpb-yw5vRsY1AT3UCJI_xDLALKd77EjVf3c?width=1024&height=727
19-09-2024,12219.24609,12277.1197,12075.70014,12128.67656,465608,15,Maruti Suzuki,MARUTI.NS,Stock,Automobile,https://1drv.ms/i/c/8705623eb284e7df/IQRy4-ATL2CUSpb-yw5vRsY1AT3UCJI_xDLALKd77EjVf3c?width=1024&height=727
20-09-2024,12479.43066,12569.11042,12227.70499,12228.05182,875654,15,Maruti Suzuki,MARUTI.NS,Stock,Automobile,https://1drv.ms/i/c/8705623eb284e7df/IQRy4-ATL2CUSpb-yw5vRsY1AT3UCJI_xDLALKd77EjVf3c?width=1024&height=727
23-09-2024,12547.29492,12612.48968,12489.81742,12489.81742,235586,15,Maruti Suzuki,MARUTI.NS,Stock,Automobile,https://1drv.ms/i/c/8705623eb284e7df/IQRy4-ATL2CUSpb-yw5vRsY1AT3UCJI_xDLALKd77EjVf3c?width=1024&height=727
24-09-2024,12602.20117,12642.1197,12448.36619,12448.36619,425916,15,Maruti Suzuki,MARUTI.NS,Stock,Automobile,https://1drv.ms/i/c/8705623eb284e7df/IQRy4-ATL2CUSpb-yw5vRsY1AT3UCJI_xDLALKd77EjVf3c?width=1024&height=727
25-09-2024,12648.40137,12678.97089,12475.96788,12590.97313,341172,15,Maruti Suzuki,MARUTI.NS,Stock,Automobile,https://1drv.ms/i/c/8705623eb284e7df/IQRy4-ATL2CUSpb-yw5vRsY1AT3UCJI_xDLALKd77EjVf3c?width=1024&height=727
26-09-2024,13240.49316,13267.40211,12692.62315,12697.56962,1471069,15,Maruti Suzuki,MARUTI.NS,Stock,Automobile,https://1drv.ms/i/c/8705623eb284e7df/IQRy4-ATL2CUSpb-yw5vRsY1AT3UCJI_xDLALKd77EjVf3c?width=1024&height=727
27-09-2024,13351.0957,13396.6534,13132.31424,13239.70175,865698,15,Maruti Suzuki,MARUTI.NS,Stock,Automobile,https://1drv.ms/i/c/8705623eb284e7df/IQRy4-ATL2CUSpb-yw5vRsY1AT3UCJI_xDLALKd77EjVf3c?width=1024&height=727
30-09-2024,13096.25391,13355.44854,13067.26783,13200.67353,415743,15,Maruti Suzuki,MARUTI.NS,Stock,Automobile,https://1drv.ms/i/c/8705623eb284e7df/IQRy4-ATL2CUSpb-yw5vRsY1AT3UCJI_xDLALKd77EjVf3c?width=1024&height=727
01-10-2024,13025.02539,13158.03596,12860.8521,13096.25445,388888,15,Maruti Suzuki,MARUTI.NS,Stock,Automobile,https://1drv.ms/i/c/8705623eb284e7df/IQRy4-ATL2CUSpb-yw5vRsY1AT3UCJI_xDLALKd77EjVf3c?width=1024&height=727
03-10-2024,12511.92773,13007.2174,12457.46738,12802.48313,863520,15,Maruti Suzuki,MARUTI.NS,Stock,Automobile,https://1drv.ms/i/c/8705623eb284e7df/IQRy4-ATL2CUSpb-yw5vRsY1AT3UCJI_xDLALKd77EjVf3c?width=1024&height=727
04-10-2024,12470.77441,12739.96053,12378.52288,12554.02377,679362,15,Maruti Suzuki,MARUTI.NS,Stock,Automobile,https://1drv.ms/i/c/8705623eb284e7df/IQRy4-ATL2CUSpb-yw5vRsY1AT3UCJI_xDLALKd77EjVf3c?width=1024&height=727
07-10-2024,12393.3623,12512.57206,12245.46307,12490.85689,465500,15,Maruti Suzuki,MARUTI.NS,Stock,Automobile,https://1drv.ms/i/c/8705623eb284e7df/IQRy4-ATL2CUSpb-yw5vRsY1AT3UCJI_xDLALKd77EjVf3c?width=1024&height=727
08-10-2024,12397.76465,12494.86313,12328.61271,12368.38247,387060,15,Maruti Suzuki,MARUTI.NS,Stock,Automobile,https://1drv.ms/i/c/8705623eb284e7df/IQRy4-ATL2CUSpb-yw5vRsY1AT3UCJI_xDLALKd77EjVf3c?width=1024&height=727
09-10-2024,12624.06543,12712.40906,12406.22302,12420.51849,465231,15,Maruti Suzuki,MARUTI.NS,Stock,Automobile,https://1drv.ms/i/c/8705623eb284e7df/IQRy4-ATL2CUSpb-yw5vRsY1AT3UCJI_xDLALKd77EjVf3c?width=1024&height=727
10-10-2024,12805.50098,12826.17758,12575.39192,12661.85647,492698,15,Maruti Suzuki,MARUTI.NS,Stock,Automobile,https://1drv.ms/i/c/8705623eb284e7df/IQRy4-ATL2CUSpb-yw5vRsY1AT3UCJI_xDLALKd77EjVf3c?width=1024&height=727
11-10-2024,12639.84473,12841.01698,12588.74738,12805.50099,274243,15,Maruti Suzuki,MARUTI.NS,Stock,Automobile,https://1drv.ms/i/c/8705623eb284e7df/IQRy4-ATL2CUSpb-yw5vRsY1AT3UCJI_xDLALKd77EjVf3c?width=1024&height=727
14-10-2024,12403.60059,12661.95471,12328.85973,12638.21169,488067,15,Maruti Suzuki,MARUTI.NS,Stock,Automobile,https://1drv.ms/i/c/8705623eb284e7df/IQRy4-ATL2CUSpb-yw5vRsY1AT3UCJI_xDLALKd77EjVf3c?width=1024&height=727
15-10-2024,12313.47656,12572.91852,12222.70897,12572.91852,532135,15,Maruti Suzuki,MARUTI.NS,Stock,Automobile,https://1drv.ms/i/c/8705623eb284e7df/IQRy4-ATL2CUSpb-yw5vRsY1AT3UCJI_xDLALKd77EjVf3c?width=1024&height=727
16-10-2024,12251.2998,12321.58884,12100.03659,12281.12639,418138,15,Maruti Suzuki,MARUTI.NS,Stock,Automobile,https://1drv.ms/i/c/8705623eb284e7df/IQRy4-ATL2CUSpb-yw5vRsY1AT3UCJI_xDLALKd77EjVf3c?width=1024&height=727
17-10-2024,12013.7207,12287.1113,11940.76038,12267.2269,875937,15,Maruti Suzuki,MARUTI.NS,Stock,Automobile,https://1drv.ms/i/c/8705623eb284e7df/IQRy4-ATL2CUSpb-yw5vRsY1AT3UCJI_xDLALKd77EjVf3c?width=1024&height=727
18-10-2024,11975.48438,12011.24769,11717.62586,11940.76059,506871,15,Maruti Suzuki,MARUTI.NS,Stock,Automobile,https://1drv.ms/i/c/8705623eb284e7df/IQRy4-ATL2CUSpb-yw5vRsY1AT3UCJI_xDLALKd77EjVf3c?width=1024&height=727
21-10-2024,12045.52734,12118.83353,11816.65394,12015.50174,375275,15,Maruti Suzuki,MARUTI.NS,Stock,Automobile,https://1drv.ms/i/c/8705623eb284e7df/IQRy4-ATL2CUSpb-yw5vRsY1AT3UCJI_xDLALKd77EjVf3c?width=1024&height=727
22-10-2024,11795.63086,12158.20655,11713.22299,12085.14769,904901,15,Maruti Suzuki,MARUTI.NS,Stock,Automobile,https://1drv.ms/i/c/8705623eb284e7df/IQRy4-ATL2CUSpb-yw5vRsY1AT3UCJI_xDLALKd77EjVf3c?width=1024&height=727
23-10-2024,11828.17969,11990.12707,11627.60062,11795.63158,412638,15,Maruti Suzuki,MARUTI.NS,Stock,Automobile,https://1drv.ms/i/c/8705623eb284e7df/IQRy4-ATL2CUSpb-yw5vRsY1AT3UCJI_xDLALKd77EjVf3c?width=1024&height=727
24-10-2024,11637.74023,11870.47129,11512.29814,11870.47129,552495,15,Maruti Suzuki,MARUTI.NS,Stock,Automobile,https://1drv.ms/i/c/8705623eb284e7df/IQRy4-ATL2CUSpb-yw5vRsY1AT3UCJI_xDLALKd77EjVf3c?width=1024&height=727
25-10-2024,11379.68262,11668.0121,11317.50597,11637.64063,624582,15,Maruti Suzuki,MARUTI.NS,Stock,Automobile,https://1drv.ms/i/c/8705623eb284e7df/IQRy4-ATL2CUSpb-yw5vRsY1AT3UCJI_xDLALKd77EjVf3c?width=1024&height=727
28-10-2024,11360.29297,11508.09365,11317.50607,11381.61203,613830,15,Maruti Suzuki,MARUTI.NS,Stock,Automobile,https://1drv.ms/i/c/8705623eb284e7df/IQRy4-ATL2CUSpb-yw5vRsY1AT3UCJI_xDLALKd77EjVf3c?width=1024&height=727
29-10-2024,10927.72461,11360.04542,10627.42507,11327.39877,2268683,15,Maruti Suzuki,MARUTI.NS,Stock,Automobile,https://1drv.ms/i/c/8705623eb284e7df/IQRy4-ATL2CUSpb-yw5vRsY1AT3UCJI_xDLALKd77EjVf3c?width=1024&height=727
30-10-2024,11135.92188,11396.64972,10827.80653,10861.44247,1672966,15,Maruti Suzuki,MARUTI.NS,Stock,Automobile,https://1drv.ms/i/c/8705623eb284e7df/IQRy4-ATL2CUSpb-yw5vRsY1AT3UCJI_xDLALKd77EjVf3c?width=1024&height=727
31-10-2024,10957.84961,11127.11718,10931.68263,11104.80882,838211,15,Maruti Suzuki,MARUTI.NS,Stock,Automobile,https://1drv.ms/i/c/8705623eb284e7df/IQRy4-ATL2CUSpb-yw5vRsY1AT3UCJI_xDLALKd77EjVf3c?width=1024&height=727
01-11-2024,10991.04004,11089.52392,10961.36126,11030.61174,65670,15,Maruti Suzuki,MARUTI.NS,Stock,Automobile,https://1drv.ms/i/c/8705623eb284e7df/IQRy4-ATL2CUSpb-yw5vRsY1AT3UCJI_xDLALKd77EjVf3c?width=1024&height=727
04-11-2024,10934.10645,11174.05916,10743.7169,11174.05916,444462,15,Maruti Suzuki,MARUTI.NS,Stock,Automobile,https://1drv.ms/i/c/8705623eb284e7df/IQRy4-ATL2CUSpb-yw5vRsY1AT3UCJI_xDLALKd77EjVf3c?width=1024&height=727
05-11-2024,11050.49609,11154.27327,10893.99079,10923.76811,321159,15,Maruti Suzuki,MARUTI.NS,Stock,Automobile,https://1drv.ms/i/c/8705623eb284e7df/IQRy4-ATL2CUSpb-yw5vRsY1AT3UCJI_xDLALKd77EjVf3c?width=1024&height=727
06-11-2024,11232.6748,11307.61371,11052.96943,11098.87299,416027,15,Maruti Suzuki,MARUTI.NS,Stock,Automobile,https://1drv.ms/i/c/8705623eb284e7df/IQRy4-ATL2CUSpb-yw5vRsY1AT3UCJI_xDLALKd77EjVf3c?width=1024&height=727
07-11-2024,11179.1543,11263.09538,11066.81936,11184.10076,530194,15,Maruti Suzuki,MARUTI.NS,Stock,Automobile,https://1drv.ms/i/c/8705623eb284e7df/IQRy4-ATL2CUSpb-yw5vRsY1AT3UCJI_xDLALKd77EjVf3c?width=1024&height=727
08-11-2024,11181.97363,11222.53463,11006.47275,11139.9287,269993,15,Maruti Suzuki,MARUTI.NS,Stock,Automobile,https://1drv.ms/i/c/8705623eb284e7df/IQRy4-ATL2CUSpb-yw5vRsY1AT3UCJI_xDLALKd77EjVf3c?width=1024&height=727
11-11-2024,11277.6377,11394.81958,11188.89797,11210.16775,450681,15,Maruti Suzuki,MARUTI.NS,Stock,Automobile,https://1drv.ms/i/c/8705623eb284e7df/IQRy4-ATL2CUSpb-yw5vRsY1AT3UCJI_xDLALKd77EjVf3c?width=1024&height=727
12-11-2024,11023.78516,11393.58348,10988.31941,11270.06972,549747,15,Maruti Suzuki,MARUTI.NS,Stock,Automobile,https://1drv.ms/i/c/8705623eb284e7df/IQRy4-ATL2CUSpb-yw5vRsY1AT3UCJI_xDLALKd77EjVf3c?width=1024&height=727
13-11-2024,10931.28613,11023.53766,10747.97042,11020.71856,507710,15,Maruti Suzuki,MARUTI.NS,Stock,Automobile,https://1drv.ms/i/c/8705623eb284e7df/IQRy4-ATL2CUSpb-yw5vRsY1AT3UCJI_xDLALKd77EjVf3c?width=1024&height=727
14-11-2024,10888.20215,10998.65704,10775.47208,10936.62821,431348,15,Maruti Suzuki,MARUTI.NS,Stock,Automobile,https://1drv.ms/i/c/8705623eb284e7df/IQRy4-ATL2CUSpb-yw5vRsY1AT3UCJI_xDLALKd77EjVf3c?width=1024&height=727
18-11-2024,10975.16211,11063.20914,10798.12802,10832.75326,333440,15,Maruti Suzuki,MARUTI.NS,Stock,Automobile,https://1drv.ms/i/c/8705623eb284e7df/IQRy4-ATL2CUSpb-yw5vRsY1AT3UCJI_xDLALKd77EjVf3c?width=1024&height=727
19-11-2024,10841.95313,11075.37688,10779.72721,10971.25385,864067,15,Maruti Suzuki,MARUTI.NS,Stock,Automobile,https://1drv.ms/i/c/8705623eb284e7df/IQRy4-ATL2CUSpb-yw5vRsY1AT3UCJI_xDLALKd77EjVf3c?width=1024&height=727
21-11-2024,10745.15137,10840.86542,10654.68037,10804.21232,540201,15,Maruti Suzuki,MARUTI.NS,Stock,Automobile,https://1drv.ms/i/c/8705623eb284e7df/IQRy4-ATL2CUSpb-yw5vRsY1AT3UCJI_xDLALKd77EjVf3c?width=1024&height=727
22-11-2024,10945.13574,10987.72556,10711.31685,10788.23434,493678,15,Maruti Suzuki,MARUTI.NS,Stock,Automobile,https://1drv.ms/i/c/8705623eb284e7df/IQRy4-ATL2CUSpb-yw5vRsY1AT3UCJI_xDLALKd77EjVf3c?width=1024&height=727
25-11-2024,10907.09863,11127.51281,10872.37389,11082.05463,635726,15,Maruti Suzuki,MARUTI.NS,Stock,Automobile,https://1drv.ms/i/c/8705623eb284e7df/IQRy4-ATL2CUSpb-yw5vRsY1AT3UCJI_xDLALKd77EjVf3c?width=1024&height=727
26-11-2024,10826.76758,10959.33277,10774.82972,10907.09832,406586,15,Maruti Suzuki,MARUTI.NS,Stock,Automobile,https://1drv.ms/i/c/8705623eb284e7df/IQRy4-ATL2CUSpb-yw5vRsY1AT3UCJI_xDLALKd77EjVf3c?width=1024&height=727
27-11-2024,10939.94238,10997.86623,10753.60953,10818.90283,343332,15,Maruti Suzuki,MARUTI.NS,Stock,Automobile,https://1drv.ms/i/c/8705623eb284e7df/IQRy4-ATL2CUSpb-yw5vRsY1AT3UCJI_xDLALKd77EjVf3c?width=1024&height=727
28-11-2024,10832.60449,10961.95449,10771.41714,10941.97155,607669,15,Maruti Suzuki,MARUTI.NS,Stock,Automobile,https://1drv.ms/i/c/8705623eb284e7df/IQRy4-ATL2CUSpb-yw5vRsY1AT3UCJI_xDLALKd77EjVf3c?width=1024&height=727
29-11-2024,10955.62305,11010.92392,10803.07395,10832.70346,338207,15,Maruti Suzuki,MARUTI.NS,Stock,Automobile,https://1drv.ms/i/c/8705623eb284e7df/IQRy4-ATL2CUSpb-yw5vRsY1AT3UCJI_xDLALKd77EjVf3c?width=1024&height=727
02-12-2024,11118.95508,11208.6841,11031.60074,11031.60074,446880,15,Maruti Suzuki,MARUTI.NS,Stock,Automobile,https://1drv.ms/i/c/8705623eb284e7df/IQRy4-ATL2CUSpb-yw5vRsY1AT3UCJI_xDLALKd77EjVf3c?width=1024&height=727
03-12-2024,11158.47754,11187.90899,11083.04399,11129.54073,258644,15,Maruti Suzuki,MARUTI.NS,Stock,Automobile,https://1drv.ms/i/c/8705623eb284e7df/IQRy4-ATL2CUSpb-yw5vRsY1AT3UCJI_xDLALKd77EjVf3c?width=1024&height=727
04-12-2024,11010.67676,11179.00526,10987.08252,11160.20871,554674,15,Maruti Suzuki,MARUTI.NS,Stock,Automobile,https://1drv.ms/i/c/8705623eb284e7df/IQRy4-ATL2CUSpb-yw5vRsY1AT3UCJI_xDLALKd77EjVf3c?width=1024&height=727
05-12-2024,11062.51563,11149.32604,10912.88514,11015.72228,545501,15,Maruti Suzuki,MARUTI.NS,Stock,Automobile,https://1drv.ms/i/c/8705623eb284e7df/IQRy4-ATL2CUSpb-yw5vRsY1AT3UCJI_xDLALKd77EjVf3c?width=1024&height=727
06-12-2024,11196.76367,11254.14264,11001.92231,11080.07642,417214,15,Maruti Suzuki,MARUTI.NS,Stock,Automobile,https://1drv.ms/i/c/8705623eb284e7df/IQRy4-ATL2CUSpb-yw5vRsY1AT3UCJI_xDLALKd77EjVf3c?width=1024&height=727
09-12-2024,11159.02148,11247.16803,11132.06326,11200.76982,254485,15,Maruti Suzuki,MARUTI.NS,Stock,Automobile,https://1drv.ms/i/c/8705623eb284e7df/IQRy4-ATL2CUSpb-yw5vRsY1AT3UCJI_xDLALKd77EjVf3c?width=1024&height=727
10-12-2024,11078.2959,11193.20165,11050.39766,11154.27337,410569,15,Maruti Suzuki,MARUTI.NS,Stock,Automobile,https://1drv.ms/i/c/8705623eb284e7df/IQRy4-ATL2CUSpb-yw5vRsY1AT3UCJI_xDLALKd77EjVf3c?width=1024&height=727
11-12-2024,11156.99316,11199.63128,11100.45471,11109.65591,226584,15,Maruti Suzuki,MARUTI.NS,Stock,Automobile,https://1drv.ms/i/c/8705623eb284e7df/IQRy4-ATL2CUSpb-yw5vRsY1AT3UCJI_xDLALKd77EjVf3c?width=1024&height=727
12-12-2024,11047.8252,11178.36156,10959.62938,11178.36156,396561,15,Maruti Suzuki,MARUTI.NS,Stock,Automobile,https://1drv.ms/i/c/8705623eb284e7df/IQRy4-ATL2CUSpb-yw5vRsY1AT3UCJI_xDLALKd77EjVf3c?width=1024&height=727
13-12-2024,11151.84863,11169.11198,10915.457,11018.14634,263579,15,Maruti Suzuki,MARUTI.NS,Stock,Automobile,https://1drv.ms/i/c/8705623eb284e7df/IQRy4-ATL2CUSpb-yw5vRsY1AT3UCJI_xDLALKd77EjVf3c?width=1024&height=727
16-12-2024,11156.25195,11208.14054,11085.02289,11135.03143,223389,15,Maruti Suzuki,MARUTI.NS,Stock,Automobile,https://1drv.ms/i/c/8705623eb284e7df/IQRy4-ATL2CUSpb-yw5vRsY1AT3UCJI_xDLALKd77EjVf3c?width=1024&height=727
17-12-2024,10989.60547,11151.7509,10941.27891,11142.4019,295445,15,Maruti Suzuki,MARUTI.NS,Stock,Automobile,https://1drv.ms/i/c/8705623eb284e7df/IQRy4-ATL2CUSpb-yw5vRsY1AT3UCJI_xDLALKd77EjVf3c?width=1024&height=727
18-12-2024,10884.6416,10979.21758,10852.63741,10966.30751,497103,15,Maruti Suzuki,MARUTI.NS,Stock,Automobile,https://1drv.ms/i/c/8705623eb284e7df/IQRy4-ATL2CUSpb-yw5vRsY1AT3UCJI_xDLALKd77EjVf3c?width=1024&height=727
19-12-2024,10838.04492,10917.23856,10736.24731,10771.41646,435360,15,Maruti Suzuki,MARUTI.NS,Stock,Automobile,https://1drv.ms/i/c/8705623eb284e7df/IQRy4-ATL2CUSpb-yw5vRsY1AT3UCJI_xDLALKd77EjVf3c?width=1024&height=727
20-12-2024,10784.32715,10958.39336,10749.60337,10822.86029,404608,15,Maruti Suzuki,MARUTI.NS,Stock,Automobile,https://1drv.ms/i/c/8705623eb284e7df/IQRy4-ATL2CUSpb-yw5vRsY1AT3UCJI_xDLALKd77EjVf3c?width=1024&height=727
23-12-2024,10706.12305,10872.12613,10640.23656,10810.98805,237165,15,Maruti Suzuki,MARUTI.NS,Stock,Automobile,https://1drv.ms/i/c/8705623eb284e7df/IQRy4-ATL2CUSpb-yw5vRsY1AT3UCJI_xDLALKd77EjVf3c?width=1024&height=727
24-12-2024,10621.6377,10770.87305,10610.16229,10706.12366,151149,15,Maruti Suzuki,MARUTI.NS,Stock,Automobile,https://1drv.ms/i/c/8705623eb284e7df/IQRy4-ATL2CUSpb-yw5vRsY1AT3UCJI_xDLALKd77EjVf3c?width=1024&height=727
26-12-2024,10779.33105,10857.28711,10654.6802,10655.17485,349811,15,Maruti Suzuki,MARUTI.NS,Stock,Automobile,https://1drv.ms/i/c/8705623eb284e7df/IQRy4-ATL2CUSpb-yw5vRsY1AT3UCJI_xDLALKd77EjVf3c?width=1024&height=727
27-12-2024,10823.89844,11013.79332,10795.75287,10812.4723,257973,15,Maruti Suzuki,MARUTI.NS,Stock,Automobile,https://1drv.ms/i/c/8705623eb284e7df/IQRy4-ATL2CUSpb-yw5vRsY1AT3UCJI_xDLALKd77EjVf3c?width=1024&height=727
30-12-2024,10683.32031,10832.75275,10634.99279,10823.89839,335481,15,Maruti Suzuki,MARUTI.NS,Stock,Automobile,https://1drv.ms/i/c/8705623eb284e7df/IQRy4-ATL2CUSpb-yw5vRsY1AT3UCJI_xDLALKd77EjVf3c?width=1024&height=727
31-12-2024,10742.13379,10777.05562,10635.48729,10649.73349,198997,15,Maruti Suzuki,MARUTI.NS,Stock,Automobile,https://1drv.ms/i/c/8705623eb284e7df/IQRy4-ATL2CUSpb-yw5vRsY1AT3UCJI_xDLALKd77EjVf3c?width=1024&height=727
01-01-2025,11088.28711,11153.23455,10684.55722,10741.73813,383202,15,Maruti Suzuki,MARUTI.NS,Stock,Automobile,https://1drv.ms/i/c/8705623eb284e7df/IQRy4-ATL2CUSpb-yw5vRsY1AT3UCJI_xDLALKd77EjVf3c?width=1024&height=727
02-01-2025,11714.50879,11732.16824,11105.79732,11164.16558,1417042,15,Maruti Suzuki,MARUTI.NS,Stock,Automobile,https://1drv.ms/i/c/8705623eb284e7df/IQRy4-ATL2CUSpb-yw5vRsY1AT3UCJI_xDLALKd77EjVf3c?width=1024&height=727
03-01-2025,11806.46387,11920.77642,11661.73057,11723.0667,701315,15,Maruti Suzuki,MARUTI.NS,Stock,Automobile,https://1drv.ms/i/c/8705623eb284e7df/IQRy4-ATL2CUSpb-yw5vRsY1AT3UCJI_xDLALKd77EjVf3c?width=1024&height=727
06-01-2025,11629.77637,11851.6252,11565.52163,11801.26983,383268,15,Maruti Suzuki,MARUTI.NS,Stock,Automobile,https://1drv.ms/i/c/8705623eb284e7df/IQRy4-ATL2CUSpb-yw5vRsY1AT3UCJI_xDLALKd77EjVf3c?width=1024&height=727
07-01-2025,11595.79395,11699.32379,11548.70401,11629.77672,308104,15,Maruti Suzuki,MARUTI.NS,Stock,Automobile,https://1drv.ms/i/c/8705623eb284e7df/IQRy4-ATL2CUSpb-yw5vRsY1AT3UCJI_xDLALKd77EjVf3c?width=1024&height=727
08-01-2025,11695.41602,11732.95986,11599.75124,11600.44393,303100,15,Maruti Suzuki,MARUTI.NS,Stock,Automobile,https://1drv.ms/i/c/8705623eb284e7df/IQRy4-ATL2CUSpb-yw5vRsY1AT3UCJI_xDLALKd77EjVf3c?width=1024&height=727
09-01-2025,11614.83789,11723.11615,11534.80471,11695.41596,266413,15,Maruti Suzuki,MARUTI.NS,Stock,Automobile,https://1drv.ms/i/c/8705623eb284e7df/IQRy4-ATL2CUSpb-yw5vRsY1AT3UCJI_xDLALKd77EjVf3c?width=1024&height=727
10-01-2025,11506.55957,11634.07976,11446.11419,11564.82928,218246,15,Maruti Suzuki,MARUTI.NS,Stock,Automobile,https://1drv.ms/i/c/8705623eb284e7df/IQRy4-ATL2CUSpb-yw5vRsY1AT3UCJI_xDLALKd77EjVf3c?width=1024&height=727
13-01-2025,11374.58887,11529.66047,11345.20669,11345.70133,253524,15,Maruti Suzuki,MARUTI.NS,Stock,Automobile,https://1drv.ms/i/c/8705623eb284e7df/IQRy4-ATL2CUSpb-yw5vRsY1AT3UCJI_xDLALKd77EjVf3c?width=1024&height=727
14-01-2025,11615.43164,11659.35565,11407.53144,11410.45005,627463,15,Maruti Suzuki,MARUTI.NS,Stock,Automobile,https://1drv.ms/i/c/8705623eb284e7df/IQRy4-ATL2CUSpb-yw5vRsY1AT3UCJI_xDLALKd77EjVf3c?width=1024&height=727
15-01-2025,11819.47363,12061.8503,11733.99837,11763.23177,692822,15,Maruti Suzuki,MARUTI.NS,Stock,Automobile,https://1drv.ms/i/c/8705623eb284e7df/IQRy4-ATL2CUSpb-yw5vRsY1AT3UCJI_xDLALKd77EjVf3c?width=1024&height=727
16-01-2025,11962.82129,12004.07498,11828.17897,11853.1586,551211,15,Maruti Suzuki,MARUTI.NS,Stock,Automobile,https://1drv.ms/i/c/8705623eb284e7df/IQRy4-ATL2CUSpb-yw5vRsY1AT3UCJI_xDLALKd77EjVf3c?width=1024&height=727
17-01-2025,12006.39941,12059.3768,11875.76354,11972.31906,285370,15,Maruti Suzuki,MARUTI.NS,Stock,Automobile,https://1drv.ms/i/c/8705623eb284e7df/IQRy4-ATL2CUSpb-yw5vRsY1AT3UCJI_xDLALKd77EjVf3c?width=1024&height=727
20-01-2025,11891.34473,12016.98487,11855.7302,12016.98487,251731,15,Maruti Suzuki,MARUTI.NS,Stock,Automobile,https://1drv.ms/i/c/8705623eb284e7df/IQRy4-ATL2CUSpb-yw5vRsY1AT3UCJI_xDLALKd77EjVf3c?width=1024&height=727
21-01-2025,11756.45508,12009.81249,11735.03651,11888.37684,300038,15,Maruti Suzuki,MARUTI.NS,Stock,Automobile,https://1drv.ms/i/c/8705623eb284e7df/IQRy4-ATL2CUSpb-yw5vRsY1AT3UCJI_xDLALKd77EjVf3c?width=1024&height=727
22-01-2025,11891.6416,11949.51521,11772.62991,11772.62991,396590,15,Maruti Suzuki,MARUTI.NS,Stock,Automobile,https://1drv.ms/i/c/8705623eb284e7df/IQRy4-ATL2CUSpb-yw5vRsY1AT3UCJI_xDLALKd77EjVf3c?width=1024&height=727
23-01-2025,11916.77051,11976.67198,11833.22456,11876.45684,480876,15,Maruti Suzuki,MARUTI.NS,Stock,Automobile,https://1drv.ms/i/c/8705623eb284e7df/IQRy4-ATL2CUSpb-yw5vRsY1AT3UCJI_xDLALKd77EjVf3c?width=1024&height=727
24-01-2025,11839.75391,11963.51401,11786.5292,11802.25933,310343,15,Maruti Suzuki,MARUTI.NS,Stock,Automobile,https://1drv.ms/i/c/8705623eb284e7df/IQRy4-ATL2CUSpb-yw5vRsY1AT3UCJI_xDLALKd77EjVf3c?width=1024&height=727
27-01-2025,11865.42578,11917.90852,11684.5833,11774.46111,251783,15,Maruti Suzuki,MARUTI.NS,Stock,Automobile,https://1drv.ms/i/c/8705623eb284e7df/IQRy4-ATL2CUSpb-yw5vRsY1AT3UCJI_xDLALKd77EjVf3c?width=1024&height=727
28-01-2025,11993.93457,12034.44629,11757.69172,11889.66276,533451,15,Maruti Suzuki,MARUTI.NS,Stock,Automobile,https://1drv.ms/i/c/8705623eb284e7df/IQRy4-ATL2CUSpb-yw5vRsY1AT3UCJI_xDLALKd77EjVf3c?width=1024&height=727
29-01-2025,11849.64746,12188.77675,11757.79107,11990.22554,817549,15,Maruti Suzuki,MARUTI.NS,Stock,Automobile,https://1drv.ms/i/c/8705623eb284e7df/IQRy4-ATL2CUSpb-yw5vRsY1AT3UCJI_xDLALKd77EjVf3c?width=1024&height=727
30-01-2025,11871.50977,11981.17245,11795.43279,11892.28491,418442,15,Maruti Suzuki,MARUTI.NS,Stock,Automobile,https://1drv.ms/i/c/8705623eb284e7df/IQRy4-ATL2CUSpb-yw5vRsY1AT3UCJI_xDLALKd77EjVf3c?width=1024&height=727
31-01-2025,12178.83398,12257.33396,11871.50989,11871.50989,709009,15,Maruti Suzuki,MARUTI.NS,Stock,Automobile,https://1drv.ms/i/c/8705623eb284e7df/IQRy4-ATL2CUSpb-yw5vRsY1AT3UCJI_xDLALKd77EjVf3c?width=1024&height=727
01-02-2025,12778.19629,13009.19608,12097.71184,12188.08333,1101170,15,Maruti Suzuki,MARUTI.NS,Stock,Automobile,https://1drv.ms/i/c/8705623eb284e7df/IQRy4-ATL2CUSpb-yw5vRsY1AT3UCJI_xDLALKd77EjVf3c?width=1024&height=727
03-02-2025,12999.25391,13317.06412,12783.29155,12850.90931,926127,15,Maruti Suzuki,MARUTI.NS,Stock,Automobile,https://1drv.ms/i/c/8705623eb284e7df/IQRy4-ATL2CUSpb-yw5vRsY1AT3UCJI_xDLALKd77EjVf3c?width=1024&height=727
04-02-2025,12969.5752,13117.96907,12832.60746,13108.12541,530749,15,Maruti Suzuki,MARUTI.NS,Stock,Automobile,https://1drv.ms/i/c/8705623eb284e7df/IQRy4-ATL2CUSpb-yw5vRsY1AT3UCJI_xDLALKd77EjVf3c?width=1024&height=727
05-02-2025,12946.67285,13009.19633,12864.26498,12969.62463,271633,15,Maruti Suzuki,MARUTI.NS,Stock,Automobile,https://1drv.ms/i/c/8705623eb284e7df/IQRy4-ATL2CUSpb-yw5vRsY1AT3UCJI_xDLALKd77EjVf3c?width=1024&height=727
06-02-2025,12934.00977,12989.41014,12867.52912,12920.15967,414134,15,Maruti Suzuki,MARUTI.NS,Stock,Automobile,https://1drv.ms/i/c/8705623eb284e7df/IQRy4-ATL2CUSpb-yw5vRsY1AT3UCJI_xDLALKd77EjVf3c?width=1024&height=727
07-02-2025,12909.77246,12968.14072,12872.67399,12920.16003,355223,15,Maruti Suzuki,MARUTI.NS,Stock,Automobile,https://1drv.ms/i/c/8705623eb284e7df/IQRy4-ATL2CUSpb-yw5vRsY1AT3UCJI_xDLALKd77EjVf3c?width=1024&height=727
10-02-2025,12762.61523,12920.16007,12748.6666,12910.26714,294142,15,Maruti Suzuki,MARUTI.NS,Stock,Automobile,https://1drv.ms/i/c/8705623eb284e7df/IQRy4-ATL2CUSpb-yw5vRsY1AT3UCJI_xDLALKd77EjVf3c?width=1024&height=727
11-02-2025,12588.10352,12877.86767,12563.47071,12761.82386,354195,15,Maruti Suzuki,MARUTI.NS,Stock,Automobile,https://1drv.ms/i/c/8705623eb284e7df/IQRy4-ATL2CUSpb-yw5vRsY1AT3UCJI_xDLALKd77EjVf3c?width=1024&height=727
12-02-2025,12520.04102,12628.66514,12473.04962,12564.01526,425735,15,Maruti Suzuki,MARUTI.NS,Stock,Automobile,https://1drv.ms/i/c/8705623eb284e7df/IQRy4-ATL2CUSpb-yw5vRsY1AT3UCJI_xDLALKd77EjVf3c?width=1024&height=727
13-02-2025,12535.62207,12608.48385,12479.67777,12539.28265,186742,15,Maruti Suzuki,MARUTI.NS,Stock,Automobile,https://1drv.ms/i/c/8705623eb284e7df/IQRy4-ATL2CUSpb-yw5vRsY1AT3UCJI_xDLALKd77EjVf3c?width=1024&height=727
14-02-2025,12544.47656,12643.15849,12449.3557,12564.01509,233454,15,Maruti Suzuki,MARUTI.NS,Stock,Automobile,https://1drv.ms/i/c/8705623eb284e7df/IQRy4-ATL2CUSpb-yw5vRsY1AT3UCJI_xDLALKd77EjVf3c?width=1024&height=727
17-02-2025,12626.24121,12637.22197,12443.41919,12466.66756,192210,15,Maruti Suzuki,MARUTI.NS,Stock,Automobile,https://1drv.ms/i/c/8705623eb284e7df/IQRy4-ATL2CUSpb-yw5vRsY1AT3UCJI_xDLALKd77EjVf3c?width=1024&height=727
18-02-2025,12649.29199,12746.98463,12598.7888,12628.26953,267936,15,Maruti Suzuki,MARUTI.NS,Stock,Automobile,https://1drv.ms/i/c/8705623eb284e7df/IQRy4-ATL2CUSpb-yw5vRsY1AT3UCJI_xDLALKd77EjVf3c?width=1024&height=727
19-02-2025,12550.31348,12632.42475,12515.53946,12590.72569,288694,15,Maruti Suzuki,MARUTI.NS,Stock,Automobile,https://1drv.ms/i/c/8705623eb284e7df/IQRy4-ATL2CUSpb-yw5vRsY1AT3UCJI_xDLALKd77EjVf3c?width=1024&height=727
20-02-2025,12307.44238,12514.55039,12247.4414,12514.55039,423739,15,Maruti Suzuki,MARUTI.NS,Stock,Automobile,https://1drv.ms/i/c/8705623eb284e7df/IQRy4-ATL2CUSpb-yw5vRsY1AT3UCJI_xDLALKd77EjVf3c?width=1024&height=727
21-02-2025,12191.49707,12305.41352,12113.88688,12287.01307,477013,15,Maruti Suzuki,MARUTI.NS,Stock,Automobile,https://1drv.ms/i/c/8705623eb284e7df/IQRy4-ATL2CUSpb-yw5vRsY1AT3UCJI_xDLALKd77EjVf3c?width=1024&height=727
24-02-2025,12213.01367,12299.37871,12089.2526,12117.20012,399571,15,Maruti Suzuki,MARUTI.NS,Stock,Automobile,https://1drv.ms/i/c/8705623eb284e7df/IQRy4-ATL2CUSpb-yw5vRsY1AT3UCJI_xDLALKd77EjVf3c?width=1024&height=727
25-02-2025,12342.75879,12373.47709,12217.76207,12256.09715,363355,15,Maruti Suzuki,MARUTI.NS,Stock,Automobile,https://1drv.ms/i/c/8705623eb284e7df/IQRy4-ATL2CUSpb-yw5vRsY1AT3UCJI_xDLALKd77EjVf3c?width=1024&height=727
27-02-2025,12248.03418,12415.62071,12180.1691,12397.51685,236805,15,Maruti Suzuki,MARUTI.NS,Stock,Automobile,https://1drv.ms/i/c/8705623eb284e7df/IQRy4-ATL2CUSpb-yw5vRsY1AT3UCJI_xDLALKd77EjVf3c?width=1024&height=727
28-02-2025,11817.93945,12206.38554,11685.22644,12206.38554,605149,15,Maruti Suzuki,MARUTI.NS,Stock,Automobile,https://1drv.ms/i/c/8705623eb284e7df/IQRy4-ATL2CUSpb-yw5vRsY1AT3UCJI_xDLALKd77EjVf3c?width=1024&height=727
03-03-2025,11649.5127,11930.32396,11631.85421,11758.73098,186884,15,Maruti Suzuki,MARUTI.NS,Stock,Automobile,https://1drv.ms/i/c/8705623eb284e7df/IQRy4-ATL2CUSpb-yw5vRsY1AT3UCJI_xDLALKd77EjVf3c?width=1024&height=727
04-03-2025,11491.86914,11598.71273,11466.8895,11564.82946,255726,15,Maruti Suzuki,MARUTI.NS,Stock,Automobile,https://1drv.ms/i/c/8705623eb284e7df/IQRy4-ATL2CUSpb-yw5vRsY1AT3UCJI_xDLALKd77EjVf3c?width=1024&height=727
05-03-2025,11492.95703,11703.33047,11444.4817,11480.73966,349730,15,Maruti Suzuki,MARUTI.NS,Stock,Automobile,https://1drv.ms/i/c/8705623eb284e7df/IQRy4-ATL2CUSpb-yw5vRsY1AT3UCJI_xDLALKd77EjVf3c?width=1024&height=727
06-03-2025,11541.48242,11603.90639,11357.07791,11575.71156,315309,15,Maruti Suzuki,MARUTI.NS,Stock,Automobile,https://1drv.ms/i/c/8705623eb284e7df/IQRy4-ATL2CUSpb-yw5vRsY1AT3UCJI_xDLALKd77EjVf3c?width=1024&height=727
07-03-2025,11539.25684,11616.56947,11476.78263,11525.25796,259055,15,Maruti Suzuki,MARUTI.NS,Stock,Automobile,https://1drv.ms/i/c/8705623eb284e7df/IQRy4-ATL2CUSpb-yw5vRsY1AT3UCJI_xDLALKd77EjVf3c?width=1024&height=727
10-03-2025,11461.99219,11572.64513,11410.15384,11475.79301,153894,15,Maruti Suzuki,MARUTI.NS,Stock,Automobile,https://1drv.ms/i/c/8705623eb284e7df/IQRy4-ATL2CUSpb-yw5vRsY1AT3UCJI_xDLALKd77EjVf3c?width=1024&height=727
11-03-2025,11522.24023,11566.80767,11386.75644,11455.51226,245822,15,Maruti Suzuki,MARUTI.NS,Stock,Automobile,https://1drv.ms/i/c/8705623eb284e7df/IQRy4-ATL2CUSpb-yw5vRsY1AT3UCJI_xDLALKd77EjVf3c?width=1024&height=727
12-03-2025,11515.46289,11598.41564,11398.62784,11496.36974,249361,15,Maruti Suzuki,MARUTI.NS,Stock,Automobile,https://1drv.ms/i/c/8705623eb284e7df/IQRy4-ATL2CUSpb-yw5vRsY1AT3UCJI_xDLALKd77EjVf3c?width=1024&height=727
13-03-2025,11390.51563,11559.88269,11366.72333,11510.22002,260736,15,Maruti Suzuki,MARUTI.NS,Stock,Automobile,https://1drv.ms/i/c/8705623eb284e7df/IQRy4-ATL2CUSpb-yw5vRsY1AT3UCJI_xDLALKd77EjVf3c?width=1024&height=727
17-03-2025,11429.98926,11627.10579,11333.68105,11390.5161,275569,15,Maruti Suzuki,MARUTI.NS,Stock,Automobile,https://1drv.ms/i/c/8705623eb284e7df/IQRy4-ATL2CUSpb-yw5vRsY1AT3UCJI_xDLALKd77EjVf3c?width=1024&height=727
18-03-2025,11429.98926,11429.98926,11429.98926,11429.98926,0,15,Maruti Suzuki,MARUTI.NS,Stock,Automobile,https://1drv.ms/i/c/8705623eb284e7df/IQRy4-ATL2CUSpb-yw5vRsY1AT3UCJI_xDLALKd77EjVf3c?width=1024&height=727
19-03-2025,11491.17676,11589.01818,11423.36095,11574.72271,476555,15,Maruti Suzuki,MARUTI.NS,Stock,Automobile,https://1drv.ms/i/c/8705623eb284e7df/IQRy4-ATL2CUSpb-yw5vRsY1AT3UCJI_xDLALKd77EjVf3c?width=1024&height=727
20-03-2025,11604.59863,11639.02582,11463.92105,11574.62326,379421,15,Maruti Suzuki,MARUTI.NS,Stock,Automobile,https://1drv.ms/i/c/8705623eb284e7df/IQRy4-ATL2CUSpb-yw5vRsY1AT3UCJI_xDLALKd77EjVf3c?width=1024&height=727
21-03-2025,11607.1709,11794.04864,11580.46,11653.8657,560565,15,Maruti Suzuki,MARUTI.NS,Stock,Automobile,https://1drv.ms/i/c/8705623eb284e7df/IQRy4-ATL2CUSpb-yw5vRsY1AT3UCJI_xDLALKd77EjVf3c?width=1024&height=727
24-03-2025,11794.59277,11861.61734,11616.32207,11653.81664,359033,15,Maruti Suzuki,MARUTI.NS,Stock,Automobile,https://1drv.ms/i/c/8705623eb284e7df/IQRy4-ATL2CUSpb-yw5vRsY1AT3UCJI_xDLALKd77EjVf3c?width=1024&height=727
25-03-2025,11741.81445,11945.95458,11673.65181,11823.43109,514283,15,Maruti Suzuki,MARUTI.NS,Stock,Automobile,https://1drv.ms/i/c/8705623eb284e7df/IQRy4-ATL2CUSpb-yw5vRsY1AT3UCJI_xDLALKd77EjVf3c?width=1024&height=727
26-03-2025,11608.65527,11741.81463,11584.61566,11680.57703,478517,15,Maruti Suzuki,MARUTI.NS,Stock,Automobile,https://1drv.ms/i/c/8705623eb284e7df/IQRy4-ATL2CUSpb-yw5vRsY1AT3UCJI_xDLALKd77EjVf3c?width=1024&height=727
27-03-2025,11596.4375,11770.60225,11513.3862,11647.08947,645787,15,Maruti Suzuki,MARUTI.NS,Stock,Automobile,https://1drv.ms/i/c/8705623eb284e7df/IQRy4-ATL2CUSpb-yw5vRsY1AT3UCJI_xDLALKd77EjVf3c?width=1024&height=727
28-03-2025,11398.77734,11620.18082,11278.03342,11573.78261,541795,15,Maruti Suzuki,MARUTI.NS,Stock,Automobile,https://1drv.ms/i/c/8705623eb284e7df/IQRy4-ATL2CUSpb-yw5vRsY1AT3UCJI_xDLALKd77EjVf3c?width=1024&height=727
01-04-2025,11358.16602,11422.17344,11169.1126,11357.07818,498244,15,Maruti Suzuki,MARUTI.NS,Stock,Automobile,https://1drv.ms/i/c/8705623eb284e7df/IQRy4-ATL2CUSpb-yw5vRsY1AT3UCJI_xDLALKd77EjVf3c?width=1024&height=727
02-04-2025,11590.64941,11606.37955,11287.87664,11358.16568,452994,15,Maruti Suzuki,MARUTI.NS,Stock,Automobile,https://1drv.ms/i/c/8705623eb284e7df/IQRy4-ATL2CUSpb-yw5vRsY1AT3UCJI_xDLALKd77EjVf3c?width=1024&height=727
03-04-2025,11562.94922,11676.57004,11486.72443,11505.96636,326624,15,Maruti Suzuki,MARUTI.NS,Stock,Automobile,https://1drv.ms/i/c/8705623eb284e7df/IQRy4-ATL2CUSpb-yw5vRsY1AT3UCJI_xDLALKd77EjVf3c?width=1024&height=727
04-04-2025,11359.05664,11505.47193,11208.68418,11475.79316,355785,15,Maruti Suzuki,MARUTI.NS,Stock,Automobile,https://1drv.ms/i/c/8705623eb284e7df/IQRy4-ATL2CUSpb-yw5vRsY1AT3UCJI_xDLALKd77EjVf3c?width=1024&height=727
07-04-2025,11208.43652,11236.87868,10941.03096,10986.68623,602353,15,Maruti Suzuki,MARUTI.NS,Stock,Automobile,https://1drv.ms/i/c/8705623eb284e7df/IQRy4-ATL2CUSpb-yw5vRsY1AT3UCJI_xDLALKd77EjVf3c?width=1024&height=727
08-04-2025,11336.2041,11426.67413,11169.16148,11406.54241,629968,15,Maruti Suzuki,MARUTI.NS,Stock,Automobile,https://1drv.ms/i/c/8705623eb284e7df/IQRy4-ATL2CUSpb-yw5vRsY1AT3UCJI_xDLALKd77EjVf3c?width=1024&height=727
09-04-2025,11334.7207,11415.14999,11302.66724,11337.39102,255114,15,Maruti Suzuki,MARUTI.NS,Stock,Automobile,https://1drv.ms/i/c/8705623eb284e7df/IQRy4-ATL2CUSpb-yw5vRsY1AT3UCJI_xDLALKd77EjVf3c?width=1024&height=727
11-04-2025,11474.85254,11553.69934,11357.07746,11357.42333,231420,15,Maruti Suzuki,MARUTI.NS,Stock,Automobile,https://1drv.ms/i/c/8705623eb284e7df/IQRy4-ATL2CUSpb-yw5vRsY1AT3UCJI_xDLALKd77EjVf3c?width=1024&height=727
15-04-2025,11728.0625,11812.15236,11554.93631,11663.75849,458593,15,Maruti Suzuki,MARUTI.NS,Stock,Automobile,https://1drv.ms/i/c/8705623eb284e7df/IQRy4-ATL2CUSpb-yw5vRsY1AT3UCJI_xDLALKd77EjVf3c?width=1024&height=727
16-04-2025,11539.10742,11641.99384,11490.63209,11641.99384,470494,15,Maruti Suzuki,MARUTI.NS,Stock,Automobile,https://1drv.ms/i/c/8705623eb284e7df/IQRy4-ATL2CUSpb-yw5vRsY1AT3UCJI_xDLALKd77EjVf3c?width=1024&height=727
17-04-2025,11569.77539,11602.42204,11401.59567,11539.10732,302146,15,Maruti Suzuki,MARUTI.NS,Stock,Automobile,https://1drv.ms/i/c/8705623eb284e7df/IQRy4-ATL2CUSpb-yw5vRsY1AT3UCJI_xDLALKd77EjVf3c?width=1024&height=727
21-04-2025,11619.24023,11642.98325,11463.92131,11569.77561,318493,15,Maruti Suzuki,MARUTI.NS,Stock,Automobile,https://1drv.ms/i/c/8705623eb284e7df/IQRy4-ATL2CUSpb-yw5vRsY1AT3UCJI_xDLALKd77EjVf3c?width=1024&height=727
22-04-2025,11608.3584,11661.78019,11490.63259,11643.97293,516753,15,Maruti Suzuki,MARUTI.NS,Stock,Automobile,https://1drv.ms/i/c/8705623eb284e7df/IQRy4-ATL2CUSpb-yw5vRsY1AT3UCJI_xDLALKd77EjVf3c?width=1024&height=727
23-04-2025,11779.50586,11842.82058,11603.41179,11672.66227,493839,15,Maruti Suzuki,MARUTI.NS,Stock,Automobile,https://1drv.ms/i/c/8705623eb284e7df/IQRy4-ATL2CUSpb-yw5vRsY1AT3UCJI_xDLALKd77EjVf3c?width=1024&height=727
24-04-2025,11766.64551,11911.08222,11731.03098,11812.15296,387863,15,Maruti Suzuki,MARUTI.NS,Stock,Automobile,https://1drv.ms/i/c/8705623eb284e7df/IQRy4-ATL2CUSpb-yw5vRsY1AT3UCJI_xDLALKd77EjVf3c?width=1024&height=727
25-04-2025,11572.74414,11917.01794,11473.81489,11774.55982,906266,15,Maruti Suzuki,MARUTI.NS,Stock,Automobile,https://1drv.ms/i/c/8705623eb284e7df/IQRy4-ATL2CUSpb-yw5vRsY1AT3UCJI_xDLALKd77EjVf3c?width=1024&height=727
28-04-2025,11719.15918,11768.62381,11168.12325,11305.63491,457303,15,Maruti Suzuki,MARUTI.NS,Stock,Automobile,https://1drv.ms/i/c/8705623eb284e7df/IQRy4-ATL2CUSpb-yw5vRsY1AT3UCJI_xDLALKd77EjVf3c?width=1024&height=727
29-04-2025,11714.21289,11812.15285,11615.28364,11685.52341,455596,15,Maruti Suzuki,MARUTI.NS,Stock,Automobile,https://1drv.ms/i/c/8705623eb284e7df/IQRy4-ATL2CUSpb-yw5vRsY1AT3UCJI_xDLALKd77EjVf3c?width=1024&height=727
30-04-2025,12125.75781,12193.0297,11673.65115,11698.38347,967250,15,Maruti Suzuki,MARUTI.NS,Stock,Automobile,https://1drv.ms/i/c/8705623eb284e7df/IQRy4-ATL2CUSpb-yw5vRsY1AT3UCJI_xDLALKd77EjVf3c?width=1024&height=727
02-05-2025,12272.17383,12590.72602,12118.83349,12125.75853,707908,15,Maruti Suzuki,MARUTI.NS,Stock,Automobile,https://1drv.ms/i/c/8705623eb284e7df/IQRy4-ATL2CUSpb-yw5vRsY1AT3UCJI_xDLALKd77EjVf3c?width=1024&height=727
05-05-2025,12324.60645,12356.26381,12229.63436,12356.26381,270014,15,Maruti Suzuki,MARUTI.NS,Stock,Automobile,https://1drv.ms/i/c/8705623eb284e7df/IQRy4-ATL2CUSpb-yw5vRsY1AT3UCJI_xDLALKd77EjVf3c?width=1024&height=727
06-05-2025,12446.28906,12464.09633,12238.53764,12304.82023,414921,15,Maruti Suzuki,MARUTI.NS,Stock,Automobile,https://1drv.ms/i/c/8705623eb284e7df/IQRy4-ATL2CUSpb-yw5vRsY1AT3UCJI_xDLALKd77EjVf3c?width=1024&height=727
07-05-2025,12497.73242,12533.34695,12222.7091,12222.7091,303619,15,Maruti Suzuki,MARUTI.NS,Stock,Automobile,https://1drv.ms/i/c/8705623eb284e7df/IQRy4-ATL2CUSpb-yw5vRsY1AT3UCJI_xDLALKd77EjVf3c?width=1024&height=727
08-05-2025,12259.3125,12462.11746,12197.97637,12425.51364,485326,15,Maruti Suzuki,MARUTI.NS,Stock,Automobile,https://1drv.ms/i/c/8705623eb284e7df/IQRy4-ATL2CUSpb-yw5vRsY1AT3UCJI_xDLALKd77EjVf3c?width=1024&height=727
09-05-2025,12118.83301,12227.65518,11985.27852,12005.06437,278112,15,Maruti Suzuki,MARUTI.NS,Stock,Automobile,https://1drv.ms/i/c/8705623eb284e7df/IQRy4-ATL2CUSpb-yw5vRsY1AT3UCJI_xDLALKd77EjVf3c?width=1024&height=727
12-05-2025,12480.91406,12494.76416,12292.94849,12292.94849,185165,15,Maruti Suzuki,MARUTI.NS,Stock,Automobile,https://1drv.ms/i/c/8705623eb284e7df/IQRy4-ATL2CUSpb-yw5vRsY1AT3UCJI_xDLALKd77EjVf3c?width=1024&height=727
13-05-2025,12348.34863,12564.01439,12296.90542,12465.08514,378269,15,Maruti Suzuki,MARUTI.NS,Stock,Automobile,https://1drv.ms/i/c/8705623eb284e7df/IQRy4-ATL2CUSpb-yw5vRsY1AT3UCJI_xDLALKd77EjVf3c?width=1024&height=727
14-05-2025,12534.33594,12581.82198,12278.10918,12351.31683,306050,15,Maruti Suzuki,MARUTI.NS,Stock,Automobile,https://1drv.ms/i/c/8705623eb284e7df/IQRy4-ATL2CUSpb-yw5vRsY1AT3UCJI_xDLALKd77EjVf3c?width=1024&height=727
15-05-2025,12813.31641,12883.55617,12413.64224,12465.08545,561496,15,Maruti Suzuki,MARUTI.NS,Stock,Automobile,https://1drv.ms/i/c/8705623eb284e7df/IQRy4-ATL2CUSpb-yw5vRsY1AT3UCJI_xDLALKd77EjVf3c?width=1024&height=727
16-05-2025,12855.85645,12945.88207,12773.74517,12811.33828,425275,15,Maruti Suzuki,MARUTI.NS,Stock,Automobile,https://1drv.ms/i/c/8705623eb284e7df/IQRy4-ATL2CUSpb-yw5vRsY1AT3UCJI_xDLALKd77EjVf3c?width=1024&height=727
19-05-2025,12849.91992,12906.30959,12791.55167,12850.90921,244277,15,Maruti Suzuki,MARUTI.NS,Stock,Automobile,https://1drv.ms/i/c/8705623eb284e7df/IQRy4-ATL2CUSpb-yw5vRsY1AT3UCJI_xDLALKd77EjVf3c?width=1024&height=727
20-05-2025,12502.67871,12870.69552,12474.97852,12865.74906,361111,15,Maruti Suzuki,MARUTI.NS,Stock,Automobile,https://1drv.ms/i/c/8705623eb284e7df/IQRy4-ATL2CUSpb-yw5vRsY1AT3UCJI_xDLALKd77EjVf3c?width=1024&height=727
21-05-2025,12479.9248,12670.85826,12459.14966,12539.28235,209104,15,Maruti Suzuki,MARUTI.NS,Stock,Automobile,https://1drv.ms/i/c/8705623eb284e7df/IQRy4-ATL2CUSpb-yw5vRsY1AT3UCJI_xDLALKd77EjVf3c?width=1024&height=727
22-05-2025,12311.74512,12475.96767,12262.28049,12475.96767,434848,15,Maruti Suzuki,MARUTI.NS,Stock,Automobile,https://1drv.ms/i/c/8705623eb284e7df/IQRy4-ATL2CUSpb-yw5vRsY1AT3UCJI_xDLALKd77EjVf3c?width=1024&height=727
23-05-2025,12319.65918,12361.20946,12289.98041,12316.6913,169465,15,Maruti Suzuki,MARUTI.NS,Stock,Automobile,https://1drv.ms/i/c/8705623eb284e7df/IQRy4-ATL2CUSpb-yw5vRsY1AT3UCJI_xDLALKd77EjVf3c?width=1024&height=727
26-05-2025,12288.00195,12404.73847,12258.32318,12321.6379,214703,15,Maruti Suzuki,MARUTI.NS,Stock,Automobile,https://1drv.ms/i/c/8705623eb284e7df/IQRy4-ATL2CUSpb-yw5vRsY1AT3UCJI_xDLALKd77EjVf3c?width=1024&height=727
27-05-2025,12281.07715,12345.38116,12158.40488,12288.0022,344679,15,Maruti Suzuki,MARUTI.NS,Stock,Automobile,https://1drv.ms/i/c/8705623eb284e7df/IQRy4-ATL2CUSpb-yw5vRsY1AT3UCJI_xDLALKd77EjVf3c?width=1024&height=727
28-05-2025,12198.96582,12282.06639,12173.24422,12281.0771,178181,15,Maruti Suzuki,MARUTI.NS,Stock,Automobile,https://1drv.ms/i/c/8705623eb284e7df/IQRy4-ATL2CUSpb-yw5vRsY1AT3UCJI_xDLALKd77EjVf3c?width=1024&height=727
29-05-2025,12259.3125,12294.92703,12134.66165,12207.86929,191097,15,Maruti Suzuki,MARUTI.NS,Stock,Automobile,https://1drv.ms/i/c/8705623eb284e7df/IQRy4-ATL2CUSpb-yw5vRsY1AT3UCJI_xDLALKd77EjVf3c?width=1024&height=727
30-05-2025,12187.09473,12356.26375,12119.82283,12259.31308,351353,15,Maruti Suzuki,MARUTI.NS,Stock,Automobile,https://1drv.ms/i/c/8705623eb284e7df/IQRy4-ATL2CUSpb-yw5vRsY1AT3UCJI_xDLALKd77EjVf3c?width=1024&height=727
02-06-2025,12158.40527,12187.09476,12002.09705,12030.78654,264972,15,Maruti Suzuki,MARUTI.NS,Stock,Automobile,https://1drv.ms/i/c/8705623eb284e7df/IQRy4-ATL2CUSpb-yw5vRsY1AT3UCJI_xDLALKd77EjVf3c?width=1024&height=727
03-06-2025,11998.13965,12217.76259,11930.86776,12141.58706,369114,15,Maruti Suzuki,MARUTI.NS,Stock,Automobile,https://1drv.ms/i/c/8705623eb284e7df/IQRy4-ATL2CUSpb-yw5vRsY1AT3UCJI_xDLALKd77EjVf3c?width=1024&height=727
04-06-2025,12032.76465,12113.88663,11998.13941,11998.13941,205846,15,Maruti Suzuki,MARUTI.NS,Stock,Automobile,https://1drv.ms/i/c/8705623eb284e7df/IQRy4-ATL2CUSpb-yw5vRsY1AT3UCJI_xDLALKd77EjVf3c?width=1024&height=727
05-06-2025,11996.16113,12125.75845,11887.33896,12069.36878,319783,15,Maruti Suzuki,MARUTI.NS,Stock,Automobile,https://1drv.ms/i/c/8705623eb284e7df/IQRy4-ATL2CUSpb-yw5vRsY1AT3UCJI_xDLALKd77EjVf3c?width=1024&height=727
06-06-2025,12328.56348,12400.78183,11970.43958,12009.02199,456129,15,Maruti Suzuki,MARUTI.NS,Stock,Automobile,https://1drv.ms/i/c/8705623eb284e7df/IQRy4-ATL2CUSpb-yw5vRsY1AT3UCJI_xDLALKd77EjVf3c?width=1024&height=727
09-06-2025,12501.68945,12524.44318,12332.52043,12371.10284,323443,15,Maruti Suzuki,MARUTI.NS,Stock,Automobile,https://1drv.ms/i/c/8705623eb284e7df/IQRy4-ATL2CUSpb-yw5vRsY1AT3UCJI_xDLALKd77EjVf3c?width=1024&height=727
10-06-2025,12385.94238,12607.54391,12327.57412,12524.44334,325292,15,Maruti Suzuki,MARUTI.NS,Stock,Automobile,https://1drv.ms/i/c/8705623eb284e7df/IQRy4-ATL2CUSpb-yw5vRsY1AT3UCJI_xDLALKd77EjVf3c?width=1024&height=727
11-06-2025,12318.66992,12425.51351,12293.93761,12336.47719,306061,15,Maruti Suzuki,MARUTI.NS,Stock,Automobile,https://1drv.ms/i/c/8705623eb284e7df/IQRy4-ATL2CUSpb-yw5vRsY1AT3UCJI_xDLALKd77EjVf3c?width=1024&height=727
12-06-2025,12257.33398,12356.26323,12175.22271,12325.59517,347339,15,Maruti Suzuki,MARUTI.NS,Stock,Automobile,https://1drv.ms/i/c/8705623eb284e7df/IQRy4-ATL2CUSpb-yw5vRsY1AT3UCJI_xDLALKd77EjVf3c?width=1024&height=727
13-06-2025,12275.1416,12291.95957,12045.62574,12069.36876,385493,15,Maruti Suzuki,MARUTI.NS,Stock,Automobile,https://1drv.ms/i/c/8705623eb284e7df/IQRy4-ATL2CUSpb-yw5vRsY1AT3UCJI_xDLALKd77EjVf3c?width=1024&height=727
16-06-2025,12395.83496,12432.43878,12203.91222,12271.18411,184242,15,Maruti Suzuki,MARUTI.NS,Stock,Automobile,https://1drv.ms/i/c/8705623eb284e7df/IQRy4-ATL2CUSpb-yw5vRsY1AT3UCJI_xDLALKd77EjVf3c?width=1024&height=727
17-06-2025,12460.13867,12479.92452,12336.47711,12394.84537,226597,15,Maruti Suzuki,MARUTI.NS,Stock,Automobile,https://1drv.ms/i/c/8705623eb284e7df/IQRy4-ATL2CUSpb-yw5vRsY1AT3UCJI_xDLALKd77EjVf3c?width=1024&height=727
18-06-2025,12611.50098,12742.08759,12415.62106,12484.87153,467738,15,Maruti Suzuki,MARUTI.NS,Stock,Automobile,https://1drv.ms/i/c/8705623eb284e7df/IQRy4-ATL2CUSpb-yw5vRsY1AT3UCJI_xDLALKd77EjVf3c?width=1024&height=727
19-06-2025,12668.87988,12687.67644,12577.86497,12613.4795,339117,15,Maruti Suzuki,MARUTI.NS,Stock,Automobile,https://1drv.ms/i/c/8705623eb284e7df/IQRy4-ATL2CUSpb-yw5vRsY1AT3UCJI_xDLALKd77EjVf3c?width=1024&height=727
20-06-2025,12654.04004,12751.97999,12591.71461,12671.8473,652128,15,Maruti Suzuki,MARUTI.NS,Stock,Automobile,https://1drv.ms/i/c/8705623eb284e7df/IQRy4-ATL2CUSpb-yw5vRsY1AT3UCJI_xDLALKd77EjVf3c?width=1024&height=727
23-06-2025,12563.02539,12649.09384,12530.37874,12634.25445,192037,15,Maruti Suzuki,MARUTI.NS,Stock,Automobile,https://1drv.ms/i/c/8705623eb284e7df/IQRy4-ATL2CUSpb-yw5vRsY1AT3UCJI_xDLALKd77EjVf3c?width=1024&height=727
24-06-2025,12475.96777,12717.35514,12418.58881,12692.62283,332717,15,Maruti Suzuki,MARUTI.NS,Stock,Automobile,https://1drv.ms/i/c/8705623eb284e7df/IQRy4-ATL2CUSpb-yw5vRsY1AT3UCJI_xDLALKd77EjVf3c?width=1024&height=727
25-06-2025,12630.29785,12669.86955,12481.90397,12548.18657,316536,15,Maruti Suzuki,MARUTI.NS,Stock,Automobile,https://1drv.ms/i/c/8705623eb284e7df/IQRy4-ATL2CUSpb-yw5vRsY1AT3UCJI_xDLALKd77EjVf3c?width=1024&height=727
26-06-2025,12578.85449,12710.4304,12553.13289,12643.15851,354735,15,Maruti Suzuki,MARUTI.NS,Stock,Automobile,https://1drv.ms/i/c/8705623eb284e7df/IQRy4-ATL2CUSpb-yw5vRsY1AT3UCJI_xDLALKd77EjVf3c?width=1024&height=727
27-06-2025,12506.63574,12661.95466,12485.8606,12613.47933,346403,15,Maruti Suzuki,MARUTI.NS,Stock,Automobile,https://1drv.ms/i/c/8705623eb284e7df/IQRy4-ATL2CUSpb-yw5vRsY1AT3UCJI_xDLALKd77EjVf3c?width=1024&height=727
30-06-2025,12267.22656,12539.28199,12199.95467,12531.36765,448956,15,Maruti Suzuki,MARUTI.NS,Stock,Automobile,https://1drv.ms/i/c/8705623eb284e7df/IQRy4-ATL2CUSpb-yw5vRsY1AT3UCJI_xDLALKd77EjVf3c?width=1024&height=727
01-07-2025,12308.77734,12325.59532,12188.08366,12316.69168,283481,15,Maruti Suzuki,MARUTI.NS,Stock,Automobile,https://1drv.ms/i/c/8705623eb284e7df/IQRy4-ATL2CUSpb-yw5vRsY1AT3UCJI_xDLALKd77EjVf3c?width=1024&height=727
02-07-2025,12486.84961,12507.62475,12226.66569,12247.44083,609735,15,Maruti Suzuki,MARUTI.NS,Stock,Automobile,https://1drv.ms/i/c/8705623eb284e7df/IQRy4-ATL2CUSpb-yw5vRsY1AT3UCJI_xDLALKd77EjVf3c?width=1024&height=727
03-07-2025,12615.45801,12682.7299,12455.19262,12494.76432,606221,15,Maruti Suzuki,MARUTI.NS,Stock,Automobile,https://1drv.ms/i/c/8705623eb284e7df/IQRy4-ATL2CUSpb-yw5vRsY1AT3UCJI_xDLALKd77EjVf3c?width=1024&height=727
04-07-2025,12510.59277,12611.50061,12472.99966,12578.85395,225607,15,Maruti Suzuki,MARUTI.NS,Stock,Automobile,https://1drv.ms/i/c/8705623eb284e7df/IQRy4-ATL2CUSpb-yw5vRsY1AT3UCJI_xDLALKd77EjVf3c?width=1024&height=727
07-07-2025,12385.94238,12534.33626,12337.46705,12511.58253,220116,15,Maruti Suzuki,MARUTI.NS,Stock,Automobile,https://1drv.ms/i/c/8705623eb284e7df/IQRy4-ATL2CUSpb-yw5vRsY1AT3UCJI_xDLALKd77EjVf3c?width=1024&height=727
08-07-2025,12281.07715,12420.56739,12226.66606,12390.88862,241050,15,Maruti Suzuki,MARUTI.NS,Stock,Automobile,https://1drv.ms/i/c/8705623eb284e7df/IQRy4-ATL2CUSpb-yw5vRsY1AT3UCJI_xDLALKd77EjVf3c?width=1024&height=727
09-07-2025,12336.47754,12405.72801,12296.90584,12301.8523,174203,15,Maruti Suzuki,MARUTI.NS,Stock,Automobile,https://1drv.ms/i/c/8705623eb284e7df/IQRy4-ATL2CUSpb-yw5vRsY1AT3UCJI_xDLALKd77EjVf3c?width=1024&height=727
10-07-2025,12514.5498,12534.33565,12268.21598,12366.15593,277325,15,Maruti Suzuki,MARUTI.NS,Stock,Automobile,https://1drv.ms/i/c/8705623eb284e7df/IQRy4-ATL2CUSpb-yw5vRsY1AT3UCJI_xDLALKd77EjVf3c?width=1024&height=727
11-07-2025,12439.36426,12549.17573,12386.93175,12504.65756,194420,15,Maruti Suzuki,MARUTI.NS,Stock,Automobile,https://1drv.ms/i/c/8705623eb284e7df/IQRy4-ATL2CUSpb-yw5vRsY1AT3UCJI_xDLALKd77EjVf3c?width=1024&height=727
14-07-2025,12380.00684,12480.91467,12297.89556,12455.19307,246737,15,Maruti Suzuki,MARUTI.NS,Stock,Automobile,https://1drv.ms/i/c/8705623eb284e7df/IQRy4-ATL2CUSpb-yw5vRsY1AT3UCJI_xDLALKd77EjVf3c?width=1024&height=727
15-07-2025,12401.77051,12463.10664,12347.35942,12347.35942,147377,15,Maruti Suzuki,MARUTI.NS,Stock,Automobile,https://1drv.ms/i/c/8705623eb284e7df/IQRy4-ATL2CUSpb-yw5vRsY1AT3UCJI_xDLALKd77EjVf3c?width=1024&height=727
16-07-2025,12429.4707,12436.39575,12305.80914,12401.77051,204480,15,Maruti Suzuki,MARUTI.NS,Stock,Automobile,https://1drv.ms/i/c/8705623eb284e7df/IQRy4-ATL2CUSpb-yw5vRsY1AT3UCJI_xDLALKd77EjVf3c?width=1024&height=727
17-07-2025,12342.41309,12491.79625,12329.55228,12434.41729,189207,15,Maruti Suzuki,MARUTI.NS,Stock,Automobile,https://1drv.ms/i/c/8705623eb284e7df/IQRy4-ATL2CUSpb-yw5vRsY1AT3UCJI_xDLALKd77EjVf3c?width=1024&height=727
18-07-2025,12286.02344,12392.86703,12237.54811,12390.88844,124068,15,Maruti Suzuki,MARUTI.NS,Stock,Automobile,https://1drv.ms/i/c/8705623eb284e7df/IQRy4-ATL2CUSpb-yw5vRsY1AT3UCJI_xDLALKd77EjVf3c?width=1024&height=727
21-07-2025,12272.17383,12344.39218,12209.8484,12297.89543,232066,15,Maruti Suzuki,MARUTI.NS,Stock,Automobile,https://1drv.ms/i/c/8705623eb284e7df/IQRy4-ATL2CUSpb-yw5vRsY1AT3UCJI_xDLALKd77EjVf3c?width=1024&height=727
22-07-2025,12358.24219,12395.8353,12187.09458,12315.70261,169006,15,Maruti Suzuki,MARUTI.NS,Stock,Automobile,https://1drv.ms/i/c/8705623eb284e7df/IQRy4-ATL2CUSpb-yw5vRsY1AT3UCJI_xDLALKd77EjVf3c?width=1024&height=727
23-07-2025,12491.79688,12582.81179,12405.72842,12405.72842,342005,15,Maruti Suzuki,MARUTI.NS,Stock,Automobile,https://1drv.ms/i/c/8705623eb284e7df/IQRy4-ATL2CUSpb-yw5vRsY1AT3UCJI_xDLALKd77EjVf3c?width=1024&height=727
24-07-2025,12422.5459,12525.43232,12384.95278,12512.57152,157163,15,Maruti Suzuki,MARUTI.NS,Stock,Automobile,https://1drv.ms/i/c/8705623eb284e7df/IQRy4-ATL2CUSpb-yw5vRsY1AT3UCJI_xDLALKd77EjVf3c?width=1024&height=727
25-07-2025,12271.18457,12422.54633,12224.68782,12410.67482,260700,15,Maruti Suzuki,MARUTI.NS,Stock,Automobile,https://1drv.ms/i/c/8705623eb284e7df/IQRy4-ATL2CUSpb-yw5vRsY1AT3UCJI_xDLALKd77EjVf3c?width=1024&height=727
28-07-2025,12207.86914,12400.78117,12170.27603,12238.53721,292879,15,Maruti Suzuki,MARUTI.NS,Stock,Automobile,https://1drv.ms/i/c/8705623eb284e7df/IQRy4-ATL2CUSpb-yw5vRsY1AT3UCJI_xDLALKd77EjVf3c?width=1024&height=727
29-07-2025,12335.48828,12373.0814,12136.64049,12207.86955,285115,15,Maruti Suzuki,MARUTI.NS,Stock,Automobile,https://1drv.ms/i/c/8705623eb284e7df/IQRy4-ATL2CUSpb-yw5vRsY1AT3UCJI_xDLALKd77EjVf3c?width=1024&height=727
30-07-2025,12482.89258,12507.62489,12287.01267,12297.89488,203847,15,Maruti Suzuki,MARUTI.NS,Stock,Automobile,https://1drv.ms/i/c/8705623eb284e7df/IQRy4-ATL2CUSpb-yw5vRsY1AT3UCJI_xDLALKd77EjVf3c?width=1024&height=727
31-07-2025,12473,12623.37246,12330.54188,12372.09216,709783,15,Maruti Suzuki,MARUTI.NS,Stock,Automobile,https://1drv.ms/i/c/8705623eb284e7df/IQRy4-ATL2CUSpb-yw5vRsY1AT3UCJI_xDLALKd77EjVf3c?width=1024&height=727
01-08-2025,12302,12779,12273,12521,346024,15,Maruti Suzuki,MARUTI.NS,Stock,Automobile,https://1drv.ms/i/c/8705623eb284e7df/IQRy4-ATL2CUSpb-yw5vRsY1AT3UCJI_xDLALKd77EjVf3c?width=1024&height=727
04-08-2025,12365,12425,12225,12326,255693,15,Maruti Suzuki,MARUTI.NS,Stock,Automobile,https://1drv.ms/i/c/8705623eb284e7df/IQRy4-ATL2CUSpb-yw5vRsY1AT3UCJI_xDLALKd77EjVf3c?width=1024&height=727
05-08-2025,12537,12577,12370,12400,233560,15,Maruti Suzuki,MARUTI.NS,Stock,Automobile,https://1drv.ms/i/c/8705623eb284e7df/IQRy4-ATL2CUSpb-yw5vRsY1AT3UCJI_xDLALKd77EjVf3c?width=1024&height=727
06-08-2025,12524,12619,12483,12570,151608,15,Maruti Suzuki,MARUTI.NS,Stock,Automobile,https://1drv.ms/i/c/8705623eb284e7df/IQRy4-ATL2CUSpb-yw5vRsY1AT3UCJI_xDLALKd77EjVf3c?width=1024&height=727
07-08-2025,12632,12654,12429,12525,173393,15,Maruti Suzuki,MARUTI.NS,Stock,Automobile,https://1drv.ms/i/c/8705623eb284e7df/IQRy4-ATL2CUSpb-yw5vRsY1AT3UCJI_xDLALKd77EjVf3c?width=1024&height=727
08-08-2025,12590,12725,12564,12630,247048,15,Maruti Suzuki,MARUTI.NS,Stock,Automobile,https://1drv.ms/i/c/8705623eb284e7df/IQRy4-ATL2CUSpb-yw5vRsY1AT3UCJI_xDLALKd77EjVf3c?width=1024&height=727
11-08-2025,12597,12734,12482,12585,187230,15,Maruti Suzuki,MARUTI.NS,Stock,Automobile,https://1drv.ms/i/c/8705623eb284e7df/IQRy4-ATL2CUSpb-yw5vRsY1AT3UCJI_xDLALKd77EjVf3c?width=1024&height=727
12-08-2025,12840,12959,12606,12620,504476,15,Maruti Suzuki,MARUTI.NS,Stock,Automobile,https://1drv.ms/i/c/8705623eb284e7df/IQRy4-ATL2CUSpb-yw5vRsY1AT3UCJI_xDLALKd77EjVf3c?width=1024&height=727
13-08-2025,12834,12925,12752,12840,252065,15,Maruti Suzuki,MARUTI.NS,Stock,Automobile,https://1drv.ms/i/c/8705623eb284e7df/IQRy4-ATL2CUSpb-yw5vRsY1AT3UCJI_xDLALKd77EjVf3c?width=1024&height=727
14-08-2025,12936,12956,12825,12864,318580,15,Maruti Suzuki,MARUTI.NS,Stock,Automobile,https://1drv.ms/i/c/8705623eb284e7df/IQRy4-ATL2CUSpb-yw5vRsY1AT3UCJI_xDLALKd77EjVf3c?width=1024&height=727
18-08-2025,14068,14125,13664,13703,2154781,15,Maruti Suzuki,MARUTI.NS,Stock,Automobile,https://1drv.ms/i/c/8705623eb284e7df/IQRy4-ATL2CUSpb-yw5vRsY1AT3UCJI_xDLALKd77EjVf3c?width=1024&height=727
19-08-2025,14250,14270,13979,14070,906623,15,Maruti Suzuki,MARUTI.NS,Stock,Automobile,https://1drv.ms/i/c/8705623eb284e7df/IQRy4-ATL2CUSpb-yw5vRsY1AT3UCJI_xDLALKd77EjVf3c?width=1024&height=727
20-08-2025,14221,14362,14200,14362,391425,15,Maruti Suzuki,MARUTI.NS,Stock,Automobile,https://1drv.ms/i/c/8705623eb284e7df/IQRy4-ATL2CUSpb-yw5vRsY1AT3UCJI_xDLALKd77EjVf3c?width=1024&height=727
21-08-2025,14280,14401,14156,14219,513460,15,Maruti Suzuki,MARUTI.NS,Stock,Automobile,https://1drv.ms/i/c/8705623eb284e7df/IQRy4-ATL2CUSpb-yw5vRsY1AT3UCJI_xDLALKd77EjVf3c?width=1024&height=727
22-08-2025,14349,14370,14230,14349,458935,15,Maruti Suzuki,MARUTI.NS,Stock,Automobile,https://1drv.ms/i/c/8705623eb284e7df/IQRy4-ATL2CUSpb-yw5vRsY1AT3UCJI_xDLALKd77EjVf3c?width=1024&height=727
25-08-2025,14452,14478,14280,14401,357110,15,Maruti Suzuki,MARUTI.NS,Stock,Automobile,https://1drv.ms/i/c/8705623eb284e7df/IQRy4-ATL2CUSpb-yw5vRsY1AT3UCJI_xDLALKd77EjVf3c?width=1024&height=727
26-08-2025,14714,14825,14391,14452,962974,15,Maruti Suzuki,MARUTI.NS,Stock,Automobile,https://1drv.ms/i/c/8705623eb284e7df/IQRy4-ATL2CUSpb-yw5vRsY1AT3UCJI_xDLALKd77EjVf3c?width=1024&height=727
28-08-2025,14752,14895,14625,14895,666635,15,Maruti Suzuki,MARUTI.NS,Stock,Automobile,https://1drv.ms/i/c/8705623eb284e7df/IQRy4-ATL2CUSpb-yw5vRsY1AT3UCJI_xDLALKd77EjVf3c?width=1024&height=727
29-08-2025,14791,14850,14692,14750,621560,15,Maruti Suzuki,MARUTI.NS,Stock,Automobile,https://1drv.ms/i/c/8705623eb284e7df/IQRy4-ATL2CUSpb-yw5vRsY1AT3UCJI_xDLALKd77EjVf3c?width=1024&height=727
01-09-2025,14887,14938,14654,14790,572927,15,Maruti Suzuki,MARUTI.NS,Stock,Automobile,https://1drv.ms/i/c/8705623eb284e7df/IQRy4-ATL2CUSpb-yw5vRsY1AT3UCJI_xDLALKd77EjVf3c?width=1024&height=727
02-09-2025,14842,14934,14783,14859,379167,15,Maruti Suzuki,MARUTI.NS,Stock,Automobile,https://1drv.ms/i/c/8705623eb284e7df/IQRy4-ATL2CUSpb-yw5vRsY1AT3UCJI_xDLALKd77EjVf3c?width=1024&height=727
03-09-2025,14927,14991,14750,14875,561656,15,Maruti Suzuki,MARUTI.NS,Stock,Automobile,https://1drv.ms/i/c/8705623eb284e7df/IQRy4-ATL2CUSpb-yw5vRsY1AT3UCJI_xDLALKd77EjVf3c?width=1024&height=727
04-09-2025,14662,15240,14630,15240,784369,15,Maruti Suzuki,MARUTI.NS,Stock,Automobile,https://1drv.ms/i/c/8705623eb284e7df/IQRy4-ATL2CUSpb-yw5vRsY1AT3UCJI_xDLALKd77EjVf3c?width=1024&height=727
05-09-2025,14895,14957,14701,14740,473806,15,Maruti Suzuki,MARUTI.NS,Stock,Automobile,https://1drv.ms/i/c/8705623eb284e7df/IQRy4-ATL2CUSpb-yw5vRsY1AT3UCJI_xDLALKd77EjVf3c?width=1024&height=727
08-09-2025,15258,15319,14850,14921,691077,15,Maruti Suzuki,MARUTI.NS,Stock,Automobile,https://1drv.ms/i/c/8705623eb284e7df/IQRy4-ATL2CUSpb-yw5vRsY1AT3UCJI_xDLALKd77EjVf3c?width=1024&height=727
09-09-2025,15365,15384,15201,15249,605860,15,Maruti Suzuki,MARUTI.NS,Stock,Automobile,https://1drv.ms/i/c/8705623eb284e7df/IQRy4-ATL2CUSpb-yw5vRsY1AT3UCJI_xDLALKd77EjVf3c?width=1024&height=727
10-09-2025,15108,15384,15072,15366,489062,15,Maruti Suzuki,MARUTI.NS,Stock,Automobile,https://1drv.ms/i/c/8705623eb284e7df/IQRy4-ATL2CUSpb-yw5vRsY1AT3UCJI_xDLALKd77EjVf3c?width=1024&height=727
11-09-2025,15095,15191,15038,15111,657161,15,Maruti Suzuki,MARUTI.NS,Stock,Automobile,https://1drv.ms/i/c/8705623eb284e7df/IQRy4-ATL2CUSpb-yw5vRsY1AT3UCJI_xDLALKd77EjVf3c?width=1024&height=727
12-09-2025,15325,15373,15153,15160,420101,15,Maruti Suzuki,MARUTI.NS,Stock,Automobile,https://1drv.ms/i/c/8705623eb284e7df/IQRy4-ATL2CUSpb-yw5vRsY1AT3UCJI_xDLALKd77EjVf3c?width=1024&height=727
15-09-2025,15265,15378,15249,15350,170587,15,Maruti Suzuki,MARUTI.NS,Stock,Automobile,https://1drv.ms/i/c/8705623eb284e7df/IQRy4-ATL2CUSpb-yw5vRsY1AT3UCJI_xDLALKd77EjVf3c?width=1024&height=727
16-09-2025,15573,15594,15284,15300,381944,15,Maruti Suzuki,MARUTI.NS,Stock,Automobile,https://1drv.ms/i/c/8705623eb284e7df/IQRy4-ATL2CUSpb-yw5vRsY1AT3UCJI_xDLALKd77EjVf3c?width=1024&height=727
17-09-2025,15801,15818,15570,15592,624986,15,Maruti Suzuki,MARUTI.NS,Stock,Automobile,https://1drv.ms/i/c/8705623eb284e7df/IQRy4-ATL2CUSpb-yw5vRsY1AT3UCJI_xDLALKd77EjVf3c?width=1024&height=727
18-09-2025,15817,15939,15703,15916,642175,15,Maruti Suzuki,MARUTI.NS,Stock,Automobile,https://1drv.ms/i/c/8705623eb284e7df/IQRy4-ATL2CUSpb-yw5vRsY1AT3UCJI_xDLALKd77EjVf3c?width=1024&height=727
19-09-2025,15864,16060,15811,16000,652443,15,Maruti Suzuki,MARUTI.NS,Stock,Automobile,https://1drv.ms/i/c/8705623eb284e7df/IQRy4-ATL2CUSpb-yw5vRsY1AT3UCJI_xDLALKd77EjVf3c?width=1024&height=727
22-09-2025,15816,16000,15779,15879,302234,15,Maruti Suzuki,MARUTI.NS,Stock,Automobile,https://1drv.ms/i/c/8705623eb284e7df/IQRy4-ATL2CUSpb-yw5vRsY1AT3UCJI_xDLALKd77EjVf3c?width=1024&height=727
23-09-2025,16097,16325,16031,16120,873114,15,Maruti Suzuki,MARUTI.NS,Stock,Automobile,https://1drv.ms/i/c/8705623eb284e7df/IQRy4-ATL2CUSpb-yw5vRsY1AT3UCJI_xDLALKd77EjVf3c?width=1024&height=727
24-09-2025,16249,16375,16063,16188,663647,15,Maruti Suzuki,MARUTI.NS,Stock,Automobile,https://1drv.ms/i/c/8705623eb284e7df/IQRy4-ATL2CUSpb-yw5vRsY1AT3UCJI_xDLALKd77EjVf3c?width=1024&height=727
25-09-2025,16269,16370,16067,16249,490262,15,Maruti Suzuki,MARUTI.NS,Stock,Automobile,https://1drv.ms/i/c/8705623eb284e7df/IQRy4-ATL2CUSpb-yw5vRsY1AT3UCJI_xDLALKd77EjVf3c?width=1024&height=727
26-09-2025,16286,16435,16202,16235,490957,15,Maruti Suzuki,MARUTI.NS,Stock,Automobile,https://1drv.ms/i/c/8705623eb284e7df/IQRy4-ATL2CUSpb-yw5vRsY1AT3UCJI_xDLALKd77EjVf3c?width=1024&height=727
29-09-2025,15984,16340,15950,16300,627326,15,Maruti Suzuki,MARUTI.NS,Stock,Automobile,https://1drv.ms/i/c/8705623eb284e7df/IQRy4-ATL2CUSpb-yw5vRsY1AT3UCJI_xDLALKd77EjVf3c?width=1024&height=727
30-09-2025,16029,16054,15921,15985,390006,15,Maruti Suzuki,MARUTI.NS,Stock,Automobile,https://1drv.ms/i/c/8705623eb284e7df/IQRy4-ATL2CUSpb-yw5vRsY1AT3UCJI_xDLALKd77EjVf3c?width=1024&height=727
01-10-2025,15965,16109,15850,16026,426075,15,Maruti Suzuki,MARUTI.NS,Stock,Automobile,https://1drv.ms/i/c/8705623eb284e7df/IQRy4-ATL2CUSpb-yw5vRsY1AT3UCJI_xDLALKd77EjVf3c?width=1024&height=727
03-10-2025,15806,16025,15736,15949,470216,15,Maruti Suzuki,MARUTI.NS,Stock,Automobile,https://1drv.ms/i/c/8705623eb284e7df/IQRy4-ATL2CUSpb-yw5vRsY1AT3UCJI_xDLALKd77EjVf3c?width=1024&height=727
06-10-2025,15998,16057,15708,15840,268497,15,Maruti Suzuki,MARUTI.NS,Stock,Automobile,https://1drv.ms/i/c/8705623eb284e7df/IQRy4-ATL2CUSpb-yw5vRsY1AT3UCJI_xDLALKd77EjVf3c?width=1024&height=727
07-10-2025,16108,16159,15977,16014,330326,15,Maruti Suzuki,MARUTI.NS,Stock,Automobile,https://1drv.ms/i/c/8705623eb284e7df/IQRy4-ATL2CUSpb-yw5vRsY1AT3UCJI_xDLALKd77EjVf3c?width=1024&height=727
08-10-2025,16012,16236,15979,16108,306518,15,Maruti Suzuki,MARUTI.NS,Stock,Automobile,https://1drv.ms/i/c/8705623eb284e7df/IQRy4-ATL2CUSpb-yw5vRsY1AT3UCJI_xDLALKd77EjVf3c?width=1024&height=727
09-10-2025,15985,16075,15853,16070,300499,15,Maruti Suzuki,MARUTI.NS,Stock,Automobile,https://1drv.ms/i/c/8705623eb284e7df/IQRy4-ATL2CUSpb-yw5vRsY1AT3UCJI_xDLALKd77EjVf3c?width=1024&height=727
10-10-2025,16265,16315,15911,15980,423031,15,Maruti Suzuki,MARUTI.NS,Stock,Automobile,https://1drv.ms/i/c/8705623eb284e7df/IQRy4-ATL2CUSpb-yw5vRsY1AT3UCJI_xDLALKd77EjVf3c?width=1024&height=727
13-10-2025,16323,16432,16218,16264,337617,15,Maruti Suzuki,MARUTI.NS,Stock,Automobile,https://1drv.ms/i/c/8705623eb284e7df/IQRy4-ATL2CUSpb-yw5vRsY1AT3UCJI_xDLALKd77EjVf3c?width=1024&height=727
14-10-2025,16261,16350,16121,16350,307925,15,Maruti Suzuki,MARUTI.NS,Stock,Automobile,https://1drv.ms/i/c/8705623eb284e7df/IQRy4-ATL2CUSpb-yw5vRsY1AT3UCJI_xDLALKd77EjVf3c?width=1024&height=727
15-10-2025,16212,16380,16200,16300,266435,15,Maruti Suzuki,MARUTI.NS,Stock,Automobile,https://1drv.ms/i/c/8705623eb284e7df/IQRy4-ATL2CUSpb-yw5vRsY1AT3UCJI_xDLALKd77EjVf3c?width=1024&height=727
16-10-2025,16298,16332,16200,16246,265727,15,Maruti Suzuki,MARUTI.NS,Stock,Automobile,https://1drv.ms/i/c/8705623eb284e7df/IQRy4-ATL2CUSpb-yw5vRsY1AT3UCJI_xDLALKd77EjVf3c?width=1024&height=727
17-10-2025,16401,16549,16298,16298,411608,15,Maruti Suzuki,MARUTI.NS,Stock,Automobile,https://1drv.ms/i/c/8705623eb284e7df/IQRy4-ATL2CUSpb-yw5vRsY1AT3UCJI_xDLALKd77EjVf3c?width=1024&height=727
20-10-2025,16424,16518,16380,16500,374246,15,Maruti Suzuki,MARUTI.NS,Stock,Automobile,https://1drv.ms/i/c/8705623eb284e7df/IQRy4-ATL2CUSpb-yw5vRsY1AT3UCJI_xDLALKd77EjVf3c?width=1024&height=727
21-10-2025,16396,16476,16330,16453,28990,15,Maruti Suzuki,MARUTI.NS,Stock,Automobile,https://1drv.ms/i/c/8705623eb284e7df/IQRy4-ATL2CUSpb-yw5vRsY1AT3UCJI_xDLALKd77EjVf3c?width=1024&height=727
23-10-2025,16393,16660,16340,16660,481753,15,Maruti Suzuki,MARUTI.NS,Stock,Automobile,https://1drv.ms/i/c/8705623eb284e7df/IQRy4-ATL2CUSpb-yw5vRsY1AT3UCJI_xDLALKd77EjVf3c?width=1024&height=727
24-10-2025,16274,16423,16200,16392,208520,15,Maruti Suzuki,MARUTI.NS,Stock,Automobile,https://1drv.ms/i/c/8705623eb284e7df/IQRy4-ATL2CUSpb-yw5vRsY1AT3UCJI_xDLALKd77EjVf3c?width=1024&height=727
27-10-2025,16388,16410,16275,16350,209829,15,Maruti Suzuki,MARUTI.NS,Stock,Automobile,https://1drv.ms/i/c/8705623eb284e7df/IQRy4-ATL2CUSpb-yw5vRsY1AT3UCJI_xDLALKd77EjVf3c?width=1024&height=727
28-10-2025,16311,16495,16261,16399,383383,15,Maruti Suzuki,MARUTI.NS,Stock,Automobile,https://1drv.ms/i/c/8705623eb284e7df/IQRy4-ATL2CUSpb-yw5vRsY1AT3UCJI_xDLALKd77EjVf3c?width=1024&height=727
29-10-2025,16138,16428,16046,16360,232815,15,Maruti Suzuki,MARUTI.NS,Stock,Automobile,https://1drv.ms/i/c/8705623eb284e7df/IQRy4-ATL2CUSpb-yw5vRsY1AT3UCJI_xDLALKd77EjVf3c?width=1024&height=727
30-10-2025,16206,16275,16077,16190,230383,15,Maruti Suzuki,MARUTI.NS,Stock,Automobile,https://1drv.ms/i/c/8705623eb284e7df/IQRy4-ATL2CUSpb-yw5vRsY1AT3UCJI_xDLALKd77EjVf3c?width=1024&height=727
31-10-2025,16186,16516,15949,16204,719402,15,Maruti Suzuki,MARUTI.NS,Stock,Automobile,https://1drv.ms/i/c/8705623eb284e7df/IQRy4-ATL2CUSpb-yw5vRsY1AT3UCJI_xDLALKd77EjVf3c?width=1024&height=727
03-11-2025,15651,16100,15530,16016,942850,15,Maruti Suzuki,MARUTI.NS,Stock,Automobile,https://1drv.ms/i/c/8705623eb284e7df/IQRy4-ATL2CUSpb-yw5vRsY1AT3UCJI_xDLALKd77EjVf3c?width=1024&height=727
04-11-2025,15374,15633,15355,15607,748848,15,Maruti Suzuki,MARUTI.NS,Stock,Automobile,https://1drv.ms/i/c/8705623eb284e7df/IQRy4-ATL2CUSpb-yw5vRsY1AT3UCJI_xDLALKd77EjVf3c?width=1024&height=727
06-11-2025,15452,15534,15309,15534,429800,15,Maruti Suzuki,MARUTI.NS,Stock,Automobile,https://1drv.ms/i/c/8705623eb284e7df/IQRy4-ATL2CUSpb-yw5vRsY1AT3UCJI_xDLALKd77EjVf3c?width=1024&height=727
07-11-2025,15479,15499,15260,15459,227247,15,Maruti Suzuki,MARUTI.NS,Stock,Automobile,https://1drv.ms/i/c/8705623eb284e7df/IQRy4-ATL2CUSpb-yw5vRsY1AT3UCJI_xDLALKd77EjVf3c?width=1024&height=727
10-11-2025,15583,15647,15380,15380,274191,15,Maruti Suzuki,MARUTI.NS,Stock,Automobile,https://1drv.ms/i/c/8705623eb284e7df/IQRy4-ATL2CUSpb-yw5vRsY1AT3UCJI_xDLALKd77EjVf3c?width=1024&height=727
11-11-2025,15645,15680,15512,15640,181524,15,Maruti Suzuki,MARUTI.NS,Stock,Automobile,https://1drv.ms/i/c/8705623eb284e7df/IQRy4-ATL2CUSpb-yw5vRsY1AT3UCJI_xDLALKd77EjVf3c?width=1024&height=727
12-11-2025,15696,15731,15555,15674,244015,15,Maruti Suzuki,MARUTI.NS,Stock,Automobile,https://1drv.ms/i/c/8705623eb284e7df/IQRy4-ATL2CUSpb-yw5vRsY1AT3UCJI_xDLALKd77EjVf3c?width=1024&height=727
13-11-2025,15749,15800,15660,15661,250711,15,Maruti Suzuki,MARUTI.NS,Stock,Automobile,https://1drv.ms/i/c/8705623eb284e7df/IQRy4-ATL2CUSpb-yw5vRsY1AT3UCJI_xDLALKd77EjVf3c?width=1024&height=727
14-11-2025,15684,15735,15572,15725,253698,15,Maruti Suzuki,MARUTI.NS,Stock,Automobile,https://1drv.ms/i/c/8705623eb284e7df/IQRy4-ATL2CUSpb-yw5vRsY1AT3UCJI_xDLALKd77EjVf3c?width=1024&height=727
17-11-2025,15878,15892,15655,15689,301069,15,Maruti Suzuki,MARUTI.NS,Stock,Automobile,https://1drv.ms/i/c/8705623eb284e7df/IQRy4-ATL2CUSpb-yw5vRsY1AT3UCJI_xDLALKd77EjVf3c?width=1024&height=727
18-11-2025,15930,15999,15750,15878,392903,15,Maruti Suzuki,MARUTI.NS,Stock,Automobile,https://1drv.ms/i/c/8705623eb284e7df/IQRy4-ATL2CUSpb-yw5vRsY1AT3UCJI_xDLALKd77EjVf3c?width=1024&height=727
19-11-2025,15768,15950,15715,15950,286434,15,Maruti Suzuki,MARUTI.NS,Stock,Automobile,https://1drv.ms/i/c/8705623eb284e7df/IQRy4-ATL2CUSpb-yw5vRsY1AT3UCJI_xDLALKd77EjVf3c?width=1024&height=727
20-11-2025,15801,15823,15618,15810,249492,15,Maruti Suzuki,MARUTI.NS,Stock,Automobile,https://1drv.ms/i/c/8705623eb284e7df/IQRy4-ATL2CUSpb-yw5vRsY1AT3UCJI_xDLALKd77EjVf3c?width=1024&height=727
21-11-2025,15977,16150,15737,15790,586351,15,Maruti Suzuki,MARUTI.NS,Stock,Automobile,https://1drv.ms/i/c/8705623eb284e7df/IQRy4-ATL2CUSpb-yw5vRsY1AT3UCJI_xDLALKd77EjVf3c?width=1024&height=727
24-11-2025,15958,16085,15911,16005,525788,15,Maruti Suzuki,MARUTI.NS,Stock,Automobile,https://1drv.ms/i/c/8705623eb284e7df/IQRy4-ATL2CUSpb-yw5vRsY1AT3UCJI_xDLALKd77EjVf3c?width=1024&height=727
25-11-2025,15889,16050,15842,15958,214525,15,Maruti Suzuki,MARUTI.NS,Stock,Automobile,https://1drv.ms/i/c/8705623eb284e7df/IQRy4-ATL2CUSpb-yw5vRsY1AT3UCJI_xDLALKd77EjVf3c?width=1024&height=727
26-11-2025,16156,16210,15950,15950,314946,15,Maruti Suzuki,MARUTI.NS,Stock,Automobile,https://1drv.ms/i/c/8705623eb284e7df/IQRy4-ATL2CUSpb-yw5vRsY1AT3UCJI_xDLALKd77EjVf3c?width=1024&height=727
27-11-2025,15903,16171,15875,16166,339986,15,Maruti Suzuki,MARUTI.NS,Stock,Automobile,https://1drv.ms/i/c/8705623eb284e7df/IQRy4-ATL2CUSpb-yw5vRsY1AT3UCJI_xDLALKd77EjVf3c?width=1024&height=727
28-11-2025,15900,16049,15850,15906,352340,15,Maruti Suzuki,MARUTI.NS,Stock,Automobile,https://1drv.ms/i/c/8705623eb284e7df/IQRy4-ATL2CUSpb-yw5vRsY1AT3UCJI_xDLALKd77EjVf3c?width=1024&height=727
01-12-2025,16097,16177,15851,15975,434052,15,Maruti Suzuki,MARUTI.NS,Stock,Automobile,https://1drv.ms/i/c/8705623eb284e7df/IQRy4-ATL2CUSpb-yw5vRsY1AT3UCJI_xDLALKd77EjVf3c?width=1024&height=727
02-12-2025,16239,16261,16095,16127,383165,15,Maruti Suzuki,MARUTI.NS,Stock,Automobile,https://1drv.ms/i/c/8705623eb284e7df/IQRy4-ATL2CUSpb-yw5vRsY1AT3UCJI_xDLALKd77EjVf3c?width=1024&height=727
03-12-2025,16082,16248,16010,16219,264397,15,Maruti Suzuki,MARUTI.NS,Stock,Automobile,https://1drv.ms/i/c/8705623eb284e7df/IQRy4-ATL2CUSpb-yw5vRsY1AT3UCJI_xDLALKd77EjVf3c?width=1024&height=727
04-12-2025,15994,16135,15887,16058,248812,15,Maruti Suzuki,MARUTI.NS,Stock,Automobile,https://1drv.ms/i/c/8705623eb284e7df/IQRy4-ATL2CUSpb-yw5vRsY1AT3UCJI_xDLALKd77EjVf3c?width=1024&height=727
05-12-2025,16282,16338,15979,16000,332032,15,Maruti Suzuki,MARUTI.NS,Stock,Automobile,https://1drv.ms/i/c/8705623eb284e7df/IQRy4-ATL2CUSpb-yw5vRsY1AT3UCJI_xDLALKd77EjVf3c?width=1024&height=727
08-12-2025,16187,16256,16094,16200,220513,15,Maruti Suzuki,MARUTI.NS,Stock,Automobile,https://1drv.ms/i/c/8705623eb284e7df/IQRy4-ATL2CUSpb-yw5vRsY1AT3UCJI_xDLALKd77EjVf3c?width=1024&height=727
09-12-2025,16020,16226,15985,16051,276388,15,Maruti Suzuki,MARUTI.NS,Stock,Automobile,https://1drv.ms/i/c/8705623eb284e7df/IQRy4-ATL2CUSpb-yw5vRsY1AT3UCJI_xDLALKd77EjVf3c?width=1024&height=727
10-12-2025,16019,16125,15925,16090,293374,15,Maruti Suzuki,MARUTI.NS,Stock,Automobile,https://1drv.ms/i/c/8705623eb284e7df/IQRy4-ATL2CUSpb-yw5vRsY1AT3UCJI_xDLALKd77EjVf3c?width=1024&height=727
11-12-2025,16248,16296,15983,16049,268701,15,Maruti Suzuki,MARUTI.NS,Stock,Automobile,https://1drv.ms/i/c/8705623eb284e7df/IQRy4-ATL2CUSpb-yw5vRsY1AT3UCJI_xDLALKd77EjVf3c?width=1024&height=727
12-12-2025,16522,16536,16247,16248,404711,15,Maruti Suzuki,MARUTI.NS,Stock,Automobile,https://1drv.ms/i/c/8705623eb284e7df/IQRy4-ATL2CUSpb-yw5vRsY1AT3UCJI_xDLALKd77EjVf3c?width=1024&height=727
15-12-2025,16415,16500,16360,16500,225221,15,Maruti Suzuki,MARUTI.NS,Stock,Automobile,https://1drv.ms/i/c/8705623eb284e7df/IQRy4-ATL2CUSpb-yw5vRsY1AT3UCJI_xDLALKd77EjVf3c?width=1024&height=727
16-12-2025,16354,16451,16320,16400,156134,15,Maruti Suzuki,MARUTI.NS,Stock,Automobile,https://1drv.ms/i/c/8705623eb284e7df/IQRy4-ATL2CUSpb-yw5vRsY1AT3UCJI_xDLALKd77EjVf3c?width=1024&height=727
17-12-2025,16398,16490,16357,16389,257406,15,Maruti Suzuki,MARUTI.NS,Stock,Automobile,https://1drv.ms/i/c/8705623eb284e7df/IQRy4-ATL2CUSpb-yw5vRsY1AT3UCJI_xDLALKd77EjVf3c?width=1024&height=727
18-12-2025,16329,16486,16221,16440,213981,15,Maruti Suzuki,MARUTI.NS,Stock,Automobile,https://1drv.ms/i/c/8705623eb284e7df/IQRy4-ATL2CUSpb-yw5vRsY1AT3UCJI_xDLALKd77EjVf3c?width=1024&height=727
19-12-2025,16414,16475,16329,16329,360190,15,Maruti Suzuki,MARUTI.NS,Stock,Automobile,https://1drv.ms/i/c/8705623eb284e7df/IQRy4-ATL2CUSpb-yw5vRsY1AT3UCJI_xDLALKd77EjVf3c?width=1024&height=727
22-12-2025,16649,16693,16414,16464,271590,15,Maruti Suzuki,MARUTI.NS,Stock,Automobile,https://1drv.ms/i/c/8705623eb284e7df/IQRy4-ATL2CUSpb-yw5vRsY1AT3UCJI_xDLALKd77EjVf3c?width=1024&height=727
23-12-2025,16585,16720,16558,16709,215650,15,Maruti Suzuki,MARUTI.NS,Stock,Automobile,https://1drv.ms/i/c/8705623eb284e7df/IQRy4-ATL2CUSpb-yw5vRsY1AT3UCJI_xDLALKd77EjVf3c?width=1024&height=727
24-12-2025,16703,16720,16542,16640,258486,15,Maruti Suzuki,MARUTI.NS,Stock,Automobile,https://1drv.ms/i/c/8705623eb284e7df/IQRy4-ATL2CUSpb-yw5vRsY1AT3UCJI_xDLALKd77EjVf3c?width=1024&height=727
26-12-2025,16596,16703,16516,16703,212925,15,Maruti Suzuki,MARUTI.NS,Stock,Automobile,https://1drv.ms/i/c/8705623eb284e7df/IQRy4-ATL2CUSpb-yw5vRsY1AT3UCJI_xDLALKd77EjVf3c?width=1024&height=727
29-12-2025,16542,16682,16499,16600,251796,15,Maruti Suzuki,MARUTI.NS,Stock,Automobile,https://1drv.ms/i/c/8705623eb284e7df/IQRy4-ATL2CUSpb-yw5vRsY1AT3UCJI_xDLALKd77EjVf3c?width=1024&height=727
30-12-2025,16647,16818,16482,16575,1055843,15,Maruti Suzuki,MARUTI.NS,Stock,Automobile,https://1drv.ms/i/c/8705623eb284e7df/IQRy4-ATL2CUSpb-yw5vRsY1AT3UCJI_xDLALKd77EjVf3c?width=1024&height=727
31-12-2025,16697,16776,16581,16581,314427,15,Maruti Suzuki,MARUTI.NS,Stock,Automobile,https://1drv.ms/i/c/8705623eb284e7df/IQRy4-ATL2CUSpb-yw5vRsY1AT3UCJI_xDLALKd77EjVf3c?width=1024&height=727
