Date,Close,High,Low,Open,Volume,AssetID,AssetName,Ticker,AssetType,Sector,Logo
01-01-2021,901.1947021,905.5022677,898.7008105,901.4213814,10015175,1,Reliance Industries,RELIANCE.NS,Stock,Energy,https://1drv.ms/i/c/8705623eb284e7df/IQQIhC7Payu-Qb9ArC3GO2_qAfM1tlq1yoox2n-A9v8Xft4?width=600&height=338
04-01-2021,902.7136841,906.3637598,892.3527629,904.6407576,24513534,1,Reliance Industries,RELIANCE.NS,Stock,Energy,https://1drv.ms/i/c/8705623eb284e7df/IQQIhC7Payu-Qb9ArC3GO2_qAfM1tlq1yoox2n-A9v8Xft4?width=600&height=338
05-01-2021,891.4911499,899.4261823,886.9114499,892.8060693,24123091,1,Reliance Industries,RELIANCE.NS,Stock,Energy,https://1drv.ms/i/c/8705623eb284e7df/IQQIhC7Payu-Qb9ArC3GO2_qAfM1tlq1yoox2n-A9v8Xft4?width=600&height=338
06-01-2021,867.9807739,891.4457932,863.8545521,891.4004574,46401468,1,Reliance Industries,RELIANCE.NS,Stock,Energy,https://1drv.ms/i/c/8705623eb284e7df/IQQIhC7Payu-Qb9ArC3GO2_qAfM1tlq1yoox2n-A9v8Xft4?width=600&height=338
07-01-2021,866.5751953,881.9238398,863.8546244,870.8147571,32325918,1,Reliance Industries,RELIANCE.NS,Stock,Energy,https://1drv.ms/i/c/8705623eb284e7df/IQQIhC7Payu-Qb9ArC3GO2_qAfM1tlq1yoox2n-A9v8Xft4?width=600&height=338
08-01-2021,876.8000488,878.9311937,867.0059457,869.6811807,27540187,1,Reliance Industries,RELIANCE.NS,Stock,Energy,https://1drv.ms/i/c/8705623eb284e7df/IQQIhC7Payu-Qb9ArC3GO2_qAfM1tlq1yoox2n-A9v8Xft4?width=600&height=338
11-01-2021,860.2723999,879.1124427,858.1185874,879.1124427,33307825,1,Reliance Industries,RELIANCE.NS,Stock,Energy,https://1drv.ms/i/c/8705623eb284e7df/IQQIhC7Payu-Qb9ArC3GO2_qAfM1tlq1yoox2n-A9v8Xft4?width=600&height=338
12-01-2021,887.3876953,888.7252828,861.4740587,862.87971,41161546,1,Reliance Industries,RELIANCE.NS,Stock,Energy,https://1drv.ms/i/c/8705623eb284e7df/IQQIhC7Payu-Qb9ArC3GO2_qAfM1tlq1yoox2n-A9v8Xft4?width=600&height=338
13-01-2021,879.1125488,895.504098,869.8852637,890.3349713,26619458,1,Reliance Industries,RELIANCE.NS,Stock,Energy,https://1drv.ms/i/c/8705623eb284e7df/IQQIhC7Payu-Qb9ArC3GO2_qAfM1tlq1yoox2n-A9v8Xft4?width=600&height=338
14-01-2021,888.9973145,891.8539527,879.2258799,881.9237827,21553242,1,Reliance Industries,RELIANCE.NS,Stock,Energy,https://1drv.ms/i/c/8705623eb284e7df/IQQIhC7Payu-Qb9ArC3GO2_qAfM1tlq1yoox2n-A9v8Xft4?width=600&height=338
15-01-2021,878.5003662,894.9825854,870.6106694,888.9972941,20593268,1,Reliance Industries,RELIANCE.NS,Stock,Energy,https://1drv.ms/i/c/8705623eb284e7df/IQQIhC7Payu-Qb9ArC3GO2_qAfM1tlq1yoox2n-A9v8Xft4?width=600&height=338
18-01-2021,899.5848999,905.5021876,872.1069983,883.7828382,35100458,1,Reliance Industries,RELIANCE.NS,Stock,Energy,https://1drv.ms/i/c/8705623eb284e7df/IQQIhC7Payu-Qb9ArC3GO2_qAfM1tlq1yoox2n-A9v8Xft4?width=600&height=338
19-01-2021,914.2988281,920.9188817,904.4366615,904.4366615,32006615,1,Reliance Industries,RELIANCE.NS,Stock,Energy,https://1drv.ms/i/c/8705623eb284e7df/IQQIhC7Payu-Qb9ArC3GO2_qAfM1tlq1yoox2n-A9v8Xft4?width=600&height=338
20-01-2021,931.6652222,933.1615451,907.4973159,916.5659852,30924537,1,Reliance Industries,RELIANCE.NS,Stock,Energy,https://1drv.ms/i/c/8705623eb284e7df/IQQIhC7Payu-Qb9ArC3GO2_qAfM1tlq1yoox2n-A9v8Xft4?width=600&height=338
21-01-2021,951.9335938,961.2742782,940.869907,944.0438964,39087742,1,Reliance Industries,RELIANCE.NS,Stock,Energy,https://1drv.ms/i/c/8705623eb284e7df/IQQIhC7Payu-Qb9ArC3GO2_qAfM1tlq1yoox2n-A9v8Xft4?width=600&height=338
22-01-2021,929.3527222,959.165841,922.8006124,957.1933717,30532660,1,Reliance Industries,RELIANCE.NS,Stock,Energy,https://1drv.ms/i/c/8705623eb284e7df/IQQIhC7Payu-Qb9ArC3GO2_qAfM1tlq1yoox2n-A9v8Xft4?width=600&height=338
25-01-2021,880.1100464,922.7099125,876.0291604,922.7099125,54207104,1,Reliance Industries,RELIANCE.NS,Stock,Energy,https://1drv.ms/i/c/8705623eb284e7df/IQQIhC7Payu-Qb9ArC3GO2_qAfM1tlq1yoox2n-A9v8Xft4?width=600&height=338
27-01-2021,859.2522583,872.8552327,856.0782689,872.8552327,42370131,1,Reliance Industries,RELIANCE.NS,Stock,Energy,https://1drv.ms/i/c/8705623eb284e7df/IQQIhC7Payu-Qb9ArC3GO2_qAfM1tlq1yoox2n-A9v8Xft4?width=600&height=338
28-01-2021,850.8864136,872.084341,847.9164357,852.518744,34067814,1,Reliance Industries,RELIANCE.NS,Stock,Energy,https://1drv.ms/i/c/8705623eb284e7df/IQQIhC7Payu-Qb9ArC3GO2_qAfM1tlq1yoox2n-A9v8Xft4?width=600&height=338
29-01-2021,835.1976929,867.4593064,829.7791594,858.9347876,43712383,1,Reliance Industries,RELIANCE.NS,Stock,Energy,https://1drv.ms/i/c/8705623eb284e7df/IQQIhC7Payu-Qb9ArC3GO2_qAfM1tlq1yoox2n-A9v8Xft4?width=600&height=338
01-02-2021,859.3882446,863.7864815,837.9409106,843.1100368,34180952,1,Reliance Industries,RELIANCE.NS,Stock,Energy,https://1drv.ms/i/c/8705623eb284e7df/IQQIhC7Payu-Qb9ArC3GO2_qAfM1tlq1yoox2n-A9v8Xft4?width=600&height=338
02-02-2021,873.2179565,879.6566668,841.0923491,867.9808262,41470034,1,Reliance Industries,RELIANCE.NS,Stock,Energy,https://1drv.ms/i/c/8705623eb284e7df/IQQIhC7Payu-Qb9ArC3GO2_qAfM1tlq1yoox2n-A9v8Xft4?width=600&height=338
03-02-2021,875.4170532,885.097756,861.519337,874.3514809,30301696,1,Reliance Industries,RELIANCE.NS,Stock,Energy,https://1drv.ms/i/c/8705623eb284e7df/IQQIhC7Payu-Qb9ArC3GO2_qAfM1tlq1yoox2n-A9v8Xft4?width=600&height=338
04-02-2021,872.5377808,879.6566486,863.7865225,872.4017132,25626981,1,Reliance Industries,RELIANCE.NS,Stock,Energy,https://1drv.ms/i/c/8705623eb284e7df/IQQIhC7Payu-Qb9ArC3GO2_qAfM1tlq1yoox2n-A9v8Xft4?width=600&height=338
05-02-2021,872.2883301,881.7650814,870.5879959,875.1449682,20248046,1,Reliance Industries,RELIANCE.NS,Stock,Energy,https://1drv.ms/i/c/8705623eb284e7df/IQQIhC7Payu-Qb9ArC3GO2_qAfM1tlq1yoox2n-A9v8Xft4?width=600&height=338
08-02-2021,884.8485107,892.8062123,874.6916605,876.5053345,21183400,1,Reliance Industries,RELIANCE.NS,Stock,Energy,https://1drv.ms/i/c/8705623eb284e7df/IQQIhC7Payu-Qb9ArC3GO2_qAfM1tlq1yoox2n-A9v8Xft4?width=600&height=338
09-02-2021,886.9795532,902.1468541,885.2338831,889.6095123,19604141,1,Reliance Industries,RELIANCE.NS,Stock,Energy,https://1drv.ms/i/c/8705623eb284e7df/IQQIhC7Payu-Qb9ArC3GO2_qAfM1tlq1yoox2n-A9v8Xft4?width=600&height=338
10-02-2021,895.2093506,899.9477267,873.8980819,885.8913938,21234156,1,Reliance Industries,RELIANCE.NS,Stock,Energy,https://1drv.ms/i/c/8705623eb284e7df/IQQIhC7Payu-Qb9ArC3GO2_qAfM1tlq1yoox2n-A9v8Xft4?width=600&height=338
11-02-2021,932.1187134,935.9729206,894.2798863,897.7939548,42539278,1,Reliance Industries,RELIANCE.NS,Stock,Energy,https://1drv.ms/i/c/8705623eb284e7df/IQQIhC7Payu-Qb9ArC3GO2_qAfM1tlq1yoox2n-A9v8Xft4?width=600&height=338
12-02-2021,925.7252197,942.2301071,913.8453085,932.0279221,30497029,1,Reliance Industries,RELIANCE.NS,Stock,Energy,https://1drv.ms/i/c/8705623eb284e7df/IQQIhC7Payu-Qb9ArC3GO2_qAfM1tlq1yoox2n-A9v8Xft4?width=600&height=338
15-02-2021,921.6444092,934.6578976,918.1983447,928.6499377,15791099,1,Reliance Industries,RELIANCE.NS,Stock,Energy,https://1drv.ms/i/c/8705623eb284e7df/IQQIhC7Payu-Qb9ArC3GO2_qAfM1tlq1yoox2n-A9v8Xft4?width=600&height=338
16-02-2021,933.8416748,942.864948,922.7325927,924.8864054,21421660,1,Reliance Industries,RELIANCE.NS,Stock,Energy,https://1drv.ms/i/c/8705623eb284e7df/IQQIhC7Payu-Qb9ArC3GO2_qAfM1tlq1yoox2n-A9v8Xft4?width=600&height=338
17-02-2021,944.6107178,950.3692704,929.8061637,934.0683933,23742994,1,Reliance Industries,RELIANCE.NS,Stock,Energy,https://1drv.ms/i/c/8705623eb284e7df/IQQIhC7Payu-Qb9ArC3GO2_qAfM1tlq1yoox2n-A9v8Xft4?width=600&height=338
18-02-2021,937.5598755,956.0145058,933.6603326,945.4042372,18646877,1,Reliance Industries,RELIANCE.NS,Stock,Energy,https://1drv.ms/i/c/8705623eb284e7df/IQQIhC7Payu-Qb9ArC3GO2_qAfM1tlq1yoox2n-A9v8Xft4?width=600&height=338
19-02-2021,943.2730713,954.4501576,931.0304125,932.7081389,23403483,1,Reliance Industries,RELIANCE.NS,Stock,Energy,https://1drv.ms/i/c/8705623eb284e7df/IQQIhC7Payu-Qb9ArC3GO2_qAfM1tlq1yoox2n-A9v8Xft4?width=600&height=338
22-02-2021,910.5352783,947.6260001,904.5727146,943.1370314,23804335,1,Reliance Industries,RELIANCE.NS,Stock,Energy,https://1drv.ms/i/c/8705623eb284e7df/IQQIhC7Payu-Qb9ArC3GO2_qAfM1tlq1yoox2n-A9v8Xft4?width=600&height=338
23-02-2021,917.4954224,930.8489882,913.0291218,928.6271719,25644108,1,Reliance Industries,RELIANCE.NS,Stock,Energy,https://1drv.ms/i/c/8705623eb284e7df/IQQIhC7Payu-Qb9ArC3GO2_qAfM1tlq1yoox2n-A9v8Xft4?width=600&height=338
24-02-2021,934.5218506,936.4489241,918.7197282,920.4654583,10807663,1,Reliance Industries,RELIANCE.NS,Stock,Energy,https://1drv.ms/i/c/8705623eb284e7df/IQQIhC7Payu-Qb9ArC3GO2_qAfM1tlq1yoox2n-A9v8Xft4?width=600&height=338
25-02-2021,972.3153076,975.7840398,939.9629624,941.3232777,34855693,1,Reliance Industries,RELIANCE.NS,Stock,Energy,https://1drv.ms/i/c/8705623eb284e7df/IQQIhC7Payu-Qb9ArC3GO2_qAfM1tlq1yoox2n-A9v8Xft4?width=600&height=338
26-02-2021,945.7669067,967.576928,938.9200542,959.9139703,37481215,1,Reliance Industries,RELIANCE.NS,Stock,Energy,https://1drv.ms/i/c/8705623eb284e7df/IQQIhC7Payu-Qb9ArC3GO2_qAfM1tlq1yoox2n-A9v8Xft4?width=600&height=338
01-03-2021,952.9765015,957.6468737,935.2019694,956.8306485,17680764,1,Reliance Industries,RELIANCE.NS,Stock,Energy,https://1drv.ms/i/c/8705623eb284e7df/IQQIhC7Payu-Qb9ArC3GO2_qAfM1tlq1yoox2n-A9v8Xft4?width=600&height=338
02-03-2021,954.9262085,965.8085514,947.2632506,962.1811438,17150760,1,Reliance Industries,RELIANCE.NS,Stock,Energy,https://1drv.ms/i/c/8705623eb284e7df/IQQIhC7Payu-Qb9ArC3GO2_qAfM1tlq1yoox2n-A9v8Xft4?width=600&height=338
03-03-2021,998.5009766,1006.572077,955.4703591,961.7503937,31924461,1,Reliance Industries,RELIANCE.NS,Stock,Energy,https://1drv.ms/i/c/8705623eb284e7df/IQQIhC7Payu-Qb9ArC3GO2_qAfM1tlq1yoox2n-A9v8Xft4?width=600&height=338
04-03-2021,986.5984497,992.9918243,978.3686733,988.4801874,21435754,1,Reliance Industries,RELIANCE.NS,Stock,Energy,https://1drv.ms/i/c/8705623eb284e7df/IQQIhC7Payu-Qb9ArC3GO2_qAfM1tlq1yoox2n-A9v8Xft4?width=600&height=338
05-03-2021,987.890625,1002.967253,976.2601209,977.5977683,25511666,1,Reliance Industries,RELIANCE.NS,Stock,Energy,https://1drv.ms/i/c/8705623eb284e7df/IQQIhC7Payu-Qb9ArC3GO2_qAfM1tlq1yoox2n-A9v8Xft4?width=600&height=338
08-03-2021,993.5133057,1012.013272,983.0390448,983.265724,19506841,1,Reliance Industries,RELIANCE.NS,Stock,Energy,https://1drv.ms/i/c/8705623eb284e7df/IQQIhC7Payu-Qb9ArC3GO2_qAfM1tlq1yoox2n-A9v8Xft4?width=600&height=338
09-03-2021,993.4904785,1003.806063,973.3355161,997.5486965,15154484,1,Reliance Industries,RELIANCE.NS,Stock,Energy,https://1drv.ms/i/c/8705623eb284e7df/IQQIhC7Payu-Qb9ArC3GO2_qAfM1tlq1yoox2n-A9v8Xft4?width=600&height=338
10-03-2021,989.3643188,1004.395612,984.0591848,1000.722808,11519358,1,Reliance Industries,RELIANCE.NS,Stock,Energy,https://1drv.ms/i/c/8705623eb284e7df/IQQIhC7Payu-Qb9ArC3GO2_qAfM1tlq1yoox2n-A9v8Xft4?width=600&height=338
12-03-2021,969.2546387,1000.450679,963.0426081,995.2815531,16864952,1,Reliance Industries,RELIANCE.NS,Stock,Energy,https://1drv.ms/i/c/8705623eb284e7df/IQQIhC7Payu-Qb9ArC3GO2_qAfM1tlq1yoox2n-A9v8Xft4?width=600&height=338
15-03-2021,956.2412109,974.3784296,943.3637305,970.3656072,16698099,1,Reliance Industries,RELIANCE.NS,Stock,Energy,https://1drv.ms/i/c/8705623eb284e7df/IQQIhC7Payu-Qb9ArC3GO2_qAfM1tlq1yoox2n-A9v8Xft4?width=600&height=338
16-03-2021,952.4777222,963.9948871,950.165234,958.5536855,13873801,1,Reliance Industries,RELIANCE.NS,Stock,Energy,https://1drv.ms/i/c/8705623eb284e7df/IQQIhC7Payu-Qb9ArC3GO2_qAfM1tlq1yoox2n-A9v8Xft4?width=600&height=338
17-03-2021,931.9599609,953.5659718,922.777952,951.3214874,19210236,1,Reliance Industries,RELIANCE.NS,Stock,Energy,https://1drv.ms/i/c/8705623eb284e7df/IQQIhC7Payu-Qb9ArC3GO2_qAfM1tlq1yoox2n-A9v8Xft4?width=600&height=338
18-03-2021,910.9887695,945.3135252,907.315966,939.9176595,20647480,1,Reliance Industries,RELIANCE.NS,Stock,Energy,https://1drv.ms/i/c/8705623eb284e7df/IQQIhC7Payu-Qb9ArC3GO2_qAfM1tlq1yoox2n-A9v8Xft4?width=600&height=338
19-03-2021,944.0438843,950.323919,899.0635245,902.7816639,41787429,1,Reliance Industries,RELIANCE.NS,Stock,Energy,https://1drv.ms/i/c/8705623eb284e7df/IQQIhC7Payu-Qb9ArC3GO2_qAfM1tlq1yoox2n-A9v8Xft4?width=600&height=338
22-03-2021,935.1566162,940.4164144,921.916449,939.056159,18572478,1,Reliance Industries,RELIANCE.NS,Stock,Energy,https://1drv.ms/i/c/8705623eb284e7df/IQQIhC7Payu-Qb9ArC3GO2_qAfM1tlq1yoox2n-A9v8Xft4?width=600&height=338
23-03-2021,946.5377197,956.6038971,932.2546489,934.9525516,17421165,1,Reliance Industries,RELIANCE.NS,Stock,Energy,https://1drv.ms/i/c/8705623eb284e7df/IQQIhC7Payu-Qb9ArC3GO2_qAfM1tlq1yoox2n-A9v8Xft4?width=600&height=338
24-03-2021,928.3098755,943.0236985,925.1812219,943.0236985,16822814,1,Reliance Industries,RELIANCE.NS,Stock,Energy,https://1drv.ms/i/c/8705623eb284e7df/IQQIhC7Payu-Qb9ArC3GO2_qAfM1tlq1yoox2n-A9v8Xft4?width=600&height=338
25-03-2021,902.9857178,931.3478511,900.0610755,931.3478511,22001648,1,Reliance Industries,RELIANCE.NS,Stock,Energy,https://1drv.ms/i/c/8705623eb284e7df/IQQIhC7Payu-Qb9ArC3GO2_qAfM1tlq1yoox2n-A9v8Xft4?width=600&height=338
26-03-2021,904.4366455,913.0745041,894.9372858,912.3036747,20180202,1,Reliance Industries,RELIANCE.NS,Stock,Energy,https://1drv.ms/i/c/8705623eb284e7df/IQQIhC7Payu-Qb9ArC3GO2_qAfM1tlq1yoox2n-A9v8Xft4?width=600&height=338
30-03-2021,920.1480713,929.0353374,903.0310289,910.4899758,20441701,1,Reliance Industries,RELIANCE.NS,Stock,Energy,https://1drv.ms/i/c/8705623eb284e7df/IQQIhC7Payu-Qb9ArC3GO2_qAfM1tlq1yoox2n-A9v8Xft4?width=600&height=338
31-03-2021,908.2680664,929.4886608,906.4089969,915.0242469,16250796,1,Reliance Industries,RELIANCE.NS,Stock,Energy,https://1drv.ms/i/c/8705623eb284e7df/IQQIhC7Payu-Qb9ArC3GO2_qAfM1tlq1yoox2n-A9v8Xft4?width=600&height=338
01-04-2021,916.7699585,920.4654298,908.2907755,915.0242884,11723312,1,Reliance Industries,RELIANCE.NS,Stock,Energy,https://1drv.ms/i/c/8705623eb284e7df/IQQIhC7Payu-Qb9ArC3GO2_qAfM1tlq1yoox2n-A9v8Xft4?width=600&height=338
05-04-2021,903.5072021,918.1983572,889.6775483,918.1756892,14875099,1,Reliance Industries,RELIANCE.NS,Stock,Energy,https://1drv.ms/i/c/8705623eb284e7df/IQQIhC7Payu-Qb9ArC3GO2_qAfM1tlq1yoox2n-A9v8Xft4?width=600&height=338
06-04-2021,899.7436523,909.1070043,892.8061281,908.6762538,14009194,1,Reliance Industries,RELIANCE.NS,Stock,Energy,https://1drv.ms/i/c/8705623eb284e7df/IQQIhC7Payu-Qb9ArC3GO2_qAfM1tlq1yoox2n-A9v8Xft4?width=600&height=338
07-04-2021,908.1547852,928.1284652,903.8245519,906.8625335,24266353,1,Reliance Industries,RELIANCE.NS,Stock,Energy,https://1drv.ms/i/c/8705623eb284e7df/IQQIhC7Payu-Qb9ArC3GO2_qAfM1tlq1yoox2n-A9v8Xft4?width=600&height=338
08-04-2021,909.2883301,916.8379481,903.6884533,911.8502253,15369188,1,Reliance Industries,RELIANCE.NS,Stock,Energy,https://1drv.ms/i/c/8705623eb284e7df/IQQIhC7Payu-Qb9ArC3GO2_qAfM1tlq1yoox2n-A9v8Xft4?width=600&height=338
09-04-2021,898.7233887,909.7417387,897.7938239,906.159667,14037885,1,Reliance Industries,RELIANCE.NS,Stock,Energy,https://1drv.ms/i/c/8705623eb284e7df/IQQIhC7Payu-Qb9ArC3GO2_qAfM1tlq1yoox2n-A9v8Xft4?width=600&height=338
12-04-2021,866.5751953,889.3601188,861.6328079,888.2718785,20901482,1,Reliance Industries,RELIANCE.NS,Stock,Energy,https://1drv.ms/i/c/8705623eb284e7df/IQQIhC7Payu-Qb9ArC3GO2_qAfM1tlq1yoox2n-A9v8Xft4?width=600&height=338
13-04-2021,875.9385376,879.9287521,869.6131669,872.4017415,19411189,1,Reliance Industries,RELIANCE.NS,Stock,Energy,https://1drv.ms/i/c/8705623eb284e7df/IQQIhC7Payu-Qb9ArC3GO2_qAfM1tlq1yoox2n-A9v8Xft4?width=600&height=338
15-04-2021,881.6063843,889.1786705,867.4139846,873.4446121,19723716,1,Reliance Industries,RELIANCE.NS,Stock,Energy,https://1drv.ms/i/c/8705623eb284e7df/IQQIhC7Payu-Qb9ArC3GO2_qAfM1tlq1yoox2n-A9v8Xft4?width=600&height=338
16-04-2021,876.0745239,884.1456245,873.5126286,878.114997,15656948,1,Reliance Industries,RELIANCE.NS,Stock,Energy,https://1drv.ms/i/c/8705623eb284e7df/IQQIhC7Payu-Qb9ArC3GO2_qAfM1tlq1yoox2n-A9v8Xft4?width=600&height=338
19-04-2021,862.2901611,868.9556102,856.9850274,863.3330655,18478808,1,Reliance Industries,RELIANCE.NS,Stock,Energy,https://1drv.ms/i/c/8705623eb284e7df/IQQIhC7Payu-Qb9ArC3GO2_qAfM1tlq1yoox2n-A9v8Xft4?width=600&height=338
20-04-2021,862.0408325,870.1345408,857.1891171,866.280394,17203668,1,Reliance Industries,RELIANCE.NS,Stock,Energy,https://1drv.ms/i/c/8705623eb284e7df/IQQIhC7Payu-Qb9ArC3GO2_qAfM1tlq1yoox2n-A9v8Xft4?width=600&height=338
22-04-2021,864.4213257,868.0714612,850.9544198,858.0052836,14490954,1,Reliance Industries,RELIANCE.NS,Stock,Energy,https://1drv.ms/i/c/8705623eb284e7df/IQQIhC7Payu-Qb9ArC3GO2_qAfM1tlq1yoox2n-A9v8Xft4?width=600&height=338
23-04-2021,863.4918823,870.0892682,859.410996,864.2400438,11828857,1,Reliance Industries,RELIANCE.NS,Stock,Energy,https://1drv.ms/i/c/8705623eb284e7df/IQQIhC7Payu-Qb9ArC3GO2_qAfM1tlq1yoox2n-A9v8Xft4?width=600&height=338
26-04-2021,878.6817627,889.6321696,866.7338471,870.5880541,20846778,1,Reliance Industries,RELIANCE.NS,Stock,Energy,https://1drv.ms/i/c/8705623eb284e7df/IQQIhC7Payu-Qb9ArC3GO2_qAfM1tlq1yoox2n-A9v8Xft4?width=600&height=338
27-04-2021,901.7161255,905.5929405,878.863198,879.6566953,19992524,1,Reliance Industries,RELIANCE.NS,Stock,Energy,https://1drv.ms/i/c/8705623eb284e7df/IQQIhC7Payu-Qb9ArC3GO2_qAfM1tlq1yoox2n-A9v8Xft4?width=600&height=338
28-04-2021,905.6381836,910.4898989,897.8618864,905.8875907,17122437,1,Reliance Industries,RELIANCE.NS,Stock,Energy,https://1drv.ms/i/c/8705623eb284e7df/IQQIhC7Payu-Qb9ArC3GO2_qAfM1tlq1yoox2n-A9v8Xft4?width=600&height=338
29-04-2021,917.7675781,927.0402589,910.1726237,917.2460959,17412606,1,Reliance Industries,RELIANCE.NS,Stock,Energy,https://1drv.ms/i/c/8705623eb284e7df/IQQIhC7Payu-Qb9ArC3GO2_qAfM1tlq1yoox2n-A9v8Xft4?width=600&height=338
30-04-2021,904.3685913,923.1859662,901.2172702,910.7166293,19828769,1,Reliance Industries,RELIANCE.NS,Stock,Energy,https://1drv.ms/i/c/8705623eb284e7df/IQQIhC7Payu-Qb9ArC3GO2_qAfM1tlq1yoox2n-A9v8Xft4?width=600&height=338
03-05-2021,888.2945557,897.3404974,881.0623479,891.4458771,23640186,1,Reliance Industries,RELIANCE.NS,Stock,Energy,https://1drv.ms/i/c/8705623eb284e7df/IQQIhC7Payu-Qb9ArC3GO2_qAfM1tlq1yoox2n-A9v8Xft4?width=600&height=338
04-05-2021,869.0462646,892.2619962,866.5070974,884.1908962,21849830,1,Reliance Industries,RELIANCE.NS,Stock,Energy,https://1drv.ms/i/c/8705623eb284e7df/IQQIhC7Payu-Qb9ArC3GO2_qAfM1tlq1yoox2n-A9v8Xft4?width=600&height=338
05-05-2021,870.6333618,878.9764773,865.1694925,872.1070168,12393609,1,Reliance Industries,RELIANCE.NS,Stock,Energy,https://1drv.ms/i/c/8705623eb284e7df/IQQIhC7Payu-Qb9ArC3GO2_qAfM1tlq1yoox2n-A9v8Xft4?width=600&height=338
06-05-2021,875.5758057,877.3895396,864.5120588,871.4269156,14624666,1,Reliance Industries,RELIANCE.NS,Stock,Energy,https://1drv.ms/i/c/8705623eb284e7df/IQQIhC7Payu-Qb9ArC3GO2_qAfM1tlq1yoox2n-A9v8Xft4?width=600&height=338
07-05-2021,875.9158936,886.7529013,873.3086623,878.6364645,12288548,1,Reliance Industries,RELIANCE.NS,Stock,Energy,https://1drv.ms/i/c/8705623eb284e7df/IQQIhC7Payu-Qb9ArC3GO2_qAfM1tlq1yoox2n-A9v8Xft4?width=600&height=338
10-05-2021,873.399292,882.7399763,871.0188,879.2032403,13941237,1,Reliance Industries,RELIANCE.NS,Stock,Energy,https://1drv.ms/i/c/8705623eb284e7df/IQQIhC7Payu-Qb9ArC3GO2_qAfM1tlq1yoox2n-A9v8Xft4?width=600&height=338
11-05-2021,876.5506592,878.9991549,866.053671,868.3208832,13478264,1,Reliance Industries,RELIANCE.NS,Stock,Energy,https://1drv.ms/i/c/8705623eb284e7df/IQQIhC7Payu-Qb9ArC3GO2_qAfM1tlq1yoox2n-A9v8Xft4?width=600&height=338
12-05-2021,867.4820557,876.4373258,864.6934809,875.1677421,13177961,1,Reliance Industries,RELIANCE.NS,Stock,Energy,https://1drv.ms/i/c/8705623eb284e7df/IQQIhC7Payu-Qb9ArC3GO2_qAfM1tlq1yoox2n-A9v8Xft4?width=600&height=338
14-05-2021,878.4324341,880.5635189,864.2400338,874.2381482,13291616,1,Reliance Industries,RELIANCE.NS,Stock,Energy,https://1drv.ms/i/c/8705623eb284e7df/IQQIhC7Payu-Qb9ArC3GO2_qAfM1tlq1yoox2n-A9v8Xft4?width=600&height=338
17-05-2021,888.8839722,890.2895634,875.3036667,878.43238,11873078,1,Reliance Industries,RELIANCE.NS,Stock,Energy,https://1drv.ms/i/c/8705623eb284e7df/IQQIhC7Payu-Qb9ArC3GO2_qAfM1tlq1yoox2n-A9v8Xft4?width=600&height=338
18-05-2021,901.3986816,908.0414632,894.3931534,898.2473603,12064918,1,Reliance Industries,RELIANCE.NS,Stock,Energy,https://1drv.ms/i/c/8705623eb284e7df/IQQIhC7Payu-Qb9ArC3GO2_qAfM1tlq1yoox2n-A9v8Xft4?width=600&height=338
19-05-2021,905.5249023,914.3214965,894.1664728,897.7938805,16317002,1,Reliance Industries,RELIANCE.NS,Stock,Energy,https://1drv.ms/i/c/8705623eb284e7df/IQQIhC7Payu-Qb9ArC3GO2_qAfM1tlq1yoox2n-A9v8Xft4?width=600&height=338
20-05-2021,900.2424927,911.8049943,898.2474153,905.9103738,11422532,1,Reliance Industries,RELIANCE.NS,Stock,Energy,https://1drv.ms/i/c/8705623eb284e7df/IQQIhC7Payu-Qb9ArC3GO2_qAfM1tlq1yoox2n-A9v8Xft4?width=600&height=338
21-05-2021,908.0187988,911.215456,900.5145162,903.235087,10785605,1,Reliance Industries,RELIANCE.NS,Stock,Energy,https://1drv.ms/i/c/8705623eb284e7df/IQQIhC7Payu-Qb9ArC3GO2_qAfM1tlq1yoox2n-A9v8Xft4?width=600&height=338
24-05-2021,900.3557129,911.306119,898.7007146,910.4898939,8551760,1,Reliance Industries,RELIANCE.NS,Stock,Energy,https://1drv.ms/i/c/8705623eb284e7df/IQQIhC7Payu-Qb9ArC3GO2_qAfM1tlq1yoox2n-A9v8Xft4?width=600&height=338
25-05-2021,890.1536255,905.5022701,888.7253063,905.2301951,14780102,1,Reliance Industries,RELIANCE.NS,Stock,Energy,https://1drv.ms/i/c/8705623eb284e7df/IQQIhC7Payu-Qb9ArC3GO2_qAfM1tlq1yoox2n-A9v8Xft4?width=600&height=338
26-05-2021,893.2822266,897.567184,891.1284739,895.5267109,7480204,1,Reliance Industries,RELIANCE.NS,Stock,Energy,https://1drv.ms/i/c/8705623eb284e7df/IQQIhC7Payu-Qb9ArC3GO2_qAfM1tlq1yoox2n-A9v8Xft4?width=600&height=338
27-05-2021,896.0255737,903.6885321,889.7455388,893.3956745,26819294,1,Reliance Industries,RELIANCE.NS,Stock,Energy,https://1drv.ms/i/c/8705623eb284e7df/IQQIhC7Payu-Qb9ArC3GO2_qAfM1tlq1yoox2n-A9v8Xft4?width=600&height=338
28-05-2021,949.8478394,954.4728157,902.3282519,902.3282519,56469931,1,Reliance Industries,RELIANCE.NS,Stock,Energy,https://1drv.ms/i/c/8705623eb284e7df/IQQIhC7Payu-Qb9ArC3GO2_qAfM1tlq1yoox2n-A9v8Xft4?width=600&height=338
31-05-2021,979.5475464,993.7852821,945.4268621,953.112488,59124142,1,Reliance Industries,RELIANCE.NS,Stock,Energy,https://1drv.ms/i/c/8705623eb284e7df/IQQIhC7Payu-Qb9ArC3GO2_qAfM1tlq1yoox2n-A9v8Xft4?width=600&height=338
01-06-2021,983.4470825,998.4556475,973.2901731,982.132103,28013832,1,Reliance Industries,RELIANCE.NS,Stock,Energy,https://1drv.ms/i/c/8705623eb284e7df/IQQIhC7Payu-Qb9ArC3GO2_qAfM1tlq1yoox2n-A9v8Xft4?width=600&height=338
02-06-2021,998.1154785,1001.856285,978.0511285,978.0511285,24630162,1,Reliance Industries,RELIANCE.NS,Stock,Energy,https://1drv.ms/i/c/8705623eb284e7df/IQQIhC7Payu-Qb9ArC3GO2_qAfM1tlq1yoox2n-A9v8Xft4?width=600&height=338
03-06-2021,1001.924377,1020.220331,995.7804103,1007.070776,23974257,1,Reliance Industries,RELIANCE.NS,Stock,Energy,https://1drv.ms/i/c/8705623eb284e7df/IQQIhC7Payu-Qb9ArC3GO2_qAfM1tlq1yoox2n-A9v8Xft4?width=600&height=338
04-06-2021,993.241272,1005.007785,990.4073014,1004.259624,14468646,1,Reliance Industries,RELIANCE.NS,Stock,Energy,https://1drv.ms/i/c/8705623eb284e7df/IQQIhC7Payu-Qb9ArC3GO2_qAfM1tlq1yoox2n-A9v8Xft4?width=600&height=338
07-06-2021,1009.972717,1016.592831,990.7472593,998.4556128,16336573,1,Reliance Industries,RELIANCE.NS,Stock,Energy,https://1drv.ms/i/c/8705623eb284e7df/IQQIhC7Payu-Qb9ArC3GO2_qAfM1tlq1yoox2n-A9v8Xft4?width=600&height=338
08-06-2021,1004.168823,1009.859372,996.7098769,1009.610025,9674735,1,Reliance Industries,RELIANCE.NS,Stock,Energy,https://1drv.ms/i/c/8705623eb284e7df/IQQIhC7Payu-Qb9ArC3GO2_qAfM1tlq1yoox2n-A9v8Xft4?width=600&height=338
09-06-2021,986.2130127,1007.070802,978.4819908,1006.163965,11409161,1,Reliance Industries,RELIANCE.NS,Stock,Energy,https://1drv.ms/i/c/8705623eb284e7df/IQQIhC7Payu-Qb9ArC3GO2_qAfM1tlq1yoox2n-A9v8Xft4?width=600&height=338
10-06-2021,989.8403931,1011.151659,987.3691696,994.5560408,14155653,1,Reliance Industries,RELIANCE.NS,Stock,Energy,https://1drv.ms/i/c/8705623eb284e7df/IQQIhC7Payu-Qb9ArC3GO2_qAfM1tlq1yoox2n-A9v8Xft4?width=600&height=338
11-06-2021,1007.009888,1013.766876,991.9717457,993.2458157,13762778,1,Reliance Industries,RELIANCE.NS,Stock,Energy,https://1drv.ms/i/c/8705623eb284e7df/IQQIhC7Payu-Qb9ArC3GO2_qAfM1tlq1yoox2n-A9v8Xft4?width=600&height=338
14-06-2021,1021.456482,1027.53088,998.774102,1007.851639,20332436,1,Reliance Industries,RELIANCE.NS,Stock,Energy,https://1drv.ms/i/c/8705623eb284e7df/IQQIhC7Payu-Qb9ArC3GO2_qAfM1tlq1yoox2n-A9v8Xft4?width=600&height=338
15-06-2021,1023.776978,1035.106763,1019.363347,1028.782149,15174215,1,Reliance Industries,RELIANCE.NS,Stock,Energy,https://1drv.ms/i/c/8705623eb284e7df/IQQIhC7Payu-Qb9ArC3GO2_qAfM1tlq1yoox2n-A9v8Xft4?width=600&height=338
16-06-2021,1006.304565,1022.434741,1003.688245,1021.456502,10797349,1,Reliance Industries,RELIANCE.NS,Stock,Energy,https://1drv.ms/i/c/8705623eb284e7df/IQQIhC7Payu-Qb9ArC3GO2_qAfM1tlq1yoox2n-A9v8Xft4?width=600&height=338
17-06-2021,1008.1474,1016.951914,991.8807423,1001.026461,15745975,1,Reliance Industries,RELIANCE.NS,Stock,Energy,https://1drv.ms/i/c/8705623eb284e7df/IQQIhC7Payu-Qb9ArC3GO2_qAfM1tlq1yoox2n-A9v8Xft4?width=600&height=338
18-06-2021,1012.69751,1016.951912,993.9055194,1012.629269,29369026,1,Reliance Industries,RELIANCE.NS,Stock,Energy,https://1drv.ms/i/c/8705623eb284e7df/IQQIhC7Payu-Qb9ArC3GO2_qAfM1tlq1yoox2n-A9v8Xft4?width=600&height=338
21-06-2021,1017.975586,1022.639433,1001.094701,1002.618988,12186448,1,Reliance Industries,RELIANCE.NS,Stock,Energy,https://1drv.ms/i/c/8705623eb284e7df/IQQIhC7Payu-Qb9ArC3GO2_qAfM1tlq1yoox2n-A9v8Xft4?width=600&height=338
22-06-2021,1012.743042,1028.782291,1009.830951,1025.597116,12871913,1,Reliance Industries,RELIANCE.NS,Stock,Energy,https://1drv.ms/i/c/8705623eb284e7df/IQQIhC7Payu-Qb9ArC3GO2_qAfM1tlq1yoox2n-A9v8Xft4?width=600&height=338
23-06-2021,1003.460754,1024.049994,1001.799926,1023.77703,16653951,1,Reliance Industries,RELIANCE.NS,Stock,Energy,https://1drv.ms/i/c/8705623eb284e7df/IQQIhC7Payu-Qb9ArC3GO2_qAfM1tlq1yoox2n-A9v8Xft4?width=600&height=338
24-06-2021,979.8684082,1007.669635,973.7257687,1004.143316,91461975,1,Reliance Industries,RELIANCE.NS,Stock,Energy,https://1drv.ms/i/c/8705623eb284e7df/IQQIhC7Payu-Qb9ArC3GO2_qAfM1tlq1yoox2n-A9v8Xft4?width=600&height=338
25-06-2021,957.5499878,979.8683558,946.9254774,979.8683558,55355022,1,Reliance Industries,RELIANCE.NS,Stock,Energy,https://1drv.ms/i/c/8705623eb284e7df/IQQIhC7Payu-Qb9ArC3GO2_qAfM1tlq1yoox2n-A9v8Xft4?width=600&height=338
28-06-2021,949.1550903,967.5830691,946.8800342,965.5355426,20277042,1,Reliance Industries,RELIANCE.NS,Stock,Energy,https://1drv.ms/i/c/8705623eb284e7df/IQQIhC7Payu-Qb9ArC3GO2_qAfM1tlq1yoox2n-A9v8Xft4?width=600&height=338
29-06-2021,949.9741211,959.620393,948.290606,950.7476378,27144063,1,Reliance Industries,RELIANCE.NS,Stock,Energy,https://1drv.ms/i/c/8705623eb284e7df/IQQIhC7Payu-Qb9ArC3GO2_qAfM1tlq1yoox2n-A9v8Xft4?width=600&height=338
30-06-2021,960.3710938,965.8312041,951.4528453,953.8188891,19762858,1,Reliance Industries,RELIANCE.NS,Stock,Energy,https://1drv.ms/i/c/8705623eb284e7df/IQQIhC7Payu-Qb9ArC3GO2_qAfM1tlq1yoox2n-A9v8Xft4?width=600&height=338
01-07-2021,954.5924683,966.0587362,953.2501575,963.7154393,12534407,1,Reliance Industries,RELIANCE.NS,Stock,Energy,https://1drv.ms/i/c/8705623eb284e7df/IQQIhC7Payu-Qb9ArC3GO2_qAfM1tlq1yoox2n-A9v8Xft4?width=600&height=338
02-07-2021,968.7433472,970.4951633,952.3174009,954.1602048,14086620,1,Reliance Industries,RELIANCE.NS,Stock,Energy,https://1drv.ms/i/c/8705623eb284e7df/IQQIhC7Payu-Qb9ArC3GO2_qAfM1tlq1yoox2n-A9v8Xft4?width=600&height=338
05-07-2021,978.3668823,979.8911687,969.8581386,972.1104478,11702287,1,Reliance Industries,RELIANCE.NS,Stock,Energy,https://1drv.ms/i/c/8705623eb284e7df/IQQIhC7Payu-Qb9ArC3GO2_qAfM1tlq1yoox2n-A9v8Xft4?width=600&height=338
06-07-2021,966.8095093,977.7752841,964.716489,975.9780344,10070124,1,Reliance Industries,RELIANCE.NS,Stock,Energy,https://1drv.ms/i/c/8705623eb284e7df/IQQIhC7Payu-Qb9ArC3GO2_qAfM1tlq1yoox2n-A9v8Xft4?width=600&height=338
07-07-2021,960.0981445,968.1518892,954.6152868,968.1518892,10454892,1,Reliance Industries,RELIANCE.NS,Stock,Energy,https://1drv.ms/i/c/8705623eb284e7df/IQQIhC7Payu-Qb9ArC3GO2_qAfM1tlq1yoox2n-A9v8Xft4?width=600&height=338
08-07-2021,952.1581421,963.2377121,946.8800072,963.2377121,11185460,1,Reliance Industries,RELIANCE.NS,Stock,Energy,https://1drv.ms/i/c/8705623eb284e7df/IQQIhC7Payu-Qb9ArC3GO2_qAfM1tlq1yoox2n-A9v8Xft4?width=600&height=338
09-07-2021,942.4208984,951.7486525,940.1003484,950.0650773,9037675,1,Reliance Industries,RELIANCE.NS,Stock,Energy,https://1drv.ms/i/c/8705623eb284e7df/IQQIhC7Payu-Qb9ArC3GO2_qAfM1tlq1yoox2n-A9v8Xft4?width=600&height=338
12-07-2021,948.2905273,956.2077294,943.922391,946.3111817,8585292,1,Reliance Industries,RELIANCE.NS,Stock,Energy,https://1drv.ms/i/c/8705623eb284e7df/IQQIhC7Payu-Qb9ArC3GO2_qAfM1tlq1yoox2n-A9v8Xft4?width=600&height=338
13-07-2021,955.3887329,956.9130192,950.087791,955.5252146,6717133,1,Reliance Industries,RELIANCE.NS,Stock,Energy,https://1drv.ms/i/c/8705623eb284e7df/IQQIhC7Payu-Qb9ArC3GO2_qAfM1tlq1yoox2n-A9v8Xft4?width=600&height=338
14-07-2021,949.1550903,958.6420732,946.993769,955.6844882,8532544,1,Reliance Industries,RELIANCE.NS,Stock,Energy,https://1drv.ms/i/c/8705623eb284e7df/IQQIhC7Payu-Qb9ArC3GO2_qAfM1tlq1yoox2n-A9v8Xft4?width=600&height=338
15-07-2021,947.4943237,953.2502049,945.7425076,953.2502049,9448356,1,Reliance Industries,RELIANCE.NS,Stock,Energy,https://1drv.ms/i/c/8705623eb284e7df/IQQIhC7Payu-Qb9ArC3GO2_qAfM1tlq1yoox2n-A9v8Xft4?width=600&height=338
16-07-2021,961.1674194,962.2367067,949.8831264,949.9513673,8828185,1,Reliance Industries,RELIANCE.NS,Stock,Energy,https://1drv.ms/i/c/8705623eb284e7df/IQQIhC7Payu-Qb9ArC3GO2_qAfM1tlq1yoox2n-A9v8Xft4?width=600&height=338
19-07-2021,955.0475464,966.4455744,951.9989735,955.5252925,8354449,1,Reliance Industries,RELIANCE.NS,Stock,Energy,https://1drv.ms/i/c/8705623eb284e7df/IQQIhC7Payu-Qb9ArC3GO2_qAfM1tlq1yoox2n-A9v8Xft4?width=600&height=338
20-07-2021,952.7041016,959.1653184,948.2450375,955.297675,6741464,1,Reliance Industries,RELIANCE.NS,Stock,Energy,https://1drv.ms/i/c/8705623eb284e7df/IQQIhC7Payu-Qb9ArC3GO2_qAfM1tlq1yoox2n-A9v8Xft4?width=600&height=338
22-07-2021,964.9439697,966.4000152,954.6834705,964.1704531,7972397,1,Reliance Industries,RELIANCE.NS,Stock,Energy,https://1drv.ms/i/c/8705623eb284e7df/IQQIhC7Payu-Qb9ArC3GO2_qAfM1tlq1yoox2n-A9v8Xft4?width=600&height=338
23-07-2021,958.1188354,971.2004383,956.4580072,971.2004383,9937030,1,Reliance Industries,RELIANCE.NS,Stock,Energy,https://1drv.ms/i/c/8705623eb284e7df/IQQIhC7Payu-Qb9ArC3GO2_qAfM1tlq1yoox2n-A9v8Xft4?width=600&height=338
26-07-2021,944.9917603,965.0805076,942.3754396,959.1653976,12389668,1,Reliance Industries,RELIANCE.NS,Stock,Energy,https://1drv.ms/i/c/8705623eb284e7df/IQQIhC7Payu-Qb9ArC3GO2_qAfM1tlq1yoox2n-A9v8Xft4?width=600&height=338
27-07-2021,935.0496826,948.1085383,929.1345729,944.9689778,10824523,1,Reliance Industries,RELIANCE.NS,Stock,Energy,https://1drv.ms/i/c/8705623eb284e7df/IQQIhC7Payu-Qb9ArC3GO2_qAfM1tlq1yoox2n-A9v8Xft4?width=600&height=338
28-07-2021,927.0187378,936.4147327,917.4179602,936.4147327,12897848,1,Reliance Industries,RELIANCE.NS,Stock,Energy,https://1drv.ms/i/c/8705623eb284e7df/IQQIhC7Payu-Qb9ArC3GO2_qAfM1tlq1yoox2n-A9v8Xft4?width=600&height=338
29-07-2021,934.253418,943.8769426,929.7715466,934.5946824,13765738,1,Reliance Industries,RELIANCE.NS,Stock,Energy,https://1drv.ms/i/c/8705623eb284e7df/IQQIhC7Payu-Qb9ArC3GO2_qAfM1tlq1yoox2n-A9v8Xft4?width=600&height=338
30-07-2021,926.0859985,940.942104,924.1748936,936.4147388,11350608,1,Reliance Industries,RELIANCE.NS,Stock,Energy,https://1drv.ms/i/c/8705623eb284e7df/IQQIhC7Payu-Qb9ArC3GO2_qAfM1tlq1yoox2n-A9v8Xft4?width=600&height=338
02-08-2021,943.0124512,946.1520118,928.7478264,934.7312372,10925104,1,Reliance Industries,RELIANCE.NS,Stock,Energy,https://1drv.ms/i/c/8705623eb284e7df/IQQIhC7Payu-Qb9ArC3GO2_qAfM1tlq1yoox2n-A9v8Xft4?width=600&height=338
03-08-2021,949.951355,951.4301475,939.2358562,950.9751483,11817299,1,Reliance Industries,RELIANCE.NS,Stock,Energy,https://1drv.ms/i/c/8705623eb284e7df/IQQIhC7Payu-Qb9ArC3GO2_qAfM1tlq1yoox2n-A9v8Xft4?width=600&height=338
04-08-2021,957.2315674,961.8954143,949.6100753,952.9771655,13169800,1,Reliance Industries,RELIANCE.NS,Stock,Energy,https://1drv.ms/i/c/8705623eb284e7df/IQQIhC7Payu-Qb9ArC3GO2_qAfM1tlq1yoox2n-A9v8Xft4?width=600&height=338
05-08-2021,971.109436,980.4598769,957.4590392,962.0318984,21252078,1,Reliance Industries,RELIANCE.NS,Stock,Energy,https://1drv.ms/i/c/8705623eb284e7df/IQQIhC7Payu-Qb9ArC3GO2_qAfM1tlq1yoox2n-A9v8Xft4?width=600&height=338
06-08-2021,950.5429077,976.8880893,945.8562535,969.1528623,16620987,1,Reliance Industries,RELIANCE.NS,Stock,Energy,https://1drv.ms/i/c/8705623eb284e7df/IQQIhC7Payu-Qb9ArC3GO2_qAfM1tlq1yoox2n-A9v8Xft4?width=600&height=338
09-08-2021,945.1282349,950.8841763,940.282352,946.880051,7494143,1,Reliance Industries,RELIANCE.NS,Stock,Energy,https://1drv.ms/i/c/8705623eb284e7df/IQQIhC7Payu-Qb9ArC3GO2_qAfM1tlq1yoox2n-A9v8Xft4?width=600&height=338
10-08-2021,950.0878296,961.4404234,943.5811787,947.3350273,11919198,1,Reliance Industries,RELIANCE.NS,Stock,Energy,https://1drv.ms/i/c/8705623eb284e7df/IQQIhC7Payu-Qb9ArC3GO2_qAfM1tlq1yoox2n-A9v8Xft4?width=600&height=338
11-08-2021,963.3969727,964.6254885,947.9720728,954.1374593,9184963,1,Reliance Industries,RELIANCE.NS,Stock,Energy,https://1drv.ms/i/c/8705623eb284e7df/IQQIhC7Payu-Qb9ArC3GO2_qAfM1tlq1yoox2n-A9v8Xft4?width=600&height=338
12-08-2021,960.3029175,967.4466035,957.8003316,966.8550624,8137612,1,Reliance Industries,RELIANCE.NS,Stock,Energy,https://1drv.ms/i/c/8705623eb284e7df/IQQIhC7Payu-Qb9ArC3GO2_qAfM1tlq1yoox2n-A9v8Xft4?width=600&height=338
13-08-2021,976.2965088,978.2303606,959.5975997,963.3969421,12780901,1,Reliance Industries,RELIANCE.NS,Stock,Energy,https://1drv.ms/i/c/8705623eb284e7df/IQQIhC7Payu-Qb9ArC3GO2_qAfM1tlq1yoox2n-A9v8Xft4?width=600&height=338
16-08-2021,988.9686279,1002.391495,968.333834,977.9801057,21935444,1,Reliance Industries,RELIANCE.NS,Stock,Energy,https://1drv.ms/i/c/8705623eb284e7df/IQQIhC7Payu-Qb9ArC3GO2_qAfM1tlq1yoox2n-A9v8Xft4?width=600&height=338
17-08-2021,984.7598267,994.2923038,977.297623,986.8529073,12658169,1,Reliance Industries,RELIANCE.NS,Stock,Energy,https://1drv.ms/i/c/8705623eb284e7df/IQQIhC7Payu-Qb9ArC3GO2_qAfM1tlq1yoox2n-A9v8Xft4?width=600&height=338
18-08-2021,988.5819092,995.0203195,979.4589374,989.1961972,10075860,1,Reliance Industries,RELIANCE.NS,Stock,Energy,https://1drv.ms/i/c/8705623eb284e7df/IQQIhC7Payu-Qb9ArC3GO2_qAfM1tlq1yoox2n-A9v8Xft4?width=600&height=338
20-08-2021,977.4796143,988.2861008,972.3607079,975.0907632,9426282,1,Reliance Industries,RELIANCE.NS,Stock,Energy,https://1drv.ms/i/c/8705623eb284e7df/IQQIhC7Payu-Qb9ArC3GO2_qAfM1tlq1yoox2n-A9v8Xft4?width=600&height=338
23-08-2021,983.8952637,989.1961456,970.22212,989.1961456,9854395,1,Reliance Industries,RELIANCE.NS,Stock,Energy,https://1drv.ms/i/c/8705623eb284e7df/IQQIhC7Payu-Qb9ArC3GO2_qAfM1tlq1yoox2n-A9v8Xft4?width=600&height=338
24-08-2021,993.6098022,997.3863979,980.8239097,985.1238055,11864472,1,Reliance Industries,RELIANCE.NS,Stock,Energy,https://1drv.ms/i/c/8705623eb284e7df/IQQIhC7Payu-Qb9ArC3GO2_qAfM1tlq1yoox2n-A9v8Xft4?width=600&height=338
25-08-2021,1002.209534,1010.126797,991.9717804,994.3833786,13380559,1,Reliance Industries,RELIANCE.NS,Stock,Energy,https://1drv.ms/i/c/8705623eb284e7df/IQQIhC7Payu-Qb9ArC3GO2_qAfM1tlq1yoox2n-A9v8Xft4?width=600&height=338
26-08-2021,1014.881531,1021.456482,1003.301468,1004.666525,18589616,1,Reliance Industries,RELIANCE.NS,Stock,Energy,https://1drv.ms/i/c/8705623eb284e7df/IQQIhC7Payu-Qb9ArC3GO2_qAfM1tlq1yoox2n-A9v8Xft4?width=600&height=338
27-08-2021,1013.493713,1020.47823,1008.329373,1017.86185,10480636,1,Reliance Industries,RELIANCE.NS,Stock,Energy,https://1drv.ms/i/c/8705623eb284e7df/IQQIhC7Payu-Qb9ArC3GO2_qAfM1tlq1yoox2n-A9v8Xft4?width=600&height=338
30-08-2021,1032.991089,1035.539229,1017.770971,1023.777129,14027062,1,Reliance Industries,RELIANCE.NS,Stock,Energy,https://1drv.ms/i/c/8705623eb284e7df/IQQIhC7Payu-Qb9ArC3GO2_qAfM1tlq1yoox2n-A9v8Xft4?width=600&height=338
31-08-2021,1027.485474,1039.133718,1020.250739,1036.016904,26485463,1,Reliance Industries,RELIANCE.NS,Stock,Energy,https://1drv.ms/i/c/8705623eb284e7df/IQQIhC7Payu-Qb9ArC3GO2_qAfM1tlq1yoox2n-A9v8Xft4?width=600&height=338
01-09-2021,1031.557861,1043.297215,1029.69237,1034.242483,11145486,1,Reliance Industries,RELIANCE.NS,Stock,Energy,https://1drv.ms/i/c/8705623eb284e7df/IQQIhC7Payu-Qb9ArC3GO2_qAfM1tlq1yoox2n-A9v8Xft4?width=600&height=338
02-09-2021,1043.979614,1050.07676,1026.052128,1026.052128,9956770,1,Reliance Industries,RELIANCE.NS,Stock,Energy,https://1drv.ms/i/c/8705623eb284e7df/IQQIhC7Payu-Qb9ArC3GO2_qAfM1tlq1yoox2n-A9v8Xft4?width=600&height=338
03-09-2021,1086.796265,1089.75385,1047.66525,1051.077774,30664428,1,Reliance Industries,RELIANCE.NS,Stock,Energy,https://1drv.ms/i/c/8705623eb284e7df/IQQIhC7Payu-Qb9ArC3GO2_qAfM1tlq1yoox2n-A9v8Xft4?width=600&height=338
06-09-2021,1103.677246,1128.4299,1097.488992,1097.944052,33641710,1,Reliance Industries,RELIANCE.NS,Stock,Energy,https://1drv.ms/i/c/8705623eb284e7df/IQQIhC7Payu-Qb9ArC3GO2_qAfM1tlq1yoox2n-A9v8Xft4?width=600&height=338
07-09-2021,1110.638916,1118.419577,1097.489012,1105.679238,17349882,1,Reliance Industries,RELIANCE.NS,Stock,Energy,https://1drv.ms/i/c/8705623eb284e7df/IQQIhC7Payu-Qb9ArC3GO2_qAfM1tlq1yoox2n-A9v8Xft4?width=600&height=338
08-09-2021,1106.293457,1116.59951,1095.054658,1115.689512,14301651,1,Reliance Industries,RELIANCE.NS,Stock,Energy,https://1drv.ms/i/c/8705623eb284e7df/IQQIhC7Payu-Qb9ArC3GO2_qAfM1tlq1yoox2n-A9v8Xft4?width=600&height=338
09-09-2021,1103.677246,1109.251092,1099.354603,1104.723726,8963249,1,Reliance Industries,RELIANCE.NS,Stock,Energy,https://1drv.ms/i/c/8705623eb284e7df/IQQIhC7Payu-Qb9ArC3GO2_qAfM1tlq1yoox2n-A9v8Xft4?width=600&height=338
13-09-2021,1079.083862,1107.044319,1077.491335,1107.044319,16311160,1,Reliance Industries,RELIANCE.NS,Stock,Energy,https://1drv.ms/i/c/8705623eb284e7df/IQQIhC7Payu-Qb9ArC3GO2_qAfM1tlq1yoox2n-A9v8Xft4?width=600&height=338
14-09-2021,1077.67334,1089.298838,1076.558498,1080.653672,8908356,1,Reliance Industries,RELIANCE.NS,Stock,Energy,https://1drv.ms/i/c/8705623eb284e7df/IQQIhC7Payu-Qb9ArC3GO2_qAfM1tlq1yoox2n-A9v8Xft4?width=600&height=338
15-09-2021,1082.155029,1090.094918,1077.695905,1077.695905,9071075,1,Reliance Industries,RELIANCE.NS,Stock,Energy,https://1drv.ms/i/c/8705623eb284e7df/IQQIhC7Payu-Qb9ArC3GO2_qAfM1tlq1yoox2n-A9v8Xft4?width=600&height=338
16-09-2021,1104.860107,1108.750437,1077.013389,1083.633834,13448882,1,Reliance Industries,RELIANCE.NS,Stock,Energy,https://1drv.ms/i/c/8705623eb284e7df/IQQIhC7Payu-Qb9ArC3GO2_qAfM1tlq1yoox2n-A9v8Xft4?width=600&height=338
17-09-2021,1087.729004,1117.441337,1080.926582,1112.959465,34882133,1,Reliance Industries,RELIANCE.NS,Stock,Energy,https://1drv.ms/i/c/8705623eb284e7df/IQQIhC7Payu-Qb9ArC3GO2_qAfM1tlq1yoox2n-A9v8Xft4?width=600&height=338
20-09-2021,1089.458008,1100.378228,1078.378438,1079.333931,11779819,1,Reliance Industries,RELIANCE.NS,Stock,Energy,https://1drv.ms/i/c/8705623eb284e7df/IQQIhC7Payu-Qb9ArC3GO2_qAfM1tlq1yoox2n-A9v8Xft4?width=600&height=338
21-09-2021,1094.167358,1099.581975,1084.748557,1094.30384,9915736,1,Reliance Industries,RELIANCE.NS,Stock,Energy,https://1drv.ms/i/c/8705623eb284e7df/IQQIhC7Payu-Qb9ArC3GO2_qAfM1tlq1yoox2n-A9v8Xft4?width=600&height=338
22-09-2021,1105.906738,1111.139259,1091.232549,1095.668926,10995912,1,Reliance Industries,RELIANCE.NS,Stock,Energy,https://1drv.ms/i/c/8705623eb284e7df/IQQIhC7Payu-Qb9ArC3GO2_qAfM1tlq1yoox2n-A9v8Xft4?width=600&height=338
23-09-2021,1132.934326,1136.164874,1112.731788,1113.596292,15748397,1,Reliance Industries,RELIANCE.NS,Stock,Energy,https://1drv.ms/i/c/8705623eb284e7df/IQQIhC7Payu-Qb9ArC3GO2_qAfM1tlq1yoox2n-A9v8Xft4?width=600&height=338
24-09-2021,1129.658203,1140.009749,1124.789634,1139.145245,15192163,1,Reliance Industries,RELIANCE.NS,Stock,Energy,https://1drv.ms/i/c/8705623eb284e7df/IQQIhC7Payu-Qb9ArC3GO2_qAfM1tlq1yoox2n-A9v8Xft4?width=600&height=338
27-09-2021,1148.655029,1151.134928,1126.291287,1131.614916,15373834,1,Reliance Industries,RELIANCE.NS,Stock,Energy,https://1drv.ms/i/c/8705623eb284e7df/IQQIhC7Payu-Qb9ArC3GO2_qAfM1tlq1yoox2n-A9v8Xft4?width=600&height=338
28-09-2021,1159.393555,1167.060481,1143.354305,1153.000578,18035258,1,Reliance Industries,RELIANCE.NS,Stock,Energy,https://1drv.ms/i/c/8705623eb284e7df/IQQIhC7Payu-Qb9ArC3GO2_qAfM1tlq1yoox2n-A9v8Xft4?width=600&height=338
29-09-2021,1150.202148,1169.380836,1146.653023,1169.380836,9719875,1,Reliance Industries,RELIANCE.NS,Stock,Energy,https://1drv.ms/i/c/8705623eb284e7df/IQQIhC7Payu-Qb9ArC3GO2_qAfM1tlq1yoox2n-A9v8Xft4?width=600&height=338
30-09-2021,1146.28894,1153.273457,1137.68927,1148.905321,13590654,1,Reliance Industries,RELIANCE.NS,Stock,Energy,https://1drv.ms/i/c/8705623eb284e7df/IQQIhC7Payu-Qb9ArC3GO2_qAfM1tlq1yoox2n-A9v8Xft4?width=600&height=338
01-10-2021,1148.313843,1155.639564,1135.255047,1138.417355,8958928,1,Reliance Industries,RELIANCE.NS,Stock,Energy,https://1drv.ms/i/c/8705623eb284e7df/IQQIhC7Payu-Qb9ArC3GO2_qAfM1tlq1yoox2n-A9v8Xft4?width=600&height=338
04-10-2021,1163.078979,1171.587663,1154.3882,1161.645681,10918552,1,Reliance Industries,RELIANCE.NS,Stock,Energy,https://1drv.ms/i/c/8705623eb284e7df/IQQIhC7Payu-Qb9ArC3GO2_qAfM1tlq1yoox2n-A9v8Xft4?width=600&height=338
05-10-2021,1187.217407,1188.491477,1159.074855,1162.601235,13533634,1,Reliance Industries,RELIANCE.NS,Stock,Energy,https://1drv.ms/i/c/8705623eb284e7df/IQQIhC7Payu-Qb9ArC3GO2_qAfM1tlq1yoox2n-A9v8Xft4?width=600&height=338
06-10-2021,1164.762573,1192.108741,1160.781255,1192.108741,10258881,1,Reliance Industries,RELIANCE.NS,Stock,Energy,https://1drv.ms/i/c/8705623eb284e7df/IQQIhC7Payu-Qb9ArC3GO2_qAfM1tlq1yoox2n-A9v8Xft4?width=600&height=338
07-10-2021,1170.4729,1182.462468,1168.334326,1180.756086,6336665,1,Reliance Industries,RELIANCE.NS,Stock,Energy,https://1drv.ms/i/c/8705623eb284e7df/IQQIhC7Payu-Qb9ArC3GO2_qAfM1tlq1yoox2n-A9v8Xft4?width=600&height=338
08-10-2021,1215.450928,1221.434339,1174.613532,1176.319794,15772493,1,Reliance Industries,RELIANCE.NS,Stock,Energy,https://1drv.ms/i/c/8705623eb284e7df/IQQIhC7Payu-Qb9ArC3GO2_qAfM1tlq1yoox2n-A9v8Xft4?width=600&height=338
11-10-2021,1206.987549,1237.632624,1203.666013,1229.169435,14768666,1,Reliance Industries,RELIANCE.NS,Stock,Energy,https://1drv.ms/i/c/8705623eb284e7df/IQQIhC7Payu-Qb9ArC3GO2_qAfM1tlq1yoox2n-A9v8Xft4?width=600&height=338
12-10-2021,1213.880981,1220.797258,1201.800425,1203.506808,6682011,1,Reliance Industries,RELIANCE.NS,Stock,Energy,https://1drv.ms/i/c/8705623eb284e7df/IQQIhC7Payu-Qb9ArC3GO2_qAfM1tlq1yoox2n-A9v8Xft4?width=600&height=338
13-10-2021,1226.234619,1237.405177,1214.563508,1218.977139,9959762,1,Reliance Industries,RELIANCE.NS,Stock,Energy,https://1drv.ms/i/c/8705623eb284e7df/IQQIhC7Payu-Qb9ArC3GO2_qAfM1tlq1yoox2n-A9v8Xft4?width=600&height=338
14-10-2021,1228.714478,1236.472512,1222.70832,1228.691731,8623469,1,Reliance Industries,RELIANCE.NS,Stock,Energy,https://1drv.ms/i/c/8705623eb284e7df/IQQIhC7Payu-Qb9ArC3GO2_qAfM1tlq1yoox2n-A9v8Xft4?width=600&height=338
18-10-2021,1231.990479,1249.007844,1211.378374,1214.24497,13594479,1,Reliance Industries,RELIANCE.NS,Stock,Energy,https://1drv.ms/i/c/8705623eb284e7df/IQQIhC7Payu-Qb9ArC3GO2_qAfM1tlq1yoox2n-A9v8Xft4?width=600&height=338
19-10-2021,1243.024536,1251.897291,1232.172556,1239.361675,8833409,1,Reliance Industries,RELIANCE.NS,Stock,Energy,https://1drv.ms/i/c/8705623eb284e7df/IQQIhC7Payu-Qb9ArC3GO2_qAfM1tlq1yoox2n-A9v8Xft4?width=600&height=338
20-10-2021,1228.714478,1247.984274,1224.664918,1247.984274,12710570,1,Reliance Industries,RELIANCE.NS,Stock,Energy,https://1drv.ms/i/c/8705623eb284e7df/IQQIhC7Payu-Qb9ArC3GO2_qAfM1tlq1yoox2n-A9v8Xft4?width=600&height=338
21-10-2021,1193.269043,1241.272811,1184.487276,1240.999848,20831669,1,Reliance Industries,RELIANCE.NS,Stock,Energy,https://1drv.ms/i/c/8705623eb284e7df/IQQIhC7Payu-Qb9ArC3GO2_qAfM1tlq1yoox2n-A9v8Xft4?width=600&height=338
22-10-2021,1195.498535,1212.561515,1188.263802,1192.131385,11027475,1,Reliance Industries,RELIANCE.NS,Stock,Energy,https://1drv.ms/i/c/8705623eb284e7df/IQQIhC7Payu-Qb9ArC3GO2_qAfM1tlq1yoox2n-A9v8Xft4?width=600&height=338
25-10-2021,1183.85022,1219.432227,1169.380873,1219.432227,17198417,1,Reliance Industries,RELIANCE.NS,Stock,Energy,https://1drv.ms/i/c/8705623eb284e7df/IQQIhC7Payu-Qb9ArC3GO2_qAfM1tlq1yoox2n-A9v8Xft4?width=600&height=338
26-10-2021,1210.809814,1214.381688,1184.464631,1190.812114,9750178,1,Reliance Industries,RELIANCE.NS,Stock,Energy,https://1drv.ms/i/c/8705623eb284e7df/IQQIhC7Payu-Qb9ArC3GO2_qAfM1tlq1yoox2n-A9v8Xft4?width=600&height=338
27-10-2021,1195.498535,1217.976132,1192.108638,1206.69184,9896298,1,Reliance Industries,RELIANCE.NS,Stock,Energy,https://1drv.ms/i/c/8705623eb284e7df/IQQIhC7Payu-Qb9ArC3GO2_qAfM1tlq1yoox2n-A9v8Xft4?width=600&height=338
28-10-2021,1182.394165,1200.298903,1178.708678,1192.131424,9886181,1,Reliance Industries,RELIANCE.NS,Stock,Energy,https://1drv.ms/i/c/8705623eb284e7df/IQQIhC7Payu-Qb9ArC3GO2_qAfM1tlq1yoox2n-A9v8Xft4?width=600&height=338
29-10-2021,1154.024414,1181.279596,1138.303742,1181.279596,14233025,1,Reliance Industries,RELIANCE.NS,Stock,Energy,https://1drv.ms/i/c/8705623eb284e7df/IQQIhC7Payu-Qb9ArC3GO2_qAfM1tlq1yoox2n-A9v8Xft4?width=600&height=338
01-11-2021,1154.729614,1163.010828,1134.845529,1154.024338,15481114,1,Reliance Industries,RELIANCE.NS,Stock,Energy,https://1drv.ms/i/c/8705623eb284e7df/IQQIhC7Payu-Qb9ArC3GO2_qAfM1tlq1yoox2n-A9v8Xft4?width=600&height=338
02-11-2021,1137.894043,1159.370654,1135.36877,1158.005597,10569130,1,Reliance Industries,RELIANCE.NS,Stock,Energy,https://1drv.ms/i/c/8705623eb284e7df/IQQIhC7Payu-Qb9ArC3GO2_qAfM1tlq1yoox2n-A9v8Xft4?width=600&height=338
03-11-2021,1130.067871,1146.630298,1119.784565,1140.282816,11989430,1,Reliance Industries,RELIANCE.NS,Stock,Energy,https://1drv.ms/i/c/8705623eb284e7df/IQQIhC7Payu-Qb9ArC3GO2_qAfM1tlq1yoox2n-A9v8Xft4?width=600&height=338
04-11-2021,1137.006836,1139.759698,1132.980024,1134.322214,1705656,1,Reliance Industries,RELIANCE.NS,Stock,Energy,https://1drv.ms/i/c/8705623eb284e7df/IQQIhC7Payu-Qb9ArC3GO2_qAfM1tlq1yoox2n-A9v8Xft4?width=600&height=338
08-11-2021,1138.417358,1146.630331,1117.691516,1146.357248,20337183,1,Reliance Industries,RELIANCE.NS,Stock,Energy,https://1drv.ms/i/c/8705623eb284e7df/IQQIhC7Payu-Qb9ArC3GO2_qAfM1tlq1yoox2n-A9v8Xft4?width=600&height=338
09-11-2021,1147.403931,1150.679973,1131.637765,1139.805245,15682497,1,Reliance Industries,RELIANCE.NS,Stock,Energy,https://1drv.ms/i/c/8705623eb284e7df/IQQIhC7Payu-Qb9ArC3GO2_qAfM1tlq1yoox2n-A9v8Xft4?width=600&height=338
10-11-2021,1160.235107,1163.920715,1139.190809,1145.128726,10253470,1,Reliance Industries,RELIANCE.NS,Stock,Energy,https://1drv.ms/i/c/8705623eb284e7df/IQQIhC7Payu-Qb9ArC3GO2_qAfM1tlq1yoox2n-A9v8Xft4?width=600&height=338
11-11-2021,1162.350952,1169.608312,1153.705667,1155.753254,10722478,1,Reliance Industries,RELIANCE.NS,Stock,Energy,https://1drv.ms/i/c/8705623eb284e7df/IQQIhC7Payu-Qb9ArC3GO2_qAfM1tlq1yoox2n-A9v8Xft4?width=600&height=338
12-11-2021,1179.891724,1182.462611,1163.465777,1166.150398,8712341,1,Reliance Industries,RELIANCE.NS,Stock,Energy,https://1drv.ms/i/c/8705623eb284e7df/IQQIhC7Payu-Qb9ArC3GO2_qAfM1tlq1yoox2n-A9v8Xft4?width=600&height=338
15-11-2021,1172.930054,1184.032371,1169.380928,1183.031265,4803269,1,Reliance Industries,RELIANCE.NS,Stock,Energy,https://1drv.ms/i/c/8705623eb284e7df/IQQIhC7Payu-Qb9ArC3GO2_qAfM1tlq1yoox2n-A9v8Xft4?width=600&height=338
16-11-2021,1145.674927,1171.656038,1135.255138,1170.313727,11337581,1,Reliance Industries,RELIANCE.NS,Stock,Energy,https://1drv.ms/i/c/8705623eb284e7df/IQQIhC7Payu-Qb9ArC3GO2_qAfM1tlq1yoox2n-A9v8Xft4?width=600&height=338
17-11-2021,1121.149536,1137.05218,1119.784479,1137.05218,10202029,1,Reliance Industries,RELIANCE.NS,Stock,Energy,https://1drv.ms/i/c/8705623eb284e7df/IQQIhC7Payu-Qb9ArC3GO2_qAfM1tlq1yoox2n-A9v8Xft4?width=600&height=338
18-11-2021,1125.381226,1132.524972,1114.802208,1119.329574,8505625,1,Reliance Industries,RELIANCE.NS,Stock,Energy,https://1drv.ms/i/c/8705623eb284e7df/IQQIhC7Payu-Qb9ArC3GO2_qAfM1tlq1yoox2n-A9v8Xft4?width=600&height=338
22-11-2021,1075.534668,1114.324477,1069.733233,1108.454801,24124307,1,Reliance Industries,RELIANCE.NS,Stock,Energy,https://1drv.ms/i/c/8705623eb284e7df/IQQIhC7Payu-Qb9ArC3GO2_qAfM1tlq1yoox2n-A9v8Xft4?width=600&height=338
23-11-2021,1085.590332,1092.597596,1050.622735,1061.565702,25326999,1,Reliance Industries,RELIANCE.NS,Stock,Energy,https://1drv.ms/i/c/8705623eb284e7df/IQQIhC7Payu-Qb9ArC3GO2_qAfM1tlq1yoox2n-A9v8Xft4?width=600&height=338
24-11-2021,1069.915283,1096.533426,1066.34341,1082.928584,16820296,1,Reliance Industries,RELIANCE.NS,Stock,Energy,https://1drv.ms/i/c/8705623eb284e7df/IQQIhC7Payu-Qb9ArC3GO2_qAfM1tlq1yoox2n-A9v8Xft4?width=600&height=338
25-11-2021,1134.322144,1138.440064,1072.531559,1079.743546,42401936,1,Reliance Industries,RELIANCE.NS,Stock,Energy,https://1drv.ms/i/c/8705623eb284e7df/IQQIhC7Payu-Qb9ArC3GO2_qAfM1tlq1yoox2n-A9v8Xft4?width=600&height=338
26-11-2021,1097.762085,1127.337815,1092.711419,1122.878691,15763138,1,Reliance Industries,RELIANCE.NS,Stock,Energy,https://1drv.ms/i/c/8705623eb284e7df/IQQIhC7Payu-Qb9ArC3GO2_qAfM1tlq1yoox2n-A9v8Xft4?width=600&height=338
29-11-2021,1110.911865,1137.530131,1091.619322,1109.819891,24325354,1,Reliance Industries,RELIANCE.NS,Stock,Energy,https://1drv.ms/i/c/8705623eb284e7df/IQQIhC7Payu-Qb9ArC3GO2_qAfM1tlq1yoox2n-A9v8Xft4?width=600&height=338
30-11-2021,1094.485962,1126.564339,1086.955517,1122.969719,32172299,1,Reliance Industries,RELIANCE.NS,Stock,Energy,https://1drv.ms/i/c/8705623eb284e7df/IQQIhC7Payu-Qb9ArC3GO2_qAfM1tlq1yoox2n-A9v8Xft4?width=600&height=338
01-12-2021,1122.514771,1125.699825,1103.449696,1107.044316,10104610,1,Reliance Industries,RELIANCE.NS,Stock,Energy,https://1drv.ms/i/c/8705623eb284e7df/IQQIhC7Payu-Qb9ArC3GO2_qAfM1tlq1yoox2n-A9v8Xft4?width=600&height=338
02-12-2021,1129.726563,1135.800961,1120.057544,1123.743152,12720411,1,Reliance Industries,RELIANCE.NS,Stock,Energy,https://1drv.ms/i/c/8705623eb284e7df/IQQIhC7Payu-Qb9ArC3GO2_qAfM1tlq1yoox2n-A9v8Xft4?width=600&height=338
03-12-2021,1095.782593,1136.847454,1092.028745,1136.80196,19222481,1,Reliance Industries,RELIANCE.NS,Stock,Energy,https://1drv.ms/i/c/8705623eb284e7df/IQQIhC7Payu-Qb9ArC3GO2_qAfM1tlq1yoox2n-A9v8Xft4?width=600&height=338
06-12-2021,1075.011353,1103.40412,1072.531574,1099.309067,10332254,1,Reliance Industries,RELIANCE.NS,Stock,Energy,https://1drv.ms/i/c/8705623eb284e7df/IQQIhC7Payu-Qb9ArC3GO2_qAfM1tlq1yoox2n-A9v8Xft4?width=600&height=338
07-12-2021,1083.770386,1093.848849,1073.828404,1081.176872,11235122,1,Reliance Industries,RELIANCE.NS,Stock,Energy,https://1drv.ms/i/c/8705623eb284e7df/IQQIhC7Payu-Qb9ArC3GO2_qAfM1tlq1yoox2n-A9v8Xft4?width=600&height=338
08-12-2021,1100.264648,1106.498276,1094.895525,1102.994764,8744178,1,Reliance Industries,RELIANCE.NS,Stock,Energy,https://1drv.ms/i/c/8705623eb284e7df/IQQIhC7Payu-Qb9ArC3GO2_qAfM1tlq1yoox2n-A9v8Xft4?width=600&height=338
09-12-2021,1117.714355,1126.109305,1103.404236,1107.954348,13213547,1,Reliance Industries,RELIANCE.NS,Stock,Energy,https://1drv.ms/i/c/8705623eb284e7df/IQQIhC7Payu-Qb9ArC3GO2_qAfM1tlq1yoox2n-A9v8Xft4?width=600&height=338
10-12-2021,1118.851807,1122.059608,1105.838385,1110.343003,8364414,1,Reliance Industries,RELIANCE.NS,Stock,Energy,https://1drv.ms/i/c/8705623eb284e7df/IQQIhC7Payu-Qb9ArC3GO2_qAfM1tlq1yoox2n-A9v8Xft4?width=600&height=338
13-12-2021,1096.4198,1125.745314,1093.848913,1125.472351,12901733,1,Reliance Industries,RELIANCE.NS,Stock,Energy,https://1drv.ms/i/c/8705623eb284e7df/IQQIhC7Payu-Qb9ArC3GO2_qAfM1tlq1yoox2n-A9v8Xft4?width=600&height=338
14-12-2021,1082.996826,1094.758925,1079.925507,1082.928585,12991523,1,Reliance Industries,RELIANCE.NS,Stock,Energy,https://1drv.ms/i/c/8705623eb284e7df/IQQIhC7Payu-Qb9ArC3GO2_qAfM1tlq1yoox2n-A9v8Xft4?width=600&height=338
15-12-2021,1079.834595,1094.303942,1074.32887,1084.748658,9366969,1,Reliance Industries,RELIANCE.NS,Stock,Energy,https://1drv.ms/i/c/8705623eb284e7df/IQQIhC7Payu-Qb9ArC3GO2_qAfM1tlq1yoox2n-A9v8Xft4?width=600&height=338
16-12-2021,1093.803345,1099.08148,1077.764217,1094.622355,9761279,1,Reliance Industries,RELIANCE.NS,Stock,Energy,https://1drv.ms/i/c/8705623eb284e7df/IQQIhC7Payu-Qb9ArC3GO2_qAfM1tlq1yoox2n-A9v8Xft4?width=600&height=338
17-12-2021,1064.932861,1095.668925,1055.627794,1091.14156,21049821,1,Reliance Industries,RELIANCE.NS,Stock,Energy,https://1drv.ms/i/c/8705623eb284e7df/IQQIhC7Payu-Qb9ArC3GO2_qAfM1tlq1yoox2n-A9v8Xft4?width=600&height=338
20-12-2021,1036.221558,1054.649474,1022.457368,1054.649474,14325846,1,Reliance Industries,RELIANCE.NS,Stock,Energy,https://1drv.ms/i/c/8705623eb284e7df/IQQIhC7Payu-Qb9ArC3GO2_qAfM1tlq1yoox2n-A9v8Xft4?width=600&height=338
21-12-2021,1051.646606,1067.458266,1042.978694,1051.6921,12836561,1,Reliance Industries,RELIANCE.NS,Stock,Energy,https://1drv.ms/i/c/8705623eb284e7df/IQQIhC7Payu-Qb9ArC3GO2_qAfM1tlq1yoox2n-A9v8Xft4?width=600&height=338
22-12-2021,1076.603882,1079.243009,1056.537943,1057.857386,17658543,1,Reliance Industries,RELIANCE.NS,Stock,Energy,https://1drv.ms/i/c/8705623eb284e7df/IQQIhC7Payu-Qb9ArC3GO2_qAfM1tlq1yoox2n-A9v8Xft4?width=600&height=338
23-12-2021,1076.217285,1082.928719,1072.941243,1080.198604,9072401,1,Reliance Industries,RELIANCE.NS,Stock,Energy,https://1drv.ms/i/c/8705623eb284e7df/IQQIhC7Payu-Qb9ArC3GO2_qAfM1tlq1yoox2n-A9v8Xft4?width=600&height=338
24-12-2021,1079.652588,1088.388741,1063.61334,1078.378518,7886494,1,Reliance Industries,RELIANCE.NS,Stock,Energy,https://1drv.ms/i/c/8705623eb284e7df/IQQIhC7Payu-Qb9ArC3GO2_qAfM1tlq1yoox2n-A9v8Xft4?width=600&height=338
27-12-2021,1078.49231,1082.018689,1068.413845,1074.533738,4017223,1,Reliance Industries,RELIANCE.NS,Stock,Energy,https://1drv.ms/i/c/8705623eb284e7df/IQQIhC7Payu-Qb9ArC3GO2_qAfM1tlq1yoox2n-A9v8Xft4?width=600&height=338
28-12-2021,1091.300781,1094.235619,1079.766273,1080.926487,6374613,1,Reliance Industries,RELIANCE.NS,Stock,Energy,https://1drv.ms/i/c/8705623eb284e7df/IQQIhC7Payu-Qb9ArC3GO2_qAfM1tlq1yoox2n-A9v8Xft4?width=600&height=338
29-12-2021,1093.166382,1100.674079,1083.884062,1087.933741,15425312,1,Reliance Industries,RELIANCE.NS,Stock,Energy,https://1drv.ms/i/c/8705623eb284e7df/IQQIhC7Payu-Qb9ArC3GO2_qAfM1tlq1yoox2n-A9v8Xft4?width=600&height=338
30-12-2021,1073.418945,1094.281271,1067.276305,1092.028961,29333171,1,Reliance Industries,RELIANCE.NS,Stock,Energy,https://1drv.ms/i/c/8705623eb284e7df/IQQIhC7Payu-Qb9ArC3GO2_qAfM1tlq1yoox2n-A9v8Xft4?width=600&height=338
31-12-2021,1077.536621,1084.702993,1073.828267,1079.743436,9477290,1,Reliance Industries,RELIANCE.NS,Stock,Energy,https://1drv.ms/i/c/8705623eb284e7df/IQQIhC7Payu-Qb9ArC3GO2_qAfM1tlq1yoox2n-A9v8Xft4?width=600&height=338
03-01-2022,1093.78064,1095.646251,1075.443709,1076.103491,5421611,1,Reliance Industries,RELIANCE.NS,Stock,Energy,https://1drv.ms/i/c/8705623eb284e7df/IQQIhC7Payu-Qb9ArC3GO2_qAfM1tlq1yoox2n-A9v8Xft4?width=600&height=338
04-01-2022,1118.464966,1119.78453,1093.848795,1099.263532,10847728,1,Reliance Industries,RELIANCE.NS,Stock,Energy,https://1drv.ms/i/c/8705623eb284e7df/IQQIhC7Payu-Qb9ArC3GO2_qAfM1tlq1yoox2n-A9v8Xft4?width=600&height=338
05-01-2022,1123.697754,1127.064905,1107.02159,1120.239736,11643813,1,Reliance Industries,RELIANCE.NS,Stock,Energy,https://1drv.ms/i/c/8705623eb284e7df/IQQIhC7Payu-Qb9ArC3GO2_qAfM1tlq1yoox2n-A9v8Xft4?width=600&height=338
06-01-2022,1099.536499,1116.599479,1096.123855,1115.325409,14447422,1,Reliance Industries,RELIANCE.NS,Stock,Energy,https://1drv.ms/i/c/8705623eb284e7df/IQQIhC7Payu-Qb9ArC3GO2_qAfM1tlq1yoox2n-A9v8Xft4?width=600&height=338
07-01-2022,1108.409302,1118.442271,1097.284238,1106.111499,13112115,1,Reliance Industries,RELIANCE.NS,Stock,Energy,https://1drv.ms/i/c/8705623eb284e7df/IQQIhC7Payu-Qb9ArC3GO2_qAfM1tlq1yoox2n-A9v8Xft4?width=600&height=338
10-01-2022,1109.319336,1117.964622,1099.33186,1115.689565,9246731,1,Reliance Industries,RELIANCE.NS,Stock,Energy,https://1drv.ms/i/c/8705623eb284e7df/IQQIhC7Payu-Qb9ArC3GO2_qAfM1tlq1yoox2n-A9v8Xft4?width=600&height=338
11-01-2022,1117.304932,1126.132073,1107.954369,1108.409429,16205164,1,Reliance Industries,RELIANCE.NS,Stock,Energy,https://1drv.ms/i/c/8705623eb284e7df/IQQIhC7Payu-Qb9ArC3GO2_qAfM1tlq1yoox2n-A9v8Xft4?width=600&height=338
12-01-2022,1147.130859,1148.882736,1121.604687,1124.471284,14800442,1,Reliance Industries,RELIANCE.NS,Stock,Energy,https://1drv.ms/i/c/8705623eb284e7df/IQQIhC7Payu-Qb9ArC3GO2_qAfM1tlq1yoox2n-A9v8Xft4?width=600&height=338
13-01-2022,1153.592041,1156.185675,1141.352255,1147.199185,11856712,1,Reliance Industries,RELIANCE.NS,Stock,Energy,https://1drv.ms/i/c/8705623eb284e7df/IQQIhC7Payu-Qb9ArC3GO2_qAfM1tlq1yoox2n-A9v8Xft4?width=600&height=338
14-01-2022,1155.275391,1168.15221,1149.29198,1153.455394,19930176,1,Reliance Industries,RELIANCE.NS,Stock,Energy,https://1drv.ms/i/c/8705623eb284e7df/IQQIhC7Payu-Qb9ArC3GO2_qAfM1tlq1yoox2n-A9v8Xft4?width=600&height=338
17-01-2022,1161.304321,1167.105756,1154.365419,1154.820478,8036453,1,Reliance Industries,RELIANCE.NS,Stock,Energy,https://1drv.ms/i/c/8705623eb284e7df/IQQIhC7Payu-Qb9ArC3GO2_qAfM1tlq1yoox2n-A9v8Xft4?width=600&height=338
18-01-2022,1147.449219,1165.899882,1144.696357,1162.441865,6215029,1,Reliance Industries,RELIANCE.NS,Stock,Energy,https://1drv.ms/i/c/8705623eb284e7df/IQQIhC7Payu-Qb9ArC3GO2_qAfM1tlq1yoox2n-A9v8Xft4?width=600&height=338
19-01-2022,1147.358276,1156.640476,1141.625082,1151.180366,9755485,1,Reliance Industries,RELIANCE.NS,Stock,Energy,https://1drv.ms/i/c/8705623eb284e7df/IQQIhC7Payu-Qb9ArC3GO2_qAfM1tlq1yoox2n-A9v8Xft4?width=600&height=338
20-01-2022,1127.269531,1142.057456,1117.054466,1137.552838,16494486,1,Reliance Industries,RELIANCE.NS,Stock,Energy,https://1drv.ms/i/c/8705623eb284e7df/IQQIhC7Payu-Qb9ArC3GO2_qAfM1tlq1yoox2n-A9v8Xft4?width=600&height=338
21-01-2022,1127.451416,1138.553732,1115.689438,1115.689438,13338594,1,Reliance Industries,RELIANCE.NS,Stock,Energy,https://1drv.ms/i/c/8705623eb284e7df/IQQIhC7Payu-Qb9ArC3GO2_qAfM1tlq1yoox2n-A9v8Xft4?width=600&height=338
24-01-2022,1081.973145,1139.691425,1071.59885,1126.154703,21868937,1,Reliance Industries,RELIANCE.NS,Stock,Energy,https://1drv.ms/i/c/8705623eb284e7df/IQQIhC7Payu-Qb9ArC3GO2_qAfM1tlq1yoox2n-A9v8Xft4?width=600&height=338
25-01-2022,1079.8573,1086.864444,1048.802658,1069.07344,24510205,1,Reliance Industries,RELIANCE.NS,Stock,Energy,https://1drv.ms/i/c/8705623eb284e7df/IQQIhC7Payu-Qb9ArC3GO2_qAfM1tlq1yoox2n-A9v8Xft4?width=600&height=338
27-01-2022,1063.863647,1072.053874,1051.555621,1062.908155,20020431,1,Reliance Industries,RELIANCE.NS,Stock,Energy,https://1drv.ms/i/c/8705623eb284e7df/IQQIhC7Payu-Qb9ArC3GO2_qAfM1tlq1yoox2n-A9v8Xft4?width=600&height=338
28-01-2022,1062.839844,1081.06304,1059.450067,1076.103482,14667727,1,Reliance Industries,RELIANCE.NS,Stock,Energy,https://1drv.ms/i/c/8705623eb284e7df/IQQIhC7Payu-Qb9ArC3GO2_qAfM1tlq1yoox2n-A9v8Xft4?width=600&height=338
31-01-2022,1085.931763,1094.941,1072.099329,1073.919447,12143683,1,Reliance Industries,RELIANCE.NS,Stock,Energy,https://1drv.ms/i/c/8705623eb284e7df/IQQIhC7Payu-Qb9ArC3GO2_qAfM1tlq1yoox2n-A9v8Xft4?width=600&height=338
01-02-2022,1082.337158,1101.402113,1067.958798,1095.669038,13200509,1,Reliance Industries,RELIANCE.NS,Stock,Energy,https://1drv.ms/i/c/8705623eb284e7df/IQQIhC7Payu-Qb9ArC3GO2_qAfM1tlq1yoox2n-A9v8Xft4?width=600&height=338
02-02-2022,1084.543823,1095.213827,1080.698987,1095.213827,10017691,1,Reliance Industries,RELIANCE.NS,Stock,Energy,https://1drv.ms/i/c/8705623eb284e7df/IQQIhC7Payu-Qb9ArC3GO2_qAfM1tlq1yoox2n-A9v8Xft4?width=600&height=338
03-02-2022,1070.529419,1092.688558,1068.004147,1088.388662,9572839,1,Reliance Industries,RELIANCE.NS,Stock,Energy,https://1drv.ms/i/c/8705623eb284e7df/IQQIhC7Payu-Qb9ArC3GO2_qAfM1tlq1yoox2n-A9v8Xft4?width=600&height=338
04-02-2022,1060.769531,1068.573059,1056.128431,1065.183162,11061241,1,Reliance Industries,RELIANCE.NS,Stock,Energy,https://1drv.ms/i/c/8705623eb284e7df/IQQIhC7Payu-Qb9ArC3GO2_qAfM1tlq1yoox2n-A9v8Xft4?width=600&height=338
07-02-2022,1054.30835,1072.372316,1048.802625,1065.638136,10714467,1,Reliance Industries,RELIANCE.NS,Stock,Energy,https://1drv.ms/i/c/8705623eb284e7df/IQQIhC7Payu-Qb9ArC3GO2_qAfM1tlq1yoox2n-A9v8Xft4?width=600&height=338
08-02-2022,1072.031006,1073.828376,1051.077695,1060.47375,12060849,1,Reliance Industries,RELIANCE.NS,Stock,Energy,https://1drv.ms/i/c/8705623eb284e7df/IQQIhC7Payu-Qb9ArC3GO2_qAfM1tlq1yoox2n-A9v8Xft4?width=600&height=338
09-02-2022,1084.521118,1086.204633,1072.918369,1078.901659,11486225,1,Reliance Industries,RELIANCE.NS,Stock,Energy,https://1drv.ms/i/c/8705623eb284e7df/IQQIhC7Payu-Qb9ArC3GO2_qAfM1tlq1yoox2n-A9v8Xft4?width=600&height=338
10-02-2022,1083.406494,1090.072314,1076.149013,1090.072314,12464491,1,Reliance Industries,RELIANCE.NS,Stock,Energy,https://1drv.ms/i/c/8705623eb284e7df/IQQIhC7Payu-Qb9ArC3GO2_qAfM1tlq1yoox2n-A9v8Xft4?width=600&height=338
11-02-2022,1081.290649,1084.976257,1066.593712,1079.857351,15943370,1,Reliance Industries,RELIANCE.NS,Stock,Energy,https://1drv.ms/i/c/8705623eb284e7df/IQQIhC7Payu-Qb9ArC3GO2_qAfM1tlq1yoox2n-A9v8Xft4?width=600&height=338
14-02-2022,1064.068481,1071.530685,1052.442863,1064.841998,10719633,1,Reliance Industries,RELIANCE.NS,Stock,Energy,https://1drv.ms/i/c/8705623eb284e7df/IQQIhC7Payu-Qb9ArC3GO2_qAfM1tlq1yoox2n-A9v8Xft4?width=600&height=338
15-02-2022,1100.196289,1102.903657,1062.771539,1069.824177,11212671,1,Reliance Industries,RELIANCE.NS,Stock,Energy,https://1drv.ms/i/c/8705623eb284e7df/IQQIhC7Payu-Qb9ArC3GO2_qAfM1tlq1yoox2n-A9v8Xft4?width=600&height=338
16-02-2022,1097.921387,1107.044359,1090.186219,1105.679301,10392840,1,Reliance Industries,RELIANCE.NS,Stock,Energy,https://1drv.ms/i/c/8705623eb284e7df/IQQIhC7Payu-Qb9ArC3GO2_qAfM1tlq1yoox2n-A9v8Xft4?width=600&height=338
17-02-2022,1111.821899,1117.009047,1096.579035,1101.174641,12853252,1,Reliance Industries,RELIANCE.NS,Stock,Energy,https://1drv.ms/i/c/8705623eb284e7df/IQQIhC7Payu-Qb9ArC3GO2_qAfM1tlq1yoox2n-A9v8Xft4?width=600&height=338
18-02-2022,1103.131226,1117.691561,1101.197374,1112.23145,6775458,1,Reliance Industries,RELIANCE.NS,Stock,Energy,https://1drv.ms/i/c/8705623eb284e7df/IQQIhC7Payu-Qb9ArC3GO2_qAfM1tlq1yoox2n-A9v8Xft4?width=600&height=338
21-02-2022,1091.983276,1109.09175,1085.021627,1097.48888,11107193,1,Reliance Industries,RELIANCE.NS,Stock,Energy,https://1drv.ms/i/c/8705623eb284e7df/IQQIhC7Payu-Qb9ArC3GO2_qAfM1tlq1yoox2n-A9v8Xft4?width=600&height=338
22-02-2022,1087.023804,1090.163485,1067.981595,1070.597856,13494914,1,Reliance Industries,RELIANCE.NS,Stock,Energy,https://1drv.ms/i/c/8705623eb284e7df/IQQIhC7Payu-Qb9ArC3GO2_qAfM1tlq1yoox2n-A9v8Xft4?width=600&height=338
23-02-2022,1080.221313,1095.009239,1077.468571,1092.52946,7310110,1,Reliance Industries,RELIANCE.NS,Stock,Energy,https://1drv.ms/i/c/8705623eb284e7df/IQQIhC7Payu-Qb9ArC3GO2_qAfM1tlq1yoox2n-A9v8Xft4?width=600&height=338
24-02-2022,1026.393311,1064.682686,1020.773971,1048.802667,24846650,1,Reliance Industries,RELIANCE.NS,Stock,Energy,https://1drv.ms/i/c/8705623eb284e7df/IQQIhC7Payu-Qb9ArC3GO2_qAfM1tlq1yoox2n-A9v8Xft4?width=600&height=338
25-02-2022,1039.224731,1050.144952,1035.721099,1037.472855,14570089,1,Reliance Industries,RELIANCE.NS,Stock,Energy,https://1drv.ms/i/c/8705623eb284e7df/IQQIhC7Payu-Qb9ArC3GO2_qAfM1tlq1yoox2n-A9v8Xft4?width=600&height=338
28-02-2022,1073.623535,1077.172661,1020.59197,1020.59197,21297446,1,Reliance Industries,RELIANCE.NS,Stock,Energy,https://1drv.ms/i/c/8705623eb284e7df/IQQIhC7Payu-Qb9ArC3GO2_qAfM1tlq1yoox2n-A9v8Xft4?width=600&height=338
02-03-2022,1091.369019,1092.48386,1059.813945,1062.202736,21471786,1,Reliance Industries,RELIANCE.NS,Stock,Energy,https://1drv.ms/i/c/8705623eb284e7df/IQQIhC7Payu-Qb9ArC3GO2_qAfM1tlq1yoox2n-A9v8Xft4?width=600&height=338
03-03-2022,1082.155029,1098.785697,1078.401181,1092.02877,10186748,1,Reliance Industries,RELIANCE.NS,Stock,Energy,https://1drv.ms/i/c/8705623eb284e7df/IQQIhC7Payu-Qb9ArC3GO2_qAfM1tlq1yoox2n-A9v8Xft4?width=600&height=338
04-03-2022,1058.153198,1075.784852,1055.787154,1070.643199,10805667,1,Reliance Industries,RELIANCE.NS,Stock,Energy,https://1drv.ms/i/c/8705623eb284e7df/IQQIhC7Payu-Qb9ArC3GO2_qAfM1tlq1yoox2n-A9v8Xft4?width=600&height=338
07-03-2022,1019.022278,1052.0334,1011.036774,1036.835909,17983310,1,Reliance Industries,RELIANCE.NS,Stock,Energy,https://1drv.ms/i/c/8705623eb284e7df/IQQIhC7Payu-Qb9ArC3GO2_qAfM1tlq1yoox2n-A9v8Xft4?width=600&height=338
08-03-2022,1017.179382,1021.957085,991.9262348,1006.259101,21289374,1,Reliance Industries,RELIANCE.NS,Stock,Energy,https://1drv.ms/i/c/8705623eb284e7df/IQQIhC7Payu-Qb9ArC3GO2_qAfM1tlq1yoox2n-A9v8Xft4?width=600&height=338
09-03-2022,1071.143799,1077.013475,1016.565078,1017.406956,20414228,1,Reliance Industries,RELIANCE.NS,Stock,Energy,https://1drv.ms/i/c/8705623eb284e7df/IQQIhC7Payu-Qb9ArC3GO2_qAfM1tlq1yoox2n-A9v8Xft4?width=600&height=338
10-03-2022,1088.502441,1094.303876,1073.828372,1092.02882,17980493,1,Reliance Industries,RELIANCE.NS,Stock,Energy,https://1drv.ms/i/c/8705623eb284e7df/IQQIhC7Payu-Qb9ArC3GO2_qAfM1tlq1yoox2n-A9v8Xft4?width=600&height=338
11-03-2022,1091.641968,1097.033958,1081.131192,1081.131192,12257423,1,Reliance Industries,RELIANCE.NS,Stock,Energy,https://1drv.ms/i/c/8705623eb284e7df/IQQIhC7Payu-Qb9ArC3GO2_qAfM1tlq1yoox2n-A9v8Xft4?width=600&height=338
14-03-2022,1100.605835,1103.131228,1080.19857,1086.068246,8340678,1,Reliance Industries,RELIANCE.NS,Stock,Energy,https://1drv.ms/i/c/8705623eb284e7df/IQQIhC7Payu-Qb9ArC3GO2_qAfM1tlq1yoox2n-A9v8Xft4?width=600&height=338
15-03-2022,1075.398193,1104.746453,1065.114887,1104.746453,15925769,1,Reliance Industries,RELIANCE.NS,Stock,Energy,https://1drv.ms/i/c/8705623eb284e7df/IQQIhC7Payu-Qb9ArC3GO2_qAfM1tlq1yoox2n-A9v8Xft4?width=600&height=338
16-03-2022,1093.553223,1095.623556,1081.609147,1083.83871,11149828,1,Reliance Industries,RELIANCE.NS,Stock,Energy,https://1drv.ms/i/c/8705623eb284e7df/IQQIhC7Payu-Qb9ArC3GO2_qAfM1tlq1yoox2n-A9v8Xft4?width=600&height=338
17-03-2022,1129.203247,1136.346872,1098.899378,1106.930375,21422098,1,Reliance Industries,RELIANCE.NS,Stock,Energy,https://1drv.ms/i/c/8705623eb284e7df/IQQIhC7Payu-Qb9ArC3GO2_qAfM1tlq1yoox2n-A9v8Xft4?width=600&height=338
21-03-2022,1122.696777,1130.249969,1109.774462,1112.049519,11999466,1,Reliance Industries,RELIANCE.NS,Stock,Energy,https://1drv.ms/i/c/8705623eb284e7df/IQQIhC7Payu-Qb9ArC3GO2_qAfM1tlq1yoox2n-A9v8Xft4?width=600&height=338
22-03-2022,1151.703735,1153.432744,1116.417559,1119.375023,22557065,1,Reliance Industries,RELIANCE.NS,Stock,Energy,https://1drv.ms/i/c/8705623eb284e7df/IQQIhC7Payu-Qb9ArC3GO2_qAfM1tlq1yoox2n-A9v8Xft4?width=600&height=338
23-03-2022,1155.366455,1167.037566,1147.99536,1147.99536,15462187,1,Reliance Industries,RELIANCE.NS,Stock,Energy,https://1drv.ms/i/c/8705623eb284e7df/IQQIhC7Payu-Qb9ArC3GO2_qAfM1tlq1yoox2n-A9v8Xft4?width=600&height=338
24-03-2022,1173.31665,1175.819296,1142.080154,1142.080154,13168266,1,Reliance Industries,RELIANCE.NS,Stock,Energy,https://1drv.ms/i/c/8705623eb284e7df/IQQIhC7Payu-Qb9ArC3GO2_qAfM1tlq1yoox2n-A9v8Xft4?width=600&height=338
25-03-2022,1181.142822,1190.311286,1172.565779,1175.068424,14222488,1,Reliance Industries,RELIANCE.NS,Stock,Energy,https://1drv.ms/i/c/8705623eb284e7df/IQQIhC7Payu-Qb9ArC3GO2_qAfM1tlq1yoox2n-A9v8Xft4?width=600&height=338
28-03-2022,1193.018921,1196.567927,1176.888684,1187.581436,9891424,1,Reliance Industries,RELIANCE.NS,Stock,Energy,https://1drv.ms/i/c/8705623eb284e7df/IQQIhC7Payu-Qb9ArC3GO2_qAfM1tlq1yoox2n-A9v8Xft4?width=600&height=338
29-03-2022,1193.291748,1200.321639,1186.398339,1200.321639,8684065,1,Reliance Industries,RELIANCE.NS,Stock,Energy,https://1drv.ms/i/c/8705623eb284e7df/IQQIhC7Payu-Qb9ArC3GO2_qAfM1tlq1yoox2n-A9v8Xft4?width=600&height=338
30-03-2022,1216.224487,1223.072403,1190.812051,1201.186345,15811550,1,Reliance Industries,RELIANCE.NS,Stock,Energy,https://1drv.ms/i/c/8705623eb284e7df/IQQIhC7Payu-Qb9ArC3GO2_qAfM1tlq1yoox2n-A9v8Xft4?width=600&height=338
31-03-2022,1198.842896,1214.745662,1196.04466,1212.58434,13223718,1,Reliance Industries,RELIANCE.NS,Stock,Energy,https://1drv.ms/i/c/8705623eb284e7df/IQQIhC7Payu-Qb9ArC3GO2_qAfM1tlq1yoox2n-A9v8Xft4?width=600&height=338
01-04-2022,1208.443604,1212.675258,1193.041512,1199.41162,7922880,1,Reliance Industries,RELIANCE.NS,Stock,Energy,https://1drv.ms/i/c/8705623eb284e7df/IQQIhC7Payu-Qb9ArC3GO2_qAfM1tlq1yoox2n-A9v8Xft4?width=600&height=338
04-04-2022,1212.015503,1217.157156,1201.982533,1208.261654,7929162,1,Reliance Industries,RELIANCE.NS,Stock,Energy,https://1drv.ms/i/c/8705623eb284e7df/IQQIhC7Payu-Qb9ArC3GO2_qAfM1tlq1yoox2n-A9v8Xft4?width=600&height=338
05-04-2022,1194.884399,1214.836726,1192.450114,1206.282428,13149870,1,Reliance Industries,RELIANCE.NS,Stock,Energy,https://1drv.ms/i/c/8705623eb284e7df/IQQIhC7Payu-Qb9ArC3GO2_qAfM1tlq1yoox2n-A9v8Xft4?width=600&height=338
06-04-2022,1191.699341,1198.729232,1177.161752,1177.161752,12257215,1,Reliance Industries,RELIANCE.NS,Stock,Energy,https://1drv.ms/i/c/8705623eb284e7df/IQQIhC7Payu-Qb9ArC3GO2_qAfM1tlq1yoox2n-A9v8Xft4?width=600&height=338
07-04-2022,1170.677734,1185.76137,1168.01586,1180.801692,15496499,1,Reliance Industries,RELIANCE.NS,Stock,Energy,https://1drv.ms/i/c/8705623eb284e7df/IQQIhC7Payu-Qb9ArC3GO2_qAfM1tlq1yoox2n-A9v8Xft4?width=600&height=338
08-04-2022,1190.152222,1194.406624,1164.830774,1164.830774,15152495,1,Reliance Industries,RELIANCE.NS,Stock,Energy,https://1drv.ms/i/c/8705623eb284e7df/IQQIhC7Payu-Qb9ArC3GO2_qAfM1tlq1yoox2n-A9v8Xft4?width=600&height=338
11-04-2022,1187.672363,1200.571929,1175.295977,1183.031143,9254209,1,Reliance Industries,RELIANCE.NS,Stock,Energy,https://1drv.ms/i/c/8705623eb284e7df/IQQIhC7Payu-Qb9ArC3GO2_qAfM1tlq1yoox2n-A9v8Xft4?width=600&height=338
12-04-2022,1165.308716,1184.214443,1162.737829,1177.11619,13217742,1,Reliance Industries,RELIANCE.NS,Stock,Energy,https://1drv.ms/i/c/8705623eb284e7df/IQQIhC7Payu-Qb9ArC3GO2_qAfM1tlq1yoox2n-A9v8Xft4?width=600&height=338
13-04-2022,1161.031494,1179.664256,1158.233138,1171.428536,10354235,1,Reliance Industries,RELIANCE.NS,Stock,Energy,https://1drv.ms/i/c/8705623eb284e7df/IQQIhC7Payu-Qb9ArC3GO2_qAfM1tlq1yoox2n-A9v8Xft4?width=600&height=338
18-04-2022,1157.4823,1164.739781,1147.44933,1152.545489,9974224,1,Reliance Industries,RELIANCE.NS,Stock,Energy,https://1drv.ms/i/c/8705623eb284e7df/IQQIhC7Payu-Qb9ArC3GO2_qAfM1tlq1yoox2n-A9v8Xft4?width=600&height=338
19-04-2022,1201.595825,1213.972213,1160.758547,1163.920855,26141820,1,Reliance Industries,RELIANCE.NS,Stock,Energy,https://1drv.ms/i/c/8705623eb284e7df/IQQIhC7Payu-Qb9ArC3GO2_qAfM1tlq1yoox2n-A9v8Xft4?width=600&height=338
20-04-2022,1236.92749,1244.002996,1205.372413,1209.012527,25072240,1,Reliance Industries,RELIANCE.NS,Stock,Energy,https://1drv.ms/i/c/8705623eb284e7df/IQQIhC7Payu-Qb9ArC3GO2_qAfM1tlq1yoox2n-A9v8Xft4?width=600&height=338
21-04-2022,1265.889038,1269.028599,1243.092862,1251.692654,21708633,1,Reliance Industries,RELIANCE.NS,Stock,Energy,https://1drv.ms/i/c/8705623eb284e7df/IQQIhC7Payu-Qb9ArC3GO2_qAfM1tlq1yoox2n-A9v8Xft4?width=600&height=338
22-04-2022,1255.287354,1274.94385,1248.64416,1255.332847,15054154,1,Reliance Industries,RELIANCE.NS,Stock,Energy,https://1drv.ms/i/c/8705623eb284e7df/IQQIhC7Payu-Qb9ArC3GO2_qAfM1tlq1yoox2n-A9v8Xft4?width=600&height=338
25-04-2022,1226.257446,1255.105154,1211.992821,1247.825046,17063215,1,Reliance Industries,RELIANCE.NS,Stock,Energy,https://1drv.ms/i/c/8705623eb284e7df/IQQIhC7Payu-Qb9ArC3GO2_qAfM1tlq1yoox2n-A9v8Xft4?width=600&height=338
26-04-2022,1262.954102,1271.758615,1232.036062,1233.082542,12227666,1,Reliance Industries,RELIANCE.NS,Stock,Energy,https://1drv.ms/i/c/8705623eb284e7df/IQQIhC7Payu-Qb9ArC3GO2_qAfM1tlq1yoox2n-A9v8Xft4?width=600&height=338
27-04-2022,1264.182739,1286.774072,1253.580855,1253.944926,19338945,1,Reliance Industries,RELIANCE.NS,Stock,Energy,https://1drv.ms/i/c/8705623eb284e7df/IQQIhC7Payu-Qb9ArC3GO2_qAfM1tlq1yoox2n-A9v8Xft4?width=600&height=338
28-04-2022,1283.065674,1297.239311,1267.708955,1278.561056,25614076,1,Reliance Industries,RELIANCE.NS,Stock,Energy,https://1drv.ms/i/c/8705623eb284e7df/IQQIhC7Payu-Qb9ArC3GO2_qAfM1tlq1yoox2n-A9v8Xft4?width=600&height=338
29-04-2022,1269.597534,1299.582834,1263.70511,1299.582834,18214862,1,Reliance Industries,RELIANCE.NS,Stock,Energy,https://1drv.ms/i/c/8705623eb284e7df/IQQIhC7Payu-Qb9ArC3GO2_qAfM1tlq1yoox2n-A9v8Xft4?width=600&height=338
02-05-2022,1265.138184,1276.536211,1254.945865,1256.743235,9467006,1,Reliance Industries,RELIANCE.NS,Stock,Energy,https://1drv.ms/i/c/8705623eb284e7df/IQQIhC7Payu-Qb9ArC3GO2_qAfM1tlq1yoox2n-A9v8Xft4?width=600&height=338
04-05-2022,1225.643188,1269.483665,1217.748793,1267.208609,19247660,1,Reliance Industries,RELIANCE.NS,Stock,Energy,https://1drv.ms/i/c/8705623eb284e7df/IQQIhC7Payu-Qb9ArC3GO2_qAfM1tlq1yoox2n-A9v8Xft4?width=600&height=338
05-05-2022,1201.641113,1242.182674,1197.591555,1239.225089,17210669,1,Reliance Industries,RELIANCE.NS,Stock,Energy,https://1drv.ms/i/c/8705623eb284e7df/IQQIhC7Payu-Qb9ArC3GO2_qAfM1tlq1yoox2n-A9v8Xft4?width=600&height=338
06-05-2022,1192.427368,1209.877049,1180.096474,1188.582531,19649948,1,Reliance Industries,RELIANCE.NS,Stock,Energy,https://1drv.ms/i/c/8705623eb284e7df/IQQIhC7Payu-Qb9ArC3GO2_qAfM1tlq1yoox2n-A9v8Xft4?width=600&height=338
09-05-2022,1145.856812,1181.711783,1140.715158,1171.633199,18083752,1,Reliance Industries,RELIANCE.NS,Stock,Energy,https://1drv.ms/i/c/8705623eb284e7df/IQQIhC7Payu-Qb9ArC3GO2_qAfM1tlq1yoox2n-A9v8Xft4?width=600&height=338
10-05-2022,1125.995361,1149.633292,1118.419424,1135.254934,19511677,1,Reliance Industries,RELIANCE.NS,Stock,Energy,https://1drv.ms/i/c/8705623eb284e7df/IQQIhC7Payu-Qb9ArC3GO2_qAfM1tlq1yoox2n-A9v8Xft4?width=600&height=338
11-05-2022,1114.46106,1130.682284,1102.016431,1125.085571,16643899,1,Reliance Industries,RELIANCE.NS,Stock,Energy,https://1drv.ms/i/c/8705623eb284e7df/IQQIhC7Payu-Qb9ArC3GO2_qAfM1tlq1yoox2n-A9v8Xft4?width=600&height=338
12-05-2022,1091.755981,1107.886098,1078.378607,1104.541815,20490321,1,Reliance Industries,RELIANCE.NS,Stock,Energy,https://1drv.ms/i/c/8705623eb284e7df/IQQIhC7Payu-Qb9ArC3GO2_qAfM1tlq1yoox2n-A9v8Xft4?width=600&height=338
13-05-2022,1104.132202,1127.519799,1099.013296,1103.859239,19308778,1,Reliance Industries,RELIANCE.NS,Stock,Energy,https://1drv.ms/i/c/8705623eb284e7df/IQQIhC7Payu-Qb9ArC3GO2_qAfM1tlq1yoox2n-A9v8Xft4?width=600&height=338
16-05-2022,1104.405273,1128.884844,1099.604824,1107.704063,13437911,1,Reliance Industries,RELIANCE.NS,Stock,Energy,https://1drv.ms/i/c/8705623eb284e7df/IQQIhC7Payu-Qb9ArC3GO2_qAfM1tlq1yoox2n-A9v8Xft4?width=600&height=338
17-05-2022,1150.793579,1155.685016,1106.589155,1107.999707,16551828,1,Reliance Industries,RELIANCE.NS,Stock,Energy,https://1drv.ms/i/c/8705623eb284e7df/IQQIhC7Payu-Qb9ArC3GO2_qAfM1tlq1yoox2n-A9v8Xft4?width=600&height=338
18-05-2022,1154.979736,1169.380842,1141.283906,1155.571277,17276788,1,Reliance Industries,RELIANCE.NS,Stock,Energy,https://1drv.ms/i/c/8705623eb284e7df/IQQIhC7Payu-Qb9ArC3GO2_qAfM1tlq1yoox2n-A9v8Xft4?width=600&height=338
19-05-2022,1128.361572,1143.217739,1122.082451,1130.24993,14699118,1,Reliance Industries,RELIANCE.NS,Stock,Energy,https://1drv.ms/i/c/8705623eb284e7df/IQQIhC7Payu-Qb9ArC3GO2_qAfM1tlq1yoox2n-A9v8Xft4?width=600&height=338
20-05-2022,1194.156372,1203.23385,1138.44018,1143.217762,21793091,1,Reliance Industries,RELIANCE.NS,Stock,Energy,https://1drv.ms/i/c/8705623eb284e7df/IQQIhC7Payu-Qb9ArC3GO2_qAfM1tlq1yoox2n-A9v8Xft4?width=600&height=338
23-05-2022,1186.170898,1207.397173,1179.846163,1197.364083,15252755,1,Reliance Industries,RELIANCE.NS,Stock,Energy,https://1drv.ms/i/c/8705623eb284e7df/IQQIhC7Payu-Qb9ArC3GO2_qAfM1tlq1yoox2n-A9v8Xft4?width=600&height=338
24-05-2022,1190.243164,1200.321627,1181.984697,1186.216352,13527818,1,Reliance Industries,RELIANCE.NS,Stock,Energy,https://1drv.ms/i/c/8705623eb284e7df/IQQIhC7Payu-Qb9ArC3GO2_qAfM1tlq1yoox2n-A9v8Xft4?width=600&height=338
25-05-2022,1188.491455,1208.830478,1183.713753,1198.956737,12714544,1,Reliance Industries,RELIANCE.NS,Stock,Energy,https://1drv.ms/i/c/8705623eb284e7df/IQQIhC7Payu-Qb9ArC3GO2_qAfM1tlq1yoox2n-A9v8Xft4?width=600&height=338
26-05-2022,1177.161621,1198.911195,1159.370618,1194.133493,17882023,1,Reliance Industries,RELIANCE.NS,Stock,Energy,https://1drv.ms/i/c/8705623eb284e7df/IQQIhC7Payu-Qb9ArC3GO2_qAfM1tlq1yoox2n-A9v8Xft4?width=600&height=338
27-05-2022,1171.701538,1185.374623,1155.776144,1179.869018,16521973,1,Reliance Industries,RELIANCE.NS,Stock,Energy,https://1drv.ms/i/c/8705623eb284e7df/IQQIhC7Payu-Qb9ArC3GO2_qAfM1tlq1yoox2n-A9v8Xft4?width=600&height=338
30-05-2022,1212.516113,1216.702154,1180.392243,1189.856419,13853398,1,Reliance Industries,RELIANCE.NS,Stock,Energy,https://1drv.ms/i/c/8705623eb284e7df/IQQIhC7Payu-Qb9ArC3GO2_qAfM1tlq1yoox2n-A9v8Xft4?width=600&height=338
31-05-2022,1197.887451,1218.886257,1190.175031,1201.868769,70620653,1,Reliance Industries,RELIANCE.NS,Stock,Energy,https://1drv.ms/i/c/8705623eb284e7df/IQQIhC7Payu-Qb9ArC3GO2_qAfM1tlq1yoox2n-A9v8Xft4?width=600&height=338
01-06-2022,1198.274292,1208.148034,1190.402523,1198.638243,9776989,1,Reliance Industries,RELIANCE.NS,Stock,Energy,https://1drv.ms/i/c/8705623eb284e7df/IQQIhC7Payu-Qb9ArC3GO2_qAfM1tlq1yoox2n-A9v8Xft4?width=600&height=338
02-06-2022,1239.589355,1243.29771,1198.501741,1198.501741,22126569,1,Reliance Industries,RELIANCE.NS,Stock,Energy,https://1drv.ms/i/c/8705623eb284e7df/IQQIhC7Payu-Qb9ArC3GO2_qAfM1tlq1yoox2n-A9v8Xft4?width=600&height=338
03-06-2022,1264.705933,1281.928143,1247.642951,1248.55307,23939791,1,Reliance Industries,RELIANCE.NS,Stock,Energy,https://1drv.ms/i/c/8705623eb284e7df/IQQIhC7Payu-Qb9ArC3GO2_qAfM1tlq1yoox2n-A9v8Xft4?width=600&height=338
06-06-2022,1259.268677,1280.403966,1252.102183,1264.933631,11093152,1,Reliance Industries,RELIANCE.NS,Stock,Energy,https://1drv.ms/i/c/8705623eb284e7df/IQQIhC7Payu-Qb9ArC3GO2_qAfM1tlq1yoox2n-A9v8Xft4?width=600&height=338
07-06-2022,1261.634521,1269.983976,1252.21584,1260.337705,12358255,1,Reliance Industries,RELIANCE.NS,Stock,Energy,https://1drv.ms/i/c/8705623eb284e7df/IQQIhC7Payu-Qb9ArC3GO2_qAfM1tlq1yoox2n-A9v8Xft4?width=600&height=338
08-06-2022,1239.475586,1265.388455,1235.949207,1261.634607,12479250,1,Reliance Industries,RELIANCE.NS,Stock,Energy,https://1drv.ms/i/c/8705623eb284e7df/IQQIhC7Payu-Qb9ArC3GO2_qAfM1tlq1yoox2n-A9v8Xft4?width=600&height=338
09-06-2022,1273.464966,1275.398697,1233.082628,1233.082628,17278305,1,Reliance Industries,RELIANCE.NS,Stock,Energy,https://1drv.ms/i/c/8705623eb284e7df/IQQIhC7Payu-Qb9ArC3GO2_qAfM1tlq1yoox2n-A9v8Xft4?width=600&height=338
10-06-2022,1235.016357,1269.438028,1229.214923,1261.247802,18093057,1,Reliance Industries,RELIANCE.NS,Stock,Energy,https://1drv.ms/i/c/8705623eb284e7df/IQQIhC7Payu-Qb9ArC3GO2_qAfM1tlq1yoox2n-A9v8Xft4?width=600&height=338
13-06-2022,1211.651367,1216.155985,1190.447841,1205.781812,17620803,1,Reliance Industries,RELIANCE.NS,Stock,Energy,https://1drv.ms/i/c/8705623eb284e7df/IQQIhC7Payu-Qb9ArC3GO2_qAfM1tlq1yoox2n-A9v8Xft4?width=600&height=338
14-06-2022,1195.817139,1215.723971,1189.151199,1205.804736,14714312,1,Reliance Industries,RELIANCE.NS,Stock,Energy,https://1drv.ms/i/c/8705623eb284e7df/IQQIhC7Payu-Qb9ArC3GO2_qAfM1tlq1yoox2n-A9v8Xft4?width=600&height=338
15-06-2022,1181.347778,1200.003288,1175.933161,1191.016797,11195535,1,Reliance Industries,RELIANCE.NS,Stock,Energy,https://1drv.ms/i/c/8705623eb284e7df/IQQIhC7Payu-Qb9ArC3GO2_qAfM1tlq1yoox2n-A9v8Xft4?width=600&height=338
16-06-2022,1164.830811,1209.899742,1162.100695,1193.496542,17111475,1,Reliance Industries,RELIANCE.NS,Stock,Energy,https://1drv.ms/i/c/8705623eb284e7df/IQQIhC7Payu-Qb9ArC3GO2_qAfM1tlq1yoox2n-A9v8Xft4?width=600&height=338
17-06-2022,1178.481079,1194.338231,1163.05624,1164.830743,24457187,1,Reliance Industries,RELIANCE.NS,Stock,Energy,https://1drv.ms/i/c/8705623eb284e7df/IQQIhC7Payu-Qb9ArC3GO2_qAfM1tlq1yoox2n-A9v8Xft4?width=600&height=338
20-06-2022,1157.11853,1190.812185,1147.130933,1185.306459,12066797,1,Reliance Industries,RELIANCE.NS,Stock,Energy,https://1drv.ms/i/c/8705623eb284e7df/IQQIhC7Payu-Qb9ArC3GO2_qAfM1tlq1yoox2n-A9v8Xft4?width=600&height=338
21-06-2022,1175.796631,1180.028165,1150.406942,1164.830795,11720049,1,Reliance Industries,RELIANCE.NS,Stock,Energy,https://1drv.ms/i/c/8705623eb284e7df/IQQIhC7Payu-Qb9ArC3GO2_qAfM1tlq1yoox2n-A9v8Xft4?width=600&height=338
22-06-2022,1140.078247,1164.057387,1137.985166,1163.966399,10617206,1,Reliance Industries,RELIANCE.NS,Stock,Energy,https://1drv.ms/i/c/8705623eb284e7df/IQQIhC7Payu-Qb9ArC3GO2_qAfM1tlq1yoox2n-A9v8Xft4?width=600&height=338
23-06-2022,1121.581787,1148.905326,1112.50431,1144.377961,19446323,1,Reliance Industries,RELIANCE.NS,Stock,Energy,https://1drv.ms/i/c/8705623eb284e7df/IQQIhC7Payu-Qb9ArC3GO2_qAfM1tlq1yoox2n-A9v8Xft4?width=600&height=338
24-06-2022,1137.552856,1142.535161,1122.969654,1128.429885,14240234,1,Reliance Industries,RELIANCE.NS,Stock,Energy,https://1drv.ms/i/c/8705623eb284e7df/IQQIhC7Payu-Qb9ArC3GO2_qAfM1tlq1yoox2n-A9v8Xft4?width=600&height=338
27-06-2022,1134.185669,1157.98283,1129.135004,1157.98283,15474529,1,Reliance Industries,RELIANCE.NS,Stock,Energy,https://1drv.ms/i/c/8705623eb284e7df/IQQIhC7Payu-Qb9ArC3GO2_qAfM1tlq1yoox2n-A9v8Xft4?width=600&height=338
28-06-2022,1150.133911,1152.977762,1129.385441,1129.385441,13572847,1,Reliance Industries,RELIANCE.NS,Stock,Energy,https://1drv.ms/i/c/8705623eb284e7df/IQQIhC7Payu-Qb9ArC3GO2_qAfM1tlq1yoox2n-A9v8Xft4?width=600&height=338
29-06-2022,1173.999268,1181.666314,1137.985067,1140.80617,19205146,1,Reliance Industries,RELIANCE.NS,Stock,Energy,https://1drv.ms/i/c/8705623eb284e7df/IQQIhC7Payu-Qb9ArC3GO2_qAfM1tlq1yoox2n-A9v8Xft4?width=600&height=338
30-06-2022,1181.052002,1190.265961,1167.560894,1173.931003,23112959,1,Reliance Industries,RELIANCE.NS,Stock,Energy,https://1drv.ms/i/c/8705623eb284e7df/IQQIhC7Payu-Qb9ArC3GO2_qAfM1tlq1yoox2n-A9v8Xft4?width=600&height=338
01-07-2022,1095.987427,1179.391106,1076.103463,1171.610446,81997149,1,Reliance Industries,RELIANCE.NS,Stock,Energy,https://1drv.ms/i/c/8705623eb284e7df/IQQIhC7Payu-Qb9ArC3GO2_qAfM1tlq1yoox2n-A9v8Xft4?width=600&height=338
04-07-2022,1098.262451,1111.139271,1076.603865,1082.450794,41857728,1,Reliance Industries,RELIANCE.NS,Stock,Energy,https://1drv.ms/i/c/8705623eb284e7df/IQQIhC7Payu-Qb9ArC3GO2_qAfM1tlq1yoox2n-A9v8Xft4?width=600&height=338
05-07-2022,1107.157959,1121.559065,1099.809491,1102.494112,17647327,1,Reliance Industries,RELIANCE.NS,Stock,Energy,https://1drv.ms/i/c/8705623eb284e7df/IQQIhC7Payu-Qb9ArC3GO2_qAfM1tlq1yoox2n-A9v8Xft4?width=600&height=338
06-07-2022,1097.420654,1111.116484,1086.568675,1101.174503,23943726,1,Reliance Industries,RELIANCE.NS,Stock,Energy,https://1drv.ms/i/c/8705623eb284e7df/IQQIhC7Payu-Qb9ArC3GO2_qAfM1tlq1yoox2n-A9v8Xft4?width=600&height=338
07-07-2022,1086.614258,1107.158004,1080.653594,1103.813721,23301033,1,Reliance Industries,RELIANCE.NS,Stock,Energy,https://1drv.ms/i/c/8705623eb284e7df/IQQIhC7Payu-Qb9ArC3GO2_qAfM1tlq1yoox2n-A9v8Xft4?width=600&height=338
08-07-2022,1088.115845,1100.219149,1084.088912,1100.219149,19010108,1,Reliance Industries,RELIANCE.NS,Stock,Energy,https://1drv.ms/i/c/8705623eb284e7df/IQQIhC7Payu-Qb9ArC3GO2_qAfM1tlq1yoox2n-A9v8Xft4?width=600&height=338
11-07-2022,1102.903687,1105.133128,1078.378503,1081.336088,13847467,1,Reliance Industries,RELIANCE.NS,Stock,Energy,https://1drv.ms/i/c/8705623eb284e7df/IQQIhC7Payu-Qb9ArC3GO2_qAfM1tlq1yoox2n-A9v8Xft4?width=600&height=338
12-07-2022,1101.33374,1110.09276,1093.84879,1093.84879,10778989,1,Reliance Industries,RELIANCE.NS,Stock,Energy,https://1drv.ms/i/c/8705623eb284e7df/IQQIhC7Payu-Qb9ArC3GO2_qAfM1tlq1yoox2n-A9v8Xft4?width=600&height=338
13-07-2022,1081.813843,1107.499363,1079.743629,1104.450791,14224132,1,Reliance Industries,RELIANCE.NS,Stock,Energy,https://1drv.ms/i/c/8705623eb284e7df/IQQIhC7Payu-Qb9ArC3GO2_qAfM1tlq1yoox2n-A9v8Xft4?width=600&height=338
14-07-2022,1090.731934,1107.476456,1081.540722,1086.56864,16970315,1,Reliance Industries,RELIANCE.NS,Stock,Energy,https://1drv.ms/i/c/8705623eb284e7df/IQQIhC7Payu-Qb9ArC3GO2_qAfM1tlq1yoox2n-A9v8Xft4?width=600&height=338
15-07-2022,1092.8479,1098.854058,1084.339217,1098.854058,9603210,1,Reliance Industries,RELIANCE.NS,Stock,Energy,https://1drv.ms/i/c/8705623eb284e7df/IQQIhC7Payu-Qb9ArC3GO2_qAfM1tlq1yoox2n-A9v8Xft4?width=600&height=338
18-07-2022,1102.152832,1103.404035,1088.525123,1101.584038,15160908,1,Reliance Industries,RELIANCE.NS,Stock,Energy,https://1drv.ms/i/c/8705623eb284e7df/IQQIhC7Payu-Qb9ArC3GO2_qAfM1tlq1yoox2n-A9v8Xft4?width=600&height=338
19-07-2022,1108.910034,1113.414653,1092.165508,1092.165508,16439888,1,Reliance Industries,RELIANCE.NS,Stock,Energy,https://1drv.ms/i/c/8705623eb284e7df/IQQIhC7Payu-Qb9ArC3GO2_qAfM1tlq1yoox2n-A9v8Xft4?width=600&height=338
20-07-2022,1138.89502,1156.867999,1131.273588,1155.730531,23924246,1,Reliance Industries,RELIANCE.NS,Stock,Energy,https://1drv.ms/i/c/8705623eb284e7df/IQQIhC7Payu-Qb9ArC3GO2_qAfM1tlq1yoox2n-A9v8Xft4?width=600&height=338
21-07-2022,1131.296265,1137.530012,1122.6511,1134.799897,16523230,1,Reliance Industries,RELIANCE.NS,Stock,Energy,https://1drv.ms/i/c/8705623eb284e7df/IQQIhC7Payu-Qb9ArC3GO2_qAfM1tlq1yoox2n-A9v8Xft4?width=600&height=338
22-07-2022,1138.940674,1144.946832,1135.255066,1137.530122,10969995,1,Reliance Industries,RELIANCE.NS,Stock,Energy,https://1drv.ms/i/c/8705623eb284e7df/IQQIhC7Payu-Qb9ArC3GO2_qAfM1tlq1yoox2n-A9v8Xft4?width=600&height=338
25-07-2022,1101.311035,1122.719405,1093.393893,1122.719405,23110452,1,Reliance Industries,RELIANCE.NS,Stock,Energy,https://1drv.ms/i/c/8705623eb284e7df/IQQIhC7Payu-Qb9ArC3GO2_qAfM1tlq1yoox2n-A9v8Xft4?width=600&height=338
26-07-2022,1101.811646,1112.003965,1097.193292,1101.62967,11303288,1,Reliance Industries,RELIANCE.NS,Stock,Energy,https://1drv.ms/i/c/8705623eb284e7df/IQQIhC7Payu-Qb9ArC3GO2_qAfM1tlq1yoox2n-A9v8Xft4?width=600&height=338
27-07-2022,1100.765015,1104.31402,1092.938741,1101.106219,8655086,1,Reliance Industries,RELIANCE.NS,Stock,Energy,https://1drv.ms/i/c/8705623eb284e7df/IQQIhC7Payu-Qb9ArC3GO2_qAfM1tlq1yoox2n-A9v8Xft4?width=600&height=338
28-07-2022,1118.010132,1122.946942,1101.584185,1108.409354,12496073,1,Reliance Industries,RELIANCE.NS,Stock,Energy,https://1drv.ms/i/c/8705623eb284e7df/IQQIhC7Payu-Qb9ArC3GO2_qAfM1tlq1yoox2n-A9v8Xft4?width=600&height=338
29-07-2022,1141.829834,1145.310719,1121.149607,1126.018177,15130683,1,Reliance Industries,RELIANCE.NS,Stock,Energy,https://1drv.ms/i/c/8705623eb284e7df/IQQIhC7Payu-Qb9ArC3GO2_qAfM1tlq1yoox2n-A9v8Xft4?width=600&height=338
01-08-2022,1171.587769,1177.457445,1140.988184,1146.243572,15700044,1,Reliance Industries,RELIANCE.NS,Stock,Energy,https://1drv.ms/i/c/8705623eb284e7df/IQQIhC7Payu-Qb9ArC3GO2_qAfM1tlq1yoox2n-A9v8Xft4?width=600&height=338
02-08-2022,1176.046875,1186.580398,1165.536098,1170.518523,13917913,1,Reliance Industries,RELIANCE.NS,Stock,Energy,https://1drv.ms/i/c/8705623eb284e7df/IQQIhC7Payu-Qb9ArC3GO2_qAfM1tlq1yoox2n-A9v8Xft4?width=600&height=338
03-08-2022,1185.920532,1187.5813,1168.220637,1183.031188,14250977,1,Reliance Industries,RELIANCE.NS,Stock,Energy,https://1drv.ms/i/c/8705623eb284e7df/IQQIhC7Payu-Qb9ArC3GO2_qAfM1tlq1yoox2n-A9v8Xft4?width=600&height=338
04-08-2022,1170.245483,1191.107809,1153.455585,1187.581429,14467127,1,Reliance Industries,RELIANCE.NS,Stock,Energy,https://1drv.ms/i/c/8705623eb284e7df/IQQIhC7Payu-Qb9ArC3GO2_qAfM1tlq1yoox2n-A9v8Xft4?width=600&height=338
05-08-2022,1153.000366,1173.384882,1149.792565,1172.110933,13942438,1,Reliance Industries,RELIANCE.NS,Stock,Energy,https://1drv.ms/i/c/8705623eb284e7df/IQQIhC7Payu-Qb9ArC3GO2_qAfM1tlq1yoox2n-A9v8Xft4?width=600&height=338
08-08-2022,1168.083984,1175.546187,1151.635293,1151.635293,10165178,1,Reliance Industries,RELIANCE.NS,Stock,Energy,https://1drv.ms/i/c/8705623eb284e7df/IQQIhC7Payu-Qb9ArC3GO2_qAfM1tlq1yoox2n-A9v8Xft4?width=600&height=338
10-08-2022,1175.068481,1178.435511,1163.488359,1172.520342,10724688,1,Reliance Industries,RELIANCE.NS,Stock,Energy,https://1drv.ms/i/c/8705623eb284e7df/IQQIhC7Payu-Qb9ArC3GO2_qAfM1tlq1yoox2n-A9v8Xft4?width=600&height=338
11-08-2022,1178.981567,1187.535744,1174.02189,1184.441678,8198226,1,Reliance Industries,RELIANCE.NS,Stock,Energy,https://1drv.ms/i/c/8705623eb284e7df/IQQIhC7Payu-Qb9ArC3GO2_qAfM1tlq1yoox2n-A9v8Xft4?width=600&height=338
12-08-2022,1198.046509,1201.845851,1174.931999,1178.617486,12650587,1,Reliance Industries,RELIANCE.NS,Stock,Energy,https://1drv.ms/i/c/8705623eb284e7df/IQQIhC7Payu-Qb9ArC3GO2_qAfM1tlq1yoox2n-A9v8Xft4?width=600&height=338
16-08-2022,1206.373291,1209.103406,1195.45307,1204.052741,6607378,1,Reliance Industries,RELIANCE.NS,Stock,Energy,https://1drv.ms/i/c/8705623eb284e7df/IQQIhC7Payu-Qb9ArC3GO2_qAfM1tlq1yoox2n-A9v8Xft4?width=600&height=338
17-08-2022,1212.675293,1218.021669,1208.307156,1212.607052,6595965,1,Reliance Industries,RELIANCE.NS,Stock,Energy,https://1drv.ms/i/c/8705623eb284e7df/IQQIhC7Payu-Qb9ArC3GO2_qAfM1tlq1yoox2n-A9v8Xft4?width=600&height=338
18-08-2022,1214.874512,1218.389455,1205.242409,1214.281041,7410035,1,Reliance Industries,RELIANCE.NS,Stock,Energy,https://1drv.ms/i/c/8705623eb284e7df/IQQIhC7Payu-Qb9ArC3GO2_qAfM1tlq1yoox2n-A9v8Xft4?width=600&height=338
19-08-2022,1193.213623,1215.056981,1189.150731,1209.715983,9460724,1,Reliance Industries,RELIANCE.NS,Stock,Energy,https://1drv.ms/i/c/8705623eb284e7df/IQQIhC7Payu-Qb9ArC3GO2_qAfM1tlq1yoox2n-A9v8Xft4?width=600&height=338
22-08-2022,1189.904053,1201.179521,1180.500282,1194.651701,9471680,1,Reliance Industries,RELIANCE.NS,Stock,Energy,https://1drv.ms/i/c/8705623eb284e7df/IQQIhC7Payu-Qb9ArC3GO2_qAfM1tlq1yoox2n-A9v8Xft4?width=600&height=338
23-08-2022,1208.255371,1211.176964,1182.942588,1184.152352,9678484,1,Reliance Industries,RELIANCE.NS,Stock,Energy,https://1drv.ms/i/c/8705623eb284e7df/IQQIhC7Payu-Qb9ArC3GO2_qAfM1tlq1yoox2n-A9v8Xft4?width=600&height=338
24-08-2022,1205.036865,1218.845966,1203.028361,1205.196734,10369622,1,Reliance Industries,RELIANCE.NS,Stock,Energy,https://1drv.ms/i/c/8705623eb284e7df/IQQIhC7Payu-Qb9ArC3GO2_qAfM1tlq1yoox2n-A9v8Xft4?width=600&height=338
25-08-2022,1201.522095,1215.604931,1197.208169,1209.236858,7871946,1,Reliance Industries,RELIANCE.NS,Stock,Energy,https://1drv.ms/i/c/8705623eb284e7df/IQQIhC7Payu-Qb9ArC3GO2_qAfM1tlq1yoox2n-A9v8Xft4?width=600&height=338
26-08-2022,1195.108032,1209.715994,1190.086651,1201.955469,10742038,1,Reliance Industries,RELIANCE.NS,Stock,Energy,https://1drv.ms/i/c/8705623eb284e7df/IQQIhC7Payu-Qb9ArC3GO2_qAfM1tlq1yoox2n-A9v8Xft4?width=600&height=338
29-08-2022,1185.818359,1211.998463,1176.871013,1180.043638,19838975,1,Reliance Industries,RELIANCE.NS,Stock,Energy,https://1drv.ms/i/c/8705623eb284e7df/IQQIhC7Payu-Qb9ArC3GO2_qAfM1tlq1yoox2n-A9v8Xft4?width=600&height=338
30-08-2022,1204.21521,1207.547704,1176.209169,1193.28218,23139054,1,Reliance Industries,RELIANCE.NS,Stock,Energy,https://1drv.ms/i/c/8705623eb284e7df/IQQIhC7Payu-Qb9ArC3GO2_qAfM1tlq1yoox2n-A9v8Xft4?width=600&height=338
01-09-2022,1168.813965,1189.150887,1164.385933,1178.971076,19909939,1,Reliance Industries,RELIANCE.NS,Stock,Energy,https://1drv.ms/i/c/8705623eb284e7df/IQQIhC7Payu-Qb9ArC3GO2_qAfM1tlq1yoox2n-A9v8Xft4?width=600&height=338
02-09-2022,1155.164673,1175.638521,1152.973478,1168.813905,12999345,1,Reliance Industries,RELIANCE.NS,Stock,Energy,https://1drv.ms/i/c/8705623eb284e7df/IQQIhC7Payu-Qb9ArC3GO2_qAfM1tlq1yoox2n-A9v8Xft4?width=600&height=338
05-09-2022,1173.105103,1178.446102,1155.392977,1155.392977,11327815,1,Reliance Industries,RELIANCE.NS,Stock,Energy,https://1drv.ms/i/c/8705623eb284e7df/IQQIhC7Payu-Qb9ArC3GO2_qAfM1tlq1yoox2n-A9v8Xft4?width=600&height=338
06-09-2022,1185.453247,1189.630246,1174.109315,1174.565859,10899618,1,Reliance Industries,RELIANCE.NS,Stock,Energy,https://1drv.ms/i/c/8705623eb284e7df/IQQIhC7Payu-Qb9ArC3GO2_qAfM1tlq1yoox2n-A9v8Xft4?width=600&height=338
07-09-2022,1178.560181,1184.563114,1173.196361,1175.47884,7488501,1,Reliance Industries,RELIANCE.NS,Stock,Energy,https://1drv.ms/i/c/8705623eb284e7df/IQQIhC7Payu-Qb9ArC3GO2_qAfM1tlq1yoox2n-A9v8Xft4?width=600&height=338
08-09-2022,1180.226318,1185.978219,1173.652856,1181.527366,7057077,1,Reliance Industries,RELIANCE.NS,Stock,Energy,https://1drv.ms/i/c/8705623eb284e7df/IQQIhC7Payu-Qb9ArC3GO2_qAfM1tlq1yoox2n-A9v8Xft4?width=600&height=338
09-09-2022,1172.876831,1191.45616,1170.457304,1191.45616,8314850,1,Reliance Industries,RELIANCE.NS,Stock,Energy,https://1drv.ms/i/c/8705623eb284e7df/IQQIhC7Payu-Qb9ArC3GO2_qAfM1tlq1yoox2n-A9v8Xft4?width=600&height=338
12-09-2022,1186.000977,1192.369169,1173.447282,1173.447282,7435419,1,Reliance Industries,RELIANCE.NS,Stock,Energy,https://1drv.ms/i/c/8705623eb284e7df/IQQIhC7Payu-Qb9ArC3GO2_qAfM1tlq1yoox2n-A9v8Xft4?width=600&height=338
13-09-2022,1195.906982,1200.449119,1187.347716,1195.108121,8888657,1,Reliance Industries,RELIANCE.NS,Stock,Energy,https://1drv.ms/i/c/8705623eb284e7df/IQQIhC7Payu-Qb9ArC3GO2_qAfM1tlq1yoox2n-A9v8Xft4?width=600&height=338
14-09-2022,1181.572998,1191.456134,1174.451707,1175.47878,8678219,1,Reliance Industries,RELIANCE.NS,Stock,Energy,https://1drv.ms/i/c/8705623eb284e7df/IQQIhC7Payu-Qb9ArC3GO2_qAfM1tlq1yoox2n-A9v8Xft4?width=600&height=338
15-09-2022,1169.863892,1188.511684,1167.14769,1179.130735,10365600,1,Reliance Industries,RELIANCE.NS,Stock,Energy,https://1drv.ms/i/c/8705623eb284e7df/IQQIhC7Payu-Qb9ArC3GO2_qAfM1tlq1yoox2n-A9v8Xft4?width=600&height=338
16-09-2022,1140.876343,1165.435905,1137.133067,1161.213264,20217708,1,Reliance Industries,RELIANCE.NS,Stock,Energy,https://1drv.ms/i/c/8705623eb284e7df/IQQIhC7Payu-Qb9ArC3GO2_qAfM1tlq1yoox2n-A9v8Xft4?width=600&height=338
19-09-2022,1142.359985,1151.604008,1132.727882,1140.876368,7580254,1,Reliance Industries,RELIANCE.NS,Stock,Energy,https://1drv.ms/i/c/8705623eb284e7df/IQQIhC7Payu-Qb9ArC3GO2_qAfM1tlq1yoox2n-A9v8Xft4?width=600&height=338
20-09-2022,1142.54248,1158.451491,1138.822026,1151.489827,8411448,1,Reliance Industries,RELIANCE.NS,Stock,Energy,https://1drv.ms/i/c/8705623eb284e7df/IQQIhC7Payu-Qb9ArC3GO2_qAfM1tlq1yoox2n-A9v8Xft4?width=600&height=338
21-09-2022,1145.692505,1156.306039,1138.959173,1139.758035,9207309,1,Reliance Industries,RELIANCE.NS,Stock,Energy,https://1drv.ms/i/c/8705623eb284e7df/IQQIhC7Payu-Qb9ArC3GO2_qAfM1tlq1yoox2n-A9v8Xft4?width=600&height=338
22-09-2022,1134.89624,1142.611003,1128.505347,1134.850598,10308170,1,Reliance Industries,RELIANCE.NS,Stock,Energy,https://1drv.ms/i/c/8705623eb284e7df/IQQIhC7Payu-Qb9ArC3GO2_qAfM1tlq1yoox2n-A9v8Xft4?width=600&height=338
23-09-2022,1113.623535,1139.39274,1112.071454,1134.39418,9528051,1,Reliance Industries,RELIANCE.NS,Stock,Energy,https://1drv.ms/i/c/8705623eb284e7df/IQQIhC7Payu-Qb9ArC3GO2_qAfM1tlq1yoox2n-A9v8Xft4?width=600&height=338
26-09-2022,1085.252197,1103.717541,1084.247945,1092.875675,12479523,1,Reliance Industries,RELIANCE.NS,Stock,Energy,https://1drv.ms/i/c/8705623eb284e7df/IQQIhC7Payu-Qb9ArC3GO2_qAfM1tlq1yoox2n-A9v8Xft4?width=600&height=338
27-09-2022,1093.880127,1107.460896,1077.377765,1092.852933,16154822,1,Reliance Industries,RELIANCE.NS,Stock,Energy,https://1drv.ms/i/c/8705623eb284e7df/IQQIhC7Payu-Qb9ArC3GO2_qAfM1tlq1yoox2n-A9v8Xft4?width=600&height=338
28-09-2022,1064.755493,1085.548958,1062.313266,1077.491757,16997059,1,Reliance Industries,RELIANCE.NS,Stock,Energy,https://1drv.ms/i/c/8705623eb284e7df/IQQIhC7Payu-Qb9ArC3GO2_qAfM1tlq1yoox2n-A9v8Xft4?width=600&height=338
29-09-2022,1061.491577,1080.755661,1055.876604,1077.332003,14671827,1,Reliance Industries,RELIANCE.NS,Stock,Energy,https://1drv.ms/i/c/8705623eb284e7df/IQQIhC7Payu-Qb9ArC3GO2_qAfM1tlq1yoox2n-A9v8Xft4?width=600&height=338
30-09-2022,1085.434937,1096.504894,1054.963725,1054.963725,18613024,1,Reliance Industries,RELIANCE.NS,Stock,Energy,https://1drv.ms/i/c/8705623eb284e7df/IQQIhC7Payu-Qb9ArC3GO2_qAfM1tlq1yoox2n-A9v8Xft4?width=600&height=338
03-10-2022,1081.668823,1103.329493,1078.701588,1091.711707,11852723,1,Reliance Industries,RELIANCE.NS,Stock,Energy,https://1drv.ms/i/c/8705623eb284e7df/IQQIhC7Payu-Qb9ArC3GO2_qAfM1tlq1yoox2n-A9v8Xft4?width=600&height=338
04-10-2022,1101.617676,1103.80887,1091.095426,1094.587669,8948850,1,Reliance Industries,RELIANCE.NS,Stock,Energy,https://1drv.ms/i/c/8705623eb284e7df/IQQIhC7Payu-Qb9ArC3GO2_qAfM1tlq1yoox2n-A9v8Xft4?width=600&height=338
06-10-2022,1105.68042,1118.416685,1103.877306,1108.830345,13352162,1,Reliance Industries,RELIANCE.NS,Stock,Energy,https://1drv.ms/i/c/8705623eb284e7df/IQQIhC7Payu-Qb9ArC3GO2_qAfM1tlq1yoox2n-A9v8Xft4?width=600&height=338
07-10-2022,1110.359619,1115.632154,1102.279597,1102.279597,7714340,1,Reliance Industries,RELIANCE.NS,Stock,Energy,https://1drv.ms/i/c/8705623eb284e7df/IQQIhC7Payu-Qb9ArC3GO2_qAfM1tlq1yoox2n-A9v8Xft4?width=600&height=338
10-10-2022,1098.239624,1103.626265,1090.11396,1097.874365,6329527,1,Reliance Industries,RELIANCE.NS,Stock,Energy,https://1drv.ms/i/c/8705623eb284e7df/IQQIhC7Payu-Qb9ArC3GO2_qAfM1tlq1yoox2n-A9v8Xft4?width=600&height=338
11-10-2022,1076.373291,1101.982746,1073.269129,1101.982746,9215177,1,Reliance Industries,RELIANCE.NS,Stock,Energy,https://1drv.ms/i/c/8705623eb284e7df/IQQIhC7Payu-Qb9ArC3GO2_qAfM1tlq1yoox2n-A9v8Xft4?width=600&height=338
12-10-2022,1084.293579,1087.237993,1069.617153,1073.680046,7417103,1,Reliance Industries,RELIANCE.NS,Stock,Energy,https://1drv.ms/i/c/8705623eb284e7df/IQQIhC7Payu-Qb9ArC3GO2_qAfM1tlq1yoox2n-A9v8Xft4?width=600&height=338
13-10-2022,1087.740234,1092.852901,1077.377733,1082.536163,7328492,1,Reliance Industries,RELIANCE.NS,Stock,Energy,https://1drv.ms/i/c/8705623eb284e7df/IQQIhC7Payu-Qb9ArC3GO2_qAfM1tlq1yoox2n-A9v8Xft4?width=600&height=338
14-10-2022,1082.216553,1103.055661,1081.486155,1102.439369,9106089,1,Reliance Industries,RELIANCE.NS,Stock,Energy,https://1drv.ms/i/c/8705623eb284e7df/IQQIhC7Payu-Qb9ArC3GO2_qAfM1tlq1yoox2n-A9v8Xft4?width=600&height=338
17-10-2022,1099.586182,1101.982767,1069.845491,1075.049562,16729355,1,Reliance Industries,RELIANCE.NS,Stock,Energy,https://1drv.ms/i/c/8705623eb284e7df/IQQIhC7Payu-Qb9ArC3GO2_qAfM1tlq1yoox2n-A9v8Xft4?width=600&height=338
18-10-2022,1118.987427,1124.351247,1104.790365,1105.634869,12415820,1,Reliance Industries,RELIANCE.NS,Stock,Energy,https://1drv.ms/i/c/8705623eb284e7df/IQQIhC7Payu-Qb9ArC3GO2_qAfM1tlq1yoox2n-A9v8Xft4?width=600&height=338
19-10-2022,1138.456909,1153.955018,1114.627746,1120.470931,19247142,1,Reliance Industries,RELIANCE.NS,Stock,Energy,https://1drv.ms/i/c/8705623eb284e7df/IQQIhC7Payu-Qb9ArC3GO2_qAfM1tlq1yoox2n-A9v8Xft4?width=600&height=338
20-10-2022,1141.515503,1149.915022,1134.394211,1134.394211,8717053,1,Reliance Industries,RELIANCE.NS,Stock,Energy,https://1drv.ms/i/c/8705623eb284e7df/IQQIhC7Payu-Qb9ArC3GO2_qAfM1tlq1yoox2n-A9v8Xft4?width=600&height=338
21-10-2022,1128.276978,1148.910694,1126.177189,1144.756517,8243452,1,Reliance Industries,RELIANCE.NS,Stock,Energy,https://1drv.ms/i/c/8705623eb284e7df/IQQIhC7Payu-Qb9ArC3GO2_qAfM1tlq1yoox2n-A9v8Xft4?width=600&height=338
24-10-2022,1132.043091,1142.382771,1120.836207,1122.981638,3370033,1,Reliance Industries,RELIANCE.NS,Stock,Energy,https://1drv.ms/i/c/8705623eb284e7df/IQQIhC7Payu-Qb9ArC3GO2_qAfM1tlq1yoox2n-A9v8Xft4?width=600&height=338
25-10-2022,1114.559326,1140.785075,1112.938782,1140.785075,12233241,1,Reliance Industries,RELIANCE.NS,Stock,Energy,https://1drv.ms/i/c/8705623eb284e7df/IQQIhC7Payu-Qb9ArC3GO2_qAfM1tlq1yoox2n-A9v8Xft4?width=600&height=338
27-10-2022,1118.94165,1126.839103,1110.564954,1122.068633,12513059,1,Reliance Industries,RELIANCE.NS,Stock,Energy,https://1drv.ms/i/c/8705623eb284e7df/IQQIhC7Payu-Qb9ArC3GO2_qAfM1tlq1yoox2n-A9v8Xft4?width=600&height=338
28-10-2022,1153.179077,1157.219028,1122.730686,1125.264198,17609592,1,Reliance Industries,RELIANCE.NS,Stock,Energy,https://1drv.ms/i/c/8705623eb284e7df/IQQIhC7Payu-Qb9ArC3GO2_qAfM1tlq1yoox2n-A9v8Xft4?width=600&height=338
31-10-2022,1163.883789,1169.065039,1155.940694,1159.957944,12419943,1,Reliance Industries,RELIANCE.NS,Stock,Energy,https://1drv.ms/i/c/8705623eb284e7df/IQQIhC7Payu-Qb9ArC3GO2_qAfM1tlq1yoox2n-A9v8Xft4?width=600&height=338
01-11-2022,1154.868042,1186.891214,1144.893621,1186.891214,13963166,1,Reliance Industries,RELIANCE.NS,Stock,Energy,https://1drv.ms/i/c/8705623eb284e7df/IQQIhC7Payu-Qb9ArC3GO2_qAfM1tlq1yoox2n-A9v8Xft4?width=600&height=338
02-11-2022,1162.080566,1164.157655,1148.089017,1155.986349,8981896,1,Reliance Industries,RELIANCE.NS,Stock,Energy,https://1drv.ms/i/c/8705623eb284e7df/IQQIhC7Payu-Qb9ArC3GO2_qAfM1tlq1yoox2n-A9v8Xft4?width=600&height=338
03-11-2022,1166.417236,1168.425861,1152.676721,1154.867915,6693449,1,Reliance Industries,RELIANCE.NS,Stock,Energy,https://1drv.ms/i/c/8705623eb284e7df/IQQIhC7Payu-Qb9ArC3GO2_qAfM1tlq1yoox2n-A9v8Xft4?width=600&height=338
04-11-2022,1183.581665,1186.891218,1164.568612,1165.846719,12575815,1,Reliance Industries,RELIANCE.NS,Stock,Energy,https://1drv.ms/i/c/8705623eb284e7df/IQQIhC7Payu-Qb9ArC3GO2_qAfM1tlq1yoox2n-A9v8Xft4?width=600&height=338
07-11-2022,1189.904053,1191.593181,1175.022357,1182.782761,11789748,1,Reliance Industries,RELIANCE.NS,Stock,Energy,https://1drv.ms/i/c/8705623eb284e7df/IQQIhC7Payu-Qb9ArC3GO2_qAfM1tlq1yoox2n-A9v8Xft4?width=600&height=338
09-11-2022,1188.717163,1196.91129,1182.348971,1191.593113,11254205,1,Reliance Industries,RELIANCE.NS,Stock,Energy,https://1drv.ms/i/c/8705623eb284e7df/IQQIhC7Payu-Qb9ArC3GO2_qAfM1tlq1yoox2n-A9v8Xft4?width=600&height=338
10-11-2022,1174.337524,1185.316196,1170.000778,1182.32614,5966242,1,Reliance Industries,RELIANCE.NS,Stock,Energy,https://1drv.ms/i/c/8705623eb284e7df/IQQIhC7Payu-Qb9ArC3GO2_qAfM1tlq1yoox2n-A9v8Xft4?width=600&height=338
11-11-2022,1201.407837,1203.325057,1181.413233,1186.891159,12310132,1,Reliance Industries,RELIANCE.NS,Stock,Energy,https://1drv.ms/i/c/8705623eb284e7df/IQQIhC7Payu-Qb9ArC3GO2_qAfM1tlq1yoox2n-A9v8Xft4?width=600&height=338
14-11-2022,1195.587524,1206.064131,1189.242153,1200.928523,9043112,1,Reliance Industries,RELIANCE.NS,Stock,Energy,https://1drv.ms/i/c/8705623eb284e7df/IQQIhC7Payu-Qb9ArC3GO2_qAfM1tlq1yoox2n-A9v8Xft4?width=600&height=338
15-11-2022,1190.223755,1198.94277,1182.326302,1197.071193,7086433,1,Reliance Industries,RELIANCE.NS,Stock,Energy,https://1drv.ms/i/c/8705623eb284e7df/IQQIhC7Payu-Qb9ArC3GO2_qAfM1tlq1yoox2n-A9v8Xft4?width=600&height=338
16-11-2022,1183.399048,1194.17233,1178.377546,1191.456128,9716161,1,Reliance Industries,RELIANCE.NS,Stock,Energy,https://1drv.ms/i/c/8705623eb284e7df/IQQIhC7Payu-Qb9ArC3GO2_qAfM1tlq1yoox2n-A9v8Xft4?width=600&height=338
17-11-2022,1186.457642,1192.825714,1177.761327,1180.020985,6661451,1,Reliance Industries,RELIANCE.NS,Stock,Energy,https://1drv.ms/i/c/8705623eb284e7df/IQQIhC7Payu-Qb9ArC3GO2_qAfM1tlq1yoox2n-A9v8Xft4?width=600&height=338
18-11-2022,1185.818359,1190.999609,1173.698388,1189.972415,5303197,1,Reliance Industries,RELIANCE.NS,Stock,Energy,https://1drv.ms/i/c/8705623eb284e7df/IQQIhC7Payu-Qb9ArC3GO2_qAfM1tlq1yoox2n-A9v8Xft4?width=600&height=338
21-11-2022,1164.477295,1181.413258,1160.916589,1181.413258,6390268,1,Reliance Industries,RELIANCE.NS,Stock,Energy,https://1drv.ms/i/c/8705623eb284e7df/IQQIhC7Payu-Qb9ArC3GO2_qAfM1tlq1yoox2n-A9v8Xft4?width=600&height=338
22-11-2022,1170.936646,1172.511548,1157.903706,1161.783908,6611488,1,Reliance Industries,RELIANCE.NS,Stock,Energy,https://1drv.ms/i/c/8705623eb284e7df/IQQIhC7Payu-Qb9ArC3GO2_qAfM1tlq1yoox2n-A9v8Xft4?width=600&height=338
23-11-2022,1167.284668,1176.802665,1165.093474,1175.478796,6413408,1,Reliance Industries,RELIANCE.NS,Stock,Energy,https://1drv.ms/i/c/8705623eb284e7df/IQQIhC7Payu-Qb9ArC3GO2_qAfM1tlq1yoox2n-A9v8Xft4?width=600&height=338
24-11-2022,1177.350464,1184.152259,1163.244688,1171.370352,9389439,1,Reliance Industries,RELIANCE.NS,Stock,Energy,https://1drv.ms/i/c/8705623eb284e7df/IQQIhC7Payu-Qb9ArC3GO2_qAfM1tlq1yoox2n-A9v8Xft4?width=600&height=338
25-11-2022,1194.925415,1198.257788,1178.719731,1181.869656,7349922,1,Reliance Industries,RELIANCE.NS,Stock,Energy,https://1drv.ms/i/c/8705623eb284e7df/IQQIhC7Payu-Qb9ArC3GO2_qAfM1tlq1yoox2n-A9v8Xft4?width=600&height=338
28-11-2022,1235.987427,1242.150108,1142.154514,1190.954019,31527484,1,Reliance Industries,RELIANCE.NS,Stock,Energy,https://1drv.ms/i/c/8705623eb284e7df/IQQIhC7Payu-Qb9ArC3GO2_qAfM1tlq1yoox2n-A9v8Xft4?width=600&height=338
29-11-2022,1238.110107,1246.988991,1229.801874,1234.344011,11058913,1,Reliance Industries,RELIANCE.NS,Stock,Energy,https://1drv.ms/i/c/8705623eb284e7df/IQQIhC7Payu-Qb9ArC3GO2_qAfM1tlq1yoox2n-A9v8Xft4?width=600&height=338
30-11-2022,1246.852051,1253.288707,1231.719201,1238.247142,26164986,1,Reliance Industries,RELIANCE.NS,Stock,Energy,https://1drv.ms/i/c/8705623eb284e7df/IQQIhC7Payu-Qb9ArC3GO2_qAfM1tlq1yoox2n-A9v8Xft4?width=600&height=338
01-12-2022,1243.177246,1257.648161,1239.844872,1251.622407,9485801,1,Reliance Industries,RELIANCE.NS,Stock,Energy,https://1drv.ms/i/c/8705623eb284e7df/IQQIhC7Payu-Qb9ArC3GO2_qAfM1tlq1yoox2n-A9v8Xft4?width=600&height=338
02-12-2022,1242.6521,1254.452574,1232.814607,1246.235626,11589592,1,Reliance Industries,RELIANCE.NS,Stock,Energy,https://1drv.ms/i/c/8705623eb284e7df/IQQIhC7Payu-Qb9ArC3GO2_qAfM1tlq1yoox2n-A9v8Xft4?width=600&height=338
05-12-2022,1224.529297,1240.187154,1222.497971,1238.018781,14828536,1,Reliance Industries,RELIANCE.NS,Stock,Energy,https://1drv.ms/i/c/8705623eb284e7df/IQQIhC7Payu-Qb9ArC3GO2_qAfM1tlq1yoox2n-A9v8Xft4?width=600&height=338
06-12-2022,1228.067139,1231.1713,1214.737404,1216.609102,8594245,1,Reliance Industries,RELIANCE.NS,Stock,Energy,https://1drv.ms/i/c/8705623eb284e7df/IQQIhC7Payu-Qb9ArC3GO2_qAfM1tlq1yoox2n-A9v8Xft4?width=600&height=338
07-12-2022,1209.944336,1230.258437,1206.132597,1225.693478,8462111,1,Reliance Industries,RELIANCE.NS,Stock,Energy,https://1drv.ms/i/c/8705623eb284e7df/IQQIhC7Payu-Qb9ArC3GO2_qAfM1tlq1yoox2n-A9v8Xft4?width=600&height=338
08-12-2022,1209.373657,1216.563533,1205.19678,1214.281054,7757008,1,Reliance Industries,RELIANCE.NS,Stock,Energy,https://1drv.ms/i/c/8705623eb284e7df/IQQIhC7Payu-Qb9ArC3GO2_qAfM1tlq1yoox2n-A9v8Xft4?width=600&height=338
09-12-2022,1191.04541,1214.281104,1187.735737,1207.89009,12655763,1,Reliance Industries,RELIANCE.NS,Stock,Energy,https://1drv.ms/i/c/8705623eb284e7df/IQQIhC7Payu-Qb9ArC3GO2_qAfM1tlq1yoox2n-A9v8Xft4?width=600&height=338
12-12-2022,1192.871338,1197.390654,1180.043788,1180.27212,9479842,1,Reliance Industries,RELIANCE.NS,Stock,Energy,https://1drv.ms/i/c/8705623eb284e7df/IQQIhC7Payu-Qb9ArC3GO2_qAfM1tlq1yoox2n-A9v8Xft4?width=600&height=338
13-12-2022,1198.303711,1201.955581,1189.949714,1192.871307,8333348,1,Reliance Industries,RELIANCE.NS,Stock,Energy,https://1drv.ms/i/c/8705623eb284e7df/IQQIhC7Payu-Qb9ArC3GO2_qAfM1tlq1yoox2n-A9v8Xft4?width=600&height=338
14-12-2022,1193.966919,1204.671737,1191.912652,1204.078266,7268947,1,Reliance Industries,RELIANCE.NS,Stock,Energy,https://1drv.ms/i/c/8705623eb284e7df/IQQIhC7Payu-Qb9ArC3GO2_qAfM1tlq1yoox2n-A9v8Xft4?width=600&height=338
15-12-2022,1177.008057,1193.73863,1173.652862,1188.032492,8688551,1,Reliance Industries,RELIANCE.NS,Stock,Energy,https://1drv.ms/i/c/8705623eb284e7df/IQQIhC7Payu-Qb9ArC3GO2_qAfM1tlq1yoox2n-A9v8Xft4?width=600&height=338
16-12-2022,1171.187622,1195.473329,1167.786785,1173.652791,15837349,1,Reliance Industries,RELIANCE.NS,Stock,Energy,https://1drv.ms/i/c/8705623eb284e7df/IQQIhC7Payu-Qb9ArC3GO2_qAfM1tlq1yoox2n-A9v8Xft4?width=600&height=338
19-12-2022,1186.571655,1188.717207,1171.689839,1178.21778,7729933,1,Reliance Industries,RELIANCE.NS,Stock,Energy,https://1drv.ms/i/c/8705623eb284e7df/IQQIhC7Payu-Qb9ArC3GO2_qAfM1tlq1yoox2n-A9v8Xft4?width=600&height=338
20-12-2022,1196.842896,1198.760115,1171.370366,1179.541673,7467588,1,Reliance Industries,RELIANCE.NS,Stock,Energy,https://1drv.ms/i/c/8705623eb284e7df/IQQIhC7Payu-Qb9ArC3GO2_qAfM1tlq1yoox2n-A9v8Xft4?width=600&height=338
21-12-2022,1179.815552,1201.955587,1175.980992,1196.477661,8527550,1,Reliance Industries,RELIANCE.NS,Stock,Energy,https://1drv.ms/i/c/8705623eb284e7df/IQQIhC7Payu-Qb9ArC3GO2_qAfM1tlq1yoox2n-A9v8Xft4?width=600&height=338
22-12-2022,1176.756958,1189.013857,1171.712635,1185.978159,7451122,1,Reliance Industries,RELIANCE.NS,Stock,Energy,https://1drv.ms/i/c/8705623eb284e7df/IQQIhC7Payu-Qb9ArC3GO2_qAfM1tlq1yoox2n-A9v8Xft4?width=600&height=338
23-12-2022,1142.24585,1182.554553,1137.703713,1170.137785,10257115,1,Reliance Industries,RELIANCE.NS,Stock,Energy,https://1drv.ms/i/c/8705623eb284e7df/IQQIhC7Payu-Qb9ArC3GO2_qAfM1tlq1yoox2n-A9v8Xft4?width=600&height=338
26-12-2022,1152.220215,1160.414342,1137.772122,1147.974874,5990242,1,Reliance Industries,RELIANCE.NS,Stock,Energy,https://1drv.ms/i/c/8705623eb284e7df/IQQIhC7Payu-Qb9ArC3GO2_qAfM1tlq1yoox2n-A9v8Xft4?width=600&height=338
27-12-2022,1161.646973,1163.51855,1148.203131,1154.936462,5763271,1,Reliance Industries,RELIANCE.NS,Stock,Energy,https://1drv.ms/i/c/8705623eb284e7df/IQQIhC7Payu-Qb9ArC3GO2_qAfM1tlq1yoox2n-A9v8Xft4?width=600&height=338
28-12-2022,1161.532959,1163.975186,1151.056351,1158.588545,7459393,1,Reliance Industries,RELIANCE.NS,Stock,Energy,https://1drv.ms/i/c/8705623eb284e7df/IQQIhC7Payu-Qb9ArC3GO2_qAfM1tlq1yoox2n-A9v8Xft4?width=600&height=338
29-12-2022,1161.007813,1163.564145,1152.882149,1153.566904,6930648,1,Reliance Industries,RELIANCE.NS,Stock,Energy,https://1drv.ms/i/c/8705623eb284e7df/IQQIhC7Payu-Qb9ArC3GO2_qAfM1tlq1yoox2n-A9v8Xft4?width=600&height=338
30-12-2022,1162.788086,1176.391675,1160.003541,1161.829476,7289476,1,Reliance Industries,RELIANCE.NS,Stock,Energy,https://1drv.ms/i/c/8705623eb284e7df/IQQIhC7Payu-Qb9ArC3GO2_qAfM1tlq1yoox2n-A9v8Xft4?width=600&height=338
02-01-2023,1175.889648,1177.304802,1163.244669,1164.066352,5316175,1,Reliance Industries,RELIANCE.NS,Stock,Energy,https://1drv.ms/i/c/8705623eb284e7df/IQQIhC7Payu-Qb9ArC3GO2_qAfM1tlq1yoox2n-A9v8Xft4?width=600&height=338
03-01-2023,1167.284668,1174.565828,1163.062148,1170.936659,7658932,1,Reliance Industries,RELIANCE.NS,Stock,Energy,https://1drv.ms/i/c/8705623eb284e7df/IQQIhC7Payu-Qb9ArC3GO2_qAfM1tlq1yoox2n-A9v8Xft4?width=600&height=338
04-01-2023,1149.709595,1169.110728,1147.632506,1167.261851,9264891,1,Reliance Industries,RELIANCE.NS,Stock,Energy,https://1drv.ms/i/c/8705623eb284e7df/IQQIhC7Payu-Qb9ArC3GO2_qAfM1tlq1yoox2n-A9v8Xft4?width=600&height=338
05-01-2023,1147.655273,1157.858026,1143.067494,1151.969199,13637099,1,Reliance Industries,RELIANCE.NS,Stock,Energy,https://1drv.ms/i/c/8705623eb284e7df/IQQIhC7Payu-Qb9ArC3GO2_qAfM1tlq1yoox2n-A9v8Xft4?width=600&height=338
06-01-2023,1158.086304,1163.130627,1149.595501,1153.40724,6349597,1,Reliance Industries,RELIANCE.NS,Stock,Energy,https://1drv.ms/i/c/8705623eb284e7df/IQQIhC7Payu-Qb9ArC3GO2_qAfM1tlq1yoox2n-A9v8Xft4?width=600&height=338
09-01-2023,1185.430298,1187.804182,1161.030607,1161.920753,10722753,1,Reliance Industries,RELIANCE.NS,Stock,Energy,https://1drv.ms/i/c/8705623eb284e7df/IQQIhC7Payu-Qb9ArC3GO2_qAfM1tlq1yoox2n-A9v8Xft4?width=600&height=338
10-01-2023,1167.901001,1189.630256,1162.240506,1189.630256,8047142,1,Reliance Industries,RELIANCE.NS,Stock,Energy,https://1drv.ms/i/c/8705623eb284e7df/IQQIhC7Payu-Qb9ArC3GO2_qAfM1tlq1yoox2n-A9v8Xft4?width=600&height=338
11-01-2023,1153.179077,1167.718457,1150.873656,1165.207766,11509553,1,Reliance Industries,RELIANCE.NS,Stock,Energy,https://1drv.ms/i/c/8705623eb284e7df/IQQIhC7Payu-Qb9ArC3GO2_qAfM1tlq1yoox2n-A9v8Xft4?width=600&height=338
12-01-2023,1128.276978,1156.077628,1125.2641,1152.585506,17688773,1,Reliance Industries,RELIANCE.NS,Stock,Energy,https://1drv.ms/i/c/8705623eb284e7df/IQQIhC7Payu-Qb9ArC3GO2_qAfM1tlq1yoox2n-A9v8Xft4?width=600&height=338
13-01-2023,1126.451172,1128.870578,1111.386784,1122.251352,20618583,1,Reliance Industries,RELIANCE.NS,Stock,Energy,https://1drv.ms/i/c/8705623eb284e7df/IQQIhC7Payu-Qb9ArC3GO2_qAfM1tlq1yoox2n-A9v8Xft4?width=600&height=338
16-01-2023,1115.723389,1131.951775,1107.917221,1128.779149,13623855,1,Reliance Industries,RELIANCE.NS,Stock,Energy,https://1drv.ms/i/c/8705623eb284e7df/IQQIhC7Payu-Qb9ArC3GO2_qAfM1tlq1yoox2n-A9v8Xft4?width=600&height=338
17-01-2023,1131.563843,1133.481062,1118.690651,1122.068667,10751000,1,Reliance Industries,RELIANCE.NS,Stock,Energy,https://1drv.ms/i/c/8705623eb284e7df/IQQIhC7Payu-Qb9ArC3GO2_qAfM1tlq1yoox2n-A9v8Xft4?width=600&height=338
18-01-2023,1129.692139,1137.178689,1123.141497,1129.144431,13448286,1,Reliance Industries,RELIANCE.NS,Stock,Energy,https://1drv.ms/i/c/8705623eb284e7df/IQQIhC7Payu-Qb9ArC3GO2_qAfM1tlq1yoox2n-A9v8Xft4?width=600&height=338
19-01-2023,1128.482544,1132.6366,1121.452416,1128.870504,11940054,1,Reliance Industries,RELIANCE.NS,Stock,Energy,https://1drv.ms/i/c/8705623eb284e7df/IQQIhC7Payu-Qb9ArC3GO2_qAfM1tlq1yoox2n-A9v8Xft4?width=600&height=338
20-01-2023,1115.061523,1129.829114,1112.596475,1129.829114,14930286,1,Reliance Industries,RELIANCE.NS,Stock,Energy,https://1drv.ms/i/c/8705623eb284e7df/IQQIhC7Payu-Qb9ArC3GO2_qAfM1tlq1yoox2n-A9v8Xft4?width=600&height=338
23-01-2023,1109.423828,1125.812085,1107.004422,1117.960395,10954118,1,Reliance Industries,RELIANCE.NS,Stock,Energy,https://1drv.ms/i/c/8705623eb284e7df/IQQIhC7Payu-Qb9ArC3GO2_qAfM1tlq1yoox2n-A9v8Xft4?width=600&height=338
24-01-2023,1102.873047,1115.517906,1089.817165,1113.851719,16488755,1,Reliance Industries,RELIANCE.NS,Stock,Energy,https://1drv.ms/i/c/8705623eb284e7df/IQQIhC7Payu-Qb9ArC3GO2_qAfM1tlq1yoox2n-A9v8Xft4?width=600&height=338
25-01-2023,1087.625854,1102.302279,1086.461854,1101.275206,12385018,1,Reliance Industries,RELIANCE.NS,Stock,Energy,https://1drv.ms/i/c/8705623eb284e7df/IQQIhC7Payu-Qb9ArC3GO2_qAfM1tlq1yoox2n-A9v8Xft4?width=600&height=338
27-01-2023,1066.992432,1089.817224,1055.260419,1088.470654,25830975,1,Reliance Industries,RELIANCE.NS,Stock,Energy,https://1drv.ms/i/c/8705623eb284e7df/IQQIhC7Payu-Qb9ArC3GO2_qAfM1tlq1yoox2n-A9v8Xft4?width=600&height=338
30-01-2023,1077.218018,1082.764407,1050.398796,1064.413289,21772103,1,Reliance Industries,RELIANCE.NS,Stock,Energy,https://1drv.ms/i/c/8705623eb284e7df/IQQIhC7Payu-Qb9ArC3GO2_qAfM1tlq1yoox2n-A9v8Xft4?width=600&height=338
31-01-2023,1074.524536,1089.954181,1068.65853,1087.374906,22691594,1,Reliance Industries,RELIANCE.NS,Stock,Energy,https://1drv.ms/i/c/8705623eb284e7df/IQQIhC7Payu-Qb9ArC3GO2_qAfM1tlq1yoox2n-A9v8Xft4?width=600&height=338
01-02-2023,1068.156616,1086.439272,1052.224782,1086.439272,19347800,1,Reliance Industries,RELIANCE.NS,Stock,Energy,https://1drv.ms/i/c/8705623eb284e7df/IQQIhC7Payu-Qb9ArC3GO2_qAfM1tlq1yoox2n-A9v8Xft4?width=600&height=338
02-02-2023,1062.244873,1071.854034,1054.963713,1058.159159,13662663,1,Reliance Industries,RELIANCE.NS,Stock,Energy,https://1drv.ms/i/c/8705623eb284e7df/IQQIhC7Payu-Qb9ArC3GO2_qAfM1tlq1yoox2n-A9v8Xft4?width=600&height=338
03-02-2023,1063.180664,1072.310581,1046.746766,1072.310581,24699575,1,Reliance Industries,RELIANCE.NS,Stock,Energy,https://1drv.ms/i/c/8705623eb284e7df/IQQIhC7Payu-Qb9ArC3GO2_qAfM1tlq1yoox2n-A9v8Xft4?width=600&height=338
06-02-2023,1055.169067,1059.528635,1052.589913,1056.789612,14837879,1,Reliance Industries,RELIANCE.NS,Stock,Energy,https://1drv.ms/i/c/8705623eb284e7df/IQQIhC7Payu-Qb9ArC3GO2_qAfM1tlq1yoox2n-A9v8Xft4?width=600&height=338
07-02-2023,1052.635498,1062.45017,1046.746671,1055.420163,15135435,1,Reliance Industries,RELIANCE.NS,Stock,Energy,https://1drv.ms/i/c/8705623eb284e7df/IQQIhC7Payu-Qb9ArC3GO2_qAfM1tlq1yoox2n-A9v8Xft4?width=600&height=338
08-02-2023,1073.657227,1077.286396,1053.137736,1055.876639,21160332,1,Reliance Industries,RELIANCE.NS,Stock,Energy,https://1drv.ms/i/c/8705623eb284e7df/IQQIhC7Payu-Qb9ArC3GO2_qAfM1tlq1yoox2n-A9v8Xft4?width=600&height=338
09-02-2023,1075.528809,1082.284961,1065.463104,1074.341987,13172763,1,Reliance Industries,RELIANCE.NS,Stock,Energy,https://1drv.ms/i/c/8705623eb284e7df/IQQIhC7Payu-Qb9ArC3GO2_qAfM1tlq1yoox2n-A9v8Xft4?width=600&height=338
10-02-2023,1066.672852,1075.003906,1059.665546,1075.003906,10790445,1,Reliance Industries,RELIANCE.NS,Stock,Energy,https://1drv.ms/i/c/8705623eb284e7df/IQQIhC7Payu-Qb9ArC3GO2_qAfM1tlq1yoox2n-A9v8Xft4?width=600&height=338
13-02-2023,1060.601563,1072.767178,1056.127889,1068.293504,10352493,1,Reliance Industries,RELIANCE.NS,Stock,Energy,https://1drv.ms/i/c/8705623eb284e7df/IQQIhC7Payu-Qb9ArC3GO2_qAfM1tlq1yoox2n-A9v8Xft4?width=600&height=338
14-02-2023,1085.594604,1087.329255,1060.738368,1063.614319,14321920,1,Reliance Industries,RELIANCE.NS,Stock,Energy,https://1drv.ms/i/c/8705623eb284e7df/IQQIhC7Payu-Qb9ArC3GO2_qAfM1tlq1yoox2n-A9v8Xft4?width=600&height=338
15-02-2023,1110.17688,1112.573585,1083.266497,1084.635888,33503591,1,Reliance Industries,RELIANCE.NS,Stock,Energy,https://1drv.ms/i/c/8705623eb284e7df/IQQIhC7Payu-Qb9ArC3GO2_qAfM1tlq1yoox2n-A9v8Xft4?width=600&height=338
16-02-2023,1109.30957,1124.716394,1107.027091,1118.165632,17264487,1,Reliance Industries,RELIANCE.NS,Stock,Energy,https://1drv.ms/i/c/8705623eb284e7df/IQQIhC7Payu-Qb9ArC3GO2_qAfM1tlq1yoox2n-A9v8Xft4?width=600&height=338
17-02-2023,1113.942993,1117.275487,1100.430688,1104.721792,11809520,1,Reliance Industries,RELIANCE.NS,Stock,Energy,https://1drv.ms/i/c/8705623eb284e7df/IQQIhC7Payu-Qb9ArC3GO2_qAfM1tlq1yoox2n-A9v8Xft4?width=600&height=338
20-02-2023,1102.165527,1118.30263,1100.202545,1116.134257,8836937,1,Reliance Industries,RELIANCE.NS,Stock,Energy,https://1drv.ms/i/c/8705623eb284e7df/IQQIhC7Payu-Qb9ArC3GO2_qAfM1tlq1yoox2n-A9v8Xft4?width=600&height=338
21-02-2023,1111.158569,1116.955992,1101.22967,1106.547968,13311592,1,Reliance Industries,RELIANCE.NS,Stock,Energy,https://1drv.ms/i/c/8705623eb284e7df/IQQIhC7Payu-Qb9ArC3GO2_qAfM1tlq1yoox2n-A9v8Xft4?width=600&height=338
22-02-2023,1085.959839,1109.286817,1084.202367,1107.438061,11024335,1,Reliance Industries,RELIANCE.NS,Stock,Energy,https://1drv.ms/i/c/8705623eb284e7df/IQQIhC7Payu-Qb9ArC3GO2_qAfM1tlq1yoox2n-A9v8Xft4?width=600&height=338
23-02-2023,1080.755737,1093.195327,1077.948371,1085.549028,9851910,1,Reliance Industries,RELIANCE.NS,Stock,Energy,https://1drv.ms/i/c/8705623eb284e7df/IQQIhC7Payu-Qb9ArC3GO2_qAfM1tlq1yoox2n-A9v8Xft4?width=600&height=338
24-02-2023,1088.150879,1093.834315,1080.983946,1082.809881,9434053,1,Reliance Industries,RELIANCE.NS,Stock,Energy,https://1drv.ms/i/c/8705623eb284e7df/IQQIhC7Payu-Qb9ArC3GO2_qAfM1tlq1yoox2n-A9v8Xft4?width=600&height=338
27-02-2023,1080.915527,1090.867248,1073.543203,1087.375005,11199715,1,Reliance Industries,RELIANCE.NS,Stock,Energy,https://1drv.ms/i/c/8705623eb284e7df/IQQIhC7Payu-Qb9ArC3GO2_qAfM1tlq1yoox2n-A9v8Xft4?width=600&height=338
28-02-2023,1060.236206,1080.527485,1056.173434,1075.551625,21994038,1,Reliance Industries,RELIANCE.NS,Stock,Energy,https://1drv.ms/i/c/8705623eb284e7df/IQQIhC7Payu-Qb9ArC3GO2_qAfM1tlq1yoox2n-A9v8Xft4?width=600&height=338
01-03-2023,1069.982422,1070.71282,1060.55571,1070.028064,11551145,1,Reliance Industries,RELIANCE.NS,Stock,Energy,https://1drv.ms/i/c/8705623eb284e7df/IQQIhC7Payu-Qb9ArC3GO2_qAfM1tlq1yoox2n-A9v8Xft4?width=600&height=338
02-03-2023,1061.833984,1073.520355,1059.802538,1066.832666,9333535,1,Reliance Industries,RELIANCE.NS,Stock,Energy,https://1drv.ms/i/c/8705623eb284e7df/IQQIhC7Payu-Qb9ArC3GO2_qAfM1tlq1yoox2n-A9v8Xft4?width=600&height=338
03-03-2023,1088.927124,1092.601936,1068.909818,1072.379119,14643807,1,Reliance Industries,RELIANCE.NS,Stock,Energy,https://1drv.ms/i/c/8705623eb284e7df/IQQIhC7Payu-Qb9ArC3GO2_qAfM1tlq1yoox2n-A9v8Xft4?width=600&height=338
06-03-2023,1099.563354,1106.821693,1095.591868,1095.591868,10171916,1,Reliance Industries,RELIANCE.NS,Stock,Energy,https://1drv.ms/i/c/8705623eb284e7df/IQQIhC7Payu-Qb9ArC3GO2_qAfM1tlq1yoox2n-A9v8Xft4?width=600&height=338
08-03-2023,1103.512207,1104.265426,1088.744496,1099.56342,15782657,1,Reliance Industries,RELIANCE.NS,Stock,Energy,https://1drv.ms/i/c/8705623eb284e7df/IQQIhC7Payu-Qb9ArC3GO2_qAfM1tlq1yoox2n-A9v8Xft4?width=600&height=338
09-03-2023,1076.989624,1103.306657,1075.095226,1102.895876,16235128,1,Reliance Industries,RELIANCE.NS,Stock,Energy,https://1drv.ms/i/c/8705623eb284e7df/IQQIhC7Payu-Qb9ArC3GO2_qAfM1tlq1yoox2n-A9v8Xft4?width=600&height=338
10-03-2023,1060.304688,1070.028075,1056.812445,1068.886896,13334091,1,Reliance Industries,RELIANCE.NS,Stock,Energy,https://1drv.ms/i/c/8705623eb284e7df/IQQIhC7Payu-Qb9ArC3GO2_qAfM1tlq1yoox2n-A9v8Xft4?width=600&height=338
13-03-2023,1042.866577,1070.028115,1038.529831,1063.180678,12771592,1,Reliance Industries,RELIANCE.NS,Stock,Energy,https://1drv.ms/i/c/8705623eb284e7df/IQQIhC7Payu-Qb9ArC3GO2_qAfM1tlq1yoox2n-A9v8Xft4?width=600&height=338
14-03-2023,1038.963501,1052.201831,1035.813697,1040.812257,16027522,1,Reliance Industries,RELIANCE.NS,Stock,Energy,https://1drv.ms/i/c/8705623eb284e7df/IQQIhC7Payu-Qb9ArC3GO2_qAfM1tlq1yoox2n-A9v8Xft4?width=600&height=338
15-03-2023,1021.20575,1049.166148,1016.80054,1042.683971,21728555,1,Reliance Industries,RELIANCE.NS,Stock,Energy,https://1drv.ms/i/c/8705623eb284e7df/IQQIhC7Payu-Qb9ArC3GO2_qAfM1tlq1yoox2n-A9v8Xft4?width=600&height=338
16-03-2023,1016.115784,1028.943333,1005.296859,1023.921952,18363159,1,Reliance Industries,RELIANCE.NS,Stock,Energy,https://1drv.ms/i/c/8705623eb284e7df/IQQIhC7Payu-Qb9ArC3GO2_qAfM1tlq1yoox2n-A9v8Xft4?width=600&height=338
17-03-2023,1014.837646,1028.007513,1010.090059,1024.720782,34014213,1,Reliance Industries,RELIANCE.NS,Stock,Energy,https://1drv.ms/i/c/8705623eb284e7df/IQQIhC7Payu-Qb9ArC3GO2_qAfM1tlq1yoox2n-A9v8Xft4?width=600&height=338
20-03-2023,1004.863159,1013.422486,995.1625933,1011.140007,19524589,1,Reliance Industries,RELIANCE.NS,Stock,Energy,https://1drv.ms/i/c/8705623eb284e7df/IQQIhC7Payu-Qb9ArC3GO2_qAfM1tlq1yoox2n-A9v8Xft4?width=600&height=338
21-03-2023,1036.110352,1038.073334,1012.052977,1012.943123,21400360,1,Reliance Industries,RELIANCE.NS,Stock,Energy,https://1drv.ms/i/c/8705623eb284e7df/IQQIhC7Payu-Qb9ArC3GO2_qAfM1tlq1yoox2n-A9v8Xft4?width=600&height=338
22-03-2023,1039.260132,1046.039105,1036.247255,1043.094692,10920094,1,Reliance Industries,RELIANCE.NS,Stock,Energy,https://1drv.ms/i/c/8705623eb284e7df/IQQIhC7Payu-Qb9ArC3GO2_qAfM1tlq1yoox2n-A9v8Xft4?width=600&height=338
23-03-2023,1026.113159,1036.201685,1023.944786,1035.33436,16249370,1,Reliance Industries,RELIANCE.NS,Stock,Energy,https://1drv.ms/i/c/8705623eb284e7df/IQQIhC7Payu-Qb9ArC3GO2_qAfM1tlq1yoox2n-A9v8Xft4?width=600&height=338
24-03-2023,1005.799011,1027.117424,1003.379605,1024.949051,12375945,1,Reliance Industries,RELIANCE.NS,Stock,Energy,https://1drv.ms/i/c/8705623eb284e7df/IQQIhC7Payu-Qb9ArC3GO2_qAfM1tlq1yoox2n-A9v8Xft4?width=600&height=338
27-03-2023,1021.43396,1028.943332,1004.383891,1012.281283,14054323,1,Reliance Industries,RELIANCE.NS,Stock,Energy,https://1drv.ms/i/c/8705623eb284e7df/IQQIhC7Payu-Qb9ArC3GO2_qAfM1tlq1yoox2n-A9v8Xft4?width=600&height=338
28-03-2023,1026.204468,1030.08467,1021.182965,1024.834956,12576424,1,Reliance Industries,RELIANCE.NS,Stock,Energy,https://1drv.ms/i/c/8705623eb284e7df/IQQIhC7Payu-Qb9ArC3GO2_qAfM1tlq1yoox2n-A9v8Xft4?width=600&height=338
29-03-2023,1020.133057,1024.743657,1009.359714,1022.095919,18804065,1,Reliance Industries,RELIANCE.NS,Stock,Energy,https://1drv.ms/i/c/8705623eb284e7df/IQQIhC7Payu-Qb9ArC3GO2_qAfM1tlq1yoox2n-A9v8Xft4?width=600&height=338
31-03-2023,1064.116455,1069.777071,1029.262976,1029.399903,28171201,1,Reliance Industries,RELIANCE.NS,Stock,Energy,https://1drv.ms/i/c/8705623eb284e7df/IQQIhC7Payu-Qb9ArC3GO2_qAfM1tlq1yoox2n-A9v8Xft4?width=600&height=338
03-04-2023,1064.299072,1072.310631,1056.7897,1070.484696,10293043,1,Reliance Industries,RELIANCE.NS,Stock,Energy,https://1drv.ms/i/c/8705623eb284e7df/IQQIhC7Payu-Qb9ArC3GO2_qAfM1tlq1yoox2n-A9v8Xft4?width=600&height=338
05-04-2023,1061.742676,1071.854023,1053.845344,1071.854023,16262928,1,Reliance Industries,RELIANCE.NS,Stock,Energy,https://1drv.ms/i/c/8705623eb284e7df/IQQIhC7Payu-Qb9ArC3GO2_qAfM1tlq1yoox2n-A9v8Xft4?width=600&height=338
06-04-2023,1068.863892,1074.592971,1058.227537,1058.227537,18435046,1,Reliance Industries,RELIANCE.NS,Stock,Energy,https://1drv.ms/i/c/8705623eb284e7df/IQQIhC7Payu-Qb9ArC3GO2_qAfM1tlq1yoox2n-A9v8Xft4?width=600&height=338
10-04-2023,1061.286133,1072.949682,1059.779694,1072.767113,12961408,1,Reliance Industries,RELIANCE.NS,Stock,Energy,https://1drv.ms/i/c/8705623eb284e7df/IQQIhC7Payu-Qb9ArC3GO2_qAfM1tlq1yoox2n-A9v8Xft4?width=600&height=338
11-04-2023,1066.535889,1068.65862,1060.921036,1065.463173,10542367,1,Reliance Industries,RELIANCE.NS,Stock,Energy,https://1drv.ms/i/c/8705623eb284e7df/IQQIhC7Payu-Qb9ArC3GO2_qAfM1tlq1yoox2n-A9v8Xft4?width=600&height=338
12-04-2023,1071.237793,1080.892596,1063.659958,1066.535787,18179087,1,Reliance Industries,RELIANCE.NS,Stock,Energy,https://1drv.ms/i/c/8705623eb284e7df/IQQIhC7Payu-Qb9ArC3GO2_qAfM1tlq1yoox2n-A9v8Xft4?width=600&height=338
13-04-2023,1075.277832,1079.979717,1069.11515,1074.136532,12378208,1,Reliance Industries,RELIANCE.NS,Stock,Energy,https://1drv.ms/i/c/8705623eb284e7df/IQQIhC7Payu-Qb9ArC3GO2_qAfM1tlq1yoox2n-A9v8Xft4?width=600&height=338
17-04-2023,1080.73291,1106.98148,1072.333392,1106.98148,17929479,1,Reliance Industries,RELIANCE.NS,Stock,Energy,https://1drv.ms/i/c/8705623eb284e7df/IQQIhC7Payu-Qb9ArC3GO2_qAfM1tlq1yoox2n-A9v8Xft4?width=600&height=338
18-04-2023,1068.361938,1085.092512,1061.811176,1085.092512,10405576,1,Reliance Industries,RELIANCE.NS,Stock,Energy,https://1drv.ms/i/c/8705623eb284e7df/IQQIhC7Payu-Qb9ArC3GO2_qAfM1tlq1yoox2n-A9v8Xft4?width=600&height=338
19-04-2023,1073.680054,1076.373314,1064.641422,1067.768405,12273475,1,Reliance Industries,RELIANCE.NS,Stock,Energy,https://1drv.ms/i/c/8705623eb284e7df/IQQIhC7Payu-Qb9ArC3GO2_qAfM1tlq1yoox2n-A9v8Xft4?width=600&height=338
20-04-2023,1070.963867,1076.875516,1064.595795,1074.638679,7007330,1,Reliance Industries,RELIANCE.NS,Stock,Energy,https://1drv.ms/i/c/8705623eb284e7df/IQQIhC7Payu-Qb9ArC3GO2_qAfM1tlq1yoox2n-A9v8Xft4?width=600&height=338
21-04-2023,1072.310547,1077.788472,1066.558647,1073.063766,7647317,1,Reliance Industries,RELIANCE.NS,Stock,Energy,https://1drv.ms/i/c/8705623eb284e7df/IQQIhC7Payu-Qb9ArC3GO2_qAfM1tlq1yoox2n-A9v8Xft4?width=600&height=338
24-04-2023,1076.419067,1086.872732,1071.853989,1084.179472,12936186,1,Reliance Industries,RELIANCE.NS,Stock,Energy,https://1drv.ms/i/c/8705623eb284e7df/IQQIhC7Payu-Qb9ArC3GO2_qAfM1tlq1yoox2n-A9v8Xft4?width=600&height=338
25-04-2023,1084.658691,1086.73578,1072.995264,1080.070912,9236126,1,Reliance Industries,RELIANCE.NS,Stock,Energy,https://1drv.ms/i/c/8705623eb284e7df/IQQIhC7Payu-Qb9ArC3GO2_qAfM1tlq1yoox2n-A9v8Xft4?width=600&height=338
26-04-2023,1078.290771,1089.246745,1074.615959,1086.005535,8617834,1,Reliance Industries,RELIANCE.NS,Stock,Energy,https://1drv.ms/i/c/8705623eb284e7df/IQQIhC7Payu-Qb9ArC3GO2_qAfM1tlq1yoox2n-A9v8Xft4?width=600&height=338
27-04-2023,1085.115234,1088.28786,1079.157944,1084.179446,9167125,1,Reliance Industries,RELIANCE.NS,Stock,Energy,https://1drv.ms/i/c/8705623eb284e7df/IQQIhC7Payu-Qb9ArC3GO2_qAfM1tlq1yoox2n-A9v8Xft4?width=600&height=338
28-04-2023,1104.949951,1106.502153,1087.26077,1087.374875,15565210,1,Reliance Industries,RELIANCE.NS,Stock,Energy,https://1drv.ms/i/c/8705623eb284e7df/IQQIhC7Payu-Qb9ArC3GO2_qAfM1tlq1yoox2n-A9v8Xft4?width=600&height=338
02-05-2023,1114.331055,1116.499428,1108.419406,1112.117039,12981805,1,Reliance Industries,RELIANCE.NS,Stock,Energy,https://1drv.ms/i/c/8705623eb284e7df/IQQIhC7Payu-Qb9ArC3GO2_qAfM1tlq1yoox2n-A9v8Xft4?width=600&height=338
03-05-2023,1104.767334,1116.134086,1101.549067,1116.134086,7061872,1,Reliance Industries,RELIANCE.NS,Stock,Energy,https://1drv.ms/i/c/8705623eb284e7df/IQQIhC7Payu-Qb9ArC3GO2_qAfM1tlq1yoox2n-A9v8Xft4?width=600&height=338
04-05-2023,1117.503662,1119.717678,1102.256707,1105.246763,8635233,1,Reliance Industries,RELIANCE.NS,Stock,Energy,https://1drv.ms/i/c/8705623eb284e7df/IQQIhC7Payu-Qb9ArC3GO2_qAfM1tlq1yoox2n-A9v8Xft4?width=600&height=338
05-05-2023,1114.650513,1123.597859,1112.025716,1114.308195,8746585,1,Reliance Industries,RELIANCE.NS,Stock,Energy,https://1drv.ms/i/c/8705623eb284e7df/IQQIhC7Payu-Qb9ArC3GO2_qAfM1tlq1yoox2n-A9v8Xft4?width=600&height=338
08-05-2023,1128.414063,1133.777882,1115.746261,1118.4167,9153782,1,Reliance Industries,RELIANCE.NS,Stock,Energy,https://1drv.ms/i/c/8705623eb284e7df/IQQIhC7Payu-Qb9ArC3GO2_qAfM1tlq1yoox2n-A9v8Xft4?width=600&height=338
09-05-2023,1131.906128,1135.215801,1124.46522,1129.829039,6464721,1,Reliance Industries,RELIANCE.NS,Stock,Energy,https://1drv.ms/i/c/8705623eb284e7df/IQQIhC7Payu-Qb9ArC3GO2_qAfM1tlq1yoox2n-A9v8Xft4?width=600&height=338
10-05-2023,1139.689575,1141.173193,1132.659447,1136.676698,10872255,1,Reliance Industries,RELIANCE.NS,Stock,Energy,https://1drv.ms/i/c/8705623eb284e7df/IQQIhC7Payu-Qb9ArC3GO2_qAfM1tlq1yoox2n-A9v8Xft4?width=600&height=338
11-05-2023,1132.248535,1145.578149,1130.536585,1140.762159,10557860,1,Reliance Industries,RELIANCE.NS,Stock,Energy,https://1drv.ms/i/c/8705623eb284e7df/IQQIhC7Payu-Qb9ArC3GO2_qAfM1tlq1yoox2n-A9v8Xft4?width=600&height=338
12-05-2023,1134.09729,1135.489623,1121.383847,1127.455244,6955341,1,Reliance Industries,RELIANCE.NS,Stock,Energy,https://1drv.ms/i/c/8705623eb284e7df/IQQIhC7Payu-Qb9ArC3GO2_qAfM1tlq1yoox2n-A9v8Xft4?width=600&height=338
15-05-2023,1136.334229,1143.318593,1128.984605,1136.631024,6833343,1,Reliance Industries,RELIANCE.NS,Stock,Energy,https://1drv.ms/i/c/8705623eb284e7df/IQQIhC7Payu-Qb9ArC3GO2_qAfM1tlq1yoox2n-A9v8Xft4?width=600&height=338
16-05-2023,1120.151367,1141.058816,1118.48506,1138.502483,8717229,1,Reliance Industries,RELIANCE.NS,Stock,Energy,https://1drv.ms/i/c/8705623eb284e7df/IQQIhC7Payu-Qb9ArC3GO2_qAfM1tlq1yoox2n-A9v8Xft4?width=600&height=338
17-05-2023,1113.532227,1125.264118,1108.830341,1124.351151,8798967,1,Reliance Industries,RELIANCE.NS,Stock,Energy,https://1drv.ms/i/c/8705623eb284e7df/IQQIhC7Payu-Qb9ArC3GO2_qAfM1tlq1yoox2n-A9v8Xft4?width=600&height=338
18-05-2023,1111.13562,1121.612227,1107.985695,1118.211269,10525531,1,Reliance Industries,RELIANCE.NS,Stock,Energy,https://1drv.ms/i/c/8705623eb284e7df/IQQIhC7Payu-Qb9ArC3GO2_qAfM1tlq1yoox2n-A9v8Xft4?width=600&height=338
19-05-2023,1114.741943,1116.567999,1104.196872,1111.135716,8050447,1,Reliance Industries,RELIANCE.NS,Stock,Energy,https://1drv.ms/i/c/8705623eb284e7df/IQQIhC7Payu-Qb9ArC3GO2_qAfM1tlq1yoox2n-A9v8Xft4?width=600&height=338
22-05-2023,1120.699097,1125.720599,1110.359538,1111.569181,7434906,1,Reliance Industries,RELIANCE.NS,Stock,Energy,https://1drv.ms/i/c/8705623eb284e7df/IQQIhC7Payu-Qb9ArC3GO2_qAfM1tlq1yoox2n-A9v8Xft4?width=600&height=338
23-05-2023,1120.493652,1126.633512,1119.078499,1123.278318,6092034,1,Reliance Industries,RELIANCE.NS,Stock,Energy,https://1drv.ms/i/c/8705623eb284e7df/IQQIhC7Payu-Qb9ArC3GO2_qAfM1tlq1yoox2n-A9v8Xft4?width=600&height=338
24-05-2023,1113.965698,1124.807563,1110.861537,1116.544973,8112254,1,Reliance Industries,RELIANCE.NS,Stock,Energy,https://1drv.ms/i/c/8705623eb284e7df/IQQIhC7Payu-Qb9ArC3GO2_qAfM1tlq1yoox2n-A9v8Xft4?width=600&height=338
25-05-2023,1113.828857,1117.960213,1102.918649,1111.067134,11487863,1,Reliance Industries,RELIANCE.NS,Stock,Energy,https://1drv.ms/i/c/8705623eb284e7df/IQQIhC7Payu-Qb9ArC3GO2_qAfM1tlq1yoox2n-A9v8Xft4?width=600&height=338
26-05-2023,1144.20874,1145.349919,1118.759034,1122.068586,12626260,1,Reliance Industries,RELIANCE.NS,Stock,Energy,https://1drv.ms/i/c/8705623eb284e7df/IQQIhC7Payu-Qb9ArC3GO2_qAfM1tlq1yoox2n-A9v8Xft4?width=600&height=338
29-05-2023,1150.645386,1154.93649,1144.528347,1150.827955,10010304,1,Reliance Industries,RELIANCE.NS,Stock,Energy,https://1drv.ms/i/c/8705623eb284e7df/IQQIhC7Payu-Qb9ArC3GO2_qAfM1tlq1yoox2n-A9v8Xft4?width=600&height=338
30-05-2023,1150.348633,1158.451475,1147.792179,1150.645308,11342504,1,Reliance Industries,RELIANCE.NS,Stock,Energy,https://1drv.ms/i/c/8705623eb284e7df/IQQIhC7Payu-Qb9ArC3GO2_qAfM1tlq1yoox2n-A9v8Xft4?width=600&height=338
31-05-2023,1127.500977,1145.738109,1123.438205,1141.241614,27107927,1,Reliance Industries,RELIANCE.NS,Stock,Energy,https://1drv.ms/i/c/8705623eb284e7df/IQQIhC7Payu-Qb9ArC3GO2_qAfM1tlq1yoox2n-A9v8Xft4?width=600&height=338
01-06-2023,1124.46521,1134.348466,1122.068625,1132.180093,14592692,1,Reliance Industries,RELIANCE.NS,Stock,Energy,https://1drv.ms/i/c/8705623eb284e7df/IQQIhC7Payu-Qb9ArC3GO2_qAfM1tlq1yoox2n-A9v8Xft4?width=600&height=338
02-06-2023,1120.790405,1133.412564,1118.873186,1128.003102,15800644,1,Reliance Industries,RELIANCE.NS,Stock,Energy,https://1drv.ms/i/c/8705623eb284e7df/IQQIhC7Payu-Qb9ArC3GO2_qAfM1tlq1yoox2n-A9v8Xft4?width=600&height=338
05-06-2023,1130.856323,1133.823558,1122.274115,1126.268544,10908682,1,Reliance Industries,RELIANCE.NS,Stock,Energy,https://1drv.ms/i/c/8705623eb284e7df/IQQIhC7Payu-Qb9ArC3GO2_qAfM1tlq1yoox2n-A9v8Xft4?width=600&height=338
06-06-2023,1131.814819,1135.626558,1123.894667,1133.686517,7493309,1,Reliance Industries,RELIANCE.NS,Stock,Energy,https://1drv.ms/i/c/8705623eb284e7df/IQQIhC7Payu-Qb9ArC3GO2_qAfM1tlq1yoox2n-A9v8Xft4?width=600&height=338
07-06-2023,1140.397095,1141.241599,1128.733546,1135.307129,10312545,1,Reliance Industries,RELIANCE.NS,Stock,Energy,https://1drv.ms/i/c/8705623eb284e7df/IQQIhC7Payu-Qb9ArC3GO2_qAfM1tlq1yoox2n-A9v8Xft4?width=600&height=338
08-06-2023,1141.081787,1148.933598,1137.133121,1143.980559,12071109,1,Reliance Industries,RELIANCE.NS,Stock,Energy,https://1drv.ms/i/c/8705623eb284e7df/IQQIhC7Payu-Qb9ArC3GO2_qAfM1tlq1yoox2n-A9v8Xft4?width=600&height=338
09-06-2023,1133.001709,1145.144501,1131.198475,1144.436924,5877018,1,Reliance Industries,RELIANCE.NS,Stock,Energy,https://1drv.ms/i/c/8705623eb284e7df/IQQIhC7Payu-Qb9ArC3GO2_qAfM1tlq1yoox2n-A9v8Xft4?width=600&height=338
12-06-2023,1134.005981,1136.311282,1125.264026,1130.057316,6391969,1,Reliance Industries,RELIANCE.NS,Stock,Energy,https://1drv.ms/i/c/8705623eb284e7df/IQQIhC7Payu-Qb9ArC3GO2_qAfM1tlq1yoox2n-A9v8Xft4?width=600&height=338
13-06-2023,1150.759521,1151.946464,1134.964737,1138.959166,11248016,1,Reliance Industries,RELIANCE.NS,Stock,Energy,https://1drv.ms/i/c/8705623eb284e7df/IQQIhC7Payu-Qb9ArC3GO2_qAfM1tlq1yoox2n-A9v8Xft4?width=600&height=338
14-06-2023,1164.910889,1166.348864,1149.001999,1150.827934,13277380,1,Reliance Industries,RELIANCE.NS,Stock,Energy,https://1drv.ms/i/c/8705623eb284e7df/IQQIhC7Payu-Qb9ArC3GO2_qAfM1tlq1yoox2n-A9v8Xft4?width=600&height=338
15-06-2023,1165.230469,1169.795427,1157.447122,1164.88803,11813494,1,Reliance Industries,RELIANCE.NS,Stock,Energy,https://1drv.ms/i/c/8705623eb284e7df/IQQIhC7Payu-Qb9ArC3GO2_qAfM1tlq1yoox2n-A9v8Xft4?width=600&height=338
16-06-2023,1176.574463,1178.856942,1168.722653,1168.722653,24171579,1,Reliance Industries,RELIANCE.NS,Stock,Energy,https://1drv.ms/i/c/8705623eb284e7df/IQQIhC7Payu-Qb9ArC3GO2_qAfM1tlq1yoox2n-A9v8Xft4?width=600&height=338
19-06-2023,1164.888184,1179.587432,1160.711306,1179.587432,6798554,1,Reliance Industries,RELIANCE.NS,Stock,Energy,https://1drv.ms/i/c/8705623eb284e7df/IQQIhC7Payu-Qb9ArC3GO2_qAfM1tlq1yoox2n-A9v8Xft4?width=600&height=338
20-06-2023,1167.307495,1170.457299,1157.218969,1162.948048,6921096,1,Reliance Industries,RELIANCE.NS,Stock,Energy,https://1drv.ms/i/c/8705623eb284e7df/IQQIhC7Payu-Qb9ArC3GO2_qAfM1tlq1yoox2n-A9v8Xft4?width=600&height=338
21-06-2023,1170.59436,1173.127872,1163.153452,1167.261866,6961603,1,Reliance Industries,RELIANCE.NS,Stock,Energy,https://1drv.ms/i/c/8705623eb284e7df/IQQIhC7Payu-Qb9ArC3GO2_qAfM1tlq1yoox2n-A9v8Xft4?width=600&height=338
22-06-2023,1157.447144,1174.702724,1155.84942,1166.805392,7619166,1,Reliance Industries,RELIANCE.NS,Stock,Energy,https://1drv.ms/i/c/8705623eb284e7df/IQQIhC7Payu-Qb9ArC3GO2_qAfM1tlq1yoox2n-A9v8Xft4?width=600&height=338
23-06-2023,1147.974976,1156.4886,1146.71957,1154.434333,6628570,1,Reliance Industries,RELIANCE.NS,Stock,Energy,https://1drv.ms/i/c/8705623eb284e7df/IQQIhC7Payu-Qb9ArC3GO2_qAfM1tlq1yoox2n-A9v8Xft4?width=600&height=338
26-06-2023,1139.210205,1148.271658,1136.083222,1144.437098,12641159,1,Reliance Industries,RELIANCE.NS,Stock,Energy,https://1drv.ms/i/c/8705623eb284e7df/IQQIhC7Payu-Qb9ArC3GO2_qAfM1tlq1yoox2n-A9v8Xft4?width=600&height=338
27-06-2023,1139.621094,1145.578264,1135.14742,1139.666736,9689466,1,Reliance Industries,RELIANCE.NS,Stock,Energy,https://1drv.ms/i/c/8705623eb284e7df/IQQIhC7Payu-Qb9ArC3GO2_qAfM1tlq1yoox2n-A9v8Xft4?width=600&height=338
28-06-2023,1154.708252,1158.519991,1140.260037,1147.176059,11354006,1,Reliance Industries,RELIANCE.NS,Stock,Energy,https://1drv.ms/i/c/8705623eb284e7df/IQQIhC7Payu-Qb9ArC3GO2_qAfM1tlq1yoox2n-A9v8Xft4?width=600&height=338
30-06-2023,1164.180542,1167.102135,1156.511422,1162.42307,11151555,1,Reliance Industries,RELIANCE.NS,Stock,Energy,https://1drv.ms/i/c/8705623eb284e7df/IQQIhC7Payu-Qb9ArC3GO2_qAfM1tlq1yoox2n-A9v8Xft4?width=600&height=338
03-07-2023,1194.05835,1196.9343,1166.508729,1167.741314,12154387,1,Reliance Industries,RELIANCE.NS,Stock,Energy,https://1drv.ms/i/c/8705623eb284e7df/IQQIhC7Payu-Qb9ArC3GO2_qAfM1tlq1yoox2n-A9v8Xft4?width=600&height=338
04-07-2023,1181.755737,1198.303742,1174.679967,1198.303742,8061643,1,Reliance Industries,RELIANCE.NS,Stock,Energy,https://1drv.ms/i/c/8705623eb284e7df/IQQIhC7Payu-Qb9ArC3GO2_qAfM1tlq1yoox2n-A9v8Xft4?width=600&height=338
05-07-2023,1179.815552,1190.999736,1175.844065,1190.999736,10248062,1,Reliance Industries,RELIANCE.NS,Stock,Energy,https://1drv.ms/i/c/8705623eb284e7df/IQQIhC7Payu-Qb9ArC3GO2_qAfM1tlq1yoox2n-A9v8Xft4?width=600&height=338
06-07-2023,1204.580444,1207.18242,1175.958112,1175.958112,19117987,1,Reliance Industries,RELIANCE.NS,Stock,Energy,https://1drv.ms/i/c/8705623eb284e7df/IQQIhC7Payu-Qb9ArC3GO2_qAfM1tlq1yoox2n-A9v8Xft4?width=600&height=338
07-07-2023,1202.229492,1216.540658,1199.673038,1202.868606,13375267,1,Reliance Industries,RELIANCE.NS,Stock,Energy,https://1drv.ms/i/c/8705623eb284e7df/IQQIhC7Payu-Qb9ArC3GO2_qAfM1tlq1yoox2n-A9v8Xft4?width=600&height=338
10-07-2023,1248.541016,1258.104655,1221.128446,1227.473697,33240016,1,Reliance Industries,RELIANCE.NS,Stock,Energy,https://1drv.ms/i/c/8705623eb284e7df/IQQIhC7Payu-Qb9ArC3GO2_qAfM1tlq1yoox2n-A9v8Xft4?width=600&height=338
11-07-2023,1262.07605,1264.495456,1249.705046,1256.689409,20069348,1,Reliance Industries,RELIANCE.NS,Stock,Energy,https://1drv.ms/i/c/8705623eb284e7df/IQQIhC7Payu-Qb9ArC3GO2_qAfM1tlq1yoox2n-A9v8Xft4?width=600&height=338
12-07-2023,1263.468506,1279.103542,1260.68384,1262.806571,18733835,1,Reliance Industries,RELIANCE.NS,Stock,Energy,https://1drv.ms/i/c/8705623eb284e7df/IQQIhC7Payu-Qb9ArC3GO2_qAfM1tlq1yoox2n-A9v8Xft4?width=600&height=338
13-07-2023,1252.170288,1277.734103,1249.545491,1270.841024,14682934,1,Reliance Industries,RELIANCE.NS,Stock,Energy,https://1drv.ms/i/c/8705623eb284e7df/IQQIhC7Payu-Qb9ArC3GO2_qAfM1tlq1yoox2n-A9v8Xft4?width=600&height=338
14-07-2023,1251.120239,1260.34144,1243.998828,1255.36558,15124144,1,Reliance Industries,RELIANCE.NS,Stock,Energy,https://1drv.ms/i/c/8705623eb284e7df/IQQIhC7Payu-Qb9ArC3GO2_qAfM1tlq1yoox2n-A9v8Xft4?width=600&height=338
17-07-2023,1276.684204,1285.060902,1245.322846,1253.996339,22220040,1,Reliance Industries,RELIANCE.NS,Stock,Energy,https://1drv.ms/i/c/8705623eb284e7df/IQQIhC7Payu-Qb9ArC3GO2_qAfM1tlq1yoox2n-A9v8Xft4?width=600&height=338
18-07-2023,1287.525879,1295.286284,1274.995005,1285.950977,25867313,1,Reliance Industries,RELIANCE.NS,Stock,Energy,https://1drv.ms/i/c/8705623eb284e7df/IQQIhC7Payu-Qb9ArC3GO2_qAfM1tlq1yoox2n-A9v8Xft4?width=600&height=338
19-07-2023,1297.294922,1303.754399,1276.821074,1291.88546,39122156,1,Reliance Industries,RELIANCE.NS,Stock,Energy,https://1drv.ms/i/c/8705623eb284e7df/IQQIhC7Payu-Qb9ArC3GO2_qAfM1tlq1yoox2n-A9v8Xft4?width=600&height=338
20-07-2023,1295.723999,1301.213758,1276.01496,1276.01496,38717624,1,Reliance Industries,RELIANCE.NS,Stock,Energy,https://1drv.ms/i/c/8705623eb284e7df/IQQIhC7Payu-Qb9ArC3GO2_qAfM1tlq1yoox2n-A9v8Xft4?width=600&height=338
21-07-2023,1255.613403,1293.275575,1248.120574,1290.357605,30249238,1,Reliance Industries,RELIANCE.NS,Stock,Energy,https://1drv.ms/i/c/8705623eb284e7df/IQQIhC7Payu-Qb9ArC3GO2_qAfM1tlq1yoox2n-A9v8Xft4?width=600&height=338
24-07-2023,1230.216797,1243.842484,1221.264982,1227.051537,23727866,1,Reliance Industries,RELIANCE.NS,Stock,Energy,https://1drv.ms/i/c/8705623eb284e7df/IQQIhC7Payu-Qb9ArC3GO2_qAfM1tlq1yoox2n-A9v8Xft4?width=600&height=338
25-07-2023,1229.425537,1239.020329,1226.556952,1233.481064,12026020,1,Reliance Industries,RELIANCE.NS,Stock,Energy,https://1drv.ms/i/c/8705623eb284e7df/IQQIhC7Payu-Qb9ArC3GO2_qAfM1tlq1yoox2n-A9v8Xft4?width=600&height=338
26-07-2023,1249.406372,1259.693647,1229.029726,1229.029726,12911012,1,Reliance Industries,RELIANCE.NS,Stock,Energy,https://1drv.ms/i/c/8705623eb284e7df/IQQIhC7Payu-Qb9ArC3GO2_qAfM1tlq1yoox2n-A9v8Xft4?width=600&height=338
27-07-2023,1237.783813,1255.069339,1231.67583,1253.288926,17226898,1,Reliance Industries,RELIANCE.NS,Stock,Energy,https://1drv.ms/i/c/8705623eb284e7df/IQQIhC7Payu-Qb9ArC3GO2_qAfM1tlq1yoox2n-A9v8Xft4?width=600&height=338
28-07-2023,1250.222534,1257.641225,1236.720493,1242.408156,20827852,1,Reliance Industries,RELIANCE.NS,Stock,Energy,https://1drv.ms/i/c/8705623eb284e7df/IQQIhC7Payu-Qb9ArC3GO2_qAfM1tlq1yoox2n-A9v8Xft4?width=600&height=338
31-07-2023,1260.806519,1263.106264,1245.326159,1250.222568,8551174,1,Reliance Industries,RELIANCE.NS,Stock,Energy,https://1drv.ms/i/c/8705623eb284e7df/IQQIhC7Payu-Qb9ArC3GO2_qAfM1tlq1yoox2n-A9v8Xft4?width=600&height=338
01-08-2023,1242.976929,1265.628689,1239.0698,1263.650372,9536632,1,Reliance Industries,RELIANCE.NS,Stock,Energy,https://1drv.ms/i/c/8705623eb284e7df/IQQIhC7Payu-Qb9ArC3GO2_qAfM1tlq1yoox2n-A9v8Xft4?width=600&height=338
02-08-2023,1229.69751,1242.383423,1218.445829,1240.998576,12748214,1,Reliance Industries,RELIANCE.NS,Stock,Energy,https://1drv.ms/i/c/8705623eb284e7df/IQQIhC7Payu-Qb9ArC3GO2_qAfM1tlq1yoox2n-A9v8Xft4?width=600&height=338
03-08-2023,1224.529053,1236.893537,1215.700883,1224.232378,10168350,1,Reliance Industries,RELIANCE.NS,Stock,Energy,https://1drv.ms/i/c/8705623eb284e7df/IQQIhC7Payu-Qb9ArC3GO2_qAfM1tlq1yoox2n-A9v8Xft4?width=600&height=338
04-08-2023,1241.171753,1244.361766,1222.402489,1235.855024,22885610,1,Reliance Industries,RELIANCE.NS,Stock,Energy,https://1drv.ms/i/c/8705623eb284e7df/IQQIhC7Payu-Qb9ArC3GO2_qAfM1tlq1yoox2n-A9v8Xft4?width=600&height=338
07-08-2023,1248.244385,1250.494625,1238.921514,1246.834785,5982870,1,Reliance Industries,RELIANCE.NS,Stock,Energy,https://1drv.ms/i/c/8705623eb284e7df/IQQIhC7Payu-Qb9ArC3GO2_qAfM1tlq1yoox2n-A9v8Xft4?width=600&height=338
08-08-2023,1240.72644,1253.486612,1236.225841,1250.296599,9844072,1,Reliance Industries,RELIANCE.NS,Stock,Energy,https://1drv.ms/i/c/8705623eb284e7df/IQQIhC7Payu-Qb9ArC3GO2_qAfM1tlq1yoox2n-A9v8Xft4?width=600&height=338
09-08-2023,1248.911865,1250.791291,1227.100986,1238.847247,11486586,1,Reliance Industries,RELIANCE.NS,Stock,Energy,https://1drv.ms/i/c/8705623eb284e7df/IQQIhC7Payu-Qb9ArC3GO2_qAfM1tlq1yoox2n-A9v8Xft4?width=600&height=338
10-08-2023,1254.47583,1261.177405,1240.627608,1248.788167,15470598,1,Reliance Industries,RELIANCE.NS,Stock,Energy,https://1drv.ms/i/c/8705623eb284e7df/IQQIhC7Payu-Qb9ArC3GO2_qAfM1tlq1yoox2n-A9v8Xft4?width=600&height=338
11-08-2023,1259.767822,1265.554498,1242.556556,1252.49753,22179330,1,Reliance Industries,RELIANCE.NS,Stock,Energy,https://1drv.ms/i/c/8705623eb284e7df/IQQIhC7Payu-Qb9ArC3GO2_qAfM1tlq1yoox2n-A9v8Xft4?width=600&height=338
14-08-2023,1274.654663,1277.152313,1248.812891,1255.737002,9575812,1,Reliance Industries,RELIANCE.NS,Stock,Energy,https://1drv.ms/i/c/8705623eb284e7df/IQQIhC7Payu-Qb9ArC3GO2_qAfM1tlq1yoox2n-A9v8Xft4?width=600&height=338
16-08-2023,1273.616089,1277.399694,1261.672045,1261.672045,10203112,1,Reliance Industries,RELIANCE.NS,Stock,Energy,https://1drv.ms/i/c/8705623eb284e7df/IQQIhC7Payu-Qb9ArC3GO2_qAfM1tlq1yoox2n-A9v8Xft4?width=600&height=338
17-08-2023,1255.242554,1275.075237,1252.695518,1269.634863,13673744,1,Reliance Industries,RELIANCE.NS,Stock,Energy,https://1drv.ms/i/c/8705623eb284e7df/IQQIhC7Payu-Qb9ArC3GO2_qAfM1tlq1yoox2n-A9v8Xft4?width=600&height=338
18-08-2023,1264.540649,1274.827925,1240.677193,1251.904121,18639978,1,Reliance Industries,RELIANCE.NS,Stock,Energy,https://1drv.ms/i/c/8705623eb284e7df/IQQIhC7Payu-Qb9ArC3GO2_qAfM1tlq1yoox2n-A9v8Xft4?width=600&height=338
21-08-2023,1250.742676,1268.337425,1248.583607,1260.644364,9221746,1,Reliance Industries,RELIANCE.NS,Stock,Energy,https://1drv.ms/i/c/8705623eb284e7df/IQQIhC7Payu-Qb9ArC3GO2_qAfM1tlq1yoox2n-A9v8Xft4?width=600&height=338
22-08-2023,1250.444824,1259.651704,1240.319813,1249.204008,7713044,1,Reliance Industries,RELIANCE.NS,Stock,Energy,https://1drv.ms/i/c/8705623eb284e7df/IQQIhC7Payu-Qb9ArC3GO2_qAfM1tlq1yoox2n-A9v8Xft4?width=600&height=338
23-08-2023,1251.834595,1262.083809,1249.228881,1252.827248,9517952,1,Reliance Industries,RELIANCE.NS,Stock,Energy,https://1drv.ms/i/c/8705623eb284e7df/IQQIhC7Payu-Qb9ArC3GO2_qAfM1tlq1yoox2n-A9v8Xft4?width=600&height=338
24-08-2023,1230.790405,1260.619553,1226.422708,1260.619553,14140020,1,Reliance Industries,RELIANCE.NS,Stock,Energy,https://1drv.ms/i/c/8705623eb284e7df/IQQIhC7Payu-Qb9ArC3GO2_qAfM1tlq1yoox2n-A9v8Xft4?width=600&height=338
25-08-2023,1225.107544,1243.297861,1212.327137,1218.977863,22222400,1,Reliance Industries,RELIANCE.NS,Stock,Energy,https://1drv.ms/i/c/8705623eb284e7df/IQQIhC7Payu-Qb9ArC3GO2_qAfM1tlq1yoox2n-A9v8Xft4?width=600&height=338
28-08-2023,1212.897705,1232.874844,1206.619224,1226.918927,12580826,1,Reliance Industries,RELIANCE.NS,Stock,Energy,https://1drv.ms/i/c/8705623eb284e7df/IQQIhC7Payu-Qb9ArC3GO2_qAfM1tlq1yoox2n-A9v8Xft4?width=600&height=338
29-08-2023,1201.283813,1217.712147,1195.228534,1217.017338,16876644,1,Reliance Industries,RELIANCE.NS,Stock,Energy,https://1drv.ms/i/c/8705623eb284e7df/IQQIhC7Payu-Qb9ArC3GO2_qAfM1tlq1yoox2n-A9v8Xft4?width=600&height=338
30-08-2023,1200.142334,1212.525656,1198.628514,1207.066065,12168946,1,Reliance Industries,RELIANCE.NS,Stock,Energy,https://1drv.ms/i/c/8705623eb284e7df/IQQIhC7Payu-Qb9ArC3GO2_qAfM1tlq1yoox2n-A9v8Xft4?width=600&height=338
31-08-2023,1194.657837,1203.591714,1191.13387,1202.599061,21638600,1,Reliance Industries,RELIANCE.NS,Stock,Energy,https://1drv.ms/i/c/8705623eb284e7df/IQQIhC7Payu-Qb9ArC3GO2_qAfM1tlq1yoox2n-A9v8Xft4?width=600&height=338
01-09-2023,1197.461914,1203.914158,1192.002323,1194.434396,18112842,1,Reliance Industries,RELIANCE.NS,Stock,Energy,https://1drv.ms/i/c/8705623eb284e7df/IQQIhC7Payu-Qb9ArC3GO2_qAfM1tlq1yoox2n-A9v8Xft4?width=600&height=338
04-09-2023,1196.494141,1202.921544,1193.814026,1197.461953,9347626,1,Reliance Industries,RELIANCE.NS,Stock,Energy,https://1drv.ms/i/c/8705623eb284e7df/IQQIhC7Payu-Qb9ArC3GO2_qAfM1tlq1yoox2n-A9v8Xft4?width=600&height=338
05-09-2023,1202.896973,1208.033879,1197.362859,1201.110149,8675876,1,Reliance Industries,RELIANCE.NS,Stock,Energy,https://1drv.ms/i/c/8705623eb284e7df/IQQIhC7Payu-Qb9ArC3GO2_qAfM1tlq1yoox2n-A9v8Xft4?width=600&height=338
06-09-2023,1205.428101,1209.125709,1199.745187,1201.656092,8200370,1,Reliance Industries,RELIANCE.NS,Stock,Energy,https://1drv.ms/i/c/8705623eb284e7df/IQQIhC7Payu-Qb9ArC3GO2_qAfM1tlq1yoox2n-A9v8Xft4?width=600&height=338
07-09-2023,1207.065918,1210.167958,1196.643063,1201.953731,13652572,1,Reliance Industries,RELIANCE.NS,Stock,Energy,https://1drv.ms/i/c/8705623eb284e7df/IQQIhC7Payu-Qb9ArC3GO2_qAfM1tlq1yoox2n-A9v8Xft4?width=600&height=338
08-09-2023,1215.106445,1218.977816,1202.574202,1211.036592,23109288,1,Reliance Industries,RELIANCE.NS,Stock,Energy,https://1drv.ms/i/c/8705623eb284e7df/IQQIhC7Payu-Qb9ArC3GO2_qAfM1tlq1yoox2n-A9v8Xft4?width=600&height=338
11-09-2023,1228.209473,1229.326207,1216.992446,1216.992446,13271074,1,Reliance Industries,RELIANCE.NS,Stock,Energy,https://1drv.ms/i/c/8705623eb284e7df/IQQIhC7Payu-Qb9ArC3GO2_qAfM1tlq1yoox2n-A9v8Xft4?width=600&height=338
12-09-2023,1210.46582,1232.378585,1209.026401,1232.378585,16255666,1,Reliance Industries,RELIANCE.NS,Stock,Energy,https://1drv.ms/i/c/8705623eb284e7df/IQQIhC7Payu-Qb9ArC3GO2_qAfM1tlq1yoox2n-A9v8Xft4?width=600&height=338
13-09-2023,1216.520996,1222.27831,1204.212076,1211.036564,12803338,1,Reliance Industries,RELIANCE.NS,Stock,Energy,https://1drv.ms/i/c/8705623eb284e7df/IQQIhC7Payu-Qb9ArC3GO2_qAfM1tlq1yoox2n-A9v8Xft4?width=600&height=338
14-09-2023,1217.637695,1223.841776,1213.518162,1220.963058,9209636,1,Reliance Industries,RELIANCE.NS,Stock,Energy,https://1drv.ms/i/c/8705623eb284e7df/IQQIhC7Payu-Qb9ArC3GO2_qAfM1tlq1yoox2n-A9v8Xft4?width=600&height=338
15-09-2023,1219.895996,1224.933661,1215.751622,1224.933661,25468592,1,Reliance Industries,RELIANCE.NS,Stock,Energy,https://1drv.ms/i/c/8705623eb284e7df/IQQIhC7Payu-Qb9ArC3GO2_qAfM1tlq1yoox2n-A9v8Xft4?width=600&height=338
18-09-2023,1209.274658,1216.496233,1207.09087,1211.061482,7516300,1,Reliance Industries,RELIANCE.NS,Stock,Energy,https://1drv.ms/i/c/8705623eb284e7df/IQQIhC7Payu-Qb9ArC3GO2_qAfM1tlq1yoox2n-A9v8Xft4?width=600&height=338
20-09-2023,1182.324097,1204.882233,1168.848881,1202.623923,57081884,1,Reliance Industries,RELIANCE.NS,Stock,Energy,https://1drv.ms/i/c/8705623eb284e7df/IQQIhC7Payu-Qb9ArC3GO2_qAfM1tlq1yoox2n-A9v8Xft4?width=600&height=338
21-09-2023,1173.712769,1186.269851,1171.330377,1178.750433,12226182,1,Reliance Industries,RELIANCE.NS,Stock,Energy,https://1drv.ms/i/c/8705623eb284e7df/IQQIhC7Payu-Qb9ArC3GO2_qAfM1tlq1yoox2n-A9v8Xft4?width=600&height=338
22-09-2023,1168.823975,1182.472952,1166.367183,1179.271671,19176786,1,Reliance Industries,RELIANCE.NS,Stock,Energy,https://1drv.ms/i/c/8705623eb284e7df/IQQIhC7Payu-Qb9ArC3GO2_qAfM1tlq1yoox2n-A9v8Xft4?width=600&height=338
25-09-2023,1161.627319,1171.677931,1158.972045,1166.565744,14254884,1,Reliance Industries,RELIANCE.NS,Stock,Energy,https://1drv.ms/i/c/8705623eb284e7df/IQQIhC7Payu-Qb9ArC3GO2_qAfM1tlq1yoox2n-A9v8Xft4?width=600&height=338
26-09-2023,1162.644775,1166.466465,1159.220171,1160.68431,10087782,1,Reliance Industries,RELIANCE.NS,Stock,Energy,https://1drv.ms/i/c/8705623eb284e7df/IQQIhC7Payu-Qb9ArC3GO2_qAfM1tlq1yoox2n-A9v8Xft4?width=600&height=338
27-09-2023,1175.747803,1177.187222,1160.659526,1163.141158,11722778,1,Reliance Industries,RELIANCE.NS,Stock,Energy,https://1drv.ms/i/c/8705623eb284e7df/IQQIhC7Payu-Qb9ArC3GO2_qAfM1tlq1yoox2n-A9v8Xft4?width=600&height=338
28-09-2023,1158.475708,1182.746025,1153.959088,1182.746025,14518346,1,Reliance Industries,RELIANCE.NS,Stock,Energy,https://1drv.ms/i/c/8705623eb284e7df/IQQIhC7Payu-Qb9ArC3GO2_qAfM1tlq1yoox2n-A9v8Xft4?width=600&height=338
29-09-2023,1163.88562,1175.847137,1158.47571,1162.2974,12342014,1,Reliance Industries,RELIANCE.NS,Stock,Energy,https://1drv.ms/i/c/8705623eb284e7df/IQQIhC7Payu-Qb9ArC3GO2_qAfM1tlq1yoox2n-A9v8Xft4?width=600&height=338
03-10-2023,1150.559204,1159.220198,1149.492151,1156.415881,8859056,1,Reliance Industries,RELIANCE.NS,Stock,Energy,https://1drv.ms/i/c/8705623eb284e7df/IQQIhC7Payu-Qb9ArC3GO2_qAfM1tlq1yoox2n-A9v8Xft4?width=600&height=338
04-10-2023,1148.573853,1150.981084,1139.11893,1146.01782,10286386,1,Reliance Industries,RELIANCE.NS,Stock,Energy,https://1drv.ms/i/c/8705623eb284e7df/IQQIhC7Payu-Qb9ArC3GO2_qAfM1tlq1yoox2n-A9v8Xft4?width=600&height=338
05-10-2023,1148.549194,1156.142893,1146.017881,1151.105227,10953682,1,Reliance Industries,RELIANCE.NS,Stock,Energy,https://1drv.ms/i/c/8705623eb284e7df/IQQIhC7Payu-Qb9ArC3GO2_qAfM1tlq1yoox2n-A9v8Xft4?width=600&height=338
06-10-2023,1150.484741,1153.859785,1147.531623,1150.013255,5431026,1,Reliance Industries,RELIANCE.NS,Stock,Energy,https://1drv.ms/i/c/8705623eb284e7df/IQQIhC7Payu-Qb9ArC3GO2_qAfM1tlq1yoox2n-A9v8Xft4?width=600&height=338
09-10-2023,1140.682251,1147.481899,1139.06919,1145.571115,7576878,1,Reliance Industries,RELIANCE.NS,Stock,Energy,https://1drv.ms/i/c/8705623eb284e7df/IQQIhC7Payu-Qb9ArC3GO2_qAfM1tlq1yoox2n-A9v8Xft4?width=600&height=338
10-10-2023,1145.719971,1150.435072,1143.412101,1144.801839,10236032,1,Reliance Industries,RELIANCE.NS,Stock,Energy,https://1drv.ms/i/c/8705623eb284e7df/IQQIhC7Payu-Qb9ArC3GO2_qAfM1tlq1yoox2n-A9v8Xft4?width=600&height=338
11-10-2023,1163.9104,1166.21827,1148.003113,1148.722762,9814118,1,Reliance Industries,RELIANCE.NS,Stock,Energy,https://1drv.ms/i/c/8705623eb284e7df/IQQIhC7Payu-Qb9ArC3GO2_qAfM1tlq1yoox2n-A9v8Xft4?width=600&height=338
12-10-2023,1166.069336,1171.007881,1160.485663,1163.314821,12554450,1,Reliance Industries,RELIANCE.NS,Stock,Energy,https://1drv.ms/i/c/8705623eb284e7df/IQQIhC7Payu-Qb9ArC3GO2_qAfM1tlq1yoox2n-A9v8Xft4?width=600&height=338
13-10-2023,1166.019775,1170.089628,1156.018725,1161.403915,10150316,1,Reliance Industries,RELIANCE.NS,Stock,Energy,https://1drv.ms/i/c/8705623eb284e7df/IQQIhC7Payu-Qb9ArC3GO2_qAfM1tlq1yoox2n-A9v8Xft4?width=600&height=338
16-10-2023,1163.414063,1168.62549,1159.41861,1163.885548,5929036,1,Reliance Industries,RELIANCE.NS,Stock,Energy,https://1drv.ms/i/c/8705623eb284e7df/IQQIhC7Payu-Qb9ArC3GO2_qAfM1tlq1yoox2n-A9v8Xft4?width=600&height=338
17-10-2023,1168.9729,1171.181529,1162.04917,1169.345145,7928180,1,Reliance Industries,RELIANCE.NS,Stock,Energy,https://1drv.ms/i/c/8705623eb284e7df/IQQIhC7Payu-Qb9ArC3GO2_qAfM1tlq1yoox2n-A9v8Xft4?width=600&height=338
18-10-2023,1153.462769,1174.804808,1151.973789,1168.972971,8918320,1,Reliance Industries,RELIANCE.NS,Stock,Energy,https://1drv.ms/i/c/8705623eb284e7df/IQQIhC7Payu-Qb9ArC3GO2_qAfM1tlq1yoox2n-A9v8Xft4?width=600&height=338
19-10-2023,1144.603271,1152.370854,1142.047239,1147.50683,12032556,1,Reliance Industries,RELIANCE.NS,Stock,Energy,https://1drv.ms/i/c/8705623eb284e7df/IQQIhC7Payu-Qb9ArC3GO2_qAfM1tlq1yoox2n-A9v8Xft4?width=600&height=338
20-10-2023,1141.104248,1148.846868,1139.71451,1141.550893,8913312,1,Reliance Industries,RELIANCE.NS,Stock,Energy,https://1drv.ms/i/c/8705623eb284e7df/IQQIhC7Payu-Qb9ArC3GO2_qAfM1tlq1yoox2n-A9v8Xft4?width=600&height=338
23-10-2023,1123.286011,1144.652889,1119.34024,1136.587584,7853962,1,Reliance Industries,RELIANCE.NS,Stock,Energy,https://1drv.ms/i/c/8705623eb284e7df/IQQIhC7Payu-Qb9ArC3GO2_qAfM1tlq1yoox2n-A9v8Xft4?width=600&height=338
25-10-2023,1120.68042,1132.220011,1113.260363,1116.759489,11620688,1,Reliance Industries,RELIANCE.NS,Stock,Energy,https://1drv.ms/i/c/8705623eb284e7df/IQQIhC7Payu-Qb9ArC3GO2_qAfM1tlq1yoox2n-A9v8Xft4?width=600&height=338
26-10-2023,1105.070801,1120.705083,1101.993601,1117.230798,15222534,1,Reliance Industries,RELIANCE.NS,Stock,Energy,https://1drv.ms/i/c/8705623eb284e7df/IQQIhC7Payu-Qb9ArC3GO2_qAfM1tlq1yoox2n-A9v8Xft4?width=600&height=338
27-10-2023,1124.576538,1128.398228,1109.761145,1111.771291,11771084,1,Reliance Industries,RELIANCE.NS,Stock,Energy,https://1drv.ms/i/c/8705623eb284e7df/IQQIhC7Payu-Qb9ArC3GO2_qAfM1tlq1yoox2n-A9v8Xft4?width=600&height=338
30-10-2023,1147.755005,1153.959086,1126.636289,1128.646435,16813304,1,Reliance Industries,RELIANCE.NS,Stock,Energy,https://1drv.ms/i/c/8705623eb284e7df/IQQIhC7Payu-Qb9ArC3GO2_qAfM1tlq1yoox2n-A9v8Xft4?width=600&height=338
31-10-2023,1135.545288,1155.448028,1133.063656,1155.448028,12808438,1,Reliance Industries,RELIANCE.NS,Stock,Energy,https://1drv.ms/i/c/8705623eb284e7df/IQQIhC7Payu-Qb9ArC3GO2_qAfM1tlq1yoox2n-A9v8Xft4?width=600&height=338
01-11-2023,1140.260376,1150.236586,1129.241953,1136.165683,10309190,1,Reliance Industries,RELIANCE.NS,Stock,Energy,https://1drv.ms/i/c/8705623eb284e7df/IQQIhC7Payu-Qb9ArC3GO2_qAfM1tlq1yoox2n-A9v8Xft4?width=600&height=338
02-11-2023,1151.57666,1153.611647,1145.496661,1148.47462,10562104,1,Reliance Industries,RELIANCE.NS,Stock,Energy,https://1drv.ms/i/c/8705623eb284e7df/IQQIhC7Payu-Qb9ArC3GO2_qAfM1tlq1yoox2n-A9v8Xft4?width=600&height=338
03-11-2023,1151.328491,1158.89747,1149.368026,1155.05094,8850156,1,Reliance Industries,RELIANCE.NS,Stock,Energy,https://1drv.ms/i/c/8705623eb284e7df/IQQIhC7Payu-Qb9ArC3GO2_qAfM1tlq1yoox2n-A9v8Xft4?width=600&height=338
06-11-2023,1160.907593,1161.403919,1154.256867,1157.58223,10647304,1,Reliance Industries,RELIANCE.NS,Stock,Energy,https://1drv.ms/i/c/8705623eb284e7df/IQQIhC7Payu-Qb9ArC3GO2_qAfM1tlq1yoox2n-A9v8Xft4?width=600&height=338
07-11-2023,1153.363403,1160.957222,1151.254016,1158.450749,6960204,1,Reliance Industries,RELIANCE.NS,Stock,Energy,https://1drv.ms/i/c/8705623eb284e7df/IQQIhC7Payu-Qb9ArC3GO2_qAfM1tlq1yoox2n-A9v8Xft4?width=600&height=338
08-11-2023,1159.369019,1161.900332,1152.346047,1157.433394,7884494,1,Reliance Industries,RELIANCE.NS,Stock,Energy,https://1drv.ms/i/c/8705623eb284e7df/IQQIhC7Payu-Qb9ArC3GO2_qAfM1tlq1yoox2n-A9v8Xft4?width=600&height=338
09-11-2023,1146.787109,1159.368912,1143.635388,1159.344193,14513610,1,Reliance Industries,RELIANCE.NS,Stock,Energy,https://1drv.ms/i/c/8705623eb284e7df/IQQIhC7Payu-Qb9ArC3GO2_qAfM1tlq1yoox2n-A9v8Xft4?width=600&height=338
10-11-2023,1148.946167,1149.665937,1140.583138,1144.305587,7734954,1,Reliance Industries,RELIANCE.NS,Stock,Energy,https://1drv.ms/i/c/8705623eb284e7df/IQQIhC7Payu-Qb9ArC3GO2_qAfM1tlq1yoox2n-A9v8Xft4?width=600&height=338
13-11-2023,1148.797363,1153.760628,1147.357944,1152.916776,3854810,1,Reliance Industries,RELIANCE.NS,Stock,Energy,https://1drv.ms/i/c/8705623eb284e7df/IQQIhC7Payu-Qb9ArC3GO2_qAfM1tlq1yoox2n-A9v8Xft4?width=600&height=338
15-11-2023,1169.568481,1172.298277,1154.951691,1161.403935,12220648,1,Reliance Industries,RELIANCE.NS,Stock,Energy,https://1drv.ms/i/c/8705623eb284e7df/IQQIhC7Payu-Qb9ArC3GO2_qAfM1tlq1yoox2n-A9v8Xft4?width=600&height=338
16-11-2023,1171.677856,1178.353423,1164.853368,1166.913195,13134910,1,Reliance Industries,RELIANCE.NS,Stock,Energy,https://1drv.ms/i/c/8705623eb284e7df/IQQIhC7Payu-Qb9ArC3GO2_qAfM1tlq1yoox2n-A9v8Xft4?width=600&height=338
17-11-2023,1169.121826,1177.90678,1167.384684,1167.806488,7758634,1,Reliance Industries,RELIANCE.NS,Stock,Energy,https://1drv.ms/i/c/8705623eb284e7df/IQQIhC7Payu-Qb9ArC3GO2_qAfM1tlq1yoox2n-A9v8Xft4?width=600&height=338
20-11-2023,1166.044556,1170.536213,1159.617031,1165.64747,4490186,1,Reliance Industries,RELIANCE.NS,Stock,Energy,https://1drv.ms/i/c/8705623eb284e7df/IQQIhC7Payu-Qb9ArC3GO2_qAfM1tlq1yoox2n-A9v8Xft4?width=600&height=338
21-11-2023,1180.710938,1185.227557,1171.429657,1174.308375,8214450,1,Reliance Industries,RELIANCE.NS,Stock,Energy,https://1drv.ms/i/c/8705623eb284e7df/IQQIhC7Payu-Qb9ArC3GO2_qAfM1tlq1yoox2n-A9v8Xft4?width=600&height=338
22-11-2023,1185.326782,1188.428822,1177.385559,1178.775297,8534814,1,Reliance Industries,RELIANCE.NS,Stock,Energy,https://1drv.ms/i/c/8705623eb284e7df/IQQIhC7Payu-Qb9ArC3GO2_qAfM1tlq1yoox2n-A9v8Xft4?width=600&height=338
23-11-2023,1188.950073,1191.183542,1185.326866,1185.326866,8531542,1,Reliance Industries,RELIANCE.NS,Stock,Energy,https://1drv.ms/i/c/8705623eb284e7df/IQQIhC7Payu-Qb9ArC3GO2_qAfM1tlq1yoox2n-A9v8Xft4?width=600&height=338
24-11-2023,1188.155884,1192.474021,1186.741426,1187.01443,6749486,1,Reliance Industries,RELIANCE.NS,Stock,Energy,https://1drv.ms/i/c/8705623eb284e7df/IQQIhC7Payu-Qb9ArC3GO2_qAfM1tlq1yoox2n-A9v8Xft4?width=600&height=338
28-11-2023,1188.404053,1191.034607,1178.899449,1188.155889,13792174,1,Reliance Industries,RELIANCE.NS,Stock,Energy,https://1drv.ms/i/c/8705623eb284e7df/IQQIhC7Payu-Qb9ArC3GO2_qAfM1tlq1yoox2n-A9v8Xft4?width=600&height=338
29-11-2023,1191.530884,1197.114556,1190.215667,1195.154091,12531306,1,Reliance Industries,RELIANCE.NS,Stock,Energy,https://1drv.ms/i/c/8705623eb284e7df/IQQIhC7Payu-Qb9ArC3GO2_qAfM1tlq1yoox2n-A9v8Xft4?width=600&height=338
30-11-2023,1179.991333,1191.530923,1176.244044,1188.552965,28439984,1,Reliance Industries,RELIANCE.NS,Stock,Energy,https://1drv.ms/i/c/8705623eb284e7df/IQQIhC7Payu-Qb9ArC3GO2_qAfM1tlq1yoox2n-A9v8Xft4?width=600&height=338
01-12-2023,1188.354492,1189.396705,1180.065864,1180.264346,14342842,1,Reliance Industries,RELIANCE.NS,Stock,Energy,https://1drv.ms/i/c/8705623eb284e7df/IQQIhC7Payu-Qb9ArC3GO2_qAfM1tlq1yoox2n-A9v8Xft4?width=600&height=338
04-12-2023,1201.209351,1215.999904,1190.488771,1215.999904,15590990,1,Reliance Industries,RELIANCE.NS,Stock,Energy,https://1drv.ms/i/c/8705623eb284e7df/IQQIhC7Payu-Qb9ArC3GO2_qAfM1tlq1yoox2n-A9v8Xft4?width=600&height=338
05-12-2023,1209.919922,1211.458582,1201.929017,1210.54033,12693624,1,Reliance Industries,RELIANCE.NS,Stock,Energy,https://1drv.ms/i/c/8705623eb284e7df/IQQIhC7Payu-Qb9ArC3GO2_qAfM1tlq1yoox2n-A9v8Xft4?width=600&height=338
06-12-2023,1221.509155,1227.390551,1208.554986,1214.560585,16422442,1,Reliance Industries,RELIANCE.NS,Stock,Energy,https://1drv.ms/i/c/8705623eb284e7df/IQQIhC7Payu-Qb9ArC3GO2_qAfM1tlq1yoox2n-A9v8Xft4?width=600&height=338
07-12-2023,1219.498901,1221.434526,1212.029164,1220.96304,8142096,1,Reliance Industries,RELIANCE.NS,Stock,Energy,https://1drv.ms/i/c/8705623eb284e7df/IQQIhC7Payu-Qb9ArC3GO2_qAfM1tlq1yoox2n-A9v8Xft4?width=600&height=338
08-12-2023,1218.853638,1229.251652,1213.518129,1222.87393,10204894,1,Reliance Industries,RELIANCE.NS,Stock,Energy,https://1drv.ms/i/c/8705623eb284e7df/IQQIhC7Payu-Qb9ArC3GO2_qAfM1tlq1yoox2n-A9v8Xft4?width=600&height=338
11-12-2023,1220.640503,1224.735196,1217.190937,1218.977761,7066138,1,Reliance Industries,RELIANCE.NS,Stock,Energy,https://1drv.ms/i/c/8705623eb284e7df/IQQIhC7Payu-Qb9ArC3GO2_qAfM1tlq1yoox2n-A9v8Xft4?width=600&height=338
12-12-2023,1203.120117,1223.41982,1201.184371,1220.963028,9197124,1,Reliance Industries,RELIANCE.NS,Stock,Energy,https://1drv.ms/i/c/8705623eb284e7df/IQQIhC7Payu-Qb9ArC3GO2_qAfM1tlq1yoox2n-A9v8Xft4?width=600&height=338
13-12-2023,1208.033691,1210.2176,1194.310314,1202.102615,10031182,1,Reliance Industries,RELIANCE.NS,Stock,Energy,https://1drv.ms/i/c/8705623eb284e7df/IQQIhC7Payu-Qb9ArC3GO2_qAfM1tlq1yoox2n-A9v8Xft4?width=600&height=338
14-12-2023,1223.022827,1228.383177,1212.351808,1217.985162,16972354,1,Reliance Industries,RELIANCE.NS,Stock,Energy,https://1drv.ms/i/c/8705623eb284e7df/IQQIhC7Payu-Qb9ArC3GO2_qAfM1tlq1yoox2n-A9v8Xft4?width=600&height=338
15-12-2023,1238.632324,1240.816112,1225.951159,1229.89693,15932152,1,Reliance Industries,RELIANCE.NS,Stock,Energy,https://1drv.ms/i/c/8705623eb284e7df/IQQIhC7Payu-Qb9ArC3GO2_qAfM1tlq1yoox2n-A9v8Xft4?width=600&height=338
18-12-2023,1251.239014,1258.137903,1236.324379,1238.63237,14165188,1,Reliance Industries,RELIANCE.NS,Stock,Energy,https://1drv.ms/i/c/8705623eb284e7df/IQQIhC7Payu-Qb9ArC3GO2_qAfM1tlq1yoox2n-A9v8Xft4?width=600&height=338
19-12-2023,1269.65271,1277.494571,1253.323497,1268.11405,16820604,1,Reliance Industries,RELIANCE.NS,Stock,Energy,https://1drv.ms/i/c/8705623eb284e7df/IQQIhC7Payu-Qb9ArC3GO2_qAfM1tlq1yoox2n-A9v8Xft4?width=600&height=338
20-12-2023,1254.291382,1289.878086,1250.742696,1276.080186,17736722,1,Reliance Industries,RELIANCE.NS,Stock,Energy,https://1drv.ms/i/c/8705623eb284e7df/IQQIhC7Payu-Qb9ArC3GO2_qAfM1tlq1yoox2n-A9v8Xft4?width=600&height=338
21-12-2023,1271.86145,1277.296201,1249.874163,1254.21702,13765454,1,Reliance Industries,RELIANCE.NS,Stock,Energy,https://1drv.ms/i/c/8705623eb284e7df/IQQIhC7Payu-Qb9ArC3GO2_qAfM1tlq1yoox2n-A9v8Xft4?width=600&height=338
22-12-2023,1273.102295,1280.968997,1264.466141,1270.39734,16541784,1,Reliance Industries,RELIANCE.NS,Stock,Energy,https://1drv.ms/i/c/8705623eb284e7df/IQQIhC7Payu-Qb9ArC3GO2_qAfM1tlq1yoox2n-A9v8Xft4?width=600&height=338
26-12-2023,1279.554443,1286.453333,1271.935784,1274.566338,7465664,1,Reliance Industries,RELIANCE.NS,Stock,Energy,https://1drv.ms/i/c/8705623eb284e7df/IQQIhC7Payu-Qb9ArC3GO2_qAfM1tlq1yoox2n-A9v8Xft4?width=600&height=338
27-12-2023,1283.922241,1290.399205,1277.097752,1281.515009,9204156,1,Reliance Industries,RELIANCE.NS,Stock,Energy,https://1drv.ms/i/c/8705623eb284e7df/IQQIhC7Payu-Qb9ArC3GO2_qAfM1tlq1yoox2n-A9v8Xft4?width=600&height=338
28-12-2023,1293.203491,1296.404773,1283.92221,1285.386349,12302636,1,Reliance Industries,RELIANCE.NS,Stock,Energy,https://1drv.ms/i/c/8705623eb284e7df/IQQIhC7Payu-Qb9ArC3GO2_qAfM1tlq1yoox2n-A9v8Xft4?width=600&height=338
29-12-2023,1282.979004,1297.397311,1280.174808,1295.958013,10864584,1,Reliance Industries,RELIANCE.NS,Stock,Energy,https://1drv.ms/i/c/8705623eb284e7df/IQQIhC7Payu-Qb9ArC3GO2_qAfM1tlq1yoox2n-A9v8Xft4?width=600&height=338
01-01-2024,1285.609619,1293.848687,1277.122388,1280.795277,4030540,1,Reliance Industries,RELIANCE.NS,Stock,Energy,https://1drv.ms/i/c/8705623eb284e7df/IQQIhC7Payu-Qb9ArC3GO2_qAfM1tlq1yoox2n-A9v8Xft4?width=600&height=338
02-01-2024,1296.255859,1297.893761,1277.048049,1283.003966,7448800,1,Reliance Industries,RELIANCE.NS,Stock,Energy,https://1drv.ms/i/c/8705623eb284e7df/IQQIhC7Payu-Qb9ArC3GO2_qAfM1tlq1yoox2n-A9v8Xft4?width=600&height=338
03-01-2024,1282.160156,1307.323883,1279.132516,1295.412048,9037536,1,Reliance Industries,RELIANCE.NS,Stock,Energy,https://1drv.ms/i/c/8705623eb284e7df/IQQIhC7Payu-Qb9ArC3GO2_qAfM1tlq1yoox2n-A9v8Xft4?width=600&height=338
04-01-2024,1288.786011,1295.337617,1280.075579,1284.492835,9612778,1,Reliance Industries,RELIANCE.NS,Stock,Energy,https://1drv.ms/i/c/8705623eb284e7df/IQQIhC7Payu-Qb9ArC3GO2_qAfM1tlq1yoox2n-A9v8Xft4?width=600&height=338
05-01-2024,1294.270508,1300.300947,1289.456165,1291.888117,8086406,1,Reliance Industries,RELIANCE.NS,Stock,Energy,https://1drv.ms/i/c/8705623eb284e7df/IQQIhC7Payu-Qb9ArC3GO2_qAfM1tlq1yoox2n-A9v8Xft4?width=600&height=338
08-01-2024,1284.170288,1306.306375,1275.037809,1295.412034,7734652,1,Reliance Industries,RELIANCE.NS,Stock,Energy,https://1drv.ms/i/c/8705623eb284e7df/IQQIhC7Payu-Qb9ArC3GO2_qAfM1tlq1yoox2n-A9v8Xft4?width=600&height=338
09-01-2024,1280.770508,1293.823919,1279.132606,1290.448874,5403074,1,Reliance Industries,RELIANCE.NS,Stock,Energy,https://1drv.ms/i/c/8705623eb284e7df/IQQIhC7Payu-Qb9ArC3GO2_qAfM1tlq1yoox2n-A9v8Xft4?width=600&height=338
10-01-2024,1315.314819,1319.732076,1278.065494,1279.033306,11102740,1,Reliance Industries,RELIANCE.NS,Stock,Energy,https://1drv.ms/i/c/8705623eb284e7df/IQQIhC7Payu-Qb9ArC3GO2_qAfM1tlq1yoox2n-A9v8Xft4?width=600&height=338
11-01-2024,1349.908813,1352.489687,1318.739486,1319.732139,23725852,1,Reliance Industries,RELIANCE.NS,Stock,Energy,https://1drv.ms/i/c/8705623eb284e7df/IQQIhC7Payu-Qb9ArC3GO2_qAfM1tlq1yoox2n-A9v8Xft4?width=600&height=338
12-01-2024,1360.654175,1363.235048,1335.862692,1349.908755,15012164,1,Reliance Industries,RELIANCE.NS,Stock,Energy,https://1drv.ms/i/c/8705623eb284e7df/IQQIhC7Payu-Qb9ArC3GO2_qAfM1tlq1yoox2n-A9v8Xft4?width=600&height=338
15-01-2024,1383.882324,1386.190194,1355.963959,1364.897836,8610594,1,Reliance Industries,RELIANCE.NS,Stock,Energy,https://1drv.ms/i/c/8705623eb284e7df/IQQIhC7Payu-Qb9ArC3GO2_qAfM1tlq1yoox2n-A9v8Xft4?width=600&height=338
16-01-2024,1364.525513,1386.041313,1360.430819,1379.762711,9069024,1,Reliance Industries,RELIANCE.NS,Stock,Energy,https://1drv.ms/i/c/8705623eb284e7df/IQQIhC7Payu-Qb9ArC3GO2_qAfM1tlq1yoox2n-A9v8Xft4?width=600&height=338
17-01-2024,1351.571289,1376.089888,1345.069485,1349.511583,12197382,1,Reliance Industries,RELIANCE.NS,Stock,Energy,https://1drv.ms/i/c/8705623eb284e7df/IQQIhC7Payu-Qb9ArC3GO2_qAfM1tlq1yoox2n-A9v8Xft4?width=600&height=338
18-01-2024,1357.899536,1360.927176,1341.322281,1341.471203,10279438,1,Reliance Industries,RELIANCE.NS,Stock,Energy,https://1drv.ms/i/c/8705623eb284e7df/IQQIhC7Payu-Qb9ArC3GO2_qAfM1tlq1yoox2n-A9v8Xft4?width=600&height=338
19-01-2024,1357.403198,1365.890429,1349.015329,1365.890429,10422704,1,Reliance Industries,RELIANCE.NS,Stock,Energy,https://1drv.ms/i/c/8705623eb284e7df/IQQIhC7Payu-Qb9ArC3GO2_qAfM1tlq1yoox2n-A9v8Xft4?width=600&height=338
23-01-2024,1318.813843,1361.671682,1312.833206,1361.671682,20055420,1,Reliance Industries,RELIANCE.NS,Stock,Energy,https://1drv.ms/i/c/8705623eb284e7df/IQQIhC7Payu-Qb9ArC3GO2_qAfM1tlq1yoox2n-A9v8Xft4?width=600&height=338
24-01-2024,1334.001465,1339.585138,1314.198087,1325.414993,21919128,1,Reliance Industries,RELIANCE.NS,Stock,Energy,https://1drv.ms/i/c/8705623eb284e7df/IQQIhC7Payu-Qb9ArC3GO2_qAfM1tlq1yoox2n-A9v8Xft4?width=600&height=338
25-01-2024,1343.133789,1354.127493,1325.390118,1333.083178,11808872,1,Reliance Industries,RELIANCE.NS,Stock,Energy,https://1drv.ms/i/c/8705623eb284e7df/IQQIhC7Payu-Qb9ArC3GO2_qAfM1tlq1yoox2n-A9v8Xft4?width=600&height=338
29-01-2024,1437.411133,1441.82839,1350.181756,1354.474932,23893438,1,Reliance Industries,RELIANCE.NS,Stock,Energy,https://1drv.ms/i/c/8705623eb284e7df/IQQIhC7Payu-Qb9ArC3GO2_qAfM1tlq1yoox2n-A9v8Xft4?width=600&height=338
30-01-2024,1397.283081,1449.248438,1394.10664,1449.223597,14093978,1,Reliance Industries,RELIANCE.NS,Stock,Energy,https://1drv.ms/i/c/8705623eb284e7df/IQQIhC7Payu-Qb9ArC3GO2_qAfM1tlq1yoox2n-A9v8Xft4?width=600&height=338
31-01-2024,1416.143555,1423.712534,1392.195802,1393.684781,15130226,1,Reliance Industries,RELIANCE.NS,Stock,Energy,https://1drv.ms/i/c/8705623eb284e7df/IQQIhC7Payu-Qb9ArC3GO2_qAfM1tlq1yoox2n-A9v8Xft4?width=600&height=338
01-02-2024,1416.168335,1432.745591,1407.631544,1424.456963,13349362,1,Reliance Industries,RELIANCE.NS,Stock,Energy,https://1drv.ms/i/c/8705623eb284e7df/IQQIhC7Payu-Qb9ArC3GO2_qAfM1tlq1yoox2n-A9v8Xft4?width=600&height=338
02-02-2024,1446.990112,1464.063815,1422.645396,1422.645396,19652588,1,Reliance Industries,RELIANCE.NS,Stock,Energy,https://1drv.ms/i/c/8705623eb284e7df/IQQIhC7Payu-Qb9ArC3GO2_qAfM1tlq1yoox2n-A9v8Xft4?width=600&height=338
05-02-2024,1428.452393,1459.696119,1421.007496,1450.017753,8814432,1,Reliance Industries,RELIANCE.NS,Stock,Energy,https://1drv.ms/i/c/8705623eb284e7df/IQQIhC7Payu-Qb9ArC3GO2_qAfM1tlq1yoox2n-A9v8Xft4?width=600&height=338
06-02-2024,1417.309814,1431.256515,1409.393311,1431.256515,9047984,1,Reliance Industries,RELIANCE.NS,Stock,Energy,https://1drv.ms/i/c/8705623eb284e7df/IQQIhC7Payu-Qb9ArC3GO2_qAfM1tlq1yoox2n-A9v8Xft4?width=600&height=338
07-02-2024,1431.554443,1438.850418,1418.749196,1425.375203,9296568,1,Reliance Industries,RELIANCE.NS,Stock,Energy,https://1drv.ms/i/c/8705623eb284e7df/IQQIhC7Payu-Qb9ArC3GO2_qAfM1tlq1yoox2n-A9v8Xft4?width=600&height=338
08-02-2024,1439.470825,1448.752106,1417.036893,1439.346744,14694634,1,Reliance Industries,RELIANCE.NS,Stock,Energy,https://1drv.ms/i/c/8705623eb284e7df/IQQIhC7Payu-Qb9ArC3GO2_qAfM1tlq1yoox2n-A9v8Xft4?width=600&height=338
09-02-2024,1450.0177,1461.160205,1440.289653,1443.317293,12556798,1,Reliance Industries,RELIANCE.NS,Stock,Energy,https://1drv.ms/i/c/8705623eb284e7df/IQQIhC7Payu-Qb9ArC3GO2_qAfM1tlq1yoox2n-A9v8Xft4?width=600&height=338
12-02-2024,1441.679443,1450.265915,1431.752914,1450.017752,6674430,1,Reliance Industries,RELIANCE.NS,Stock,Energy,https://1drv.ms/i/c/8705623eb284e7df/IQQIhC7Payu-Qb9ArC3GO2_qAfM1tlq1yoox2n-A9v8Xft4?width=600&height=338
13-02-2024,1454.335815,1468.133716,1443.317392,1444.806371,7715594,1,Reliance Industries,RELIANCE.NS,Stock,Energy,https://1drv.ms/i/c/8705623eb284e7df/IQQIhC7Payu-Qb9ArC3GO2_qAfM1tlq1yoox2n-A9v8Xft4?width=600&height=338
14-02-2024,1470.491211,1472.749521,1446.791623,1446.791623,7117888,1,Reliance Industries,RELIANCE.NS,Stock,Energy,https://1drv.ms/i/c/8705623eb284e7df/IQQIhC7Payu-Qb9ArC3GO2_qAfM1tlq1yoox2n-A9v8Xft4?width=600&height=338
15-02-2024,1459.795288,1473.81651,1455.750276,1472.451612,10006782,1,Reliance Industries,RELIANCE.NS,Stock,Energy,https://1drv.ms/i/c/8705623eb284e7df/IQQIhC7Payu-Qb9ArC3GO2_qAfM1tlq1yoox2n-A9v8Xft4?width=600&height=338
16-02-2024,1449.843994,1466.148367,1447.833969,1465.6272,9767498,1,Reliance Industries,RELIANCE.NS,Stock,Energy,https://1drv.ms/i/c/8705623eb284e7df/IQQIhC7Payu-Qb9ArC3GO2_qAfM1tlq1yoox2n-A9v8Xft4?width=600&height=338
19-02-2024,1463.17041,1468.630001,1442.845866,1451.308256,6729828,1,Reliance Industries,RELIANCE.NS,Stock,Energy,https://1drv.ms/i/c/8705623eb284e7df/IQQIhC7Payu-Qb9ArC3GO2_qAfM1tlq1yoox2n-A9v8Xft4?width=600&height=338
20-02-2024,1460.217407,1464.659505,1451.060208,1464.188019,7117496,1,Reliance Industries,RELIANCE.NS,Stock,Energy,https://1drv.ms/i/c/8705623eb284e7df/IQQIhC7Payu-Qb9ArC3GO2_qAfM1tlq1yoox2n-A9v8Xft4?width=600&height=338
21-02-2024,1456.916748,1477.588819,1446.841417,1463.17051,12720292,1,Reliance Industries,RELIANCE.NS,Stock,Energy,https://1drv.ms/i/c/8705623eb284e7df/IQQIhC7Payu-Qb9ArC3GO2_qAfM1tlq1yoox2n-A9v8Xft4?width=600&height=338
22-02-2024,1470.863403,1474.039844,1447.287897,1457.363348,18493728,1,Reliance Industries,RELIANCE.NS,Stock,Energy,https://1drv.ms/i/c/8705623eb284e7df/IQQIhC7Payu-Qb9ArC3GO2_qAfM1tlq1yoox2n-A9v8Xft4?width=600&height=338
23-02-2024,1482.651245,1486.547456,1472.451712,1478.556552,14438584,1,Reliance Industries,RELIANCE.NS,Stock,Energy,https://1drv.ms/i/c/8705623eb284e7df/IQQIhC7Payu-Qb9ArC3GO2_qAfM1tlq1yoox2n-A9v8Xft4?width=600&height=338
26-02-2024,1476.397461,1483.544635,1471.607959,1482.576822,7513106,1,Reliance Industries,RELIANCE.NS,Stock,Energy,https://1drv.ms/i/c/8705623eb284e7df/IQQIhC7Payu-Qb9ArC3GO2_qAfM1tlq1yoox2n-A9v8Xft4?width=600&height=338
27-02-2024,1474.734863,1488.929728,1467.190725,1472.129149,10826044,1,Reliance Industries,RELIANCE.NS,Stock,Energy,https://1drv.ms/i/c/8705623eb284e7df/IQQIhC7Payu-Qb9ArC3GO2_qAfM1tlq1yoox2n-A9v8Xft4?width=600&height=338
28-02-2024,1444.93042,1480.318521,1439.52051,1472.104294,8647950,1,Reliance Industries,RELIANCE.NS,Stock,Energy,https://1drv.ms/i/c/8705623eb284e7df/IQQIhC7Payu-Qb9ArC3GO2_qAfM1tlq1yoox2n-A9v8Xft4?width=600&height=338
29-02-2024,1450.067505,1468.1089,1443.838583,1454.236599,23628976,1,Reliance Industries,RELIANCE.NS,Stock,Energy,https://1drv.ms/i/c/8705623eb284e7df/IQQIhC7Payu-Qb9ArC3GO2_qAfM1tlq1yoox2n-A9v8Xft4?width=600&height=338
01-03-2024,1481.162231,1488.979373,1451.754889,1452.747542,12132926,1,Reliance Industries,RELIANCE.NS,Stock,Energy,https://1drv.ms/i/c/8705623eb284e7df/IQQIhC7Payu-Qb9ArC3GO2_qAfM1tlq1yoox2n-A9v8Xft4?width=600&height=338
04-03-2024,1496.325073,1501.337898,1476.298252,1479.524374,10024420,1,Reliance Industries,RELIANCE.NS,Stock,Energy,https://1drv.ms/i/c/8705623eb284e7df/IQQIhC7Payu-Qb9ArC3GO2_qAfM1tlq1yoox2n-A9v8Xft4?width=600&height=338
05-03-2024,1489.177856,1496.32503,1475.131915,1494.711969,7107668,1,Reliance Industries,RELIANCE.NS,Stock,Energy,https://1drv.ms/i/c/8705623eb284e7df/IQQIhC7Payu-Qb9ArC3GO2_qAfM1tlq1yoox2n-A9v8Xft4?width=600&height=338
06-03-2024,1491.957397,1497.913315,1467.6374,1482.477513,7805676,1,Reliance Industries,RELIANCE.NS,Stock,Energy,https://1drv.ms/i/c/8705623eb284e7df/IQQIhC7Payu-Qb9ArC3GO2_qAfM1tlq1yoox2n-A9v8Xft4?width=600&height=338
07-03-2024,1468.059326,1492.056639,1464.709122,1491.932557,8315726,1,Reliance Industries,RELIANCE.NS,Stock,Energy,https://1drv.ms/i/c/8705623eb284e7df/IQQIhC7Payu-Qb9ArC3GO2_qAfM1tlq1yoox2n-A9v8Xft4?width=600&height=338
11-03-2024,1455.824707,1478.060156,1452.747507,1478.060156,11277130,1,Reliance Industries,RELIANCE.NS,Stock,Energy,https://1drv.ms/i/c/8705623eb284e7df/IQQIhC7Payu-Qb9ArC3GO2_qAfM1tlq1yoox2n-A9v8Xft4?width=600&height=338
12-03-2024,1464.585083,1477.067646,1454.261468,1455.824848,9432678,1,Reliance Industries,RELIANCE.NS,Stock,Energy,https://1drv.ms/i/c/8705623eb284e7df/IQQIhC7Payu-Qb9ArC3GO2_qAfM1tlq1yoox2n-A9v8Xft4?width=600&height=338
13-03-2024,1421.65271,1472.203486,1417.285013,1468.902964,13522134,1,Reliance Industries,RELIANCE.NS,Stock,Energy,https://1drv.ms/i/c/8705623eb284e7df/IQQIhC7Payu-Qb9ArC3GO2_qAfM1tlq1yoox2n-A9v8Xft4?width=600&height=338
14-03-2024,1420.957886,1437.882667,1415.026808,1429.122432,18571102,1,Reliance Industries,RELIANCE.NS,Stock,Energy,https://1drv.ms/i/c/8705623eb284e7df/IQQIhC7Payu-Qb9ArC3GO2_qAfM1tlq1yoox2n-A9v8Xft4?width=600&height=338
15-03-2024,1407.805176,1422.69497,1402.519347,1415.473395,19223818,1,Reliance Industries,RELIANCE.NS,Stock,Energy,https://1drv.ms/i/c/8705623eb284e7df/IQQIhC7Payu-Qb9ArC3GO2_qAfM1tlq1yoox2n-A9v8Xft4?width=600&height=338
18-03-2024,1428.899048,1431.132517,1406.117712,1409.567156,9169392,1,Reliance Industries,RELIANCE.NS,Stock,Energy,https://1drv.ms/i/c/8705623eb284e7df/IQQIhC7Payu-Qb9ArC3GO2_qAfM1tlq1yoox2n-A9v8Xft4?width=600&height=338
19-03-2024,1414.778564,1427.037804,1406.837341,1418.25285,8275764,1,Reliance Industries,RELIANCE.NS,Stock,Energy,https://1drv.ms/i/c/8705623eb284e7df/IQQIhC7Payu-Qb9ArC3GO2_qAfM1tlq1yoox2n-A9v8Xft4?width=600&height=338
20-03-2024,1433.142578,1434.383394,1413.562525,1417.458614,8488806,1,Reliance Industries,RELIANCE.NS,Stock,Energy,https://1drv.ms/i/c/8705623eb284e7df/IQQIhC7Payu-Qb9ArC3GO2_qAfM1tlq1yoox2n-A9v8Xft4?width=600&height=338
21-03-2024,1440.314575,1447.188745,1434.060934,1441.853236,13006936,1,Reliance Industries,RELIANCE.NS,Stock,Energy,https://1drv.ms/i/c/8705623eb284e7df/IQQIhC7Payu-Qb9ArC3GO2_qAfM1tlq1yoox2n-A9v8Xft4?width=600&height=338
22-03-2024,1444.334839,1449.273263,1436.716179,1439.321893,19527608,1,Reliance Industries,RELIANCE.NS,Stock,Energy,https://1drv.ms/i/c/8705623eb284e7df/IQQIhC7Payu-Qb9ArC3GO2_qAfM1tlq1yoox2n-A9v8Xft4?width=600&height=338
26-03-2024,1430.983643,1441.729184,1428.42761,1434.383527,11415906,1,Reliance Industries,RELIANCE.NS,Stock,Energy,https://1drv.ms/i/c/8705623eb284e7df/IQQIhC7Payu-Qb9ArC3GO2_qAfM1tlq1yoox2n-A9v8Xft4?width=600&height=338
27-03-2024,1481.881958,1488.979451,1436.368844,1437.361497,16326644,1,Reliance Industries,RELIANCE.NS,Stock,Energy,https://1drv.ms/i/c/8705623eb284e7df/IQQIhC7Payu-Qb9ArC3GO2_qAfM1tlq1yoox2n-A9v8Xft4?width=600&height=338
28-03-2024,1474.93335,1494.88565,1467.786297,1481.906761,21854364,1,Reliance Industries,RELIANCE.NS,Stock,Energy,https://1drv.ms/i/c/8705623eb284e7df/IQQIhC7Payu-Qb9ArC3GO2_qAfM1tlq1yoox2n-A9v8Xft4?width=600&height=338
01-04-2024,1473.866333,1482.998692,1471.608023,1481.509712,5013880,1,Reliance Industries,RELIANCE.NS,Stock,Energy,https://1drv.ms/i/c/8705623eb284e7df/IQQIhC7Payu-Qb9ArC3GO2_qAfM1tlq1yoox2n-A9v8Xft4?width=600&height=338
02-04-2024,1476.025146,1483.023398,1464.162993,1473.096869,8910166,1,Reliance Industries,RELIANCE.NS,Stock,Energy,https://1drv.ms/i/c/8705623eb284e7df/IQQIhC7Payu-Qb9ArC3GO2_qAfM1tlq1yoox2n-A9v8Xft4?width=600&height=338
03-04-2024,1460.788086,1473.543652,1458.107971,1471.186102,7008292,1,Reliance Industries,RELIANCE.NS,Stock,Energy,https://1drv.ms/i/c/8705623eb284e7df/IQQIhC7Payu-Qb9ArC3GO2_qAfM1tlq1yoox2n-A9v8Xft4?width=600&height=338
04-04-2024,1452.17688,1468.878217,1439.346792,1468.878217,14490272,1,Reliance Industries,RELIANCE.NS,Stock,Energy,https://1drv.ms/i/c/8705623eb284e7df/IQQIhC7Payu-Qb9ArC3GO2_qAfM1tlq1yoox2n-A9v8Xft4?width=600&height=338
05-04-2024,1449.372437,1459.993895,1445.302584,1450.141767,7442298,1,Reliance Industries,RELIANCE.NS,Stock,Energy,https://1drv.ms/i/c/8705623eb284e7df/IQQIhC7Payu-Qb9ArC3GO2_qAfM1tlq1yoox2n-A9v8Xft4?width=600&height=338
08-04-2024,1475.057373,1480.020638,1450.265891,1452.226356,8357118,1,Reliance Industries,RELIANCE.NS,Stock,Energy,https://1drv.ms/i/c/8705623eb284e7df/IQQIhC7Payu-Qb9ArC3GO2_qAfM1tlq1yoox2n-A9v8Xft4?width=600&height=338
09-04-2024,1452.896484,1478.854383,1451.754909,1478.060212,7071414,1,Reliance Industries,RELIANCE.NS,Stock,Energy,https://1drv.ms/i/c/8705623eb284e7df/IQQIhC7Payu-Qb9ArC3GO2_qAfM1tlq1yoox2n-A9v8Xft4?width=600&height=338
10-04-2024,1468.704468,1476.074965,1455.576656,1455.576656,9138330,1,Reliance Industries,RELIANCE.NS,Stock,Energy,https://1drv.ms/i/c/8705623eb284e7df/IQQIhC7Payu-Qb9ArC3GO2_qAfM1tlq1yoox2n-A9v8Xft4?width=600&height=338
12-04-2024,1456.370728,1475.553696,1452.325594,1465.0316,15551012,1,Reliance Industries,RELIANCE.NS,Stock,Energy,https://1drv.ms/i/c/8705623eb284e7df/IQQIhC7Payu-Qb9ArC3GO2_qAfM1tlq1yoox2n-A9v8Xft4?width=600&height=338
15-04-2024,1454.062744,1471.235688,1435.698665,1450.265895,12902062,1,Reliance Industries,RELIANCE.NS,Stock,Energy,https://1drv.ms/i/c/8705623eb284e7df/IQQIhC7Payu-Qb9ArC3GO2_qAfM1tlq1yoox2n-A9v8Xft4?width=600&height=338
16-04-2024,1454.981079,1460.36627,1440.265047,1442.672158,9366184,1,Reliance Industries,RELIANCE.NS,Stock,Energy,https://1drv.ms/i/c/8705623eb284e7df/IQQIhC7Payu-Qb9ArC3GO2_qAfM1tlq1yoox2n-A9v8Xft4?width=600&height=338
18-04-2024,1453.566406,1475.082206,1448.627982,1452.747516,19005692,1,Reliance Industries,RELIANCE.NS,Stock,Energy,https://1drv.ms/i/c/8705623eb284e7df/IQQIhC7Payu-Qb9ArC3GO2_qAfM1tlq1yoox2n-A9v8Xft4?width=600&height=338
19-04-2024,1459.323975,1463.170505,1432.423103,1446.072081,15741778,1,Reliance Industries,RELIANCE.NS,Stock,Energy,https://1drv.ms/i/c/8705623eb284e7df/IQQIhC7Payu-Qb9ArC3GO2_qAfM1tlq1yoox2n-A9v8Xft4?width=600&height=338
22-04-2024,1468.977417,1471.930535,1457.016022,1461.631761,10350362,1,Reliance Industries,RELIANCE.NS,Stock,Energy,https://1drv.ms/i/c/8705623eb284e7df/IQQIhC7Payu-Qb9ArC3GO2_qAfM1tlq1yoox2n-A9v8Xft4?width=600&height=338
23-04-2024,1448.603271,1482.527236,1444.856103,1468.133767,14605554,1,Reliance Industries,RELIANCE.NS,Stock,Energy,https://1drv.ms/i/c/8705623eb284e7df/IQQIhC7Payu-Qb9ArC3GO2_qAfM1tlq1yoox2n-A9v8Xft4?width=600&height=338
24-04-2024,1439.520508,1457.760505,1438.850419,1452.74756,10462776,1,Reliance Industries,RELIANCE.NS,Stock,Energy,https://1drv.ms/i/c/8705623eb284e7df/IQQIhC7Payu-Qb9ArC3GO2_qAfM1tlq1yoox2n-A9v8Xft4?width=600&height=338
25-04-2024,1449.248413,1457.189636,1430.909175,1431.901828,15943926,1,Reliance Industries,RELIANCE.NS,Stock,Energy,https://1drv.ms/i/c/8705623eb284e7df/IQQIhC7Payu-Qb9ArC3GO2_qAfM1tlq1yoox2n-A9v8Xft4?width=600&height=338
26-04-2024,1441.878174,1454.236655,1439.34686,1453.194321,9413848,1,Reliance Industries,RELIANCE.NS,Stock,Energy,https://1drv.ms/i/c/8705623eb284e7df/IQQIhC7Payu-Qb9ArC3GO2_qAfM1tlq1yoox2n-A9v8Xft4?width=600&height=338
29-04-2024,1454.261353,1457.11523,1439.346718,1439.346718,7247974,1,Reliance Industries,RELIANCE.NS,Stock,Energy,https://1drv.ms/i/c/8705623eb284e7df/IQQIhC7Payu-Qb9ArC3GO2_qAfM1tlq1yoox2n-A9v8Xft4?width=600&height=338
30-04-2024,1456.221802,1472.178649,1452.127109,1457.214455,11474262,1,Reliance Industries,RELIANCE.NS,Stock,Energy,https://1drv.ms/i/c/8705623eb284e7df/IQQIhC7Payu-Qb9ArC3GO2_qAfM1tlq1yoox2n-A9v8Xft4?width=600&height=338
02-05-2024,1455.775269,1466.471007,1453.368037,1461.185179,14512646,1,Reliance Industries,RELIANCE.NS,Stock,Energy,https://1drv.ms/i/c/8705623eb284e7df/IQQIhC7Payu-Qb9ArC3GO2_qAfM1tlq1yoox2n-A9v8Xft4?width=600&height=338
03-05-2024,1423.464355,1464.113446,1405.745524,1460.192515,17226958,1,Reliance Industries,RELIANCE.NS,Stock,Energy,https://1drv.ms/i/c/8705623eb284e7df/IQQIhC7Payu-Qb9ArC3GO2_qAfM1tlq1yoox2n-A9v8Xft4?width=600&height=338
06-05-2024,1409.095703,1429.420248,1407.581883,1424.95331,7394208,1,Reliance Industries,RELIANCE.NS,Stock,Energy,https://1drv.ms/i/c/8705623eb284e7df/IQQIhC7Payu-Qb9ArC3GO2_qAfM1tlq1yoox2n-A9v8Xft4?width=600&height=338
07-05-2024,1391.178223,1410.311632,1381.772861,1405.57169,14517472,1,Reliance Industries,RELIANCE.NS,Stock,Energy,https://1drv.ms/i/c/8705623eb284e7df/IQQIhC7Payu-Qb9ArC3GO2_qAfM1tlq1yoox2n-A9v8Xft4?width=600&height=338
08-05-2024,1408.12793,1422.422036,1387.232536,1387.232536,9439002,1,Reliance Industries,RELIANCE.NS,Stock,Energy,https://1drv.ms/i/c/8705623eb284e7df/IQQIhC7Payu-Qb9ArC3GO2_qAfM1tlq1yoox2n-A9v8Xft4?width=600&height=338
09-05-2024,1383.882324,1413.289669,1379.787631,1402.618649,11009612,1,Reliance Industries,RELIANCE.NS,Stock,Energy,https://1drv.ms/i/c/8705623eb284e7df/IQQIhC7Payu-Qb9ArC3GO2_qAfM1tlq1yoox2n-A9v8Xft4?width=600&height=338
10-05-2024,1397.084595,1399.640628,1377.876664,1386.487976,10505096,1,Reliance Industries,RELIANCE.NS,Stock,Energy,https://1drv.ms/i/c/8705623eb284e7df/IQQIhC7Payu-Qb9ArC3GO2_qAfM1tlq1yoox2n-A9v8Xft4?width=600&height=338
13-05-2024,1392.394287,1396.637903,1373.831725,1389.614931,8456620,1,Reliance Industries,RELIANCE.NS,Stock,Energy,https://1drv.ms/i/c/8705623eb284e7df/IQQIhC7Payu-Qb9ArC3GO2_qAfM1tlq1yoox2n-A9v8Xft4?width=600&height=338
14-05-2024,1409.641479,1416.59005,1389.738862,1390.681834,7188300,1,Reliance Industries,RELIANCE.NS,Stock,Energy,https://1drv.ms/i/c/8705623eb284e7df/IQQIhC7Payu-Qb9ArC3GO2_qAfM1tlq1yoox2n-A9v8Xft4?width=600&height=338
15-05-2024,1405.869629,1419.468926,1402.643507,1410.063564,5046534,1,Reliance Industries,RELIANCE.NS,Stock,Energy,https://1drv.ms/i/c/8705623eb284e7df/IQQIhC7Payu-Qb9ArC3GO2_qAfM1tlq1yoox2n-A9v8Xft4?width=600&height=338
16-05-2024,1414.877808,1417.012036,1387.753615,1408.127841,14711774,1,Reliance Industries,RELIANCE.NS,Stock,Energy,https://1drv.ms/i/c/8705623eb284e7df/IQQIhC7Payu-Qb9ArC3GO2_qAfM1tlq1yoox2n-A9v8Xft4?width=600&height=338
17-05-2024,1425.151855,1426.640835,1402.866844,1412.594892,10916476,1,Reliance Industries,RELIANCE.NS,Stock,Energy,https://1drv.ms/i/c/8705623eb284e7df/IQQIhC7Payu-Qb9ArC3GO2_qAfM1tlq1yoox2n-A9v8Xft4?width=600&height=338
21-05-2024,1425.57373,1431.231804,1415.126034,1415.126034,11176128,1,Reliance Industries,RELIANCE.NS,Stock,Energy,https://1drv.ms/i/c/8705623eb284e7df/IQQIhC7Payu-Qb9ArC3GO2_qAfM1tlq1yoox2n-A9v8Xft4?width=600&height=338
22-05-2024,1449.918579,1457.983884,1425.722663,1425.722663,10281604,1,Reliance Industries,RELIANCE.NS,Stock,Energy,https://1drv.ms/i/c/8705623eb284e7df/IQQIhC7Payu-Qb9ArC3GO2_qAfM1tlq1yoox2n-A9v8Xft4?width=600&height=338
23-05-2024,1475.131958,1481.261517,1444.310036,1447.834002,14608260,1,Reliance Industries,RELIANCE.NS,Stock,Energy,https://1drv.ms/i/c/8705623eb284e7df/IQQIhC7Payu-Qb9ArC3GO2_qAfM1tlq1yoox2n-A9v8Xft4?width=600&height=338
24-05-2024,1469.374512,1477.563898,1465.254978,1472.724715,7094776,1,Reliance Industries,RELIANCE.NS,Stock,Energy,https://1drv.ms/i/c/8705623eb284e7df/IQQIhC7Payu-Qb9ArC3GO2_qAfM1tlq1yoox2n-A9v8Xft4?width=600&height=338
27-05-2024,1455.477417,1473.990419,1450.811997,1469.349718,6629010,1,Reliance Industries,RELIANCE.NS,Stock,Energy,https://1drv.ms/i/c/8705623eb284e7df/IQQIhC7Payu-Qb9ArC3GO2_qAfM1tlq1yoox2n-A9v8Xft4?width=600&height=338
28-05-2024,1445.501099,1467.637307,1442.076495,1457.214451,7820162,1,Reliance Industries,RELIANCE.NS,Stock,Energy,https://1drv.ms/i/c/8705623eb284e7df/IQQIhC7Payu-Qb9ArC3GO2_qAfM1tlq1yoox2n-A9v8Xft4?width=600&height=338
29-05-2024,1430.189575,1447.287998,1427.881584,1435.872489,7383556,1,Reliance Industries,RELIANCE.NS,Stock,Energy,https://1drv.ms/i/c/8705623eb284e7df/IQQIhC7Payu-Qb9ArC3GO2_qAfM1tlq1yoox2n-A9v8Xft4?width=600&height=338
30-05-2024,1414.38147,1429.817271,1409.666368,1424.953247,13206858,1,Reliance Industries,RELIANCE.NS,Stock,Energy,https://1drv.ms/i/c/8705623eb284e7df/IQQIhC7Payu-Qb9ArC3GO2_qAfM1tlq1yoox2n-A9v8Xft4?width=600&height=338
31-05-2024,1419.890747,1431.65366,1411.800602,1420.784159,31069832,1,Reliance Industries,RELIANCE.NS,Stock,Energy,https://1drv.ms/i/c/8705623eb284e7df/IQQIhC7Payu-Qb9ArC3GO2_qAfM1tlq1yoox2n-A9v8Xft4?width=600&height=338
03-06-2024,1499.228516,1503.37289,1448.280652,1472.104322,21527942,1,Reliance Industries,RELIANCE.NS,Stock,Energy,https://1drv.ms/i/c/8705623eb284e7df/IQQIhC7Payu-Qb9ArC3GO2_qAfM1tlq1yoox2n-A9v8Xft4?width=600&height=338
04-06-2024,1387.009155,1487.043779,1349.313184,1487.043779,36709098,1,Reliance Industries,RELIANCE.NS,Stock,Energy,https://1drv.ms/i/c/8705623eb284e7df/IQQIhC7Payu-Qb9ArC3GO2_qAfM1tlq1yoox2n-A9v8Xft4?width=600&height=338
05-06-2024,1410.311646,1420.63526,1373.930892,1411.552462,17464890,1,Reliance Industries,RELIANCE.NS,Stock,Energy,https://1drv.ms/i/c/8705623eb284e7df/IQQIhC7Payu-Qb9ArC3GO2_qAfM1tlq1yoox2n-A9v8Xft4?width=600&height=338
06-06-2024,1421.081909,1433.092985,1410.907217,1424.456953,17855722,1,Reliance Industries,RELIANCE.NS,Stock,Energy,https://1drv.ms/i/c/8705623eb284e7df/IQQIhC7Payu-Qb9ArC3GO2_qAfM1tlq1yoox2n-A9v8Xft4?width=600&height=338
07-06-2024,1459.150024,1461.185011,1416.019306,1418.004612,18558696,1,Reliance Industries,RELIANCE.NS,Stock,Energy,https://1drv.ms/i/c/8705623eb284e7df/IQQIhC7Payu-Qb9ArC3GO2_qAfM1tlq1yoox2n-A9v8Xft4?width=600&height=338
10-06-2024,1460.589478,1482.37816,1457.288834,1459.150058,9251760,1,Reliance Industries,RELIANCE.NS,Stock,Energy,https://1drv.ms/i/c/8705623eb284e7df/IQQIhC7Payu-Qb9ArC3GO2_qAfM1tlq1yoox2n-A9v8Xft4?width=600&height=338
11-06-2024,1445.972778,1462.847878,1443.987472,1458.207177,11774902,1,Reliance Industries,RELIANCE.NS,Stock,Energy,https://1drv.ms/i/c/8705623eb284e7df/IQQIhC7Payu-Qb9ArC3GO2_qAfM1tlq1yoox2n-A9v8Xft4?width=600&height=338
12-06-2024,1452.573853,1465.155777,1444.483828,1446.791697,10081742,1,Reliance Industries,RELIANCE.NS,Stock,Energy,https://1drv.ms/i/c/8705623eb284e7df/IQQIhC7Payu-Qb9ArC3GO2_qAfM1tlq1yoox2n-A9v8Xft4?width=600&height=338
13-06-2024,1454.484741,1461.433312,1449.372554,1461.185149,9181160,1,Reliance Industries,RELIANCE.NS,Stock,Energy,https://1drv.ms/i/c/8705623eb284e7df/IQQIhC7Payu-Qb9ArC3GO2_qAfM1tlq1yoox2n-A9v8Xft4?width=600&height=338
14-06-2024,1466.694458,1468.803846,1446.518713,1459.19988,8157998,1,Reliance Industries,RELIANCE.NS,Stock,Energy,https://1drv.ms/i/c/8705623eb284e7df/IQQIhC7Payu-Qb9ArC3GO2_qAfM1tlq1yoox2n-A9v8Xft4?width=600&height=338
18-06-2024,1470.143921,1476.472084,1460.539955,1476.422403,7196766,1,Reliance Industries,RELIANCE.NS,Stock,Energy,https://1drv.ms/i/c/8705623eb284e7df/IQQIhC7Payu-Qb9ArC3GO2_qAfM1tlq1yoox2n-A9v8Xft4?width=600&height=338
19-06-2024,1447.933228,1476.57124,1445.302673,1476.57124,8725874,1,Reliance Industries,RELIANCE.NS,Stock,Energy,https://1drv.ms/i/c/8705623eb284e7df/IQQIhC7Payu-Qb9ArC3GO2_qAfM1tlq1yoox2n-A9v8Xft4?width=600&height=338
20-06-2024,1462.872681,1471.95548,1439.446094,1448.28073,16113776,1,Reliance Industries,RELIANCE.NS,Stock,Energy,https://1drv.ms/i/c/8705623eb284e7df/IQQIhC7Payu-Qb9ArC3GO2_qAfM1tlq1yoox2n-A9v8Xft4?width=600&height=338
21-06-2024,1443.515869,1463.865255,1429.990973,1462.798201,31170360,1,Reliance Industries,RELIANCE.NS,Stock,Energy,https://1drv.ms/i/c/8705623eb284e7df/IQQIhC7Payu-Qb9ArC3GO2_qAfM1tlq1yoox2n-A9v8Xft4?width=600&height=338
24-06-2024,1430.884277,1438.850341,1426.938506,1434.90457,8878386,1,Reliance Industries,RELIANCE.NS,Stock,Energy,https://1drv.ms/i/c/8705623eb284e7df/IQQIhC7Payu-Qb9ArC3GO2_qAfM1tlq1yoox2n-A9v8Xft4?width=600&height=338
25-06-2024,1443.466309,1445.228292,1430.412898,1432.398204,7045386,1,Reliance Industries,RELIANCE.NS,Stock,Energy,https://1drv.ms/i/c/8705623eb284e7df/IQQIhC7Payu-Qb9ArC3GO2_qAfM1tlq1yoox2n-A9v8Xft4?width=600&height=338
26-06-2024,1502.901367,1507.814951,1434.507557,1435.425809,22014882,1,Reliance Industries,RELIANCE.NS,Stock,Energy,https://1drv.ms/i/c/8705623eb284e7df/IQQIhC7Payu-Qb9ArC3GO2_qAfM1tlq1yoox2n-A9v8Xft4?width=600&height=338
27-06-2024,1519.304932,1526.203821,1494.935255,1502.628315,28383030,1,Reliance Industries,RELIANCE.NS,Stock,Energy,https://1drv.ms/i/c/8705623eb284e7df/IQQIhC7Payu-Qb9ArC3GO2_qAfM1tlq1yoox2n-A9v8Xft4?width=600&height=338
28-06-2024,1553.898926,1569.384287,1519.776481,1519.776481,28957336,1,Reliance Industries,RELIANCE.NS,Stock,Energy,https://1drv.ms/i/c/8705623eb284e7df/IQQIhC7Payu-Qb9ArC3GO2_qAfM1tlq1yoox2n-A9v8Xft4?width=600&height=338
01-07-2024,1548.6875,1567.796069,1544.245402,1551.045051,7724306,1,Reliance Industries,RELIANCE.NS,Stock,Energy,https://1drv.ms/i/c/8705623eb284e7df/IQQIhC7Payu-Qb9ArC3GO2_qAfM1tlq1yoox2n-A9v8Xft4?width=600&height=338
02-07-2024,1553.675659,1561.939447,1545.560673,1557.968835,7749246,1,Reliance Industries,RELIANCE.NS,Stock,Energy,https://1drv.ms/i/c/8705623eb284e7df/IQQIhC7Payu-Qb9ArC3GO2_qAfM1tlq1yoox2n-A9v8Xft4?width=600&height=338
03-07-2024,1541.019287,1563.428379,1531.440162,1554.817066,9049620,1,Reliance Industries,RELIANCE.NS,Stock,Energy,https://1drv.ms/i/c/8705623eb284e7df/IQQIhC7Payu-Qb9ArC3GO2_qAfM1tlq1yoox2n-A9v8Xft4?width=600&height=338
04-07-2024,1542.607544,1555.983518,1539.406262,1545.560662,6837176,1,Reliance Industries,RELIANCE.NS,Stock,Energy,https://1drv.ms/i/c/8705623eb284e7df/IQQIhC7Payu-Qb9ArC3GO2_qAfM1tlq1yoox2n-A9v8Xft4?width=600&height=338
05-07-2024,1576.953247,1586.755695,1536.626722,1542.408877,12269710,1,Reliance Industries,RELIANCE.NS,Stock,Energy,https://1drv.ms/i/c/8705623eb284e7df/IQQIhC7Payu-Qb9ArC3GO2_qAfM1tlq1yoox2n-A9v8Xft4?width=600&height=338
08-07-2024,1589.138184,1596.980166,1570.898185,1577.325589,9500806,1,Reliance Industries,RELIANCE.NS,Stock,Energy,https://1drv.ms/i/c/8705623eb284e7df/IQQIhC7Payu-Qb9ArC3GO2_qAfM1tlq1yoox2n-A9v8Xft4?width=600&height=338
09-07-2024,1578.591187,1588.741039,1568.88798,1585.862321,6960002,1,Reliance Industries,RELIANCE.NS,Stock,Energy,https://1drv.ms/i/c/8705623eb284e7df/IQQIhC7Payu-Qb9ArC3GO2_qAfM1tlq1yoox2n-A9v8Xft4?width=600&height=338
10-07-2024,1572.585571,1585.763063,1551.665459,1583.281431,7134578,1,Reliance Industries,RELIANCE.NS,Stock,Energy,https://1drv.ms/i/c/8705623eb284e7df/IQQIhC7Payu-Qb9ArC3GO2_qAfM1tlq1yoox2n-A9v8Xft4?width=600&height=338
11-07-2024,1569.036865,1592.46345,1558.961414,1575.836514,11940946,1,Reliance Industries,RELIANCE.NS,Stock,Energy,https://1drv.ms/i/c/8705623eb284e7df/IQQIhC7Payu-Qb9ArC3GO2_qAfM1tlq1yoox2n-A9v8Xft4?width=600&height=338
12-07-2024,1584.993774,1593.356924,1562.932087,1572.858616,12924784,1,Reliance Industries,RELIANCE.NS,Stock,Energy,https://1drv.ms/i/c/8705623eb284e7df/IQQIhC7Payu-Qb9ArC3GO2_qAfM1tlq1yoox2n-A9v8Xft4?width=600&height=338
15-07-2024,1585.490112,1594.051744,1573.85128,1592.662006,5329688,1,Reliance Industries,RELIANCE.NS,Stock,Energy,https://1drv.ms/i/c/8705623eb284e7df/IQQIhC7Payu-Qb9ArC3GO2_qAfM1tlq1yoox2n-A9v8Xft4?width=600&height=338
16-07-2024,1564.669189,1588.244697,1557.596537,1581.792453,9386838,1,Reliance Industries,RELIANCE.NS,Stock,Energy,https://1drv.ms/i/c/8705623eb284e7df/IQQIhC7Payu-Qb9ArC3GO2_qAfM1tlq1yoox2n-A9v8Xft4?width=600&height=338
18-07-2024,1575.0177,1582.189594,1546.379565,1564.421081,12298374,1,Reliance Industries,RELIANCE.NS,Stock,Energy,https://1drv.ms/i/c/8705623eb284e7df/IQQIhC7Payu-Qb9ArC3GO2_qAfM1tlq1yoox2n-A9v8Xft4?width=600&height=338
19-07-2024,1543.724243,1578.293333,1541.391533,1574.347562,13140390,1,Reliance Industries,RELIANCE.NS,Stock,Energy,https://1drv.ms/i/c/8705623eb284e7df/IQQIhC7Payu-Qb9ArC3GO2_qAfM1tlq1yoox2n-A9v8Xft4?width=600&height=338
22-07-2024,1489.649536,1526.203933,1488.259798,1525.95577,19674376,1,Reliance Industries,RELIANCE.NS,Stock,Energy,https://1drv.ms/i/c/8705623eb284e7df/IQQIhC7Payu-Qb9ArC3GO2_qAfM1tlq1yoox2n-A9v8Xft4?width=600&height=338
23-07-2024,1476.968262,1494.687092,1452.25118,1489.97199,18052044,1,Reliance Industries,RELIANCE.NS,Stock,Energy,https://1drv.ms/i/c/8705623eb284e7df/IQQIhC7Payu-Qb9ArC3GO2_qAfM1tlq1yoox2n-A9v8Xft4?width=600&height=338
24-07-2024,1484.710938,1498.409596,1465.552809,1474.0896,11913362,1,Reliance Industries,RELIANCE.NS,Stock,Energy,https://1drv.ms/i/c/8705623eb284e7df/IQQIhC7Payu-Qb9ArC3GO2_qAfM1tlq1yoox2n-A9v8Xft4?width=600&height=338
25-07-2024,1481.435181,1489.450804,1466.222703,1470.118914,12519876,1,Reliance Industries,RELIANCE.NS,Stock,Energy,https://1drv.ms/i/c/8705623eb284e7df/IQQIhC7Payu-Qb9ArC3GO2_qAfM1tlq1yoox2n-A9v8Xft4?width=600&height=338
26-07-2024,1497.93811,1501.313155,1479.400268,1481.435255,9859940,1,Reliance Industries,RELIANCE.NS,Stock,Energy,https://1drv.ms/i/c/8705623eb284e7df/IQQIhC7Payu-Qb9ArC3GO2_qAfM1tlq1yoox2n-A9v8Xft4?width=600&height=338
29-07-2024,1508.931763,1516.277419,1500.667975,1500.841617,7538550,1,Reliance Industries,RELIANCE.NS,Stock,Energy,https://1drv.ms/i/c/8705623eb284e7df/IQQIhC7Payu-Qb9ArC3GO2_qAfM1tlq1yoox2n-A9v8Xft4?width=600&height=338
30-07-2024,1502.032715,1513.795627,1498.905834,1505.879245,8228208,1,Reliance Industries,RELIANCE.NS,Stock,Energy,https://1drv.ms/i/c/8705623eb284e7df/IQQIhC7Payu-Qb9ArC3GO2_qAfM1tlq1yoox2n-A9v8Xft4?width=600&height=338
31-07-2024,1494.364502,1499.352486,1490.120887,1492.949923,10057346,1,Reliance Industries,RELIANCE.NS,Stock,Energy,https://1drv.ms/i/c/8705623eb284e7df/IQQIhC7Payu-Qb9ArC3GO2_qAfM1tlq1yoox2n-A9v8Xft4?width=600&height=338
01-08-2024,1504.167114,1506.847229,1493.247931,1500.891311,10764222,1,Reliance Industries,RELIANCE.NS,Stock,Energy,https://1drv.ms/i/c/8705623eb284e7df/IQQIhC7Payu-Qb9ArC3GO2_qAfM1tlq1yoox2n-A9v8Xft4?width=600&height=338
02-08-2024,1488.309204,1498.235733,1482.303727,1493.942558,10268248,1,Reliance Industries,RELIANCE.NS,Stock,Energy,https://1drv.ms/i/c/8705623eb284e7df/IQQIhC7Payu-Qb9ArC3GO2_qAfM1tlq1yoox2n-A9v8Xft4?width=600&height=338
05-08-2024,1436.691284,1472.997636,1422.719743,1469.126266,17046704,1,Reliance Industries,RELIANCE.NS,Stock,Energy,https://1drv.ms/i/c/8705623eb284e7df/IQQIhC7Payu-Qb9ArC3GO2_qAfM1tlq1yoox2n-A9v8Xft4?width=600&height=338
06-08-2024,1445.352417,1466.644775,1440.662035,1444.459005,10236186,1,Reliance Industries,RELIANCE.NS,Stock,Energy,https://1drv.ms/i/c/8705623eb284e7df/IQQIhC7Payu-Qb9ArC3GO2_qAfM1tlq1yoox2n-A9v8Xft4?width=600&height=338
07-08-2024,1454.062744,1461.681404,1450.762222,1458.207118,8174568,1,Reliance Industries,RELIANCE.NS,Stock,Energy,https://1drv.ms/i/c/8705623eb284e7df/IQQIhC7Payu-Qb9ArC3GO2_qAfM1tlq1yoox2n-A9v8Xft4?width=600&height=338
08-08-2024,1438.478271,1454.236638,1435.30183,1446.816581,12387192,1,Reliance Industries,RELIANCE.NS,Stock,Energy,https://1drv.ms/i/c/8705623eb284e7df/IQQIhC7Payu-Qb9ArC3GO2_qAfM1tlq1yoox2n-A9v8Xft4?width=600&height=338
09-08-2024,1463.468262,1465.65205,1445.302665,1449.273276,6249776,1,Reliance Industries,RELIANCE.NS,Stock,Energy,https://1drv.ms/i/c/8705623eb284e7df/IQQIhC7Payu-Qb9ArC3GO2_qAfM1tlq1yoox2n-A9v8Xft4?width=600&height=338
12-08-2024,1449.893677,1462.177757,1447.0398,1459.199798,8184584,1,Reliance Industries,RELIANCE.NS,Stock,Energy,https://1drv.ms/i/c/8705623eb284e7df/IQQIhC7Payu-Qb9ArC3GO2_qAfM1tlq1yoox2n-A9v8Xft4?width=600&height=338
13-08-2024,1452.871704,1459.274267,1447.288031,1450.017827,6265064,1,Reliance Industries,RELIANCE.NS,Stock,Energy,https://1drv.ms/i/c/8705623eb284e7df/IQQIhC7Payu-Qb9ArC3GO2_qAfM1tlq1yoox2n-A9v8Xft4?width=600&height=338
14-08-2024,1451.109741,1461.185193,1443.019595,1452.797324,6267466,1,Reliance Industries,RELIANCE.NS,Stock,Energy,https://1drv.ms/i/c/8705623eb284e7df/IQQIhC7Payu-Qb9ArC3GO2_qAfM1tlq1yoox2n-A9v8Xft4?width=600&height=338
16-08-2024,1467.3396,1469.523509,1447.337739,1457.859836,9416902,1,Reliance Industries,RELIANCE.NS,Stock,Energy,https://1drv.ms/i/c/8705623eb284e7df/IQQIhC7Payu-Qb9ArC3GO2_qAfM1tlq1yoox2n-A9v8Xft4?width=600&height=338
19-08-2024,1482.479126,1492.339768,1474.610528,1476.602572,13797742,1,Reliance Industries,RELIANCE.NS,Stock,Energy,https://1drv.ms/i/c/8705623eb284e7df/IQQIhC7Payu-Qb9ArC3GO2_qAfM1tlq1yoox2n-A9v8Xft4?width=600&height=338
20-08-2024,1489.999023,1497.942396,1484.097666,1491.268976,8411808,1,Reliance Industries,RELIANCE.NS,Stock,Energy,https://1drv.ms/i/c/8705623eb284e7df/IQQIhC7Payu-Qb9ArC3GO2_qAfM1tlq1yoox2n-A9v8Xft4?width=600&height=338
21-08-2024,1492.713257,1501.87661,1484.072718,1487.309789,7769996,1,Reliance Industries,RELIANCE.NS,Stock,Energy,https://1drv.ms/i/c/8705623eb284e7df/IQQIhC7Payu-Qb9ArC3GO2_qAfM1tlq1yoox2n-A9v8Xft4?width=600&height=338
22-08-2024,1492.165405,1500.507089,1484.720165,1497.021012,10445782,1,Reliance Industries,RELIANCE.NS,Stock,Energy,https://1drv.ms/i/c/8705623eb284e7df/IQQIhC7Payu-Qb9ArC3GO2_qAfM1tlq1yoox2n-A9v8Xft4?width=600&height=338
23-08-2024,1494.008057,1505.312882,1492.464296,1497.768064,9249654,1,Reliance Industries,RELIANCE.NS,Stock,Energy,https://1drv.ms/i/c/8705623eb284e7df/IQQIhC7Payu-Qb9ArC3GO2_qAfM1tlq1yoox2n-A9v8Xft4?width=600&height=338
26-08-2024,1506.582886,1516.941539,1497.021099,1500.980262,8816114,1,Reliance Industries,RELIANCE.NS,Stock,Energy,https://1drv.ms/i/c/8705623eb284e7df/IQQIhC7Payu-Qb9ArC3GO2_qAfM1tlq1yoox2n-A9v8Xft4?width=600&height=338
27-08-2024,1494.481201,1507.454412,1493.485179,1504.491271,6251156,1,Reliance Industries,RELIANCE.NS,Stock,Energy,https://1drv.ms/i/c/8705623eb284e7df/IQQIhC7Payu-Qb9ArC3GO2_qAfM1tlq1yoox2n-A9v8Xft4?width=600&height=338
28-08-2024,1492.339844,1501.478273,1487.060878,1499.013143,9610286,1,Reliance Industries,RELIANCE.NS,Stock,Energy,https://1drv.ms/i/c/8705623eb284e7df/IQQIhC7Payu-Qb9ArC3GO2_qAfM1tlq1yoox2n-A9v8Xft4?width=600&height=338
29-08-2024,1514.874756,1530.88576,1488.056816,1497.120591,38335358,1,Reliance Industries,RELIANCE.NS,Stock,Energy,https://1drv.ms/i/c/8705623eb284e7df/IQQIhC7Payu-Qb9ArC3GO2_qAfM1tlq1yoox2n-A9v8Xft4?width=600&height=338
30-08-2024,1503.619751,1533.59999,1497.344764,1527.897788,41620730,1,Reliance Industries,RELIANCE.NS,Stock,Energy,https://1drv.ms/i/c/8705623eb284e7df/IQQIhC7Payu-Qb9ArC3GO2_qAfM1tlq1yoox2n-A9v8Xft4?width=600&height=338
02-09-2024,1510.218384,1520.726465,1500.631672,1504.864765,11240852,1,Reliance Industries,RELIANCE.NS,Stock,Energy,https://1drv.ms/i/c/8705623eb284e7df/IQQIhC7Payu-Qb9ArC3GO2_qAfM1tlq1yoox2n-A9v8Xft4?width=600&height=338
03-09-2024,1503.121704,1516.941509,1501.503168,1515.198471,10923800,1,Reliance Industries,RELIANCE.NS,Stock,Energy,https://1drv.ms/i/c/8705623eb284e7df/IQQIhC7Payu-Qb9ArC3GO2_qAfM1tlq1yoox2n-A9v8Xft4?width=600&height=338
04-09-2024,1508.525146,1511.463363,1493.534967,1494.730145,11983304,1,Reliance Industries,RELIANCE.NS,Stock,Energy,https://1drv.ms/i/c/8705623eb284e7df/IQQIhC7Payu-Qb9ArC3GO2_qAfM1tlq1yoox2n-A9v8Xft4?width=600&height=338
05-09-2024,1487.035889,1519.705458,1481.134531,1513.007235,16264168,1,Reliance Industries,RELIANCE.NS,Stock,Energy,https://1drv.ms/i/c/8705623eb284e7df/IQQIhC7Payu-Qb9ArC3GO2_qAfM1tlq1yoox2n-A9v8Xft4?width=600&height=338
06-09-2024,1458.997803,1491.044858,1455.810581,1486.562759,19394228,1,Reliance Industries,RELIANCE.NS,Stock,Energy,https://1drv.ms/i/c/8705623eb284e7df/IQQIhC7Payu-Qb9ArC3GO2_qAfM1tlq1yoox2n-A9v8Xft4?width=600&height=338
09-09-2024,1456.632324,1464.077686,1449.809598,1460.666262,9010298,1,Reliance Industries,RELIANCE.NS,Stock,Energy,https://1drv.ms/i/c/8705623eb284e7df/IQQIhC7Payu-Qb9ArC3GO2_qAfM1tlq1yoox2n-A9v8Xft4?width=600&height=338
10-09-2024,1455.71106,1466.194215,1451.7767,1454.690113,10768260,1,Reliance Industries,RELIANCE.NS,Stock,Energy,https://1drv.ms/i/c/8705623eb284e7df/IQQIhC7Payu-Qb9ArC3GO2_qAfM1tlq1yoox2n-A9v8Xft4?width=600&height=338
11-09-2024,1445.725952,1462.907332,1441.791714,1457.230055,9760202,1,Reliance Industries,RELIANCE.NS,Stock,Energy,https://1drv.ms/i/c/8705623eb284e7df/IQQIhC7Payu-Qb9ArC3GO2_qAfM1tlq1yoox2n-A9v8Xft4?width=600&height=338
12-09-2024,1473.91333,1480.088618,1440.123237,1451.203981,22349376,1,Reliance Industries,RELIANCE.NS,Stock,Energy,https://1drv.ms/i/c/8705623eb284e7df/IQQIhC7Payu-Qb9ArC3GO2_qAfM1tlq1yoox2n-A9v8Xft4?width=600&height=338
13-09-2024,1466.766846,1477.250001,1463.654277,1470.526853,8711328,1,Reliance Industries,RELIANCE.NS,Stock,Energy,https://1drv.ms/i/c/8705623eb284e7df/IQQIhC7Payu-Qb9ArC3GO2_qAfM1tlq1yoox2n-A9v8Xft4?width=600&height=338
16-09-2024,1465.496948,1475.009007,1458.923227,1471.672358,5481774,1,Reliance Industries,RELIANCE.NS,Stock,Energy,https://1drv.ms/i/c/8705623eb284e7df/IQQIhC7Payu-Qb9ArC3GO2_qAfM1tlq1yoox2n-A9v8Xft4?width=600&height=338
17-09-2024,1466.443237,1471.597578,1460.790764,1468.136426,5935328,1,Reliance Industries,RELIANCE.NS,Stock,Energy,https://1drv.ms/i/c/8705623eb284e7df/IQQIhC7Payu-Qb9ArC3GO2_qAfM1tlq1yoox2n-A9v8Xft4?width=600&height=338
18-09-2024,1457.628296,1476.104552,1454.739929,1464.152288,8574714,1,Reliance Industries,RELIANCE.NS,Stock,Energy,https://1drv.ms/i/c/8705623eb284e7df/IQQIhC7Payu-Qb9ArC3GO2_qAfM1tlq1yoox2n-A9v8Xft4?width=600&height=338
19-09-2024,1463.828613,1470.626414,1449.759803,1460.417189,16955902,1,Reliance Industries,RELIANCE.NS,Stock,Energy,https://1drv.ms/i/c/8705623eb284e7df/IQQIhC7Payu-Qb9ArC3GO2_qAfM1tlq1yoox2n-A9v8Xft4?width=600&height=338
20-09-2024,1480.014038,1489.052889,1465.521869,1468.136427,30897320,1,Reliance Industries,RELIANCE.NS,Stock,Energy,https://1drv.ms/i/c/8705623eb284e7df/IQQIhC7Payu-Qb9ArC3GO2_qAfM1tlq1yoox2n-A9v8Xft4?width=600&height=338
23-09-2024,1487.434326,1495.527005,1483.02688,1485.068774,8832314,1,Reliance Industries,RELIANCE.NS,Stock,Energy,https://1drv.ms/i/c/8705623eb284e7df/IQQIhC7Payu-Qb9ArC3GO2_qAfM1tlq1yoox2n-A9v8Xft4?width=600&height=338
24-09-2024,1483.450195,1494.53094,1481.956162,1482.578676,17137444,1,Reliance Industries,RELIANCE.NS,Stock,Energy,https://1drv.ms/i/c/8705623eb284e7df/IQQIhC7Payu-Qb9ArC3GO2_qAfM1tlq1yoox2n-A9v8Xft4?width=600&height=338
25-09-2024,1488.006958,1490.546863,1474.311656,1477.99701,7069002,1,Reliance Industries,RELIANCE.NS,Stock,Energy,https://1drv.ms/i/c/8705623eb284e7df/IQQIhC7Payu-Qb9ArC3GO2_qAfM1tlq1yoox2n-A9v8Xft4?width=600&height=338
26-09-2024,1491.991089,1498.017071,1482.130568,1484.720201,18818998,1,Reliance Industries,RELIANCE.NS,Stock,Energy,https://1drv.ms/i/c/8705623eb284e7df/IQQIhC7Payu-Qb9ArC3GO2_qAfM1tlq1yoox2n-A9v8Xft4?width=600&height=338
27-09-2024,1520.103882,1527.374769,1486.064782,1493.036936,20597478,1,Reliance Industries,RELIANCE.NS,Stock,Energy,https://1drv.ms/i/c/8705623eb284e7df/IQQIhC7Payu-Qb9ArC3GO2_qAfM1tlq1yoox2n-A9v8Xft4?width=600&height=338
30-09-2024,1470.701172,1518.908662,1468.534897,1513.355888,27008814,1,Reliance Industries,RELIANCE.NS,Stock,Energy,https://1drv.ms/i/c/8705623eb284e7df/IQQIhC7Payu-Qb9ArC3GO2_qAfM1tlq1yoox2n-A9v8Xft4?width=600&height=338
01-10-2024,1458.997803,1482.03081,1457.005759,1474.759923,16431642,1,Reliance Industries,RELIANCE.NS,Stock,Energy,https://1drv.ms/i/c/8705623eb284e7df/IQQIhC7Payu-Qb9ArC3GO2_qAfM1tlq1yoox2n-A9v8Xft4?width=600&height=338
03-10-2024,1401.378052,1443.634334,1396.49752,1430.860279,37757294,1,Reliance Industries,RELIANCE.NS,Stock,Energy,https://1drv.ms/i/c/8705623eb284e7df/IQQIhC7Payu-Qb9ArC3GO2_qAfM1tlq1yoox2n-A9v8Xft4?width=600&height=338
04-10-2024,1381.009399,1411.711728,1376.278295,1398.340206,37072876,1,Reliance Industries,RELIANCE.NS,Stock,Energy,https://1drv.ms/i/c/8705623eb284e7df/IQQIhC7Payu-Qb9ArC3GO2_qAfM1tlq1yoox2n-A9v8Xft4?width=600&height=338
07-10-2024,1365.272217,1390.944708,1355.959436,1387.956642,22181340,1,Reliance Industries,RELIANCE.NS,Stock,Energy,https://1drv.ms/i/c/8705623eb284e7df/IQQIhC7Payu-Qb9ArC3GO2_qAfM1tlq1yoox2n-A9v8Xft4?width=600&height=338
08-10-2024,1391.79126,1395.426764,1359.669552,1367.513225,17020808,1,Reliance Industries,RELIANCE.NS,Stock,Energy,https://1drv.ms/i/c/8705623eb284e7df/IQQIhC7Payu-Qb9ArC3GO2_qAfM1tlq1yoox2n-A9v8Xft4?width=600&height=338
09-10-2024,1369.131836,1395.401917,1367.040214,1391.965689,14310610,1,Reliance Industries,RELIANCE.NS,Stock,Energy,https://1drv.ms/i/c/8705623eb284e7df/IQQIhC7Payu-Qb9ArC3GO2_qAfM1tlq1yoox2n-A9v8Xft4?width=600&height=338
10-10-2024,1365.595947,1380.486427,1363.977412,1374.53522,22358646,1,Reliance Industries,RELIANCE.NS,Stock,Energy,https://1drv.ms/i/c/8705623eb284e7df/IQQIhC7Payu-Qb9ArC3GO2_qAfM1tlq1yoox2n-A9v8Xft4?width=600&height=338
11-10-2024,1366.641724,1377.772318,1363.379727,1364.550102,7980122,1,Reliance Industries,RELIANCE.NS,Stock,Energy,https://1drv.ms/i/c/8705623eb284e7df/IQQIhC7Payu-Qb9ArC3GO2_qAfM1tlq1yoox2n-A9v8Xft4?width=600&height=338
14-10-2024,1367.065063,1374.584956,1362.807045,1373.962443,12221432,1,Reliance Industries,RELIANCE.NS,Stock,Energy,https://1drv.ms/i/c/8705623eb284e7df/IQQIhC7Payu-Qb9ArC3GO2_qAfM1tlq1yoox2n-A9v8Xft4?width=600&height=338
15-10-2024,1338.678467,1366.243302,1335.366621,1353.120786,33762794,1,Reliance Industries,RELIANCE.NS,Stock,Energy,https://1drv.ms/i/c/8705623eb284e7df/IQQIhC7Payu-Qb9ArC3GO2_qAfM1tlq1yoox2n-A9v8Xft4?width=600&height=338
16-10-2024,1348.688477,1358.574044,1332.303963,1334.669515,20034438,1,Reliance Industries,RELIANCE.NS,Stock,Energy,https://1drv.ms/i/c/8705623eb284e7df/IQQIhC7Payu-Qb9ArC3GO2_qAfM1tlq1yoox2n-A9v8Xft4?width=600&height=338
17-10-2024,1351.029175,1363.006242,1346.671579,1360.267181,15543660,1,Reliance Industries,RELIANCE.NS,Stock,Energy,https://1drv.ms/i/c/8705623eb284e7df/IQQIhC7Payu-Qb9ArC3GO2_qAfM1tlq1yoox2n-A9v8Xft4?width=600&height=338
18-10-2024,1353.8927,1362.981401,1335.989108,1346.796044,12082452,1,Reliance Industries,RELIANCE.NS,Stock,Energy,https://1drv.ms/i/c/8705623eb284e7df/IQQIhC7Payu-Qb9ArC3GO2_qAfM1tlq1yoox2n-A9v8Xft4?width=600&height=338
21-10-2024,1363.753296,1368.53425,1352.323968,1361.686599,14067408,1,Reliance Industries,RELIANCE.NS,Stock,Energy,https://1drv.ms/i/c/8705623eb284e7df/IQQIhC7Payu-Qb9ArC3GO2_qAfM1tlq1yoox2n-A9v8Xft4?width=600&height=338
22-10-2024,1338.006104,1370.526246,1334.893535,1363.753247,15831960,1,Reliance Industries,RELIANCE.NS,Stock,Energy,https://1drv.ms/i/c/8705623eb284e7df/IQQIhC7Payu-Qb9ArC3GO2_qAfM1tlq1yoox2n-A9v8Xft4?width=600&height=338
23-10-2024,1333.200317,1352.074885,1329.689316,1332.179371,17214742,1,Reliance Industries,RELIANCE.NS,Stock,Energy,https://1drv.ms/i/c/8705623eb284e7df/IQQIhC7Payu-Qb9ArC3GO2_qAfM1tlq1yoox2n-A9v8Xft4?width=600&height=338
24-10-2024,1334.470337,1338.354725,1317.861621,1329.963313,22155934,1,Reliance Industries,RELIANCE.NS,Stock,Energy,https://1drv.ms/i/c/8705623eb284e7df/IQQIhC7Payu-Qb9ArC3GO2_qAfM1tlq1yoox2n-A9v8Xft4?width=600&height=338
25-10-2024,1322.567749,1339.002112,1316.741045,1338.155517,18597496,1,Reliance Industries,RELIANCE.NS,Stock,Energy,https://1drv.ms/i/c/8705623eb284e7df/IQQIhC7Payu-Qb9ArC3GO2_qAfM1tlq1yoox2n-A9v8Xft4?width=600&height=338
28-10-2024,1329.04187,1347.617704,1316.840601,1331.681353,10824350,1,Reliance Industries,RELIANCE.NS,Stock,Energy,https://1drv.ms/i/c/8705623eb284e7df/IQQIhC7Payu-Qb9ArC3GO2_qAfM1tlq1yoox2n-A9v8Xft4?width=600&height=338
29-10-2024,1334.669434,1337.856655,1315.04785,1322.816748,12008361,1,Reliance Industries,RELIANCE.NS,Stock,Energy,https://1drv.ms/i/c/8705623eb284e7df/IQQIhC7Payu-Qb9ArC3GO2_qAfM1tlq1yoox2n-A9v8Xft4?width=600&height=338
30-10-2024,1338.553955,1344.629665,1320.077699,1329.689335,11984423,1,Reliance Industries,RELIANCE.NS,Stock,Energy,https://1drv.ms/i/c/8705623eb284e7df/IQQIhC7Payu-Qb9ArC3GO2_qAfM1tlq1yoox2n-A9v8Xft4?width=600&height=338
31-10-2024,1326.751099,1337.65749,1320.874545,1334.669425,9331650,1,Reliance Industries,RELIANCE.NS,Stock,Energy,https://1drv.ms/i/c/8705623eb284e7df/IQQIhC7Payu-Qb9ArC3GO2_qAfM1tlq1yoox2n-A9v8Xft4?width=600&height=338
01-11-2024,1333.324829,1336.611629,1327.697281,1327.74713,2127335,1,Reliance Industries,RELIANCE.NS,Stock,Energy,https://1drv.ms/i/c/8705623eb284e7df/IQQIhC7Payu-Qb9ArC3GO2_qAfM1tlq1yoox2n-A9v8Xft4?width=600&height=338
04-11-2024,1296.970093,1334.669502,1279.987869,1332.52803,19796890,1,Reliance Industries,RELIANCE.NS,Stock,Energy,https://1drv.ms/i/c/8705623eb284e7df/IQQIhC7Payu-Qb9ArC3GO2_qAfM1tlq1yoox2n-A9v8Xft4?width=600&height=338
05-11-2024,1300.107544,1304.340637,1281.033699,1287.856425,16267479,1,Reliance Industries,RELIANCE.NS,Stock,Energy,https://1drv.ms/i/c/8705623eb284e7df/IQQIhC7Payu-Qb9ArC3GO2_qAfM1tlq1yoox2n-A9v8Xft4?width=600&height=338
06-11-2024,1320.077759,1323.016097,1295.027781,1304.788845,21625209,1,Reliance Industries,RELIANCE.NS,Stock,Energy,https://1drv.ms/i/c/8705623eb284e7df/IQQIhC7Payu-Qb9ArC3GO2_qAfM1tlq1yoox2n-A9v8Xft4?width=600&height=338
07-11-2024,1300.456177,1318.733157,1297.418261,1318.733157,9611974,1,Reliance Industries,RELIANCE.NS,Stock,Energy,https://1drv.ms/i/c/8705623eb284e7df/IQQIhC7Payu-Qb9ArC3GO2_qAfM1tlq1yoox2n-A9v8Xft4?width=600&height=338
08-11-2024,1278.643188,1296.472006,1269.927996,1292.487918,19814406,1,Reliance Industries,RELIANCE.NS,Stock,Energy,https://1drv.ms/i/c/8705623eb284e7df/IQQIhC7Payu-Qb9ArC3GO2_qAfM1tlq1yoox2n-A9v8Xft4?width=600&height=338
11-11-2024,1267.637085,1280.884226,1261.959808,1273.862222,9056552,1,Reliance Industries,RELIANCE.NS,Stock,Energy,https://1drv.ms/i/c/8705623eb284e7df/IQQIhC7Payu-Qb9ArC3GO2_qAfM1tlq1yoox2n-A9v8Xft4?width=600&height=338
12-11-2024,1269.18103,1284.17121,1262.457882,1270.475908,10671091,1,Reliance Industries,RELIANCE.NS,Stock,Energy,https://1drv.ms/i/c/8705623eb284e7df/IQQIhC7Payu-Qb9ArC3GO2_qAfM1tlq1yoox2n-A9v8Xft4?width=600&height=338
13-11-2024,1247.069336,1270.376152,1244.529431,1265.196887,14633633,1,Reliance Industries,RELIANCE.NS,Stock,Energy,https://1drv.ms/i/c/8705623eb284e7df/IQQIhC7Payu-Qb9ArC3GO2_qAfM1tlq1yoox2n-A9v8Xft4?width=600&height=338
14-11-2024,1262.557495,1267.537605,1246.123132,1248.613187,12612633,1,Reliance Industries,RELIANCE.NS,Stock,Energy,https://1drv.ms/i/c/8705623eb284e7df/IQQIhC7Payu-Qb9ArC3GO2_qAfM1tlq1yoox2n-A9v8Xft4?width=600&height=338
18-11-2024,1255.734741,1267.836433,1238.951795,1262.557468,13620611,1,Reliance Industries,RELIANCE.NS,Stock,Energy,https://1drv.ms/i/c/8705623eb284e7df/IQQIhC7Payu-Qb9ArC3GO2_qAfM1tlq1yoox2n-A9v8Xft4?width=600&height=338
19-11-2024,1236.710693,1276.402144,1230.236551,1255.734689,14183746,1,Reliance Industries,RELIANCE.NS,Stock,Energy,https://1drv.ms/i/c/8705623eb284e7df/IQQIhC7Payu-Qb9ArC3GO2_qAfM1tlq1yoox2n-A9v8Xft4?width=600&height=338
21-11-2024,1218.134888,1239.0015,1212.407761,1236.710722,19433843,1,Reliance Industries,RELIANCE.NS,Stock,Energy,https://1drv.ms/i/c/8705623eb284e7df/IQQIhC7Payu-Qb9ArC3GO2_qAfM1tlq1yoox2n-A9v8Xft4?width=600&height=338
22-11-2024,1260.366211,1263.802438,1217.586995,1224.50942,20471957,1,Reliance Industries,RELIANCE.NS,Stock,Energy,https://1drv.ms/i/c/8705623eb284e7df/IQQIhC7Payu-Qb9ArC3GO2_qAfM1tlq1yoox2n-A9v8Xft4?width=600&height=338
25-11-2024,1281.880249,1299.260783,1277.348301,1284.868315,28923341,1,Reliance Industries,RELIANCE.NS,Stock,Energy,https://1drv.ms/i/c/8705623eb284e7df/IQQIhC7Payu-Qb9ArC3GO2_qAfM1tlq1yoox2n-A9v8Xft4?width=600&height=338
26-11-2024,1290.545654,1292.687126,1279.091401,1289.798638,9247557,1,Reliance Industries,RELIANCE.NS,Stock,Energy,https://1drv.ms/i/c/8705623eb284e7df/IQQIhC7Payu-Qb9ArC3GO2_qAfM1tlq1yoox2n-A9v8Xft4?width=600&height=338
27-11-2024,1288.055542,1298.6632,1280.884233,1288.354397,9572746,1,Reliance Industries,RELIANCE.NS,Stock,Energy,https://1drv.ms/i/c/8705623eb284e7df/IQQIhC7Payu-Qb9ArC3GO2_qAfM1tlq1yoox2n-A9v8Xft4?width=600&height=338
28-11-2024,1265.744751,1291.442045,1264.001713,1284.818474,15027412,1,Reliance Industries,RELIANCE.NS,Stock,Energy,https://1drv.ms/i/c/8705623eb284e7df/IQQIhC7Payu-Qb9ArC3GO2_qAfM1tlq1yoox2n-A9v8Xft4?width=600&height=338
29-11-2024,1287.05957,1294.330579,1270.177046,1274.908151,13202307,1,Reliance Industries,RELIANCE.NS,Stock,Energy,https://1drv.ms/i/c/8705623eb284e7df/IQQIhC7Payu-Qb9ArC3GO2_qAfM1tlq1yoox2n-A9v8Xft4?width=600&height=338
02-12-2024,1303.942261,1306.133461,1271.969978,1282.876371,11024152,1,Reliance Industries,RELIANCE.NS,Stock,Energy,https://1drv.ms/i/c/8705623eb284e7df/IQQIhC7Payu-Qb9ArC3GO2_qAfM1tlq1yoox2n-A9v8Xft4?width=600&height=338
03-12-2024,1318.035889,1321.521965,1301.800682,1311.760902,16869482,1,Reliance Industries,RELIANCE.NS,Stock,Energy,https://1drv.ms/i/c/8705623eb284e7df/IQQIhC7Payu-Qb9ArC3GO2_qAfM1tlq1yoox2n-A9v8Xft4?width=600&height=338
04-12-2024,1303.74292,1323.11562,1298.862509,1320.725143,19608540,1,Reliance Industries,RELIANCE.NS,Stock,Energy,https://1drv.ms/i/c/8705623eb284e7df/IQQIhC7Payu-Qb9ArC3GO2_qAfM1tlq1yoox2n-A9v8Xft4?width=600&height=338
05-12-2024,1316.790894,1324.65937,1300.95412,1309.121451,16858723,1,Reliance Industries,RELIANCE.NS,Stock,Energy,https://1drv.ms/i/c/8705623eb284e7df/IQQIhC7Payu-Qb9ArC3GO2_qAfM1tlq1yoox2n-A9v8Xft4?width=600&height=338
06-12-2024,1306.332642,1318.633488,1304.788759,1318.633488,9037514,1,Reliance Industries,RELIANCE.NS,Stock,Energy,https://1drv.ms/i/c/8705623eb284e7df/IQQIhC7Payu-Qb9ArC3GO2_qAfM1tlq1yoox2n-A9v8Xft4?width=600&height=338
09-12-2024,1289.997925,1309.768937,1287.956031,1297.816673,14650002,1,Reliance Industries,RELIANCE.NS,Stock,Energy,https://1drv.ms/i/c/8705623eb284e7df/IQQIhC7Payu-Qb9ArC3GO2_qAfM1tlq1yoox2n-A9v8Xft4?width=600&height=338
10-12-2024,1279.73877,1289.748839,1275.107243,1284.12129,16043729,1,Reliance Industries,RELIANCE.NS,Stock,Energy,https://1drv.ms/i/c/8705623eb284e7df/IQQIhC7Payu-Qb9ArC3GO2_qAfM1tlq1yoox2n-A9v8Xft4?width=600&height=338
11-12-2024,1273.115234,1284.868342,1270.973884,1279.888232,11724373,1,Reliance Industries,RELIANCE.NS,Stock,Energy,https://1drv.ms/i/c/8705623eb284e7df/IQQIhC7Payu-Qb9ArC3GO2_qAfM1tlq1yoox2n-A9v8Xft4?width=600&height=338
12-12-2024,1257.876221,1273.115285,1255.585321,1264.947953,20906813,1,Reliance Industries,RELIANCE.NS,Stock,Energy,https://1drv.ms/i/c/8705623eb284e7df/IQQIhC7Payu-Qb9ArC3GO2_qAfM1tlq1yoox2n-A9v8Xft4?width=600&height=338
13-12-2024,1267.786621,1270.127249,1234.668888,1254.987762,28630222,1,Reliance Industries,RELIANCE.NS,Stock,Energy,https://1drv.ms/i/c/8705623eb284e7df/IQQIhC7Payu-Qb9ArC3GO2_qAfM1tlq1yoox2n-A9v8Xft4?width=600&height=338
16-12-2024,1263.254761,1275.904192,1261.511722,1269.92806,9486781,1,Reliance Industries,RELIANCE.NS,Stock,Energy,https://1drv.ms/i/c/8705623eb284e7df/IQQIhC7Payu-Qb9ArC3GO2_qAfM1tlq1yoox2n-A9v8Xft4?width=600&height=338
17-12-2024,1240.346191,1258.872175,1237.856137,1256.033537,17462791,1,Reliance Industries,RELIANCE.NS,Stock,Energy,https://1drv.ms/i/c/8705623eb284e7df/IQQIhC7Payu-Qb9ArC3GO2_qAfM1tlq1yoox2n-A9v8Xft4?width=600&height=338
18-12-2024,1248.264526,1254.937825,1235.714674,1235.714674,12670179,1,Reliance Industries,RELIANCE.NS,Stock,Energy,https://1drv.ms/i/c/8705623eb284e7df/IQQIhC7Payu-Qb9ArC3GO2_qAfM1tlq1yoox2n-A9v8Xft4?width=600&height=338
19-12-2024,1225.555176,1239.947766,1224.110993,1234.071212,14244653,1,Reliance Industries,RELIANCE.NS,Stock,Energy,https://1drv.ms/i/c/8705623eb284e7df/IQQIhC7Payu-Qb9ArC3GO2_qAfM1tlq1yoox2n-A9v8Xft4?width=600&height=338
20-12-2024,1200.505371,1234.569275,1196.720439,1219.130934,20312896,1,Reliance Industries,RELIANCE.NS,Stock,Energy,https://1drv.ms/i/c/8705623eb284e7df/IQQIhC7Payu-Qb9ArC3GO2_qAfM1tlq1yoox2n-A9v8Xft4?width=600&height=338
23-12-2024,1217.437744,1222.318155,1208.373847,1210.166735,10052824,1,Reliance Industries,RELIANCE.NS,Stock,Energy,https://1drv.ms/i/c/8705623eb284e7df/IQQIhC7Payu-Qb9ArC3GO2_qAfM1tlq1yoox2n-A9v8Xft4?width=600&height=338
24-12-2024,1217.885864,1228.64295,1216.142826,1217.437703,6734917,1,Reliance Industries,RELIANCE.NS,Stock,Energy,https://1drv.ms/i/c/8705623eb284e7df/IQQIhC7Payu-Qb9ArC3GO2_qAfM1tlq1yoox2n-A9v8Xft4?width=600&height=338
26-12-2024,1211.710571,1222.816119,1209.419672,1219.379892,10016178,1,Reliance Industries,RELIANCE.NS,Stock,Energy,https://1drv.ms/i/c/8705623eb284e7df/IQQIhC7Payu-Qb9ArC3GO2_qAfM1tlq1yoox2n-A9v8Xft4?width=600&height=338
27-12-2024,1216.192749,1223.015476,1212.158811,1213.453688,7000397,1,Reliance Industries,RELIANCE.NS,Stock,Energy,https://1drv.ms/i/c/8705623eb284e7df/IQQIhC7Payu-Qb9ArC3GO2_qAfM1tlq1yoox2n-A9v8Xft4?width=600&height=338
30-12-2024,1205.883789,1218.334064,1203.294156,1211.561187,8818766,1,Reliance Industries,RELIANCE.NS,Stock,Energy,https://1drv.ms/i/c/8705623eb284e7df/IQQIhC7Payu-Qb9ArC3GO2_qAfM1tlq1yoox2n-A9v8Xft4?width=600&height=338
31-12-2024,1210.614868,1214.250373,1201.351937,1203.194553,6405475,1,Reliance Industries,RELIANCE.NS,Stock,Energy,https://1drv.ms/i/c/8705623eb284e7df/IQQIhC7Payu-Qb9ArC3GO2_qAfM1tlq1yoox2n-A9v8Xft4?width=600&height=338
01-01-2025,1216.391846,1221.421805,1206.780209,1210.017281,5892590,1,Reliance Industries,RELIANCE.NS,Stock,Energy,https://1drv.ms/i/c/8705623eb284e7df/IQQIhC7Payu-Qb9ArC3GO2_qAfM1tlq1yoox2n-A9v8Xft4?width=600&height=338
02-01-2025,1236.860107,1239.499468,1215.14678,1216.391808,15486276,1,Reliance Industries,RELIANCE.NS,Stock,Energy,https://1drv.ms/i/c/8705623eb284e7df/IQQIhC7Payu-Qb9ArC3GO2_qAfM1tlq1yoox2n-A9v8Xft4?width=600&height=338
03-01-2025,1246.172974,1257.029638,1230.585205,1238.951814,15521102,1,Reliance Industries,RELIANCE.NS,Stock,Energy,https://1drv.ms/i/c/8705623eb284e7df/IQQIhC7Payu-Qb9ArC3GO2_qAfM1tlq1yoox2n-A9v8Xft4?width=600&height=338
06-01-2025,1213.154785,1256.979753,1210.166719,1248.961727,14816766,1,Reliance Industries,RELIANCE.NS,Stock,Energy,https://1drv.ms/i/c/8705623eb284e7df/IQQIhC7Payu-Qb9ArC3GO2_qAfM1tlq1yoox2n-A9v8Xft4?width=600&height=338
07-01-2025,1235.913818,1239.549323,1216.391812,1217.138829,10070505,1,Reliance Industries,RELIANCE.NS,Stock,Energy,https://1drv.ms/i/c/8705623eb284e7df/IQQIhC7Payu-Qb9ArC3GO2_qAfM1tlq1yoox2n-A9v8Xft4?width=600&height=338
08-01-2025,1260.46582,1265.993791,1240.395953,1244.031458,19346579,1,Reliance Industries,RELIANCE.NS,Stock,Energy,https://1drv.ms/i/c/8705623eb284e7df/IQQIhC7Payu-Qb9ArC3GO2_qAfM1tlq1yoox2n-A9v8Xft4?width=600&height=338
09-01-2025,1249.758545,1264.698874,1243.085246,1261.959814,12794704,1,Reliance Industries,RELIANCE.NS,Stock,Energy,https://1drv.ms/i/c/8705623eb284e7df/IQQIhC7Payu-Qb9ArC3GO2_qAfM1tlq1yoox2n-A9v8Xft4?width=600&height=338
10-01-2025,1236.959717,1251.750619,1231.083163,1248.862131,8120332,1,Reliance Industries,RELIANCE.NS,Stock,Energy,https://1drv.ms/i/c/8705623eb284e7df/IQQIhC7Payu-Qb9ArC3GO2_qAfM1tlq1yoox2n-A9v8Xft4?width=600&height=338
13-01-2025,1234.917847,1240.29639,1221.521399,1225.107054,13764861,1,Reliance Industries,RELIANCE.NS,Stock,Energy,https://1drv.ms/i/c/8705623eb284e7df/IQQIhC7Payu-Qb9ArC3GO2_qAfM1tlq1yoox2n-A9v8Xft4?width=600&height=338
14-01-2025,1233.822266,1248.364163,1222.368013,1239.150959,13095266,1,Reliance Industries,RELIANCE.NS,Stock,Energy,https://1drv.ms/i/c/8705623eb284e7df/IQQIhC7Payu-Qb9ArC3GO2_qAfM1tlq1yoox2n-A9v8Xft4?width=600&height=338
15-01-2025,1247.218628,1251.999582,1236.909825,1239.997469,9578856,1,Reliance Industries,RELIANCE.NS,Stock,Energy,https://1drv.ms/i/c/8705623eb284e7df/IQQIhC7Payu-Qb9ArC3GO2_qAfM1tlq1yoox2n-A9v8Xft4?width=600&height=338
16-01-2025,1261.411987,1269.928024,1246.322352,1253.892094,14117603,1,Reliance Industries,RELIANCE.NS,Stock,Energy,https://1drv.ms/i/c/8705623eb284e7df/IQQIhC7Payu-Qb9ArC3GO2_qAfM1tlq1yoox2n-A9v8Xft4?width=600&height=338
17-01-2025,1297.169189,1320.725133,1279.888233,1316.990051,29366277,1,Reliance Industries,RELIANCE.NS,Stock,Energy,https://1drv.ms/i/c/8705623eb284e7df/IQQIhC7Payu-Qb9ArC3GO2_qAfM1tlq1yoox2n-A9v8Xft4?width=600&height=338
20-01-2025,1300.256836,1310.764916,1295.07757,1310.764916,14040244,1,Reliance Industries,RELIANCE.NS,Stock,Energy,https://1drv.ms/i/c/8705623eb284e7df/IQQIhC7Payu-Qb9ArC3GO2_qAfM1tlq1yoox2n-A9v8Xft4?width=600&height=338
21-01-2025,1268.633179,1307.776892,1265.147102,1305.286837,14562976,1,Reliance Industries,RELIANCE.NS,Stock,Energy,https://1drv.ms/i/c/8705623eb284e7df/IQQIhC7Payu-Qb9ArC3GO2_qAfM1tlq1yoox2n-A9v8Xft4?width=600&height=338
22-01-2025,1272.019653,1277.796629,1263.653044,1273.214953,10273590,1,Reliance Industries,RELIANCE.NS,Stock,Energy,https://1drv.ms/i/c/8705623eb284e7df/IQQIhC7Payu-Qb9ArC3GO2_qAfM1tlq1yoox2n-A9v8Xft4?width=600&height=338
23-01-2025,1258.623169,1272.268621,1256.581275,1264.947884,8720682,1,Reliance Industries,RELIANCE.NS,Stock,Energy,https://1drv.ms/i/c/8705623eb284e7df/IQQIhC7Payu-Qb9ArC3GO2_qAfM1tlq1yoox2n-A9v8Xft4?width=600&height=338
24-01-2025,1241.342285,1267.936024,1238.553375,1260.96387,14235970,1,Reliance Industries,RELIANCE.NS,Stock,Energy,https://1drv.ms/i/c/8705623eb284e7df/IQQIhC7Payu-Qb9ArC3GO2_qAfM1tlq1yoox2n-A9v8Xft4?width=600&height=338
27-01-2025,1224.459595,1235.515414,1215.146814,1234.170809,9536019,1,Reliance Industries,RELIANCE.NS,Stock,Energy,https://1drv.ms/i/c/8705623eb284e7df/IQQIhC7Payu-Qb9ArC3GO2_qAfM1tlq1yoox2n-A9v8Xft4?width=600&height=338
28-01-2025,1229.489624,1239.798428,1213.652849,1233.075279,10568025,1,Reliance Industries,RELIANCE.NS,Stock,Energy,https://1drv.ms/i/c/8705623eb284e7df/IQQIhC7Payu-Qb9ArC3GO2_qAfM1tlq1yoox2n-A9v8Xft4?width=600&height=338
29-01-2025,1230.585205,1237.806365,1223.16489,1231.083216,5928156,1,Reliance Industries,RELIANCE.NS,Stock,Energy,https://1drv.ms/i/c/8705623eb284e7df/IQQIhC7Payu-Qb9ArC3GO2_qAfM1tlq1yoox2n-A9v8Xft4?width=600&height=338
30-01-2025,1248.06543,1251.999668,1227.497551,1230.635044,9269259,1,Reliance Industries,RELIANCE.NS,Stock,Energy,https://1drv.ms/i/c/8705623eb284e7df/IQQIhC7Payu-Qb9ArC3GO2_qAfM1tlq1yoox2n-A9v8Xft4?width=600&height=338
31-01-2025,1260.067383,1261.959849,1244.031453,1250.854179,6584612,1,Reliance Industries,RELIANCE.NS,Stock,Energy,https://1drv.ms/i/c/8705623eb284e7df/IQQIhC7Payu-Qb9ArC3GO2_qAfM1tlq1yoox2n-A9v8Xft4?width=600&height=338
01-02-2025,1259.569336,1265.49574,1236.063242,1260.067347,7118453,1,Reliance Industries,RELIANCE.NS,Stock,Energy,https://1drv.ms/i/c/8705623eb284e7df/IQQIhC7Payu-Qb9ArC3GO2_qAfM1tlq1yoox2n-A9v8Xft4?width=600&height=338
03-02-2025,1240.943848,1251.003646,1232.627088,1246.023536,9252345,1,Reliance Industries,RELIANCE.NS,Stock,Energy,https://1drv.ms/i/c/8705623eb284e7df/IQQIhC7Payu-Qb9ArC3GO2_qAfM1tlq1yoox2n-A9v8Xft4?width=600&height=338
04-02-2025,1280.087402,1283.673179,1241.640978,1243.085283,16691069,1,Reliance Industries,RELIANCE.NS,Stock,Energy,https://1drv.ms/i/c/8705623eb284e7df/IQQIhC7Payu-Qb9ArC3GO2_qAfM1tlq1yoox2n-A9v8Xft4?width=600&height=338
05-02-2025,1273.115234,1285.366353,1271.621201,1277.547605,10112028,1,Reliance Industries,RELIANCE.NS,Stock,Energy,https://1drv.ms/i/c/8705623eb284e7df/IQQIhC7Payu-Qb9ArC3GO2_qAfM1tlq1yoox2n-A9v8Xft4?width=600&height=338
06-02-2025,1276.452026,1282.87632,1265.296507,1268.633156,9956001,1,Reliance Industries,RELIANCE.NS,Stock,Energy,https://1drv.ms/i/c/8705623eb284e7df/IQQIhC7Payu-Qb9ArC3GO2_qAfM1tlq1yoox2n-A9v8Xft4?width=600&height=338
07-02-2025,1261.661011,1278.593385,1256.979756,1271.073492,8764283,1,Reliance Industries,RELIANCE.NS,Stock,Energy,https://1drv.ms/i/c/8705623eb284e7df/IQQIhC7Payu-Qb9ArC3GO2_qAfM1tlq1yoox2n-A9v8Xft4?width=600&height=338
10-02-2025,1248.662964,1261.461822,1240.59521,1259.469778,6970972,1,Reliance Industries,RELIANCE.NS,Stock,Energy,https://1drv.ms/i/c/8705623eb284e7df/IQQIhC7Payu-Qb9ArC3GO2_qAfM1tlq1yoox2n-A9v8Xft4?width=600&height=338
11-02-2025,1229.937744,1259.519671,1225.20664,1259.519671,8859714,1,Reliance Industries,RELIANCE.NS,Stock,Energy,https://1drv.ms/i/c/8705623eb284e7df/IQQIhC7Payu-Qb9ArC3GO2_qAfM1tlq1yoox2n-A9v8Xft4?width=600&height=338
12-02-2025,1211.710571,1222.019374,1188.602789,1214.598938,21131654,1,Reliance Industries,RELIANCE.NS,Stock,Energy,https://1drv.ms/i/c/8705623eb284e7df/IQQIhC7Payu-Qb9ArC3GO2_qAfM1tlq1yoox2n-A9v8Xft4?width=600&height=338
13-02-2025,1211.262329,1223.115015,1207.178663,1212.208623,8511216,1,Reliance Industries,RELIANCE.NS,Stock,Energy,https://1drv.ms/i/c/8705623eb284e7df/IQQIhC7Payu-Qb9ArC3GO2_qAfM1tlq1yoox2n-A9v8Xft4?width=600&height=338
14-02-2025,1212.407715,1219.130863,1200.654607,1214.150753,10298145,1,Reliance Industries,RELIANCE.NS,Stock,Energy,https://1drv.ms/i/c/8705623eb284e7df/IQQIhC7Payu-Qb9ArC3GO2_qAfM1tlq1yoox2n-A9v8Xft4?width=600&height=338
17-02-2025,1220.027344,1222.616977,1199.708471,1206.282192,8166683,1,Reliance Industries,RELIANCE.NS,Stock,Energy,https://1drv.ms/i/c/8705623eb284e7df/IQQIhC7Payu-Qb9ArC3GO2_qAfM1tlq1yoox2n-A9v8Xft4?width=600&height=338
18-02-2025,1220.525391,1225.00749,1211.262337,1219.97753,6673250,1,Reliance Industries,RELIANCE.NS,Stock,Energy,https://1drv.ms/i/c/8705623eb284e7df/IQQIhC7Payu-Qb9ArC3GO2_qAfM1tlq1yoox2n-A9v8Xft4?width=600&height=338
19-02-2025,1222.567139,1227.846104,1212.706618,1214.648813,6217338,1,Reliance Industries,RELIANCE.NS,Stock,Energy,https://1drv.ms/i/c/8705623eb284e7df/IQQIhC7Payu-Qb9ArC3GO2_qAfM1tlq1yoox2n-A9v8Xft4?width=600&height=338
20-02-2025,1228.095093,1234.419808,1217.138851,1219.081045,7795582,1,Reliance Industries,RELIANCE.NS,Stock,Energy,https://1drv.ms/i/c/8705623eb284e7df/IQQIhC7Payu-Qb9ArC3GO2_qAfM1tlq1yoox2n-A9v8Xft4?width=600&height=338
21-02-2025,1223.264404,1235.06724,1217.288272,1223.812143,6904025,1,Reliance Industries,RELIANCE.NS,Stock,Energy,https://1drv.ms/i/c/8705623eb284e7df/IQQIhC7Payu-Qb9ArC3GO2_qAfM1tlq1yoox2n-A9v8Xft4?width=600&height=338
24-02-2025,1209.718506,1218.383848,1205.684568,1211.71055,7172498,1,Reliance Industries,RELIANCE.NS,Stock,Energy,https://1drv.ms/i/c/8705623eb284e7df/IQQIhC7Payu-Qb9ArC3GO2_qAfM1tlq1yoox2n-A9v8Xft4?width=600&height=338
25-02-2025,1199.210449,1216.142823,1196.720394,1206.182603,11552182,1,Reliance Industries,RELIANCE.NS,Stock,Energy,https://1drv.ms/i/c/8705623eb284e7df/IQQIhC7Payu-Qb9ArC3GO2_qAfM1tlq1yoox2n-A9v8Xft4?width=600&height=338
27-02-2025,1202.298096,1210.166694,1195.873803,1207.975494,11509215,1,Reliance Industries,RELIANCE.NS,Stock,Energy,https://1drv.ms/i/c/8705623eb284e7df/IQQIhC7Payu-Qb9ArC3GO2_qAfM1tlq1yoox2n-A9v8Xft4?width=600&height=338
28-02-2025,1195.325928,1212.507307,1188.553051,1197.218394,23007298,1,Reliance Industries,RELIANCE.NS,Stock,Energy,https://1drv.ms/i/c/8705623eb284e7df/IQQIhC7Payu-Qb9ArC3GO2_qAfM1tlq1yoox2n-A9v8Xft4?width=600&height=338
03-03-2025,1166.590698,1201.650622,1151.401364,1199.210417,17944938,1,Reliance Industries,RELIANCE.NS,Stock,Energy,https://1drv.ms/i/c/8705623eb284e7df/IQQIhC7Payu-Qb9ArC3GO2_qAfM1tlq1yoox2n-A9v8Xft4?width=600&height=338
04-03-2025,1157.277954,1169.329796,1154.937327,1157.576688,11377373,1,Reliance Industries,RELIANCE.NS,Stock,Energy,https://1drv.ms/i/c/8705623eb284e7df/IQQIhC7Payu-Qb9ArC3GO2_qAfM1tlq1yoox2n-A9v8Xft4?width=600&height=338
05-03-2025,1170.923462,1178.294049,1152.397477,1156.381565,8664095,1,Reliance Industries,RELIANCE.NS,Stock,Energy,https://1drv.ms/i/c/8705623eb284e7df/IQQIhC7Payu-Qb9ArC3GO2_qAfM1tlq1yoox2n-A9v8Xft4?width=600&height=338
06-03-2025,1204.788208,1209.120879,1180.435518,1192.238355,14468014,1,Reliance Industries,RELIANCE.NS,Stock,Energy,https://1drv.ms/i/c/8705623eb284e7df/IQQIhC7Payu-Qb9ArC3GO2_qAfM1tlq1yoox2n-A9v8Xft4?width=600&height=338
07-03-2025,1244.828369,1249.808479,1207.178688,1211.162776,16474965,1,Reliance Industries,RELIANCE.NS,Stock,Energy,https://1drv.ms/i/c/8705623eb284e7df/IQQIhC7Payu-Qb9ArC3GO2_qAfM1tlq1yoox2n-A9v8Xft4?width=600&height=338
10-03-2025,1233.473633,1252.995639,1230.485567,1240.047354,11931051,1,Reliance Industries,RELIANCE.NS,Stock,Energy,https://1drv.ms/i/c/8705623eb284e7df/IQQIhC7Payu-Qb9ArC3GO2_qAfM1tlq1yoox2n-A9v8Xft4?width=600&height=338
11-03-2025,1242.338257,1244.529457,1224.858023,1235.067248,10089838,1,Reliance Industries,RELIANCE.NS,Stock,Energy,https://1drv.ms/i/c/8705623eb284e7df/IQQIhC7Payu-Qb9ArC3GO2_qAfM1tlq1yoox2n-A9v8Xft4?width=600&height=338
12-03-2025,1252.049438,1257.97572,1239.051303,1252.995611,11977555,1,Reliance Industries,RELIANCE.NS,Stock,Energy,https://1drv.ms/i/c/8705623eb284e7df/IQQIhC7Payu-Qb9ArC3GO2_qAfM1tlq1yoox2n-A9v8Xft4?width=600&height=338
13-03-2025,1242.935913,1259.121271,1238.901975,1255.037605,9505270,1,Reliance Industries,RELIANCE.NS,Stock,Energy,https://1drv.ms/i/c/8705623eb284e7df/IQQIhC7Payu-Qb9ArC3GO2_qAfM1tlq1yoox2n-A9v8Xft4?width=600&height=338
17-03-2025,1233.921753,1252.398009,1228.194627,1237.208674,16640917,1,Reliance Industries,RELIANCE.NS,Stock,Energy,https://1drv.ms/i/c/8705623eb284e7df/IQQIhC7Payu-Qb9ArC3GO2_qAfM1tlq1yoox2n-A9v8Xft4?width=600&height=338
18-03-2025,1233.921753,1233.921753,1233.921753,1233.921753,0,1,Reliance Industries,RELIANCE.NS,Stock,Energy,https://1drv.ms/i/c/8705623eb284e7df/IQQIhC7Payu-Qb9ArC3GO2_qAfM1tlq1yoox2n-A9v8Xft4?width=600&height=338
19-03-2025,1242.188843,1248.264553,1233.872084,1236.113133,16162399,1,Reliance Industries,RELIANCE.NS,Stock,Energy,https://1drv.ms/i/c/8705623eb284e7df/IQQIhC7Payu-Qb9ArC3GO2_qAfM1tlq1yoox2n-A9v8Xft4?width=600&height=338
20-03-2025,1264.101318,1267.935979,1245.077323,1246.870089,15971477,1,Reliance Industries,RELIANCE.NS,Stock,Energy,https://1drv.ms/i/c/8705623eb284e7df/IQQIhC7Payu-Qb9ArC3GO2_qAfM1tlq1yoox2n-A9v8Xft4?width=600&height=338
21-03-2025,1271.272583,1275.904109,1265.047446,1269.927978,21780769,1,Reliance Industries,RELIANCE.NS,Stock,Energy,https://1drv.ms/i/c/8705623eb284e7df/IQQIhC7Payu-Qb9ArC3GO2_qAfM1tlq1yoox2n-A9v8Xft4?width=600&height=338
24-03-2025,1296.920166,1300.804676,1279.141198,1285.864347,20299319,1,Reliance Industries,RELIANCE.NS,Stock,Energy,https://1drv.ms/i/c/8705623eb284e7df/IQQIhC7Payu-Qb9ArC3GO2_qAfM1tlq1yoox2n-A9v8Xft4?width=600&height=338
25-03-2025,1280.336426,1302.497915,1277.497787,1302.497915,13713899,1,Reliance Industries,RELIANCE.NS,Stock,Energy,https://1drv.ms/i/c/8705623eb284e7df/IQQIhC7Payu-Qb9ArC3GO2_qAfM1tlq1yoox2n-A9v8Xft4?width=600&height=338
26-03-2025,1267.98584,1288.653296,1263.702897,1285.864386,12074747,1,Reliance Industries,RELIANCE.NS,Stock,Energy,https://1drv.ms/i/c/8705623eb284e7df/IQQIhC7Payu-Qb9ArC3GO2_qAfM1tlq1yoox2n-A9v8Xft4?width=600&height=338
27-03-2025,1273.115234,1279.888232,1266.24278,1273.065506,15028056,1,Reliance Industries,RELIANCE.NS,Stock,Energy,https://1drv.ms/i/c/8705623eb284e7df/IQQIhC7Payu-Qb9ArC3GO2_qAfM1tlq1yoox2n-A9v8Xft4?width=600&height=338
28-03-2025,1270.027588,1290.595466,1263.951878,1274.90812,18147129,1,Reliance Industries,RELIANCE.NS,Stock,Energy,https://1drv.ms/i/c/8705623eb284e7df/IQQIhC7Payu-Qb9ArC3GO2_qAfM1tlq1yoox2n-A9v8Xft4?width=600&height=338
01-04-2025,1247.617065,1272.816469,1244.330266,1259.569329,12099648,1,Reliance Industries,RELIANCE.NS,Stock,Energy,https://1drv.ms/i/c/8705623eb284e7df/IQQIhC7Payu-Qb9ArC3GO2_qAfM1tlq1yoox2n-A9v8Xft4?width=600&height=338
02-04-2025,1246.172974,1250.555495,1238.951814,1242.587319,10142590,1,Reliance Industries,RELIANCE.NS,Stock,Energy,https://1drv.ms/i/c/8705623eb284e7df/IQQIhC7Payu-Qb9ArC3GO2_qAfM1tlq1yoox2n-A9v8Xft4?width=600&height=338
03-04-2025,1243.732666,1246.820432,1228.145018,1228.145018,7434366,1,Reliance Industries,RELIANCE.NS,Stock,Energy,https://1drv.ms/i/c/8705623eb284e7df/IQQIhC7Payu-Qb9ArC3GO2_qAfM1tlq1yoox2n-A9v8Xft4?width=600&height=338
04-04-2025,1199.907593,1240.495487,1188.403612,1236.162816,17908652,1,Reliance Industries,RELIANCE.NS,Stock,Energy,https://1drv.ms/i/c/8705623eb284e7df/IQQIhC7Payu-Qb9ArC3GO2_qAfM1tlq1yoox2n-A9v8Xft4?width=600&height=338
07-04-2025,1161.062744,1166.590715,1110.415052,1127.696009,22156106,1,Reliance Industries,RELIANCE.NS,Stock,Energy,https://1drv.ms/i/c/8705623eb284e7df/IQQIhC7Payu-Qb9ArC3GO2_qAfM1tlq1yoox2n-A9v8Xft4?width=600&height=338
08-04-2025,1177.497192,1191.839934,1158.672473,1167.337816,19555040,1,Reliance Industries,RELIANCE.NS,Stock,Energy,https://1drv.ms/i/c/8705623eb284e7df/IQQIhC7Payu-Qb9ArC3GO2_qAfM1tlq1yoox2n-A9v8Xft4?width=600&height=338
09-04-2025,1180.634644,1185.067014,1163.353686,1164.847719,10223104,1,Reliance Industries,RELIANCE.NS,Stock,Energy,https://1drv.ms/i/c/8705623eb284e7df/IQQIhC7Payu-Qb9ArC3GO2_qAfM1tlq1yoox2n-A9v8Xft4?width=600&height=338
11-04-2025,1214.100952,1217.786306,1190.395702,1190.395702,11224242,1,Reliance Industries,RELIANCE.NS,Stock,Energy,https://1drv.ms/i/c/8705623eb284e7df/IQQIhC7Payu-Qb9ArC3GO2_qAfM1tlq1yoox2n-A9v8Xft4?width=600&height=338
15-04-2025,1235.16687,1246.023534,1232.178804,1246.023534,13378535,1,Reliance Industries,RELIANCE.NS,Stock,Energy,https://1drv.ms/i/c/8705623eb284e7df/IQQIhC7Payu-Qb9ArC3GO2_qAfM1tlq1yoox2n-A9v8Xft4?width=600&height=338
16-04-2025,1234.370117,1235.963728,1224.111042,1229.19073,8248464,1,Reliance Industries,RELIANCE.NS,Stock,Energy,https://1drv.ms/i/c/8705623eb284e7df/IQQIhC7Payu-Qb9ArC3GO2_qAfM1tlq1yoox2n-A9v8Xft4?width=600&height=338
17-04-2025,1269.430054,1275.107331,1222.716597,1235.26645,15398401,1,Reliance Industries,RELIANCE.NS,Stock,Energy,https://1drv.ms/i/c/8705623eb284e7df/IQQIhC7Payu-Qb9ArC3GO2_qAfM1tlq1yoox2n-A9v8Xft4?width=600&height=338
21-04-2025,1290.346436,1295.724978,1261.95981,1264.947876,10429964,1,Reliance Industries,RELIANCE.NS,Stock,Energy,https://1drv.ms/i/c/8705623eb284e7df/IQQIhC7Payu-Qb9ArC3GO2_qAfM1tlq1yoox2n-A9v8Xft4?width=600&height=338
22-04-2025,1286.063599,1298.713151,1281.183188,1294.828641,13051707,1,Reliance Industries,RELIANCE.NS,Stock,Energy,https://1drv.ms/i/c/8705623eb284e7df/IQQIhC7Payu-Qb9ArC3GO2_qAfM1tlq1yoox2n-A9v8Xft4?width=600&height=338
23-04-2025,1294.828613,1300.804745,1280.286716,1291.840547,10480888,1,Reliance Industries,RELIANCE.NS,Stock,Energy,https://1drv.ms/i/c/8705623eb284e7df/IQQIhC7Payu-Qb9ArC3GO2_qAfM1tlq1yoox2n-A9v8Xft4?width=600&height=338
24-04-2025,1296.422241,1299.310729,1285.167265,1287.258887,10468940,1,Reliance Industries,RELIANCE.NS,Stock,Energy,https://1drv.ms/i/c/8705623eb284e7df/IQQIhC7Payu-Qb9ArC3GO2_qAfM1tlq1yoox2n-A9v8Xft4?width=600&height=338
25-04-2025,1295.227051,1319.928324,1282.975931,1298.314695,14431012,1,Reliance Industries,RELIANCE.NS,Stock,Energy,https://1drv.ms/i/c/8705623eb284e7df/IQQIhC7Payu-Qb9ArC3GO2_qAfM1tlq1yoox2n-A9v8Xft4?width=600&height=338
28-04-2025,1363.35498,1369.131835,1314.948213,1334.669498,31104496,1,Reliance Industries,RELIANCE.NS,Stock,Energy,https://1drv.ms/i/c/8705623eb284e7df/IQQIhC7Payu-Qb9ArC3GO2_qAfM1tlq1yoox2n-A9v8Xft4?width=600&height=338
29-04-2025,1394.131958,1405.287477,1364.550153,1365.546175,32538970,1,Reliance Industries,RELIANCE.NS,Stock,Energy,https://1drv.ms/i/c/8705623eb284e7df/IQQIhC7Payu-Qb9ArC3GO2_qAfM1tlq1yoox2n-A9v8Xft4?width=600&height=338
30-04-2025,1399.410889,1406.781476,1363.554097,1396.422823,25480745,1,Reliance Industries,RELIANCE.NS,Stock,Energy,https://1drv.ms/i/c/8705623eb284e7df/IQQIhC7Payu-Qb9ArC3GO2_qAfM1tlq1yoox2n-A9v8Xft4?width=600&height=338
02-05-2025,1414.1521,1421.024554,1403.494591,1408.375123,13007841,1,Reliance Industries,RELIANCE.NS,Stock,Energy,https://1drv.ms/i/c/8705623eb284e7df/IQQIhC7Payu-Qb9ArC3GO2_qAfM1tlq1yoox2n-A9v8Xft4?width=600&height=338
05-05-2025,1425.606323,1433.773655,1421.223802,1425.307468,12685649,1,Reliance Industries,RELIANCE.NS,Stock,Energy,https://1drv.ms/i/c/8705623eb284e7df/IQQIhC7Payu-Qb9ArC3GO2_qAfM1tlq1yoox2n-A9v8Xft4?width=600&height=338
06-05-2025,1415.247681,1426.303501,1404.988605,1425.307479,14084117,1,Reliance Industries,RELIANCE.NS,Stock,Energy,https://1drv.ms/i/c/8705623eb284e7df/IQQIhC7Payu-Qb9ArC3GO2_qAfM1tlq1yoox2n-A9v8Xft4?width=600&height=338
07-05-2025,1400.40686,1418.733689,1397.119939,1415.247612,13440169,1,Reliance Industries,RELIANCE.NS,Stock,Energy,https://1drv.ms/i/c/8705623eb284e7df/IQQIhC7Payu-Qb9ArC3GO2_qAfM1tlq1yoox2n-A9v8Xft4?width=600&height=338
08-05-2025,1401.402954,1415.148106,1392.438756,1398.514466,16106175,1,Reliance Industries,RELIANCE.NS,Stock,Energy,https://1drv.ms/i/c/8705623eb284e7df/IQQIhC7Payu-Qb9ArC3GO2_qAfM1tlq1yoox2n-A9v8Xft4?width=600&height=338
09-05-2025,1371.721436,1389.25152,1369.032225,1379.988467,13668904,1,Reliance Industries,RELIANCE.NS,Stock,Energy,https://1drv.ms/i/c/8705623eb284e7df/IQQIhC7Payu-Qb9ArC3GO2_qAfM1tlq1yoox2n-A9v8Xft4?width=600&height=338
12-05-2025,1430.785522,1433.275577,1394.430722,1394.430722,10674081,1,Reliance Industries,RELIANCE.NS,Stock,Energy,https://1drv.ms/i/c/8705623eb284e7df/IQQIhC7Payu-Qb9ArC3GO2_qAfM1tlq1yoox2n-A9v8Xft4?width=600&height=338
13-05-2025,1410.068237,1441.94094,1406.781438,1427.797477,11407896,1,Reliance Industries,RELIANCE.NS,Stock,Energy,https://1drv.ms/i/c/8705623eb284e7df/IQQIhC7Payu-Qb9ArC3GO2_qAfM1tlq1yoox2n-A9v8Xft4?width=600&height=338
14-05-2025,1418.733765,1424.211886,1409.869145,1414.351244,5570160,1,Reliance Industries,RELIANCE.NS,Stock,Energy,https://1drv.ms/i/c/8705623eb284e7df/IQQIhC7Payu-Qb9ArC3GO2_qAfM1tlq1yoox2n-A9v8Xft4?width=600&height=338
15-05-2025,1448.415161,1455.586593,1407.080248,1419.331367,20177211,1,Reliance Industries,RELIANCE.NS,Stock,Energy,https://1drv.ms/i/c/8705623eb284e7df/IQQIhC7Payu-Qb9ArC3GO2_qAfM1tlq1yoox2n-A9v8Xft4?width=600&height=338
16-05-2025,1450.606445,1455.188122,1441.54267,1447.419102,9036695,1,Reliance Industries,RELIANCE.NS,Stock,Energy,https://1drv.ms/i/c/8705623eb284e7df/IQQIhC7Payu-Qb9ArC3GO2_qAfM1tlq1yoox2n-A9v8Xft4?width=600&height=338
19-05-2025,1435.068481,1448.813511,1432.478727,1446.323457,6195791,1,Reliance Industries,RELIANCE.NS,Stock,Energy,https://1drv.ms/i/c/8705623eb284e7df/IQQIhC7Payu-Qb9ArC3GO2_qAfM1tlq1yoox2n-A9v8Xft4?width=600&height=338
20-05-2025,1418.932861,1439.251734,1416.144073,1432.478736,11270560,1,Reliance Industries,RELIANCE.NS,Stock,Energy,https://1drv.ms/i/c/8705623eb284e7df/IQQIhC7Payu-Qb9ArC3GO2_qAfM1tlq1yoox2n-A9v8Xft4?width=600&height=338
21-05-2025,1423.514526,1430.48668,1412.458707,1418.235683,6136364,1,Reliance Industries,RELIANCE.NS,Stock,Energy,https://1drv.ms/i/c/8705623eb284e7df/IQQIhC7Payu-Qb9ArC3GO2_qAfM1tlq1yoox2n-A9v8Xft4?width=600&height=338
22-05-2025,1403.793457,1418.136198,1391.343182,1415.546444,12134466,1,Reliance Industries,RELIANCE.NS,Stock,Energy,https://1drv.ms/i/c/8705623eb284e7df/IQQIhC7Payu-Qb9ArC3GO2_qAfM1tlq1yoox2n-A9v8Xft4?width=600&height=338
23-05-2025,1421.124268,1428.096422,1401.00455,1401.00455,6474883,1,Reliance Industries,RELIANCE.NS,Stock,Energy,https://1drv.ms/i/c/8705623eb284e7df/IQQIhC7Payu-Qb9ArC3GO2_qAfM1tlq1yoox2n-A9v8Xft4?width=600&height=338
26-05-2025,1429.092407,1435.267695,1419.430921,1426.303497,4842944,1,Reliance Industries,RELIANCE.NS,Stock,Energy,https://1drv.ms/i/c/8705623eb284e7df/IQQIhC7Payu-Qb9ArC3GO2_qAfM1tlq1yoox2n-A9v8Xft4?width=600&height=338
27-05-2025,1416.442871,1431.283623,1408.275539,1420.426959,12640414,1,Reliance Industries,RELIANCE.NS,Stock,Energy,https://1drv.ms/i/c/8705623eb284e7df/IQQIhC7Payu-Qb9ArC3GO2_qAfM1tlq1yoox2n-A9v8Xft4?width=600&height=338
28-05-2025,1407.279541,1416.940906,1405.08822,1414.450851,5944611,1,Reliance Industries,RELIANCE.NS,Stock,Energy,https://1drv.ms/i/c/8705623eb284e7df/IQQIhC7Payu-Qb9ArC3GO2_qAfM1tlq1yoox2n-A9v8Xft4?width=600&height=338
29-05-2025,1412.160034,1414.351234,1402.996559,1406.482636,13771917,1,Reliance Industries,RELIANCE.NS,Stock,Energy,https://1drv.ms/i/c/8705623eb284e7df/IQQIhC7Payu-Qb9ArC3GO2_qAfM1tlq1yoox2n-A9v8Xft4?width=600&height=338
30-05-2025,1415.247681,1424.909045,1404.092161,1412.359193,13788484,1,Reliance Industries,RELIANCE.NS,Stock,Energy,https://1drv.ms/i/c/8705623eb284e7df/IQQIhC7Payu-Qb9ArC3GO2_qAfM1tlq1yoox2n-A9v8Xft4?width=600&height=338
02-06-2025,1408.076294,1411.861226,1390.04832,1406.482683,8098668,1,Reliance Industries,RELIANCE.NS,Stock,Energy,https://1drv.ms/i/c/8705623eb284e7df/IQQIhC7Payu-Qb9ArC3GO2_qAfM1tlq1yoox2n-A9v8Xft4?width=600&height=338
03-06-2025,1399.908936,1420.825398,1397.817314,1416.642154,11252626,1,Reliance Industries,RELIANCE.NS,Stock,Energy,https://1drv.ms/i/c/8705623eb284e7df/IQQIhC7Payu-Qb9ArC3GO2_qAfM1tlq1yoox2n-A9v8Xft4?width=600&height=338
04-06-2025,1417.83728,1420.02848,1400.506474,1409.072238,8126827,1,Reliance Industries,RELIANCE.NS,Stock,Energy,https://1drv.ms/i/c/8705623eb284e7df/IQQIhC7Payu-Qb9ArC3GO2_qAfM1tlq1yoox2n-A9v8Xft4?width=600&height=338
05-06-2025,1436.662109,1448.913107,1417.936848,1422.319369,13716817,1,Reliance Industries,RELIANCE.NS,Stock,Energy,https://1drv.ms/i/c/8705623eb284e7df/IQQIhC7Payu-Qb9ArC3GO2_qAfM1tlq1yoox2n-A9v8Xft4?width=600&height=338
06-06-2025,1437.75769,1445.725866,1431.283548,1435.267636,8182161,1,Reliance Industries,RELIANCE.NS,Stock,Energy,https://1drv.ms/i/c/8705623eb284e7df/IQQIhC7Payu-Qb9ArC3GO2_qAfM1tlq1yoox2n-A9v8Xft4?width=600&height=338
09-06-2025,1443.036743,1451.702086,1439.550666,1451.204075,7885125,1,Reliance Industries,RELIANCE.NS,Stock,Energy,https://1drv.ms/i/c/8705623eb284e7df/IQQIhC7Payu-Qb9ArC3GO2_qAfM1tlq1yoox2n-A9v8Xft4?width=600&height=338
10-06-2025,1432.777588,1448.11635,1430.287533,1444.23184,7913181,1,Reliance Industries,RELIANCE.NS,Stock,Energy,https://1drv.ms/i/c/8705623eb284e7df/IQQIhC7Payu-Qb9ArC3GO2_qAfM1tlq1yoox2n-A9v8Xft4?width=600&height=338
11-06-2025,1443.13623,1462.757814,1437.359255,1440.048587,8195700,1,Reliance Industries,RELIANCE.NS,Stock,Energy,https://1drv.ms/i/c/8705623eb284e7df/IQQIhC7Payu-Qb9ArC3GO2_qAfM1tlq1yoox2n-A9v8Xft4?width=600&height=338
12-06-2025,1435.865234,1451.203997,1428.693925,1447.71792,8828114,1,Reliance Industries,RELIANCE.NS,Stock,Energy,https://1drv.ms/i/c/8705623eb284e7df/IQQIhC7Payu-Qb9ArC3GO2_qAfM1tlq1yoox2n-A9v8Xft4?width=600&height=338
13-06-2025,1422.219849,1429.789592,1408.673974,1418.335338,9757276,1,Reliance Industries,RELIANCE.NS,Stock,Energy,https://1drv.ms/i/c/8705623eb284e7df/IQQIhC7Payu-Qb9ArC3GO2_qAfM1tlq1yoox2n-A9v8Xft4?width=600&height=338
16-06-2025,1432.080444,1436.662121,1418.733726,1421.22378,8458093,1,Reliance Industries,RELIANCE.NS,Stock,Energy,https://1drv.ms/i/c/8705623eb284e7df/IQQIhC7Payu-Qb9ArC3GO2_qAfM1tlq1yoox2n-A9v8Xft4?width=600&height=338
17-06-2025,1425.506592,1442.239809,1420.12817,1442.239809,10366599,1,Reliance Industries,RELIANCE.NS,Stock,Energy,https://1drv.ms/i/c/8705623eb284e7df/IQQIhC7Payu-Qb9ArC3GO2_qAfM1tlq1yoox2n-A9v8Xft4?width=600&height=338
18-06-2025,1424.411011,1437.060563,1420.02849,1424.311433,6681735,1,Reliance Industries,RELIANCE.NS,Stock,Energy,https://1drv.ms/i/c/8705623eb284e7df/IQQIhC7Payu-Qb9ArC3GO2_qAfM1tlq1yoox2n-A9v8Xft4?width=600&height=338
19-06-2025,1427.598389,1434.17211,1420.028524,1424.411045,10007230,1,Reliance Industries,RELIANCE.NS,Stock,Energy,https://1drv.ms/i/c/8705623eb284e7df/IQQIhC7Payu-Qb9ArC3GO2_qAfM1tlq1yoox2n-A9v8Xft4?width=600&height=338
20-06-2025,1460.367432,1465.148386,1422.419017,1425.307505,29010635,1,Reliance Industries,RELIANCE.NS,Stock,Energy,https://1drv.ms/i/c/8705623eb284e7df/IQQIhC7Payu-Qb9ArC3GO2_qAfM1tlq1yoox2n-A9v8Xft4?width=600&height=338
23-06-2025,1451.004883,1457.977037,1436.263709,1447.219951,5989078,1,Reliance Industries,RELIANCE.NS,Stock,Energy,https://1drv.ms/i/c/8705623eb284e7df/IQQIhC7Payu-Qb9ArC3GO2_qAfM1tlq1yoox2n-A9v8Xft4?width=600&height=338
24-06-2025,1445.028687,1469.132369,1437.359245,1459.17215,16402744,1,Reliance Industries,RELIANCE.NS,Stock,Energy,https://1drv.ms/i/c/8705623eb284e7df/IQQIhC7Payu-Qb9ArC3GO2_qAfM1tlq1yoox2n-A9v8Xft4?width=600&height=338
25-06-2025,1461.463135,1466.542823,1454.690137,1458.176214,7525851,1,Reliance Industries,RELIANCE.NS,Stock,Energy,https://1drv.ms/i/c/8705623eb284e7df/IQQIhC7Payu-Qb9ArC3GO2_qAfM1tlq1yoox2n-A9v8Xft4?width=600&height=338
26-06-2025,1489.351685,1492.837761,1459.271748,1463.255836,14657893,1,Reliance Industries,RELIANCE.NS,Stock,Energy,https://1drv.ms/i/c/8705623eb284e7df/IQQIhC7Payu-Qb9ArC3GO2_qAfM1tlq1yoox2n-A9v8Xft4?width=600&height=338
27-06-2025,1509.371704,1515.945425,1490.945298,1493.435353,11117052,1,Reliance Industries,RELIANCE.NS,Stock,Energy,https://1drv.ms/i/c/8705623eb284e7df/IQQIhC7Payu-Qb9ArC3GO2_qAfM1tlq1yoox2n-A9v8Xft4?width=600&height=338
30-06-2025,1494.630615,1518.734421,1490.048938,1507.778179,8409527,1,Reliance Industries,RELIANCE.NS,Stock,Energy,https://1drv.ms/i/c/8705623eb284e7df/IQQIhC7Payu-Qb9ArC3GO2_qAfM1tlq1yoox2n-A9v8Xft4?width=600&height=338
01-07-2025,1522.320068,1525.308134,1494.132597,1494.630608,10368523,1,Reliance Industries,RELIANCE.NS,Stock,Energy,https://1drv.ms/i/c/8705623eb284e7df/IQQIhC7Payu-Qb9ArC3GO2_qAfM1tlq1yoox2n-A9v8Xft4?width=600&height=338
02-07-2025,1512.758301,1523.913699,1502.698381,1522.320088,6361002,1,Reliance Industries,RELIANCE.NS,Stock,Energy,https://1drv.ms/i/c/8705623eb284e7df/IQQIhC7Payu-Qb9ArC3GO2_qAfM1tlq1yoox2n-A9v8Xft4?width=600&height=338
03-07-2025,1511.762207,1525.806093,1506.981253,1514.750273,11283291,1,Reliance Industries,RELIANCE.NS,Stock,Energy,https://1drv.ms/i/c/8705623eb284e7df/IQQIhC7Payu-Qb9ArC3GO2_qAfM1tlq1yoox2n-A9v8Xft4?width=600&height=338
04-07-2025,1521.224487,1523.913698,1511.164568,1517.937566,6603501,1,Reliance Industries,RELIANCE.NS,Stock,Energy,https://1drv.ms/i/c/8705623eb284e7df/IQQIhC7Payu-Qb9ArC3GO2_qAfM1tlq1yoox2n-A9v8Xft4?width=600&height=338
07-07-2025,1535.36792,1538.654841,1518.933557,1520.527168,7251074,1,Reliance Industries,RELIANCE.NS,Stock,Energy,https://1drv.ms/i/c/8705623eb284e7df/IQQIhC7Payu-Qb9ArC3GO2_qAfM1tlq1yoox2n-A9v8Xft4?width=600&height=338
08-07-2025,1531.483398,1538.754408,1524.112811,1529.889788,7171261,1,Reliance Industries,RELIANCE.NS,Stock,Energy,https://1drv.ms/i/c/8705623eb284e7df/IQQIhC7Payu-Qb9ArC3GO2_qAfM1tlq1yoox2n-A9v8Xft4?width=600&height=338
09-07-2025,1512.957397,1544.830101,1504.092777,1530.586938,8870660,1,Reliance Industries,RELIANCE.NS,Stock,Energy,https://1drv.ms/i/c/8705623eb284e7df/IQQIhC7Payu-Qb9ArC3GO2_qAfM1tlq1yoox2n-A9v8Xft4?width=600&height=338
10-07-2025,1511.164551,1518.634716,1501.503186,1513.654606,10047129,1,Reliance Industries,RELIANCE.NS,Stock,Energy,https://1drv.ms/i/c/8705623eb284e7df/IQQIhC7Payu-Qb9ArC3GO2_qAfM1tlq1yoox2n-A9v8Xft4?width=600&height=338
11-07-2025,1489.252075,1508.97336,1484.371665,1505.985294,7234991,1,Reliance Industries,RELIANCE.NS,Stock,Energy,https://1drv.ms/i/c/8705623eb284e7df/IQQIhC7Payu-Qb9ArC3GO2_qAfM1tlq1yoox2n-A9v8Xft4?width=600&height=338
14-07-2025,1477.797729,1494.032936,1473.216053,1486.263916,10311846,1,Reliance Industries,RELIANCE.NS,Stock,Energy,https://1drv.ms/i/c/8705623eb284e7df/IQQIhC7Payu-Qb9ArC3GO2_qAfM1tlq1yoox2n-A9v8Xft4?width=600&height=338
15-07-2025,1479.491089,1490.546909,1476.503023,1480.287834,8132454,1,Reliance Industries,RELIANCE.NS,Stock,Energy,https://1drv.ms/i/c/8705623eb284e7df/IQQIhC7Payu-Qb9ArC3GO2_qAfM1tlq1yoox2n-A9v8Xft4?width=600&height=338
16-07-2025,1479.690186,1485.068728,1465.6463,1467.140333,10409983,1,Reliance Industries,RELIANCE.NS,Stock,Energy,https://1drv.ms/i/c/8705623eb284e7df/IQQIhC7Payu-Qb9ArC3GO2_qAfM1tlq1yoox2n-A9v8Xft4?width=600&height=338
17-07-2025,1470.526855,1483.674297,1468.036801,1481.483097,11854613,1,Reliance Industries,RELIANCE.NS,Stock,Energy,https://1drv.ms/i/c/8705623eb284e7df/IQQIhC7Payu-Qb9ArC3GO2_qAfM1tlq1yoox2n-A9v8Xft4?width=600&height=338
18-07-2025,1470.128418,1478.89346,1463.255842,1478.89346,10296318,1,Reliance Industries,RELIANCE.NS,Stock,Energy,https://1drv.ms/i/c/8705623eb284e7df/IQQIhC7Payu-Qb9ArC3GO2_qAfM1tlq1yoox2n-A9v8Xft4?width=600&height=338
21-07-2025,1422.916992,1470.128459,1417.438871,1459.172217,22442744,1,Reliance Industries,RELIANCE.NS,Stock,Energy,https://1drv.ms/i/c/8705623eb284e7df/IQQIhC7Payu-Qb9ArC3GO2_qAfM1tlq1yoox2n-A9v8Xft4?width=600&height=338
22-07-2025,1407.179932,1426.203928,1405.088188,1421.721829,20396320,1,Reliance Industries,RELIANCE.NS,Stock,Energy,https://1drv.ms/i/c/8705623eb284e7df/IQQIhC7Payu-Qb9ArC3GO2_qAfM1tlq1yoox2n-A9v8Xft4?width=600&height=338
23-07-2025,1418.932861,1420.327316,1408.773486,1420.327316,8354596,1,Reliance Industries,RELIANCE.NS,Stock,Energy,https://1drv.ms/i/c/8705623eb284e7df/IQQIhC7Payu-Qb9ArC3GO2_qAfM1tlq1yoox2n-A9v8Xft4?width=600&height=338
24-07-2025,1397.319214,1417.339231,1390.446638,1413.554299,14740507,1,Reliance Industries,RELIANCE.NS,Stock,Energy,https://1drv.ms/i/c/8705623eb284e7df/IQQIhC7Payu-Qb9ArC3GO2_qAfM1tlq1yoox2n-A9v8Xft4?width=600&height=338
25-07-2025,1386.163696,1395.426749,1378.593954,1393.335127,11854722,1,Reliance Industries,RELIANCE.NS,Stock,Energy,https://1drv.ms/i/c/8705623eb284e7df/IQQIhC7Payu-Qb9ArC3GO2_qAfM1tlq1yoox2n-A9v8Xft4?width=600&height=338
28-07-2025,1382.080078,1402.199795,1379.490445,1386.761454,7748361,1,Reliance Industries,RELIANCE.NS,Stock,Energy,https://1drv.ms/i/c/8705623eb284e7df/IQQIhC7Payu-Qb9ArC3GO2_qAfM1tlq1yoox2n-A9v8Xft4?width=600&height=338
29-07-2025,1411.462769,1414.550412,1377.498442,1377.498442,10750072,1,Reliance Industries,RELIANCE.NS,Stock,Energy,https://1drv.ms/i/c/8705623eb284e7df/IQQIhC7Payu-Qb9ArC3GO2_qAfM1tlq1yoox2n-A9v8Xft4?width=600&height=338
30-07-2025,1404.490601,1417.638164,1395.72568,1412.458777,7209849,1,Reliance Industries,RELIANCE.NS,Stock,Energy,https://1drv.ms/i/c/8705623eb284e7df/IQQIhC7Payu-Qb9ArC3GO2_qAfM1tlq1yoox2n-A9v8Xft4?width=600&height=338
31-07-2025,1384.669678,1397.020374,1376.701502,1382.578056,17065827,1,Reliance Industries,RELIANCE.NS,Stock,Energy,https://1drv.ms/i/c/8705623eb284e7df/IQQIhC7Payu-Qb9ArC3GO2_qAfM1tlq1yoox2n-A9v8Xft4?width=600&height=338
01-08-2025,1388.155762,1400.307303,1378.793253,1381.382885,10321171,1,Reliance Industries,RELIANCE.NS,Stock,Energy,https://1drv.ms/i/c/8705623eb284e7df/IQQIhC7Payu-Qb9ArC3GO2_qAfM1tlq1yoox2n-A9v8Xft4?width=600&height=338
04-08-2025,1405.88501,1410.466687,1386.163726,1389.550225,6312820,1,Reliance Industries,RELIANCE.NS,Stock,Energy,https://1drv.ms/i/c/8705623eb284e7df/IQQIhC7Payu-Qb9ArC3GO2_qAfM1tlq1yoox2n-A9v8Xft4?width=600&height=338
05-08-2025,1386.163696,1405.386969,1382.578042,1405.386969,9315972,1,Reliance Industries,RELIANCE.NS,Stock,Energy,https://1drv.ms/i/c/8705623eb284e7df/IQQIhC7Payu-Qb9ArC3GO2_qAfM1tlq1yoox2n-A9v8Xft4?width=600&height=338
06-08-2025,1387.259521,1390.347165,1377.797312,1386.363077,5834312,1,Reliance Industries,RELIANCE.NS,Stock,Energy,https://1drv.ms/i/c/8705623eb284e7df/IQQIhC7Payu-Qb9ArC3GO2_qAfM1tlq1yoox2n-A9v8Xft4?width=600&height=338
07-08-2025,1383.872925,1388.155746,1360.565987,1382.179615,9976705,1,Reliance Industries,RELIANCE.NS,Stock,Energy,https://1drv.ms/i/c/8705623eb284e7df/IQQIhC7Payu-Qb9ArC3GO2_qAfM1tlq1yoox2n-A9v8Xft4?width=600&height=338
08-08-2025,1362.358887,1391.641835,1359.569977,1379.490416,8793606,1,Reliance Industries,RELIANCE.NS,Stock,Energy,https://1drv.ms/i/c/8705623eb284e7df/IQQIhC7Payu-Qb9ArC3GO2_qAfM1tlq1yoox2n-A9v8Xft4?width=600&height=338
11-08-2025,1380.685669,1382.478557,1355.785119,1364.550161,9997486,1,Reliance Industries,RELIANCE.NS,Stock,Energy,https://1drv.ms/i/c/8705623eb284e7df/IQQIhC7Payu-Qb9ArC3GO2_qAfM1tlq1yoox2n-A9v8Xft4?width=600&height=338
12-08-2025,1374.908813,1396.323287,1369.729426,1376.402846,12244664,1,Reliance Industries,RELIANCE.NS,Stock,Energy,https://1drv.ms/i/c/8705623eb284e7df/IQQIhC7Payu-Qb9ArC3GO2_qAfM1tlq1yoox2n-A9v8Xft4?width=600&height=338
13-08-2025,1377.099976,1386.263451,1372.020288,1382.478519,7457021,1,Reliance Industries,RELIANCE.NS,Stock,Energy,https://1drv.ms/i/c/8705623eb284e7df/IQQIhC7Payu-Qb9ArC3GO2_qAfM1tlq1yoox2n-A9v8Xft4?width=600&height=338
14-08-2025,1373.800049,1380.699951,1370.099976,1377.300049,7126128,1,Reliance Industries,RELIANCE.NS,Stock,Energy,https://1drv.ms/i/c/8705623eb284e7df/IQQIhC7Payu-Qb9ArC3GO2_qAfM1tlq1yoox2n-A9v8Xft4?width=600&height=338
18-08-2025,1381.699951,1394.900024,1377,1390,11785109,1,Reliance Industries,RELIANCE.NS,Stock,Energy,https://1drv.ms/i/c/8705623eb284e7df/IQQIhC7Payu-Qb9ArC3GO2_qAfM1tlq1yoox2n-A9v8Xft4?width=600&height=338
19-08-2025,1420.099976,1421,1389.099976,1390,14384719,1,Reliance Industries,RELIANCE.NS,Stock,Energy,https://1drv.ms/i/c/8705623eb284e7df/IQQIhC7Payu-Qb9ArC3GO2_qAfM1tlq1yoox2n-A9v8Xft4?width=600&height=338
20-08-2025,1413,1424.900024,1410,1413,8725641,1,Reliance Industries,RELIANCE.NS,Stock,Energy,https://1drv.ms/i/c/8705623eb284e7df/IQQIhC7Payu-Qb9ArC3GO2_qAfM1tlq1yoox2n-A9v8Xft4?width=600&height=338
21-08-2025,1424.800049,1431.900024,1420.300049,1425,11021323,1,Reliance Industries,RELIANCE.NS,Stock,Energy,https://1drv.ms/i/c/8705623eb284e7df/IQQIhC7Payu-Qb9ArC3GO2_qAfM1tlq1yoox2n-A9v8Xft4?width=600&height=338
22-08-2025,1409.199951,1423.400024,1407.900024,1420,5818868,1,Reliance Industries,RELIANCE.NS,Stock,Energy,https://1drv.ms/i/c/8705623eb284e7df/IQQIhC7Payu-Qb9ArC3GO2_qAfM1tlq1yoox2n-A9v8Xft4?width=600&height=338
25-08-2025,1412.599976,1419.5,1405.699951,1414.699951,5979407,1,Reliance Industries,RELIANCE.NS,Stock,Energy,https://1drv.ms/i/c/8705623eb284e7df/IQQIhC7Payu-Qb9ArC3GO2_qAfM1tlq1yoox2n-A9v8Xft4?width=600&height=338
26-08-2025,1384.900024,1410,1381.599976,1408,12145259,1,Reliance Industries,RELIANCE.NS,Stock,Energy,https://1drv.ms/i/c/8705623eb284e7df/IQQIhC7Payu-Qb9ArC3GO2_qAfM1tlq1yoox2n-A9v8Xft4?width=600&height=338
28-08-2025,1385.900024,1392.199951,1366.5,1389.900024,13161813,1,Reliance Industries,RELIANCE.NS,Stock,Energy,https://1drv.ms/i/c/8705623eb284e7df/IQQIhC7Payu-Qb9ArC3GO2_qAfM1tlq1yoox2n-A9v8Xft4?width=600&height=338
29-08-2025,1357.199951,1403.5,1350,1381.099976,18758842,1,Reliance Industries,RELIANCE.NS,Stock,Energy,https://1drv.ms/i/c/8705623eb284e7df/IQQIhC7Payu-Qb9ArC3GO2_qAfM1tlq1yoox2n-A9v8Xft4?width=600&height=338
01-09-2025,1353.900024,1363.199951,1340.599976,1356,11232238,1,Reliance Industries,RELIANCE.NS,Stock,Energy,https://1drv.ms/i/c/8705623eb284e7df/IQQIhC7Payu-Qb9ArC3GO2_qAfM1tlq1yoox2n-A9v8Xft4?width=600&height=338
02-09-2025,1366.5,1384.5,1354.5,1354.800049,11517006,1,Reliance Industries,RELIANCE.NS,Stock,Energy,https://1drv.ms/i/c/8705623eb284e7df/IQQIhC7Payu-Qb9ArC3GO2_qAfM1tlq1yoox2n-A9v8Xft4?width=600&height=338
03-09-2025,1372.599976,1376.5,1360.5,1369.699951,7847563,1,Reliance Industries,RELIANCE.NS,Stock,Energy,https://1drv.ms/i/c/8705623eb284e7df/IQQIhC7Payu-Qb9ArC3GO2_qAfM1tlq1yoox2n-A9v8Xft4?width=600&height=338
04-09-2025,1359.300049,1374,1357.099976,1371.800049,13223177,1,Reliance Industries,RELIANCE.NS,Stock,Energy,https://1drv.ms/i/c/8705623eb284e7df/IQQIhC7Payu-Qb9ArC3GO2_qAfM1tlq1yoox2n-A9v8Xft4?width=600&height=338
05-09-2025,1375,1381,1359.300049,1363,5777575,1,Reliance Industries,RELIANCE.NS,Stock,Energy,https://1drv.ms/i/c/8705623eb284e7df/IQQIhC7Payu-Qb9ArC3GO2_qAfM1tlq1yoox2n-A9v8Xft4?width=600&height=338
08-09-2025,1378.5,1386,1372.400024,1380,6986720,1,Reliance Industries,RELIANCE.NS,Stock,Energy,https://1drv.ms/i/c/8705623eb284e7df/IQQIhC7Payu-Qb9ArC3GO2_qAfM1tlq1yoox2n-A9v8Xft4?width=600&height=338
09-09-2025,1376.199951,1381.199951,1368.699951,1376.599976,9754452,1,Reliance Industries,RELIANCE.NS,Stock,Energy,https://1drv.ms/i/c/8705623eb284e7df/IQQIhC7Payu-Qb9ArC3GO2_qAfM1tlq1yoox2n-A9v8Xft4?width=600&height=338
10-09-2025,1377,1388.5,1374.099976,1383.900024,7790815,1,Reliance Industries,RELIANCE.NS,Stock,Energy,https://1drv.ms/i/c/8705623eb284e7df/IQQIhC7Payu-Qb9ArC3GO2_qAfM1tlq1yoox2n-A9v8Xft4?width=600&height=338
11-09-2025,1383.300049,1385.5,1375,1376,9766072,1,Reliance Industries,RELIANCE.NS,Stock,Energy,https://1drv.ms/i/c/8705623eb284e7df/IQQIhC7Payu-Qb9ArC3GO2_qAfM1tlq1yoox2n-A9v8Xft4?width=600&height=338
12-09-2025,1395,1396.300049,1380.5,1383.300049,7403368,1,Reliance Industries,RELIANCE.NS,Stock,Energy,https://1drv.ms/i/c/8705623eb284e7df/IQQIhC7Payu-Qb9ArC3GO2_qAfM1tlq1yoox2n-A9v8Xft4?width=600&height=338
15-09-2025,1399.300049,1400.800049,1388.599976,1393,5396697,1,Reliance Industries,RELIANCE.NS,Stock,Energy,https://1drv.ms/i/c/8705623eb284e7df/IQQIhC7Payu-Qb9ArC3GO2_qAfM1tlq1yoox2n-A9v8Xft4?width=600&height=338
16-09-2025,1405.300049,1408,1398.199951,1404.699951,8686961,1,Reliance Industries,RELIANCE.NS,Stock,Energy,https://1drv.ms/i/c/8705623eb284e7df/IQQIhC7Payu-Qb9ArC3GO2_qAfM1tlq1yoox2n-A9v8Xft4?width=600&height=338
17-09-2025,1413.800049,1416.199951,1406.900024,1407,7519417,1,Reliance Industries,RELIANCE.NS,Stock,Energy,https://1drv.ms/i/c/8705623eb284e7df/IQQIhC7Payu-Qb9ArC3GO2_qAfM1tlq1yoox2n-A9v8Xft4?width=600&height=338
18-09-2025,1415,1422,1410.699951,1420.400024,9332642,1,Reliance Industries,RELIANCE.NS,Stock,Energy,https://1drv.ms/i/c/8705623eb284e7df/IQQIhC7Payu-Qb9ArC3GO2_qAfM1tlq1yoox2n-A9v8Xft4?width=600&height=338
19-09-2025,1407.400024,1417,1403.599976,1414.900024,13461373,1,Reliance Industries,RELIANCE.NS,Stock,Energy,https://1drv.ms/i/c/8705623eb284e7df/IQQIhC7Payu-Qb9ArC3GO2_qAfM1tlq1yoox2n-A9v8Xft4?width=600&height=338
22-09-2025,1390.599976,1410.699951,1388,1403.900024,7757970,1,Reliance Industries,RELIANCE.NS,Stock,Energy,https://1drv.ms/i/c/8705623eb284e7df/IQQIhC7Payu-Qb9ArC3GO2_qAfM1tlq1yoox2n-A9v8Xft4?width=600&height=338
23-09-2025,1389.800049,1395,1376.800049,1391,14014702,1,Reliance Industries,RELIANCE.NS,Stock,Energy,https://1drv.ms/i/c/8705623eb284e7df/IQQIhC7Payu-Qb9ArC3GO2_qAfM1tlq1yoox2n-A9v8Xft4?width=600&height=338
24-09-2025,1383,1396,1380.400024,1385.300049,5922759,1,Reliance Industries,RELIANCE.NS,Stock,Energy,https://1drv.ms/i/c/8705623eb284e7df/IQQIhC7Payu-Qb9ArC3GO2_qAfM1tlq1yoox2n-A9v8Xft4?width=600&height=338
25-09-2025,1372.400024,1384.5,1369,1381.300049,11411143,1,Reliance Industries,RELIANCE.NS,Stock,Energy,https://1drv.ms/i/c/8705623eb284e7df/IQQIhC7Payu-Qb9ArC3GO2_qAfM1tlq1yoox2n-A9v8Xft4?width=600&height=338
26-09-2025,1377.599976,1382.699951,1366,1372,9879109,1,Reliance Industries,RELIANCE.NS,Stock,Energy,https://1drv.ms/i/c/8705623eb284e7df/IQQIhC7Payu-Qb9ArC3GO2_qAfM1tlq1yoox2n-A9v8Xft4?width=600&height=338
29-09-2025,1372.800049,1389,1368,1381.599976,14231999,1,Reliance Industries,RELIANCE.NS,Stock,Energy,https://1drv.ms/i/c/8705623eb284e7df/IQQIhC7Payu-Qb9ArC3GO2_qAfM1tlq1yoox2n-A9v8Xft4?width=600&height=338
30-09-2025,1364,1377.099976,1362.800049,1377.099976,14604684,1,Reliance Industries,RELIANCE.NS,Stock,Energy,https://1drv.ms/i/c/8705623eb284e7df/IQQIhC7Payu-Qb9ArC3GO2_qAfM1tlq1yoox2n-A9v8Xft4?width=600&height=338
01-10-2025,1368.699951,1378.599976,1362.699951,1367,12045916,1,Reliance Industries,RELIANCE.NS,Stock,Energy,https://1drv.ms/i/c/8705623eb284e7df/IQQIhC7Payu-Qb9ArC3GO2_qAfM1tlq1yoox2n-A9v8Xft4?width=600&height=338
03-10-2025,1363.400024,1371.599976,1356.900024,1363.199951,12842347,1,Reliance Industries,RELIANCE.NS,Stock,Energy,https://1drv.ms/i/c/8705623eb284e7df/IQQIhC7Payu-Qb9ArC3GO2_qAfM1tlq1yoox2n-A9v8Xft4?width=600&height=338
06-10-2025,1375,1377.400024,1359,1360,12396580,1,Reliance Industries,RELIANCE.NS,Stock,Energy,https://1drv.ms/i/c/8705623eb284e7df/IQQIhC7Payu-Qb9ArC3GO2_qAfM1tlq1yoox2n-A9v8Xft4?width=600&height=338
07-10-2025,1384.800049,1395.900024,1375.900024,1376,11244040,1,Reliance Industries,RELIANCE.NS,Stock,Energy,https://1drv.ms/i/c/8705623eb284e7df/IQQIhC7Payu-Qb9ArC3GO2_qAfM1tlq1yoox2n-A9v8Xft4?width=600&height=338
08-10-2025,1367.400024,1389,1364.5,1384.800049,8525081,1,Reliance Industries,RELIANCE.NS,Stock,Energy,https://1drv.ms/i/c/8705623eb284e7df/IQQIhC7Payu-Qb9ArC3GO2_qAfM1tlq1yoox2n-A9v8Xft4?width=600&height=338
09-10-2025,1377.800049,1380,1369.099976,1374,8826633,1,Reliance Industries,RELIANCE.NS,Stock,Energy,https://1drv.ms/i/c/8705623eb284e7df/IQQIhC7Payu-Qb9ArC3GO2_qAfM1tlq1yoox2n-A9v8Xft4?width=600&height=338
10-10-2025,1381.699951,1388,1375.099976,1377.800049,6373084,1,Reliance Industries,RELIANCE.NS,Stock,Energy,https://1drv.ms/i/c/8705623eb284e7df/IQQIhC7Payu-Qb9ArC3GO2_qAfM1tlq1yoox2n-A9v8Xft4?width=600&height=338
13-10-2025,1375,1377.699951,1367.800049,1376.900024,7600682,1,Reliance Industries,RELIANCE.NS,Stock,Energy,https://1drv.ms/i/c/8705623eb284e7df/IQQIhC7Payu-Qb9ArC3GO2_qAfM1tlq1yoox2n-A9v8Xft4?width=600&height=338
14-10-2025,1375.900024,1388,1370.099976,1380,9768174,1,Reliance Industries,RELIANCE.NS,Stock,Energy,https://1drv.ms/i/c/8705623eb284e7df/IQQIhC7Payu-Qb9ArC3GO2_qAfM1tlq1yoox2n-A9v8Xft4?width=600&height=338
15-10-2025,1374.300049,1384,1372.699951,1383,10882743,1,Reliance Industries,RELIANCE.NS,Stock,Energy,https://1drv.ms/i/c/8705623eb284e7df/IQQIhC7Payu-Qb9ArC3GO2_qAfM1tlq1yoox2n-A9v8Xft4?width=600&height=338
16-10-2025,1398.300049,1400.5,1375,1375.099976,12315932,1,Reliance Industries,RELIANCE.NS,Stock,Energy,https://1drv.ms/i/c/8705623eb284e7df/IQQIhC7Payu-Qb9ArC3GO2_qAfM1tlq1yoox2n-A9v8Xft4?width=600&height=338
17-10-2025,1416.800049,1423.300049,1399.099976,1401,19335561,1,Reliance Industries,RELIANCE.NS,Stock,Energy,https://1drv.ms/i/c/8705623eb284e7df/IQQIhC7Payu-Qb9ArC3GO2_qAfM1tlq1yoox2n-A9v8Xft4?width=600&height=338
20-10-2025,1466.800049,1473.800049,1433.300049,1440,24721978,1,Reliance Industries,RELIANCE.NS,Stock,Energy,https://1drv.ms/i/c/8705623eb284e7df/IQQIhC7Payu-Qb9ArC3GO2_qAfM1tlq1yoox2n-A9v8Xft4?width=600&height=338
21-10-2025,1465.199951,1474,1460,1468,2066169,1,Reliance Industries,RELIANCE.NS,Stock,Energy,https://1drv.ms/i/c/8705623eb284e7df/IQQIhC7Payu-Qb9ArC3GO2_qAfM1tlq1yoox2n-A9v8Xft4?width=600&height=338
23-10-2025,1448.400024,1482.900024,1444.599976,1475,18707090,1,Reliance Industries,RELIANCE.NS,Stock,Energy,https://1drv.ms/i/c/8705623eb284e7df/IQQIhC7Payu-Qb9ArC3GO2_qAfM1tlq1yoox2n-A9v8Xft4?width=600&height=338
24-10-2025,1451.599976,1459.800049,1441,1450,9700837,1,Reliance Industries,RELIANCE.NS,Stock,Energy,https://1drv.ms/i/c/8705623eb284e7df/IQQIhC7Payu-Qb9ArC3GO2_qAfM1tlq1yoox2n-A9v8Xft4?width=600&height=338
27-10-2025,1484.099976,1485,1458,1463,14113867,1,Reliance Industries,RELIANCE.NS,Stock,Energy,https://1drv.ms/i/c/8705623eb284e7df/IQQIhC7Payu-Qb9ArC3GO2_qAfM1tlq1yoox2n-A9v8Xft4?width=600&height=338
28-10-2025,1486.900024,1492,1477.599976,1484.099976,17631577,1,Reliance Industries,RELIANCE.NS,Stock,Energy,https://1drv.ms/i/c/8705623eb284e7df/IQQIhC7Payu-Qb9ArC3GO2_qAfM1tlq1yoox2n-A9v8Xft4?width=600&height=338
29-10-2025,1504.199951,1508.300049,1488.099976,1490,11884745,1,Reliance Industries,RELIANCE.NS,Stock,Energy,https://1drv.ms/i/c/8705623eb284e7df/IQQIhC7Payu-Qb9ArC3GO2_qAfM1tlq1yoox2n-A9v8Xft4?width=600&height=338
30-10-2025,1488.5,1503.099976,1484,1500,9318663,1,Reliance Industries,RELIANCE.NS,Stock,Energy,https://1drv.ms/i/c/8705623eb284e7df/IQQIhC7Payu-Qb9ArC3GO2_qAfM1tlq1yoox2n-A9v8Xft4?width=600&height=338
31-10-2025,1486.400024,1497.5,1482.300049,1490.400024,8758053,1,Reliance Industries,RELIANCE.NS,Stock,Energy,https://1drv.ms/i/c/8705623eb284e7df/IQQIhC7Payu-Qb9ArC3GO2_qAfM1tlq1yoox2n-A9v8Xft4?width=600&height=338
03-11-2025,1484.699951,1495,1479.300049,1486,8452085,1,Reliance Industries,RELIANCE.NS,Stock,Energy,https://1drv.ms/i/c/8705623eb284e7df/IQQIhC7Payu-Qb9ArC3GO2_qAfM1tlq1yoox2n-A9v8Xft4?width=600&height=338
04-11-2025,1473.099976,1492.800049,1470.099976,1483.900024,10007806,1,Reliance Industries,RELIANCE.NS,Stock,Energy,https://1drv.ms/i/c/8705623eb284e7df/IQQIhC7Payu-Qb9ArC3GO2_qAfM1tlq1yoox2n-A9v8Xft4?width=600&height=338
06-11-2025,1496.099976,1501.599976,1476.199951,1484,16772678,1,Reliance Industries,RELIANCE.NS,Stock,Energy,https://1drv.ms/i/c/8705623eb284e7df/IQQIhC7Payu-Qb9ArC3GO2_qAfM1tlq1yoox2n-A9v8Xft4?width=600&height=338
07-11-2025,1478,1498.400024,1475.900024,1494.599976,7821765,1,Reliance Industries,RELIANCE.NS,Stock,Energy,https://1drv.ms/i/c/8705623eb284e7df/IQQIhC7Payu-Qb9ArC3GO2_qAfM1tlq1yoox2n-A9v8Xft4?width=600&height=338
10-11-2025,1489.300049,1501,1475.5,1477.900024,7068438,1,Reliance Industries,RELIANCE.NS,Stock,Energy,https://1drv.ms/i/c/8705623eb284e7df/IQQIhC7Payu-Qb9ArC3GO2_qAfM1tlq1yoox2n-A9v8Xft4?width=600&height=338
11-11-2025,1493.400024,1498.800049,1480.199951,1497,7127506,1,Reliance Industries,RELIANCE.NS,Stock,Energy,https://1drv.ms/i/c/8705623eb284e7df/IQQIhC7Payu-Qb9ArC3GO2_qAfM1tlq1yoox2n-A9v8Xft4?width=600&height=338
12-11-2025,1511.5,1524.699951,1500,1505,12384459,1,Reliance Industries,RELIANCE.NS,Stock,Energy,https://1drv.ms/i/c/8705623eb284e7df/IQQIhC7Payu-Qb9ArC3GO2_qAfM1tlq1yoox2n-A9v8Xft4?width=600&height=338
13-11-2025,1510.900024,1522.099976,1506.800049,1515,7196443,1,Reliance Industries,RELIANCE.NS,Stock,Energy,https://1drv.ms/i/c/8705623eb284e7df/IQQIhC7Payu-Qb9ArC3GO2_qAfM1tlq1yoox2n-A9v8Xft4?width=600&height=338
14-11-2025,1518.900024,1520.900024,1505.5,1505.5,7682823,1,Reliance Industries,RELIANCE.NS,Stock,Energy,https://1drv.ms/i/c/8705623eb284e7df/IQQIhC7Payu-Qb9ArC3GO2_qAfM1tlq1yoox2n-A9v8Xft4?width=600&height=338
17-11-2025,1518.300049,1523.699951,1511.5,1520.900024,5871416,1,Reliance Industries,RELIANCE.NS,Stock,Energy,https://1drv.ms/i/c/8705623eb284e7df/IQQIhC7Payu-Qb9ArC3GO2_qAfM1tlq1yoox2n-A9v8Xft4?width=600&height=338
18-11-2025,1519.400024,1527.800049,1510.5,1521.699951,11045042,1,Reliance Industries,RELIANCE.NS,Stock,Energy,https://1drv.ms/i/c/8705623eb284e7df/IQQIhC7Payu-Qb9ArC3GO2_qAfM1tlq1yoox2n-A9v8Xft4?width=600&height=338
19-11-2025,1518.900024,1522.300049,1512,1517.400024,5692366,1,Reliance Industries,RELIANCE.NS,Stock,Energy,https://1drv.ms/i/c/8705623eb284e7df/IQQIhC7Payu-Qb9ArC3GO2_qAfM1tlq1yoox2n-A9v8Xft4?width=600&height=338
20-11-2025,1549.099976,1550.900024,1526.699951,1530,18171724,1,Reliance Industries,RELIANCE.NS,Stock,Energy,https://1drv.ms/i/c/8705623eb284e7df/IQQIhC7Payu-Qb9ArC3GO2_qAfM1tlq1yoox2n-A9v8Xft4?width=600&height=338
21-11-2025,1546.599976,1557.800049,1540.099976,1541,9615271,1,Reliance Industries,RELIANCE.NS,Stock,Energy,https://1drv.ms/i/c/8705623eb284e7df/IQQIhC7Payu-Qb9ArC3GO2_qAfM1tlq1yoox2n-A9v8Xft4?width=600&height=338
24-11-2025,1535.900024,1550,1531.800049,1550,18433951,1,Reliance Industries,RELIANCE.NS,Stock,Energy,https://1drv.ms/i/c/8705623eb284e7df/IQQIhC7Payu-Qb9ArC3GO2_qAfM1tlq1yoox2n-A9v8Xft4?width=600&height=338
25-11-2025,1539.699951,1559.599976,1525.099976,1535.900024,15033482,1,Reliance Industries,RELIANCE.NS,Stock,Energy,https://1drv.ms/i/c/8705623eb284e7df/IQQIhC7Payu-Qb9ArC3GO2_qAfM1tlq1yoox2n-A9v8Xft4?width=600&height=338
26-11-2025,1569.900024,1571.599976,1540.5,1542.300049,14054299,1,Reliance Industries,RELIANCE.NS,Stock,Energy,https://1drv.ms/i/c/8705623eb284e7df/IQQIhC7Payu-Qb9ArC3GO2_qAfM1tlq1yoox2n-A9v8Xft4?width=600&height=338
27-11-2025,1563.400024,1575.5,1556,1575,9794643,1,Reliance Industries,RELIANCE.NS,Stock,Energy,https://1drv.ms/i/c/8705623eb284e7df/IQQIhC7Payu-Qb9ArC3GO2_qAfM1tlq1yoox2n-A9v8Xft4?width=600&height=338
28-11-2025,1567.5,1581.300049,1563,1568,8959508,1,Reliance Industries,RELIANCE.NS,Stock,Energy,https://1drv.ms/i/c/8705623eb284e7df/IQQIhC7Payu-Qb9ArC3GO2_qAfM1tlq1yoox2n-A9v8Xft4?width=600&height=338
01-12-2025,1566.099976,1577.5,1563.599976,1575,8920233,1,Reliance Industries,RELIANCE.NS,Stock,Energy,https://1drv.ms/i/c/8705623eb284e7df/IQQIhC7Payu-Qb9ArC3GO2_qAfM1tlq1yoox2n-A9v8Xft4?width=600&height=338
02-12-2025,1546.300049,1567.5,1542,1561.099976,11389150,1,Reliance Industries,RELIANCE.NS,Stock,Energy,https://1drv.ms/i/c/8705623eb284e7df/IQQIhC7Payu-Qb9ArC3GO2_qAfM1tlq1yoox2n-A9v8Xft4?width=600&height=338
03-12-2025,1538.800049,1552.400024,1533,1545.199951,6090883,1,Reliance Industries,RELIANCE.NS,Stock,Energy,https://1drv.ms/i/c/8705623eb284e7df/IQQIhC7Payu-Qb9ArC3GO2_qAfM1tlq1yoox2n-A9v8Xft4?width=600&height=338
04-12-2025,1535.599976,1560.5,1517.599976,1536,11867930,1,Reliance Industries,RELIANCE.NS,Stock,Energy,https://1drv.ms/i/c/8705623eb284e7df/IQQIhC7Payu-Qb9ArC3GO2_qAfM1tlq1yoox2n-A9v8Xft4?width=600&height=338
05-12-2025,1540.599976,1545.800049,1520.599976,1530.400024,10183266,1,Reliance Industries,RELIANCE.NS,Stock,Energy,https://1drv.ms/i/c/8705623eb284e7df/IQQIhC7Payu-Qb9ArC3GO2_qAfM1tlq1yoox2n-A9v8Xft4?width=600&height=338
08-12-2025,1543,1551,1535,1539.199951,11301491,1,Reliance Industries,RELIANCE.NS,Stock,Energy,https://1drv.ms/i/c/8705623eb284e7df/IQQIhC7Payu-Qb9ArC3GO2_qAfM1tlq1yoox2n-A9v8Xft4?width=600&height=338
09-12-2025,1529.400024,1542.5,1520.099976,1540.300049,11503971,1,Reliance Industries,RELIANCE.NS,Stock,Energy,https://1drv.ms/i/c/8705623eb284e7df/IQQIhC7Payu-Qb9ArC3GO2_qAfM1tlq1yoox2n-A9v8Xft4?width=600&height=338
10-12-2025,1536.900024,1547.5,1531.400024,1534,7991629,1,Reliance Industries,RELIANCE.NS,Stock,Energy,https://1drv.ms/i/c/8705623eb284e7df/IQQIhC7Payu-Qb9ArC3GO2_qAfM1tlq1yoox2n-A9v8Xft4?width=600&height=338
11-12-2025,1545,1550,1524,1536.900024,4706197,1,Reliance Industries,RELIANCE.NS,Stock,Energy,https://1drv.ms/i/c/8705623eb284e7df/IQQIhC7Payu-Qb9ArC3GO2_qAfM1tlq1yoox2n-A9v8Xft4?width=600&height=338
12-12-2025,1556.5,1559.800049,1546.099976,1550.800049,5106655,1,Reliance Industries,RELIANCE.NS,Stock,Energy,https://1drv.ms/i/c/8705623eb284e7df/IQQIhC7Payu-Qb9ArC3GO2_qAfM1tlq1yoox2n-A9v8Xft4?width=600&height=338
15-12-2025,1556.199951,1558.599976,1546.5,1551.199951,5774543,1,Reliance Industries,RELIANCE.NS,Stock,Energy,https://1drv.ms/i/c/8705623eb284e7df/IQQIhC7Payu-Qb9ArC3GO2_qAfM1tlq1yoox2n-A9v8Xft4?width=600&height=338
16-12-2025,1542.300049,1551.699951,1538.800049,1545,11731856,1,Reliance Industries,RELIANCE.NS,Stock,Energy,https://1drv.ms/i/c/8705623eb284e7df/IQQIhC7Payu-Qb9ArC3GO2_qAfM1tlq1yoox2n-A9v8Xft4?width=600&height=338
17-12-2025,1544.400024,1550,1539.300049,1550,7116649,1,Reliance Industries,RELIANCE.NS,Stock,Energy,https://1drv.ms/i/c/8705623eb284e7df/IQQIhC7Payu-Qb9ArC3GO2_qAfM1tlq1yoox2n-A9v8Xft4?width=600&height=338
18-12-2025,1544.400024,1551.5,1535.199951,1535.199951,6580829,1,Reliance Industries,RELIANCE.NS,Stock,Energy,https://1drv.ms/i/c/8705623eb284e7df/IQQIhC7Payu-Qb9ArC3GO2_qAfM1tlq1yoox2n-A9v8Xft4?width=600&height=338
19-12-2025,1565.099976,1574.199951,1551,1554.400024,13937275,1,Reliance Industries,RELIANCE.NS,Stock,Energy,https://1drv.ms/i/c/8705623eb284e7df/IQQIhC7Payu-Qb9ArC3GO2_qAfM1tlq1yoox2n-A9v8Xft4?width=600&height=338
22-12-2025,1575.400024,1577.5,1565.300049,1573.5,10184852,1,Reliance Industries,RELIANCE.NS,Stock,Energy,https://1drv.ms/i/c/8705623eb284e7df/IQQIhC7Payu-Qb9ArC3GO2_qAfM1tlq1yoox2n-A9v8Xft4?width=600&height=338
23-12-2025,1570.699951,1580.900024,1568.099976,1580.900024,7506564,1,Reliance Industries,RELIANCE.NS,Stock,Energy,https://1drv.ms/i/c/8705623eb284e7df/IQQIhC7Payu-Qb9ArC3GO2_qAfM1tlq1yoox2n-A9v8Xft4?width=600&height=338
24-12-2025,1558.199951,1575.699951,1553.599976,1572.699951,8815745,1,Reliance Industries,RELIANCE.NS,Stock,Energy,https://1drv.ms/i/c/8705623eb284e7df/IQQIhC7Payu-Qb9ArC3GO2_qAfM1tlq1yoox2n-A9v8Xft4?width=600&height=338
26-12-2025,1559.199951,1561,1554.300049,1554.699951,2311495,1,Reliance Industries,RELIANCE.NS,Stock,Energy,https://1drv.ms/i/c/8705623eb284e7df/IQQIhC7Payu-Qb9ArC3GO2_qAfM1tlq1yoox2n-A9v8Xft4?width=600&height=338
29-12-2025,1545.599976,1558.099976,1543.599976,1554.900024,5972105,1,Reliance Industries,RELIANCE.NS,Stock,Energy,https://1drv.ms/i/c/8705623eb284e7df/IQQIhC7Payu-Qb9ArC3GO2_qAfM1tlq1yoox2n-A9v8Xft4?width=600&height=338
30-12-2025,1539.800049,1553.599976,1537.800049,1547,8815884,1,Reliance Industries,RELIANCE.NS,Stock,Energy,https://1drv.ms/i/c/8705623eb284e7df/IQQIhC7Payu-Qb9ArC3GO2_qAfM1tlq1yoox2n-A9v8Xft4?width=600&height=338
31-12-2025,1570.400024,1577,1541,1541,5771830,1,Reliance Industries,RELIANCE.NS,Stock,Energy,https://1drv.ms/i/c/8705623eb284e7df/IQQIhC7Payu-Qb9ArC3GO2_qAfM1tlq1yoox2n-A9v8Xft4?width=600&height=338
