Date,Close,High,Low,Open,Volume,AssetID,AssetName,Ticker,AssetType,Sector,Logo
01-01-2021,1.84208405,1.859655976,1.502038002,1.509775043,25722549,104,Solana,SOL-USD,Crypto,Cryptocurrency,https://1drv.ms/i/c/8705623eb284e7df/IQRt4HhalyF5QI9kSBm4wz0BAYLrSvg0L-_fomtzF94e-Ac?width=1200&height=817
02-01-2021,1.799275041,1.989295006,1.721482038,1.845585942,31671064,104,Solana,SOL-USD,Crypto,Cryptocurrency,https://1drv.ms/i/c/8705623eb284e7df/IQRt4HhalyF5QI9kSBm4wz0BAYLrSvg0L-_fomtzF94e-Ac?width=1200&height=817
03-01-2021,2.161751986,2.364980936,1.799901962,1.799901962,55073422,104,Solana,SOL-USD,Crypto,Cryptocurrency,https://1drv.ms/i/c/8705623eb284e7df/IQRt4HhalyF5QI9kSBm4wz0BAYLrSvg0L-_fomtzF94e-Ac?width=1200&height=817
04-01-2021,2.485096931,2.485096931,1.876342058,2.162411928,59955405,104,Solana,SOL-USD,Crypto,Cryptocurrency,https://1drv.ms/i/c/8705623eb284e7df/IQRt4HhalyF5QI9kSBm4wz0BAYLrSvg0L-_fomtzF94e-Ac?width=1200&height=817
05-01-2021,2.157217026,2.502615929,2.0777421,2.490982056,50555207,104,Solana,SOL-USD,Crypto,Cryptocurrency,https://1drv.ms/i/c/8705623eb284e7df/IQRt4HhalyF5QI9kSBm4wz0BAYLrSvg0L-_fomtzF94e-Ac?width=1200&height=817
06-01-2021,1.929216981,2.185892105,1.907585025,2.159626007,50263975,104,Solana,SOL-USD,Crypto,Cryptocurrency,https://1drv.ms/i/c/8705623eb284e7df/IQRt4HhalyF5QI9kSBm4wz0BAYLrSvg0L-_fomtzF94e-Ac?width=1200&height=817
07-01-2021,2.372745037,2.61183095,1.933043003,1.936586022,159870278,104,Solana,SOL-USD,Crypto,Cryptocurrency,https://1drv.ms/i/c/8705623eb284e7df/IQRt4HhalyF5QI9kSBm4wz0BAYLrSvg0L-_fomtzF94e-Ac?width=1200&height=817
08-01-2021,3.219887018,3.779320002,2.180928946,2.368740082,206412154,104,Solana,SOL-USD,Crypto,Cryptocurrency,https://1drv.ms/i/c/8705623eb284e7df/IQRt4HhalyF5QI9kSBm4wz0BAYLrSvg0L-_fomtzF94e-Ac?width=1200&height=817
09-01-2021,3.385381937,3.662787914,2.938307047,3.223541021,91906875,104,Solana,SOL-USD,Crypto,Cryptocurrency,https://1drv.ms/i/c/8705623eb284e7df/IQRt4HhalyF5QI9kSBm4wz0BAYLrSvg0L-_fomtzF94e-Ac?width=1200&height=817
10-01-2021,3.466110945,3.733551025,3.196234941,3.390026093,62766977,104,Solana,SOL-USD,Crypto,Cryptocurrency,https://1drv.ms/i/c/8705623eb284e7df/IQRt4HhalyF5QI9kSBm4wz0BAYLrSvg0L-_fomtzF94e-Ac?width=1200&height=817
11-01-2021,3.108089924,3.513571024,2.5971241,3.461065054,82877500,104,Solana,SOL-USD,Crypto,Cryptocurrency,https://1drv.ms/i/c/8705623eb284e7df/IQRt4HhalyF5QI9kSBm4wz0BAYLrSvg0L-_fomtzF94e-Ac?width=1200&height=817
12-01-2021,3.613398075,3.844415903,3.080034971,3.103688002,73484689,104,Solana,SOL-USD,Crypto,Cryptocurrency,https://1drv.ms/i/c/8705623eb284e7df/IQRt4HhalyF5QI9kSBm4wz0BAYLrSvg0L-_fomtzF94e-Ac?width=1200&height=817
13-01-2021,3.513782024,3.628824949,3.27492094,3.628382921,57994893,104,Solana,SOL-USD,Crypto,Cryptocurrency,https://1drv.ms/i/c/8705623eb284e7df/IQRt4HhalyF5QI9kSBm4wz0BAYLrSvg0L-_fomtzF94e-Ac?width=1200&height=817
14-01-2021,3.27816391,3.542865992,3.181973934,3.516036034,59283112,104,Solana,SOL-USD,Crypto,Cryptocurrency,https://1drv.ms/i/c/8705623eb284e7df/IQRt4HhalyF5QI9kSBm4wz0BAYLrSvg0L-_fomtzF94e-Ac?width=1200&height=817
15-01-2021,3.250160933,3.435921907,2.985191107,3.280399084,45331739,104,Solana,SOL-USD,Crypto,Cryptocurrency,https://1drv.ms/i/c/8705623eb284e7df/IQRt4HhalyF5QI9kSBm4wz0BAYLrSvg0L-_fomtzF94e-Ac?width=1200&height=817
16-01-2021,3.447055101,3.70323205,3.248934031,3.248934031,68035606,104,Solana,SOL-USD,Crypto,Cryptocurrency,https://1drv.ms/i/c/8705623eb284e7df/IQRt4HhalyF5QI9kSBm4wz0BAYLrSvg0L-_fomtzF94e-Ac?width=1200&height=817
17-01-2021,3.818139076,3.965372086,3.319746017,3.434870005,85407766,104,Solana,SOL-USD,Crypto,Cryptocurrency,https://1drv.ms/i/c/8705623eb284e7df/IQRt4HhalyF5QI9kSBm4wz0BAYLrSvg0L-_fomtzF94e-Ac?width=1200&height=817
18-01-2021,3.79551506,4.147920132,3.655761003,3.822130919,70601713,104,Solana,SOL-USD,Crypto,Cryptocurrency,https://1drv.ms/i/c/8705623eb284e7df/IQRt4HhalyF5QI9kSBm4wz0BAYLrSvg0L-_fomtzF94e-Ac?width=1200&height=817
19-01-2021,3.641865969,4.031448841,3.609023094,3.792042971,44547768,104,Solana,SOL-USD,Crypto,Cryptocurrency,https://1drv.ms/i/c/8705623eb284e7df/IQRt4HhalyF5QI9kSBm4wz0BAYLrSvg0L-_fomtzF94e-Ac?width=1200&height=817
20-01-2021,3.723577976,3.737003088,3.344084024,3.635575056,46698656,104,Solana,SOL-USD,Crypto,Cryptocurrency,https://1drv.ms/i/c/8705623eb284e7df/IQRt4HhalyF5QI9kSBm4wz0BAYLrSvg0L-_fomtzF94e-Ac?width=1200&height=817
21-01-2021,2.990535975,3.734325886,2.982696056,3.721669912,43834765,104,Solana,SOL-USD,Crypto,Cryptocurrency,https://1drv.ms/i/c/8705623eb284e7df/IQRt4HhalyF5QI9kSBm4wz0BAYLrSvg0L-_fomtzF94e-Ac?width=1200&height=817
22-01-2021,3.346229076,3.497145891,2.540986061,2.989919901,63361382,104,Solana,SOL-USD,Crypto,Cryptocurrency,https://1drv.ms/i/c/8705623eb284e7df/IQRt4HhalyF5QI9kSBm4wz0BAYLrSvg0L-_fomtzF94e-Ac?width=1200&height=817
23-01-2021,3.504112005,3.59730196,3.315762043,3.341034889,27904470,104,Solana,SOL-USD,Crypto,Cryptocurrency,https://1drv.ms/i/c/8705623eb284e7df/IQRt4HhalyF5QI9kSBm4wz0BAYLrSvg0L-_fomtzF94e-Ac?width=1200&height=817
24-01-2021,3.634411097,3.793049097,3.489494085,3.507110119,32747555,104,Solana,SOL-USD,Crypto,Cryptocurrency,https://1drv.ms/i/c/8705623eb284e7df/IQRt4HhalyF5QI9kSBm4wz0BAYLrSvg0L-_fomtzF94e-Ac?width=1200&height=817
25-01-2021,3.699980974,3.97435689,3.451309919,3.634644985,80055958,104,Solana,SOL-USD,Crypto,Cryptocurrency,https://1drv.ms/i/c/8705623eb284e7df/IQRt4HhalyF5QI9kSBm4wz0BAYLrSvg0L-_fomtzF94e-Ac?width=1200&height=817
26-01-2021,4.04734993,4.096916199,3.682631969,3.698959112,78823456,104,Solana,SOL-USD,Crypto,Cryptocurrency,https://1drv.ms/i/c/8705623eb284e7df/IQRt4HhalyF5QI9kSBm4wz0BAYLrSvg0L-_fomtzF94e-Ac?width=1200&height=817
27-01-2021,3.690587044,4.048630238,3.531601906,4.048630238,35195110,104,Solana,SOL-USD,Crypto,Cryptocurrency,https://1drv.ms/i/c/8705623eb284e7df/IQRt4HhalyF5QI9kSBm4wz0BAYLrSvg0L-_fomtzF94e-Ac?width=1200&height=817
28-01-2021,3.822072029,3.943490982,3.609880924,3.686369896,31410527,104,Solana,SOL-USD,Crypto,Cryptocurrency,https://1drv.ms/i/c/8705623eb284e7df/IQRt4HhalyF5QI9kSBm4wz0BAYLrSvg0L-_fomtzF94e-Ac?width=1200&height=817
29-01-2021,3.834676027,3.892601967,3.639385939,3.861581087,44053151,104,Solana,SOL-USD,Crypto,Cryptocurrency,https://1drv.ms/i/c/8705623eb284e7df/IQRt4HhalyF5QI9kSBm4wz0BAYLrSvg0L-_fomtzF94e-Ac?width=1200&height=817
30-01-2021,4.224276066,4.311975956,3.774104118,3.837682009,53378198,104,Solana,SOL-USD,Crypto,Cryptocurrency,https://1drv.ms/i/c/8705623eb284e7df/IQRt4HhalyF5QI9kSBm4wz0BAYLrSvg0L-_fomtzF94e-Ac?width=1200&height=817
31-01-2021,4.264143944,4.787010193,4.170497894,4.237314224,78376267,104,Solana,SOL-USD,Crypto,Cryptocurrency,https://1drv.ms/i/c/8705623eb284e7df/IQRt4HhalyF5QI9kSBm4wz0BAYLrSvg0L-_fomtzF94e-Ac?width=1200&height=817
01-02-2021,4.61160183,4.61160183,4.118255138,4.261250973,39361629,104,Solana,SOL-USD,Crypto,Cryptocurrency,https://1drv.ms/i/c/8705623eb284e7df/IQRt4HhalyF5QI9kSBm4wz0BAYLrSvg0L-_fomtzF94e-Ac?width=1200&height=817
02-02-2021,5.26750803,5.403642178,4.480119228,4.613740921,98755962,104,Solana,SOL-USD,Crypto,Cryptocurrency,https://1drv.ms/i/c/8705623eb284e7df/IQRt4HhalyF5QI9kSBm4wz0BAYLrSvg0L-_fomtzF94e-Ac?width=1200&height=817
03-02-2021,5.715990067,5.780780792,5.072738171,5.246592045,49386327,104,Solana,SOL-USD,Crypto,Cryptocurrency,https://1drv.ms/i/c/8705623eb284e7df/IQRt4HhalyF5QI9kSBm4wz0BAYLrSvg0L-_fomtzF94e-Ac?width=1200&height=817
04-02-2021,6.426064968,6.531011105,5.603236198,5.731748104,108249482,104,Solana,SOL-USD,Crypto,Cryptocurrency,https://1drv.ms/i/c/8705623eb284e7df/IQRt4HhalyF5QI9kSBm4wz0BAYLrSvg0L-_fomtzF94e-Ac?width=1200&height=817
05-02-2021,6.68171978,7.127117157,6.426446915,6.435369968,92892157,104,Solana,SOL-USD,Crypto,Cryptocurrency,https://1drv.ms/i/c/8705623eb284e7df/IQRt4HhalyF5QI9kSBm4wz0BAYLrSvg0L-_fomtzF94e-Ac?width=1200&height=817
06-02-2021,6.110806942,6.799130917,5.713828087,6.687301159,102365494,104,Solana,SOL-USD,Crypto,Cryptocurrency,https://1drv.ms/i/c/8705623eb284e7df/IQRt4HhalyF5QI9kSBm4wz0BAYLrSvg0L-_fomtzF94e-Ac?width=1200&height=817
07-02-2021,6.700462818,6.871513844,5.768591881,6.117644787,105451103,104,Solana,SOL-USD,Crypto,Cryptocurrency,https://1drv.ms/i/c/8705623eb284e7df/IQRt4HhalyF5QI9kSBm4wz0BAYLrSvg0L-_fomtzF94e-Ac?width=1200&height=817
08-02-2021,7.883250237,8.055932999,6.488927841,6.702446938,155254261,104,Solana,SOL-USD,Crypto,Cryptocurrency,https://1drv.ms/i/c/8705623eb284e7df/IQRt4HhalyF5QI9kSBm4wz0BAYLrSvg0L-_fomtzF94e-Ac?width=1200&height=817
09-02-2021,7.816792965,8.467783928,7.570215225,7.869794846,121037873,104,Solana,SOL-USD,Crypto,Cryptocurrency,https://1drv.ms/i/c/8705623eb284e7df/IQRt4HhalyF5QI9kSBm4wz0BAYLrSvg0L-_fomtzF94e-Ac?width=1200&height=817
10-02-2021,9.072214127,9.072604179,7.613846779,7.818552017,120679902,104,Solana,SOL-USD,Crypto,Cryptocurrency,https://1drv.ms/i/c/8705623eb284e7df/IQRt4HhalyF5QI9kSBm4wz0BAYLrSvg0L-_fomtzF94e-Ac?width=1200&height=817
11-02-2021,9.215352058,9.707003593,8.761316299,9.080356598,53600048,104,Solana,SOL-USD,Crypto,Cryptocurrency,https://1drv.ms/i/c/8705623eb284e7df/IQRt4HhalyF5QI9kSBm4wz0BAYLrSvg0L-_fomtzF94e-Ac?width=1200&height=817
12-02-2021,9.247012138,9.924451828,9.079011917,9.214790344,91484664,104,Solana,SOL-USD,Crypto,Cryptocurrency,https://1drv.ms/i/c/8705623eb284e7df/IQRt4HhalyF5QI9kSBm4wz0BAYLrSvg0L-_fomtzF94e-Ac?width=1200&height=817
13-02-2021,8.732455254,9.499038696,8.683009148,9.23603344,91417968,104,Solana,SOL-USD,Crypto,Cryptocurrency,https://1drv.ms/i/c/8705623eb284e7df/IQRt4HhalyF5QI9kSBm4wz0BAYLrSvg0L-_fomtzF94e-Ac?width=1200&height=817
14-02-2021,8.73889637,9.220299721,8.559715271,8.742988586,93500423,104,Solana,SOL-USD,Crypto,Cryptocurrency,https://1drv.ms/i/c/8705623eb284e7df/IQRt4HhalyF5QI9kSBm4wz0BAYLrSvg0L-_fomtzF94e-Ac?width=1200&height=817
15-02-2021,8.861739159,9.310638428,7.840470791,8.724266052,109854635,104,Solana,SOL-USD,Crypto,Cryptocurrency,https://1drv.ms/i/c/8705623eb284e7df/IQRt4HhalyF5QI9kSBm4wz0BAYLrSvg0L-_fomtzF94e-Ac?width=1200&height=817
16-02-2021,8.297866821,8.980367661,7.983557224,8.860748291,71625205,104,Solana,SOL-USD,Crypto,Cryptocurrency,https://1drv.ms/i/c/8705623eb284e7df/IQRt4HhalyF5QI9kSBm4wz0BAYLrSvg0L-_fomtzF94e-Ac?width=1200&height=817
17-02-2021,8.222577095,8.433298111,7.544398785,8.298688889,89948578,104,Solana,SOL-USD,Crypto,Cryptocurrency,https://1drv.ms/i/c/8705623eb284e7df/IQRt4HhalyF5QI9kSBm4wz0BAYLrSvg0L-_fomtzF94e-Ac?width=1200&height=817
18-02-2021,8.980451584,9.279174805,8.232871056,8.232871056,77306770,104,Solana,SOL-USD,Crypto,Cryptocurrency,https://1drv.ms/i/c/8705623eb284e7df/IQRt4HhalyF5QI9kSBm4wz0BAYLrSvg0L-_fomtzF94e-Ac?width=1200&height=817
19-02-2021,11.46565342,11.68057728,8.556981087,8.979969978,261175711,104,Solana,SOL-USD,Crypto,Cryptocurrency,https://1drv.ms/i/c/8705623eb284e7df/IQRt4HhalyF5QI9kSBm4wz0BAYLrSvg0L-_fomtzF94e-Ac?width=1200&height=817
20-02-2021,10.00266361,11.78673744,9.815854073,11.47808743,140264810,104,Solana,SOL-USD,Crypto,Cryptocurrency,https://1drv.ms/i/c/8705623eb284e7df/IQRt4HhalyF5QI9kSBm4wz0BAYLrSvg0L-_fomtzF94e-Ac?width=1200&height=817
21-02-2021,11.08551311,11.64028931,9.887046814,9.987549782,137742366,104,Solana,SOL-USD,Crypto,Cryptocurrency,https://1drv.ms/i/c/8705623eb284e7df/IQRt4HhalyF5QI9kSBm4wz0BAYLrSvg0L-_fomtzF94e-Ac?width=1200&height=817
22-02-2021,14.45478535,14.54564095,9.255904198,11.07303619,574136241,104,Solana,SOL-USD,Crypto,Cryptocurrency,https://1drv.ms/i/c/8705623eb284e7df/IQRt4HhalyF5QI9kSBm4wz0BAYLrSvg0L-_fomtzF94e-Ac?width=1200&height=817
23-02-2021,15.20153809,15.74337101,11.59989357,14.42162609,485252846,104,Solana,SOL-USD,Crypto,Cryptocurrency,https://1drv.ms/i/c/8705623eb284e7df/IQRt4HhalyF5QI9kSBm4wz0BAYLrSvg0L-_fomtzF94e-Ac?width=1200&height=817
24-02-2021,17.30270767,18.1466217,14.86179924,15.21384239,375439707,104,Solana,SOL-USD,Crypto,Cryptocurrency,https://1drv.ms/i/c/8705623eb284e7df/IQRt4HhalyF5QI9kSBm4wz0BAYLrSvg0L-_fomtzF94e-Ac?width=1200&height=817
25-02-2021,13.81601429,17.69544411,13.79591274,17.23018265,364505276,104,Solana,SOL-USD,Crypto,Cryptocurrency,https://1drv.ms/i/c/8705623eb284e7df/IQRt4HhalyF5QI9kSBm4wz0BAYLrSvg0L-_fomtzF94e-Ac?width=1200&height=817
26-02-2021,13.58794117,15.48370457,13.12014103,13.86589146,289687328,104,Solana,SOL-USD,Crypto,Cryptocurrency,https://1drv.ms/i/c/8705623eb284e7df/IQRt4HhalyF5QI9kSBm4wz0BAYLrSvg0L-_fomtzF94e-Ac?width=1200&height=817
27-02-2021,13.20116806,14.61206532,13.05727291,13.60157394,247640940,104,Solana,SOL-USD,Crypto,Cryptocurrency,https://1drv.ms/i/c/8705623eb284e7df/IQRt4HhalyF5QI9kSBm4wz0BAYLrSvg0L-_fomtzF94e-Ac?width=1200&height=817
28-02-2021,13.08924675,13.77901554,11.4899826,13.20776653,300493226,104,Solana,SOL-USD,Crypto,Cryptocurrency,https://1drv.ms/i/c/8705623eb284e7df/IQRt4HhalyF5QI9kSBm4wz0BAYLrSvg0L-_fomtzF94e-Ac?width=1200&height=817
01-03-2021,14.95558834,15.51605701,13.05738544,13.10843468,306451693,104,Solana,SOL-USD,Crypto,Cryptocurrency,https://1drv.ms/i/c/8705623eb284e7df/IQRt4HhalyF5QI9kSBm4wz0BAYLrSvg0L-_fomtzF94e-Ac?width=1200&height=817
02-03-2021,13.95892143,15.22412491,13.46074867,14.96684456,178549852,104,Solana,SOL-USD,Crypto,Cryptocurrency,https://1drv.ms/i/c/8705623eb284e7df/IQRt4HhalyF5QI9kSBm4wz0BAYLrSvg0L-_fomtzF94e-Ac?width=1200&height=817
03-03-2021,14.11559105,14.72935867,13.76704884,13.96354008,153830742,104,Solana,SOL-USD,Crypto,Cryptocurrency,https://1drv.ms/i/c/8705623eb284e7df/IQRt4HhalyF5QI9kSBm4wz0BAYLrSvg0L-_fomtzF94e-Ac?width=1200&height=817
04-03-2021,13.09798336,14.26036072,12.7712698,14.09486675,116364466,104,Solana,SOL-USD,Crypto,Cryptocurrency,https://1drv.ms/i/c/8705623eb284e7df/IQRt4HhalyF5QI9kSBm4wz0BAYLrSvg0L-_fomtzF94e-Ac?width=1200&height=817
05-03-2021,12.61044312,13.07986164,12.18460846,13.06630611,90978408,104,Solana,SOL-USD,Crypto,Cryptocurrency,https://1drv.ms/i/c/8705623eb284e7df/IQRt4HhalyF5QI9kSBm4wz0BAYLrSvg0L-_fomtzF94e-Ac?width=1200&height=817
06-03-2021,13.03645802,13.27048111,11.90122795,12.56993675,118851546,104,Solana,SOL-USD,Crypto,Cryptocurrency,https://1drv.ms/i/c/8705623eb284e7df/IQRt4HhalyF5QI9kSBm4wz0BAYLrSvg0L-_fomtzF94e-Ac?width=1200&height=817
07-03-2021,13.87773228,13.99690342,12.72638512,13.04392719,117548176,104,Solana,SOL-USD,Crypto,Cryptocurrency,https://1drv.ms/i/c/8705623eb284e7df/IQRt4HhalyF5QI9kSBm4wz0BAYLrSvg0L-_fomtzF94e-Ac?width=1200&height=817
08-03-2021,13.60218811,13.87082577,13.08228874,13.82681465,115525659,104,Solana,SOL-USD,Crypto,Cryptocurrency,https://1drv.ms/i/c/8705623eb284e7df/IQRt4HhalyF5QI9kSBm4wz0BAYLrSvg0L-_fomtzF94e-Ac?width=1200&height=817
09-03-2021,14.84631062,14.98644447,13.32018661,13.61529064,134867044,104,Solana,SOL-USD,Crypto,Cryptocurrency,https://1drv.ms/i/c/8705623eb284e7df/IQRt4HhalyF5QI9kSBm4wz0BAYLrSvg0L-_fomtzF94e-Ac?width=1200&height=817
10-03-2021,14.23108387,15.18793774,14.07906437,14.85092926,103150901,104,Solana,SOL-USD,Crypto,Cryptocurrency,https://1drv.ms/i/c/8705623eb284e7df/IQRt4HhalyF5QI9kSBm4wz0BAYLrSvg0L-_fomtzF94e-Ac?width=1200&height=817
11-03-2021,15.99227905,16.23939896,13.70422554,14.21983719,229272516,104,Solana,SOL-USD,Crypto,Cryptocurrency,https://1drv.ms/i/c/8705623eb284e7df/IQRt4HhalyF5QI9kSBm4wz0BAYLrSvg0L-_fomtzF94e-Ac?width=1200&height=817
12-03-2021,14.55214214,16.48579597,14.11122894,16.0209198,185287457,104,Solana,SOL-USD,Crypto,Cryptocurrency,https://1drv.ms/i/c/8705623eb284e7df/IQRt4HhalyF5QI9kSBm4wz0BAYLrSvg0L-_fomtzF94e-Ac?width=1200&height=817
13-03-2021,15.3088026,15.39439774,13.92005634,14.56380272,145102757,104,Solana,SOL-USD,Crypto,Cryptocurrency,https://1drv.ms/i/c/8705623eb284e7df/IQRt4HhalyF5QI9kSBm4wz0BAYLrSvg0L-_fomtzF94e-Ac?width=1200&height=817
14-03-2021,14.50826645,15.34983158,14.37876415,15.30158138,90232804,104,Solana,SOL-USD,Crypto,Cryptocurrency,https://1drv.ms/i/c/8705623eb284e7df/IQRt4HhalyF5QI9kSBm4wz0BAYLrSvg0L-_fomtzF94e-Ac?width=1200&height=817
15-03-2021,14.18666172,14.79047298,13.69805717,14.47712708,102600692,104,Solana,SOL-USD,Crypto,Cryptocurrency,https://1drv.ms/i/c/8705623eb284e7df/IQRt4HhalyF5QI9kSBm4wz0BAYLrSvg0L-_fomtzF94e-Ac?width=1200&height=817
16-03-2021,13.62277317,14.28289604,13.22981453,14.16391182,112303590,104,Solana,SOL-USD,Crypto,Cryptocurrency,https://1drv.ms/i/c/8705623eb284e7df/IQRt4HhalyF5QI9kSBm4wz0BAYLrSvg0L-_fomtzF94e-Ac?width=1200&height=817
17-03-2021,14.2202034,14.26679707,13.1305294,13.63496399,94696339,104,Solana,SOL-USD,Crypto,Cryptocurrency,https://1drv.ms/i/c/8705623eb284e7df/IQRt4HhalyF5QI9kSBm4wz0BAYLrSvg0L-_fomtzF94e-Ac?width=1200&height=817
18-03-2021,14.23002529,14.74547672,13.82728386,14.21067715,79074263,104,Solana,SOL-USD,Crypto,Cryptocurrency,https://1drv.ms/i/c/8705623eb284e7df/IQRt4HhalyF5QI9kSBm4wz0BAYLrSvg0L-_fomtzF94e-Ac?width=1200&height=817
19-03-2021,14.20479584,14.48821926,13.93245792,14.2326498,68715211,104,Solana,SOL-USD,Crypto,Cryptocurrency,https://1drv.ms/i/c/8705623eb284e7df/IQRt4HhalyF5QI9kSBm4wz0BAYLrSvg0L-_fomtzF94e-Ac?width=1200&height=817
20-03-2021,14.21198082,14.97821808,14.15204525,14.19582558,68049683,104,Solana,SOL-USD,Crypto,Cryptocurrency,https://1drv.ms/i/c/8705623eb284e7df/IQRt4HhalyF5QI9kSBm4wz0BAYLrSvg0L-_fomtzF94e-Ac?width=1200&height=817
21-03-2021,14.33220577,14.36572266,13.6682539,14.21832848,64229338,104,Solana,SOL-USD,Crypto,Cryptocurrency,https://1drv.ms/i/c/8705623eb284e7df/IQRt4HhalyF5QI9kSBm4wz0BAYLrSvg0L-_fomtzF94e-Ac?width=1200&height=817
22-03-2021,14.9192934,16.59987259,14.20288563,14.3502779,260995136,104,Solana,SOL-USD,Crypto,Cryptocurrency,https://1drv.ms/i/c/8705623eb284e7df/IQRt4HhalyF5QI9kSBm4wz0BAYLrSvg0L-_fomtzF94e-Ac?width=1200&height=817
23-03-2021,14.20483112,15.24370861,14.09705734,14.84861946,106780662,104,Solana,SOL-USD,Crypto,Cryptocurrency,https://1drv.ms/i/c/8705623eb284e7df/IQRt4HhalyF5QI9kSBm4wz0BAYLrSvg0L-_fomtzF94e-Ac?width=1200&height=817
24-03-2021,13.6612978,15.37143135,13.6612978,14.19039631,118813690,104,Solana,SOL-USD,Crypto,Cryptocurrency,https://1drv.ms/i/c/8705623eb284e7df/IQRt4HhalyF5QI9kSBm4wz0BAYLrSvg0L-_fomtzF94e-Ac?width=1200&height=817
25-03-2021,13.02508545,13.70524979,12.61472511,13.65058613,116277943,104,Solana,SOL-USD,Crypto,Cryptocurrency,https://1drv.ms/i/c/8705623eb284e7df/IQRt4HhalyF5QI9kSBm4wz0BAYLrSvg0L-_fomtzF94e-Ac?width=1200&height=817
26-03-2021,14.77942085,14.80429363,12.37045765,13.01952839,149987319,104,Solana,SOL-USD,Crypto,Cryptocurrency,https://1drv.ms/i/c/8705623eb284e7df/IQRt4HhalyF5QI9kSBm4wz0BAYLrSvg0L-_fomtzF94e-Ac?width=1200&height=817
27-03-2021,16.50832176,16.80416489,14.75804615,14.7862463,223872587,104,Solana,SOL-USD,Crypto,Cryptocurrency,https://1drv.ms/i/c/8705623eb284e7df/IQRt4HhalyF5QI9kSBm4wz0BAYLrSvg0L-_fomtzF94e-Ac?width=1200&height=817
28-03-2021,18.01623344,19.3860054,16.34500885,16.47942352,426120062,104,Solana,SOL-USD,Crypto,Cryptocurrency,https://1drv.ms/i/c/8705623eb284e7df/IQRt4HhalyF5QI9kSBm4wz0BAYLrSvg0L-_fomtzF94e-Ac?width=1200&height=817
29-03-2021,18.85480881,18.98784256,17.70036316,18.08330345,216748601,104,Solana,SOL-USD,Crypto,Cryptocurrency,https://1drv.ms/i/c/8705623eb284e7df/IQRt4HhalyF5QI9kSBm4wz0BAYLrSvg0L-_fomtzF94e-Ac?width=1200&height=817
30-03-2021,19.23392487,20.86947441,18.8914032,18.8914032,264028427,104,Solana,SOL-USD,Crypto,Cryptocurrency,https://1drv.ms/i/c/8705623eb284e7df/IQRt4HhalyF5QI9kSBm4wz0BAYLrSvg0L-_fomtzF94e-Ac?width=1200&height=817
31-03-2021,19.46522903,19.79580116,18.15625572,19.10168457,206011018,104,Solana,SOL-USD,Crypto,Cryptocurrency,https://1drv.ms/i/c/8705623eb284e7df/IQRt4HhalyF5QI9kSBm4wz0BAYLrSvg0L-_fomtzF94e-Ac?width=1200&height=817
01-04-2021,19.08490181,20.36153984,18.84424591,19.41568184,173731886,104,Solana,SOL-USD,Crypto,Cryptocurrency,https://1drv.ms/i/c/8705623eb284e7df/IQRt4HhalyF5QI9kSBm4wz0BAYLrSvg0L-_fomtzF94e-Ac?width=1200&height=817
02-04-2021,19.81022263,19.82457352,18.5684185,19.08463097,131061660,104,Solana,SOL-USD,Crypto,Cryptocurrency,https://1drv.ms/i/c/8705623eb284e7df/IQRt4HhalyF5QI9kSBm4wz0BAYLrSvg0L-_fomtzF94e-Ac?width=1200&height=817
03-04-2021,22.55227661,23.82718849,19.78944969,19.79645157,483057740,104,Solana,SOL-USD,Crypto,Cryptocurrency,https://1drv.ms/i/c/8705623eb284e7df/IQRt4HhalyF5QI9kSBm4wz0BAYLrSvg0L-_fomtzF94e-Ac?width=1200&height=817
04-04-2021,24.06132317,25.56953239,22.21296883,22.52737045,426557980,104,Solana,SOL-USD,Crypto,Cryptocurrency,https://1drv.ms/i/c/8705623eb284e7df/IQRt4HhalyF5QI9kSBm4wz0BAYLrSvg0L-_fomtzF94e-Ac?width=1200&height=817
05-04-2021,22.98428345,24.77763748,22.8064518,23.92883873,264085329,104,Solana,SOL-USD,Crypto,Cryptocurrency,https://1drv.ms/i/c/8705623eb284e7df/IQRt4HhalyF5QI9kSBm4wz0BAYLrSvg0L-_fomtzF94e-Ac?width=1200&height=817
06-04-2021,24.95714569,25.34652519,21.87661362,22.97784042,320886935,104,Solana,SOL-USD,Crypto,Cryptocurrency,https://1drv.ms/i/c/8705623eb284e7df/IQRt4HhalyF5QI9kSBm4wz0BAYLrSvg0L-_fomtzF94e-Ac?width=1200&height=817
07-04-2021,26.47808075,27.48761559,23.08935928,25.14555931,676846221,104,Solana,SOL-USD,Crypto,Cryptocurrency,https://1drv.ms/i/c/8705623eb284e7df/IQRt4HhalyF5QI9kSBm4wz0BAYLrSvg0L-_fomtzF94e-Ac?width=1200&height=817
08-04-2021,27.03398705,27.97001076,25.72493553,26.51459312,377988327,104,Solana,SOL-USD,Crypto,Cryptocurrency,https://1drv.ms/i/c/8705623eb284e7df/IQRt4HhalyF5QI9kSBm4wz0BAYLrSvg0L-_fomtzF94e-Ac?width=1200&height=817
09-04-2021,27.77827454,29.01473427,26.90382576,26.9858036,282477938,104,Solana,SOL-USD,Crypto,Cryptocurrency,https://1drv.ms/i/c/8705623eb284e7df/IQRt4HhalyF5QI9kSBm4wz0BAYLrSvg0L-_fomtzF94e-Ac?width=1200&height=817
10-04-2021,26.84140396,28.25797081,25.96322632,27.64971161,270235258,104,Solana,SOL-USD,Crypto,Cryptocurrency,https://1drv.ms/i/c/8705623eb284e7df/IQRt4HhalyF5QI9kSBm4wz0BAYLrSvg0L-_fomtzF94e-Ac?width=1200&height=817
11-04-2021,27.93189049,28.68722725,25.57831955,26.80805016,232938762,104,Solana,SOL-USD,Crypto,Cryptocurrency,https://1drv.ms/i/c/8705623eb284e7df/IQRt4HhalyF5QI9kSBm4wz0BAYLrSvg0L-_fomtzF94e-Ac?width=1200&height=817
12-04-2021,28.51212311,29.86230278,26.84274292,27.91836739,308804546,104,Solana,SOL-USD,Crypto,Cryptocurrency,https://1drv.ms/i/c/8705623eb284e7df/IQRt4HhalyF5QI9kSBm4wz0BAYLrSvg0L-_fomtzF94e-Ac?width=1200&height=817
13-04-2021,27.4355526,28.79794121,26.41760254,28.54101181,258183912,104,Solana,SOL-USD,Crypto,Cryptocurrency,https://1drv.ms/i/c/8705623eb284e7df/IQRt4HhalyF5QI9kSBm4wz0BAYLrSvg0L-_fomtzF94e-Ac?width=1200&height=817
14-04-2021,26.47511101,27.48269272,24.7920208,27.40000534,342565805,104,Solana,SOL-USD,Crypto,Cryptocurrency,https://1drv.ms/i/c/8705623eb284e7df/IQRt4HhalyF5QI9kSBm4wz0BAYLrSvg0L-_fomtzF94e-Ac?width=1200&height=817
15-04-2021,27.8183136,28.24939919,25.53941536,26.43684387,221346739,104,Solana,SOL-USD,Crypto,Cryptocurrency,https://1drv.ms/i/c/8705623eb284e7df/IQRt4HhalyF5QI9kSBm4wz0BAYLrSvg0L-_fomtzF94e-Ac?width=1200&height=817
16-04-2021,25.39736557,28.22687912,24.97291756,27.82032394,240665351,104,Solana,SOL-USD,Crypto,Cryptocurrency,https://1drv.ms/i/c/8705623eb284e7df/IQRt4HhalyF5QI9kSBm4wz0BAYLrSvg0L-_fomtzF94e-Ac?width=1200&height=817
17-04-2021,25.0998745,26.819767,25.0998745,25.36920547,201720376,104,Solana,SOL-USD,Crypto,Cryptocurrency,https://1drv.ms/i/c/8705623eb284e7df/IQRt4HhalyF5QI9kSBm4wz0BAYLrSvg0L-_fomtzF94e-Ac?width=1200&height=817
18-04-2021,32.30291748,32.90256882,21.53920937,25.13550186,1155150688,104,Solana,SOL-USD,Crypto,Cryptocurrency,https://1drv.ms/i/c/8705623eb284e7df/IQRt4HhalyF5QI9kSBm4wz0BAYLrSvg0L-_fomtzF94e-Ac?width=1200&height=817
19-04-2021,31.67589569,36.08025742,29.92590714,32.33952332,1219130981,104,Solana,SOL-USD,Crypto,Cryptocurrency,https://1drv.ms/i/c/8705623eb284e7df/IQRt4HhalyF5QI9kSBm4wz0BAYLrSvg0L-_fomtzF94e-Ac?width=1200&height=817
20-04-2021,31.77005386,32.69721985,28.93257141,31.47628975,793008154,104,Solana,SOL-USD,Crypto,Cryptocurrency,https://1drv.ms/i/c/8705623eb284e7df/IQRt4HhalyF5QI9kSBm4wz0BAYLrSvg0L-_fomtzF94e-Ac?width=1200&height=817
21-04-2021,32.51304245,35.00430298,30.16749191,31.68153763,729130141,104,Solana,SOL-USD,Crypto,Cryptocurrency,https://1drv.ms/i/c/8705623eb284e7df/IQRt4HhalyF5QI9kSBm4wz0BAYLrSvg0L-_fomtzF94e-Ac?width=1200&height=817
22-04-2021,38.87976074,40.97186279,31.60069084,32.68342972,1638622971,104,Solana,SOL-USD,Crypto,Cryptocurrency,https://1drv.ms/i/c/8705623eb284e7df/IQRt4HhalyF5QI9kSBm4wz0BAYLrSvg0L-_fomtzF94e-Ac?width=1200&height=817
23-04-2021,36.97842026,41.46326065,31.6642704,38.89918137,1612232268,104,Solana,SOL-USD,Crypto,Cryptocurrency,https://1drv.ms/i/c/8705623eb284e7df/IQRt4HhalyF5QI9kSBm4wz0BAYLrSvg0L-_fomtzF94e-Ac?width=1200&height=817
24-04-2021,40.73731613,43.53222275,34.68329239,37.25749588,1101380795,104,Solana,SOL-USD,Crypto,Cryptocurrency,https://1drv.ms/i/c/8705623eb284e7df/IQRt4HhalyF5QI9kSBm4wz0BAYLrSvg0L-_fomtzF94e-Ac?width=1200&height=817
25-04-2021,47.36762619,48.43426514,40.5120163,40.84547043,1583800800,104,Solana,SOL-USD,Crypto,Cryptocurrency,https://1drv.ms/i/c/8705623eb284e7df/IQRt4HhalyF5QI9kSBm4wz0BAYLrSvg0L-_fomtzF94e-Ac?width=1200&height=817
26-04-2021,43.97651672,48.31078339,43.37172699,47.54185486,1357487872,104,Solana,SOL-USD,Crypto,Cryptocurrency,https://1drv.ms/i/c/8705623eb284e7df/IQRt4HhalyF5QI9kSBm4wz0BAYLrSvg0L-_fomtzF94e-Ac?width=1200&height=817
27-04-2021,43.23900223,46.54861069,42.55732727,43.89356995,904891996,104,Solana,SOL-USD,Crypto,Cryptocurrency,https://1drv.ms/i/c/8705623eb284e7df/IQRt4HhalyF5QI9kSBm4wz0BAYLrSvg0L-_fomtzF94e-Ac?width=1200&height=817
28-04-2021,44.82598495,46.91656494,40.67207336,43.1614418,1021154320,104,Solana,SOL-USD,Crypto,Cryptocurrency,https://1drv.ms/i/c/8705623eb284e7df/IQRt4HhalyF5QI9kSBm4wz0BAYLrSvg0L-_fomtzF94e-Ac?width=1200&height=817
29-04-2021,42.46054077,46.07149124,40.95098495,44.84994888,772259307,104,Solana,SOL-USD,Crypto,Cryptocurrency,https://1drv.ms/i/c/8705623eb284e7df/IQRt4HhalyF5QI9kSBm4wz0BAYLrSvg0L-_fomtzF94e-Ac?width=1200&height=817
30-04-2021,42.95600128,44.27015305,41.24350357,42.50004578,534976437,104,Solana,SOL-USD,Crypto,Cryptocurrency,https://1drv.ms/i/c/8705623eb284e7df/IQRt4HhalyF5QI9kSBm4wz0BAYLrSvg0L-_fomtzF94e-Ac?width=1200&height=817
01-05-2021,49.50802231,49.84457779,42.03086472,42.89333725,859524423,104,Solana,SOL-USD,Crypto,Cryptocurrency,https://1drv.ms/i/c/8705623eb284e7df/IQRt4HhalyF5QI9kSBm4wz0BAYLrSvg0L-_fomtzF94e-Ac?width=1200&height=817
02-05-2021,46.8909874,49.8966713,45.98182297,49.5008049,571072187,104,Solana,SOL-USD,Crypto,Cryptocurrency,https://1drv.ms/i/c/8705623eb284e7df/IQRt4HhalyF5QI9kSBm4wz0BAYLrSvg0L-_fomtzF94e-Ac?width=1200&height=817
03-05-2021,45.93368912,49.00945282,45.04447556,46.90397644,609194252,104,Solana,SOL-USD,Crypto,Cryptocurrency,https://1drv.ms/i/c/8705623eb284e7df/IQRt4HhalyF5QI9kSBm4wz0BAYLrSvg0L-_fomtzF94e-Ac?width=1200&height=817
04-05-2021,42.72955704,47.75715637,42.31310272,45.98336029,682976428,104,Solana,SOL-USD,Crypto,Cryptocurrency,https://1drv.ms/i/c/8705623eb284e7df/IQRt4HhalyF5QI9kSBm4wz0BAYLrSvg0L-_fomtzF94e-Ac?width=1200&height=817
05-05-2021,44.92357635,45.9277916,42.31573486,42.63723755,503781975,104,Solana,SOL-USD,Crypto,Cryptocurrency,https://1drv.ms/i/c/8705623eb284e7df/IQRt4HhalyF5QI9kSBm4wz0BAYLrSvg0L-_fomtzF94e-Ac?width=1200&height=817
06-05-2021,43.45567703,44.97405243,42.59158325,44.97405243,391497018,104,Solana,SOL-USD,Crypto,Cryptocurrency,https://1drv.ms/i/c/8705623eb284e7df/IQRt4HhalyF5QI9kSBm4wz0BAYLrSvg0L-_fomtzF94e-Ac?width=1200&height=817
07-05-2021,43.15501785,46.05956268,41.43837357,43.50265503,514344601,104,Solana,SOL-USD,Crypto,Cryptocurrency,https://1drv.ms/i/c/8705623eb284e7df/IQRt4HhalyF5QI9kSBm4wz0BAYLrSvg0L-_fomtzF94e-Ac?width=1200&height=817
08-05-2021,45.56153107,46.63902664,42.29801941,43.15206528,451056655,104,Solana,SOL-USD,Crypto,Cryptocurrency,https://1drv.ms/i/c/8705623eb284e7df/IQRt4HhalyF5QI9kSBm4wz0BAYLrSvg0L-_fomtzF94e-Ac?width=1200&height=817
09-05-2021,44.33019638,47.12121582,43.29694366,45.61763,510603312,104,Solana,SOL-USD,Crypto,Cryptocurrency,https://1drv.ms/i/c/8705623eb284e7df/IQRt4HhalyF5QI9kSBm4wz0BAYLrSvg0L-_fomtzF94e-Ac?width=1200&height=817
10-05-2021,42.90963364,45.87750244,39.55884933,44.34209442,499528076,104,Solana,SOL-USD,Crypto,Cryptocurrency,https://1drv.ms/i/c/8705623eb284e7df/IQRt4HhalyF5QI9kSBm4wz0BAYLrSvg0L-_fomtzF94e-Ac?width=1200&height=817
11-05-2021,44.57746887,45.15120316,39.76296997,42.87227249,473731333,104,Solana,SOL-USD,Crypto,Cryptocurrency,https://1drv.ms/i/c/8705623eb284e7df/IQRt4HhalyF5QI9kSBm4wz0BAYLrSvg0L-_fomtzF94e-Ac?width=1200&height=817
12-05-2021,42.45730972,48.97903442,42.45730972,44.59152603,1151668076,104,Solana,SOL-USD,Crypto,Cryptocurrency,https://1drv.ms/i/c/8705623eb284e7df/IQRt4HhalyF5QI9kSBm4wz0BAYLrSvg0L-_fomtzF94e-Ac?width=1200&height=817
13-05-2021,40.99785233,45.417099,37.52689362,43.23508453,1016860656,104,Solana,SOL-USD,Crypto,Cryptocurrency,https://1drv.ms/i/c/8705623eb284e7df/IQRt4HhalyF5QI9kSBm4wz0BAYLrSvg0L-_fomtzF94e-Ac?width=1200&height=817
14-05-2021,42.71786499,44.79143524,39.98605347,41.0345192,504167711,104,Solana,SOL-USD,Crypto,Cryptocurrency,https://1drv.ms/i/c/8705623eb284e7df/IQRt4HhalyF5QI9kSBm4wz0BAYLrSvg0L-_fomtzF94e-Ac?width=1200&height=817
15-05-2021,43.46130753,45.39178848,39.37460709,42.69994736,500445722,104,Solana,SOL-USD,Crypto,Cryptocurrency,https://1drv.ms/i/c/8705623eb284e7df/IQRt4HhalyF5QI9kSBm4wz0BAYLrSvg0L-_fomtzF94e-Ac?width=1200&height=817
16-05-2021,47.20082855,52.5013504,41.91549683,43.40169144,1990976771,104,Solana,SOL-USD,Crypto,Cryptocurrency,https://1drv.ms/i/c/8705623eb284e7df/IQRt4HhalyF5QI9kSBm4wz0BAYLrSvg0L-_fomtzF94e-Ac?width=1200&height=817
17-05-2021,46.86320496,51.87602997,43.30291748,46.8980217,1951921366,104,Solana,SOL-USD,Crypto,Cryptocurrency,https://1drv.ms/i/c/8705623eb284e7df/IQRt4HhalyF5QI9kSBm4wz0BAYLrSvg0L-_fomtzF94e-Ac?width=1200&height=817
18-05-2021,55.91096115,58.30292511,46.18755722,46.66041946,2025388219,104,Solana,SOL-USD,Crypto,Cryptocurrency,https://1drv.ms/i/c/8705623eb284e7df/IQRt4HhalyF5QI9kSBm4wz0BAYLrSvg0L-_fomtzF94e-Ac?width=1200&height=817
19-05-2021,35.10718155,57.52577209,29.42985916,56.08925629,2772224999,104,Solana,SOL-USD,Crypto,Cryptocurrency,https://1drv.ms/i/c/8705623eb284e7df/IQRt4HhalyF5QI9kSBm4wz0BAYLrSvg0L-_fomtzF94e-Ac?width=1200&height=817
20-05-2021,44.74274826,51.25844955,32.31814194,35.04304504,2487748626,104,Solana,SOL-USD,Crypto,Cryptocurrency,https://1drv.ms/i/c/8705623eb284e7df/IQRt4HhalyF5QI9kSBm4wz0BAYLrSvg0L-_fomtzF94e-Ac?width=1200&height=817
21-05-2021,38.81285095,47.64559174,33.83739471,44.44725418,1769762028,104,Solana,SOL-USD,Crypto,Cryptocurrency,https://1drv.ms/i/c/8705623eb284e7df/IQRt4HhalyF5QI9kSBm4wz0BAYLrSvg0L-_fomtzF94e-Ac?width=1200&height=817
22-05-2021,31.31558228,40.0095787,31.25486183,38.98838043,1078751751,104,Solana,SOL-USD,Crypto,Cryptocurrency,https://1drv.ms/i/c/8705623eb284e7df/IQRt4HhalyF5QI9kSBm4wz0BAYLrSvg0L-_fomtzF94e-Ac?width=1200&height=817
23-05-2021,24.68874741,32.43626785,19.13983917,31.22576714,1925832341,104,Solana,SOL-USD,Crypto,Cryptocurrency,https://1drv.ms/i/c/8705623eb284e7df/IQRt4HhalyF5QI9kSBm4wz0BAYLrSvg0L-_fomtzF94e-Ac?width=1200&height=817
24-05-2021,31.28357124,32.0944519,24.49831963,24.49831963,1346786023,104,Solana,SOL-USD,Crypto,Cryptocurrency,https://1drv.ms/i/c/8705623eb284e7df/IQRt4HhalyF5QI9kSBm4wz0BAYLrSvg0L-_fomtzF94e-Ac?width=1200&height=817
25-05-2021,29.99707794,33.13012695,26.10007477,31.39634705,909470305,104,Solana,SOL-USD,Crypto,Cryptocurrency,https://1drv.ms/i/c/8705623eb284e7df/IQRt4HhalyF5QI9kSBm4wz0BAYLrSvg0L-_fomtzF94e-Ac?width=1200&height=817
26-05-2021,35.53981781,37.23763657,29.00855446,30.0479908,1069991365,104,Solana,SOL-USD,Crypto,Cryptocurrency,https://1drv.ms/i/c/8705623eb284e7df/IQRt4HhalyF5QI9kSBm4wz0BAYLrSvg0L-_fomtzF94e-Ac?width=1200&height=817
27-05-2021,33.58459091,35.52705002,31.1271286,35.48244858,649389058,104,Solana,SOL-USD,Crypto,Cryptocurrency,https://1drv.ms/i/c/8705623eb284e7df/IQRt4HhalyF5QI9kSBm4wz0BAYLrSvg0L-_fomtzF94e-Ac?width=1200&height=817
28-05-2021,29.03927612,34.50250626,28.06714439,33.67552567,600255582,104,Solana,SOL-USD,Crypto,Cryptocurrency,https://1drv.ms/i/c/8705623eb284e7df/IQRt4HhalyF5QI9kSBm4wz0BAYLrSvg0L-_fomtzF94e-Ac?width=1200&height=817
29-05-2021,27.37642097,30.02233887,25.75094032,29.00312996,376859866,104,Solana,SOL-USD,Crypto,Cryptocurrency,https://1drv.ms/i/c/8705623eb284e7df/IQRt4HhalyF5QI9kSBm4wz0BAYLrSvg0L-_fomtzF94e-Ac?width=1200&height=817
30-05-2021,28.60265923,29.74925423,25.65029335,27.40831566,359661704,104,Solana,SOL-USD,Crypto,Cryptocurrency,https://1drv.ms/i/c/8705623eb284e7df/IQRt4HhalyF5QI9kSBm4wz0BAYLrSvg0L-_fomtzF94e-Ac?width=1200&height=817
31-05-2021,32.81624603,32.98358917,27.52474594,28.60424042,534826504,104,Solana,SOL-USD,Crypto,Cryptocurrency,https://1drv.ms/i/c/8705623eb284e7df/IQRt4HhalyF5QI9kSBm4wz0BAYLrSvg0L-_fomtzF94e-Ac?width=1200&height=817
01-06-2021,30.98526001,33.28991699,29.88017273,32.77088547,432053117,104,Solana,SOL-USD,Crypto,Cryptocurrency,https://1drv.ms/i/c/8705623eb284e7df/IQRt4HhalyF5QI9kSBm4wz0BAYLrSvg0L-_fomtzF94e-Ac?width=1200&height=817
02-06-2021,33.9563179,35.0381546,30.43285751,30.93523788,497567418,104,Solana,SOL-USD,Crypto,Cryptocurrency,https://1drv.ms/i/c/8705623eb284e7df/IQRt4HhalyF5QI9kSBm4wz0BAYLrSvg0L-_fomtzF94e-Ac?width=1200&height=817
03-06-2021,39.4709053,41.14537811,33.79223251,34.0187149,960056106,104,Solana,SOL-USD,Crypto,Cryptocurrency,https://1drv.ms/i/c/8705623eb284e7df/IQRt4HhalyF5QI9kSBm4wz0BAYLrSvg0L-_fomtzF94e-Ac?width=1200&height=817
04-06-2021,37.41506958,39.60986328,34.31090164,39.58130264,1056279506,104,Solana,SOL-USD,Crypto,Cryptocurrency,https://1drv.ms/i/c/8705623eb284e7df/IQRt4HhalyF5QI9kSBm4wz0BAYLrSvg0L-_fomtzF94e-Ac?width=1200&height=817
05-06-2021,39.58539963,42.8226738,37.09910965,37.41737747,1112426664,104,Solana,SOL-USD,Crypto,Cryptocurrency,https://1drv.ms/i/c/8705623eb284e7df/IQRt4HhalyF5QI9kSBm4wz0BAYLrSvg0L-_fomtzF94e-Ac?width=1200&height=817
06-06-2021,42.30837631,43.37719345,38.96399689,39.74912643,794387364,104,Solana,SOL-USD,Crypto,Cryptocurrency,https://1drv.ms/i/c/8705623eb284e7df/IQRt4HhalyF5QI9kSBm4wz0BAYLrSvg0L-_fomtzF94e-Ac?width=1200&height=817
07-06-2021,38.26233292,44.10055923,38.09083939,42.25367737,923157614,104,Solana,SOL-USD,Crypto,Cryptocurrency,https://1drv.ms/i/c/8705623eb284e7df/IQRt4HhalyF5QI9kSBm4wz0BAYLrSvg0L-_fomtzF94e-Ac?width=1200&height=817
08-06-2021,41.51781464,42.47829056,33.68545914,38.25127029,1786996802,104,Solana,SOL-USD,Crypto,Cryptocurrency,https://1drv.ms/i/c/8705623eb284e7df/IQRt4HhalyF5QI9kSBm4wz0BAYLrSvg0L-_fomtzF94e-Ac?width=1200&height=817
09-06-2021,42.03177643,43.99756622,39.36863327,41.27979279,1218831041,104,Solana,SOL-USD,Crypto,Cryptocurrency,https://1drv.ms/i/c/8705623eb284e7df/IQRt4HhalyF5QI9kSBm4wz0BAYLrSvg0L-_fomtzF94e-Ac?width=1200&height=817
10-06-2021,41.09867477,43.00490952,39.59678268,42.02403641,595246689,104,Solana,SOL-USD,Crypto,Cryptocurrency,https://1drv.ms/i/c/8705623eb284e7df/IQRt4HhalyF5QI9kSBm4wz0BAYLrSvg0L-_fomtzF94e-Ac?width=1200&height=817
11-06-2021,36.04608536,41.31248474,35.31117249,41.1101532,518666603,104,Solana,SOL-USD,Crypto,Cryptocurrency,https://1drv.ms/i/c/8705623eb284e7df/IQRt4HhalyF5QI9kSBm4wz0BAYLrSvg0L-_fomtzF94e-Ac?width=1200&height=817
12-06-2021,36.44168854,37.61422348,34.3181572,36.16435242,549070417,104,Solana,SOL-USD,Crypto,Cryptocurrency,https://1drv.ms/i/c/8705623eb284e7df/IQRt4HhalyF5QI9kSBm4wz0BAYLrSvg0L-_fomtzF94e-Ac?width=1200&height=817
13-06-2021,38.77043533,39.35997391,34.7829895,36.51470947,452988674,104,Solana,SOL-USD,Crypto,Cryptocurrency,https://1drv.ms/i/c/8705623eb284e7df/IQRt4HhalyF5QI9kSBm4wz0BAYLrSvg0L-_fomtzF94e-Ac?width=1200&height=817
14-06-2021,38.71305466,40.47652054,36.81413269,38.70452118,477871463,104,Solana,SOL-USD,Crypto,Cryptocurrency,https://1drv.ms/i/c/8705623eb284e7df/IQRt4HhalyF5QI9kSBm4wz0BAYLrSvg0L-_fomtzF94e-Ac?width=1200&height=817
15-06-2021,41.15364838,41.75867462,39.4358139,40.53583908,605285143,104,Solana,SOL-USD,Crypto,Cryptocurrency,https://1drv.ms/i/c/8705623eb284e7df/IQRt4HhalyF5QI9kSBm4wz0BAYLrSvg0L-_fomtzF94e-Ac?width=1200&height=817
16-06-2021,39.7036171,41.49630737,37.50349808,39.54534912,576016902,104,Solana,SOL-USD,Crypto,Cryptocurrency,https://1drv.ms/i/c/8705623eb284e7df/IQRt4HhalyF5QI9kSBm4wz0BAYLrSvg0L-_fomtzF94e-Ac?width=1200&height=817
17-06-2021,39.26459122,41.23743057,38.28608322,39.68927002,417775600,104,Solana,SOL-USD,Crypto,Cryptocurrency,https://1drv.ms/i/c/8705623eb284e7df/IQRt4HhalyF5QI9kSBm4wz0BAYLrSvg0L-_fomtzF94e-Ac?width=1200&height=817
18-06-2021,36.64879608,39.42712784,35.00401688,39.26678467,424163369,104,Solana,SOL-USD,Crypto,Cryptocurrency,https://1drv.ms/i/c/8705623eb284e7df/IQRt4HhalyF5QI9kSBm4wz0BAYLrSvg0L-_fomtzF94e-Ac?width=1200&height=817
19-06-2021,35.35343552,37.35458755,34.98160553,36.81910706,264640750,104,Solana,SOL-USD,Crypto,Cryptocurrency,https://1drv.ms/i/c/8705623eb284e7df/IQRt4HhalyF5QI9kSBm4wz0BAYLrSvg0L-_fomtzF94e-Ac?width=1200&height=817
20-06-2021,35.32201385,35.92838669,31.36209488,35.23702621,452587531,104,Solana,SOL-USD,Crypto,Cryptocurrency,https://1drv.ms/i/c/8705623eb284e7df/IQRt4HhalyF5QI9kSBm4wz0BAYLrSvg0L-_fomtzF94e-Ac?width=1200&height=817
21-06-2021,26.65740013,35.49761581,25.94907951,35.26143646,760344541,104,Solana,SOL-USD,Crypto,Cryptocurrency,https://1drv.ms/i/c/8705623eb284e7df/IQRt4HhalyF5QI9kSBm4wz0BAYLrSvg0L-_fomtzF94e-Ac?width=1200&height=817
22-06-2021,26.77185631,28.71296883,20.38044357,26.59283066,1258580061,104,Solana,SOL-USD,Crypto,Cryptocurrency,https://1drv.ms/i/c/8705623eb284e7df/IQRt4HhalyF5QI9kSBm4wz0BAYLrSvg0L-_fomtzF94e-Ac?width=1200&height=817
23-06-2021,30.04888725,32.77296066,25.69648552,26.91294289,1111302687,104,Solana,SOL-USD,Crypto,Cryptocurrency,https://1drv.ms/i/c/8705623eb284e7df/IQRt4HhalyF5QI9kSBm4wz0BAYLrSvg0L-_fomtzF94e-Ac?width=1200&height=817
24-06-2021,31.18103409,32.99131012,28.54838562,30.84607887,641150364,104,Solana,SOL-USD,Crypto,Cryptocurrency,https://1drv.ms/i/c/8705623eb284e7df/IQRt4HhalyF5QI9kSBm4wz0BAYLrSvg0L-_fomtzF94e-Ac?width=1200&height=817
25-06-2021,28.69886208,32.90251541,28.03507996,31.16853142,632052177,104,Solana,SOL-USD,Crypto,Cryptocurrency,https://1drv.ms/i/c/8705623eb284e7df/IQRt4HhalyF5QI9kSBm4wz0BAYLrSvg0L-_fomtzF94e-Ac?width=1200&height=817
26-06-2021,29.71285439,30.00703621,26.71081352,28.60789871,560342710,104,Solana,SOL-USD,Crypto,Cryptocurrency,https://1drv.ms/i/c/8705623eb284e7df/IQRt4HhalyF5QI9kSBm4wz0BAYLrSvg0L-_fomtzF94e-Ac?width=1200&height=817
27-06-2021,31.92939186,31.92939186,29.27119637,29.75263977,497353288,104,Solana,SOL-USD,Crypto,Cryptocurrency,https://1drv.ms/i/c/8705623eb284e7df/IQRt4HhalyF5QI9kSBm4wz0BAYLrSvg0L-_fomtzF94e-Ac?width=1200&height=817
28-06-2021,32.92778015,34.2432251,31.03512764,31.88083076,473612135,104,Solana,SOL-USD,Crypto,Cryptocurrency,https://1drv.ms/i/c/8705623eb284e7df/IQRt4HhalyF5QI9kSBm4wz0BAYLrSvg0L-_fomtzF94e-Ac?width=1200&height=817
29-06-2021,33.86680222,35.78857803,32.72668457,33.0097847,471854279,104,Solana,SOL-USD,Crypto,Cryptocurrency,https://1drv.ms/i/c/8705623eb284e7df/IQRt4HhalyF5QI9kSBm4wz0BAYLrSvg0L-_fomtzF94e-Ac?width=1200&height=817
30-06-2021,35.55640411,35.95472336,31.60135078,33.96297073,570984168,104,Solana,SOL-USD,Crypto,Cryptocurrency,https://1drv.ms/i/c/8705623eb284e7df/IQRt4HhalyF5QI9kSBm4wz0BAYLrSvg0L-_fomtzF94e-Ac?width=1200&height=817
01-07-2021,33.40403366,35.53819275,32.38627243,35.50565338,474665321,104,Solana,SOL-USD,Crypto,Cryptocurrency,https://1drv.ms/i/c/8705623eb284e7df/IQRt4HhalyF5QI9kSBm4wz0BAYLrSvg0L-_fomtzF94e-Ac?width=1200&height=817
02-07-2021,34.02048111,34.03178787,31.47992325,33.30630875,440298780,104,Solana,SOL-USD,Crypto,Cryptocurrency,https://1drv.ms/i/c/8705623eb284e7df/IQRt4HhalyF5QI9kSBm4wz0BAYLrSvg0L-_fomtzF94e-Ac?width=1200&height=817
03-07-2021,34.47881699,35.4047699,33.29847336,34.01557541,327019964,104,Solana,SOL-USD,Crypto,Cryptocurrency,https://1drv.ms/i/c/8705623eb284e7df/IQRt4HhalyF5QI9kSBm4wz0BAYLrSvg0L-_fomtzF94e-Ac?width=1200&height=817
04-07-2021,34.31060028,35.50237274,33.55573654,34.49511719,303420520,104,Solana,SOL-USD,Crypto,Cryptocurrency,https://1drv.ms/i/c/8705623eb284e7df/IQRt4HhalyF5QI9kSBm4wz0BAYLrSvg0L-_fomtzF94e-Ac?width=1200&height=817
05-07-2021,32.98458862,34.46182251,32.48269272,34.28255081,313839322,104,Solana,SOL-USD,Crypto,Cryptocurrency,https://1drv.ms/i/c/8705623eb284e7df/IQRt4HhalyF5QI9kSBm4wz0BAYLrSvg0L-_fomtzF94e-Ac?width=1200&height=817
06-07-2021,34.26913834,34.97831726,32.93030548,32.93030548,365336040,104,Solana,SOL-USD,Crypto,Cryptocurrency,https://1drv.ms/i/c/8705623eb284e7df/IQRt4HhalyF5QI9kSBm4wz0BAYLrSvg0L-_fomtzF94e-Ac?width=1200&height=817
07-07-2021,36.59136963,38.01170349,33.84202957,34.23280716,519252659,104,Solana,SOL-USD,Crypto,Cryptocurrency,https://1drv.ms/i/c/8705623eb284e7df/IQRt4HhalyF5QI9kSBm4wz0BAYLrSvg0L-_fomtzF94e-Ac?width=1200&height=817
08-07-2021,33.20372772,36.9152832,32.8022728,36.71971893,498201257,104,Solana,SOL-USD,Crypto,Cryptocurrency,https://1drv.ms/i/c/8705623eb284e7df/IQRt4HhalyF5QI9kSBm4wz0BAYLrSvg0L-_fomtzF94e-Ac?width=1200&height=817
09-07-2021,33.26464844,34.38794708,31.99104881,33.13433075,327170629,104,Solana,SOL-USD,Crypto,Cryptocurrency,https://1drv.ms/i/c/8705623eb284e7df/IQRt4HhalyF5QI9kSBm4wz0BAYLrSvg0L-_fomtzF94e-Ac?width=1200&height=817
10-07-2021,31.78864479,34.14048767,31.18678474,33.31843948,296566657,104,Solana,SOL-USD,Crypto,Cryptocurrency,https://1drv.ms/i/c/8705623eb284e7df/IQRt4HhalyF5QI9kSBm4wz0BAYLrSvg0L-_fomtzF94e-Ac?width=1200&height=817
11-07-2021,32.17784119,32.53633499,31.41175652,31.69303894,211679810,104,Solana,SOL-USD,Crypto,Cryptocurrency,https://1drv.ms/i/c/8705623eb284e7df/IQRt4HhalyF5QI9kSBm4wz0BAYLrSvg0L-_fomtzF94e-Ac?width=1200&height=817
12-07-2021,30.84808731,32.64405441,30.07420158,32.17338943,221058993,104,Solana,SOL-USD,Crypto,Cryptocurrency,https://1drv.ms/i/c/8705623eb284e7df/IQRt4HhalyF5QI9kSBm4wz0BAYLrSvg0L-_fomtzF94e-Ac?width=1200&height=817
13-07-2021,29.12118912,31.09370422,28.91860771,30.78640366,197825362,104,Solana,SOL-USD,Crypto,Cryptocurrency,https://1drv.ms/i/c/8705623eb284e7df/IQRt4HhalyF5QI9kSBm4wz0BAYLrSvg0L-_fomtzF94e-Ac?width=1200&height=817
14-07-2021,31.28100014,31.43533897,27.5157032,29.14269257,331866434,104,Solana,SOL-USD,Crypto,Cryptocurrency,https://1drv.ms/i/c/8705623eb284e7df/IQRt4HhalyF5QI9kSBm4wz0BAYLrSvg0L-_fomtzF94e-Ac?width=1200&height=817
15-07-2021,28.45210075,31.48340416,28.00840378,31.36070061,329918376,104,Solana,SOL-USD,Crypto,Cryptocurrency,https://1drv.ms/i/c/8705623eb284e7df/IQRt4HhalyF5QI9kSBm4wz0BAYLrSvg0L-_fomtzF94e-Ac?width=1200&height=817
16-07-2021,26.37000847,29.44220352,26.22880936,28.54906654,374718328,104,Solana,SOL-USD,Crypto,Cryptocurrency,https://1drv.ms/i/c/8705623eb284e7df/IQRt4HhalyF5QI9kSBm4wz0BAYLrSvg0L-_fomtzF94e-Ac?width=1200&height=817
17-07-2021,26.72166824,27.69698715,26.04067039,26.25412369,289689475,104,Solana,SOL-USD,Crypto,Cryptocurrency,https://1drv.ms/i/c/8705623eb284e7df/IQRt4HhalyF5QI9kSBm4wz0BAYLrSvg0L-_fomtzF94e-Ac?width=1200&height=817
18-07-2021,26.75190926,27.73356438,26.36097717,26.78417015,230336396,104,Solana,SOL-USD,Crypto,Cryptocurrency,https://1drv.ms/i/c/8705623eb284e7df/IQRt4HhalyF5QI9kSBm4wz0BAYLrSvg0L-_fomtzF94e-Ac?width=1200&height=817
19-07-2021,24.44757652,26.72174644,24.01224518,26.67123985,361915410,104,Solana,SOL-USD,Crypto,Cryptocurrency,https://1drv.ms/i/c/8705623eb284e7df/IQRt4HhalyF5QI9kSBm4wz0BAYLrSvg0L-_fomtzF94e-Ac?width=1200&height=817
20-07-2021,23.48955536,24.9756031,22.17754173,24.51030159,413439963,104,Solana,SOL-USD,Crypto,Cryptocurrency,https://1drv.ms/i/c/8705623eb284e7df/IQRt4HhalyF5QI9kSBm4wz0BAYLrSvg0L-_fomtzF94e-Ac?width=1200&height=817
21-07-2021,26.6230793,27.41649818,22.8653698,23.44345665,555770206,104,Solana,SOL-USD,Crypto,Cryptocurrency,https://1drv.ms/i/c/8705623eb284e7df/IQRt4HhalyF5QI9kSBm4wz0BAYLrSvg0L-_fomtzF94e-Ac?width=1200&height=817
22-07-2021,27.70208168,28.13599014,25.95220947,26.66532326,364666998,104,Solana,SOL-USD,Crypto,Cryptocurrency,https://1drv.ms/i/c/8705623eb284e7df/IQRt4HhalyF5QI9kSBm4wz0BAYLrSvg0L-_fomtzF94e-Ac?width=1200&height=817
23-07-2021,28.51387978,28.69061089,26.42571068,27.70650864,407955237,104,Solana,SOL-USD,Crypto,Cryptocurrency,https://1drv.ms/i/c/8705623eb284e7df/IQRt4HhalyF5QI9kSBm4wz0BAYLrSvg0L-_fomtzF94e-Ac?width=1200&height=817
24-07-2021,28.70261955,29.50779915,28.06863785,28.51790047,353750758,104,Solana,SOL-USD,Crypto,Cryptocurrency,https://1drv.ms/i/c/8705623eb284e7df/IQRt4HhalyF5QI9kSBm4wz0BAYLrSvg0L-_fomtzF94e-Ac?width=1200&height=817
25-07-2021,28.16877365,28.87297821,26.52855301,28.64940071,309208018,104,Solana,SOL-USD,Crypto,Cryptocurrency,https://1drv.ms/i/c/8705623eb284e7df/IQRt4HhalyF5QI9kSBm4wz0BAYLrSvg0L-_fomtzF94e-Ac?width=1200&height=817
26-07-2021,28.30664253,31.05401611,27.90379715,28.22702599,743673802,104,Solana,SOL-USD,Crypto,Cryptocurrency,https://1drv.ms/i/c/8705623eb284e7df/IQRt4HhalyF5QI9kSBm4wz0BAYLrSvg0L-_fomtzF94e-Ac?width=1200&height=817
27-07-2021,28.06532669,28.95267105,27.00543022,28.21049881,375599550,104,Solana,SOL-USD,Crypto,Cryptocurrency,https://1drv.ms/i/c/8705623eb284e7df/IQRt4HhalyF5QI9kSBm4wz0BAYLrSvg0L-_fomtzF94e-Ac?width=1200&height=817
28-07-2021,27.81541061,28.74695396,27.41233253,28.14564133,315682626,104,Solana,SOL-USD,Crypto,Cryptocurrency,https://1drv.ms/i/c/8705623eb284e7df/IQRt4HhalyF5QI9kSBm4wz0BAYLrSvg0L-_fomtzF94e-Ac?width=1200&height=817
29-07-2021,31.28113747,31.88614845,27.37243843,27.87797546,448009571,104,Solana,SOL-USD,Crypto,Cryptocurrency,https://1drv.ms/i/c/8705623eb284e7df/IQRt4HhalyF5QI9kSBm4wz0BAYLrSvg0L-_fomtzF94e-Ac?width=1200&height=817
30-07-2021,32.39394379,33.05512619,30.06767273,31.27541542,617830199,104,Solana,SOL-USD,Crypto,Cryptocurrency,https://1drv.ms/i/c/8705623eb284e7df/IQRt4HhalyF5QI9kSBm4wz0BAYLrSvg0L-_fomtzF94e-Ac?width=1200&height=817
31-07-2021,36.82731247,36.86825943,31.68321991,32.35328674,587168181,104,Solana,SOL-USD,Crypto,Cryptocurrency,https://1drv.ms/i/c/8705623eb284e7df/IQRt4HhalyF5QI9kSBm4wz0BAYLrSvg0L-_fomtzF94e-Ac?width=1200&height=817
01-08-2021,34.2543602,36.71991348,33.28300476,36.67912674,490639931,104,Solana,SOL-USD,Crypto,Cryptocurrency,https://1drv.ms/i/c/8705623eb284e7df/IQRt4HhalyF5QI9kSBm4wz0BAYLrSvg0L-_fomtzF94e-Ac?width=1200&height=817
02-08-2021,33.22241974,35.91239548,33.06065369,34.1905632,407399691,104,Solana,SOL-USD,Crypto,Cryptocurrency,https://1drv.ms/i/c/8705623eb284e7df/IQRt4HhalyF5QI9kSBm4wz0BAYLrSvg0L-_fomtzF94e-Ac?width=1200&height=817
03-08-2021,33.99644089,35.83309174,32.40266037,33.19142532,474629269,104,Solana,SOL-USD,Crypto,Cryptocurrency,https://1drv.ms/i/c/8705623eb284e7df/IQRt4HhalyF5QI9kSBm4wz0BAYLrSvg0L-_fomtzF94e-Ac?width=1200&height=817
04-08-2021,35.7636261,36.65247726,33.27318192,34.10835648,413657602,104,Solana,SOL-USD,Crypto,Cryptocurrency,https://1drv.ms/i/c/8705623eb284e7df/IQRt4HhalyF5QI9kSBm4wz0BAYLrSvg0L-_fomtzF94e-Ac?width=1200&height=817
05-08-2021,37.35513687,38.20886612,35.53385544,35.77197647,595137193,104,Solana,SOL-USD,Crypto,Cryptocurrency,https://1drv.ms/i/c/8705623eb284e7df/IQRt4HhalyF5QI9kSBm4wz0BAYLrSvg0L-_fomtzF94e-Ac?width=1200&height=817
06-08-2021,39.44610214,40.38808441,35.68829346,37.35535812,589190671,104,Solana,SOL-USD,Crypto,Cryptocurrency,https://1drv.ms/i/c/8705623eb284e7df/IQRt4HhalyF5QI9kSBm4wz0BAYLrSvg0L-_fomtzF94e-Ac?width=1200&height=817
07-08-2021,39.4034729,40.50587845,37.62660217,39.49230194,534979916,104,Solana,SOL-USD,Crypto,Cryptocurrency,https://1drv.ms/i/c/8705623eb284e7df/IQRt4HhalyF5QI9kSBm4wz0BAYLrSvg0L-_fomtzF94e-Ac?width=1200&height=817
08-08-2021,37.67382431,39.53329086,36.93557739,39.46590424,358570315,104,Solana,SOL-USD,Crypto,Cryptocurrency,https://1drv.ms/i/c/8705623eb284e7df/IQRt4HhalyF5QI9kSBm4wz0BAYLrSvg0L-_fomtzF94e-Ac?width=1200&height=817
09-08-2021,38.76778412,40.00484085,36.48117065,37.66049576,377034585,104,Solana,SOL-USD,Crypto,Cryptocurrency,https://1drv.ms/i/c/8705623eb284e7df/IQRt4HhalyF5QI9kSBm4wz0BAYLrSvg0L-_fomtzF94e-Ac?width=1200&height=817
10-08-2021,40.63979721,41.66090775,38.22317123,38.67881012,452480699,104,Solana,SOL-USD,Crypto,Cryptocurrency,https://1drv.ms/i/c/8705623eb284e7df/IQRt4HhalyF5QI9kSBm4wz0BAYLrSvg0L-_fomtzF94e-Ac?width=1200&height=817
11-08-2021,41.74411392,43.73913956,40.62823868,40.64894104,507980107,104,Solana,SOL-USD,Crypto,Cryptocurrency,https://1drv.ms/i/c/8705623eb284e7df/IQRt4HhalyF5QI9kSBm4wz0BAYLrSvg0L-_fomtzF94e-Ac?width=1200&height=817
12-08-2021,41.09936142,43.40190887,39.38155746,41.70451355,527833804,104,Solana,SOL-USD,Crypto,Cryptocurrency,https://1drv.ms/i/c/8705623eb284e7df/IQRt4HhalyF5QI9kSBm4wz0BAYLrSvg0L-_fomtzF94e-Ac?width=1200&height=817
13-08-2021,44.89450073,44.90052414,40.72161865,41.11436844,541894525,104,Solana,SOL-USD,Crypto,Cryptocurrency,https://1drv.ms/i/c/8705623eb284e7df/IQRt4HhalyF5QI9kSBm4wz0BAYLrSvg0L-_fomtzF94e-Ac?width=1200&height=817
14-08-2021,44.11285019,44.87123871,42.93766022,44.85142517,363834257,104,Solana,SOL-USD,Crypto,Cryptocurrency,https://1drv.ms/i/c/8705623eb284e7df/IQRt4HhalyF5QI9kSBm4wz0BAYLrSvg0L-_fomtzF94e-Ac?width=1200&height=817
15-08-2021,53.74515915,54.62955093,43.45000839,44.14995575,1448656564,104,Solana,SOL-USD,Crypto,Cryptocurrency,https://1drv.ms/i/c/8705623eb284e7df/IQRt4HhalyF5QI9kSBm4wz0BAYLrSvg0L-_fomtzF94e-Ac?width=1200&height=817
16-08-2021,62.4324646,68.82237244,52.46585083,53.54114914,3799339365,104,Solana,SOL-USD,Crypto,Cryptocurrency,https://1drv.ms/i/c/8705623eb284e7df/IQRt4HhalyF5QI9kSBm4wz0BAYLrSvg0L-_fomtzF94e-Ac?width=1200&height=817
17-08-2021,64.21070862,74.88925934,58.98133469,62.11532974,4043742154,104,Solana,SOL-USD,Crypto,Cryptocurrency,https://1drv.ms/i/c/8705623eb284e7df/IQRt4HhalyF5QI9kSBm4wz0BAYLrSvg0L-_fomtzF94e-Ac?width=1200&height=817
18-08-2021,72.54331207,80.11990356,60.26971436,64.16835022,4507409622,104,Solana,SOL-USD,Crypto,Cryptocurrency,https://1drv.ms/i/c/8705623eb284e7df/IQRt4HhalyF5QI9kSBm4wz0BAYLrSvg0L-_fomtzF94e-Ac?width=1200&height=817
19-08-2021,72.75760651,75.09242249,68.61049652,72.83856201,2467398203,104,Solana,SOL-USD,Crypto,Cryptocurrency,https://1drv.ms/i/c/8705623eb284e7df/IQRt4HhalyF5QI9kSBm4wz0BAYLrSvg0L-_fomtzF94e-Ac?width=1200&height=817
20-08-2021,78.724617,79.99000549,70.93728638,72.74890137,1844455899,104,Solana,SOL-USD,Crypto,Cryptocurrency,https://1drv.ms/i/c/8705623eb284e7df/IQRt4HhalyF5QI9kSBm4wz0BAYLrSvg0L-_fomtzF94e-Ac?width=1200&height=817
21-08-2021,73.75621033,81.81377411,72.69692993,78.69892883,1513097171,104,Solana,SOL-USD,Crypto,Cryptocurrency,https://1drv.ms/i/c/8705623eb284e7df/IQRt4HhalyF5QI9kSBm4wz0BAYLrSvg0L-_fomtzF94e-Ac?width=1200&height=817
22-08-2021,72.80391693,77.4811554,71.55394745,73.86833954,968933849,104,Solana,SOL-USD,Crypto,Cryptocurrency,https://1drv.ms/i/c/8705623eb284e7df/IQRt4HhalyF5QI9kSBm4wz0BAYLrSvg0L-_fomtzF94e-Ac?width=1200&height=817
23-08-2021,75.70803833,76.7053299,71.68074799,72.76940918,1372134245,104,Solana,SOL-USD,Crypto,Cryptocurrency,https://1drv.ms/i/c/8705623eb284e7df/IQRt4HhalyF5QI9kSBm4wz0BAYLrSvg0L-_fomtzF94e-Ac?width=1200&height=817
24-08-2021,70.67090607,79.37094879,68.61978912,75.78017426,2153611667,104,Solana,SOL-USD,Crypto,Cryptocurrency,https://1drv.ms/i/c/8705623eb284e7df/IQRt4HhalyF5QI9kSBm4wz0BAYLrSvg0L-_fomtzF94e-Ac?width=1200&height=817
25-08-2021,71.9515686,72.7028656,66.22276306,70.67996216,1551240766,104,Solana,SOL-USD,Crypto,Cryptocurrency,https://1drv.ms/i/c/8705623eb284e7df/IQRt4HhalyF5QI9kSBm4wz0BAYLrSvg0L-_fomtzF94e-Ac?width=1200&height=817
26-08-2021,75.31620789,78.0552063,66.26455688,71.97343445,2713050538,104,Solana,SOL-USD,Crypto,Cryptocurrency,https://1drv.ms/i/c/8705623eb284e7df/IQRt4HhalyF5QI9kSBm4wz0BAYLrSvg0L-_fomtzF94e-Ac?width=1200&height=817
27-08-2021,88.08698273,88.85427856,72.71512604,74.81178284,3263988286,104,Solana,SOL-USD,Crypto,Cryptocurrency,https://1drv.ms/i/c/8705623eb284e7df/IQRt4HhalyF5QI9kSBm4wz0BAYLrSvg0L-_fomtzF94e-Ac?width=1200&height=817
28-08-2021,96.70317078,97.84294891,85.79064178,88.00001526,2580080503,104,Solana,SOL-USD,Crypto,Cryptocurrency,https://1drv.ms/i/c/8705623eb284e7df/IQRt4HhalyF5QI9kSBm4wz0BAYLrSvg0L-_fomtzF94e-Ac?width=1200&height=817
29-08-2021,94.46967316,97.77787781,90.99362183,96.56397247,1830344091,104,Solana,SOL-USD,Crypto,Cryptocurrency,https://1drv.ms/i/c/8705623eb284e7df/IQRt4HhalyF5QI9kSBm4wz0BAYLrSvg0L-_fomtzF94e-Ac?width=1200&height=817
30-08-2021,110.5448074,116.8502274,94.03771973,94.34487152,5274104165,104,Solana,SOL-USD,Crypto,Cryptocurrency,https://1drv.ms/i/c/8705623eb284e7df/IQRt4HhalyF5QI9kSBm4wz0BAYLrSvg0L-_fomtzF94e-Ac?width=1200&height=817
31-08-2021,108.4837723,130.0146179,103.3513031,109.7561493,7590894022,104,Solana,SOL-USD,Crypto,Cryptocurrency,https://1drv.ms/i/c/8705623eb284e7df/IQRt4HhalyF5QI9kSBm4wz0BAYLrSvg0L-_fomtzF94e-Ac?width=1200&height=817
01-09-2021,111.0330048,119.5301132,106.2708206,107.4444809,3974443896,104,Solana,SOL-USD,Crypto,Cryptocurrency,https://1drv.ms/i/c/8705623eb284e7df/IQRt4HhalyF5QI9kSBm4wz0BAYLrSvg0L-_fomtzF94e-Ac?width=1200&height=817
02-09-2021,128.1023865,131.9618835,109.6526184,110.7312393,5074399603,104,Solana,SOL-USD,Crypto,Cryptocurrency,https://1drv.ms/i/c/8705623eb284e7df/IQRt4HhalyF5QI9kSBm4wz0BAYLrSvg0L-_fomtzF94e-Ac?width=1200&height=817
03-09-2021,146.5830536,148.8341827,128.3890839,128.3890839,7526373837,104,Solana,SOL-USD,Crypto,Cryptocurrency,https://1drv.ms/i/c/8705623eb284e7df/IQRt4HhalyF5QI9kSBm4wz0BAYLrSvg0L-_fomtzF94e-Ac?width=1200&height=817
04-09-2021,139.1130676,150.4285583,136.4495544,146.4184113,3970422964,104,Solana,SOL-USD,Crypto,Cryptocurrency,https://1drv.ms/i/c/8705623eb284e7df/IQRt4HhalyF5QI9kSBm4wz0BAYLrSvg0L-_fomtzF94e-Ac?width=1200&height=817
05-09-2021,142.0708771,144.9978638,135.0799713,138.9901428,2996918105,104,Solana,SOL-USD,Crypto,Cryptocurrency,https://1drv.ms/i/c/8705623eb284e7df/IQRt4HhalyF5QI9kSBm4wz0BAYLrSvg0L-_fomtzF94e-Ac?width=1200&height=817
06-09-2021,164.3809204,165.8787384,138.038208,142.0628204,5774090688,104,Solana,SOL-USD,Crypto,Cryptocurrency,https://1drv.ms/i/c/8705623eb284e7df/IQRt4HhalyF5QI9kSBm4wz0BAYLrSvg0L-_fomtzF94e-Ac?width=1200&height=817
07-09-2021,173.1489258,194.8197021,133.1002502,164.1836853,17068643416,104,Solana,SOL-USD,Crypto,Cryptocurrency,https://1drv.ms/i/c/8705623eb284e7df/IQRt4HhalyF5QI9kSBm4wz0BAYLrSvg0L-_fomtzF94e-Ac?width=1200&height=817
08-09-2021,191.0413971,197.9890137,147.9911804,173.2785645,13187213606,104,Solana,SOL-USD,Crypto,Cryptocurrency,https://1drv.ms/i/c/8705623eb284e7df/IQRt4HhalyF5QI9kSBm4wz0BAYLrSvg0L-_fomtzF94e-Ac?width=1200&height=817
09-09-2021,188.1958008,214.9571838,181.4458771,209.4707947,12676272744,104,Solana,SOL-USD,Crypto,Cryptocurrency,https://1drv.ms/i/c/8705623eb284e7df/IQRt4HhalyF5QI9kSBm4wz0BAYLrSvg0L-_fomtzF94e-Ac?width=1200&height=817
10-09-2021,179.8652344,196.9451904,168.6908264,187.6128082,7087524572,104,Solana,SOL-USD,Crypto,Cryptocurrency,https://1drv.ms/i/c/8705623eb284e7df/IQRt4HhalyF5QI9kSBm4wz0BAYLrSvg0L-_fomtzF94e-Ac?width=1200&height=817
11-09-2021,178.8678741,193.4056091,175.5654144,179.3662262,5367389010,104,Solana,SOL-USD,Crypto,Cryptocurrency,https://1drv.ms/i/c/8705623eb284e7df/IQRt4HhalyF5QI9kSBm4wz0BAYLrSvg0L-_fomtzF94e-Ac?width=1200&height=817
12-09-2021,174.5376282,181.5682526,170.5845947,179.2301636,3012633094,104,Solana,SOL-USD,Crypto,Cryptocurrency,https://1drv.ms/i/c/8705623eb284e7df/IQRt4HhalyF5QI9kSBm4wz0BAYLrSvg0L-_fomtzF94e-Ac?width=1200&height=817
13-09-2021,169.2695465,174.9318695,150.974411,174.418457,6437530449,104,Solana,SOL-USD,Crypto,Cryptocurrency,https://1drv.ms/i/c/8705623eb284e7df/IQRt4HhalyF5QI9kSBm4wz0BAYLrSvg0L-_fomtzF94e-Ac?width=1200&height=817
14-09-2021,158.0948181,171.3011627,143.5531158,169.7745209,5799758794,104,Solana,SOL-USD,Crypto,Cryptocurrency,https://1drv.ms/i/c/8705623eb284e7df/IQRt4HhalyF5QI9kSBm4wz0BAYLrSvg0L-_fomtzF94e-Ac?width=1200&height=817
15-09-2021,159.1173859,166.175293,154.2395477,158.4154358,3908939772,104,Solana,SOL-USD,Crypto,Cryptocurrency,https://1drv.ms/i/c/8705623eb284e7df/IQRt4HhalyF5QI9kSBm4wz0BAYLrSvg0L-_fomtzF94e-Ac?width=1200&height=817
16-09-2021,152.4740601,163.1228333,147.6532745,158.8072815,3215168472,104,Solana,SOL-USD,Crypto,Cryptocurrency,https://1drv.ms/i/c/8705623eb284e7df/IQRt4HhalyF5QI9kSBm4wz0BAYLrSvg0L-_fomtzF94e-Ac?width=1200&height=817
17-09-2021,147.5930634,153.444931,135.245224,152.3514404,4675731485,104,Solana,SOL-USD,Crypto,Cryptocurrency,https://1drv.ms/i/c/8705623eb284e7df/IQRt4HhalyF5QI9kSBm4wz0BAYLrSvg0L-_fomtzF94e-Ac?width=1200&height=817
18-09-2021,169.1842194,171.1427765,144.3922577,147.448761,5415012910,104,Solana,SOL-USD,Crypto,Cryptocurrency,https://1drv.ms/i/c/8705623eb284e7df/IQRt4HhalyF5QI9kSBm4wz0BAYLrSvg0L-_fomtzF94e-Ac?width=1200&height=817
19-09-2021,152.5166931,170.6521149,151.2509766,169.2263336,3350530308,104,Solana,SOL-USD,Crypto,Cryptocurrency,https://1drv.ms/i/c/8705623eb284e7df/IQRt4HhalyF5QI9kSBm4wz0BAYLrSvg0L-_fomtzF94e-Ac?width=1200&height=817
20-09-2021,132.1344604,153.3876648,131.2610321,152.7944794,5623667250,104,Solana,SOL-USD,Crypto,Cryptocurrency,https://1drv.ms/i/c/8705623eb284e7df/IQRt4HhalyF5QI9kSBm4wz0BAYLrSvg0L-_fomtzF94e-Ac?width=1200&height=817
21-09-2021,123.9503937,144.4684448,116.3432007,132.7623138,5243953819,104,Solana,SOL-USD,Crypto,Cryptocurrency,https://1drv.ms/i/c/8705623eb284e7df/IQRt4HhalyF5QI9kSBm4wz0BAYLrSvg0L-_fomtzF94e-Ac?width=1200&height=817
22-09-2021,147.9242554,150.9415131,122.3491592,124.1774521,4952222859,104,Solana,SOL-USD,Crypto,Cryptocurrency,https://1drv.ms/i/c/8705623eb284e7df/IQRt4HhalyF5QI9kSBm4wz0BAYLrSvg0L-_fomtzF94e-Ac?width=1200&height=817
23-09-2021,149.7535706,152.3649902,143.2012634,148.0551605,3389212044,104,Solana,SOL-USD,Crypto,Cryptocurrency,https://1drv.ms/i/c/8705623eb284e7df/IQRt4HhalyF5QI9kSBm4wz0BAYLrSvg0L-_fomtzF94e-Ac?width=1200&height=817
24-09-2021,139.3956451,151.2019043,128.8013153,149.9354706,3852350632,104,Solana,SOL-USD,Crypto,Cryptocurrency,https://1drv.ms/i/c/8705623eb284e7df/IQRt4HhalyF5QI9kSBm4wz0BAYLrSvg0L-_fomtzF94e-Ac?width=1200&height=817
25-09-2021,136.1789246,144.0725555,134.1077576,139.2965546,2037106949,104,Solana,SOL-USD,Crypto,Cryptocurrency,https://1drv.ms/i/c/8705623eb284e7df/IQRt4HhalyF5QI9kSBm4wz0BAYLrSvg0L-_fomtzF94e-Ac?width=1200&height=817
26-09-2021,135.6993713,140.7817841,125.1154251,136.216156,2674182809,104,Solana,SOL-USD,Crypto,Cryptocurrency,https://1drv.ms/i/c/8705623eb284e7df/IQRt4HhalyF5QI9kSBm4wz0BAYLrSvg0L-_fomtzF94e-Ac?width=1200&height=817
27-09-2021,136.7284241,148.4978333,133.9842834,135.931366,2867246888,104,Solana,SOL-USD,Crypto,Cryptocurrency,https://1drv.ms/i/c/8705623eb284e7df/IQRt4HhalyF5QI9kSBm4wz0BAYLrSvg0L-_fomtzF94e-Ac?width=1200&height=817
28-09-2021,131.5372162,139.2943573,128.2448273,136.5089111,2422542861,104,Solana,SOL-USD,Crypto,Cryptocurrency,https://1drv.ms/i/c/8705623eb284e7df/IQRt4HhalyF5QI9kSBm4wz0BAYLrSvg0L-_fomtzF94e-Ac?width=1200&height=817
29-09-2021,135.3514557,140.0381775,131.2336884,132.3385315,2428105040,104,Solana,SOL-USD,Crypto,Cryptocurrency,https://1drv.ms/i/c/8705623eb284e7df/IQRt4HhalyF5QI9kSBm4wz0BAYLrSvg0L-_fomtzF94e-Ac?width=1200&height=817
30-09-2021,141.069046,142.8531647,134.3132629,135.4129028,2244376110,104,Solana,SOL-USD,Crypto,Cryptocurrency,https://1drv.ms/i/c/8705623eb284e7df/IQRt4HhalyF5QI9kSBm4wz0BAYLrSvg0L-_fomtzF94e-Ac?width=1200&height=817
01-10-2021,161.682373,164.7375488,138.4369354,141.3829193,4387488320,104,Solana,SOL-USD,Crypto,Cryptocurrency,https://1drv.ms/i/c/8705623eb284e7df/IQRt4HhalyF5QI9kSBm4wz0BAYLrSvg0L-_fomtzF94e-Ac?width=1200&height=817
02-10-2021,169.0930176,174.9006958,156.3223419,161.5943909,3471658582,104,Solana,SOL-USD,Crypto,Cryptocurrency,https://1drv.ms/i/c/8705623eb284e7df/IQRt4HhalyF5QI9kSBm4wz0BAYLrSvg0L-_fomtzF94e-Ac?width=1200&height=817
03-10-2021,172.5891571,176.9703369,166.0700073,169.1137085,3149579954,104,Solana,SOL-USD,Crypto,Cryptocurrency,https://1drv.ms/i/c/8705623eb284e7df/IQRt4HhalyF5QI9kSBm4wz0BAYLrSvg0L-_fomtzF94e-Ac?width=1200&height=817
04-10-2021,166.7319183,172.9616241,162.7733307,172.9616241,3109040100,104,Solana,SOL-USD,Crypto,Cryptocurrency,https://1drv.ms/i/c/8705623eb284e7df/IQRt4HhalyF5QI9kSBm4wz0BAYLrSvg0L-_fomtzF94e-Ac?width=1200&height=817
05-10-2021,164.1158295,169.9793701,160.5931549,166.9949646,2541087419,104,Solana,SOL-USD,Crypto,Cryptocurrency,https://1drv.ms/i/c/8705623eb284e7df/IQRt4HhalyF5QI9kSBm4wz0BAYLrSvg0L-_fomtzF94e-Ac?width=1200&height=817
06-10-2021,154.1077423,165.3619843,150.7683716,164.6051941,3259712887,104,Solana,SOL-USD,Crypto,Cryptocurrency,https://1drv.ms/i/c/8705623eb284e7df/IQRt4HhalyF5QI9kSBm4wz0BAYLrSvg0L-_fomtzF94e-Ac?width=1200&height=817
07-10-2021,154.281189,161.3629913,150.542038,153.9611511,2579187256,104,Solana,SOL-USD,Crypto,Cryptocurrency,https://1drv.ms/i/c/8705623eb284e7df/IQRt4HhalyF5QI9kSBm4wz0BAYLrSvg0L-_fomtzF94e-Ac?width=1200&height=817
08-10-2021,158.9492035,168.8463745,152.7557678,154.256546,2781848650,104,Solana,SOL-USD,Crypto,Cryptocurrency,https://1drv.ms/i/c/8705623eb284e7df/IQRt4HhalyF5QI9kSBm4wz0BAYLrSvg0L-_fomtzF94e-Ac?width=1200&height=817
09-10-2021,156.8258362,161.4073181,154.8697968,158.7046967,1522023824,104,Solana,SOL-USD,Crypto,Cryptocurrency,https://1drv.ms/i/c/8705623eb284e7df/IQRt4HhalyF5QI9kSBm4wz0BAYLrSvg0L-_fomtzF94e-Ac?width=1200&height=817
10-10-2021,148.0487061,158.3615723,146.8982391,156.7519226,1556965341,104,Solana,SOL-USD,Crypto,Cryptocurrency,https://1drv.ms/i/c/8705623eb284e7df/IQRt4HhalyF5QI9kSBm4wz0BAYLrSvg0L-_fomtzF94e-Ac?width=1200&height=817
11-10-2021,144.858139,153.9211426,140.3639679,147.8004456,1851795187,104,Solana,SOL-USD,Crypto,Cryptocurrency,https://1drv.ms/i/c/8705623eb284e7df/IQRt4HhalyF5QI9kSBm4wz0BAYLrSvg0L-_fomtzF94e-Ac?width=1200&height=817
12-10-2021,152.7371216,153.2639771,137.8115692,145.0076599,2853992440,104,Solana,SOL-USD,Crypto,Cryptocurrency,https://1drv.ms/i/c/8705623eb284e7df/IQRt4HhalyF5QI9kSBm4wz0BAYLrSvg0L-_fomtzF94e-Ac?width=1200&height=817
13-10-2021,148.1760406,155.3479919,144.4078674,152.5239258,2105226551,104,Solana,SOL-USD,Crypto,Cryptocurrency,https://1drv.ms/i/c/8705623eb284e7df/IQRt4HhalyF5QI9kSBm4wz0BAYLrSvg0L-_fomtzF94e-Ac?width=1200&height=817
14-10-2021,149.7568054,155.3297424,147.3309326,148.0172729,1948101208,104,Solana,SOL-USD,Crypto,Cryptocurrency,https://1drv.ms/i/c/8705623eb284e7df/IQRt4HhalyF5QI9kSBm4wz0BAYLrSvg0L-_fomtzF94e-Ac?width=1200&height=817
15-10-2021,162.5962067,165.1222076,146.9848328,150.0466003,3970589003,104,Solana,SOL-USD,Crypto,Cryptocurrency,https://1drv.ms/i/c/8705623eb284e7df/IQRt4HhalyF5QI9kSBm4wz0BAYLrSvg0L-_fomtzF94e-Ac?width=1200&height=817
16-10-2021,157.5388184,164.7137146,156.7375641,163.0070343,1531502795,104,Solana,SOL-USD,Crypto,Cryptocurrency,https://1drv.ms/i/c/8705623eb284e7df/IQRt4HhalyF5QI9kSBm4wz0BAYLrSvg0L-_fomtzF94e-Ac?width=1200&height=817
17-10-2021,159.7438049,167.4259949,154.0903473,157.463562,2168838138,104,Solana,SOL-USD,Crypto,Cryptocurrency,https://1drv.ms/i/c/8705623eb284e7df/IQRt4HhalyF5QI9kSBm4wz0BAYLrSvg0L-_fomtzF94e-Ac?width=1200&height=817
18-10-2021,157.2312775,162.8562775,155.0302277,159.9974823,1698878759,104,Solana,SOL-USD,Crypto,Cryptocurrency,https://1drv.ms/i/c/8705623eb284e7df/IQRt4HhalyF5QI9kSBm4wz0BAYLrSvg0L-_fomtzF94e-Ac?width=1200&height=817
19-10-2021,156.0170288,159.4058685,153.2210083,157.2102051,1400902548,104,Solana,SOL-USD,Crypto,Cryptocurrency,https://1drv.ms/i/c/8705623eb284e7df/IQRt4HhalyF5QI9kSBm4wz0BAYLrSvg0L-_fomtzF94e-Ac?width=1200&height=817
20-10-2021,175.9468689,176.4406738,155.1998444,155.8833923,3315306825,104,Solana,SOL-USD,Crypto,Cryptocurrency,https://1drv.ms/i/c/8705623eb284e7df/IQRt4HhalyF5QI9kSBm4wz0BAYLrSvg0L-_fomtzF94e-Ac?width=1200&height=817
21-10-2021,190.3184357,193.5991516,176.7655487,176.7655487,6865815461,104,Solana,SOL-USD,Crypto,Cryptocurrency,https://1drv.ms/i/c/8705623eb284e7df/IQRt4HhalyF5QI9kSBm4wz0BAYLrSvg0L-_fomtzF94e-Ac?width=1200&height=817
22-10-2021,196.4315338,214.0444489,188.2736206,190.454895,7486821306,104,Solana,SOL-USD,Crypto,Cryptocurrency,https://1drv.ms/i/c/8705623eb284e7df/IQRt4HhalyF5QI9kSBm4wz0BAYLrSvg0L-_fomtzF94e-Ac?width=1200&height=817
23-10-2021,197.7038574,205.6698761,192.5627594,196.3004761,3253670286,104,Solana,SOL-USD,Crypto,Cryptocurrency,https://1drv.ms/i/c/8705623eb284e7df/IQRt4HhalyF5QI9kSBm4wz0BAYLrSvg0L-_fomtzF94e-Ac?width=1200&height=817
24-10-2021,202.3619843,204.719101,185.5724335,197.973114,3413057378,104,Solana,SOL-USD,Crypto,Cryptocurrency,https://1drv.ms/i/c/8705623eb284e7df/IQRt4HhalyF5QI9kSBm4wz0BAYLrSvg0L-_fomtzF94e-Ac?width=1200&height=817
25-10-2021,210.1042938,218.7318878,198.2024384,202.3164825,4837376169,104,Solana,SOL-USD,Crypto,Cryptocurrency,https://1drv.ms/i/c/8705623eb284e7df/IQRt4HhalyF5QI9kSBm4wz0BAYLrSvg0L-_fomtzF94e-Ac?width=1200&height=817
26-10-2021,199.807251,213.9828644,197.4866486,209.5316467,3194205752,104,Solana,SOL-USD,Crypto,Cryptocurrency,https://1drv.ms/i/c/8705623eb284e7df/IQRt4HhalyF5QI9kSBm4wz0BAYLrSvg0L-_fomtzF94e-Ac?width=1200&height=817
27-10-2021,183.7745972,205.4047394,178.7308655,199.8744812,4552692842,104,Solana,SOL-USD,Crypto,Cryptocurrency,https://1drv.ms/i/c/8705623eb284e7df/IQRt4HhalyF5QI9kSBm4wz0BAYLrSvg0L-_fomtzF94e-Ac?width=1200&height=817
28-10-2021,194.8639832,201.0453644,182.2175293,184.5157013,3463958628,104,Solana,SOL-USD,Crypto,Cryptocurrency,https://1drv.ms/i/c/8705623eb284e7df/IQRt4HhalyF5QI9kSBm4wz0BAYLrSvg0L-_fomtzF94e-Ac?width=1200&height=817
29-10-2021,200.1827545,204.8966064,194.9064331,194.9064331,2468703579,104,Solana,SOL-USD,Crypto,Cryptocurrency,https://1drv.ms/i/c/8705623eb284e7df/IQRt4HhalyF5QI9kSBm4wz0BAYLrSvg0L-_fomtzF94e-Ac?width=1200&height=817
30-10-2021,195.4160614,200.3862305,187.8165741,200.2257233,1732207667,104,Solana,SOL-USD,Crypto,Cryptocurrency,https://1drv.ms/i/c/8705623eb284e7df/IQRt4HhalyF5QI9kSBm4wz0BAYLrSvg0L-_fomtzF94e-Ac?width=1200&height=817
31-10-2021,202.4210205,205.1633759,186.0629883,195.7737732,2577364486,104,Solana,SOL-USD,Crypto,Cryptocurrency,https://1drv.ms/i/c/8705623eb284e7df/IQRt4HhalyF5QI9kSBm4wz0BAYLrSvg0L-_fomtzF94e-Ac?width=1200&height=817
01-11-2021,203.5450897,211.3608398,198.2389679,202.6292114,3157612663,104,Solana,SOL-USD,Crypto,Cryptocurrency,https://1drv.ms/i/c/8705623eb284e7df/IQRt4HhalyF5QI9kSBm4wz0BAYLrSvg0L-_fomtzF94e-Ac?width=1200&height=817
02-11-2021,220.2395935,222.2330322,201.1803894,203.5179138,3020087232,104,Solana,SOL-USD,Crypto,Cryptocurrency,https://1drv.ms/i/c/8705623eb284e7df/IQRt4HhalyF5QI9kSBm4wz0BAYLrSvg0L-_fomtzF94e-Ac?width=1200&height=817
03-11-2021,242.898819,246.3215332,216.1961975,221.0767517,6024951132,104,Solana,SOL-USD,Crypto,Cryptocurrency,https://1drv.ms/i/c/8705623eb284e7df/IQRt4HhalyF5QI9kSBm4wz0BAYLrSvg0L-_fomtzF94e-Ac?width=1200&height=817
04-11-2021,247.3877716,250.4663391,235.1508789,243.0978088,4440296290,104,Solana,SOL-USD,Crypto,Cryptocurrency,https://1drv.ms/i/c/8705623eb284e7df/IQRt4HhalyF5QI9kSBm4wz0BAYLrSvg0L-_fomtzF94e-Ac?width=1200&height=817
05-11-2021,236.4743347,248.3839111,231.1608124,247.2709351,2752870913,104,Solana,SOL-USD,Crypto,Cryptocurrency,https://1drv.ms/i/c/8705623eb284e7df/IQRt4HhalyF5QI9kSBm4wz0BAYLrSvg0L-_fomtzF94e-Ac?width=1200&height=817
06-11-2021,258.9343262,260.0621033,235.2899628,236.4927521,3869779683,104,Solana,SOL-USD,Crypto,Cryptocurrency,https://1drv.ms/i/c/8705623eb284e7df/IQRt4HhalyF5QI9kSBm4wz0BAYLrSvg0L-_fomtzF94e-Ac?width=1200&height=817
07-11-2021,249.8234863,258.8500977,246.1224213,258.7815552,2624869522,104,Solana,SOL-USD,Crypto,Cryptocurrency,https://1drv.ms/i/c/8705623eb284e7df/IQRt4HhalyF5QI9kSBm4wz0BAYLrSvg0L-_fomtzF94e-Ac?width=1200&height=817
08-11-2021,248.4671783,253.2541809,241.1401367,249.9792633,3344410176,104,Solana,SOL-USD,Crypto,Cryptocurrency,https://1drv.ms/i/c/8705623eb284e7df/IQRt4HhalyF5QI9kSBm4wz0BAYLrSvg0L-_fomtzF94e-Ac?width=1200&height=817
09-11-2021,239.2131348,253.1798248,237.8952942,248.356842,2819309492,104,Solana,SOL-USD,Crypto,Cryptocurrency,https://1drv.ms/i/c/8705623eb284e7df/IQRt4HhalyF5QI9kSBm4wz0BAYLrSvg0L-_fomtzF94e-Ac?width=1200&height=817
10-11-2021,233.7795258,247.9470367,218.3885498,239.1337433,3873202098,104,Solana,SOL-USD,Crypto,Cryptocurrency,https://1drv.ms/i/c/8705623eb284e7df/IQRt4HhalyF5QI9kSBm4wz0BAYLrSvg0L-_fomtzF94e-Ac?width=1200&height=817
11-11-2021,234.2407532,246.4471893,229.7485199,233.9139862,2693456862,104,Solana,SOL-USD,Crypto,Cryptocurrency,https://1drv.ms/i/c/8705623eb284e7df/IQRt4HhalyF5QI9kSBm4wz0BAYLrSvg0L-_fomtzF94e-Ac?width=1200&height=817
12-11-2021,228.5020905,238.6956787,221.2529449,233.7212677,3022054714,104,Solana,SOL-USD,Crypto,Cryptocurrency,https://1drv.ms/i/c/8705623eb284e7df/IQRt4HhalyF5QI9kSBm4wz0BAYLrSvg0L-_fomtzF94e-Ac?width=1200&height=817
13-11-2021,241.8250275,241.8250275,225.0759277,228.5962524,2322796265,104,Solana,SOL-USD,Crypto,Cryptocurrency,https://1drv.ms/i/c/8705623eb284e7df/IQRt4HhalyF5QI9kSBm4wz0BAYLrSvg0L-_fomtzF94e-Ac?width=1200&height=817
14-11-2021,238.4255219,242.0448914,230.6894073,241.8621063,1705211600,104,Solana,SOL-USD,Crypto,Cryptocurrency,https://1drv.ms/i/c/8705623eb284e7df/IQRt4HhalyF5QI9kSBm4wz0BAYLrSvg0L-_fomtzF94e-Ac?width=1200&height=817
15-11-2021,237.5536041,245.9761047,235.0991058,238.7313995,2414551003,104,Solana,SOL-USD,Crypto,Cryptocurrency,https://1drv.ms/i/c/8705623eb284e7df/IQRt4HhalyF5QI9kSBm4wz0BAYLrSvg0L-_fomtzF94e-Ac?width=1200&height=817
16-11-2021,219.2390289,238.4971466,215.4420929,238.4971466,3557977024,104,Solana,SOL-USD,Crypto,Cryptocurrency,https://1drv.ms/i/c/8705623eb284e7df/IQRt4HhalyF5QI9kSBm4wz0BAYLrSvg0L-_fomtzF94e-Ac?width=1200&height=817
17-11-2021,218.7152405,222.0288391,210.026947,219.295639,2982505239,104,Solana,SOL-USD,Crypto,Cryptocurrency,https://1drv.ms/i/c/8705623eb284e7df/IQRt4HhalyF5QI9kSBm4wz0BAYLrSvg0L-_fomtzF94e-Ac?width=1200&height=817
18-11-2021,195.4874115,222.8769379,187.6731262,218.8755798,3911214658,104,Solana,SOL-USD,Crypto,Cryptocurrency,https://1drv.ms/i/c/8705623eb284e7df/IQRt4HhalyF5QI9kSBm4wz0BAYLrSvg0L-_fomtzF94e-Ac?width=1200&height=817
19-11-2021,215.280014,219.3670654,189.7501678,195.0662842,3431624914,104,Solana,SOL-USD,Crypto,Cryptocurrency,https://1drv.ms/i/c/8705623eb284e7df/IQRt4HhalyF5QI9kSBm4wz0BAYLrSvg0L-_fomtzF94e-Ac?width=1200&height=817
20-11-2021,218.015274,221.445343,206.2858734,215.4069061,2003638941,104,Solana,SOL-USD,Crypto,Cryptocurrency,https://1drv.ms/i/c/8705623eb284e7df/IQRt4HhalyF5QI9kSBm4wz0BAYLrSvg0L-_fomtzF94e-Ac?width=1200&height=817
21-11-2021,231.2826233,235.2309113,210.8097382,217.7840271,2636480460,104,Solana,SOL-USD,Crypto,Cryptocurrency,https://1drv.ms/i/c/8705623eb284e7df/IQRt4HhalyF5QI9kSBm4wz0BAYLrSvg0L-_fomtzF94e-Ac?width=1200&height=817
22-11-2021,215.7372742,231.9048157,212.0300903,230.9896393,3254258844,104,Solana,SOL-USD,Crypto,Cryptocurrency,https://1drv.ms/i/c/8705623eb284e7df/IQRt4HhalyF5QI9kSBm4wz0BAYLrSvg0L-_fomtzF94e-Ac?width=1200&height=817
23-11-2021,221.8368988,226.0617371,211.3122253,215.8429565,2328763768,104,Solana,SOL-USD,Crypto,Cryptocurrency,https://1drv.ms/i/c/8705623eb284e7df/IQRt4HhalyF5QI9kSBm4wz0BAYLrSvg0L-_fomtzF94e-Ac?width=1200&height=817
24-11-2021,214.9215393,222.4592743,200.5026093,221.860611,2293934142,104,Solana,SOL-USD,Crypto,Cryptocurrency,https://1drv.ms/i/c/8705623eb284e7df/IQRt4HhalyF5QI9kSBm4wz0BAYLrSvg0L-_fomtzF94e-Ac?width=1200&height=817
25-11-2021,206.2529907,216.4005127,202.32341,205.8861694,2586718627,104,Solana,SOL-USD,Crypto,Cryptocurrency,https://1drv.ms/i/c/8705623eb284e7df/IQRt4HhalyF5QI9kSBm4wz0BAYLrSvg0L-_fomtzF94e-Ac?width=1200&height=817
26-11-2021,191.5117493,210.5045776,184.3282776,210.0482788,3380122748,104,Solana,SOL-USD,Crypto,Cryptocurrency,https://1drv.ms/i/c/8705623eb284e7df/IQRt4HhalyF5QI9kSBm4wz0BAYLrSvg0L-_fomtzF94e-Ac?width=1200&height=817
27-11-2021,193.1021576,199.3649902,191.0405426,192.2835693,1443178833,104,Solana,SOL-USD,Crypto,Cryptocurrency,https://1drv.ms/i/c/8705623eb284e7df/IQRt4HhalyF5QI9kSBm4wz0BAYLrSvg0L-_fomtzF94e-Ac?width=1200&height=817
28-11-2021,200.676651,201.6287079,182.3724518,193.2756042,2033215941,104,Solana,SOL-USD,Crypto,Cryptocurrency,https://1drv.ms/i/c/8705623eb284e7df/IQRt4HhalyF5QI9kSBm4wz0BAYLrSvg0L-_fomtzF94e-Ac?width=1200&height=817
29-11-2021,204.3193665,212.4458008,199.9542999,200.8212738,2110532147,104,Solana,SOL-USD,Crypto,Cryptocurrency,https://1drv.ms/i/c/8705623eb284e7df/IQRt4HhalyF5QI9kSBm4wz0BAYLrSvg0L-_fomtzF94e-Ac?width=1200&height=817
30-11-2021,208.67099,218.339386,200.0843353,204.2329407,2888387657,104,Solana,SOL-USD,Crypto,Cryptocurrency,https://1drv.ms/i/c/8705623eb284e7df/IQRt4HhalyF5QI9kSBm4wz0BAYLrSvg0L-_fomtzF94e-Ac?width=1200&height=817
01-12-2021,229.7992401,232.3862152,208.1522675,208.393158,3532771294,104,Solana,SOL-USD,Crypto,Cryptocurrency,https://1drv.ms/i/c/8705623eb284e7df/IQRt4HhalyF5QI9kSBm4wz0BAYLrSvg0L-_fomtzF94e-Ac?width=1200&height=817
02-12-2021,233.993042,243.1116638,220.3871765,229.8547058,4074103518,104,Solana,SOL-USD,Crypto,Cryptocurrency,https://1drv.ms/i/c/8705623eb284e7df/IQRt4HhalyF5QI9kSBm4wz0BAYLrSvg0L-_fomtzF94e-Ac?width=1200&height=817
03-12-2021,211.2243958,239.1221008,207.3297729,233.6018982,4061060881,104,Solana,SOL-USD,Crypto,Cryptocurrency,https://1drv.ms/i/c/8705623eb284e7df/IQRt4HhalyF5QI9kSBm4wz0BAYLrSvg0L-_fomtzF94e-Ac?width=1200&height=817
04-12-2021,201.1248322,212.8075409,171.5535736,212.112381,5949505665,104,Solana,SOL-USD,Crypto,Cryptocurrency,https://1drv.ms/i/c/8705623eb284e7df/IQRt4HhalyF5QI9kSBm4wz0BAYLrSvg0L-_fomtzF94e-Ac?width=1200&height=817
05-12-2021,196.1682587,204.6174774,182.0168152,200.7806091,3402591975,104,Solana,SOL-USD,Crypto,Cryptocurrency,https://1drv.ms/i/c/8705623eb284e7df/IQRt4HhalyF5QI9kSBm4wz0BAYLrSvg0L-_fomtzF94e-Ac?width=1200&height=817
06-12-2021,194.1992188,197.6630249,176.8880615,196.5474854,3693853028,104,Solana,SOL-USD,Crypto,Cryptocurrency,https://1drv.ms/i/c/8705623eb284e7df/IQRt4HhalyF5QI9kSBm4wz0BAYLrSvg0L-_fomtzF94e-Ac?width=1200&height=817
07-12-2021,190.5969086,204.1184998,188.2808075,194.2765961,2556849839,104,Solana,SOL-USD,Crypto,Cryptocurrency,https://1drv.ms/i/c/8705623eb284e7df/IQRt4HhalyF5QI9kSBm4wz0BAYLrSvg0L-_fomtzF94e-Ac?width=1200&height=817
08-12-2021,194.6217041,196.374115,184.1327057,190.5050049,2277446203,104,Solana,SOL-USD,Crypto,Cryptocurrency,https://1drv.ms/i/c/8705623eb284e7df/IQRt4HhalyF5QI9kSBm4wz0BAYLrSvg0L-_fomtzF94e-Ac?width=1200&height=817
09-12-2021,181.1780853,196.689743,178.7921448,194.4832916,1968182104,104,Solana,SOL-USD,Crypto,Cryptocurrency,https://1drv.ms/i/c/8705623eb284e7df/IQRt4HhalyF5QI9kSBm4wz0BAYLrSvg0L-_fomtzF94e-Ac?width=1200&height=817
10-12-2021,167.954834,184.6894226,167.954834,181.4675598,2118266396,104,Solana,SOL-USD,Crypto,Cryptocurrency,https://1drv.ms/i/c/8705623eb284e7df/IQRt4HhalyF5QI9kSBm4wz0BAYLrSvg0L-_fomtzF94e-Ac?width=1200&height=817
11-12-2021,171.9494934,173.8984833,161.8600006,167.916626,1877844189,104,Solana,SOL-USD,Crypto,Cryptocurrency,https://1drv.ms/i/c/8705623eb284e7df/IQRt4HhalyF5QI9kSBm4wz0BAYLrSvg0L-_fomtzF94e-Ac?width=1200&height=817
12-12-2021,173.4316711,176.6494141,167.8612518,171.9483185,1196808540,104,Solana,SOL-USD,Crypto,Cryptocurrency,https://1drv.ms/i/c/8705623eb284e7df/IQRt4HhalyF5QI9kSBm4wz0BAYLrSvg0L-_fomtzF94e-Ac?width=1200&height=817
13-12-2021,155.2130585,173.0999298,148.5718231,173.0999298,2547597256,104,Solana,SOL-USD,Crypto,Cryptocurrency,https://1drv.ms/i/c/8705623eb284e7df/IQRt4HhalyF5QI9kSBm4wz0BAYLrSvg0L-_fomtzF94e-Ac?width=1200&height=817
14-12-2021,153.3414459,161.6182709,150.117981,155.1416626,2604045117,104,Solana,SOL-USD,Crypto,Cryptocurrency,https://1drv.ms/i/c/8705623eb284e7df/IQRt4HhalyF5QI9kSBm4wz0BAYLrSvg0L-_fomtzF94e-Ac?width=1200&height=817
15-12-2021,178.3407898,182.5131683,157.6532135,161.358902,3783787658,104,Solana,SOL-USD,Crypto,Cryptocurrency,https://1drv.ms/i/c/8705623eb284e7df/IQRt4HhalyF5QI9kSBm4wz0BAYLrSvg0L-_fomtzF94e-Ac?width=1200&height=817
16-12-2021,176.9546661,188.8787079,174.4509735,178.5915375,2766320569,104,Solana,SOL-USD,Crypto,Cryptocurrency,https://1drv.ms/i/c/8705623eb284e7df/IQRt4HhalyF5QI9kSBm4wz0BAYLrSvg0L-_fomtzF94e-Ac?width=1200&height=817
17-12-2021,175.5032959,182.393631,168.5187378,176.8949738,2711688386,104,Solana,SOL-USD,Crypto,Cryptocurrency,https://1drv.ms/i/c/8705623eb284e7df/IQRt4HhalyF5QI9kSBm4wz0BAYLrSvg0L-_fomtzF94e-Ac?width=1200&height=817
18-12-2021,182.8351288,184.3751831,171.1965637,175.6563568,1690397976,104,Solana,SOL-USD,Crypto,Cryptocurrency,https://1drv.ms/i/c/8705623eb284e7df/IQRt4HhalyF5QI9kSBm4wz0BAYLrSvg0L-_fomtzF94e-Ac?width=1200&height=817
19-12-2021,180.098053,189.2625427,178.7550201,182.8509064,1678714066,104,Solana,SOL-USD,Crypto,Cryptocurrency,https://1drv.ms/i/c/8705623eb284e7df/IQRt4HhalyF5QI9kSBm4wz0BAYLrSvg0L-_fomtzF94e-Ac?width=1200&height=817
20-12-2021,173.6717834,181.1532593,168.6835175,179.9777374,1982986558,104,Solana,SOL-USD,Crypto,Cryptocurrency,https://1drv.ms/i/c/8705623eb284e7df/IQRt4HhalyF5QI9kSBm4wz0BAYLrSvg0L-_fomtzF94e-Ac?width=1200&height=817
21-12-2021,180.0925446,182.417511,170.4906311,173.694397,1821107818,104,Solana,SOL-USD,Crypto,Cryptocurrency,https://1drv.ms/i/c/8705623eb284e7df/IQRt4HhalyF5QI9kSBm4wz0BAYLrSvg0L-_fomtzF94e-Ac?width=1200&height=817
22-12-2021,178.5971222,187.4734344,177.4273376,179.8583374,1889229699,104,Solana,SOL-USD,Crypto,Cryptocurrency,https://1drv.ms/i/c/8705623eb284e7df/IQRt4HhalyF5QI9kSBm4wz0BAYLrSvg0L-_fomtzF94e-Ac?width=1200&height=817
23-12-2021,190.0363159,193.2760468,176.1164551,178.5027618,2191634326,104,Solana,SOL-USD,Crypto,Cryptocurrency,https://1drv.ms/i/c/8705623eb284e7df/IQRt4HhalyF5QI9kSBm4wz0BAYLrSvg0L-_fomtzF94e-Ac?width=1200&height=817
24-12-2021,190.2731934,197.1577148,185.0193787,190.1028595,2286837232,104,Solana,SOL-USD,Crypto,Cryptocurrency,https://1drv.ms/i/c/8705623eb284e7df/IQRt4HhalyF5QI9kSBm4wz0BAYLrSvg0L-_fomtzF94e-Ac?width=1200&height=817
25-12-2021,193.1209259,195.149231,189.0322266,190.531601,1443209769,104,Solana,SOL-USD,Crypto,Cryptocurrency,https://1drv.ms/i/c/8705623eb284e7df/IQRt4HhalyF5QI9kSBm4wz0BAYLrSvg0L-_fomtzF94e-Ac?width=1200&height=817
26-12-2021,198.0007324,200.6441956,190.8236847,192.920517,1971114647,104,Solana,SOL-USD,Crypto,Cryptocurrency,https://1drv.ms/i/c/8705623eb284e7df/IQRt4HhalyF5QI9kSBm4wz0BAYLrSvg0L-_fomtzF94e-Ac?width=1200&height=817
27-12-2021,195.4295044,204.5785675,195.1607971,197.8834076,1800094698,104,Solana,SOL-USD,Crypto,Cryptocurrency,https://1drv.ms/i/c/8705623eb284e7df/IQRt4HhalyF5QI9kSBm4wz0BAYLrSvg0L-_fomtzF94e-Ac?width=1200&height=817
28-12-2021,177.4256287,195.6216583,177.0403595,195.6216583,2826063568,104,Solana,SOL-USD,Crypto,Cryptocurrency,https://1drv.ms/i/c/8705623eb284e7df/IQRt4HhalyF5QI9kSBm4wz0BAYLrSvg0L-_fomtzF94e-Ac?width=1200&height=817
29-12-2021,170.6575623,180.5907745,170.4434204,177.3890381,2175731146,104,Solana,SOL-USD,Crypto,Cryptocurrency,https://1drv.ms/i/c/8705623eb284e7df/IQRt4HhalyF5QI9kSBm4wz0BAYLrSvg0L-_fomtzF94e-Ac?width=1200&height=817
30-12-2021,172.7511902,175.6911621,168.3984833,170.7647858,1540637869,104,Solana,SOL-USD,Crypto,Cryptocurrency,https://1drv.ms/i/c/8705623eb284e7df/IQRt4HhalyF5QI9kSBm4wz0BAYLrSvg0L-_fomtzF94e-Ac?width=1200&height=817
31-12-2021,170.2990723,177.3570404,168.3120728,172.7038422,1567918820,104,Solana,SOL-USD,Crypto,Cryptocurrency,https://1drv.ms/i/c/8705623eb284e7df/IQRt4HhalyF5QI9kSBm4wz0BAYLrSvg0L-_fomtzF94e-Ac?width=1200&height=817
01-01-2022,178.5179443,178.9622498,170.1955414,170.3108368,1084780603,104,Solana,SOL-USD,Crypto,Cryptocurrency,https://1drv.ms/i/c/8705623eb284e7df/IQRt4HhalyF5QI9kSBm4wz0BAYLrSvg0L-_fomtzF94e-Ac?width=1200&height=817
02-01-2022,176.382843,179.4323578,175.0123138,178.5324097,995389409,104,Solana,SOL-USD,Crypto,Cryptocurrency,https://1drv.ms/i/c/8705623eb284e7df/IQRt4HhalyF5QI9kSBm4wz0BAYLrSvg0L-_fomtzF94e-Ac?width=1200&height=817
03-01-2022,170.2977448,176.3863068,167.5339813,176.3863068,1345778058,104,Solana,SOL-USD,Crypto,Cryptocurrency,https://1drv.ms/i/c/8705623eb284e7df/IQRt4HhalyF5QI9kSBm4wz0BAYLrSvg0L-_fomtzF94e-Ac?width=1200&height=817
04-01-2022,167.9389038,173.7351074,166.7401276,170.2861176,1499265336,104,Solana,SOL-USD,Crypto,Cryptocurrency,https://1drv.ms/i/c/8705623eb284e7df/IQRt4HhalyF5QI9kSBm4wz0BAYLrSvg0L-_fomtzF94e-Ac?width=1200&height=817
05-01-2022,155.0997314,171.1104584,148.2161102,167.9403381,2123759721,104,Solana,SOL-USD,Crypto,Cryptocurrency,https://1drv.ms/i/c/8705623eb284e7df/IQRt4HhalyF5QI9kSBm4wz0BAYLrSvg0L-_fomtzF94e-Ac?width=1200&height=817
06-01-2022,150.4313507,155.1059265,146.6676636,155.1059265,2097172620,104,Solana,SOL-USD,Crypto,Cryptocurrency,https://1drv.ms/i/c/8705623eb284e7df/IQRt4HhalyF5QI9kSBm4wz0BAYLrSvg0L-_fomtzF94e-Ac?width=1200&height=817
07-01-2022,136.4028168,150.5209503,135.1499939,150.4134064,2926269672,104,Solana,SOL-USD,Crypto,Cryptocurrency,https://1drv.ms/i/c/8705623eb284e7df/IQRt4HhalyF5QI9kSBm4wz0BAYLrSvg0L-_fomtzF94e-Ac?width=1200&height=817
08-01-2022,142.5134583,147.8373108,134.0210114,136.4001617,2730000333,104,Solana,SOL-USD,Crypto,Cryptocurrency,https://1drv.ms/i/c/8705623eb284e7df/IQRt4HhalyF5QI9kSBm4wz0BAYLrSvg0L-_fomtzF94e-Ac?width=1200&height=817
09-01-2022,140.8390045,145.4404144,138.394104,142.5431213,1599123912,104,Solana,SOL-USD,Crypto,Cryptocurrency,https://1drv.ms/i/c/8705623eb284e7df/IQRt4HhalyF5QI9kSBm4wz0BAYLrSvg0L-_fomtzF94e-Ac?width=1200&height=817
10-01-2022,135.9549408,143.5633698,130.7969971,140.8336334,2040883379,104,Solana,SOL-USD,Crypto,Cryptocurrency,https://1drv.ms/i/c/8705623eb284e7df/IQRt4HhalyF5QI9kSBm4wz0BAYLrSvg0L-_fomtzF94e-Ac?width=1200&height=817
11-01-2022,140.1838531,143.2990417,134.1339722,135.9409027,1554197314,104,Solana,SOL-USD,Crypto,Cryptocurrency,https://1drv.ms/i/c/8705623eb284e7df/IQRt4HhalyF5QI9kSBm4wz0BAYLrSvg0L-_fomtzF94e-Ac?width=1200&height=817
12-01-2022,151.7031097,152.9364777,138.5462646,140.2037506,2242337550,104,Solana,SOL-USD,Crypto,Cryptocurrency,https://1drv.ms/i/c/8705623eb284e7df/IQRt4HhalyF5QI9kSBm4wz0BAYLrSvg0L-_fomtzF94e-Ac?width=1200&height=817
13-01-2022,146.0100403,157.5437317,146.0100403,151.6905975,2177023564,104,Solana,SOL-USD,Crypto,Cryptocurrency,https://1drv.ms/i/c/8705623eb284e7df/IQRt4HhalyF5QI9kSBm4wz0BAYLrSvg0L-_fomtzF94e-Ac?width=1200&height=817
14-01-2022,146.1590271,150.4694824,142.390686,146.0259094,1822320951,104,Solana,SOL-USD,Crypto,Cryptocurrency,https://1drv.ms/i/c/8705623eb284e7df/IQRt4HhalyF5QI9kSBm4wz0BAYLrSvg0L-_fomtzF94e-Ac?width=1200&height=817
15-01-2022,147.801178,149.3501892,144.4191437,146.1800232,1123271784,104,Solana,SOL-USD,Crypto,Cryptocurrency,https://1drv.ms/i/c/8705623eb284e7df/IQRt4HhalyF5QI9kSBm4wz0BAYLrSvg0L-_fomtzF94e-Ac?width=1200&height=817
16-01-2022,147.8565216,151.7723389,146.4017792,147.7866058,1172854751,104,Solana,SOL-USD,Crypto,Cryptocurrency,https://1drv.ms/i/c/8705623eb284e7df/IQRt4HhalyF5QI9kSBm4wz0BAYLrSvg0L-_fomtzF94e-Ac?width=1200&height=817
17-01-2022,139.9260101,148.2058716,137.5000305,147.8767853,1487772250,104,Solana,SOL-USD,Crypto,Cryptocurrency,https://1drv.ms/i/c/8705623eb284e7df/IQRt4HhalyF5QI9kSBm4wz0BAYLrSvg0L-_fomtzF94e-Ac?width=1200&height=817
18-01-2022,141.5871887,142.4664917,134.8957977,139.9327698,1449435942,104,Solana,SOL-USD,Crypto,Cryptocurrency,https://1drv.ms/i/c/8705623eb284e7df/IQRt4HhalyF5QI9kSBm4wz0BAYLrSvg0L-_fomtzF94e-Ac?width=1200&height=817
19-01-2022,135.7923889,142.2940826,133.3551788,141.5469971,1444663456,104,Solana,SOL-USD,Crypto,Cryptocurrency,https://1drv.ms/i/c/8705623eb284e7df/IQRt4HhalyF5QI9kSBm4wz0BAYLrSvg0L-_fomtzF94e-Ac?width=1200&height=817
20-01-2022,127.2052841,143.6174011,127.1740417,135.7913361,984099352,104,Solana,SOL-USD,Crypto,Cryptocurrency,https://1drv.ms/i/c/8705623eb284e7df/IQRt4HhalyF5QI9kSBm4wz0BAYLrSvg0L-_fomtzF94e-Ac?width=1200&height=817
21-01-2022,111.9660568,128.4328613,107.9089966,127.3333359,3771688473,104,Solana,SOL-USD,Crypto,Cryptocurrency,https://1drv.ms/i/c/8705623eb284e7df/IQRt4HhalyF5QI9kSBm4wz0BAYLrSvg0L-_fomtzF94e-Ac?width=1200&height=817
22-01-2022,94.17836761,113.587677,89.28715515,111.9765396,4039466376,104,Solana,SOL-USD,Crypto,Cryptocurrency,https://1drv.ms/i/c/8705623eb284e7df/IQRt4HhalyF5QI9kSBm4wz0BAYLrSvg0L-_fomtzF94e-Ac?width=1200&height=817
23-01-2022,99.57822418,104.5192032,93.59348297,94.30760193,2548191912,104,Solana,SOL-USD,Crypto,Cryptocurrency,https://1drv.ms/i/c/8705623eb284e7df/IQRt4HhalyF5QI9kSBm4wz0BAYLrSvg0L-_fomtzF94e-Ac?width=1200&height=817
24-01-2022,91.65016174,99.77051544,81.22605133,99.61751556,4664539688,104,Solana,SOL-USD,Crypto,Cryptocurrency,https://1drv.ms/i/c/8705623eb284e7df/IQRt4HhalyF5QI9kSBm4wz0BAYLrSvg0L-_fomtzF94e-Ac?width=1200&height=817
25-01-2022,94.72035217,99.70123291,87.75712585,91.66015625,2842652332,104,Solana,SOL-USD,Crypto,Cryptocurrency,https://1drv.ms/i/c/8705623eb284e7df/IQRt4HhalyF5QI9kSBm4wz0BAYLrSvg0L-_fomtzF94e-Ac?width=1200&height=817
26-01-2022,92.23804474,103.7215576,89.80755615,94.71883392,3177186515,104,Solana,SOL-USD,Crypto,Cryptocurrency,https://1drv.ms/i/c/8705623eb284e7df/IQRt4HhalyF5QI9kSBm4wz0BAYLrSvg0L-_fomtzF94e-Ac?width=1200&height=817
27-01-2022,89.63249207,94.05999756,86.18603516,92.21805573,2513945822,104,Solana,SOL-USD,Crypto,Cryptocurrency,https://1drv.ms/i/c/8705623eb284e7df/IQRt4HhalyF5QI9kSBm4wz0BAYLrSvg0L-_fomtzF94e-Ac?width=1200&height=817
28-01-2022,91.31289673,93.3646698,87.57424164,89.52909088,2156098049,104,Solana,SOL-USD,Crypto,Cryptocurrency,https://1drv.ms/i/c/8705623eb284e7df/IQRt4HhalyF5QI9kSBm4wz0BAYLrSvg0L-_fomtzF94e-Ac?width=1200&height=817
29-01-2022,96.22348785,98.61104584,90.96379852,91.35469818,1727329992,104,Solana,SOL-USD,Crypto,Cryptocurrency,https://1drv.ms/i/c/8705623eb284e7df/IQRt4HhalyF5QI9kSBm4wz0BAYLrSvg0L-_fomtzF94e-Ac?width=1200&height=817
30-01-2022,93.29767609,97.29832458,91.70702362,96.24900055,1110338981,104,Solana,SOL-USD,Crypto,Cryptocurrency,https://1drv.ms/i/c/8705623eb284e7df/IQRt4HhalyF5QI9kSBm4wz0BAYLrSvg0L-_fomtzF94e-Ac?width=1200&height=817
31-01-2022,99.7388382,100.7250748,89.58599091,93.30117035,1888454241,104,Solana,SOL-USD,Crypto,Cryptocurrency,https://1drv.ms/i/c/8705623eb284e7df/IQRt4HhalyF5QI9kSBm4wz0BAYLrSvg0L-_fomtzF94e-Ac?width=1200&height=817
01-02-2022,109.978981,112.9801254,99.4778595,99.72594452,3568466349,104,Solana,SOL-USD,Crypto,Cryptocurrency,https://1drv.ms/i/c/8705623eb284e7df/IQRt4HhalyF5QI9kSBm4wz0BAYLrSvg0L-_fomtzF94e-Ac?width=1200&height=817
02-02-2022,101.8376007,111.9573669,97.7355957,110.019455,3297984784,104,Solana,SOL-USD,Crypto,Cryptocurrency,https://1drv.ms/i/c/8705623eb284e7df/IQRt4HhalyF5QI9kSBm4wz0BAYLrSvg0L-_fomtzF94e-Ac?width=1200&height=817
03-02-2022,101.4590378,102.6684647,94.63531494,101.8281021,2618951519,104,Solana,SOL-USD,Crypto,Cryptocurrency,https://1drv.ms/i/c/8705623eb284e7df/IQRt4HhalyF5QI9kSBm4wz0BAYLrSvg0L-_fomtzF94e-Ac?width=1200&height=817
04-02-2022,112.1742477,112.4103317,100.6773758,101.3409348,3121470028,104,Solana,SOL-USD,Crypto,Cryptocurrency,https://1drv.ms/i/c/8705623eb284e7df/IQRt4HhalyF5QI9kSBm4wz0BAYLrSvg0L-_fomtzF94e-Ac?width=1200&height=817
05-02-2022,113.8943024,118.2131195,110.5340652,112.2054825,2337469324,104,Solana,SOL-USD,Crypto,Cryptocurrency,https://1drv.ms/i/c/8705623eb284e7df/IQRt4HhalyF5QI9kSBm4wz0BAYLrSvg0L-_fomtzF94e-Ac?width=1200&height=817
06-02-2022,115.2997589,115.8664856,112.1863556,113.9028244,1488437091,104,Solana,SOL-USD,Crypto,Cryptocurrency,https://1drv.ms/i/c/8705623eb284e7df/IQRt4HhalyF5QI9kSBm4wz0BAYLrSvg0L-_fomtzF94e-Ac?width=1200&height=817
07-02-2022,117.3551483,121.5540314,113.1404648,115.2761917,2501444983,104,Solana,SOL-USD,Crypto,Cryptocurrency,https://1drv.ms/i/c/8705623eb284e7df/IQRt4HhalyF5QI9kSBm4wz0BAYLrSvg0L-_fomtzF94e-Ac?width=1200&height=817
08-02-2022,113.5954819,119.9695511,110.2419434,117.4089127,2670414753,104,Solana,SOL-USD,Crypto,Cryptocurrency,https://1drv.ms/i/c/8705623eb284e7df/IQRt4HhalyF5QI9kSBm4wz0BAYLrSvg0L-_fomtzF94e-Ac?width=1200&height=817
09-02-2022,114.0193787,116.8273239,109.978653,113.5340347,1844036035,104,Solana,SOL-USD,Crypto,Cryptocurrency,https://1drv.ms/i/c/8705623eb284e7df/IQRt4HhalyF5QI9kSBm4wz0BAYLrSvg0L-_fomtzF94e-Ac?width=1200&height=817
10-02-2022,106.2028046,114.7884216,106.2028046,114.0216446,2534257400,104,Solana,SOL-USD,Crypto,Cryptocurrency,https://1drv.ms/i/c/8705623eb284e7df/IQRt4HhalyF5QI9kSBm4wz0BAYLrSvg0L-_fomtzF94e-Ac?width=1200&height=817
11-02-2022,96.38188171,107.8453903,95.60428619,106.2297668,2244853464,104,Solana,SOL-USD,Crypto,Cryptocurrency,https://1drv.ms/i/c/8705623eb284e7df/IQRt4HhalyF5QI9kSBm4wz0BAYLrSvg0L-_fomtzF94e-Ac?width=1200&height=817
12-02-2022,95.91820526,99.55365753,93.49864197,96.40148926,1722515979,104,Solana,SOL-USD,Crypto,Cryptocurrency,https://1drv.ms/i/c/8705623eb284e7df/IQRt4HhalyF5QI9kSBm4wz0BAYLrSvg0L-_fomtzF94e-Ac?width=1200&height=817
13-02-2022,93.24410248,97.2062149,91.81570435,95.89258575,1150014559,104,Solana,SOL-USD,Crypto,Cryptocurrency,https://1drv.ms/i/c/8705623eb284e7df/IQRt4HhalyF5QI9kSBm4wz0BAYLrSvg0L-_fomtzF94e-Ac?width=1200&height=817
14-02-2022,96.43327332,97.74172974,91.20769501,93.19368744,1787236369,104,Solana,SOL-USD,Crypto,Cryptocurrency,https://1drv.ms/i/c/8705623eb284e7df/IQRt4HhalyF5QI9kSBm4wz0BAYLrSvg0L-_fomtzF94e-Ac?width=1200&height=817
15-02-2022,104.8733063,105.2919769,96.4332962,96.43740845,2134576044,104,Solana,SOL-USD,Crypto,Cryptocurrency,https://1drv.ms/i/c/8705623eb284e7df/IQRt4HhalyF5QI9kSBm4wz0BAYLrSvg0L-_fomtzF94e-Ac?width=1200&height=817
16-02-2022,101.9328995,105.346344,98.58037567,104.9250412,1908954820,104,Solana,SOL-USD,Crypto,Cryptocurrency,https://1drv.ms/i/c/8705623eb284e7df/IQRt4HhalyF5QI9kSBm4wz0BAYLrSvg0L-_fomtzF94e-Ac?width=1200&height=817
17-02-2022,93.41042328,102.6329346,92.67624664,101.8982315,1872498133,104,Solana,SOL-USD,Crypto,Cryptocurrency,https://1drv.ms/i/c/8705623eb284e7df/IQRt4HhalyF5QI9kSBm4wz0BAYLrSvg0L-_fomtzF94e-Ac?width=1200&height=817
18-02-2022,90.06546021,96.20182037,89.70610809,93.46298218,1669246812,104,Solana,SOL-USD,Crypto,Cryptocurrency,https://1drv.ms/i/c/8705623eb284e7df/IQRt4HhalyF5QI9kSBm4wz0BAYLrSvg0L-_fomtzF94e-Ac?width=1200&height=817
19-02-2022,91.4966507,92.54096222,88.95311737,90.05187988,1084605729,104,Solana,SOL-USD,Crypto,Cryptocurrency,https://1drv.ms/i/c/8705623eb284e7df/IQRt4HhalyF5QI9kSBm4wz0BAYLrSvg0L-_fomtzF94e-Ac?width=1200&height=817
20-02-2022,90.90141296,93.32028198,86.0174408,91.44432068,1912980153,104,Solana,SOL-USD,Crypto,Cryptocurrency,https://1drv.ms/i/c/8705623eb284e7df/IQRt4HhalyF5QI9kSBm4wz0BAYLrSvg0L-_fomtzF94e-Ac?width=1200&height=817
21-02-2022,83.12316132,95.90409088,83.11844635,90.88302612,2892900595,104,Solana,SOL-USD,Crypto,Cryptocurrency,https://1drv.ms/i/c/8705623eb284e7df/IQRt4HhalyF5QI9kSBm4wz0BAYLrSvg0L-_fomtzF94e-Ac?width=1200&height=817
22-02-2022,86.46538544,87.16397858,81.20485687,83.10639954,2046554018,104,Solana,SOL-USD,Crypto,Cryptocurrency,https://1drv.ms/i/c/8705623eb284e7df/IQRt4HhalyF5QI9kSBm4wz0BAYLrSvg0L-_fomtzF94e-Ac?width=1200&height=817
23-02-2022,84.90278625,92.73844147,84.90278625,86.47079468,2293962445,104,Solana,SOL-USD,Crypto,Cryptocurrency,https://1drv.ms/i/c/8705623eb284e7df/IQRt4HhalyF5QI9kSBm4wz0BAYLrSvg0L-_fomtzF94e-Ac?width=1200&height=817
24-02-2022,89.19474792,92.27939606,76.85957336,84.8635788,5253578948,104,Solana,SOL-USD,Crypto,Cryptocurrency,https://1drv.ms/i/c/8705623eb284e7df/IQRt4HhalyF5QI9kSBm4wz0BAYLrSvg0L-_fomtzF94e-Ac?width=1200&height=817
25-02-2022,92.59882355,94.77780914,87.27616119,89.22813416,3069242551,104,Solana,SOL-USD,Crypto,Cryptocurrency,https://1drv.ms/i/c/8705623eb284e7df/IQRt4HhalyF5QI9kSBm4wz0BAYLrSvg0L-_fomtzF94e-Ac?width=1200&height=817
26-02-2022,90.14156342,94.60433197,89.75767517,92.60886383,1721041901,104,Solana,SOL-USD,Crypto,Cryptocurrency,https://1drv.ms/i/c/8705623eb284e7df/IQRt4HhalyF5QI9kSBm4wz0BAYLrSvg0L-_fomtzF94e-Ac?width=1200&height=817
27-02-2022,85.5190506,91.98943329,84.49292755,90.12463379,2012522473,104,Solana,SOL-USD,Crypto,Cryptocurrency,https://1drv.ms/i/c/8705623eb284e7df/IQRt4HhalyF5QI9kSBm4wz0BAYLrSvg0L-_fomtzF94e-Ac?width=1200&height=817
28-02-2022,99.5203476,101.0417938,84.57584381,85.50110626,3457872746,104,Solana,SOL-USD,Crypto,Cryptocurrency,https://1drv.ms/i/c/8705623eb284e7df/IQRt4HhalyF5QI9kSBm4wz0BAYLrSvg0L-_fomtzF94e-Ac?width=1200&height=817
01-03-2022,98.65355682,101.5591583,94.89342499,99.54046631,3225742519,104,Solana,SOL-USD,Crypto,Cryptocurrency,https://1drv.ms/i/c/8705623eb284e7df/IQRt4HhalyF5QI9kSBm4wz0BAYLrSvg0L-_fomtzF94e-Ac?width=1200&height=817
02-03-2022,100.6496353,105.9847717,97.10579681,98.64907074,3800592927,104,Solana,SOL-USD,Crypto,Cryptocurrency,https://1drv.ms/i/c/8705623eb284e7df/IQRt4HhalyF5QI9kSBm4wz0BAYLrSvg0L-_fomtzF94e-Ac?width=1200&height=817
03-03-2022,95.53919983,101.427269,94.37796021,100.6537704,2309311748,104,Solana,SOL-USD,Crypto,Cryptocurrency,https://1drv.ms/i/c/8705623eb284e7df/IQRt4HhalyF5QI9kSBm4wz0BAYLrSvg0L-_fomtzF94e-Ac?width=1200&height=817
04-03-2022,88.24597931,95.70812988,87.55444336,95.56703949,2592829728,104,Solana,SOL-USD,Crypto,Cryptocurrency,https://1drv.ms/i/c/8705623eb284e7df/IQRt4HhalyF5QI9kSBm4wz0BAYLrSvg0L-_fomtzF94e-Ac?width=1200&height=817
05-03-2022,89.64784241,91.03617859,86.28884125,88.29053497,1437161887,104,Solana,SOL-USD,Crypto,Cryptocurrency,https://1drv.ms/i/c/8705623eb284e7df/IQRt4HhalyF5QI9kSBm4wz0BAYLrSvg0L-_fomtzF94e-Ac?width=1200&height=817
06-03-2022,84.54218292,89.86537933,84.32964325,89.64859009,1467561782,104,Solana,SOL-USD,Crypto,Cryptocurrency,https://1drv.ms/i/c/8705623eb284e7df/IQRt4HhalyF5QI9kSBm4wz0BAYLrSvg0L-_fomtzF94e-Ac?width=1200&height=817
07-03-2022,82.13006592,86.48308563,80.31684875,84.5528717,2375648176,104,Solana,SOL-USD,Crypto,Cryptocurrency,https://1drv.ms/i/c/8705623eb284e7df/IQRt4HhalyF5QI9kSBm4wz0BAYLrSvg0L-_fomtzF94e-Ac?width=1200&height=817
08-03-2022,82.25476074,84.7798996,81.54011536,82.11260223,2112765959,104,Solana,SOL-USD,Crypto,Cryptocurrency,https://1drv.ms/i/c/8705623eb284e7df/IQRt4HhalyF5QI9kSBm4wz0BAYLrSvg0L-_fomtzF94e-Ac?width=1200&height=817
09-03-2022,88.20206451,89.48204803,82.20623779,82.27992249,2624860794,104,Solana,SOL-USD,Crypto,Cryptocurrency,https://1drv.ms/i/c/8705623eb284e7df/IQRt4HhalyF5QI9kSBm4wz0BAYLrSvg0L-_fomtzF94e-Ac?width=1200&height=817
10-03-2022,82.93908691,88.45394897,81.01934052,88.19039917,2196400279,104,Solana,SOL-USD,Crypto,Cryptocurrency,https://1drv.ms/i/c/8705623eb284e7df/IQRt4HhalyF5QI9kSBm4wz0BAYLrSvg0L-_fomtzF94e-Ac?width=1200&height=817
11-03-2022,80.74499512,84.05066681,80.28123474,82.94074249,1852734626,104,Solana,SOL-USD,Crypto,Cryptocurrency,https://1drv.ms/i/c/8705623eb284e7df/IQRt4HhalyF5QI9kSBm4wz0BAYLrSvg0L-_fomtzF94e-Ac?width=1200&height=817
12-03-2022,81.55381775,82.66375732,80.7220993,80.74752045,1036290480,104,Solana,SOL-USD,Crypto,Cryptocurrency,https://1drv.ms/i/c/8705623eb284e7df/IQRt4HhalyF5QI9kSBm4wz0BAYLrSvg0L-_fomtzF94e-Ac?width=1200&height=817
13-03-2022,78.9360733,82.88303375,78.0043869,81.53121948,1316842580,104,Solana,SOL-USD,Crypto,Cryptocurrency,https://1drv.ms/i/c/8705623eb284e7df/IQRt4HhalyF5QI9kSBm4wz0BAYLrSvg0L-_fomtzF94e-Ac?width=1200&height=817
14-03-2022,81.17333984,82.0993042,78.27435303,78.92557526,1676601058,104,Solana,SOL-USD,Crypto,Cryptocurrency,https://1drv.ms/i/c/8705623eb284e7df/IQRt4HhalyF5QI9kSBm4wz0BAYLrSvg0L-_fomtzF94e-Ac?width=1200&height=817
15-03-2022,82.95508575,85.51931,79.07177734,81.1700592,1627848455,104,Solana,SOL-USD,Crypto,Cryptocurrency,https://1drv.ms/i/c/8705623eb284e7df/IQRt4HhalyF5QI9kSBm4wz0BAYLrSvg0L-_fomtzF94e-Ac?width=1200&height=817
16-03-2022,87.90362549,87.90362549,81.65324402,82.95167542,2370877301,104,Solana,SOL-USD,Crypto,Cryptocurrency,https://1drv.ms/i/c/8705623eb284e7df/IQRt4HhalyF5QI9kSBm4wz0BAYLrSvg0L-_fomtzF94e-Ac?width=1200&height=817
17-03-2022,87.87684631,90.75728607,86.75122833,87.86245728,2440062581,104,Solana,SOL-USD,Crypto,Cryptocurrency,https://1drv.ms/i/c/8705623eb284e7df/IQRt4HhalyF5QI9kSBm4wz0BAYLrSvg0L-_fomtzF94e-Ac?width=1200&height=817
18-03-2022,89.82203674,91.84861755,84.63697815,87.86626434,2745357460,104,Solana,SOL-USD,Crypto,Cryptocurrency,https://1drv.ms/i/c/8705623eb284e7df/IQRt4HhalyF5QI9kSBm4wz0BAYLrSvg0L-_fomtzF94e-Ac?width=1200&height=817
19-03-2022,92.41815186,94.36089325,89.39261627,89.82045746,1951674158,104,Solana,SOL-USD,Crypto,Cryptocurrency,https://1drv.ms/i/c/8705623eb284e7df/IQRt4HhalyF5QI9kSBm4wz0BAYLrSvg0L-_fomtzF94e-Ac?width=1200&height=817
20-03-2022,88.61486053,92.43592072,88.15045929,92.41366577,1286133603,104,Solana,SOL-USD,Crypto,Cryptocurrency,https://1drv.ms/i/c/8705623eb284e7df/IQRt4HhalyF5QI9kSBm4wz0BAYLrSvg0L-_fomtzF94e-Ac?width=1200&height=817
21-03-2022,88.75720215,91.01198578,87.2076416,88.60500336,1598537312,104,Solana,SOL-USD,Crypto,Cryptocurrency,https://1drv.ms/i/c/8705623eb284e7df/IQRt4HhalyF5QI9kSBm4wz0BAYLrSvg0L-_fomtzF94e-Ac?width=1200&height=817
22-03-2022,90.51296997,93.76680756,88.1827774,88.74190521,1879747152,104,Solana,SOL-USD,Crypto,Cryptocurrency,https://1drv.ms/i/c/8705623eb284e7df/IQRt4HhalyF5QI9kSBm4wz0BAYLrSvg0L-_fomtzF94e-Ac?width=1200&height=817
23-03-2022,95.10268402,96.05184174,89.8114624,90.51393127,2099467745,104,Solana,SOL-USD,Crypto,Cryptocurrency,https://1drv.ms/i/c/8705623eb284e7df/IQRt4HhalyF5QI9kSBm4wz0BAYLrSvg0L-_fomtzF94e-Ac?width=1200&height=817
24-03-2022,102.2236938,103.4557953,94.06550598,95.02090454,3601646600,104,Solana,SOL-USD,Crypto,Cryptocurrency,https://1drv.ms/i/c/8705623eb284e7df/IQRt4HhalyF5QI9kSBm4wz0BAYLrSvg0L-_fomtzF94e-Ac?width=1200&height=817
25-03-2022,98.65810394,104.582962,97.31824493,102.2383575,2175497007,104,Solana,SOL-USD,Crypto,Cryptocurrency,https://1drv.ms/i/c/8705623eb284e7df/IQRt4HhalyF5QI9kSBm4wz0BAYLrSvg0L-_fomtzF94e-Ac?width=1200&height=817
26-03-2022,101.764183,103.193573,97.8296814,98.66674805,1282869612,104,Solana,SOL-USD,Crypto,Cryptocurrency,https://1drv.ms/i/c/8705623eb284e7df/IQRt4HhalyF5QI9kSBm4wz0BAYLrSvg0L-_fomtzF94e-Ac?width=1200&height=817
27-03-2022,107.0842209,107.2987137,99.26909637,101.7736969,1572329892,104,Solana,SOL-USD,Crypto,Cryptocurrency,https://1drv.ms/i/c/8705623eb284e7df/IQRt4HhalyF5QI9kSBm4wz0BAYLrSvg0L-_fomtzF94e-Ac?width=1200&height=817
28-03-2022,106.4652557,113.1759491,105.4778748,107.0779648,2877146388,104,Solana,SOL-USD,Crypto,Cryptocurrency,https://1drv.ms/i/c/8705623eb284e7df/IQRt4HhalyF5QI9kSBm4wz0BAYLrSvg0L-_fomtzF94e-Ac?width=1200&height=817
29-03-2022,111.7103119,115.2757187,105.9991913,106.3279877,3052274877,104,Solana,SOL-USD,Crypto,Cryptocurrency,https://1drv.ms/i/c/8705623eb284e7df/IQRt4HhalyF5QI9kSBm4wz0BAYLrSvg0L-_fomtzF94e-Ac?width=1200&height=817
30-03-2022,120.6994858,124.6050034,107.7672577,111.6902542,3908170428,104,Solana,SOL-USD,Crypto,Cryptocurrency,https://1drv.ms/i/c/8705623eb284e7df/IQRt4HhalyF5QI9kSBm4wz0BAYLrSvg0L-_fomtzF94e-Ac?width=1200&height=817
31-03-2022,122.6614609,128.9301147,120.1978302,120.6815567,4115229587,104,Solana,SOL-USD,Crypto,Cryptocurrency,https://1drv.ms/i/c/8705623eb284e7df/IQRt4HhalyF5QI9kSBm4wz0BAYLrSvg0L-_fomtzF94e-Ac?width=1200&height=817
01-04-2022,134.4309387,137.5584106,118.7879105,122.7361069,4434807484,104,Solana,SOL-USD,Crypto,Cryptocurrency,https://1drv.ms/i/c/8705623eb284e7df/IQRt4HhalyF5QI9kSBm4wz0BAYLrSvg0L-_fomtzF94e-Ac?width=1200&height=817
02-04-2022,132.1988678,143.0200195,132.1391907,134.4535828,3394186456,104,Solana,SOL-USD,Crypto,Cryptocurrency,https://1drv.ms/i/c/8705623eb284e7df/IQRt4HhalyF5QI9kSBm4wz0BAYLrSvg0L-_fomtzF94e-Ac?width=1200&height=817
03-04-2022,136.7753296,140.2637024,131.2261505,132.2410736,2585967812,104,Solana,SOL-USD,Crypto,Cryptocurrency,https://1drv.ms/i/c/8705623eb284e7df/IQRt4HhalyF5QI9kSBm4wz0BAYLrSvg0L-_fomtzF94e-Ac?width=1200&height=817
04-04-2022,132.4126282,137.6335144,126.8653259,136.760788,2828117206,104,Solana,SOL-USD,Crypto,Cryptocurrency,https://1drv.ms/i/c/8705623eb284e7df/IQRt4HhalyF5QI9kSBm4wz0BAYLrSvg0L-_fomtzF94e-Ac?width=1200&height=817
05-04-2022,126.862236,136.1828461,126.5639725,132.3878632,2239922210,104,Solana,SOL-USD,Crypto,Cryptocurrency,https://1drv.ms/i/c/8705623eb284e7df/IQRt4HhalyF5QI9kSBm4wz0BAYLrSvg0L-_fomtzF94e-Ac?width=1200&height=817
06-04-2022,112.8833847,127.2811584,112.7736816,126.8579559,3281009143,104,Solana,SOL-USD,Crypto,Cryptocurrency,https://1drv.ms/i/c/8705623eb284e7df/IQRt4HhalyF5QI9kSBm4wz0BAYLrSvg0L-_fomtzF94e-Ac?width=1200&height=817
07-04-2022,118.7965164,119.7607117,111.9574661,112.9357986,2431083313,104,Solana,SOL-USD,Crypto,Cryptocurrency,https://1drv.ms/i/c/8705623eb284e7df/IQRt4HhalyF5QI9kSBm4wz0BAYLrSvg0L-_fomtzF94e-Ac?width=1200&height=817
08-04-2022,109.8008804,122.2541199,108.5411606,118.8162155,2376864565,104,Solana,SOL-USD,Crypto,Cryptocurrency,https://1drv.ms/i/c/8705623eb284e7df/IQRt4HhalyF5QI9kSBm4wz0BAYLrSvg0L-_fomtzF94e-Ac?width=1200&height=817
09-04-2022,112.9727936,113.1148911,108.6343384,109.7987595,1202250516,104,Solana,SOL-USD,Crypto,Cryptocurrency,https://1drv.ms/i/c/8705623eb284e7df/IQRt4HhalyF5QI9kSBm4wz0BAYLrSvg0L-_fomtzF94e-Ac?width=1200&height=817
10-04-2022,111.7424393,115.8083267,110.0778351,112.9727097,1280232450,104,Solana,SOL-USD,Crypto,Cryptocurrency,https://1drv.ms/i/c/8705623eb284e7df/IQRt4HhalyF5QI9kSBm4wz0BAYLrSvg0L-_fomtzF94e-Ac?width=1200&height=817
11-04-2022,99.3391037,111.8311386,98.67085266,111.6989899,2272498194,104,Solana,SOL-USD,Crypto,Cryptocurrency,https://1drv.ms/i/c/8705623eb284e7df/IQRt4HhalyF5QI9kSBm4wz0BAYLrSvg0L-_fomtzF94e-Ac?width=1200&height=817
12-04-2022,103.3063889,109.1175613,98.93530273,99.38467407,2317008207,104,Solana,SOL-USD,Crypto,Cryptocurrency,https://1drv.ms/i/c/8705623eb284e7df/IQRt4HhalyF5QI9kSBm4wz0BAYLrSvg0L-_fomtzF94e-Ac?width=1200&height=817
13-04-2022,105.0019455,105.6768494,100.4884567,103.2810135,1675840412,104,Solana,SOL-USD,Crypto,Cryptocurrency,https://1drv.ms/i/c/8705623eb284e7df/IQRt4HhalyF5QI9kSBm4wz0BAYLrSvg0L-_fomtzF94e-Ac?width=1200&height=817
14-04-2022,100.7078018,107.3296356,99.25684357,104.9406052,1686576071,104,Solana,SOL-USD,Crypto,Cryptocurrency,https://1drv.ms/i/c/8705623eb284e7df/IQRt4HhalyF5QI9kSBm4wz0BAYLrSvg0L-_fomtzF94e-Ac?width=1200&height=817
15-04-2022,101.3097763,102.6726456,100.1008987,100.7065277,1050639351,104,Solana,SOL-USD,Crypto,Cryptocurrency,https://1drv.ms/i/c/8705623eb284e7df/IQRt4HhalyF5QI9kSBm4wz0BAYLrSvg0L-_fomtzF94e-Ac?width=1200&height=817
16-04-2022,102.2573166,103.2717209,100.9647217,101.2986908,774939305,104,Solana,SOL-USD,Crypto,Cryptocurrency,https://1drv.ms/i/c/8705623eb284e7df/IQRt4HhalyF5QI9kSBm4wz0BAYLrSvg0L-_fomtzF94e-Ac?width=1200&height=817
17-04-2022,100.4096985,105.2945557,99.95817566,102.248436,1057908299,104,Solana,SOL-USD,Crypto,Cryptocurrency,https://1drv.ms/i/c/8705623eb284e7df/IQRt4HhalyF5QI9kSBm4wz0BAYLrSvg0L-_fomtzF94e-Ac?width=1200&height=817
18-04-2022,102.1585312,102.5170288,95.24277496,100.4079514,1846133932,104,Solana,SOL-USD,Crypto,Cryptocurrency,https://1drv.ms/i/c/8705623eb284e7df/IQRt4HhalyF5QI9kSBm4wz0BAYLrSvg0L-_fomtzF94e-Ac?width=1200&height=817
19-04-2022,108.5820313,108.5820313,101.3017273,102.2023849,1711909607,104,Solana,SOL-USD,Crypto,Cryptocurrency,https://1drv.ms/i/c/8705623eb284e7df/IQRt4HhalyF5QI9kSBm4wz0BAYLrSvg0L-_fomtzF94e-Ac?width=1200&height=817
20-04-2022,105.4970016,110.7229767,104.7726593,108.6021957,1761531528,104,Solana,SOL-USD,Crypto,Cryptocurrency,https://1drv.ms/i/c/8705623eb284e7df/IQRt4HhalyF5QI9kSBm4wz0BAYLrSvg0L-_fomtzF94e-Ac?width=1200&height=817
21-04-2022,101.7761383,109.7653275,100.7671509,105.497673,1838571747,104,Solana,SOL-USD,Crypto,Cryptocurrency,https://1drv.ms/i/c/8705623eb284e7df/IQRt4HhalyF5QI9kSBm4wz0BAYLrSvg0L-_fomtzF94e-Ac?width=1200&height=817
22-04-2022,100.6120529,103.4981461,99.57942963,101.7574234,1274793594,104,Solana,SOL-USD,Crypto,Cryptocurrency,https://1drv.ms/i/c/8705623eb284e7df/IQRt4HhalyF5QI9kSBm4wz0BAYLrSvg0L-_fomtzF94e-Ac?width=1200&height=817
23-04-2022,100.7444382,102.7712326,98.78157043,100.6197815,823252482,104,Solana,SOL-USD,Crypto,Cryptocurrency,https://1drv.ms/i/c/8705623eb284e7df/IQRt4HhalyF5QI9kSBm4wz0BAYLrSvg0L-_fomtzF94e-Ac?width=1200&height=817
24-04-2022,99.23579407,102.2166824,99.0085144,100.7271881,818266008,104,Solana,SOL-USD,Crypto,Cryptocurrency,https://1drv.ms/i/c/8705623eb284e7df/IQRt4HhalyF5QI9kSBm4wz0BAYLrSvg0L-_fomtzF94e-Ac?width=1200&height=817
25-04-2022,101.2476349,101.4405899,94.75575256,99.2414093,1538486689,104,Solana,SOL-USD,Crypto,Cryptocurrency,https://1drv.ms/i/c/8705623eb284e7df/IQRt4HhalyF5QI9kSBm4wz0BAYLrSvg0L-_fomtzF94e-Ac?width=1200&height=817
26-04-2022,95.78215027,101.742485,95.17789459,101.2248764,1301074534,104,Solana,SOL-USD,Crypto,Cryptocurrency,https://1drv.ms/i/c/8705623eb284e7df/IQRt4HhalyF5QI9kSBm4wz0BAYLrSvg0L-_fomtzF94e-Ac?width=1200&height=817
27-04-2022,98.3788681,100.5449295,95.28350067,95.78552246,1253566599,104,Solana,SOL-USD,Crypto,Cryptocurrency,https://1drv.ms/i/c/8705623eb284e7df/IQRt4HhalyF5QI9kSBm4wz0BAYLrSvg0L-_fomtzF94e-Ac?width=1200&height=817
28-04-2022,98.18572998,100.4012299,96.69452667,98.38214874,1307131609,104,Solana,SOL-USD,Crypto,Cryptocurrency,https://1drv.ms/i/c/8705623eb284e7df/IQRt4HhalyF5QI9kSBm4wz0BAYLrSvg0L-_fomtzF94e-Ac?width=1200&height=817
29-04-2022,94.01134491,98.56856537,92.88426971,98.18296051,1234575023,104,Solana,SOL-USD,Crypto,Cryptocurrency,https://1drv.ms/i/c/8705623eb284e7df/IQRt4HhalyF5QI9kSBm4wz0BAYLrSvg0L-_fomtzF94e-Ac?width=1200&height=817
30-04-2022,85.09593201,94.92884827,82.90953827,94.01355743,1293033765,104,Solana,SOL-USD,Crypto,Cryptocurrency,https://1drv.ms/i/c/8705623eb284e7df/IQRt4HhalyF5QI9kSBm4wz0BAYLrSvg0L-_fomtzF94e-Ac?width=1200&height=817
01-05-2022,89.67150879,92.43013,84.94415283,85.09468842,1426749080,104,Solana,SOL-USD,Crypto,Cryptocurrency,https://1drv.ms/i/c/8705623eb284e7df/IQRt4HhalyF5QI9kSBm4wz0BAYLrSvg0L-_fomtzF94e-Ac?width=1200&height=817
02-05-2022,87.58101654,90.693367,85.40721893,89.67205811,1265220129,104,Solana,SOL-USD,Crypto,Cryptocurrency,https://1drv.ms/i/c/8705623eb284e7df/IQRt4HhalyF5QI9kSBm4wz0BAYLrSvg0L-_fomtzF94e-Ac?width=1200&height=817
03-05-2022,85.84237671,88.68785858,84.92210388,87.56274414,1011988792,104,Solana,SOL-USD,Crypto,Cryptocurrency,https://1drv.ms/i/c/8705623eb284e7df/IQRt4HhalyF5QI9kSBm4wz0BAYLrSvg0L-_fomtzF94e-Ac?width=1200&height=817
04-05-2022,92.77085114,92.93719482,85.72806549,85.84172821,1428455342,104,Solana,SOL-USD,Crypto,Cryptocurrency,https://1drv.ms/i/c/8705623eb284e7df/IQRt4HhalyF5QI9kSBm4wz0BAYLrSvg0L-_fomtzF94e-Ac?width=1200&height=817
05-05-2022,84.59602356,95.03282166,81.83486938,92.76979065,1805979399,104,Solana,SOL-USD,Crypto,Cryptocurrency,https://1drv.ms/i/c/8705623eb284e7df/IQRt4HhalyF5QI9kSBm4wz0BAYLrSvg0L-_fomtzF94e-Ac?width=1200&height=817
06-05-2022,81.76410675,84.64693451,80.46861267,84.58849335,1585081920,104,Solana,SOL-USD,Crypto,Cryptocurrency,https://1drv.ms/i/c/8705623eb284e7df/IQRt4HhalyF5QI9kSBm4wz0BAYLrSvg0L-_fomtzF94e-Ac?width=1200&height=817
07-05-2022,78.98342133,82.18078613,77.88323212,81.76667023,1139093165,104,Solana,SOL-USD,Crypto,Cryptocurrency,https://1drv.ms/i/c/8705623eb284e7df/IQRt4HhalyF5QI9kSBm4wz0BAYLrSvg0L-_fomtzF94e-Ac?width=1200&height=817
08-05-2022,75.22018433,79.28379059,74.52718353,78.98763275,1439700868,104,Solana,SOL-USD,Crypto,Cryptocurrency,https://1drv.ms/i/c/8705623eb284e7df/IQRt4HhalyF5QI9kSBm4wz0BAYLrSvg0L-_fomtzF94e-Ac?width=1200&height=817
09-05-2022,63.26965332,76.98309326,63.26965332,75.23445892,2773999164,104,Solana,SOL-USD,Crypto,Cryptocurrency,https://1drv.ms/i/c/8705623eb284e7df/IQRt4HhalyF5QI9kSBm4wz0BAYLrSvg0L-_fomtzF94e-Ac?width=1200&height=817
10-05-2022,66.76615143,73.7598877,61.02658463,63.36931229,3677013066,104,Solana,SOL-USD,Crypto,Cryptocurrency,https://1drv.ms/i/c/8705623eb284e7df/IQRt4HhalyF5QI9kSBm4wz0BAYLrSvg0L-_fomtzF94e-Ac?width=1200&height=817
11-05-2022,50.21084976,68.11722565,44.00382614,66.73474884,4432811558,104,Solana,SOL-USD,Crypto,Cryptocurrency,https://1drv.ms/i/c/8705623eb284e7df/IQRt4HhalyF5QI9kSBm4wz0BAYLrSvg0L-_fomtzF94e-Ac?width=1200&height=817
12-05-2022,44.68358994,53.6593895,38.05009079,50.23923111,4471167155,104,Solana,SOL-USD,Crypto,Cryptocurrency,https://1drv.ms/i/c/8705623eb284e7df/IQRt4HhalyF5QI9kSBm4wz0BAYLrSvg0L-_fomtzF94e-Ac?width=1200&height=817
13-05-2022,48.59355164,55.90211487,44.07636642,44.63357162,2854210432,104,Solana,SOL-USD,Crypto,Cryptocurrency,https://1drv.ms/i/c/8705623eb284e7df/IQRt4HhalyF5QI9kSBm4wz0BAYLrSvg0L-_fomtzF94e-Ac?width=1200&height=817
14-05-2022,52.41722488,53.06116486,46.2205658,48.67664337,2042138537,104,Solana,SOL-USD,Crypto,Cryptocurrency,https://1drv.ms/i/c/8705623eb284e7df/IQRt4HhalyF5QI9kSBm4wz0BAYLrSvg0L-_fomtzF94e-Ac?width=1200&height=817
15-05-2022,58.81126022,58.87806702,49.83480072,52.43134308,1843835578,104,Solana,SOL-USD,Crypto,Cryptocurrency,https://1drv.ms/i/c/8705623eb284e7df/IQRt4HhalyF5QI9kSBm4wz0BAYLrSvg0L-_fomtzF94e-Ac?width=1200&height=817
16-05-2022,53.64646149,58.80391312,52.26792908,58.80391312,2067312217,104,Solana,SOL-USD,Crypto,Cryptocurrency,https://1drv.ms/i/c/8705623eb284e7df/IQRt4HhalyF5QI9kSBm4wz0BAYLrSvg0L-_fomtzF94e-Ac?width=1200&height=817
17-05-2022,57.12562561,58.03807068,53.50530243,53.65600586,1823895389,104,Solana,SOL-USD,Crypto,Cryptocurrency,https://1drv.ms/i/c/8705623eb284e7df/IQRt4HhalyF5QI9kSBm4wz0BAYLrSvg0L-_fomtzF94e-Ac?width=1200&height=817
18-05-2022,49.75621033,57.69771957,49.73109436,57.11631775,1745565671,104,Solana,SOL-USD,Crypto,Cryptocurrency,https://1drv.ms/i/c/8705623eb284e7df/IQRt4HhalyF5QI9kSBm4wz0BAYLrSvg0L-_fomtzF94e-Ac?width=1200&height=817
19-05-2022,52.21397781,53.61748886,48.63555145,49.79486465,1958004386,104,Solana,SOL-USD,Crypto,Cryptocurrency,https://1drv.ms/i/c/8705623eb284e7df/IQRt4HhalyF5QI9kSBm4wz0BAYLrSvg0L-_fomtzF94e-Ac?width=1200&height=817
20-05-2022,49.53850937,53.43804169,48.05058289,52.21197128,1830699507,104,Solana,SOL-USD,Crypto,Cryptocurrency,https://1drv.ms/i/c/8705623eb284e7df/IQRt4HhalyF5QI9kSBm4wz0BAYLrSvg0L-_fomtzF94e-Ac?width=1200&height=817
21-05-2022,50.31798172,51.0550499,48.76748657,49.53544998,979492374,104,Solana,SOL-USD,Crypto,Cryptocurrency,https://1drv.ms/i/c/8705623eb284e7df/IQRt4HhalyF5QI9kSBm4wz0BAYLrSvg0L-_fomtzF94e-Ac?width=1200&height=817
22-05-2022,52.75518036,53.02165985,49.86278534,50.32065964,1105760506,104,Solana,SOL-USD,Crypto,Cryptocurrency,https://1drv.ms/i/c/8705623eb284e7df/IQRt4HhalyF5QI9kSBm4wz0BAYLrSvg0L-_fomtzF94e-Ac?width=1200&height=817
23-05-2022,49.05685043,54.47464752,48.92724609,52.7360878,1661669360,104,Solana,SOL-USD,Crypto,Cryptocurrency,https://1drv.ms/i/c/8705623eb284e7df/IQRt4HhalyF5QI9kSBm4wz0BAYLrSvg0L-_fomtzF94e-Ac?width=1200&height=817
24-05-2022,49.65333557,50.57752228,47.50082397,49.06423187,1508166642,104,Solana,SOL-USD,Crypto,Cryptocurrency,https://1drv.ms/i/c/8705623eb284e7df/IQRt4HhalyF5QI9kSBm4wz0BAYLrSvg0L-_fomtzF94e-Ac?width=1200&height=817
25-05-2022,47.98242569,50.44237137,47.67314529,49.64841843,1304580067,104,Solana,SOL-USD,Crypto,Cryptocurrency,https://1drv.ms/i/c/8705623eb284e7df/IQRt4HhalyF5QI9kSBm4wz0BAYLrSvg0L-_fomtzF94e-Ac?width=1200&height=817
26-05-2022,43.49121094,48.55102158,42.32138062,47.98397446,2208994514,104,Solana,SOL-USD,Crypto,Cryptocurrency,https://1drv.ms/i/c/8705623eb284e7df/IQRt4HhalyF5QI9kSBm4wz0BAYLrSvg0L-_fomtzF94e-Ac?width=1200&height=817
27-05-2022,40.98134613,43.81364822,40.26896286,43.47438049,2256358026,104,Solana,SOL-USD,Crypto,Cryptocurrency,https://1drv.ms/i/c/8705623eb284e7df/IQRt4HhalyF5QI9kSBm4wz0BAYLrSvg0L-_fomtzF94e-Ac?width=1200&height=817
28-05-2022,44.34316254,44.65801239,40.54867935,41.49373245,1254325884,104,Solana,SOL-USD,Crypto,Cryptocurrency,https://1drv.ms/i/c/8705623eb284e7df/IQRt4HhalyF5QI9kSBm4wz0BAYLrSvg0L-_fomtzF94e-Ac?width=1200&height=817
29-05-2022,44.90961456,45.38625336,41.99804688,44.33879089,1317843243,104,Solana,SOL-USD,Crypto,Cryptocurrency,https://1drv.ms/i/c/8705623eb284e7df/IQRt4HhalyF5QI9kSBm4wz0BAYLrSvg0L-_fomtzF94e-Ac?width=1200&height=817
30-05-2022,47.17944336,47.93682861,44.35740662,44.90866852,1708817065,104,Solana,SOL-USD,Crypto,Cryptocurrency,https://1drv.ms/i/c/8705623eb284e7df/IQRt4HhalyF5QI9kSBm4wz0BAYLrSvg0L-_fomtzF94e-Ac?width=1200&height=817
31-05-2022,45.76784134,48.03899002,44.84001541,47.18132782,1509191627,104,Solana,SOL-USD,Crypto,Cryptocurrency,https://1drv.ms/i/c/8705623eb284e7df/IQRt4HhalyF5QI9kSBm4wz0BAYLrSvg0L-_fomtzF94e-Ac?width=1200&height=817
01-06-2022,40.26966858,45.94665909,40.05035019,45.76512909,1422647092,104,Solana,SOL-USD,Crypto,Cryptocurrency,https://1drv.ms/i/c/8705623eb284e7df/IQRt4HhalyF5QI9kSBm4wz0BAYLrSvg0L-_fomtzF94e-Ac?width=1200&height=817
02-06-2022,40.89134598,41.3278656,38.360672,40.25527954,1554022054,104,Solana,SOL-USD,Crypto,Cryptocurrency,https://1drv.ms/i/c/8705623eb284e7df/IQRt4HhalyF5QI9kSBm4wz0BAYLrSvg0L-_fomtzF94e-Ac?width=1200&height=817
03-06-2022,38.25922012,41.43334579,37.80271912,40.89575195,1348656102,104,Solana,SOL-USD,Crypto,Cryptocurrency,https://1drv.ms/i/c/8705623eb284e7df/IQRt4HhalyF5QI9kSBm4wz0BAYLrSvg0L-_fomtzF94e-Ac?width=1200&height=817
04-06-2022,38.93144608,39.04042816,36.04072571,38.27455139,1130762770,104,Solana,SOL-USD,Crypto,Cryptocurrency,https://1drv.ms/i/c/8705623eb284e7df/IQRt4HhalyF5QI9kSBm4wz0BAYLrSvg0L-_fomtzF94e-Ac?width=1200&height=817
05-06-2022,38.4805336,39.99529648,38.0353508,38.9341011,998532387,104,Solana,SOL-USD,Crypto,Cryptocurrency,https://1drv.ms/i/c/8705623eb284e7df/IQRt4HhalyF5QI9kSBm4wz0BAYLrSvg0L-_fomtzF94e-Ac?width=1200&height=817
06-06-2022,42.43313217,44.45061874,38.43878937,38.50159836,1955057411,104,Solana,SOL-USD,Crypto,Cryptocurrency,https://1drv.ms/i/c/8705623eb284e7df/IQRt4HhalyF5QI9kSBm4wz0BAYLrSvg0L-_fomtzF94e-Ac?width=1200&height=817
07-06-2022,39.43757248,42.4493103,37.77632523,42.42977524,1974825213,104,Solana,SOL-USD,Crypto,Cryptocurrency,https://1drv.ms/i/c/8705623eb284e7df/IQRt4HhalyF5QI9kSBm4wz0BAYLrSvg0L-_fomtzF94e-Ac?width=1200&height=817
08-06-2022,38.84336853,40.52680588,38.40160751,39.43405151,1211034282,104,Solana,SOL-USD,Crypto,Cryptocurrency,https://1drv.ms/i/c/8705623eb284e7df/IQRt4HhalyF5QI9kSBm4wz0BAYLrSvg0L-_fomtzF94e-Ac?width=1200&height=817
09-06-2022,39.97260666,41.72376251,38.55569458,38.84558487,1265873005,104,Solana,SOL-USD,Crypto,Cryptocurrency,https://1drv.ms/i/c/8705623eb284e7df/IQRt4HhalyF5QI9kSBm4wz0BAYLrSvg0L-_fomtzF94e-Ac?width=1200&height=817
10-06-2022,37.08976746,40.76977921,37.00125885,39.96762466,1177042406,104,Solana,SOL-USD,Crypto,Cryptocurrency,https://1drv.ms/i/c/8705623eb284e7df/IQRt4HhalyF5QI9kSBm4wz0BAYLrSvg0L-_fomtzF94e-Ac?width=1200&height=817
11-06-2022,33.8211174,37.8432579,33.4359169,37.09238052,1086904917,104,Solana,SOL-USD,Crypto,Cryptocurrency,https://1drv.ms/i/c/8705623eb284e7df/IQRt4HhalyF5QI9kSBm4wz0BAYLrSvg0L-_fomtzF94e-Ac?width=1200&height=817
12-06-2022,30.74327087,34.22850418,30.74327087,33.83749008,1430666510,104,Solana,SOL-USD,Crypto,Cryptocurrency,https://1drv.ms/i/c/8705623eb284e7df/IQRt4HhalyF5QI9kSBm4wz0BAYLrSvg0L-_fomtzF94e-Ac?width=1200&height=817
13-06-2022,28.19236183,30.9179821,26.13961029,30.73029327,2577135234,104,Solana,SOL-USD,Crypto,Cryptocurrency,https://1drv.ms/i/c/8705623eb284e7df/IQRt4HhalyF5QI9kSBm4wz0BAYLrSvg0L-_fomtzF94e-Ac?width=1200&height=817
14-06-2022,29.71461868,31.61031914,26.0603199,28.18289566,2317785256,104,Solana,SOL-USD,Crypto,Cryptocurrency,https://1drv.ms/i/c/8705623eb284e7df/IQRt4HhalyF5QI9kSBm4wz0BAYLrSvg0L-_fomtzF94e-Ac?width=1200&height=817
15-06-2022,34.48794174,34.56552887,26.86840057,29.69576836,2574959860,104,Solana,SOL-USD,Crypto,Cryptocurrency,https://1drv.ms/i/c/8705623eb284e7df/IQRt4HhalyF5QI9kSBm4wz0BAYLrSvg0L-_fomtzF94e-Ac?width=1200&height=817
16-06-2022,29.98974228,35.71171951,29.73169899,34.50612259,1908909523,104,Solana,SOL-USD,Crypto,Cryptocurrency,https://1drv.ms/i/c/8705623eb284e7df/IQRt4HhalyF5QI9kSBm4wz0BAYLrSvg0L-_fomtzF94e-Ac?width=1200&height=817
17-06-2022,30.74291992,32.00886917,29.47806358,30.00250244,1283536081,104,Solana,SOL-USD,Crypto,Cryptocurrency,https://1drv.ms/i/c/8705623eb284e7df/IQRt4HhalyF5QI9kSBm4wz0BAYLrSvg0L-_fomtzF94e-Ac?width=1200&height=817
18-06-2022,31.80793571,31.83863258,27.4630394,30.74092484,1804420726,104,Solana,SOL-USD,Crypto,Cryptocurrency,https://1drv.ms/i/c/8705623eb284e7df/IQRt4HhalyF5QI9kSBm4wz0BAYLrSvg0L-_fomtzF94e-Ac?width=1200&height=817
19-06-2022,34.24374771,35.16057587,28.91050911,31.80913353,2005402608,104,Solana,SOL-USD,Crypto,Cryptocurrency,https://1drv.ms/i/c/8705623eb284e7df/IQRt4HhalyF5QI9kSBm4wz0BAYLrSvg0L-_fomtzF94e-Ac?width=1200&height=817
20-06-2022,35.41711426,36.76423645,31.89291191,34.23836517,1958378683,104,Solana,SOL-USD,Crypto,Cryptocurrency,https://1drv.ms/i/c/8705623eb284e7df/IQRt4HhalyF5QI9kSBm4wz0BAYLrSvg0L-_fomtzF94e-Ac?width=1200&height=817
21-06-2022,36.1211586,38.80477142,34.40011215,35.39715576,1790090431,104,Solana,SOL-USD,Crypto,Cryptocurrency,https://1drv.ms/i/c/8705623eb284e7df/IQRt4HhalyF5QI9kSBm4wz0BAYLrSvg0L-_fomtzF94e-Ac?width=1200&height=817
22-06-2022,34.12163544,36.7046814,33.802742,36.182724,1533123071,104,Solana,SOL-USD,Crypto,Cryptocurrency,https://1drv.ms/i/c/8705623eb284e7df/IQRt4HhalyF5QI9kSBm4wz0BAYLrSvg0L-_fomtzF94e-Ac?width=1200&height=817
23-06-2022,38.17523193,38.34735489,34.08358765,34.12080383,1666479184,104,Solana,SOL-USD,Crypto,Cryptocurrency,https://1drv.ms/i/c/8705623eb284e7df/IQRt4HhalyF5QI9kSBm4wz0BAYLrSvg0L-_fomtzF94e-Ac?width=1200&height=817
24-06-2022,42.21204758,42.72931671,37.85293579,38.20144272,1765927064,104,Solana,SOL-USD,Crypto,Cryptocurrency,https://1drv.ms/i/c/8705623eb284e7df/IQRt4HhalyF5QI9kSBm4wz0BAYLrSvg0L-_fomtzF94e-Ac?width=1200&height=817
25-06-2022,42.33281326,42.49069214,39.87532806,42.20299911,1271293523,104,Solana,SOL-USD,Crypto,Cryptocurrency,https://1drv.ms/i/c/8705623eb284e7df/IQRt4HhalyF5QI9kSBm4wz0BAYLrSvg0L-_fomtzF94e-Ac?width=1200&height=817
26-06-2022,39.40808868,42.34132385,39.38430405,42.30241776,1138724690,104,Solana,SOL-USD,Crypto,Cryptocurrency,https://1drv.ms/i/c/8705623eb284e7df/IQRt4HhalyF5QI9kSBm4wz0BAYLrSvg0L-_fomtzF94e-Ac?width=1200&height=817
27-06-2022,38.45125198,41.08215714,38.17092514,39.40908813,1253389517,104,Solana,SOL-USD,Crypto,Cryptocurrency,https://1drv.ms/i/c/8705623eb284e7df/IQRt4HhalyF5QI9kSBm4wz0BAYLrSvg0L-_fomtzF94e-Ac?width=1200&height=817
28-06-2022,35.3264389,39.70593262,35.22913742,38.44542694,1361946847,104,Solana,SOL-USD,Crypto,Cryptocurrency,https://1drv.ms/i/c/8705623eb284e7df/IQRt4HhalyF5QI9kSBm4wz0BAYLrSvg0L-_fomtzF94e-Ac?width=1200&height=817
29-06-2022,33.87390137,35.96923065,33.25113678,35.32723618,1366803516,104,Solana,SOL-USD,Crypto,Cryptocurrency,https://1drv.ms/i/c/8705623eb284e7df/IQRt4HhalyF5QI9kSBm4wz0BAYLrSvg0L-_fomtzF94e-Ac?width=1200&height=817
30-06-2022,33.58841705,34.04575348,31.05734634,33.90878296,1321861663,104,Solana,SOL-USD,Crypto,Cryptocurrency,https://1drv.ms/i/c/8705623eb284e7df/IQRt4HhalyF5QI9kSBm4wz0BAYLrSvg0L-_fomtzF94e-Ac?width=1200&height=817
01-07-2022,32.80307007,35.23074341,31.93406677,33.64565277,1427407655,104,Solana,SOL-USD,Crypto,Cryptocurrency,https://1drv.ms/i/c/8705623eb284e7df/IQRt4HhalyF5QI9kSBm4wz0BAYLrSvg0L-_fomtzF94e-Ac?width=1200&height=817
02-07-2022,33.35940933,33.93459702,31.95758629,32.81100464,765552187,104,Solana,SOL-USD,Crypto,Cryptocurrency,https://1drv.ms/i/c/8705623eb284e7df/IQRt4HhalyF5QI9kSBm4wz0BAYLrSvg0L-_fomtzF94e-Ac?width=1200&height=817
03-07-2022,33.38593292,33.57749939,32.21907806,33.35625839,605659825,104,Solana,SOL-USD,Crypto,Cryptocurrency,https://1drv.ms/i/c/8705623eb284e7df/IQRt4HhalyF5QI9kSBm4wz0BAYLrSvg0L-_fomtzF94e-Ac?width=1200&height=817
04-07-2022,36.78503036,36.80650711,32.52071381,33.38526917,1091202628,104,Solana,SOL-USD,Crypto,Cryptocurrency,https://1drv.ms/i/c/8705623eb284e7df/IQRt4HhalyF5QI9kSBm4wz0BAYLrSvg0L-_fomtzF94e-Ac?width=1200&height=817
05-07-2022,35.39555359,36.87248993,33.2667923,36.76126862,1569156882,104,Solana,SOL-USD,Crypto,Cryptocurrency,https://1drv.ms/i/c/8705623eb284e7df/IQRt4HhalyF5QI9kSBm4wz0BAYLrSvg0L-_fomtzF94e-Ac?width=1200&height=817
06-07-2022,37.07356262,37.47623062,34.88948822,35.40472031,1410588451,104,Solana,SOL-USD,Crypto,Cryptocurrency,https://1drv.ms/i/c/8705623eb284e7df/IQRt4HhalyF5QI9kSBm4wz0BAYLrSvg0L-_fomtzF94e-Ac?width=1200&height=817
07-07-2022,38.51830673,39.11948013,36.49771118,37.07526779,1189167903,104,Solana,SOL-USD,Crypto,Cryptocurrency,https://1drv.ms/i/c/8705623eb284e7df/IQRt4HhalyF5QI9kSBm4wz0BAYLrSvg0L-_fomtzF94e-Ac?width=1200&height=817
08-07-2022,38.28672028,39.35284042,36.55620956,38.51742935,1485794730,104,Solana,SOL-USD,Crypto,Cryptocurrency,https://1drv.ms/i/c/8705623eb284e7df/IQRt4HhalyF5QI9kSBm4wz0BAYLrSvg0L-_fomtzF94e-Ac?width=1200&height=817
09-07-2022,38.07196045,38.79253387,37.87006378,38.29243469,789899204,104,Solana,SOL-USD,Crypto,Cryptocurrency,https://1drv.ms/i/c/8705623eb284e7df/IQRt4HhalyF5QI9kSBm4wz0BAYLrSvg0L-_fomtzF94e-Ac?width=1200&height=817
10-07-2022,36.69760895,38.07108307,36.38676834,38.07108307,714119421,104,Solana,SOL-USD,Crypto,Cryptocurrency,https://1drv.ms/i/c/8705623eb284e7df/IQRt4HhalyF5QI9kSBm4wz0BAYLrSvg0L-_fomtzF94e-Ac?width=1200&height=817
11-07-2022,33.46360016,36.69319534,33.33729935,36.69319534,930216020,104,Solana,SOL-USD,Crypto,Cryptocurrency,https://1drv.ms/i/c/8705623eb284e7df/IQRt4HhalyF5QI9kSBm4wz0BAYLrSvg0L-_fomtzF94e-Ac?width=1200&height=817
12-07-2022,32.75759506,34.50124359,32.75759506,33.46503067,916386230,104,Solana,SOL-USD,Crypto,Cryptocurrency,https://1drv.ms/i/c/8705623eb284e7df/IQRt4HhalyF5QI9kSBm4wz0BAYLrSvg0L-_fomtzF94e-Ac?width=1200&height=817
13-07-2022,34.91093826,34.93966675,31.95947075,32.7480278,1313110217,104,Solana,SOL-USD,Crypto,Cryptocurrency,https://1drv.ms/i/c/8705623eb284e7df/IQRt4HhalyF5QI9kSBm4wz0BAYLrSvg0L-_fomtzF94e-Ac?width=1200&height=817
14-07-2022,37.10782242,37.22102356,33.69094849,34.91226196,1320137563,104,Solana,SOL-USD,Crypto,Cryptocurrency,https://1drv.ms/i/c/8705623eb284e7df/IQRt4HhalyF5QI9kSBm4wz0BAYLrSvg0L-_fomtzF94e-Ac?width=1200&height=817
15-07-2022,37.41592789,38.85118103,36.6462326,37.11223984,1266226950,104,Solana,SOL-USD,Crypto,Cryptocurrency,https://1drv.ms/i/c/8705623eb284e7df/IQRt4HhalyF5QI9kSBm4wz0BAYLrSvg0L-_fomtzF94e-Ac?width=1200&height=817
16-07-2022,39.57412338,40.08470154,36.40153885,37.41275787,1149921714,104,Solana,SOL-USD,Crypto,Cryptocurrency,https://1drv.ms/i/c/8705623eb284e7df/IQRt4HhalyF5QI9kSBm4wz0BAYLrSvg0L-_fomtzF94e-Ac?width=1200&height=817
17-07-2022,38.64472198,40.9687233,38.54647446,39.5798912,1119935904,104,Solana,SOL-USD,Crypto,Cryptocurrency,https://1drv.ms/i/c/8705623eb284e7df/IQRt4HhalyF5QI9kSBm4wz0BAYLrSvg0L-_fomtzF94e-Ac?width=1200&height=817
18-07-2022,43.7461586,43.7461586,38.60856247,38.6469574,1793335611,104,Solana,SOL-USD,Crypto,Cryptocurrency,https://1drv.ms/i/c/8705623eb284e7df/IQRt4HhalyF5QI9kSBm4wz0BAYLrSvg0L-_fomtzF94e-Ac?width=1200&height=817
19-07-2022,44.89987564,47.09938049,42.71699905,43.66854477,2530289999,104,Solana,SOL-USD,Crypto,Cryptocurrency,https://1drv.ms/i/c/8705623eb284e7df/IQRt4HhalyF5QI9kSBm4wz0BAYLrSvg0L-_fomtzF94e-Ac?width=1200&height=817
20-07-2022,42.09366989,46.09572983,41.64255142,44.8968544,2020822242,104,Solana,SOL-USD,Crypto,Cryptocurrency,https://1drv.ms/i/c/8705623eb284e7df/IQRt4HhalyF5QI9kSBm4wz0BAYLrSvg0L-_fomtzF94e-Ac?width=1200&height=817
21-07-2022,43.19059372,43.91940689,39.8182869,42.08842468,1926399176,104,Solana,SOL-USD,Crypto,Cryptocurrency,https://1drv.ms/i/c/8705623eb284e7df/IQRt4HhalyF5QI9kSBm4wz0BAYLrSvg0L-_fomtzF94e-Ac?width=1200&height=817
22-07-2022,40.61850357,44.22321701,40.13887787,43.18901062,1523873136,104,Solana,SOL-USD,Crypto,Cryptocurrency,https://1drv.ms/i/c/8705623eb284e7df/IQRt4HhalyF5QI9kSBm4wz0BAYLrSvg0L-_fomtzF94e-Ac?width=1200&height=817
23-07-2022,40.04097748,41.82637787,38.71431732,40.59116745,1151436691,104,Solana,SOL-USD,Crypto,Cryptocurrency,https://1drv.ms/i/c/8705623eb284e7df/IQRt4HhalyF5QI9kSBm4wz0BAYLrSvg0L-_fomtzF94e-Ac?width=1200&height=817
24-07-2022,41.00658417,42.02112198,39.60561752,40.03881073,1115260733,104,Solana,SOL-USD,Crypto,Cryptocurrency,https://1drv.ms/i/c/8705623eb284e7df/IQRt4HhalyF5QI9kSBm4wz0BAYLrSvg0L-_fomtzF94e-Ac?width=1200&height=817
25-07-2022,36.71199799,41.04818344,36.71199799,41.00947952,1465847128,104,Solana,SOL-USD,Crypto,Cryptocurrency,https://1drv.ms/i/c/8705623eb284e7df/IQRt4HhalyF5QI9kSBm4wz0BAYLrSvg0L-_fomtzF94e-Ac?width=1200&height=817
26-07-2022,36.19085312,36.71542358,34.81983948,36.71542358,1362323126,104,Solana,SOL-USD,Crypto,Cryptocurrency,https://1drv.ms/i/c/8705623eb284e7df/IQRt4HhalyF5QI9kSBm4wz0BAYLrSvg0L-_fomtzF94e-Ac?width=1200&height=817
27-07-2022,40.30784988,40.39472961,35.75505829,36.2037468,1829226049,104,Solana,SOL-USD,Crypto,Cryptocurrency,https://1drv.ms/i/c/8705623eb284e7df/IQRt4HhalyF5QI9kSBm4wz0BAYLrSvg0L-_fomtzF94e-Ac?width=1200&height=817
28-07-2022,42.84526825,44.07329559,39.13290024,40.30208206,2454901807,104,Solana,SOL-USD,Crypto,Cryptocurrency,https://1drv.ms/i/c/8705623eb284e7df/IQRt4HhalyF5QI9kSBm4wz0BAYLrSvg0L-_fomtzF94e-Ac?width=1200&height=817
29-07-2022,41.92699814,44.22874832,41.27700806,42.87696838,2066610408,104,Solana,SOL-USD,Crypto,Cryptocurrency,https://1drv.ms/i/c/8705623eb284e7df/IQRt4HhalyF5QI9kSBm4wz0BAYLrSvg0L-_fomtzF94e-Ac?width=1200&height=817
30-07-2022,43.75588989,46.47602463,41.6191864,41.92341614,1980341418,104,Solana,SOL-USD,Crypto,Cryptocurrency,https://1drv.ms/i/c/8705623eb284e7df/IQRt4HhalyF5QI9kSBm4wz0BAYLrSvg0L-_fomtzF94e-Ac?width=1200&height=817
31-07-2022,42.4002037,45.05152893,42.35273743,43.76065826,1356657075,104,Solana,SOL-USD,Crypto,Cryptocurrency,https://1drv.ms/i/c/8705623eb284e7df/IQRt4HhalyF5QI9kSBm4wz0BAYLrSvg0L-_fomtzF94e-Ac?width=1200&height=817
01-08-2022,41.78648376,43.11629105,40.736763,42.40155411,1082119921,104,Solana,SOL-USD,Crypto,Cryptocurrency,https://1drv.ms/i/c/8705623eb284e7df/IQRt4HhalyF5QI9kSBm4wz0BAYLrSvg0L-_fomtzF94e-Ac?width=1200&height=817
02-08-2022,39.75450516,42.33211136,39.7471199,41.77414703,1205226999,104,Solana,SOL-USD,Crypto,Cryptocurrency,https://1drv.ms/i/c/8705623eb284e7df/IQRt4HhalyF5QI9kSBm4wz0BAYLrSvg0L-_fomtzF94e-Ac?width=1200&height=817
03-08-2022,38.54441833,40.73065186,37.89313126,39.75486374,2312325350,104,Solana,SOL-USD,Crypto,Cryptocurrency,https://1drv.ms/i/c/8705623eb284e7df/IQRt4HhalyF5QI9kSBm4wz0BAYLrSvg0L-_fomtzF94e-Ac?width=1200&height=817
04-08-2022,38.83067322,39.67987823,38.04472733,38.54463959,1235137178,104,Solana,SOL-USD,Crypto,Cryptocurrency,https://1drv.ms/i/c/8705623eb284e7df/IQRt4HhalyF5QI9kSBm4wz0BAYLrSvg0L-_fomtzF94e-Ac?width=1200&height=817
05-08-2022,40.56103134,41.1746521,38.79571915,38.82399368,1198859111,104,Solana,SOL-USD,Crypto,Cryptocurrency,https://1drv.ms/i/c/8705623eb284e7df/IQRt4HhalyF5QI9kSBm4wz0BAYLrSvg0L-_fomtzF94e-Ac?width=1200&height=817
06-08-2022,40.05700684,40.84541321,39.9530983,40.56116867,650997770,104,Solana,SOL-USD,Crypto,Cryptocurrency,https://1drv.ms/i/c/8705623eb284e7df/IQRt4HhalyF5QI9kSBm4wz0BAYLrSvg0L-_fomtzF94e-Ac?width=1200&height=817
07-08-2022,40.60559082,41.49406815,39.336483,40.06004715,614104051,104,Solana,SOL-USD,Crypto,Cryptocurrency,https://1drv.ms/i/c/8705623eb284e7df/IQRt4HhalyF5QI9kSBm4wz0BAYLrSvg0L-_fomtzF94e-Ac?width=1200&height=817
08-08-2022,42.1705513,43.53985596,40.60379791,40.60964203,1117550363,104,Solana,SOL-USD,Crypto,Cryptocurrency,https://1drv.ms/i/c/8705623eb284e7df/IQRt4HhalyF5QI9kSBm4wz0BAYLrSvg0L-_fomtzF94e-Ac?width=1200&height=817
09-08-2022,40.37262344,42.70239258,39.94392776,42.17539215,895263875,104,Solana,SOL-USD,Crypto,Cryptocurrency,https://1drv.ms/i/c/8705623eb284e7df/IQRt4HhalyF5QI9kSBm4wz0BAYLrSvg0L-_fomtzF94e-Ac?width=1200&height=817
10-08-2022,42.36586761,42.61181641,39.25737381,40.37052536,1389333742,104,Solana,SOL-USD,Crypto,Cryptocurrency,https://1drv.ms/i/c/8705623eb284e7df/IQRt4HhalyF5QI9kSBm4wz0BAYLrSvg0L-_fomtzF94e-Ac?width=1200&height=817
11-08-2022,42.82178879,45.12477112,42.3736496,42.3736496,1735349568,104,Solana,SOL-USD,Crypto,Cryptocurrency,https://1drv.ms/i/c/8705623eb284e7df/IQRt4HhalyF5QI9kSBm4wz0BAYLrSvg0L-_fomtzF94e-Ac?width=1200&height=817
12-08-2022,45.33475876,45.37518311,42.23114014,42.82052994,1128246063,104,Solana,SOL-USD,Crypto,Cryptocurrency,https://1drv.ms/i/c/8705623eb284e7df/IQRt4HhalyF5QI9kSBm4wz0BAYLrSvg0L-_fomtzF94e-Ac?width=1200&height=817
13-08-2022,46.48534775,48.18428421,45.34074402,45.34074402,1416039040,104,Solana,SOL-USD,Crypto,Cryptocurrency,https://1drv.ms/i/c/8705623eb284e7df/IQRt4HhalyF5QI9kSBm4wz0BAYLrSvg0L-_fomtzF94e-Ac?width=1200&height=817
14-08-2022,44.91656876,47.96087646,44.69403839,46.50598526,1061034922,104,Solana,SOL-USD,Crypto,Cryptocurrency,https://1drv.ms/i/c/8705623eb284e7df/IQRt4HhalyF5QI9kSBm4wz0BAYLrSvg0L-_fomtzF94e-Ac?width=1200&height=817
15-08-2022,43.82322311,47.12754059,42.90903091,44.92243958,1364253429,104,Solana,SOL-USD,Crypto,Cryptocurrency,https://1drv.ms/i/c/8705623eb284e7df/IQRt4HhalyF5QI9kSBm4wz0BAYLrSvg0L-_fomtzF94e-Ac?width=1200&height=817
16-08-2022,43.15880585,44.18712234,42.78215408,43.80609512,1131452045,104,Solana,SOL-USD,Crypto,Cryptocurrency,https://1drv.ms/i/c/8705623eb284e7df/IQRt4HhalyF5QI9kSBm4wz0BAYLrSvg0L-_fomtzF94e-Ac?width=1200&height=817
17-08-2022,40.40305328,44.63308716,40.28676987,43.1530571,1336772691,104,Solana,SOL-USD,Crypto,Cryptocurrency,https://1drv.ms/i/c/8705623eb284e7df/IQRt4HhalyF5QI9kSBm4wz0BAYLrSvg0L-_fomtzF94e-Ac?width=1200&height=817
18-08-2022,39.54523087,41.60730362,39.52593613,40.42650986,885648540,104,Solana,SOL-USD,Crypto,Cryptocurrency,https://1drv.ms/i/c/8705623eb284e7df/IQRt4HhalyF5QI9kSBm4wz0BAYLrSvg0L-_fomtzF94e-Ac?width=1200&height=817
19-08-2022,35.89025879,39.54132843,35.75502777,39.54132843,1821467945,104,Solana,SOL-USD,Crypto,Cryptocurrency,https://1drv.ms/i/c/8705623eb284e7df/IQRt4HhalyF5QI9kSBm4wz0BAYLrSvg0L-_fomtzF94e-Ac?width=1200&height=817
20-08-2022,35.26973343,37.22320938,34.3583374,35.87661362,1203622743,104,Solana,SOL-USD,Crypto,Cryptocurrency,https://1drv.ms/i/c/8705623eb284e7df/IQRt4HhalyF5QI9kSBm4wz0BAYLrSvg0L-_fomtzF94e-Ac?width=1200&height=817
21-08-2022,36.53319931,36.98236847,34.78230667,35.26417923,982071275,104,Solana,SOL-USD,Crypto,Cryptocurrency,https://1drv.ms/i/c/8705623eb284e7df/IQRt4HhalyF5QI9kSBm4wz0BAYLrSvg0L-_fomtzF94e-Ac?width=1200&height=817
22-08-2022,35.47438049,36.52580643,33.90044022,36.52580643,1139846770,104,Solana,SOL-USD,Crypto,Cryptocurrency,https://1drv.ms/i/c/8705623eb284e7df/IQRt4HhalyF5QI9kSBm4wz0BAYLrSvg0L-_fomtzF94e-Ac?width=1200&height=817
23-08-2022,35.64625168,36.05042267,34.3129158,35.47530746,854779221,104,Solana,SOL-USD,Crypto,Cryptocurrency,https://1drv.ms/i/c/8705623eb284e7df/IQRt4HhalyF5QI9kSBm4wz0BAYLrSvg0L-_fomtzF94e-Ac?width=1200&height=817
24-08-2022,34.95791626,36.28606796,34.43351746,35.64565659,946325778,104,Solana,SOL-USD,Crypto,Cryptocurrency,https://1drv.ms/i/c/8705623eb284e7df/IQRt4HhalyF5QI9kSBm4wz0BAYLrSvg0L-_fomtzF94e-Ac?width=1200&height=817
25-08-2022,35.31646347,36.42266846,34.93364334,34.95910263,828503624,104,Solana,SOL-USD,Crypto,Cryptocurrency,https://1drv.ms/i/c/8705623eb284e7df/IQRt4HhalyF5QI9kSBm4wz0BAYLrSvg0L-_fomtzF94e-Ac?width=1200&height=817
26-08-2022,31.72636223,35.58013153,31.49932671,35.31325531,1315871629,104,Solana,SOL-USD,Crypto,Cryptocurrency,https://1drv.ms/i/c/8705623eb284e7df/IQRt4HhalyF5QI9kSBm4wz0BAYLrSvg0L-_fomtzF94e-Ac?width=1200&height=817
27-08-2022,31.54243279,32.20508575,30.95301819,31.71382713,764882265,104,Solana,SOL-USD,Crypto,Cryptocurrency,https://1drv.ms/i/c/8705623eb284e7df/IQRt4HhalyF5QI9kSBm4wz0BAYLrSvg0L-_fomtzF94e-Ac?width=1200&height=817
28-08-2022,30.3922863,32.12961197,30.38878059,31.53886414,562501615,104,Solana,SOL-USD,Crypto,Cryptocurrency,https://1drv.ms/i/c/8705623eb284e7df/IQRt4HhalyF5QI9kSBm4wz0BAYLrSvg0L-_fomtzF94e-Ac?width=1200&height=817
29-08-2022,32.4652977,32.52074814,30.11916161,30.39385986,891913484,104,Solana,SOL-USD,Crypto,Cryptocurrency,https://1drv.ms/i/c/8705623eb284e7df/IQRt4HhalyF5QI9kSBm4wz0BAYLrSvg0L-_fomtzF94e-Ac?width=1200&height=817
30-08-2022,31.41205597,33.07263565,30.79652405,32.46004105,861409804,104,Solana,SOL-USD,Crypto,Cryptocurrency,https://1drv.ms/i/c/8705623eb284e7df/IQRt4HhalyF5QI9kSBm4wz0BAYLrSvg0L-_fomtzF94e-Ac?width=1200&height=817
31-08-2022,31.4729557,32.87642288,31.23788452,31.41651535,769308937,104,Solana,SOL-USD,Crypto,Cryptocurrency,https://1drv.ms/i/c/8705623eb284e7df/IQRt4HhalyF5QI9kSBm4wz0BAYLrSvg0L-_fomtzF94e-Ac?width=1200&height=817
01-09-2022,31.5856781,31.70931435,30.51126671,31.4750824,666487074,104,Solana,SOL-USD,Crypto,Cryptocurrency,https://1drv.ms/i/c/8705623eb284e7df/IQRt4HhalyF5QI9kSBm4wz0BAYLrSvg0L-_fomtzF94e-Ac?width=1200&height=817
02-09-2022,31.22793007,32.3588295,30.84394836,31.58498764,659575995,104,Solana,SOL-USD,Crypto,Cryptocurrency,https://1drv.ms/i/c/8705623eb284e7df/IQRt4HhalyF5QI9kSBm4wz0BAYLrSvg0L-_fomtzF94e-Ac?width=1200&height=817
03-09-2022,31.10948372,31.23231316,30.85836792,31.22819328,314531753,104,Solana,SOL-USD,Crypto,Cryptocurrency,https://1drv.ms/i/c/8705623eb284e7df/IQRt4HhalyF5QI9kSBm4wz0BAYLrSvg0L-_fomtzF94e-Ac?width=1200&height=817
04-09-2022,32.10695648,32.13935089,31.08186531,31.10894012,392954663,104,Solana,SOL-USD,Crypto,Cryptocurrency,https://1drv.ms/i/c/8705623eb284e7df/IQRt4HhalyF5QI9kSBm4wz0BAYLrSvg0L-_fomtzF94e-Ac?width=1200&height=817
05-09-2022,32.19464874,32.37053299,31.21106911,32.10802841,512588616,104,Solana,SOL-USD,Crypto,Cryptocurrency,https://1drv.ms/i/c/8705623eb284e7df/IQRt4HhalyF5QI9kSBm4wz0BAYLrSvg0L-_fomtzF94e-Ac?width=1200&height=817
06-09-2022,30.89174271,33.78529739,30.6405468,32.19966888,1196204019,104,Solana,SOL-USD,Crypto,Cryptocurrency,https://1drv.ms/i/c/8705623eb284e7df/IQRt4HhalyF5QI9kSBm4wz0BAYLrSvg0L-_fomtzF94e-Ac?width=1200&height=817
07-09-2022,32.71091843,32.89689636,30.48895073,30.88389969,779212909,104,Solana,SOL-USD,Crypto,Cryptocurrency,https://1drv.ms/i/c/8705623eb284e7df/IQRt4HhalyF5QI9kSBm4wz0BAYLrSvg0L-_fomtzF94e-Ac?width=1200&height=817
08-09-2022,33.60864639,33.79605103,32.10250092,32.7080307,978070646,104,Solana,SOL-USD,Crypto,Cryptocurrency,https://1drv.ms/i/c/8705623eb284e7df/IQRt4HhalyF5QI9kSBm4wz0BAYLrSvg0L-_fomtzF94e-Ac?width=1200&height=817
09-09-2022,34.73976517,35.79993439,33.60639954,33.60664368,1186140934,104,Solana,SOL-USD,Crypto,Cryptocurrency,https://1drv.ms/i/c/8705623eb284e7df/IQRt4HhalyF5QI9kSBm4wz0BAYLrSvg0L-_fomtzF94e-Ac?width=1200&height=817
10-09-2022,35.12672806,35.36214066,34.36941528,34.73285675,731145106,104,Solana,SOL-USD,Crypto,Cryptocurrency,https://1drv.ms/i/c/8705623eb284e7df/IQRt4HhalyF5QI9kSBm4wz0BAYLrSvg0L-_fomtzF94e-Ac?width=1200&height=817
11-09-2022,34.96596146,35.89952087,34.12443542,35.12284088,757216096,104,Solana,SOL-USD,Crypto,Cryptocurrency,https://1drv.ms/i/c/8705623eb284e7df/IQRt4HhalyF5QI9kSBm4wz0BAYLrSvg0L-_fomtzF94e-Ac?width=1200&height=817
12-09-2022,37.42418289,38.16907883,34.50792313,34.96744156,1701399970,104,Solana,SOL-USD,Crypto,Cryptocurrency,https://1drv.ms/i/c/8705623eb284e7df/IQRt4HhalyF5QI9kSBm4wz0BAYLrSvg0L-_fomtzF94e-Ac?width=1200&height=817
13-09-2022,33.43081665,38.87038422,32.87045288,37.42160797,1785181627,104,Solana,SOL-USD,Crypto,Cryptocurrency,https://1drv.ms/i/c/8705623eb284e7df/IQRt4HhalyF5QI9kSBm4wz0BAYLrSvg0L-_fomtzF94e-Ac?width=1200&height=817
14-09-2022,34.09157181,34.2831955,32.87045288,33.01827621,1003604224,104,Solana,SOL-USD,Crypto,Cryptocurrency,https://1drv.ms/i/c/8705623eb284e7df/IQRt4HhalyF5QI9kSBm4wz0BAYLrSvg0L-_fomtzF94e-Ac?width=1200&height=817
15-09-2022,33.04768372,34.71526718,32.72189331,34.09429169,1139377803,104,Solana,SOL-USD,Crypto,Cryptocurrency,https://1drv.ms/i/c/8705623eb284e7df/IQRt4HhalyF5QI9kSBm4wz0BAYLrSvg0L-_fomtzF94e-Ac?width=1200&height=817
16-09-2022,32.20885849,33.203125,31.64116478,33.04459381,765952525,104,Solana,SOL-USD,Crypto,Cryptocurrency,https://1drv.ms/i/c/8705623eb284e7df/IQRt4HhalyF5QI9kSBm4wz0BAYLrSvg0L-_fomtzF94e-Ac?width=1200&height=817
17-09-2022,33.7507782,33.84817886,32.21224594,32.21224594,501302380,104,Solana,SOL-USD,Crypto,Cryptocurrency,https://1drv.ms/i/c/8705623eb284e7df/IQRt4HhalyF5QI9kSBm4wz0BAYLrSvg0L-_fomtzF94e-Ac?width=1200&height=817
18-09-2022,31.05985451,33.95471573,30.97914314,33.74827576,694870049,104,Solana,SOL-USD,Crypto,Cryptocurrency,https://1drv.ms/i/c/8705623eb284e7df/IQRt4HhalyF5QI9kSBm4wz0BAYLrSvg0L-_fomtzF94e-Ac?width=1200&height=817
19-09-2022,32.68530273,32.98985672,30.69324875,31.05361366,971182780,104,Solana,SOL-USD,Crypto,Cryptocurrency,https://1drv.ms/i/c/8705623eb284e7df/IQRt4HhalyF5QI9kSBm4wz0BAYLrSvg0L-_fomtzF94e-Ac?width=1200&height=817
20-09-2022,31.43304062,32.79011154,31.38903236,32.68706512,819978937,104,Solana,SOL-USD,Crypto,Cryptocurrency,https://1drv.ms/i/c/8705623eb284e7df/IQRt4HhalyF5QI9kSBm4wz0BAYLrSvg0L-_fomtzF94e-Ac?width=1200&height=817
21-09-2022,30.82637787,33.13396072,30.19506836,31.43379021,1193686258,104,Solana,SOL-USD,Crypto,Cryptocurrency,https://1drv.ms/i/c/8705623eb284e7df/IQRt4HhalyF5QI9kSBm4wz0BAYLrSvg0L-_fomtzF94e-Ac?width=1200&height=817
22-09-2022,32.40890503,32.80704498,30.63888168,30.8157711,833702543,104,Solana,SOL-USD,Crypto,Cryptocurrency,https://1drv.ms/i/c/8705623eb284e7df/IQRt4HhalyF5QI9kSBm4wz0BAYLrSvg0L-_fomtzF94e-Ac?width=1200&height=817
23-09-2022,33.67663574,33.90916443,31.363554,32.40623856,982495447,104,Solana,SOL-USD,Crypto,Cryptocurrency,https://1drv.ms/i/c/8705623eb284e7df/IQRt4HhalyF5QI9kSBm4wz0BAYLrSvg0L-_fomtzF94e-Ac?width=1200&height=817
24-09-2022,33.4626503,34.69917679,33.27409744,33.67512894,872691785,104,Solana,SOL-USD,Crypto,Cryptocurrency,https://1drv.ms/i/c/8705623eb284e7df/IQRt4HhalyF5QI9kSBm4wz0BAYLrSvg0L-_fomtzF94e-Ac?width=1200&height=817
25-09-2022,32.33536148,33.98523712,32.01491928,33.46106339,610529879,104,Solana,SOL-USD,Crypto,Cryptocurrency,https://1drv.ms/i/c/8705623eb284e7df/IQRt4HhalyF5QI9kSBm4wz0BAYLrSvg0L-_fomtzF94e-Ac?width=1200&height=817
26-09-2022,33.8805542,33.88150787,31.96014977,32.33634949,936313674,104,Solana,SOL-USD,Crypto,Cryptocurrency,https://1drv.ms/i/c/8705623eb284e7df/IQRt4HhalyF5QI9kSBm4wz0BAYLrSvg0L-_fomtzF94e-Ac?width=1200&height=817
27-09-2022,32.7501297,35.23724365,32.27183533,33.87862778,1223724195,104,Solana,SOL-USD,Crypto,Cryptocurrency,https://1drv.ms/i/c/8705623eb284e7df/IQRt4HhalyF5QI9kSBm4wz0BAYLrSvg0L-_fomtzF94e-Ac?width=1200&height=817
28-09-2022,33.2354393,33.7410965,31.72770119,32.73825455,998520503,104,Solana,SOL-USD,Crypto,Cryptocurrency,https://1drv.ms/i/c/8705623eb284e7df/IQRt4HhalyF5QI9kSBm4wz0BAYLrSvg0L-_fomtzF94e-Ac?width=1200&height=817
29-09-2022,33.9524498,34.33831406,32.79304886,33.2352829,951223921,104,Solana,SOL-USD,Crypto,Cryptocurrency,https://1drv.ms/i/c/8705623eb284e7df/IQRt4HhalyF5QI9kSBm4wz0BAYLrSvg0L-_fomtzF94e-Ac?width=1200&height=817
30-09-2022,33.21244431,35.13334656,32.73581314,33.95177841,1210784941,104,Solana,SOL-USD,Crypto,Cryptocurrency,https://1drv.ms/i/c/8705623eb284e7df/IQRt4HhalyF5QI9kSBm4wz0BAYLrSvg0L-_fomtzF94e-Ac?width=1200&height=817
01-10-2022,32.46939468,33.2250824,32.46694183,33.21569061,572976679,104,Solana,SOL-USD,Crypto,Cryptocurrency,https://1drv.ms/i/c/8705623eb284e7df/IQRt4HhalyF5QI9kSBm4wz0BAYLrSvg0L-_fomtzF94e-Ac?width=1200&height=817
02-10-2022,32.05569839,32.99811935,31.99713898,32.47042084,532211084,104,Solana,SOL-USD,Crypto,Cryptocurrency,https://1drv.ms/i/c/8705623eb284e7df/IQRt4HhalyF5QI9kSBm4wz0BAYLrSvg0L-_fomtzF94e-Ac?width=1200&height=817
03-10-2022,32.96762085,33.20492935,31.95493126,32.05710983,633204077,104,Solana,SOL-USD,Crypto,Cryptocurrency,https://1drv.ms/i/c/8705623eb284e7df/IQRt4HhalyF5QI9kSBm4wz0BAYLrSvg0L-_fomtzF94e-Ac?width=1200&height=817
04-10-2022,34.12247086,34.34199905,32.88138199,32.95677185,717157069,104,Solana,SOL-USD,Crypto,Cryptocurrency,https://1drv.ms/i/c/8705623eb284e7df/IQRt4HhalyF5QI9kSBm4wz0BAYLrSvg0L-_fomtzF94e-Ac?width=1200&height=817
05-10-2022,34.07388306,34.31154251,33.27922058,34.11719131,655950188,104,Solana,SOL-USD,Crypto,Cryptocurrency,https://1drv.ms/i/c/8705623eb284e7df/IQRt4HhalyF5QI9kSBm4wz0BAYLrSvg0L-_fomtzF94e-Ac?width=1200&height=817
06-10-2022,33.34281921,34.45728302,33.33332443,34.07375336,712289836,104,Solana,SOL-USD,Crypto,Cryptocurrency,https://1drv.ms/i/c/8705623eb284e7df/IQRt4HhalyF5QI9kSBm4wz0BAYLrSvg0L-_fomtzF94e-Ac?width=1200&height=817
07-10-2022,33.00146484,33.72856903,32.55199814,33.34446716,649212486,104,Solana,SOL-USD,Crypto,Cryptocurrency,https://1drv.ms/i/c/8705623eb284e7df/IQRt4HhalyF5QI9kSBm4wz0BAYLrSvg0L-_fomtzF94e-Ac?width=1200&height=817
08-10-2022,32.57793427,33.04252625,32.44584274,33.00006866,367021196,104,Solana,SOL-USD,Crypto,Cryptocurrency,https://1drv.ms/i/c/8705623eb284e7df/IQRt4HhalyF5QI9kSBm4wz0BAYLrSvg0L-_fomtzF94e-Ac?width=1200&height=817
09-10-2022,32.91388321,33.10311508,32.47802353,32.57801437,405849928,104,Solana,SOL-USD,Crypto,Cryptocurrency,https://1drv.ms/i/c/8705623eb284e7df/IQRt4HhalyF5QI9kSBm4wz0BAYLrSvg0L-_fomtzF94e-Ac?width=1200&height=817
10-10-2022,31.97083473,33.33945465,31.97083473,32.91293716,640691958,104,Solana,SOL-USD,Crypto,Cryptocurrency,https://1drv.ms/i/c/8705623eb284e7df/IQRt4HhalyF5QI9kSBm4wz0BAYLrSvg0L-_fomtzF94e-Ac?width=1200&height=817
11-10-2022,30.77686882,31.96603203,30.57949257,31.96603203,733071932,104,Solana,SOL-USD,Crypto,Cryptocurrency,https://1drv.ms/i/c/8705623eb284e7df/IQRt4HhalyF5QI9kSBm4wz0BAYLrSvg0L-_fomtzF94e-Ac?width=1200&height=817
12-10-2022,31.16548538,31.46022987,30.72916985,30.7796917,490127096,104,Solana,SOL-USD,Crypto,Cryptocurrency,https://1drv.ms/i/c/8705623eb284e7df/IQRt4HhalyF5QI9kSBm4wz0BAYLrSvg0L-_fomtzF94e-Ac?width=1200&height=817
13-10-2022,30.54451942,31.18108559,28.19737053,31.16441345,1302451856,104,Solana,SOL-USD,Crypto,Cryptocurrency,https://1drv.ms/i/c/8705623eb284e7df/IQRt4HhalyF5QI9kSBm4wz0BAYLrSvg0L-_fomtzF94e-Ac?width=1200&height=817
14-10-2022,30.00741768,31.90965652,29.75993156,30.5424881,836283411,104,Solana,SOL-USD,Crypto,Cryptocurrency,https://1drv.ms/i/c/8705623eb284e7df/IQRt4HhalyF5QI9kSBm4wz0BAYLrSvg0L-_fomtzF94e-Ac?width=1200&height=817
15-10-2022,29.5753479,30.15125465,29.53400612,30.00613213,547825492,104,Solana,SOL-USD,Crypto,Cryptocurrency,https://1drv.ms/i/c/8705623eb284e7df/IQRt4HhalyF5QI9kSBm4wz0BAYLrSvg0L-_fomtzF94e-Ac?width=1200&height=817
16-10-2022,30.16884041,30.44472885,29.57884216,29.57884216,608389719,104,Solana,SOL-USD,Crypto,Cryptocurrency,https://1drv.ms/i/c/8705623eb284e7df/IQRt4HhalyF5QI9kSBm4wz0BAYLrSvg0L-_fomtzF94e-Ac?width=1200&height=817
17-10-2022,31.2248764,31.26399231,29.88315964,30.16809082,658840500,104,Solana,SOL-USD,Crypto,Cryptocurrency,https://1drv.ms/i/c/8705623eb284e7df/IQRt4HhalyF5QI9kSBm4wz0BAYLrSvg0L-_fomtzF94e-Ac?width=1200&height=817
18-10-2022,30.16433144,31.41119194,29.83369446,31.2242527,715092973,104,Solana,SOL-USD,Crypto,Cryptocurrency,https://1drv.ms/i/c/8705623eb284e7df/IQRt4HhalyF5QI9kSBm4wz0BAYLrSvg0L-_fomtzF94e-Ac?width=1200&height=817
19-10-2022,28.9007988,30.21255112,28.83027649,30.16461754,697269954,104,Solana,SOL-USD,Crypto,Cryptocurrency,https://1drv.ms/i/c/8705623eb284e7df/IQRt4HhalyF5QI9kSBm4wz0BAYLrSvg0L-_fomtzF94e-Ac?width=1200&height=817
20-10-2022,28.08509636,29.43212128,28.07379532,28.8945713,803871622,104,Solana,SOL-USD,Crypto,Cryptocurrency,https://1drv.ms/i/c/8705623eb284e7df/IQRt4HhalyF5QI9kSBm4wz0BAYLrSvg0L-_fomtzF94e-Ac?width=1200&height=817
21-10-2022,28.10867691,28.24317169,26.98640442,28.08042908,967208274,104,Solana,SOL-USD,Crypto,Cryptocurrency,https://1drv.ms/i/c/8705623eb284e7df/IQRt4HhalyF5QI9kSBm4wz0BAYLrSvg0L-_fomtzF94e-Ac?width=1200&height=817
22-10-2022,28.01386261,28.14439011,27.55768394,28.10832787,474234383,104,Solana,SOL-USD,Crypto,Cryptocurrency,https://1drv.ms/i/c/8705623eb284e7df/IQRt4HhalyF5QI9kSBm4wz0BAYLrSvg0L-_fomtzF94e-Ac?width=1200&height=817
23-10-2022,29.27007103,29.33153915,27.85795975,28.01367569,633157057,104,Solana,SOL-USD,Crypto,Cryptocurrency,https://1drv.ms/i/c/8705623eb284e7df/IQRt4HhalyF5QI9kSBm4wz0BAYLrSvg0L-_fomtzF94e-Ac?width=1200&height=817
24-10-2022,28.31006432,29.41394615,28.21503258,29.27252007,667625312,104,Solana,SOL-USD,Crypto,Cryptocurrency,https://1drv.ms/i/c/8705623eb284e7df/IQRt4HhalyF5QI9kSBm4wz0BAYLrSvg0L-_fomtzF94e-Ac?width=1200&height=817
25-10-2022,30.93997574,32.19131088,28.11930466,28.30998993,1336242036,104,Solana,SOL-USD,Crypto,Cryptocurrency,https://1drv.ms/i/c/8705623eb284e7df/IQRt4HhalyF5QI9kSBm4wz0BAYLrSvg0L-_fomtzF94e-Ac?width=1200&height=817
26-10-2022,31.28472137,31.83754921,30.76510239,30.92886543,1250974763,104,Solana,SOL-USD,Crypto,Cryptocurrency,https://1drv.ms/i/c/8705623eb284e7df/IQRt4HhalyF5QI9kSBm4wz0BAYLrSvg0L-_fomtzF94e-Ac?width=1200&height=817
27-10-2022,30.63062477,32.20396423,30.58534622,31.28702736,1275994871,104,Solana,SOL-USD,Crypto,Cryptocurrency,https://1drv.ms/i/c/8705623eb284e7df/IQRt4HhalyF5QI9kSBm4wz0BAYLrSvg0L-_fomtzF94e-Ac?width=1200&height=817
28-10-2022,32.11126328,32.44870758,30.18933296,30.63079453,1063403956,104,Solana,SOL-USD,Crypto,Cryptocurrency,https://1drv.ms/i/c/8705623eb284e7df/IQRt4HhalyF5QI9kSBm4wz0BAYLrSvg0L-_fomtzF94e-Ac?width=1200&height=817
29-10-2022,32.85712814,33.73913956,31.9168129,32.10906219,1165931963,104,Solana,SOL-USD,Crypto,Cryptocurrency,https://1drv.ms/i/c/8705623eb284e7df/IQRt4HhalyF5QI9kSBm4wz0BAYLrSvg0L-_fomtzF94e-Ac?width=1200&height=817
30-10-2022,32.96593094,33.47927856,32.06162262,32.85777664,731319297,104,Solana,SOL-USD,Crypto,Cryptocurrency,https://1drv.ms/i/c/8705623eb284e7df/IQRt4HhalyF5QI9kSBm4wz0BAYLrSvg0L-_fomtzF94e-Ac?width=1200&height=817
31-10-2022,32.61103821,34.30774307,32.28626633,32.96102142,1174404933,104,Solana,SOL-USD,Crypto,Cryptocurrency,https://1drv.ms/i/c/8705623eb284e7df/IQRt4HhalyF5QI9kSBm4wz0BAYLrSvg0L-_fomtzF94e-Ac?width=1200&height=817
01-11-2022,32.24842453,33.32598114,32.2014122,32.6076088,729292793,104,Solana,SOL-USD,Crypto,Cryptocurrency,https://1drv.ms/i/c/8705623eb284e7df/IQRt4HhalyF5QI9kSBm4wz0BAYLrSvg0L-_fomtzF94e-Ac?width=1200&height=817
02-11-2022,30.7880764,32.83482361,30.29411316,32.24597931,1166999748,104,Solana,SOL-USD,Crypto,Cryptocurrency,https://1drv.ms/i/c/8705623eb284e7df/IQRt4HhalyF5QI9kSBm4wz0BAYLrSvg0L-_fomtzF94e-Ac?width=1200&height=817
03-11-2022,30.8438797,32.14349365,30.67714882,30.79291916,832207929,104,Solana,SOL-USD,Crypto,Cryptocurrency,https://1drv.ms/i/c/8705623eb284e7df/IQRt4HhalyF5QI9kSBm4wz0BAYLrSvg0L-_fomtzF94e-Ac?width=1200&height=817
04-11-2022,33.78085327,34.10426331,30.73159027,30.84173775,1364403572,104,Solana,SOL-USD,Crypto,Cryptocurrency,https://1drv.ms/i/c/8705623eb284e7df/IQRt4HhalyF5QI9kSBm4wz0BAYLrSvg0L-_fomtzF94e-Ac?width=1200&height=817
05-11-2022,36.76576233,38.54962158,33.73513412,33.77741623,2470595904,104,Solana,SOL-USD,Crypto,Cryptocurrency,https://1drv.ms/i/c/8705623eb284e7df/IQRt4HhalyF5QI9kSBm4wz0BAYLrSvg0L-_fomtzF94e-Ac?width=1200&height=817
06-11-2022,32.68358231,36.90202713,32.5463028,36.77216721,1650006613,104,Solana,SOL-USD,Crypto,Cryptocurrency,https://1drv.ms/i/c/8705623eb284e7df/IQRt4HhalyF5QI9kSBm4wz0BAYLrSvg0L-_fomtzF94e-Ac?width=1200&height=817
07-11-2022,29.60134506,33.06750488,28.92673492,32.67894745,2545092967,104,Solana,SOL-USD,Crypto,Cryptocurrency,https://1drv.ms/i/c/8705623eb284e7df/IQRt4HhalyF5QI9kSBm4wz0BAYLrSvg0L-_fomtzF94e-Ac?width=1200&height=817
08-11-2022,24.15293694,31.0609684,21.78398323,29.59744072,6120104231,104,Solana,SOL-USD,Crypto,Cryptocurrency,https://1drv.ms/i/c/8705623eb284e7df/IQRt4HhalyF5QI9kSBm4wz0BAYLrSvg0L-_fomtzF94e-Ac?width=1200&height=817
09-11-2022,13.94085693,24.15943527,12.50562382,24.15943527,4647808136,104,Solana,SOL-USD,Crypto,Cryptocurrency,https://1drv.ms/i/c/8705623eb284e7df/IQRt4HhalyF5QI9kSBm4wz0BAYLrSvg0L-_fomtzF94e-Ac?width=1200&height=817
10-11-2022,17.68140793,18.6756382,13.41102695,13.98506927,4084381465,104,Solana,SOL-USD,Crypto,Cryptocurrency,https://1drv.ms/i/c/8705623eb284e7df/IQRt4HhalyF5QI9kSBm4wz0BAYLrSvg0L-_fomtzF94e-Ac?width=1200&height=817
11-11-2022,16.32674599,18.13648224,15.50747204,17.66345024,2191908978,104,Solana,SOL-USD,Crypto,Cryptocurrency,https://1drv.ms/i/c/8705623eb284e7df/IQRt4HhalyF5QI9kSBm4wz0BAYLrSvg0L-_fomtzF94e-Ac?width=1200&height=817
12-11-2022,14.53900146,16.40843391,14.53801346,16.34028244,866923655,104,Solana,SOL-USD,Crypto,Cryptocurrency,https://1drv.ms/i/c/8705623eb284e7df/IQRt4HhalyF5QI9kSBm4wz0BAYLrSvg0L-_fomtzF94e-Ac?width=1200&height=817
13-11-2022,13.16452885,14.66088772,13.12266445,14.53756237,880792311,104,Solana,SOL-USD,Crypto,Cryptocurrency,https://1drv.ms/i/c/8705623eb284e7df/IQRt4HhalyF5QI9kSBm4wz0BAYLrSvg0L-_fomtzF94e-Ac?width=1200&height=817
14-11-2022,14.00135612,14.88998795,12.25461769,13.16571331,1365413449,104,Solana,SOL-USD,Crypto,Cryptocurrency,https://1drv.ms/i/c/8705623eb284e7df/IQRt4HhalyF5QI9kSBm4wz0BAYLrSvg0L-_fomtzF94e-Ac?width=1200&height=817
15-11-2022,14.30129433,14.96986294,13.9320364,13.99962711,833458645,104,Solana,SOL-USD,Crypto,Cryptocurrency,https://1drv.ms/i/c/8705623eb284e7df/IQRt4HhalyF5QI9kSBm4wz0BAYLrSvg0L-_fomtzF94e-Ac?width=1200&height=817
16-11-2022,14.28550816,14.56210709,13.71196365,14.29958725,487495993,104,Solana,SOL-USD,Crypto,Cryptocurrency,https://1drv.ms/i/c/8705623eb284e7df/IQRt4HhalyF5QI9kSBm4wz0BAYLrSvg0L-_fomtzF94e-Ac?width=1200&height=817
17-11-2022,13.63873482,14.4636898,13.0782547,14.28602314,673219780,104,Solana,SOL-USD,Crypto,Cryptocurrency,https://1drv.ms/i/c/8705623eb284e7df/IQRt4HhalyF5QI9kSBm4wz0BAYLrSvg0L-_fomtzF94e-Ac?width=1200&height=817
18-11-2022,13.2474966,13.79063225,13.03916836,13.63884544,357193046,104,Solana,SOL-USD,Crypto,Cryptocurrency,https://1drv.ms/i/c/8705623eb284e7df/IQRt4HhalyF5QI9kSBm4wz0BAYLrSvg0L-_fomtzF94e-Ac?width=1200&height=817
19-11-2022,12.85101414,13.25535297,12.64458084,13.24738979,314294255,104,Solana,SOL-USD,Crypto,Cryptocurrency,https://1drv.ms/i/c/8705623eb284e7df/IQRt4HhalyF5QI9kSBm4wz0BAYLrSvg0L-_fomtzF94e-Ac?width=1200&height=817
20-11-2022,12.25283337,13.41673374,12.20330811,12.85231209,508411732,104,Solana,SOL-USD,Crypto,Cryptocurrency,https://1drv.ms/i/c/8705623eb284e7df/IQRt4HhalyF5QI9kSBm4wz0BAYLrSvg0L-_fomtzF94e-Ac?width=1200&height=817
21-11-2022,11.84620857,12.25759792,11.34163761,12.25412178,504498729,104,Solana,SOL-USD,Crypto,Cryptocurrency,https://1drv.ms/i/c/8705623eb284e7df/IQRt4HhalyF5QI9kSBm4wz0BAYLrSvg0L-_fomtzF94e-Ac?width=1200&height=817
22-11-2022,12.43562508,12.46562767,11.01065159,11.84251499,529418278,104,Solana,SOL-USD,Crypto,Cryptocurrency,https://1drv.ms/i/c/8705623eb284e7df/IQRt4HhalyF5QI9kSBm4wz0BAYLrSvg0L-_fomtzF94e-Ac?width=1200&height=817
23-11-2022,14.35151196,14.40245533,12.42763329,12.43791962,859905329,104,Solana,SOL-USD,Crypto,Cryptocurrency,https://1drv.ms/i/c/8705623eb284e7df/IQRt4HhalyF5QI9kSBm4wz0BAYLrSvg0L-_fomtzF94e-Ac?width=1200&height=817
24-11-2022,14.58235073,14.85400963,13.91685677,14.35300255,620159372,104,Solana,SOL-USD,Crypto,Cryptocurrency,https://1drv.ms/i/c/8705623eb284e7df/IQRt4HhalyF5QI9kSBm4wz0BAYLrSvg0L-_fomtzF94e-Ac?width=1200&height=817
25-11-2022,14.06313801,14.58117294,13.96150684,14.5806284,323667943,104,Solana,SOL-USD,Crypto,Cryptocurrency,https://1drv.ms/i/c/8705623eb284e7df/IQRt4HhalyF5QI9kSBm4wz0BAYLrSvg0L-_fomtzF94e-Ac?width=1200&height=817
26-11-2022,14.15919399,14.8878088,14.03124809,14.06280041,333271818,104,Solana,SOL-USD,Crypto,Cryptocurrency,https://1drv.ms/i/c/8705623eb284e7df/IQRt4HhalyF5QI9kSBm4wz0BAYLrSvg0L-_fomtzF94e-Ac?width=1200&height=817
27-11-2022,14.11576653,14.40946579,14.08296585,14.15953732,225035409,104,Solana,SOL-USD,Crypto,Cryptocurrency,https://1drv.ms/i/c/8705623eb284e7df/IQRt4HhalyF5QI9kSBm4wz0BAYLrSvg0L-_fomtzF94e-Ac?width=1200&height=817
28-11-2022,13.40451813,14.14507675,12.82484055,14.11313248,447463511,104,Solana,SOL-USD,Crypto,Cryptocurrency,https://1drv.ms/i/c/8705623eb284e7df/IQRt4HhalyF5QI9kSBm4wz0BAYLrSvg0L-_fomtzF94e-Ac?width=1200&height=817
29-11-2022,13.36973381,13.89747334,13.28012753,13.40342331,265372933,104,Solana,SOL-USD,Crypto,Cryptocurrency,https://1drv.ms/i/c/8705623eb284e7df/IQRt4HhalyF5QI9kSBm4wz0BAYLrSvg0L-_fomtzF94e-Ac?width=1200&height=817
30-11-2022,14.11544514,14.21945,13.30828476,13.37102413,331594403,104,Solana,SOL-USD,Crypto,Cryptocurrency,https://1drv.ms/i/c/8705623eb284e7df/IQRt4HhalyF5QI9kSBm4wz0BAYLrSvg0L-_fomtzF94e-Ac?width=1200&height=817
01-12-2022,13.48096848,14.15432358,13.441185,14.13345242,232200065,104,Solana,SOL-USD,Crypto,Cryptocurrency,https://1drv.ms/i/c/8705623eb284e7df/IQRt4HhalyF5QI9kSBm4wz0BAYLrSvg0L-_fomtzF94e-Ac?width=1200&height=817
02-12-2022,13.71564007,13.77305222,13.37707901,13.48258591,245049936,104,Solana,SOL-USD,Crypto,Cryptocurrency,https://1drv.ms/i/c/8705623eb284e7df/IQRt4HhalyF5QI9kSBm4wz0BAYLrSvg0L-_fomtzF94e-Ac?width=1200&height=817
03-12-2022,13.30245781,13.73070908,13.27840233,13.71678257,161314094,104,Solana,SOL-USD,Crypto,Cryptocurrency,https://1drv.ms/i/c/8705623eb284e7df/IQRt4HhalyF5QI9kSBm4wz0BAYLrSvg0L-_fomtzF94e-Ac?width=1200&height=817
04-12-2022,13.7182188,13.7240181,13.2993679,13.30177784,141802483,104,Solana,SOL-USD,Crypto,Cryptocurrency,https://1drv.ms/i/c/8705623eb284e7df/IQRt4HhalyF5QI9kSBm4wz0BAYLrSvg0L-_fomtzF94e-Ac?width=1200&height=817
05-12-2022,13.83111286,14.13531971,13.63022614,13.71610069,335440747,104,Solana,SOL-USD,Crypto,Cryptocurrency,https://1drv.ms/i/c/8705623eb284e7df/IQRt4HhalyF5QI9kSBm4wz0BAYLrSvg0L-_fomtzF94e-Ac?width=1200&height=817
06-12-2022,14.2888546,14.32291317,13.82865334,13.83092499,279979830,104,Solana,SOL-USD,Crypto,Cryptocurrency,https://1drv.ms/i/c/8705623eb284e7df/IQRt4HhalyF5QI9kSBm4wz0BAYLrSvg0L-_fomtzF94e-Ac?width=1200&height=817
07-12-2022,13.51965332,14.31062984,13.49742508,14.29236698,223134812,104,Solana,SOL-USD,Crypto,Cryptocurrency,https://1drv.ms/i/c/8705623eb284e7df/IQRt4HhalyF5QI9kSBm4wz0BAYLrSvg0L-_fomtzF94e-Ac?width=1200&height=817
08-12-2022,13.68922234,13.75301743,13.31049061,13.5198288,195918913,104,Solana,SOL-USD,Crypto,Cryptocurrency,https://1drv.ms/i/c/8705623eb284e7df/IQRt4HhalyF5QI9kSBm4wz0BAYLrSvg0L-_fomtzF94e-Ac?width=1200&height=817
09-12-2022,13.5801878,13.97989178,13.53689575,13.68907356,211833041,104,Solana,SOL-USD,Crypto,Cryptocurrency,https://1drv.ms/i/c/8705623eb284e7df/IQRt4HhalyF5QI9kSBm4wz0BAYLrSvg0L-_fomtzF94e-Ac?width=1200&height=817
10-12-2022,13.57699585,13.69578743,13.56840801,13.58131599,109293691,104,Solana,SOL-USD,Crypto,Cryptocurrency,https://1drv.ms/i/c/8705623eb284e7df/IQRt4HhalyF5QI9kSBm4wz0BAYLrSvg0L-_fomtzF94e-Ac?width=1200&height=817
11-12-2022,13.42780972,13.77830505,13.41335964,13.57621384,117436002,104,Solana,SOL-USD,Crypto,Cryptocurrency,https://1drv.ms/i/c/8705623eb284e7df/IQRt4HhalyF5QI9kSBm4wz0BAYLrSvg0L-_fomtzF94e-Ac?width=1200&height=817
12-12-2022,13.31854439,13.45808506,12.95115662,13.42675114,205298705,104,Solana,SOL-USD,Crypto,Cryptocurrency,https://1drv.ms/i/c/8705623eb284e7df/IQRt4HhalyF5QI9kSBm4wz0BAYLrSvg0L-_fomtzF94e-Ac?width=1200&height=817
13-12-2022,13.83398628,14.05764961,12.82897186,13.31824684,315949878,104,Solana,SOL-USD,Crypto,Cryptocurrency,https://1drv.ms/i/c/8705623eb284e7df/IQRt4HhalyF5QI9kSBm4wz0BAYLrSvg0L-_fomtzF94e-Ac?width=1200&height=817
14-12-2022,14.14052582,14.8876667,13.83106232,13.83617783,441479811,104,Solana,SOL-USD,Crypto,Cryptocurrency,https://1drv.ms/i/c/8705623eb284e7df/IQRt4HhalyF5QI9kSBm4wz0BAYLrSvg0L-_fomtzF94e-Ac?width=1200&height=817
15-12-2022,14.02151108,14.46716404,13.90906429,14.14031792,272679087,104,Solana,SOL-USD,Crypto,Cryptocurrency,https://1drv.ms/i/c/8705623eb284e7df/IQRt4HhalyF5QI9kSBm4wz0BAYLrSvg0L-_fomtzF94e-Ac?width=1200&height=817
16-12-2022,12.26660633,14.1450119,12.14768028,14.02193928,358747840,104,Solana,SOL-USD,Crypto,Cryptocurrency,https://1drv.ms/i/c/8705623eb284e7df/IQRt4HhalyF5QI9kSBm4wz0BAYLrSvg0L-_fomtzF94e-Ac?width=1200&height=817
17-12-2022,12.50440407,12.51194096,11.98780823,12.26579857,222801055,104,Solana,SOL-USD,Crypto,Cryptocurrency,https://1drv.ms/i/c/8705623eb284e7df/IQRt4HhalyF5QI9kSBm4wz0BAYLrSvg0L-_fomtzF94e-Ac?width=1200&height=817
18-12-2022,12.41312027,12.56893158,12.31215763,12.50468445,110722042,104,Solana,SOL-USD,Crypto,Cryptocurrency,https://1drv.ms/i/c/8705623eb284e7df/IQRt4HhalyF5QI9kSBm4wz0BAYLrSvg0L-_fomtzF94e-Ac?width=1200&height=817
19-12-2022,11.93265533,12.56692314,11.73771,12.41584969,206060595,104,Solana,SOL-USD,Crypto,Cryptocurrency,https://1drv.ms/i/c/8705623eb284e7df/IQRt4HhalyF5QI9kSBm4wz0BAYLrSvg0L-_fomtzF94e-Ac?width=1200&height=817
20-12-2022,12.28051472,12.43645,11.8753891,11.93452072,177388342,104,Solana,SOL-USD,Crypto,Cryptocurrency,https://1drv.ms/i/c/8705623eb284e7df/IQRt4HhalyF5QI9kSBm4wz0BAYLrSvg0L-_fomtzF94e-Ac?width=1200&height=817
21-12-2022,12.1289854,12.27906132,11.9295969,12.27906132,167974882,104,Solana,SOL-USD,Crypto,Cryptocurrency,https://1drv.ms/i/c/8705623eb284e7df/IQRt4HhalyF5QI9kSBm4wz0BAYLrSvg0L-_fomtzF94e-Ac?width=1200&height=817
22-12-2022,11.79482937,12.16859436,11.72010899,12.12986469,181200151,104,Solana,SOL-USD,Crypto,Cryptocurrency,https://1drv.ms/i/c/8705623eb284e7df/IQRt4HhalyF5QI9kSBm4wz0BAYLrSvg0L-_fomtzF94e-Ac?width=1200&height=817
23-12-2022,11.78616619,12.08467579,11.75558472,11.79452324,157181374,104,Solana,SOL-USD,Crypto,Cryptocurrency,https://1drv.ms/i/c/8705623eb284e7df/IQRt4HhalyF5QI9kSBm4wz0BAYLrSvg0L-_fomtzF94e-Ac?width=1200&height=817
24-12-2022,11.44427586,11.78625488,11.23962402,11.78625488,202780776,104,Solana,SOL-USD,Crypto,Cryptocurrency,https://1drv.ms/i/c/8705623eb284e7df/IQRt4HhalyF5QI9kSBm4wz0BAYLrSvg0L-_fomtzF94e-Ac?width=1200&height=817
25-12-2022,11.38790321,11.53402615,11.27482986,11.4445343,105389060,104,Solana,SOL-USD,Crypto,Cryptocurrency,https://1drv.ms/i/c/8705623eb284e7df/IQRt4HhalyF5QI9kSBm4wz0BAYLrSvg0L-_fomtzF94e-Ac?width=1200&height=817
26-12-2022,11.30661106,11.45341015,11.13846397,11.38768959,132410401,104,Solana,SOL-USD,Crypto,Cryptocurrency,https://1drv.ms/i/c/8705623eb284e7df/IQRt4HhalyF5QI9kSBm4wz0BAYLrSvg0L-_fomtzF94e-Ac?width=1200&height=817
27-12-2022,11.08543015,11.39070797,10.7662096,11.30917931,223332961,104,Solana,SOL-USD,Crypto,Cryptocurrency,https://1drv.ms/i/c/8705623eb284e7df/IQRt4HhalyF5QI9kSBm4wz0BAYLrSvg0L-_fomtzF94e-Ac?width=1200&height=817
28-12-2022,9.755906105,11.09810925,9.522949219,11.08486271,468728777,104,Solana,SOL-USD,Crypto,Cryptocurrency,https://1drv.ms/i/c/8705623eb284e7df/IQRt4HhalyF5QI9kSBm4wz0BAYLrSvg0L-_fomtzF94e-Ac?width=1200&height=817
29-12-2022,9.65178299,9.827129364,8.141267776,9.755775452,772500177,104,Solana,SOL-USD,Crypto,Cryptocurrency,https://1drv.ms/i/c/8705623eb284e7df/IQRt4HhalyF5QI9kSBm4wz0BAYLrSvg0L-_fomtzF94e-Ac?width=1200&height=817
30-12-2022,9.880176544,10.02177238,9.062714577,9.651914597,837030648,104,Solana,SOL-USD,Crypto,Cryptocurrency,https://1drv.ms/i/c/8705623eb284e7df/IQRt4HhalyF5QI9kSBm4wz0BAYLrSvg0L-_fomtzF94e-Ac?width=1200&height=817
31-12-2022,9.961038589,10.15116692,9.692624092,9.881005287,285758573,104,Solana,SOL-USD,Crypto,Cryptocurrency,https://1drv.ms/i/c/8705623eb284e7df/IQRt4HhalyF5QI9kSBm4wz0BAYLrSvg0L-_fomtzF94e-Ac?width=1200&height=817
01-01-2023,9.982172966,10.05280113,9.721011162,9.961035728,194221164,104,Solana,SOL-USD,Crypto,Cryptocurrency,https://1drv.ms/i/c/8705623eb284e7df/IQRt4HhalyF5QI9kSBm4wz0BAYLrSvg0L-_fomtzF94e-Ac?width=1200&height=817
02-01-2023,11.27296734,11.37201309,9.845211029,9.983222008,558570124,104,Solana,SOL-USD,Crypto,Cryptocurrency,https://1drv.ms/i/c/8705623eb284e7df/IQRt4HhalyF5QI9kSBm4wz0BAYLrSvg0L-_fomtzF94e-Ac?width=1200&height=817
03-01-2023,13.34404564,13.50026798,11.05326653,11.27472687,1149255381,104,Solana,SOL-USD,Crypto,Cryptocurrency,https://1drv.ms/i/c/8705623eb284e7df/IQRt4HhalyF5QI9kSBm4wz0BAYLrSvg0L-_fomtzF94e-Ac?width=1200&height=817
04-01-2023,13.43511295,14.09533978,12.92294598,13.35150909,1142852070,104,Solana,SOL-USD,Crypto,Cryptocurrency,https://1drv.ms/i/c/8705623eb284e7df/IQRt4HhalyF5QI9kSBm4wz0BAYLrSvg0L-_fomtzF94e-Ac?width=1200&height=817
05-01-2023,13.41932964,13.76920033,12.99019241,13.43493938,564255825,104,Solana,SOL-USD,Crypto,Cryptocurrency,https://1drv.ms/i/c/8705623eb284e7df/IQRt4HhalyF5QI9kSBm4wz0BAYLrSvg0L-_fomtzF94e-Ac?width=1200&height=817
06-01-2023,13.52584171,13.5412941,12.77132416,13.42055225,517147909,104,Solana,SOL-USD,Crypto,Cryptocurrency,https://1drv.ms/i/c/8705623eb284e7df/IQRt4HhalyF5QI9kSBm4wz0BAYLrSvg0L-_fomtzF94e-Ac?width=1200&height=817
07-01-2023,13.09226799,13.52675724,13.05507278,13.52675724,210349250,104,Solana,SOL-USD,Crypto,Cryptocurrency,https://1drv.ms/i/c/8705623eb284e7df/IQRt4HhalyF5QI9kSBm4wz0BAYLrSvg0L-_fomtzF94e-Ac?width=1200&height=817
08-01-2023,14.31993294,14.33325672,12.92428589,13.09150505,535020165,104,Solana,SOL-USD,Crypto,Cryptocurrency,https://1drv.ms/i/c/8705623eb284e7df/IQRt4HhalyF5QI9kSBm4wz0BAYLrSvg0L-_fomtzF94e-Ac?width=1200&height=817
09-01-2023,16.30246353,17.36155701,14.32553291,14.32553291,2029272608,104,Solana,SOL-USD,Crypto,Cryptocurrency,https://1drv.ms/i/c/8705623eb284e7df/IQRt4HhalyF5QI9kSBm4wz0BAYLrSvg0L-_fomtzF94e-Ac?width=1200&height=817
10-01-2023,16.19672394,16.64008713,15.71121311,16.29619789,833408341,104,Solana,SOL-USD,Crypto,Cryptocurrency,https://1drv.ms/i/c/8705623eb284e7df/IQRt4HhalyF5QI9kSBm4wz0BAYLrSvg0L-_fomtzF94e-Ac?width=1200&height=817
11-01-2023,16.35941505,16.44658852,15.36848736,16.19657707,630606082,104,Solana,SOL-USD,Crypto,Cryptocurrency,https://1drv.ms/i/c/8705623eb284e7df/IQRt4HhalyF5QI9kSBm4wz0BAYLrSvg0L-_fomtzF94e-Ac?width=1200&height=817
12-01-2023,16.61904335,16.80843353,15.74472237,16.78926086,884719784,104,Solana,SOL-USD,Crypto,Cryptocurrency,https://1drv.ms/i/c/8705623eb284e7df/IQRt4HhalyF5QI9kSBm4wz0BAYLrSvg0L-_fomtzF94e-Ac?width=1200&height=817
13-01-2023,18.28844452,18.51446533,16.3813591,16.61872673,1037251176,104,Solana,SOL-USD,Crypto,Cryptocurrency,https://1drv.ms/i/c/8705623eb284e7df/IQRt4HhalyF5QI9kSBm4wz0BAYLrSvg0L-_fomtzF94e-Ac?width=1200&height=817
14-01-2023,24.24945831,24.5650177,18.26682472,18.2875061,3399684035,104,Solana,SOL-USD,Crypto,Cryptocurrency,https://1drv.ms/i/c/8705623eb284e7df/IQRt4HhalyF5QI9kSBm4wz0BAYLrSvg0L-_fomtzF94e-Ac?width=1200&height=817
15-01-2023,22.87330627,24.65198708,22.11684799,24.25912285,1661787281,104,Solana,SOL-USD,Crypto,Cryptocurrency,https://1drv.ms/i/c/8705623eb284e7df/IQRt4HhalyF5QI9kSBm4wz0BAYLrSvg0L-_fomtzF94e-Ac?width=1200&height=817
16-01-2023,23.57756424,24.75278854,22.58559608,22.87508583,1596086615,104,Solana,SOL-USD,Crypto,Cryptocurrency,https://1drv.ms/i/c/8705623eb284e7df/IQRt4HhalyF5QI9kSBm4wz0BAYLrSvg0L-_fomtzF94e-Ac?width=1200&height=817
17-01-2023,22.88406372,23.80280113,22.88289261,23.58060074,926501252,104,Solana,SOL-USD,Crypto,Cryptocurrency,https://1drv.ms/i/c/8705623eb284e7df/IQRt4HhalyF5QI9kSBm4wz0BAYLrSvg0L-_fomtzF94e-Ac?width=1200&height=817
18-01-2023,20.85063362,23.48263359,20.69349861,22.88648415,1427677518,104,Solana,SOL-USD,Crypto,Cryptocurrency,https://1drv.ms/i/c/8705623eb284e7df/IQRt4HhalyF5QI9kSBm4wz0BAYLrSvg0L-_fomtzF94e-Ac?width=1200&height=817
19-01-2023,21.42676544,21.7654438,20.52894974,20.85082817,799641392,104,Solana,SOL-USD,Crypto,Cryptocurrency,https://1drv.ms/i/c/8705623eb284e7df/IQRt4HhalyF5QI9kSBm4wz0BAYLrSvg0L-_fomtzF94e-Ac?width=1200&height=817
20-01-2023,25.54827118,25.67833328,21.0045433,21.42640686,1419157455,104,Solana,SOL-USD,Crypto,Cryptocurrency,https://1drv.ms/i/c/8705623eb284e7df/IQRt4HhalyF5QI9kSBm4wz0BAYLrSvg0L-_fomtzF94e-Ac?width=1200&height=817
21-01-2023,24.62783813,26.41049957,24.61499405,25.55152512,1948796870,104,Solana,SOL-USD,Crypto,Cryptocurrency,https://1drv.ms/i/c/8705623eb284e7df/IQRt4HhalyF5QI9kSBm4wz0BAYLrSvg0L-_fomtzF94e-Ac?width=1200&height=817
22-01-2023,24.23278999,25.3892498,23.75632286,24.62404251,1029738787,104,Solana,SOL-USD,Crypto,Cryptocurrency,https://1drv.ms/i/c/8705623eb284e7df/IQRt4HhalyF5QI9kSBm4wz0BAYLrSvg0L-_fomtzF94e-Ac?width=1200&height=817
23-01-2023,24.35780716,24.88598251,23.97373581,24.2315464,874649827,104,Solana,SOL-USD,Crypto,Cryptocurrency,https://1drv.ms/i/c/8705623eb284e7df/IQRt4HhalyF5QI9kSBm4wz0BAYLrSvg0L-_fomtzF94e-Ac?width=1200&height=817
24-01-2023,22.79567337,25.16766548,22.64778328,24.35210228,837211317,104,Solana,SOL-USD,Crypto,Cryptocurrency,https://1drv.ms/i/c/8705623eb284e7df/IQRt4HhalyF5QI9kSBm4wz0BAYLrSvg0L-_fomtzF94e-Ac?width=1200&height=817
25-01-2023,24.57144547,25.21659279,22.39700699,22.79620361,1166026842,104,Solana,SOL-USD,Crypto,Cryptocurrency,https://1drv.ms/i/c/8705623eb284e7df/IQRt4HhalyF5QI9kSBm4wz0BAYLrSvg0L-_fomtzF94e-Ac?width=1200&height=817
26-01-2023,24.35069656,25.12034798,23.95353889,24.56139755,809826004,104,Solana,SOL-USD,Crypto,Cryptocurrency,https://1drv.ms/i/c/8705623eb284e7df/IQRt4HhalyF5QI9kSBm4wz0BAYLrSvg0L-_fomtzF94e-Ac?width=1200&height=817
27-01-2023,24.40785789,24.86176491,23.49876595,24.35098076,682926581,104,Solana,SOL-USD,Crypto,Cryptocurrency,https://1drv.ms/i/c/8705623eb284e7df/IQRt4HhalyF5QI9kSBm4wz0BAYLrSvg0L-_fomtzF94e-Ac?width=1200&height=817
28-01-2023,23.98180199,25.01738548,23.84182739,24.41060257,489857934,104,Solana,SOL-USD,Crypto,Cryptocurrency,https://1drv.ms/i/c/8705623eb284e7df/IQRt4HhalyF5QI9kSBm4wz0BAYLrSvg0L-_fomtzF94e-Ac?width=1200&height=817
29-01-2023,26.13238716,26.65280533,23.82784462,23.98078728,1131621628,104,Solana,SOL-USD,Crypto,Cryptocurrency,https://1drv.ms/i/c/8705623eb284e7df/IQRt4HhalyF5QI9kSBm4wz0BAYLrSvg0L-_fomtzF94e-Ac?width=1200&height=817
30-01-2023,23.94632149,26.24931526,23.4891758,26.13530159,1084170329,104,Solana,SOL-USD,Crypto,Cryptocurrency,https://1drv.ms/i/c/8705623eb284e7df/IQRt4HhalyF5QI9kSBm4wz0BAYLrSvg0L-_fomtzF94e-Ac?width=1200&height=817
31-01-2023,23.95254707,24.34128761,23.59224892,23.94932175,617019880,104,Solana,SOL-USD,Crypto,Cryptocurrency,https://1drv.ms/i/c/8705623eb284e7df/IQRt4HhalyF5QI9kSBm4wz0BAYLrSvg0L-_fomtzF94e-Ac?width=1200&height=817
01-02-2023,24.99335861,25.12623596,22.64312172,23.94851494,984317489,104,Solana,SOL-USD,Crypto,Cryptocurrency,https://1drv.ms/i/c/8705623eb284e7df/IQRt4HhalyF5QI9kSBm4wz0BAYLrSvg0L-_fomtzF94e-Ac?width=1200&height=817
02-02-2023,24.26505852,26.03715134,24.25430679,24.9887867,1017290364,104,Solana,SOL-USD,Crypto,Cryptocurrency,https://1drv.ms/i/c/8705623eb284e7df/IQRt4HhalyF5QI9kSBm4wz0BAYLrSvg0L-_fomtzF94e-Ac?width=1200&height=817
03-02-2023,24.68089676,25.00357246,24.11897469,24.26081085,643813200,104,Solana,SOL-USD,Crypto,Cryptocurrency,https://1drv.ms/i/c/8705623eb284e7df/IQRt4HhalyF5QI9kSBm4wz0BAYLrSvg0L-_fomtzF94e-Ac?width=1200&height=817
04-02-2023,24.31774521,24.89257813,24.31774521,24.67998314,321758043,104,Solana,SOL-USD,Crypto,Cryptocurrency,https://1drv.ms/i/c/8705623eb284e7df/IQRt4HhalyF5QI9kSBm4wz0BAYLrSvg0L-_fomtzF94e-Ac?width=1200&height=817
05-02-2023,23.49343872,24.42566681,23.11682701,24.31952095,578466008,104,Solana,SOL-USD,Crypto,Cryptocurrency,https://1drv.ms/i/c/8705623eb284e7df/IQRt4HhalyF5QI9kSBm4wz0BAYLrSvg0L-_fomtzF94e-Ac?width=1200&height=817
06-02-2023,22.70638847,23.68735695,22.60390472,23.49368477,449884793,104,Solana,SOL-USD,Crypto,Cryptocurrency,https://1drv.ms/i/c/8705623eb284e7df/IQRt4HhalyF5QI9kSBm4wz0BAYLrSvg0L-_fomtzF94e-Ac?width=1200&height=817
07-02-2023,23.86135674,23.89979935,22.60705376,22.69782257,625438600,104,Solana,SOL-USD,Crypto,Cryptocurrency,https://1drv.ms/i/c/8705623eb284e7df/IQRt4HhalyF5QI9kSBm4wz0BAYLrSvg0L-_fomtzF94e-Ac?width=1200&height=817
08-02-2023,23.19267082,24.1480732,22.88185501,23.86072922,534148944,104,Solana,SOL-USD,Crypto,Cryptocurrency,https://1drv.ms/i/c/8705623eb284e7df/IQRt4HhalyF5QI9kSBm4wz0BAYLrSvg0L-_fomtzF94e-Ac?width=1200&height=817
09-02-2023,20.45212746,23.27908707,20.20357704,23.19809151,797436250,104,Solana,SOL-USD,Crypto,Cryptocurrency,https://1drv.ms/i/c/8705623eb284e7df/IQRt4HhalyF5QI9kSBm4wz0BAYLrSvg0L-_fomtzF94e-Ac?width=1200&height=817
10-02-2023,20.13010979,21.11772728,19.84334373,20.45359039,654189930,104,Solana,SOL-USD,Crypto,Cryptocurrency,https://1drv.ms/i/c/8705623eb284e7df/IQRt4HhalyF5QI9kSBm4wz0BAYLrSvg0L-_fomtzF94e-Ac?width=1200&height=817
11-02-2023,20.83009529,20.86067963,20.11946869,20.12839127,267159267,104,Solana,SOL-USD,Crypto,Cryptocurrency,https://1drv.ms/i/c/8705623eb284e7df/IQRt4HhalyF5QI9kSBm4wz0BAYLrSvg0L-_fomtzF94e-Ac?width=1200&height=817
12-02-2023,21.48997879,22.26061821,20.64662552,20.82887459,532943787,104,Solana,SOL-USD,Crypto,Cryptocurrency,https://1drv.ms/i/c/8705623eb284e7df/IQRt4HhalyF5QI9kSBm4wz0BAYLrSvg0L-_fomtzF94e-Ac?width=1200&height=817
13-02-2023,20.7901001,21.52965546,19.87074471,21.4867878,693292656,104,Solana,SOL-USD,Crypto,Cryptocurrency,https://1drv.ms/i/c/8705623eb284e7df/IQRt4HhalyF5QI9kSBm4wz0BAYLrSvg0L-_fomtzF94e-Ac?width=1200&height=817
14-02-2023,21.82495308,22.2456646,20.7112236,20.78159523,865868623,104,Solana,SOL-USD,Crypto,Cryptocurrency,https://1drv.ms/i/c/8705623eb284e7df/IQRt4HhalyF5QI9kSBm4wz0BAYLrSvg0L-_fomtzF94e-Ac?width=1200&height=817
15-02-2023,23.8839016,23.90115356,21.5021019,21.82472229,747616299,104,Solana,SOL-USD,Crypto,Cryptocurrency,https://1drv.ms/i/c/8705623eb284e7df/IQRt4HhalyF5QI9kSBm4wz0BAYLrSvg0L-_fomtzF94e-Ac?width=1200&height=817
16-02-2023,22.28595161,24.03055382,22.26426125,23.88418961,885086333,104,Solana,SOL-USD,Crypto,Cryptocurrency,https://1drv.ms/i/c/8705623eb284e7df/IQRt4HhalyF5QI9kSBm4wz0BAYLrSvg0L-_fomtzF94e-Ac?width=1200&height=817
17-02-2023,23.16675758,23.49330902,22.1539135,22.28212929,580803415,104,Solana,SOL-USD,Crypto,Cryptocurrency,https://1drv.ms/i/c/8705623eb284e7df/IQRt4HhalyF5QI9kSBm4wz0BAYLrSvg0L-_fomtzF94e-Ac?width=1200&height=817
18-02-2023,23.47859192,23.75763512,22.96770477,23.16739655,370892073,104,Solana,SOL-USD,Crypto,Cryptocurrency,https://1drv.ms/i/c/8705623eb284e7df/IQRt4HhalyF5QI9kSBm4wz0BAYLrSvg0L-_fomtzF94e-Ac?width=1200&height=817
19-02-2023,24.84075165,25.52073097,23.26829338,23.47620773,993875671,104,Solana,SOL-USD,Crypto,Cryptocurrency,https://1drv.ms/i/c/8705623eb284e7df/IQRt4HhalyF5QI9kSBm4wz0BAYLrSvg0L-_fomtzF94e-Ac?width=1200&height=817
20-02-2023,26.18138695,26.92558098,24.34207153,24.84637451,1459545676,104,Solana,SOL-USD,Crypto,Cryptocurrency,https://1drv.ms/i/c/8705623eb284e7df/IQRt4HhalyF5QI9kSBm4wz0BAYLrSvg0L-_fomtzF94e-Ac?width=1200&height=817
21-02-2023,24.94855881,26.42429733,24.67382813,26.18273163,925847245,104,Solana,SOL-USD,Crypto,Cryptocurrency,https://1drv.ms/i/c/8705623eb284e7df/IQRt4HhalyF5QI9kSBm4wz0BAYLrSvg0L-_fomtzF94e-Ac?width=1200&height=817
22-02-2023,24.1813488,25.1352005,23.3779335,24.9497509,892548647,104,Solana,SOL-USD,Crypto,Cryptocurrency,https://1drv.ms/i/c/8705623eb284e7df/IQRt4HhalyF5QI9kSBm4wz0BAYLrSvg0L-_fomtzF94e-Ac?width=1200&height=817
23-02-2023,23.9008007,24.63583374,23.68366814,24.18242073,579213279,104,Solana,SOL-USD,Crypto,Cryptocurrency,https://1drv.ms/i/c/8705623eb284e7df/IQRt4HhalyF5QI9kSBm4wz0BAYLrSvg0L-_fomtzF94e-Ac?width=1200&height=817
24-02-2023,23.05303574,24.05632973,22.63655663,23.89963722,612377428,104,Solana,SOL-USD,Crypto,Cryptocurrency,https://1drv.ms/i/c/8705623eb284e7df/IQRt4HhalyF5QI9kSBm4wz0BAYLrSvg0L-_fomtzF94e-Ac?width=1200&height=817
25-02-2023,22.52339935,23.27343941,21.64186287,23.05884933,547286025,104,Solana,SOL-USD,Crypto,Cryptocurrency,https://1drv.ms/i/c/8705623eb284e7df/IQRt4HhalyF5QI9kSBm4wz0BAYLrSvg0L-_fomtzF94e-Ac?width=1200&height=817
26-02-2023,23.25608826,23.48444748,22.32423973,22.52385712,370371591,104,Solana,SOL-USD,Crypto,Cryptocurrency,https://1drv.ms/i/c/8705623eb284e7df/IQRt4HhalyF5QI9kSBm4wz0BAYLrSvg0L-_fomtzF94e-Ac?width=1200&height=817
27-02-2023,22.69258881,23.36746216,22.40076637,23.25573921,475987023,104,Solana,SOL-USD,Crypto,Cryptocurrency,https://1drv.ms/i/c/8705623eb284e7df/IQRt4HhalyF5QI9kSBm4wz0BAYLrSvg0L-_fomtzF94e-Ac?width=1200&height=817
28-02-2023,21.91638756,22.72503281,21.82581329,22.69098473,351065863,104,Solana,SOL-USD,Crypto,Cryptocurrency,https://1drv.ms/i/c/8705623eb284e7df/IQRt4HhalyF5QI9kSBm4wz0BAYLrSvg0L-_fomtzF94e-Ac?width=1200&height=817
01-03-2023,22.50643158,22.79533768,21.73867798,21.91213608,346532018,104,Solana,SOL-USD,Crypto,Cryptocurrency,https://1drv.ms/i/c/8705623eb284e7df/IQRt4HhalyF5QI9kSBm4wz0BAYLrSvg0L-_fomtzF94e-Ac?width=1200&height=817
02-03-2023,21.98487854,22.57521629,21.73250961,22.50531387,322545445,104,Solana,SOL-USD,Crypto,Cryptocurrency,https://1drv.ms/i/c/8705623eb284e7df/IQRt4HhalyF5QI9kSBm4wz0BAYLrSvg0L-_fomtzF94e-Ac?width=1200&height=817
03-03-2023,21.39935303,22.00171089,20.54107857,21.98651695,489228523,104,Solana,SOL-USD,Crypto,Cryptocurrency,https://1drv.ms/i/c/8705623eb284e7df/IQRt4HhalyF5QI9kSBm4wz0BAYLrSvg0L-_fomtzF94e-Ac?width=1200&height=817
04-03-2023,20.96683884,21.53683853,20.37414551,21.40002632,249364880,104,Solana,SOL-USD,Crypto,Cryptocurrency,https://1drv.ms/i/c/8705623eb284e7df/IQRt4HhalyF5QI9kSBm4wz0BAYLrSvg0L-_fomtzF94e-Ac?width=1200&height=817
05-03-2023,20.97858429,21.61699677,20.89556313,20.96639252,278729462,104,Solana,SOL-USD,Crypto,Cryptocurrency,https://1drv.ms/i/c/8705623eb284e7df/IQRt4HhalyF5QI9kSBm4wz0BAYLrSvg0L-_fomtzF94e-Ac?width=1200&height=817
06-03-2023,20.63501167,21.09886551,20.52221489,20.97841263,318022843,104,Solana,SOL-USD,Crypto,Cryptocurrency,https://1drv.ms/i/c/8705623eb284e7df/IQRt4HhalyF5QI9kSBm4wz0BAYLrSvg0L-_fomtzF94e-Ac?width=1200&height=817
07-03-2023,20.2447319,20.88684845,19.82059669,20.63469124,394901279,104,Solana,SOL-USD,Crypto,Cryptocurrency,https://1drv.ms/i/c/8705623eb284e7df/IQRt4HhalyF5QI9kSBm4wz0BAYLrSvg0L-_fomtzF94e-Ac?width=1200&height=817
08-03-2023,18.42119408,20.33236694,18.28630447,20.24393082,620543521,104,Solana,SOL-USD,Crypto,Cryptocurrency,https://1drv.ms/i/c/8705623eb284e7df/IQRt4HhalyF5QI9kSBm4wz0BAYLrSvg0L-_fomtzF94e-Ac?width=1200&height=817
09-03-2023,17.30814743,18.68904686,16.9431324,18.42470741,754162560,104,Solana,SOL-USD,Crypto,Cryptocurrency,https://1drv.ms/i/c/8705623eb284e7df/IQRt4HhalyF5QI9kSBm4wz0BAYLrSvg0L-_fomtzF94e-Ac?width=1200&height=817
10-03-2023,18.24364281,18.32339668,16.11734581,17.31225014,944032048,104,Solana,SOL-USD,Crypto,Cryptocurrency,https://1drv.ms/i/c/8705623eb284e7df/IQRt4HhalyF5QI9kSBm4wz0BAYLrSvg0L-_fomtzF94e-Ac?width=1200&height=817
11-03-2023,18.22584343,18.8481884,17.17135429,18.24310493,696894876,104,Solana,SOL-USD,Crypto,Cryptocurrency,https://1drv.ms/i/c/8705623eb284e7df/IQRt4HhalyF5QI9kSBm4wz0BAYLrSvg0L-_fomtzF94e-Ac?width=1200&height=817
12-03-2023,20.31053162,20.39289093,17.94247627,18.2247982,666940879,104,Solana,SOL-USD,Crypto,Cryptocurrency,https://1drv.ms/i/c/8705623eb284e7df/IQRt4HhalyF5QI9kSBm4wz0BAYLrSvg0L-_fomtzF94e-Ac?width=1200&height=817
13-03-2023,20.43371201,21.34041214,18.96447182,20.31079292,1161164364,104,Solana,SOL-USD,Crypto,Cryptocurrency,https://1drv.ms/i/c/8705623eb284e7df/IQRt4HhalyF5QI9kSBm4wz0BAYLrSvg0L-_fomtzF94e-Ac?width=1200&height=817
14-03-2023,20.92803383,22.10667229,19.91452789,20.43470764,1130224251,104,Solana,SOL-USD,Crypto,Cryptocurrency,https://1drv.ms/i/c/8705623eb284e7df/IQRt4HhalyF5QI9kSBm4wz0BAYLrSvg0L-_fomtzF94e-Ac?width=1200&height=817
15-03-2023,19.29098129,21.48890877,18.83035851,20.9352951,816614774,104,Solana,SOL-USD,Crypto,Cryptocurrency,https://1drv.ms/i/c/8705623eb284e7df/IQRt4HhalyF5QI9kSBm4wz0BAYLrSvg0L-_fomtzF94e-Ac?width=1200&height=817
16-03-2023,19.73054314,19.88351059,19.0363102,19.2994957,438673097,104,Solana,SOL-USD,Crypto,Cryptocurrency,https://1drv.ms/i/c/8705623eb284e7df/IQRt4HhalyF5QI9kSBm4wz0BAYLrSvg0L-_fomtzF94e-Ac?width=1200&height=817
17-03-2023,21.62910271,21.67624092,19.4998188,19.7300663,623518286,104,Solana,SOL-USD,Crypto,Cryptocurrency,https://1drv.ms/i/c/8705623eb284e7df/IQRt4HhalyF5QI9kSBm4wz0BAYLrSvg0L-_fomtzF94e-Ac?width=1200&height=817
18-03-2023,21.19590187,22.86198807,21.1418705,21.63244057,789771840,104,Solana,SOL-USD,Crypto,Cryptocurrency,https://1drv.ms/i/c/8705623eb284e7df/IQRt4HhalyF5QI9kSBm4wz0BAYLrSvg0L-_fomtzF94e-Ac?width=1200&height=817
19-03-2023,21.90340233,22.45381165,21.19828987,21.19828987,475166077,104,Solana,SOL-USD,Crypto,Cryptocurrency,https://1drv.ms/i/c/8705623eb284e7df/IQRt4HhalyF5QI9kSBm4wz0BAYLrSvg0L-_fomtzF94e-Ac?width=1200&height=817
20-03-2023,22.17646408,23.83119392,21.58555984,21.90461159,1147250538,104,Solana,SOL-USD,Crypto,Cryptocurrency,https://1drv.ms/i/c/8705623eb284e7df/IQRt4HhalyF5QI9kSBm4wz0BAYLrSvg0L-_fomtzF94e-Ac?width=1200&height=817
21-03-2023,22.61826706,23.22371483,21.63910294,22.17758942,745081556,104,Solana,SOL-USD,Crypto,Cryptocurrency,https://1drv.ms/i/c/8705623eb284e7df/IQRt4HhalyF5QI9kSBm4wz0BAYLrSvg0L-_fomtzF94e-Ac?width=1200&height=817
22-03-2023,21.48048592,23.06732178,21.14965057,22.61427689,851680842,104,Solana,SOL-USD,Crypto,Cryptocurrency,https://1drv.ms/i/c/8705623eb284e7df/IQRt4HhalyF5QI9kSBm4wz0BAYLrSvg0L-_fomtzF94e-Ac?width=1200&height=817
23-03-2023,22.2167778,22.70059776,21.21627617,21.47551346,555730954,104,Solana,SOL-USD,Crypto,Cryptocurrency,https://1drv.ms/i/c/8705623eb284e7df/IQRt4HhalyF5QI9kSBm4wz0BAYLrSvg0L-_fomtzF94e-Ac?width=1200&height=817
24-03-2023,20.6788559,22.2584343,20.35582733,22.21415138,547225198,104,Solana,SOL-USD,Crypto,Cryptocurrency,https://1drv.ms/i/c/8705623eb284e7df/IQRt4HhalyF5QI9kSBm4wz0BAYLrSvg0L-_fomtzF94e-Ac?width=1200&height=817
25-03-2023,20.44664574,20.95248222,20.1848526,20.67774582,272949711,104,Solana,SOL-USD,Crypto,Cryptocurrency,https://1drv.ms/i/c/8705623eb284e7df/IQRt4HhalyF5QI9kSBm4wz0BAYLrSvg0L-_fomtzF94e-Ac?width=1200&height=817
26-03-2023,20.97551918,21.12998199,20.34568977,20.44417763,226663968,104,Solana,SOL-USD,Crypto,Cryptocurrency,https://1drv.ms/i/c/8705623eb284e7df/IQRt4HhalyF5QI9kSBm4wz0BAYLrSvg0L-_fomtzF94e-Ac?width=1200&height=817
27-03-2023,19.92167473,20.97982407,19.50805473,20.97608566,359607077,104,Solana,SOL-USD,Crypto,Cryptocurrency,https://1drv.ms/i/c/8705623eb284e7df/IQRt4HhalyF5QI9kSBm4wz0BAYLrSvg0L-_fomtzF94e-Ac?width=1200&height=817
28-03-2023,20.4706974,20.76420784,19.6655674,19.92219543,347656506,104,Solana,SOL-USD,Crypto,Cryptocurrency,https://1drv.ms/i/c/8705623eb284e7df/IQRt4HhalyF5QI9kSBm4wz0BAYLrSvg0L-_fomtzF94e-Ac?width=1200&height=817
29-03-2023,21.11146736,21.50514412,20.45812225,20.46544075,378726667,104,Solana,SOL-USD,Crypto,Cryptocurrency,https://1drv.ms/i/c/8705623eb284e7df/IQRt4HhalyF5QI9kSBm4wz0BAYLrSvg0L-_fomtzF94e-Ac?width=1200&height=817
30-03-2023,20.55104637,21.59051323,20.23296928,21.1138401,472449267,104,Solana,SOL-USD,Crypto,Cryptocurrency,https://1drv.ms/i/c/8705623eb284e7df/IQRt4HhalyF5QI9kSBm4wz0BAYLrSvg0L-_fomtzF94e-Ac?width=1200&height=817
31-03-2023,21.17049599,21.44199944,20.15524292,20.55251503,352864960,104,Solana,SOL-USD,Crypto,Cryptocurrency,https://1drv.ms/i/c/8705623eb284e7df/IQRt4HhalyF5QI9kSBm4wz0BAYLrSvg0L-_fomtzF94e-Ac?width=1200&height=817
01-04-2023,20.97564125,21.31388855,20.85890579,21.17135239,209186327,104,Solana,SOL-USD,Crypto,Cryptocurrency,https://1drv.ms/i/c/8705623eb284e7df/IQRt4HhalyF5QI9kSBm4wz0BAYLrSvg0L-_fomtzF94e-Ac?width=1200&height=817
02-04-2023,20.53697586,21.28608513,20.31570053,21.08799171,229561591,104,Solana,SOL-USD,Crypto,Cryptocurrency,https://1drv.ms/i/c/8705623eb284e7df/IQRt4HhalyF5QI9kSBm4wz0BAYLrSvg0L-_fomtzF94e-Ac?width=1200&height=817
03-04-2023,20.44305038,20.93409729,20.02490234,20.53603745,437266506,104,Solana,SOL-USD,Crypto,Cryptocurrency,https://1drv.ms/i/c/8705623eb284e7df/IQRt4HhalyF5QI9kSBm4wz0BAYLrSvg0L-_fomtzF94e-Ac?width=1200&height=817
04-04-2023,20.92461967,21.23637772,20.35272026,20.44264984,305630170,104,Solana,SOL-USD,Crypto,Cryptocurrency,https://1drv.ms/i/c/8705623eb284e7df/IQRt4HhalyF5QI9kSBm4wz0BAYLrSvg0L-_fomtzF94e-Ac?width=1200&height=817
05-04-2023,20.96600723,21.31917763,20.67097664,20.92453766,324885702,104,Solana,SOL-USD,Crypto,Cryptocurrency,https://1drv.ms/i/c/8705623eb284e7df/IQRt4HhalyF5QI9kSBm4wz0BAYLrSvg0L-_fomtzF94e-Ac?width=1200&height=817
06-04-2023,20.6101284,20.97062111,20.50641441,20.96971321,222557225,104,Solana,SOL-USD,Crypto,Cryptocurrency,https://1drv.ms/i/c/8705623eb284e7df/IQRt4HhalyF5QI9kSBm4wz0BAYLrSvg0L-_fomtzF94e-Ac?width=1200&height=817
07-04-2023,20.46994019,20.7717247,20.2676754,20.61134529,171660856,104,Solana,SOL-USD,Crypto,Cryptocurrency,https://1drv.ms/i/c/8705623eb284e7df/IQRt4HhalyF5QI9kSBm4wz0BAYLrSvg0L-_fomtzF94e-Ac?width=1200&height=817
08-04-2023,20.03644943,20.71323586,19.94769669,20.4666748,194413927,104,Solana,SOL-USD,Crypto,Cryptocurrency,https://1drv.ms/i/c/8705623eb284e7df/IQRt4HhalyF5QI9kSBm4wz0BAYLrSvg0L-_fomtzF94e-Ac?width=1200&height=817
09-04-2023,20.29946518,20.4207058,19.96437836,20.03837013,152580905,104,Solana,SOL-USD,Crypto,Cryptocurrency,https://1drv.ms/i/c/8705623eb284e7df/IQRt4HhalyF5QI9kSBm4wz0BAYLrSvg0L-_fomtzF94e-Ac?width=1200&height=817
10-04-2023,20.88235664,20.93652725,20.1157074,20.30023575,224169192,104,Solana,SOL-USD,Crypto,Cryptocurrency,https://1drv.ms/i/c/8705623eb284e7df/IQRt4HhalyF5QI9kSBm4wz0BAYLrSvg0L-_fomtzF94e-Ac?width=1200&height=817
11-04-2023,23.01882744,23.63595581,20.86019325,20.8839283,1083533914,104,Solana,SOL-USD,Crypto,Cryptocurrency,https://1drv.ms/i/c/8705623eb284e7df/IQRt4HhalyF5QI9kSBm4wz0BAYLrSvg0L-_fomtzF94e-Ac?width=1200&height=817
12-04-2023,23.98530579,24.34465218,22.42322922,23.01880074,1204250258,104,Solana,SOL-USD,Crypto,Cryptocurrency,https://1drv.ms/i/c/8705623eb284e7df/IQRt4HhalyF5QI9kSBm4wz0BAYLrSvg0L-_fomtzF94e-Ac?width=1200&height=817
13-04-2023,24.4323082,25.24245644,23.70479584,23.81088257,792335438,104,Solana,SOL-USD,Crypto,Cryptocurrency,https://1drv.ms/i/c/8705623eb284e7df/IQRt4HhalyF5QI9kSBm4wz0BAYLrSvg0L-_fomtzF94e-Ac?width=1200&height=817
14-04-2023,24.77272224,25.46139336,23.81744766,24.43577766,859037933,104,Solana,SOL-USD,Crypto,Cryptocurrency,https://1drv.ms/i/c/8705623eb284e7df/IQRt4HhalyF5QI9kSBm4wz0BAYLrSvg0L-_fomtzF94e-Ac?width=1200&height=817
15-04-2023,24.07937813,24.77461052,23.87202835,24.77461052,379745930,104,Solana,SOL-USD,Crypto,Cryptocurrency,https://1drv.ms/i/c/8705623eb284e7df/IQRt4HhalyF5QI9kSBm4wz0BAYLrSvg0L-_fomtzF94e-Ac?width=1200&height=817
16-04-2023,25.36192703,25.45414352,23.94781494,24.0797863,466841333,104,Solana,SOL-USD,Crypto,Cryptocurrency,https://1drv.ms/i/c/8705623eb284e7df/IQRt4HhalyF5QI9kSBm4wz0BAYLrSvg0L-_fomtzF94e-Ac?width=1200&height=817
17-04-2023,24.55884552,25.93833542,24.4068985,25.36248016,789077237,104,Solana,SOL-USD,Crypto,Cryptocurrency,https://1drv.ms/i/c/8705623eb284e7df/IQRt4HhalyF5QI9kSBm4wz0BAYLrSvg0L-_fomtzF94e-Ac?width=1200&height=817
18-04-2023,24.85268974,25.42329216,24.10208893,24.56468582,487693856,104,Solana,SOL-USD,Crypto,Cryptocurrency,https://1drv.ms/i/c/8705623eb284e7df/IQRt4HhalyF5QI9kSBm4wz0BAYLrSvg0L-_fomtzF94e-Ac?width=1200&height=817
19-04-2023,22.71283531,24.93950844,22.26666451,24.85041046,836873906,104,Solana,SOL-USD,Crypto,Cryptocurrency,https://1drv.ms/i/c/8705623eb284e7df/IQRt4HhalyF5QI9kSBm4wz0BAYLrSvg0L-_fomtzF94e-Ac?width=1200&height=817
20-04-2023,22.18144035,23.1205368,21.66496277,22.70462036,658826580,104,Solana,SOL-USD,Crypto,Cryptocurrency,https://1drv.ms/i/c/8705623eb284e7df/IQRt4HhalyF5QI9kSBm4wz0BAYLrSvg0L-_fomtzF94e-Ac?width=1200&height=817
21-04-2023,21.2781353,22.37648964,21.13329887,22.18380165,489546774,104,Solana,SOL-USD,Crypto,Cryptocurrency,https://1drv.ms/i/c/8705623eb284e7df/IQRt4HhalyF5QI9kSBm4wz0BAYLrSvg0L-_fomtzF94e-Ac?width=1200&height=817
22-04-2023,21.81628799,21.94816208,21.1084919,21.27747345,246809009,104,Solana,SOL-USD,Crypto,Cryptocurrency,https://1drv.ms/i/c/8705623eb284e7df/IQRt4HhalyF5QI9kSBm4wz0BAYLrSvg0L-_fomtzF94e-Ac?width=1200&height=817
23-04-2023,21.48013878,22.21738243,21.06771851,21.81642723,314447869,104,Solana,SOL-USD,Crypto,Cryptocurrency,https://1drv.ms/i/c/8705623eb284e7df/IQRt4HhalyF5QI9kSBm4wz0BAYLrSvg0L-_fomtzF94e-Ac?width=1200&height=817
24-04-2023,21.39106941,21.95017242,21.07879257,21.47945976,358681450,104,Solana,SOL-USD,Crypto,Cryptocurrency,https://1drv.ms/i/c/8705623eb284e7df/IQRt4HhalyF5QI9kSBm4wz0BAYLrSvg0L-_fomtzF94e-Ac?width=1200&height=817
25-04-2023,21.92725372,21.93714142,20.78375626,21.38992119,367752382,104,Solana,SOL-USD,Crypto,Cryptocurrency,https://1drv.ms/i/c/8705623eb284e7df/IQRt4HhalyF5QI9kSBm4wz0BAYLrSvg0L-_fomtzF94e-Ac?width=1200&height=817
26-04-2023,21.28301239,22.92137718,20.57401466,21.92747688,690088236,104,Solana,SOL-USD,Crypto,Cryptocurrency,https://1drv.ms/i/c/8705623eb284e7df/IQRt4HhalyF5QI9kSBm4wz0BAYLrSvg0L-_fomtzF94e-Ac?width=1200&height=817
27-04-2023,22.34011459,22.48358154,21.22615242,21.28469086,509745191,104,Solana,SOL-USD,Crypto,Cryptocurrency,https://1drv.ms/i/c/8705623eb284e7df/IQRt4HhalyF5QI9kSBm4wz0BAYLrSvg0L-_fomtzF94e-Ac?width=1200&height=817
28-04-2023,23.36628723,23.46005249,22.21075439,22.33973122,511781472,104,Solana,SOL-USD,Crypto,Cryptocurrency,https://1drv.ms/i/c/8705623eb284e7df/IQRt4HhalyF5QI9kSBm4wz0BAYLrSvg0L-_fomtzF94e-Ac?width=1200&height=817
29-04-2023,23.18299675,23.75076294,22.98707771,23.36691475,369964075,104,Solana,SOL-USD,Crypto,Cryptocurrency,https://1drv.ms/i/c/8705623eb284e7df/IQRt4HhalyF5QI9kSBm4wz0BAYLrSvg0L-_fomtzF94e-Ac?width=1200&height=817
30-04-2023,22.83201408,23.92972374,22.83201408,23.1836586,368042267,104,Solana,SOL-USD,Crypto,Cryptocurrency,https://1drv.ms/i/c/8705623eb284e7df/IQRt4HhalyF5QI9kSBm4wz0BAYLrSvg0L-_fomtzF94e-Ac?width=1200&height=817
01-05-2023,21.9866333,22.87849236,21.64071083,22.82850456,438350469,104,Solana,SOL-USD,Crypto,Cryptocurrency,https://1drv.ms/i/c/8705623eb284e7df/IQRt4HhalyF5QI9kSBm4wz0BAYLrSvg0L-_fomtzF94e-Ac?width=1200&height=817
02-05-2023,22.26497841,22.37387848,21.77289581,21.98655319,296722866,104,Solana,SOL-USD,Crypto,Cryptocurrency,https://1drv.ms/i/c/8705623eb284e7df/IQRt4HhalyF5QI9kSBm4wz0BAYLrSvg0L-_fomtzF94e-Ac?width=1200&height=817
03-05-2023,22.21800232,22.26718521,21.28269958,22.26513481,445797367,104,Solana,SOL-USD,Crypto,Cryptocurrency,https://1drv.ms/i/c/8705623eb284e7df/IQRt4HhalyF5QI9kSBm4wz0BAYLrSvg0L-_fomtzF94e-Ac?width=1200&height=817
04-05-2023,21.73034859,22.44113922,21.65181541,22.21875191,291826693,104,Solana,SOL-USD,Crypto,Cryptocurrency,https://1drv.ms/i/c/8705623eb284e7df/IQRt4HhalyF5QI9kSBm4wz0BAYLrSvg0L-_fomtzF94e-Ac?width=1200&height=817
05-05-2023,22.82611084,23.02972221,21.70645714,21.73081589,423211212,104,Solana,SOL-USD,Crypto,Cryptocurrency,https://1drv.ms/i/c/8705623eb284e7df/IQRt4HhalyF5QI9kSBm4wz0BAYLrSvg0L-_fomtzF94e-Ac?width=1200&height=817
06-05-2023,21.97426224,23.22230148,21.72997093,22.82809258,351934449,104,Solana,SOL-USD,Crypto,Cryptocurrency,https://1drv.ms/i/c/8705623eb284e7df/IQRt4HhalyF5QI9kSBm4wz0BAYLrSvg0L-_fomtzF94e-Ac?width=1200&height=817
07-05-2023,21.84422874,22.7386055,21.80872726,21.97192574,303626005,104,Solana,SOL-USD,Crypto,Cryptocurrency,https://1drv.ms/i/c/8705623eb284e7df/IQRt4HhalyF5QI9kSBm4wz0BAYLrSvg0L-_fomtzF94e-Ac?width=1200&height=817
08-05-2023,20.65746307,21.80777931,20.26062965,21.80777931,553548056,104,Solana,SOL-USD,Crypto,Cryptocurrency,https://1drv.ms/i/c/8705623eb284e7df/IQRt4HhalyF5QI9kSBm4wz0BAYLrSvg0L-_fomtzF94e-Ac?width=1200&height=817
09-05-2023,20.68364525,20.96478844,20.45963669,20.65800285,272780907,104,Solana,SOL-USD,Crypto,Cryptocurrency,https://1drv.ms/i/c/8705623eb284e7df/IQRt4HhalyF5QI9kSBm4wz0BAYLrSvg0L-_fomtzF94e-Ac?width=1200&height=817
10-05-2023,20.95371056,21.29500961,20.16568756,20.68277931,490700208,104,Solana,SOL-USD,Crypto,Cryptocurrency,https://1drv.ms/i/c/8705623eb284e7df/IQRt4HhalyF5QI9kSBm4wz0BAYLrSvg0L-_fomtzF94e-Ac?width=1200&height=817
11-05-2023,20.23488045,20.95549965,19.85569572,20.95549965,376535594,104,Solana,SOL-USD,Crypto,Cryptocurrency,https://1drv.ms/i/c/8705623eb284e7df/IQRt4HhalyF5QI9kSBm4wz0BAYLrSvg0L-_fomtzF94e-Ac?width=1200&height=817
12-05-2023,20.91179466,20.92959785,19.86431313,20.2324791,362726295,104,Solana,SOL-USD,Crypto,Cryptocurrency,https://1drv.ms/i/c/8705623eb284e7df/IQRt4HhalyF5QI9kSBm4wz0BAYLrSvg0L-_fomtzF94e-Ac?width=1200&height=817
13-05-2023,20.86876106,21.24797821,20.82196808,20.91591072,224618367,104,Solana,SOL-USD,Crypto,Cryptocurrency,https://1drv.ms/i/c/8705623eb284e7df/IQRt4HhalyF5QI9kSBm4wz0BAYLrSvg0L-_fomtzF94e-Ac?width=1200&height=817
14-05-2023,20.95339775,21.24398804,20.66663742,20.86826706,184522451,104,Solana,SOL-USD,Crypto,Cryptocurrency,https://1drv.ms/i/c/8705623eb284e7df/IQRt4HhalyF5QI9kSBm4wz0BAYLrSvg0L-_fomtzF94e-Ac?width=1200&height=817
15-05-2023,21.0071888,21.48563957,20.64780998,20.953228,307353987,104,Solana,SOL-USD,Crypto,Cryptocurrency,https://1drv.ms/i/c/8705623eb284e7df/IQRt4HhalyF5QI9kSBm4wz0BAYLrSvg0L-_fomtzF94e-Ac?width=1200&height=817
16-05-2023,20.67942047,21.12025261,20.47537994,21.00801277,279283146,104,Solana,SOL-USD,Crypto,Cryptocurrency,https://1drv.ms/i/c/8705623eb284e7df/IQRt4HhalyF5QI9kSBm4wz0BAYLrSvg0L-_fomtzF94e-Ac?width=1200&height=817
17-05-2023,21.06839943,21.17076874,20.50047874,20.6790123,279742763,104,Solana,SOL-USD,Crypto,Cryptocurrency,https://1drv.ms/i/c/8705623eb284e7df/IQRt4HhalyF5QI9kSBm4wz0BAYLrSvg0L-_fomtzF94e-Ac?width=1200&height=817
18-05-2023,20.34869576,21.06819344,20.16850662,21.06819344,293327002,104,Solana,SOL-USD,Crypto,Cryptocurrency,https://1drv.ms/i/c/8705623eb284e7df/IQRt4HhalyF5QI9kSBm4wz0BAYLrSvg0L-_fomtzF94e-Ac?width=1200&height=817
19-05-2023,20.34987068,20.55809975,20.31267357,20.34809875,149073606,104,Solana,SOL-USD,Crypto,Cryptocurrency,https://1drv.ms/i/c/8705623eb284e7df/IQRt4HhalyF5QI9kSBm4wz0BAYLrSvg0L-_fomtzF94e-Ac?width=1200&height=817
20-05-2023,20.28544617,20.36148834,20.14699936,20.35030937,121021517,104,Solana,SOL-USD,Crypto,Cryptocurrency,https://1drv.ms/i/c/8705623eb284e7df/IQRt4HhalyF5QI9kSBm4wz0BAYLrSvg0L-_fomtzF94e-Ac?width=1200&height=817
21-05-2023,19.60943794,20.38383865,19.50821686,20.28570175,210641913,104,Solana,SOL-USD,Crypto,Cryptocurrency,https://1drv.ms/i/c/8705623eb284e7df/IQRt4HhalyF5QI9kSBm4wz0BAYLrSvg0L-_fomtzF94e-Ac?width=1200&height=817
22-05-2023,19.54204559,19.98162842,19.38337326,19.61201859,216922971,104,Solana,SOL-USD,Crypto,Cryptocurrency,https://1drv.ms/i/c/8705623eb284e7df/IQRt4HhalyF5QI9kSBm4wz0BAYLrSvg0L-_fomtzF94e-Ac?width=1200&height=817
23-05-2023,20.04318237,20.15293503,19.45125961,19.54226303,258761187,104,Solana,SOL-USD,Crypto,Cryptocurrency,https://1drv.ms/i/c/8705623eb284e7df/IQRt4HhalyF5QI9kSBm4wz0BAYLrSvg0L-_fomtzF94e-Ac?width=1200&height=817
24-05-2023,19.22366333,20.06201363,18.91432571,20.04434967,297840141,104,Solana,SOL-USD,Crypto,Cryptocurrency,https://1drv.ms/i/c/8705623eb284e7df/IQRt4HhalyF5QI9kSBm4wz0BAYLrSvg0L-_fomtzF94e-Ac?width=1200&height=817
25-05-2023,19.26066208,19.52549553,18.89226341,19.22257233,194537149,104,Solana,SOL-USD,Crypto,Cryptocurrency,https://1drv.ms/i/c/8705623eb284e7df/IQRt4HhalyF5QI9kSBm4wz0BAYLrSvg0L-_fomtzF94e-Ac?width=1200&height=817
26-05-2023,19.36695671,19.5411644,19.12045288,19.26094055,140228468,104,Solana,SOL-USD,Crypto,Cryptocurrency,https://1drv.ms/i/c/8705623eb284e7df/IQRt4HhalyF5QI9kSBm4wz0BAYLrSvg0L-_fomtzF94e-Ac?width=1200&height=817
27-05-2023,20.42523384,20.49924469,19.35017014,19.36615753,179682882,104,Solana,SOL-USD,Crypto,Cryptocurrency,https://1drv.ms/i/c/8705623eb284e7df/IQRt4HhalyF5QI9kSBm4wz0BAYLrSvg0L-_fomtzF94e-Ac?width=1200&height=817
28-05-2023,20.79857826,21.15098953,20.33688927,20.4260807,291460886,104,Solana,SOL-USD,Crypto,Cryptocurrency,https://1drv.ms/i/c/8705623eb284e7df/IQRt4HhalyF5QI9kSBm4wz0BAYLrSvg0L-_fomtzF94e-Ac?width=1200&height=817
29-05-2023,20.5865097,20.97068596,20.29768181,20.80004692,228295637,104,Solana,SOL-USD,Crypto,Cryptocurrency,https://1drv.ms/i/c/8705623eb284e7df/IQRt4HhalyF5QI9kSBm4wz0BAYLrSvg0L-_fomtzF94e-Ac?width=1200&height=817
30-05-2023,21.25408363,21.38171768,20.51950073,20.58713722,367512387,104,Solana,SOL-USD,Crypto,Cryptocurrency,https://1drv.ms/i/c/8705623eb284e7df/IQRt4HhalyF5QI9kSBm4wz0BAYLrSvg0L-_fomtzF94e-Ac?width=1200&height=817
31-05-2023,20.82450294,21.31887817,20.46875191,21.25528526,246152341,104,Solana,SOL-USD,Crypto,Cryptocurrency,https://1drv.ms/i/c/8705623eb284e7df/IQRt4HhalyF5QI9kSBm4wz0BAYLrSvg0L-_fomtzF94e-Ac?width=1200&height=817
01-06-2023,20.50221825,20.97260857,20.46446991,20.82489204,209047110,104,Solana,SOL-USD,Crypto,Cryptocurrency,https://1drv.ms/i/c/8705623eb284e7df/IQRt4HhalyF5QI9kSBm4wz0BAYLrSvg0L-_fomtzF94e-Ac?width=1200&height=817
02-06-2023,21.25759506,21.35614014,20.38359261,20.50272942,237609887,104,Solana,SOL-USD,Crypto,Cryptocurrency,https://1drv.ms/i/c/8705623eb284e7df/IQRt4HhalyF5QI9kSBm4wz0BAYLrSvg0L-_fomtzF94e-Ac?width=1200&height=817
03-06-2023,21.15556526,21.33546829,21.0170784,21.25862312,144933830,104,Solana,SOL-USD,Crypto,Cryptocurrency,https://1drv.ms/i/c/8705623eb284e7df/IQRt4HhalyF5QI9kSBm4wz0BAYLrSvg0L-_fomtzF94e-Ac?width=1200&height=817
04-06-2023,21.81897545,22.28459167,21.06132317,21.15740967,317802167,104,Solana,SOL-USD,Crypto,Cryptocurrency,https://1drv.ms/i/c/8705623eb284e7df/IQRt4HhalyF5QI9kSBm4wz0BAYLrSvg0L-_fomtzF94e-Ac?width=1200&height=817
05-06-2023,20.07505989,22.04202461,19.42383194,21.82179642,594214946,104,Solana,SOL-USD,Crypto,Cryptocurrency,https://1drv.ms/i/c/8705623eb284e7df/IQRt4HhalyF5QI9kSBm4wz0BAYLrSvg0L-_fomtzF94e-Ac?width=1200&height=817
06-06-2023,20.39848328,20.68378067,19.32053185,20.06250572,441408235,104,Solana,SOL-USD,Crypto,Cryptocurrency,https://1drv.ms/i/c/8705623eb284e7df/IQRt4HhalyF5QI9kSBm4wz0BAYLrSvg0L-_fomtzF94e-Ac?width=1200&height=817
07-06-2023,18.63428307,20.48658371,18.54992104,20.39931488,390444801,104,Solana,SOL-USD,Crypto,Cryptocurrency,https://1drv.ms/i/c/8705623eb284e7df/IQRt4HhalyF5QI9kSBm4wz0BAYLrSvg0L-_fomtzF94e-Ac?width=1200&height=817
08-06-2023,18.90947533,19.07776451,18.29473686,18.63564682,258460307,104,Solana,SOL-USD,Crypto,Cryptocurrency,https://1drv.ms/i/c/8705623eb284e7df/IQRt4HhalyF5QI9kSBm4wz0BAYLrSvg0L-_fomtzF94e-Ac?width=1200&height=817
09-06-2023,17.37969971,19.29947662,17.16129303,18.9084034,463344687,104,Solana,SOL-USD,Crypto,Cryptocurrency,https://1drv.ms/i/c/8705623eb284e7df/IQRt4HhalyF5QI9kSBm4wz0BAYLrSvg0L-_fomtzF94e-Ac?width=1200&height=817
10-06-2023,15.65610123,17.39295769,13.37944889,17.38135338,1230339924,104,Solana,SOL-USD,Crypto,Cryptocurrency,https://1drv.ms/i/c/8705623eb284e7df/IQRt4HhalyF5QI9kSBm4wz0BAYLrSvg0L-_fomtzF94e-Ac?width=1200&height=817
11-06-2023,15.5587759,16.11569214,15.198493,15.65445042,446176848,104,Solana,SOL-USD,Crypto,Cryptocurrency,https://1drv.ms/i/c/8705623eb284e7df/IQRt4HhalyF5QI9kSBm4wz0BAYLrSvg0L-_fomtzF94e-Ac?width=1200&height=817
12-06-2023,15.19670773,15.60623741,14.81719017,15.5572319,384209938,104,Solana,SOL-USD,Crypto,Cryptocurrency,https://1drv.ms/i/c/8705623eb284e7df/IQRt4HhalyF5QI9kSBm4wz0BAYLrSvg0L-_fomtzF94e-Ac?width=1200&height=817
13-06-2023,15.01819324,15.87308598,14.81658459,15.19628716,363876713,104,Solana,SOL-USD,Crypto,Cryptocurrency,https://1drv.ms/i/c/8705623eb284e7df/IQRt4HhalyF5QI9kSBm4wz0BAYLrSvg0L-_fomtzF94e-Ac?width=1200&height=817
14-06-2023,14.48657227,15.30515003,14.19595337,15.01819038,296502336,104,Solana,SOL-USD,Crypto,Cryptocurrency,https://1drv.ms/i/c/8705623eb284e7df/IQRt4HhalyF5QI9kSBm4wz0BAYLrSvg0L-_fomtzF94e-Ac?width=1200&height=817
15-06-2023,14.75947285,15.01039314,14.21414757,14.48628616,329864409,104,Solana,SOL-USD,Crypto,Cryptocurrency,https://1drv.ms/i/c/8705623eb284e7df/IQRt4HhalyF5QI9kSBm4wz0BAYLrSvg0L-_fomtzF94e-Ac?width=1200&height=817
16-06-2023,15.30825424,15.39917183,14.4695673,14.76041603,232544705,104,Solana,SOL-USD,Crypto,Cryptocurrency,https://1drv.ms/i/c/8705623eb284e7df/IQRt4HhalyF5QI9kSBm4wz0BAYLrSvg0L-_fomtzF94e-Ac?width=1200&height=817
17-06-2023,15.65052128,16.06578255,15.18542671,15.30858135,206436912,104,Solana,SOL-USD,Crypto,Cryptocurrency,https://1drv.ms/i/c/8705623eb284e7df/IQRt4HhalyF5QI9kSBm4wz0BAYLrSvg0L-_fomtzF94e-Ac?width=1200&height=817
18-06-2023,15.43823528,15.81269073,15.3612442,15.6494751,141612316,104,Solana,SOL-USD,Crypto,Cryptocurrency,https://1drv.ms/i/c/8705623eb284e7df/IQRt4HhalyF5QI9kSBm4wz0BAYLrSvg0L-_fomtzF94e-Ac?width=1200&height=817
19-06-2023,16.07304192,16.07537079,15.41437721,15.43876553,163949883,104,Solana,SOL-USD,Crypto,Cryptocurrency,https://1drv.ms/i/c/8705623eb284e7df/IQRt4HhalyF5QI9kSBm4wz0BAYLrSvg0L-_fomtzF94e-Ac?width=1200&height=817
20-06-2023,16.63523102,16.66510582,15.7593708,16.07803726,265787114,104,Solana,SOL-USD,Crypto,Cryptocurrency,https://1drv.ms/i/c/8705623eb284e7df/IQRt4HhalyF5QI9kSBm4wz0BAYLrSvg0L-_fomtzF94e-Ac?width=1200&height=817
21-06-2023,17.25704575,17.37957382,16.58346939,16.6354866,357788986,104,Solana,SOL-USD,Crypto,Cryptocurrency,https://1drv.ms/i/c/8705623eb284e7df/IQRt4HhalyF5QI9kSBm4wz0BAYLrSvg0L-_fomtzF94e-Ac?width=1200&height=817
22-06-2023,16.64262009,17.6985054,16.61034584,17.25714874,299233520,104,Solana,SOL-USD,Crypto,Cryptocurrency,https://1drv.ms/i/c/8705623eb284e7df/IQRt4HhalyF5QI9kSBm4wz0BAYLrSvg0L-_fomtzF94e-Ac?width=1200&height=817
23-06-2023,17.14953423,17.5106926,16.23674774,16.64296913,386994632,104,Solana,SOL-USD,Crypto,Cryptocurrency,https://1drv.ms/i/c/8705623eb284e7df/IQRt4HhalyF5QI9kSBm4wz0BAYLrSvg0L-_fomtzF94e-Ac?width=1200&height=817
24-06-2023,16.65286255,17.5175972,16.46331787,17.14927483,260480952,104,Solana,SOL-USD,Crypto,Cryptocurrency,https://1drv.ms/i/c/8705623eb284e7df/IQRt4HhalyF5QI9kSBm4wz0BAYLrSvg0L-_fomtzF94e-Ac?width=1200&height=817
25-06-2023,16.97138023,17.34068489,16.60713768,16.65147209,252839095,104,Solana,SOL-USD,Crypto,Cryptocurrency,https://1drv.ms/i/c/8705623eb284e7df/IQRt4HhalyF5QI9kSBm4wz0BAYLrSvg0L-_fomtzF94e-Ac?width=1200&height=817
26-06-2023,16.27002716,17.10167694,16.02097511,16.96964645,275948459,104,Solana,SOL-USD,Crypto,Cryptocurrency,https://1drv.ms/i/c/8705623eb284e7df/IQRt4HhalyF5QI9kSBm4wz0BAYLrSvg0L-_fomtzF94e-Ac?width=1200&height=817
27-06-2023,16.61964989,16.90989685,16.17858887,16.26987076,259041273,104,Solana,SOL-USD,Crypto,Cryptocurrency,https://1drv.ms/i/c/8705623eb284e7df/IQRt4HhalyF5QI9kSBm4wz0BAYLrSvg0L-_fomtzF94e-Ac?width=1200&height=817
28-06-2023,15.98684311,16.62732887,15.74758244,16.62190437,327399744,104,Solana,SOL-USD,Crypto,Cryptocurrency,https://1drv.ms/i/c/8705623eb284e7df/IQRt4HhalyF5QI9kSBm4wz0BAYLrSvg0L-_fomtzF94e-Ac?width=1200&height=817
29-06-2023,17.97045708,18.19975471,15.90637684,15.98551083,737633196,104,Solana,SOL-USD,Crypto,Cryptocurrency,https://1drv.ms/i/c/8705623eb284e7df/IQRt4HhalyF5QI9kSBm4wz0BAYLrSvg0L-_fomtzF94e-Ac?width=1200&height=817
30-06-2023,18.8973217,19.85512543,17.31487083,17.97107124,1120379648,104,Solana,SOL-USD,Crypto,Cryptocurrency,https://1drv.ms/i/c/8705623eb284e7df/IQRt4HhalyF5QI9kSBm4wz0BAYLrSvg0L-_fomtzF94e-Ac?width=1200&height=817
01-07-2023,18.68390274,18.97142792,17.94579887,18.89606476,349552752,104,Solana,SOL-USD,Crypto,Cryptocurrency,https://1drv.ms/i/c/8705623eb284e7df/IQRt4HhalyF5QI9kSBm4wz0BAYLrSvg0L-_fomtzF94e-Ac?width=1200&height=817
02-07-2023,19.45359421,19.70455933,18.58200455,18.68966866,497231250,104,Solana,SOL-USD,Crypto,Cryptocurrency,https://1drv.ms/i/c/8705623eb284e7df/IQRt4HhalyF5QI9kSBm4wz0BAYLrSvg0L-_fomtzF94e-Ac?width=1200&height=817
03-07-2023,19.24053764,19.61315918,18.94314575,19.45241356,324227812,104,Solana,SOL-USD,Crypto,Cryptocurrency,https://1drv.ms/i/c/8705623eb284e7df/IQRt4HhalyF5QI9kSBm4wz0BAYLrSvg0L-_fomtzF94e-Ac?width=1200&height=817
04-07-2023,19.14322853,19.87669563,19.09673882,19.2420311,345225951,104,Solana,SOL-USD,Crypto,Cryptocurrency,https://1drv.ms/i/c/8705623eb284e7df/IQRt4HhalyF5QI9kSBm4wz0BAYLrSvg0L-_fomtzF94e-Ac?width=1200&height=817
05-07-2023,18.99286461,19.35526657,18.49862862,19.14561272,260416081,104,Solana,SOL-USD,Crypto,Cryptocurrency,https://1drv.ms/i/c/8705623eb284e7df/IQRt4HhalyF5QI9kSBm4wz0BAYLrSvg0L-_fomtzF94e-Ac?width=1200&height=817
06-07-2023,19.72938538,20.92277527,18.88626099,18.99199295,903770571,104,Solana,SOL-USD,Crypto,Cryptocurrency,https://1drv.ms/i/c/8705623eb284e7df/IQRt4HhalyF5QI9kSBm4wz0BAYLrSvg0L-_fomtzF94e-Ac?width=1200&height=817
07-07-2023,21.48466492,21.60171127,19.31893158,19.72611046,988591308,104,Solana,SOL-USD,Crypto,Cryptocurrency,https://1drv.ms/i/c/8705623eb284e7df/IQRt4HhalyF5QI9kSBm4wz0BAYLrSvg0L-_fomtzF94e-Ac?width=1200&height=817
08-07-2023,21.85926819,22.40300179,21.3568821,21.48525238,693929963,104,Solana,SOL-USD,Crypto,Cryptocurrency,https://1drv.ms/i/c/8705623eb284e7df/IQRt4HhalyF5QI9kSBm4wz0BAYLrSvg0L-_fomtzF94e-Ac?width=1200&height=817
09-07-2023,21.34900475,22.3220253,21.08757782,21.85495567,405174806,104,Solana,SOL-USD,Crypto,Cryptocurrency,https://1drv.ms/i/c/8705623eb284e7df/IQRt4HhalyF5QI9kSBm4wz0BAYLrSvg0L-_fomtzF94e-Ac?width=1200&height=817
10-07-2023,21.31377602,21.77714539,20.57258606,21.34778786,543191863,104,Solana,SOL-USD,Crypto,Cryptocurrency,https://1drv.ms/i/c/8705623eb284e7df/IQRt4HhalyF5QI9kSBm4wz0BAYLrSvg0L-_fomtzF94e-Ac?width=1200&height=817
11-07-2023,22.09293365,22.28520012,21.24249268,21.31472206,453810523,104,Solana,SOL-USD,Crypto,Cryptocurrency,https://1drv.ms/i/c/8705623eb284e7df/IQRt4HhalyF5QI9kSBm4wz0BAYLrSvg0L-_fomtzF94e-Ac?width=1200&height=817
12-07-2023,21.97760201,22.71272469,21.8282547,22.09242439,541605988,104,Solana,SOL-USD,Crypto,Cryptocurrency,https://1drv.ms/i/c/8705623eb284e7df/IQRt4HhalyF5QI9kSBm4wz0BAYLrSvg0L-_fomtzF94e-Ac?width=1200&height=817
13-07-2023,26.0256958,26.62434578,21.49482536,21.97846031,1527996472,104,Solana,SOL-USD,Crypto,Cryptocurrency,https://1drv.ms/i/c/8705623eb284e7df/IQRt4HhalyF5QI9kSBm4wz0BAYLrSvg0L-_fomtzF94e-Ac?width=1200&height=817
14-07-2023,26.73571777,30.05769539,25.43497849,26.02075958,2184090884,104,Solana,SOL-USD,Crypto,Cryptocurrency,https://1drv.ms/i/c/8705623eb284e7df/IQRt4HhalyF5QI9kSBm4wz0BAYLrSvg0L-_fomtzF94e-Ac?width=1200&height=817
15-07-2023,27.39135551,29.05739594,26.68886757,26.72903442,1323279744,104,Solana,SOL-USD,Crypto,Cryptocurrency,https://1drv.ms/i/c/8705623eb284e7df/IQRt4HhalyF5QI9kSBm4wz0BAYLrSvg0L-_fomtzF94e-Ac?width=1200&height=817
16-07-2023,27.38408279,28.55108833,26.89769936,27.39552689,753056132,104,Solana,SOL-USD,Crypto,Cryptocurrency,https://1drv.ms/i/c/8705623eb284e7df/IQRt4HhalyF5QI9kSBm4wz0BAYLrSvg0L-_fomtzF94e-Ac?width=1200&height=817
17-07-2023,26.87276649,28.3809185,25.89572906,27.38576889,970813262,104,Solana,SOL-USD,Crypto,Cryptocurrency,https://1drv.ms/i/c/8705623eb284e7df/IQRt4HhalyF5QI9kSBm4wz0BAYLrSvg0L-_fomtzF94e-Ac?width=1200&height=817
18-07-2023,25.54450417,27.04559708,24.8248539,26.86900711,696782373,104,Solana,SOL-USD,Crypto,Cryptocurrency,https://1drv.ms/i/c/8705623eb284e7df/IQRt4HhalyF5QI9kSBm4wz0BAYLrSvg0L-_fomtzF94e-Ac?width=1200&height=817
19-07-2023,26.3723526,26.92208862,25.41806221,25.55088234,603189951,104,Solana,SOL-USD,Crypto,Cryptocurrency,https://1drv.ms/i/c/8705623eb284e7df/IQRt4HhalyF5QI9kSBm4wz0BAYLrSvg0L-_fomtzF94e-Ac?width=1200&height=817
20-07-2023,25.37516785,26.8964386,25.16942596,26.36872673,606255421,104,Solana,SOL-USD,Crypto,Cryptocurrency,https://1drv.ms/i/c/8705623eb284e7df/IQRt4HhalyF5QI9kSBm4wz0BAYLrSvg0L-_fomtzF94e-Ac?width=1200&height=817
21-07-2023,25.54426765,25.94792175,25.1423378,25.37552452,410907584,104,Solana,SOL-USD,Crypto,Cryptocurrency,https://1drv.ms/i/c/8705623eb284e7df/IQRt4HhalyF5QI9kSBm4wz0BAYLrSvg0L-_fomtzF94e-Ac?width=1200&height=817
22-07-2023,24.53505325,25.95035744,24.30647469,25.54317856,335432006,104,Solana,SOL-USD,Crypto,Cryptocurrency,https://1drv.ms/i/c/8705623eb284e7df/IQRt4HhalyF5QI9kSBm4wz0BAYLrSvg0L-_fomtzF94e-Ac?width=1200&height=817
23-07-2023,24.76681519,25.2136116,24.25096703,24.53266335,330741258,104,Solana,SOL-USD,Crypto,Cryptocurrency,https://1drv.ms/i/c/8705623eb284e7df/IQRt4HhalyF5QI9kSBm4wz0BAYLrSvg0L-_fomtzF94e-Ac?width=1200&height=817
24-07-2023,23.38149071,24.81063843,23.06942558,24.7655201,492344649,104,Solana,SOL-USD,Crypto,Cryptocurrency,https://1drv.ms/i/c/8705623eb284e7df/IQRt4HhalyF5QI9kSBm4wz0BAYLrSvg0L-_fomtzF94e-Ac?width=1200&height=817
25-07-2023,23.27932167,23.52588272,22.86436272,23.38324928,346742173,104,Solana,SOL-USD,Crypto,Cryptocurrency,https://1drv.ms/i/c/8705623eb284e7df/IQRt4HhalyF5QI9kSBm4wz0BAYLrSvg0L-_fomtzF94e-Ac?width=1200&height=817
26-07-2023,25.17705345,25.51834679,23.20773125,23.27935791,688135176,104,Solana,SOL-USD,Crypto,Cryptocurrency,https://1drv.ms/i/c/8705623eb284e7df/IQRt4HhalyF5QI9kSBm4wz0BAYLrSvg0L-_fomtzF94e-Ac?width=1200&height=817
27-07-2023,25.09933662,25.58637619,24.72016144,25.17807961,514211484,104,Solana,SOL-USD,Crypto,Cryptocurrency,https://1drv.ms/i/c/8705623eb284e7df/IQRt4HhalyF5QI9kSBm4wz0BAYLrSvg0L-_fomtzF94e-Ac?width=1200&height=817
28-07-2023,24.84685707,25.47324753,24.57767296,25.09872818,374045446,104,Solana,SOL-USD,Crypto,Cryptocurrency,https://1drv.ms/i/c/8705623eb284e7df/IQRt4HhalyF5QI9kSBm4wz0BAYLrSvg0L-_fomtzF94e-Ac?width=1200&height=817
29-07-2023,25.16897392,25.36704445,24.78037453,24.84393311,265061245,104,Solana,SOL-USD,Crypto,Cryptocurrency,https://1drv.ms/i/c/8705623eb284e7df/IQRt4HhalyF5QI9kSBm4wz0BAYLrSvg0L-_fomtzF94e-Ac?width=1200&height=817
30-07-2023,24.26101875,25.19329262,23.84540749,25.16937256,365262222,104,Solana,SOL-USD,Crypto,Cryptocurrency,https://1drv.ms/i/c/8705623eb284e7df/IQRt4HhalyF5QI9kSBm4wz0BAYLrSvg0L-_fomtzF94e-Ac?width=1200&height=817
31-07-2023,23.7209568,24.75018311,23.6588192,24.26183891,376948332,104,Solana,SOL-USD,Crypto,Cryptocurrency,https://1drv.ms/i/c/8705623eb284e7df/IQRt4HhalyF5QI9kSBm4wz0BAYLrSvg0L-_fomtzF94e-Ac?width=1200&height=817
01-08-2023,23.99875259,23.99875259,23.08723831,23.72489166,428254164,104,Solana,SOL-USD,Crypto,Cryptocurrency,https://1drv.ms/i/c/8705623eb284e7df/IQRt4HhalyF5QI9kSBm4wz0BAYLrSvg0L-_fomtzF94e-Ac?width=1200&height=817
02-08-2023,23.14572144,24.21962738,22.98431587,23.99351501,393185796,104,Solana,SOL-USD,Crypto,Cryptocurrency,https://1drv.ms/i/c/8705623eb284e7df/IQRt4HhalyF5QI9kSBm4wz0BAYLrSvg0L-_fomtzF94e-Ac?width=1200&height=817
03-08-2023,22.63604927,23.3530159,22.5401001,23.14489365,365983702,104,Solana,SOL-USD,Crypto,Cryptocurrency,https://1drv.ms/i/c/8705623eb284e7df/IQRt4HhalyF5QI9kSBm4wz0BAYLrSvg0L-_fomtzF94e-Ac?width=1200&height=817
04-08-2023,22.79361916,23.52178192,22.52266693,22.63271523,382245804,104,Solana,SOL-USD,Crypto,Cryptocurrency,https://1drv.ms/i/c/8705623eb284e7df/IQRt4HhalyF5QI9kSBm4wz0BAYLrSvg0L-_fomtzF94e-Ac?width=1200&height=817
05-08-2023,22.63220406,22.89552879,22.32799721,22.79360199,250613466,104,Solana,SOL-USD,Crypto,Cryptocurrency,https://1drv.ms/i/c/8705623eb284e7df/IQRt4HhalyF5QI9kSBm4wz0BAYLrSvg0L-_fomtzF94e-Ac?width=1200&height=817
06-08-2023,23.18569565,23.41609955,22.59660339,22.63254738,320595154,104,Solana,SOL-USD,Crypto,Cryptocurrency,https://1drv.ms/i/c/8705623eb284e7df/IQRt4HhalyF5QI9kSBm4wz0BAYLrSvg0L-_fomtzF94e-Ac?width=1200&height=817
07-08-2023,23.0687561,23.50393867,22.48735237,23.18540573,353804981,104,Solana,SOL-USD,Crypto,Cryptocurrency,https://1drv.ms/i/c/8705623eb284e7df/IQRt4HhalyF5QI9kSBm4wz0BAYLrSvg0L-_fomtzF94e-Ac?width=1200&height=817
08-08-2023,24.21176338,24.72762489,23.02173805,23.06925201,495649796,104,Solana,SOL-USD,Crypto,Cryptocurrency,https://1drv.ms/i/c/8705623eb284e7df/IQRt4HhalyF5QI9kSBm4wz0BAYLrSvg0L-_fomtzF94e-Ac?width=1200&height=817
09-08-2023,24.37852669,24.95158577,24.19420815,24.21103096,447009018,104,Solana,SOL-USD,Crypto,Cryptocurrency,https://1drv.ms/i/c/8705623eb284e7df/IQRt4HhalyF5QI9kSBm4wz0BAYLrSvg0L-_fomtzF94e-Ac?width=1200&height=817
10-08-2023,24.61305237,24.80949974,24.15066719,24.37830162,339616018,104,Solana,SOL-USD,Crypto,Cryptocurrency,https://1drv.ms/i/c/8705623eb284e7df/IQRt4HhalyF5QI9kSBm4wz0BAYLrSvg0L-_fomtzF94e-Ac?width=1200&height=817
11-08-2023,24.58286095,24.86531448,24.35961533,24.61062622,314045619,104,Solana,SOL-USD,Crypto,Cryptocurrency,https://1drv.ms/i/c/8705623eb284e7df/IQRt4HhalyF5QI9kSBm4wz0BAYLrSvg0L-_fomtzF94e-Ac?width=1200&height=817
12-08-2023,24.90673065,25.11195183,24.40580559,24.58554268,253389584,104,Solana,SOL-USD,Crypto,Cryptocurrency,https://1drv.ms/i/c/8705623eb284e7df/IQRt4HhalyF5QI9kSBm4wz0BAYLrSvg0L-_fomtzF94e-Ac?width=1200&height=817
13-08-2023,24.24288559,24.91316032,24.23648262,24.90521622,263449955,104,Solana,SOL-USD,Crypto,Cryptocurrency,https://1drv.ms/i/c/8705623eb284e7df/IQRt4HhalyF5QI9kSBm4wz0BAYLrSvg0L-_fomtzF94e-Ac?width=1200&height=817
14-08-2023,25.14282227,25.22711754,24.09539795,24.24240303,359715099,104,Solana,SOL-USD,Crypto,Cryptocurrency,https://1drv.ms/i/c/8705623eb284e7df/IQRt4HhalyF5QI9kSBm4wz0BAYLrSvg0L-_fomtzF94e-Ac?width=1200&height=817
15-08-2023,23.89658546,25.24112129,23.76166153,25.14717102,424193111,104,Solana,SOL-USD,Crypto,Cryptocurrency,https://1drv.ms/i/c/8705623eb284e7df/IQRt4HhalyF5QI9kSBm4wz0BAYLrSvg0L-_fomtzF94e-Ac?width=1200&height=817
16-08-2023,22.81197548,23.99312019,22.48752785,23.90001488,441171937,104,Solana,SOL-USD,Crypto,Cryptocurrency,https://1drv.ms/i/c/8705623eb284e7df/IQRt4HhalyF5QI9kSBm4wz0BAYLrSvg0L-_fomtzF94e-Ac?width=1200&height=817
17-08-2023,21.70997429,23.38061905,20.30415344,22.81141853,620931325,104,Solana,SOL-USD,Crypto,Cryptocurrency,https://1drv.ms/i/c/8705623eb284e7df/IQRt4HhalyF5QI9kSBm4wz0BAYLrSvg0L-_fomtzF94e-Ac?width=1200&height=817
18-08-2023,21.33549309,22.17001343,21.08913422,21.71242714,411279768,104,Solana,SOL-USD,Crypto,Cryptocurrency,https://1drv.ms/i/c/8705623eb284e7df/IQRt4HhalyF5QI9kSBm4wz0BAYLrSvg0L-_fomtzF94e-Ac?width=1200&height=817
19-08-2023,21.87903786,22.14778519,21.31599426,21.33571053,244048976,104,Solana,SOL-USD,Crypto,Cryptocurrency,https://1drv.ms/i/c/8705623eb284e7df/IQRt4HhalyF5QI9kSBm4wz0BAYLrSvg0L-_fomtzF94e-Ac?width=1200&height=817
20-08-2023,21.77327538,22.00470352,21.63009453,21.87975121,198853112,104,Solana,SOL-USD,Crypto,Cryptocurrency,https://1drv.ms/i/c/8705623eb284e7df/IQRt4HhalyF5QI9kSBm4wz0BAYLrSvg0L-_fomtzF94e-Ac?width=1200&height=817
21-08-2023,21.20825958,21.77742577,20.68357658,21.77326393,339125910,104,Solana,SOL-USD,Crypto,Cryptocurrency,https://1drv.ms/i/c/8705623eb284e7df/IQRt4HhalyF5QI9kSBm4wz0BAYLrSvg0L-_fomtzF94e-Ac?width=1200&height=817
22-08-2023,20.54654121,21.25051308,19.73546791,21.20706558,381594696,104,Solana,SOL-USD,Crypto,Cryptocurrency,https://1drv.ms/i/c/8705623eb284e7df/IQRt4HhalyF5QI9kSBm4wz0BAYLrSvg0L-_fomtzF94e-Ac?width=1200&height=817
23-08-2023,21.70362473,21.7460289,20.45146751,20.54734993,404686524,104,Solana,SOL-USD,Crypto,Cryptocurrency,https://1drv.ms/i/c/8705623eb284e7df/IQRt4HhalyF5QI9kSBm4wz0BAYLrSvg0L-_fomtzF94e-Ac?width=1200&height=817
24-08-2023,21.03303146,21.98844337,20.75108719,21.70798683,328472951,104,Solana,SOL-USD,Crypto,Cryptocurrency,https://1drv.ms/i/c/8705623eb284e7df/IQRt4HhalyF5QI9kSBm4wz0BAYLrSvg0L-_fomtzF94e-Ac?width=1200&height=817
25-08-2023,20.39271927,21.0496273,20.15310097,21.03511047,278312420,104,Solana,SOL-USD,Crypto,Cryptocurrency,https://1drv.ms/i/c/8705623eb284e7df/IQRt4HhalyF5QI9kSBm4wz0BAYLrSvg0L-_fomtzF94e-Ac?width=1200&height=817
26-08-2023,20.28042412,20.40377617,20.21757507,20.39297485,144065112,104,Solana,SOL-USD,Crypto,Cryptocurrency,https://1drv.ms/i/c/8705623eb284e7df/IQRt4HhalyF5QI9kSBm4wz0BAYLrSvg0L-_fomtzF94e-Ac?width=1200&height=817
27-08-2023,20.78683853,20.87012672,20.26211166,20.28070068,177496132,104,Solana,SOL-USD,Crypto,Cryptocurrency,https://1drv.ms/i/c/8705623eb284e7df/IQRt4HhalyF5QI9kSBm4wz0BAYLrSvg0L-_fomtzF94e-Ac?width=1200&height=817
28-08-2023,20.5571003,20.78696442,20.16868973,20.78696442,200600033,104,Solana,SOL-USD,Crypto,Cryptocurrency,https://1drv.ms/i/c/8705623eb284e7df/IQRt4HhalyF5QI9kSBm4wz0BAYLrSvg0L-_fomtzF94e-Ac?width=1200&height=817
29-08-2023,21.78076363,21.98325729,20.12834358,20.55686569,469679540,104,Solana,SOL-USD,Crypto,Cryptocurrency,https://1drv.ms/i/c/8705623eb284e7df/IQRt4HhalyF5QI9kSBm4wz0BAYLrSvg0L-_fomtzF94e-Ac?width=1200&height=817
30-08-2023,20.83490372,21.93271446,20.64166451,21.78202629,292322455,104,Solana,SOL-USD,Crypto,Cryptocurrency,https://1drv.ms/i/c/8705623eb284e7df/IQRt4HhalyF5QI9kSBm4wz0BAYLrSvg0L-_fomtzF94e-Ac?width=1200&height=817
31-08-2023,19.73509216,21.00721359,19.54976273,20.83383751,343649256,104,Solana,SOL-USD,Crypto,Cryptocurrency,https://1drv.ms/i/c/8705623eb284e7df/IQRt4HhalyF5QI9kSBm4wz0BAYLrSvg0L-_fomtzF94e-Ac?width=1200&height=817
01-09-2023,19.32784462,19.9079361,19.09251022,19.73475647,286842939,104,Solana,SOL-USD,Crypto,Cryptocurrency,https://1drv.ms/i/c/8705623eb284e7df/IQRt4HhalyF5QI9kSBm4wz0BAYLrSvg0L-_fomtzF94e-Ac?width=1200&height=817
02-09-2023,19.4937439,19.66608429,19.18891525,19.32852364,200858690,104,Solana,SOL-USD,Crypto,Cryptocurrency,https://1drv.ms/i/c/8705623eb284e7df/IQRt4HhalyF5QI9kSBm4wz0BAYLrSvg0L-_fomtzF94e-Ac?width=1200&height=817
03-09-2023,19.5787468,19.65727615,19.28093147,19.49425316,164570332,104,Solana,SOL-USD,Crypto,Cryptocurrency,https://1drv.ms/i/c/8705623eb284e7df/IQRt4HhalyF5QI9kSBm4wz0BAYLrSvg0L-_fomtzF94e-Ac?width=1200&height=817
04-09-2023,19.49940872,19.94986534,19.24225616,19.57785034,220024399,104,Solana,SOL-USD,Crypto,Cryptocurrency,https://1drv.ms/i/c/8705623eb284e7df/IQRt4HhalyF5QI9kSBm4wz0BAYLrSvg0L-_fomtzF94e-Ac?width=1200&height=817
05-09-2023,20.27238464,20.54744339,19.09431076,19.50067711,387328289,104,Solana,SOL-USD,Crypto,Cryptocurrency,https://1drv.ms/i/c/8705623eb284e7df/IQRt4HhalyF5QI9kSBm4wz0BAYLrSvg0L-_fomtzF94e-Ac?width=1200&height=817
06-09-2023,19.62002945,20.34898949,19.21592712,20.27223778,313630984,104,Solana,SOL-USD,Crypto,Cryptocurrency,https://1drv.ms/i/c/8705623eb284e7df/IQRt4HhalyF5QI9kSBm4wz0BAYLrSvg0L-_fomtzF94e-Ac?width=1200&height=817
07-09-2023,19.89049911,19.97297859,19.36778831,19.6210804,242438252,104,Solana,SOL-USD,Crypto,Cryptocurrency,https://1drv.ms/i/c/8705623eb284e7df/IQRt4HhalyF5QI9kSBm4wz0BAYLrSvg0L-_fomtzF94e-Ac?width=1200&height=817
08-09-2023,19.5990448,20.21482849,19.42186546,19.89376831,219114497,104,Solana,SOL-USD,Crypto,Cryptocurrency,https://1drv.ms/i/c/8705623eb284e7df/IQRt4HhalyF5QI9kSBm4wz0BAYLrSvg0L-_fomtzF94e-Ac?width=1200&height=817
09-09-2023,19.44607162,19.60288811,19.4046154,19.6000061,101925453,104,Solana,SOL-USD,Crypto,Cryptocurrency,https://1drv.ms/i/c/8705623eb284e7df/IQRt4HhalyF5QI9kSBm4wz0BAYLrSvg0L-_fomtzF94e-Ac?width=1200&height=817
10-09-2023,18.2488308,19.44618797,17.87034035,19.44618797,520683204,104,Solana,SOL-USD,Crypto,Cryptocurrency,https://1drv.ms/i/c/8705623eb284e7df/IQRt4HhalyF5QI9kSBm4wz0BAYLrSvg0L-_fomtzF94e-Ac?width=1200&height=817
11-09-2023,17.73916626,18.41311646,17.46147728,18.24670792,380225621,104,Solana,SOL-USD,Crypto,Cryptocurrency,https://1drv.ms/i/c/8705623eb284e7df/IQRt4HhalyF5QI9kSBm4wz0BAYLrSvg0L-_fomtzF94e-Ac?width=1200&height=817
12-09-2023,17.92982674,18.65507126,17.60665703,17.7388649,361388393,104,Solana,SOL-USD,Crypto,Cryptocurrency,https://1drv.ms/i/c/8705623eb284e7df/IQRt4HhalyF5QI9kSBm4wz0BAYLrSvg0L-_fomtzF94e-Ac?width=1200&height=817
13-09-2023,18.40299988,18.50878716,17.7395134,17.93087196,356729875,104,Solana,SOL-USD,Crypto,Cryptocurrency,https://1drv.ms/i/c/8705623eb284e7df/IQRt4HhalyF5QI9kSBm4wz0BAYLrSvg0L-_fomtzF94e-Ac?width=1200&height=817
14-09-2023,18.83830643,19.26730728,18.40332222,18.40332222,349380172,104,Solana,SOL-USD,Crypto,Cryptocurrency,https://1drv.ms/i/c/8705623eb284e7df/IQRt4HhalyF5QI9kSBm4wz0BAYLrSvg0L-_fomtzF94e-Ac?width=1200&height=817
15-09-2023,19.16884422,19.40658188,18.59033012,18.83917999,205202282,104,Solana,SOL-USD,Crypto,Cryptocurrency,https://1drv.ms/i/c/8705623eb284e7df/IQRt4HhalyF5QI9kSBm4wz0BAYLrSvg0L-_fomtzF94e-Ac?width=1200&height=817
16-09-2023,19.14036942,19.4168148,18.91741562,19.16949844,146477836,104,Solana,SOL-USD,Crypto,Cryptocurrency,https://1drv.ms/i/c/8705623eb284e7df/IQRt4HhalyF5QI9kSBm4wz0BAYLrSvg0L-_fomtzF94e-Ac?width=1200&height=817
17-09-2023,18.8316288,19.13982773,18.71294022,19.13982773,112594680,104,Solana,SOL-USD,Crypto,Cryptocurrency,https://1drv.ms/i/c/8705623eb284e7df/IQRt4HhalyF5QI9kSBm4wz0BAYLrSvg0L-_fomtzF94e-Ac?width=1200&height=817
18-09-2023,19.65724564,20.10010147,18.65157127,18.83238029,316245106,104,Solana,SOL-USD,Crypto,Cryptocurrency,https://1drv.ms/i/c/8705623eb284e7df/IQRt4HhalyF5QI9kSBm4wz0BAYLrSvg0L-_fomtzF94e-Ac?width=1200&height=817
19-09-2023,20.03618813,20.3585434,19.6144371,19.65707588,253895801,104,Solana,SOL-USD,Crypto,Cryptocurrency,https://1drv.ms/i/c/8705623eb284e7df/IQRt4HhalyF5QI9kSBm4wz0BAYLrSvg0L-_fomtzF94e-Ac?width=1200&height=817
20-09-2023,20.30493736,20.48303986,19.85378075,20.03628922,233206126,104,Solana,SOL-USD,Crypto,Cryptocurrency,https://1drv.ms/i/c/8705623eb284e7df/IQRt4HhalyF5QI9kSBm4wz0BAYLrSvg0L-_fomtzF94e-Ac?width=1200&height=817
21-09-2023,19.47907066,20.30481529,19.37391472,20.30481529,253809695,104,Solana,SOL-USD,Crypto,Cryptocurrency,https://1drv.ms/i/c/8705623eb284e7df/IQRt4HhalyF5QI9kSBm4wz0BAYLrSvg0L-_fomtzF94e-Ac?width=1200&height=817
22-09-2023,19.43814468,19.7741127,19.22129631,19.4782505,170874161,104,Solana,SOL-USD,Crypto,Cryptocurrency,https://1drv.ms/i/c/8705623eb284e7df/IQRt4HhalyF5QI9kSBm4wz0BAYLrSvg0L-_fomtzF94e-Ac?width=1200&height=817
23-09-2023,19.47390366,19.55816078,19.31374931,19.43851089,97379053,104,Solana,SOL-USD,Crypto,Cryptocurrency,https://1drv.ms/i/c/8705623eb284e7df/IQRt4HhalyF5QI9kSBm4wz0BAYLrSvg0L-_fomtzF94e-Ac?width=1200&height=817
24-09-2023,19.37429047,19.65769577,19.3080368,19.47389412,115380619,104,Solana,SOL-USD,Crypto,Cryptocurrency,https://1drv.ms/i/c/8705623eb284e7df/IQRt4HhalyF5QI9kSBm4wz0BAYLrSvg0L-_fomtzF94e-Ac?width=1200&height=817
25-09-2023,19.40414047,19.70343971,19.21724892,19.37414551,163848456,104,Solana,SOL-USD,Crypto,Cryptocurrency,https://1drv.ms/i/c/8705623eb284e7df/IQRt4HhalyF5QI9kSBm4wz0BAYLrSvg0L-_fomtzF94e-Ac?width=1200&height=817
26-09-2023,19.02328682,19.50536537,18.94138908,19.40274429,170201883,104,Solana,SOL-USD,Crypto,Cryptocurrency,https://1drv.ms/i/c/8705623eb284e7df/IQRt4HhalyF5QI9kSBm4wz0BAYLrSvg0L-_fomtzF94e-Ac?width=1200&height=817
27-09-2023,19.13002205,19.44652557,18.7742157,19.02251434,210385139,104,Solana,SOL-USD,Crypto,Cryptocurrency,https://1drv.ms/i/c/8705623eb284e7df/IQRt4HhalyF5QI9kSBm4wz0BAYLrSvg0L-_fomtzF94e-Ac?width=1200&height=817
28-09-2023,19.95761681,19.96086502,19.11030769,19.12947464,225954938,104,Solana,SOL-USD,Crypto,Cryptocurrency,https://1drv.ms/i/c/8705623eb284e7df/IQRt4HhalyF5QI9kSBm4wz0BAYLrSvg0L-_fomtzF94e-Ac?width=1200&height=817
29-09-2023,20.30065536,20.41597748,19.87516022,19.95958138,219571069,104,Solana,SOL-USD,Crypto,Cryptocurrency,https://1drv.ms/i/c/8705623eb284e7df/IQRt4HhalyF5QI9kSBm4wz0BAYLrSvg0L-_fomtzF94e-Ac?width=1200&height=817
30-09-2023,21.39514732,21.72997093,20.12467957,20.29958916,328987954,104,Solana,SOL-USD,Crypto,Cryptocurrency,https://1drv.ms/i/c/8705623eb284e7df/IQRt4HhalyF5QI9kSBm4wz0BAYLrSvg0L-_fomtzF94e-Ac?width=1200&height=817
01-10-2023,23.83648682,24.39601898,21.17007256,21.39205933,637123111,104,Solana,SOL-USD,Crypto,Cryptocurrency,https://1drv.ms/i/c/8705623eb284e7df/IQRt4HhalyF5QI9kSBm4wz0BAYLrSvg0L-_fomtzF94e-Ac?width=1200&height=817
02-10-2023,23.37170029,24.60342407,22.97602272,23.83795547,658084028,104,Solana,SOL-USD,Crypto,Cryptocurrency,https://1drv.ms/i/c/8705623eb284e7df/IQRt4HhalyF5QI9kSBm4wz0BAYLrSvg0L-_fomtzF94e-Ac?width=1200&height=817
03-10-2023,23.55269432,24.66207314,23.29671097,23.36992073,653491878,104,Solana,SOL-USD,Crypto,Cryptocurrency,https://1drv.ms/i/c/8705623eb284e7df/IQRt4HhalyF5QI9kSBm4wz0BAYLrSvg0L-_fomtzF94e-Ac?width=1200&height=817
04-10-2023,23.14478683,23.75437737,22.69284248,23.55691528,429268875,104,Solana,SOL-USD,Crypto,Cryptocurrency,https://1drv.ms/i/c/8705623eb284e7df/IQRt4HhalyF5QI9kSBm4wz0BAYLrSvg0L-_fomtzF94e-Ac?width=1200&height=817
05-10-2023,22.69414139,23.71764755,22.62894821,23.14655113,361288781,104,Solana,SOL-USD,Crypto,Cryptocurrency,https://1drv.ms/i/c/8705623eb284e7df/IQRt4HhalyF5QI9kSBm4wz0BAYLrSvg0L-_fomtzF94e-Ac?width=1200&height=817
06-10-2023,23.42445374,23.70509148,22.69216728,22.69216728,402665506,104,Solana,SOL-USD,Crypto,Cryptocurrency,https://1drv.ms/i/c/8705623eb284e7df/IQRt4HhalyF5QI9kSBm4wz0BAYLrSvg0L-_fomtzF94e-Ac?width=1200&height=817
07-10-2023,23.28730202,24.10172272,23.11711693,23.4239502,278403509,104,Solana,SOL-USD,Crypto,Cryptocurrency,https://1drv.ms/i/c/8705623eb284e7df/IQRt4HhalyF5QI9kSBm4wz0BAYLrSvg0L-_fomtzF94e-Ac?width=1200&height=817
08-10-2023,23.24642563,23.61370659,23.14427948,23.28933525,190670414,104,Solana,SOL-USD,Crypto,Cryptocurrency,https://1drv.ms/i/c/8705623eb284e7df/IQRt4HhalyF5QI9kSBm4wz0BAYLrSvg0L-_fomtzF94e-Ac?width=1200&height=817
09-10-2023,22.11839676,23.35351181,21.81448936,23.24490929,356967743,104,Solana,SOL-USD,Crypto,Cryptocurrency,https://1drv.ms/i/c/8705623eb284e7df/IQRt4HhalyF5QI9kSBm4wz0BAYLrSvg0L-_fomtzF94e-Ac?width=1200&height=817
10-10-2023,22.10511589,22.45848846,21.73872757,22.11751747,241087146,104,Solana,SOL-USD,Crypto,Cryptocurrency,https://1drv.ms/i/c/8705623eb284e7df/IQRt4HhalyF5QI9kSBm4wz0BAYLrSvg0L-_fomtzF94e-Ac?width=1200&height=817
11-10-2023,22.00741959,22.39118195,21.67980766,22.10520172,278925381,104,Solana,SOL-USD,Crypto,Cryptocurrency,https://1drv.ms/i/c/8705623eb284e7df/IQRt4HhalyF5QI9kSBm4wz0BAYLrSvg0L-_fomtzF94e-Ac?width=1200&height=817
12-10-2023,21.30026817,22.01992607,21.06897163,22.00748444,283320977,104,Solana,SOL-USD,Crypto,Cryptocurrency,https://1drv.ms/i/c/8705623eb284e7df/IQRt4HhalyF5QI9kSBm4wz0BAYLrSvg0L-_fomtzF94e-Ac?width=1200&height=817
13-10-2023,21.83491707,22.15665436,21.13203621,21.29995537,269268807,104,Solana,SOL-USD,Crypto,Cryptocurrency,https://1drv.ms/i/c/8705623eb284e7df/IQRt4HhalyF5QI9kSBm4wz0BAYLrSvg0L-_fomtzF94e-Ac?width=1200&height=817
14-10-2023,22.01171875,22.19681358,21.82191277,21.8343544,174004594,104,Solana,SOL-USD,Crypto,Cryptocurrency,https://1drv.ms/i/c/8705623eb284e7df/IQRt4HhalyF5QI9kSBm4wz0BAYLrSvg0L-_fomtzF94e-Ac?width=1200&height=817
15-10-2023,21.92202759,22.13581467,21.71138382,22.01053429,178940996,104,Solana,SOL-USD,Crypto,Cryptocurrency,https://1drv.ms/i/c/8705623eb284e7df/IQRt4HhalyF5QI9kSBm4wz0BAYLrSvg0L-_fomtzF94e-Ac?width=1200&height=817
16-10-2023,23.98295784,24.41446877,21.92258644,21.92258644,726713710,104,Solana,SOL-USD,Crypto,Cryptocurrency,https://1drv.ms/i/c/8705623eb284e7df/IQRt4HhalyF5QI9kSBm4wz0BAYLrSvg0L-_fomtzF94e-Ac?width=1200&height=817
17-10-2023,23.95931816,24.48526573,23.64439011,23.98159027,520830665,104,Solana,SOL-USD,Crypto,Cryptocurrency,https://1drv.ms/i/c/8705623eb284e7df/IQRt4HhalyF5QI9kSBm4wz0BAYLrSvg0L-_fomtzF94e-Ac?width=1200&height=817
18-10-2023,23.43213844,24.3029995,23.42407799,23.9592247,362606644,104,Solana,SOL-USD,Crypto,Cryptocurrency,https://1drv.ms/i/c/8705623eb284e7df/IQRt4HhalyF5QI9kSBm4wz0BAYLrSvg0L-_fomtzF94e-Ac?width=1200&height=817
19-10-2023,24.93791962,25.38907623,23.25644684,23.4334774,663249208,104,Solana,SOL-USD,Crypto,Cryptocurrency,https://1drv.ms/i/c/8705623eb284e7df/IQRt4HhalyF5QI9kSBm4wz0BAYLrSvg0L-_fomtzF94e-Ac?width=1200&height=817
20-10-2023,27.03367424,27.31616974,24.77450562,24.93754387,910991447,104,Solana,SOL-USD,Crypto,Cryptocurrency,https://1drv.ms/i/c/8705623eb284e7df/IQRt4HhalyF5QI9kSBm4wz0BAYLrSvg0L-_fomtzF94e-Ac?width=1200&height=817
21-10-2023,29.38622856,30.14244843,26.71261215,27.03448105,1160814433,104,Solana,SOL-USD,Crypto,Cryptocurrency,https://1drv.ms/i/c/8705623eb284e7df/IQRt4HhalyF5QI9kSBm4wz0BAYLrSvg0L-_fomtzF94e-Ac?width=1200&height=817
22-10-2023,29.03668213,29.96619225,28.20864487,29.38422775,665340924,104,Solana,SOL-USD,Crypto,Cryptocurrency,https://1drv.ms/i/c/8705623eb284e7df/IQRt4HhalyF5QI9kSBm4wz0BAYLrSvg0L-_fomtzF94e-Ac?width=1200&height=817
23-10-2023,31.85098457,32.46877289,28.90173912,29.26222038,1581590969,104,Solana,SOL-USD,Crypto,Cryptocurrency,https://1drv.ms/i/c/8705623eb284e7df/IQRt4HhalyF5QI9kSBm4wz0BAYLrSvg0L-_fomtzF94e-Ac?width=1200&height=817
24-10-2023,30.15153694,32.36031723,29.70209312,31.84965706,1450364573,104,Solana,SOL-USD,Crypto,Cryptocurrency,https://1drv.ms/i/c/8705623eb284e7df/IQRt4HhalyF5QI9kSBm4wz0BAYLrSvg0L-_fomtzF94e-Ac?width=1200&height=817
25-10-2023,32.4630661,33.69322205,30.05987358,30.15122032,1458706203,104,Solana,SOL-USD,Crypto,Cryptocurrency,https://1drv.ms/i/c/8705623eb284e7df/IQRt4HhalyF5QI9kSBm4wz0BAYLrSvg0L-_fomtzF94e-Ac?width=1200&height=817
26-10-2023,32.77549362,33.22134018,30.79706764,32.46185684,1015617285,104,Solana,SOL-USD,Crypto,Cryptocurrency,https://1drv.ms/i/c/8705623eb284e7df/IQRt4HhalyF5QI9kSBm4wz0BAYLrSvg0L-_fomtzF94e-Ac?width=1200&height=817
27-10-2023,31.73969841,33.3024025,31.52513885,32.77643585,870812666,104,Solana,SOL-USD,Crypto,Cryptocurrency,https://1drv.ms/i/c/8705623eb284e7df/IQRt4HhalyF5QI9kSBm4wz0BAYLrSvg0L-_fomtzF94e-Ac?width=1200&height=817
28-10-2023,31.65331841,32.47766876,31.50631332,31.73992157,380462073,104,Solana,SOL-USD,Crypto,Cryptocurrency,https://1drv.ms/i/c/8705623eb284e7df/IQRt4HhalyF5QI9kSBm4wz0BAYLrSvg0L-_fomtzF94e-Ac?width=1200&height=817
29-10-2023,32.82260895,33.13132858,31.43420219,31.65210152,507672244,104,Solana,SOL-USD,Crypto,Cryptocurrency,https://1drv.ms/i/c/8705623eb284e7df/IQRt4HhalyF5QI9kSBm4wz0BAYLrSvg0L-_fomtzF94e-Ac?width=1200&height=817
30-10-2023,34.96233749,35.17289352,32.39456558,32.81903458,1099930941,104,Solana,SOL-USD,Crypto,Cryptocurrency,https://1drv.ms/i/c/8705623eb284e7df/IQRt4HhalyF5QI9kSBm4wz0BAYLrSvg0L-_fomtzF94e-Ac?width=1200&height=817
31-10-2023,38.51951599,38.5464325,34.90843582,34.95983124,1577034191,104,Solana,SOL-USD,Crypto,Cryptocurrency,https://1drv.ms/i/c/8705623eb284e7df/IQRt4HhalyF5QI9kSBm4wz0BAYLrSvg0L-_fomtzF94e-Ac?width=1200&height=817
01-11-2023,41.46154404,46.25090027,37.96105194,38.51305771,3630725002,104,Solana,SOL-USD,Crypto,Cryptocurrency,https://1drv.ms/i/c/8705623eb284e7df/IQRt4HhalyF5QI9kSBm4wz0BAYLrSvg0L-_fomtzF94e-Ac?width=1200&height=817
02-11-2023,40.20756912,44.4891243,38.97534561,41.38594818,2583692673,104,Solana,SOL-USD,Crypto,Cryptocurrency,https://1drv.ms/i/c/8705623eb284e7df/IQRt4HhalyF5QI9kSBm4wz0BAYLrSvg0L-_fomtzF94e-Ac?width=1200&height=817
03-11-2023,39.51976013,40.22572327,38.21837616,40.20892715,1755955299,104,Solana,SOL-USD,Crypto,Cryptocurrency,https://1drv.ms/i/c/8705623eb284e7df/IQRt4HhalyF5QI9kSBm4wz0BAYLrSvg0L-_fomtzF94e-Ac?width=1200&height=817
04-11-2023,42.34659576,42.69524002,39.16879272,39.52021027,1454107898,104,Solana,SOL-USD,Crypto,Cryptocurrency,https://1drv.ms/i/c/8705623eb284e7df/IQRt4HhalyF5QI9kSBm4wz0BAYLrSvg0L-_fomtzF94e-Ac?width=1200&height=817
05-11-2023,41.23860168,42.80353928,40.38012695,42.37336731,884855278,104,Solana,SOL-USD,Crypto,Cryptocurrency,https://1drv.ms/i/c/8705623eb284e7df/IQRt4HhalyF5QI9kSBm4wz0BAYLrSvg0L-_fomtzF94e-Ac?width=1200&height=817
06-11-2023,42.12858963,42.15506744,39.82507706,41.23856354,1010459088,104,Solana,SOL-USD,Crypto,Cryptocurrency,https://1drv.ms/i/c/8705623eb284e7df/IQRt4HhalyF5QI9kSBm4wz0BAYLrSvg0L-_fomtzF94e-Ac?width=1200&height=817
07-11-2023,43.09254456,44.42584991,40.31990814,42.13777161,1780187159,104,Solana,SOL-USD,Crypto,Cryptocurrency,https://1drv.ms/i/c/8705623eb284e7df/IQRt4HhalyF5QI9kSBm4wz0BAYLrSvg0L-_fomtzF94e-Ac?width=1200&height=817
08-11-2023,43.189888,43.80505753,42.39422989,43.08591843,1009177437,104,Solana,SOL-USD,Crypto,Cryptocurrency,https://1drv.ms/i/c/8705623eb284e7df/IQRt4HhalyF5QI9kSBm4wz0BAYLrSvg0L-_fomtzF94e-Ac?width=1200&height=817
09-11-2023,45.44482803,48.70306778,42.60818481,43.18186951,2830770419,104,Solana,SOL-USD,Crypto,Cryptocurrency,https://1drv.ms/i/c/8705623eb284e7df/IQRt4HhalyF5QI9kSBm4wz0BAYLrSvg0L-_fomtzF94e-Ac?width=1200&height=817
10-11-2023,56.64385223,57.34910202,45.21684647,45.44237137,3795204638,104,Solana,SOL-USD,Crypto,Cryptocurrency,https://1drv.ms/i/c/8705623eb284e7df/IQRt4HhalyF5QI9kSBm4wz0BAYLrSvg0L-_fomtzF94e-Ac?width=1200&height=817
11-11-2023,56.10266113,63.41544724,54.04486847,56.64099503,4182963132,104,Solana,SOL-USD,Crypto,Cryptocurrency,https://1drv.ms/i/c/8705623eb284e7df/IQRt4HhalyF5QI9kSBm4wz0BAYLrSvg0L-_fomtzF94e-Ac?width=1200&height=817
12-11-2023,56.15409851,61.71490479,54.94210434,56.13203049,2987356952,104,Solana,SOL-USD,Crypto,Cryptocurrency,https://1drv.ms/i/c/8705623eb284e7df/IQRt4HhalyF5QI9kSBm4wz0BAYLrSvg0L-_fomtzF94e-Ac?width=1200&height=817
13-11-2023,51.90705109,59.71365738,51.90705109,56.18062592,2942685126,104,Solana,SOL-USD,Crypto,Cryptocurrency,https://1drv.ms/i/c/8705623eb284e7df/IQRt4HhalyF5QI9kSBm4wz0BAYLrSvg0L-_fomtzF94e-Ac?width=1200&height=817
14-11-2023,56.83837509,57.73010635,51.71446228,51.90221786,3195616616,104,Solana,SOL-USD,Crypto,Cryptocurrency,https://1drv.ms/i/c/8705623eb284e7df/IQRt4HhalyF5QI9kSBm4wz0BAYLrSvg0L-_fomtzF94e-Ac?width=1200&height=817
15-11-2023,65.53440094,66.86766815,56.30898666,56.83993912,3793937162,104,Solana,SOL-USD,Crypto,Cryptocurrency,https://1drv.ms/i/c/8705623eb284e7df/IQRt4HhalyF5QI9kSBm4wz0BAYLrSvg0L-_fomtzF94e-Ac?width=1200&height=817
16-11-2023,57.87140274,67.99214935,56.81013107,65.53944397,3922608772,104,Solana,SOL-USD,Crypto,Cryptocurrency,https://1drv.ms/i/c/8705623eb284e7df/IQRt4HhalyF5QI9kSBm4wz0BAYLrSvg0L-_fomtzF94e-Ac?width=1200&height=817
17-11-2023,58.41593552,60.41629028,54.55164719,57.92103958,3185454735,104,Solana,SOL-USD,Crypto,Cryptocurrency,https://1drv.ms/i/c/8705623eb284e7df/IQRt4HhalyF5QI9kSBm4wz0BAYLrSvg0L-_fomtzF94e-Ac?width=1200&height=817
18-11-2023,58.51272583,59.28344345,55.06231308,58.39267349,1942321169,104,Solana,SOL-USD,Crypto,Cryptocurrency,https://1drv.ms/i/c/8705623eb284e7df/IQRt4HhalyF5QI9kSBm4wz0BAYLrSvg0L-_fomtzF94e-Ac?width=1200&height=817
19-11-2023,61.3935585,62.0211525,56.88264847,58.52428436,1998656461,104,Solana,SOL-USD,Crypto,Cryptocurrency,https://1drv.ms/i/c/8705623eb284e7df/IQRt4HhalyF5QI9kSBm4wz0BAYLrSvg0L-_fomtzF94e-Ac?width=1200&height=817
20-11-2023,56.53383255,61.37046051,56.3534317,61.37046051,1937313546,104,Solana,SOL-USD,Crypto,Cryptocurrency,https://1drv.ms/i/c/8705623eb284e7df/IQRt4HhalyF5QI9kSBm4wz0BAYLrSvg0L-_fomtzF94e-Ac?width=1200&height=817
21-11-2023,52.00047302,57.36568832,51.55591583,56.54036713,2440890238,104,Solana,SOL-USD,Crypto,Cryptocurrency,https://1drv.ms/i/c/8705623eb284e7df/IQRt4HhalyF5QI9kSBm4wz0BAYLrSvg0L-_fomtzF94e-Ac?width=1200&height=817
22-11-2023,57.5885582,58.79156494,51.73749542,52.0021286,1985653842,104,Solana,SOL-USD,Crypto,Cryptocurrency,https://1drv.ms/i/c/8705623eb284e7df/IQRt4HhalyF5QI9kSBm4wz0BAYLrSvg0L-_fomtzF94e-Ac?width=1200&height=817
23-11-2023,56.59936905,59.47392273,56.28756332,57.57801819,1379316733,104,Solana,SOL-USD,Crypto,Cryptocurrency,https://1drv.ms/i/c/8705623eb284e7df/IQRt4HhalyF5QI9kSBm4wz0BAYLrSvg0L-_fomtzF94e-Ac?width=1200&height=817
24-11-2023,56.86643982,58.68601227,56.34909058,56.57889175,1146346831,104,Solana,SOL-USD,Crypto,Cryptocurrency,https://1drv.ms/i/c/8705623eb284e7df/IQRt4HhalyF5QI9kSBm4wz0BAYLrSvg0L-_fomtzF94e-Ac?width=1200&height=817
25-11-2023,58.84648895,59.65414429,56.32527924,56.86628723,1183793273,104,Solana,SOL-USD,Crypto,Cryptocurrency,https://1drv.ms/i/c/8705623eb284e7df/IQRt4HhalyF5QI9kSBm4wz0BAYLrSvg0L-_fomtzF94e-Ac?width=1200&height=817
26-11-2023,57.6427002,58.95796204,56.51145554,58.84542084,871154750,104,Solana,SOL-USD,Crypto,Cryptocurrency,https://1drv.ms/i/c/8705623eb284e7df/IQRt4HhalyF5QI9kSBm4wz0BAYLrSvg0L-_fomtzF94e-Ac?width=1200&height=817
27-11-2023,55.06462097,58.02122498,53.71446991,57.6288681,1237763215,104,Solana,SOL-USD,Crypto,Cryptocurrency,https://1drv.ms/i/c/8705623eb284e7df/IQRt4HhalyF5QI9kSBm4wz0BAYLrSvg0L-_fomtzF94e-Ac?width=1200&height=817
28-11-2023,58.19437027,58.60682297,54.08532333,55.0626297,1412314015,104,Solana,SOL-USD,Crypto,Cryptocurrency,https://1drv.ms/i/c/8705623eb284e7df/IQRt4HhalyF5QI9kSBm4wz0BAYLrSvg0L-_fomtzF94e-Ac?width=1200&height=817
29-11-2023,59.2501297,61.65335846,57.85509109,58.19305038,1941361674,104,Solana,SOL-USD,Crypto,Cryptocurrency,https://1drv.ms/i/c/8705623eb284e7df/IQRt4HhalyF5QI9kSBm4wz0BAYLrSvg0L-_fomtzF94e-Ac?width=1200&height=817
30-11-2023,59.24162292,61.43787384,58.9469223,59.25351715,1263841021,104,Solana,SOL-USD,Crypto,Cryptocurrency,https://1drv.ms/i/c/8705623eb284e7df/IQRt4HhalyF5QI9kSBm4wz0BAYLrSvg0L-_fomtzF94e-Ac?width=1200&height=817
01-12-2023,59.80399704,61.75801849,58.77820969,59.23817825,1376669760,104,Solana,SOL-USD,Crypto,Cryptocurrency,https://1drv.ms/i/c/8705623eb284e7df/IQRt4HhalyF5QI9kSBm4wz0BAYLrSvg0L-_fomtzF94e-Ac?width=1200&height=817
02-12-2023,63.83285904,63.83285904,59.77376175,59.80374527,1346327049,104,Solana,SOL-USD,Crypto,Cryptocurrency,https://1drv.ms/i/c/8705623eb284e7df/IQRt4HhalyF5QI9kSBm4wz0BAYLrSvg0L-_fomtzF94e-Ac?width=1200&height=817
03-12-2023,63.03996658,65.39625549,62.41662216,63.82087708,1368876645,104,Solana,SOL-USD,Crypto,Cryptocurrency,https://1drv.ms/i/c/8705623eb284e7df/IQRt4HhalyF5QI9kSBm4wz0BAYLrSvg0L-_fomtzF94e-Ac?width=1200&height=817
04-12-2023,61.52661514,65.13323975,60.28052139,63.03776932,2211865569,104,Solana,SOL-USD,Crypto,Cryptocurrency,https://1drv.ms/i/c/8705623eb284e7df/IQRt4HhalyF5QI9kSBm4wz0BAYLrSvg0L-_fomtzF94e-Ac?width=1200&height=817
05-12-2023,60.99483109,62.54000473,59.25082779,61.5291748,1693517649,104,Solana,SOL-USD,Crypto,Cryptocurrency,https://1drv.ms/i/c/8705623eb284e7df/IQRt4HhalyF5QI9kSBm4wz0BAYLrSvg0L-_fomtzF94e-Ac?width=1200&height=817
06-12-2023,61.90295792,66.38362122,60.97986603,60.97986603,3030993886,104,Solana,SOL-USD,Crypto,Cryptocurrency,https://1drv.ms/i/c/8705623eb284e7df/IQRt4HhalyF5QI9kSBm4wz0BAYLrSvg0L-_fomtzF94e-Ac?width=1200&height=817
07-12-2023,67.83782959,69.30046844,61.87300873,61.93404388,3002455075,104,Solana,SOL-USD,Crypto,Cryptocurrency,https://1drv.ms/i/c/8705623eb284e7df/IQRt4HhalyF5QI9kSBm4wz0BAYLrSvg0L-_fomtzF94e-Ac?width=1200&height=817
08-12-2023,75.00243378,75.12979126,67.8412323,67.84671783,3612712432,104,Solana,SOL-USD,Crypto,Cryptocurrency,https://1drv.ms/i/c/8705623eb284e7df/IQRt4HhalyF5QI9kSBm4wz0BAYLrSvg0L-_fomtzF94e-Ac?width=1200&height=817
09-12-2023,72.25760651,77.50202179,72.03968811,74.98954773,2893248364,104,Solana,SOL-USD,Crypto,Cryptocurrency,https://1drv.ms/i/c/8705623eb284e7df/IQRt4HhalyF5QI9kSBm4wz0BAYLrSvg0L-_fomtzF94e-Ac?width=1200&height=817
10-12-2023,74.70588684,74.72459412,70.9192276,72.27294922,1849363354,104,Solana,SOL-USD,Crypto,Cryptocurrency,https://1drv.ms/i/c/8705623eb284e7df/IQRt4HhalyF5QI9kSBm4wz0BAYLrSvg0L-_fomtzF94e-Ac?width=1200&height=817
11-12-2023,70.36717224,74.83811188,67.21549225,74.71422577,3729540309,104,Solana,SOL-USD,Crypto,Cryptocurrency,https://1drv.ms/i/c/8705623eb284e7df/IQRt4HhalyF5QI9kSBm4wz0BAYLrSvg0L-_fomtzF94e-Ac?width=1200&height=817
12-12-2023,68.54067993,72.34092712,65.96899414,70.34428406,2366453484,104,Solana,SOL-USD,Crypto,Cryptocurrency,https://1drv.ms/i/c/8705623eb284e7df/IQRt4HhalyF5QI9kSBm4wz0BAYLrSvg0L-_fomtzF94e-Ac?width=1200&height=817
13-12-2023,70.76778412,72.35475922,64.36977386,68.53224945,2414610075,104,Solana,SOL-USD,Crypto,Cryptocurrency,https://1drv.ms/i/c/8705623eb284e7df/IQRt4HhalyF5QI9kSBm4wz0BAYLrSvg0L-_fomtzF94e-Ac?width=1200&height=817
14-12-2023,75.62033081,76.17998505,69.85732269,70.74867249,2464938440,104,Solana,SOL-USD,Crypto,Cryptocurrency,https://1drv.ms/i/c/8705623eb284e7df/IQRt4HhalyF5QI9kSBm4wz0BAYLrSvg0L-_fomtzF94e-Ac?width=1200&height=817
15-12-2023,72.36898804,79.15106964,72.36663818,75.63668823,2821390652,104,Solana,SOL-USD,Crypto,Cryptocurrency,https://1drv.ms/i/c/8705623eb284e7df/IQRt4HhalyF5QI9kSBm4wz0BAYLrSvg0L-_fomtzF94e-Ac?width=1200&height=817
16-12-2023,73.47350311,77.07920074,71.56934357,72.43347931,1781972898,104,Solana,SOL-USD,Crypto,Cryptocurrency,https://1drv.ms/i/c/8705623eb284e7df/IQRt4HhalyF5QI9kSBm4wz0BAYLrSvg0L-_fomtzF94e-Ac?width=1200&height=817
17-12-2023,71.0005188,74.72001648,70.82445526,73.47478485,1552380672,104,Solana,SOL-USD,Crypto,Cryptocurrency,https://1drv.ms/i/c/8705623eb284e7df/IQRt4HhalyF5QI9kSBm4wz0BAYLrSvg0L-_fomtzF94e-Ac?width=1200&height=817
18-12-2023,74.34716034,75.38053894,67.33440399,70.93263245,2281865174,104,Solana,SOL-USD,Crypto,Cryptocurrency,https://1drv.ms/i/c/8705623eb284e7df/IQRt4HhalyF5QI9kSBm4wz0BAYLrSvg0L-_fomtzF94e-Ac?width=1200&height=817
19-12-2023,72.98976898,76.27140808,72.01061249,74.34918976,1900875405,104,Solana,SOL-USD,Crypto,Cryptocurrency,https://1drv.ms/i/c/8705623eb284e7df/IQRt4HhalyF5QI9kSBm4wz0BAYLrSvg0L-_fomtzF94e-Ac?width=1200&height=817
20-12-2023,82.19123077,83.95745087,72.98999023,72.98999023,3745738278,104,Solana,SOL-USD,Crypto,Cryptocurrency,https://1drv.ms/i/c/8705623eb284e7df/IQRt4HhalyF5QI9kSBm4wz0BAYLrSvg0L-_fomtzF94e-Ac?width=1200&height=817
21-12-2023,93.85481262,95.32344055,81.23770905,82.18564606,4711493441,104,Solana,SOL-USD,Crypto,Cryptocurrency,https://1drv.ms/i/c/8705623eb284e7df/IQRt4HhalyF5QI9kSBm4wz0BAYLrSvg0L-_fomtzF94e-Ac?width=1200&height=817
22-12-2023,98.00369263,99.1244278,90.79840088,93.85801697,5284203995,104,Solana,SOL-USD,Crypto,Cryptocurrency,https://1drv.ms/i/c/8705623eb284e7df/IQRt4HhalyF5QI9kSBm4wz0BAYLrSvg0L-_fomtzF94e-Ac?width=1200&height=817
23-12-2023,107.5942307,109.5088425,93.10676575,98.0016861,3957434568,104,Solana,SOL-USD,Crypto,Cryptocurrency,https://1drv.ms/i/c/8705623eb284e7df/IQRt4HhalyF5QI9kSBm4wz0BAYLrSvg0L-_fomtzF94e-Ac?width=1200&height=817
24-12-2023,112.4852142,117.3806686,107.7251358,107.7251358,6365529251,104,Solana,SOL-USD,Crypto,Cryptocurrency,https://1drv.ms/i/c/8705623eb284e7df/IQRt4HhalyF5QI9kSBm4wz0BAYLrSvg0L-_fomtzF94e-Ac?width=1200&height=817
25-12-2023,121.1464615,125.1938934,108.9033813,112.5641174,5951791518,104,Solana,SOL-USD,Crypto,Cryptocurrency,https://1drv.ms/i/c/8705623eb284e7df/IQRt4HhalyF5QI9kSBm4wz0BAYLrSvg0L-_fomtzF94e-Ac?width=1200&height=817
26-12-2023,112.6767349,121.1439972,104.7282181,121.0843353,6117657160,104,Solana,SOL-USD,Crypto,Cryptocurrency,https://1drv.ms/i/c/8705623eb284e7df/IQRt4HhalyF5QI9kSBm4wz0BAYLrSvg0L-_fomtzF94e-Ac?width=1200&height=817
27-12-2023,107.0237961,115.0338745,105.4252319,112.6548309,4267938569,104,Solana,SOL-USD,Crypto,Cryptocurrency,https://1drv.ms/i/c/8705623eb284e7df/IQRt4HhalyF5QI9kSBm4wz0BAYLrSvg0L-_fomtzF94e-Ac?width=1200&height=817
28-12-2023,102.1045685,109.4206543,97.66864777,107.0227051,4492625126,104,Solana,SOL-USD,Crypto,Cryptocurrency,https://1drv.ms/i/c/8705623eb284e7df/IQRt4HhalyF5QI9kSBm4wz0BAYLrSvg0L-_fomtzF94e-Ac?width=1200&height=817
29-12-2023,106.3115158,109.6711197,100.0555115,102.0692825,4445797973,104,Solana,SOL-USD,Crypto,Cryptocurrency,https://1drv.ms/i/c/8705623eb284e7df/IQRt4HhalyF5QI9kSBm4wz0BAYLrSvg0L-_fomtzF94e-Ac?width=1200&height=817
30-12-2023,101.8450851,107.3282242,101.0681229,106.2985001,1863177830,104,Solana,SOL-USD,Crypto,Cryptocurrency,https://1drv.ms/i/c/8705623eb284e7df/IQRt4HhalyF5QI9kSBm4wz0BAYLrSvg0L-_fomtzF94e-Ac?width=1200&height=817
31-12-2023,101.5058212,105.1335449,99.88642883,101.8441772,1748630533,104,Solana,SOL-USD,Crypto,Cryptocurrency,https://1drv.ms/i/c/8705623eb284e7df/IQRt4HhalyF5QI9kSBm4wz0BAYLrSvg0L-_fomtzF94e-Ac?width=1200&height=817
01-01-2024,109.5086823,109.5086823,101.5128098,101.5128098,2157671990,104,Solana,SOL-USD,Crypto,Cryptocurrency,https://1drv.ms/i/c/8705623eb284e7df/IQRt4HhalyF5QI9kSBm4wz0BAYLrSvg0L-_fomtzF94e-Ac?width=1200&height=817
02-01-2024,106.6112213,116.8824921,106.3889847,109.5490646,3782057553,104,Solana,SOL-USD,Crypto,Cryptocurrency,https://1drv.ms/i/c/8705623eb284e7df/IQRt4HhalyF5QI9kSBm4wz0BAYLrSvg0L-_fomtzF94e-Ac?width=1200&height=817
03-01-2024,98.59443665,109.8480911,92.92366791,106.6165314,5472216595,104,Solana,SOL-USD,Crypto,Cryptocurrency,https://1drv.ms/i/c/8705623eb284e7df/IQRt4HhalyF5QI9kSBm4wz0BAYLrSvg0L-_fomtzF94e-Ac?width=1200&height=817
04-01-2024,105.0775375,107.9824677,97.10832977,98.5869751,3272723247,104,Solana,SOL-USD,Crypto,Cryptocurrency,https://1drv.ms/i/c/8705623eb284e7df/IQRt4HhalyF5QI9kSBm4wz0BAYLrSvg0L-_fomtzF94e-Ac?width=1200&height=817
05-01-2024,99.97879028,105.2354279,95.94272614,105.0520096,3022127826,104,Solana,SOL-USD,Crypto,Cryptocurrency,https://1drv.ms/i/c/8705623eb284e7df/IQRt4HhalyF5QI9kSBm4wz0BAYLrSvg0L-_fomtzF94e-Ac?width=1200&height=817
06-01-2024,93.85771942,100.0374069,92.022789,99.98799133,2235902092,104,Solana,SOL-USD,Crypto,Cryptocurrency,https://1drv.ms/i/c/8705623eb284e7df/IQRt4HhalyF5QI9kSBm4wz0BAYLrSvg0L-_fomtzF94e-Ac?width=1200&height=817
07-01-2024,89.2763443,96.69239807,88.22345734,93.86035156,2288061692,104,Solana,SOL-USD,Crypto,Cryptocurrency,https://1drv.ms/i/c/8705623eb284e7df/IQRt4HhalyF5QI9kSBm4wz0BAYLrSvg0L-_fomtzF94e-Ac?width=1200&height=817
08-01-2024,97.79044342,99.76187134,85.646698,89.27817535,4152448360,104,Solana,SOL-USD,Crypto,Cryptocurrency,https://1drv.ms/i/c/8705623eb284e7df/IQRt4HhalyF5QI9kSBm4wz0BAYLrSvg0L-_fomtzF94e-Ac?width=1200&height=817
09-01-2024,99.40918732,103.7961655,95.8937912,97.81603241,4070131683,104,Solana,SOL-USD,Crypto,Cryptocurrency,https://1drv.ms/i/c/8705623eb284e7df/IQRt4HhalyF5QI9kSBm4wz0BAYLrSvg0L-_fomtzF94e-Ac?width=1200&height=817
10-01-2024,102.03302,105.0823746,92.56326294,99.3842392,4216429514,104,Solana,SOL-USD,Crypto,Cryptocurrency,https://1drv.ms/i/c/8705623eb284e7df/IQRt4HhalyF5QI9kSBm4wz0BAYLrSvg0L-_fomtzF94e-Ac?width=1200&height=817
11-01-2024,99.90943909,106.9357376,98.41249847,102.103653,4174026719,104,Solana,SOL-USD,Crypto,Cryptocurrency,https://1drv.ms/i/c/8705623eb284e7df/IQRt4HhalyF5QI9kSBm4wz0BAYLrSvg0L-_fomtzF94e-Ac?width=1200&height=817
12-01-2024,91.72090912,100.2544937,88.30984497,99.91187286,2868799888,104,Solana,SOL-USD,Crypto,Cryptocurrency,https://1drv.ms/i/c/8705623eb284e7df/IQRt4HhalyF5QI9kSBm4wz0BAYLrSvg0L-_fomtzF94e-Ac?width=1200&height=817
13-01-2024,95.73004913,96.91764832,89.75449371,91.75974274,1880329065,104,Solana,SOL-USD,Crypto,Cryptocurrency,https://1drv.ms/i/c/8705623eb284e7df/IQRt4HhalyF5QI9kSBm4wz0BAYLrSvg0L-_fomtzF94e-Ac?width=1200&height=817
14-01-2024,94.13314056,102.173584,93.89056396,95.73265076,2736734725,104,Solana,SOL-USD,Crypto,Cryptocurrency,https://1drv.ms/i/c/8705623eb284e7df/IQRt4HhalyF5QI9kSBm4wz0BAYLrSvg0L-_fomtzF94e-Ac?width=1200&height=817
15-01-2024,94.49022675,96.82123566,93.24111176,94.0365448,1755858499,104,Solana,SOL-USD,Crypto,Cryptocurrency,https://1drv.ms/i/c/8705623eb284e7df/IQRt4HhalyF5QI9kSBm4wz0BAYLrSvg0L-_fomtzF94e-Ac?width=1200&height=817
16-01-2024,97.62691498,98.5953064,94.39668274,94.43834686,1806576879,104,Solana,SOL-USD,Crypto,Cryptocurrency,https://1drv.ms/i/c/8705623eb284e7df/IQRt4HhalyF5QI9kSBm4wz0BAYLrSvg0L-_fomtzF94e-Ac?width=1200&height=817
17-01-2024,102.0635986,102.4337387,97.05516052,97.61580658,3220344763,104,Solana,SOL-USD,Crypto,Cryptocurrency,https://1drv.ms/i/c/8705623eb284e7df/IQRt4HhalyF5QI9kSBm4wz0BAYLrSvg0L-_fomtzF94e-Ac?width=1200&height=817
18-01-2024,94.25095367,102.9231415,92.14057922,102.0294952,2684524713,104,Solana,SOL-USD,Crypto,Cryptocurrency,https://1drv.ms/i/c/8705623eb284e7df/IQRt4HhalyF5QI9kSBm4wz0BAYLrSvg0L-_fomtzF94e-Ac?width=1200&height=817
19-01-2024,93.38616943,95.16472626,87.48365784,94.25067139,2631067383,104,Solana,SOL-USD,Crypto,Cryptocurrency,https://1drv.ms/i/c/8705623eb284e7df/IQRt4HhalyF5QI9kSBm4wz0BAYLrSvg0L-_fomtzF94e-Ac?width=1200&height=817
20-01-2024,92.56983948,94.02531433,90.49375153,93.39379883,1204443546,104,Solana,SOL-USD,Crypto,Cryptocurrency,https://1drv.ms/i/c/8705623eb284e7df/IQRt4HhalyF5QI9kSBm4wz0BAYLrSvg0L-_fomtzF94e-Ac?width=1200&height=817
21-01-2024,90.84843445,93.71378326,90.84843445,92.58952332,894963197,104,Solana,SOL-USD,Crypto,Cryptocurrency,https://1drv.ms/i/c/8705623eb284e7df/IQRt4HhalyF5QI9kSBm4wz0BAYLrSvg0L-_fomtzF94e-Ac?width=1200&height=817
22-01-2024,83.62281036,91.6361618,82.65976715,90.90369415,2662287481,104,Solana,SOL-USD,Crypto,Cryptocurrency,https://1drv.ms/i/c/8705623eb284e7df/IQRt4HhalyF5QI9kSBm4wz0BAYLrSvg0L-_fomtzF94e-Ac?width=1200&height=817
23-01-2024,84.27450562,85.84018707,79.06669617,83.62184143,2990436327,104,Solana,SOL-USD,Crypto,Cryptocurrency,https://1drv.ms/i/c/8705623eb284e7df/IQRt4HhalyF5QI9kSBm4wz0BAYLrSvg0L-_fomtzF94e-Ac?width=1200&height=817
24-01-2024,88.73200989,89.26772308,83.41868591,84.28726196,2352477736,104,Solana,SOL-USD,Crypto,Cryptocurrency,https://1drv.ms/i/c/8705623eb284e7df/IQRt4HhalyF5QI9kSBm4wz0BAYLrSvg0L-_fomtzF94e-Ac?width=1200&height=817
25-01-2024,86.88921356,89.37682343,85.27368164,88.7378006,1674093024,104,Solana,SOL-USD,Crypto,Cryptocurrency,https://1drv.ms/i/c/8705623eb284e7df/IQRt4HhalyF5QI9kSBm4wz0BAYLrSvg0L-_fomtzF94e-Ac?width=1200&height=817
26-01-2024,92.44236755,93.52867126,86.14839172,86.88945007,2027305107,104,Solana,SOL-USD,Crypto,Cryptocurrency,https://1drv.ms/i/c/8705623eb284e7df/IQRt4HhalyF5QI9kSBm4wz0BAYLrSvg0L-_fomtzF94e-Ac?width=1200&height=817
27-01-2024,94.16321564,94.43761444,90.84476471,92.38762665,1256585307,104,Solana,SOL-USD,Crypto,Cryptocurrency,https://1drv.ms/i/c/8705623eb284e7df/IQRt4HhalyF5QI9kSBm4wz0BAYLrSvg0L-_fomtzF94e-Ac?width=1200&height=817
28-01-2024,95.93798065,99.37737274,93.53833008,94.18190002,2425625612,104,Solana,SOL-USD,Crypto,Cryptocurrency,https://1drv.ms/i/c/8705623eb284e7df/IQRt4HhalyF5QI9kSBm4wz0BAYLrSvg0L-_fomtzF94e-Ac?width=1200&height=817
29-01-2024,101.5666656,101.7719116,95.1761322,95.93798065,2604890575,104,Solana,SOL-USD,Crypto,Cryptocurrency,https://1drv.ms/i/c/8705623eb284e7df/IQRt4HhalyF5QI9kSBm4wz0BAYLrSvg0L-_fomtzF94e-Ac?width=1200&height=817
30-01-2024,101.4729767,106.2134552,101.1093903,101.5666656,3328090833,104,Solana,SOL-USD,Crypto,Cryptocurrency,https://1drv.ms/i/c/8705623eb284e7df/IQRt4HhalyF5QI9kSBm4wz0BAYLrSvg0L-_fomtzF94e-Ac?width=1200&height=817
31-01-2024,97.02870941,102.5480652,96.10359192,101.4492569,3814467068,104,Solana,SOL-USD,Crypto,Cryptocurrency,https://1drv.ms/i/c/8705623eb284e7df/IQRt4HhalyF5QI9kSBm4wz0BAYLrSvg0L-_fomtzF94e-Ac?width=1200&height=817
01-02-2024,97.84669495,97.94419098,93.37918854,97.02484131,2951395444,104,Solana,SOL-USD,Crypto,Cryptocurrency,https://1drv.ms/i/c/8705623eb284e7df/IQRt4HhalyF5QI9kSBm4wz0BAYLrSvg0L-_fomtzF94e-Ac?width=1200&height=817
02-02-2024,100.4405212,102.4126282,97.57415771,97.83469391,2574044077,104,Solana,SOL-USD,Crypto,Cryptocurrency,https://1drv.ms/i/c/8705623eb284e7df/IQRt4HhalyF5QI9kSBm4wz0BAYLrSvg0L-_fomtzF94e-Ac?width=1200&height=817
03-02-2024,97.87998199,101.0589828,96.81257629,100.4511337,1349320819,104,Solana,SOL-USD,Crypto,Cryptocurrency,https://1drv.ms/i/c/8705623eb284e7df/IQRt4HhalyF5QI9kSBm4wz0BAYLrSvg0L-_fomtzF94e-Ac?width=1200&height=817
04-02-2024,95.47695923,98.4575882,95.26637268,97.88506317,1304106726,104,Solana,SOL-USD,Crypto,Cryptocurrency,https://1drv.ms/i/c/8705623eb284e7df/IQRt4HhalyF5QI9kSBm4wz0BAYLrSvg0L-_fomtzF94e-Ac?width=1200&height=817
05-02-2024,95.54866028,98.54404449,94.29252625,95.47146606,1635327054,104,Solana,SOL-USD,Crypto,Cryptocurrency,https://1drv.ms/i/c/8705623eb284e7df/IQRt4HhalyF5QI9kSBm4wz0BAYLrSvg0L-_fomtzF94e-Ac?width=1200&height=817
06-02-2024,96.86107635,97.79078674,93.28073883,95.54961395,1699997346,104,Solana,SOL-USD,Crypto,Cryptocurrency,https://1drv.ms/i/c/8705623eb284e7df/IQRt4HhalyF5QI9kSBm4wz0BAYLrSvg0L-_fomtzF94e-Ac?width=1200&height=817
07-02-2024,100.9792786,101.2366028,94.72022247,96.8618927,1733607189,104,Solana,SOL-USD,Crypto,Cryptocurrency,https://1drv.ms/i/c/8705623eb284e7df/IQRt4HhalyF5QI9kSBm4wz0BAYLrSvg0L-_fomtzF94e-Ac?width=1200&height=817
08-02-2024,102.7856369,104.7980423,100.5536957,100.9954987,2288429230,104,Solana,SOL-USD,Crypto,Cryptocurrency,https://1drv.ms/i/c/8705623eb284e7df/IQRt4HhalyF5QI9kSBm4wz0BAYLrSvg0L-_fomtzF94e-Ac?width=1200&height=817
09-02-2024,106.9333344,108.9877243,102.7901764,102.7901764,2852770180,104,Solana,SOL-USD,Crypto,Cryptocurrency,https://1drv.ms/i/c/8705623eb284e7df/IQRt4HhalyF5QI9kSBm4wz0BAYLrSvg0L-_fomtzF94e-Ac?width=1200&height=817
10-02-2024,109.1314697,110.7427902,106.9336624,106.9336624,1836561570,104,Solana,SOL-USD,Crypto,Cryptocurrency,https://1drv.ms/i/c/8705623eb284e7df/IQRt4HhalyF5QI9kSBm4wz0BAYLrSvg0L-_fomtzF94e-Ac?width=1200&height=817
11-02-2024,107.495285,110.5568695,107.3576508,109.1166763,1370383843,104,Solana,SOL-USD,Crypto,Cryptocurrency,https://1drv.ms/i/c/8705623eb284e7df/IQRt4HhalyF5QI9kSBm4wz0BAYLrSvg0L-_fomtzF94e-Ac?width=1200&height=817
12-02-2024,111.9927521,112.069664,103.6092911,107.49263,2650731894,104,Solana,SOL-USD,Crypto,Cryptocurrency,https://1drv.ms/i/c/8705623eb284e7df/IQRt4HhalyF5QI9kSBm4wz0BAYLrSvg0L-_fomtzF94e-Ac?width=1200&height=817
13-02-2024,112.5793076,114.8106461,108.493782,111.9772491,2709494768,104,Solana,SOL-USD,Crypto,Cryptocurrency,https://1drv.ms/i/c/8705623eb284e7df/IQRt4HhalyF5QI9kSBm4wz0BAYLrSvg0L-_fomtzF94e-Ac?width=1200&height=817
14-02-2024,116.976326,118.3277817,110.8784714,112.5749664,2391239729,104,Solana,SOL-USD,Crypto,Cryptocurrency,https://1drv.ms/i/c/8705623eb284e7df/IQRt4HhalyF5QI9kSBm4wz0BAYLrSvg0L-_fomtzF94e-Ac?width=1200&height=817
15-02-2024,113.6994095,118.3064957,111.7758789,116.9853897,2471486178,104,Solana,SOL-USD,Crypto,Cryptocurrency,https://1drv.ms/i/c/8705623eb284e7df/IQRt4HhalyF5QI9kSBm4wz0BAYLrSvg0L-_fomtzF94e-Ac?width=1200&height=817
16-02-2024,110.4459152,114.2530899,108.3487244,113.6730728,1921299579,104,Solana,SOL-USD,Crypto,Cryptocurrency,https://1drv.ms/i/c/8705623eb284e7df/IQRt4HhalyF5QI9kSBm4wz0BAYLrSvg0L-_fomtzF94e-Ac?width=1200&height=817
17-02-2024,108.9840164,111.0730438,106.1252213,110.443306,1370606631,104,Solana,SOL-USD,Crypto,Cryptocurrency,https://1drv.ms/i/c/8705623eb284e7df/IQRt4HhalyF5QI9kSBm4wz0BAYLrSvg0L-_fomtzF94e-Ac?width=1200&height=817
18-02-2024,112.174675,114.0013809,107.60672,108.9876022,1516321334,104,Solana,SOL-USD,Crypto,Cryptocurrency,https://1drv.ms/i/c/8705623eb284e7df/IQRt4HhalyF5QI9kSBm4wz0BAYLrSvg0L-_fomtzF94e-Ac?width=1200&height=817
19-02-2024,111.4853287,114.7179794,111.0814133,112.1788254,1898655220,104,Solana,SOL-USD,Crypto,Cryptocurrency,https://1drv.ms/i/c/8705623eb284e7df/IQRt4HhalyF5QI9kSBm4wz0BAYLrSvg0L-_fomtzF94e-Ac?width=1200&height=817
20-02-2024,108.4596405,112.0367432,104.8902283,111.4834442,2656976089,104,Solana,SOL-USD,Crypto,Cryptocurrency,https://1drv.ms/i/c/8705623eb284e7df/IQRt4HhalyF5QI9kSBm4wz0BAYLrSvg0L-_fomtzF94e-Ac?width=1200&height=817
21-02-2024,105.1252213,108.4526672,100.4120178,108.4526672,2246861647,104,Solana,SOL-USD,Crypto,Cryptocurrency,https://1drv.ms/i/c/8705623eb284e7df/IQRt4HhalyF5QI9kSBm4wz0BAYLrSvg0L-_fomtzF94e-Ac?width=1200&height=817
22-02-2024,101.6697922,106.9954071,101.6424026,105.1203079,1830636004,104,Solana,SOL-USD,Crypto,Cryptocurrency,https://1drv.ms/i/c/8705623eb284e7df/IQRt4HhalyF5QI9kSBm4wz0BAYLrSvg0L-_fomtzF94e-Ac?width=1200&height=817
23-02-2024,99.95469666,103.0228348,98.95835114,101.6746216,1483285120,104,Solana,SOL-USD,Crypto,Cryptocurrency,https://1drv.ms/i/c/8705623eb284e7df/IQRt4HhalyF5QI9kSBm4wz0BAYLrSvg0L-_fomtzF94e-Ac?width=1200&height=817
24-02-2024,104.133522,104.6453934,98.58520508,99.95437622,1083637514,104,Solana,SOL-USD,Crypto,Cryptocurrency,https://1drv.ms/i/c/8705623eb284e7df/IQRt4HhalyF5QI9kSBm4wz0BAYLrSvg0L-_fomtzF94e-Ac?width=1200&height=817
25-02-2024,103.4534912,104.3299408,102.1710281,104.1326675,909662462,104,Solana,SOL-USD,Crypto,Cryptocurrency,https://1drv.ms/i/c/8705623eb284e7df/IQRt4HhalyF5QI9kSBm4wz0BAYLrSvg0L-_fomtzF94e-Ac?width=1200&height=817
26-02-2024,109.9185333,110.5803528,100.4552002,103.4507065,2334408023,104,Solana,SOL-USD,Crypto,Cryptocurrency,https://1drv.ms/i/c/8705623eb284e7df/IQRt4HhalyF5QI9kSBm4wz0BAYLrSvg0L-_fomtzF94e-Ac?width=1200&height=817
27-02-2024,108.3880844,112.2047119,105.8969345,109.9187851,2723995106,104,Solana,SOL-USD,Crypto,Cryptocurrency,https://1drv.ms/i/c/8705623eb284e7df/IQRt4HhalyF5QI9kSBm4wz0BAYLrSvg0L-_fomtzF94e-Ac?width=1200&height=817
28-02-2024,118.0522003,118.0522003,107.4608765,108.3992386,5029492553,104,Solana,SOL-USD,Crypto,Cryptocurrency,https://1drv.ms/i/c/8705623eb284e7df/IQRt4HhalyF5QI9kSBm4wz0BAYLrSvg0L-_fomtzF94e-Ac?width=1200&height=817
29-02-2024,125.7115173,134.4656982,117.6675186,118.2387466,6950123902,104,Solana,SOL-USD,Crypto,Cryptocurrency,https://1drv.ms/i/c/8705623eb284e7df/IQRt4HhalyF5QI9kSBm4wz0BAYLrSvg0L-_fomtzF94e-Ac?width=1200&height=817
01-03-2024,129.9904022,137.6018677,125.6367035,125.6367035,4743077738,104,Solana,SOL-USD,Crypto,Cryptocurrency,https://1drv.ms/i/c/8705623eb284e7df/IQRt4HhalyF5QI9kSBm4wz0BAYLrSvg0L-_fomtzF94e-Ac?width=1200&height=817
02-03-2024,129.7001801,131.4548645,127.6808853,129.9823151,2741772676,104,Solana,SOL-USD,Crypto,Cryptocurrency,https://1drv.ms/i/c/8705623eb284e7df/IQRt4HhalyF5QI9kSBm4wz0BAYLrSvg0L-_fomtzF94e-Ac?width=1200&height=817
03-03-2024,130.4508667,132.0627441,125.7693253,129.7933807,2875614168,104,Solana,SOL-USD,Crypto,Cryptocurrency,https://1drv.ms/i/c/8705623eb284e7df/IQRt4HhalyF5QI9kSBm4wz0BAYLrSvg0L-_fomtzF94e-Ac?width=1200&height=817
04-03-2024,133.1945801,134.874176,127.7981415,130.423233,4429758300,104,Solana,SOL-USD,Crypto,Cryptocurrency,https://1drv.ms/i/c/8705623eb284e7df/IQRt4HhalyF5QI9kSBm4wz0BAYLrSvg0L-_fomtzF94e-Ac?width=1200&height=817
05-03-2024,125.7067108,142.6509399,109.5387573,133.1593628,8980294607,104,Solana,SOL-USD,Crypto,Cryptocurrency,https://1drv.ms/i/c/8705623eb284e7df/IQRt4HhalyF5QI9kSBm4wz0BAYLrSvg0L-_fomtzF94e-Ac?width=1200&height=817
06-03-2024,130.7420197,134.8106232,120.317337,125.6992111,5146680159,104,Solana,SOL-USD,Crypto,Cryptocurrency,https://1drv.ms/i/c/8705623eb284e7df/IQRt4HhalyF5QI9kSBm4wz0BAYLrSvg0L-_fomtzF94e-Ac?width=1200&height=817
07-03-2024,143.9778595,149.2247314,130.7017517,130.7420197,7111178325,104,Solana,SOL-USD,Crypto,Cryptocurrency,https://1drv.ms/i/c/8705623eb284e7df/IQRt4HhalyF5QI9kSBm4wz0BAYLrSvg0L-_fomtzF94e-Ac?width=1200&height=817
08-03-2024,145.240036,152.417923,142.5361481,143.9772797,5474659974,104,Solana,SOL-USD,Crypto,Cryptocurrency,https://1drv.ms/i/c/8705623eb284e7df/IQRt4HhalyF5QI9kSBm4wz0BAYLrSvg0L-_fomtzF94e-Ac?width=1200&height=817
09-03-2024,144.607254,149.3512878,144.2903748,145.2403259,2946261381,104,Solana,SOL-USD,Crypto,Cryptocurrency,https://1drv.ms/i/c/8705623eb284e7df/IQRt4HhalyF5QI9kSBm4wz0BAYLrSvg0L-_fomtzF94e-Ac?width=1200&height=817
10-03-2024,144.5151825,148.6719208,140.8399963,144.6073303,3407621981,104,Solana,SOL-USD,Crypto,Cryptocurrency,https://1drv.ms/i/c/8705623eb284e7df/IQRt4HhalyF5QI9kSBm4wz0BAYLrSvg0L-_fomtzF94e-Ac?width=1200&height=817
11-03-2024,148.7509613,150.0179749,137.6329803,144.5144806,5383624184,104,Solana,SOL-USD,Crypto,Cryptocurrency,https://1drv.ms/i/c/8705623eb284e7df/IQRt4HhalyF5QI9kSBm4wz0BAYLrSvg0L-_fomtzF94e-Ac?width=1200&height=817
12-03-2024,151.0154419,154.9422913,142.8701477,148.7496796,6413617983,104,Solana,SOL-USD,Crypto,Cryptocurrency,https://1drv.ms/i/c/8705623eb284e7df/IQRt4HhalyF5QI9kSBm4wz0BAYLrSvg0L-_fomtzF94e-Ac?width=1200&height=817
13-03-2024,163.8398132,166.448761,148.9456177,151.0154419,5917471836,104,Solana,SOL-USD,Crypto,Cryptocurrency,https://1drv.ms/i/c/8705623eb284e7df/IQRt4HhalyF5QI9kSBm4wz0BAYLrSvg0L-_fomtzF94e-Ac?width=1200&height=817
14-03-2024,176.6797485,177.8926239,160.233551,163.8399353,8399967972,104,Solana,SOL-USD,Crypto,Cryptocurrency,https://1drv.ms/i/c/8705623eb284e7df/IQRt4HhalyF5QI9kSBm4wz0BAYLrSvg0L-_fomtzF94e-Ac?width=1200&height=817
15-03-2024,182.9646912,188.501358,165.4127197,176.6797485,14093348410,104,Solana,SOL-USD,Crypto,Cryptocurrency,https://1drv.ms/i/c/8705623eb284e7df/IQRt4HhalyF5QI9kSBm4wz0BAYLrSvg0L-_fomtzF94e-Ac?width=1200&height=817
16-03-2024,181.8803406,197.6559906,177.4612732,182.967514,11794134069,104,Solana,SOL-USD,Crypto,Cryptocurrency,https://1drv.ms/i/c/8705623eb284e7df/IQRt4HhalyF5QI9kSBm4wz0BAYLrSvg0L-_fomtzF94e-Ac?width=1200&height=817
17-03-2024,202.1235657,204.2925415,179.2256012,181.8803406,10876218562,104,Solana,SOL-USD,Crypto,Cryptocurrency,https://1drv.ms/i/c/8705623eb284e7df/IQRt4HhalyF5QI9kSBm4wz0BAYLrSvg0L-_fomtzF94e-Ac?width=1200&height=817
18-03-2024,195.9927521,209.6960602,194.849411,202.1226044,11137647410,104,Solana,SOL-USD,Crypto,Cryptocurrency,https://1drv.ms/i/c/8705623eb284e7df/IQRt4HhalyF5QI9kSBm4wz0BAYLrSvg0L-_fomtzF94e-Ac?width=1200&height=817
19-03-2024,170.0162811,198.2410736,166.1767426,195.9927521,11658593922,104,Solana,SOL-USD,Crypto,Cryptocurrency,https://1drv.ms/i/c/8705623eb284e7df/IQRt4HhalyF5QI9kSBm4wz0BAYLrSvg0L-_fomtzF94e-Ac?width=1200&height=817
20-03-2024,191.5496216,192.9118195,163.2962646,170.0162811,8673957460,104,Solana,SOL-USD,Crypto,Cryptocurrency,https://1drv.ms/i/c/8705623eb284e7df/IQRt4HhalyF5QI9kSBm4wz0BAYLrSvg0L-_fomtzF94e-Ac?width=1200&height=817
21-03-2024,179.2207489,195.3061218,176.2833252,191.5496216,5613811275,104,Solana,SOL-USD,Crypto,Cryptocurrency,https://1drv.ms/i/c/8705623eb284e7df/IQRt4HhalyF5QI9kSBm4wz0BAYLrSvg0L-_fomtzF94e-Ac?width=1200&height=817
22-03-2024,174.3637085,181.3232422,167.8778534,179.2398071,4150938142,104,Solana,SOL-USD,Crypto,Cryptocurrency,https://1drv.ms/i/c/8705623eb284e7df/IQRt4HhalyF5QI9kSBm4wz0BAYLrSvg0L-_fomtzF94e-Ac?width=1200&height=817
23-03-2024,172.9022522,178.8001099,171.0169678,174.3637085,2711581881,104,Solana,SOL-USD,Crypto,Cryptocurrency,https://1drv.ms/i/c/8705623eb284e7df/IQRt4HhalyF5QI9kSBm4wz0BAYLrSvg0L-_fomtzF94e-Ac?width=1200&height=817
24-03-2024,183.5734558,186.629425,171.6737213,172.8978729,2661231893,104,Solana,SOL-USD,Crypto,Cryptocurrency,https://1drv.ms/i/c/8705623eb284e7df/IQRt4HhalyF5QI9kSBm4wz0BAYLrSvg0L-_fomtzF94e-Ac?width=1200&height=817
25-03-2024,189.0835419,194.4302673,181.2523499,183.5734558,4066489821,104,Solana,SOL-USD,Crypto,Cryptocurrency,https://1drv.ms/i/c/8705623eb284e7df/IQRt4HhalyF5QI9kSBm4wz0BAYLrSvg0L-_fomtzF94e-Ac?width=1200&height=817
26-03-2024,190.6998596,196.293045,186.7528229,189.0833893,3520179571,104,Solana,SOL-USD,Crypto,Cryptocurrency,https://1drv.ms/i/c/8705623eb284e7df/IQRt4HhalyF5QI9kSBm4wz0BAYLrSvg0L-_fomtzF94e-Ac?width=1200&height=817
27-03-2024,186.3614655,192.496582,180.4204407,190.6999817,3844985014,104,Solana,SOL-USD,Crypto,Cryptocurrency,https://1drv.ms/i/c/8705623eb284e7df/IQRt4HhalyF5QI9kSBm4wz0BAYLrSvg0L-_fomtzF94e-Ac?width=1200&height=817
28-03-2024,189.6216278,190.8834686,180.9976196,186.3614655,2910414256,104,Solana,SOL-USD,Crypto,Cryptocurrency,https://1drv.ms/i/c/8705623eb284e7df/IQRt4HhalyF5QI9kSBm4wz0BAYLrSvg0L-_fomtzF94e-Ac?width=1200&height=817
29-03-2024,192.227951,192.9698181,183.6461639,189.6216278,3031009580,104,Solana,SOL-USD,Crypto,Cryptocurrency,https://1drv.ms/i/c/8705623eb284e7df/IQRt4HhalyF5QI9kSBm4wz0BAYLrSvg0L-_fomtzF94e-Ac?width=1200&height=817
30-03-2024,194.3855438,199.7309418,191.2167816,192.2278595,2999311846,104,Solana,SOL-USD,Crypto,Cryptocurrency,https://1drv.ms/i/c/8705623eb284e7df/IQRt4HhalyF5QI9kSBm4wz0BAYLrSvg0L-_fomtzF94e-Ac?width=1200&height=817
31-03-2024,202.8741302,203.0267944,194.0353241,194.3757935,2342185476,104,Solana,SOL-USD,Crypto,Cryptocurrency,https://1drv.ms/i/c/8705623eb284e7df/IQRt4HhalyF5QI9kSBm4wz0BAYLrSvg0L-_fomtzF94e-Ac?width=1200&height=817
01-04-2024,192.5678253,204.1797638,187.4888916,202.8744354,3872515434,104,Solana,SOL-USD,Crypto,Cryptocurrency,https://1drv.ms/i/c/8705623eb284e7df/IQRt4HhalyF5QI9kSBm4wz0BAYLrSvg0L-_fomtzF94e-Ac?width=1200&height=817
02-04-2024,181.1722565,192.5694275,176.1320801,192.5678253,4553269015,104,Solana,SOL-USD,Crypto,Cryptocurrency,https://1drv.ms/i/c/8705623eb284e7df/IQRt4HhalyF5QI9kSBm4wz0BAYLrSvg0L-_fomtzF94e-Ac?width=1200&height=817
03-04-2024,185.2486115,191.6926727,177.3955078,181.1727295,4160370221,104,Solana,SOL-USD,Crypto,Cryptocurrency,https://1drv.ms/i/c/8705623eb284e7df/IQRt4HhalyF5QI9kSBm4wz0BAYLrSvg0L-_fomtzF94e-Ac?width=1200&height=817
04-04-2024,183.9581146,190.0696869,180.5122986,185.2486115,4101220964,104,Solana,SOL-USD,Crypto,Cryptocurrency,https://1drv.ms/i/c/8705623eb284e7df/IQRt4HhalyF5QI9kSBm4wz0BAYLrSvg0L-_fomtzF94e-Ac?width=1200&height=817
05-04-2024,174.5015106,184.9777832,168.2360687,183.9581146,7398400404,104,Solana,SOL-USD,Crypto,Cryptocurrency,https://1drv.ms/i/c/8705623eb284e7df/IQRt4HhalyF5QI9kSBm4wz0BAYLrSvg0L-_fomtzF94e-Ac?width=1200&height=817
06-04-2024,178.9153442,179.697525,173.8743134,174.5015106,4672922789,104,Solana,SOL-USD,Crypto,Cryptocurrency,https://1drv.ms/i/c/8705623eb284e7df/IQRt4HhalyF5QI9kSBm4wz0BAYLrSvg0L-_fomtzF94e-Ac?width=1200&height=817
07-04-2024,179.6498566,182.538208,177.0657959,178.9153442,1854793003,104,Solana,SOL-USD,Crypto,Cryptocurrency,https://1drv.ms/i/c/8705623eb284e7df/IQRt4HhalyF5QI9kSBm4wz0BAYLrSvg0L-_fomtzF94e-Ac?width=1200&height=817
08-04-2024,180.7847748,184.3028717,175.5899811,179.6506958,2744377905,104,Solana,SOL-USD,Crypto,Cryptocurrency,https://1drv.ms/i/c/8705623eb284e7df/IQRt4HhalyF5QI9kSBm4wz0BAYLrSvg0L-_fomtzF94e-Ac?width=1200&height=817
09-04-2024,172.41362,180.8256836,169.3677673,180.7795105,2688188866,104,Solana,SOL-USD,Crypto,Cryptocurrency,https://1drv.ms/i/c/8705623eb284e7df/IQRt4HhalyF5QI9kSBm4wz0BAYLrSvg0L-_fomtzF94e-Ac?width=1200&height=817
10-04-2024,173.4373627,175.3226166,163.8131256,172.4142609,3344074648,104,Solana,SOL-USD,Crypto,Cryptocurrency,https://1drv.ms/i/c/8705623eb284e7df/IQRt4HhalyF5QI9kSBm4wz0BAYLrSvg0L-_fomtzF94e-Ac?width=1200&height=817
11-04-2024,172.5763702,176.2355194,170.3934326,173.4373627,2712334365,104,Solana,SOL-USD,Crypto,Cryptocurrency,https://1drv.ms/i/c/8705623eb284e7df/IQRt4HhalyF5QI9kSBm4wz0BAYLrSvg0L-_fomtzF94e-Ac?width=1200&height=817
12-04-2024,153.6354675,175.8086395,145.5163879,172.5763702,4727185451,104,Solana,SOL-USD,Crypto,Cryptocurrency,https://1drv.ms/i/c/8705623eb284e7df/IQRt4HhalyF5QI9kSBm4wz0BAYLrSvg0L-_fomtzF94e-Ac?width=1200&height=817
13-04-2024,139.3416901,154.9439545,119.8333435,153.6344757,8976793985,104,Solana,SOL-USD,Crypto,Cryptocurrency,https://1drv.ms/i/c/8705623eb284e7df/IQRt4HhalyF5QI9kSBm4wz0BAYLrSvg0L-_fomtzF94e-Ac?width=1200&height=817
14-04-2024,151.2849426,152.5010071,131.2871704,139.3416901,7110974218,104,Solana,SOL-USD,Crypto,Cryptocurrency,https://1drv.ms/i/c/8705623eb284e7df/IQRt4HhalyF5QI9kSBm4wz0BAYLrSvg0L-_fomtzF94e-Ac?width=1200&height=817
15-04-2024,138.5086212,155.9611664,134.5725555,151.2994385,5699439234,104,Solana,SOL-USD,Crypto,Cryptocurrency,https://1drv.ms/i/c/8705623eb284e7df/IQRt4HhalyF5QI9kSBm4wz0BAYLrSvg0L-_fomtzF94e-Ac?width=1200&height=817
16-04-2024,136.2793274,140.2783051,126.8652802,138.5075684,5156084639,104,Solana,SOL-USD,Crypto,Cryptocurrency,https://1drv.ms/i/c/8705623eb284e7df/IQRt4HhalyF5QI9kSBm4wz0BAYLrSvg0L-_fomtzF94e-Ac?width=1200&height=817
17-04-2024,131.8661804,142.6043854,127.5289536,136.2791138,4888546522,104,Solana,SOL-USD,Crypto,Cryptocurrency,https://1drv.ms/i/c/8705623eb284e7df/IQRt4HhalyF5QI9kSBm4wz0BAYLrSvg0L-_fomtzF94e-Ac?width=1200&height=817
18-04-2024,142.0823975,143.727356,128.0767517,131.8671722,4193561506,104,Solana,SOL-USD,Crypto,Cryptocurrency,https://1drv.ms/i/c/8705623eb284e7df/IQRt4HhalyF5QI9kSBm4wz0BAYLrSvg0L-_fomtzF94e-Ac?width=1200&height=817
19-04-2024,142.6804962,147.333786,128.8628235,142.0823975,5857667913,104,Solana,SOL-USD,Crypto,Cryptocurrency,https://1drv.ms/i/c/8705623eb284e7df/IQRt4HhalyF5QI9kSBm4wz0BAYLrSvg0L-_fomtzF94e-Ac?width=1200&height=817
20-04-2024,151.1335602,152.0991821,140.0057068,142.6784515,2795892211,104,Solana,SOL-USD,Crypto,Cryptocurrency,https://1drv.ms/i/c/8705623eb284e7df/IQRt4HhalyF5QI9kSBm4wz0BAYLrSvg0L-_fomtzF94e-Ac?width=1200&height=817
21-04-2024,148.609314,153.4222565,147.1695251,151.134079,2211663291,104,Solana,SOL-USD,Crypto,Cryptocurrency,https://1drv.ms/i/c/8705623eb284e7df/IQRt4HhalyF5QI9kSBm4wz0BAYLrSvg0L-_fomtzF94e-Ac?width=1200&height=817
22-04-2024,157.0312195,158.3727112,146.9916992,148.609314,2959650502,104,Solana,SOL-USD,Crypto,Cryptocurrency,https://1drv.ms/i/c/8705623eb284e7df/IQRt4HhalyF5QI9kSBm4wz0BAYLrSvg0L-_fomtzF94e-Ac?width=1200&height=817
23-04-2024,154.7013092,159.9445953,153.3231201,157.0312195,2750685937,104,Solana,SOL-USD,Crypto,Cryptocurrency,https://1drv.ms/i/c/8705623eb284e7df/IQRt4HhalyF5QI9kSBm4wz0BAYLrSvg0L-_fomtzF94e-Ac?width=1200&height=817
24-04-2024,147.7451477,159.5809021,145.7705688,154.7013092,3932336720,104,Solana,SOL-USD,Crypto,Cryptocurrency,https://1drv.ms/i/c/8705623eb284e7df/IQRt4HhalyF5QI9kSBm4wz0BAYLrSvg0L-_fomtzF94e-Ac?width=1200&height=817
25-04-2024,144.8921204,149.3037567,142.2645721,147.7496185,3674969172,104,Solana,SOL-USD,Crypto,Cryptocurrency,https://1drv.ms/i/c/8705623eb284e7df/IQRt4HhalyF5QI9kSBm4wz0BAYLrSvg0L-_fomtzF94e-Ac?width=1200&height=817
26-04-2024,139.1043396,145.8546143,138.9083862,144.8891754,2564389027,104,Solana,SOL-USD,Crypto,Cryptocurrency,https://1drv.ms/i/c/8705623eb284e7df/IQRt4HhalyF5QI9kSBm4wz0BAYLrSvg0L-_fomtzF94e-Ac?width=1200&height=817
27-04-2024,141.2891693,142.8745117,134.0289154,139.1043396,2373155947,104,Solana,SOL-USD,Crypto,Cryptocurrency,https://1drv.ms/i/c/8705623eb284e7df/IQRt4HhalyF5QI9kSBm4wz0BAYLrSvg0L-_fomtzF94e-Ac?width=1200&height=817
28-04-2024,137.8564148,144.5138855,137.233017,141.2891693,1959005342,104,Solana,SOL-USD,Crypto,Cryptocurrency,https://1drv.ms/i/c/8705623eb284e7df/IQRt4HhalyF5QI9kSBm4wz0BAYLrSvg0L-_fomtzF94e-Ac?width=1200&height=817
29-04-2024,137.7766571,138.7387238,133.7091675,137.8601837,2464951751,104,Solana,SOL-USD,Crypto,Cryptocurrency,https://1drv.ms/i/c/8705623eb284e7df/IQRt4HhalyF5QI9kSBm4wz0BAYLrSvg0L-_fomtzF94e-Ac?width=1200&height=817
30-04-2024,126.9627075,139.6676483,121.6374588,137.777298,3407320371,104,Solana,SOL-USD,Crypto,Cryptocurrency,https://1drv.ms/i/c/8705623eb284e7df/IQRt4HhalyF5QI9kSBm4wz0BAYLrSvg0L-_fomtzF94e-Ac?width=1200&height=817
01-05-2024,134.6279755,135.1138611,119.3848114,126.9625473,4136407963,104,Solana,SOL-USD,Crypto,Cryptocurrency,https://1drv.ms/i/c/8705623eb284e7df/IQRt4HhalyF5QI9kSBm4wz0BAYLrSvg0L-_fomtzF94e-Ac?width=1200&height=817
02-05-2024,137.8144836,140.2815247,128.2602844,134.6279755,3380078368,104,Solana,SOL-USD,Crypto,Cryptocurrency,https://1drv.ms/i/c/8705623eb284e7df/IQRt4HhalyF5QI9kSBm4wz0BAYLrSvg0L-_fomtzF94e-Ac?width=1200&height=817
03-05-2024,143.7725525,144.9600372,136.1234283,137.8144836,3216962298,104,Solana,SOL-USD,Crypto,Cryptocurrency,https://1drv.ms/i/c/8705623eb284e7df/IQRt4HhalyF5QI9kSBm4wz0BAYLrSvg0L-_fomtzF94e-Ac?width=1200&height=817
04-05-2024,146.1350555,148.9357452,142.5662537,143.7722015,3050187811,104,Solana,SOL-USD,Crypto,Cryptocurrency,https://1drv.ms/i/c/8705623eb284e7df/IQRt4HhalyF5QI9kSBm4wz0BAYLrSvg0L-_fomtzF94e-Ac?width=1200&height=817
05-05-2024,145.713028,147.9164734,143.4784546,146.1350555,2034794725,104,Solana,SOL-USD,Crypto,Cryptocurrency,https://1drv.ms/i/c/8705623eb284e7df/IQRt4HhalyF5QI9kSBm4wz0BAYLrSvg0L-_fomtzF94e-Ac?width=1200&height=817
06-05-2024,152.8023987,156.6266937,145.5843201,145.7120514,2926902880,104,Solana,SOL-USD,Crypto,Cryptocurrency,https://1drv.ms/i/c/8705623eb284e7df/IQRt4HhalyF5QI9kSBm4wz0BAYLrSvg0L-_fomtzF94e-Ac?width=1200&height=817
07-05-2024,148.1343231,159.0534515,148.0836182,152.8066711,2687619013,104,Solana,SOL-USD,Crypto,Cryptocurrency,https://1drv.ms/i/c/8705623eb284e7df/IQRt4HhalyF5QI9kSBm4wz0BAYLrSvg0L-_fomtzF94e-Ac?width=1200&height=817
08-05-2024,142.2947388,149.8108978,140.1690979,148.1343231,2502237557,104,Solana,SOL-USD,Crypto,Cryptocurrency,https://1drv.ms/i/c/8705623eb284e7df/IQRt4HhalyF5QI9kSBm4wz0BAYLrSvg0L-_fomtzF94e-Ac?width=1200&height=817
09-05-2024,152.8499451,153.0862427,140.7896423,142.2947388,2249863780,104,Solana,SOL-USD,Crypto,Cryptocurrency,https://1drv.ms/i/c/8705623eb284e7df/IQRt4HhalyF5QI9kSBm4wz0BAYLrSvg0L-_fomtzF94e-Ac?width=1200&height=817
10-05-2024,146.2169037,155.4115906,144.938797,152.8529053,2471594251,104,Solana,SOL-USD,Crypto,Cryptocurrency,https://1drv.ms/i/c/8705623eb284e7df/IQRt4HhalyF5QI9kSBm4wz0BAYLrSvg0L-_fomtzF94e-Ac?width=1200&height=817
11-05-2024,145.3143768,147.4264374,143.3314056,146.2169647,1243751505,104,Solana,SOL-USD,Crypto,Cryptocurrency,https://1drv.ms/i/c/8705623eb284e7df/IQRt4HhalyF5QI9kSBm4wz0BAYLrSvg0L-_fomtzF94e-Ac?width=1200&height=817
12-05-2024,143.520813,147.5714722,142.8818359,145.3143768,936690341,104,Solana,SOL-USD,Crypto,Cryptocurrency,https://1drv.ms/i/c/8705623eb284e7df/IQRt4HhalyF5QI9kSBm4wz0BAYLrSvg0L-_fomtzF94e-Ac?width=1200&height=817
13-05-2024,147.2823334,150.5466614,138.0328522,143.520813,2556255769,104,Solana,SOL-USD,Crypto,Cryptocurrency,https://1drv.ms/i/c/8705623eb284e7df/IQRt4HhalyF5QI9kSBm4wz0BAYLrSvg0L-_fomtzF94e-Ac?width=1200&height=817
14-05-2024,142.0303955,148.8286896,141.9068604,147.2790833,2586166419,104,Solana,SOL-USD,Crypto,Cryptocurrency,https://1drv.ms/i/c/8705623eb284e7df/IQRt4HhalyF5QI9kSBm4wz0BAYLrSvg0L-_fomtzF94e-Ac?width=1200&height=817
15-05-2024,158.1868286,158.6407166,141.3503265,142.0303955,3585715674,104,Solana,SOL-USD,Crypto,Cryptocurrency,https://1drv.ms/i/c/8705623eb284e7df/IQRt4HhalyF5QI9kSBm4wz0BAYLrSvg0L-_fomtzF94e-Ac?width=1200&height=817
16-05-2024,159.1164551,164.3193207,156.7726288,158.1877594,3498272951,104,Solana,SOL-USD,Crypto,Cryptocurrency,https://1drv.ms/i/c/8705623eb284e7df/IQRt4HhalyF5QI9kSBm4wz0BAYLrSvg0L-_fomtzF94e-Ac?width=1200&height=817
17-05-2024,169.5305481,171.6060791,159.1164551,159.1164551,3371355809,104,Solana,SOL-USD,Crypto,Cryptocurrency,https://1drv.ms/i/c/8705623eb284e7df/IQRt4HhalyF5QI9kSBm4wz0BAYLrSvg0L-_fomtzF94e-Ac?width=1200&height=817
18-05-2024,172.5391388,175.7790985,168.9330597,169.5305481,2479657643,104,Solana,SOL-USD,Crypto,Cryptocurrency,https://1drv.ms/i/c/8705623eb284e7df/IQRt4HhalyF5QI9kSBm4wz0BAYLrSvg0L-_fomtzF94e-Ac?width=1200&height=817
19-05-2024,170.0913544,175.1893311,166.7326202,172.5391998,2300080451,104,Solana,SOL-USD,Crypto,Cryptocurrency,https://1drv.ms/i/c/8705623eb284e7df/IQRt4HhalyF5QI9kSBm4wz0BAYLrSvg0L-_fomtzF94e-Ac?width=1200&height=817
20-05-2024,186.5204926,187.4471283,168.0304413,170.0913544,4636864705,104,Solana,SOL-USD,Crypto,Cryptocurrency,https://1drv.ms/i/c/8705623eb284e7df/IQRt4HhalyF5QI9kSBm4wz0BAYLrSvg0L-_fomtzF94e-Ac?width=1200&height=817
21-05-2024,178.1161499,188.4938354,174.7117004,186.519516,4568414163,104,Solana,SOL-USD,Crypto,Cryptocurrency,https://1drv.ms/i/c/8705623eb284e7df/IQRt4HhalyF5QI9kSBm4wz0BAYLrSvg0L-_fomtzF94e-Ac?width=1200&height=817
22-05-2024,176.8607788,183.0676727,175.447464,178.1156769,3833758536,104,Solana,SOL-USD,Crypto,Cryptocurrency,https://1drv.ms/i/c/8705623eb284e7df/IQRt4HhalyF5QI9kSBm4wz0BAYLrSvg0L-_fomtzF94e-Ac?width=1200&height=817
23-05-2024,175.9857788,180.1652832,167.4036865,176.8631134,5117258940,104,Solana,SOL-USD,Crypto,Cryptocurrency,https://1drv.ms/i/c/8705623eb284e7df/IQRt4HhalyF5QI9kSBm4wz0BAYLrSvg0L-_fomtzF94e-Ac?width=1200&height=817
24-05-2024,167.7969208,176.0314789,162.8658905,175.9857788,4013502065,104,Solana,SOL-USD,Crypto,Cryptocurrency,https://1drv.ms/i/c/8705623eb284e7df/IQRt4HhalyF5QI9kSBm4wz0BAYLrSvg0L-_fomtzF94e-Ac?width=1200&height=817
25-05-2024,168.4376373,170.3550568,166.1130066,167.7969208,1875205755,104,Solana,SOL-USD,Crypto,Cryptocurrency,https://1drv.ms/i/c/8705623eb284e7df/IQRt4HhalyF5QI9kSBm4wz0BAYLrSvg0L-_fomtzF94e-Ac?width=1200&height=817
26-05-2024,163.3509064,168.43927,161.2638702,168.4376373,2543881488,104,Solana,SOL-USD,Crypto,Cryptocurrency,https://1drv.ms/i/c/8705623eb284e7df/IQRt4HhalyF5QI9kSBm4wz0BAYLrSvg0L-_fomtzF94e-Ac?width=1200&height=817
27-05-2024,169.9961395,171.9885406,163.3354492,163.3509064,2745440475,104,Solana,SOL-USD,Crypto,Cryptocurrency,https://1drv.ms/i/c/8705623eb284e7df/IQRt4HhalyF5QI9kSBm4wz0BAYLrSvg0L-_fomtzF94e-Ac?width=1200&height=817
28-05-2024,168.6508484,173.0171356,164.9734039,169.9961395,3342283019,104,Solana,SOL-USD,Crypto,Cryptocurrency,https://1drv.ms/i/c/8705623eb284e7df/IQRt4HhalyF5QI9kSBm4wz0BAYLrSvg0L-_fomtzF94e-Ac?width=1200&height=817
29-05-2024,168.0726776,173.6419525,167.3238525,168.6508484,2852496248,104,Solana,SOL-USD,Crypto,Cryptocurrency,https://1drv.ms/i/c/8705623eb284e7df/IQRt4HhalyF5QI9kSBm4wz0BAYLrSvg0L-_fomtzF94e-Ac?width=1200&height=817
30-05-2024,166.976532,172.4177856,163.68396,168.0726776,2932316784,104,Solana,SOL-USD,Crypto,Cryptocurrency,https://1drv.ms/i/c/8705623eb284e7df/IQRt4HhalyF5QI9kSBm4wz0BAYLrSvg0L-_fomtzF94e-Ac?width=1200&height=817
31-05-2024,165.6377106,170.6315613,163.9330902,166.976532,2415920333,104,Solana,SOL-USD,Crypto,Cryptocurrency,https://1drv.ms/i/c/8705623eb284e7df/IQRt4HhalyF5QI9kSBm4wz0BAYLrSvg0L-_fomtzF94e-Ac?width=1200&height=817
01-06-2024,166.0306702,167.7370911,165.5856171,165.6377258,1058869941,104,Solana,SOL-USD,Crypto,Cryptocurrency,https://1drv.ms/i/c/8705623eb284e7df/IQRt4HhalyF5QI9kSBm4wz0BAYLrSvg0L-_fomtzF94e-Ac?width=1200&height=817
02-06-2024,163.2499084,166.9154816,161.653244,166.0296173,1562269041,104,Solana,SOL-USD,Crypto,Cryptocurrency,https://1drv.ms/i/c/8705623eb284e7df/IQRt4HhalyF5QI9kSBm4wz0BAYLrSvg0L-_fomtzF94e-Ac?width=1200&height=817
03-06-2024,164.9234619,167.0387573,161.853714,163.2501526,2182487608,104,Solana,SOL-USD,Crypto,Cryptocurrency,https://1drv.ms/i/c/8705623eb284e7df/IQRt4HhalyF5QI9kSBm4wz0BAYLrSvg0L-_fomtzF94e-Ac?width=1200&height=817
04-06-2024,171.8019257,171.8168182,164.5155334,164.9250641,2057558426,104,Solana,SOL-USD,Crypto,Cryptocurrency,https://1drv.ms/i/c/8705623eb284e7df/IQRt4HhalyF5QI9kSBm4wz0BAYLrSvg0L-_fomtzF94e-Ac?width=1200&height=817
05-06-2024,173.4829102,175.4753113,171.3829956,171.8019257,2405906612,104,Solana,SOL-USD,Crypto,Cryptocurrency,https://1drv.ms/i/c/8705623eb284e7df/IQRt4HhalyF5QI9kSBm4wz0BAYLrSvg0L-_fomtzF94e-Ac?width=1200&height=817
06-06-2024,170.0162201,174.3047028,167.864212,173.4829102,1965442993,104,Solana,SOL-USD,Crypto,Cryptocurrency,https://1drv.ms/i/c/8705623eb284e7df/IQRt4HhalyF5QI9kSBm4wz0BAYLrSvg0L-_fomtzF94e-Ac?width=1200&height=817
07-06-2024,162.5070496,172.4381561,155.7987671,170.0158386,3298527575,104,Solana,SOL-USD,Crypto,Cryptocurrency,https://1drv.ms/i/c/8705623eb284e7df/IQRt4HhalyF5QI9kSBm4wz0BAYLrSvg0L-_fomtzF94e-Ac?width=1200&height=817
08-06-2024,157.9689026,163.6201782,157.5429535,162.4967499,1722237785,104,Solana,SOL-USD,Crypto,Cryptocurrency,https://1drv.ms/i/c/8705623eb284e7df/IQRt4HhalyF5QI9kSBm4wz0BAYLrSvg0L-_fomtzF94e-Ac?width=1200&height=817
09-06-2024,162.0836029,162.9189758,156.7687683,157.9637146,1475878151,104,Solana,SOL-USD,Crypto,Cryptocurrency,https://1drv.ms/i/c/8705623eb284e7df/IQRt4HhalyF5QI9kSBm4wz0BAYLrSvg0L-_fomtzF94e-Ac?width=1200&height=817
10-06-2024,158.9280243,162.8277588,157.7702026,162.0788879,1815361482,104,Solana,SOL-USD,Crypto,Cryptocurrency,https://1drv.ms/i/c/8705623eb284e7df/IQRt4HhalyF5QI9kSBm4wz0BAYLrSvg0L-_fomtzF94e-Ac?width=1200&height=817
11-06-2024,149.4289856,159.5231018,145.8651886,158.9341278,2812642453,104,Solana,SOL-USD,Crypto,Cryptocurrency,https://1drv.ms/i/c/8705623eb284e7df/IQRt4HhalyF5QI9kSBm4wz0BAYLrSvg0L-_fomtzF94e-Ac?width=1200&height=817
12-06-2024,155.1775665,161.5148315,145.8214417,149.4223175,2853692260,104,Solana,SOL-USD,Crypto,Cryptocurrency,https://1drv.ms/i/c/8705623eb284e7df/IQRt4HhalyF5QI9kSBm4wz0BAYLrSvg0L-_fomtzF94e-Ac?width=1200&height=817
13-06-2024,147.3144226,155.1923523,146.1722412,155.1923523,2085097655,104,Solana,SOL-USD,Crypto,Cryptocurrency,https://1drv.ms/i/c/8705623eb284e7df/IQRt4HhalyF5QI9kSBm4wz0BAYLrSvg0L-_fomtzF94e-Ac?width=1200&height=817
14-06-2024,143.0944366,148.7893372,140.115387,147.2820435,2330458883,104,Solana,SOL-USD,Crypto,Cryptocurrency,https://1drv.ms/i/c/8705623eb284e7df/IQRt4HhalyF5QI9kSBm4wz0BAYLrSvg0L-_fomtzF94e-Ac?width=1200&height=817
15-06-2024,145.4122162,145.5409698,143.0236511,143.0740814,1065293341,104,Solana,SOL-USD,Crypto,Cryptocurrency,https://1drv.ms/i/c/8705623eb284e7df/IQRt4HhalyF5QI9kSBm4wz0BAYLrSvg0L-_fomtzF94e-Ac?width=1200&height=817
16-06-2024,151.1255035,151.1255035,143.1795349,145.4179688,1147997523,104,Solana,SOL-USD,Crypto,Cryptocurrency,https://1drv.ms/i/c/8705623eb284e7df/IQRt4HhalyF5QI9kSBm4wz0BAYLrSvg0L-_fomtzF94e-Ac?width=1200&height=817
17-06-2024,143.3342743,151.5847778,140.1388092,151.1372375,2244770232,104,Solana,SOL-USD,Crypto,Cryptocurrency,https://1drv.ms/i/c/8705623eb284e7df/IQRt4HhalyF5QI9kSBm4wz0BAYLrSvg0L-_fomtzF94e-Ac?width=1200&height=817
18-06-2024,137.5039978,143.6106567,130.2890778,143.3146973,4046511952,104,Solana,SOL-USD,Crypto,Cryptocurrency,https://1drv.ms/i/c/8705623eb284e7df/IQRt4HhalyF5QI9kSBm4wz0BAYLrSvg0L-_fomtzF94e-Ac?width=1200&height=817
19-06-2024,135.6096039,141.6699371,134.7326355,137.4798126,2241396569,104,Solana,SOL-USD,Crypto,Cryptocurrency,https://1drv.ms/i/c/8705623eb284e7df/IQRt4HhalyF5QI9kSBm4wz0BAYLrSvg0L-_fomtzF94e-Ac?width=1200&height=817
20-06-2024,133.4729614,141.0752411,132.0876465,135.6096039,2343938226,104,Solana,SOL-USD,Crypto,Cryptocurrency,https://1drv.ms/i/c/8705623eb284e7df/IQRt4HhalyF5QI9kSBm4wz0BAYLrSvg0L-_fomtzF94e-Ac?width=1200&height=817
21-06-2024,134.5883026,135.2291565,128.9219208,133.4719543,2214701928,104,Solana,SOL-USD,Crypto,Cryptocurrency,https://1drv.ms/i/c/8705623eb284e7df/IQRt4HhalyF5QI9kSBm4wz0BAYLrSvg0L-_fomtzF94e-Ac?width=1200&height=817
22-06-2024,133.6702423,136.4600525,133.1424866,134.5676575,948392979,104,Solana,SOL-USD,Crypto,Cryptocurrency,https://1drv.ms/i/c/8705623eb284e7df/IQRt4HhalyF5QI9kSBm4wz0BAYLrSvg0L-_fomtzF94e-Ac?width=1200&height=817
23-06-2024,128.5904236,135.0058594,128.2696991,133.6600037,1063910411,104,Solana,SOL-USD,Crypto,Cryptocurrency,https://1drv.ms/i/c/8705623eb284e7df/IQRt4HhalyF5QI9kSBm4wz0BAYLrSvg0L-_fomtzF94e-Ac?width=1200&height=817
24-06-2024,132.241394,132.3112335,123.6693344,128.5980072,3420423301,104,Solana,SOL-USD,Crypto,Cryptocurrency,https://1drv.ms/i/c/8705623eb284e7df/IQRt4HhalyF5QI9kSBm4wz0BAYLrSvg0L-_fomtzF94e-Ac?width=1200&height=817
25-06-2024,136.5592041,139.7295837,131.2963562,132.2693481,2517391150,104,Solana,SOL-USD,Crypto,Cryptocurrency,https://1drv.ms/i/c/8705623eb284e7df/IQRt4HhalyF5QI9kSBm4wz0BAYLrSvg0L-_fomtzF94e-Ac?width=1200&height=817
26-06-2024,136.6091461,140.1687622,134.925766,136.5549774,1670038554,104,Solana,SOL-USD,Crypto,Cryptocurrency,https://1drv.ms/i/c/8705623eb284e7df/IQRt4HhalyF5QI9kSBm4wz0BAYLrSvg0L-_fomtzF94e-Ac?width=1200&height=817
27-06-2024,149.4483795,150.7672119,135.2449951,136.6134186,2831651846,104,Solana,SOL-USD,Crypto,Cryptocurrency,https://1drv.ms/i/c/8705623eb284e7df/IQRt4HhalyF5QI9kSBm4wz0BAYLrSvg0L-_fomtzF94e-Ac?width=1200&height=817
28-06-2024,139.7033997,150.05159,139.3058929,149.4542694,2396070692,104,Solana,SOL-USD,Crypto,Cryptocurrency,https://1drv.ms/i/c/8705623eb284e7df/IQRt4HhalyF5QI9kSBm4wz0BAYLrSvg0L-_fomtzF94e-Ac?width=1200&height=817
29-06-2024,140.0101471,142.8238525,139.6678009,139.7193146,1139066175,104,Solana,SOL-USD,Crypto,Cryptocurrency,https://1drv.ms/i/c/8705623eb284e7df/IQRt4HhalyF5QI9kSBm4wz0BAYLrSvg0L-_fomtzF94e-Ac?width=1200&height=817
30-06-2024,146.4924927,147.1993256,137.1413727,140.0127258,1567841881,104,Solana,SOL-USD,Crypto,Cryptocurrency,https://1drv.ms/i/c/8705623eb284e7df/IQRt4HhalyF5QI9kSBm4wz0BAYLrSvg0L-_fomtzF94e-Ac?width=1200&height=817
01-07-2024,146.5950623,148.7985077,145.8227997,146.4812775,1814659116,104,Solana,SOL-USD,Crypto,Cryptocurrency,https://1drv.ms/i/c/8705623eb284e7df/IQRt4HhalyF5QI9kSBm4wz0BAYLrSvg0L-_fomtzF94e-Ac?width=1200&height=817
02-07-2024,153.7004852,154.7129669,146.1205444,146.5885468,2024773533,104,Solana,SOL-USD,Crypto,Cryptocurrency,https://1drv.ms/i/c/8705623eb284e7df/IQRt4HhalyF5QI9kSBm4wz0BAYLrSvg0L-_fomtzF94e-Ac?width=1200&height=817
03-07-2024,140.7314148,154.197998,139.5172577,153.7111359,2813419415,104,Solana,SOL-USD,Crypto,Cryptocurrency,https://1drv.ms/i/c/8705623eb284e7df/IQRt4HhalyF5QI9kSBm4wz0BAYLrSvg0L-_fomtzF94e-Ac?width=1200&height=817
04-07-2024,127.5508194,142.5148621,127.5508194,140.715332,3243822145,104,Solana,SOL-USD,Crypto,Cryptocurrency,https://1drv.ms/i/c/8705623eb284e7df/IQRt4HhalyF5QI9kSBm4wz0BAYLrSvg0L-_fomtzF94e-Ac?width=1200&height=817
05-07-2024,134.369339,135.8457947,122.4423065,127.605072,4644036182,104,Solana,SOL-USD,Crypto,Cryptocurrency,https://1drv.ms/i/c/8705623eb284e7df/IQRt4HhalyF5QI9kSBm4wz0BAYLrSvg0L-_fomtzF94e-Ac?width=1200&height=817
06-07-2024,143.2411804,144.0084686,132.6132965,134.3632965,2078535871,104,Solana,SOL-USD,Crypto,Cryptocurrency,https://1drv.ms/i/c/8705623eb284e7df/IQRt4HhalyF5QI9kSBm4wz0BAYLrSvg0L-_fomtzF94e-Ac?width=1200&height=817
07-07-2024,131.7740936,143.1870575,131.7740936,143.1870575,1842515124,104,Solana,SOL-USD,Crypto,Cryptocurrency,https://1drv.ms/i/c/8705623eb284e7df/IQRt4HhalyF5QI9kSBm4wz0BAYLrSvg0L-_fomtzF94e-Ac?width=1200&height=817
08-07-2024,139.4636993,141.6341095,128.5629272,131.7970276,3692404575,104,Solana,SOL-USD,Crypto,Cryptocurrency,https://1drv.ms/i/c/8705623eb284e7df/IQRt4HhalyF5QI9kSBm4wz0BAYLrSvg0L-_fomtzF94e-Ac?width=1200&height=817
09-07-2024,141.3484497,143.9293823,136.7409363,139.5373535,2418798702,104,Solana,SOL-USD,Crypto,Cryptocurrency,https://1drv.ms/i/c/8705623eb284e7df/IQRt4HhalyF5QI9kSBm4wz0BAYLrSvg0L-_fomtzF94e-Ac?width=1200&height=817
10-07-2024,141.9747925,145.853714,138.8560486,141.3741455,1952272010,104,Solana,SOL-USD,Crypto,Cryptocurrency,https://1drv.ms/i/c/8705623eb284e7df/IQRt4HhalyF5QI9kSBm4wz0BAYLrSvg0L-_fomtzF94e-Ac?width=1200&height=817
11-07-2024,135.8832245,145.3244324,135.8475189,141.9828033,2286890972,104,Solana,SOL-USD,Crypto,Cryptocurrency,https://1drv.ms/i/c/8705623eb284e7df/IQRt4HhalyF5QI9kSBm4wz0BAYLrSvg0L-_fomtzF94e-Ac?width=1200&height=817
12-07-2024,139.5280151,140.4247742,134.1591492,135.8640289,1990173458,104,Solana,SOL-USD,Crypto,Cryptocurrency,https://1drv.ms/i/c/8705623eb284e7df/IQRt4HhalyF5QI9kSBm4wz0BAYLrSvg0L-_fomtzF94e-Ac?width=1200&height=817
13-07-2024,141.9249725,143.3674316,138.1795349,139.5263977,1131518484,104,Solana,SOL-USD,Crypto,Cryptocurrency,https://1drv.ms/i/c/8705623eb284e7df/IQRt4HhalyF5QI9kSBm4wz0BAYLrSvg0L-_fomtzF94e-Ac?width=1200&height=817
14-07-2024,147.6223145,148.5470581,141.926651,141.926651,2009294488,104,Solana,SOL-USD,Crypto,Cryptocurrency,https://1drv.ms/i/c/8705623eb284e7df/IQRt4HhalyF5QI9kSBm4wz0BAYLrSvg0L-_fomtzF94e-Ac?width=1200&height=817
15-07-2024,159.9339752,159.9420624,147.2028809,147.6661377,2580623500,104,Solana,SOL-USD,Crypto,Cryptocurrency,https://1drv.ms/i/c/8705623eb284e7df/IQRt4HhalyF5QI9kSBm4wz0BAYLrSvg0L-_fomtzF94e-Ac?width=1200&height=817
16-07-2024,160.5518799,162.4695129,153.0537262,159.7733307,3034234774,104,Solana,SOL-USD,Crypto,Cryptocurrency,https://1drv.ms/i/c/8705623eb284e7df/IQRt4HhalyF5QI9kSBm4wz0BAYLrSvg0L-_fomtzF94e-Ac?width=1200&height=817
17-07-2024,155.5841064,163.5952301,155.0670319,160.5632935,2255652667,104,Solana,SOL-USD,Crypto,Cryptocurrency,https://1drv.ms/i/c/8705623eb284e7df/IQRt4HhalyF5QI9kSBm4wz0BAYLrSvg0L-_fomtzF94e-Ac?width=1200&height=817
18-07-2024,159.0724182,161.5871582,155.56604,155.5910492,2044591406,104,Solana,SOL-USD,Crypto,Cryptocurrency,https://1drv.ms/i/c/8705623eb284e7df/IQRt4HhalyF5QI9kSBm4wz0BAYLrSvg0L-_fomtzF94e-Ac?width=1200&height=817
19-07-2024,169.1858673,171.5067444,156.6065369,159.0923309,3617009839,104,Solana,SOL-USD,Crypto,Cryptocurrency,https://1drv.ms/i/c/8705623eb284e7df/IQRt4HhalyF5QI9kSBm4wz0BAYLrSvg0L-_fomtzF94e-Ac?width=1200&height=817
20-07-2024,173.8917847,174.8312988,167.557312,169.1826172,1908476088,104,Solana,SOL-USD,Crypto,Cryptocurrency,https://1drv.ms/i/c/8705623eb284e7df/IQRt4HhalyF5QI9kSBm4wz0BAYLrSvg0L-_fomtzF94e-Ac?width=1200&height=817
21-07-2024,184.5416107,184.8703156,171.1182098,173.8937378,3080452915,104,Solana,SOL-USD,Crypto,Cryptocurrency,https://1drv.ms/i/c/8705623eb284e7df/IQRt4HhalyF5QI9kSBm4wz0BAYLrSvg0L-_fomtzF94e-Ac?width=1200&height=817
22-07-2024,178.9782867,184.7924652,177.0441284,184.5455627,2808509242,104,Solana,SOL-USD,Crypto,Cryptocurrency,https://1drv.ms/i/c/8705623eb284e7df/IQRt4HhalyF5QI9kSBm4wz0BAYLrSvg0L-_fomtzF94e-Ac?width=1200&height=817
23-07-2024,172.7575684,180.4961548,170.9885406,178.9782867,3230351478,104,Solana,SOL-USD,Crypto,Cryptocurrency,https://1drv.ms/i/c/8705623eb284e7df/IQRt4HhalyF5QI9kSBm4wz0BAYLrSvg0L-_fomtzF94e-Ac?width=1200&height=817
24-07-2024,178.0323029,182.357605,171.2104187,172.7585144,3112174836,104,Solana,SOL-USD,Crypto,Cryptocurrency,https://1drv.ms/i/c/8705623eb284e7df/IQRt4HhalyF5QI9kSBm4wz0BAYLrSvg0L-_fomtzF94e-Ac?width=1200&height=817
25-07-2024,171.9630737,179.5209351,165.9325409,178.0295258,4067186719,104,Solana,SOL-USD,Crypto,Cryptocurrency,https://1drv.ms/i/c/8705623eb284e7df/IQRt4HhalyF5QI9kSBm4wz0BAYLrSvg0L-_fomtzF94e-Ac?width=1200&height=817
26-07-2024,183.1367188,183.5383606,171.8778992,171.9625702,2816314095,104,Solana,SOL-USD,Crypto,Cryptocurrency,https://1drv.ms/i/c/8705623eb284e7df/IQRt4HhalyF5QI9kSBm4wz0BAYLrSvg0L-_fomtzF94e-Ac?width=1200&height=817
27-07-2024,184.0854034,188.1405945,178.5983582,183.138092,3248901126,104,Solana,SOL-USD,Crypto,Cryptocurrency,https://1drv.ms/i/c/8705623eb284e7df/IQRt4HhalyF5QI9kSBm4wz0BAYLrSvg0L-_fomtzF94e-Ac?width=1200&height=817
28-07-2024,184.8860779,186.5146179,181.39534,184.0859985,1852374783,104,Solana,SOL-USD,Crypto,Cryptocurrency,https://1drv.ms/i/c/8705623eb284e7df/IQRt4HhalyF5QI9kSBm4wz0BAYLrSvg0L-_fomtzF94e-Ac?width=1200&height=817
29-07-2024,182.7805939,193.7322845,181.8853607,184.8871918,3654304391,104,Solana,SOL-USD,Crypto,Cryptocurrency,https://1drv.ms/i/c/8705623eb284e7df/IQRt4HhalyF5QI9kSBm4wz0BAYLrSvg0L-_fomtzF94e-Ac?width=1200&height=817
30-07-2024,179.107193,184.18013,176.0224304,182.7715912,2766172800,104,Solana,SOL-USD,Crypto,Cryptocurrency,https://1drv.ms/i/c/8705623eb284e7df/IQRt4HhalyF5QI9kSBm4wz0BAYLrSvg0L-_fomtzF94e-Ac?width=1200&height=817
31-07-2024,171.8261566,184.1794434,171.8191986,179.1080475,3055204208,104,Solana,SOL-USD,Crypto,Cryptocurrency,https://1drv.ms/i/c/8705623eb284e7df/IQRt4HhalyF5QI9kSBm4wz0BAYLrSvg0L-_fomtzF94e-Ac?width=1200&height=817
01-08-2024,167.6721191,172.6898041,157.9883881,171.8256683,4402828194,104,Solana,SOL-USD,Crypto,Cryptocurrency,https://1drv.ms/i/c/8705623eb284e7df/IQRt4HhalyF5QI9kSBm4wz0BAYLrSvg0L-_fomtzF94e-Ac?width=1200&height=817
02-08-2024,152.6382294,169.0439606,150.0849915,167.6605377,4507521137,104,Solana,SOL-USD,Crypto,Cryptocurrency,https://1drv.ms/i/c/8705623eb284e7df/IQRt4HhalyF5QI9kSBm4wz0BAYLrSvg0L-_fomtzF94e-Ac?width=1200&height=817
03-08-2024,142.9219971,153.7768555,140.221405,152.6382294,3620526646,104,Solana,SOL-USD,Crypto,Cryptocurrency,https://1drv.ms/i/c/8705623eb284e7df/IQRt4HhalyF5QI9kSBm4wz0BAYLrSvg0L-_fomtzF94e-Ac?width=1200&height=817
04-08-2024,138.0550842,145.8376617,132.139679,142.9219513,4333596296,104,Solana,SOL-USD,Crypto,Cryptocurrency,https://1drv.ms/i/c/8705623eb284e7df/IQRt4HhalyF5QI9kSBm4wz0BAYLrSvg0L-_fomtzF94e-Ac?width=1200&height=817
05-08-2024,129.8643036,139.1414642,110.6095581,138.0526886,14114308949,104,Solana,SOL-USD,Crypto,Cryptocurrency,https://1drv.ms/i/c/8705623eb284e7df/IQRt4HhalyF5QI9kSBm4wz0BAYLrSvg0L-_fomtzF94e-Ac?width=1200&height=817
06-08-2024,144.0903625,149.3529663,129.7885742,129.8629456,5813459735,104,Solana,SOL-USD,Crypto,Cryptocurrency,https://1drv.ms/i/c/8705623eb284e7df/IQRt4HhalyF5QI9kSBm4wz0BAYLrSvg0L-_fomtzF94e-Ac?width=1200&height=817
07-08-2024,144.6320953,155.0077972,142.7469025,144.0882111,5529725414,104,Solana,SOL-USD,Crypto,Cryptocurrency,https://1drv.ms/i/c/8705623eb284e7df/IQRt4HhalyF5QI9kSBm4wz0BAYLrSvg0L-_fomtzF94e-Ac?width=1200&height=817
08-08-2024,162.9307404,163.0259094,142.019928,144.6324768,5385642745,104,Solana,SOL-USD,Crypto,Cryptocurrency,https://1drv.ms/i/c/8705623eb284e7df/IQRt4HhalyF5QI9kSBm4wz0BAYLrSvg0L-_fomtzF94e-Ac?width=1200&height=817
09-08-2024,156.4572144,163.2494812,151.2261353,162.9307404,3217916997,104,Solana,SOL-USD,Crypto,Cryptocurrency,https://1drv.ms/i/c/8705623eb284e7df/IQRt4HhalyF5QI9kSBm4wz0BAYLrSvg0L-_fomtzF94e-Ac?width=1200&height=817
10-08-2024,153.9591675,158.5860596,152.8730469,156.4572144,1662980960,104,Solana,SOL-USD,Crypto,Cryptocurrency,https://1drv.ms/i/c/8705623eb284e7df/IQRt4HhalyF5QI9kSBm4wz0BAYLrSvg0L-_fomtzF94e-Ac?width=1200&height=817
11-08-2024,141.5268555,157.9319,141.3482971,153.9616699,2411765937,104,Solana,SOL-USD,Crypto,Cryptocurrency,https://1drv.ms/i/c/8705623eb284e7df/IQRt4HhalyF5QI9kSBm4wz0BAYLrSvg0L-_fomtzF94e-Ac?width=1200&height=817
12-08-2024,146.4542389,150.8146362,141.4407959,141.532074,3380174341,104,Solana,SOL-USD,Crypto,Cryptocurrency,https://1drv.ms/i/c/8705623eb284e7df/IQRt4HhalyF5QI9kSBm4wz0BAYLrSvg0L-_fomtzF94e-Ac?width=1200&height=817
13-08-2024,146.7126923,149.6101227,143.1520233,146.4545593,2224488388,104,Solana,SOL-USD,Crypto,Cryptocurrency,https://1drv.ms/i/c/8705623eb284e7df/IQRt4HhalyF5QI9kSBm4wz0BAYLrSvg0L-_fomtzF94e-Ac?width=1200&height=817
14-08-2024,143.9234619,151.7260437,142.717926,146.7126923,2714536693,104,Solana,SOL-USD,Crypto,Cryptocurrency,https://1drv.ms/i/c/8705623eb284e7df/IQRt4HhalyF5QI9kSBm4wz0BAYLrSvg0L-_fomtzF94e-Ac?width=1200&height=817
15-08-2024,142.7458191,147.3515472,138.1619263,143.9226685,3032770371,104,Solana,SOL-USD,Crypto,Cryptocurrency,https://1drv.ms/i/c/8705623eb284e7df/IQRt4HhalyF5QI9kSBm4wz0BAYLrSvg0L-_fomtzF94e-Ac?width=1200&height=817
16-08-2024,139.3305664,144.7954559,136.3846436,142.7428741,2707615564,104,Solana,SOL-USD,Crypto,Cryptocurrency,https://1drv.ms/i/c/8705623eb284e7df/IQRt4HhalyF5QI9kSBm4wz0BAYLrSvg0L-_fomtzF94e-Ac?width=1200&height=817
17-08-2024,141.7985077,141.9628296,137.8663025,139.3305664,1199702073,104,Solana,SOL-USD,Crypto,Cryptocurrency,https://1drv.ms/i/c/8705623eb284e7df/IQRt4HhalyF5QI9kSBm4wz0BAYLrSvg0L-_fomtzF94e-Ac?width=1200&height=817
18-08-2024,142.5868835,146.9629822,140.9596252,141.7985077,1866239536,104,Solana,SOL-USD,Crypto,Cryptocurrency,https://1drv.ms/i/c/8705623eb284e7df/IQRt4HhalyF5QI9kSBm4wz0BAYLrSvg0L-_fomtzF94e-Ac?width=1200&height=817
19-08-2024,144.343689,145.9236298,140.7487183,142.5868835,2077549615,104,Solana,SOL-USD,Crypto,Cryptocurrency,https://1drv.ms/i/c/8705623eb284e7df/IQRt4HhalyF5QI9kSBm4wz0BAYLrSvg0L-_fomtzF94e-Ac?width=1200&height=817
20-08-2024,143.1677399,148.6486053,141.3607025,144.3468475,2124392770,104,Solana,SOL-USD,Crypto,Cryptocurrency,https://1drv.ms/i/c/8705623eb284e7df/IQRt4HhalyF5QI9kSBm4wz0BAYLrSvg0L-_fomtzF94e-Ac?width=1200&height=817
21-08-2024,142.70961,144.1562958,139.2665405,142.3330383,1923259439,104,Solana,SOL-USD,Crypto,Cryptocurrency,https://1drv.ms/i/c/8705623eb284e7df/IQRt4HhalyF5QI9kSBm4wz0BAYLrSvg0L-_fomtzF94e-Ac?width=1200&height=817
22-08-2024,143.2579346,144.8132172,140.9344025,142.70961,1368400829,104,Solana,SOL-USD,Crypto,Cryptocurrency,https://1drv.ms/i/c/8705623eb284e7df/IQRt4HhalyF5QI9kSBm4wz0BAYLrSvg0L-_fomtzF94e-Ac?width=1200&height=817
23-08-2024,153.1070862,153.7712402,143.1647797,143.2579346,2560976300,104,Solana,SOL-USD,Crypto,Cryptocurrency,https://1drv.ms/i/c/8705623eb284e7df/IQRt4HhalyF5QI9kSBm4wz0BAYLrSvg0L-_fomtzF94e-Ac?width=1200&height=817
24-08-2024,160.7317505,162.1693268,152.1520844,153.1083374,2749419604,104,Solana,SOL-USD,Crypto,Cryptocurrency,https://1drv.ms/i/c/8705623eb284e7df/IQRt4HhalyF5QI9kSBm4wz0BAYLrSvg0L-_fomtzF94e-Ac?width=1200&height=817
25-08-2024,158.9091187,161.9479675,155.5071411,160.7317505,2085078554,104,Solana,SOL-USD,Crypto,Cryptocurrency,https://1drv.ms/i/c/8705623eb284e7df/IQRt4HhalyF5QI9kSBm4wz0BAYLrSvg0L-_fomtzF94e-Ac?width=1200&height=817
26-08-2024,157.2368774,161.9111023,155.884491,158.911499,2588808155,104,Solana,SOL-USD,Crypto,Cryptocurrency,https://1drv.ms/i/c/8705623eb284e7df/IQRt4HhalyF5QI9kSBm4wz0BAYLrSvg0L-_fomtzF94e-Ac?width=1200&height=817
27-08-2024,146.8970947,159.6235504,145.6564026,157.2365875,2783392784,104,Solana,SOL-USD,Crypto,Cryptocurrency,https://1drv.ms/i/c/8705623eb284e7df/IQRt4HhalyF5QI9kSBm4wz0BAYLrSvg0L-_fomtzF94e-Ac?width=1200&height=817
28-08-2024,143.8913879,148.6949768,140.9708099,146.8970947,2932401182,104,Solana,SOL-USD,Crypto,Cryptocurrency,https://1drv.ms/i/c/8705623eb284e7df/IQRt4HhalyF5QI9kSBm4wz0BAYLrSvg0L-_fomtzF94e-Ac?width=1200&height=817
29-08-2024,140.0540314,147.2205811,138.2660675,143.8910675,2098251665,104,Solana,SOL-USD,Crypto,Cryptocurrency,https://1drv.ms/i/c/8705623eb284e7df/IQRt4HhalyF5QI9kSBm4wz0BAYLrSvg0L-_fomtzF94e-Ac?width=1200&height=817
30-08-2024,138.0999908,141.0131836,132.4513397,140.0540314,2683385690,104,Solana,SOL-USD,Crypto,Cryptocurrency,https://1drv.ms/i/c/8705623eb284e7df/IQRt4HhalyF5QI9kSBm4wz0BAYLrSvg0L-_fomtzF94e-Ac?width=1200&height=817
31-08-2024,135.3742523,138.9922485,134.6364288,138.0999908,892155699,104,Solana,SOL-USD,Crypto,Cryptocurrency,https://1drv.ms/i/c/8705623eb284e7df/IQRt4HhalyF5QI9kSBm4wz0BAYLrSvg0L-_fomtzF94e-Ac?width=1200&height=817
01-09-2024,128.6905518,135.997818,128.2432556,135.3742523,1974170865,104,Solana,SOL-USD,Crypto,Cryptocurrency,https://1drv.ms/i/c/8705623eb284e7df/IQRt4HhalyF5QI9kSBm4wz0BAYLrSvg0L-_fomtzF94e-Ac?width=1200&height=817
02-09-2024,135.0023651,135.3523865,127.2661972,128.6905518,2092221241,104,Solana,SOL-USD,Crypto,Cryptocurrency,https://1drv.ms/i/c/8705623eb284e7df/IQRt4HhalyF5QI9kSBm4wz0BAYLrSvg0L-_fomtzF94e-Ac?width=1200&height=817
03-09-2024,127.5775833,137.1447601,127.574234,135.0023651,1787700523,104,Solana,SOL-USD,Crypto,Cryptocurrency,https://1drv.ms/i/c/8705623eb284e7df/IQRt4HhalyF5QI9kSBm4wz0BAYLrSvg0L-_fomtzF94e-Ac?width=1200&height=817
04-09-2024,133.6039124,134.8691711,123.6129532,127.5775833,2663812153,104,Solana,SOL-USD,Crypto,Cryptocurrency,https://1drv.ms/i/c/8705623eb284e7df/IQRt4HhalyF5QI9kSBm4wz0BAYLrSvg0L-_fomtzF94e-Ac?width=1200&height=817
05-09-2024,129.328949,135.0852051,128.1413727,133.6043701,1926178088,104,Solana,SOL-USD,Crypto,Cryptocurrency,https://1drv.ms/i/c/8705623eb284e7df/IQRt4HhalyF5QI9kSBm4wz0BAYLrSvg0L-_fomtzF94e-Ac?width=1200&height=817
06-09-2024,124.9900742,134.1680756,121.0553818,129.328949,3520537699,104,Solana,SOL-USD,Crypto,Cryptocurrency,https://1drv.ms/i/c/8705623eb284e7df/IQRt4HhalyF5QI9kSBm4wz0BAYLrSvg0L-_fomtzF94e-Ac?width=1200&height=817
07-09-2024,127.7215652,129.2908936,124.2690811,124.9900742,1321261949,104,Solana,SOL-USD,Crypto,Cryptocurrency,https://1drv.ms/i/c/8705623eb284e7df/IQRt4HhalyF5QI9kSBm4wz0BAYLrSvg0L-_fomtzF94e-Ac?width=1200&height=817
08-09-2024,129.9895172,131.5152435,126.8130264,127.7215652,1317794291,104,Solana,SOL-USD,Crypto,Cryptocurrency,https://1drv.ms/i/c/8705623eb284e7df/IQRt4HhalyF5QI9kSBm4wz0BAYLrSvg0L-_fomtzF94e-Ac?width=1200&height=817
09-09-2024,135.0256195,136.1865387,127.2197952,129.9895172,2443769044,104,Solana,SOL-USD,Crypto,Cryptocurrency,https://1drv.ms/i/c/8705623eb284e7df/IQRt4HhalyF5QI9kSBm4wz0BAYLrSvg0L-_fomtzF94e-Ac?width=1200&height=817
10-09-2024,135.6352234,137.8063507,132.6310883,135.0263672,1642358500,104,Solana,SOL-USD,Crypto,Cryptocurrency,https://1drv.ms/i/c/8705623eb284e7df/IQRt4HhalyF5QI9kSBm4wz0BAYLrSvg0L-_fomtzF94e-Ac?width=1200&height=817
11-09-2024,132.4973907,135.8038788,128.4340057,135.6349487,2122617674,104,Solana,SOL-USD,Crypto,Cryptocurrency,https://1drv.ms/i/c/8705623eb284e7df/IQRt4HhalyF5QI9kSBm4wz0BAYLrSvg0L-_fomtzF94e-Ac?width=1200&height=817
12-09-2024,136.1419067,136.6148071,132.4433289,132.4970856,1597055803,104,Solana,SOL-USD,Crypto,Cryptocurrency,https://1drv.ms/i/c/8705623eb284e7df/IQRt4HhalyF5QI9kSBm4wz0BAYLrSvg0L-_fomtzF94e-Ac?width=1200&height=817
13-09-2024,139.1005402,139.8325043,131.8639526,136.1419067,1668690414,104,Solana,SOL-USD,Crypto,Cryptocurrency,https://1drv.ms/i/c/8705623eb284e7df/IQRt4HhalyF5QI9kSBm4wz0BAYLrSvg0L-_fomtzF94e-Ac?width=1200&height=817
14-09-2024,137.1797791,139.7345734,135.9435577,139.1025391,952465288,104,Solana,SOL-USD,Crypto,Cryptocurrency,https://1drv.ms/i/c/8705623eb284e7df/IQRt4HhalyF5QI9kSBm4wz0BAYLrSvg0L-_fomtzF94e-Ac?width=1200&height=817
15-09-2024,131.4993896,137.9234924,130.9698029,137.1797791,1358403273,104,Solana,SOL-USD,Crypto,Cryptocurrency,https://1drv.ms/i/c/8705623eb284e7df/IQRt4HhalyF5QI9kSBm4wz0BAYLrSvg0L-_fomtzF94e-Ac?width=1200&height=817
16-09-2024,131.4725952,132.2963715,129.1380768,131.4993896,1623218789,104,Solana,SOL-USD,Crypto,Cryptocurrency,https://1drv.ms/i/c/8705623eb284e7df/IQRt4HhalyF5QI9kSBm4wz0BAYLrSvg0L-_fomtzF94e-Ac?width=1200&height=817
17-09-2024,131.5370789,135.4871368,130.4756927,131.4724426,1726861492,104,Solana,SOL-USD,Crypto,Cryptocurrency,https://1drv.ms/i/c/8705623eb284e7df/IQRt4HhalyF5QI9kSBm4wz0BAYLrSvg0L-_fomtzF94e-Ac?width=1200&height=817
18-09-2024,133.9918518,133.9918518,127.2507629,131.5370789,2260675347,104,Solana,SOL-USD,Crypto,Cryptocurrency,https://1drv.ms/i/c/8705623eb284e7df/IQRt4HhalyF5QI9kSBm4wz0BAYLrSvg0L-_fomtzF94e-Ac?width=1200&height=817
19-09-2024,142.8362732,143.9043732,133.9918518,133.9918518,2884543933,104,Solana,SOL-USD,Crypto,Cryptocurrency,https://1drv.ms/i/c/8705623eb284e7df/IQRt4HhalyF5QI9kSBm4wz0BAYLrSvg0L-_fomtzF94e-Ac?width=1200&height=817
20-09-2024,146.566803,151.7609406,141.3161621,142.8365479,3241123621,104,Solana,SOL-USD,Crypto,Cryptocurrency,https://1drv.ms/i/c/8705623eb284e7df/IQRt4HhalyF5QI9kSBm4wz0BAYLrSvg0L-_fomtzF94e-Ac?width=1200&height=817
21-09-2024,149.5270386,149.8364563,144.7980347,146.566803,1385610390,104,Solana,SOL-USD,Crypto,Cryptocurrency,https://1drv.ms/i/c/8705623eb284e7df/IQRt4HhalyF5QI9kSBm4wz0BAYLrSvg0L-_fomtzF94e-Ac?width=1200&height=817
22-09-2024,144.8036499,149.8658295,141.384613,149.5270386,1597826979,104,Solana,SOL-USD,Crypto,Cryptocurrency,https://1drv.ms/i/c/8705623eb284e7df/IQRt4HhalyF5QI9kSBm4wz0BAYLrSvg0L-_fomtzF94e-Ac?width=1200&height=817
23-09-2024,144.8149872,148.9704285,142.6438446,144.8036499,2344229720,104,Solana,SOL-USD,Crypto,Cryptocurrency,https://1drv.ms/i/c/8705623eb284e7df/IQRt4HhalyF5QI9kSBm4wz0BAYLrSvg0L-_fomtzF94e-Ac?width=1200&height=817
24-09-2024,152.8921509,153.5362854,143.3041382,144.8149872,2927238360,104,Solana,SOL-USD,Crypto,Cryptocurrency,https://1drv.ms/i/c/8705623eb284e7df/IQRt4HhalyF5QI9kSBm4wz0BAYLrSvg0L-_fomtzF94e-Ac?width=1200&height=817
25-09-2024,148.0234222,153.5476379,147.4501343,152.8909607,2138602628,104,Solana,SOL-USD,Crypto,Cryptocurrency,https://1drv.ms/i/c/8705623eb284e7df/IQRt4HhalyF5QI9kSBm4wz0BAYLrSvg0L-_fomtzF94e-Ac?width=1200&height=817
26-09-2024,155.5760956,157.8581543,146.8707581,148.0211029,3009969111,104,Solana,SOL-USD,Crypto,Cryptocurrency,https://1drv.ms/i/c/8705623eb284e7df/IQRt4HhalyF5QI9kSBm4wz0BAYLrSvg0L-_fomtzF94e-Ac?width=1200&height=817
27-09-2024,157.749939,160.9813995,154.1302795,155.5760956,2765830721,104,Solana,SOL-USD,Crypto,Cryptocurrency,https://1drv.ms/i/c/8705623eb284e7df/IQRt4HhalyF5QI9kSBm4wz0BAYLrSvg0L-_fomtzF94e-Ac?width=1200&height=817
28-09-2024,156.9124298,159.3452148,155.2993164,157.7519073,1300870644,104,Solana,SOL-USD,Crypto,Cryptocurrency,https://1drv.ms/i/c/8705623eb284e7df/IQRt4HhalyF5QI9kSBm4wz0BAYLrSvg0L-_fomtzF94e-Ac?width=1200&height=817
29-09-2024,158.6291656,161.6230621,155.2430878,156.9124298,1773980028,104,Solana,SOL-USD,Crypto,Cryptocurrency,https://1drv.ms/i/c/8705623eb284e7df/IQRt4HhalyF5QI9kSBm4wz0BAYLrSvg0L-_fomtzF94e-Ac?width=1200&height=817
30-09-2024,152.6184692,159.5089264,152.0198364,158.6324158,2376780676,104,Solana,SOL-USD,Crypto,Cryptocurrency,https://1drv.ms/i/c/8705623eb284e7df/IQRt4HhalyF5QI9kSBm4wz0BAYLrSvg0L-_fomtzF94e-Ac?width=1200&height=817
01-10-2024,145.2898865,157.258194,142.8423309,152.6184692,3656164855,104,Solana,SOL-USD,Crypto,Cryptocurrency,https://1drv.ms/i/c/8705623eb284e7df/IQRt4HhalyF5QI9kSBm4wz0BAYLrSvg0L-_fomtzF94e-Ac?width=1200&height=817
02-10-2024,140.3855591,148.8256836,138.9187469,145.2898865,2892264150,104,Solana,SOL-USD,Crypto,Cryptocurrency,https://1drv.ms/i/c/8705623eb284e7df/IQRt4HhalyF5QI9kSBm4wz0BAYLrSvg0L-_fomtzF94e-Ac?width=1200&height=817
03-10-2024,136.7851868,142.8054352,133.5531616,140.384903,2914986844,104,Solana,SOL-USD,Crypto,Cryptocurrency,https://1drv.ms/i/c/8705623eb284e7df/IQRt4HhalyF5QI9kSBm4wz0BAYLrSvg0L-_fomtzF94e-Ac?width=1200&height=817
04-10-2024,143.1722717,144.4267883,136.0756378,136.7851868,2361841303,104,Solana,SOL-USD,Crypto,Cryptocurrency,https://1drv.ms/i/c/8705623eb284e7df/IQRt4HhalyF5QI9kSBm4wz0BAYLrSvg0L-_fomtzF94e-Ac?width=1200&height=817
05-10-2024,142.7117462,144.8342896,141.1696625,143.1722717,1113937760,104,Solana,SOL-USD,Crypto,Cryptocurrency,https://1drv.ms/i/c/8705623eb284e7df/IQRt4HhalyF5QI9kSBm4wz0BAYLrSvg0L-_fomtzF94e-Ac?width=1200&height=817
06-10-2024,146.4423676,146.6200104,142.1142426,142.7117157,1168715645,104,Solana,SOL-USD,Crypto,Cryptocurrency,https://1drv.ms/i/c/8705623eb284e7df/IQRt4HhalyF5QI9kSBm4wz0BAYLrSvg0L-_fomtzF94e-Ac?width=1200&height=817
07-10-2024,143.9917908,152.1038361,143.6045837,146.4435425,2678803498,104,Solana,SOL-USD,Crypto,Cryptocurrency,https://1drv.ms/i/c/8705623eb284e7df/IQRt4HhalyF5QI9kSBm4wz0BAYLrSvg0L-_fomtzF94e-Ac?width=1200&height=817
08-10-2024,143.3944244,145.4487915,141.2363739,143.9917908,1710617951,104,Solana,SOL-USD,Crypto,Cryptocurrency,https://1drv.ms/i/c/8705623eb284e7df/IQRt4HhalyF5QI9kSBm4wz0BAYLrSvg0L-_fomtzF94e-Ac?width=1200&height=817
09-10-2024,139.3155365,145.1295166,138.7974396,143.39534,1697499287,104,Solana,SOL-USD,Crypto,Cryptocurrency,https://1drv.ms/i/c/8705623eb284e7df/IQRt4HhalyF5QI9kSBm4wz0BAYLrSvg0L-_fomtzF94e-Ac?width=1200&height=817
10-10-2024,138.8884125,140.5805817,135.5827026,139.3137665,1770157917,104,Solana,SOL-USD,Crypto,Cryptocurrency,https://1drv.ms/i/c/8705623eb284e7df/IQRt4HhalyF5QI9kSBm4wz0BAYLrSvg0L-_fomtzF94e-Ac?width=1200&height=817
11-10-2024,145.3811493,146.4306335,138.7558594,138.8867493,1797846253,104,Solana,SOL-USD,Crypto,Cryptocurrency,https://1drv.ms/i/c/8705623eb284e7df/IQRt4HhalyF5QI9kSBm4wz0BAYLrSvg0L-_fomtzF94e-Ac?width=1200&height=817
12-10-2024,146.5002899,147.1369019,144.7617645,145.3811493,1118630507,104,Solana,SOL-USD,Crypto,Cryptocurrency,https://1drv.ms/i/c/8705623eb284e7df/IQRt4HhalyF5QI9kSBm4wz0BAYLrSvg0L-_fomtzF94e-Ac?width=1200&height=817
13-10-2024,147.5724335,148.7133331,144.623642,146.5003357,1294444111,104,Solana,SOL-USD,Crypto,Cryptocurrency,https://1drv.ms/i/c/8705623eb284e7df/IQRt4HhalyF5QI9kSBm4wz0BAYLrSvg0L-_fomtzF94e-Ac?width=1200&height=817
14-10-2024,157.4451294,157.7541046,147.0058289,147.5702515,2929339176,104,Solana,SOL-USD,Crypto,Cryptocurrency,https://1drv.ms/i/c/8705623eb284e7df/IQRt4HhalyF5QI9kSBm4wz0BAYLrSvg0L-_fomtzF94e-Ac?width=1200&height=817
15-10-2024,154.7206268,158.7157593,150.9095154,157.4451294,3451652506,104,Solana,SOL-USD,Crypto,Cryptocurrency,https://1drv.ms/i/c/8705623eb284e7df/IQRt4HhalyF5QI9kSBm4wz0BAYLrSvg0L-_fomtzF94e-Ac?width=1200&height=817
16-10-2024,154.2342224,158.1370392,153.0816956,154.7206268,2397546608,104,Solana,SOL-USD,Crypto,Cryptocurrency,https://1drv.ms/i/c/8705623eb284e7df/IQRt4HhalyF5QI9kSBm4wz0BAYLrSvg0L-_fomtzF94e-Ac?width=1200&height=817
17-10-2024,150.3160248,155.5516357,147.9434967,154.2381744,2157747733,104,Solana,SOL-USD,Crypto,Cryptocurrency,https://1drv.ms/i/c/8705623eb284e7df/IQRt4HhalyF5QI9kSBm4wz0BAYLrSvg0L-_fomtzF94e-Ac?width=1200&height=817
18-10-2024,154.9759369,156.5374146,149.7010193,150.3227081,1754226839,104,Solana,SOL-USD,Crypto,Cryptocurrency,https://1drv.ms/i/c/8705623eb284e7df/IQRt4HhalyF5QI9kSBm4wz0BAYLrSvg0L-_fomtzF94e-Ac?width=1200&height=817
19-10-2024,159.6393585,159.7104187,153.9128265,154.9759369,1440375026,104,Solana,SOL-USD,Crypto,Cryptocurrency,https://1drv.ms/i/c/8705623eb284e7df/IQRt4HhalyF5QI9kSBm4wz0BAYLrSvg0L-_fomtzF94e-Ac?width=1200&height=817
20-10-2024,166.9398193,167.5856476,157.7657318,159.6412201,2579198899,104,Solana,SOL-USD,Crypto,Cryptocurrency,https://1drv.ms/i/c/8705623eb284e7df/IQRt4HhalyF5QI9kSBm4wz0BAYLrSvg0L-_fomtzF94e-Ac?width=1200&height=817
21-10-2024,166.2168732,171.4306641,161.8105011,166.9386139,3924173188,104,Solana,SOL-USD,Crypto,Cryptocurrency,https://1drv.ms/i/c/8705623eb284e7df/IQRt4HhalyF5QI9kSBm4wz0BAYLrSvg0L-_fomtzF94e-Ac?width=1200&height=817
22-10-2024,167.2601471,170.7600861,163.2853699,166.2176056,3470792372,104,Solana,SOL-USD,Crypto,Cryptocurrency,https://1drv.ms/i/c/8705623eb284e7df/IQRt4HhalyF5QI9kSBm4wz0BAYLrSvg0L-_fomtzF94e-Ac?width=1200&height=817
23-10-2024,170.9324951,173.8150177,164.1938171,167.2606354,3861697575,104,Solana,SOL-USD,Crypto,Cryptocurrency,https://1drv.ms/i/c/8705623eb284e7df/IQRt4HhalyF5QI9kSBm4wz0BAYLrSvg0L-_fomtzF94e-Ac?width=1200&height=817
24-10-2024,177.1569366,178.9953003,170.5173798,171.1108704,3529481044,104,Solana,SOL-USD,Crypto,Cryptocurrency,https://1drv.ms/i/c/8705623eb284e7df/IQRt4HhalyF5QI9kSBm4wz0BAYLrSvg0L-_fomtzF94e-Ac?width=1200&height=817
25-10-2024,164.756897,177.1919403,160.0352783,177.157135,4869966180,104,Solana,SOL-USD,Crypto,Cryptocurrency,https://1drv.ms/i/c/8705623eb284e7df/IQRt4HhalyF5QI9kSBm4wz0BAYLrSvg0L-_fomtzF94e-Ac?width=1200&height=817
26-10-2024,170.7059631,172.8228302,162.4433594,164.7559967,2755373492,104,Solana,SOL-USD,Crypto,Cryptocurrency,https://1drv.ms/i/c/8705623eb284e7df/IQRt4HhalyF5QI9kSBm4wz0BAYLrSvg0L-_fomtzF94e-Ac?width=1200&height=817
27-10-2024,176.5491943,177.8951569,170.1924438,170.7059631,2427933420,104,Solana,SOL-USD,Crypto,Cryptocurrency,https://1drv.ms/i/c/8705623eb284e7df/IQRt4HhalyF5QI9kSBm4wz0BAYLrSvg0L-_fomtzF94e-Ac?width=1200&height=817
28-10-2024,178.1049042,179.4079742,172.8722534,176.5536804,3623055701,104,Solana,SOL-USD,Crypto,Cryptocurrency,https://1drv.ms/i/c/8705623eb284e7df/IQRt4HhalyF5QI9kSBm4wz0BAYLrSvg0L-_fomtzF94e-Ac?width=1200&height=817
29-10-2024,179.3607483,183.039444,176.855484,178.1036377,3919545873,104,Solana,SOL-USD,Crypto,Cryptocurrency,https://1drv.ms/i/c/8705623eb284e7df/IQRt4HhalyF5QI9kSBm4wz0BAYLrSvg0L-_fomtzF94e-Ac?width=1200&height=817
30-10-2024,174.9249725,181.1526642,173.3993988,179.3607483,2772422773,104,Solana,SOL-USD,Crypto,Cryptocurrency,https://1drv.ms/i/c/8705623eb284e7df/IQRt4HhalyF5QI9kSBm4wz0BAYLrSvg0L-_fomtzF94e-Ac?width=1200&height=817
31-10-2024,168.4299927,176.2798462,167.5767822,174.9250793,2652620406,104,Solana,SOL-USD,Crypto,Cryptocurrency,https://1drv.ms/i/c/8705623eb284e7df/IQRt4HhalyF5QI9kSBm4wz0BAYLrSvg0L-_fomtzF94e-Ac?width=1200&height=817
01-11-2024,166.2621307,173.8500214,164.032547,168.4302216,3157093060,104,Solana,SOL-USD,Crypto,Cryptocurrency,https://1drv.ms/i/c/8705623eb284e7df/IQRt4HhalyF5QI9kSBm4wz0BAYLrSvg0L-_fomtzF94e-Ac?width=1200&height=817
02-11-2024,166.0103455,168.4605713,162.3870239,166.2621307,1618170398,104,Solana,SOL-USD,Crypto,Cryptocurrency,https://1drv.ms/i/c/8705623eb284e7df/IQRt4HhalyF5QI9kSBm4wz0BAYLrSvg0L-_fomtzF94e-Ac?width=1200&height=817
03-11-2024,162.5513,166.3763275,158.1367645,166.0103455,2645801646,104,Solana,SOL-USD,Crypto,Cryptocurrency,https://1drv.ms/i/c/8705623eb284e7df/IQRt4HhalyF5QI9kSBm4wz0BAYLrSvg0L-_fomtzF94e-Ac?width=1200&height=817
04-11-2024,157.7471008,164.7138977,155.1655273,162.5516968,2809006700,104,Solana,SOL-USD,Crypto,Cryptocurrency,https://1drv.ms/i/c/8705623eb284e7df/IQRt4HhalyF5QI9kSBm4wz0BAYLrSvg0L-_fomtzF94e-Ac?width=1200&height=817
05-11-2024,166.7223969,169.1266479,156.9881897,157.7471008,3243848057,104,Solana,SOL-USD,Crypto,Cryptocurrency,https://1drv.ms/i/c/8705623eb284e7df/IQRt4HhalyF5QI9kSBm4wz0BAYLrSvg0L-_fomtzF94e-Ac?width=1200&height=817
06-11-2024,186.9547882,189.9154816,166.6982422,166.7223969,9822932731,104,Solana,SOL-USD,Crypto,Cryptocurrency,https://1drv.ms/i/c/8705623eb284e7df/IQRt4HhalyF5QI9kSBm4wz0BAYLrSvg0L-_fomtzF94e-Ac?width=1200&height=817
07-11-2024,196.3345947,197.9009399,186.1360474,186.9547882,4700842780,104,Solana,SOL-USD,Crypto,Cryptocurrency,https://1drv.ms/i/c/8705623eb284e7df/IQRt4HhalyF5QI9kSBm4wz0BAYLrSvg0L-_fomtzF94e-Ac?width=1200&height=817
08-11-2024,199.9390106,204.9697571,196.0237427,196.3345947,5673142495,104,Solana,SOL-USD,Crypto,Cryptocurrency,https://1drv.ms/i/c/8705623eb284e7df/IQRt4HhalyF5QI9kSBm4wz0BAYLrSvg0L-_fomtzF94e-Ac?width=1200&height=817
09-11-2024,200.1949158,203.34729,195.4741058,199.9396057,3363617004,104,Solana,SOL-USD,Crypto,Cryptocurrency,https://1drv.ms/i/c/8705623eb284e7df/IQRt4HhalyF5QI9kSBm4wz0BAYLrSvg0L-_fomtzF94e-Ac?width=1200&height=817
10-11-2024,210.6137238,215.1790771,198.9831085,200.1959534,8564655765,104,Solana,SOL-USD,Crypto,Cryptocurrency,https://1drv.ms/i/c/8705623eb284e7df/IQRt4HhalyF5QI9kSBm4wz0BAYLrSvg0L-_fomtzF94e-Ac?width=1200&height=817
11-11-2024,222.6416779,223.2198029,204.5623016,210.6137238,10290809023,104,Solana,SOL-USD,Crypto,Cryptocurrency,https://1drv.ms/i/c/8705623eb284e7df/IQRt4HhalyF5QI9kSBm4wz0BAYLrSvg0L-_fomtzF94e-Ac?width=1200&height=817
12-11-2024,212.2318115,225.0115204,205.4478607,222.6416779,11308516682,104,Solana,SOL-USD,Crypto,Cryptocurrency,https://1drv.ms/i/c/8705623eb284e7df/IQRt4HhalyF5QI9kSBm4wz0BAYLrSvg0L-_fomtzF94e-Ac?width=1200&height=817
13-11-2024,215.1845551,220.3391876,201.4705811,212.2080078,11296665808,104,Solana,SOL-USD,Crypto,Cryptocurrency,https://1drv.ms/i/c/8705623eb284e7df/IQRt4HhalyF5QI9kSBm4wz0BAYLrSvg0L-_fomtzF94e-Ac?width=1200&height=817
14-11-2024,209.2190704,222.6391449,207.4968109,215.1844635,8094554275,104,Solana,SOL-USD,Crypto,Cryptocurrency,https://1drv.ms/i/c/8705623eb284e7df/IQRt4HhalyF5QI9kSBm4wz0BAYLrSvg0L-_fomtzF94e-Ac?width=1200&height=817
15-11-2024,218.0949097,219.5387878,204.8280182,209.2362366,6109860311,104,Solana,SOL-USD,Crypto,Cryptocurrency,https://1drv.ms/i/c/8705623eb284e7df/IQRt4HhalyF5QI9kSBm4wz0BAYLrSvg0L-_fomtzF94e-Ac?width=1200&height=817
16-11-2024,215.8488312,221.6623688,213.8047791,218.5693665,4698955745,104,Solana,SOL-USD,Crypto,Cryptocurrency,https://1drv.ms/i/c/8705623eb284e7df/IQRt4HhalyF5QI9kSBm4wz0BAYLrSvg0L-_fomtzF94e-Ac?width=1200&height=817
17-11-2024,237.575531,241.2353363,212.7281647,215.8477936,9981076722,104,Solana,SOL-USD,Crypto,Cryptocurrency,https://1drv.ms/i/c/8705623eb284e7df/IQRt4HhalyF5QI9kSBm4wz0BAYLrSvg0L-_fomtzF94e-Ac?width=1200&height=817
18-11-2024,239.7942505,248.1928101,234.4010468,237.575531,8798714213,104,Solana,SOL-USD,Crypto,Cryptocurrency,https://1drv.ms/i/c/8705623eb284e7df/IQRt4HhalyF5QI9kSBm4wz0BAYLrSvg0L-_fomtzF94e-Ac?width=1200&height=817
19-11-2024,238.0975494,247.0905609,234.1530609,239.8008881,6711919414,104,Solana,SOL-USD,Crypto,Cryptocurrency,https://1drv.ms/i/c/8705623eb284e7df/IQRt4HhalyF5QI9kSBm4wz0BAYLrSvg0L-_fomtzF94e-Ac?width=1200&height=817
20-11-2024,235.4236603,242.1078796,230.910553,238.0925751,6454141445,104,Solana,SOL-USD,Crypto,Cryptocurrency,https://1drv.ms/i/c/8705623eb284e7df/IQRt4HhalyF5QI9kSBm4wz0BAYLrSvg0L-_fomtzF94e-Ac?width=1200&height=817
21-11-2024,257.0658875,259.0535583,230.341568,235.4273987,10735314060,104,Solana,SOL-USD,Crypto,Cryptocurrency,https://1drv.ms/i/c/8705623eb284e7df/IQRt4HhalyF5QI9kSBm4wz0BAYLrSvg0L-_fomtzF94e-Ac?width=1200&height=817
22-11-2024,256.5186768,263.7008667,252.1354218,257.0814209,7249493783,104,Solana,SOL-USD,Crypto,Cryptocurrency,https://1drv.ms/i/c/8705623eb284e7df/IQRt4HhalyF5QI9kSBm4wz0BAYLrSvg0L-_fomtzF94e-Ac?width=1200&height=817
23-11-2024,255.1785126,263.831543,253.187439,256.518158,6234742858,104,Solana,SOL-USD,Crypto,Cryptocurrency,https://1drv.ms/i/c/8705623eb284e7df/IQRt4HhalyF5QI9kSBm4wz0BAYLrSvg0L-_fomtzF94e-Ac?width=1200&height=817
24-11-2024,252.9195251,259.6256409,243.1221619,255.1785126,5330146683,104,Solana,SOL-USD,Crypto,Cryptocurrency,https://1drv.ms/i/c/8705623eb284e7df/IQRt4HhalyF5QI9kSBm4wz0BAYLrSvg0L-_fomtzF94e-Ac?width=1200&height=817
25-11-2024,234.4466095,256.422699,231.5519867,252.9160614,6616015635,104,Solana,SOL-USD,Crypto,Cryptocurrency,https://1drv.ms/i/c/8705623eb284e7df/IQRt4HhalyF5QI9kSBm4wz0BAYLrSvg0L-_fomtzF94e-Ac?width=1200&height=817
26-11-2024,230.9781952,239.6378021,222.9571991,234.4456787,6996936265,104,Solana,SOL-USD,Crypto,Cryptocurrency,https://1drv.ms/i/c/8705623eb284e7df/IQRt4HhalyF5QI9kSBm4wz0BAYLrSvg0L-_fomtzF94e-Ac?width=1200&height=817
27-11-2024,242.3022156,243.1248016,228.1300507,230.9722137,5381404312,104,Solana,SOL-USD,Crypto,Cryptocurrency,https://1drv.ms/i/c/8705623eb284e7df/IQRt4HhalyF5QI9kSBm4wz0BAYLrSvg0L-_fomtzF94e-Ac?width=1200&height=817
28-11-2024,237.7640076,245.2044525,233.2028656,242.3004608,4047310070,104,Solana,SOL-USD,Crypto,Cryptocurrency,https://1drv.ms/i/c/8705623eb284e7df/IQRt4HhalyF5QI9kSBm4wz0BAYLrSvg0L-_fomtzF94e-Ac?width=1200&height=817
29-11-2024,243.5494995,246.7762909,236.8212433,237.7639771,4152396835,104,Solana,SOL-USD,Crypto,Cryptocurrency,https://1drv.ms/i/c/8705623eb284e7df/IQRt4HhalyF5QI9kSBm4wz0BAYLrSvg0L-_fomtzF94e-Ac?width=1200&height=817
30-11-2024,237.7437439,245.2368774,237.7225342,243.5488434,3549156564,104,Solana,SOL-USD,Crypto,Cryptocurrency,https://1drv.ms/i/c/8705623eb284e7df/IQRt4HhalyF5QI9kSBm4wz0BAYLrSvg0L-_fomtzF94e-Ac?width=1200&height=817
01-12-2024,237.069931,239.8065796,234.5303955,237.7438354,3726118866,104,Solana,SOL-USD,Crypto,Cryptocurrency,https://1drv.ms/i/c/8705623eb284e7df/IQRt4HhalyF5QI9kSBm4wz0BAYLrSvg0L-_fomtzF94e-Ac?width=1200&height=817
02-12-2024,225.7561951,237.8766174,220.5511932,237.0654297,7374176295,104,Solana,SOL-USD,Crypto,Cryptocurrency,https://1drv.ms/i/c/8705623eb284e7df/IQRt4HhalyF5QI9kSBm4wz0BAYLrSvg0L-_fomtzF94e-Ac?width=1200&height=817
03-12-2024,234.2003174,239.272522,216.4730225,225.7685699,8404095315,104,Solana,SOL-USD,Crypto,Cryptocurrency,https://1drv.ms/i/c/8705623eb284e7df/IQRt4HhalyF5QI9kSBm4wz0BAYLrSvg0L-_fomtzF94e-Ac?width=1200&height=817
04-12-2024,229.1192932,240.7195892,225.2549133,234.2003174,6569129896,104,Solana,SOL-USD,Crypto,Cryptocurrency,https://1drv.ms/i/c/8705623eb284e7df/IQRt4HhalyF5QI9kSBm4wz0BAYLrSvg0L-_fomtzF94e-Ac?width=1200&height=817
05-12-2024,233.998703,244.680954,223.4605408,229.1193848,8820663279,104,Solana,SOL-USD,Crypto,Cryptocurrency,https://1drv.ms/i/c/8705623eb284e7df/IQRt4HhalyF5QI9kSBm4wz0BAYLrSvg0L-_fomtzF94e-Ac?width=1200&height=817
06-12-2024,237.0510712,246.4186554,231.4259644,236.5414734,6726557034,104,Solana,SOL-USD,Crypto,Cryptocurrency,https://1drv.ms/i/c/8705623eb284e7df/IQRt4HhalyF5QI9kSBm4wz0BAYLrSvg0L-_fomtzF94e-Ac?width=1200&height=817
07-12-2024,238.5479584,243.1240234,234.6590576,237.0510712,4003422914,104,Solana,SOL-USD,Crypto,Cryptocurrency,https://1drv.ms/i/c/8705623eb284e7df/IQRt4HhalyF5QI9kSBm4wz0BAYLrSvg0L-_fomtzF94e-Ac?width=1200&height=817
08-12-2024,236.6723328,241.4407196,233.7133789,239.4851685,3204778349,104,Solana,SOL-USD,Crypto,Cryptocurrency,https://1drv.ms/i/c/8705623eb284e7df/IQRt4HhalyF5QI9kSBm4wz0BAYLrSvg0L-_fomtzF94e-Ac?width=1200&height=817
09-12-2024,217.3414612,237.4574432,209.706131,237.4574432,8610208198,104,Solana,SOL-USD,Crypto,Cryptocurrency,https://1drv.ms/i/c/8705623eb284e7df/IQRt4HhalyF5QI9kSBm4wz0BAYLrSvg0L-_fomtzF94e-Ac?width=1200&height=817
10-12-2024,213.8246155,220.7409821,203.7238312,217.328949,8419973004,104,Solana,SOL-USD,Crypto,Cryptocurrency,https://1drv.ms/i/c/8705623eb284e7df/IQRt4HhalyF5QI9kSBm4wz0BAYLrSvg0L-_fomtzF94e-Ac?width=1200&height=817
11-12-2024,227.4468384,230.50737,211.9931793,213.8352203,5615074058,104,Solana,SOL-USD,Crypto,Cryptocurrency,https://1drv.ms/i/c/8705623eb284e7df/IQRt4HhalyF5QI9kSBm4wz0BAYLrSvg0L-_fomtzF94e-Ac?width=1200&height=817
12-12-2024,227.0267181,234.3332214,225.951889,227.4451141,4935392005,104,Solana,SOL-USD,Crypto,Cryptocurrency,https://1drv.ms/i/c/8705623eb284e7df/IQRt4HhalyF5QI9kSBm4wz0BAYLrSvg0L-_fomtzF94e-Ac?width=1200&height=817
13-12-2024,224.8372955,228.273056,220.8247223,227.0267181,4029626623,104,Solana,SOL-USD,Crypto,Cryptocurrency,https://1drv.ms/i/c/8705623eb284e7df/IQRt4HhalyF5QI9kSBm4wz0BAYLrSvg0L-_fomtzF94e-Ac?width=1200&height=817
14-12-2024,219.8407593,227.2419434,215.3442383,224.8372955,2925240730,104,Solana,SOL-USD,Crypto,Cryptocurrency,https://1drv.ms/i/c/8705623eb284e7df/IQRt4HhalyF5QI9kSBm4wz0BAYLrSvg0L-_fomtzF94e-Ac?width=1200&height=817
15-12-2024,223.6576691,225.0666504,215.9107361,219.8407593,2969473030,104,Solana,SOL-USD,Crypto,Cryptocurrency,https://1drv.ms/i/c/8705623eb284e7df/IQRt4HhalyF5QI9kSBm4wz0BAYLrSvg0L-_fomtzF94e-Ac?width=1200&height=817
16-12-2024,216.3349609,227.0447693,213.4823914,223.6561279,5071129914,104,Solana,SOL-USD,Crypto,Cryptocurrency,https://1drv.ms/i/c/8705623eb284e7df/IQRt4HhalyF5QI9kSBm4wz0BAYLrSvg0L-_fomtzF94e-Ac?width=1200&height=817
17-12-2024,222.8167267,228.6862946,211.9096375,216.3337708,6445051900,104,Solana,SOL-USD,Crypto,Cryptocurrency,https://1drv.ms/i/c/8705623eb284e7df/IQRt4HhalyF5QI9kSBm4wz0BAYLrSvg0L-_fomtzF94e-Ac?width=1200&height=817
18-12-2024,206.3817444,225.8943939,205.0048676,222.8231812,6888988933,104,Solana,SOL-USD,Crypto,Cryptocurrency,https://1drv.ms/i/c/8705623eb284e7df/IQRt4HhalyF5QI9kSBm4wz0BAYLrSvg0L-_fomtzF94e-Ac?width=1200&height=817
19-12-2024,194.2845154,211.9952087,188.0275269,206.3828125,8043974299,104,Solana,SOL-USD,Crypto,Cryptocurrency,https://1drv.ms/i/c/8705623eb284e7df/IQRt4HhalyF5QI9kSBm4wz0BAYLrSvg0L-_fomtzF94e-Ac?width=1200&height=817
20-12-2024,194.2081757,199.3621979,175.9051666,194.2822723,9600073165,104,Solana,SOL-USD,Crypto,Cryptocurrency,https://1drv.ms/i/c/8705623eb284e7df/IQRt4HhalyF5QI9kSBm4wz0BAYLrSvg0L-_fomtzF94e-Ac?width=1200&height=817
21-12-2024,181.3014526,201.6316986,178.7400513,194.2073975,5368845730,104,Solana,SOL-USD,Crypto,Cryptocurrency,https://1drv.ms/i/c/8705623eb284e7df/IQRt4HhalyF5QI9kSBm4wz0BAYLrSvg0L-_fomtzF94e-Ac?width=1200&height=817
22-12-2024,180.1689148,187.5334625,177.1340637,181.2868195,4001292417,104,Solana,SOL-USD,Crypto,Cryptocurrency,https://1drv.ms/i/c/8705623eb284e7df/IQRt4HhalyF5QI9kSBm4wz0BAYLrSvg0L-_fomtzF94e-Ac?width=1200&height=817
23-12-2024,189.7536926,193.0481415,176.7188873,180.1742859,4922594345,104,Solana,SOL-USD,Crypto,Cryptocurrency,https://1drv.ms/i/c/8705623eb284e7df/IQRt4HhalyF5QI9kSBm4wz0BAYLrSvg0L-_fomtzF94e-Ac?width=1200&height=817
24-12-2024,196.9890289,198.6961365,186.1152954,189.7536926,3412375255,104,Solana,SOL-USD,Crypto,Cryptocurrency,https://1drv.ms/i/c/8705623eb284e7df/IQRt4HhalyF5QI9kSBm4wz0BAYLrSvg0L-_fomtzF94e-Ac?width=1200&height=817
25-12-2024,197.4790802,201.6346436,195.3530426,196.9913635,2688415733,104,Solana,SOL-USD,Crypto,Cryptocurrency,https://1drv.ms/i/c/8705623eb284e7df/IQRt4HhalyF5QI9kSBm4wz0BAYLrSvg0L-_fomtzF94e-Ac?width=1200&height=817
26-12-2024,188.2181091,199.3979797,186.8555908,197.4751587,2864701219,104,Solana,SOL-USD,Crypto,Cryptocurrency,https://1drv.ms/i/c/8705623eb284e7df/IQRt4HhalyF5QI9kSBm4wz0BAYLrSvg0L-_fomtzF94e-Ac?width=1200&height=817
27-12-2024,183.828476,193.7533569,182.9471283,188.2165527,2788285851,104,Solana,SOL-USD,Crypto,Cryptocurrency,https://1drv.ms/i/c/8705623eb284e7df/IQRt4HhalyF5QI9kSBm4wz0BAYLrSvg0L-_fomtzF94e-Ac?width=1200&height=817
28-12-2024,195.0135345,195.4354401,183.8333282,183.8333893,2158687217,104,Solana,SOL-USD,Crypto,Cryptocurrency,https://1drv.ms/i/c/8705623eb284e7df/IQRt4HhalyF5QI9kSBm4wz0BAYLrSvg0L-_fomtzF94e-Ac?width=1200&height=817
29-12-2024,189.7442627,197.181076,188.3410034,195.0224457,2165753102,104,Solana,SOL-USD,Crypto,Cryptocurrency,https://1drv.ms/i/c/8705623eb284e7df/IQRt4HhalyF5QI9kSBm4wz0BAYLrSvg0L-_fomtzF94e-Ac?width=1200&height=817
30-12-2024,191.0280457,196.1229095,185.9376068,189.7442017,3246300054,104,Solana,SOL-USD,Crypto,Cryptocurrency,https://1drv.ms/i/c/8705623eb284e7df/IQRt4HhalyF5QI9kSBm4wz0BAYLrSvg0L-_fomtzF94e-Ac?width=1200&height=817
31-12-2024,189.2644806,198.6783905,187.9798737,191.0453033,3276526561,104,Solana,SOL-USD,Crypto,Cryptocurrency,https://1drv.ms/i/c/8705623eb284e7df/IQRt4HhalyF5QI9kSBm4wz0BAYLrSvg0L-_fomtzF94e-Ac?width=1200&height=817
01-01-2025,193.8737335,194.8184967,187.8794556,189.266922,2324231668,104,Solana,SOL-USD,Crypto,Cryptocurrency,https://1drv.ms/i/c/8705623eb284e7df/IQRt4HhalyF5QI9kSBm4wz0BAYLrSvg0L-_fomtzF94e-Ac?width=1200&height=817
02-01-2025,207.7670441,209.0667267,193.2585297,193.8721313,4230329837,104,Solana,SOL-USD,Crypto,Cryptocurrency,https://1drv.ms/i/c/8705623eb284e7df/IQRt4HhalyF5QI9kSBm4wz0BAYLrSvg0L-_fomtzF94e-Ac?width=1200&height=817
03-01-2025,217.7473297,219.5595245,205.6524048,207.7676086,4064420852,104,Solana,SOL-USD,Crypto,Cryptocurrency,https://1drv.ms/i/c/8705623eb284e7df/IQRt4HhalyF5QI9kSBm4wz0BAYLrSvg0L-_fomtzF94e-Ac?width=1200&height=817
04-01-2025,216.6229248,217.9050446,213.8314514,217.7480469,2432220391,104,Solana,SOL-USD,Crypto,Cryptocurrency,https://1drv.ms/i/c/8705623eb284e7df/IQRt4HhalyF5QI9kSBm4wz0BAYLrSvg0L-_fomtzF94e-Ac?width=1200&height=817
05-01-2025,213.393631,218.8784027,211.7652283,216.622757,2403765299,104,Solana,SOL-USD,Crypto,Cryptocurrency,https://1drv.ms/i/c/8705623eb284e7df/IQRt4HhalyF5QI9kSBm4wz0BAYLrSvg0L-_fomtzF94e-Ac?width=1200&height=817
06-01-2025,218.7231293,222.9529724,211.6531372,213.3948364,3408034919,104,Solana,SOL-USD,Crypto,Cryptocurrency,https://1drv.ms/i/c/8705623eb284e7df/IQRt4HhalyF5QI9kSBm4wz0BAYLrSvg0L-_fomtzF94e-Ac?width=1200&height=817
07-01-2025,202.2302551,219.1423035,202.1249084,218.4129333,4360983978,104,Solana,SOL-USD,Crypto,Cryptocurrency,https://1drv.ms/i/c/8705623eb284e7df/IQRt4HhalyF5QI9kSBm4wz0BAYLrSvg0L-_fomtzF94e-Ac?width=1200&height=817
08-01-2025,197.5590515,203.060318,188.9578857,202.2278748,5028291858,104,Solana,SOL-USD,Crypto,Cryptocurrency,https://1drv.ms/i/c/8705623eb284e7df/IQRt4HhalyF5QI9kSBm4wz0BAYLrSvg0L-_fomtzF94e-Ac?width=1200&height=817
09-01-2025,185.0252838,198.901001,182.3223267,197.5590515,3815664216,104,Solana,SOL-USD,Crypto,Cryptocurrency,https://1drv.ms/i/c/8705623eb284e7df/IQRt4HhalyF5QI9kSBm4wz0BAYLrSvg0L-_fomtzF94e-Ac?width=1200&height=817
10-01-2025,187.5791779,192.7563171,183.8667603,185.0131378,3739014100,104,Solana,SOL-USD,Crypto,Cryptocurrency,https://1drv.ms/i/c/8705623eb284e7df/IQRt4HhalyF5QI9kSBm4wz0BAYLrSvg0L-_fomtzF94e-Ac?width=1200&height=817
11-01-2025,187.9955139,191.718811,184.2774353,187.5711823,2174290937,104,Solana,SOL-USD,Crypto,Cryptocurrency,https://1drv.ms/i/c/8705623eb284e7df/IQRt4HhalyF5QI9kSBm4wz0BAYLrSvg0L-_fomtzF94e-Ac?width=1200&height=817
12-01-2025,188.560379,190.749176,185.2522736,187.9953308,1544086708,104,Solana,SOL-USD,Crypto,Cryptocurrency,https://1drv.ms/i/c/8705623eb284e7df/IQRt4HhalyF5QI9kSBm4wz0BAYLrSvg0L-_fomtzF94e-Ac?width=1200&height=817
13-01-2025,182.8353577,191.775177,170.6289825,188.5509186,5225490858,104,Solana,SOL-USD,Crypto,Cryptocurrency,https://1drv.ms/i/c/8705623eb284e7df/IQRt4HhalyF5QI9kSBm4wz0BAYLrSvg0L-_fomtzF94e-Ac?width=1200&height=817
14-01-2025,187.4985962,189.9373169,181.956665,182.8329926,2748310371,104,Solana,SOL-USD,Crypto,Cryptocurrency,https://1drv.ms/i/c/8705623eb284e7df/IQRt4HhalyF5QI9kSBm4wz0BAYLrSvg0L-_fomtzF94e-Ac?width=1200&height=817
15-01-2025,205.9113464,205.9349518,186.0029907,187.4981842,4071481523,104,Solana,SOL-USD,Crypto,Cryptocurrency,https://1drv.ms/i/c/8705623eb284e7df/IQRt4HhalyF5QI9kSBm4wz0BAYLrSvg0L-_fomtzF94e-Ac?width=1200&height=817
16-01-2025,211.2278442,216.8399506,198.6625214,205.9219666,6099125467,104,Solana,SOL-USD,Crypto,Cryptocurrency,https://1drv.ms/i/c/8705623eb284e7df/IQRt4HhalyF5QI9kSBm4wz0BAYLrSvg0L-_fomtzF94e-Ac?width=1200&height=817
17-01-2025,219.6216125,221.852417,209.9692535,211.2284088,5118230275,104,Solana,SOL-USD,Crypto,Cryptocurrency,https://1drv.ms/i/c/8705623eb284e7df/IQRt4HhalyF5QI9kSBm4wz0BAYLrSvg0L-_fomtzF94e-Ac?width=1200&height=817
18-01-2025,261.869751,268.746582,217.5750427,219.620697,23186958912,104,Solana,SOL-USD,Crypto,Cryptocurrency,https://1drv.ms/i/c/8705623eb284e7df/IQRt4HhalyF5QI9kSBm4wz0BAYLrSvg0L-_fomtzF94e-Ac?width=1200&height=817
19-01-2025,250.5863647,294.3349609,239.6105804,261.8724365,33172955667,104,Solana,SOL-USD,Crypto,Cryptocurrency,https://1drv.ms/i/c/8705623eb284e7df/IQRt4HhalyF5QI9kSBm4wz0BAYLrSvg0L-_fomtzF94e-Ac?width=1200&height=817
20-01-2025,242.2502289,272.1530457,231.634552,250.6249695,22690757561,104,Solana,SOL-USD,Crypto,Cryptocurrency,https://1drv.ms/i/c/8705623eb284e7df/IQRt4HhalyF5QI9kSBm4wz0BAYLrSvg0L-_fomtzF94e-Ac?width=1200&height=817
21-01-2025,250.4137878,259.8293457,231.6759186,242.2365265,10694802909,104,Solana,SOL-USD,Crypto,Cryptocurrency,https://1drv.ms/i/c/8705623eb284e7df/IQRt4HhalyF5QI9kSBm4wz0BAYLrSvg0L-_fomtzF94e-Ac?width=1200&height=817
22-01-2025,257.2373657,271.5300293,248.7516022,250.4137878,8880832578,104,Solana,SOL-USD,Crypto,Cryptocurrency,https://1drv.ms/i/c/8705623eb284e7df/IQRt4HhalyF5QI9kSBm4wz0BAYLrSvg0L-_fomtzF94e-Ac?width=1200&height=817
23-01-2025,253.4552002,258.1291504,242.4961853,257.2362366,9264528949,104,Solana,SOL-USD,Crypto,Cryptocurrency,https://1drv.ms/i/c/8705623eb284e7df/IQRt4HhalyF5QI9kSBm4wz0BAYLrSvg0L-_fomtzF94e-Ac?width=1200&height=817
24-01-2025,253.3612213,269.8057861,247.6314697,253.4552002,7483041553,104,Solana,SOL-USD,Crypto,Cryptocurrency,https://1drv.ms/i/c/8705623eb284e7df/IQRt4HhalyF5QI9kSBm4wz0BAYLrSvg0L-_fomtzF94e-Ac?width=1200&height=817
25-01-2025,256.0735779,260.582489,246.6591187,253.3663177,5035419721,104,Solana,SOL-USD,Crypto,Cryptocurrency,https://1drv.ms/i/c/8705623eb284e7df/IQRt4HhalyF5QI9kSBm4wz0BAYLrSvg0L-_fomtzF94e-Ac?width=1200&height=817
26-01-2025,240.8834534,259.634491,240.8524323,256.0738831,4178231600,104,Solana,SOL-USD,Crypto,Cryptocurrency,https://1drv.ms/i/c/8705623eb284e7df/IQRt4HhalyF5QI9kSBm4wz0BAYLrSvg0L-_fomtzF94e-Ac?width=1200&height=817
27-01-2025,235.0744476,242.4290161,221.9753265,240.8853302,10736630238,104,Solana,SOL-USD,Crypto,Cryptocurrency,https://1drv.ms/i/c/8705623eb284e7df/IQRt4HhalyF5QI9kSBm4wz0BAYLrSvg0L-_fomtzF94e-Ac?width=1200&height=817
28-01-2025,227.2039642,243.8947754,225.2598572,235.0729675,5105320114,104,Solana,SOL-USD,Crypto,Cryptocurrency,https://1drv.ms/i/c/8705623eb284e7df/IQRt4HhalyF5QI9kSBm4wz0BAYLrSvg0L-_fomtzF94e-Ac?width=1200&height=817
29-01-2025,227.944931,237.7097626,222.9235077,227.2027893,5385638692,104,Solana,SOL-USD,Crypto,Cryptocurrency,https://1drv.ms/i/c/8705623eb284e7df/IQRt4HhalyF5QI9kSBm4wz0BAYLrSvg0L-_fomtzF94e-Ac?width=1200&height=817
30-01-2025,239.0231476,244.3259583,227.137619,227.9530487,4636567306,104,Solana,SOL-USD,Crypto,Cryptocurrency,https://1drv.ms/i/c/8705623eb284e7df/IQRt4HhalyF5QI9kSBm4wz0BAYLrSvg0L-_fomtzF94e-Ac?width=1200&height=817
31-01-2025,231.6379089,241.6665955,228.4788361,239.0166931,4043216055,104,Solana,SOL-USD,Crypto,Cryptocurrency,https://1drv.ms/i/c/8705623eb284e7df/IQRt4HhalyF5QI9kSBm4wz0BAYLrSvg0L-_fomtzF94e-Ac?width=1200&height=817
01-02-2025,213.7850189,233.8638306,213.4364014,231.6406097,3546350864,104,Solana,SOL-USD,Crypto,Cryptocurrency,https://1drv.ms/i/c/8705623eb284e7df/IQRt4HhalyF5QI9kSBm4wz0BAYLrSvg0L-_fomtzF94e-Ac?width=1200&height=817
02-02-2025,203.1196289,218.3843842,195.449234,213.7809448,8432593480,104,Solana,SOL-USD,Crypto,Cryptocurrency,https://1drv.ms/i/c/8705623eb284e7df/IQRt4HhalyF5QI9kSBm4wz0BAYLrSvg0L-_fomtzF94e-Ac?width=1200&height=817
03-02-2025,216.1495819,218.6476898,180.4093018,203.1215057,15260840772,104,Solana,SOL-USD,Crypto,Cryptocurrency,https://1drv.ms/i/c/8705623eb284e7df/IQRt4HhalyF5QI9kSBm4wz0BAYLrSvg0L-_fomtzF94e-Ac?width=1200&height=817
04-02-2025,207.09198,219.9958801,202.8488464,216.1505127,7328632702,104,Solana,SOL-USD,Crypto,Cryptocurrency,https://1drv.ms/i/c/8705623eb284e7df/IQRt4HhalyF5QI9kSBm4wz0BAYLrSvg0L-_fomtzF94e-Ac?width=1200&height=817
05-02-2025,195.9881439,209.3187561,195.3905792,207.0771027,3826498437,104,Solana,SOL-USD,Crypto,Cryptocurrency,https://1drv.ms/i/c/8705623eb284e7df/IQRt4HhalyF5QI9kSBm4wz0BAYLrSvg0L-_fomtzF94e-Ac?width=1200&height=817
06-02-2025,189.7724915,203.8878174,188.1655273,195.9863892,3936545265,104,Solana,SOL-USD,Crypto,Cryptocurrency,https://1drv.ms/i/c/8705623eb284e7df/IQRt4HhalyF5QI9kSBm4wz0BAYLrSvg0L-_fomtzF94e-Ac?width=1200&height=817
07-02-2025,192.2046509,203.150528,188.4807434,189.7577057,4593806344,104,Solana,SOL-USD,Crypto,Cryptocurrency,https://1drv.ms/i/c/8705623eb284e7df/IQRt4HhalyF5QI9kSBm4wz0BAYLrSvg0L-_fomtzF94e-Ac?width=1200&height=817
08-02-2025,199.5998993,200.8319702,190.1287689,192.2025452,2387525186,104,Solana,SOL-USD,Crypto,Cryptocurrency,https://1drv.ms/i/c/8705623eb284e7df/IQRt4HhalyF5QI9kSBm4wz0BAYLrSvg0L-_fomtzF94e-Ac?width=1200&height=817
09-02-2025,200.4975586,207.2746429,194.2413177,199.589798,3380872965,104,Solana,SOL-USD,Crypto,Cryptocurrency,https://1drv.ms/i/c/8705623eb284e7df/IQRt4HhalyF5QI9kSBm4wz0BAYLrSvg0L-_fomtzF94e-Ac?width=1200&height=817
10-02-2025,200.3563538,208.8274994,196.3807678,200.4982452,4106376694,104,Solana,SOL-USD,Crypto,Cryptocurrency,https://1drv.ms/i/c/8705623eb284e7df/IQRt4HhalyF5QI9kSBm4wz0BAYLrSvg0L-_fomtzF94e-Ac?width=1200&height=817
11-02-2025,197.9823608,205.9241943,195.3215027,200.3589172,3907611299,104,Solana,SOL-USD,Crypto,Cryptocurrency,https://1drv.ms/i/c/8705623eb284e7df/IQRt4HhalyF5QI9kSBm4wz0BAYLrSvg0L-_fomtzF94e-Ac?width=1200&height=817
12-02-2025,196.7738037,198.4498138,189.608429,197.9838562,4290836657,104,Solana,SOL-USD,Crypto,Cryptocurrency,https://1drv.ms/i/c/8705623eb284e7df/IQRt4HhalyF5QI9kSBm4wz0BAYLrSvg0L-_fomtzF94e-Ac?width=1200&height=817
13-02-2025,194.4609528,198.2607574,189.4277191,196.7738037,2755407329,104,Solana,SOL-USD,Crypto,Cryptocurrency,https://1drv.ms/i/c/8705623eb284e7df/IQRt4HhalyF5QI9kSBm4wz0BAYLrSvg0L-_fomtzF94e-Ac?width=1200&height=817
14-02-2025,199.9356689,205.1250153,194.3540497,194.4545593,3732334277,104,Solana,SOL-USD,Crypto,Cryptocurrency,https://1drv.ms/i/c/8705623eb284e7df/IQRt4HhalyF5QI9kSBm4wz0BAYLrSvg0L-_fomtzF94e-Ac?width=1200&height=817
15-02-2025,194.4820862,200.0533905,192.8137817,199.8867798,1869221857,104,Solana,SOL-USD,Crypto,Cryptocurrency,https://1drv.ms/i/c/8705623eb284e7df/IQRt4HhalyF5QI9kSBm4wz0BAYLrSvg0L-_fomtzF94e-Ac?width=1200&height=817
16-02-2025,188.4864044,196.0703125,186.9798737,194.4811554,2160799161,104,Solana,SOL-USD,Crypto,Cryptocurrency,https://1drv.ms/i/c/8705623eb284e7df/IQRt4HhalyF5QI9kSBm4wz0BAYLrSvg0L-_fomtzF94e-Ac?width=1200&height=817
17-02-2025,177.689743,189.5065002,175.2635498,188.4852142,4345262539,104,Solana,SOL-USD,Crypto,Cryptocurrency,https://1drv.ms/i/c/8705623eb284e7df/IQRt4HhalyF5QI9kSBm4wz0BAYLrSvg0L-_fomtzF94e-Ac?width=1200&height=817
18-02-2025,169.0842896,178.9460754,161.3054504,177.6886139,6684824301,104,Solana,SOL-USD,Crypto,Cryptocurrency,https://1drv.ms/i/c/8705623eb284e7df/IQRt4HhalyF5QI9kSBm4wz0BAYLrSvg0L-_fomtzF94e-Ac?width=1200&height=817
19-02-2025,169.0108032,174.1214752,163.9593964,169.085434,3717681436,104,Solana,SOL-USD,Crypto,Cryptocurrency,https://1drv.ms/i/c/8705623eb284e7df/IQRt4HhalyF5QI9kSBm4wz0BAYLrSvg0L-_fomtzF94e-Ac?width=1200&height=817
20-02-2025,176.0488892,176.5881348,167.8734589,169.0053406,3347070717,104,Solana,SOL-USD,Crypto,Cryptocurrency,https://1drv.ms/i/c/8705623eb284e7df/IQRt4HhalyF5QI9kSBm4wz0BAYLrSvg0L-_fomtzF94e-Ac?width=1200&height=817
21-02-2025,168.8916321,180.43396,167.305069,176.0350037,4684370707,104,Solana,SOL-USD,Crypto,Cryptocurrency,https://1drv.ms/i/c/8705623eb284e7df/IQRt4HhalyF5QI9kSBm4wz0BAYLrSvg0L-_fomtzF94e-Ac?width=1200&height=817
22-02-2025,172.1628571,174.4655914,168.3674316,168.8916321,2026581266,104,Solana,SOL-USD,Crypto,Cryptocurrency,https://1drv.ms/i/c/8705623eb284e7df/IQRt4HhalyF5QI9kSBm4wz0BAYLrSvg0L-_fomtzF94e-Ac?width=1200&height=817
23-02-2025,168.0381165,173.0360565,166.627655,172.1634674,1621130854,104,Solana,SOL-USD,Crypto,Cryptocurrency,https://1drv.ms/i/c/8705623eb284e7df/IQRt4HhalyF5QI9kSBm4wz0BAYLrSvg0L-_fomtzF94e-Ac?width=1200&height=817
24-02-2025,141.9894867,169.5624847,140.5665131,168.0381165,7062261489,104,Solana,SOL-USD,Crypto,Cryptocurrency,https://1drv.ms/i/c/8705623eb284e7df/IQRt4HhalyF5QI9kSBm4wz0BAYLrSvg0L-_fomtzF94e-Ac?width=1200&height=817
25-02-2025,144.1077576,146.7398682,132.4858398,141.9923401,9341433919,104,Solana,SOL-USD,Crypto,Cryptocurrency,https://1drv.ms/i/c/8705623eb284e7df/IQRt4HhalyF5QI9kSBm4wz0BAYLrSvg0L-_fomtzF94e-Ac?width=1200&height=817
26-02-2025,134.8313293,144.8746796,130.6910706,144.0999603,4916419994,104,Solana,SOL-USD,Crypto,Cryptocurrency,https://1drv.ms/i/c/8705623eb284e7df/IQRt4HhalyF5QI9kSBm4wz0BAYLrSvg0L-_fomtzF94e-Ac?width=1200&height=817
27-02-2025,137.6208038,142.1814728,134.7297363,134.831604,3723520943,104,Solana,SOL-USD,Crypto,Cryptocurrency,https://1drv.ms/i/c/8705623eb284e7df/IQRt4HhalyF5QI9kSBm4wz0BAYLrSvg0L-_fomtzF94e-Ac?width=1200&height=817
28-02-2025,148.030014,148.1838379,125.742218,137.6207733,7544673033,104,Solana,SOL-USD,Crypto,Cryptocurrency,https://1drv.ms/i/c/8705623eb284e7df/IQRt4HhalyF5QI9kSBm4wz0BAYLrSvg0L-_fomtzF94e-Ac?width=1200&height=817
01-03-2025,143.675705,150.7871552,138.6846771,148.0302124,3305410077,104,Solana,SOL-USD,Crypto,Cryptocurrency,https://1drv.ms/i/c/8705623eb284e7df/IQRt4HhalyF5QI9kSBm4wz0BAYLrSvg0L-_fomtzF94e-Ac?width=1200&height=817
02-03-2025,178.4954987,178.5085602,140.2975769,143.6767273,11540413390,104,Solana,SOL-USD,Crypto,Cryptocurrency,https://1drv.ms/i/c/8705623eb284e7df/IQRt4HhalyF5QI9kSBm4wz0BAYLrSvg0L-_fomtzF94e-Ac?width=1200&height=817
03-03-2025,142.0210876,178.6346436,139.7901001,178.4952393,9241009702,104,Solana,SOL-USD,Crypto,Cryptocurrency,https://1drv.ms/i/c/8705623eb284e7df/IQRt4HhalyF5QI9kSBm4wz0BAYLrSvg0L-_fomtzF94e-Ac?width=1200&height=817
04-03-2025,144.9165802,146.3964691,131.5734711,142.0331879,8035056091,104,Solana,SOL-USD,Crypto,Cryptocurrency,https://1drv.ms/i/c/8705623eb284e7df/IQRt4HhalyF5QI9kSBm4wz0BAYLrSvg0L-_fomtzF94e-Ac?width=1200&height=817
05-03-2025,146.2673035,149.4854736,140.5968628,144.918808,4501939048,104,Solana,SOL-USD,Crypto,Cryptocurrency,https://1drv.ms/i/c/8705623eb284e7df/IQRt4HhalyF5QI9kSBm4wz0BAYLrSvg0L-_fomtzF94e-Ac?width=1200&height=817
06-03-2025,143.3552246,152.7792511,142.7803955,146.2706604,4204376336,104,Solana,SOL-USD,Crypto,Cryptocurrency,https://1drv.ms/i/c/8705623eb284e7df/IQRt4HhalyF5QI9kSBm4wz0BAYLrSvg0L-_fomtzF94e-Ac?width=1200&height=817
07-03-2025,139.209137,150.0232544,135.7171631,143.3552246,6090751623,104,Solana,SOL-USD,Crypto,Cryptocurrency,https://1drv.ms/i/c/8705623eb284e7df/IQRt4HhalyF5QI9kSBm4wz0BAYLrSvg0L-_fomtzF94e-Ac?width=1200&height=817
08-03-2025,136.9420776,140.9045715,135.4829712,139.209137,2270939562,104,Solana,SOL-USD,Crypto,Cryptocurrency,https://1drv.ms/i/c/8705623eb284e7df/IQRt4HhalyF5QI9kSBm4wz0BAYLrSvg0L-_fomtzF94e-Ac?width=1200&height=817
09-03-2025,126.4354324,139.725769,125.9357147,136.9428253,3429886567,104,Solana,SOL-USD,Crypto,Cryptocurrency,https://1drv.ms/i/c/8705623eb284e7df/IQRt4HhalyF5QI9kSBm4wz0BAYLrSvg0L-_fomtzF94e-Ac?width=1200&height=817
10-03-2025,118.291748,131.2409515,115.9178925,126.4354324,5519806938,104,Solana,SOL-USD,Crypto,Cryptocurrency,https://1drv.ms/i/c/8705623eb284e7df/IQRt4HhalyF5QI9kSBm4wz0BAYLrSvg0L-_fomtzF94e-Ac?width=1200&height=817
11-03-2025,125.2639465,128.1488647,113.189209,118.2916718,5259428587,104,Solana,SOL-USD,Crypto,Cryptocurrency,https://1drv.ms/i/c/8705623eb284e7df/IQRt4HhalyF5QI9kSBm4wz0BAYLrSvg0L-_fomtzF94e-Ac?width=1200&height=817
12-03-2025,126.5832443,130.6551056,121.3675613,125.2619019,4112201839,104,Solana,SOL-USD,Crypto,Cryptocurrency,https://1drv.ms/i/c/8705623eb284e7df/IQRt4HhalyF5QI9kSBm4wz0BAYLrSvg0L-_fomtzF94e-Ac?width=1200&height=817
13-03-2025,123.2861481,128.1586304,120.9094772,126.5832443,2871050068,104,Solana,SOL-USD,Crypto,Cryptocurrency,https://1drv.ms/i/c/8705623eb284e7df/IQRt4HhalyF5QI9kSBm4wz0BAYLrSvg0L-_fomtzF94e-Ac?width=1200&height=817
14-03-2025,133.3144836,135.6434784,123.1171494,123.2865982,3161542602,104,Solana,SOL-USD,Crypto,Cryptocurrency,https://1drv.ms/i/c/8705623eb284e7df/IQRt4HhalyF5QI9kSBm4wz0BAYLrSvg0L-_fomtzF94e-Ac?width=1200&height=817
15-03-2025,135.9125366,136.4813385,132.5599518,133.3132477,1844463215,104,Solana,SOL-USD,Crypto,Cryptocurrency,https://1drv.ms/i/c/8705623eb284e7df/IQRt4HhalyF5QI9kSBm4wz0BAYLrSvg0L-_fomtzF94e-Ac?width=1200&height=817
16-03-2025,125.9881058,136.4689941,125.3874054,135.9167938,2456569508,104,Solana,SOL-USD,Crypto,Cryptocurrency,https://1drv.ms/i/c/8705623eb284e7df/IQRt4HhalyF5QI9kSBm4wz0BAYLrSvg0L-_fomtzF94e-Ac?width=1200&height=817
17-03-2025,128.1637115,130.5268707,125.8619003,125.9874191,2487364373,104,Solana,SOL-USD,Crypto,Cryptocurrency,https://1drv.ms/i/c/8705623eb284e7df/IQRt4HhalyF5QI9kSBm4wz0BAYLrSvg0L-_fomtzF94e-Ac?width=1200&height=817
18-03-2025,125.3126984,128.1613464,121.9445343,128.1613464,2534317858,104,Solana,SOL-USD,Crypto,Cryptocurrency,https://1drv.ms/i/c/8705623eb284e7df/IQRt4HhalyF5QI9kSBm4wz0BAYLrSvg0L-_fomtzF94e-Ac?width=1200&height=817
19-03-2025,135.5725098,135.9255219,124.2973251,125.3122864,3539287974,104,Solana,SOL-USD,Crypto,Cryptocurrency,https://1drv.ms/i/c/8705623eb284e7df/IQRt4HhalyF5QI9kSBm4wz0BAYLrSvg0L-_fomtzF94e-Ac?width=1200&height=817
20-03-2025,127.4971848,135.7726135,126.8535767,135.5741577,2469659459,104,Solana,SOL-USD,Crypto,Cryptocurrency,https://1drv.ms/i/c/8705623eb284e7df/IQRt4HhalyF5QI9kSBm4wz0BAYLrSvg0L-_fomtzF94e-Ac?width=1200&height=817
21-03-2025,128.4303131,129.9562378,124.9773712,127.4988556,2370317364,104,Solana,SOL-USD,Crypto,Cryptocurrency,https://1drv.ms/i/c/8705623eb284e7df/IQRt4HhalyF5QI9kSBm4wz0BAYLrSvg0L-_fomtzF94e-Ac?width=1200&height=817
22-03-2025,128.4849854,131.5761871,127.9325562,128.4299316,1442831196,104,Solana,SOL-USD,Crypto,Cryptocurrency,https://1drv.ms/i/c/8705623eb284e7df/IQRt4HhalyF5QI9kSBm4wz0BAYLrSvg0L-_fomtzF94e-Ac?width=1200&height=817
23-03-2025,132.5993195,133.9619598,128.3422546,128.4844818,1711242607,104,Solana,SOL-USD,Crypto,Cryptocurrency,https://1drv.ms/i/c/8705623eb284e7df/IQRt4HhalyF5QI9kSBm4wz0BAYLrSvg0L-_fomtzF94e-Ac?width=1200&height=817
24-03-2025,140.869278,144.8830872,132.1618042,132.5993195,4207560020,104,Solana,SOL-USD,Crypto,Cryptocurrency,https://1drv.ms/i/c/8705623eb284e7df/IQRt4HhalyF5QI9kSBm4wz0BAYLrSvg0L-_fomtzF94e-Ac?width=1200&height=817
25-03-2025,143.8170776,147.0579987,138.3466797,140.8747253,3585353324,104,Solana,SOL-USD,Crypto,Cryptocurrency,https://1drv.ms/i/c/8705623eb284e7df/IQRt4HhalyF5QI9kSBm4wz0BAYLrSvg0L-_fomtzF94e-Ac?width=1200&height=817
26-03-2025,137.2885742,145.3684845,136.1363525,143.8170776,3083070981,104,Solana,SOL-USD,Crypto,Cryptocurrency,https://1drv.ms/i/c/8705623eb284e7df/IQRt4HhalyF5QI9kSBm4wz0BAYLrSvg0L-_fomtzF94e-Ac?width=1200&height=817
27-03-2025,138.3473816,140.1745148,135.9222107,137.2909546,2660348034,104,Solana,SOL-USD,Crypto,Cryptocurrency,https://1drv.ms/i/c/8705623eb284e7df/IQRt4HhalyF5QI9kSBm4wz0BAYLrSvg0L-_fomtzF94e-Ac?width=1200&height=817
28-03-2025,129.4231567,138.9528198,127.9809418,138.3472443,3532896573,104,Solana,SOL-USD,Crypto,Cryptocurrency,https://1drv.ms/i/c/8705623eb284e7df/IQRt4HhalyF5QI9kSBm4wz0BAYLrSvg0L-_fomtzF94e-Ac?width=1200&height=817
29-03-2025,124.5876465,130.3805084,123.0738907,129.4245148,2253256988,104,Solana,SOL-USD,Crypto,Cryptocurrency,https://1drv.ms/i/c/8705623eb284e7df/IQRt4HhalyF5QI9kSBm4wz0BAYLrSvg0L-_fomtzF94e-Ac?width=1200&height=817
30-03-2025,124.6426315,126.6233902,123.3007584,124.5864868,1639017444,104,Solana,SOL-USD,Crypto,Cryptocurrency,https://1drv.ms/i/c/8705623eb284e7df/IQRt4HhalyF5QI9kSBm4wz0BAYLrSvg0L-_fomtzF94e-Ac?width=1200&height=817
31-03-2025,124.6941299,127.6968994,123.0792389,124.6440277,3206702485,104,Solana,SOL-USD,Crypto,Cryptocurrency,https://1drv.ms/i/c/8705623eb284e7df/IQRt4HhalyF5QI9kSBm4wz0BAYLrSvg0L-_fomtzF94e-Ac?width=1200&height=817
01-04-2025,126.6823807,130.0324249,123.9490433,124.6953354,2993289339,104,Solana,SOL-USD,Crypto,Cryptocurrency,https://1drv.ms/i/c/8705623eb284e7df/IQRt4HhalyF5QI9kSBm4wz0BAYLrSvg0L-_fomtzF94e-Ac?width=1200&height=817
02-04-2025,117.7576294,135.6957855,117.744278,126.6796036,5399672438,104,Solana,SOL-USD,Crypto,Cryptocurrency,https://1drv.ms/i/c/8705623eb284e7df/IQRt4HhalyF5QI9kSBm4wz0BAYLrSvg0L-_fomtzF94e-Ac?width=1200&height=817
03-04-2025,117.0614548,120.7898254,112.4782639,117.7491989,4633002432,104,Solana,SOL-USD,Crypto,Cryptocurrency,https://1drv.ms/i/c/8705623eb284e7df/IQRt4HhalyF5QI9kSBm4wz0BAYLrSvg0L-_fomtzF94e-Ac?width=1200&height=817
04-04-2025,122.7868805,123.9006042,113.6032333,117.0648117,5182517335,104,Solana,SOL-USD,Crypto,Cryptocurrency,https://1drv.ms/i/c/8705623eb284e7df/IQRt4HhalyF5QI9kSBm4wz0BAYLrSvg0L-_fomtzF94e-Ac?width=1200&height=817
05-04-2025,120.2589951,122.786911,117.1888046,122.7864304,1667996329,104,Solana,SOL-USD,Crypto,Cryptocurrency,https://1drv.ms/i/c/8705623eb284e7df/IQRt4HhalyF5QI9kSBm4wz0BAYLrSvg0L-_fomtzF94e-Ac?width=1200&height=817
06-04-2025,105.7120132,120.9326782,104.0041275,120.2585068,3822458629,104,Solana,SOL-USD,Crypto,Cryptocurrency,https://1drv.ms/i/c/8705623eb284e7df/IQRt4HhalyF5QI9kSBm4wz0BAYLrSvg0L-_fomtzF94e-Ac?width=1200&height=817
07-04-2025,106.9027786,111.4719849,96.5880661,105.7120132,8644174246,104,Solana,SOL-USD,Crypto,Cryptocurrency,https://1drv.ms/i/c/8705623eb284e7df/IQRt4HhalyF5QI9kSBm4wz0BAYLrSvg0L-_fomtzF94e-Ac?width=1200&height=817
08-04-2025,105.5121918,112.2989349,103.1445236,106.9052658,5353641480,104,Solana,SOL-USD,Crypto,Cryptocurrency,https://1drv.ms/i/c/8705623eb284e7df/IQRt4HhalyF5QI9kSBm4wz0BAYLrSvg0L-_fomtzF94e-Ac?width=1200&height=817
09-04-2025,119.0575409,120.4707718,101.4347382,105.5095901,7096350476,104,Solana,SOL-USD,Crypto,Cryptocurrency,https://1drv.ms/i/c/8705623eb284e7df/IQRt4HhalyF5QI9kSBm4wz0BAYLrSvg0L-_fomtzF94e-Ac?width=1200&height=817
10-04-2025,112.8039246,119.0825577,108.6016922,119.0622864,4310698523,104,Solana,SOL-USD,Crypto,Cryptocurrency,https://1drv.ms/i/c/8705623eb284e7df/IQRt4HhalyF5QI9kSBm4wz0BAYLrSvg0L-_fomtzF94e-Ac?width=1200&height=817
11-04-2025,121.5323792,122.3985901,112.1864243,112.8073196,3953610468,104,Solana,SOL-USD,Crypto,Cryptocurrency,https://1drv.ms/i/c/8705623eb284e7df/IQRt4HhalyF5QI9kSBm4wz0BAYLrSvg0L-_fomtzF94e-Ac?width=1200&height=817
12-04-2025,132.2605591,133.7588501,119.6593475,121.5326996,4089397536,104,Solana,SOL-USD,Crypto,Cryptocurrency,https://1drv.ms/i/c/8705623eb284e7df/IQRt4HhalyF5QI9kSBm4wz0BAYLrSvg0L-_fomtzF94e-Ac?width=1200&height=817
13-04-2025,128.5807953,133.5068359,125.5238647,132.2625885,3818650340,104,Solana,SOL-USD,Crypto,Cryptocurrency,https://1drv.ms/i/c/8705623eb284e7df/IQRt4HhalyF5QI9kSBm4wz0BAYLrSvg0L-_fomtzF94e-Ac?width=1200&height=817
14-04-2025,129.310379,135.1869507,128.2328796,128.5781708,4425565001,104,Solana,SOL-USD,Crypto,Cryptocurrency,https://1drv.ms/i/c/8705623eb284e7df/IQRt4HhalyF5QI9kSBm4wz0BAYLrSvg0L-_fomtzF94e-Ac?width=1200&height=817
15-04-2025,126.2631302,134.1931915,126.1368637,129.3110199,3272094237,104,Solana,SOL-USD,Crypto,Cryptocurrency,https://1drv.ms/i/c/8705623eb284e7df/IQRt4HhalyF5QI9kSBm4wz0BAYLrSvg0L-_fomtzF94e-Ac?width=1200&height=817
16-04-2025,131.4496918,133.5901184,123.7207565,126.2631226,4448562334,104,Solana,SOL-USD,Crypto,Cryptocurrency,https://1drv.ms/i/c/8705623eb284e7df/IQRt4HhalyF5QI9kSBm4wz0BAYLrSvg0L-_fomtzF94e-Ac?width=1200&height=817
17-04-2025,134.6987457,135.9093475,129.7330933,131.4502258,3504448606,104,Solana,SOL-USD,Crypto,Cryptocurrency,https://1drv.ms/i/c/8705623eb284e7df/IQRt4HhalyF5QI9kSBm4wz0BAYLrSvg0L-_fomtzF94e-Ac?width=1200&height=817
18-04-2025,134.0735016,135.8688965,132.5879974,134.7041931,2142264993,104,Solana,SOL-USD,Crypto,Cryptocurrency,https://1drv.ms/i/c/8705623eb284e7df/IQRt4HhalyF5QI9kSBm4wz0BAYLrSvg0L-_fomtzF94e-Ac?width=1200&height=817
19-04-2025,139.7502594,140.0926056,133.6947632,134.0735016,2522912658,104,Solana,SOL-USD,Crypto,Cryptocurrency,https://1drv.ms/i/c/8705623eb284e7df/IQRt4HhalyF5QI9kSBm4wz0BAYLrSvg0L-_fomtzF94e-Ac?width=1200&height=817
20-04-2025,137.7745972,141.830368,135.7714691,139.7528992,2796023398,104,Solana,SOL-USD,Crypto,Cryptocurrency,https://1drv.ms/i/c/8705623eb284e7df/IQRt4HhalyF5QI9kSBm4wz0BAYLrSvg0L-_fomtzF94e-Ac?width=1200&height=817
21-04-2025,136.7043915,142.6615906,134.1223602,137.7745972,4162691832,104,Solana,SOL-USD,Crypto,Cryptocurrency,https://1drv.ms/i/c/8705623eb284e7df/IQRt4HhalyF5QI9kSBm4wz0BAYLrSvg0L-_fomtzF94e-Ac?width=1200&height=817
22-04-2025,148.7394104,149.9492493,135.3777618,136.7018433,4659792312,104,Solana,SOL-USD,Crypto,Cryptocurrency,https://1drv.ms/i/c/8705623eb284e7df/IQRt4HhalyF5QI9kSBm4wz0BAYLrSvg0L-_fomtzF94e-Ac?width=1200&height=817
23-04-2025,151.1527252,153.8687439,147.4507904,148.7400055,4699152180,104,Solana,SOL-USD,Crypto,Cryptocurrency,https://1drv.ms/i/c/8705623eb284e7df/IQRt4HhalyF5QI9kSBm4wz0BAYLrSvg0L-_fomtzF94e-Ac?width=1200&height=817
24-04-2025,152.3036346,152.7540436,145.6613464,151.1539459,3903057847,104,Solana,SOL-USD,Crypto,Cryptocurrency,https://1drv.ms/i/c/8705623eb284e7df/IQRt4HhalyF5QI9kSBm4wz0BAYLrSvg0L-_fomtzF94e-Ac?width=1200&height=817
25-04-2025,150.9150085,156.0451813,150.1277924,152.3213501,4411923686,104,Solana,SOL-USD,Crypto,Cryptocurrency,https://1drv.ms/i/c/8705623eb284e7df/IQRt4HhalyF5QI9kSBm4wz0BAYLrSvg0L-_fomtzF94e-Ac?width=1200&height=817
26-04-2025,149.2893677,153.0195313,148.0374146,150.9172668,2128235815,104,Solana,SOL-USD,Crypto,Cryptocurrency,https://1drv.ms/i/c/8705623eb284e7df/IQRt4HhalyF5QI9kSBm4wz0BAYLrSvg0L-_fomtzF94e-Ac?width=1200&height=817
27-04-2025,148.2458344,150.208725,145.7666016,149.2897034,2015737709,104,Solana,SOL-USD,Crypto,Cryptocurrency,https://1drv.ms/i/c/8705623eb284e7df/IQRt4HhalyF5QI9kSBm4wz0BAYLrSvg0L-_fomtzF94e-Ac?width=1200&height=817
28-04-2025,147.8099365,153.2077026,144.891449,148.245163,3819502747,104,Solana,SOL-USD,Crypto,Cryptocurrency,https://1drv.ms/i/c/8705623eb284e7df/IQRt4HhalyF5QI9kSBm4wz0BAYLrSvg0L-_fomtzF94e-Ac?width=1200&height=817
29-04-2025,146.4278717,150.0441895,145.1693268,147.8099365,2872743502,104,Solana,SOL-USD,Crypto,Cryptocurrency,https://1drv.ms/i/c/8705623eb284e7df/IQRt4HhalyF5QI9kSBm4wz0BAYLrSvg0L-_fomtzF94e-Ac?width=1200&height=817
30-04-2025,147.6432037,148.2092896,140.7120972,146.4274902,3017472875,104,Solana,SOL-USD,Crypto,Cryptocurrency,https://1drv.ms/i/c/8705623eb284e7df/IQRt4HhalyF5QI9kSBm4wz0BAYLrSvg0L-_fomtzF94e-Ac?width=1200&height=817
01-05-2025,150.8465881,153.8659058,147.6129761,147.6449738,3224541533,104,Solana,SOL-USD,Crypto,Cryptocurrency,https://1drv.ms/i/c/8705623eb284e7df/IQRt4HhalyF5QI9kSBm4wz0BAYLrSvg0L-_fomtzF94e-Ac?width=1200&height=817
02-05-2025,148.0500336,151.7317047,147.45224,150.8431396,2823970426,104,Solana,SOL-USD,Crypto,Cryptocurrency,https://1drv.ms/i/c/8705623eb284e7df/IQRt4HhalyF5QI9kSBm4wz0BAYLrSvg0L-_fomtzF94e-Ac?width=1200&height=817
03-05-2025,146.796051,148.9594574,146.1094971,148.0498505,1567415096,104,Solana,SOL-USD,Crypto,Cryptocurrency,https://1drv.ms/i/c/8705623eb284e7df/IQRt4HhalyF5QI9kSBm4wz0BAYLrSvg0L-_fomtzF94e-Ac?width=1200&height=817
04-05-2025,143.9830627,147.6825104,143.8224182,146.7959595,1636835620,104,Solana,SOL-USD,Crypto,Cryptocurrency,https://1drv.ms/i/c/8705623eb284e7df/IQRt4HhalyF5QI9kSBm4wz0BAYLrSvg0L-_fomtzF94e-Ac?width=1200&height=817
05-05-2025,146.69664,147.6165924,142.8998871,143.9859314,2238980623,104,Solana,SOL-USD,Crypto,Cryptocurrency,https://1drv.ms/i/c/8705623eb284e7df/IQRt4HhalyF5QI9kSBm4wz0BAYLrSvg0L-_fomtzF94e-Ac?width=1200&height=817
06-05-2025,146.7664032,147.0896454,141.6705322,146.6957703,2728680947,104,Solana,SOL-USD,Crypto,Cryptocurrency,https://1drv.ms/i/c/8705623eb284e7df/IQRt4HhalyF5QI9kSBm4wz0BAYLrSvg0L-_fomtzF94e-Ac?width=1200&height=817
07-05-2025,147.2137451,149.3398438,144.8827057,146.7668915,4316881378,104,Solana,SOL-USD,Crypto,Cryptocurrency,https://1drv.ms/i/c/8705623eb284e7df/IQRt4HhalyF5QI9kSBm4wz0BAYLrSvg0L-_fomtzF94e-Ac?width=1200&height=817
08-05-2025,163.9607849,163.9750519,147.2141876,147.2172699,6372889923,104,Solana,SOL-USD,Crypto,Cryptocurrency,https://1drv.ms/i/c/8705623eb284e7df/IQRt4HhalyF5QI9kSBm4wz0BAYLrSvg0L-_fomtzF94e-Ac?width=1200&height=817
09-05-2025,172.8282776,175.8620758,161.2477722,163.9602356,7452318987,104,Solana,SOL-USD,Crypto,Cryptocurrency,https://1drv.ms/i/c/8705623eb284e7df/IQRt4HhalyF5QI9kSBm4wz0BAYLrSvg0L-_fomtzF94e-Ac?width=1200&height=817
10-05-2025,177.6218109,178.5718536,168.9294128,172.8276978,4012477696,104,Solana,SOL-USD,Crypto,Cryptocurrency,https://1drv.ms/i/c/8705623eb284e7df/IQRt4HhalyF5QI9kSBm4wz0BAYLrSvg0L-_fomtzF94e-Ac?width=1200&height=817
11-05-2025,173.0264587,179.6225281,169.7177277,177.6228943,4025374577,104,Solana,SOL-USD,Crypto,Cryptocurrency,https://1drv.ms/i/c/8705623eb284e7df/IQRt4HhalyF5QI9kSBm4wz0BAYLrSvg0L-_fomtzF94e-Ac?width=1200&height=817
12-05-2025,174.2478943,180.9514923,169.0782623,173.0366821,6940951587,104,Solana,SOL-USD,Crypto,Cryptocurrency,https://1drv.ms/i/c/8705623eb284e7df/IQRt4HhalyF5QI9kSBm4wz0BAYLrSvg0L-_fomtzF94e-Ac?width=1200&height=817
13-05-2025,184.0062561,184.7014008,166.807312,174.2462006,5170161208,104,Solana,SOL-USD,Crypto,Cryptocurrency,https://1drv.ms/i/c/8705623eb284e7df/IQRt4HhalyF5QI9kSBm4wz0BAYLrSvg0L-_fomtzF94e-Ac?width=1200&height=817
14-05-2025,176.7092285,184.7181854,173.7317352,184.0063019,4610872279,104,Solana,SOL-USD,Crypto,Cryptocurrency,https://1drv.ms/i/c/8705623eb284e7df/IQRt4HhalyF5QI9kSBm4wz0BAYLrSvg0L-_fomtzF94e-Ac?width=1200&height=817
15-05-2025,169.0099945,178.1050415,167.2801666,176.7086639,4347587992,104,Solana,SOL-USD,Crypto,Cryptocurrency,https://1drv.ms/i/c/8705623eb284e7df/IQRt4HhalyF5QI9kSBm4wz0BAYLrSvg0L-_fomtzF94e-Ac?width=1200&height=817
16-05-2025,167.3339539,173.9580994,166.7572327,169.0146942,3495576096,104,Solana,SOL-USD,Crypto,Cryptocurrency,https://1drv.ms/i/c/8705623eb284e7df/IQRt4HhalyF5QI9kSBm4wz0BAYLrSvg0L-_fomtzF94e-Ac?width=1200&height=817
17-05-2025,165.9308319,169.76828,164.2249451,167.3339539,2783616834,104,Solana,SOL-USD,Crypto,Cryptocurrency,https://1drv.ms/i/c/8705623eb284e7df/IQRt4HhalyF5QI9kSBm4wz0BAYLrSvg0L-_fomtzF94e-Ac?width=1200&height=817
18-05-2025,173.8987122,176.4924774,165.5135345,165.9319763,3866092629,104,Solana,SOL-USD,Crypto,Cryptocurrency,https://1drv.ms/i/c/8705623eb284e7df/IQRt4HhalyF5QI9kSBm4wz0BAYLrSvg0L-_fomtzF94e-Ac?width=1200&height=817
19-05-2025,166.8642273,173.8385315,159.6474915,173.8357849,4498613127,104,Solana,SOL-USD,Crypto,Cryptocurrency,https://1drv.ms/i/c/8705623eb284e7df/IQRt4HhalyF5QI9kSBm4wz0BAYLrSvg0L-_fomtzF94e-Ac?width=1200&height=817
20-05-2025,168.4836884,172.8605652,164.7796478,166.864212,3787047019,104,Solana,SOL-USD,Crypto,Cryptocurrency,https://1drv.ms/i/c/8705623eb284e7df/IQRt4HhalyF5QI9kSBm4wz0BAYLrSvg0L-_fomtzF94e-Ac?width=1200&height=817
21-05-2025,173.6817322,175.5224152,166.3048706,168.4841156,5254974027,104,Solana,SOL-USD,Crypto,Cryptocurrency,https://1drv.ms/i/c/8705623eb284e7df/IQRt4HhalyF5QI9kSBm4wz0BAYLrSvg0L-_fomtzF94e-Ac?width=1200&height=817
22-05-2025,179.6909485,180.5462494,172.755249,173.6822052,4913432701,104,Solana,SOL-USD,Crypto,Cryptocurrency,https://1drv.ms/i/c/8705623eb284e7df/IQRt4HhalyF5QI9kSBm4wz0BAYLrSvg0L-_fomtzF94e-Ac?width=1200&height=817
23-05-2025,173.8254242,187.2797546,173.5706329,179.6914673,7488253558,104,Solana,SOL-USD,Crypto,Cryptocurrency,https://1drv.ms/i/c/8705623eb284e7df/IQRt4HhalyF5QI9kSBm4wz0BAYLrSvg0L-_fomtzF94e-Ac?width=1200&height=817
24-05-2025,176.0424042,178.142746,172.7917175,173.8404083,3002798120,104,Solana,SOL-USD,Crypto,Cryptocurrency,https://1drv.ms/i/c/8705623eb284e7df/IQRt4HhalyF5QI9kSBm4wz0BAYLrSvg0L-_fomtzF94e-Ac?width=1200&height=817
25-05-2025,175.7254791,176.7212982,169.3577881,176.0344849,3395309315,104,Solana,SOL-USD,Crypto,Cryptocurrency,https://1drv.ms/i/c/8705623eb284e7df/IQRt4HhalyF5QI9kSBm4wz0BAYLrSvg0L-_fomtzF94e-Ac?width=1200&height=817
26-05-2025,174.9078979,178.9779968,173.7002411,175.7256622,2872898398,104,Solana,SOL-USD,Crypto,Cryptocurrency,https://1drv.ms/i/c/8705623eb284e7df/IQRt4HhalyF5QI9kSBm4wz0BAYLrSvg0L-_fomtzF94e-Ac?width=1200&height=817
27-05-2025,176.8151855,179.2212677,171.5754547,174.9076996,3737068836,104,Solana,SOL-USD,Crypto,Cryptocurrency,https://1drv.ms/i/c/8705623eb284e7df/IQRt4HhalyF5QI9kSBm4wz0BAYLrSvg0L-_fomtzF94e-Ac?width=1200&height=817
28-05-2025,172.1895599,177.3759918,169.1056976,176.8146515,3454599629,104,Solana,SOL-USD,Crypto,Cryptocurrency,https://1drv.ms/i/c/8705623eb284e7df/IQRt4HhalyF5QI9kSBm4wz0BAYLrSvg0L-_fomtzF94e-Ac?width=1200&height=817
29-05-2025,166.5881805,175.1842804,166.2585144,172.1905975,3480369993,104,Solana,SOL-USD,Crypto,Cryptocurrency,https://1drv.ms/i/c/8705623eb284e7df/IQRt4HhalyF5QI9kSBm4wz0BAYLrSvg0L-_fomtzF94e-Ac?width=1200&height=817
30-05-2025,156.2347107,167.3471222,156.0346527,166.5934296,4458908034,104,Solana,SOL-USD,Crypto,Cryptocurrency,https://1drv.ms/i/c/8705623eb284e7df/IQRt4HhalyF5QI9kSBm4wz0BAYLrSvg0L-_fomtzF94e-Ac?width=1200&height=817
31-05-2025,156.6389465,157.9366913,152.4416504,156.2359467,2817151487,104,Solana,SOL-USD,Crypto,Cryptocurrency,https://1drv.ms/i/c/8705623eb284e7df/IQRt4HhalyF5QI9kSBm4wz0BAYLrSvg0L-_fomtzF94e-Ac?width=1200&height=817
01-06-2025,157.7845459,157.8278503,150.8434143,156.6378937,2554572841,104,Solana,SOL-USD,Crypto,Cryptocurrency,https://1drv.ms/i/c/8705623eb284e7df/IQRt4HhalyF5QI9kSBm4wz0BAYLrSvg0L-_fomtzF94e-Ac?width=1200&height=817
02-06-2025,156.9980621,158.8946381,151.9974518,157.7837372,3070599881,104,Solana,SOL-USD,Crypto,Cryptocurrency,https://1drv.ms/i/c/8705623eb284e7df/IQRt4HhalyF5QI9kSBm4wz0BAYLrSvg0L-_fomtzF94e-Ac?width=1200&height=817
03-06-2025,155.3431702,163.393692,154.7076569,156.9980927,3739800274,104,Solana,SOL-USD,Crypto,Cryptocurrency,https://1drv.ms/i/c/8705623eb284e7df/IQRt4HhalyF5QI9kSBm4wz0BAYLrSvg0L-_fomtzF94e-Ac?width=1200&height=817
04-06-2025,153.3596497,157.8530426,153.1756439,155.3417206,2694510572,104,Solana,SOL-USD,Crypto,Cryptocurrency,https://1drv.ms/i/c/8705623eb284e7df/IQRt4HhalyF5QI9kSBm4wz0BAYLrSvg0L-_fomtzF94e-Ac?width=1200&height=817
05-06-2025,144.5429535,154.5604248,141.9029388,153.3593292,4691163987,104,Solana,SOL-USD,Crypto,Cryptocurrency,https://1drv.ms/i/c/8705623eb284e7df/IQRt4HhalyF5QI9kSBm4wz0BAYLrSvg0L-_fomtzF94e-Ac?width=1200&height=817
06-06-2025,147.9131317,152.022522,144.4403992,144.5429077,2780168622,104,Solana,SOL-USD,Crypto,Cryptocurrency,https://1drv.ms/i/c/8705623eb284e7df/IQRt4HhalyF5QI9kSBm4wz0BAYLrSvg0L-_fomtzF94e-Ac?width=1200&height=817
07-06-2025,150.1340637,152.825531,147.1872711,147.9080505,1895979261,104,Solana,SOL-USD,Crypto,Cryptocurrency,https://1drv.ms/i/c/8705623eb284e7df/IQRt4HhalyF5QI9kSBm4wz0BAYLrSvg0L-_fomtzF94e-Ac?width=1200&height=817
08-06-2025,152.4300995,155.0418854,148.2244263,150.1338959,1928262265,104,Solana,SOL-USD,Crypto,Cryptocurrency,https://1drv.ms/i/c/8705623eb284e7df/IQRt4HhalyF5QI9kSBm4wz0BAYLrSvg0L-_fomtzF94e-Ac?width=1200&height=817
09-06-2025,161.0886536,161.4990997,149.83992,152.4300995,3689102023,104,Solana,SOL-USD,Crypto,Cryptocurrency,https://1drv.ms/i/c/8705623eb284e7df/IQRt4HhalyF5QI9kSBm4wz0BAYLrSvg0L-_fomtzF94e-Ac?width=1200&height=817
10-06-2025,165.0281677,165.5339203,156.8425903,161.0947113,4891108456,104,Solana,SOL-USD,Crypto,Cryptocurrency,https://1drv.ms/i/c/8705623eb284e7df/IQRt4HhalyF5QI9kSBm4wz0BAYLrSvg0L-_fomtzF94e-Ac?width=1200&height=817
11-06-2025,161.0558624,168.0181122,159.4257813,165.0281677,5292694830,104,Solana,SOL-USD,Crypto,Cryptocurrency,https://1drv.ms/i/c/8705623eb284e7df/IQRt4HhalyF5QI9kSBm4wz0BAYLrSvg0L-_fomtzF94e-Ac?width=1200&height=817
12-06-2025,152.7896729,161.2027893,152.2374115,161.0558624,3655760294,104,Solana,SOL-USD,Crypto,Cryptocurrency,https://1drv.ms/i/c/8705623eb284e7df/IQRt4HhalyF5QI9kSBm4wz0BAYLrSvg0L-_fomtzF94e-Ac?width=1200&height=817
13-06-2025,148.6283569,152.7870483,141.437149,152.7870483,6346327306,104,Solana,SOL-USD,Crypto,Cryptocurrency,https://1drv.ms/i/c/8705623eb284e7df/IQRt4HhalyF5QI9kSBm4wz0BAYLrSvg0L-_fomtzF94e-Ac?width=1200&height=817
14-06-2025,144.7637482,148.6466675,142.2256927,148.6322327,2159011897,104,Solana,SOL-USD,Crypto,Cryptocurrency,https://1drv.ms/i/c/8705623eb284e7df/IQRt4HhalyF5QI9kSBm4wz0BAYLrSvg0L-_fomtzF94e-Ac?width=1200&height=817
15-06-2025,152.8143921,153.217865,144.3636322,144.7633972,3600058127,104,Solana,SOL-USD,Crypto,Cryptocurrency,https://1drv.ms/i/c/8705623eb284e7df/IQRt4HhalyF5QI9kSBm4wz0BAYLrSvg0L-_fomtzF94e-Ac?width=1200&height=817
16-06-2025,150.8699951,158.6078796,150.8699951,152.8143921,4629439778,104,Solana,SOL-USD,Crypto,Cryptocurrency,https://1drv.ms/i/c/8705623eb284e7df/IQRt4HhalyF5QI9kSBm4wz0BAYLrSvg0L-_fomtzF94e-Ac?width=1200&height=817
17-06-2025,147.7498016,154.1480103,145.8711548,150.8648682,4505742897,104,Solana,SOL-USD,Crypto,Cryptocurrency,https://1drv.ms/i/c/8705623eb284e7df/IQRt4HhalyF5QI9kSBm4wz0BAYLrSvg0L-_fomtzF94e-Ac?width=1200&height=817
18-06-2025,146.3531189,149.1591492,143.9672241,147.749054,3507323344,104,Solana,SOL-USD,Crypto,Cryptocurrency,https://1drv.ms/i/c/8705623eb284e7df/IQRt4HhalyF5QI9kSBm4wz0BAYLrSvg0L-_fomtzF94e-Ac?width=1200&height=817
19-06-2025,147.0714722,147.7870789,143.1118774,146.3552704,2754965137,104,Solana,SOL-USD,Crypto,Cryptocurrency,https://1drv.ms/i/c/8705623eb284e7df/IQRt4HhalyF5QI9kSBm4wz0BAYLrSvg0L-_fomtzF94e-Ac?width=1200&height=817
20-06-2025,140.1685944,148.7189026,136.5124054,147.0729065,4112242022,104,Solana,SOL-USD,Crypto,Cryptocurrency,https://1drv.ms/i/c/8705623eb284e7df/IQRt4HhalyF5QI9kSBm4wz0BAYLrSvg0L-_fomtzF94e-Ac?width=1200&height=817
21-06-2025,135.1610107,142.4997406,132.4142456,140.168045,3335622844,104,Solana,SOL-USD,Crypto,Cryptocurrency,https://1drv.ms/i/c/8705623eb284e7df/IQRt4HhalyF5QI9kSBm4wz0BAYLrSvg0L-_fomtzF94e-Ac?width=1200&height=817
22-06-2025,131.6156921,137.5521393,126.8262787,135.1963501,4990284543,104,Solana,SOL-USD,Crypto,Cryptocurrency,https://1drv.ms/i/c/8705623eb284e7df/IQRt4HhalyF5QI9kSBm4wz0BAYLrSvg0L-_fomtzF94e-Ac?width=1200&height=817
23-06-2025,144.8467255,146.5984955,131.1608582,131.61586,5742740781,104,Solana,SOL-USD,Crypto,Cryptocurrency,https://1drv.ms/i/c/8705623eb284e7df/IQRt4HhalyF5QI9kSBm4wz0BAYLrSvg0L-_fomtzF94e-Ac?width=1200&height=817
24-06-2025,145.9545288,146.5894775,142.5666809,144.8467255,3709899362,104,Solana,SOL-USD,Crypto,Cryptocurrency,https://1drv.ms/i/c/8705623eb284e7df/IQRt4HhalyF5QI9kSBm4wz0BAYLrSvg0L-_fomtzF94e-Ac?width=1200&height=817
25-06-2025,143.505127,147.7740173,142.5579529,145.9535065,3095794422,104,Solana,SOL-USD,Crypto,Cryptocurrency,https://1drv.ms/i/c/8705623eb284e7df/IQRt4HhalyF5QI9kSBm4wz0BAYLrSvg0L-_fomtzF94e-Ac?width=1200&height=817
26-06-2025,139.0598602,147.7301483,138.8082275,143.5052948,3480832173,104,Solana,SOL-USD,Crypto,Cryptocurrency,https://1drv.ms/i/c/8705623eb284e7df/IQRt4HhalyF5QI9kSBm4wz0BAYLrSvg0L-_fomtzF94e-Ac?width=1200&height=817
27-06-2025,142.1914825,144.4037323,137.7942047,139.0597839,3327165986,104,Solana,SOL-USD,Crypto,Cryptocurrency,https://1drv.ms/i/c/8705623eb284e7df/IQRt4HhalyF5QI9kSBm4wz0BAYLrSvg0L-_fomtzF94e-Ac?width=1200&height=817
28-06-2025,150.8275604,152.4373932,141.3493195,142.1920319,2847495210,104,Solana,SOL-USD,Crypto,Cryptocurrency,https://1drv.ms/i/c/8705623eb284e7df/IQRt4HhalyF5QI9kSBm4wz0BAYLrSvg0L-_fomtzF94e-Ac?width=1200&height=817
29-06-2025,153.3530884,154.4233704,149.5324707,150.8259888,2462940245,104,Solana,SOL-USD,Crypto,Cryptocurrency,https://1drv.ms/i/c/8705623eb284e7df/IQRt4HhalyF5QI9kSBm4wz0BAYLrSvg0L-_fomtzF94e-Ac?width=1200&height=817
30-06-2025,154.7353058,159.6316071,149.612442,153.3530884,4752163067,104,Solana,SOL-USD,Crypto,Cryptocurrency,https://1drv.ms/i/c/8705623eb284e7df/IQRt4HhalyF5QI9kSBm4wz0BAYLrSvg0L-_fomtzF94e-Ac?width=1200&height=817
01-07-2025,146.9266357,155.3474274,145.2128906,154.7350311,3599415509,104,Solana,SOL-USD,Crypto,Cryptocurrency,https://1drv.ms/i/c/8705623eb284e7df/IQRt4HhalyF5QI9kSBm4wz0BAYLrSvg0L-_fomtzF94e-Ac?width=1200&height=817
02-07-2025,152.2276306,154.4098358,146.2321777,146.9287415,3941952132,104,Solana,SOL-USD,Crypto,Cryptocurrency,https://1drv.ms/i/c/8705623eb284e7df/IQRt4HhalyF5QI9kSBm4wz0BAYLrSvg0L-_fomtzF94e-Ac?width=1200&height=817
03-07-2025,152.4017944,156.1884766,150.1514587,152.2285614,3748228101,104,Solana,SOL-USD,Crypto,Cryptocurrency,https://1drv.ms/i/c/8705623eb284e7df/IQRt4HhalyF5QI9kSBm4wz0BAYLrSvg0L-_fomtzF94e-Ac?width=1200&height=817
04-07-2025,147.7636414,153.5576019,145.4519653,152.4020233,3575641174,104,Solana,SOL-USD,Crypto,Cryptocurrency,https://1drv.ms/i/c/8705623eb284e7df/IQRt4HhalyF5QI9kSBm4wz0BAYLrSvg0L-_fomtzF94e-Ac?width=1200&height=817
05-07-2025,147.641449,148.5907135,146.0768433,147.7629089,1579874806,104,Solana,SOL-USD,Crypto,Cryptocurrency,https://1drv.ms/i/c/8705623eb284e7df/IQRt4HhalyF5QI9kSBm4wz0BAYLrSvg0L-_fomtzF94e-Ac?width=1200&height=817
06-07-2025,151.8729401,153.3870544,146.8997345,147.6414642,2921512526,104,Solana,SOL-USD,Crypto,Cryptocurrency,https://1drv.ms/i/c/8705623eb284e7df/IQRt4HhalyF5QI9kSBm4wz0BAYLrSvg0L-_fomtzF94e-Ac?width=1200&height=817
07-07-2025,148.872345,153.2769623,147.7893982,151.8733368,3661294298,104,Solana,SOL-USD,Crypto,Cryptocurrency,https://1drv.ms/i/c/8705623eb284e7df/IQRt4HhalyF5QI9kSBm4wz0BAYLrSvg0L-_fomtzF94e-Ac?width=1200&height=817
08-07-2025,151.8103943,152.7966003,147.9498749,148.8719635,3885408944,104,Solana,SOL-USD,Crypto,Cryptocurrency,https://1drv.ms/i/c/8705623eb284e7df/IQRt4HhalyF5QI9kSBm4wz0BAYLrSvg0L-_fomtzF94e-Ac?width=1200&height=817
09-07-2025,157.2815094,157.8800201,150.6998901,151.8103943,4759358090,104,Solana,SOL-USD,Crypto,Cryptocurrency,https://1drv.ms/i/c/8705623eb284e7df/IQRt4HhalyF5QI9kSBm4wz0BAYLrSvg0L-_fomtzF94e-Ac?width=1200&height=817
10-07-2025,164.0627747,165.0765839,156.0460663,157.2815094,5703252463,104,Solana,SOL-USD,Crypto,Cryptocurrency,https://1drv.ms/i/c/8705623eb284e7df/IQRt4HhalyF5QI9kSBm4wz0BAYLrSvg0L-_fomtzF94e-Ac?width=1200&height=817
11-07-2025,162.8833771,167.9219666,160.0656433,164.0625305,7095844188,104,Solana,SOL-USD,Crypto,Cryptocurrency,https://1drv.ms/i/c/8705623eb284e7df/IQRt4HhalyF5QI9kSBm4wz0BAYLrSvg0L-_fomtzF94e-Ac?width=1200&height=817
12-07-2025,160.684845,163.8453217,157.9980316,162.8833771,3795297694,104,Solana,SOL-USD,Crypto,Cryptocurrency,https://1drv.ms/i/c/8705623eb284e7df/IQRt4HhalyF5QI9kSBm4wz0BAYLrSvg0L-_fomtzF94e-Ac?width=1200&height=817
13-07-2025,161.1940155,163.9575958,159.9158478,160.684845,3865898680,104,Solana,SOL-USD,Crypto,Cryptocurrency,https://1drv.ms/i/c/8705623eb284e7df/IQRt4HhalyF5QI9kSBm4wz0BAYLrSvg0L-_fomtzF94e-Ac?width=1200&height=817
14-07-2025,162.2752228,168.3361206,160.7777863,161.1940155,7130680773,104,Solana,SOL-USD,Crypto,Cryptocurrency,https://1drv.ms/i/c/8705623eb284e7df/IQRt4HhalyF5QI9kSBm4wz0BAYLrSvg0L-_fomtzF94e-Ac?width=1200&height=817
15-07-2025,163.9504395,164.1220856,157.6027527,162.2756195,6533486768,104,Solana,SOL-USD,Crypto,Cryptocurrency,https://1drv.ms/i/c/8705623eb284e7df/IQRt4HhalyF5QI9kSBm4wz0BAYLrSvg0L-_fomtzF94e-Ac?width=1200&height=817
16-07-2025,173.7084808,175.8358002,161.6914215,163.9504395,8415349750,104,Solana,SOL-USD,Crypto,Cryptocurrency,https://1drv.ms/i/c/8705623eb284e7df/IQRt4HhalyF5QI9kSBm4wz0BAYLrSvg0L-_fomtzF94e-Ac?width=1200&height=817
17-07-2025,175.793045,178.0684357,169.0315247,173.7084808,7913250794,104,Solana,SOL-USD,Crypto,Cryptocurrency,https://1drv.ms/i/c/8705623eb284e7df/IQRt4HhalyF5QI9kSBm4wz0BAYLrSvg0L-_fomtzF94e-Ac?width=1200&height=817
18-07-2025,177.3819733,184.3690033,173.9146881,175.7919312,8439352014,104,Solana,SOL-USD,Crypto,Cryptocurrency,https://1drv.ms/i/c/8705623eb284e7df/IQRt4HhalyF5QI9kSBm4wz0BAYLrSvg0L-_fomtzF94e-Ac?width=1200&height=817
19-07-2025,177.0701294,178.3693848,174.3131409,177.3819122,4074891432,104,Solana,SOL-USD,Crypto,Cryptocurrency,https://1drv.ms/i/c/8705623eb284e7df/IQRt4HhalyF5QI9kSBm4wz0BAYLrSvg0L-_fomtzF94e-Ac?width=1200&height=817
20-07-2025,181.5460358,183.3197632,176.5283051,177.0704956,6503778374,104,Solana,SOL-USD,Crypto,Cryptocurrency,https://1drv.ms/i/c/8705623eb284e7df/IQRt4HhalyF5QI9kSBm4wz0BAYLrSvg0L-_fomtzF94e-Ac?width=1200&height=817
21-07-2025,195.9942627,198.9155579,178.5621948,181.5452576,11211509986,104,Solana,SOL-USD,Crypto,Cryptocurrency,https://1drv.ms/i/c/8705623eb284e7df/IQRt4HhalyF5QI9kSBm4wz0BAYLrSvg0L-_fomtzF94e-Ac?width=1200&height=817
22-07-2025,205.7005463,205.8714752,194.2823029,195.9878998,14508715185,104,Solana,SOL-USD,Crypto,Cryptocurrency,https://1drv.ms/i/c/8705623eb284e7df/IQRt4HhalyF5QI9kSBm4wz0BAYLrSvg0L-_fomtzF94e-Ac?width=1200&height=817
23-07-2025,189.5429382,205.7560883,184.3273621,205.7112427,10671351702,104,Solana,SOL-USD,Crypto,Cryptocurrency,https://1drv.ms/i/c/8705623eb284e7df/IQRt4HhalyF5QI9kSBm4wz0BAYLrSvg0L-_fomtzF94e-Ac?width=1200&height=817
24-07-2025,182.6060638,191.8833618,179.9481506,189.5393066,8921891799,104,Solana,SOL-USD,Crypto,Cryptocurrency,https://1drv.ms/i/c/8705623eb284e7df/IQRt4HhalyF5QI9kSBm4wz0BAYLrSvg0L-_fomtzF94e-Ac?width=1200&height=817
25-07-2025,186.7796631,186.7885895,176.4135437,182.6039429,8613557362,104,Solana,SOL-USD,Crypto,Cryptocurrency,https://1drv.ms/i/c/8705623eb284e7df/IQRt4HhalyF5QI9kSBm4wz0BAYLrSvg0L-_fomtzF94e-Ac?width=1200&height=817
26-07-2025,184.9138794,189.6469574,184.5326691,186.7798004,3756183776,104,Solana,SOL-USD,Crypto,Cryptocurrency,https://1drv.ms/i/c/8705623eb284e7df/IQRt4HhalyF5QI9kSBm4wz0BAYLrSvg0L-_fomtzF94e-Ac?width=1200&height=817
27-07-2025,188.73349,190.4431458,184.7401276,184.911972,4713357652,104,Solana,SOL-USD,Crypto,Cryptocurrency,https://1drv.ms/i/c/8705623eb284e7df/IQRt4HhalyF5QI9kSBm4wz0BAYLrSvg0L-_fomtzF94e-Ac?width=1200&height=817
28-07-2025,182.5415649,194.65802,182.3687592,188.7321014,7456216270,104,Solana,SOL-USD,Crypto,Cryptocurrency,https://1drv.ms/i/c/8705623eb284e7df/IQRt4HhalyF5QI9kSBm4wz0BAYLrSvg0L-_fomtzF94e-Ac?width=1200&height=817
29-07-2025,181.3353119,186.4884491,178.5705872,182.5584869,5430304723,104,Solana,SOL-USD,Crypto,Cryptocurrency,https://1drv.ms/i/c/8705623eb284e7df/IQRt4HhalyF5QI9kSBm4wz0BAYLrSvg0L-_fomtzF94e-Ac?width=1200&height=817
30-07-2025,177.6940155,182.3795166,172.3422699,181.3353119,6074764559,104,Solana,SOL-USD,Crypto,Cryptocurrency,https://1drv.ms/i/c/8705623eb284e7df/IQRt4HhalyF5QI9kSBm4wz0BAYLrSvg0L-_fomtzF94e-Ac?width=1200&height=817
31-07-2025,172.4243469,182.4824829,171.8527985,177.6937866,5443530167,104,Solana,SOL-USD,Crypto,Cryptocurrency,https://1drv.ms/i/c/8705623eb284e7df/IQRt4HhalyF5QI9kSBm4wz0BAYLrSvg0L-_fomtzF94e-Ac?width=1200&height=817
01-08-2025,162.8770905,172.4171143,159.7885742,172.4171143,8200357157,104,Solana,SOL-USD,Crypto,Cryptocurrency,https://1drv.ms/i/c/8705623eb284e7df/IQRt4HhalyF5QI9kSBm4wz0BAYLrSvg0L-_fomtzF94e-Ac?width=1200&height=817
02-08-2025,158.483017,165.1070099,156.0843506,162.8770905,4455060056,104,Solana,SOL-USD,Crypto,Cryptocurrency,https://1drv.ms/i/c/8705623eb284e7df/IQRt4HhalyF5QI9kSBm4wz0BAYLrSvg0L-_fomtzF94e-Ac?width=1200&height=817
03-08-2025,161.9549713,162.8240509,156.8716736,158.4834137,3702562222,104,Solana,SOL-USD,Crypto,Cryptocurrency,https://1drv.ms/i/c/8705623eb284e7df/IQRt4HhalyF5QI9kSBm4wz0BAYLrSvg0L-_fomtzF94e-Ac?width=1200&height=817
04-08-2025,169.4256897,169.711731,161.4369965,161.9629669,4977909460,104,Solana,SOL-USD,Crypto,Cryptocurrency,https://1drv.ms/i/c/8705623eb284e7df/IQRt4HhalyF5QI9kSBm4wz0BAYLrSvg0L-_fomtzF94e-Ac?width=1200&height=817
05-08-2025,164.0964355,171.5601501,161.6408997,169.4277802,4979304041,104,Solana,SOL-USD,Crypto,Cryptocurrency,https://1drv.ms/i/c/8705623eb284e7df/IQRt4HhalyF5QI9kSBm4wz0BAYLrSvg0L-_fomtzF94e-Ac?width=1200&height=817
06-08-2025,168.1757355,169.8618317,161.4011841,164.0985718,3851544154,104,Solana,SOL-USD,Crypto,Cryptocurrency,https://1drv.ms/i/c/8705623eb284e7df/IQRt4HhalyF5QI9kSBm4wz0BAYLrSvg0L-_fomtzF94e-Ac?width=1200&height=817
07-08-2025,175.4854279,175.4887085,166.8945465,168.1754303,5177005321,104,Solana,SOL-USD,Crypto,Cryptocurrency,https://1drv.ms/i/c/8705623eb284e7df/IQRt4HhalyF5QI9kSBm4wz0BAYLrSvg0L-_fomtzF94e-Ac?width=1200&height=817
08-08-2025,176.7632904,179.3596344,173.7015991,175.4854584,6565011386,104,Solana,SOL-USD,Crypto,Cryptocurrency,https://1drv.ms/i/c/8705623eb284e7df/IQRt4HhalyF5QI9kSBm4wz0BAYLrSvg0L-_fomtzF94e-Ac?width=1200&height=817
09-08-2025,180.1823425,183.1424866,176.7598419,176.7631226,5297615193,104,Solana,SOL-USD,Crypto,Cryptocurrency,https://1drv.ms/i/c/8705623eb284e7df/IQRt4HhalyF5QI9kSBm4wz0BAYLrSvg0L-_fomtzF94e-Ac?width=1200&height=817
10-08-2025,182.9030151,185.916748,177.9951324,180.1828918,6719478867,104,Solana,SOL-USD,Crypto,Cryptocurrency,https://1drv.ms/i/c/8705623eb284e7df/IQRt4HhalyF5QI9kSBm4wz0BAYLrSvg0L-_fomtzF94e-Ac?width=1200&height=817
11-08-2025,174.9778137,186.6573029,173.686676,182.9030304,7353962794,104,Solana,SOL-USD,Crypto,Cryptocurrency,https://1drv.ms/i/c/8705623eb284e7df/IQRt4HhalyF5QI9kSBm4wz0BAYLrSvg0L-_fomtzF94e-Ac?width=1200&height=817
12-08-2025,191.8568268,193.4408417,173.8356171,174.977829,8611505118,104,Solana,SOL-USD,Crypto,Cryptocurrency,https://1drv.ms/i/c/8705623eb284e7df/IQRt4HhalyF5QI9kSBm4wz0BAYLrSvg0L-_fomtzF94e-Ac?width=1200&height=817
13-08-2025,201.5904236,204.4700165,191.4954529,191.8568268,11831412257,104,Solana,SOL-USD,Crypto,Cryptocurrency,https://1drv.ms/i/c/8705623eb284e7df/IQRt4HhalyF5QI9kSBm4wz0BAYLrSvg0L-_fomtzF94e-Ac?width=1200&height=817
14-08-2025,192.5859528,209.6668549,187.783371,201.586731,14664456934,104,Solana,SOL-USD,Crypto,Cryptocurrency,https://1drv.ms/i/c/8705623eb284e7df/IQRt4HhalyF5QI9kSBm4wz0BAYLrSvg0L-_fomtzF94e-Ac?width=1200&height=817
15-08-2025,185.7412567,198.1383209,183.7640076,192.5877686,7685764515,104,Solana,SOL-USD,Crypto,Cryptocurrency,https://1drv.ms/i/c/8705623eb284e7df/IQRt4HhalyF5QI9kSBm4wz0BAYLrSvg0L-_fomtzF94e-Ac?width=1200&height=817
16-08-2025,189.7669983,189.9811401,185.4577789,185.7395477,3716008732,104,Solana,SOL-USD,Crypto,Cryptocurrency,https://1drv.ms/i/c/8705623eb284e7df/IQRt4HhalyF5QI9kSBm4wz0BAYLrSvg0L-_fomtzF94e-Ac?width=1200&height=817
17-08-2025,191.1648254,195.4407959,187.7236786,189.7658539,4221788171,104,Solana,SOL-USD,Crypto,Cryptocurrency,https://1drv.ms/i/c/8705623eb284e7df/IQRt4HhalyF5QI9kSBm4wz0BAYLrSvg0L-_fomtzF94e-Ac?width=1200&height=817
18-08-2025,183.06987,191.3541565,180.4141083,191.1644897,6328028844,104,Solana,SOL-USD,Crypto,Cryptocurrency,https://1drv.ms/i/c/8705623eb284e7df/IQRt4HhalyF5QI9kSBm4wz0BAYLrSvg0L-_fomtzF94e-Ac?width=1200&height=817
19-08-2025,176.1122742,185.7837372,175.9924164,183.0696869,5990636025,104,Solana,SOL-USD,Crypto,Cryptocurrency,https://1drv.ms/i/c/8705623eb284e7df/IQRt4HhalyF5QI9kSBm4wz0BAYLrSvg0L-_fomtzF94e-Ac?width=1200&height=817
20-08-2025,187.5863037,187.6895447,176.1010132,176.1138763,6283111574,104,Solana,SOL-USD,Crypto,Cryptocurrency,https://1drv.ms/i/c/8705623eb284e7df/IQRt4HhalyF5QI9kSBm4wz0BAYLrSvg0L-_fomtzF94e-Ac?width=1200&height=817
21-08-2025,180.2806244,189.400528,179.7133331,187.5863037,5379108039,104,Solana,SOL-USD,Crypto,Cryptocurrency,https://1drv.ms/i/c/8705623eb284e7df/IQRt4HhalyF5QI9kSBm4wz0BAYLrSvg0L-_fomtzF94e-Ac?width=1200&height=817
22-08-2025,200.6474457,201.9373474,177.474762,180.2796936,10256417346,104,Solana,SOL-USD,Crypto,Cryptocurrency,https://1drv.ms/i/c/8705623eb284e7df/IQRt4HhalyF5QI9kSBm4wz0BAYLrSvg0L-_fomtzF94e-Ac?width=1200&height=817
23-08-2025,203.9367371,207.8390045,195.3718414,200.6461639,7845395369,104,Solana,SOL-USD,Crypto,Cryptocurrency,https://1drv.ms/i/c/8705623eb284e7df/IQRt4HhalyF5QI9kSBm4wz0BAYLrSvg0L-_fomtzF94e-Ac?width=1200&height=817
24-08-2025,205.8523712,211.7602386,201.7071991,203.937149,11456987571,104,Solana,SOL-USD,Crypto,Cryptocurrency,https://1drv.ms/i/c/8705623eb284e7df/IQRt4HhalyF5QI9kSBm4wz0BAYLrSvg0L-_fomtzF94e-Ac?width=1200&height=817
25-08-2025,187.2784424,213.006134,186.0250549,205.8554382,13048248034,104,Solana,SOL-USD,Crypto,Cryptocurrency,https://1drv.ms/i/c/8705623eb284e7df/IQRt4HhalyF5QI9kSBm4wz0BAYLrSvg0L-_fomtzF94e-Ac?width=1200&height=817
26-08-2025,195.9050903,197.8465271,186.1734467,187.2684174,8032115173,104,Solana,SOL-USD,Crypto,Cryptocurrency,https://1drv.ms/i/c/8705623eb284e7df/IQRt4HhalyF5QI9kSBm4wz0BAYLrSvg0L-_fomtzF94e-Ac?width=1200&height=817
27-08-2025,202.9233704,211.8575745,194.0631104,195.9060059,12883119559,104,Solana,SOL-USD,Crypto,Cryptocurrency,https://1drv.ms/i/c/8705623eb284e7df/IQRt4HhalyF5QI9kSBm4wz0BAYLrSvg0L-_fomtzF94e-Ac?width=1200&height=817
28-08-2025,214.4056396,216.0874023,202.0071411,202.925705,12079041801,104,Solana,SOL-USD,Crypto,Cryptocurrency,https://1drv.ms/i/c/8705623eb284e7df/IQRt4HhalyF5QI9kSBm4wz0BAYLrSvg0L-_fomtzF94e-Ac?width=1200&height=817
29-08-2025,205.2200012,217.8367004,200.4359436,214.4013367,14055051455,104,Solana,SOL-USD,Crypto,Cryptocurrency,https://1drv.ms/i/c/8705623eb284e7df/IQRt4HhalyF5QI9kSBm4wz0BAYLrSvg0L-_fomtzF94e-Ac?width=1200&height=817
30-08-2025,202.8601379,206.8003998,197.8941956,205.2144775,5828701739,104,Solana,SOL-USD,Crypto,Cryptocurrency,https://1drv.ms/i/c/8705623eb284e7df/IQRt4HhalyF5QI9kSBm4wz0BAYLrSvg0L-_fomtzF94e-Ac?width=1200&height=817
31-08-2025,200.8635406,206.506958,200.6566925,202.857193,5028997406,104,Solana,SOL-USD,Crypto,Cryptocurrency,https://1drv.ms/i/c/8705623eb284e7df/IQRt4HhalyF5QI9kSBm4wz0BAYLrSvg0L-_fomtzF94e-Ac?width=1200&height=817
01-09-2025,197.1083374,204.2178497,194.3780212,200.8618622,7253329838,104,Solana,SOL-USD,Crypto,Cryptocurrency,https://1drv.ms/i/c/8705623eb284e7df/IQRt4HhalyF5QI9kSBm4wz0BAYLrSvg0L-_fomtzF94e-Ac?width=1200&height=817
02-09-2025,209.4815369,209.4815369,197.0936584,197.1095886,8625200488,104,Solana,SOL-USD,Crypto,Cryptocurrency,https://1drv.ms/i/c/8705623eb284e7df/IQRt4HhalyF5QI9kSBm4wz0BAYLrSvg0L-_fomtzF94e-Ac?width=1200&height=817
03-09-2025,210.7463074,212.8235168,207.5840759,209.4827881,6966454259,104,Solana,SOL-USD,Crypto,Cryptocurrency,https://1drv.ms/i/c/8705623eb284e7df/IQRt4HhalyF5QI9kSBm4wz0BAYLrSvg0L-_fomtzF94e-Ac?width=1200&height=817
04-09-2025,202.5601807,211.7950134,202.1270142,210.7463074,5241887525,104,Solana,SOL-USD,Crypto,Cryptocurrency,https://1drv.ms/i/c/8705623eb284e7df/IQRt4HhalyF5QI9kSBm4wz0BAYLrSvg0L-_fomtzF94e-Ac?width=1200&height=817
05-09-2025,203.4985199,209.8600616,201.1800079,202.5467377,7780086538,104,Solana,SOL-USD,Crypto,Cryptocurrency,https://1drv.ms/i/c/8705623eb284e7df/IQRt4HhalyF5QI9kSBm4wz0BAYLrSvg0L-_fomtzF94e-Ac?width=1200&height=817
06-09-2025,200.2463074,204.5575409,199.6403961,203.4985199,3057210360,104,Solana,SOL-USD,Crypto,Cryptocurrency,https://1drv.ms/i/c/8705623eb284e7df/IQRt4HhalyF5QI9kSBm4wz0BAYLrSvg0L-_fomtzF94e-Ac?width=1200&height=817
07-09-2025,206.4681854,207.8673401,200.2285004,200.2473602,4153166545,104,Solana,SOL-USD,Crypto,Cryptocurrency,https://1drv.ms/i/c/8705623eb284e7df/IQRt4HhalyF5QI9kSBm4wz0BAYLrSvg0L-_fomtzF94e-Ac?width=1200&height=817
08-09-2025,214.1864014,216.8997803,205.7173615,206.4645386,10019366594,104,Solana,SOL-USD,Crypto,Cryptocurrency,https://1drv.ms/i/c/8705623eb284e7df/IQRt4HhalyF5QI9kSBm4wz0BAYLrSvg0L-_fomtzF94e-Ac?width=1200&height=817
09-09-2025,217.2506866,219.5234985,211.1582489,214.1865387,8798692220,104,Solana,SOL-USD,Crypto,Cryptocurrency,https://1drv.ms/i/c/8705623eb284e7df/IQRt4HhalyF5QI9kSBm4wz0BAYLrSvg0L-_fomtzF94e-Ac?width=1200&height=817
10-09-2025,223.986908,225.5124664,215.272522,217.2503967,9070263027,104,Solana,SOL-USD,Crypto,Cryptocurrency,https://1drv.ms/i/c/8705623eb284e7df/IQRt4HhalyF5QI9kSBm4wz0BAYLrSvg0L-_fomtzF94e-Ac?width=1200&height=817
11-09-2025,228.7561798,228.9088287,222.0251465,223.9856873,9580815361,104,Solana,SOL-USD,Crypto,Cryptocurrency,https://1drv.ms/i/c/8705623eb284e7df/IQRt4HhalyF5QI9kSBm4wz0BAYLrSvg0L-_fomtzF94e-Ac?width=1200&height=817
12-09-2025,242.3032837,243.7889099,228.2635498,228.7562408,13008621197,104,Solana,SOL-USD,Crypto,Cryptocurrency,https://1drv.ms/i/c/8705623eb284e7df/IQRt4HhalyF5QI9kSBm4wz0BAYLrSvg0L-_fomtzF94e-Ac?width=1200&height=817
13-09-2025,242.5959015,244.14328,236.4732971,242.3009796,7478581447,104,Solana,SOL-USD,Crypto,Cryptocurrency,https://1drv.ms/i/c/8705623eb284e7df/IQRt4HhalyF5QI9kSBm4wz0BAYLrSvg0L-_fomtzF94e-Ac?width=1200&height=817
14-09-2025,240.5576935,249.1241302,240.2139282,242.5955963,9358190854,104,Solana,SOL-USD,Crypto,Cryptocurrency,https://1drv.ms/i/c/8705623eb284e7df/IQRt4HhalyF5QI9kSBm4wz0BAYLrSvg0L-_fomtzF94e-Ac?width=1200&height=817
15-09-2025,234.3575592,244.000412,230.4840088,240.5480957,10017744936,104,Solana,SOL-USD,Crypto,Cryptocurrency,https://1drv.ms/i/c/8705623eb284e7df/IQRt4HhalyF5QI9kSBm4wz0BAYLrSvg0L-_fomtzF94e-Ac?width=1200&height=817
16-09-2025,236.9895782,240.6835175,231.8729706,234.3592224,7521208086,104,Solana,SOL-USD,Crypto,Cryptocurrency,https://1drv.ms/i/c/8705623eb284e7df/IQRt4HhalyF5QI9kSBm4wz0BAYLrSvg0L-_fomtzF94e-Ac?width=1200&height=817
17-09-2025,244.8574524,246.4639435,232.7739716,236.9775238,10420751509,104,Solana,SOL-USD,Crypto,Cryptocurrency,https://1drv.ms/i/c/8705623eb284e7df/IQRt4HhalyF5QI9kSBm4wz0BAYLrSvg0L-_fomtzF94e-Ac?width=1200&height=817
18-09-2025,247.6371307,253.2098999,242.9065857,244.8513031,9258651570,104,Solana,SOL-USD,Crypto,Cryptocurrency,https://1drv.ms/i/c/8705623eb284e7df/IQRt4HhalyF5QI9kSBm4wz0BAYLrSvg0L-_fomtzF94e-Ac?width=1200&height=817
19-09-2025,238.5527039,248.5066071,235.871933,247.6382446,7513642552,104,Solana,SOL-USD,Crypto,Cryptocurrency,https://1drv.ms/i/c/8705623eb284e7df/IQRt4HhalyF5QI9kSBm4wz0BAYLrSvg0L-_fomtzF94e-Ac?width=1200&height=817
20-09-2025,239.5924835,240.9989624,237.1777649,238.5497589,3518711912,104,Solana,SOL-USD,Crypto,Cryptocurrency,https://1drv.ms/i/c/8705623eb284e7df/IQRt4HhalyF5QI9kSBm4wz0BAYLrSvg0L-_fomtzF94e-Ac?width=1200&height=817
21-09-2025,236.5754547,241.8089294,235.7166901,239.5933075,3513052984,104,Solana,SOL-USD,Crypto,Cryptocurrency,https://1drv.ms/i/c/8705623eb284e7df/IQRt4HhalyF5QI9kSBm4wz0BAYLrSvg0L-_fomtzF94e-Ac?width=1200&height=817
22-09-2025,220.4964447,236.8692627,216.9177704,236.5742188,12102727916,104,Solana,SOL-USD,Crypto,Cryptocurrency,https://1drv.ms/i/c/8705623eb284e7df/IQRt4HhalyF5QI9kSBm4wz0BAYLrSvg0L-_fomtzF94e-Ac?width=1200&height=817
23-09-2025,213.7173004,221.3500519,212.8028564,220.5039063,7373425460,104,Solana,SOL-USD,Crypto,Cryptocurrency,https://1drv.ms/i/c/8705623eb284e7df/IQRt4HhalyF5QI9kSBm4wz0BAYLrSvg0L-_fomtzF94e-Ac?width=1200&height=817
24-09-2025,211.7562561,216.380188,206.0406036,213.7107239,8377116522,104,Solana,SOL-USD,Crypto,Cryptocurrency,https://1drv.ms/i/c/8705623eb284e7df/IQRt4HhalyF5QI9kSBm4wz0BAYLrSvg0L-_fomtzF94e-Ac?width=1200&height=817
25-09-2025,192.3807678,212.4007568,192.0831451,211.7534485,12314273479,104,Solana,SOL-USD,Crypto,Cryptocurrency,https://1drv.ms/i/c/8705623eb284e7df/IQRt4HhalyF5QI9kSBm4wz0BAYLrSvg0L-_fomtzF94e-Ac?width=1200&height=817
26-09-2025,205.3525543,205.4152832,191.1266479,192.3979645,10334548744,104,Solana,SOL-USD,Crypto,Cryptocurrency,https://1drv.ms/i/c/8705623eb284e7df/IQRt4HhalyF5QI9kSBm4wz0BAYLrSvg0L-_fomtzF94e-Ac?width=1200&height=817
27-09-2025,203.5833282,205.3991394,200.2690887,205.3451843,4016294139,104,Solana,SOL-USD,Crypto,Cryptocurrency,https://1drv.ms/i/c/8705623eb284e7df/IQRt4HhalyF5QI9kSBm4wz0BAYLrSvg0L-_fomtzF94e-Ac?width=1200&height=817
28-09-2025,210.7377472,210.896225,198.3204346,203.5832367,4467879569,104,Solana,SOL-USD,Crypto,Cryptocurrency,https://1drv.ms/i/c/8705623eb284e7df/IQRt4HhalyF5QI9kSBm4wz0BAYLrSvg0L-_fomtzF94e-Ac?width=1200&height=817
29-09-2025,213.0534058,214.6881104,205.1308136,210.7397308,6886600486,104,Solana,SOL-USD,Crypto,Cryptocurrency,https://1drv.ms/i/c/8705623eb284e7df/IQRt4HhalyF5QI9kSBm4wz0BAYLrSvg0L-_fomtzF94e-Ac?width=1200&height=817
30-09-2025,208.7431183,213.5068054,204.5656433,213.0449677,6873718512,104,Solana,SOL-USD,Crypto,Cryptocurrency,https://1drv.ms/i/c/8705623eb284e7df/IQRt4HhalyF5QI9kSBm4wz0BAYLrSvg0L-_fomtzF94e-Ac?width=1200&height=817
01-10-2025,221.6758728,221.6758728,206.6206665,208.7422333,8264703260,104,Solana,SOL-USD,Crypto,Cryptocurrency,https://1drv.ms/i/c/8705623eb284e7df/IQRt4HhalyF5QI9kSBm4wz0BAYLrSvg0L-_fomtzF94e-Ac?width=1200&height=817
02-10-2025,234.8568726,234.8605804,219.859848,221.6947327,9665302715,104,Solana,SOL-USD,Crypto,Cryptocurrency,https://1drv.ms/i/c/8705623eb284e7df/IQRt4HhalyF5QI9kSBm4wz0BAYLrSvg0L-_fomtzF94e-Ac?width=1200&height=817
03-10-2025,233.0019684,236.7911835,227.6767426,234.8539886,9289248668,104,Solana,SOL-USD,Crypto,Cryptocurrency,https://1drv.ms/i/c/8705623eb284e7df/IQRt4HhalyF5QI9kSBm4wz0BAYLrSvg0L-_fomtzF94e-Ac?width=1200&height=817
04-10-2025,228.0032043,233.9008484,224.4738312,233.0009766,4553115834,104,Solana,SOL-USD,Crypto,Cryptocurrency,https://1drv.ms/i/c/8705623eb284e7df/IQRt4HhalyF5QI9kSBm4wz0BAYLrSvg0L-_fomtzF94e-Ac?width=1200&height=817
05-10-2025,228.6011963,236.7772369,226.8981628,228.0025024,7132874650,104,Solana,SOL-USD,Crypto,Cryptocurrency,https://1drv.ms/i/c/8705623eb284e7df/IQRt4HhalyF5QI9kSBm4wz0BAYLrSvg0L-_fomtzF94e-Ac?width=1200&height=817
06-10-2025,232.516037,237.3225403,227.9980469,228.6011047,7521265450,104,Solana,SOL-USD,Crypto,Cryptocurrency,https://1drv.ms/i/c/8705623eb284e7df/IQRt4HhalyF5QI9kSBm4wz0BAYLrSvg0L-_fomtzF94e-Ac?width=1200&height=817
07-10-2025,220.4827118,235.0864868,220.4546967,232.5147705,9339230314,104,Solana,SOL-USD,Crypto,Cryptocurrency,https://1drv.ms/i/c/8705623eb284e7df/IQRt4HhalyF5QI9kSBm4wz0BAYLrSvg0L-_fomtzF94e-Ac?width=1200&height=817
08-10-2025,229.1012115,229.5643311,218.1841888,220.4855499,7198664384,104,Solana,SOL-USD,Crypto,Cryptocurrency,https://1drv.ms/i/c/8705623eb284e7df/IQRt4HhalyF5QI9kSBm4wz0BAYLrSvg0L-_fomtzF94e-Ac?width=1200&height=817
09-10-2025,220.9910736,229.3157806,217.1989441,229.0968781,7901186012,104,Solana,SOL-USD,Crypto,Cryptocurrency,https://1drv.ms/i/c/8705623eb284e7df/IQRt4HhalyF5QI9kSBm4wz0BAYLrSvg0L-_fomtzF94e-Ac?width=1200&height=817
10-10-2025,188.6638641,224.2544098,174.0697327,220.9930573,16784427014,104,Solana,SOL-USD,Crypto,Cryptocurrency,https://1drv.ms/i/c/8705623eb284e7df/IQRt4HhalyF5QI9kSBm4wz0BAYLrSvg0L-_fomtzF94e-Ac?width=1200&height=817
11-10-2025,178.0541687,190.8791351,173.7547913,188.6389008,12850012618,104,Solana,SOL-USD,Crypto,Cryptocurrency,https://1drv.ms/i/c/8705623eb284e7df/IQRt4HhalyF5QI9kSBm4wz0BAYLrSvg0L-_fomtzF94e-Ac?width=1200&height=817
12-10-2025,197.5085449,198.8739777,173.5213928,178.0561981,11797041281,104,Solana,SOL-USD,Crypto,Cryptocurrency,https://1drv.ms/i/c/8705623eb284e7df/IQRt4HhalyF5QI9kSBm4wz0BAYLrSvg0L-_fomtzF94e-Ac?width=1200&height=817
13-10-2025,208.3672943,209.2491913,191.9441681,197.5121918,11469454798,104,Solana,SOL-USD,Crypto,Cryptocurrency,https://1drv.ms/i/c/8705623eb284e7df/IQRt4HhalyF5QI9kSBm4wz0BAYLrSvg0L-_fomtzF94e-Ac?width=1200&height=817
14-10-2025,202.4603424,211.1050415,191.6710205,208.3635559,13600198608,104,Solana,SOL-USD,Crypto,Cryptocurrency,https://1drv.ms/i/c/8705623eb284e7df/IQRt4HhalyF5QI9kSBm4wz0BAYLrSvg0L-_fomtzF94e-Ac?width=1200&height=817
15-10-2025,194.0218658,208.3311615,192.700058,202.4618683,9867608882,104,Solana,SOL-USD,Crypto,Cryptocurrency,https://1drv.ms/i/c/8705623eb284e7df/IQRt4HhalyF5QI9kSBm4wz0BAYLrSvg0L-_fomtzF94e-Ac?width=1200&height=817
16-10-2025,184.6889496,197.9557495,182.2513428,194.0218658,10042886154,104,Solana,SOL-USD,Crypto,Cryptocurrency,https://1drv.ms/i/c/8705623eb284e7df/IQRt4HhalyF5QI9kSBm4wz0BAYLrSvg0L-_fomtzF94e-Ac?width=1200&height=817
17-10-2025,182.03479,187.4285736,174.7441711,184.686203,10401735741,104,Solana,SOL-USD,Crypto,Cryptocurrency,https://1drv.ms/i/c/8705623eb284e7df/IQRt4HhalyF5QI9kSBm4wz0BAYLrSvg0L-_fomtzF94e-Ac?width=1200&height=817
18-10-2025,187.6602936,188.2678833,182.0239868,182.0361633,4108902789,104,Solana,SOL-USD,Crypto,Cryptocurrency,https://1drv.ms/i/c/8705623eb284e7df/IQRt4HhalyF5QI9kSBm4wz0BAYLrSvg0L-_fomtzF94e-Ac?width=1200&height=817
19-10-2025,187.7982025,192.2006073,183.458252,187.6602936,4863227045,104,Solana,SOL-USD,Crypto,Cryptocurrency,https://1drv.ms/i/c/8705623eb284e7df/IQRt4HhalyF5QI9kSBm4wz0BAYLrSvg0L-_fomtzF94e-Ac?width=1200&height=817
20-10-2025,189.7506714,194.341156,184.0466309,187.7983093,6103945646,104,Solana,SOL-USD,Crypto,Cryptocurrency,https://1drv.ms/i/c/8705623eb284e7df/IQRt4HhalyF5QI9kSBm4wz0BAYLrSvg0L-_fomtzF94e-Ac?width=1200&height=817
21-10-2025,185.666275,197.3744812,183.3132477,189.7620392,8186574439,104,Solana,SOL-USD,Crypto,Cryptocurrency,https://1drv.ms/i/c/8705623eb284e7df/IQRt4HhalyF5QI9kSBm4wz0BAYLrSvg0L-_fomtzF94e-Ac?width=1200&height=817
22-10-2025,180.1481323,187.3266296,177.6731415,185.6673279,7337365275,104,Solana,SOL-USD,Crypto,Cryptocurrency,https://1drv.ms/i/c/8705623eb284e7df/IQRt4HhalyF5QI9kSBm4wz0BAYLrSvg0L-_fomtzF94e-Ac?width=1200&height=817
23-10-2025,191.3882751,193.1755676,179.8008728,180.1481323,6358339771,104,Solana,SOL-USD,Crypto,Cryptocurrency,https://1drv.ms/i/c/8705623eb284e7df/IQRt4HhalyF5QI9kSBm4wz0BAYLrSvg0L-_fomtzF94e-Ac?width=1200&height=817
24-10-2025,193.5602264,195.3123322,189.1088867,191.3885956,5855077941,104,Solana,SOL-USD,Crypto,Cryptocurrency,https://1drv.ms/i/c/8705623eb284e7df/IQRt4HhalyF5QI9kSBm4wz0BAYLrSvg0L-_fomtzF94e-Ac?width=1200&height=817
25-10-2025,194.0403748,195.0833588,191.6033325,193.5608215,3170047006,104,Solana,SOL-USD,Crypto,Cryptocurrency,https://1drv.ms/i/c/8705623eb284e7df/IQRt4HhalyF5QI9kSBm4wz0BAYLrSvg0L-_fomtzF94e-Ac?width=1200&height=817
26-10-2025,200.0286255,200.6212158,192.1607666,194.0375824,4753310567,104,Solana,SOL-USD,Crypto,Cryptocurrency,https://1drv.ms/i/c/8705623eb284e7df/IQRt4HhalyF5QI9kSBm4wz0BAYLrSvg0L-_fomtzF94e-Ac?width=1200&height=817
27-10-2025,198.7417145,205.02005,197.5985413,200.0274811,6714497027,104,Solana,SOL-USD,Crypto,Cryptocurrency,https://1drv.ms/i/c/8705623eb284e7df/IQRt4HhalyF5QI9kSBm4wz0BAYLrSvg0L-_fomtzF94e-Ac?width=1200&height=817
28-10-2025,194.4427948,203.8317566,191.3851929,198.7409973,8093133805,104,Solana,SOL-USD,Crypto,Cryptocurrency,https://1drv.ms/i/c/8705623eb284e7df/IQRt4HhalyF5QI9kSBm4wz0BAYLrSvg0L-_fomtzF94e-Ac?width=1200&height=817
29-10-2025,194.4108734,201.6774445,190.6092072,194.4336243,8057327834,104,Solana,SOL-USD,Crypto,Cryptocurrency,https://1drv.ms/i/c/8705623eb284e7df/IQRt4HhalyF5QI9kSBm4wz0BAYLrSvg0L-_fomtzF94e-Ac?width=1200&height=817
30-10-2025,184.6244202,198.0394745,179.2217255,194.400177,8688393422,104,Solana,SOL-USD,Crypto,Cryptocurrency,https://1drv.ms/i/c/8705623eb284e7df/IQRt4HhalyF5QI9kSBm4wz0BAYLrSvg0L-_fomtzF94e-Ac?width=1200&height=817
31-10-2025,187.2094727,189.8535309,184.0207825,184.628952,5699604751,104,Solana,SOL-USD,Crypto,Cryptocurrency,https://1drv.ms/i/c/8705623eb284e7df/IQRt4HhalyF5QI9kSBm4wz0BAYLrSvg0L-_fomtzF94e-Ac?width=1200&height=817
01-11-2025,186.3800507,187.3455658,184.062088,187.209259,2742470897,104,Solana,SOL-USD,Crypto,Cryptocurrency,https://1drv.ms/i/c/8705623eb284e7df/IQRt4HhalyF5QI9kSBm4wz0BAYLrSvg0L-_fomtzF94e-Ac?width=1200&height=817
02-11-2025,187.8259735,188.1415253,182.8292542,186.3796539,3213989849,104,Solana,SOL-USD,Crypto,Cryptocurrency,https://1drv.ms/i/c/8705623eb284e7df/IQRt4HhalyF5QI9kSBm4wz0BAYLrSvg0L-_fomtzF94e-Ac?width=1200&height=817
03-11-2025,166.0906982,188.7412109,163.5452881,187.8260498,10083921329,104,Solana,SOL-USD,Crypto,Cryptocurrency,https://1drv.ms/i/c/8705623eb284e7df/IQRt4HhalyF5QI9kSBm4wz0BAYLrSvg0L-_fomtzF94e-Ac?width=1200&height=817
04-11-2025,155.403183,168.2003021,146.7495575,166.0955353,11720472283,104,Solana,SOL-USD,Crypto,Cryptocurrency,https://1drv.ms/i/c/8705623eb284e7df/IQRt4HhalyF5QI9kSBm4wz0BAYLrSvg0L-_fomtzF94e-Ac?width=1200&height=817
05-11-2025,162.5660706,163.6578674,147.8924713,155.3994598,7278004532,104,Solana,SOL-USD,Crypto,Cryptocurrency,https://1drv.ms/i/c/8705623eb284e7df/IQRt4HhalyF5QI9kSBm4wz0BAYLrSvg0L-_fomtzF94e-Ac?width=1200&height=817
06-11-2025,155.065918,162.7792969,153.7943268,162.563385,5543550041,104,Solana,SOL-USD,Crypto,Cryptocurrency,https://1drv.ms/i/c/8705623eb284e7df/IQRt4HhalyF5QI9kSBm4wz0BAYLrSvg0L-_fomtzF94e-Ac?width=1200&height=817
07-11-2025,161.7081757,164.0925446,150.4438782,155.0664063,6565811742,104,Solana,SOL-USD,Crypto,Cryptocurrency,https://1drv.ms/i/c/8705623eb284e7df/IQRt4HhalyF5QI9kSBm4wz0BAYLrSvg0L-_fomtzF94e-Ac?width=1200&height=817
08-11-2025,158.1025085,164.7051086,156.0854797,161.7085266,3777278818,104,Solana,SOL-USD,Crypto,Cryptocurrency,https://1drv.ms/i/c/8705623eb284e7df/IQRt4HhalyF5QI9kSBm4wz0BAYLrSvg0L-_fomtzF94e-Ac?width=1200&height=817
09-11-2025,164.4538422,166.2310333,155.3845367,158.1029816,4538025398,104,Solana,SOL-USD,Crypto,Cryptocurrency,https://1drv.ms/i/c/8705623eb284e7df/IQRt4HhalyF5QI9kSBm4wz0BAYLrSvg0L-_fomtzF94e-Ac?width=1200&height=817
10-11-2025,167.3670044,170.1552887,163.8563995,164.4512634,5424364139,104,Solana,SOL-USD,Crypto,Cryptocurrency,https://1drv.ms/i/c/8705623eb284e7df/IQRt4HhalyF5QI9kSBm4wz0BAYLrSvg0L-_fomtzF94e-Ac?width=1200&height=817
11-11-2025,154.5683289,171.6073456,154.2648621,167.3673401,6202061657,104,Solana,SOL-USD,Crypto,Cryptocurrency,https://1drv.ms/i/c/8705623eb284e7df/IQRt4HhalyF5QI9kSBm4wz0BAYLrSvg0L-_fomtzF94e-Ac?width=1200&height=817
12-11-2025,153.2620392,161.0140686,151.4687653,154.5633392,5979682267,104,Solana,SOL-USD,Crypto,Cryptocurrency,https://1drv.ms/i/c/8705623eb284e7df/IQRt4HhalyF5QI9kSBm4wz0BAYLrSvg0L-_fomtzF94e-Ac?width=1200&height=817
13-11-2025,145.1084747,156.9860992,141.3976593,153.2600555,7354986019,104,Solana,SOL-USD,Crypto,Cryptocurrency,https://1drv.ms/i/c/8705623eb284e7df/IQRt4HhalyF5QI9kSBm4wz0BAYLrSvg0L-_fomtzF94e-Ac?width=1200&height=817
14-11-2025,138.6766052,145.4672241,136.0413361,145.1084747,8170562276,104,Solana,SOL-USD,Crypto,Cryptocurrency,https://1drv.ms/i/c/8705623eb284e7df/IQRt4HhalyF5QI9kSBm4wz0BAYLrSvg0L-_fomtzF94e-Ac?width=1200&height=817
15-11-2025,139.535202,143.5905914,138.6766052,138.6766052,3449336899,104,Solana,SOL-USD,Crypto,Cryptocurrency,https://1drv.ms/i/c/8705623eb284e7df/IQRt4HhalyF5QI9kSBm4wz0BAYLrSvg0L-_fomtzF94e-Ac?width=1200&height=817
16-11-2025,137.2657318,143.1594543,134.9656677,139.5326691,4722106857,104,Solana,SOL-USD,Crypto,Cryptocurrency,https://1drv.ms/i/c/8705623eb284e7df/IQRt4HhalyF5QI9kSBm4wz0BAYLrSvg0L-_fomtzF94e-Ac?width=1200&height=817
17-11-2025,130.8482666,142.4675446,129.0191803,137.2653503,7330608944,104,Solana,SOL-USD,Crypto,Cryptocurrency,https://1drv.ms/i/c/8705623eb284e7df/IQRt4HhalyF5QI9kSBm4wz0BAYLrSvg0L-_fomtzF94e-Ac?width=1200&height=817
18-11-2025,140.714386,141.8317261,129.3094025,130.8486938,7400753648,104,Solana,SOL-USD,Crypto,Cryptocurrency,https://1drv.ms/i/c/8705623eb284e7df/IQRt4HhalyF5QI9kSBm4wz0BAYLrSvg0L-_fomtzF94e-Ac?width=1200&height=817
19-11-2025,136.7669525,142.4782562,130.6439056,140.714386,6005404886,104,Solana,SOL-USD,Crypto,Cryptocurrency,https://1drv.ms/i/c/8705623eb284e7df/IQRt4HhalyF5QI9kSBm4wz0BAYLrSvg0L-_fomtzF94e-Ac?width=1200&height=817
20-11-2025,133.5171509,144.3306122,131.3891296,136.7677612,8497498957,104,Solana,SOL-USD,Crypto,Cryptocurrency,https://1drv.ms/i/c/8705623eb284e7df/IQRt4HhalyF5QI9kSBm4wz0BAYLrSvg0L-_fomtzF94e-Ac?width=1200&height=817
21-11-2025,128.5005035,134.7876434,122.2720642,133.5139618,10081815694,104,Solana,SOL-USD,Crypto,Cryptocurrency,https://1drv.ms/i/c/8705623eb284e7df/IQRt4HhalyF5QI9kSBm4wz0BAYLrSvg0L-_fomtzF94e-Ac?width=1200&height=817
22-11-2025,127.5512009,129.6438904,125.4048767,128.4985657,3490973210,104,Solana,SOL-USD,Crypto,Cryptocurrency,https://1drv.ms/i/c/8705623eb284e7df/IQRt4HhalyF5QI9kSBm4wz0BAYLrSvg0L-_fomtzF94e-Ac?width=1200&height=817
23-11-2025,130.7050629,133.3269196,127.5511322,127.5511322,3820042054,104,Solana,SOL-USD,Crypto,Cryptocurrency,https://1drv.ms/i/c/8705623eb284e7df/IQRt4HhalyF5QI9kSBm4wz0BAYLrSvg0L-_fomtzF94e-Ac?width=1200&height=817
24-11-2025,138.3713531,139.483902,128.5415192,130.7060394,6046925667,104,Solana,SOL-USD,Crypto,Cryptocurrency,https://1drv.ms/i/c/8705623eb284e7df/IQRt4HhalyF5QI9kSBm4wz0BAYLrSvg0L-_fomtzF94e-Ac?width=1200&height=817
25-11-2025,138.8911438,140.3466339,133.5081329,138.378891,4512057787,104,Solana,SOL-USD,Crypto,Cryptocurrency,https://1drv.ms/i/c/8705623eb284e7df/IQRt4HhalyF5QI9kSBm4wz0BAYLrSvg0L-_fomtzF94e-Ac?width=1200&height=817
26-11-2025,143.0121918,144.4710388,135.6324615,138.8898773,5361639551,104,Solana,SOL-USD,Crypto,Cryptocurrency,https://1drv.ms/i/c/8705623eb284e7df/IQRt4HhalyF5QI9kSBm4wz0BAYLrSvg0L-_fomtzF94e-Ac?width=1200&height=817
27-11-2025,140.846405,144.1732178,140.695755,143.0125275,3419017564,104,Solana,SOL-USD,Crypto,Cryptocurrency,https://1drv.ms/i/c/8705623eb284e7df/IQRt4HhalyF5QI9kSBm4wz0BAYLrSvg0L-_fomtzF94e-Ac?width=1200&height=817
28-11-2025,137.3901978,143.3042145,136.2854309,140.8464813,4865188881,104,Solana,SOL-USD,Crypto,Cryptocurrency,https://1drv.ms/i/c/8705623eb284e7df/IQRt4HhalyF5QI9kSBm4wz0BAYLrSvg0L-_fomtzF94e-Ac?width=1200&height=817
29-11-2025,136.0817108,137.885788,135.1206818,137.3906403,2428334173,104,Solana,SOL-USD,Crypto,Cryptocurrency,https://1drv.ms/i/c/8705623eb284e7df/IQRt4HhalyF5QI9kSBm4wz0BAYLrSvg0L-_fomtzF94e-Ac?width=1200&height=817
30-11-2025,133.5648193,139.9371185,133.5648193,136.0821075,3123775023,104,Solana,SOL-USD,Crypto,Cryptocurrency,https://1drv.ms/i/c/8705623eb284e7df/IQRt4HhalyF5QI9kSBm4wz0BAYLrSvg0L-_fomtzF94e-Ac?width=1200&height=817
01-12-2025,126.7090225,133.6072083,123.3138733,133.5648193,6212210725,104,Solana,SOL-USD,Crypto,Cryptocurrency,https://1drv.ms/i/c/8705623eb284e7df/IQRt4HhalyF5QI9kSBm4wz0BAYLrSvg0L-_fomtzF94e-Ac?width=1200&height=817
02-12-2025,138.6742096,140.6648254,126.1412582,126.7086182,6173683503,104,Solana,SOL-USD,Crypto,Cryptocurrency,https://1drv.ms/i/c/8705623eb284e7df/IQRt4HhalyF5QI9kSBm4wz0BAYLrSvg0L-_fomtzF94e-Ac?width=1200&height=817
03-12-2025,144.8984985,145.730072,137.9410553,138.6730957,5809364566,104,Solana,SOL-USD,Crypto,Cryptocurrency,https://1drv.ms/i/c/8705623eb284e7df/IQRt4HhalyF5QI9kSBm4wz0BAYLrSvg0L-_fomtzF94e-Ac?width=1200&height=817
04-12-2025,139.0145264,146.7203827,138.0679932,144.8915405,4304817495,104,Solana,SOL-USD,Crypto,Cryptocurrency,https://1drv.ms/i/c/8705623eb284e7df/IQRt4HhalyF5QI9kSBm4wz0BAYLrSvg0L-_fomtzF94e-Ac?width=1200&height=817
05-12-2025,133.322998,140.3798828,131.1352997,139.0139771,4557254539,104,Solana,SOL-USD,Crypto,Cryptocurrency,https://1drv.ms/i/c/8705623eb284e7df/IQRt4HhalyF5QI9kSBm4wz0BAYLrSvg0L-_fomtzF94e-Ac?width=1200&height=817
06-12-2025,132.3484497,134.0698395,131.5065765,133.3243713,2061286212,104,Solana,SOL-USD,Crypto,Cryptocurrency,https://1drv.ms/i/c/8705623eb284e7df/IQRt4HhalyF5QI9kSBm4wz0BAYLrSvg0L-_fomtzF94e-Ac?width=1200&height=817
07-12-2025,132.0935669,136.2326813,128.2851105,132.3498688,3824892147,104,Solana,SOL-USD,Crypto,Cryptocurrency,https://1drv.ms/i/c/8705623eb284e7df/IQRt4HhalyF5QI9kSBm4wz0BAYLrSvg0L-_fomtzF94e-Ac?width=1200&height=817
08-12-2025,133.2782288,139.2073517,131.6746521,132.095993,4710407082,104,Solana,SOL-USD,Crypto,Cryptocurrency,https://1drv.ms/i/c/8705623eb284e7df/IQRt4HhalyF5QI9kSBm4wz0BAYLrSvg0L-_fomtzF94e-Ac?width=1200&height=817
09-12-2025,137.9016113,144.7427826,131.8707275,133.2783356,5869893316,104,Solana,SOL-USD,Crypto,Cryptocurrency,https://1drv.ms/i/c/8705623eb284e7df/IQRt4HhalyF5QI9kSBm4wz0BAYLrSvg0L-_fomtzF94e-Ac?width=1200&height=817
10-12-2025,136.4690247,142.4423523,135.8628693,137.9060974,5949930252,104,Solana,SOL-USD,Crypto,Cryptocurrency,https://1drv.ms/i/c/8705623eb284e7df/IQRt4HhalyF5QI9kSBm4wz0BAYLrSvg0L-_fomtzF94e-Ac?width=1200&height=817
11-12-2025,136.3715668,137.6780701,129.3840179,136.4637604,5833676784,104,Solana,SOL-USD,Crypto,Cryptocurrency,https://1drv.ms/i/c/8705623eb284e7df/IQRt4HhalyF5QI9kSBm4wz0BAYLrSvg0L-_fomtzF94e-Ac?width=1200&height=817
12-12-2025,132.324295,139.9873199,130.6798706,136.3699341,5282060650,104,Solana,SOL-USD,Crypto,Cryptocurrency,https://1drv.ms/i/c/8705623eb284e7df/IQRt4HhalyF5QI9kSBm4wz0BAYLrSvg0L-_fomtzF94e-Ac?width=1200&height=817
13-12-2025,133.247467,134.2451324,131.9858093,132.3240356,2024059188,104,Solana,SOL-USD,Crypto,Cryptocurrency,https://1drv.ms/i/c/8705623eb284e7df/IQRt4HhalyF5QI9kSBm4wz0BAYLrSvg0L-_fomtzF94e-Ac?width=1200&height=817
14-12-2025,129.4810944,133.5909882,128.9016571,133.2476196,2489001258,104,Solana,SOL-USD,Crypto,Cryptocurrency,https://1drv.ms/i/c/8705623eb284e7df/IQRt4HhalyF5QI9kSBm4wz0BAYLrSvg0L-_fomtzF94e-Ac?width=1200&height=817
15-12-2025,127.7571182,134.7176208,123.9980469,129.4833374,5120043768,104,Solana,SOL-USD,Crypto,Cryptocurrency,https://1drv.ms/i/c/8705623eb284e7df/IQRt4HhalyF5QI9kSBm4wz0BAYLrSvg0L-_fomtzF94e-Ac?width=1200&height=817
16-12-2025,129.2512054,129.9452667,125.4538498,127.757309,3918682307,104,Solana,SOL-USD,Crypto,Cryptocurrency,https://1drv.ms/i/c/8705623eb284e7df/IQRt4HhalyF5QI9kSBm4wz0BAYLrSvg0L-_fomtzF94e-Ac?width=1200&height=817
17-12-2025,123.1198044,133.4417725,121.5580521,129.2528229,5452646038,104,Solana,SOL-USD,Crypto,Cryptocurrency,https://1drv.ms/i/c/8705623eb284e7df/IQRt4HhalyF5QI9kSBm4wz0BAYLrSvg0L-_fomtzF94e-Ac?width=1200&height=817
18-12-2025,119.5701523,128.7641754,117.3162308,123.1261063,5835673225,104,Solana,SOL-USD,Crypto,Cryptocurrency,https://1drv.ms/i/c/8705623eb284e7df/IQRt4HhalyF5QI9kSBm4wz0BAYLrSvg0L-_fomtzF94e-Ac?width=1200&height=817
19-12-2025,126.192749,127.5052261,117.7981262,119.5701523,5045203467,104,Solana,SOL-USD,Crypto,Cryptocurrency,https://1drv.ms/i/c/8705623eb284e7df/IQRt4HhalyF5QI9kSBm4wz0BAYLrSvg0L-_fomtzF94e-Ac?width=1200&height=817
20-12-2025,125.8090363,126.763237,125.391037,126.1940536,1703857955,104,Solana,SOL-USD,Crypto,Cryptocurrency,https://1drv.ms/i/c/8705623eb284e7df/IQRt4HhalyF5QI9kSBm4wz0BAYLrSvg0L-_fomtzF94e-Ac?width=1200&height=817
21-12-2025,125.9915009,126.4563675,123.6015778,125.8102417,2335972346,104,Solana,SOL-USD,Crypto,Cryptocurrency,https://1drv.ms/i/c/8705623eb284e7df/IQRt4HhalyF5QI9kSBm4wz0BAYLrSvg0L-_fomtzF94e-Ac?width=1200&height=817
22-12-2025,125.8012314,128.3850708,124.4066162,125.9915161,3657779407,104,Solana,SOL-USD,Crypto,Cryptocurrency,https://1drv.ms/i/c/8705623eb284e7df/IQRt4HhalyF5QI9kSBm4wz0BAYLrSvg0L-_fomtzF94e-Ac?width=1200&height=817
23-12-2025,123.8572159,126.731163,122.3280182,125.8012314,3084149409,104,Solana,SOL-USD,Crypto,Cryptocurrency,https://1drv.ms/i/c/8705623eb284e7df/IQRt4HhalyF5QI9kSBm4wz0BAYLrSvg0L-_fomtzF94e-Ac?width=1200&height=817
24-12-2025,122.4586029,124.106842,120.7838593,123.856842,2313559221,104,Solana,SOL-USD,Crypto,Cryptocurrency,https://1drv.ms/i/c/8705623eb284e7df/IQRt4HhalyF5QI9kSBm4wz0BAYLrSvg0L-_fomtzF94e-Ac?width=1200&height=817
25-12-2025,119.9471207,124.1939163,119.9009933,122.4583588,2194207451,104,Solana,SOL-USD,Crypto,Cryptocurrency,https://1drv.ms/i/c/8705623eb284e7df/IQRt4HhalyF5QI9kSBm4wz0BAYLrSvg0L-_fomtzF94e-Ac?width=1200&height=817
26-12-2025,122.1959534,124.929184,119.5731659,119.9473724,3779508002,104,Solana,SOL-USD,Crypto,Cryptocurrency,https://1drv.ms/i/c/8705623eb284e7df/IQRt4HhalyF5QI9kSBm4wz0BAYLrSvg0L-_fomtzF94e-Ac?width=1200&height=817
27-12-2025,124.6477127,124.7481613,121.8603973,122.1961212,1711358748,104,Solana,SOL-USD,Crypto,Cryptocurrency,https://1drv.ms/i/c/8705623eb284e7df/IQRt4HhalyF5QI9kSBm4wz0BAYLrSvg0L-_fomtzF94e-Ac?width=1200&height=817
28-12-2025,125.1993561,125.2176132,123.0705872,124.6484146,2003713687,104,Solana,SOL-USD,Crypto,Cryptocurrency,https://1drv.ms/i/c/8705623eb284e7df/IQRt4HhalyF5QI9kSBm4wz0BAYLrSvg0L-_fomtzF94e-Ac?width=1200&height=817
29-12-2025,123.1252289,129.3044128,122.4287262,125.1987457,4871847248,104,Solana,SOL-USD,Crypto,Cryptocurrency,https://1drv.ms/i/c/8705623eb284e7df/IQRt4HhalyF5QI9kSBm4wz0BAYLrSvg0L-_fomtzF94e-Ac?width=1200&height=817
30-12-2025,124.9313202,126.1906662,122.5390015,123.1244888,3096711898,104,Solana,SOL-USD,Crypto,Cryptocurrency,https://1drv.ms/i/c/8705623eb284e7df/IQRt4HhalyF5QI9kSBm4wz0BAYLrSvg0L-_fomtzF94e-Ac?width=1200&height=817
31-12-2025,124.4844666,127.1194229,123.4635162,124.9313202,3627228070,104,Solana,SOL-USD,Crypto,Cryptocurrency,https://1drv.ms/i/c/8705623eb284e7df/IQRt4HhalyF5QI9kSBm4wz0BAYLrSvg0L-_fomtzF94e-Ac?width=1200&height=817
