Date,Close,High,Low,Open,Volume,AssetID,AssetName,Ticker,AssetType,Sector,Logo
01-01-2021,1534.729248,1548.908729,1532.11981,1538.175644,1003018,16,Titan Company,TITAN.NS,Stock,Consumer Goods,https://1drv.ms/i/c/8705623eb284e7df/IQS8GwTOCu08Rb4ZsKHt8whaAT_QNGSpOTRbSw38o39P1GI?width=1280&height=800
04-01-2021,1527.147217,1543.000613,1514.444763,1542.015929,1383979,16,Titan Company,TITAN.NS,Stock,Consumer Goods,https://1drv.ms/i/c/8705623eb284e7df/IQS8GwTOCu08Rb4ZsKHt8whaAT_QNGSpOTRbSw38o39P1GI?width=1280&height=800
05-01-2021,1546.890137,1552.6998,1517.891225,1521.337621,1351709,16,Titan Company,TITAN.NS,Stock,Consumer Goods,https://1drv.ms/i/c/8705623eb284e7df/IQS8GwTOCu08Rb4ZsKHt8whaAT_QNGSpOTRbSw38o39P1GI?width=1280&height=800
06-01-2021,1548.514893,1596.518264,1537.929534,1553.832213,3312171,16,Titan Company,TITAN.NS,Stock,Consumer Goods,https://1drv.ms/i/c/8705623eb284e7df/IQS8GwTOCu08Rb4ZsKHt8whaAT_QNGSpOTRbSw38o39P1GI?width=1280&height=800
07-01-2021,1518.728149,1545.954701,1511.490742,1545.954701,2820445,16,Titan Company,TITAN.NS,Stock,Consumer Goods,https://1drv.ms/i/c/8705623eb284e7df/IQS8GwTOCu08Rb4ZsKHt8whaAT_QNGSpOTRbSw38o39P1GI?width=1280&height=800
08-01-2021,1524.882446,1531.479905,1498.197519,1524.193215,3478504,16,Titan Company,TITAN.NS,Stock,Consumer Goods,https://1drv.ms/i/c/8705623eb284e7df/IQS8GwTOCu08Rb4ZsKHt8whaAT_QNGSpOTRbSw38o39P1GI?width=1280&height=800
11-01-2021,1539.948242,1547.924163,1522.026911,1536.107948,1425529,16,Titan Company,TITAN.NS,Stock,Consumer Goods,https://1drv.ms/i/c/8705623eb284e7df/IQS8GwTOCu08Rb4ZsKHt8whaAT_QNGSpOTRbSw38o39P1GI?width=1280&height=800
12-01-2021,1503.711792,1536.895734,1500.659294,1536.107939,2550741,16,Titan Company,TITAN.NS,Stock,Consumer Goods,https://1drv.ms/i/c/8705623eb284e7df/IQS8GwTOCu08Rb4ZsKHt8whaAT_QNGSpOTRbSw38o39P1GI?width=1280&height=800
13-01-2021,1482.738037,1512.475462,1472.103396,1506.567355,3527208,16,Titan Company,TITAN.NS,Stock,Consumer Goods,https://1drv.ms/i/c/8705623eb284e7df/IQS8GwTOCu08Rb4ZsKHt8whaAT_QNGSpOTRbSw38o39P1GI?width=1280&height=800
14-01-2021,1467.130737,1494.603461,1457.382456,1484.904342,2814477,16,Titan Company,TITAN.NS,Stock,Consumer Goods,https://1drv.ms/i/c/8705623eb284e7df/IQS8GwTOCu08Rb4ZsKHt8whaAT_QNGSpOTRbSw38o39P1GI?width=1280&height=800
15-01-2021,1454.625366,1485.889103,1448.766541,1467.130813,1725346,16,Titan Company,TITAN.NS,Stock,Consumer Goods,https://1drv.ms/i/c/8705623eb284e7df/IQS8GwTOCu08Rb4ZsKHt8whaAT_QNGSpOTRbSw38o39P1GI?width=1280&height=800
18-01-2021,1480.522461,1485.888944,1437.639402,1444.532194,2302268,16,Titan Company,TITAN.NS,Stock,Consumer Goods,https://1drv.ms/i/c/8705623eb284e7df/IQS8GwTOCu08Rb4ZsKHt8whaAT_QNGSpOTRbSw38o39P1GI?width=1280&height=800
19-01-2021,1496.621948,1500.659131,1478.011388,1494.751024,2279346,16,Titan Company,TITAN.NS,Stock,Consumer Goods,https://1drv.ms/i/c/8705623eb284e7df/IQS8GwTOCu08Rb4ZsKHt8whaAT_QNGSpOTRbSw38o39P1GI?width=1280&height=800
20-01-2021,1507.847534,1517.398926,1496.622106,1496.622106,1838240,16,Titan Company,TITAN.NS,Stock,Consumer Goods,https://1drv.ms/i/c/8705623eb284e7df/IQS8GwTOCu08Rb4ZsKHt8whaAT_QNGSpOTRbSw38o39P1GI?width=1280&height=800
21-01-2021,1494.062012,1526.113424,1488.892417,1509.619956,1558030,16,Titan Company,TITAN.NS,Stock,Consumer Goods,https://1drv.ms/i/c/8705623eb284e7df/IQS8GwTOCu08Rb4ZsKHt8whaAT_QNGSpOTRbSw38o39P1GI?width=1280&height=800
22-01-2021,1468.361572,1511.195351,1464.225945,1498.689905,1364197,16,Titan Company,TITAN.NS,Stock,Consumer Goods,https://1drv.ms/i/c/8705623eb284e7df/IQS8GwTOCu08Rb4ZsKHt8whaAT_QNGSpOTRbSw38o39P1GI?width=1280&height=800
25-01-2021,1476.879028,1489.630765,1456.102209,1481.99946,1604484,16,Titan Company,TITAN.NS,Stock,Consumer Goods,https://1drv.ms/i/c/8705623eb284e7df/IQS8GwTOCu08Rb4ZsKHt8whaAT_QNGSpOTRbSw38o39P1GI?width=1280&height=800
27-01-2021,1418.634888,1481.950148,1410.068181,1481.950148,2021747,16,Titan Company,TITAN.NS,Stock,Consumer Goods,https://1drv.ms/i/c/8705623eb284e7df/IQS8GwTOCu08Rb4ZsKHt8whaAT_QNGSpOTRbSw38o39P1GI?width=1280&height=800
28-01-2021,1427.890991,1432.174345,1393.968658,1398.252011,1850239,16,Titan Company,TITAN.NS,Stock,Consumer Goods,https://1drv.ms/i/c/8705623eb284e7df/IQS8GwTOCu08Rb4ZsKHt8whaAT_QNGSpOTRbSw38o39P1GI?width=1280&height=800
29-01-2021,1398.547607,1446.747871,1393.574902,1433.7008,2435997,16,Titan Company,TITAN.NS,Stock,Consumer Goods,https://1drv.ms/i/c/8705623eb284e7df/IQS8GwTOCu08Rb4ZsKHt8whaAT_QNGSpOTRbSw38o39P1GI?width=1280&height=800
01-02-2021,1478.553101,1485.445892,1401.846152,1415.779462,2215933,16,Titan Company,TITAN.NS,Stock,Consumer Goods,https://1drv.ms/i/c/8705623eb284e7df/IQS8GwTOCu08Rb4ZsKHt8whaAT_QNGSpOTRbSw38o39P1GI?width=1280&height=800
02-02-2021,1462.699707,1512.475562,1459.302593,1491.797185,1974202,16,Titan Company,TITAN.NS,Stock,Consumer Goods,https://1drv.ms/i/c/8705623eb284e7df/IQS8GwTOCu08Rb4ZsKHt8whaAT_QNGSpOTRbSw38o39P1GI?width=1280&height=800
03-02-2021,1501.791626,1505.582637,1469.14931,1469.14931,1853072,16,Titan Company,TITAN.NS,Stock,Consumer Goods,https://1drv.ms/i/c/8705623eb284e7df/IQS8GwTOCu08Rb4ZsKHt8whaAT_QNGSpOTRbSw38o39P1GI?width=1280&height=800
04-02-2021,1490.418335,1516.414028,1465.308882,1506.567184,2728965,16,Titan Company,TITAN.NS,Stock,Consumer Goods,https://1drv.ms/i/c/8705623eb284e7df/IQS8GwTOCu08Rb4ZsKHt8whaAT_QNGSpOTRbSw38o39P1GI?width=1280&height=800
05-02-2021,1486.332153,1515.38035,1481.458013,1495.29288,1344007,16,Titan Company,TITAN.NS,Stock,Consumer Goods,https://1drv.ms/i/c/8705623eb284e7df/IQS8GwTOCu08Rb4ZsKHt8whaAT_QNGSpOTRbSw38o39P1GI?width=1280&height=800
08-02-2021,1518.088257,1540.88373,1486.923084,1490.81254,2683198,16,Titan Company,TITAN.NS,Stock,Consumer Goods,https://1drv.ms/i/c/8705623eb284e7df/IQS8GwTOCu08Rb4ZsKHt8whaAT_QNGSpOTRbSw38o39P1GI?width=1280&height=800
09-02-2021,1536.009399,1560.380341,1519.417489,1524.29163,2364475,16,Titan Company,TITAN.NS,Stock,Consumer Goods,https://1drv.ms/i/c/8705623eb284e7df/IQS8GwTOCu08Rb4ZsKHt8whaAT_QNGSpOTRbSw38o39P1GI?width=1280&height=800
10-02-2021,1539.209473,1563.678856,1502.628422,1551.271857,2125469,16,Titan Company,TITAN.NS,Stock,Consumer Goods,https://1drv.ms/i/c/8705623eb284e7df/IQS8GwTOCu08Rb4ZsKHt8whaAT_QNGSpOTRbSw38o39P1GI?width=1280&height=800
11-02-2021,1501.348511,1551.764433,1488.104551,1528.230447,5970196,16,Titan Company,TITAN.NS,Stock,Consumer Goods,https://1drv.ms/i/c/8705623eb284e7df/IQS8GwTOCu08Rb4ZsKHt8whaAT_QNGSpOTRbSw38o39P1GI?width=1280&height=800
12-02-2021,1471.315674,1513.164769,1468.164731,1513.164769,3284441,16,Titan Company,TITAN.NS,Stock,Consumer Goods,https://1drv.ms/i/c/8705623eb284e7df/IQS8GwTOCu08Rb4ZsKHt8whaAT_QNGSpOTRbSw38o39P1GI?width=1280&height=800
15-02-2021,1462.010376,1495.243479,1454.1329,1482.934923,3156535,16,Titan Company,TITAN.NS,Stock,Consumer Goods,https://1drv.ms/i/c/8705623eb284e7df/IQS8GwTOCu08Rb4ZsKHt8whaAT_QNGSpOTRbSw38o39P1GI?width=1280&height=800
16-02-2021,1449.307983,1481.950301,1438.62418,1469.297129,3090249,16,Titan Company,TITAN.NS,Stock,Consumer Goods,https://1drv.ms/i/c/8705623eb284e7df/IQS8GwTOCu08Rb4ZsKHt8whaAT_QNGSpOTRbSw38o39P1GI?width=1280&height=800
17-02-2021,1438.033447,1460.287296,1427.300361,1446.895609,2096959,16,Titan Company,TITAN.NS,Stock,Consumer Goods,https://1drv.ms/i/c/8705623eb284e7df/IQS8GwTOCu08Rb4ZsKHt8whaAT_QNGSpOTRbSw38o39P1GI?width=1280&height=800
18-02-2021,1411.052979,1449.357232,1407.11424,1442.661329,2686046,16,Titan Company,TITAN.NS,Stock,Consumer Goods,https://1drv.ms/i/c/8705623eb284e7df/IQS8GwTOCu08Rb4ZsKHt8whaAT_QNGSpOTRbSw38o39P1GI?width=1280&height=800
19-02-2021,1403.717163,1422.770786,1391.162435,1412.0377,2543997,16,Titan Company,TITAN.NS,Stock,Consumer Goods,https://1drv.ms/i/c/8705623eb284e7df/IQS8GwTOCu08Rb4ZsKHt8whaAT_QNGSpOTRbSw38o39P1GI?width=1280&height=800
22-02-2021,1383.728027,1411.151469,1374.619695,1403.175548,1931189,16,Titan Company,TITAN.NS,Stock,Consumer Goods,https://1drv.ms/i/c/8705623eb284e7df/IQS8GwTOCu08Rb4ZsKHt8whaAT_QNGSpOTRbSw38o39P1GI?width=1280&height=800
23-02-2021,1402.239868,1414.942201,1378.705887,1393.328426,1871135,16,Titan Company,TITAN.NS,Stock,Consumer Goods,https://1drv.ms/i/c/8705623eb284e7df/IQS8GwTOCu08Rb4ZsKHt8whaAT_QNGSpOTRbSw38o39P1GI?width=1280&height=800
24-02-2021,1429.614258,1451.425045,1402.240099,1402.240099,1143204,16,Titan Company,TITAN.NS,Stock,Consumer Goods,https://1drv.ms/i/c/8705623eb284e7df/IQS8GwTOCu08Rb4ZsKHt8whaAT_QNGSpOTRbSw38o39P1GI?width=1280&height=800
25-02-2021,1412.480713,1440.544223,1408.591257,1437.639451,1967386,16,Titan Company,TITAN.NS,Stock,Consumer Goods,https://1drv.ms/i/c/8705623eb284e7df/IQS8GwTOCu08Rb4ZsKHt8whaAT_QNGSpOTRbSw38o39P1GI?width=1280&height=800
26-02-2021,1385.352783,1410.01906,1381.610934,1398.252127,2715597,16,Titan Company,TITAN.NS,Stock,Consumer Goods,https://1drv.ms/i/c/8705623eb284e7df/IQS8GwTOCu08Rb4ZsKHt8whaAT_QNGSpOTRbSw38o39P1GI?width=1280&height=800
01-03-2021,1429.909668,1443.547525,1394.904085,1399.729063,1962042,16,Titan Company,TITAN.NS,Stock,Consumer Goods,https://1drv.ms/i/c/8705623eb284e7df/IQS8GwTOCu08Rb4ZsKHt8whaAT_QNGSpOTRbSw38o39P1GI?width=1280&height=800
02-03-2021,1448.618774,1451.425101,1427.792671,1446.501678,1293306,16,Titan Company,TITAN.NS,Stock,Consumer Goods,https://1drv.ms/i/c/8705623eb284e7df/IQS8GwTOCu08Rb4ZsKHt8whaAT_QNGSpOTRbSw38o39P1GI?width=1280&height=800
03-03-2021,1452.015869,1458.957944,1443.695332,1449.455713,1227772,16,Titan Company,TITAN.NS,Stock,Consumer Goods,https://1drv.ms/i/c/8705623eb284e7df/IQS8GwTOCu08Rb4ZsKHt8whaAT_QNGSpOTRbSw38o39P1GI?width=1280&height=800
04-03-2021,1447.978638,1464.866002,1428.334229,1429.761973,1822476,16,Titan Company,TITAN.NS,Stock,Consumer Goods,https://1drv.ms/i/c/8705623eb284e7df/IQS8GwTOCu08Rb4ZsKHt8whaAT_QNGSpOTRbSw38o39P1GI?width=1280&height=800
05-03-2021,1451.621948,1470.134066,1439.805733,1442.562898,1954113,16,Titan Company,TITAN.NS,Stock,Consumer Goods,https://1drv.ms/i/c/8705623eb284e7df/IQS8GwTOCu08Rb4ZsKHt8whaAT_QNGSpOTRbSw38o39P1GI?width=1280&height=800
08-03-2021,1434.439209,1458.56398,1428.777273,1452.409702,1060584,16,Titan Company,TITAN.NS,Stock,Consumer Goods,https://1drv.ms/i/c/8705623eb284e7df/IQS8GwTOCu08Rb4ZsKHt8whaAT_QNGSpOTRbSw38o39P1GI?width=1280&height=800
09-03-2021,1434.586914,1456.249974,1422.869144,1447.486257,941590,16,Titan Company,TITAN.NS,Stock,Consumer Goods,https://1drv.ms/i/c/8705623eb284e7df/IQS8GwTOCu08Rb4ZsKHt8whaAT_QNGSpOTRbSw38o39P1GI?width=1280&height=800
10-03-2021,1448.717163,1458.317838,1440.593515,1447.486307,1257628,16,Titan Company,TITAN.NS,Stock,Consumer Goods,https://1drv.ms/i/c/8705623eb284e7df/IQS8GwTOCu08Rb4ZsKHt8whaAT_QNGSpOTRbSw38o39P1GI?width=1280&height=800
12-03-2021,1459.7948,1484.707366,1455.856062,1457.333089,2631081,16,Titan Company,TITAN.NS,Stock,Consumer Goods,https://1drv.ms/i/c/8705623eb284e7df/IQS8GwTOCu08Rb4ZsKHt8whaAT_QNGSpOTRbSw38o39P1GI?width=1280&height=800
15-03-2021,1469.346069,1473.974158,1448.470807,1473.974158,1482287,16,Titan Company,TITAN.NS,Stock,Consumer Goods,https://1drv.ms/i/c/8705623eb284e7df/IQS8GwTOCu08Rb4ZsKHt8whaAT_QNGSpOTRbSw38o39P1GI?width=1280&height=800
16-03-2021,1477.962158,1507.551976,1473.974258,1481.950179,3191850,16,Titan Company,TITAN.NS,Stock,Consumer Goods,https://1drv.ms/i/c/8705623eb284e7df/IQS8GwTOCu08Rb4ZsKHt8whaAT_QNGSpOTRbSw38o39P1GI?width=1280&height=800
17-03-2021,1449.997314,1476.583798,1447.535603,1471.364922,1195023,16,Titan Company,TITAN.NS,Stock,Consumer Goods,https://1drv.ms/i/c/8705623eb284e7df/IQS8GwTOCu08Rb4ZsKHt8whaAT_QNGSpOTRbSw38o39P1GI?width=1280&height=800
18-03-2021,1445.713867,1470.035649,1440.593555,1462.847403,1242978,16,Titan Company,TITAN.NS,Stock,Consumer Goods,https://1drv.ms/i/c/8705623eb284e7df/IQS8GwTOCu08Rb4ZsKHt8whaAT_QNGSpOTRbSw38o39P1GI?width=1280&height=800
19-03-2021,1443.005981,1448.323302,1410.117612,1427.792653,2360672,16,Titan Company,TITAN.NS,Stock,Consumer Goods,https://1drv.ms/i/c/8705623eb284e7df/IQS8GwTOCu08Rb4ZsKHt8whaAT_QNGSpOTRbSw38o39P1GI?width=1280&height=800
22-03-2021,1437.934937,1446.157029,1425.823268,1442.562906,1331121,16,Titan Company,TITAN.NS,Stock,Consumer Goods,https://1drv.ms/i/c/8705623eb284e7df/IQS8GwTOCu08Rb4ZsKHt8whaAT_QNGSpOTRbSw38o39P1GI?width=1280&height=800
23-03-2021,1472.447998,1491.600184,1431.731316,1437.934877,2534795,16,Titan Company,TITAN.NS,Stock,Consumer Goods,https://1drv.ms/i/c/8705623eb284e7df/IQS8GwTOCu08Rb4ZsKHt8whaAT_QNGSpOTRbSw38o39P1GI?width=1280&height=800
24-03-2021,1465.358398,1485.692159,1453.837517,1463.241303,1871092,16,Titan Company,TITAN.NS,Stock,Consumer Goods,https://1drv.ms/i/c/8705623eb284e7df/IQS8GwTOCu08Rb4ZsKHt8whaAT_QNGSpOTRbSw38o39P1GI?width=1280&height=800
25-03-2021,1428.629639,1475.549884,1425.57714,1461.370402,1609996,16,Titan Company,TITAN.NS,Stock,Consumer Goods,https://1drv.ms/i/c/8705623eb284e7df/IQS8GwTOCu08Rb4ZsKHt8whaAT_QNGSpOTRbSw38o39P1GI?width=1280&height=800
26-03-2021,1482.787231,1489.236963,1434.685414,1437.541024,1922278,16,Titan Company,TITAN.NS,Stock,Consumer Goods,https://1drv.ms/i/c/8705623eb284e7df/IQS8GwTOCu08Rb4ZsKHt8whaAT_QNGSpOTRbSw38o39P1GI?width=1280&height=800
30-03-2021,1528.427368,1539.06201,1486.873727,1486.873727,3466042,16,Titan Company,TITAN.NS,Stock,Consumer Goods,https://1drv.ms/i/c/8705623eb284e7df/IQS8GwTOCu08Rb4ZsKHt8whaAT_QNGSpOTRbSw38o39P1GI?width=1280&height=800
31-03-2021,1534.187866,1543.394643,1513.214036,1526.162663,1431746,16,Titan Company,TITAN.NS,Stock,Consumer Goods,https://1drv.ms/i/c/8705623eb284e7df/IQS8GwTOCu08Rb4ZsKHt8whaAT_QNGSpOTRbSw38o39P1GI?width=1280&height=800
01-04-2021,1535.467896,1568.89801,1527.787428,1536.107965,1343989,16,Titan Company,TITAN.NS,Stock,Consumer Goods,https://1drv.ms/i/c/8705623eb284e7df/IQS8GwTOCu08Rb4ZsKHt8whaAT_QNGSpOTRbSw38o39P1GI?width=1280&height=800
05-04-2021,1511.490723,1535.123151,1477.026765,1517.497274,1376233,16,Titan Company,TITAN.NS,Stock,Consumer Goods,https://1drv.ms/i/c/8705623eb284e7df/IQS8GwTOCu08Rb4ZsKHt8whaAT_QNGSpOTRbSw38o39P1GI?width=1280&height=800
06-04-2021,1502.136353,1524.291756,1485.889057,1506.075091,1400544,16,Titan Company,TITAN.NS,Stock,Consumer Goods,https://1drv.ms/i/c/8705623eb284e7df/IQS8GwTOCu08Rb4ZsKHt8whaAT_QNGSpOTRbSw38o39P1GI?width=1280&height=800
07-04-2021,1490.910889,1537.535679,1484.904337,1498.788365,2592185,16,Titan Company,TITAN.NS,Stock,Consumer Goods,https://1drv.ms/i/c/8705623eb284e7df/IQS8GwTOCu08Rb4ZsKHt8whaAT_QNGSpOTRbSw38o39P1GI?width=1280&height=800
08-04-2021,1547.234985,1554.817009,1502.136382,1505.828949,2085919,16,Titan Company,TITAN.NS,Stock,Consumer Goods,https://1drv.ms/i/c/8705623eb284e7df/IQS8GwTOCu08Rb4ZsKHt8whaAT_QNGSpOTRbSw38o39P1GI?width=1280&height=800
09-04-2021,1567.617798,1593.219596,1537.38803,1545.856293,3569146,16,Titan Company,TITAN.NS,Stock,Consumer Goods,https://1drv.ms/i/c/8705623eb284e7df/IQS8GwTOCu08Rb4ZsKHt8whaAT_QNGSpOTRbSw38o39P1GI?width=1280&height=800
12-04-2021,1487.316772,1548.564225,1479.242407,1546.939472,1889829,16,Titan Company,TITAN.NS,Stock,Consumer Goods,https://1drv.ms/i/c/8705623eb284e7df/IQS8GwTOCu08Rb4ZsKHt8whaAT_QNGSpOTRbSw38o39P1GI?width=1280&height=800
13-04-2021,1507.158081,1529.510491,1493.42178,1505.188712,1880575,16,Titan Company,TITAN.NS,Stock,Consumer Goods,https://1drv.ms/i/c/8705623eb284e7df/IQS8GwTOCu08Rb4ZsKHt8whaAT_QNGSpOTRbSw38o39P1GI?width=1280&height=800
15-04-2021,1514.98645,1530.692121,1492.338706,1521.337617,1313429,16,Titan Company,TITAN.NS,Stock,Consumer Goods,https://1drv.ms/i/c/8705623eb284e7df/IQS8GwTOCu08Rb4ZsKHt8whaAT_QNGSpOTRbSw38o39P1GI?width=1280&height=800
16-04-2021,1525.325562,1535.91092,1506.370385,1506.370385,1501276,16,Titan Company,TITAN.NS,Stock,Consumer Goods,https://1drv.ms/i/c/8705623eb284e7df/IQS8GwTOCu08Rb4ZsKHt8whaAT_QNGSpOTRbSw38o39P1GI?width=1280&height=800
19-04-2021,1495.44043,1508.979843,1477.12532,1501.643991,1439975,16,Titan Company,TITAN.NS,Stock,Consumer Goods,https://1drv.ms/i/c/8705623eb284e7df/IQS8GwTOCu08Rb4ZsKHt8whaAT_QNGSpOTRbSw38o39P1GI?width=1280&height=800
20-04-2021,1499.576172,1536.107946,1486.873717,1500.85619,1789104,16,Titan Company,TITAN.NS,Stock,Consumer Goods,https://1drv.ms/i/c/8705623eb284e7df/IQS8GwTOCu08Rb4ZsKHt8whaAT_QNGSpOTRbSw38o39P1GI?width=1280&height=800
22-04-2021,1458.170044,1506.567312,1450.588021,1506.567312,2200432,16,Titan Company,TITAN.NS,Stock,Consumer Goods,https://1drv.ms/i/c/8705623eb284e7df/IQS8GwTOCu08Rb4ZsKHt8whaAT_QNGSpOTRbSw38o39P1GI?width=1280&height=800
23-04-2021,1439.067261,1473.974402,1429.368141,1455.363839,1726070,16,Titan Company,TITAN.NS,Stock,Consumer Goods,https://1drv.ms/i/c/8705623eb284e7df/IQS8GwTOCu08Rb4ZsKHt8whaAT_QNGSpOTRbSw38o39P1GI?width=1280&height=800
26-04-2021,1457.185425,1466.933826,1442.71061,1447.486306,1020499,16,Titan Company,TITAN.NS,Stock,Consumer Goods,https://1drv.ms/i/c/8705623eb284e7df/IQS8GwTOCu08Rb4ZsKHt8whaAT_QNGSpOTRbSw38o39P1GI?width=1280&height=800
27-04-2021,1472.201904,1480.522561,1459.30256,1462.256614,1145908,16,Titan Company,TITAN.NS,Stock,Consumer Goods,https://1drv.ms/i/c/8705623eb284e7df/IQS8GwTOCu08Rb4ZsKHt8whaAT_QNGSpOTRbSw38o39P1GI?width=1280&height=800
28-04-2021,1485.741333,1491.698723,1468.853968,1481.950321,1037771,16,Titan Company,TITAN.NS,Stock,Consumer Goods,https://1drv.ms/i/c/8705623eb284e7df/IQS8GwTOCu08Rb4ZsKHt8whaAT_QNGSpOTRbSw38o39P1GI?width=1280&height=800
29-04-2021,1483.722778,1504.105701,1474.072821,1500.659305,1927546,16,Titan Company,TITAN.NS,Stock,Consumer Goods,https://1drv.ms/i/c/8705623eb284e7df/IQS8GwTOCu08Rb4ZsKHt8whaAT_QNGSpOTRbSw38o39P1GI?width=1280&height=800
30-04-2021,1468.80481,1493.32348,1448.471049,1477.026902,3691399,16,Titan Company,TITAN.NS,Stock,Consumer Goods,https://1drv.ms/i/c/8705623eb284e7df/IQS8GwTOCu08Rb4ZsKHt8whaAT_QNGSpOTRbSw38o39P1GI?width=1280&height=800
03-05-2021,1402.141479,1454.379042,1399.236708,1454.379042,3945733,16,Titan Company,TITAN.NS,Stock,Consumer Goods,https://1drv.ms/i/c/8705623eb284e7df/IQS8GwTOCu08Rb4ZsKHt8whaAT_QNGSpOTRbSw38o39P1GI?width=1280&height=800
04-05-2021,1381.41394,1412.037605,1378.607614,1412.037605,3194977,16,Titan Company,TITAN.NS,Stock,Consumer Goods,https://1drv.ms/i/c/8705623eb284e7df/IQS8GwTOCu08Rb4ZsKHt8whaAT_QNGSpOTRbSw38o39P1GI?width=1280&height=800
05-05-2021,1406.52356,1409.969956,1381.906444,1384.4666,1819256,16,Titan Company,TITAN.NS,Stock,Consumer Goods,https://1drv.ms/i/c/8705623eb284e7df/IQS8GwTOCu08Rb4ZsKHt8whaAT_QNGSpOTRbSw38o39P1GI?width=1280&height=800
06-05-2021,1422.278198,1426.266098,1409.083403,1413.809936,1464006,16,Titan Company,TITAN.NS,Stock,Consumer Goods,https://1drv.ms/i/c/8705623eb284e7df/IQS8GwTOCu08Rb4ZsKHt8whaAT_QNGSpOTRbSw38o39P1GI?width=1280&height=800
07-05-2021,1424.346313,1436.901042,1417.847419,1426.808025,1190019,16,Titan Company,TITAN.NS,Stock,Consumer Goods,https://1drv.ms/i/c/8705623eb284e7df/IQS8GwTOCu08Rb4ZsKHt8whaAT_QNGSpOTRbSw38o39P1GI?width=1280&height=800
10-05-2021,1432.86377,1447.24014,1422.869197,1432.125256,1322561,16,Titan Company,TITAN.NS,Stock,Consumer Goods,https://1drv.ms/i/c/8705623eb284e7df/IQS8GwTOCu08Rb4ZsKHt8whaAT_QNGSpOTRbSw38o39P1GI?width=1280&height=800
11-05-2021,1413.268433,1435.620723,1410.068208,1417.059444,1582827,16,Titan Company,TITAN.NS,Stock,Consumer Goods,https://1drv.ms/i/c/8705623eb284e7df/IQS8GwTOCu08Rb4ZsKHt8whaAT_QNGSpOTRbSw38o39P1GI?width=1280&height=800
12-05-2021,1432.666748,1437.639453,1404.012451,1409.083601,1358169,16,Titan Company,TITAN.NS,Stock,Consumer Goods,https://1drv.ms/i/c/8705623eb284e7df/IQS8GwTOCu08Rb4ZsKHt8whaAT_QNGSpOTRbSw38o39P1GI?width=1280&height=800
14-05-2021,1433.552979,1455.166877,1411.052961,1446.501604,1876873,16,Titan Company,TITAN.NS,Stock,Consumer Goods,https://1drv.ms/i/c/8705623eb284e7df/IQS8GwTOCu08Rb4ZsKHt8whaAT_QNGSpOTRbSw38o39P1GI?width=1280&height=800
17-05-2021,1445.812378,1448.274089,1415.976388,1439.608817,2218758,16,Titan Company,TITAN.NS,Stock,Consumer Goods,https://1drv.ms/i/c/8705623eb284e7df/IQS8GwTOCu08Rb4ZsKHt8whaAT_QNGSpOTRbSw38o39P1GI?width=1280&height=800
18-05-2021,1515.675903,1523.405654,1453.640768,1457.333336,3075596,16,Titan Company,TITAN.NS,Stock,Consumer Goods,https://1drv.ms/i/c/8705623eb284e7df/IQS8GwTOCu08Rb4ZsKHt8whaAT_QNGSpOTRbSw38o39P1GI?width=1280&height=800
19-05-2021,1497.853027,1530.101449,1493.569673,1498.936156,1504440,16,Titan Company,TITAN.NS,Stock,Consumer Goods,https://1drv.ms/i/c/8705623eb284e7df/IQS8GwTOCu08Rb4ZsKHt8whaAT_QNGSpOTRbSw38o39P1GI?width=1280&height=800
20-05-2021,1507.896606,1542.26212,1499.182173,1499.674515,3032029,16,Titan Company,TITAN.NS,Stock,Consumer Goods,https://1drv.ms/i/c/8705623eb284e7df/IQS8GwTOCu08Rb4ZsKHt8whaAT_QNGSpOTRbSw38o39P1GI?width=1280&height=800
21-05-2021,1514.789307,1529.067231,1510.062893,1528.427162,1158893,16,Titan Company,TITAN.NS,Stock,Consumer Goods,https://1drv.ms/i/c/8705623eb284e7df/IQS8GwTOCu08Rb4ZsKHt8whaAT_QNGSpOTRbSw38o39P1GI?width=1280&height=800
24-05-2021,1497.459106,1511.490862,1482.393384,1508.684535,1126532,16,Titan Company,TITAN.NS,Stock,Consumer Goods,https://1drv.ms/i/c/8705623eb284e7df/IQS8GwTOCu08Rb4ZsKHt8whaAT_QNGSpOTRbSw38o39P1GI?width=1280&height=800
25-05-2021,1545.117798,1550.779734,1511.490796,1512.475481,2530758,16,Titan Company,TITAN.NS,Stock,Consumer Goods,https://1drv.ms/i/c/8705623eb284e7df/IQS8GwTOCu08Rb4ZsKHt8whaAT_QNGSpOTRbSw38o39P1GI?width=1280&height=800
26-05-2021,1558.706421,1589.280925,1552.50298,1555.801649,3839248,16,Titan Company,TITAN.NS,Stock,Consumer Goods,https://1drv.ms/i/c/8705623eb284e7df/IQS8GwTOCu08Rb4ZsKHt8whaAT_QNGSpOTRbSw38o39P1GI?width=1280&height=800
27-05-2021,1569.833496,1582.338943,1543.345455,1566.337818,2810155,16,Titan Company,TITAN.NS,Stock,Consumer Goods,https://1drv.ms/i/c/8705623eb284e7df/IQS8GwTOCu08Rb4ZsKHt8whaAT_QNGSpOTRbSw38o39P1GI?width=1280&height=800
28-05-2021,1552.847656,1587.557789,1546.496488,1570.57198,1028675,16,Titan Company,TITAN.NS,Stock,Consumer Goods,https://1drv.ms/i/c/8705623eb284e7df/IQS8GwTOCu08Rb4ZsKHt8whaAT_QNGSpOTRbSw38o39P1GI?width=1280&height=800
31-05-2021,1571.802734,1583.618949,1544.97008,1546.594834,1525715,16,Titan Company,TITAN.NS,Stock,Consumer Goods,https://1drv.ms/i/c/8705623eb284e7df/IQS8GwTOCu08Rb4ZsKHt8whaAT_QNGSpOTRbSw38o39P1GI?width=1280&height=800
01-06-2021,1567.026978,1587.311455,1564.959164,1583.372717,1111933,16,Titan Company,TITAN.NS,Stock,Consumer Goods,https://1drv.ms/i/c/8705623eb284e7df/IQS8GwTOCu08Rb4ZsKHt8whaAT_QNGSpOTRbSw38o39P1GI?width=1280&height=800
02-06-2021,1561.414307,1572.295119,1540.243588,1556.786337,1859258,16,Titan Company,TITAN.NS,Stock,Consumer Goods,https://1drv.ms/i/c/8705623eb284e7df/IQS8GwTOCu08Rb4ZsKHt8whaAT_QNGSpOTRbSw38o39P1GI?width=1280&height=800
03-06-2021,1665.298584,1676.228679,1564.220804,1576.480079,7221910,16,Titan Company,TITAN.NS,Stock,Consumer Goods,https://1drv.ms/i/c/8705623eb284e7df/IQS8GwTOCu08Rb4ZsKHt8whaAT_QNGSpOTRbSw38o39P1GI?width=1280&height=800
04-06-2021,1653.77771,1687.552438,1639.992126,1687.552438,2952017,16,Titan Company,TITAN.NS,Stock,Consumer Goods,https://1drv.ms/i/c/8705623eb284e7df/IQS8GwTOCu08Rb4ZsKHt8whaAT_QNGSpOTRbSw38o39P1GI?width=1280&height=800
07-06-2021,1659.291992,1687.601674,1650.331386,1660.030506,1471576,16,Titan Company,TITAN.NS,Stock,Consumer Goods,https://1drv.ms/i/c/8705623eb284e7df/IQS8GwTOCu08Rb4ZsKHt8whaAT_QNGSpOTRbSw38o39P1GI?width=1280&height=800
08-06-2021,1686.272217,1699.565458,1648.558752,1660.178077,1743285,16,Titan Company,TITAN.NS,Stock,Consumer Goods,https://1drv.ms/i/c/8705623eb284e7df/IQS8GwTOCu08Rb4ZsKHt8whaAT_QNGSpOTRbSw38o39P1GI?width=1280&height=800
09-06-2021,1704.242798,1713.252686,1670.172736,1688.684734,2551140,16,Titan Company,TITAN.NS,Stock,Consumer Goods,https://1drv.ms/i/c/8705623eb284e7df/IQS8GwTOCu08Rb4ZsKHt8whaAT_QNGSpOTRbSw38o39P1GI?width=1280&height=800
10-06-2021,1712.021851,1719.111531,1695.823717,1714.729733,1850763,16,Titan Company,TITAN.NS,Stock,Consumer Goods,https://1drv.ms/i/c/8705623eb284e7df/IQS8GwTOCu08Rb4ZsKHt8whaAT_QNGSpOTRbSw38o39P1GI?width=1280&height=800
11-06-2021,1701.978027,1716.305236,1698.137854,1709.954069,761647,16,Titan Company,TITAN.NS,Stock,Consumer Goods,https://1drv.ms/i/c/8705623eb284e7df/IQS8GwTOCu08Rb4ZsKHt8whaAT_QNGSpOTRbSw38o39P1GI?width=1280&height=800
14-06-2021,1708.230835,1713.351147,1686.764663,1701.977992,887780,16,Titan Company,TITAN.NS,Stock,Consumer Goods,https://1drv.ms/i/c/8705623eb284e7df/IQS8GwTOCu08Rb4ZsKHt8whaAT_QNGSpOTRbSw38o39P1GI?width=1280&height=800
15-06-2021,1697.005371,1722.163989,1693.263522,1721.228587,868275,16,Titan Company,TITAN.NS,Stock,Consumer Goods,https://1drv.ms/i/c/8705623eb284e7df/IQS8GwTOCu08Rb4ZsKHt8whaAT_QNGSpOTRbSw38o39P1GI?width=1280&height=800
16-06-2021,1688.684814,1702.519681,1680.364278,1697.596258,1116772,16,Titan Company,TITAN.NS,Stock,Consumer Goods,https://1drv.ms/i/c/8705623eb284e7df/IQS8GwTOCu08Rb4ZsKHt8whaAT_QNGSpOTRbSw38o39P1GI?width=1280&height=800
17-06-2021,1685.189209,1695.626841,1675.342363,1679.871888,546515,16,Titan Company,TITAN.NS,Stock,Consumer Goods,https://1drv.ms/i/c/8705623eb284e7df/IQS8GwTOCu08Rb4ZsKHt8whaAT_QNGSpOTRbSw38o39P1GI?width=1280&height=800
18-06-2021,1685.09082,1698.580951,1660.178252,1674.062281,2018319,16,Titan Company,TITAN.NS,Stock,Consumer Goods,https://1drv.ms/i/c/8705623eb284e7df/IQS8GwTOCu08Rb4ZsKHt8whaAT_QNGSpOTRbSw38o39P1GI?width=1280&height=800
21-06-2021,1716.157349,1720.785438,1664.85531,1672.978958,925811,16,Titan Company,TITAN.NS,Stock,Consumer Goods,https://1drv.ms/i/c/8705623eb284e7df/IQS8GwTOCu08Rb4ZsKHt8whaAT_QNGSpOTRbSw38o39P1GI?width=1280&height=800
22-06-2021,1730.09082,1743.679516,1721.228659,1723.296473,2083172,16,Titan Company,TITAN.NS,Stock,Consumer Goods,https://1drv.ms/i/c/8705623eb284e7df/IQS8GwTOCu08Rb4ZsKHt8whaAT_QNGSpOTRbSw38o39P1GI?width=1280&height=800
23-06-2021,1755.249634,1758.646748,1728.170806,1730.090893,1608518,16,Titan Company,TITAN.NS,Stock,Consumer Goods,https://1drv.ms/i/c/8705623eb284e7df/IQS8GwTOCu08Rb4ZsKHt8whaAT_QNGSpOTRbSw38o39P1GI?width=1280&height=800
24-06-2021,1753.575439,1765.490098,1740.528369,1757.661904,1271298,16,Titan Company,TITAN.NS,Stock,Consumer Goods,https://1drv.ms/i/c/8705623eb284e7df/IQS8GwTOCu08Rb4ZsKHt8whaAT_QNGSpOTRbSw38o39P1GI?width=1280&height=800
25-06-2021,1726.989014,1764.554754,1715.320526,1757.661962,1378327,16,Titan Company,TITAN.NS,Stock,Consumer Goods,https://1drv.ms/i/c/8705623eb284e7df/IQS8GwTOCu08Rb4ZsKHt8whaAT_QNGSpOTRbSw38o39P1GI?width=1280&height=800
28-06-2021,1701.584106,1741.414547,1693.411177,1741.414547,1339433,16,Titan Company,TITAN.NS,Stock,Consumer Goods,https://1drv.ms/i/c/8705623eb284e7df/IQS8GwTOCu08Rb4ZsKHt8whaAT_QNGSpOTRbSw38o39P1GI?width=1280&height=800
29-06-2021,1705.079712,1719.259193,1694.888251,1709.215459,1236704,16,Titan Company,TITAN.NS,Stock,Consumer Goods,https://1drv.ms/i/c/8705623eb284e7df/IQS8GwTOCu08Rb4ZsKHt8whaAT_QNGSpOTRbSw38o39P1GI?width=1280&height=800
30-06-2021,1705.965942,1728.46596,1701.682589,1711.381707,803926,16,Titan Company,TITAN.NS,Stock,Consumer Goods,https://1drv.ms/i/c/8705623eb284e7df/IQS8GwTOCu08Rb4ZsKHt8whaAT_QNGSpOTRbSw38o39P1GI?width=1280&height=800
01-07-2021,1713.646606,1719.653158,1699.319398,1702.519623,567971,16,Titan Company,TITAN.NS,Stock,Consumer Goods,https://1drv.ms/i/c/8705623eb284e7df/IQS8GwTOCu08Rb4ZsKHt8whaAT_QNGSpOTRbSw38o39P1GI?width=1280&height=800
02-07-2021,1727.875244,1740.774588,1713.548036,1728.121415,1259675,16,Titan Company,TITAN.NS,Stock,Consumer Goods,https://1drv.ms/i/c/8705623eb284e7df/IQS8GwTOCu08Rb4ZsKHt8whaAT_QNGSpOTRbSw38o39P1GI?width=1280&height=800
05-07-2021,1723.099487,1735.900386,1716.30514,1733.044777,632904,16,Titan Company,TITAN.NS,Stock,Consumer Goods,https://1drv.ms/i/c/8705623eb284e7df/IQS8GwTOCu08Rb4ZsKHt8whaAT_QNGSpOTRbSw38o39P1GI?width=1280&height=800
06-07-2021,1735.802002,1746.830421,1719.308535,1723.197991,960973,16,Titan Company,TITAN.NS,Stock,Consumer Goods,https://1drv.ms/i/c/8705623eb284e7df/IQS8GwTOCu08Rb4ZsKHt8whaAT_QNGSpOTRbSw38o39P1GI?width=1280&height=800
07-07-2021,1700.796387,1756.086448,1691.688055,1735.801971,2188364,16,Titan Company,TITAN.NS,Stock,Consumer Goods,https://1drv.ms/i/c/8705623eb284e7df/IQS8GwTOCu08Rb4ZsKHt8whaAT_QNGSpOTRbSw38o39P1GI?width=1280&height=800
08-07-2021,1699.910034,1719.259108,1694.888167,1703.504157,1167637,16,Titan Company,TITAN.NS,Stock,Consumer Goods,https://1drv.ms/i/c/8705623eb284e7df/IQS8GwTOCu08Rb4ZsKHt8whaAT_QNGSpOTRbSw38o39P1GI?width=1280&height=800
09-07-2021,1694.248291,1713.301914,1691.688135,1697.596243,831213,16,Titan Company,TITAN.NS,Stock,Consumer Goods,https://1drv.ms/i/c/8705623eb284e7df/IQS8GwTOCu08Rb4ZsKHt8whaAT_QNGSpOTRbSw38o39P1GI?width=1280&height=800
12-07-2021,1693.509766,1712.563388,1685.681571,1703.504338,792602,16,Titan Company,TITAN.NS,Stock,Consumer Goods,https://1drv.ms/i/c/8705623eb284e7df/IQS8GwTOCu08Rb4ZsKHt8whaAT_QNGSpOTRbSw38o39P1GI?width=1280&height=800
13-07-2021,1697.842407,1708.427767,1691.146504,1703.504344,797913,16,Titan Company,TITAN.NS,Stock,Consumer Goods,https://1drv.ms/i/c/8705623eb284e7df/IQS8GwTOCu08Rb4ZsKHt8whaAT_QNGSpOTRbSw38o39P1GI?width=1280&height=800
14-07-2021,1684.155151,1702.125644,1678.887113,1699.565488,891780,16,Titan Company,TITAN.NS,Stock,Consumer Goods,https://1drv.ms/i/c/8705623eb284e7df/IQS8GwTOCu08Rb4ZsKHt8whaAT_QNGSpOTRbSw38o39P1GI?width=1280&height=800
15-07-2021,1675.490234,1690.457393,1668.548159,1679.379691,943422,16,Titan Company,TITAN.NS,Stock,Consumer Goods,https://1drv.ms/i/c/8705623eb284e7df/IQS8GwTOCu08Rb4ZsKHt8whaAT_QNGSpOTRbSw38o39P1GI?width=1280&height=800
16-07-2021,1669.384888,1683.81054,1662.787549,1680.758042,907734,16,Titan Company,TITAN.NS,Stock,Consumer Goods,https://1drv.ms/i/c/8705623eb284e7df/IQS8GwTOCu08Rb4ZsKHt8whaAT_QNGSpOTRbSw38o39P1GI?width=1280&height=800
19-07-2021,1654.614624,1683.072031,1649.248141,1668.400207,831260,16,Titan Company,TITAN.NS,Stock,Consumer Goods,https://1drv.ms/i/c/8705623eb284e7df/IQS8GwTOCu08Rb4ZsKHt8whaAT_QNGSpOTRbSw38o39P1GI?width=1280&height=800
20-07-2021,1645.802002,1665.544858,1637.038284,1654.614882,819793,16,Titan Company,TITAN.NS,Stock,Consumer Goods,https://1drv.ms/i/c/8705623eb284e7df/IQS8GwTOCu08Rb4ZsKHt8whaAT_QNGSpOTRbSw38o39P1GI?width=1280&height=800
22-07-2021,1679.706787,1692.439714,1660.409975,1673.044222,1146821,16,Titan Company,TITAN.NS,Stock,Consumer Goods,https://1drv.ms/i/c/8705623eb284e7df/IQS8GwTOCu08Rb4ZsKHt8whaAT_QNGSpOTRbSw38o39P1GI?width=1280&height=800
23-07-2021,1678.916992,1703.593159,1675.018206,1692.439604,1053239,16,Titan Company,TITAN.NS,Stock,Consumer Goods,https://1drv.ms/i/c/8705623eb284e7df/IQS8GwTOCu08Rb4ZsKHt8whaAT_QNGSpOTRbSw38o39P1GI?width=1280&height=800
26-07-2021,1700.533447,1714.352102,1677.979453,1678.86782,1435514,16,Titan Company,TITAN.NS,Stock,Consumer Goods,https://1drv.ms/i/c/8705623eb284e7df/IQS8GwTOCu08Rb4ZsKHt8whaAT_QNGSpOTRbSw38o39P1GI?width=1280&height=800
27-07-2021,1706.65332,1719.830371,1691.156613,1710.552107,1075244,16,Titan Company,TITAN.NS,Stock,Consumer Goods,https://1drv.ms/i/c/8705623eb284e7df/IQS8GwTOCu08Rb4ZsKHt8whaAT_QNGSpOTRbSw38o39P1GI?width=1280&height=800
28-07-2021,1701.224487,1726.54214,1693.377393,1707.590891,1714957,16,Titan Company,TITAN.NS,Stock,Consumer Goods,https://1drv.ms/i/c/8705623eb284e7df/IQS8GwTOCu08Rb4ZsKHt8whaAT_QNGSpOTRbSw38o39P1GI?width=1280&height=800
29-07-2021,1716.622437,1733.550313,1705.41948,1716.474355,1346162,16,Titan Company,TITAN.NS,Stock,Consumer Goods,https://1drv.ms/i/c/8705623eb284e7df/IQS8GwTOCu08Rb4ZsKHt8whaAT_QNGSpOTRbSw38o39P1GI?width=1280&height=800
30-07-2021,1692.340942,1725.258925,1689.03424,1719.435326,1199644,16,Titan Company,TITAN.NS,Stock,Consumer Goods,https://1drv.ms/i/c/8705623eb284e7df/IQS8GwTOCu08Rb4ZsKHt8whaAT_QNGSpOTRbSw38o39P1GI?width=1280&height=800
02-08-2021,1748.602783,1752.995093,1702.655707,1705.616847,1718511,16,Titan Company,TITAN.NS,Stock,Consumer Goods,https://1drv.ms/i/c/8705623eb284e7df/IQS8GwTOCu08Rb4ZsKHt8whaAT_QNGSpOTRbSw38o39P1GI?width=1280&height=800
03-08-2021,1816.363281,1830.92222,1754.130059,1756.943118,5956344,16,Titan Company,TITAN.NS,Stock,Consumer Goods,https://1drv.ms/i/c/8705623eb284e7df/IQS8GwTOCu08Rb4ZsKHt8whaAT_QNGSpOTRbSw38o39P1GI?width=1280&height=800
04-08-2021,1776.289307,1834.574465,1771.748916,1833.143175,2040687,16,Titan Company,TITAN.NS,Stock,Consumer Goods,https://1drv.ms/i/c/8705623eb284e7df/IQS8GwTOCu08Rb4ZsKHt8whaAT_QNGSpOTRbSw38o39P1GI?width=1280&height=800
05-08-2021,1775.993286,1797.609514,1740.360802,1796.474506,2301814,16,Titan Company,TITAN.NS,Stock,Consumer Goods,https://1drv.ms/i/c/8705623eb284e7df/IQS8GwTOCu08Rb4ZsKHt8whaAT_QNGSpOTRbSw38o39P1GI?width=1280&height=800
06-08-2021,1764.592773,1773.081351,1754.969068,1772.735909,877876,16,Titan Company,TITAN.NS,Stock,Consumer Goods,https://1drv.ms/i/c/8705623eb284e7df/IQS8GwTOCu08Rb4ZsKHt8whaAT_QNGSpOTRbSw38o39P1GI?width=1280&height=800
09-08-2021,1775.845215,1807.874834,1754.72239,1764.592858,1770502,16,Titan Company,TITAN.NS,Stock,Consumer Goods,https://1drv.ms/i/c/8705623eb284e7df/IQS8GwTOCu08Rb4ZsKHt8whaAT_QNGSpOTRbSw38o39P1GI?width=1280&height=800
10-08-2021,1775.894409,1798.399123,1770.12021,1786.554562,862746,16,Titan Company,TITAN.NS,Stock,Consumer Goods,https://1drv.ms/i/c/8705623eb284e7df/IQS8GwTOCu08Rb4ZsKHt8whaAT_QNGSpOTRbSw38o39P1GI?width=1280&height=800
11-08-2021,1766.221436,1791.489808,1750.576769,1781.61934,748179,16,Titan Company,TITAN.NS,Stock,Consumer Goods,https://1drv.ms/i/c/8705623eb284e7df/IQS8GwTOCu08Rb4ZsKHt8whaAT_QNGSpOTRbSw38o39P1GI?width=1280&height=800
12-08-2021,1799.978394,1805.900674,1757.930227,1774.710021,889082,16,Titan Company,TITAN.NS,Stock,Consumer Goods,https://1drv.ms/i/c/8705623eb284e7df/IQS8GwTOCu08Rb4ZsKHt8whaAT_QNGSpOTRbSw38o39P1GI?width=1280&height=800
13-08-2021,1814.093262,1817.153083,1795.191292,1806.295568,1194666,16,Titan Company,TITAN.NS,Stock,Consumer Goods,https://1drv.ms/i/c/8705623eb284e7df/IQS8GwTOCu08Rb4ZsKHt8whaAT_QNGSpOTRbSw38o39P1GI?width=1280&height=800
16-08-2021,1813.402222,1823.124728,1793.463926,1804.32144,461655,16,Titan Company,TITAN.NS,Stock,Consumer Goods,https://1drv.ms/i/c/8705623eb284e7df/IQS8GwTOCu08Rb4ZsKHt8whaAT_QNGSpOTRbSw38o39P1GI?width=1280&height=800
17-08-2021,1850.169678,1854.019184,1804.96301,1816.165966,1917077,16,Titan Company,TITAN.NS,Stock,Consumer Goods,https://1drv.ms/i/c/8705623eb284e7df/IQS8GwTOCu08Rb4ZsKHt8whaAT_QNGSpOTRbSw38o39P1GI?width=1280&height=800
18-08-2021,1855.944092,1866.160002,1835.906994,1863.346943,1029077,16,Titan Company,TITAN.NS,Stock,Consumer Goods,https://1drv.ms/i/c/8705623eb284e7df/IQS8GwTOCu08Rb4ZsKHt8whaAT_QNGSpOTRbSw38o39P1GI?width=1280&height=800
20-08-2021,1852.489502,1867.788728,1833.883573,1835.314863,1070166,16,Titan Company,TITAN.NS,Stock,Consumer Goods,https://1drv.ms/i/c/8705623eb284e7df/IQS8GwTOCu08Rb4ZsKHt8whaAT_QNGSpOTRbSw38o39P1GI?width=1280&height=800
23-08-2021,1846.122925,1870.453652,1823.914372,1864.531371,1092285,16,Titan Company,TITAN.NS,Stock,Consumer Goods,https://1drv.ms/i/c/8705623eb284e7df/IQS8GwTOCu08Rb4ZsKHt8whaAT_QNGSpOTRbSw38o39P1GI?width=1280&height=800
24-08-2021,1845.382568,1862.853368,1828.602774,1858.609019,1003905,16,Titan Company,TITAN.NS,Stock,Consumer Goods,https://1drv.ms/i/c/8705623eb284e7df/IQS8GwTOCu08Rb4ZsKHt8whaAT_QNGSpOTRbSw38o39P1GI?width=1280&height=800
25-08-2021,1799.040771,1845.481248,1796.425074,1835.906943,1280400,16,Titan Company,TITAN.NS,Stock,Consumer Goods,https://1drv.ms/i/c/8705623eb284e7df/IQS8GwTOCu08Rb4ZsKHt8whaAT_QNGSpOTRbSw38o39P1GI?width=1280&height=800
26-08-2021,1791.835205,1810.835854,1781.866057,1799.040694,1059290,16,Titan Company,TITAN.NS,Stock,Consumer Goods,https://1drv.ms/i/c/8705623eb284e7df/IQS8GwTOCu08Rb4ZsKHt8whaAT_QNGSpOTRbSw38o39P1GI?width=1280&height=800
27-08-2021,1798.942139,1806.295589,1773.723046,1800.373308,1020589,16,Titan Company,TITAN.NS,Stock,Consumer Goods,https://1drv.ms/i/c/8705623eb284e7df/IQS8GwTOCu08Rb4ZsKHt8whaAT_QNGSpOTRbSw38o39P1GI?width=1280&height=800
30-08-2021,1854.117798,1862.507695,1808.072166,1811.230668,1670309,16,Titan Company,TITAN.NS,Stock,Consumer Goods,https://1drv.ms/i/c/8705623eb284e7df/IQS8GwTOCu08Rb4ZsKHt8whaAT_QNGSpOTRbSw38o39P1GI?width=1280&height=800
31-08-2021,1896.709106,1900.06509,1851.255674,1854.118013,1816071,16,Titan Company,TITAN.NS,Stock,Consumer Goods,https://1drv.ms/i/c/8705623eb284e7df/IQS8GwTOCu08Rb4ZsKHt8whaAT_QNGSpOTRbSw38o39P1GI?width=1280&height=800
01-09-2021,1914.278442,1928.6399,1890.194478,1900.262307,1247432,16,Titan Company,TITAN.NS,Stock,Consumer Goods,https://1drv.ms/i/c/8705623eb284e7df/IQS8GwTOCu08Rb4ZsKHt8whaAT_QNGSpOTRbSw38o39P1GI?width=1280&height=800
02-09-2021,1941.619629,1953.859033,1921.631932,1933.131051,1167157,16,Titan Company,TITAN.NS,Stock,Consumer Goods,https://1drv.ms/i/c/8705623eb284e7df/IQS8GwTOCu08Rb4ZsKHt8whaAT_QNGSpOTRbSw38o39P1GI?width=1280&height=800
03-09-2021,1993.143433,1998.177347,1944.580663,1944.580663,1548784,16,Titan Company,TITAN.NS,Stock,Consumer Goods,https://1drv.ms/i/c/8705623eb284e7df/IQS8GwTOCu08Rb4ZsKHt8whaAT_QNGSpOTRbSw38o39P1GI?width=1280&height=800
06-09-2021,1994.475952,2006.517874,1980.163775,1998.769581,679133,16,Titan Company,TITAN.NS,Stock,Consumer Goods,https://1drv.ms/i/c/8705623eb284e7df/IQS8GwTOCu08Rb4ZsKHt8whaAT_QNGSpOTRbSw38o39P1GI?width=1280&height=800
07-09-2021,2007.554443,2013.476724,1986.62898,1987.912189,773091,16,Titan Company,TITAN.NS,Stock,Consumer Goods,https://1drv.ms/i/c/8705623eb284e7df/IQS8GwTOCu08Rb4ZsKHt8whaAT_QNGSpOTRbSw38o39P1GI?width=1280&height=800
08-09-2021,2029.318726,2040.22564,1988.94861,2007.603697,796813,16,Titan Company,TITAN.NS,Stock,Consumer Goods,https://1drv.ms/i/c/8705623eb284e7df/IQS8GwTOCu08Rb4ZsKHt8whaAT_QNGSpOTRbSw38o39P1GI?width=1280&height=800
09-09-2021,2007.949219,2033.316272,1994.87085,2025.419898,653397,16,Titan Company,TITAN.NS,Stock,Consumer Goods,https://1drv.ms/i/c/8705623eb284e7df/IQS8GwTOCu08Rb4ZsKHt8whaAT_QNGSpOTRbSw38o39P1GI?width=1280&height=800
13-09-2021,2004.346436,2016.980561,1994.969492,2010.614158,786459,16,Titan Company,TITAN.NS,Stock,Consumer Goods,https://1drv.ms/i/c/8705623eb284e7df/IQS8GwTOCu08Rb4ZsKHt8whaAT_QNGSpOTRbSw38o39P1GI?width=1280&height=800
14-09-2021,2029.072021,2034.796941,2005.728461,2012.489708,888765,16,Titan Company,TITAN.NS,Stock,Consumer Goods,https://1drv.ms/i/c/8705623eb284e7df/IQS8GwTOCu08Rb4ZsKHt8whaAT_QNGSpOTRbSw38o39P1GI?width=1280&height=800
15-09-2021,2092.391113,2105.370681,2033.31627,2033.31627,2795995,16,Titan Company,TITAN.NS,Stock,Consumer Goods,https://1drv.ms/i/c/8705623eb284e7df/IQS8GwTOCu08Rb4ZsKHt8whaAT_QNGSpOTRbSw38o39P1GI?width=1280&height=800
16-09-2021,2081.385742,2105.321629,2067.912648,2105.321629,725123,16,Titan Company,TITAN.NS,Stock,Consumer Goods,https://1drv.ms/i/c/8705623eb284e7df/IQS8GwTOCu08Rb4ZsKHt8whaAT_QNGSpOTRbSw38o39P1GI?width=1280&height=800
17-09-2021,2068.455322,2122.150571,2053.057296,2086.567486,1727410,16,Titan Company,TITAN.NS,Stock,Consumer Goods,https://1drv.ms/i/c/8705623eb284e7df/IQS8GwTOCu08Rb4ZsKHt8whaAT_QNGSpOTRbSw38o39P1GI?width=1280&height=800
20-09-2021,2050.44165,2068.849976,2043.729684,2060.953602,411738,16,Titan Company,TITAN.NS,Stock,Consumer Goods,https://1drv.ms/i/c/8705623eb284e7df/IQS8GwTOCu08Rb4ZsKHt8whaAT_QNGSpOTRbSw38o39P1GI?width=1280&height=800
21-09-2021,2058.831543,2070.330541,2035.389183,2048.121989,539788,16,Titan Company,TITAN.NS,Stock,Consumer Goods,https://1drv.ms/i/c/8705623eb284e7df/IQS8GwTOCu08Rb4ZsKHt8whaAT_QNGSpOTRbSw38o39P1GI?width=1280&height=800
22-09-2021,2054.09375,2083.606352,2046.542698,2069.639737,1057480,16,Titan Company,TITAN.NS,Stock,Consumer Goods,https://1drv.ms/i/c/8705623eb284e7df/IQS8GwTOCu08Rb4ZsKHt8whaAT_QNGSpOTRbSw38o39P1GI?width=1280&height=800
23-09-2021,2077.782471,2086.369728,2049.701043,2062.927371,711634,16,Titan Company,TITAN.NS,Stock,Consumer Goods,https://1drv.ms/i/c/8705623eb284e7df/IQS8GwTOCu08Rb4ZsKHt8whaAT_QNGSpOTRbSw38o39P1GI?width=1280&height=800
24-09-2021,2065.790039,2087.603869,2057.992466,2077.733401,540771,16,Titan Company,TITAN.NS,Stock,Consumer Goods,https://1drv.ms/i/c/8705623eb284e7df/IQS8GwTOCu08Rb4ZsKHt8whaAT_QNGSpOTRbSw38o39P1GI?width=1280&height=800
27-09-2021,2063.174316,2080.052911,2050.293309,2071.810975,507550,16,Titan Company,TITAN.NS,Stock,Consumer Goods,https://1drv.ms/i/c/8705623eb284e7df/IQS8GwTOCu08Rb4ZsKHt8whaAT_QNGSpOTRbSw38o39P1GI?width=1280&height=800
28-09-2021,2101.718506,2110.305764,2056.067598,2056.215558,923489,16,Titan Company,TITAN.NS,Stock,Consumer Goods,https://1drv.ms/i/c/8705623eb284e7df/IQS8GwTOCu08Rb4ZsKHt8whaAT_QNGSpOTRbSw38o39P1GI?width=1280&height=800
29-09-2021,2119.682861,2139.818518,2082.718009,2101.422497,912912,16,Titan Company,TITAN.NS,Stock,Consumer Goods,https://1drv.ms/i/c/8705623eb284e7df/IQS8GwTOCu08Rb4ZsKHt8whaAT_QNGSpOTRbSw38o39P1GI?width=1280&height=800
30-09-2021,2133.846924,2156.696958,2108.627833,2122.051523,1374265,16,Titan Company,TITAN.NS,Stock,Consumer Goods,https://1drv.ms/i/c/8705623eb284e7df/IQS8GwTOCu08Rb4ZsKHt8whaAT_QNGSpOTRbSw38o39P1GI?width=1280&height=800
01-10-2021,2135.722412,2146.826688,2095.154694,2129.059847,626710,16,Titan Company,TITAN.NS,Stock,Consumer Goods,https://1drv.ms/i/c/8705623eb284e7df/IQS8GwTOCu08Rb4ZsKHt8whaAT_QNGSpOTRbSw38o39P1GI?width=1280&height=800
04-10-2021,2127.381836,2146.135724,2110.30588,2132.020907,870878,16,Titan Company,TITAN.NS,Stock,Consumer Goods,https://1drv.ms/i/c/8705623eb284e7df/IQS8GwTOCu08Rb4ZsKHt8whaAT_QNGSpOTRbSw38o39P1GI?width=1280&height=800
05-10-2021,2164.247803,2178.066456,2102.409425,2127.381754,1329784,16,Titan Company,TITAN.NS,Stock,Consumer Goods,https://1drv.ms/i/c/8705623eb284e7df/IQS8GwTOCu08Rb4ZsKHt8whaAT_QNGSpOTRbSw38o39P1GI?width=1280&height=800
06-10-2021,2119.830811,2176.141875,2107.443567,2165.580523,895210,16,Titan Company,TITAN.NS,Stock,Consumer Goods,https://1drv.ms/i/c/8705623eb284e7df/IQS8GwTOCu08Rb4ZsKHt8whaAT_QNGSpOTRbSw38o39P1GI?width=1280&height=800
07-10-2021,2344.581543,2353.366162,2220.855139,2225.790373,8361061,16,Titan Company,TITAN.NS,Stock,Consumer Goods,https://1drv.ms/i/c/8705623eb284e7df/IQS8GwTOCu08Rb4ZsKHt8whaAT_QNGSpOTRbSw38o39P1GI?width=1280&height=800
08-10-2021,2327.653564,2388.653101,2322.52097,2388.653101,1845797,16,Titan Company,TITAN.NS,Stock,Consumer Goods,https://1drv.ms/i/c/8705623eb284e7df/IQS8GwTOCu08Rb4ZsKHt8whaAT_QNGSpOTRbSw38o39P1GI?width=1280&height=800
11-10-2021,2331.799561,2374.933704,2327.012528,2346.210542,1056932,16,Titan Company,TITAN.NS,Stock,Consumer Goods,https://1drv.ms/i/c/8705623eb284e7df/IQS8GwTOCu08Rb4ZsKHt8whaAT_QNGSpOTRbSw38o39P1GI?width=1280&height=800
12-10-2021,2460.312744,2475.315806,2312.304896,2334.365487,3517011,16,Titan Company,TITAN.NS,Stock,Consumer Goods,https://1drv.ms/i/c/8705623eb284e7df/IQS8GwTOCu08Rb4ZsKHt8whaAT_QNGSpOTRbSw38o39P1GI?width=1280&height=800
13-10-2021,2504.334961,2575.155565,2457.746403,2506.999939,4023645,16,Titan Company,TITAN.NS,Stock,Consumer Goods,https://1drv.ms/i/c/8705623eb284e7df/IQS8GwTOCu08Rb4ZsKHt8whaAT_QNGSpOTRbSw38o39P1GI?width=1280&height=800
14-10-2021,2530.837158,2550.528692,2499.547826,2541.941434,1546459,16,Titan Company,TITAN.NS,Stock,Consumer Goods,https://1drv.ms/i/c/8705623eb284e7df/IQS8GwTOCu08Rb4ZsKHt8whaAT_QNGSpOTRbSw38o39P1GI?width=1280&height=800
18-10-2021,2555.266602,2643.21232,2542.138832,2586.062411,2572741,16,Titan Company,TITAN.NS,Stock,Consumer Goods,https://1drv.ms/i/c/8705623eb284e7df/IQS8GwTOCu08Rb4ZsKHt8whaAT_QNGSpOTRbSw38o39P1GI?width=1280&height=800
19-10-2021,2452.712402,2603.829358,2436.771694,2603.829358,3546129,16,Titan Company,TITAN.NS,Stock,Consumer Goods,https://1drv.ms/i/c/8705623eb284e7df/IQS8GwTOCu08Rb4ZsKHt8whaAT_QNGSpOTRbSw38o39P1GI?width=1280&height=800
20-10-2021,2380.164307,2473.094898,2371.873211,2454.883934,2868983,16,Titan Company,TITAN.NS,Stock,Consumer Goods,https://1drv.ms/i/c/8705623eb284e7df/IQS8GwTOCu08Rb4ZsKHt8whaAT_QNGSpOTRbSw38o39P1GI?width=1280&height=800
21-10-2021,2364.667725,2404.396354,2349.22054,2402.37286,2303014,16,Titan Company,TITAN.NS,Stock,Consumer Goods,https://1drv.ms/i/c/8705623eb284e7df/IQS8GwTOCu08Rb4ZsKHt8whaAT_QNGSpOTRbSw38o39P1GI?width=1280&height=800
22-10-2021,2380.756836,2462.632318,2366.938181,2386.086792,3063724,16,Titan Company,TITAN.NS,Stock,Consumer Goods,https://1drv.ms/i/c/8705623eb284e7df/IQS8GwTOCu08Rb4ZsKHt8whaAT_QNGSpOTRbSw38o39P1GI?width=1280&height=800
25-10-2021,2348.332031,2380.756611,2309.68925,2373.847285,1446182,16,Titan Company,TITAN.NS,Stock,Consumer Goods,https://1drv.ms/i/c/8705623eb284e7df/IQS8GwTOCu08Rb4ZsKHt8whaAT_QNGSpOTRbSw38o39P1GI?width=1280&height=800
26-10-2021,2422.953125,2436.475618,2340.287956,2359.041845,2567357,16,Titan Company,TITAN.NS,Stock,Consumer Goods,https://1drv.ms/i/c/8705623eb284e7df/IQS8GwTOCu08Rb4ZsKHt8whaAT_QNGSpOTRbSw38o39P1GI?width=1280&height=800
27-10-2021,2428.233887,2450.195678,2420.436073,2436.03146,2082690,16,Titan Company,TITAN.NS,Stock,Consumer Goods,https://1drv.ms/i/c/8705623eb284e7df/IQS8GwTOCu08Rb4ZsKHt8whaAT_QNGSpOTRbSw38o39P1GI?width=1280&height=800
28-10-2021,2344.384033,2438.005515,2329.430371,2438.005515,3330380,16,Titan Company,TITAN.NS,Stock,Consumer Goods,https://1drv.ms/i/c/8705623eb284e7df/IQS8GwTOCu08Rb4ZsKHt8whaAT_QNGSpOTRbSw38o39P1GI?width=1280&height=800
29-10-2021,2352.675293,2372.860351,2316.154564,2368.912164,1450019,16,Titan Company,TITAN.NS,Stock,Consumer Goods,https://1drv.ms/i/c/8705623eb284e7df/IQS8GwTOCu08Rb4ZsKHt8whaAT_QNGSpOTRbSw38o39P1GI?width=1280&height=800
01-11-2021,2375.130615,2409.825212,2359.387268,2409.825212,1276469,16,Titan Company,TITAN.NS,Stock,Consumer Goods,https://1drv.ms/i/c/8705623eb284e7df/IQS8GwTOCu08Rb4ZsKHt8whaAT_QNGSpOTRbSw38o39P1GI?width=1280&height=800
02-11-2021,2422.16333,2432.872884,2389.689588,2391.41692,1546219,16,Titan Company,TITAN.NS,Stock,Consumer Goods,https://1drv.ms/i/c/8705623eb284e7df/IQS8GwTOCu08Rb4ZsKHt8whaAT_QNGSpOTRbSw38o39P1GI?width=1280&height=800
03-11-2021,2386.629639,2439.634001,2374.883879,2430.109096,1554405,16,Titan Company,TITAN.NS,Stock,Consumer Goods,https://1drv.ms/i/c/8705623eb284e7df/IQS8GwTOCu08Rb4ZsKHt8whaAT_QNGSpOTRbSw38o39P1GI?width=1280&height=800
04-11-2021,2400.250732,2413.13174,2390.627027,2407.406821,181506,16,Titan Company,TITAN.NS,Stock,Consumer Goods,https://1drv.ms/i/c/8705623eb284e7df/IQS8GwTOCu08Rb4ZsKHt8whaAT_QNGSpOTRbSw38o39P1GI?width=1280&height=800
08-11-2021,2503.891113,2515.686275,2416.586867,2445.803309,3449086,16,Titan Company,TITAN.NS,Stock,Consumer Goods,https://1drv.ms/i/c/8705623eb284e7df/IQS8GwTOCu08Rb4ZsKHt8whaAT_QNGSpOTRbSw38o39P1GI?width=1280&height=800
09-11-2021,2479.560303,2510.849637,2458.88148,2496.191896,1097405,16,Titan Company,TITAN.NS,Stock,Consumer Goods,https://1drv.ms/i/c/8705623eb284e7df/IQS8GwTOCu08Rb4ZsKHt8whaAT_QNGSpOTRbSw38o39P1GI?width=1280&height=800
10-11-2021,2452.416504,2494.11923,2440.176979,2472.552162,911235,16,Titan Company,TITAN.NS,Stock,Consumer Goods,https://1drv.ms/i/c/8705623eb284e7df/IQS8GwTOCu08Rb4ZsKHt8whaAT_QNGSpOTRbSw38o39P1GI?width=1280&height=800
11-11-2021,2495.352783,2509.862321,2444.223717,2451.823929,1726010,16,Titan Company,TITAN.NS,Stock,Consumer Goods,https://1drv.ms/i/c/8705623eb284e7df/IQS8GwTOCu08Rb4ZsKHt8whaAT_QNGSpOTRbSw38o39P1GI?width=1280&height=800
12-11-2021,2506.605225,2528.567015,2490.318953,2514.847161,1673817,16,Titan Company,TITAN.NS,Stock,Consumer Goods,https://1drv.ms/i/c/8705623eb284e7df/IQS8GwTOCu08Rb4ZsKHt8whaAT_QNGSpOTRbSw38o39P1GI?width=1280&height=800
15-11-2021,2506.506104,2539.374804,2498.905893,2517.955941,846885,16,Titan Company,TITAN.NS,Stock,Consumer Goods,https://1drv.ms/i/c/8705623eb284e7df/IQS8GwTOCu08Rb4ZsKHt8whaAT_QNGSpOTRbSw38o39P1GI?width=1280&height=800
16-11-2021,2498.955566,2518.301779,2487.505728,2517.06797,1133767,16,Titan Company,TITAN.NS,Stock,Consumer Goods,https://1drv.ms/i/c/8705623eb284e7df/IQS8GwTOCu08Rb4ZsKHt8whaAT_QNGSpOTRbSw38o39P1GI?width=1280&height=800
17-11-2021,2466.975342,2506.111648,2458.832206,2490.2201,892518,16,Titan Company,TITAN.NS,Stock,Consumer Goods,https://1drv.ms/i/c/8705623eb284e7df/IQS8GwTOCu08Rb4ZsKHt8whaAT_QNGSpOTRbSw38o39P1GI?width=1280&height=800
18-11-2021,2446.099365,2487.35797,2424.680498,2459.720659,739912,16,Titan Company,TITAN.NS,Stock,Consumer Goods,https://1drv.ms/i/c/8705623eb284e7df/IQS8GwTOCu08Rb4ZsKHt8whaAT_QNGSpOTRbSw38o39P1GI?width=1280&height=800
22-11-2021,2360.324951,2460.115233,2322.521012,2460.115233,1361329,16,Titan Company,TITAN.NS,Stock,Consumer Goods,https://1drv.ms/i/c/8705623eb284e7df/IQS8GwTOCu08Rb4ZsKHt8whaAT_QNGSpOTRbSw38o39P1GI?width=1280&height=800
23-11-2021,2356.771484,2379.720321,2334.414972,2349.171273,1247942,16,Titan Company,TITAN.NS,Stock,Consumer Goods,https://1drv.ms/i/c/8705623eb284e7df/IQS8GwTOCu08Rb4ZsKHt8whaAT_QNGSpOTRbSw38o39P1GI?width=1280&height=800
24-11-2021,2345.074951,2374.094027,2334.365398,2368.912032,614145,16,Titan Company,TITAN.NS,Stock,Consumer Goods,https://1drv.ms/i/c/8705623eb284e7df/IQS8GwTOCu08Rb4ZsKHt8whaAT_QNGSpOTRbSw38o39P1GI?width=1280&height=800
25-11-2021,2366.740967,2372.070923,2324.643274,2329.430548,662071,16,Titan Company,TITAN.NS,Stock,Consumer Goods,https://1drv.ms/i/c/8705623eb284e7df/IQS8GwTOCu08Rb4ZsKHt8whaAT_QNGSpOTRbSw38o39P1GI?width=1280&height=800
26-11-2021,2262.607422,2354.205413,2255.451333,2346.999923,1289322,16,Titan Company,TITAN.NS,Stock,Consumer Goods,https://1drv.ms/i/c/8705623eb284e7df/IQS8GwTOCu08Rb4ZsKHt8whaAT_QNGSpOTRbSw38o39P1GI?width=1280&height=800
29-11-2021,2294.094238,2304.162068,2202.496242,2260.337284,1094276,16,Titan Company,TITAN.NS,Stock,Consumer Goods,https://1drv.ms/i/c/8705623eb284e7df/IQS8GwTOCu08Rb4ZsKHt8whaAT_QNGSpOTRbSw38o39P1GI?width=1280&height=800
30-11-2021,2344.729736,2359.041915,2306.136109,2306.136109,2675375,16,Titan Company,TITAN.NS,Stock,Consumer Goods,https://1drv.ms/i/c/8705623eb284e7df/IQS8GwTOCu08Rb4ZsKHt8whaAT_QNGSpOTRbSw38o39P1GI?width=1280&height=800
01-12-2021,2329.627686,2410.318757,2316.993439,2378.585301,2177426,16,Titan Company,TITAN.NS,Stock,Consumer Goods,https://1drv.ms/i/c/8705623eb284e7df/IQS8GwTOCu08Rb4ZsKHt8whaAT_QNGSpOTRbSw38o39P1GI?width=1280&height=800
02-12-2021,2355.587158,2391.120843,2329.479819,2338.313839,1682636,16,Titan Company,TITAN.NS,Stock,Consumer Goods,https://1drv.ms/i/c/8705623eb284e7df/IQS8GwTOCu08Rb4ZsKHt8whaAT_QNGSpOTRbSw38o39P1GI?width=1280&height=800
03-12-2021,2338.560547,2374.291592,2324.544531,2373.847469,1062389,16,Titan Company,TITAN.NS,Stock,Consumer Goods,https://1drv.ms/i/c/8705623eb284e7df/IQS8GwTOCu08Rb4ZsKHt8whaAT_QNGSpOTRbSw38o39P1GI?width=1280&height=800
06-12-2021,2295.179932,2349.023382,2288.369164,2330.763016,547641,16,Titan Company,TITAN.NS,Stock,Consumer Goods,https://1drv.ms/i/c/8705623eb284e7df/IQS8GwTOCu08Rb4ZsKHt8whaAT_QNGSpOTRbSw38o39P1GI?width=1280&height=800
07-12-2021,2349.714355,2354.945752,2295.229419,2306.234895,904175,16,Titan Company,TITAN.NS,Stock,Consumer Goods,https://1drv.ms/i/c/8705623eb284e7df/IQS8GwTOCu08Rb4ZsKHt8whaAT_QNGSpOTRbSw38o39P1GI?width=1280&height=800
08-12-2021,2374.390137,2386.678819,2346.308707,2354.10628,926476,16,Titan Company,TITAN.NS,Stock,Consumer Goods,https://1drv.ms/i/c/8705623eb284e7df/IQS8GwTOCu08Rb4ZsKHt8whaAT_QNGSpOTRbSw38o39P1GI?width=1280&height=800
09-12-2021,2342.409912,2392.601336,2325.334196,2392.601336,1250492,16,Titan Company,TITAN.NS,Stock,Consumer Goods,https://1drv.ms/i/c/8705623eb284e7df/IQS8GwTOCu08Rb4ZsKHt8whaAT_QNGSpOTRbSw38o39P1GI?width=1280&height=800
10-12-2021,2309.047607,2354.500912,2266.555202,2354.500912,2288164,16,Titan Company,TITAN.NS,Stock,Consumer Goods,https://1drv.ms/i/c/8705623eb284e7df/IQS8GwTOCu08Rb4ZsKHt8whaAT_QNGSpOTRbSw38o39P1GI?width=1280&height=800
13-12-2021,2320.053467,2355.093628,2309.788277,2322.126361,992852,16,Titan Company,TITAN.NS,Stock,Consumer Goods,https://1drv.ms/i/c/8705623eb284e7df/IQS8GwTOCu08Rb4ZsKHt8whaAT_QNGSpOTRbSw38o39P1GI?width=1280&height=800
14-12-2021,2324.346924,2340.534393,2288.714443,2312.354162,765269,16,Titan Company,TITAN.NS,Stock,Consumer Goods,https://1drv.ms/i/c/8705623eb284e7df/IQS8GwTOCu08Rb4ZsKHt8whaAT_QNGSpOTRbSw38o39P1GI?width=1280&height=800
15-12-2021,2293.057617,2337.573523,2287.431499,2324.593954,567271,16,Titan Company,TITAN.NS,Stock,Consumer Goods,https://1drv.ms/i/c/8705623eb284e7df/IQS8GwTOCu08Rb4ZsKHt8whaAT_QNGSpOTRbSw38o39P1GI?width=1280&height=800
16-12-2021,2326.716064,2334.168316,2295.130567,2313.736495,998086,16,Titan Company,TITAN.NS,Stock,Consumer Goods,https://1drv.ms/i/c/8705623eb284e7df/IQS8GwTOCu08Rb4ZsKHt8whaAT_QNGSpOTRbSw38o39P1GI?width=1280&height=800
17-12-2021,2250.861328,2308.998527,2227.863331,2305.741224,1591893,16,Titan Company,TITAN.NS,Stock,Consumer Goods,https://1drv.ms/i/c/8705623eb284e7df/IQS8GwTOCu08Rb4ZsKHt8whaAT_QNGSpOTRbSw38o39P1GI?width=1280&height=800
20-12-2021,2210.343262,2233.834782,2176.438109,2230.429519,1063366,16,Titan Company,TITAN.NS,Stock,Consumer Goods,https://1drv.ms/i/c/8705623eb284e7df/IQS8GwTOCu08Rb4ZsKHt8whaAT_QNGSpOTRbSw38o39P1GI?width=1280&height=800
21-12-2021,2258.017578,2280.078171,2222.138571,2222.138571,883858,16,Titan Company,TITAN.NS,Stock,Consumer Goods,https://1drv.ms/i/c/8705623eb284e7df/IQS8GwTOCu08Rb4ZsKHt8whaAT_QNGSpOTRbSw38o39P1GI?width=1280&height=800
22-12-2021,2269.960938,2278.202875,2252.786419,2276.426142,643034,16,Titan Company,TITAN.NS,Stock,Consumer Goods,https://1drv.ms/i/c/8705623eb284e7df/IQS8GwTOCu08Rb4ZsKHt8whaAT_QNGSpOTRbSw38o39P1GI?width=1280&height=800
23-12-2021,2299.719971,2307.271022,2280.077838,2289.948305,613686,16,Titan Company,TITAN.NS,Stock,Consumer Goods,https://1drv.ms/i/c/8705623eb284e7df/IQS8GwTOCu08Rb4ZsKHt8whaAT_QNGSpOTRbSw38o39P1GI?width=1280&height=800
24-12-2021,2289.405518,2311.564669,2280.077974,2309.788177,534065,16,Titan Company,TITAN.NS,Stock,Consumer Goods,https://1drv.ms/i/c/8705623eb284e7df/IQS8GwTOCu08Rb4ZsKHt8whaAT_QNGSpOTRbSw38o39P1GI?width=1280&height=800
27-12-2021,2301.102051,2313.637496,2256.684949,2276.277681,537545,16,Titan Company,TITAN.NS,Stock,Consumer Goods,https://1drv.ms/i/c/8705623eb284e7df/IQS8GwTOCu08Rb4ZsKHt8whaAT_QNGSpOTRbSw38o39P1GI?width=1280&height=800
28-12-2021,2349.023193,2354.056987,2297.351202,2309.788087,871453,16,Titan Company,TITAN.NS,Stock,Consumer Goods,https://1drv.ms/i/c/8705623eb284e7df/IQS8GwTOCu08Rb4ZsKHt8whaAT_QNGSpOTRbSw38o39P1GI?width=1280&height=800
29-12-2021,2371.03418,2385.148996,2339.646287,2348.184145,764644,16,Titan Company,TITAN.NS,Stock,Consumer Goods,https://1drv.ms/i/c/8705623eb284e7df/IQS8GwTOCu08Rb4ZsKHt8whaAT_QNGSpOTRbSw38o39P1GI?width=1280&height=800
30-12-2021,2405.729004,2416.290356,2359.732531,2362.792472,1152684,16,Titan Company,TITAN.NS,Stock,Consumer Goods,https://1drv.ms/i/c/8705623eb284e7df/IQS8GwTOCu08Rb4ZsKHt8whaAT_QNGSpOTRbSw38o39P1GI?width=1280&height=800
31-12-2021,2489.726563,2502.163448,2412.93452,2415.599498,2225749,16,Titan Company,TITAN.NS,Stock,Consumer Goods,https://1drv.ms/i/c/8705623eb284e7df/IQS8GwTOCu08Rb4ZsKHt8whaAT_QNGSpOTRbSw38o39P1GI?width=1280&height=800
03-01-2022,2491.157959,2513.020947,2469.887054,2477.487266,921729,16,Titan Company,TITAN.NS,Stock,Consumer Goods,https://1drv.ms/i/c/8705623eb284e7df/IQS8GwTOCu08Rb4ZsKHt8whaAT_QNGSpOTRbSw38o39P1GI?width=1280&height=800
04-01-2022,2549.541748,2561.336908,2491.700712,2492.293037,1037293,16,Titan Company,TITAN.NS,Stock,Consumer Goods,https://1drv.ms/i/c/8705623eb284e7df/IQS8GwTOCu08Rb4ZsKHt8whaAT_QNGSpOTRbSw38o39P1GI?width=1280&height=800
05-01-2022,2542.780518,2574.218055,2526.938609,2542.632557,1244568,16,Titan Company,TITAN.NS,Stock,Consumer Goods,https://1drv.ms/i/c/8705623eb284e7df/IQS8GwTOCu08Rb4ZsKHt8whaAT_QNGSpOTRbSw38o39P1GI?width=1280&height=800
06-01-2022,2562.274658,2567.654256,2505.568868,2507.098839,1130508,16,Titan Company,TITAN.NS,Stock,Consumer Goods,https://1drv.ms/i/c/8705623eb284e7df/IQS8GwTOCu08Rb4ZsKHt8whaAT_QNGSpOTRbSw38o39P1GI?width=1280&height=800
07-01-2022,2539.375244,2652.441503,2529.159454,2595.933074,4625230,16,Titan Company,TITAN.NS,Stock,Consumer Goods,https://1drv.ms/i/c/8705623eb284e7df/IQS8GwTOCu08Rb4ZsKHt8whaAT_QNGSpOTRbSw38o39P1GI?width=1280&height=800
10-01-2022,2623.07666,2629.048341,2537.697119,2551.515773,1894316,16,Titan Company,TITAN.NS,Stock,Consumer Goods,https://1drv.ms/i/c/8705623eb284e7df/IQS8GwTOCu08Rb4ZsKHt8whaAT_QNGSpOTRbSw38o39P1GI?width=1280&height=800
11-01-2022,2618.980469,2644.051359,2600.177181,2615.673766,1123968,16,Titan Company,TITAN.NS,Stock,Consumer Goods,https://1drv.ms/i/c/8705623eb284e7df/IQS8GwTOCu08Rb4ZsKHt8whaAT_QNGSpOTRbSw38o39P1GI?width=1280&height=800
12-01-2022,2579.10376,2637.388919,2574.217927,2606.790469,1293999,16,Titan Company,TITAN.NS,Stock,Consumer Goods,https://1drv.ms/i/c/8705623eb284e7df/IQS8GwTOCu08Rb4ZsKHt8whaAT_QNGSpOTRbSw38o39P1GI?width=1280&height=800
13-01-2022,2585.322266,2594.847171,2554.477054,2577.17913,1023670,16,Titan Company,TITAN.NS,Stock,Consumer Goods,https://1drv.ms/i/c/8705623eb284e7df/IQS8GwTOCu08Rb4ZsKHt8whaAT_QNGSpOTRbSw38o39P1GI?width=1280&height=800
14-01-2022,2559.165283,2604.816192,2555.315898,2591.984585,1166457,16,Titan Company,TITAN.NS,Stock,Consumer Goods,https://1drv.ms/i/c/8705623eb284e7df/IQS8GwTOCu08Rb4ZsKHt8whaAT_QNGSpOTRbSw38o39P1GI?width=1280&height=800
17-01-2022,2563.90332,2570.565886,2517.363922,2559.165448,1172956,16,Titan Company,TITAN.NS,Stock,Consumer Goods,https://1drv.ms/i/c/8705623eb284e7df/IQS8GwTOCu08Rb4ZsKHt8whaAT_QNGSpOTRbSw38o39P1GI?width=1280&height=800
18-01-2022,2566.913574,2600.867882,2553.489644,2564.347157,1221314,16,Titan Company,TITAN.NS,Stock,Consumer Goods,https://1drv.ms/i/c/8705623eb284e7df/IQS8GwTOCu08Rb4ZsKHt8whaAT_QNGSpOTRbSw38o39P1GI?width=1280&height=800
19-01-2022,2555.365479,2583.891277,2537.796237,2564.347701,629040,16,Titan Company,TITAN.NS,Stock,Consumer Goods,https://1drv.ms/i/c/8705623eb284e7df/IQS8GwTOCu08Rb4ZsKHt8whaAT_QNGSpOTRbSw38o39P1GI?width=1280&height=800
20-01-2022,2531.083984,2576.191972,2516.969168,2563.360364,1215237,16,Titan Company,TITAN.NS,Stock,Consumer Goods,https://1drv.ms/i/c/8705623eb284e7df/IQS8GwTOCu08Rb4ZsKHt8whaAT_QNGSpOTRbSw38o39P1GI?width=1280&height=800
21-01-2022,2495.4021,2528.714927,2472.552064,2514.995074,1457884,16,Titan Company,TITAN.NS,Stock,Consumer Goods,https://1drv.ms/i/c/8705623eb284e7df/IQS8GwTOCu08Rb4ZsKHt8whaAT_QNGSpOTRbSw38o39P1GI?width=1280&height=800
24-01-2022,2371.922607,2489.874687,2345.222946,2487.35767,1411443,16,Titan Company,TITAN.NS,Stock,Consumer Goods,https://1drv.ms/i/c/8705623eb284e7df/IQS8GwTOCu08Rb4ZsKHt8whaAT_QNGSpOTRbSw38o39P1GI?width=1280&height=800
25-01-2022,2345.716553,2376.561763,2300.213602,2355.093497,2849686,16,Titan Company,TITAN.NS,Stock,Consumer Goods,https://1drv.ms/i/c/8705623eb284e7df/IQS8GwTOCu08Rb4ZsKHt8whaAT_QNGSpOTRbSw38o39P1GI?width=1280&height=800
27-01-2022,2280.127197,2329.824852,2230.725463,2296.85759,2460051,16,Titan Company,TITAN.NS,Stock,Consumer Goods,https://1drv.ms/i/c/8705623eb284e7df/IQS8GwTOCu08Rb4ZsKHt8whaAT_QNGSpOTRbSw38o39P1GI?width=1280&height=800
28-01-2022,2285.605713,2346.999977,2278.104061,2283.039295,1317407,16,Titan Company,TITAN.NS,Stock,Consumer Goods,https://1drv.ms/i/c/8705623eb284e7df/IQS8GwTOCu08Rb4ZsKHt8whaAT_QNGSpOTRbSw38o39P1GI?width=1280&height=800
31-01-2022,2329.726318,2349.17109,2306.086599,2322.520829,900510,16,Titan Company,TITAN.NS,Stock,Consumer Goods,https://1drv.ms/i/c/8705623eb284e7df/IQS8GwTOCu08Rb4ZsKHt8whaAT_QNGSpOTRbSw38o39P1GI?width=1280&height=800
01-02-2022,2400.300293,2410.466923,2328.393842,2347.986816,1246431,16,Titan Company,TITAN.NS,Stock,Consumer Goods,https://1drv.ms/i/c/8705623eb284e7df/IQS8GwTOCu08Rb4ZsKHt8whaAT_QNGSpOTRbSw38o39P1GI?width=1280&height=800
02-02-2022,2432.083252,2445.803106,2410.121461,2419.251644,1144427,16,Titan Company,TITAN.NS,Stock,Consumer Goods,https://1drv.ms/i/c/8705623eb284e7df/IQS8GwTOCu08Rb4ZsKHt8whaAT_QNGSpOTRbSw38o39P1GI?width=1280&height=800
03-02-2022,2442.891113,2474.081885,2385.691807,2448.369271,3883564,16,Titan Company,TITAN.NS,Stock,Consumer Goods,https://1drv.ms/i/c/8705623eb284e7df/IQS8GwTOCu08Rb4ZsKHt8whaAT_QNGSpOTRbSw38o39P1GI?width=1280&height=800
04-02-2022,2439.140381,2487.357709,2398.523505,2477.487242,2718069,16,Titan Company,TITAN.NS,Stock,Consumer Goods,https://1drv.ms/i/c/8705623eb284e7df/IQS8GwTOCu08Rb4ZsKHt8whaAT_QNGSpOTRbSw38o39P1GI?width=1280&height=800
07-02-2022,2377.99292,2465.790678,2357.067578,2447.875876,1119632,16,Titan Company,TITAN.NS,Stock,Consumer Goods,https://1drv.ms/i/c/8705623eb284e7df/IQS8GwTOCu08Rb4ZsKHt8whaAT_QNGSpOTRbSw38o39P1GI?width=1280&height=800
08-02-2022,2411.996582,2433.070126,2369.800335,2387.073653,1524580,16,Titan Company,TITAN.NS,Stock,Consumer Goods,https://1drv.ms/i/c/8705623eb284e7df/IQS8GwTOCu08Rb4ZsKHt8whaAT_QNGSpOTRbSw38o39P1GI?width=1280&height=800
09-02-2022,2452.61377,2462.681598,2424.236176,2433.070196,826261,16,Titan Company,TITAN.NS,Stock,Consumer Goods,https://1drv.ms/i/c/8705623eb284e7df/IQS8GwTOCu08Rb4ZsKHt8whaAT_QNGSpOTRbSw38o39P1GI?width=1280&height=800
10-02-2022,2459.572754,2471.515876,2433.613374,2467.567689,788689,16,Titan Company,TITAN.NS,Stock,Consumer Goods,https://1drv.ms/i/c/8705623eb284e7df/IQS8GwTOCu08Rb4ZsKHt8whaAT_QNGSpOTRbSw38o39P1GI?width=1280&height=800
11-02-2022,2410.61499,2447.876006,2389.887008,2447.876006,1030760,16,Titan Company,TITAN.NS,Stock,Consumer Goods,https://1drv.ms/i/c/8705623eb284e7df/IQS8GwTOCu08Rb4ZsKHt8whaAT_QNGSpOTRbSw38o39P1GI?width=1280&height=800
14-02-2022,2366.937988,2391.614156,2320.793555,2349.171148,816491,16,Titan Company,TITAN.NS,Stock,Consumer Goods,https://1drv.ms/i/c/8705623eb284e7df/IQS8GwTOCu08Rb4ZsKHt8whaAT_QNGSpOTRbSw38o39P1GI?width=1280&height=800
15-02-2022,2463.570068,2467.419696,2367.925328,2390.578004,1293933,16,Titan Company,TITAN.NS,Stock,Consumer Goods,https://1drv.ms/i/c/8705623eb284e7df/IQS8GwTOCu08Rb4ZsKHt8whaAT_QNGSpOTRbSw38o39P1GI?width=1280&height=800
16-02-2022,2455.821777,2487.259073,2428.381829,2477.487406,1008929,16,Titan Company,TITAN.NS,Stock,Consumer Goods,https://1drv.ms/i/c/8705623eb284e7df/IQS8GwTOCu08Rb4ZsKHt8whaAT_QNGSpOTRbSw38o39P1GI?width=1280&height=800
17-02-2022,2460.905029,2504.631251,2454.785387,2476.99394,960885,16,Titan Company,TITAN.NS,Stock,Consumer Goods,https://1drv.ms/i/c/8705623eb284e7df/IQS8GwTOCu08Rb4ZsKHt8whaAT_QNGSpOTRbSw38o39P1GI?width=1280&height=800
18-02-2022,2456.709961,2467.123352,2428.924691,2447.185056,654373,16,Titan Company,TITAN.NS,Stock,Consumer Goods,https://1drv.ms/i/c/8705623eb284e7df/IQS8GwTOCu08Rb4ZsKHt8whaAT_QNGSpOTRbSw38o39P1GI?width=1280&height=800
21-02-2022,2422.55835,2455.772377,2379.819176,2455.772377,788568,16,Titan Company,TITAN.NS,Stock,Consumer Goods,https://1drv.ms/i/c/8705623eb284e7df/IQS8GwTOCu08Rb4ZsKHt8whaAT_QNGSpOTRbSw38o39P1GI?width=1280&height=800
22-02-2022,2418.363525,2425.174052,2346.210306,2346.210306,874150,16,Titan Company,TITAN.NS,Stock,Consumer Goods,https://1drv.ms/i/c/8705623eb284e7df/IQS8GwTOCu08Rb4ZsKHt8whaAT_QNGSpOTRbSw38o39P1GI?width=1280&height=800
23-02-2022,2463.372314,2492.29283,2420.238423,2420.238423,2096198,16,Titan Company,TITAN.NS,Stock,Consumer Goods,https://1drv.ms/i/c/8705623eb284e7df/IQS8GwTOCu08Rb4ZsKHt8whaAT_QNGSpOTRbSw38o39P1GI?width=1280&height=800
24-02-2022,2375.426758,2434.057237,2363.976919,2370.886246,1875086,16,Titan Company,TITAN.NS,Stock,Consumer Goods,https://1drv.ms/i/c/8705623eb284e7df/IQS8GwTOCu08Rb4ZsKHt8whaAT_QNGSpOTRbSw38o39P1GI?width=1280&height=800
25-02-2022,2436.475342,2441.953499,2392.107641,2392.107641,1284338,16,Titan Company,TITAN.NS,Stock,Consumer Goods,https://1drv.ms/i/c/8705623eb284e7df/IQS8GwTOCu08Rb4ZsKHt8whaAT_QNGSpOTRbSw38o39P1GI?width=1280&height=800
28-02-2022,2513.563965,2530.44232,2398.523617,2398.523617,2355891,16,Titan Company,TITAN.NS,Stock,Consumer Goods,https://1drv.ms/i/c/8705623eb284e7df/IQS8GwTOCu08Rb4ZsKHt8whaAT_QNGSpOTRbSw38o39P1GI?width=1280&height=800
02-03-2022,2559.066895,2571.059658,2491.651788,2516.969443,3536974,16,Titan Company,TITAN.NS,Stock,Consumer Goods,https://1drv.ms/i/c/8705623eb284e7df/IQS8GwTOCu08Rb4ZsKHt8whaAT_QNGSpOTRbSw38o39P1GI?width=1280&height=800
03-03-2022,2540.905273,2605.606241,2526.839856,2586.062665,2153478,16,Titan Company,TITAN.NS,Stock,Consumer Goods,https://1drv.ms/i/c/8705623eb284e7df/IQS8GwTOCu08Rb4ZsKHt8whaAT_QNGSpOTRbSw38o39P1GI?width=1280&height=800
04-03-2022,2409.381104,2531.7749,2398.523589,2531.7749,2652474,16,Titan Company,TITAN.NS,Stock,Consumer Goods,https://1drv.ms/i/c/8705623eb284e7df/IQS8GwTOCu08Rb4ZsKHt8whaAT_QNGSpOTRbSw38o39P1GI?width=1280&height=800
07-03-2022,2358.745605,2388.60377,2299.818962,2383.520576,1545686,16,Titan Company,TITAN.NS,Stock,Consumer Goods,https://1drv.ms/i/c/8705623eb284e7df/IQS8GwTOCu08Rb4ZsKHt8whaAT_QNGSpOTRbSw38o39P1GI?width=1280&height=800
08-03-2022,2340.534668,2388.159675,2295.476079,2368.912263,1467595,16,Titan Company,TITAN.NS,Stock,Consumer Goods,https://1drv.ms/i/c/8705623eb284e7df/IQS8GwTOCu08Rb4ZsKHt8whaAT_QNGSpOTRbSw38o39P1GI?width=1280&height=800
09-03-2022,2402.126221,2428.628522,2344.236025,2362.002867,1581979,16,Titan Company,TITAN.NS,Stock,Consumer Goods,https://1drv.ms/i/c/8705623eb284e7df/IQS8GwTOCu08Rb4ZsKHt8whaAT_QNGSpOTRbSw38o39P1GI?width=1280&height=800
10-03-2022,2435.833984,2472.305313,2413.18131,2465.642748,1051744,16,Titan Company,TITAN.NS,Stock,Consumer Goods,https://1drv.ms/i/c/8705623eb284e7df/IQS8GwTOCu08Rb4ZsKHt8whaAT_QNGSpOTRbSw38o39P1GI?width=1280&height=800
11-03-2022,2461.299805,2465.840075,2417.129464,2445.901779,812330,16,Titan Company,TITAN.NS,Stock,Consumer Goods,https://1drv.ms/i/c/8705623eb284e7df/IQS8GwTOCu08Rb4ZsKHt8whaAT_QNGSpOTRbSw38o39P1GI?width=1280&height=800
14-03-2022,2506.111572,2512.033852,2442.940583,2457.746284,1004492,16,Titan Company,TITAN.NS,Stock,Consumer Goods,https://1drv.ms/i/c/8705623eb284e7df/IQS8GwTOCu08Rb4ZsKHt8whaAT_QNGSpOTRbSw38o39P1GI?width=1280&height=800
15-03-2022,2523.829346,2545.593777,2510.257452,2525.85284,1571483,16,Titan Company,TITAN.NS,Stock,Consumer Goods,https://1drv.ms/i/c/8705623eb284e7df/IQS8GwTOCu08Rb4ZsKHt8whaAT_QNGSpOTRbSw38o39P1GI?width=1280&height=800
16-03-2022,2553.786377,2559.906019,2532.762231,2544.409432,757197,16,Titan Company,TITAN.NS,Stock,Consumer Goods,https://1drv.ms/i/c/8705623eb284e7df/IQS8GwTOCu08Rb4ZsKHt8whaAT_QNGSpOTRbSw38o39P1GI?width=1280&height=800
17-03-2022,2667.987305,2686.39563,2566.420293,2566.420293,3336088,16,Titan Company,TITAN.NS,Stock,Consumer Goods,https://1drv.ms/i/c/8705623eb284e7df/IQS8GwTOCu08Rb4ZsKHt8whaAT_QNGSpOTRbSw38o39P1GI?width=1280&height=800
21-03-2022,2672.182129,2732.145215,2665.02604,2704.507908,1889261,16,Titan Company,TITAN.NS,Stock,Consumer Goods,https://1drv.ms/i/c/8705623eb284e7df/IQS8GwTOCu08Rb4ZsKHt8whaAT_QNGSpOTRbSw38o39P1GI?width=1280&height=800
22-03-2022,2677.611084,2683.582765,2612.169836,2681.065748,1279904,16,Titan Company,TITAN.NS,Stock,Consumer Goods,https://1drv.ms/i/c/8705623eb284e7df/IQS8GwTOCu08Rb4ZsKHt8whaAT_QNGSpOTRbSw38o39P1GI?width=1280&height=800
23-03-2022,2655.155518,2707.41959,2643.162997,2694.637384,1281815,16,Titan Company,TITAN.NS,Stock,Consumer Goods,https://1drv.ms/i/c/8705623eb284e7df/IQS8GwTOCu08Rb4ZsKHt8whaAT_QNGSpOTRbSw38o39P1GI?width=1280&height=800
24-03-2022,2584.582031,2659.104064,2578.709151,2659.104064,1835380,16,Titan Company,TITAN.NS,Stock,Consumer Goods,https://1drv.ms/i/c/8705623eb284e7df/IQS8GwTOCu08Rb4ZsKHt8whaAT_QNGSpOTRbSw38o39P1GI?width=1280&height=800
25-03-2022,2491.207275,2599.881222,2485.383796,2596.920082,2863040,16,Titan Company,TITAN.NS,Stock,Consumer Goods,https://1drv.ms/i/c/8705623eb284e7df/IQS8GwTOCu08Rb4ZsKHt8whaAT_QNGSpOTRbSw38o39P1GI?width=1280&height=800
28-03-2022,2503.051758,2512.576904,2450.837081,2503.644082,1316800,16,Titan Company,TITAN.NS,Stock,Consumer Goods,https://1drv.ms/i/c/8705623eb284e7df/IQS8GwTOCu08Rb4ZsKHt8whaAT_QNGSpOTRbSw38o39P1GI?width=1280&height=800
29-03-2022,2505.914307,2525.852603,2492.589176,2516.969182,908172,16,Titan Company,TITAN.NS,Stock,Consumer Goods,https://1drv.ms/i/c/8705623eb284e7df/IQS8GwTOCu08Rb4ZsKHt8whaAT_QNGSpOTRbSw38o39P1GI?width=1280&height=800
30-03-2022,2490.466797,2532.515083,2477.487229,2523.18754,866666,16,Titan Company,TITAN.NS,Stock,Consumer Goods,https://1drv.ms/i/c/8705623eb284e7df/IQS8GwTOCu08Rb4ZsKHt8whaAT_QNGSpOTRbSw38o39P1GI?width=1280&height=800
31-03-2022,2503.298584,2512.428767,2487.308474,2492.539871,910316,16,Titan Company,TITAN.NS,Stock,Consumer Goods,https://1drv.ms/i/c/8705623eb284e7df/IQS8GwTOCu08Rb4ZsKHt8whaAT_QNGSpOTRbSw38o39P1GI?width=1280&height=800
01-04-2022,2488.197021,2516.969339,2459.572664,2505.124778,1208002,16,Titan Company,TITAN.NS,Stock,Consumer Goods,https://1drv.ms/i/c/8705623eb284e7df/IQS8GwTOCu08Rb4ZsKHt8whaAT_QNGSpOTRbSw38o39P1GI?width=1280&height=800
04-04-2022,2484.396729,2528.813833,2476.253593,2507.444367,1424995,16,Titan Company,TITAN.NS,Stock,Consumer Goods,https://1drv.ms/i/c/8705623eb284e7df/IQS8GwTOCu08Rb4ZsKHt8whaAT_QNGSpOTRbSw38o39P1GI?width=1280&height=800
05-04-2022,2516.179443,2544.409076,2487.407128,2499.202288,1586304,16,Titan Company,TITAN.NS,Stock,Consumer Goods,https://1drv.ms/i/c/8705623eb284e7df/IQS8GwTOCu08Rb4ZsKHt8whaAT_QNGSpOTRbSw38o39P1GI?width=1280&height=800
06-04-2022,2507.148193,2531.676161,2490.61516,2514.00812,1349078,16,Titan Company,TITAN.NS,Stock,Consumer Goods,https://1drv.ms/i/c/8705623eb284e7df/IQS8GwTOCu08Rb4ZsKHt8whaAT_QNGSpOTRbSw38o39P1GI?width=1280&height=800
07-04-2022,2426.506348,2511.490924,2420.238505,2469.887002,2785215,16,Titan Company,TITAN.NS,Stock,Consumer Goods,https://1drv.ms/i/c/8705623eb284e7df/IQS8GwTOCu08Rb4ZsKHt8whaAT_QNGSpOTRbSw38o39P1GI?width=1280&height=800
08-04-2022,2477.437744,2499.843655,2433.070044,2436.376747,1217812,16,Titan Company,TITAN.NS,Stock,Consumer Goods,https://1drv.ms/i/c/8705623eb284e7df/IQS8GwTOCu08Rb4ZsKHt8whaAT_QNGSpOTRbSw38o39P1GI?width=1280&height=800
11-04-2022,2457.598389,2477.437883,2445.309464,2470.577957,660112,16,Titan Company,TITAN.NS,Stock,Consumer Goods,https://1drv.ms/i/c/8705623eb284e7df/IQS8GwTOCu08Rb4ZsKHt8whaAT_QNGSpOTRbSw38o39P1GI?width=1280&height=800
12-04-2022,2455.969971,2476.00707,2408.641122,2447.876235,1182427,16,Titan Company,TITAN.NS,Stock,Consumer Goods,https://1drv.ms/i/c/8705623eb284e7df/IQS8GwTOCu08Rb4ZsKHt8whaAT_QNGSpOTRbSw38o39P1GI?width=1280&height=800
13-04-2022,2429.467529,2463.619201,2409.479833,2459.917776,1165453,16,Titan Company,TITAN.NS,Stock,Consumer Goods,https://1drv.ms/i/c/8705623eb284e7df/IQS8GwTOCu08Rb4ZsKHt8whaAT_QNGSpOTRbSw38o39P1GI?width=1280&height=800
18-04-2022,2461.151611,2467.616816,2378.78261,2403.458778,1109814,16,Titan Company,TITAN.NS,Stock,Consumer Goods,https://1drv.ms/i/c/8705623eb284e7df/IQS8GwTOCu08Rb4ZsKHt8whaAT_QNGSpOTRbSw38o39P1GI?width=1280&height=800
19-04-2022,2420.830811,2487.949986,2409.380973,2476.89487,929834,16,Titan Company,TITAN.NS,Stock,Consumer Goods,https://1drv.ms/i/c/8705623eb284e7df/IQS8GwTOCu08Rb4ZsKHt8whaAT_QNGSpOTRbSw38o39P1GI?width=1280&height=800
20-04-2022,2450.541016,2472.552207,2411.059144,2421.275175,639190,16,Titan Company,TITAN.NS,Stock,Consumer Goods,https://1drv.ms/i/c/8705623eb284e7df/IQS8GwTOCu08Rb4ZsKHt8whaAT_QNGSpOTRbSw38o39P1GI?width=1280&height=800
21-04-2022,2488.344727,2492.243513,2434.057158,2450.54079,880723,16,Titan Company,TITAN.NS,Stock,Consumer Goods,https://1drv.ms/i/c/8705623eb284e7df/IQS8GwTOCu08Rb4ZsKHt8whaAT_QNGSpOTRbSw38o39P1GI?width=1280&height=800
22-04-2022,2480.152344,2493.724237,2444.421299,2482.422599,878780,16,Titan Company,TITAN.NS,Stock,Consumer Goods,https://1drv.ms/i/c/8705623eb284e7df/IQS8GwTOCu08Rb4ZsKHt8whaAT_QNGSpOTRbSw38o39P1GI?width=1280&height=800
25-04-2022,2422.11377,2456.759205,2415.352644,2438.992364,682383,16,Titan Company,TITAN.NS,Stock,Consumer Goods,https://1drv.ms/i/c/8705623eb284e7df/IQS8GwTOCu08Rb4ZsKHt8whaAT_QNGSpOTRbSw38o39P1GI?width=1280&height=800
26-04-2022,2515.192627,2519.091414,2427.1481,2428.135147,1232557,16,Titan Company,TITAN.NS,Stock,Consumer Goods,https://1drv.ms/i/c/8705623eb284e7df/IQS8GwTOCu08Rb4ZsKHt8whaAT_QNGSpOTRbSw38o39P1GI?width=1280&height=800
27-04-2022,2460.066162,2504.92739,2456.019174,2495.895768,801135,16,Titan Company,TITAN.NS,Stock,Consumer Goods,https://1drv.ms/i/c/8705623eb284e7df/IQS8GwTOCu08Rb4ZsKHt8whaAT_QNGSpOTRbSw38o39P1GI?width=1280&height=800
28-04-2022,2480.645752,2498.215232,2444.914709,2497.129384,933881,16,Titan Company,TITAN.NS,Stock,Consumer Goods,https://1drv.ms/i/c/8705623eb284e7df/IQS8GwTOCu08Rb4ZsKHt8whaAT_QNGSpOTRbSw38o39P1GI?width=1280&height=800
29-04-2022,2426.358154,2499.202249,2418.26442,2488.344735,1496781,16,Titan Company,TITAN.NS,Stock,Consumer Goods,https://1drv.ms/i/c/8705623eb284e7df/IQS8GwTOCu08Rb4ZsKHt8whaAT_QNGSpOTRbSw38o39P1GI?width=1280&height=800
02-05-2022,2355.636475,2405.432935,2341.620459,2403.458842,1287401,16,Titan Company,TITAN.NS,Stock,Consumer Goods,https://1drv.ms/i/c/8705623eb284e7df/IQS8GwTOCu08Rb4ZsKHt8whaAT_QNGSpOTRbSw38o39P1GI?width=1280&height=800
04-05-2022,2260.287842,2375.821722,2245.53154,2325.482333,2357806,16,Titan Company,TITAN.NS,Stock,Consumer Goods,https://1drv.ms/i/c/8705623eb284e7df/IQS8GwTOCu08Rb4ZsKHt8whaAT_QNGSpOTRbSw38o39P1GI?width=1280&height=800
05-05-2022,2232.699707,2279.090903,2222.9772,2279.090903,2118580,16,Titan Company,TITAN.NS,Stock,Consumer Goods,https://1drv.ms/i/c/8705623eb284e7df/IQS8GwTOCu08Rb4ZsKHt8whaAT_QNGSpOTRbSw38o39P1GI?width=1280&height=800
06-05-2022,2180.139648,2210.984861,2167.011878,2210.984861,1465638,16,Titan Company,TITAN.NS,Stock,Consumer Goods,https://1drv.ms/i/c/8705623eb284e7df/IQS8GwTOCu08Rb4ZsKHt8whaAT_QNGSpOTRbSw38o39P1GI?width=1280&height=800
09-05-2022,2154.92041,2184.680014,2142.878488,2166.56761,968069,16,Titan Company,TITAN.NS,Stock,Consumer Goods,https://1drv.ms/i/c/8705623eb284e7df/IQS8GwTOCu08Rb4ZsKHt8whaAT_QNGSpOTRbSw38o39P1GI?width=1280&height=800
10-05-2022,2109.664063,2157.683781,2097.473941,2151.761502,1092429,16,Titan Company,TITAN.NS,Stock,Consumer Goods,https://1drv.ms/i/c/8705623eb284e7df/IQS8GwTOCu08Rb4ZsKHt8whaAT_QNGSpOTRbSw38o39P1GI?width=1280&height=800
11-05-2022,2087.307861,2110.3061,2068.603372,2099.645947,1472911,16,Titan Company,TITAN.NS,Stock,Consumer Goods,https://1drv.ms/i/c/8705623eb284e7df/IQS8GwTOCu08Rb4ZsKHt8whaAT_QNGSpOTRbSw38o39P1GI?width=1280&height=800
12-05-2022,2022.014648,2076.647541,2009.183041,2074.772249,1362031,16,Titan Company,TITAN.NS,Stock,Consumer Goods,https://1drv.ms/i/c/8705623eb284e7df/IQS8GwTOCu08Rb4ZsKHt8whaAT_QNGSpOTRbSw38o39P1GI?width=1280&height=800
13-05-2022,2064.605469,2126.098524,2029.515911,2029.515911,2580348,16,Titan Company,TITAN.NS,Stock,Consumer Goods,https://1drv.ms/i/c/8705623eb284e7df/IQS8GwTOCu08Rb4ZsKHt8whaAT_QNGSpOTRbSw38o39P1GI?width=1280&height=800
16-05-2022,2082.273926,2124.124612,2069.540878,2090.565022,1370151,16,Titan Company,TITAN.NS,Stock,Consumer Goods,https://1drv.ms/i/c/8705623eb284e7df/IQS8GwTOCu08Rb4ZsKHt8whaAT_QNGSpOTRbSw38o39P1GI?width=1280&height=800
17-05-2022,2148.159424,2156.697282,2083.655818,2117.21541,1256142,16,Titan Company,TITAN.NS,Stock,Consumer Goods,https://1drv.ms/i/c/8705623eb284e7df/IQS8GwTOCu08Rb4ZsKHt8whaAT_QNGSpOTRbSw38o39P1GI?width=1280&height=800
18-05-2022,2138.68335,2165.876533,2133.007831,2158.671044,1188772,16,Titan Company,TITAN.NS,Stock,Consumer Goods,https://1drv.ms/i/c/8705623eb284e7df/IQS8GwTOCu08Rb4ZsKHt8whaAT_QNGSpOTRbSw38o39P1GI?width=1280&height=800
19-05-2022,2084.593506,2128.171768,2028.480038,2097.474515,981115,16,Titan Company,TITAN.NS,Stock,Consumer Goods,https://1drv.ms/i/c/8705623eb284e7df/IQS8GwTOCu08Rb4ZsKHt8whaAT_QNGSpOTRbSw38o39P1GI?width=1280&height=800
20-05-2022,2109.368164,2127.628528,2101.619751,2112.181103,1017542,16,Titan Company,TITAN.NS,Stock,Consumer Goods,https://1drv.ms/i/c/8705623eb284e7df/IQS8GwTOCu08Rb4ZsKHt8whaAT_QNGSpOTRbSw38o39P1GI?width=1280&height=800
23-05-2022,2123.433838,2171.502969,2110.306067,2132.021097,1346294,16,Titan Company,TITAN.NS,Stock,Consumer Goods,https://1drv.ms/i/c/8705623eb284e7df/IQS8GwTOCu08Rb4ZsKHt8whaAT_QNGSpOTRbSw38o39P1GI?width=1280&height=800
24-05-2022,2112.526855,2136.956263,2093.871768,2123.779092,1150314,16,Titan Company,TITAN.NS,Stock,Consumer Goods,https://1drv.ms/i/c/8705623eb284e7df/IQS8GwTOCu08Rb4ZsKHt8whaAT_QNGSpOTRbSw38o39P1GI?width=1280&height=800
25-05-2022,2086.024414,2152.748868,2078.720365,2132.020887,1125068,16,Titan Company,TITAN.NS,Stock,Consumer Goods,https://1drv.ms/i/c/8705623eb284e7df/IQS8GwTOCu08Rb4ZsKHt8whaAT_QNGSpOTRbSw38o39P1GI?width=1280&height=800
26-05-2022,2114.20459,2122.98945,2048.615386,2104.383524,1382368,16,Titan Company,TITAN.NS,Stock,Consumer Goods,https://1drv.ms/i/c/8705623eb284e7df/IQS8GwTOCu08Rb4ZsKHt8whaAT_QNGSpOTRbSw38o39P1GI?width=1280&height=800
27-05-2022,2121.36084,2131.971592,2095.894985,2127.085759,865917,16,Titan Company,TITAN.NS,Stock,Consumer Goods,https://1drv.ms/i/c/8705623eb284e7df/IQS8GwTOCu08Rb4ZsKHt8whaAT_QNGSpOTRbSw38o39P1GI?width=1280&height=800
30-05-2022,2226.678711,2230.725699,2135.969209,2135.969209,1691435,16,Titan Company,TITAN.NS,Stock,Consumer Goods,https://1drv.ms/i/c/8705623eb284e7df/IQS8GwTOCu08Rb4ZsKHt8whaAT_QNGSpOTRbSw38o39P1GI?width=1280&height=800
31-05-2022,2187.295654,2270.207583,2148.406108,2225.691677,7005071,16,Titan Company,TITAN.NS,Stock,Consumer Goods,https://1drv.ms/i/c/8705623eb284e7df/IQS8GwTOCu08Rb4ZsKHt8whaAT_QNGSpOTRbSw38o39P1GI?width=1280&height=800
01-06-2022,2169.134033,2275.043957,2151.761914,2225.79042,2126105,16,Titan Company,TITAN.NS,Stock,Consumer Goods,https://1drv.ms/i/c/8705623eb284e7df/IQS8GwTOCu08Rb4ZsKHt8whaAT_QNGSpOTRbSw38o39P1GI?width=1280&height=800
02-06-2022,2192.181396,2196.524547,2148.406018,2148.406018,966727,16,Titan Company,TITAN.NS,Stock,Consumer Goods,https://1drv.ms/i/c/8705623eb284e7df/IQS8GwTOCu08Rb4ZsKHt8whaAT_QNGSpOTRbSw38o39P1GI?width=1280&height=800
03-06-2022,2175.845703,2215.870496,2169.281939,2202.742726,1228695,16,Titan Company,TITAN.NS,Stock,Consumer Goods,https://1drv.ms/i/c/8705623eb284e7df/IQS8GwTOCu08Rb4ZsKHt8whaAT_QNGSpOTRbSw38o39P1GI?width=1280&height=800
06-06-2022,2170.071533,2180.336722,2137.893715,2175.845612,1285097,16,Titan Company,TITAN.NS,Stock,Consumer Goods,https://1drv.ms/i/c/8705623eb284e7df/IQS8GwTOCu08Rb4ZsKHt8whaAT_QNGSpOTRbSw38o39P1GI?width=1280&height=800
07-06-2022,2073.587891,2151.219022,2060.953644,2145.395543,3255286,16,Titan Company,TITAN.NS,Stock,Consumer Goods,https://1drv.ms/i/c/8705623eb284e7df/IQS8GwTOCu08Rb4ZsKHt8whaAT_QNGSpOTRbSw38o39P1GI?width=1280&height=800
08-06-2022,2101.274658,2105.370806,2069.392999,2078.769943,1775344,16,Titan Company,TITAN.NS,Stock,Consumer Goods,https://1drv.ms/i/c/8705623eb284e7df/IQS8GwTOCu08Rb4ZsKHt8whaAT_QNGSpOTRbSw38o39P1GI?width=1280&height=800
09-06-2022,2111.984131,2126.098949,2075.759559,2078.7207,1035771,16,Titan Company,TITAN.NS,Stock,Consumer Goods,https://1drv.ms/i/c/8705623eb284e7df/IQS8GwTOCu08Rb4ZsKHt8whaAT_QNGSpOTRbSw38o39P1GI?width=1280&height=800
10-06-2022,2114.500732,2137.943091,2080.694384,2080.694384,927889,16,Titan Company,TITAN.NS,Stock,Consumer Goods,https://1drv.ms/i/c/8705623eb284e7df/IQS8GwTOCu08Rb4ZsKHt8whaAT_QNGSpOTRbSw38o39P1GI?width=1280&height=800
13-06-2022,2075.166992,2096.931421,2049.306416,2080.69455,928411,16,Titan Company,TITAN.NS,Stock,Consumer Goods,https://1drv.ms/i/c/8705623eb284e7df/IQS8GwTOCu08Rb4ZsKHt8whaAT_QNGSpOTRbSw38o39P1GI?width=1280&height=800
14-06-2022,2074.772217,2089.479117,2045.802299,2072.798123,893733,16,Titan Company,TITAN.NS,Stock,Consumer Goods,https://1drv.ms/i/c/8705623eb284e7df/IQS8GwTOCu08Rb4ZsKHt8whaAT_QNGSpOTRbSw38o39P1GI?width=1280&height=800
15-06-2022,2077.782471,2099.941618,2062.927371,2076.746024,783714,16,Titan Company,TITAN.NS,Stock,Consumer Goods,https://1drv.ms/i/c/8705623eb284e7df/IQS8GwTOCu08Rb4ZsKHt8whaAT_QNGSpOTRbSw38o39P1GI?width=1280&height=800
16-06-2022,2034.253906,2117.215232,2015.598819,2098.856066,1265289,16,Titan Company,TITAN.NS,Stock,Consumer Goods,https://1drv.ms/i/c/8705623eb284e7df/IQS8GwTOCu08Rb4ZsKHt8whaAT_QNGSpOTRbSw38o39P1GI?width=1280&height=800
17-06-2022,1911.366577,2025.074311,1885.802163,2014.56236,6066708,16,Titan Company,TITAN.NS,Stock,Consumer Goods,https://1drv.ms/i/c/8705623eb284e7df/IQS8GwTOCu08Rb4ZsKHt8whaAT_QNGSpOTRbSw38o39P1GI?width=1280&height=800
20-06-2022,1936.289429,1947.887227,1880.768053,1912.896471,1967950,16,Titan Company,TITAN.NS,Stock,Consumer Goods,https://1drv.ms/i/c/8705623eb284e7df/IQS8GwTOCu08Rb4ZsKHt8whaAT_QNGSpOTRbSw38o39P1GI?width=1280&height=800
21-06-2022,2051.182129,2066.629316,1941.027605,1954.254057,3289922,16,Titan Company,TITAN.NS,Stock,Consumer Goods,https://1drv.ms/i/c/8705623eb284e7df/IQS8GwTOCu08Rb4ZsKHt8whaAT_QNGSpOTRbSw38o39P1GI?width=1280&height=800
22-06-2022,2004.889282,2044.12439,1981.002799,2043.186744,1507811,16,Titan Company,TITAN.NS,Stock,Consumer Goods,https://1drv.ms/i/c/8705623eb284e7df/IQS8GwTOCu08Rb4ZsKHt8whaAT_QNGSpOTRbSw38o39P1GI?width=1280&height=800
23-06-2022,2014.957153,2021.274276,1971.280337,2013.575264,1632845,16,Titan Company,TITAN.NS,Stock,Consumer Goods,https://1drv.ms/i/c/8705623eb284e7df/IQS8GwTOCu08Rb4ZsKHt8whaAT_QNGSpOTRbSw38o39P1GI?width=1280&height=800
24-06-2022,2019.102783,2049.50375,2007.603665,2026.949877,854618,16,Titan Company,TITAN.NS,Stock,Consumer Goods,https://1drv.ms/i/c/8705623eb284e7df/IQS8GwTOCu08Rb4ZsKHt8whaAT_QNGSpOTRbSw38o39P1GI?width=1280&height=800
27-06-2022,2013.87146,2056.65979,1998.769597,2055.03126,1067849,16,Titan Company,TITAN.NS,Stock,Consumer Goods,https://1drv.ms/i/c/8705623eb284e7df/IQS8GwTOCu08Rb4ZsKHt8whaAT_QNGSpOTRbSw38o39P1GI?width=1280&height=800
28-06-2022,1942.557373,1995.808496,1934.611599,1993.834403,3397585,16,Titan Company,TITAN.NS,Stock,Consumer Goods,https://1drv.ms/i/c/8705623eb284e7df/IQS8GwTOCu08Rb4ZsKHt8whaAT_QNGSpOTRbSw38o39P1GI?width=1280&height=800
29-06-2022,1911.070557,1928.985479,1898.090868,1924.74113,2375427,16,Titan Company,TITAN.NS,Stock,Consumer Goods,https://1drv.ms/i/c/8705623eb284e7df/IQS8GwTOCu08Rb4ZsKHt8whaAT_QNGSpOTRbSw38o39P1GI?width=1280&height=800
30-06-2022,1916.104492,1940.287137,1901.052029,1924.741151,2489709,16,Titan Company,TITAN.NS,Stock,Consumer Goods,https://1drv.ms/i/c/8705623eb284e7df/IQS8GwTOCu08Rb4ZsKHt8whaAT_QNGSpOTRbSw38o39P1GI?width=1280&height=800
01-07-2022,1920.990356,1929.034812,1801.409738,1870.453611,4064801,16,Titan Company,TITAN.NS,Stock,Consumer Goods,https://1drv.ms/i/c/8705623eb284e7df/IQS8GwTOCu08Rb4ZsKHt8whaAT_QNGSpOTRbSw38o39P1GI?width=1280&height=800
04-07-2022,1937.079224,1941.126091,1903.026111,1928.689326,1023678,16,Titan Company,TITAN.NS,Stock,Consumer Goods,https://1drv.ms/i/c/8705623eb284e7df/IQS8GwTOCu08Rb4ZsKHt8whaAT_QNGSpOTRbSw38o39P1GI?width=1280&height=800
05-07-2022,1928.936157,1963.334713,1915.413665,1941.521004,1555345,16,Titan Company,TITAN.NS,Stock,Consumer Goods,https://1drv.ms/i/c/8705623eb284e7df/IQS8GwTOCu08Rb4ZsKHt8whaAT_QNGSpOTRbSw38o39P1GI?width=1280&height=800
06-07-2022,1987.468018,1999.263178,1916.20317,1932.637523,1952701,16,Titan Company,TITAN.NS,Stock,Consumer Goods,https://1drv.ms/i/c/8705623eb284e7df/IQS8GwTOCu08Rb4ZsKHt8whaAT_QNGSpOTRbSw38o39P1GI?width=1280&height=800
07-07-2022,2099.94165,2143.470502,2075.314886,2102.409267,5915740,16,Titan Company,TITAN.NS,Stock,Consumer Goods,https://1drv.ms/i/c/8705623eb284e7df/IQS8GwTOCu08Rb4ZsKHt8whaAT_QNGSpOTRbSw38o39P1GI?width=1280&height=800
08-07-2022,2124.061523,2133.620124,2090.531695,2119.752584,2039331,16,Titan Company,TITAN.NS,Stock,Consumer Goods,https://1drv.ms/i/c/8705623eb284e7df/IQS8GwTOCu08Rb4ZsKHt8whaAT_QNGSpOTRbSw38o39P1GI?width=1280&height=800
11-07-2022,2143.129395,2153.282415,2106.479467,2132.629589,1219508,16,Titan Company,TITAN.NS,Stock,Consumer Goods,https://1drv.ms/i/c/8705623eb284e7df/IQS8GwTOCu08Rb4ZsKHt8whaAT_QNGSpOTRbSw38o39P1GI?width=1280&height=800
12-07-2022,2109.847412,2121.733876,2094.444487,2111.828489,1096542,16,Titan Company,TITAN.NS,Stock,Consumer Goods,https://1drv.ms/i/c/8705623eb284e7df/IQS8GwTOCu08Rb4ZsKHt8whaAT_QNGSpOTRbSw38o39P1GI?width=1280&height=800
13-07-2022,2091.423096,2121.535614,2087.510517,2109.84721,1169721,16,Titan Company,TITAN.NS,Stock,Consumer Goods,https://1drv.ms/i/c/8705623eb284e7df/IQS8GwTOCu08Rb4ZsKHt8whaAT_QNGSpOTRbSw38o39P1GI?width=1280&height=800
14-07-2022,2107.321289,2119.752597,2093.008055,2111.828288,767221,16,Titan Company,TITAN.NS,Stock,Consumer Goods,https://1drv.ms/i/c/8705623eb284e7df/IQS8GwTOCu08Rb4ZsKHt8whaAT_QNGSpOTRbSw38o39P1GI?width=1280&height=800
15-07-2022,2168.982422,2172.399732,2112.02645,2114.800006,1742573,16,Titan Company,TITAN.NS,Stock,Consumer Goods,https://1drv.ms/i/c/8705623eb284e7df/IQS8GwTOCu08Rb4ZsKHt8whaAT_QNGSpOTRbSw38o39P1GI?width=1280&height=800
18-07-2022,2216.280762,2226.037665,2173.291479,2175.222981,2016386,16,Titan Company,TITAN.NS,Stock,Consumer Goods,https://1drv.ms/i/c/8705623eb284e7df/IQS8GwTOCu08Rb4ZsKHt8whaAT_QNGSpOTRbSw38o39P1GI?width=1280&height=800
19-07-2022,2219.995117,2231.683521,2195.726921,2211.37748,867223,16,Titan Company,TITAN.NS,Stock,Consumer Goods,https://1drv.ms/i/c/8705623eb284e7df/IQS8GwTOCu08Rb4ZsKHt8whaAT_QNGSpOTRbSw38o39P1GI?width=1280&height=800
20-07-2022,2249.711182,2276.257664,2239.706887,2258.42797,1620332,16,Titan Company,TITAN.NS,Stock,Consumer Goods,https://1drv.ms/i/c/8705623eb284e7df/IQS8GwTOCu08Rb4ZsKHt8whaAT_QNGSpOTRbSw38o39P1GI?width=1280&height=800
21-07-2022,2266.947021,2276.257989,2242.579672,2263.380985,1117118,16,Titan Company,TITAN.NS,Stock,Consumer Goods,https://1drv.ms/i/c/8705623eb284e7df/IQS8GwTOCu08Rb4ZsKHt8whaAT_QNGSpOTRbSw38o39P1GI?width=1280&height=800
22-07-2022,2303.002441,2307.90556,2261.498967,2277.248436,1185176,16,Titan Company,TITAN.NS,Stock,Consumer Goods,https://1drv.ms/i/c/8705623eb284e7df/IQS8GwTOCu08Rb4ZsKHt8whaAT_QNGSpOTRbSw38o39P1GI?width=1280&height=800
25-07-2022,2306.816162,2326.577361,2291.116027,2317.167243,1248393,16,Titan Company,TITAN.NS,Stock,Consumer Goods,https://1drv.ms/i/c/8705623eb284e7df/IQS8GwTOCu08Rb4ZsKHt8whaAT_QNGSpOTRbSw38o39P1GI?width=1280&height=800
26-07-2022,2271.503174,2312.858162,2264.916189,2312.858162,1142159,16,Titan Company,TITAN.NS,Stock,Consumer Goods,https://1drv.ms/i/c/8705623eb284e7df/IQS8GwTOCu08Rb4ZsKHt8whaAT_QNGSpOTRbSw38o39P1GI?width=1280&height=800
27-07-2022,2281.755371,2289.134836,2245.105441,2263.479981,1456382,16,Titan Company,TITAN.NS,Stock,Consumer Goods,https://1drv.ms/i/c/8705623eb284e7df/IQS8GwTOCu08Rb4ZsKHt8whaAT_QNGSpOTRbSw38o39P1GI?width=1280&height=800
28-07-2022,2312.561035,2319.346322,2283.241235,2299.040279,1126799,16,Titan Company,TITAN.NS,Stock,Consumer Goods,https://1drv.ms/i/c/8705623eb284e7df/IQS8GwTOCu08Rb4ZsKHt8whaAT_QNGSpOTRbSw38o39P1GI?width=1280&height=800
29-07-2022,2329.796631,2369.863873,2316.919628,2332.718672,1239445,16,Titan Company,TITAN.NS,Stock,Consumer Goods,https://1drv.ms/i/c/8705623eb284e7df/IQS8GwTOCu08Rb4ZsKHt8whaAT_QNGSpOTRbSw38o39P1GI?width=1280&height=800
01-08-2022,2353.767334,2358.521968,2316.869771,2342.425715,581266,16,Titan Company,TITAN.NS,Stock,Consumer Goods,https://1drv.ms/i/c/8705623eb284e7df/IQS8GwTOCu08Rb4ZsKHt8whaAT_QNGSpOTRbSw38o39P1GI?width=1280&height=800
02-08-2022,2362.38501,2375.113528,2334.749079,2347.576506,777687,16,Titan Company,TITAN.NS,Stock,Consumer Goods,https://1drv.ms/i/c/8705623eb284e7df/IQS8GwTOCu08Rb4ZsKHt8whaAT_QNGSpOTRbSw38o39P1GI?width=1280&height=800
03-08-2022,2393.537354,2402.94747,2332.718381,2372.339924,1207016,16,Titan Company,TITAN.NS,Stock,Consumer Goods,https://1drv.ms/i/c/8705623eb284e7df/IQS8GwTOCu08Rb4ZsKHt8whaAT_QNGSpOTRbSw38o39P1GI?width=1280&height=800
04-08-2022,2400.718994,2407.454706,2348.517654,2406.959436,1015590,16,Titan Company,TITAN.NS,Stock,Consumer Goods,https://1drv.ms/i/c/8705623eb284e7df/IQS8GwTOCu08Rb4ZsKHt8whaAT_QNGSpOTRbSw38o39P1GI?width=1280&height=800
05-08-2022,2409.782471,2449.007656,2394.478697,2402.25428,2443597,16,Titan Company,TITAN.NS,Stock,Consumer Goods,https://1drv.ms/i/c/8705623eb284e7df/IQS8GwTOCu08Rb4ZsKHt8whaAT_QNGSpOTRbSw38o39P1GI?width=1280&height=800
08-08-2022,2423.798584,2451.286032,2410.129102,2436.725162,1576547,16,Titan Company,TITAN.NS,Stock,Consumer Goods,https://1drv.ms/i/c/8705623eb284e7df/IQS8GwTOCu08Rb4ZsKHt8whaAT_QNGSpOTRbSw38o39P1GI?width=1280&height=800
10-08-2022,2410.574951,2446.531311,2394.231063,2446.531311,1065998,16,Titan Company,TITAN.NS,Stock,Consumer Goods,https://1drv.ms/i/c/8705623eb284e7df/IQS8GwTOCu08Rb4ZsKHt8whaAT_QNGSpOTRbSw38o39P1GI?width=1280&height=800
11-08-2022,2448.958252,2462.479007,2423.055522,2423.055522,1127878,16,Titan Company,TITAN.NS,Stock,Consumer Goods,https://1drv.ms/i/c/8705623eb284e7df/IQS8GwTOCu08Rb4ZsKHt8whaAT_QNGSpOTRbSw38o39P1GI?width=1280&height=800
12-08-2022,2448.562012,2469.412899,2438.60705,2448.611587,761420,16,Titan Company,TITAN.NS,Stock,Consumer Goods,https://1drv.ms/i/c/8705623eb284e7df/IQS8GwTOCu08Rb4ZsKHt8whaAT_QNGSpOTRbSw38o39P1GI?width=1280&height=800
16-08-2022,2470.254883,2475.851329,2411.961587,2437.814742,1035928,16,Titan Company,TITAN.NS,Stock,Consumer Goods,https://1drv.ms/i/c/8705623eb284e7df/IQS8GwTOCu08Rb4ZsKHt8whaAT_QNGSpOTRbSw38o39P1GI?width=1280&height=800
17-08-2022,2468.620361,2499.277484,2457.179592,2471.393918,863500,16,Titan Company,TITAN.NS,Stock,Consumer Goods,https://1drv.ms/i/c/8705623eb284e7df/IQS8GwTOCu08Rb4ZsKHt8whaAT_QNGSpOTRbSw38o39P1GI?width=1280&height=800
18-08-2022,2455.248047,2480.209572,2443.956003,2468.620318,827663,16,Titan Company,TITAN.NS,Stock,Consumer Goods,https://1drv.ms/i/c/8705623eb284e7df/IQS8GwTOCu08Rb4ZsKHt8whaAT_QNGSpOTRbSw38o39P1GI?width=1280&height=800
19-08-2022,2417.508789,2475.306576,2407.90037,2475.306576,751505,16,Titan Company,TITAN.NS,Stock,Consumer Goods,https://1drv.ms/i/c/8705623eb284e7df/IQS8GwTOCu08Rb4ZsKHt8whaAT_QNGSpOTRbSw38o39P1GI?width=1280&height=800
22-08-2022,2394.726074,2434.743735,2385.216807,2416.914041,947292,16,Titan Company,TITAN.NS,Stock,Consumer Goods,https://1drv.ms/i/c/8705623eb284e7df/IQS8GwTOCu08Rb4ZsKHt8whaAT_QNGSpOTRbSw38o39P1GI?width=1280&height=800
23-08-2022,2456.734131,2478.278348,2377.292972,2384.226744,1417877,16,Titan Company,TITAN.NS,Stock,Consumer Goods,https://1drv.ms/i/c/8705623eb284e7df/IQS8GwTOCu08Rb4ZsKHt8whaAT_QNGSpOTRbSw38o39P1GI?width=1280&height=800
24-08-2022,2437.418457,2471.393982,2417.954469,2471.393982,672569,16,Titan Company,TITAN.NS,Stock,Consumer Goods,https://1drv.ms/i/c/8705623eb284e7df/IQS8GwTOCu08Rb4ZsKHt8whaAT_QNGSpOTRbSw38o39P1GI?width=1280&height=800
25-08-2022,2443.114014,2477.931592,2433.456262,2449.60209,732577,16,Titan Company,TITAN.NS,Stock,Consumer Goods,https://1drv.ms/i/c/8705623eb284e7df/IQS8GwTOCu08Rb4ZsKHt8whaAT_QNGSpOTRbSw38o39P1GI?width=1280&height=800
26-08-2022,2508.935303,2531.816843,2458.071287,2459.557095,2398253,16,Titan Company,TITAN.NS,Stock,Consumer Goods,https://1drv.ms/i/c/8705623eb284e7df/IQS8GwTOCu08Rb4ZsKHt8whaAT_QNGSpOTRbSw38o39P1GI?width=1280&height=800
29-08-2022,2507.746826,2516.859734,2434.001267,2434.001267,1149676,16,Titan Company,TITAN.NS,Stock,Consumer Goods,https://1drv.ms/i/c/8705623eb284e7df/IQS8GwTOCu08Rb4ZsKHt8whaAT_QNGSpOTRbSw38o39P1GI?width=1280&height=800
30-08-2022,2580.006348,2598.281979,2518.939738,2520.920815,1794736,16,Titan Company,TITAN.NS,Stock,Consumer Goods,https://1drv.ms/i/c/8705623eb284e7df/IQS8GwTOCu08Rb4ZsKHt8whaAT_QNGSpOTRbSw38o39P1GI?width=1280&height=800
01-09-2022,2597.192383,2622.104334,2541.375432,2568.417186,1438313,16,Titan Company,TITAN.NS,Stock,Consumer Goods,https://1drv.ms/i/c/8705623eb284e7df/IQS8GwTOCu08Rb4ZsKHt8whaAT_QNGSpOTRbSw38o39P1GI?width=1280&height=800
02-09-2022,2587.881348,2619.974703,2582.38381,2606.107162,800453,16,Titan Company,TITAN.NS,Stock,Consumer Goods,https://1drv.ms/i/c/8705623eb284e7df/IQS8GwTOCu08Rb4ZsKHt8whaAT_QNGSpOTRbSw38o39P1GI?width=1280&height=800
05-09-2022,2602.491699,2615.021916,2586.147812,2600.163837,733481,16,Titan Company,TITAN.NS,Stock,Consumer Goods,https://1drv.ms/i/c/8705623eb284e7df/IQS8GwTOCu08Rb4ZsKHt8whaAT_QNGSpOTRbSw38o39P1GI?width=1280&height=800
06-09-2022,2606.751221,2621.856937,2586.296692,2606.800796,680071,16,Titan Company,TITAN.NS,Stock,Consumer Goods,https://1drv.ms/i/c/8705623eb284e7df/IQS8GwTOCu08Rb4ZsKHt8whaAT_QNGSpOTRbSw38o39P1GI?width=1280&height=800
07-09-2022,2612.793457,2616.408827,2575.79674,2582.334392,438635,16,Titan Company,TITAN.NS,Stock,Consumer Goods,https://1drv.ms/i/c/8705623eb284e7df/IQS8GwTOCu08Rb4ZsKHt8whaAT_QNGSpOTRbSw38o39P1GI?width=1280&height=800
08-09-2022,2601.847656,2634.733489,2591.248942,2623.936715,754150,16,Titan Company,TITAN.NS,Stock,Consumer Goods,https://1drv.ms/i/c/8705623eb284e7df/IQS8GwTOCu08Rb4ZsKHt8whaAT_QNGSpOTRbSw38o39P1GI?width=1280&height=800
09-09-2022,2578.817627,2627.056808,2568.466547,2626.908324,777186,16,Titan Company,TITAN.NS,Stock,Consumer Goods,https://1drv.ms/i/c/8705623eb284e7df/IQS8GwTOCu08Rb4ZsKHt8whaAT_QNGSpOTRbSw38o39P1GI?width=1280&height=800
12-09-2022,2635.971924,2644.441078,2585.305967,2592.041678,808360,16,Titan Company,TITAN.NS,Stock,Consumer Goods,https://1drv.ms/i/c/8705623eb284e7df/IQS8GwTOCu08Rb4ZsKHt8whaAT_QNGSpOTRbSw38o39P1GI?width=1280&height=800
13-09-2022,2679.95166,2697.23651,2646.719043,2654.643351,1536444,16,Titan Company,TITAN.NS,Stock,Consumer Goods,https://1drv.ms/i/c/8705623eb284e7df/IQS8GwTOCu08Rb4ZsKHt8whaAT_QNGSpOTRbSw38o39P1GI?width=1280&height=800
14-09-2022,2675.048584,2686.340627,2619.974542,2619.974542,915281,16,Titan Company,TITAN.NS,Stock,Consumer Goods,https://1drv.ms/i/c/8705623eb284e7df/IQS8GwTOCu08Rb4ZsKHt8whaAT_QNGSpOTRbSw38o39P1GI?width=1280&height=800
15-09-2022,2631.019043,2691.293414,2622.94625,2688.470283,753648,16,Titan Company,TITAN.NS,Stock,Consumer Goods,https://1drv.ms/i/c/8705623eb284e7df/IQS8GwTOCu08Rb4ZsKHt8whaAT_QNGSpOTRbSw38o39P1GI?width=1280&height=800
16-09-2022,2587.089111,2652.315942,2579.610496,2622.946565,1425731,16,Titan Company,TITAN.NS,Stock,Consumer Goods,https://1drv.ms/i/c/8705623eb284e7df/IQS8GwTOCu08Rb4ZsKHt8whaAT_QNGSpOTRbSw38o39P1GI?width=1280&height=800
19-09-2022,2595.013184,2607.097707,2528.39946,2587.039299,808421,16,Titan Company,TITAN.NS,Stock,Consumer Goods,https://1drv.ms/i/c/8705623eb284e7df/IQS8GwTOCu08Rb4ZsKHt8whaAT_QNGSpOTRbSw38o39P1GI?width=1280&height=800
20-09-2022,2658.605713,2668.065405,2610.16847,2617.201149,844553,16,Titan Company,TITAN.NS,Stock,Consumer Goods,https://1drv.ms/i/c/8705623eb284e7df/IQS8GwTOCu08Rb4ZsKHt8whaAT_QNGSpOTRbSw38o39P1GI?width=1280&height=800
21-09-2022,2641.419678,2674.454237,2631.514292,2662.567774,1052572,16,Titan Company,TITAN.NS,Stock,Consumer Goods,https://1drv.ms/i/c/8705623eb284e7df/IQS8GwTOCu08Rb4ZsKHt8whaAT_QNGSpOTRbSw38o39P1GI?width=1280&height=800
22-09-2022,2711.698486,2718.9788,2624.927211,2634.832597,1352472,16,Titan Company,TITAN.NS,Stock,Consumer Goods,https://1drv.ms/i/c/8705623eb284e7df/IQS8GwTOCu08Rb4ZsKHt8whaAT_QNGSpOTRbSw38o39P1GI?width=1280&height=800
23-09-2022,2647.164795,2729.627132,2641.766408,2711.698529,1226889,16,Titan Company,TITAN.NS,Stock,Consumer Goods,https://1drv.ms/i/c/8705623eb284e7df/IQS8GwTOCu08Rb4ZsKHt8whaAT_QNGSpOTRbSw38o39P1GI?width=1280&height=800
26-09-2022,2630.375244,2652.612787,2539.295269,2640.775899,1371409,16,Titan Company,TITAN.NS,Stock,Consumer Goods,https://1drv.ms/i/c/8705623eb284e7df/IQS8GwTOCu08Rb4ZsKHt8whaAT_QNGSpOTRbSw38o39P1GI?width=1280&height=800
27-09-2022,2575.74707,2654.197677,2561.087051,2644.68841,1246270,16,Titan Company,TITAN.NS,Stock,Consumer Goods,https://1drv.ms/i/c/8705623eb284e7df/IQS8GwTOCu08Rb4ZsKHt8whaAT_QNGSpOTRbSw38o39P1GI?width=1280&height=800
28-09-2022,2552.568604,2609.574153,2540.236445,2563.018835,1419969,16,Titan Company,TITAN.NS,Stock,Consumer Goods,https://1drv.ms/i/c/8705623eb284e7df/IQS8GwTOCu08Rb4ZsKHt8whaAT_QNGSpOTRbSw38o39P1GI?width=1280&height=800
29-09-2022,2507.54834,2581.393037,2493.532316,2570.299054,1177076,16,Titan Company,TITAN.NS,Stock,Consumer Goods,https://1drv.ms/i/c/8705623eb284e7df/IQS8GwTOCu08Rb4ZsKHt8whaAT_QNGSpOTRbSw38o39P1GI?width=1280&height=800
30-09-2022,2582.284668,2612.446521,2498.732878,2513.987077,1453944,16,Titan Company,TITAN.NS,Stock,Consumer Goods,https://1drv.ms/i/c/8705623eb284e7df/IQS8GwTOCu08Rb4ZsKHt8whaAT_QNGSpOTRbSw38o39P1GI?width=1280&height=800
03-10-2022,2549.844727,2600.164142,2531.420851,2600.164142,1049142,16,Titan Company,TITAN.NS,Stock,Consumer Goods,https://1drv.ms/i/c/8705623eb284e7df/IQS8GwTOCu08Rb4ZsKHt8whaAT_QNGSpOTRbSw38o39P1GI?width=1280&height=800
04-10-2022,2560.641846,2604.126401,2547.318906,2604.126401,1291070,16,Titan Company,TITAN.NS,Stock,Consumer Goods,https://1drv.ms/i/c/8705623eb284e7df/IQS8GwTOCu08Rb4ZsKHt8whaAT_QNGSpOTRbSw38o39P1GI?width=1280&height=800
06-10-2022,2568.318115,2595.211142,2557.174556,2573.468868,1409852,16,Titan Company,TITAN.NS,Stock,Consumer Goods,https://1drv.ms/i/c/8705623eb284e7df/IQS8GwTOCu08Rb4ZsKHt8whaAT_QNGSpOTRbSw38o39P1GI?width=1280&height=800
07-10-2022,2704.665771,2719.028582,2649.690877,2664.548956,5284814,16,Titan Company,TITAN.NS,Stock,Consumer Goods,https://1drv.ms/i/c/8705623eb284e7df/IQS8GwTOCu08Rb4ZsKHt8whaAT_QNGSpOTRbSw38o39P1GI?width=1280&height=800
10-10-2022,2654.742676,2702.090229,2632.851675,2684.359684,1290447,16,Titan Company,TITAN.NS,Stock,Consumer Goods,https://1drv.ms/i/c/8705623eb284e7df/IQS8GwTOCu08Rb4ZsKHt8whaAT_QNGSpOTRbSw38o39P1GI?width=1280&height=800
11-10-2022,2599.668701,2668.511138,2591.645241,2667.520599,1067626,16,Titan Company,TITAN.NS,Stock,Consumer Goods,https://1drv.ms/i/c/8705623eb284e7df/IQS8GwTOCu08Rb4ZsKHt8whaAT_QNGSpOTRbSw38o39P1GI?width=1280&height=800
12-10-2022,2596.548584,2619.875576,2581.343719,2605.116647,1131702,16,Titan Company,TITAN.NS,Stock,Consumer Goods,https://1drv.ms/i/c/8705623eb284e7df/IQS8GwTOCu08Rb4ZsKHt8whaAT_QNGSpOTRbSw38o39P1GI?width=1280&height=800
13-10-2022,2574.063232,2603.135639,2566.485708,2585.305943,1038687,16,Titan Company,TITAN.NS,Stock,Consumer Goods,https://1drv.ms/i/c/8705623eb284e7df/IQS8GwTOCu08Rb4ZsKHt8whaAT_QNGSpOTRbSw38o39P1GI?width=1280&height=800
14-10-2022,2593.032227,2638.398947,2583.077264,2615.022137,1326916,16,Titan Company,TITAN.NS,Stock,Consumer Goods,https://1drv.ms/i/c/8705623eb284e7df/IQS8GwTOCu08Rb4ZsKHt8whaAT_QNGSpOTRbSw38o39P1GI?width=1280&height=800
17-10-2022,2600.163818,2609.970054,2577.926275,2589.168743,1111199,16,Titan Company,TITAN.NS,Stock,Consumer Goods,https://1drv.ms/i/c/8705623eb284e7df/IQS8GwTOCu08Rb4ZsKHt8whaAT_QNGSpOTRbSw38o39P1GI?width=1280&height=800
18-10-2022,2616.111816,2639.488384,2598.331454,2613.189534,771852,16,Titan Company,TITAN.NS,Stock,Consumer Goods,https://1drv.ms/i/c/8705623eb284e7df/IQS8GwTOCu08Rb4ZsKHt8whaAT_QNGSpOTRbSw38o39P1GI?width=1280&height=800
19-10-2022,2619.529053,2651.671984,2615.022053,2629.23638,1001916,16,Titan Company,TITAN.NS,Stock,Consumer Goods,https://1drv.ms/i/c/8705623eb284e7df/IQS8GwTOCu08Rb4ZsKHt8whaAT_QNGSpOTRbSw38o39P1GI?width=1280&height=800
20-10-2022,2606.602539,2618.984273,2556.927121,2615.022118,1022636,16,Titan Company,TITAN.NS,Stock,Consumer Goods,https://1drv.ms/i/c/8705623eb284e7df/IQS8GwTOCu08Rb4ZsKHt8whaAT_QNGSpOTRbSw38o39P1GI?width=1280&height=800
21-10-2022,2640.429443,2654.296985,2615.071797,2624.927609,986521,16,Titan Company,TITAN.NS,Stock,Consumer Goods,https://1drv.ms/i/c/8705623eb284e7df/IQS8GwTOCu08Rb4ZsKHt8whaAT_QNGSpOTRbSw38o39P1GI?width=1280&height=800
24-10-2022,2658.506592,2674.35521,2653.801533,2671.482745,184595,16,Titan Company,TITAN.NS,Stock,Consumer Goods,https://1drv.ms/i/c/8705623eb284e7df/IQS8GwTOCu08Rb4ZsKHt8whaAT_QNGSpOTRbSw38o39P1GI?width=1280&height=800
25-10-2022,2645.035645,2671.829766,2636.814125,2671.829766,505759,16,Titan Company,TITAN.NS,Stock,Consumer Goods,https://1drv.ms/i/c/8705623eb284e7df/IQS8GwTOCu08Rb4ZsKHt8whaAT_QNGSpOTRbSw38o39P1GI?width=1280&height=800
27-10-2022,2678.218506,2738.839424,2654.643637,2674.454411,2117791,16,Titan Company,TITAN.NS,Stock,Consumer Goods,https://1drv.ms/i/c/8705623eb284e7df/IQS8GwTOCu08Rb4ZsKHt8whaAT_QNGSpOTRbSw38o39P1GI?width=1280&height=800
28-10-2022,2710.509766,2712.986112,2667.768121,2683.319529,1003160,16,Titan Company,TITAN.NS,Stock,Consumer Goods,https://1drv.ms/i/c/8705623eb284e7df/IQS8GwTOCu08Rb4ZsKHt8whaAT_QNGSpOTRbSw38o39P1GI?width=1280&height=800
31-10-2022,2735.372559,2764.59345,2712.342534,2723.981364,1144647,16,Titan Company,TITAN.NS,Stock,Consumer Goods,https://1drv.ms/i/c/8705623eb284e7df/IQS8GwTOCu08Rb4ZsKHt8whaAT_QNGSpOTRbSw38o39P1GI?width=1280&height=800
01-11-2022,2728.884277,2757.659472,2715.066312,2743.940416,890107,16,Titan Company,TITAN.NS,Stock,Consumer Goods,https://1drv.ms/i/c/8705623eb284e7df/IQS8GwTOCu08Rb4ZsKHt8whaAT_QNGSpOTRbSw38o39P1GI?width=1280&height=800
02-11-2022,2702.63501,2721.356335,2677.425851,2719.028472,1704942,16,Titan Company,TITAN.NS,Stock,Consumer Goods,https://1drv.ms/i/c/8705623eb284e7df/IQS8GwTOCu08Rb4ZsKHt8whaAT_QNGSpOTRbSw38o39P1GI?width=1280&height=800
03-11-2022,2737.501953,2752.706818,2679.40696,2679.40696,1227960,16,Titan Company,TITAN.NS,Stock,Consumer Goods,https://1drv.ms/i/c/8705623eb284e7df/IQS8GwTOCu08Rb4ZsKHt8whaAT_QNGSpOTRbSw38o39P1GI?width=1280&height=800
04-11-2022,2743.494873,2755.133702,2720.613575,2748.645626,1172058,16,Titan Company,TITAN.NS,Stock,Consumer Goods,https://1drv.ms/i/c/8705623eb284e7df/IQS8GwTOCu08Rb4ZsKHt8whaAT_QNGSpOTRbSw38o39P1GI?width=1280&height=800
07-11-2022,2715.611328,2745.773182,2680.69484,2745.773182,1825529,16,Titan Company,TITAN.NS,Stock,Consumer Goods,https://1drv.ms/i/c/8705623eb284e7df/IQS8GwTOCu08Rb4ZsKHt8whaAT_QNGSpOTRbSw38o39P1GI?width=1280&height=800
09-11-2022,2692.383057,2742.801374,2684.359597,2742.801374,1184702,16,Titan Company,TITAN.NS,Stock,Consumer Goods,https://1drv.ms/i/c/8705623eb284e7df/IQS8GwTOCu08Rb4ZsKHt8whaAT_QNGSpOTRbSw38o39P1GI?width=1280&height=800
10-11-2022,2616.012695,2685.449555,2603.135692,2684.359865,1198585,16,Titan Company,TITAN.NS,Stock,Consumer Goods,https://1drv.ms/i/c/8705623eb284e7df/IQS8GwTOCu08Rb4ZsKHt8whaAT_QNGSpOTRbSw38o39P1GI?width=1280&height=800
11-11-2022,2626.710449,2668.907251,2616.557428,2645.728743,833729,16,Titan Company,TITAN.NS,Stock,Consumer Goods,https://1drv.ms/i/c/8705623eb284e7df/IQS8GwTOCu08Rb4ZsKHt8whaAT_QNGSpOTRbSw38o39P1GI?width=1280&height=800
14-11-2022,2604.918457,2639.785367,2598.380806,2632.851597,565428,16,Titan Company,TITAN.NS,Stock,Consumer Goods,https://1drv.ms/i/c/8705623eb284e7df/IQS8GwTOCu08Rb4ZsKHt8whaAT_QNGSpOTRbSw38o39P1GI?width=1280&height=800
15-11-2022,2631.514404,2643.896137,2596.251374,2617.944073,1033296,16,Titan Company,TITAN.NS,Stock,Consumer Goods,https://1drv.ms/i/c/8705623eb284e7df/IQS8GwTOCu08Rb4ZsKHt8whaAT_QNGSpOTRbSw38o39P1GI?width=1280&height=800
16-11-2022,2619.28125,2652.860412,2605.1165,2633.842119,835064,16,Titan Company,TITAN.NS,Stock,Consumer Goods,https://1drv.ms/i/c/8705623eb284e7df/IQS8GwTOCu08Rb4ZsKHt8whaAT_QNGSpOTRbSw38o39P1GI?width=1280&height=800
17-11-2022,2557.570801,2619.974736,2551.627569,2613.040965,1265647,16,Titan Company,TITAN.NS,Stock,Consumer Goods,https://1drv.ms/i/c/8705623eb284e7df/IQS8GwTOCu08Rb4ZsKHt8whaAT_QNGSpOTRbSw38o39P1GI?width=1280&height=800
18-11-2022,2541.52417,2558.957505,2520.920917,2555.589771,1038751,16,Titan Company,TITAN.NS,Stock,Consumer Goods,https://1drv.ms/i/c/8705623eb284e7df/IQS8GwTOCu08Rb4ZsKHt8whaAT_QNGSpOTRbSw38o39P1GI?width=1280&height=800
21-11-2022,2549.002686,2554.549557,2515.62134,2527.854589,629040,16,Titan Company,TITAN.NS,Stock,Consumer Goods,https://1drv.ms/i/c/8705623eb284e7df/IQS8GwTOCu08Rb4ZsKHt8whaAT_QNGSpOTRbSw38o39P1GI?width=1280&height=800
22-11-2022,2581.541748,2584.315305,2536.76945,2555.589684,912070,16,Titan Company,TITAN.NS,Stock,Consumer Goods,https://1drv.ms/i/c/8705623eb284e7df/IQS8GwTOCu08Rb4ZsKHt8whaAT_QNGSpOTRbSw38o39P1GI?width=1280&height=800
23-11-2022,2577.134033,2607.593098,2566.287683,2590.209096,992873,16,Titan Company,TITAN.NS,Stock,Consumer Goods,https://1drv.ms/i/c/8705623eb284e7df/IQS8GwTOCu08Rb4ZsKHt8whaAT_QNGSpOTRbSw38o39P1GI?width=1280&height=800
24-11-2022,2585.503906,2593.527366,2567.971421,2586.296386,752066,16,Titan Company,TITAN.NS,Stock,Consumer Goods,https://1drv.ms/i/c/8705623eb284e7df/IQS8GwTOCu08Rb4ZsKHt8whaAT_QNGSpOTRbSw38o39P1GI?width=1280&height=800
25-11-2022,2570.84375,2595.211096,2561.532784,2595.211096,633047,16,Titan Company,TITAN.NS,Stock,Consumer Goods,https://1drv.ms/i/c/8705623eb284e7df/IQS8GwTOCu08Rb4ZsKHt8whaAT_QNGSpOTRbSw38o39P1GI?width=1280&height=800
28-11-2022,2567.723877,2583.82013,2554.59924,2559.948052,665149,16,Titan Company,TITAN.NS,Stock,Consumer Goods,https://1drv.ms/i/c/8705623eb284e7df/IQS8GwTOCu08Rb4ZsKHt8whaAT_QNGSpOTRbSw38o39P1GI?width=1280&height=800
29-11-2022,2589.020508,2615.022148,2570.497483,2572.577469,866621,16,Titan Company,TITAN.NS,Stock,Consumer Goods,https://1drv.ms/i/c/8705623eb284e7df/IQS8GwTOCu08Rb4ZsKHt8whaAT_QNGSpOTRbSw38o39P1GI?width=1280&height=800
30-11-2022,2627.898926,2639.785389,2579.560593,2589.020285,1569918,16,Titan Company,TITAN.NS,Stock,Consumer Goods,https://1drv.ms/i/c/8705623eb284e7df/IQS8GwTOCu08Rb4ZsKHt8whaAT_QNGSpOTRbSw38o39P1GI?width=1280&height=800
01-12-2022,2613.734375,2639.785591,2605.116737,2636.813975,539844,16,Titan Company,TITAN.NS,Stock,Consumer Goods,https://1drv.ms/i/c/8705623eb284e7df/IQS8GwTOCu08Rb4ZsKHt8whaAT_QNGSpOTRbSw38o39P1GI?width=1280&height=800
02-12-2022,2593.131104,2626.314149,2580.353251,2622.946414,731396,16,Titan Company,TITAN.NS,Stock,Consumer Goods,https://1drv.ms/i/c/8705623eb284e7df/IQS8GwTOCu08Rb4ZsKHt8whaAT_QNGSpOTRbSw38o39P1GI?width=1280&height=800
05-12-2022,2590.902344,2605.067095,2564.75222,2604.126132,747114,16,Titan Company,TITAN.NS,Stock,Consumer Goods,https://1drv.ms/i/c/8705623eb284e7df/IQS8GwTOCu08Rb4ZsKHt8whaAT_QNGSpOTRbSw38o39P1GI?width=1280&height=800
06-12-2022,2592.239746,2599.173517,2566.78295,2595.013303,706596,16,Titan Company,TITAN.NS,Stock,Consumer Goods,https://1drv.ms/i/c/8705623eb284e7df/IQS8GwTOCu08Rb4ZsKHt8whaAT_QNGSpOTRbSw38o39P1GI?width=1280&height=800
07-12-2022,2572.280273,2598.925665,2562.226161,2591.546201,712914,16,Titan Company,TITAN.NS,Stock,Consumer Goods,https://1drv.ms/i/c/8705623eb284e7df/IQS8GwTOCu08Rb4ZsKHt8whaAT_QNGSpOTRbSw38o39P1GI?width=1280&height=800
08-12-2022,2559.056641,2589.168919,2554.351582,2572.280429,648288,16,Titan Company,TITAN.NS,Stock,Consumer Goods,https://1drv.ms/i/c/8705623eb284e7df/IQS8GwTOCu08Rb4ZsKHt8whaAT_QNGSpOTRbSw38o39P1GI?width=1280&height=800
09-12-2022,2590.704346,2605.017581,2543.653758,2572.428955,935047,16,Titan Company,TITAN.NS,Stock,Consumer Goods,https://1drv.ms/i/c/8705623eb284e7df/IQS8GwTOCu08Rb4ZsKHt8whaAT_QNGSpOTRbSw38o39P1GI?width=1280&height=800
12-12-2022,2560.195801,2588.77294,2546.675044,2588.77294,726330,16,Titan Company,TITAN.NS,Stock,Consumer Goods,https://1drv.ms/i/c/8705623eb284e7df/IQS8GwTOCu08Rb4ZsKHt8whaAT_QNGSpOTRbSw38o39P1GI?width=1280&height=800
13-12-2022,2551.528564,2575.400644,2540.731789,2572.825147,832740,16,Titan Company,TITAN.NS,Stock,Consumer Goods,https://1drv.ms/i/c/8705623eb284e7df/IQS8GwTOCu08Rb4ZsKHt8whaAT_QNGSpOTRbSw38o39P1GI?width=1280&height=800
14-12-2022,2566.584961,2571.438504,2546.82352,2550.488707,767737,16,Titan Company,TITAN.NS,Stock,Consumer Goods,https://1drv.ms/i/c/8705623eb284e7df/IQS8GwTOCu08Rb4ZsKHt8whaAT_QNGSpOTRbSw38o39P1GI?width=1280&height=800
15-12-2022,2498.832031,2564.158013,2490.759237,2560.542643,1225728,16,Titan Company,TITAN.NS,Stock,Consumer Goods,https://1drv.ms/i/c/8705623eb284e7df/IQS8GwTOCu08Rb4ZsKHt8whaAT_QNGSpOTRbSw38o39P1GI?width=1280&height=800
16-12-2022,2459.358887,2496.157299,2456.535755,2476.346527,1177053,16,Titan Company,TITAN.NS,Stock,Consumer Goods,https://1drv.ms/i/c/8705623eb284e7df/IQS8GwTOCu08Rb4ZsKHt8whaAT_QNGSpOTRbSw38o39P1GI?width=1280&height=800
19-12-2022,2497.940674,2501.357984,2445.342969,2459.705781,572224,16,Titan Company,TITAN.NS,Stock,Consumer Goods,https://1drv.ms/i/c/8705623eb284e7df/IQS8GwTOCu08Rb4ZsKHt8whaAT_QNGSpOTRbSw38o39P1GI?width=1280&height=800
20-12-2022,2484.419189,2493.779972,2458.615853,2492.987493,597902,16,Titan Company,TITAN.NS,Stock,Consumer Goods,https://1drv.ms/i/c/8705623eb284e7df/IQS8GwTOCu08Rb4ZsKHt8whaAT_QNGSpOTRbSw38o39P1GI?width=1280&height=800
21-12-2022,2466.045166,2504.081754,2457.526437,2491.204751,519326,16,Titan Company,TITAN.NS,Stock,Consumer Goods,https://1drv.ms/i/c/8705623eb284e7df/IQS8GwTOCu08Rb4ZsKHt8whaAT_QNGSpOTRbSw38o39P1GI?width=1280&height=800
22-12-2022,2459.507324,2485.459387,2441.67763,2468.224112,557608,16,Titan Company,TITAN.NS,Stock,Consumer Goods,https://1drv.ms/i/c/8705623eb284e7df/IQS8GwTOCu08Rb4ZsKHt8whaAT_QNGSpOTRbSw38o39P1GI?width=1280&height=800
23-12-2022,2459.557129,2481.299405,2431.77247,2444.302688,1310439,16,Titan Company,TITAN.NS,Stock,Consumer Goods,https://1drv.ms/i/c/8705623eb284e7df/IQS8GwTOCu08Rb4ZsKHt8whaAT_QNGSpOTRbSw38o39P1GI?width=1280&height=800
26-12-2022,2457.625732,2488.629401,2446.878291,2464.212718,1076808,16,Titan Company,TITAN.NS,Stock,Consumer Goods,https://1drv.ms/i/c/8705623eb284e7df/IQS8GwTOCu08Rb4ZsKHt8whaAT_QNGSpOTRbSw38o39P1GI?width=1280&height=800
27-12-2022,2479.863281,2496.058444,2462.083159,2474.365743,791283,16,Titan Company,TITAN.NS,Stock,Consumer Goods,https://1drv.ms/i/c/8705623eb284e7df/IQS8GwTOCu08Rb4ZsKHt8whaAT_QNGSpOTRbSw38o39P1GI?width=1280&height=800
28-12-2022,2555.738037,2571.43817,2473.87012,2479.120023,2443430,16,Titan Company,TITAN.NS,Stock,Consumer Goods,https://1drv.ms/i/c/8705623eb284e7df/IQS8GwTOCu08Rb4ZsKHt8whaAT_QNGSpOTRbSw38o39P1GI?width=1280&height=800
29-12-2022,2529.092773,2564.356046,2518.147273,2530.826216,1583143,16,Titan Company,TITAN.NS,Stock,Consumer Goods,https://1drv.ms/i/c/8705623eb284e7df/IQS8GwTOCu08Rb4ZsKHt8whaAT_QNGSpOTRbSw38o39P1GI?width=1280&height=800
30-12-2022,2572.924072,2585.305805,2528.894679,2539.741028,1057182,16,Titan Company,TITAN.NS,Stock,Consumer Goods,https://1drv.ms/i/c/8705623eb284e7df/IQS8GwTOCu08Rb4ZsKHt8whaAT_QNGSpOTRbSw38o39P1GI?width=1280&height=800
02-01-2023,2541.474365,2591.248929,2532.609093,2582.334082,697408,16,Titan Company,TITAN.NS,Stock,Consumer Goods,https://1drv.ms/i/c/8705623eb284e7df/IQS8GwTOCu08Rb4ZsKHt8whaAT_QNGSpOTRbSw38o39P1GI?width=1280&height=800
03-01-2023,2588.871826,2594.220638,2530.875742,2543.703169,852511,16,Titan Company,TITAN.NS,Stock,Consumer Goods,https://1drv.ms/i/c/8705623eb284e7df/IQS8GwTOCu08Rb4ZsKHt8whaAT_QNGSpOTRbSw38o39P1GI?width=1280&height=800
04-01-2023,2572.973877,2601.40229,2561.136988,2594.022825,832054,16,Titan Company,TITAN.NS,Stock,Consumer Goods,https://1drv.ms/i/c/8705623eb284e7df/IQS8GwTOCu08Rb4ZsKHt8whaAT_QNGSpOTRbSw38o39P1GI?width=1280&height=800
05-01-2023,2537.859131,2595.211221,2519.5835,2566.485601,1544601,16,Titan Company,TITAN.NS,Stock,Consumer Goods,https://1drv.ms/i/c/8705623eb284e7df/IQS8GwTOCu08Rb4ZsKHt8whaAT_QNGSpOTRbSw38o39P1GI?width=1280&height=800
06-01-2023,2514.086182,2559.947927,2493.18572,2535.778881,879019,16,Titan Company,TITAN.NS,Stock,Consumer Goods,https://1drv.ms/i/c/8705623eb284e7df/IQS8GwTOCu08Rb4ZsKHt8whaAT_QNGSpOTRbSw38o39P1GI?width=1280&height=800
09-01-2023,2461.141602,2506.013048,2444.451171,2506.013048,2324487,16,Titan Company,TITAN.NS,Stock,Consumer Goods,https://1drv.ms/i/c/8705623eb284e7df/IQS8GwTOCu08Rb4ZsKHt8whaAT_QNGSpOTRbSw38o39P1GI?width=1280&height=800
10-01-2023,2444.847412,2475.05884,2432.762889,2471.393896,948787,16,Titan Company,TITAN.NS,Stock,Consumer Goods,https://1drv.ms/i/c/8705623eb284e7df/IQS8GwTOCu08Rb4ZsKHt8whaAT_QNGSpOTRbSw38o39P1GI?width=1280&height=800
11-01-2023,2414.338867,2465.054641,2407.999516,2449.602141,1000412,16,Titan Company,TITAN.NS,Stock,Consumer Goods,https://1drv.ms/i/c/8705623eb284e7df/IQS8GwTOCu08Rb4ZsKHt8whaAT_QNGSpOTRbSw38o39P1GI?width=1280&height=800
12-01-2023,2423.451904,2451.583105,2408.989944,2426.819639,874520,16,Titan Company,TITAN.NS,Stock,Consumer Goods,https://1drv.ms/i/c/8705623eb284e7df/IQS8GwTOCu08Rb4ZsKHt8whaAT_QNGSpOTRbSw38o39P1GI?width=1280&height=800
13-01-2023,2394.330078,2433.654416,2377.292861,2433.654416,1416869,16,Titan Company,TITAN.NS,Stock,Consumer Goods,https://1drv.ms/i/c/8705623eb284e7df/IQS8GwTOCu08Rb4ZsKHt8whaAT_QNGSpOTRbSw38o39P1GI?width=1280&height=800
16-01-2023,2383.087646,2411.763694,2369.368589,2405.027982,737012,16,Titan Company,TITAN.NS,Stock,Consumer Goods,https://1drv.ms/i/c/8705623eb284e7df/IQS8GwTOCu08Rb4ZsKHt8whaAT_QNGSpOTRbSw38o39P1GI?width=1280&height=800
17-01-2023,2385.16748,2395.023292,2363.425206,2382.24544,926137,16,Titan Company,TITAN.NS,Stock,Consumer Goods,https://1drv.ms/i/c/8705623eb284e7df/IQS8GwTOCu08Rb4ZsKHt8whaAT_QNGSpOTRbSw38o39P1GI?width=1280&height=800
18-01-2023,2401.164795,2406.860392,2389.97166,2395.122413,601233,16,Titan Company,TITAN.NS,Stock,Consumer Goods,https://1drv.ms/i/c/8705623eb284e7df/IQS8GwTOCu08Rb4ZsKHt8whaAT_QNGSpOTRbSw38o39P1GI?width=1280&height=800
19-01-2023,2362.484131,2388.981038,2344.80292,2369.863595,1116874,16,Titan Company,TITAN.NS,Stock,Consumer Goods,https://1drv.ms/i/c/8705623eb284e7df/IQS8GwTOCu08Rb4ZsKHt8whaAT_QNGSpOTRbSw38o39P1GI?width=1280&height=800
20-01-2023,2348.864258,2374.271476,2330.737353,2367.337706,1229902,16,Titan Company,TITAN.NS,Stock,Consumer Goods,https://1drv.ms/i/c/8705623eb284e7df/IQS8GwTOCu08Rb4ZsKHt8whaAT_QNGSpOTRbSw38o39P1GI?width=1280&height=800
23-01-2023,2342.32666,2361.741314,2333.312904,2361.394529,932554,16,Titan Company,TITAN.NS,Stock,Consumer Goods,https://1drv.ms/i/c/8705623eb284e7df/IQS8GwTOCu08Rb4ZsKHt8whaAT_QNGSpOTRbSw38o39P1GI?width=1280&height=800
24-01-2023,2348.319336,2367.981623,2341.633201,2350.052778,714000,16,Titan Company,TITAN.NS,Stock,Consumer Goods,https://1drv.ms/i/c/8705623eb284e7df/IQS8GwTOCu08Rb4ZsKHt8whaAT_QNGSpOTRbSw38o39P1GI?width=1280&height=800
25-01-2023,2334.303467,2347.576588,2311.471503,2347.576588,650664,16,Titan Company,TITAN.NS,Stock,Consumer Goods,https://1drv.ms/i/c/8705623eb284e7df/IQS8GwTOCu08Rb4ZsKHt8whaAT_QNGSpOTRbSw38o39P1GI?width=1280&height=800
27-01-2023,2309.193359,2345.991776,2280.814522,2345.991776,1238620,16,Titan Company,TITAN.NS,Stock,Consumer Goods,https://1drv.ms/i/c/8705623eb284e7df/IQS8GwTOCu08Rb4ZsKHt8whaAT_QNGSpOTRbSw38o39P1GI?width=1280&height=800
30-01-2023,2313.452637,2320.683617,2265.411511,2309.936176,1401847,16,Titan Company,TITAN.NS,Stock,Consumer Goods,https://1drv.ms/i/c/8705623eb284e7df/IQS8GwTOCu08Rb4ZsKHt8whaAT_QNGSpOTRbSw38o39P1GI?width=1280&height=800
31-01-2023,2354.658691,2363.870749,2313.55134,2324.79405,1252600,16,Titan Company,TITAN.NS,Stock,Consumer Goods,https://1drv.ms/i/c/8705623eb284e7df/IQS8GwTOCu08Rb4ZsKHt8whaAT_QNGSpOTRbSw38o39P1GI?width=1280&height=800
01-02-2023,2323.704346,2386.999906,2278.288297,2385.761733,1521514,16,Titan Company,TITAN.NS,Stock,Consumer Goods,https://1drv.ms/i/c/8705623eb284e7df/IQS8GwTOCu08Rb4ZsKHt8whaAT_QNGSpOTRbSw38o39P1GI?width=1280&height=800
02-02-2023,2286.262451,2362.43478,2248.126712,2318.900653,1788381,16,Titan Company,TITAN.NS,Stock,Consumer Goods,https://1drv.ms/i/c/8705623eb284e7df/IQS8GwTOCu08Rb4ZsKHt8whaAT_QNGSpOTRbSw38o39P1GI?width=1280&height=800
03-02-2023,2439.795654,2446.630274,2298.148638,2298.148638,3693638,16,Titan Company,TITAN.NS,Stock,Consumer Goods,https://1drv.ms/i/c/8705623eb284e7df/IQS8GwTOCu08Rb4ZsKHt8whaAT_QNGSpOTRbSw38o39P1GI?width=1280&height=800
06-02-2023,2434.743896,2456.486171,2424.442392,2451.434569,1049075,16,Titan Company,TITAN.NS,Stock,Consumer Goods,https://1drv.ms/i/c/8705623eb284e7df/IQS8GwTOCu08Rb4ZsKHt8whaAT_QNGSpOTRbSw38o39P1GI?width=1280&height=800
07-02-2023,2423.748779,2436.477297,2409.089002,2433.059987,563195,16,Titan Company,TITAN.NS,Stock,Consumer Goods,https://1drv.ms/i/c/8705623eb284e7df/IQS8GwTOCu08Rb4ZsKHt8whaAT_QNGSpOTRbSw38o39P1GI?width=1280&height=800
08-02-2023,2443.411133,2456.535769,2423.847995,2423.847995,539085,16,Titan Company,TITAN.NS,Stock,Consumer Goods,https://1drv.ms/i/c/8705623eb284e7df/IQS8GwTOCu08Rb4ZsKHt8whaAT_QNGSpOTRbSw38o39P1GI?width=1280&height=800
09-02-2023,2439.251221,2452.227133,2428.40487,2443.65907,464715,16,Titan Company,TITAN.NS,Stock,Consumer Goods,https://1drv.ms/i/c/8705623eb284e7df/IQS8GwTOCu08Rb4ZsKHt8whaAT_QNGSpOTRbSw38o39P1GI?width=1280&height=800
10-02-2023,2445.144775,2448.611661,2418.945075,2428.800887,597337,16,Titan Company,TITAN.NS,Stock,Consumer Goods,https://1drv.ms/i/c/8705623eb284e7df/IQS8GwTOCu08Rb4ZsKHt8whaAT_QNGSpOTRbSw38o39P1GI?width=1280&height=800
13-02-2023,2495.216309,2500.069851,2452.722058,2456.535728,1856317,16,Titan Company,TITAN.NS,Stock,Consumer Goods,https://1drv.ms/i/c/8705623eb284e7df/IQS8GwTOCu08Rb4ZsKHt8whaAT_QNGSpOTRbSw38o39P1GI?width=1280&height=800
14-02-2023,2483.181396,2505.022823,2456.536002,2505.022823,843477,16,Titan Company,TITAN.NS,Stock,Consumer Goods,https://1drv.ms/i/c/8705623eb284e7df/IQS8GwTOCu08Rb4ZsKHt8whaAT_QNGSpOTRbSw38o39P1GI?width=1280&height=800
15-02-2023,2500.416748,2504.329327,2459.804664,2479.763921,707224,16,Titan Company,TITAN.NS,Stock,Consumer Goods,https://1drv.ms/i/c/8705623eb284e7df/IQS8GwTOCu08Rb4ZsKHt8whaAT_QNGSpOTRbSw38o39P1GI?width=1280&height=800
16-02-2023,2498.534668,2521.564692,2494.275545,2506.062859,704946,16,Titan Company,TITAN.NS,Stock,Consumer Goods,https://1drv.ms/i/c/8705623eb284e7df/IQS8GwTOCu08Rb4ZsKHt8whaAT_QNGSpOTRbSw38o39P1GI?width=1280&height=800
17-02-2023,2476.643799,2521.762882,2472.384434,2491.204668,607239,16,Titan Company,TITAN.NS,Stock,Consumer Goods,https://1drv.ms/i/c/8705623eb284e7df/IQS8GwTOCu08Rb4ZsKHt8whaAT_QNGSpOTRbSw38o39P1GI?width=1280&height=800
20-02-2023,2450.740967,2483.527891,2442.965384,2476.346486,460090,16,Titan Company,TITAN.NS,Stock,Consumer Goods,https://1drv.ms/i/c/8705623eb284e7df/IQS8GwTOCu08Rb4ZsKHt8whaAT_QNGSpOTRbSw38o39P1GI?width=1280&height=800
21-02-2023,2440.29126,2462.429655,2427.315106,2462.429655,750272,16,Titan Company,TITAN.NS,Stock,Consumer Goods,https://1drv.ms/i/c/8705623eb284e7df/IQS8GwTOCu08Rb4ZsKHt8whaAT_QNGSpOTRbSw38o39P1GI?width=1280&height=800
22-02-2023,2408.544434,2439.498768,2391.55655,2428.751326,1098118,16,Titan Company,TITAN.NS,Stock,Consumer Goods,https://1drv.ms/i/c/8705623eb284e7df/IQS8GwTOCu08Rb4ZsKHt8whaAT_QNGSpOTRbSw38o39P1GI?width=1280&height=800
23-02-2023,2371.844727,2409.485194,2357.481917,2409.485194,1602078,16,Titan Company,TITAN.NS,Stock,Consumer Goods,https://1drv.ms/i/c/8705623eb284e7df/IQS8GwTOCu08Rb4ZsKHt8whaAT_QNGSpOTRbSw38o39P1GI?width=1280&height=800
24-02-2023,2376.401611,2390.912907,2355.451572,2377.292999,1145691,16,Titan Company,TITAN.NS,Stock,Consumer Goods,https://1drv.ms/i/c/8705623eb284e7df/IQS8GwTOCu08Rb4ZsKHt8whaAT_QNGSpOTRbSw38o39P1GI?width=1280&height=800
27-02-2023,2378.283447,2389.179373,2351.142783,2376.40152,862629,16,Titan Company,TITAN.NS,Stock,Consumer Goods,https://1drv.ms/i/c/8705623eb284e7df/IQS8GwTOCu08Rb4ZsKHt8whaAT_QNGSpOTRbSw38o39P1GI?width=1280&height=800
28-02-2023,2350.350098,2402.056166,2341.237191,2378.382389,1430349,16,Titan Company,TITAN.NS,Stock,Consumer Goods,https://1drv.ms/i/c/8705623eb284e7df/IQS8GwTOCu08Rb4ZsKHt8whaAT_QNGSpOTRbSw38o39P1GI?width=1280&height=800
01-03-2023,2359.859131,2373.380128,2343.961179,2347.576549,479935,16,Titan Company,TITAN.NS,Stock,Consumer Goods,https://1drv.ms/i/c/8705623eb284e7df/IQS8GwTOCu08Rb4ZsKHt8whaAT_QNGSpOTRbSw38o39P1GI?width=1280&height=800
02-03-2023,2336.631104,2371.646742,2329.499274,2359.809853,529609,16,Titan Company,TITAN.NS,Stock,Consumer Goods,https://1drv.ms/i/c/8705623eb284e7df/IQS8GwTOCu08Rb4ZsKHt8whaAT_QNGSpOTRbSw38o39P1GI?width=1280&height=800
03-03-2023,2373.429688,2379.273769,2335.987279,2347.576533,710845,16,Titan Company,TITAN.NS,Stock,Consumer Goods,https://1drv.ms/i/c/8705623eb284e7df/IQS8GwTOCu08Rb4ZsKHt8whaAT_QNGSpOTRbSw38o39P1GI?width=1280&height=800
06-03-2023,2380.709961,2403.442774,2369.962762,2389.723959,682556,16,Titan Company,TITAN.NS,Stock,Consumer Goods,https://1drv.ms/i/c/8705623eb284e7df/IQS8GwTOCu08Rb4ZsKHt8whaAT_QNGSpOTRbSw38o39P1GI?width=1280&height=800
08-03-2023,2374.420166,2378.481229,2349.805185,2373.726596,858496,16,Titan Company,TITAN.NS,Stock,Consumer Goods,https://1drv.ms/i/c/8705623eb284e7df/IQS8GwTOCu08Rb4ZsKHt8whaAT_QNGSpOTRbSw38o39P1GI?width=1280&height=800
09-03-2023,2345.843262,2385.167599,2342.624011,2378.085345,601071,16,Titan Company,TITAN.NS,Stock,Consumer Goods,https://1drv.ms/i/c/8705623eb284e7df/IQS8GwTOCu08Rb4ZsKHt8whaAT_QNGSpOTRbSw38o39P1GI?width=1280&height=800
10-03-2023,2353.024658,2357.432507,2315.879457,2332.570131,543004,16,Titan Company,TITAN.NS,Stock,Consumer Goods,https://1drv.ms/i/c/8705623eb284e7df/IQS8GwTOCu08Rb4ZsKHt8whaAT_QNGSpOTRbSw38o39P1GI?width=1280&height=800
13-03-2023,2309.936279,2354.460946,2299.040353,2350.300732,631722,16,Titan Company,TITAN.NS,Stock,Consumer Goods,https://1drv.ms/i/c/8705623eb284e7df/IQS8GwTOCu08Rb4ZsKHt8whaAT_QNGSpOTRbSw38o39P1GI?width=1280&height=800
14-03-2023,2333.312744,2369.219767,2306.815837,2314.839055,1470817,16,Titan Company,TITAN.NS,Stock,Consumer Goods,https://1drv.ms/i/c/8705623eb284e7df/IQS8GwTOCu08Rb4ZsKHt8whaAT_QNGSpOTRbSw38o39P1GI?width=1280&height=800
15-03-2023,2376.401611,2391.012058,2357.432649,2357.482224,1656307,16,Titan Company,TITAN.NS,Stock,Consumer Goods,https://1drv.ms/i/c/8705623eb284e7df/IQS8GwTOCu08Rb4ZsKHt8whaAT_QNGSpOTRbSw38o39P1GI?width=1280&height=800
16-03-2023,2427.166504,2458.516956,2390.169788,2390.665058,2317115,16,Titan Company,TITAN.NS,Stock,Consumer Goods,https://1drv.ms/i/c/8705623eb284e7df/IQS8GwTOCu08Rb4ZsKHt8whaAT_QNGSpOTRbSw38o39P1GI?width=1280&height=800
17-03-2023,2432.41626,2450.592742,2424.244315,2443.807455,1625905,16,Titan Company,TITAN.NS,Stock,Consumer Goods,https://1drv.ms/i/c/8705623eb284e7df/IQS8GwTOCu08Rb4ZsKHt8whaAT_QNGSpOTRbSw38o39P1GI?width=1280&height=800
20-03-2023,2436.675537,2451.533617,2418.449722,2438.70619,918922,16,Titan Company,TITAN.NS,Stock,Consumer Goods,https://1drv.ms/i/c/8705623eb284e7df/IQS8GwTOCu08Rb4ZsKHt8whaAT_QNGSpOTRbSw38o39P1GI?width=1280&height=800
21-03-2023,2490.263916,2497.692956,2444.699135,2451.583331,1652107,16,Titan Company,TITAN.NS,Stock,Consumer Goods,https://1drv.ms/i/c/8705623eb284e7df/IQS8GwTOCu08Rb4ZsKHt8whaAT_QNGSpOTRbSw38o39P1GI?width=1280&height=800
22-03-2023,2484.419189,2500.119322,2471.393704,2494.126516,754732,16,Titan Company,TITAN.NS,Stock,Consumer Goods,https://1drv.ms/i/c/8705623eb284e7df/IQS8GwTOCu08Rb4ZsKHt8whaAT_QNGSpOTRbSw38o39P1GI?width=1280&height=800
23-03-2023,2495.216309,2504.081581,2470.452844,2486.251886,610778,16,Titan Company,TITAN.NS,Stock,Consumer Goods,https://1drv.ms/i/c/8705623eb284e7df/IQS8GwTOCu08Rb4ZsKHt8whaAT_QNGSpOTRbSw38o39P1GI?width=1280&height=800
24-03-2023,2469.759766,2495.860315,2451.533708,2492.98785,838919,16,Titan Company,TITAN.NS,Stock,Consumer Goods,https://1drv.ms/i/c/8705623eb284e7df/IQS8GwTOCu08Rb4ZsKHt8whaAT_QNGSpOTRbSw38o39P1GI?width=1280&height=800
27-03-2023,2470.799561,2486.252061,2443.460838,2456.5359,728727,16,Titan Company,TITAN.NS,Stock,Consumer Goods,https://1drv.ms/i/c/8705623eb284e7df/IQS8GwTOCu08Rb4ZsKHt8whaAT_QNGSpOTRbSw38o39P1GI?width=1280&height=800
28-03-2023,2476.643799,2483.428843,2470.304206,2479.219054,599191,16,Titan Company,TITAN.NS,Stock,Consumer Goods,https://1drv.ms/i/c/8705623eb284e7df/IQS8GwTOCu08Rb4ZsKHt8whaAT_QNGSpOTRbSw38o39P1GI?width=1280&height=800
29-03-2023,2491.254395,2501.110206,2470.403507,2476.643949,710603,16,Titan Company,TITAN.NS,Stock,Consumer Goods,https://1drv.ms/i/c/8705623eb284e7df/IQS8GwTOCu08Rb4ZsKHt8whaAT_QNGSpOTRbSw38o39P1GI?width=1280&height=800
31-03-2023,2491.105469,2512.748834,2476.34654,2503.041507,848456,16,Titan Company,TITAN.NS,Stock,Consumer Goods,https://1drv.ms/i/c/8705623eb284e7df/IQS8GwTOCu08Rb4ZsKHt8whaAT_QNGSpOTRbSw38o39P1GI?width=1280&height=800
03-04-2023,2513.392822,2520.574228,2489.520984,2502.001627,701713,16,Titan Company,TITAN.NS,Stock,Consumer Goods,https://1drv.ms/i/c/8705623eb284e7df/IQS8GwTOCu08Rb4ZsKHt8whaAT_QNGSpOTRbSw38o39P1GI?width=1280&height=800
05-04-2023,2548.358887,2557.075676,2525.972857,2535.779093,1438377,16,Titan Company,TITAN.NS,Stock,Consumer Goods,https://1drv.ms/i/c/8705623eb284e7df/IQS8GwTOCu08Rb4ZsKHt8whaAT_QNGSpOTRbSw38o39P1GI?width=1280&height=800
06-04-2023,2524.338135,2559.551832,2520.920825,2558.561293,1192271,16,Titan Company,TITAN.NS,Stock,Consumer Goods,https://1drv.ms/i/c/8705623eb284e7df/IQS8GwTOCu08Rb4ZsKHt8whaAT_QNGSpOTRbSw38o39P1GI?width=1280&height=800
10-04-2023,2559.254639,2577.381544,2536.819035,2543.70323,1497452,16,Titan Company,TITAN.NS,Stock,Consumer Goods,https://1drv.ms/i/c/8705623eb284e7df/IQS8GwTOCu08Rb4ZsKHt8whaAT_QNGSpOTRbSw38o39P1GI?width=1280&height=800
11-04-2023,2555.639404,2578.867488,2551.627674,2559.254774,820568,16,Titan Company,TITAN.NS,Stock,Consumer Goods,https://1drv.ms/i/c/8705623eb284e7df/IQS8GwTOCu08Rb4ZsKHt8whaAT_QNGSpOTRbSw38o39P1GI?width=1280&height=800
12-04-2023,2563.414795,2568.912333,2539.889503,2555.639212,553807,16,Titan Company,TITAN.NS,Stock,Consumer Goods,https://1drv.ms/i/c/8705623eb284e7df/IQS8GwTOCu08Rb4ZsKHt8whaAT_QNGSpOTRbSw38o39P1GI?width=1280&height=800
13-04-2023,2561.186035,2575.350786,2552.915183,2563.513898,481459,16,Titan Company,TITAN.NS,Stock,Consumer Goods,https://1drv.ms/i/c/8705623eb284e7df/IQS8GwTOCu08Rb4ZsKHt8whaAT_QNGSpOTRbSw38o39P1GI?width=1280&height=800
17-04-2023,2580.947754,2587.53474,2557.868154,2575.40064,1044487,16,Titan Company,TITAN.NS,Stock,Consumer Goods,https://1drv.ms/i/c/8705623eb284e7df/IQS8GwTOCu08Rb4ZsKHt8whaAT_QNGSpOTRbSw38o39P1GI?width=1280&height=800
18-04-2023,2553.311523,2582.978109,2535.878188,2578.421776,674756,16,Titan Company,TITAN.NS,Stock,Consumer Goods,https://1drv.ms/i/c/8705623eb284e7df/IQS8GwTOCu08Rb4ZsKHt8whaAT_QNGSpOTRbSw38o39P1GI?width=1280&height=800
19-04-2023,2544.990967,2571.388725,2537.759986,2555.639257,687292,16,Titan Company,TITAN.NS,Stock,Consumer Goods,https://1drv.ms/i/c/8705623eb284e7df/IQS8GwTOCu08Rb4ZsKHt8whaAT_QNGSpOTRbSw38o39P1GI?width=1280&height=800
20-04-2023,2554.846924,2594.220837,2546.17971,2553.261965,995472,16,Titan Company,TITAN.NS,Stock,Consumer Goods,https://1drv.ms/i/c/8705623eb284e7df/IQS8GwTOCu08Rb4ZsKHt8whaAT_QNGSpOTRbSw38o39P1GI?width=1280&height=800
21-04-2023,2544.000244,2570.001881,2535.035822,2569.060918,409932,16,Titan Company,TITAN.NS,Stock,Consumer Goods,https://1drv.ms/i/c/8705623eb284e7df/IQS8GwTOCu08Rb4ZsKHt8whaAT_QNGSpOTRbSw38o39P1GI?width=1280&height=800
24-04-2023,2604.670898,2611.455943,2545.684275,2546.773964,1026391,16,Titan Company,TITAN.NS,Stock,Consumer Goods,https://1drv.ms/i/c/8705623eb284e7df/IQS8GwTOCu08Rb4ZsKHt8whaAT_QNGSpOTRbSw38o39P1GI?width=1280&height=800
25-04-2023,2608.286377,2612.050472,2590.209046,2609.920911,630987,16,Titan Company,TITAN.NS,Stock,Consumer Goods,https://1drv.ms/i/c/8705623eb284e7df/IQS8GwTOCu08Rb4ZsKHt8whaAT_QNGSpOTRbSw38o39P1GI?width=1280&height=800
26-04-2023,2616.012695,2622.599681,2600.80783,2608.088386,631279,16,Titan Company,TITAN.NS,Stock,Consumer Goods,https://1drv.ms/i/c/8705623eb284e7df/IQS8GwTOCu08Rb4ZsKHt8whaAT_QNGSpOTRbSw38o39P1GI?width=1280&height=800
27-04-2023,2638.250244,2648.700476,2606.602581,2616.012699,620037,16,Titan Company,TITAN.NS,Stock,Consumer Goods,https://1drv.ms/i/c/8705623eb284e7df/IQS8GwTOCu08Rb4ZsKHt8whaAT_QNGSpOTRbSw38o39P1GI?width=1280&height=800
28-04-2023,2616.854736,2653.950362,2594.7161,2647.165075,1567472,16,Titan Company,TITAN.NS,Stock,Consumer Goods,https://1drv.ms/i/c/8705623eb284e7df/IQS8GwTOCu08Rb4ZsKHt8whaAT_QNGSpOTRbSw38o39P1GI?width=1280&height=800
02-05-2023,2638.646484,2648.700355,2608.484389,2631.861198,726439,16,Titan Company,TITAN.NS,Stock,Consumer Goods,https://1drv.ms/i/c/8705623eb284e7df/IQS8GwTOCu08Rb4ZsKHt8whaAT_QNGSpOTRbSw38o39P1GI?width=1280&height=800
03-05-2023,2628.938965,2654.148123,2618.092616,2649.6907,808211,16,Titan Company,TITAN.NS,Stock,Consumer Goods,https://1drv.ms/i/c/8705623eb284e7df/IQS8GwTOCu08Rb4ZsKHt8whaAT_QNGSpOTRbSw38o39P1GI?width=1280&height=800
04-05-2023,2645.134033,2668.758474,2631.415219,2654.34609,1936641,16,Titan Company,TITAN.NS,Stock,Consumer Goods,https://1drv.ms/i/c/8705623eb284e7df/IQS8GwTOCu08Rb4ZsKHt8whaAT_QNGSpOTRbSw38o39P1GI?width=1280&height=800
05-05-2023,2707.042969,2739.829895,2641.07324,2645.332605,2190777,16,Titan Company,TITAN.NS,Stock,Consumer Goods,https://1drv.ms/i/c/8705623eb284e7df/IQS8GwTOCu08Rb4ZsKHt8whaAT_QNGSpOTRbSw38o39P1GI?width=1280&height=800
08-05-2023,2725.219727,2743.792328,2707.043244,2707.092819,848638,16,Titan Company,TITAN.NS,Stock,Consumer Goods,https://1drv.ms/i/c/8705623eb284e7df/IQS8GwTOCu08Rb4ZsKHt8whaAT_QNGSpOTRbSw38o39P1GI?width=1280&height=800
09-05-2023,2722.396484,2763.602991,2712.540673,2727.250269,893686,16,Titan Company,TITAN.NS,Stock,Consumer Goods,https://1drv.ms/i/c/8705623eb284e7df/IQS8GwTOCu08Rb4ZsKHt8whaAT_QNGSpOTRbSw38o39P1GI?width=1280&height=800
10-05-2023,2719.474365,2741.513851,2710.311882,2733.886751,522149,16,Titan Company,TITAN.NS,Stock,Consumer Goods,https://1drv.ms/i/c/8705623eb284e7df/IQS8GwTOCu08Rb4ZsKHt8whaAT_QNGSpOTRbSw38o39P1GI?width=1280&height=800
11-05-2023,2731.757324,2738.839579,2718.087841,2731.905808,621067,16,Titan Company,TITAN.NS,Stock,Consumer Goods,https://1drv.ms/i/c/8705623eb284e7df/IQS8GwTOCu08Rb4ZsKHt8whaAT_QNGSpOTRbSw38o39P1GI?width=1280&height=800
12-05-2023,2746.96167,2758.154805,2730.766508,2734.679088,705516,16,Titan Company,TITAN.NS,Stock,Consumer Goods,https://1drv.ms/i/c/8705623eb284e7df/IQS8GwTOCu08Rb4ZsKHt8whaAT_QNGSpOTRbSw38o39P1GI?width=1280&height=800
15-05-2023,2753.251953,2775.58865,2738.096662,2747.754415,772914,16,Titan Company,TITAN.NS,Stock,Consumer Goods,https://1drv.ms/i/c/8705623eb284e7df/IQS8GwTOCu08Rb4ZsKHt8whaAT_QNGSpOTRbSw38o39P1GI?width=1280&height=800
16-05-2023,2763.850342,2774.300572,2748.298934,2758.650014,548885,16,Titan Company,TITAN.NS,Stock,Consumer Goods,https://1drv.ms/i/c/8705623eb284e7df/IQS8GwTOCu08Rb4ZsKHt8whaAT_QNGSpOTRbSw38o39P1GI?width=1280&height=800
17-05-2023,2736.263916,2763.60288,2724.030909,2758.650187,539547,16,Titan Company,TITAN.NS,Stock,Consumer Goods,https://1drv.ms/i/c/8705623eb284e7df/IQS8GwTOCu08Rb4ZsKHt8whaAT_QNGSpOTRbSw38o39P1GI?width=1280&height=800
18-05-2023,2696.097656,2755.678458,2690.402059,2755.678458,612441,16,Titan Company,TITAN.NS,Stock,Consumer Goods,https://1drv.ms/i/c/8705623eb284e7df/IQS8GwTOCu08Rb4ZsKHt8whaAT_QNGSpOTRbSw38o39P1GI?width=1280&height=800
19-05-2023,2676.088623,2694.215529,2657.664749,2694.215529,846419,16,Titan Company,TITAN.NS,Stock,Consumer Goods,https://1drv.ms/i/c/8705623eb284e7df/IQS8GwTOCu08Rb4ZsKHt8whaAT_QNGSpOTRbSw38o39P1GI?width=1280&height=800
22-05-2023,2686.885498,2708.132502,2675.54388,2676.039149,559506,16,Titan Company,TITAN.NS,Stock,Consumer Goods,https://1drv.ms/i/c/8705623eb284e7df/IQS8GwTOCu08Rb4ZsKHt8whaAT_QNGSpOTRbSw38o39P1GI?width=1280&height=800
23-05-2023,2658.061035,2700.604624,2651.969319,2694.215698,713749,16,Titan Company,TITAN.NS,Stock,Consumer Goods,https://1drv.ms/i/c/8705623eb284e7df/IQS8GwTOCu08Rb4ZsKHt8whaAT_QNGSpOTRbSw38o39P1GI?width=1280&height=800
24-05-2023,2681.635742,2696.246187,2644.738178,2649.690871,814553,16,Titan Company,TITAN.NS,Stock,Consumer Goods,https://1drv.ms/i/c/8705623eb284e7df/IQS8GwTOCu08Rb4ZsKHt8whaAT_QNGSpOTRbSw38o39P1GI?width=1280&height=800
25-05-2023,2682.329102,2694.265141,2656.624672,2688.767603,651488,16,Titan Company,TITAN.NS,Stock,Consumer Goods,https://1drv.ms/i/c/8705623eb284e7df/IQS8GwTOCu08Rb4ZsKHt8whaAT_QNGSpOTRbSw38o39P1GI?width=1280&height=800
26-05-2023,2716.205566,2733.589569,2673.612403,2682.329192,811400,16,Titan Company,TITAN.NS,Stock,Consumer Goods,https://1drv.ms/i/c/8705623eb284e7df/IQS8GwTOCu08Rb4ZsKHt8whaAT_QNGSpOTRbSw38o39P1GI?width=1280&height=800
29-05-2023,2785.642334,2795.102027,2719.028609,2719.028609,1107678,16,Titan Company,TITAN.NS,Stock,Consumer Goods,https://1drv.ms/i/c/8705623eb284e7df/IQS8GwTOCu08Rb4ZsKHt8whaAT_QNGSpOTRbSw38o39P1GI?width=1280&height=800
30-05-2023,2775.984619,2815.011746,2771.229985,2802.729163,1263691,16,Titan Company,TITAN.NS,Stock,Consumer Goods,https://1drv.ms/i/c/8705623eb284e7df/IQS8GwTOCu08Rb4ZsKHt8whaAT_QNGSpOTRbSw38o39P1GI?width=1280&height=800
31-05-2023,2796.53833,2805.304694,2763.70207,2775.984652,1394580,16,Titan Company,TITAN.NS,Stock,Consumer Goods,https://1drv.ms/i/c/8705623eb284e7df/IQS8GwTOCu08Rb4ZsKHt8whaAT_QNGSpOTRbSw38o39P1GI?width=1280&height=800
01-06-2023,2800.500488,2810.801994,2788.069179,2796.538334,538550,16,Titan Company,TITAN.NS,Stock,Consumer Goods,https://1drv.ms/i/c/8705623eb284e7df/IQS8GwTOCu08Rb4ZsKHt8whaAT_QNGSpOTRbSw38o39P1GI?width=1280&height=800
02-06-2023,2834.574707,2843.83634,2799.707796,2803.224257,1116501,16,Titan Company,TITAN.NS,Stock,Consumer Goods,https://1drv.ms/i/c/8705623eb284e7df/IQS8GwTOCu08Rb4ZsKHt8whaAT_QNGSpOTRbSw38o39P1GI?width=1280&height=800
05-06-2023,2828.681152,2847.798597,2813.129744,2847.798597,724102,16,Titan Company,TITAN.NS,Stock,Consumer Goods,https://1drv.ms/i/c/8705623eb284e7df/IQS8GwTOCu08Rb4ZsKHt8whaAT_QNGSpOTRbSw38o39P1GI?width=1280&height=800
06-06-2023,2854.187744,2865.628515,2831.25687,2833.8817,1148132,16,Titan Company,TITAN.NS,Stock,Consumer Goods,https://1drv.ms/i/c/8705623eb284e7df/IQS8GwTOCu08Rb4ZsKHt8whaAT_QNGSpOTRbSw38o39P1GI?width=1280&height=800
07-06-2023,2879.446289,2882.46748,2842.845934,2867.609401,862821,16,Titan Company,TITAN.NS,Stock,Consumer Goods,https://1drv.ms/i/c/8705623eb284e7df/IQS8GwTOCu08Rb4ZsKHt8whaAT_QNGSpOTRbSw38o39P1GI?width=1280&height=800
08-06-2023,2849.779785,2894.205542,2843.886128,2879.396795,560514,16,Titan Company,TITAN.NS,Stock,Consumer Goods,https://1drv.ms/i/c/8705623eb284e7df/IQS8GwTOCu08Rb4ZsKHt8whaAT_QNGSpOTRbSw38o39P1GI?width=1280&height=800
09-06-2023,2849.036621,2892.323109,2836.159619,2862.656527,727880,16,Titan Company,TITAN.NS,Stock,Consumer Goods,https://1drv.ms/i/c/8705623eb284e7df/IQS8GwTOCu08Rb4ZsKHt8whaAT_QNGSpOTRbSw38o39P1GI?width=1280&height=800
12-06-2023,2825.610596,2858.149645,2806.443576,2857.654375,1112274,16,Titan Company,TITAN.NS,Stock,Consumer Goods,https://1drv.ms/i/c/8705623eb284e7df/IQS8GwTOCu08Rb4ZsKHt8whaAT_QNGSpOTRbSw38o39P1GI?width=1280&height=800
13-06-2023,2884.943848,2890.39181,2828.087025,2832.841417,776313,16,Titan Company,TITAN.NS,Stock,Consumer Goods,https://1drv.ms/i/c/8705623eb284e7df/IQS8GwTOCu08Rb4ZsKHt8whaAT_QNGSpOTRbSw38o39P1GI?width=1280&height=800
14-06-2023,2879.545654,2900.495452,2869.590692,2892.373082,617700,16,Titan Company,TITAN.NS,Stock,Consumer Goods,https://1drv.ms/i/c/8705623eb284e7df/IQS8GwTOCu08Rb4ZsKHt8whaAT_QNGSpOTRbSw38o39P1GI?width=1280&height=800
15-06-2023,2880.486328,2896.9787,2872.562019,2883.507519,564711,16,Titan Company,TITAN.NS,Stock,Consumer Goods,https://1drv.ms/i/c/8705623eb284e7df/IQS8GwTOCu08Rb4ZsKHt8whaAT_QNGSpOTRbSw38o39P1GI?width=1280&height=800
16-06-2023,2926.348145,2931.994166,2884.250255,2884.250255,1022389,16,Titan Company,TITAN.NS,Stock,Consumer Goods,https://1drv.ms/i/c/8705623eb284e7df/IQS8GwTOCu08Rb4ZsKHt8whaAT_QNGSpOTRbSw38o39P1GI?width=1280&height=800
19-06-2023,2940.513428,2995.785296,2935.313099,2938.928469,1382633,16,Titan Company,TITAN.NS,Stock,Consumer Goods,https://1drv.ms/i/c/8705623eb284e7df/IQS8GwTOCu08Rb4ZsKHt8whaAT_QNGSpOTRbSw38o39P1GI?width=1280&height=800
20-06-2023,2945.862061,2958.09531,2920.405265,2944.574312,672298,16,Titan Company,TITAN.NS,Stock,Consumer Goods,https://1drv.ms/i/c/8705623eb284e7df/IQS8GwTOCu08Rb4ZsKHt8whaAT_QNGSpOTRbSw38o39P1GI?width=1280&height=800
21-06-2023,2942.989502,2956.757893,2930.161833,2945.861967,509602,16,Titan Company,TITAN.NS,Stock,Consumer Goods,https://1drv.ms/i/c/8705623eb284e7df/IQS8GwTOCu08Rb4ZsKHt8whaAT_QNGSpOTRbSw38o39P1GI?width=1280&height=800
22-06-2023,2942.147461,2956.510272,2927.834226,2946.85252,496441,16,Titan Company,TITAN.NS,Stock,Consumer Goods,https://1drv.ms/i/c/8705623eb284e7df/IQS8GwTOCu08Rb4ZsKHt8whaAT_QNGSpOTRbSw38o39P1GI?width=1280&height=800
23-06-2023,2911.341553,2952.795692,2904.259298,2944.376113,869340,16,Titan Company,TITAN.NS,Stock,Consumer Goods,https://1drv.ms/i/c/8705623eb284e7df/IQS8GwTOCu08Rb4ZsKHt8whaAT_QNGSpOTRbSw38o39P1GI?width=1280&height=800
26-06-2023,2944.475342,2952.79577,2912.183684,2912.183684,839713,16,Titan Company,TITAN.NS,Stock,Consumer Goods,https://1drv.ms/i/c/8705623eb284e7df/IQS8GwTOCu08Rb4ZsKHt8whaAT_QNGSpOTRbSw38o39P1GI?width=1280&height=800
27-06-2023,2947.545654,2960.917925,2912.876803,2944.871248,913730,16,Titan Company,TITAN.NS,Stock,Consumer Goods,https://1drv.ms/i/c/8705623eb284e7df/IQS8GwTOCu08Rb4ZsKHt8whaAT_QNGSpOTRbSw38o39P1GI?width=1280&height=800
28-06-2023,2999.449951,3015.595536,2956.807217,2966.663028,1525117,16,Titan Company,TITAN.NS,Stock,Consumer Goods,https://1drv.ms/i/c/8705623eb284e7df/IQS8GwTOCu08Rb4ZsKHt8whaAT_QNGSpOTRbSw38o39P1GI?width=1280&height=800
30-06-2023,3018.814941,3038.922924,3000.489977,3017.180649,946112,16,Titan Company,TITAN.NS,Stock,Consumer Goods,https://1drv.ms/i/c/8705623eb284e7df/IQS8GwTOCu08Rb4ZsKHt8whaAT_QNGSpOTRbSw38o39P1GI?width=1280&height=800
03-07-2023,3009.553467,3025.104874,2997.667004,3021.241871,429100,16,Titan Company,TITAN.NS,Stock,Consumer Goods,https://1drv.ms/i/c/8705623eb284e7df/IQS8GwTOCu08Rb4ZsKHt8whaAT_QNGSpOTRbSw38o39P1GI?width=1280&height=800
04-07-2023,3045.559326,3060.76419,3010.246723,3012.723069,1291238,16,Titan Company,TITAN.NS,Stock,Consumer Goods,https://1drv.ms/i/c/8705623eb284e7df/IQS8GwTOCu08Rb4ZsKHt8whaAT_QNGSpOTRbSw38o39P1GI?width=1280&height=800
05-07-2023,3070.52124,3084.438114,3034.019795,3045.906259,643663,16,Titan Company,TITAN.NS,Stock,Consumer Goods,https://1drv.ms/i/c/8705623eb284e7df/IQS8GwTOCu08Rb4ZsKHt8whaAT_QNGSpOTRbSw38o39P1GI?width=1280&height=800
06-07-2023,3077.009033,3082.407662,3052.245568,3070.669683,976956,16,Titan Company,TITAN.NS,Stock,Consumer Goods,https://1drv.ms/i/c/8705623eb284e7df/IQS8GwTOCu08Rb4ZsKHt8whaAT_QNGSpOTRbSw38o39P1GI?width=1280&height=800
07-07-2023,3114.253662,3179.629216,3096.820084,3110.291507,3630808,16,Titan Company,TITAN.NS,Stock,Consumer Goods,https://1drv.ms/i/c/8705623eb284e7df/IQS8GwTOCu08Rb4ZsKHt8whaAT_QNGSpOTRbSw38o39P1GI?width=1280&height=800
10-07-2023,3016.735107,3125.149517,3001.579817,3125.149517,1777220,16,Titan Company,TITAN.NS,Stock,Consumer Goods,https://1drv.ms/i/c/8705623eb284e7df/IQS8GwTOCu08Rb4ZsKHt8whaAT_QNGSpOTRbSw38o39P1GI?width=1280&height=800
11-07-2023,3058.387207,3068.688712,3015.992105,3033.871376,1141925,16,Titan Company,TITAN.NS,Stock,Consumer Goods,https://1drv.ms/i/c/8705623eb284e7df/IQS8GwTOCu08Rb4ZsKHt8whaAT_QNGSpOTRbSw38o39P1GI?width=1280&height=800
12-07-2023,3067.202881,3094.442693,3058.436517,3084.537307,1300168,16,Titan Company,TITAN.NS,Stock,Consumer Goods,https://1drv.ms/i/c/8705623eb284e7df/IQS8GwTOCu08Rb4ZsKHt8whaAT_QNGSpOTRbSw38o39P1GI?width=1280&height=800
13-07-2023,3065.463867,3095.127339,3060.04799,3094.481258,932018,16,Titan Company,TITAN.NS,Stock,Consumer Goods,https://1drv.ms/i/c/8705623eb284e7df/IQS8GwTOCu08Rb4ZsKHt8whaAT_QNGSpOTRbSw38o39P1GI?width=1280&height=800
14-07-2023,3036.446533,3077.985245,3023.577546,3074.308184,721349,16,Titan Company,TITAN.NS,Stock,Consumer Goods,https://1drv.ms/i/c/8705623eb284e7df/IQS8GwTOCu08Rb4ZsKHt8whaAT_QNGSpOTRbSw38o39P1GI?width=1280&height=800
17-07-2023,3014.484619,3053.737662,3001.118758,3050.806155,866575,16,Titan Company,TITAN.NS,Stock,Consumer Goods,https://1drv.ms/i/c/8705623eb284e7df/IQS8GwTOCu08Rb4ZsKHt8whaAT_QNGSpOTRbSw38o39P1GI?width=1280&height=800
18-07-2023,2977.71582,3020.943854,2944.872404,3014.484492,1359863,16,Titan Company,TITAN.NS,Stock,Consumer Goods,https://1drv.ms/i/c/8705623eb284e7df/IQS8GwTOCu08Rb4ZsKHt8whaAT_QNGSpOTRbSw38o39P1GI?width=1280&height=800
19-07-2023,2976.920898,2998.534916,2966.387316,2991.28075,568891,16,Titan Company,TITAN.NS,Stock,Consumer Goods,https://1drv.ms/i/c/8705623eb284e7df/IQS8GwTOCu08Rb4ZsKHt8whaAT_QNGSpOTRbSw38o39P1GI?width=1280&height=800
20-07-2023,2970.610596,2997.739961,2947.456222,2983.479582,1021556,16,Titan Company,TITAN.NS,Stock,Consumer Goods,https://1drv.ms/i/c/8705623eb284e7df/IQS8GwTOCu08Rb4ZsKHt8whaAT_QNGSpOTRbSw38o39P1GI?width=1280&height=800
21-07-2023,2957.691895,2986.21241,2951.431234,2972.051503,599594,16,Titan Company,TITAN.NS,Stock,Consumer Goods,https://1drv.ms/i/c/8705623eb284e7df/IQS8GwTOCu08Rb4ZsKHt8whaAT_QNGSpOTRbSw38o39P1GI?width=1280&height=800
24-07-2023,2960.57373,2974.188028,2932.798525,2959.381281,523141,16,Titan Company,TITAN.NS,Stock,Consumer Goods,https://1drv.ms/i/c/8705623eb284e7df/IQS8GwTOCu08Rb4ZsKHt8whaAT_QNGSpOTRbSw38o39P1GI?width=1280&height=800
25-07-2023,3010.062256,3013.937775,2954.163939,2961.368611,874788,16,Titan Company,TITAN.NS,Stock,Consumer Goods,https://1drv.ms/i/c/8705623eb284e7df/IQS8GwTOCu08Rb4ZsKHt8whaAT_QNGSpOTRbSw38o39P1GI?width=1280&height=800
26-07-2023,2989.541504,3025.862794,2976.274873,3025.862794,588487,16,Titan Company,TITAN.NS,Stock,Consumer Goods,https://1drv.ms/i/c/8705623eb284e7df/IQS8GwTOCu08Rb4ZsKHt8whaAT_QNGSpOTRbSw38o39P1GI?width=1280&height=800
27-07-2023,2983.330811,3005.193265,2964.995967,2995.106578,595544,16,Titan Company,TITAN.NS,Stock,Consumer Goods,https://1drv.ms/i/c/8705623eb284e7df/IQS8GwTOCu08Rb4ZsKHt8whaAT_QNGSpOTRbSw38o39P1GI?width=1280&height=800
28-07-2023,2968.324951,2991.181153,2933.245602,2989.342622,837051,16,Titan Company,TITAN.NS,Stock,Consumer Goods,https://1drv.ms/i/c/8705623eb284e7df/IQS8GwTOCu08Rb4ZsKHt8whaAT_QNGSpOTRbSw38o39P1GI?width=1280&height=800
31-07-2023,2985.268555,2999.081554,2931.55643,2931.55643,656048,16,Titan Company,TITAN.NS,Stock,Consumer Goods,https://1drv.ms/i/c/8705623eb284e7df/IQS8GwTOCu08Rb4ZsKHt8whaAT_QNGSpOTRbSw38o39P1GI?width=1280&height=800
01-08-2023,2983.131592,3008.571634,2969.020421,3005.938299,602288,16,Titan Company,TITAN.NS,Stock,Consumer Goods,https://1drv.ms/i/c/8705623eb284e7df/IQS8GwTOCu08Rb4ZsKHt8whaAT_QNGSpOTRbSw38o39P1GI?width=1280&height=800
02-08-2023,2958.536377,2986.907927,2941.493698,2986.858191,1152335,16,Titan Company,TITAN.NS,Stock,Consumer Goods,https://1drv.ms/i/c/8705623eb284e7df/IQS8GwTOCu08Rb4ZsKHt8whaAT_QNGSpOTRbSw38o39P1GI?width=1280&height=800
03-08-2023,2883.955811,2968.275172,2864.975129,2919.581526,3319847,16,Titan Company,TITAN.NS,Stock,Consumer Goods,https://1drv.ms/i/c/8705623eb284e7df/IQS8GwTOCu08Rb4ZsKHt8whaAT_QNGSpOTRbSw38o39P1GI?width=1280&height=800
04-08-2023,2886.241455,2917.445286,2879.881565,2901.694284,709334,16,Titan Company,TITAN.NS,Stock,Consumer Goods,https://1drv.ms/i/c/8705623eb284e7df/IQS8GwTOCu08Rb4ZsKHt8whaAT_QNGSpOTRbSw38o39P1GI?width=1280&height=800
07-08-2023,2886.440186,2901.69407,2864.428524,2901.69407,580359,16,Titan Company,TITAN.NS,Stock,Consumer Goods,https://1drv.ms/i/c/8705623eb284e7df/IQS8GwTOCu08Rb4ZsKHt8whaAT_QNGSpOTRbSw38o39P1GI?width=1280&height=800
08-08-2023,2902.98584,2913.668629,2886.440036,2899.756159,474417,16,Titan Company,TITAN.NS,Stock,Consumer Goods,https://1drv.ms/i/c/8705623eb284e7df/IQS8GwTOCu08Rb4ZsKHt8whaAT_QNGSpOTRbSw38o39P1GI?width=1280&height=800
09-08-2023,2937.419434,2943.481393,2899.905449,2905.718971,600081,16,Titan Company,TITAN.NS,Stock,Consumer Goods,https://1drv.ms/i/c/8705623eb284e7df/IQS8GwTOCu08Rb4ZsKHt8whaAT_QNGSpOTRbSw38o39P1GI?width=1280&height=800
10-08-2023,2969.865234,2976.771734,2898.762526,2939.506189,970990,16,Titan Company,TITAN.NS,Stock,Consumer Goods,https://1drv.ms/i/c/8705623eb284e7df/IQS8GwTOCu08Rb4ZsKHt8whaAT_QNGSpOTRbSw38o39P1GI?width=1280&height=800
11-08-2023,2998.385986,3048.272085,2961.368875,2969.815733,1823274,16,Titan Company,TITAN.NS,Stock,Consumer Goods,https://1drv.ms/i/c/8705623eb284e7df/IQS8GwTOCu08Rb4ZsKHt8whaAT_QNGSpOTRbSw38o39P1GI?width=1280&height=800
14-08-2023,2991.827148,3001.466698,2969.666763,3001.466698,542561,16,Titan Company,TITAN.NS,Stock,Consumer Goods,https://1drv.ms/i/c/8705623eb284e7df/IQS8GwTOCu08Rb4ZsKHt8whaAT_QNGSpOTRbSw38o39P1GI?width=1280&height=800
16-08-2023,2992.274414,2997.04421,2959.430997,2986.212455,544441,16,Titan Company,TITAN.NS,Stock,Consumer Goods,https://1drv.ms/i/c/8705623eb284e7df/IQS8GwTOCu08Rb4ZsKHt8whaAT_QNGSpOTRbSw38o39P1GI?width=1280&height=800
17-08-2023,3052.545166,3060.196976,2993.168728,2999.131215,1699758,16,Titan Company,TITAN.NS,Stock,Consumer Goods,https://1drv.ms/i/c/8705623eb284e7df/IQS8GwTOCu08Rb4ZsKHt8whaAT_QNGSpOTRbSw38o39P1GI?width=1280&height=800
18-08-2023,3031.378418,3060.246845,3016.02506,3051.402585,860782,16,Titan Company,TITAN.NS,Stock,Consumer Goods,https://1drv.ms/i/c/8705623eb284e7df/IQS8GwTOCu08Rb4ZsKHt8whaAT_QNGSpOTRbSw38o39P1GI?width=1280&height=800
21-08-2023,3059.054199,3063.227892,3030.931085,3031.924833,706621,16,Titan Company,TITAN.NS,Stock,Consumer Goods,https://1drv.ms/i/c/8705623eb284e7df/IQS8GwTOCu08Rb4ZsKHt8whaAT_QNGSpOTRbSw38o39P1GI?width=1280&height=800
22-08-2023,3056.371338,3071.67496,3021.093285,3065.662736,714220,16,Titan Company,TITAN.NS,Stock,Consumer Goods,https://1drv.ms/i/c/8705623eb284e7df/IQS8GwTOCu08Rb4ZsKHt8whaAT_QNGSpOTRbSw38o39P1GI?width=1280&height=800
23-08-2023,3050.805908,3065.712126,3037.191611,3056.370993,602197,16,Titan Company,TITAN.NS,Stock,Consumer Goods,https://1drv.ms/i/c/8705623eb284e7df/IQS8GwTOCu08Rb4ZsKHt8whaAT_QNGSpOTRbSw38o39P1GI?width=1280&height=800
24-08-2023,3042.060791,3080.518783,3037.141788,3056.470134,618626,16,Titan Company,TITAN.NS,Stock,Consumer Goods,https://1drv.ms/i/c/8705623eb284e7df/IQS8GwTOCu08Rb4ZsKHt8whaAT_QNGSpOTRbSw38o39P1GI?width=1280&height=800
25-08-2023,3048.023682,3055.526527,3018.559152,3035.900005,648003,16,Titan Company,TITAN.NS,Stock,Consumer Goods,https://1drv.ms/i/c/8705623eb284e7df/IQS8GwTOCu08Rb4ZsKHt8whaAT_QNGSpOTRbSw38o39P1GI?width=1280&height=800
28-08-2023,3029.490234,3060.693822,3021.689216,3054.78107,471698,16,Titan Company,TITAN.NS,Stock,Consumer Goods,https://1drv.ms/i/c/8705623eb284e7df/IQS8GwTOCu08Rb4ZsKHt8whaAT_QNGSpOTRbSw38o39P1GI?width=1280&height=800
29-08-2023,3060.147217,3070.681042,3024.968638,3032.868885,482639,16,Titan Company,TITAN.NS,Stock,Consumer Goods,https://1drv.ms/i/c/8705623eb284e7df/IQS8GwTOCu08Rb4ZsKHt8whaAT_QNGSpOTRbSw38o39P1GI?width=1280&height=800
30-08-2023,3062.929688,3091.549675,3047.824768,3060.743491,582766,16,Titan Company,TITAN.NS,Stock,Consumer Goods,https://1drv.ms/i/c/8705623eb284e7df/IQS8GwTOCu08Rb4ZsKHt8whaAT_QNGSpOTRbSw38o39P1GI?width=1280&height=800
31-08-2023,3085.040527,3099.449871,3062.929637,3071.525702,1420498,16,Titan Company,TITAN.NS,Stock,Consumer Goods,https://1drv.ms/i/c/8705623eb284e7df/IQS8GwTOCu08Rb4ZsKHt8whaAT_QNGSpOTRbSw38o39P1GI?width=1280&height=800
01-09-2023,3097.313477,3105.362689,3080.618463,3092.493702,423739,16,Titan Company,TITAN.NS,Stock,Consumer Goods,https://1drv.ms/i/c/8705623eb284e7df/IQS8GwTOCu08Rb4ZsKHt8whaAT_QNGSpOTRbSw38o39P1GI?width=1280&height=800
04-09-2023,3080.916748,3105.412537,3067.004277,3097.462554,539813,16,Titan Company,TITAN.NS,Stock,Consumer Goods,https://1drv.ms/i/c/8705623eb284e7df/IQS8GwTOCu08Rb4ZsKHt8whaAT_QNGSpOTRbSw38o39P1GI?width=1280&height=800
05-09-2023,3116.542236,3137.75885,3095.524566,3100.493306,721199,16,Titan Company,TITAN.NS,Stock,Consumer Goods,https://1drv.ms/i/c/8705623eb284e7df/IQS8GwTOCu08Rb4ZsKHt8whaAT_QNGSpOTRbSw38o39P1GI?width=1280&height=800
06-09-2023,3156.193115,3160.664981,3101.338279,3116.542428,1163154,16,Titan Company,TITAN.NS,Stock,Consumer Goods,https://1drv.ms/i/c/8705623eb284e7df/IQS8GwTOCu08Rb4ZsKHt8whaAT_QNGSpOTRbSw38o39P1GI?width=1280&height=800
07-09-2023,3152.963379,3163.049823,3132.293374,3153.16208,805295,16,Titan Company,TITAN.NS,Stock,Consumer Goods,https://1drv.ms/i/c/8705623eb284e7df/IQS8GwTOCu08Rb4ZsKHt8whaAT_QNGSpOTRbSw38o39P1GI?width=1280&height=800
08-09-2023,3179.099121,3184.962137,3152.963502,3162.105934,700158,16,Titan Company,TITAN.NS,Stock,Consumer Goods,https://1drv.ms/i/c/8705623eb284e7df/IQS8GwTOCu08Rb4ZsKHt8whaAT_QNGSpOTRbSw38o39P1GI?width=1280&height=800
11-09-2023,3193.210205,3201.408625,3166.677184,3189.881053,544452,16,Titan Company,TITAN.NS,Stock,Consumer Goods,https://1drv.ms/i/c/8705623eb284e7df/IQS8GwTOCu08Rb4ZsKHt8whaAT_QNGSpOTRbSw38o39P1GI?width=1280&height=800
12-09-2023,3165.88208,3201.010922,3157.733396,3195.942954,591509,16,Titan Company,TITAN.NS,Stock,Consumer Goods,https://1drv.ms/i/c/8705623eb284e7df/IQS8GwTOCu08Rb4ZsKHt8whaAT_QNGSpOTRbSw38o39P1GI?width=1280&height=800
13-09-2023,3242.798096,3249.55563,3158.180559,3158.180559,1370306,16,Titan Company,TITAN.NS,Stock,Consumer Goods,https://1drv.ms/i/c/8705623eb284e7df/IQS8GwTOCu08Rb4ZsKHt8whaAT_QNGSpOTRbSw38o39P1GI?width=1280&height=800
14-09-2023,3240.959961,3281.802856,3219.743345,3257.058629,1264935,16,Titan Company,TITAN.NS,Stock,Consumer Goods,https://1drv.ms/i/c/8705623eb284e7df/IQS8GwTOCu08Rb4ZsKHt8whaAT_QNGSpOTRbSw38o39P1GI?width=1280&height=800
15-09-2023,3228.289551,3243.593172,3218.749474,3241.208274,1397407,16,Titan Company,TITAN.NS,Stock,Consumer Goods,https://1drv.ms/i/c/8705623eb284e7df/IQS8GwTOCu08Rb4ZsKHt8whaAT_QNGSpOTRbSw38o39P1GI?width=1280&height=800
18-09-2023,3318.621094,3331.042942,3226.500712,3236.636892,1423507,16,Titan Company,TITAN.NS,Stock,Consumer Goods,https://1drv.ms/i/c/8705623eb284e7df/IQS8GwTOCu08Rb4ZsKHt8whaAT_QNGSpOTRbSw38o39P1GI?width=1280&height=800
20-09-2023,3285.976318,3328.061638,3279.417728,3293.280462,1201025,16,Titan Company,TITAN.NS,Stock,Consumer Goods,https://1drv.ms/i/c/8705623eb284e7df/IQS8GwTOCu08Rb4ZsKHt8whaAT_QNGSpOTRbSw38o39P1GI?width=1280&height=800
21-09-2023,3283.839844,3301.727305,3265.256807,3279.367978,1091384,16,Titan Company,TITAN.NS,Stock,Consumer Goods,https://1drv.ms/i/c/8705623eb284e7df/IQS8GwTOCu08Rb4ZsKHt8whaAT_QNGSpOTRbSw38o39P1GI?width=1280&height=800
22-09-2023,3254.027588,3278.175711,3241.307566,3278.175711,1019051,16,Titan Company,TITAN.NS,Stock,Consumer Goods,https://1drv.ms/i/c/8705623eb284e7df/IQS8GwTOCu08Rb4ZsKHt8whaAT_QNGSpOTRbSw38o39P1GI?width=1280&height=800
25-09-2023,3263.418457,3294.174907,3240.959899,3254.027588,623515,16,Titan Company,TITAN.NS,Stock,Consumer Goods,https://1drv.ms/i/c/8705623eb284e7df/IQS8GwTOCu08Rb4ZsKHt8whaAT_QNGSpOTRbSw38o39P1GI?width=1280&height=800
26-09-2023,3242.201904,3287.317961,3234.649323,3273.40549,1054827,16,Titan Company,TITAN.NS,Stock,Consumer Goods,https://1drv.ms/i/c/8705623eb284e7df/IQS8GwTOCu08Rb4ZsKHt8whaAT_QNGSpOTRbSw38o39P1GI?width=1280&height=800
27-09-2023,3194.452393,3246.524686,3166.080841,3226.500763,1464192,16,Titan Company,TITAN.NS,Stock,Consumer Goods,https://1drv.ms/i/c/8705623eb284e7df/IQS8GwTOCu08Rb4ZsKHt8whaAT_QNGSpOTRbSw38o39P1GI?width=1280&height=800
28-09-2023,3137.510498,3204.737445,3122.107406,3197.383808,1214383,16,Titan Company,TITAN.NS,Stock,Consumer Goods,https://1drv.ms/i/c/8705623eb284e7df/IQS8GwTOCu08Rb4ZsKHt8whaAT_QNGSpOTRbSw38o39P1GI?width=1280&height=800
29-09-2023,3129.113525,3156.590559,3123.399475,3140.29319,697564,16,Titan Company,TITAN.NS,Stock,Consumer Goods,https://1drv.ms/i/c/8705623eb284e7df/IQS8GwTOCu08Rb4ZsKHt8whaAT_QNGSpOTRbSw38o39P1GI?width=1280&height=800
03-10-2023,3176.266846,3192.41525,3094.92848,3129.113555,1007308,16,Titan Company,TITAN.NS,Stock,Consumer Goods,https://1drv.ms/i/c/8705623eb284e7df/IQS8GwTOCu08Rb4ZsKHt8whaAT_QNGSpOTRbSw38o39P1GI?width=1280&height=800
04-10-2023,3146.851807,3184.962137,3131.299748,3166.080926,486969,16,Titan Company,TITAN.NS,Stock,Consumer Goods,https://1drv.ms/i/c/8705623eb284e7df/IQS8GwTOCu08Rb4ZsKHt8whaAT_QNGSpOTRbSw38o39P1GI?width=1280&height=800
05-10-2023,3196.390137,3210.799481,3145.21212,3154.056379,1109881,16,Titan Company,TITAN.NS,Stock,Consumer Goods,https://1drv.ms/i/c/8705623eb284e7df/IQS8GwTOCu08Rb4ZsKHt8whaAT_QNGSpOTRbSw38o39P1GI?width=1280&height=800
06-10-2023,3289.057129,3299.044344,3200.961474,3209.805733,1102120,16,Titan Company,TITAN.NS,Stock,Consumer Goods,https://1drv.ms/i/c/8705623eb284e7df/IQS8GwTOCu08Rb4ZsKHt8whaAT_QNGSpOTRbSw38o39P1GI?width=1280&height=800
09-10-2023,3247.071289,3275.393104,3228.736689,3274.101184,822467,16,Titan Company,TITAN.NS,Stock,Consumer Goods,https://1drv.ms/i/c/8705623eb284e7df/IQS8GwTOCu08Rb4ZsKHt8whaAT_QNGSpOTRbSw38o39P1GI?width=1280&height=800
10-10-2023,3248.760498,3278.572934,3238.922491,3274.399242,633934,16,Titan Company,TITAN.NS,Stock,Consumer Goods,https://1drv.ms/i/c/8705623eb284e7df/IQS8GwTOCu08Rb4ZsKHt8whaAT_QNGSpOTRbSw38o39P1GI?width=1280&height=800
11-10-2023,3259.98999,3275.393083,3243.59315,3269.132422,546575,16,Titan Company,TITAN.NS,Stock,Consumer Goods,https://1drv.ms/i/c/8705623eb284e7df/IQS8GwTOCu08Rb4ZsKHt8whaAT_QNGSpOTRbSw38o39P1GI?width=1280&height=800
12-10-2023,3264.461914,3274.449129,3242.202058,3271.418149,429096,16,Titan Company,TITAN.NS,Stock,Consumer Goods,https://1drv.ms/i/c/8705623eb284e7df/IQS8GwTOCu08Rb4ZsKHt8whaAT_QNGSpOTRbSw38o39P1GI?width=1280&height=800
13-10-2023,3263.219482,3286.32412,3246.127068,3264.461667,920545,16,Titan Company,TITAN.NS,Stock,Consumer Goods,https://1drv.ms/i/c/8705623eb284e7df/IQS8GwTOCu08Rb4ZsKHt8whaAT_QNGSpOTRbSw38o39P1GI?width=1280&height=800
16-10-2023,3280.759033,3308.186571,3254.524187,3263.467918,778014,16,Titan Company,TITAN.NS,Stock,Consumer Goods,https://1drv.ms/i/c/8705623eb284e7df/IQS8GwTOCu08Rb4ZsKHt8whaAT_QNGSpOTRbSw38o39P1GI?width=1280&height=800
17-10-2023,3287.765137,3307.640094,3283.442479,3297.205742,584625,16,Titan Company,TITAN.NS,Stock,Consumer Goods,https://1drv.ms/i/c/8705623eb284e7df/IQS8GwTOCu08Rb4ZsKHt8whaAT_QNGSpOTRbSw38o39P1GI?width=1280&height=800
18-10-2023,3262.226074,3303.367142,3257.008897,3288.510659,324535,16,Titan Company,TITAN.NS,Stock,Consumer Goods,https://1drv.ms/i/c/8705623eb284e7df/IQS8GwTOCu08Rb4ZsKHt8whaAT_QNGSpOTRbSw38o39P1GI?width=1280&height=800
19-10-2023,3264.11377,3280.311908,3218.749277,3249.555461,698767,16,Titan Company,TITAN.NS,Stock,Consumer Goods,https://1drv.ms/i/c/8705623eb284e7df/IQS8GwTOCu08Rb4ZsKHt8whaAT_QNGSpOTRbSw38o39P1GI?width=1280&height=800
20-10-2023,3245.779297,3270.921167,3223.718142,3252.188922,657550,16,Titan Company,TITAN.NS,Stock,Consumer Goods,https://1drv.ms/i/c/8705623eb284e7df/IQS8GwTOCu08Rb4ZsKHt8whaAT_QNGSpOTRbSw38o39P1GI?width=1280&height=800
23-10-2023,3199.619873,3254.47471,3189.632658,3225.904457,566920,16,Titan Company,TITAN.NS,Stock,Consumer Goods,https://1drv.ms/i/c/8705623eb284e7df/IQS8GwTOCu08Rb4ZsKHt8whaAT_QNGSpOTRbSw38o39P1GI?width=1280&height=800
25-10-2023,3167.919434,3216.066472,3159.124667,3195.893341,762466,16,Titan Company,TITAN.NS,Stock,Consumer Goods,https://1drv.ms/i/c/8705623eb284e7df/IQS8GwTOCu08Rb4ZsKHt8whaAT_QNGSpOTRbSw38o39P1GI?width=1280&height=800
26-10-2023,3081.413574,3169.956368,3072.71828,3140.591311,1124281,16,Titan Company,TITAN.NS,Stock,Consumer Goods,https://1drv.ms/i/c/8705623eb284e7df/IQS8GwTOCu08Rb4ZsKHt8whaAT_QNGSpOTRbSw38o39P1GI?width=1280&height=800
27-10-2023,3101.188965,3119.126163,3067.948147,3075.749165,1050608,16,Titan Company,TITAN.NS,Stock,Consumer Goods,https://1drv.ms/i/c/8705623eb284e7df/IQS8GwTOCu08Rb4ZsKHt8whaAT_QNGSpOTRbSw38o39P1GI?width=1280&height=800
30-10-2023,3096.965576,3102.43119,3055.774774,3085.587211,802316,16,Titan Company,TITAN.NS,Stock,Consumer Goods,https://1drv.ms/i/c/8705623eb284e7df/IQS8GwTOCu08Rb4ZsKHt8whaAT_QNGSpOTRbSw38o39P1GI?width=1280&height=800
31-10-2023,3169.708008,3185.757183,3068.544662,3100.096159,1235478,16,Titan Company,TITAN.NS,Stock,Consumer Goods,https://1drv.ms/i/c/8705623eb284e7df/IQS8GwTOCu08Rb4ZsKHt8whaAT_QNGSpOTRbSw38o39P1GI?width=1280&height=800
01-11-2023,3153.55957,3192.812613,3148.541337,3173.881909,756820,16,Titan Company,TITAN.NS,Stock,Consumer Goods,https://1drv.ms/i/c/8705623eb284e7df/IQS8GwTOCu08Rb4ZsKHt8whaAT_QNGSpOTRbSw38o39P1GI?width=1280&height=800
02-11-2023,3181.483887,3208.31508,3160.118307,3179.993265,774180,16,Titan Company,TITAN.NS,Stock,Consumer Goods,https://1drv.ms/i/c/8705623eb284e7df/IQS8GwTOCu08Rb4ZsKHt8whaAT_QNGSpOTRbSw38o39P1GI?width=1280&height=800
03-11-2023,3254.027588,3267.443185,3185.011843,3185.111072,1355614,16,Titan Company,TITAN.NS,Stock,Consumer Goods,https://1drv.ms/i/c/8705623eb284e7df/IQS8GwTOCu08Rb4ZsKHt8whaAT_QNGSpOTRbSw38o39P1GI?width=1280&height=800
06-11-2023,3246.624268,3289.305693,3225.01025,3289.305693,1137606,16,Titan Company,TITAN.NS,Stock,Consumer Goods,https://1drv.ms/i/c/8705623eb284e7df/IQS8GwTOCu08Rb4ZsKHt8whaAT_QNGSpOTRbSw38o39P1GI?width=1280&height=800
07-11-2023,3249.754395,3265.902798,3229.879436,3253.530685,433992,16,Titan Company,TITAN.NS,Stock,Consumer Goods,https://1drv.ms/i/c/8705623eb284e7df/IQS8GwTOCu08Rb4ZsKHt8whaAT_QNGSpOTRbSw38o39P1GI?width=1280&height=800
08-11-2023,3291.144043,3303.019282,3251.741794,3268.436807,632305,16,Titan Company,TITAN.NS,Stock,Consumer Goods,https://1drv.ms/i/c/8705623eb284e7df/IQS8GwTOCu08Rb4ZsKHt8whaAT_QNGSpOTRbSw38o39P1GI?width=1280&height=800
09-11-2023,3263.219482,3300.186854,3254.17628,3300.186854,1317398,16,Titan Company,TITAN.NS,Stock,Consumer Goods,https://1drv.ms/i/c/8705623eb284e7df/IQS8GwTOCu08Rb4ZsKHt8whaAT_QNGSpOTRbSw38o39P1GI?width=1280&height=800
10-11-2023,3235.990967,3254.474532,3202.849378,3242.649029,1170763,16,Titan Company,TITAN.NS,Stock,Consumer Goods,https://1drv.ms/i/c/8705623eb284e7df/IQS8GwTOCu08Rb4ZsKHt8whaAT_QNGSpOTRbSw38o39P1GI?width=1280&height=800
13-11-2023,3244.338379,3257.853447,3230.276944,3254.524295,275538,16,Titan Company,TITAN.NS,Stock,Consumer Goods,https://1drv.ms/i/c/8705623eb284e7df/IQS8GwTOCu08Rb4ZsKHt8whaAT_QNGSpOTRbSw38o39P1GI?width=1280&height=800
15-11-2023,3275.343262,3280.262265,3240.363385,3254.772729,747863,16,Titan Company,TITAN.NS,Stock,Consumer Goods,https://1drv.ms/i/c/8705623eb284e7df/IQS8GwTOCu08Rb4ZsKHt8whaAT_QNGSpOTRbSw38o39P1GI?width=1280&height=800
16-11-2023,3315.093262,3337.005451,3238.872846,3274.796736,1055389,16,Titan Company,TITAN.NS,Stock,Consumer Goods,https://1drv.ms/i/c/8705623eb284e7df/IQS8GwTOCu08Rb4ZsKHt8whaAT_QNGSpOTRbSw38o39P1GI?width=1280&height=800
17-11-2023,3317.975342,3344.955501,3305.901159,3318.124307,633405,16,Titan Company,TITAN.NS,Stock,Consumer Goods,https://1drv.ms/i/c/8705623eb284e7df/IQS8GwTOCu08Rb4ZsKHt8whaAT_QNGSpOTRbSw38o39P1GI?width=1280&height=800
20-11-2023,3324.931396,3332.980609,3291.541371,3317.130379,497379,16,Titan Company,TITAN.NS,Stock,Consumer Goods,https://1drv.ms/i/c/8705623eb284e7df/IQS8GwTOCu08Rb4ZsKHt8whaAT_QNGSpOTRbSw38o39P1GI?width=1280&height=800
21-11-2023,3373.227539,3380.481947,3334.123704,3343.961712,1038863,16,Titan Company,TITAN.NS,Stock,Consumer Goods,https://1drv.ms/i/c/8705623eb284e7df/IQS8GwTOCu08Rb4ZsKHt8whaAT_QNGSpOTRbSw38o39P1GI?width=1280&height=800
22-11-2023,3408.40625,3413.523955,3374.817523,3378.742779,980779,16,Titan Company,TITAN.NS,Stock,Consumer Goods,https://1drv.ms/i/c/8705623eb284e7df/IQS8GwTOCu08Rb4ZsKHt8whaAT_QNGSpOTRbSw38o39P1GI?width=1280&height=800
23-11-2023,3387.090088,3420.430377,3375.065884,3412.430658,517362,16,Titan Company,TITAN.NS,Stock,Consumer Goods,https://1drv.ms/i/c/8705623eb284e7df/IQS8GwTOCu08Rb4ZsKHt8whaAT_QNGSpOTRbSw38o39P1GI?width=1280&height=800
24-11-2023,3375.711914,3397.723576,3361.402041,3384.705381,589530,16,Titan Company,TITAN.NS,Stock,Consumer Goods,https://1drv.ms/i/c/8705623eb284e7df/IQS8GwTOCu08Rb4ZsKHt8whaAT_QNGSpOTRbSw38o39P1GI?width=1280&height=800
28-11-2023,3420.877686,3424.405539,3376.109537,3396.580598,733524,16,Titan Company,TITAN.NS,Stock,Consumer Goods,https://1drv.ms/i/c/8705623eb284e7df/IQS8GwTOCu08Rb4ZsKHt8whaAT_QNGSpOTRbSw38o39P1GI?width=1280&height=800
29-11-2023,3407.859863,3452.131383,3402.592951,3452.131383,819200,16,Titan Company,TITAN.NS,Stock,Consumer Goods,https://1drv.ms/i/c/8705623eb284e7df/IQS8GwTOCu08Rb4ZsKHt8whaAT_QNGSpOTRbSw38o39P1GI?width=1280&height=800
30-11-2023,3468.776367,3478.1175,3400.853604,3409.64837,1480088,16,Titan Company,TITAN.NS,Stock,Consumer Goods,https://1drv.ms/i/c/8705623eb284e7df/IQS8GwTOCu08Rb4ZsKHt8whaAT_QNGSpOTRbSw38o39P1GI?width=1280&height=800
01-12-2023,3467.68335,3478.117703,3448.305265,3477.123955,655263,16,Titan Company,TITAN.NS,Stock,Consumer Goods,https://1drv.ms/i/c/8705623eb284e7df/IQS8GwTOCu08Rb4ZsKHt8whaAT_QNGSpOTRbSw38o39P1GI?width=1280&height=800
04-12-2023,3466.590088,3527.805056,3456.304943,3527.805056,808838,16,Titan Company,TITAN.NS,Stock,Consumer Goods,https://1drv.ms/i/c/8705623eb284e7df/IQS8GwTOCu08Rb4ZsKHt8whaAT_QNGSpOTRbSw38o39P1GI?width=1280&height=800
05-12-2023,3523.134521,3527.805088,3457.248986,3466.59012,713651,16,Titan Company,TITAN.NS,Stock,Consumer Goods,https://1drv.ms/i/c/8705623eb284e7df/IQS8GwTOCu08Rb4ZsKHt8whaAT_QNGSpOTRbSw38o39P1GI?width=1280&height=800
06-12-2023,3524.724365,3551.605295,3500.079611,3527.805081,474140,16,Titan Company,TITAN.NS,Stock,Consumer Goods,https://1drv.ms/i/c/8705623eb284e7df/IQS8GwTOCu08Rb4ZsKHt8whaAT_QNGSpOTRbSw38o39P1GI?width=1280&height=800
07-12-2023,3562.983643,3572.52372,3497.048615,3524.724348,820214,16,Titan Company,TITAN.NS,Stock,Consumer Goods,https://1drv.ms/i/c/8705623eb284e7df/IQS8GwTOCu08Rb4ZsKHt8whaAT_QNGSpOTRbSw38o39P1GI?width=1280&height=800
08-12-2023,3611.925781,3624.148929,3552.648815,3552.648815,1562141,16,Titan Company,TITAN.NS,Stock,Consumer Goods,https://1drv.ms/i/c/8705623eb284e7df/IQS8GwTOCu08Rb4ZsKHt8whaAT_QNGSpOTRbSw38o39P1GI?width=1280&height=800
11-12-2023,3607.801758,3621.8137,3575.803124,3611.826485,620604,16,Titan Company,TITAN.NS,Stock,Consumer Goods,https://1drv.ms/i/c/8705623eb284e7df/IQS8GwTOCu08Rb4ZsKHt8whaAT_QNGSpOTRbSw38o39P1GI?width=1280&height=800
12-12-2023,3549.071045,3621.714111,3540.972097,3614.261002,1075941,16,Titan Company,TITAN.NS,Stock,Consumer Goods,https://1drv.ms/i/c/8705623eb284e7df/IQS8GwTOCu08Rb4ZsKHt8whaAT_QNGSpOTRbSw38o39P1GI?width=1280&height=800
13-12-2023,3579.827881,3587.181518,3530.537887,3562.586258,717618,16,Titan Company,TITAN.NS,Stock,Consumer Goods,https://1drv.ms/i/c/8705623eb284e7df/IQS8GwTOCu08Rb4ZsKHt8whaAT_QNGSpOTRbSw38o39P1GI?width=1280&height=800
14-12-2023,3568.946045,3624.198524,3561.940316,3624.198524,992762,16,Titan Company,TITAN.NS,Stock,Consumer Goods,https://1drv.ms/i/c/8705623eb284e7df/IQS8GwTOCu08Rb4ZsKHt8whaAT_QNGSpOTRbSw38o39P1GI?width=1280&height=800
15-12-2023,3578.039063,3592.398671,3562.387533,3592.398671,906271,16,Titan Company,TITAN.NS,Stock,Consumer Goods,https://1drv.ms/i/c/8705623eb284e7df/IQS8GwTOCu08Rb4ZsKHt8whaAT_QNGSpOTRbSw38o39P1GI?width=1280&height=800
18-12-2023,3596.969971,3644.272225,3571.430456,3578.18799,699850,16,Titan Company,TITAN.NS,Stock,Consumer Goods,https://1drv.ms/i/c/8705623eb284e7df/IQS8GwTOCu08Rb4ZsKHt8whaAT_QNGSpOTRbSw38o39P1GI?width=1280&height=800
19-12-2023,3587.876953,3605.267541,3577.591808,3588.075654,577926,16,Titan Company,TITAN.NS,Stock,Consumer Goods,https://1drv.ms/i/c/8705623eb284e7df/IQS8GwTOCu08Rb4ZsKHt8whaAT_QNGSpOTRbSw38o39P1GI?width=1280&height=800
20-12-2023,3531.879639,3628.670591,3518.861444,3587.877189,849001,16,Titan Company,TITAN.NS,Stock,Consumer Goods,https://1drv.ms/i/c/8705623eb284e7df/IQS8GwTOCu08Rb4ZsKHt8whaAT_QNGSpOTRbSw38o39P1GI?width=1280&height=800
21-12-2023,3557.617676,3576.449151,3496.80035,3502.067262,816722,16,Titan Company,TITAN.NS,Stock,Consumer Goods,https://1drv.ms/i/c/8705623eb284e7df/IQS8GwTOCu08Rb4ZsKHt8whaAT_QNGSpOTRbSw38o39P1GI?width=1280&height=800
22-12-2023,3604.671631,3615.702087,3538.289221,3557.61757,777099,16,Titan Company,TITAN.NS,Stock,Consumer Goods,https://1drv.ms/i/c/8705623eb284e7df/IQS8GwTOCu08Rb4ZsKHt8whaAT_QNGSpOTRbSw38o39P1GI?width=1280&height=800
26-12-2023,3633.837891,3642.086047,3600.795773,3612.27361,526101,16,Titan Company,TITAN.NS,Stock,Consumer Goods,https://1drv.ms/i/c/8705623eb284e7df/IQS8GwTOCu08Rb4ZsKHt8whaAT_QNGSpOTRbSw38o39P1GI?width=1280&height=800
27-12-2023,3666.18457,3671.898621,3622.211224,3645.067427,666625,16,Titan Company,TITAN.NS,Stock,Consumer Goods,https://1drv.ms/i/c/8705623eb284e7df/IQS8GwTOCu08Rb4ZsKHt8whaAT_QNGSpOTRbSw38o39P1GI?width=1280&height=800
28-12-2023,3691.872803,3713.635784,3657.68773,3676.767641,1033648,16,Titan Company,TITAN.NS,Stock,Consumer Goods,https://1drv.ms/i/c/8705623eb284e7df/IQS8GwTOCu08Rb4ZsKHt8whaAT_QNGSpOTRbSw38o39P1GI?width=1280&height=800
29-12-2023,3652.470459,3691.872707,3637.36554,3691.872707,709614,16,Titan Company,TITAN.NS,Stock,Consumer Goods,https://1drv.ms/i/c/8705623eb284e7df/IQS8GwTOCu08Rb4ZsKHt8whaAT_QNGSpOTRbSw38o39P1GI?width=1280&height=800
01-01-2024,3654.160156,3674.879898,3644.570586,3665.936166,286683,16,Titan Company,TITAN.NS,Stock,Consumer Goods,https://1drv.ms/i/c/8705623eb284e7df/IQS8GwTOCu08Rb4ZsKHt8whaAT_QNGSpOTRbSw38o39P1GI?width=1280&height=800
02-01-2024,3675.128174,3684.668251,3619.726728,3665.936006,453685,16,Titan Company,TITAN.NS,Stock,Consumer Goods,https://1drv.ms/i/c/8705623eb284e7df/IQS8GwTOCu08Rb4ZsKHt8whaAT_QNGSpOTRbSw38o39P1GI?width=1280&height=800
03-01-2024,3669.960693,3686.754936,3642.086017,3684.817176,356757,16,Titan Company,TITAN.NS,Stock,Consumer Goods,https://1drv.ms/i/c/8705623eb284e7df/IQS8GwTOCu08Rb4ZsKHt8whaAT_QNGSpOTRbSw38o39P1GI?width=1280&height=800
04-01-2024,3696.444092,3703.6985,3663.600674,3672.892315,545228,16,Titan Company,TITAN.NS,Stock,Consumer Goods,https://1drv.ms/i/c/8705623eb284e7df/IQS8GwTOCu08Rb4ZsKHt8whaAT_QNGSpOTRbSw38o39P1GI?width=1280&height=800
05-01-2024,3689.338867,3726.554678,3664.196996,3696.444068,963628,16,Titan Company,TITAN.NS,Stock,Consumer Goods,https://1drv.ms/i/c/8705623eb284e7df/IQS8GwTOCu08Rb4ZsKHt8whaAT_QNGSpOTRbSw38o39P1GI?width=1280&height=800
08-01-2024,3682.879395,3753.236793,3672.693479,3746.429523,1202148,16,Titan Company,TITAN.NS,Stock,Consumer Goods,https://1drv.ms/i/c/8705623eb284e7df/IQS8GwTOCu08Rb4ZsKHt8whaAT_QNGSpOTRbSw38o39P1GI?width=1280&height=800
09-01-2024,3670.904541,3730.479676,3662.109776,3713.585962,572612,16,Titan Company,TITAN.NS,Stock,Consumer Goods,https://1drv.ms/i/c/8705623eb284e7df/IQS8GwTOCu08Rb4ZsKHt8whaAT_QNGSpOTRbSw38o39P1GI?width=1280&height=800
10-01-2024,3691.226807,3706.679635,3666.929719,3684.817181,556311,16,Titan Company,TITAN.NS,Stock,Consumer Goods,https://1drv.ms/i/c/8705623eb284e7df/IQS8GwTOCu08Rb4ZsKHt8whaAT_QNGSpOTRbSw38o39P1GI?width=1280&height=800
11-01-2024,3675.476074,3719.300211,3669.513587,3703.598946,392818,16,Titan Company,TITAN.NS,Stock,Consumer Goods,https://1drv.ms/i/c/8705623eb284e7df/IQS8GwTOCu08Rb4ZsKHt8whaAT_QNGSpOTRbSw38o39P1GI?width=1280&height=800
12-01-2024,3702.70459,3710.952746,3625.14252,3676.867145,990582,16,Titan Company,TITAN.NS,Stock,Consumer Goods,https://1drv.ms/i/c/8705623eb284e7df/IQS8GwTOCu08Rb4ZsKHt8whaAT_QNGSpOTRbSw38o39P1GI?width=1280&height=800
15-01-2024,3735.349609,3751.398542,3712.642371,3716.617363,661292,16,Titan Company,TITAN.NS,Stock,Consumer Goods,https://1drv.ms/i/c/8705623eb284e7df/IQS8GwTOCu08Rb4ZsKHt8whaAT_QNGSpOTRbSw38o39P1GI?width=1280&height=800
16-01-2024,3796.415039,3833.879285,3732.517002,3735.349281,1170685,16,Titan Company,TITAN.NS,Stock,Consumer Goods,https://1drv.ms/i/c/8705623eb284e7df/IQS8GwTOCu08Rb4ZsKHt8whaAT_QNGSpOTRbSw38o39P1GI?width=1280&height=800
17-01-2024,3806.104004,3830.897964,3776.241832,3795.073306,723356,16,Titan Company,TITAN.NS,Stock,Consumer Goods,https://1drv.ms/i/c/8705623eb284e7df/IQS8GwTOCu08Rb4ZsKHt8whaAT_QNGSpOTRbSw38o39P1GI?width=1280&height=800
18-01-2024,3711.350098,3800.737669,3695.59934,3767.64606,1293580,16,Titan Company,TITAN.NS,Stock,Consumer Goods,https://1drv.ms/i/c/8705623eb284e7df/IQS8GwTOCu08Rb4ZsKHt8whaAT_QNGSpOTRbSw38o39P1GI?width=1280&height=800
19-01-2024,3786.775879,3837.35755,3717.312755,3718.803376,2566367,16,Titan Company,TITAN.NS,Stock,Consumer Goods,https://1drv.ms/i/c/8705623eb284e7df/IQS8GwTOCu08Rb4ZsKHt8whaAT_QNGSpOTRbSw38o39P1GI?width=1280&height=800
23-01-2024,3716.269043,3833.879198,3682.581088,3762.329353,1053510,16,Titan Company,TITAN.NS,Stock,Consumer Goods,https://1drv.ms/i/c/8705623eb284e7df/IQS8GwTOCu08Rb4ZsKHt8whaAT_QNGSpOTRbSw38o39P1GI?width=1280&height=800
24-01-2024,3744.293213,3756.367153,3688.543857,3740.467186,636988,16,Titan Company,TITAN.NS,Stock,Consumer Goods,https://1drv.ms/i/c/8705623eb284e7df/IQS8GwTOCu08Rb4ZsKHt8whaAT_QNGSpOTRbSw38o39P1GI?width=1280&height=800
25-01-2024,3746.628174,3773.210929,3706.77903,3746.826875,646135,16,Titan Company,TITAN.NS,Stock,Consumer Goods,https://1drv.ms/i/c/8705623eb284e7df/IQS8GwTOCu08Rb4ZsKHt8whaAT_QNGSpOTRbSw38o39P1GI?width=1280&height=800
29-01-2024,3842.475342,3850.773234,3737.038832,3737.088568,699215,16,Titan Company,TITAN.NS,Stock,Consumer Goods,https://1drv.ms/i/c/8705623eb284e7df/IQS8GwTOCu08Rb4ZsKHt8whaAT_QNGSpOTRbSw38o39P1GI?width=1280&height=800
30-01-2024,3712.393555,3862.648182,3691.773287,3857.729179,852445,16,Titan Company,TITAN.NS,Stock,Consumer Goods,https://1drv.ms/i/c/8705623eb284e7df/IQS8GwTOCu08Rb4ZsKHt8whaAT_QNGSpOTRbSw38o39P1GI?width=1280&height=800
31-01-2024,3674.432617,3751.398344,3630.409536,3725.560898,1386754,16,Titan Company,TITAN.NS,Stock,Consumer Goods,https://1drv.ms/i/c/8705623eb284e7df/IQS8GwTOCu08Rb4ZsKHt8whaAT_QNGSpOTRbSw38o39P1GI?width=1280&height=800
01-02-2024,3604.770752,3714.62963,3578.486169,3714.62963,1408462,16,Titan Company,TITAN.NS,Stock,Consumer Goods,https://1drv.ms/i/c/8705623eb284e7df/IQS8GwTOCu08Rb4ZsKHt8whaAT_QNGSpOTRbSw38o39P1GI?width=1280&height=800
02-02-2024,3589.814697,3690.232968,3579.926955,3612.273496,2320153,16,Titan Company,TITAN.NS,Stock,Consumer Goods,https://1drv.ms/i/c/8705623eb284e7df/IQS8GwTOCu08Rb4ZsKHt8whaAT_QNGSpOTRbSw38o39P1GI?width=1280&height=800
05-02-2024,3529.842285,3601.988237,3512.799363,3590.361435,1771614,16,Titan Company,TITAN.NS,Stock,Consumer Goods,https://1drv.ms/i/c/8705623eb284e7df/IQS8GwTOCu08Rb4ZsKHt8whaAT_QNGSpOTRbSw38o39P1GI?width=1280&height=800
06-02-2024,3536.897705,3555.580214,3509.520145,3529.842241,1069901,16,Titan Company,TITAN.NS,Stock,Consumer Goods,https://1drv.ms/i/c/8705623eb284e7df/IQS8GwTOCu08Rb4ZsKHt8whaAT_QNGSpOTRbSw38o39P1GI?width=1280&height=800
07-02-2024,3554.139404,3597.367438,3533.568871,3555.630026,900220,16,Titan Company,TITAN.NS,Stock,Consumer Goods,https://1drv.ms/i/c/8705623eb284e7df/IQS8GwTOCu08Rb4ZsKHt8whaAT_QNGSpOTRbSw38o39P1GI?width=1280&height=800
08-02-2024,3526.910645,3587.429792,3481.098771,3582.262352,1011857,16,Titan Company,TITAN.NS,Stock,Consumer Goods,https://1drv.ms/i/c/8705623eb284e7df/IQS8GwTOCu08Rb4ZsKHt8whaAT_QNGSpOTRbSw38o39P1GI?width=1280&height=800
09-02-2024,3569.14502,3575.405437,3510.762331,3526.910734,838509,16,Titan Company,TITAN.NS,Stock,Consumer Goods,https://1drv.ms/i/c/8705623eb284e7df/IQS8GwTOCu08Rb4ZsKHt8whaAT_QNGSpOTRbSw38o39P1GI?width=1280&height=800
12-02-2024,3562.834717,3595.976307,3547.729797,3576.498751,487283,16,Titan Company,TITAN.NS,Stock,Consumer Goods,https://1drv.ms/i/c/8705623eb284e7df/IQS8GwTOCu08Rb4ZsKHt8whaAT_QNGSpOTRbSw38o39P1GI?width=1280&height=800
13-02-2024,3537.692871,3586.187818,3528.947841,3584.448759,796060,16,Titan Company,TITAN.NS,Stock,Consumer Goods,https://1drv.ms/i/c/8705623eb284e7df/IQS8GwTOCu08Rb4ZsKHt8whaAT_QNGSpOTRbSw38o39P1GI?width=1280&height=800
14-02-2024,3563.132813,3571.380969,3481.397048,3523.830035,1046318,16,Titan Company,TITAN.NS,Stock,Consumer Goods,https://1drv.ms/i/c/8705623eb284e7df/IQS8GwTOCu08Rb4ZsKHt8whaAT_QNGSpOTRbSw38o39P1GI?width=1280&height=800
15-02-2024,3599.404785,3609.292529,3548.673904,3572.573591,759063,16,Titan Company,TITAN.NS,Stock,Consumer Goods,https://1drv.ms/i/c/8705623eb284e7df/IQS8GwTOCu08Rb4ZsKHt8whaAT_QNGSpOTRbSw38o39P1GI?width=1280&height=800
16-02-2024,3632.545898,3666.929672,3601.839186,3625.192261,915502,16,Titan Company,TITAN.NS,Stock,Consumer Goods,https://1drv.ms/i/c/8705623eb284e7df/IQS8GwTOCu08Rb4ZsKHt8whaAT_QNGSpOTRbSw38o39P1GI?width=1280&height=800
19-02-2024,3671.948242,3686.307851,3627.179851,3648.992569,528874,16,Titan Company,TITAN.NS,Stock,Consumer Goods,https://1drv.ms/i/c/8705623eb284e7df/IQS8GwTOCu08Rb4ZsKHt8whaAT_QNGSpOTRbSw38o39P1GI?width=1280&height=800
20-02-2024,3663.650391,3696.692509,3642.582983,3676.867286,744107,16,Titan Company,TITAN.NS,Stock,Consumer Goods,https://1drv.ms/i/c/8705623eb284e7df/IQS8GwTOCu08Rb4ZsKHt8whaAT_QNGSpOTRbSw38o39P1GI?width=1280&height=800
21-02-2024,3633.490234,3684.320342,3617.242359,3629.21707,660426,16,Titan Company,TITAN.NS,Stock,Consumer Goods,https://1drv.ms/i/c/8705623eb284e7df/IQS8GwTOCu08Rb4ZsKHt8whaAT_QNGSpOTRbSw38o39P1GI?width=1280&height=800
22-02-2024,3629.217041,3653.017255,3533.121668,3653.017255,1017437,16,Titan Company,TITAN.NS,Stock,Consumer Goods,https://1drv.ms/i/c/8705623eb284e7df/IQS8GwTOCu08Rb4ZsKHt8whaAT_QNGSpOTRbSw38o39P1GI?width=1280&height=800
23-02-2024,3668.867676,3713.636069,3632.148738,3649.042453,897831,16,Titan Company,TITAN.NS,Stock,Consumer Goods,https://1drv.ms/i/c/8705623eb284e7df/IQS8GwTOCu08Rb4ZsKHt8whaAT_QNGSpOTRbSw38o39P1GI?width=1280&height=800
26-02-2024,3599.851807,3666.929791,3588.274741,3666.929791,546842,16,Titan Company,TITAN.NS,Stock,Consumer Goods,https://1drv.ms/i/c/8705623eb284e7df/IQS8GwTOCu08Rb4ZsKHt8whaAT_QNGSpOTRbSw38o39P1GI?width=1280&height=800
27-02-2024,3631.005859,3652.02353,3598.41088,3607.304875,673959,16,Titan Company,TITAN.NS,Stock,Consumer Goods,https://1drv.ms/i/c/8705623eb284e7df/IQS8GwTOCu08Rb4ZsKHt8whaAT_QNGSpOTRbSw38o39P1GI?width=1280&height=800
28-02-2024,3572.225586,3646.061105,3559.754001,3632.148634,538608,16,Titan Company,TITAN.NS,Stock,Consumer Goods,https://1drv.ms/i/c/8705623eb284e7df/IQS8GwTOCu08Rb4ZsKHt8whaAT_QNGSpOTRbSw38o39P1GI?width=1280&height=800
29-02-2024,3601.739746,3631.154781,3562.884349,3572.722356,1692242,16,Titan Company,TITAN.NS,Stock,Consumer Goods,https://1drv.ms/i/c/8705623eb284e7df/IQS8GwTOCu08Rb4ZsKHt8whaAT_QNGSpOTRbSw38o39P1GI?width=1280&height=800
01-03-2024,3742.355225,3750.40468,3603.329987,3607.304978,1533727,16,Titan Company,TITAN.NS,Stock,Consumer Goods,https://1drv.ms/i/c/8705623eb284e7df/IQS8GwTOCu08Rb4ZsKHt8whaAT_QNGSpOTRbSw38o39P1GI?width=1280&height=800
04-03-2024,3709.064697,3740.566701,3691.77358,3738.082331,787542,16,Titan Company,TITAN.NS,Stock,Consumer Goods,https://1drv.ms/i/c/8705623eb284e7df/IQS8GwTOCu08Rb4ZsKHt8whaAT_QNGSpOTRbSw38o39P1GI?width=1280&height=800
05-03-2024,3727.299805,3735.64719,3684.817083,3724.566998,733660,16,Titan Company,TITAN.NS,Stock,Consumer Goods,https://1drv.ms/i/c/8705623eb284e7df/IQS8GwTOCu08Rb4ZsKHt8whaAT_QNGSpOTRbSw38o39P1GI?width=1280&height=800
06-03-2024,3786.924805,3791.148233,3679.550296,3724.61686,765602,16,Titan Company,TITAN.NS,Stock,Consumer Goods,https://1drv.ms/i/c/8705623eb284e7df/IQS8GwTOCu08Rb4ZsKHt8whaAT_QNGSpOTRbSw38o39P1GI?width=1280&height=800
07-03-2024,3763.223877,3800.340459,3744.54161,3788.216783,838514,16,Titan Company,TITAN.NS,Stock,Consumer Goods,https://1drv.ms/i/c/8705623eb284e7df/IQS8GwTOCu08Rb4ZsKHt8whaAT_QNGSpOTRbSw38o39P1GI?width=1280&height=800
11-03-2024,3726.703369,3784.191779,3718.654157,3779.123568,597848,16,Titan Company,TITAN.NS,Stock,Consumer Goods,https://1drv.ms/i/c/8705623eb284e7df/IQS8GwTOCu08Rb4ZsKHt8whaAT_QNGSpOTRbSw38o39P1GI?width=1280&height=800
12-03-2024,3725.362061,3742.454475,3690.282712,3738.479484,564569,16,Titan Company,TITAN.NS,Stock,Consumer Goods,https://1drv.ms/i/c/8705623eb284e7df/IQS8GwTOCu08Rb4ZsKHt8whaAT_QNGSpOTRbSw38o39P1GI?width=1280&height=800
13-03-2024,3603.031738,3738.479627,3567.554987,3735.498383,1027729,16,Titan Company,TITAN.NS,Stock,Consumer Goods,https://1drv.ms/i/c/8705623eb284e7df/IQS8GwTOCu08Rb4ZsKHt8whaAT_QNGSpOTRbSw38o39P1GI?width=1280&height=800
14-03-2024,3617.391357,3625.192376,3557.766483,3607.255177,1293906,16,Titan Company,TITAN.NS,Stock,Consumer Goods,https://1drv.ms/i/c/8705623eb284e7df/IQS8GwTOCu08Rb4ZsKHt8whaAT_QNGSpOTRbSw38o39P1GI?width=1280&height=800
15-03-2024,3610.484863,3633.092628,3587.42996,3611.975485,1207241,16,Titan Company,TITAN.NS,Stock,Consumer Goods,https://1drv.ms/i/c/8705623eb284e7df/IQS8GwTOCu08Rb4ZsKHt8whaAT_QNGSpOTRbSw38o39P1GI?width=1280&height=800
18-03-2024,3557.319336,3597.367425,3542.810762,3596.373677,785257,16,Titan Company,TITAN.NS,Stock,Consumer Goods,https://1drv.ms/i/c/8705623eb284e7df/IQS8GwTOCu08Rb4ZsKHt8whaAT_QNGSpOTRbSw38o39P1GI?width=1280&height=800
19-03-2024,3560.996094,3584.100732,3524.873503,3556.6237,554444,16,Titan Company,TITAN.NS,Stock,Consumer Goods,https://1drv.ms/i/c/8705623eb284e7df/IQS8GwTOCu08Rb4ZsKHt8whaAT_QNGSpOTRbSw38o39P1GI?width=1280&height=800
20-03-2024,3568.051758,3574.411647,3527.804969,3560.996051,526882,16,Titan Company,TITAN.NS,Stock,Consumer Goods,https://1drv.ms/i/c/8705623eb284e7df/IQS8GwTOCu08Rb4ZsKHt8whaAT_QNGSpOTRbSw38o39P1GI?width=1280&height=800
21-03-2024,3604.870117,3614.260986,3567.604572,3584.398814,767905,16,Titan Company,TITAN.NS,Stock,Consumer Goods,https://1drv.ms/i/c/8705623eb284e7df/IQS8GwTOCu08Rb4ZsKHt8whaAT_QNGSpOTRbSw38o39P1GI?width=1280&height=800
22-03-2024,3683.525146,3703.598805,3598.60944,3604.8701,1281102,16,Titan Company,TITAN.NS,Stock,Consumer Goods,https://1drv.ms/i/c/8705623eb284e7df/IQS8GwTOCu08Rb4ZsKHt8whaAT_QNGSpOTRbSw38o39P1GI?width=1280&height=800
26-03-2024,3675.078369,3706.629864,3642.085988,3642.085988,1158224,16,Titan Company,TITAN.NS,Stock,Consumer Goods,https://1drv.ms/i/c/8705623eb284e7df/IQS8GwTOCu08Rb4ZsKHt8whaAT_QNGSpOTRbSw38o39P1GI?width=1280&height=800
27-03-2024,3735.895752,3761.236323,3669.712287,3675.873476,1315714,16,Titan Company,TITAN.NS,Stock,Consumer Goods,https://1drv.ms/i/c/8705623eb284e7df/IQS8GwTOCu08Rb4ZsKHt8whaAT_QNGSpOTRbSw38o39P1GI?width=1280&height=800
28-03-2024,3778.031006,3814.302806,3709.21396,3736.492293,1590738,16,Titan Company,TITAN.NS,Stock,Consumer Goods,https://1drv.ms/i/c/8705623eb284e7df/IQS8GwTOCu08Rb4ZsKHt8whaAT_QNGSpOTRbSw38o39P1GI?width=1280&height=800
01-04-2024,3715.0271,3808.588611,3707.176588,3799.048534,964052,16,Titan Company,TITAN.NS,Stock,Consumer Goods,https://1drv.ms/i/c/8705623eb284e7df/IQS8GwTOCu08Rb4ZsKHt8whaAT_QNGSpOTRbSw38o39P1GI?width=1280&height=800
02-04-2024,3732.467285,3757.807856,3710.75404,3730.529525,677963,16,Titan Company,TITAN.NS,Stock,Consumer Goods,https://1drv.ms/i/c/8705623eb284e7df/IQS8GwTOCu08Rb4ZsKHt8whaAT_QNGSpOTRbSw38o39P1GI?width=1280&height=800
03-04-2024,3689.289063,3728.542104,3681.835953,3721.685341,801601,16,Titan Company,TITAN.NS,Stock,Consumer Goods,https://1drv.ms/i/c/8705623eb284e7df/IQS8GwTOCu08Rb4ZsKHt8whaAT_QNGSpOTRbSw38o39P1GI?width=1280&height=800
04-04-2024,3759.099854,3768.590194,3655.998509,3716.617131,1177617,16,Titan Company,TITAN.NS,Stock,Consumer Goods,https://1drv.ms/i/c/8705623eb284e7df/IQS8GwTOCu08Rb4ZsKHt8whaAT_QNGSpOTRbSw38o39P1GI?width=1280&height=800
05-04-2024,3730.976807,3778.130097,3717.610946,3754.777021,623873,16,Titan Company,TITAN.NS,Stock,Consumer Goods,https://1drv.ms/i/c/8705623eb284e7df/IQS8GwTOCu08Rb4ZsKHt8whaAT_QNGSpOTRbSw38o39P1GI?width=1280&height=800
08-04-2024,3725.461426,3784.490197,3697.090117,3774.900384,849267,16,Titan Company,TITAN.NS,Stock,Consumer Goods,https://1drv.ms/i/c/8705623eb284e7df/IQS8GwTOCu08Rb4ZsKHt8whaAT_QNGSpOTRbSw38o39P1GI?width=1280&height=800
09-04-2024,3656.346436,3737.485855,3641.440217,3731.523367,745285,16,Titan Company,TITAN.NS,Stock,Consumer Goods,https://1drv.ms/i/c/8705623eb284e7df/IQS8GwTOCu08Rb4ZsKHt8whaAT_QNGSpOTRbSw38o39P1GI?width=1280&height=800
10-04-2024,3687.99707,3697.090009,3658.433071,3666.929664,567546,16,Titan Company,TITAN.NS,Stock,Consumer Goods,https://1drv.ms/i/c/8705623eb284e7df/IQS8GwTOCu08Rb4ZsKHt8whaAT_QNGSpOTRbSw38o39P1GI?width=1280&height=800
12-04-2024,3596.671875,3671.699843,3586.883361,3666.482666,1910561,16,Titan Company,TITAN.NS,Stock,Consumer Goods,https://1drv.ms/i/c/8705623eb284e7df/IQS8GwTOCu08Rb4ZsKHt8whaAT_QNGSpOTRbSw38o39P1GI?width=1280&height=800
15-04-2024,3578.088623,3616.447145,3567.554799,3584.448512,854076,16,Titan Company,TITAN.NS,Stock,Consumer Goods,https://1drv.ms/i/c/8705623eb284e7df/IQS8GwTOCu08Rb4ZsKHt8whaAT_QNGSpOTRbSw38o39P1GI?width=1280&height=800
16-04-2024,3623.105469,3630.359877,3560.598821,3566.561309,1116890,16,Titan Company,TITAN.NS,Stock,Consumer Goods,https://1drv.ms/i/c/8705623eb284e7df/IQS8GwTOCu08Rb4ZsKHt8whaAT_QNGSpOTRbSw38o39P1GI?width=1280&height=800
18-04-2024,3503.060791,3637.117285,3479.11137,3623.105342,1677946,16,Titan Company,TITAN.NS,Stock,Consumer Goods,https://1drv.ms/i/c/8705623eb284e7df/IQS8GwTOCu08Rb4ZsKHt8whaAT_QNGSpOTRbSw38o39P1GI?width=1280&height=800
19-04-2024,3540.773438,3548.872386,3456.503569,3503.060754,1507940,16,Titan Company,TITAN.NS,Stock,Consumer Goods,https://1drv.ms/i/c/8705623eb284e7df/IQS8GwTOCu08Rb4ZsKHt8whaAT_QNGSpOTRbSw38o39P1GI?width=1280&height=800
22-04-2024,3574.262939,3592.39884,3529.792719,3544.698938,668659,16,Titan Company,TITAN.NS,Stock,Consumer Goods,https://1drv.ms/i/c/8705623eb284e7df/IQS8GwTOCu08Rb4ZsKHt8whaAT_QNGSpOTRbSw38o39P1GI?width=1280&height=800
23-04-2024,3610.286133,3625.192351,3582.610157,3597.317674,769991,16,Titan Company,TITAN.NS,Stock,Consumer Goods,https://1drv.ms/i/c/8705623eb284e7df/IQS8GwTOCu08Rb4ZsKHt8whaAT_QNGSpOTRbSw38o39P1GI?width=1280&height=800
24-04-2024,3587.181396,3622.062044,3557.667133,3619.229765,652811,16,Titan Company,TITAN.NS,Stock,Consumer Goods,https://1drv.ms/i/c/8705623eb284e7df/IQS8GwTOCu08Rb4ZsKHt8whaAT_QNGSpOTRbSw38o39P1GI?width=1280&height=800
25-04-2024,3548.773193,3579.97678,3518.861285,3572.523671,1889163,16,Titan Company,TITAN.NS,Stock,Consumer Goods,https://1drv.ms/i/c/8705623eb284e7df/IQS8GwTOCu08Rb4ZsKHt8whaAT_QNGSpOTRbSw38o39P1GI?width=1280&height=800
26-04-2024,3562.387695,3570.784817,3534.065879,3565.56764,798783,16,Titan Company,TITAN.NS,Stock,Consumer Goods,https://1drv.ms/i/c/8705623eb284e7df/IQS8GwTOCu08Rb4ZsKHt8whaAT_QNGSpOTRbSw38o39P1GI?width=1280&height=800
29-04-2024,3582.312256,3590.858342,3550.810253,3562.586263,703524,16,Titan Company,TITAN.NS,Stock,Consumer Goods,https://1drv.ms/i/c/8705623eb284e7df/IQS8GwTOCu08Rb4ZsKHt8whaAT_QNGSpOTRbSw38o39P1GI?width=1280&height=800
30-04-2024,3566.80957,3596.870444,3557.617402,3580.125695,963220,16,Titan Company,TITAN.NS,Stock,Consumer Goods,https://1drv.ms/i/c/8705623eb284e7df/IQS8GwTOCu08Rb4ZsKHt8whaAT_QNGSpOTRbSw38o39P1GI?width=1280&height=800
02-05-2024,3546.139648,3575.504947,3524.128229,3562.586225,1435891,16,Titan Company,TITAN.NS,Stock,Consumer Goods,https://1drv.ms/i/c/8705623eb284e7df/IQS8GwTOCu08Rb4ZsKHt8whaAT_QNGSpOTRbSw38o39P1GI?width=1280&height=800
03-05-2024,3511.805664,3576.49875,3470.167723,3572.523759,1681592,16,Titan Company,TITAN.NS,Stock,Consumer Goods,https://1drv.ms/i/c/8705623eb284e7df/IQS8GwTOCu08Rb4ZsKHt8whaAT_QNGSpOTRbSw38o39P1GI?width=1280&height=800
06-05-2024,3259.64209,3466.987736,3236.636923,3454.267714,6891728,16,Titan Company,TITAN.NS,Stock,Consumer Goods,https://1drv.ms/i/c/8705623eb284e7df/IQS8GwTOCu08Rb4ZsKHt8whaAT_QNGSpOTRbSw38o39P1GI?width=1280&height=800
07-05-2024,3250.449951,3311.168046,3206.824515,3309.18055,3111444,16,Titan Company,TITAN.NS,Stock,Consumer Goods,https://1drv.ms/i/c/8705623eb284e7df/IQS8GwTOCu08Rb4ZsKHt8whaAT_QNGSpOTRbSw38o39P1GI?width=1280&height=800
08-05-2024,3239.469238,3260.48691,3218.202887,3254.921824,2054981,16,Titan Company,TITAN.NS,Stock,Consumer Goods,https://1drv.ms/i/c/8705623eb284e7df/IQS8GwTOCu08Rb4ZsKHt8whaAT_QNGSpOTRbSw38o39P1GI?width=1280&height=800
09-05-2024,3225.407471,3301.727357,3212.786921,3239.469149,1860654,16,Titan Company,TITAN.NS,Stock,Consumer Goods,https://1drv.ms/i/c/8705623eb284e7df/IQS8GwTOCu08Rb4ZsKHt8whaAT_QNGSpOTRbSw38o39P1GI?width=1280&height=800
10-05-2024,3269.281494,3285.529126,3222.475873,3237.73,1307103,16,Titan Company,TITAN.NS,Stock,Consumer Goods,https://1drv.ms/i/c/8705623eb284e7df/IQS8GwTOCu08Rb4ZsKHt8whaAT_QNGSpOTRbSw38o39P1GI?width=1280&height=800
13-05-2024,3233.307617,3287.31791,3210.302451,3286.821036,1294603,16,Titan Company,TITAN.NS,Stock,Consumer Goods,https://1drv.ms/i/c/8705623eb284e7df/IQS8GwTOCu08Rb4ZsKHt8whaAT_QNGSpOTRbSw38o39P1GI?width=1280&height=800
14-05-2024,3268.337402,3287.318084,3229.680706,3229.680706,620163,16,Titan Company,TITAN.NS,Stock,Consumer Goods,https://1drv.ms/i/c/8705623eb284e7df/IQS8GwTOCu08Rb4ZsKHt8whaAT_QNGSpOTRbSw38o39P1GI?width=1280&height=800
15-05-2024,3248.114746,3285.777694,3239.618153,3283.343061,657036,16,Titan Company,TITAN.NS,Stock,Consumer Goods,https://1drv.ms/i/c/8705623eb284e7df/IQS8GwTOCu08Rb4ZsKHt8whaAT_QNGSpOTRbSw38o39P1GI?width=1280&height=800
16-05-2024,3313.055908,3327.06785,3230.97248,3255.816177,1404971,16,Titan Company,TITAN.NS,Stock,Consumer Goods,https://1drv.ms/i/c/8705623eb284e7df/IQS8GwTOCu08Rb4ZsKHt8whaAT_QNGSpOTRbSw38o39P1GI?width=1280&height=800
17-05-2024,3340.135742,3346.943013,3287.318137,3327.018318,1194228,16,Titan Company,TITAN.NS,Stock,Consumer Goods,https://1drv.ms/i/c/8705623eb284e7df/IQS8GwTOCu08Rb4ZsKHt8whaAT_QNGSpOTRbSw38o39P1GI?width=1280&height=800
21-05-2024,3355.886475,3359.165891,3330.049031,3334.024022,827674,16,Titan Company,TITAN.NS,Stock,Consumer Goods,https://1drv.ms/i/c/8705623eb284e7df/IQS8GwTOCu08Rb4ZsKHt8whaAT_QNGSpOTRbSw38o39P1GI?width=1280&height=800
22-05-2024,3362.693848,3381.823494,3338.992864,3363.588124,626567,16,Titan Company,TITAN.NS,Stock,Consumer Goods,https://1drv.ms/i/c/8705623eb284e7df/IQS8GwTOCu08Rb4ZsKHt8whaAT_QNGSpOTRbSw38o39P1GI?width=1280&height=800
23-05-2024,3430.467529,3438.765179,3356.632011,3361.849187,977789,16,Titan Company,TITAN.NS,Stock,Consumer Goods,https://1drv.ms/i/c/8705623eb284e7df/IQS8GwTOCu08Rb4ZsKHt8whaAT_QNGSpOTRbSw38o39P1GI?width=1280&height=800
24-05-2024,3391.065186,3433.448678,3382.916501,3430.517171,878625,16,Titan Company,TITAN.NS,Stock,Consumer Goods,https://1drv.ms/i/c/8705623eb284e7df/IQS8GwTOCu08Rb4ZsKHt8whaAT_QNGSpOTRbSw38o39P1GI?width=1280&height=800
27-05-2024,3382.121582,3414.816034,3369.10363,3402.54315,804488,16,Titan Company,TITAN.NS,Stock,Consumer Goods,https://1drv.ms/i/c/8705623eb284e7df/IQS8GwTOCu08Rb4ZsKHt8whaAT_QNGSpOTRbSw38o39P1GI?width=1280&height=800
28-05-2024,3388.083984,3401.599053,3370.941833,3382.717843,548576,16,Titan Company,TITAN.NS,Stock,Consumer Goods,https://1drv.ms/i/c/8705623eb284e7df/IQS8GwTOCu08Rb4ZsKHt8whaAT_QNGSpOTRbSw38o39P1GI?width=1280&height=800
29-05-2024,3359.265381,3396.6304,3350.023719,3384.059586,519533,16,Titan Company,TITAN.NS,Stock,Consumer Goods,https://1drv.ms/i/c/8705623eb284e7df/IQS8GwTOCu08Rb4ZsKHt8whaAT_QNGSpOTRbSw38o39P1GI?width=1280&height=800
30-05-2024,3251.394287,3343.96181,3233.655789,3343.96181,2365535,16,Titan Company,TITAN.NS,Stock,Consumer Goods,https://1drv.ms/i/c/8705623eb284e7df/IQS8GwTOCu08Rb4ZsKHt8whaAT_QNGSpOTRbSw38o39P1GI?width=1280&height=800
31-05-2024,3221.631348,3307.988189,3196.638684,3277.380704,2524214,16,Titan Company,TITAN.NS,Stock,Consumer Goods,https://1drv.ms/i/c/8705623eb284e7df/IQS8GwTOCu08Rb4ZsKHt8whaAT_QNGSpOTRbSw38o39P1GI?width=1280&height=800
03-06-2024,3240.810791,3312.112207,3229.680862,3289.30574,1378542,16,Titan Company,TITAN.NS,Stock,Consumer Goods,https://1drv.ms/i/c/8705623eb284e7df/IQS8GwTOCu08Rb4ZsKHt8whaAT_QNGSpOTRbSw38o39P1GI?width=1280&height=800
04-06-2024,3218.699707,3274.598026,3036.545669,3240.810598,2934800,16,Titan Company,TITAN.NS,Stock,Consumer Goods,https://1drv.ms/i/c/8705623eb284e7df/IQS8GwTOCu08Rb4ZsKHt8whaAT_QNGSpOTRbSw38o39P1GI?width=1280&height=800
05-06-2024,3296.907715,3313.155591,3181.036852,3245.580731,1396386,16,Titan Company,TITAN.NS,Stock,Consumer Goods,https://1drv.ms/i/c/8705623eb284e7df/IQS8GwTOCu08Rb4ZsKHt8whaAT_QNGSpOTRbSw38o39P1GI?width=1280&height=800
06-06-2024,3300.882813,3338.993144,3270.176098,3308.186957,1825503,16,Titan Company,TITAN.NS,Stock,Consumer Goods,https://1drv.ms/i/c/8705623eb284e7df/IQS8GwTOCu08Rb4ZsKHt8whaAT_QNGSpOTRbSw38o39P1GI?width=1280&height=800
07-06-2024,3422.517334,3434.988918,3273.802823,3273.802823,2084099,16,Titan Company,TITAN.NS,Stock,Consumer Goods,https://1drv.ms/i/c/8705623eb284e7df/IQS8GwTOCu08Rb4ZsKHt8whaAT_QNGSpOTRbSw38o39P1GI?width=1280&height=800
10-06-2024,3400.803955,3430.417691,3368.805322,3421.47396,1655552,16,Titan Company,TITAN.NS,Stock,Consumer Goods,https://1drv.ms/i/c/8705623eb284e7df/IQS8GwTOCu08Rb4ZsKHt8whaAT_QNGSpOTRbSw38o39P1GI?width=1280&height=800
11-06-2024,3389.375977,3416.803516,3380.630946,3396.829086,1086157,16,Titan Company,TITAN.NS,Stock,Consumer Goods,https://1drv.ms/i/c/8705623eb284e7df/IQS8GwTOCu08Rb4ZsKHt8whaAT_QNGSpOTRbSw38o39P1GI?width=1280&height=800
12-06-2024,3361.153564,3397.524592,3349.7752,3390.021989,2054168,16,Titan Company,TITAN.NS,Stock,Consumer Goods,https://1drv.ms/i/c/8705623eb284e7df/IQS8GwTOCu08Rb4ZsKHt8whaAT_QNGSpOTRbSw38o39P1GI?width=1280&height=800
13-06-2024,3450.491211,3455.360721,3368.805187,3403.536625,1753028,16,Titan Company,TITAN.NS,Stock,Consumer Goods,https://1drv.ms/i/c/8705623eb284e7df/IQS8GwTOCu08Rb4ZsKHt8whaAT_QNGSpOTRbSw38o39P1GI?width=1280&height=800
14-06-2024,3507.979736,3512.89874,3457.248859,3468.180085,2346892,16,Titan Company,TITAN.NS,Stock,Consumer Goods,https://1drv.ms/i/c/8705623eb284e7df/IQS8GwTOCu08Rb4ZsKHt8whaAT_QNGSpOTRbSw38o39P1GI?width=1280&height=800
18-06-2024,3566.561279,3602.336204,3515.880135,3532.575149,1585048,16,Titan Company,TITAN.NS,Stock,Consumer Goods,https://1drv.ms/i/c/8705623eb284e7df/IQS8GwTOCu08Rb4ZsKHt8whaAT_QNGSpOTRbSw38o39P1GI?width=1280&height=800
19-06-2024,3440.703125,3572.523686,3434.392729,3572.523686,1862394,16,Titan Company,TITAN.NS,Stock,Consumer Goods,https://1drv.ms/i/c/8705623eb284e7df/IQS8GwTOCu08Rb4ZsKHt8whaAT_QNGSpOTRbSw38o39P1GI?width=1280&height=800
20-06-2024,3414.468018,3468.18014,3396.729763,3452.280173,2377432,16,Titan Company,TITAN.NS,Stock,Consumer Goods,https://1drv.ms/i/c/8705623eb284e7df/IQS8GwTOCu08Rb4ZsKHt8whaAT_QNGSpOTRbSw38o39P1GI?width=1280&height=800
21-06-2024,3378.494385,3451.932257,3362.24651,3409.250833,2707405,16,Titan Company,TITAN.NS,Stock,Consumer Goods,https://1drv.ms/i/c/8705623eb284e7df/IQS8GwTOCu08Rb4ZsKHt8whaAT_QNGSpOTRbSw38o39P1GI?width=1280&height=800
24-06-2024,3391.015869,3407.561675,3351.216216,3359.215935,645002,16,Titan Company,TITAN.NS,Stock,Consumer Goods,https://1drv.ms/i/c/8705623eb284e7df/IQS8GwTOCu08Rb4ZsKHt8whaAT_QNGSpOTRbSw38o39P1GI?width=1280&height=800
25-06-2024,3381.17749,3401.99646,3363.737166,3391.214441,1299560,16,Titan Company,TITAN.NS,Stock,Consumer Goods,https://1drv.ms/i/c/8705623eb284e7df/IQS8GwTOCu08Rb4ZsKHt8whaAT_QNGSpOTRbSw38o39P1GI?width=1280&height=800
26-06-2024,3351.66333,3380.233583,3348.930523,3380.233583,1485709,16,Titan Company,TITAN.NS,Stock,Consumer Goods,https://1drv.ms/i/c/8705623eb284e7df/IQS8GwTOCu08Rb4ZsKHt8whaAT_QNGSpOTRbSw38o39P1GI?width=1280&height=800
27-06-2024,3370.456787,3382.320984,3350.965397,3359.888494,1462935,16,Titan Company,TITAN.NS,Stock,Consumer Goods,https://1drv.ms/i/c/8705623eb284e7df/IQS8GwTOCu08Rb4ZsKHt8whaAT_QNGSpOTRbSw38o39P1GI?width=1280&height=800
28-06-2024,3393.98584,3409.638684,3356.249553,3370.456796,1005498,16,Titan Company,TITAN.NS,Stock,Consumer Goods,https://1drv.ms/i/c/8705623eb284e7df/IQS8GwTOCu08Rb4ZsKHt8whaAT_QNGSpOTRbSw38o39P1GI?width=1280&height=800
01-07-2024,3421.154053,3424.69345,3371.353974,3371.852474,1001832,16,Titan Company,TITAN.NS,Stock,Consumer Goods,https://1drv.ms/i/c/8705623eb284e7df/IQS8GwTOCu08Rb4ZsKHt8whaAT_QNGSpOTRbSw38o39P1GI?width=1280&height=800
02-07-2024,3389.449463,3439.648488,3375.142665,3435.66049,878947,16,Titan Company,TITAN.NS,Stock,Consumer Goods,https://1drv.ms/i/c/8705623eb284e7df/IQS8GwTOCu08Rb4ZsKHt8whaAT_QNGSpOTRbSw38o39P1GI?width=1280&height=800
03-07-2024,3350.167725,3416.667546,3331.872686,3410.536096,980605,16,Titan Company,TITAN.NS,Stock,Consumer Goods,https://1drv.ms/i/c/8705623eb284e7df/IQS8GwTOCu08Rb4ZsKHt8whaAT_QNGSpOTRbSw38o39P1GI?width=1280&height=800
04-07-2024,3325.990479,3359.788666,3320.008481,3354.903465,741143,16,Titan Company,TITAN.NS,Stock,Consumer Goods,https://1drv.ms/i/c/8705623eb284e7df/IQS8GwTOCu08Rb4ZsKHt8whaAT_QNGSpOTRbSw38o39P1GI?width=1280&height=800
05-07-2024,3259.540527,3322.002451,3247.227486,3322.002451,2001382,16,Titan Company,TITAN.NS,Stock,Consumer Goods,https://1drv.ms/i/c/8705623eb284e7df/IQS8GwTOCu08Rb4ZsKHt8whaAT_QNGSpOTRbSw38o39P1GI?width=1280&height=800
08-07-2024,3146.72998,3194.386608,3116.72044,3194.386608,5323920,16,Titan Company,TITAN.NS,Stock,Consumer Goods,https://1drv.ms/i/c/8705623eb284e7df/IQS8GwTOCu08Rb4ZsKHt8whaAT_QNGSpOTRbSw38o39P1GI?width=1280&height=800
09-07-2024,3205.50293,3212.382372,3155.503501,3160.488498,2044328,16,Titan Company,TITAN.NS,Stock,Consumer Goods,https://1drv.ms/i/c/8705623eb284e7df/IQS8GwTOCu08Rb4ZsKHt8whaAT_QNGSpOTRbSw38o39P1GI?width=1280&height=800
10-07-2024,3215.323486,3242.940325,3180.927003,3208.09524,1437517,16,Titan Company,TITAN.NS,Stock,Consumer Goods,https://1drv.ms/i/c/8705623eb284e7df/IQS8GwTOCu08Rb4ZsKHt8whaAT_QNGSpOTRbSw38o39P1GI?width=1280&height=800
11-07-2024,3238.852783,3248.972231,3220.308495,3237.207588,1105185,16,Titan Company,TITAN.NS,Stock,Consumer Goods,https://1drv.ms/i/c/8705623eb284e7df/IQS8GwTOCu08Rb4ZsKHt8whaAT_QNGSpOTRbSw38o39P1GI?width=1280&height=800
12-07-2024,3220.15918,3259.191616,3210.388535,3256.200617,1496692,16,Titan Company,TITAN.NS,Stock,Consumer Goods,https://1drv.ms/i/c/8705623eb284e7df/IQS8GwTOCu08Rb4ZsKHt8whaAT_QNGSpOTRbSw38o39P1GI?width=1280&height=800
15-07-2024,3214.525879,3242.641217,3195.782239,3232.02327,1243810,16,Titan Company,TITAN.NS,Stock,Consumer Goods,https://1drv.ms/i/c/8705623eb284e7df/IQS8GwTOCu08Rb4ZsKHt8whaAT_QNGSpOTRbSw38o39P1GI?width=1280&height=800
16-07-2024,3224.346436,3241.245529,3214.426339,3218.264641,501336,16,Titan Company,TITAN.NS,Stock,Consumer Goods,https://1drv.ms/i/c/8705623eb284e7df/IQS8GwTOCu08Rb4ZsKHt8whaAT_QNGSpOTRbSw38o39P1GI?width=1280&height=800
18-07-2024,3252.312256,3259.291253,3196.380485,3223.249574,1086374,16,Titan Company,TITAN.NS,Stock,Consumer Goods,https://1drv.ms/i/c/8705623eb284e7df/IQS8GwTOCu08Rb4ZsKHt8whaAT_QNGSpOTRbSw38o39P1GI?width=1280&height=800
19-07-2024,3249.22168,3269.161672,3225.293689,3252.262577,1111191,16,Titan Company,TITAN.NS,Stock,Consumer Goods,https://1drv.ms/i/c/8705623eb284e7df/IQS8GwTOCu08Rb4ZsKHt8whaAT_QNGSpOTRbSw38o39P1GI?width=1280&height=800
22-07-2024,3244.685059,3263.578151,3213.528823,3240.248459,696255,16,Titan Company,TITAN.NS,Stock,Consumer Goods,https://1drv.ms/i/c/8705623eb284e7df/IQS8GwTOCu08Rb4ZsKHt8whaAT_QNGSpOTRbSw38o39P1GI?width=1280&height=800
23-07-2024,3456.447998,3479.52844,3222.452008,3245.333343,7159507,16,Titan Company,TITAN.NS,Stock,Consumer Goods,https://1drv.ms/i/c/8705623eb284e7df/IQS8GwTOCu08Rb4ZsKHt8whaAT_QNGSpOTRbSw38o39P1GI?width=1280&height=800
24-07-2024,3467.963135,3541.840899,3451.761892,3459.588436,3862140,16,Titan Company,TITAN.NS,Stock,Consumer Goods,https://1drv.ms/i/c/8705623eb284e7df/IQS8GwTOCu08Rb4ZsKHt8whaAT_QNGSpOTRbSw38o39P1GI?width=1280&height=800
25-07-2024,3395.581055,3444.035086,3374.295017,3404.753402,1476422,16,Titan Company,TITAN.NS,Stock,Consumer Goods,https://1drv.ms/i/c/8705623eb284e7df/IQS8GwTOCu08Rb4ZsKHt8whaAT_QNGSpOTRbSw38o39P1GI?width=1280&height=800
26-07-2024,3483.666016,3491.193411,3382.819605,3395.581248,1830745,16,Titan Company,TITAN.NS,Stock,Consumer Goods,https://1drv.ms/i/c/8705623eb284e7df/IQS8GwTOCu08Rb4ZsKHt8whaAT_QNGSpOTRbSw38o39P1GI?width=1280&height=800
29-07-2024,3401.463379,3489.049888,3377.834538,3484.513492,2213293,16,Titan Company,TITAN.NS,Stock,Consumer Goods,https://1drv.ms/i/c/8705623eb284e7df/IQS8GwTOCu08Rb4ZsKHt8whaAT_QNGSpOTRbSw38o39P1GI?width=1280&height=800
30-07-2024,3457.84375,3468.561495,3400.366822,3414.67362,1316880,16,Titan Company,TITAN.NS,Stock,Consumer Goods,https://1drv.ms/i/c/8705623eb284e7df/IQS8GwTOCu08Rb4ZsKHt8whaAT_QNGSpOTRbSw38o39P1GI?width=1280&height=800
31-07-2024,3448.571533,3489.398616,3436.208836,3468.611321,1361595,16,Titan Company,TITAN.NS,Stock,Consumer Goods,https://1drv.ms/i/c/8705623eb284e7df/IQS8GwTOCu08Rb4ZsKHt8whaAT_QNGSpOTRbSw38o39P1GI?width=1280&height=800
01-08-2024,3457.943604,3481.522546,3432.171067,3464.573553,879399,16,Titan Company,TITAN.NS,Stock,Consumer Goods,https://1drv.ms/i/c/8705623eb284e7df/IQS8GwTOCu08Rb4ZsKHt8whaAT_QNGSpOTRbSw38o39P1GI?width=1280&height=800
02-08-2024,3451.961426,3467.464574,3399.768403,3404.753401,1168195,16,Titan Company,TITAN.NS,Stock,Consumer Goods,https://1drv.ms/i/c/8705623eb284e7df/IQS8GwTOCu08Rb4ZsKHt8whaAT_QNGSpOTRbSw38o39P1GI?width=1280&height=800
05-08-2024,3365.820557,3448.621417,3306.548983,3310.08838,1932064,16,Titan Company,TITAN.NS,Stock,Consumer Goods,https://1drv.ms/i/c/8705623eb284e7df/IQS8GwTOCu08Rb4ZsKHt8whaAT_QNGSpOTRbSw38o39P1GI?width=1280&height=800
06-08-2024,3325.093262,3406.099474,3311.135268,3370.805545,976535,16,Titan Company,TITAN.NS,Stock,Consumer Goods,https://1drv.ms/i/c/8705623eb284e7df/IQS8GwTOCu08Rb4ZsKHt8whaAT_QNGSpOTRbSw38o39P1GI?width=1280&height=800
07-08-2024,3316.269775,3358.742054,3307.097428,3349.91851,1277139,16,Titan Company,TITAN.NS,Stock,Consumer Goods,https://1drv.ms/i/c/8705623eb284e7df/IQS8GwTOCu08Rb4ZsKHt8whaAT_QNGSpOTRbSw38o39P1GI?width=1280&height=800
08-08-2024,3286.609131,3349.868706,3274.046839,3326.987614,1280733,16,Titan Company,TITAN.NS,Stock,Consumer Goods,https://1drv.ms/i/c/8705623eb284e7df/IQS8GwTOCu08Rb4ZsKHt8whaAT_QNGSpOTRbSw38o39P1GI?width=1280&height=800
09-08-2024,3321.703369,3339.94851,3275.243336,3339.94851,1019809,16,Titan Company,TITAN.NS,Stock,Consumer Goods,https://1drv.ms/i/c/8705623eb284e7df/IQS8GwTOCu08Rb4ZsKHt8whaAT_QNGSpOTRbSw38o39P1GI?width=1280&height=800
12-08-2024,3310.885986,3334.963428,3285.462498,3321.653387,874598,16,Titan Company,TITAN.NS,Stock,Consumer Goods,https://1drv.ms/i/c/8705623eb284e7df/IQS8GwTOCu08Rb4ZsKHt8whaAT_QNGSpOTRbSw38o39P1GI?width=1280&height=800
13-08-2024,3373.397949,3394.534291,3295.482287,3320.008573,1314371,16,Titan Company,TITAN.NS,Stock,Consumer Goods,https://1drv.ms/i/c/8705623eb284e7df/IQS8GwTOCu08Rb4ZsKHt8whaAT_QNGSpOTRbSw38o39P1GI?width=1280&height=800
14-08-2024,3391.941895,3405.949787,3346.77801,3379.828447,997803,16,Titan Company,TITAN.NS,Stock,Consumer Goods,https://1drv.ms/i/c/8705623eb284e7df/IQS8GwTOCu08Rb4ZsKHt8whaAT_QNGSpOTRbSw38o39P1GI?width=1280&height=800
16-08-2024,3434.414307,3439.748352,3360.087939,3399.768571,1161982,16,Titan Company,TITAN.NS,Stock,Consumer Goods,https://1drv.ms/i/c/8705623eb284e7df/IQS8GwTOCu08Rb4ZsKHt8whaAT_QNGSpOTRbSw38o39P1GI?width=1280&height=800
19-08-2024,3454.454102,3493.685889,3425.889917,3425.889917,1135205,16,Titan Company,TITAN.NS,Stock,Consumer Goods,https://1drv.ms/i/c/8705623eb284e7df/IQS8GwTOCu08Rb4ZsKHt8whaAT_QNGSpOTRbSw38o39P1GI?width=1280&height=800
20-08-2024,3464.473633,3472.649224,3444.035142,3469.558428,526591,16,Titan Company,TITAN.NS,Stock,Consumer Goods,https://1drv.ms/i/c/8705623eb284e7df/IQS8GwTOCu08Rb4ZsKHt8whaAT_QNGSpOTRbSw38o39P1GI?width=1280&height=800
21-08-2024,3549.717041,3571.252328,3444.184786,3464.473581,1990034,16,Titan Company,TITAN.NS,Stock,Consumer Goods,https://1drv.ms/i/c/8705623eb284e7df/IQS8GwTOCu08Rb4ZsKHt8whaAT_QNGSpOTRbSw38o39P1GI?width=1280&height=800
22-08-2024,3593.585205,3614.123494,3543.037375,3564.223616,1531544,16,Titan Company,TITAN.NS,Stock,Consumer Goods,https://1drv.ms/i/c/8705623eb284e7df/IQS8GwTOCu08Rb4ZsKHt8whaAT_QNGSpOTRbSw38o39P1GI?width=1280&height=800
23-08-2024,3559.28833,3611.979853,3533.366342,3600.613912,1173387,16,Titan Company,TITAN.NS,Stock,Consumer Goods,https://1drv.ms/i/c/8705623eb284e7df/IQS8GwTOCu08Rb4ZsKHt8whaAT_QNGSpOTRbSw38o39P1GI?width=1280&height=800
26-08-2024,3619.307861,3629.078506,3563.326432,3581.222526,1156681,16,Titan Company,TITAN.NS,Stock,Consumer Goods,https://1drv.ms/i/c/8705623eb284e7df/IQS8GwTOCu08Rb4ZsKHt8whaAT_QNGSpOTRbSw38o39P1GI?width=1280&height=800
27-08-2024,3540.594727,3647.822079,3519.906985,3619.307794,1169007,16,Titan Company,TITAN.NS,Stock,Consumer Goods,https://1drv.ms/i/c/8705623eb284e7df/IQS8GwTOCu08Rb4ZsKHt8whaAT_QNGSpOTRbSw38o39P1GI?width=1280&height=800
28-08-2024,3516.916016,3569.208595,3509.338721,3548.969455,727481,16,Titan Company,TITAN.NS,Stock,Consumer Goods,https://1drv.ms/i/c/8705623eb284e7df/IQS8GwTOCu08Rb4ZsKHt8whaAT_QNGSpOTRbSw38o39P1GI?width=1280&height=800
29-08-2024,3522.598877,3543.087267,3499.468535,3526.387524,927472,16,Titan Company,TITAN.NS,Stock,Consumer Goods,https://1drv.ms/i/c/8705623eb284e7df/IQS8GwTOCu08Rb4ZsKHt8whaAT_QNGSpOTRbSw38o39P1GI?width=1280&height=800
30-08-2024,3554.452881,3587.204414,3531.870938,3539.348435,2116894,16,Titan Company,TITAN.NS,Stock,Consumer Goods,https://1drv.ms/i/c/8705623eb284e7df/IQS8GwTOCu08Rb4ZsKHt8whaAT_QNGSpOTRbSw38o39P1GI?width=1280&height=800
02-09-2024,3576.785889,3591.142585,3541.342505,3554.452952,718800,16,Titan Company,TITAN.NS,Stock,Consumer Goods,https://1drv.ms/i/c/8705623eb284e7df/IQS8GwTOCu08Rb4ZsKHt8whaAT_QNGSpOTRbSw38o39P1GI?width=1280&height=800
03-09-2024,3610.284912,3623.993656,3549.467938,3576.785872,1112614,16,Titan Company,TITAN.NS,Stock,Consumer Goods,https://1drv.ms/i/c/8705623eb284e7df/IQS8GwTOCu08Rb4ZsKHt8whaAT_QNGSpOTRbSw38o39P1GI?width=1280&height=800
04-09-2024,3596.875244,3606.645888,3557.493762,3575.3402,529856,16,Titan Company,TITAN.NS,Stock,Consumer Goods,https://1drv.ms/i/c/8705623eb284e7df/IQS8GwTOCu08Rb4ZsKHt8whaAT_QNGSpOTRbSw38o39P1GI?width=1280&height=800
05-09-2024,3711.679932,3742.686472,3589.59714,3605.748728,3437885,16,Titan Company,TITAN.NS,Stock,Consumer Goods,https://1drv.ms/i/c/8705623eb284e7df/IQS8GwTOCu08Rb4ZsKHt8whaAT_QNGSpOTRbSw38o39P1GI?width=1280&height=800
06-09-2024,3684.411865,3730.772345,3654.003379,3703.803458,1408795,16,Titan Company,TITAN.NS,Stock,Consumer Goods,https://1drv.ms/i/c/8705623eb284e7df/IQS8GwTOCu08Rb4ZsKHt8whaAT_QNGSpOTRbSw38o39P1GI?width=1280&height=800
09-09-2024,3673.494873,3713.275059,3642.787237,3679.028269,923357,16,Titan Company,TITAN.NS,Stock,Consumer Goods,https://1drv.ms/i/c/8705623eb284e7df/IQS8GwTOCu08Rb4ZsKHt8whaAT_QNGSpOTRbSw38o39P1GI?width=1280&height=800
10-09-2024,3716.216064,3738.748352,3655.000389,3692.886372,1109078,16,Titan Company,TITAN.NS,Stock,Consumer Goods,https://1drv.ms/i/c/8705623eb284e7df/IQS8GwTOCu08Rb4ZsKHt8whaAT_QNGSpOTRbSw38o39P1GI?width=1280&height=800
11-09-2024,3699.965088,3732.267776,3688.998093,3720.702484,831810,16,Titan Company,TITAN.NS,Stock,Consumer Goods,https://1drv.ms/i/c/8705623eb284e7df/IQS8GwTOCu08Rb4ZsKHt8whaAT_QNGSpOTRbSw38o39P1GI?width=1280&height=800
12-09-2024,3752.955566,3762.676312,3699.965138,3724.790329,1337327,16,Titan Company,TITAN.NS,Stock,Consumer Goods,https://1drv.ms/i/c/8705623eb284e7df/IQS8GwTOCu08Rb4ZsKHt8whaAT_QNGSpOTRbSw38o39P1GI?width=1280&height=800
13-09-2024,3755.697266,3788.448798,3728.778278,3765.667261,1003355,16,Titan Company,TITAN.NS,Stock,Consumer Goods,https://1drv.ms/i/c/8705623eb284e7df/IQS8GwTOCu08Rb4ZsKHt8whaAT_QNGSpOTRbSw38o39P1GI?width=1280&height=800
16-09-2024,3729.42627,3777.631295,3724.192022,3756.694305,386602,16,Titan Company,TITAN.NS,Stock,Consumer Goods,https://1drv.ms/i/c/8705623eb284e7df/IQS8GwTOCu08Rb4ZsKHt8whaAT_QNGSpOTRbSw38o39P1GI?width=1280&height=800
17-09-2024,3756.095947,3765.66724,3716.116412,3748.618451,392339,16,Titan Company,TITAN.NS,Stock,Consumer Goods,https://1drv.ms/i/c/8705623eb284e7df/IQS8GwTOCu08Rb4ZsKHt8whaAT_QNGSpOTRbSw38o39P1GI?width=1280&height=800
18-09-2024,3714.172363,3774.640289,3696.874324,3757.691296,420638,16,Titan Company,TITAN.NS,Stock,Consumer Goods,https://1drv.ms/i/c/8705623eb284e7df/IQS8GwTOCu08Rb4ZsKHt8whaAT_QNGSpOTRbSw38o39P1GI?width=1280&height=800
19-09-2024,3769.605469,3783.613361,3729.875182,3738.748381,945257,16,Titan Company,TITAN.NS,Stock,Consumer Goods,https://1drv.ms/i/c/8705623eb284e7df/IQS8GwTOCu08Rb4ZsKHt8whaAT_QNGSpOTRbSw38o39P1GI?width=1280&height=800
20-09-2024,3785.806641,3807.541279,3728.778315,3781.619291,1951755,16,Titan Company,TITAN.NS,Stock,Consumer Goods,https://1drv.ms/i/c/8705623eb284e7df/IQS8GwTOCu08Rb4ZsKHt8whaAT_QNGSpOTRbSw38o39P1GI?width=1280&height=800
23-09-2024,3808.638184,3817.511382,3769.655403,3785.806747,530107,16,Titan Company,TITAN.NS,Stock,Consumer Goods,https://1drv.ms/i/c/8705623eb284e7df/IQS8GwTOCu08Rb4ZsKHt8whaAT_QNGSpOTRbSw38o39P1GI?width=1280&height=800
24-09-2024,3773.543457,3828.378432,3770.203655,3806.544239,1281513,16,Titan Company,TITAN.NS,Stock,Consumer Goods,https://1drv.ms/i/c/8705623eb284e7df/IQS8GwTOCu08Rb4ZsKHt8whaAT_QNGSpOTRbSw38o39P1GI?width=1280&height=800
25-09-2024,3726.036621,3792.137741,3698.918282,3788.598344,942343,16,Titan Company,TITAN.NS,Stock,Consumer Goods,https://1drv.ms/i/c/8705623eb284e7df/IQS8GwTOCu08Rb4ZsKHt8whaAT_QNGSpOTRbSw38o39P1GI?width=1280&height=800
26-09-2024,3746.275635,3765.81668,3690.293965,3726.784245,1863893,16,Titan Company,TITAN.NS,Stock,Consumer Goods,https://1drv.ms/i/c/8705623eb284e7df/IQS8GwTOCu08Rb4ZsKHt8whaAT_QNGSpOTRbSw38o39P1GI?width=1280&height=800
27-09-2024,3805.248291,3855.397419,3739.944818,3762.676457,2164755,16,Titan Company,TITAN.NS,Stock,Consumer Goods,https://1drv.ms/i/c/8705623eb284e7df/IQS8GwTOCu08Rb4ZsKHt8whaAT_QNGSpOTRbSw38o39P1GI?width=1280&height=800
30-09-2024,3812.476318,3851.957597,3774.640235,3774.640235,1068609,16,Titan Company,TITAN.NS,Stock,Consumer Goods,https://1drv.ms/i/c/8705623eb284e7df/IQS8GwTOCu08Rb4ZsKHt8whaAT_QNGSpOTRbSw38o39P1GI?width=1280&height=800
01-10-2024,3764.620361,3826.434333,3745.727269,3812.476339,774221,16,Titan Company,TITAN.NS,Stock,Consumer Goods,https://1drv.ms/i/c/8705623eb284e7df/IQS8GwTOCu08Rb4ZsKHt8whaAT_QNGSpOTRbSw38o39P1GI?width=1280&height=800
03-10-2024,3663.923584,3770.652438,3639.098392,3678.031274,1597560,16,Titan Company,TITAN.NS,Stock,Consumer Goods,https://1drv.ms/i/c/8705623eb284e7df/IQS8GwTOCu08Rb4ZsKHt8whaAT_QNGSpOTRbSw38o39P1GI?width=1280&height=800
04-10-2024,3659.088135,3742.536948,3614.123358,3614.123358,1542987,16,Titan Company,TITAN.NS,Stock,Consumer Goods,https://1drv.ms/i/c/8705623eb284e7df/IQS8GwTOCu08Rb4ZsKHt8whaAT_QNGSpOTRbSw38o39P1GI?width=1280&height=800
07-10-2024,3578.480713,3736.754395,3541.641627,3728.7285,2523321,16,Titan Company,TITAN.NS,Stock,Consumer Goods,https://1drv.ms/i/c/8705623eb284e7df/IQS8GwTOCu08Rb4ZsKHt8whaAT_QNGSpOTRbSw38o39P1GI?width=1280&height=800
08-10-2024,3482.868408,3584.213313,3469.558367,3578.480566,1360120,16,Titan Company,TITAN.NS,Stock,Consumer Goods,https://1drv.ms/i/c/8705623eb284e7df/IQS8GwTOCu08Rb4ZsKHt8whaAT_QNGSpOTRbSw38o39P1GI?width=1280&height=800
09-10-2024,3482.968018,3548.122035,3476.138717,3507.444405,1063802,16,Titan Company,TITAN.NS,Stock,Consumer Goods,https://1drv.ms/i/c/8705623eb284e7df/IQS8GwTOCu08Rb4ZsKHt8whaAT_QNGSpOTRbSw38o39P1GI?width=1280&height=800
10-10-2024,3436.906738,3520.95385,3404.8533,3499.468461,1488328,16,Titan Company,TITAN.NS,Stock,Consumer Goods,https://1drv.ms/i/c/8705623eb284e7df/IQS8GwTOCu08Rb4ZsKHt8whaAT_QNGSpOTRbSw38o39P1GI?width=1280&height=800
11-10-2024,3463.975098,3480.525387,3433.965558,3453.6064,858463,16,Titan Company,TITAN.NS,Stock,Consumer Goods,https://1drv.ms/i/c/8705623eb284e7df/IQS8GwTOCu08Rb4ZsKHt8whaAT_QNGSpOTRbSw38o39P1GI?width=1280&height=800
14-10-2024,3487.305176,3514.423516,3442.190945,3463.97524,593206,16,Titan Company,TITAN.NS,Stock,Consumer Goods,https://1drv.ms/i/c/8705623eb284e7df/IQS8GwTOCu08Rb4ZsKHt8whaAT_QNGSpOTRbSw38o39P1GI?width=1280&height=800
15-10-2024,3497.9729,3518.859992,3466.567415,3513.376495,578719,16,Titan Company,TITAN.NS,Stock,Consumer Goods,https://1drv.ms/i/c/8705623eb284e7df/IQS8GwTOCu08Rb4ZsKHt8whaAT_QNGSpOTRbSw38o39P1GI?width=1280&height=800
16-10-2024,3460.585449,3499.468432,3429.678463,3497.474433,591644,16,Titan Company,TITAN.NS,Stock,Consumer Goods,https://1drv.ms/i/c/8705623eb284e7df/IQS8GwTOCu08Rb4ZsKHt8whaAT_QNGSpOTRbSw38o39P1GI?width=1280&height=800
17-10-2024,3393.138672,3476.537591,3369.958431,3476.537591,560796,16,Titan Company,TITAN.NS,Stock,Consumer Goods,https://1drv.ms/i/c/8705623eb284e7df/IQS8GwTOCu08Rb4ZsKHt8whaAT_QNGSpOTRbSw38o39P1GI?width=1280&height=800
18-10-2024,3371.304199,3412.081628,3286.210431,3384.813592,1249585,16,Titan Company,TITAN.NS,Stock,Consumer Goods,https://1drv.ms/i/c/8705623eb284e7df/IQS8GwTOCu08Rb4ZsKHt8whaAT_QNGSpOTRbSw38o39P1GI?width=1280&height=800
21-10-2024,3353.158691,3409.588963,3325.491954,3407.694517,714746,16,Titan Company,TITAN.NS,Stock,Consumer Goods,https://1drv.ms/i/c/8705623eb284e7df/IQS8GwTOCu08Rb4ZsKHt8whaAT_QNGSpOTRbSw38o39P1GI?width=1280&height=800
22-10-2024,3319.809082,3411.23389,3309.290688,3364.773615,882086,16,Titan Company,TITAN.NS,Stock,Consumer Goods,https://1drv.ms/i/c/8705623eb284e7df/IQS8GwTOCu08Rb4ZsKHt8whaAT_QNGSpOTRbSw38o39P1GI?width=1280&height=800
23-10-2024,3278.73291,3324.993593,3272.651115,3320.008595,877837,16,Titan Company,TITAN.NS,Stock,Consumer Goods,https://1drv.ms/i/c/8705623eb284e7df/IQS8GwTOCu08Rb4ZsKHt8whaAT_QNGSpOTRbSw38o39P1GI?width=1280&height=800
24-10-2024,3320.905762,3332.869757,3269.360933,3291.145471,764369,16,Titan Company,TITAN.NS,Stock,Consumer Goods,https://1drv.ms/i/c/8705623eb284e7df/IQS8GwTOCu08Rb4ZsKHt8whaAT_QNGSpOTRbSw38o39P1GI?width=1280&height=800
25-10-2024,3256.749023,3332.32164,3222.651687,3322.002597,805013,16,Titan Company,TITAN.NS,Stock,Consumer Goods,https://1drv.ms/i/c/8705623eb284e7df/IQS8GwTOCu08Rb4ZsKHt8whaAT_QNGSpOTRbSw38o39P1GI?width=1280&height=800
28-10-2024,3273.199463,3305.05355,3244.286476,3260.18857,736462,16,Titan Company,TITAN.NS,Stock,Consumer Goods,https://1drv.ms/i/c/8705623eb284e7df/IQS8GwTOCu08Rb4ZsKHt8whaAT_QNGSpOTRbSw38o39P1GI?width=1280&height=800
29-10-2024,3273.54834,3288.104631,3217.317661,3275.941285,702769,16,Titan Company,TITAN.NS,Stock,Consumer Goods,https://1drv.ms/i/c/8705623eb284e7df/IQS8GwTOCu08Rb4ZsKHt8whaAT_QNGSpOTRbSw38o39P1GI?width=1280&height=800
30-10-2024,3298.523193,3311.833235,3225.393421,3251.215612,895278,16,Titan Company,TITAN.NS,Stock,Consumer Goods,https://1drv.ms/i/c/8705623eb284e7df/IQS8GwTOCu08Rb4ZsKHt8whaAT_QNGSpOTRbSw38o39P1GI?width=1280&height=800
31-10-2024,3257.247559,3289.998849,3243.837963,3281.12565,1170306,16,Titan Company,TITAN.NS,Stock,Consumer Goods,https://1drv.ms/i/c/8705623eb284e7df/IQS8GwTOCu08Rb4ZsKHt8whaAT_QNGSpOTRbSw38o39P1GI?width=1280&height=800
01-11-2024,3283.817383,3307.645818,3272.501584,3294.086527,176636,16,Titan Company,TITAN.NS,Stock,Consumer Goods,https://1drv.ms/i/c/8705623eb284e7df/IQS8GwTOCu08Rb4ZsKHt8whaAT_QNGSpOTRbSw38o39P1GI?width=1280&height=800
04-11-2024,3212.33252,3308.044475,3180.528332,3308.044475,1122152,16,Titan Company,TITAN.NS,Stock,Consumer Goods,https://1drv.ms/i/c/8705623eb284e7df/IQS8GwTOCu08Rb4ZsKHt8whaAT_QNGSpOTRbSw38o39P1GI?width=1280&height=800
05-11-2024,3220.557861,3249.121802,3175.443631,3196.380622,872402,16,Titan Company,TITAN.NS,Stock,Consumer Goods,https://1drv.ms/i/c/8705623eb284e7df/IQS8GwTOCu08Rb4ZsKHt8whaAT_QNGSpOTRbSw38o39P1GI?width=1280&height=800
06-11-2024,3167.517578,3199.321768,3104.656706,3135.563693,4522923,16,Titan Company,TITAN.NS,Stock,Consumer Goods,https://1drv.ms/i/c/8705623eb284e7df/IQS8GwTOCu08Rb4ZsKHt8whaAT_QNGSpOTRbSw38o39P1GI?width=1280&height=800
07-11-2024,3111.486084,3176.490405,3098.77434,3170.458509,1608603,16,Titan Company,TITAN.NS,Stock,Consumer Goods,https://1drv.ms/i/c/8705623eb284e7df/IQS8GwTOCu08Rb4ZsKHt8whaAT_QNGSpOTRbSw38o39P1GI?width=1280&height=800
08-11-2024,3176.689941,3183.319891,3096.680724,3111.635718,1719882,16,Titan Company,TITAN.NS,Stock,Consumer Goods,https://1drv.ms/i/c/8705623eb284e7df/IQS8GwTOCu08Rb4ZsKHt8whaAT_QNGSpOTRbSw38o39P1GI?width=1280&height=800
11-11-2024,3196.979004,3220.358596,3148.773976,3182.02401,1054929,16,Titan Company,TITAN.NS,Stock,Consumer Goods,https://1drv.ms/i/c/8705623eb284e7df/IQS8GwTOCu08Rb4ZsKHt8whaAT_QNGSpOTRbSw38o39P1GI?width=1280&height=800
12-11-2024,3188.853271,3229.281653,3175.443676,3192.043621,992983,16,Titan Company,TITAN.NS,Stock,Consumer Goods,https://1drv.ms/i/c/8705623eb284e7df/IQS8GwTOCu08Rb4ZsKHt8whaAT_QNGSpOTRbSw38o39P1GI?width=1280&height=800
13-11-2024,3178.285156,3211.933892,3152.711971,3165.473614,911537,16,Titan Company,TITAN.NS,Stock,Consumer Goods,https://1drv.ms/i/c/8705623eb284e7df/IQS8GwTOCu08Rb4ZsKHt8whaAT_QNGSpOTRbSw38o39P1GI?width=1280&height=800
14-11-2024,3174.147461,3185.563057,3126.59063,3135.613525,1161637,16,Titan Company,TITAN.NS,Stock,Consumer Goods,https://1drv.ms/i/c/8705623eb284e7df/IQS8GwTOCu08Rb4ZsKHt8whaAT_QNGSpOTRbSw38o39P1GI?width=1280&height=800
18-11-2024,3162.781738,3197.576925,3148.026096,3174.147436,943251,16,Titan Company,TITAN.NS,Stock,Consumer Goods,https://1drv.ms/i/c/8705623eb284e7df/IQS8GwTOCu08Rb4ZsKHt8whaAT_QNGSpOTRbSw38o39P1GI?width=1280&height=800
19-11-2024,3215.024414,3273.149537,3162.781735,3182.422577,1174506,16,Titan Company,TITAN.NS,Stock,Consumer Goods,https://1drv.ms/i/c/8705623eb284e7df/IQS8GwTOCu08Rb4ZsKHt8whaAT_QNGSpOTRbSw38o39P1GI?width=1280&height=800
21-11-2024,3168.91333,3224.246808,3138.903788,3215.32371,1582159,16,Titan Company,TITAN.NS,Stock,Consumer Goods,https://1drv.ms/i/c/8705623eb284e7df/IQS8GwTOCu08Rb4ZsKHt8whaAT_QNGSpOTRbSw38o39P1GI?width=1280&height=800
22-11-2024,3298.772461,3307.047606,3142.692128,3165.324213,2207527,16,Titan Company,TITAN.NS,Stock,Consumer Goods,https://1drv.ms/i/c/8705623eb284e7df/IQS8GwTOCu08Rb4ZsKHt8whaAT_QNGSpOTRbSw38o39P1GI?width=1280&height=800
25-11-2024,3299.171387,3359.739111,3288.154493,3349.918568,1892510,16,Titan Company,TITAN.NS,Stock,Consumer Goods,https://1drv.ms/i/c/8705623eb284e7df/IQS8GwTOCu08Rb4ZsKHt8whaAT_QNGSpOTRbSw38o39P1GI?width=1280&height=800
26-11-2024,3317.516113,3333.717357,3285.811478,3300.068621,721345,16,Titan Company,TITAN.NS,Stock,Consumer Goods,https://1drv.ms/i/c/8705623eb284e7df/IQS8GwTOCu08Rb4ZsKHt8whaAT_QNGSpOTRbSw38o39P1GI?width=1280&height=800
27-11-2024,3281.773438,3319.90867,3270.307943,3315.02347,732835,16,Titan Company,TITAN.NS,Stock,Consumer Goods,https://1drv.ms/i/c/8705623eb284e7df/IQS8GwTOCu08Rb4ZsKHt8whaAT_QNGSpOTRbSw38o39P1GI?width=1280&height=800
28-11-2024,3202.71167,3295.083583,3190.747675,3282.122588,1701387,16,Titan Company,TITAN.NS,Stock,Consumer Goods,https://1drv.ms/i/c/8705623eb284e7df/IQS8GwTOCu08Rb4ZsKHt8whaAT_QNGSpOTRbSw38o39P1GI?width=1280&height=800
29-11-2024,3239.251465,3250.21846,3202.71153,3202.71153,1139585,16,Titan Company,TITAN.NS,Stock,Consumer Goods,https://1drv.ms/i/c/8705623eb284e7df/IQS8GwTOCu08Rb4ZsKHt8whaAT_QNGSpOTRbSw38o39P1GI?width=1280&height=800
02-12-2024,3296.927979,3299.968632,3212.38237,3239.251459,915980,16,Titan Company,TITAN.NS,Stock,Consumer Goods,https://1drv.ms/i/c/8705623eb284e7df/IQS8GwTOCu08Rb4ZsKHt8whaAT_QNGSpOTRbSw38o39P1GI?width=1280&height=800
03-12-2024,3322.750244,3328.682343,3266.768817,3280.128513,1162310,16,Titan Company,TITAN.NS,Stock,Consumer Goods,https://1drv.ms/i/c/8705623eb284e7df/IQS8GwTOCu08Rb4ZsKHt8whaAT_QNGSpOTRbSw38o39P1GI?width=1280&height=800
04-12-2024,3354.355225,3372.849616,3327.984634,3331.972632,1630076,16,Titan Company,TITAN.NS,Stock,Consumer Goods,https://1drv.ms/i/c/8705623eb284e7df/IQS8GwTOCu08Rb4ZsKHt8whaAT_QNGSpOTRbSw38o39P1GI?width=1280&height=800
05-12-2024,3430.725342,3455.002135,3343.53778,3364.823574,2383630,16,Titan Company,TITAN.NS,Stock,Consumer Goods,https://1drv.ms/i/c/8705623eb284e7df/IQS8GwTOCu08Rb4ZsKHt8whaAT_QNGSpOTRbSw38o39P1GI?width=1280&height=800
06-12-2024,3459.688232,3489.149374,3419.708453,3443.586544,1278516,16,Titan Company,TITAN.NS,Stock,Consumer Goods,https://1drv.ms/i/c/8705623eb284e7df/IQS8GwTOCu08Rb4ZsKHt8whaAT_QNGSpOTRbSw38o39P1GI?width=1280&height=800
09-12-2024,3457.793945,3477.783836,3436.557805,3457.096094,926422,16,Titan Company,TITAN.NS,Stock,Consumer Goods,https://1drv.ms/i/c/8705623eb284e7df/IQS8GwTOCu08Rb4ZsKHt8whaAT_QNGSpOTRbSw38o39P1GI?width=1280&height=800
10-12-2024,3465.321289,3506.397623,3425.740454,3459.588541,1063355,16,Titan Company,TITAN.NS,Stock,Consumer Goods,https://1drv.ms/i/c/8705623eb284e7df/IQS8GwTOCu08Rb4ZsKHt8whaAT_QNGSpOTRbSw38o39P1GI?width=1280&height=800
11-12-2024,3462.679199,3480.276144,3449.917556,3474.294146,554702,16,Titan Company,TITAN.NS,Stock,Consumer Goods,https://1drv.ms/i/c/8705623eb284e7df/IQS8GwTOCu08Rb4ZsKHt8whaAT_QNGSpOTRbSw38o39P1GI?width=1280&height=800
12-12-2024,3435.411133,3462.679167,3401.762399,3460.086871,926472,16,Titan Company,TITAN.NS,Stock,Consumer Goods,https://1drv.ms/i/c/8705623eb284e7df/IQS8GwTOCu08Rb4ZsKHt8whaAT_QNGSpOTRbSw38o39P1GI?width=1280&height=800
13-12-2024,3498.322021,3507.44447,3370.10778,3409.738513,1242351,16,Titan Company,TITAN.NS,Stock,Consumer Goods,https://1drv.ms/i/c/8705623eb284e7df/IQS8GwTOCu08Rb4ZsKHt8whaAT_QNGSpOTRbSw38o39P1GI?width=1280&height=800
16-12-2024,3427.883789,3500.465405,3418.711442,3494.483407,1295227,16,Titan Company,TITAN.NS,Stock,Consumer Goods,https://1drv.ms/i/c/8705623eb284e7df/IQS8GwTOCu08Rb4ZsKHt8whaAT_QNGSpOTRbSw38o39P1GI?width=1280&height=800
17-12-2024,3395.880371,3439.050258,3387.405875,3411.782466,1005604,16,Titan Company,TITAN.NS,Stock,Consumer Goods,https://1drv.ms/i/c/8705623eb284e7df/IQS8GwTOCu08Rb4ZsKHt8whaAT_QNGSpOTRbSw38o39P1GI?width=1280&height=800
18-12-2024,3391.692627,3413.726414,3379.82843,3390.994776,646145,16,Titan Company,TITAN.NS,Stock,Consumer Goods,https://1drv.ms/i/c/8705623eb284e7df/IQS8GwTOCu08Rb4ZsKHt8whaAT_QNGSpOTRbSw38o39P1GI?width=1280&height=800
19-12-2024,3346.778076,3389.748611,3322.00254,3339.549829,732634,16,Titan Company,TITAN.NS,Stock,Consumer Goods,https://1drv.ms/i/c/8705623eb284e7df/IQS8GwTOCu08Rb4ZsKHt8whaAT_QNGSpOTRbSw38o39P1GI?width=1280&height=800
20-12-2024,3346.179688,3408.741408,3323.148901,3339.94844,1235769,16,Titan Company,TITAN.NS,Stock,Consumer Goods,https://1drv.ms/i/c/8705623eb284e7df/IQS8GwTOCu08Rb4ZsKHt8whaAT_QNGSpOTRbSw38o39P1GI?width=1280&height=800
23-12-2024,3386.757568,3396.079612,3326.638447,3367.964273,691202,16,Titan Company,TITAN.NS,Stock,Consumer Goods,https://1drv.ms/i/c/8705623eb284e7df/IQS8GwTOCu08Rb4ZsKHt8whaAT_QNGSpOTRbSw38o39P1GI?width=1280&height=800
24-12-2024,3343.338135,3408.741401,3328.183791,3375.192465,485245,16,Titan Company,TITAN.NS,Stock,Consumer Goods,https://1drv.ms/i/c/8705623eb284e7df/IQS8GwTOCu08Rb4ZsKHt8whaAT_QNGSpOTRbSw38o39P1GI?width=1280&height=800
26-12-2024,3313.079346,3361.732972,3302.710405,3354.903427,637094,16,Titan Company,TITAN.NS,Stock,Consumer Goods,https://1drv.ms/i/c/8705623eb284e7df/IQS8GwTOCu08Rb4ZsKHt8whaAT_QNGSpOTRbSw38o39P1GI?width=1280&height=800
27-12-2024,3299.270996,3334.96363,3291.195445,3309.889188,568989,16,Titan Company,TITAN.NS,Stock,Consumer Goods,https://1drv.ms/i/c/8705623eb284e7df/IQS8GwTOCu08Rb4ZsKHt8whaAT_QNGSpOTRbSw38o39P1GI?width=1280&height=800
30-12-2024,3247.57666,3307.994688,3237.706218,3300.018692,941859,16,Titan Company,TITAN.NS,Stock,Consumer Goods,https://1drv.ms/i/c/8705623eb284e7df/IQS8GwTOCu08Rb4ZsKHt8whaAT_QNGSpOTRbSw38o39P1GI?width=1280&height=800
31-12-2024,3243.388916,3265.821405,3221.106123,3240.248465,616440,16,Titan Company,TITAN.NS,Stock,Consumer Goods,https://1drv.ms/i/c/8705623eb284e7df/IQS8GwTOCu08Rb4ZsKHt8whaAT_QNGSpOTRbSw38o39P1GI?width=1280&height=800
01-01-2025,3244.087158,3260.088807,3234.316514,3238.254613,357376,16,Titan Company,TITAN.NS,Stock,Consumer Goods,https://1drv.ms/i/c/8705623eb284e7df/IQS8GwTOCu08Rb4ZsKHt8whaAT_QNGSpOTRbSw38o39P1GI?width=1280&height=800
02-01-2025,3378.781738,3390.745733,3241.245692,3254.206687,1152493,16,Titan Company,TITAN.NS,Stock,Consumer Goods,https://1drv.ms/i/c/8705623eb284e7df/IQS8GwTOCu08Rb4ZsKHt8whaAT_QNGSpOTRbSw38o39P1GI?width=1280&height=800
03-01-2025,3441.293457,3471.502593,3367.814638,3384.813529,1630862,16,Titan Company,TITAN.NS,Stock,Consumer Goods,https://1drv.ms/i/c/8705623eb284e7df/IQS8GwTOCu08Rb4ZsKHt8whaAT_QNGSpOTRbSw38o39P1GI?width=1280&height=800
06-01-2025,3459.987061,3517.91283,3430.874723,3479.528349,2145936,16,Titan Company,TITAN.NS,Stock,Consumer Goods,https://1drv.ms/i/c/8705623eb284e7df/IQS8GwTOCu08Rb4ZsKHt8whaAT_QNGSpOTRbSw38o39P1GI?width=1280&height=800
07-01-2025,3494.583252,3565.968274,3474.543463,3479.528461,2389563,16,Titan Company,TITAN.NS,Stock,Consumer Goods,https://1drv.ms/i/c/8705623eb284e7df/IQS8GwTOCu08Rb4ZsKHt8whaAT_QNGSpOTRbSw38o39P1GI?width=1280&height=800
08-01-2025,3473.596436,3503.955024,3381.124724,3477.185488,1317377,16,Titan Company,TITAN.NS,Stock,Consumer Goods,https://1drv.ms/i/c/8705623eb284e7df/IQS8GwTOCu08Rb4ZsKHt8whaAT_QNGSpOTRbSw38o39P1GI?width=1280&height=800
09-01-2025,3476.587402,3495.929097,3451.163913,3475.490605,826237,16,Titan Company,TITAN.NS,Stock,Consumer Goods,https://1drv.ms/i/c/8705623eb284e7df/IQS8GwTOCu08Rb4ZsKHt8whaAT_QNGSpOTRbSw38o39P1GI?width=1280&height=800
10-01-2025,3429.927734,3477.534463,3418.462239,3451.612475,570060,16,Titan Company,TITAN.NS,Stock,Consumer Goods,https://1drv.ms/i/c/8705623eb284e7df/IQS8GwTOCu08Rb4ZsKHt8whaAT_QNGSpOTRbSw38o39P1GI?width=1280&height=800
13-01-2025,3372.600342,3456.597557,3342.441104,3369.858593,1282557,16,Titan Company,TITAN.NS,Stock,Consumer Goods,https://1drv.ms/i/c/8705623eb284e7df/IQS8GwTOCu08Rb4ZsKHt8whaAT_QNGSpOTRbSw38o39P1GI?width=1280&height=800
14-01-2025,3312.531006,3418.711458,3300.068511,3389.798471,1133561,16,Titan Company,TITAN.NS,Stock,Consumer Goods,https://1drv.ms/i/c/8705623eb284e7df/IQS8GwTOCu08Rb4ZsKHt8whaAT_QNGSpOTRbSw38o39P1GI?width=1280&height=800
15-01-2025,3313.528076,3330.477069,3273.149594,3312.032577,1169593,16,Titan Company,TITAN.NS,Stock,Consumer Goods,https://1drv.ms/i/c/8705623eb284e7df/IQS8GwTOCu08Rb4ZsKHt8whaAT_QNGSpOTRbSw38o39P1GI?width=1280&height=800
16-01-2025,3306.947754,3328.832089,3272.152567,3317.017547,1170734,16,Titan Company,TITAN.NS,Stock,Consumer Goods,https://1drv.ms/i/c/8705623eb284e7df/IQS8GwTOCu08Rb4ZsKHt8whaAT_QNGSpOTRbSw38o39P1GI?width=1280&height=800
17-01-2025,3347.326172,3357.894464,3275.193401,3309.938689,559153,16,Titan Company,TITAN.NS,Stock,Consumer Goods,https://1drv.ms/i/c/8705623eb284e7df/IQS8GwTOCu08Rb4ZsKHt8whaAT_QNGSpOTRbSw38o39P1GI?width=1280&height=800
20-01-2025,3372.101807,3397.475397,3337.456071,3363.976357,722342,16,Titan Company,TITAN.NS,Stock,Consumer Goods,https://1drv.ms/i/c/8705623eb284e7df/IQS8GwTOCu08Rb4ZsKHt8whaAT_QNGSpOTRbSw38o39P1GI?width=1280&height=800
21-01-2025,3343.288574,3402.460352,3325.142987,3390.745607,1016047,16,Titan Company,TITAN.NS,Stock,Consumer Goods,https://1drv.ms/i/c/8705623eb284e7df/IQS8GwTOCu08Rb4ZsKHt8whaAT_QNGSpOTRbSw38o39P1GI?width=1280&height=800
22-01-2025,3346.37915,3374.843537,3324.644511,3344.734198,598329,16,Titan Company,TITAN.NS,Stock,Consumer Goods,https://1drv.ms/i/c/8705623eb284e7df/IQS8GwTOCu08Rb4ZsKHt8whaAT_QNGSpOTRbSw38o39P1GI?width=1280&height=800
23-01-2025,3388.353027,3422.699615,3315.522158,3346.379247,713603,16,Titan Company,TITAN.NS,Stock,Consumer Goods,https://1drv.ms/i/c/8705623eb284e7df/IQS8GwTOCu08Rb4ZsKHt8whaAT_QNGSpOTRbSw38o39P1GI?width=1280&height=800
24-01-2025,3391.941895,3437.305374,3370.307053,3396.77744,564244,16,Titan Company,TITAN.NS,Stock,Consumer Goods,https://1drv.ms/i/c/8705623eb284e7df/IQS8GwTOCu08Rb4ZsKHt8whaAT_QNGSpOTRbSw38o39P1GI?width=1280&height=800
27-01-2025,3309.390625,3391.742644,3297.326833,3377.834548,618309,16,Titan Company,TITAN.NS,Stock,Consumer Goods,https://1drv.ms/i/c/8705623eb284e7df/IQS8GwTOCu08Rb4ZsKHt8whaAT_QNGSpOTRbSw38o39P1GI?width=1280&height=800
28-01-2025,3315.920654,3360.735978,3289.649863,3309.390502,579957,16,Titan Company,TITAN.NS,Stock,Consumer Goods,https://1drv.ms/i/c/8705623eb284e7df/IQS8GwTOCu08Rb4ZsKHt8whaAT_QNGSpOTRbSw38o39P1GI?width=1280&height=800
29-01-2025,3360.63623,3364.873479,3299.121407,3329.180846,570137,16,Titan Company,TITAN.NS,Stock,Consumer Goods,https://1drv.ms/i/c/8705623eb284e7df/IQS8GwTOCu08Rb4ZsKHt8whaAT_QNGSpOTRbSw38o39P1GI?width=1280&height=800
30-01-2025,3358.293213,3379.828501,3335.162872,3360.536462,688608,16,Titan Company,TITAN.NS,Stock,Consumer Goods,https://1drv.ms/i/c/8705623eb284e7df/IQS8GwTOCu08Rb4ZsKHt8whaAT_QNGSpOTRbSw38o39P1GI?width=1280&height=800
31-01-2025,3479.777832,3516.866168,3382.221324,3389.798619,1212261,16,Titan Company,TITAN.NS,Stock,Consumer Goods,https://1drv.ms/i/c/8705623eb284e7df/IQS8GwTOCu08Rb4ZsKHt8whaAT_QNGSpOTRbSw38o39P1GI?width=1280&height=800
01-02-2025,3541.342529,3624.242948,3397.774589,3516.41754,2186692,16,Titan Company,TITAN.NS,Stock,Consumer Goods,https://1drv.ms/i/c/8705623eb284e7df/IQS8GwTOCu08Rb4ZsKHt8whaAT_QNGSpOTRbSw38o39P1GI?width=1280&height=800
03-02-2025,3569.557617,3631.620841,3541.093231,3554.303475,1543897,16,Titan Company,TITAN.NS,Stock,Consumer Goods,https://1drv.ms/i/c/8705623eb284e7df/IQS8GwTOCu08Rb4ZsKHt8whaAT_QNGSpOTRbSw38o39P1GI?width=1280&height=800
04-02-2025,3586.905273,3603.156415,3509.438456,3579.228425,1279779,16,Titan Company,TITAN.NS,Stock,Consumer Goods,https://1drv.ms/i/c/8705623eb284e7df/IQS8GwTOCu08Rb4ZsKHt8whaAT_QNGSpOTRbSw38o39P1GI?width=1280&height=800
05-02-2025,3480.425781,3641.042513,3461.781938,3585.210536,2165947,16,Titan Company,TITAN.NS,Stock,Consumer Goods,https://1drv.ms/i/c/8705623eb284e7df/IQS8GwTOCu08Rb4ZsKHt8whaAT_QNGSpOTRbSw38o39P1GI?width=1280&height=800
06-02-2025,3400.516357,3493.735819,3387.65516,3480.425777,1059617,16,Titan Company,TITAN.NS,Stock,Consumer Goods,https://1drv.ms/i/c/8705623eb284e7df/IQS8GwTOCu08Rb4ZsKHt8whaAT_QNGSpOTRbSw38o39P1GI?width=1280&height=800
07-02-2025,3414.52417,3443.536711,3378.033888,3404.653728,740155,16,Titan Company,TITAN.NS,Stock,Consumer Goods,https://1drv.ms/i/c/8705623eb284e7df/IQS8GwTOCu08Rb4ZsKHt8whaAT_QNGSpOTRbSw38o39P1GI?width=1280&height=800
10-02-2025,3317.466064,3414.723418,3301.065471,3404.753423,904436,16,Titan Company,TITAN.NS,Stock,Consumer Goods,https://1drv.ms/i/c/8705623eb284e7df/IQS8GwTOCu08Rb4ZsKHt8whaAT_QNGSpOTRbSw38o39P1GI?width=1280&height=800
11-02-2025,3271.953125,3337.954446,3261.783778,3324.694303,903965,16,Titan Company,TITAN.NS,Stock,Consumer Goods,https://1drv.ms/i/c/8705623eb284e7df/IQS8GwTOCu08Rb4ZsKHt8whaAT_QNGSpOTRbSw38o39P1GI?width=1280&height=800
12-02-2025,3245.682129,3307.446202,3202.960844,3272.900265,774619,16,Titan Company,TITAN.NS,Stock,Consumer Goods,https://1drv.ms/i/c/8705623eb284e7df/IQS8GwTOCu08Rb4ZsKHt8whaAT_QNGSpOTRbSw38o39P1GI?width=1280&height=800
13-02-2025,3221.804199,3268.114782,3205.553057,3240.497942,727243,16,Titan Company,TITAN.NS,Stock,Consumer Goods,https://1drv.ms/i/c/8705623eb284e7df/IQS8GwTOCu08Rb4ZsKHt8whaAT_QNGSpOTRbSw38o39P1GI?width=1280&height=800
14-02-2025,3203.608887,3243.23962,3176.889249,3226.589776,587411,16,Titan Company,TITAN.NS,Stock,Consumer Goods,https://1drv.ms/i/c/8705623eb284e7df/IQS8GwTOCu08Rb4ZsKHt8whaAT_QNGSpOTRbSw38o39P1GI?width=1280&height=800
17-02-2025,3223.499023,3228.78317,3166.470696,3185.662938,712614,16,Titan Company,TITAN.NS,Stock,Consumer Goods,https://1drv.ms/i/c/8705623eb284e7df/IQS8GwTOCu08Rb4ZsKHt8whaAT_QNGSpOTRbSw38o39P1GI?width=1280&height=800
18-02-2025,3212.183105,3234.266548,3182.72172,3225.094201,592636,16,Titan Company,TITAN.NS,Stock,Consumer Goods,https://1drv.ms/i/c/8705623eb284e7df/IQS8GwTOCu08Rb4ZsKHt8whaAT_QNGSpOTRbSw38o39P1GI?width=1280&height=800
19-02-2025,3200.667725,3243.887509,3182.223233,3210.338572,521953,16,Titan Company,TITAN.NS,Stock,Consumer Goods,https://1drv.ms/i/c/8705623eb284e7df/IQS8GwTOCu08Rb4ZsKHt8whaAT_QNGSpOTRbSw38o39P1GI?width=1280&height=800
20-02-2025,3181.874268,3208.992608,3178.58412,3200.368659,653151,16,Titan Company,TITAN.NS,Stock,Consumer Goods,https://1drv.ms/i/c/8705623eb284e7df/IQS8GwTOCu08Rb4ZsKHt8whaAT_QNGSpOTRbSw38o39P1GI?width=1280&height=800
21-02-2025,3170.358887,3196.330775,3152.761941,3181.874281,407794,16,Titan Company,TITAN.NS,Stock,Consumer Goods,https://1drv.ms/i/c/8705623eb284e7df/IQS8GwTOCu08Rb4ZsKHt8whaAT_QNGSpOTRbSw38o39P1GI?width=1280&height=800
24-02-2025,3163.479492,3178.384586,3121.605512,3121.605512,431232,16,Titan Company,TITAN.NS,Stock,Consumer Goods,https://1drv.ms/i/c/8705623eb284e7df/IQS8GwTOCu08Rb4ZsKHt8whaAT_QNGSpOTRbSw38o39P1GI?width=1280&height=800
25-02-2025,3189.202148,3201.863994,3127.138928,3130.578527,642281,16,Titan Company,TITAN.NS,Stock,Consumer Goods,https://1drv.ms/i/c/8705623eb284e7df/IQS8GwTOCu08Rb4ZsKHt8whaAT_QNGSpOTRbSw38o39P1GI?width=1280&height=800
27-02-2025,3213.429443,3218.314644,3167.417767,3189.202305,604023,16,Titan Company,TITAN.NS,Stock,Consumer Goods,https://1drv.ms/i/c/8705623eb284e7df/IQS8GwTOCu08Rb4ZsKHt8whaAT_QNGSpOTRbSw38o39P1GI?width=1280&height=800
28-02-2025,3068.016846,3208.294633,3050.818604,3192.392539,1322618,16,Titan Company,TITAN.NS,Stock,Consumer Goods,https://1drv.ms/i/c/8705623eb284e7df/IQS8GwTOCu08Rb4ZsKHt8whaAT_QNGSpOTRbSw38o39P1GI?width=1280&height=800
03-03-2025,3072.752686,3092.792474,3048.575446,3080.728682,516171,16,Titan Company,TITAN.NS,Stock,Consumer Goods,https://1drv.ms/i/c/8705623eb284e7df/IQS8GwTOCu08Rb4ZsKHt8whaAT_QNGSpOTRbSw38o39P1GI?width=1280&height=800
04-03-2025,3039.353271,3060.788763,3007.947784,3040.848771,1186136,16,Titan Company,TITAN.NS,Stock,Consumer Goods,https://1drv.ms/i/c/8705623eb284e7df/IQS8GwTOCu08Rb4ZsKHt8whaAT_QNGSpOTRbSw38o39P1GI?width=1280&height=800
05-03-2025,3077.289063,3098.126256,3026.591537,3039.35318,579883,16,Titan Company,TITAN.NS,Stock,Consumer Goods,https://1drv.ms/i/c/8705623eb284e7df/IQS8GwTOCu08Rb4ZsKHt8whaAT_QNGSpOTRbSw38o39P1GI?width=1280&height=800
06-03-2025,3111.735352,3122.253502,3037.857589,3081.924919,1399483,16,Titan Company,TITAN.NS,Stock,Consumer Goods,https://1drv.ms/i/c/8705623eb284e7df/IQS8GwTOCu08Rb4ZsKHt8whaAT_QNGSpOTRbSw38o39P1GI?width=1280&height=800
07-03-2025,3070.110596,3115.224824,3065.424503,3111.735326,1020056,16,Titan Company,TITAN.NS,Stock,Consumer Goods,https://1drv.ms/i/c/8705623eb284e7df/IQS8GwTOCu08Rb4ZsKHt8whaAT_QNGSpOTRbSw38o39P1GI?width=1280&height=800
10-03-2025,3017.718262,3073.749587,3012.035413,3070.758589,855408,16,Titan Company,TITAN.NS,Stock,Consumer Goods,https://1drv.ms/i/c/8705623eb284e7df/IQS8GwTOCu08Rb4ZsKHt8whaAT_QNGSpOTRbSw38o39P1GI?width=1280&height=800
11-03-2025,3037.259277,3046.730773,3000.968592,3005.953589,576260,16,Titan Company,TITAN.NS,Stock,Consumer Goods,https://1drv.ms/i/c/8705623eb284e7df/IQS8GwTOCu08Rb4ZsKHt8whaAT_QNGSpOTRbSw38o39P1GI?width=1280&height=800
12-03-2025,3009.891846,3044.637379,2987.060653,3028.286439,489535,16,Titan Company,TITAN.NS,Stock,Consumer Goods,https://1drv.ms/i/c/8705623eb284e7df/IQS8GwTOCu08Rb4ZsKHt8whaAT_QNGSpOTRbSw38o39P1GI?width=1280&height=800
13-03-2025,3001.118164,3040.350195,2991.297864,3010.34041,785215,16,Titan Company,TITAN.NS,Stock,Consumer Goods,https://1drv.ms/i/c/8705623eb284e7df/IQS8GwTOCu08Rb4ZsKHt8whaAT_QNGSpOTRbSw38o39P1GI?width=1280&height=800
17-03-2025,3008.296631,3027.289277,2976.093497,2976.093497,632348,16,Titan Company,TITAN.NS,Stock,Consumer Goods,https://1drv.ms/i/c/8705623eb284e7df/IQS8GwTOCu08Rb4ZsKHt8whaAT_QNGSpOTRbSw38o39P1GI?width=1280&height=800
18-03-2025,3008.296631,3008.296631,3008.296631,3008.296631,0,16,Titan Company,TITAN.NS,Stock,Consumer Goods,https://1drv.ms/i/c/8705623eb284e7df/IQS8GwTOCu08Rb4ZsKHt8whaAT_QNGSpOTRbSw38o39P1GI?width=1280&height=800
19-03-2025,3067.069824,3085.713667,3049.024035,3078.784569,730983,16,Titan Company,TITAN.NS,Stock,Consumer Goods,https://1drv.ms/i/c/8705623eb284e7df/IQS8GwTOCu08Rb4ZsKHt8whaAT_QNGSpOTRbSw38o39P1GI?width=1280&height=800
20-03-2025,3183.519287,3195.383484,3070.758543,3090.698534,1542807,16,Titan Company,TITAN.NS,Stock,Consumer Goods,https://1drv.ms/i/c/8705623eb284e7df/IQS8GwTOCu08Rb4ZsKHt8whaAT_QNGSpOTRbSw38o39P1GI?width=1280&height=800
21-03-2025,3153.210449,3180.428586,3145.483703,3177.387688,1181974,16,Titan Company,TITAN.NS,Stock,Consumer Goods,https://1drv.ms/i/c/8705623eb284e7df/IQS8GwTOCu08Rb4ZsKHt8whaAT_QNGSpOTRbSw38o39P1GI?width=1280&height=800
24-03-2025,3069.861328,3166.420586,3065.773533,3158.69384,1481216,16,Titan Company,TITAN.NS,Stock,Consumer Goods,https://1drv.ms/i/c/8705623eb284e7df/IQS8GwTOCu08Rb4ZsKHt8whaAT_QNGSpOTRbSw38o39P1GI?width=1280&height=800
25-03-2025,3044.537598,3090.648829,3036.860749,3075.743733,1174346,16,Titan Company,TITAN.NS,Stock,Consumer Goods,https://1drv.ms/i/c/8705623eb284e7df/IQS8GwTOCu08Rb4ZsKHt8whaAT_QNGSpOTRbSw38o39P1GI?width=1280&height=800
26-03-2025,3048.326172,3068.515413,3025.445081,3059.741768,1010449,16,Titan Company,TITAN.NS,Stock,Consumer Goods,https://1drv.ms/i/c/8705623eb284e7df/IQS8GwTOCu08Rb4ZsKHt8whaAT_QNGSpOTRbSw38o39P1GI?width=1280&height=800
27-03-2025,3078.385498,3088.405392,3038.405963,3038.405963,1635143,16,Titan Company,TITAN.NS,Stock,Consumer Goods,https://1drv.ms/i/c/8705623eb284e7df/IQS8GwTOCu08Rb4ZsKHt8whaAT_QNGSpOTRbSw38o39P1GI?width=1280&height=800
28-03-2025,3054.158691,3102.463271,3041.895548,3084.71663,778417,16,Titan Company,TITAN.NS,Stock,Consumer Goods,https://1drv.ms/i/c/8705623eb284e7df/IQS8GwTOCu08Rb4ZsKHt8whaAT_QNGSpOTRbSw38o39P1GI?width=1280&height=800
01-04-2025,2977.987793,3066.471504,2973.052694,3044.537514,1068622,16,Titan Company,TITAN.NS,Stock,Consumer Goods,https://1drv.ms/i/c/8705623eb284e7df/IQS8GwTOCu08Rb4ZsKHt8whaAT_QNGSpOTRbSw38o39P1GI?width=1280&height=800
02-04-2025,3089.15332,3095.683716,2962.235224,3001.965755,1674921,16,Titan Company,TITAN.NS,Stock,Consumer Goods,https://1drv.ms/i/c/8705623eb284e7df/IQS8GwTOCu08Rb4ZsKHt8whaAT_QNGSpOTRbSw38o39P1GI?width=1280&height=800
03-04-2025,3118.166016,3141.545607,3058.794643,3061.785642,1115568,16,Titan Company,TITAN.NS,Stock,Consumer Goods,https://1drv.ms/i/c/8705623eb284e7df/IQS8GwTOCu08Rb4ZsKHt8whaAT_QNGSpOTRbSw38o39P1GI?width=1280&height=800
04-04-2025,3066.969971,3105.553805,3040.848631,3089.701609,901801,16,Titan Company,TITAN.NS,Stock,Consumer Goods,https://1drv.ms/i/c/8705623eb284e7df/IQS8GwTOCu08Rb4ZsKHt8whaAT_QNGSpOTRbSw38o39P1GI?width=1280&height=800
07-04-2025,3013.13208,3038.854718,2916.22377,2916.22377,1378989,16,Titan Company,TITAN.NS,Stock,Consumer Goods,https://1drv.ms/i/c/8705623eb284e7df/IQS8GwTOCu08Rb4ZsKHt8whaAT_QNGSpOTRbSw38o39P1GI?width=1280&height=800
08-04-2025,3112.931885,3217.566944,3091.695745,3140.249576,2830156,16,Titan Company,TITAN.NS,Stock,Consumer Goods,https://1drv.ms/i/c/8705623eb284e7df/IQS8GwTOCu08Rb4ZsKHt8whaAT_QNGSpOTRbSw38o39P1GI?width=1280&height=800
09-04-2025,3164.625977,3178.683767,3081.426414,3128.435088,1215988,16,Titan Company,TITAN.NS,Stock,Consumer Goods,https://1drv.ms/i/c/8705623eb284e7df/IQS8GwTOCu08Rb4ZsKHt8whaAT_QNGSpOTRbSw38o39P1GI?width=1280&height=800
11-04-2025,3225.193848,3232.82104,3191.644909,3212.33265,814920,16,Titan Company,TITAN.NS,Stock,Consumer Goods,https://1drv.ms/i/c/8705623eb284e7df/IQS8GwTOCu08Rb4ZsKHt8whaAT_QNGSpOTRbSw38o39P1GI?width=1280&height=800
15-04-2025,3263.578369,3275.143662,3235.363475,3260.188668,1121769,16,Titan Company,TITAN.NS,Stock,Consumer Goods,https://1drv.ms/i/c/8705623eb284e7df/IQS8GwTOCu08Rb4ZsKHt8whaAT_QNGSpOTRbSw38o39P1GI?width=1280&height=800
16-04-2025,3262.282471,3276.140668,3235.363482,3240.248682,889943,16,Titan Company,TITAN.NS,Stock,Consumer Goods,https://1drv.ms/i/c/8705623eb284e7df/IQS8GwTOCu08Rb4ZsKHt8whaAT_QNGSpOTRbSw38o39P1GI?width=1280&height=800
17-04-2025,3317.516113,3324.794259,3201.565013,3240.248646,1083612,16,Titan Company,TITAN.NS,Stock,Consumer Goods,https://1drv.ms/i/c/8705623eb284e7df/IQS8GwTOCu08Rb4ZsKHt8whaAT_QNGSpOTRbSw38o39P1GI?width=1280&height=800
21-04-2025,3326.090332,3343.438027,3280.128555,3304.056544,672129,16,Titan Company,TITAN.NS,Stock,Consumer Goods,https://1drv.ms/i/c/8705623eb284e7df/IQS8GwTOCu08Rb4ZsKHt8whaAT_QNGSpOTRbSw38o39P1GI?width=1280&height=800
22-04-2025,3327.38623,3348.722167,3310.138333,3326.090326,609213,16,Titan Company,TITAN.NS,Stock,Consumer Goods,https://1drv.ms/i/c/8705623eb284e7df/IQS8GwTOCu08Rb4ZsKHt8whaAT_QNGSpOTRbSw38o39P1GI?width=1280&height=800
23-04-2025,3347.226563,3363.577257,3305.551934,3346.927414,628656,16,Titan Company,TITAN.NS,Stock,Consumer Goods,https://1drv.ms/i/c/8705623eb284e7df/IQS8GwTOCu08Rb4ZsKHt8whaAT_QNGSpOTRbSw38o39P1GI?width=1280&height=800
24-04-2025,3372.450928,3384.813625,3333.966646,3346.728289,901747,16,Titan Company,TITAN.NS,Stock,Consumer Goods,https://1drv.ms/i/c/8705623eb284e7df/IQS8GwTOCu08Rb4ZsKHt8whaAT_QNGSpOTRbSw38o39P1GI?width=1280&height=800
25-04-2025,3355.102783,3409.239907,3306.050455,3372.450721,704325,16,Titan Company,TITAN.NS,Stock,Consumer Goods,https://1drv.ms/i/c/8705623eb284e7df/IQS8GwTOCu08Rb4ZsKHt8whaAT_QNGSpOTRbSw38o39P1GI?width=1280&height=800
28-04-2025,3358.991211,3387.206103,3340.945422,3345.93042,384147,16,Titan Company,TITAN.NS,Stock,Consumer Goods,https://1drv.ms/i/c/8705623eb284e7df/IQS8GwTOCu08Rb4ZsKHt8whaAT_QNGSpOTRbSw38o39P1GI?width=1280&height=800
29-04-2025,3368.462891,3387.804585,3343.936604,3365.770797,575435,16,Titan Company,TITAN.NS,Stock,Consumer Goods,https://1drv.ms/i/c/8705623eb284e7df/IQS8GwTOCu08Rb4ZsKHt8whaAT_QNGSpOTRbSw38o39P1GI?width=1280&height=800
30-04-2025,3369.559326,3398.771462,3344.235635,3363.876477,708818,16,Titan Company,TITAN.NS,Stock,Consumer Goods,https://1drv.ms/i/c/8705623eb284e7df/IQS8GwTOCu08Rb4ZsKHt8whaAT_QNGSpOTRbSw38o39P1GI?width=1280&height=800
02-05-2025,3331.972656,3371.35414,3314.026663,3352.012446,514587,16,Titan Company,TITAN.NS,Stock,Consumer Goods,https://1drv.ms/i/c/8705623eb284e7df/IQS8GwTOCu08Rb4ZsKHt8whaAT_QNGSpOTRbSw38o39P1GI?width=1280&height=800
05-05-2025,3311.833252,3398.273067,3297.077609,3347.625439,565178,16,Titan Company,TITAN.NS,Stock,Consumer Goods,https://1drv.ms/i/c/8705623eb284e7df/IQS8GwTOCu08Rb4ZsKHt8whaAT_QNGSpOTRbSw38o39P1GI?width=1280&height=800
06-05-2025,3289.400635,3315.322623,3235.762011,3311.833124,650789,16,Titan Company,TITAN.NS,Stock,Consumer Goods,https://1drv.ms/i/c/8705623eb284e7df/IQS8GwTOCu08Rb4ZsKHt8whaAT_QNGSpOTRbSw38o39P1GI?width=1280&height=800
07-05-2025,3328.881836,3370.855616,3250.418017,3270.158657,1047443,16,Titan Company,TITAN.NS,Stock,Consumer Goods,https://1drv.ms/i/c/8705623eb284e7df/IQS8GwTOCu08Rb4ZsKHt8whaAT_QNGSpOTRbSw38o39P1GI?width=1280&height=800
08-05-2025,3359.190674,3402.261006,3315.023545,3339.848736,1597339,16,Titan Company,TITAN.NS,Stock,Consumer Goods,https://1drv.ms/i/c/8705623eb284e7df/IQS8GwTOCu08Rb4ZsKHt8whaAT_QNGSpOTRbSw38o39P1GI?width=1280&height=800
09-05-2025,3499.767578,3519.408421,3344.135851,3356.897494,2863992,16,Titan Company,TITAN.NS,Stock,Consumer Goods,https://1drv.ms/i/c/8705623eb284e7df/IQS8GwTOCu08Rb4ZsKHt8whaAT_QNGSpOTRbSw38o39P1GI?width=1280&height=800
12-05-2025,3552.209717,3574.243505,3519.707676,3526.586876,956930,16,Titan Company,TITAN.NS,Stock,Consumer Goods,https://1drv.ms/i/c/8705623eb284e7df/IQS8GwTOCu08Rb4ZsKHt8whaAT_QNGSpOTRbSw38o39P1GI?width=1280&height=800
13-05-2025,3552.508789,3577.633129,3529.478245,3552.209641,996541,16,Titan Company,TITAN.NS,Stock,Consumer Goods,https://1drv.ms/i/c/8705623eb284e7df/IQS8GwTOCu08Rb4ZsKHt8whaAT_QNGSpOTRbSw38o39P1GI?width=1280&height=800
14-05-2025,3576.835693,3599.168386,3539.348413,3544.333411,588159,16,Titan Company,TITAN.NS,Stock,Consumer Goods,https://1drv.ms/i/c/8705623eb284e7df/IQS8GwTOCu08Rb4ZsKHt8whaAT_QNGSpOTRbSw38o39P1GI?width=1280&height=800
15-05-2025,3625.887939,3654.003278,3543.236532,3586.207309,1227751,16,Titan Company,TITAN.NS,Stock,Consumer Goods,https://1drv.ms/i/c/8705623eb284e7df/IQS8GwTOCu08Rb4ZsKHt8whaAT_QNGSpOTRbSw38o39P1GI?width=1280&height=800
16-05-2025,3622.797363,3644.930706,3602.558223,3643.036504,525064,16,Titan Company,TITAN.NS,Stock,Consumer Goods,https://1drv.ms/i/c/8705623eb284e7df/IQS8GwTOCu08Rb4ZsKHt8whaAT_QNGSpOTRbSw38o39P1GI?width=1280&height=800
19-05-2025,3606.845215,3638.549849,3600.564069,3606.147364,376760,16,Titan Company,TITAN.NS,Stock,Consumer Goods,https://1drv.ms/i/c/8705623eb284e7df/IQS8GwTOCu08Rb4ZsKHt8whaAT_QNGSpOTRbSw38o39P1GI?width=1280&height=800
20-05-2025,3569.856689,3609.138374,3564.373192,3606.845227,811416,16,Titan Company,TITAN.NS,Stock,Consumer Goods,https://1drv.ms/i/c/8705623eb284e7df/IQS8GwTOCu08Rb4ZsKHt8whaAT_QNGSpOTRbSw38o39P1GI?width=1280&height=800
21-05-2025,3569.756836,3612.229114,3556.596491,3559.288341,415016,16,Titan Company,TITAN.NS,Stock,Consumer Goods,https://1drv.ms/i/c/8705623eb284e7df/IQS8GwTOCu08Rb4ZsKHt8whaAT_QNGSpOTRbSw38o39P1GI?width=1280&height=800
22-05-2025,3530.375488,3564.273474,3505.550296,3554.303478,709846,16,Titan Company,TITAN.NS,Stock,Consumer Goods,https://1drv.ms/i/c/8705623eb284e7df/IQS8GwTOCu08Rb4ZsKHt8whaAT_QNGSpOTRbSw38o39P1GI?width=1280&height=800
23-05-2025,3568.959229,3595.479514,3512.429403,3520.405399,416717,16,Titan Company,TITAN.NS,Stock,Consumer Goods,https://1drv.ms/i/c/8705623eb284e7df/IQS8GwTOCu08Rb4ZsKHt8whaAT_QNGSpOTRbSw38o39P1GI?width=1280&height=800
26-05-2025,3599.467529,3629.078367,3559.687101,3565.270396,525514,16,Titan Company,TITAN.NS,Stock,Consumer Goods,https://1drv.ms/i/c/8705623eb284e7df/IQS8GwTOCu08Rb4ZsKHt8whaAT_QNGSpOTRbSw38o39P1GI?width=1280&height=800
27-05-2025,3578.630127,3628.081403,3551.511788,3604.153413,1019733,16,Titan Company,TITAN.NS,Stock,Consumer Goods,https://1drv.ms/i/c/8705623eb284e7df/IQS8GwTOCu08Rb4ZsKHt8whaAT_QNGSpOTRbSw38o39P1GI?width=1280&height=800
28-05-2025,3563.974365,3590.7938,3534.363526,3584.213505,449324,16,Titan Company,TITAN.NS,Stock,Consumer Goods,https://1drv.ms/i/c/8705623eb284e7df/IQS8GwTOCu08Rb4ZsKHt8whaAT_QNGSpOTRbSw38o39P1GI?width=1280&height=800
29-05-2025,3577.533691,3589.198538,3549.418352,3569.258546,513095,16,Titan Company,TITAN.NS,Stock,Consumer Goods,https://1drv.ms/i/c/8705623eb284e7df/IQS8GwTOCu08Rb4ZsKHt8whaAT_QNGSpOTRbSw38o39P1GI?width=1280&height=800
30-05-2025,3544.333496,3594.183475,3531.472299,3569.258486,962944,16,Titan Company,TITAN.NS,Stock,Consumer Goods,https://1drv.ms/i/c/8705623eb284e7df/IQS8GwTOCu08Rb4ZsKHt8whaAT_QNGSpOTRbSw38o39P1GI?width=1280&height=800
02-06-2025,3514.921875,3531.372367,3465.4706,3514.523173,726392,16,Titan Company,TITAN.NS,Stock,Consumer Goods,https://1drv.ms/i/c/8705623eb284e7df/IQS8GwTOCu08Rb4ZsKHt8whaAT_QNGSpOTRbSw38o39P1GI?width=1280&height=800
03-06-2025,3509.239014,3569.258337,3492.987873,3514.921862,676943,16,Titan Company,TITAN.NS,Stock,Consumer Goods,https://1drv.ms/i/c/8705623eb284e7df/IQS8GwTOCu08Rb4ZsKHt8whaAT_QNGSpOTRbSw38o39P1GI?width=1280&height=800
04-06-2025,3489.299072,3509.239063,3475.54043,3495.580218,410354,16,Titan Company,TITAN.NS,Stock,Consumer Goods,https://1drv.ms/i/c/8705623eb284e7df/IQS8GwTOCu08Rb4ZsKHt8whaAT_QNGSpOTRbSw38o39P1GI?width=1280&height=800
05-06-2025,3493.486572,3524.39356,3463.775936,3488.202426,608651,16,Titan Company,TITAN.NS,Stock,Consumer Goods,https://1drv.ms/i/c/8705623eb284e7df/IQS8GwTOCu08Rb4ZsKHt8whaAT_QNGSpOTRbSw38o39P1GI?width=1280&height=800
06-06-2025,3549.21875,3560.185746,3475.739929,3513.426562,602422,16,Titan Company,TITAN.NS,Stock,Consumer Goods,https://1drv.ms/i/c/8705623eb284e7df/IQS8GwTOCu08Rb4ZsKHt8whaAT_QNGSpOTRbSw38o39P1GI?width=1280&height=800
09-06-2025,3523.296631,3569.258408,3510.634785,3554.104063,540262,16,Titan Company,TITAN.NS,Stock,Consumer Goods,https://1drv.ms/i/c/8705623eb284e7df/IQS8GwTOCu08Rb4ZsKHt8whaAT_QNGSpOTRbSw38o39P1GI?width=1280&height=800
10-06-2025,3513.625732,3534.363372,3495.580187,3534.363372,561695,16,Titan Company,TITAN.NS,Stock,Consumer Goods,https://1drv.ms/i/c/8705623eb284e7df/IQS8GwTOCu08Rb4ZsKHt8whaAT_QNGSpOTRbSw38o39P1GI?width=1280&height=800
11-06-2025,3530.973633,3538.351332,3494.483353,3514.423343,505077,16,Titan Company,TITAN.NS,Stock,Consumer Goods,https://1drv.ms/i/c/8705623eb284e7df/IQS8GwTOCu08Rb4ZsKHt8whaAT_QNGSpOTRbSw38o39P1GI?width=1280&height=800
12-06-2025,3442.340332,3549.119082,3435.161984,3537.354439,811822,16,Titan Company,TITAN.NS,Stock,Consumer Goods,https://1drv.ms/i/c/8705623eb284e7df/IQS8GwTOCu08Rb4ZsKHt8whaAT_QNGSpOTRbSw38o39P1GI?width=1280&height=800
13-06-2025,3411.632813,3430.476251,3372.849626,3399.469466,821750,16,Titan Company,TITAN.NS,Stock,Consumer Goods,https://1drv.ms/i/c/8705623eb284e7df/IQS8GwTOCu08Rb4ZsKHt8whaAT_QNGSpOTRbSw38o39P1GI?width=1280&height=800
16-06-2025,3427.78418,3443.337226,3386.009753,3400.765395,534665,16,Titan Company,TITAN.NS,Stock,Consumer Goods,https://1drv.ms/i/c/8705623eb284e7df/IQS8GwTOCu08Rb4ZsKHt8whaAT_QNGSpOTRbSw38o39P1GI?width=1280&height=800
17-06-2025,3395.481445,3427.285878,3385.212301,3417.714585,1000345,16,Titan Company,TITAN.NS,Stock,Consumer Goods,https://1drv.ms/i/c/8705623eb284e7df/IQS8GwTOCu08Rb4ZsKHt8whaAT_QNGSpOTRbSw38o39P1GI?width=1280&height=800
18-06-2025,3457.39502,3469.558365,3379.828407,3395.7804,972739,16,Titan Company,TITAN.NS,Stock,Consumer Goods,https://1drv.ms/i/c/8705623eb284e7df/IQS8GwTOCu08Rb4ZsKHt8whaAT_QNGSpOTRbSw38o39P1GI?width=1280&height=800
19-06-2025,3494.88208,3511.033667,3457.395044,3468.362038,1022566,16,Titan Company,TITAN.NS,Stock,Consumer Goods,https://1drv.ms/i/c/8705623eb284e7df/IQS8GwTOCu08Rb4ZsKHt8whaAT_QNGSpOTRbSw38o39P1GI?width=1280&height=800
20-06-2025,3508.441406,3534.363394,3478.53142,3489.498415,2941214,16,Titan Company,TITAN.NS,Stock,Consumer Goods,https://1drv.ms/i/c/8705623eb284e7df/IQS8GwTOCu08Rb4ZsKHt8whaAT_QNGSpOTRbSw38o39P1GI?width=1280&height=800
23-06-2025,3495.181396,3517.913036,3462.579559,3469.757907,643325,16,Titan Company,TITAN.NS,Stock,Consumer Goods,https://1drv.ms/i/c/8705623eb284e7df/IQS8GwTOCu08Rb4ZsKHt8whaAT_QNGSpOTRbSw38o39P1GI?width=1280&height=800
24-06-2025,3515.42041,3556.297392,3495.580216,3512.529209,968797,16,Titan Company,TITAN.NS,Stock,Consumer Goods,https://1drv.ms/i/c/8705623eb284e7df/IQS8GwTOCu08Rb4ZsKHt8whaAT_QNGSpOTRbSw38o39P1GI?width=1280&height=800
25-06-2025,3641.241699,3654.003342,3539.348394,3539.348394,2697912,16,Titan Company,TITAN.NS,Stock,Consumer Goods,https://1drv.ms/i/c/8705623eb284e7df/IQS8GwTOCu08Rb4ZsKHt8whaAT_QNGSpOTRbSw38o39P1GI?width=1280&height=800
26-06-2025,3683.614258,3689.396904,3633.066428,3644.033424,1620497,16,Titan Company,TITAN.NS,Stock,Consumer Goods,https://1drv.ms/i/c/8705623eb284e7df/IQS8GwTOCu08Rb4ZsKHt8whaAT_QNGSpOTRbSw38o39P1GI?width=1280&height=800
27-06-2025,3655.199707,3697.971134,3648.519859,3688.898341,601285,16,Titan Company,TITAN.NS,Stock,Consumer Goods,https://1drv.ms/i/c/8705623eb284e7df/IQS8GwTOCu08Rb4ZsKHt8whaAT_QNGSpOTRbSw38o39P1GI?width=1280&height=800
30-06-2025,3679.127686,3687.40283,3641.042351,3655.199696,921775,16,Titan Company,TITAN.NS,Stock,Consumer Goods,https://1drv.ms/i/c/8705623eb284e7df/IQS8GwTOCu08Rb4ZsKHt8whaAT_QNGSpOTRbSw38o39P1GI?width=1280&height=800
01-07-2025,3689.396973,3715.318962,3655.997486,3687.901473,947173,16,Titan Company,TITAN.NS,Stock,Consumer Goods,https://1drv.ms/i/c/8705623eb284e7df/IQS8GwTOCu08Rb4ZsKHt8whaAT_QNGSpOTRbSw38o39P1GI?width=1280&height=800
02-07-2025,3696.874268,3710.732464,3677.931276,3693.883269,583514,16,Titan Company,TITAN.NS,Stock,Consumer Goods,https://1drv.ms/i/c/8705623eb284e7df/IQS8GwTOCu08Rb4ZsKHt8whaAT_QNGSpOTRbSw38o39P1GI?width=1280&height=800
03-07-2025,3667.662354,3701.759691,3661.181856,3690.892493,528710,16,Titan Company,TITAN.NS,Stock,Consumer Goods,https://1drv.ms/i/c/8705623eb284e7df/IQS8GwTOCu08Rb4ZsKHt8whaAT_QNGSpOTRbSw38o39P1GI?width=1280&height=800
04-07-2025,3675.837646,3679.02824,3634.163259,3655.000453,629926,16,Titan Company,TITAN.NS,Stock,Consumer Goods,https://1drv.ms/i/c/8705623eb284e7df/IQS8GwTOCu08Rb4ZsKHt8whaAT_QNGSpOTRbSw38o39P1GI?width=1280&height=800
07-07-2025,3655.100098,3684.910286,3636.954511,3664.471796,829472,16,Titan Company,TITAN.NS,Stock,Consumer Goods,https://1drv.ms/i/c/8705623eb284e7df/IQS8GwTOCu08Rb4ZsKHt8whaAT_QNGSpOTRbSw38o39P1GI?width=1280&height=800
08-07-2025,3441.300049,3581.800049,3435,3581.800049,3952270,16,Titan Company,TITAN.NS,Stock,Consumer Goods,https://1drv.ms/i/c/8705623eb284e7df/IQS8GwTOCu08Rb4ZsKHt8whaAT_QNGSpOTRbSw38o39P1GI?width=1280&height=800
09-07-2025,3432.100098,3461.5,3420.600098,3441.300049,1868271,16,Titan Company,TITAN.NS,Stock,Consumer Goods,https://1drv.ms/i/c/8705623eb284e7df/IQS8GwTOCu08Rb4ZsKHt8whaAT_QNGSpOTRbSw38o39P1GI?width=1280&height=800
10-07-2025,3419.800049,3445,3414,3432.100098,496586,16,Titan Company,TITAN.NS,Stock,Consumer Goods,https://1drv.ms/i/c/8705623eb284e7df/IQS8GwTOCu08Rb4ZsKHt8whaAT_QNGSpOTRbSw38o39P1GI?width=1280&height=800
11-07-2025,3361.600098,3422.199951,3357,3408,856956,16,Titan Company,TITAN.NS,Stock,Consumer Goods,https://1drv.ms/i/c/8705623eb284e7df/IQS8GwTOCu08Rb4ZsKHt8whaAT_QNGSpOTRbSw38o39P1GI?width=1280&height=800
14-07-2025,3404.699951,3410,3344,3372,755781,16,Titan Company,TITAN.NS,Stock,Consumer Goods,https://1drv.ms/i/c/8705623eb284e7df/IQS8GwTOCu08Rb4ZsKHt8whaAT_QNGSpOTRbSw38o39P1GI?width=1280&height=800
15-07-2025,3415,3422,3387.699951,3418,686088,16,Titan Company,TITAN.NS,Stock,Consumer Goods,https://1drv.ms/i/c/8705623eb284e7df/IQS8GwTOCu08Rb4ZsKHt8whaAT_QNGSpOTRbSw38o39P1GI?width=1280&height=800
16-07-2025,3417.300049,3422.199951,3388.5,3417,669532,16,Titan Company,TITAN.NS,Stock,Consumer Goods,https://1drv.ms/i/c/8705623eb284e7df/IQS8GwTOCu08Rb4ZsKHt8whaAT_QNGSpOTRbSw38o39P1GI?width=1280&height=800
17-07-2025,3433.300049,3448,3416.5,3418.399902,559482,16,Titan Company,TITAN.NS,Stock,Consumer Goods,https://1drv.ms/i/c/8705623eb284e7df/IQS8GwTOCu08Rb4ZsKHt8whaAT_QNGSpOTRbSw38o39P1GI?width=1280&height=800
18-07-2025,3402.899902,3444,3392,3444,293360,16,Titan Company,TITAN.NS,Stock,Consumer Goods,https://1drv.ms/i/c/8705623eb284e7df/IQS8GwTOCu08Rb4ZsKHt8whaAT_QNGSpOTRbSw38o39P1GI?width=1280&height=800
21-07-2025,3433,3439.100098,3365.199951,3391,561799,16,Titan Company,TITAN.NS,Stock,Consumer Goods,https://1drv.ms/i/c/8705623eb284e7df/IQS8GwTOCu08Rb4ZsKHt8whaAT_QNGSpOTRbSw38o39P1GI?width=1280&height=800
22-07-2025,3472.399902,3490,3430.300049,3450,1752275,16,Titan Company,TITAN.NS,Stock,Consumer Goods,https://1drv.ms/i/c/8705623eb284e7df/IQS8GwTOCu08Rb4ZsKHt8whaAT_QNGSpOTRbSw38o39P1GI?width=1280&height=800
23-07-2025,3471.399902,3481.899902,3444,3472.399902,584590,16,Titan Company,TITAN.NS,Stock,Consumer Goods,https://1drv.ms/i/c/8705623eb284e7df/IQS8GwTOCu08Rb4ZsKHt8whaAT_QNGSpOTRbSw38o39P1GI?width=1280&height=800
24-07-2025,3484.399902,3489.800049,3458,3467.399902,630718,16,Titan Company,TITAN.NS,Stock,Consumer Goods,https://1drv.ms/i/c/8705623eb284e7df/IQS8GwTOCu08Rb4ZsKHt8whaAT_QNGSpOTRbSw38o39P1GI?width=1280&height=800
25-07-2025,3462.800049,3480,3447,3476.399902,624410,16,Titan Company,TITAN.NS,Stock,Consumer Goods,https://1drv.ms/i/c/8705623eb284e7df/IQS8GwTOCu08Rb4ZsKHt8whaAT_QNGSpOTRbSw38o39P1GI?width=1280&height=800
28-07-2025,3393,3462.600098,3382,3453,603916,16,Titan Company,TITAN.NS,Stock,Consumer Goods,https://1drv.ms/i/c/8705623eb284e7df/IQS8GwTOCu08Rb4ZsKHt8whaAT_QNGSpOTRbSw38o39P1GI?width=1280&height=800
29-07-2025,3379.199951,3397,3355.600098,3390,511042,16,Titan Company,TITAN.NS,Stock,Consumer Goods,https://1drv.ms/i/c/8705623eb284e7df/IQS8GwTOCu08Rb4ZsKHt8whaAT_QNGSpOTRbSw38o39P1GI?width=1280&height=800
30-07-2025,3376.5,3393.5,3345.300049,3380,443735,16,Titan Company,TITAN.NS,Stock,Consumer Goods,https://1drv.ms/i/c/8705623eb284e7df/IQS8GwTOCu08Rb4ZsKHt8whaAT_QNGSpOTRbSw38o39P1GI?width=1280&height=800
31-07-2025,3347.300049,3364.5,3315.5,3340,553157,16,Titan Company,TITAN.NS,Stock,Consumer Goods,https://1drv.ms/i/c/8705623eb284e7df/IQS8GwTOCu08Rb4ZsKHt8whaAT_QNGSpOTRbSw38o39P1GI?width=1280&height=800
01-08-2025,3316,3347.300049,3307,3340,422977,16,Titan Company,TITAN.NS,Stock,Consumer Goods,https://1drv.ms/i/c/8705623eb284e7df/IQS8GwTOCu08Rb4ZsKHt8whaAT_QNGSpOTRbSw38o39P1GI?width=1280&height=800
04-08-2025,3356.300049,3365,3308.100098,3315,450434,16,Titan Company,TITAN.NS,Stock,Consumer Goods,https://1drv.ms/i/c/8705623eb284e7df/IQS8GwTOCu08Rb4ZsKHt8whaAT_QNGSpOTRbSw38o39P1GI?width=1280&height=800
05-08-2025,3418.199951,3443,3348,3356.300049,837335,16,Titan Company,TITAN.NS,Stock,Consumer Goods,https://1drv.ms/i/c/8705623eb284e7df/IQS8GwTOCu08Rb4ZsKHt8whaAT_QNGSpOTRbSw38o39P1GI?width=1280&height=800
06-08-2025,3417.699951,3462.399902,3400,3437,635456,16,Titan Company,TITAN.NS,Stock,Consumer Goods,https://1drv.ms/i/c/8705623eb284e7df/IQS8GwTOCu08Rb4ZsKHt8whaAT_QNGSpOTRbSw38o39P1GI?width=1280&height=800
07-08-2025,3415.699951,3437,3377.699951,3380,509599,16,Titan Company,TITAN.NS,Stock,Consumer Goods,https://1drv.ms/i/c/8705623eb284e7df/IQS8GwTOCu08Rb4ZsKHt8whaAT_QNGSpOTRbSw38o39P1GI?width=1280&height=800
08-08-2025,3460.199951,3489.800049,3403.100098,3450.100098,2184271,16,Titan Company,TITAN.NS,Stock,Consumer Goods,https://1drv.ms/i/c/8705623eb284e7df/IQS8GwTOCu08Rb4ZsKHt8whaAT_QNGSpOTRbSw38o39P1GI?width=1280&height=800
11-08-2025,3467.899902,3487.300049,3402.800049,3473,563586,16,Titan Company,TITAN.NS,Stock,Consumer Goods,https://1drv.ms/i/c/8705623eb284e7df/IQS8GwTOCu08Rb4ZsKHt8whaAT_QNGSpOTRbSw38o39P1GI?width=1280&height=800
12-08-2025,3486.800049,3534,3460.100098,3467.899902,929276,16,Titan Company,TITAN.NS,Stock,Consumer Goods,https://1drv.ms/i/c/8705623eb284e7df/IQS8GwTOCu08Rb4ZsKHt8whaAT_QNGSpOTRbSw38o39P1GI?width=1280&height=800
13-08-2025,3466.800049,3494.899902,3463.199951,3486.800049,360474,16,Titan Company,TITAN.NS,Stock,Consumer Goods,https://1drv.ms/i/c/8705623eb284e7df/IQS8GwTOCu08Rb4ZsKHt8whaAT_QNGSpOTRbSw38o39P1GI?width=1280&height=800
14-08-2025,3489.399902,3505.800049,3464.100098,3476.5,597987,16,Titan Company,TITAN.NS,Stock,Consumer Goods,https://1drv.ms/i/c/8705623eb284e7df/IQS8GwTOCu08Rb4ZsKHt8whaAT_QNGSpOTRbSw38o39P1GI?width=1280&height=800
18-08-2025,3554.800049,3574.800049,3493.5,3496,1253006,16,Titan Company,TITAN.NS,Stock,Consumer Goods,https://1drv.ms/i/c/8705623eb284e7df/IQS8GwTOCu08Rb4ZsKHt8whaAT_QNGSpOTRbSw38o39P1GI?width=1280&height=800
19-08-2025,3568.100098,3577.300049,3545,3555,537433,16,Titan Company,TITAN.NS,Stock,Consumer Goods,https://1drv.ms/i/c/8705623eb284e7df/IQS8GwTOCu08Rb4ZsKHt8whaAT_QNGSpOTRbSw38o39P1GI?width=1280&height=800
20-08-2025,3595,3602.899902,3552,3560,517031,16,Titan Company,TITAN.NS,Stock,Consumer Goods,https://1drv.ms/i/c/8705623eb284e7df/IQS8GwTOCu08Rb4ZsKHt8whaAT_QNGSpOTRbSw38o39P1GI?width=1280&height=800
21-08-2025,3616.300049,3625,3588.199951,3595,673486,16,Titan Company,TITAN.NS,Stock,Consumer Goods,https://1drv.ms/i/c/8705623eb284e7df/IQS8GwTOCu08Rb4ZsKHt8whaAT_QNGSpOTRbSw38o39P1GI?width=1280&height=800
22-08-2025,3621,3641.399902,3607.699951,3616.300049,691835,16,Titan Company,TITAN.NS,Stock,Consumer Goods,https://1drv.ms/i/c/8705623eb284e7df/IQS8GwTOCu08Rb4ZsKHt8whaAT_QNGSpOTRbSw38o39P1GI?width=1280&height=800
25-08-2025,3651.399902,3669.600098,3615.5,3629.699951,700503,16,Titan Company,TITAN.NS,Stock,Consumer Goods,https://1drv.ms/i/c/8705623eb284e7df/IQS8GwTOCu08Rb4ZsKHt8whaAT_QNGSpOTRbSw38o39P1GI?width=1280&height=800
26-08-2025,3594,3672.800049,3589.100098,3662.800049,960778,16,Titan Company,TITAN.NS,Stock,Consumer Goods,https://1drv.ms/i/c/8705623eb284e7df/IQS8GwTOCu08Rb4ZsKHt8whaAT_QNGSpOTRbSw38o39P1GI?width=1280&height=800
28-08-2025,3637.699951,3650.899902,3552.100098,3552.100098,989246,16,Titan Company,TITAN.NS,Stock,Consumer Goods,https://1drv.ms/i/c/8705623eb284e7df/IQS8GwTOCu08Rb4ZsKHt8whaAT_QNGSpOTRbSw38o39P1GI?width=1280&height=800
29-08-2025,3628.800049,3642,3603.600098,3637.699951,660956,16,Titan Company,TITAN.NS,Stock,Consumer Goods,https://1drv.ms/i/c/8705623eb284e7df/IQS8GwTOCu08Rb4ZsKHt8whaAT_QNGSpOTRbSw38o39P1GI?width=1280&height=800
01-09-2025,3618.600098,3653.399902,3610.399902,3631,297533,16,Titan Company,TITAN.NS,Stock,Consumer Goods,https://1drv.ms/i/c/8705623eb284e7df/IQS8GwTOCu08Rb4ZsKHt8whaAT_QNGSpOTRbSw38o39P1GI?width=1280&height=800
02-09-2025,3620.600098,3655.800049,3606.100098,3614,536300,16,Titan Company,TITAN.NS,Stock,Consumer Goods,https://1drv.ms/i/c/8705623eb284e7df/IQS8GwTOCu08Rb4ZsKHt8whaAT_QNGSpOTRbSw38o39P1GI?width=1280&height=800
03-09-2025,3690.600098,3697.899902,3590,3605,791874,16,Titan Company,TITAN.NS,Stock,Consumer Goods,https://1drv.ms/i/c/8705623eb284e7df/IQS8GwTOCu08Rb4ZsKHt8whaAT_QNGSpOTRbSw38o39P1GI?width=1280&height=800
04-09-2025,3691.100098,3740,3676.800049,3740,635811,16,Titan Company,TITAN.NS,Stock,Consumer Goods,https://1drv.ms/i/c/8705623eb284e7df/IQS8GwTOCu08Rb4ZsKHt8whaAT_QNGSpOTRbSw38o39P1GI?width=1280&height=800
05-09-2025,3665.300049,3700,3660,3695,454120,16,Titan Company,TITAN.NS,Stock,Consumer Goods,https://1drv.ms/i/c/8705623eb284e7df/IQS8GwTOCu08Rb4ZsKHt8whaAT_QNGSpOTRbSw38o39P1GI?width=1280&height=800
08-09-2025,3658,3683.600098,3640,3653,548987,16,Titan Company,TITAN.NS,Stock,Consumer Goods,https://1drv.ms/i/c/8705623eb284e7df/IQS8GwTOCu08Rb4ZsKHt8whaAT_QNGSpOTRbSw38o39P1GI?width=1280&height=800
09-09-2025,3630.100098,3667.800049,3619.199951,3667.800049,428367,16,Titan Company,TITAN.NS,Stock,Consumer Goods,https://1drv.ms/i/c/8705623eb284e7df/IQS8GwTOCu08Rb4ZsKHt8whaAT_QNGSpOTRbSw38o39P1GI?width=1280&height=800
10-09-2025,3620.600098,3648.699951,3608.199951,3632,408800,16,Titan Company,TITAN.NS,Stock,Consumer Goods,https://1drv.ms/i/c/8705623eb284e7df/IQS8GwTOCu08Rb4ZsKHt8whaAT_QNGSpOTRbSw38o39P1GI?width=1280&height=800
11-09-2025,3584.199951,3644,3580,3620,495417,16,Titan Company,TITAN.NS,Stock,Consumer Goods,https://1drv.ms/i/c/8705623eb284e7df/IQS8GwTOCu08Rb4ZsKHt8whaAT_QNGSpOTRbSw38o39P1GI?width=1280&height=800
12-09-2025,3571.899902,3598.199951,3563.899902,3589.899902,275049,16,Titan Company,TITAN.NS,Stock,Consumer Goods,https://1drv.ms/i/c/8705623eb284e7df/IQS8GwTOCu08Rb4ZsKHt8whaAT_QNGSpOTRbSw38o39P1GI?width=1280&height=800
15-09-2025,3534.100098,3576.5,3515,3556,362285,16,Titan Company,TITAN.NS,Stock,Consumer Goods,https://1drv.ms/i/c/8705623eb284e7df/IQS8GwTOCu08Rb4ZsKHt8whaAT_QNGSpOTRbSw38o39P1GI?width=1280&height=800
16-09-2025,3556.800049,3570.300049,3502,3525,724742,16,Titan Company,TITAN.NS,Stock,Consumer Goods,https://1drv.ms/i/c/8705623eb284e7df/IQS8GwTOCu08Rb4ZsKHt8whaAT_QNGSpOTRbSw38o39P1GI?width=1280&height=800
17-09-2025,3523,3572.699951,3513.199951,3561.899902,659866,16,Titan Company,TITAN.NS,Stock,Consumer Goods,https://1drv.ms/i/c/8705623eb284e7df/IQS8GwTOCu08Rb4ZsKHt8whaAT_QNGSpOTRbSw38o39P1GI?width=1280&height=800
18-09-2025,3511.300049,3546,3503.399902,3530,829442,16,Titan Company,TITAN.NS,Stock,Consumer Goods,https://1drv.ms/i/c/8705623eb284e7df/IQS8GwTOCu08Rb4ZsKHt8whaAT_QNGSpOTRbSw38o39P1GI?width=1280&height=800
19-09-2025,3467.199951,3511.300049,3460,3504,2337255,16,Titan Company,TITAN.NS,Stock,Consumer Goods,https://1drv.ms/i/c/8705623eb284e7df/IQS8GwTOCu08Rb4ZsKHt8whaAT_QNGSpOTRbSw38o39P1GI?width=1280&height=800
22-09-2025,3457.5,3477,3440,3458.199951,817833,16,Titan Company,TITAN.NS,Stock,Consumer Goods,https://1drv.ms/i/c/8705623eb284e7df/IQS8GwTOCu08Rb4ZsKHt8whaAT_QNGSpOTRbSw38o39P1GI?width=1280&height=800
23-09-2025,3439.199951,3465.300049,3405,3465.199951,1144975,16,Titan Company,TITAN.NS,Stock,Consumer Goods,https://1drv.ms/i/c/8705623eb284e7df/IQS8GwTOCu08Rb4ZsKHt8whaAT_QNGSpOTRbSw38o39P1GI?width=1280&height=800
24-09-2025,3418.300049,3437.399902,3411,3430,690454,16,Titan Company,TITAN.NS,Stock,Consumer Goods,https://1drv.ms/i/c/8705623eb284e7df/IQS8GwTOCu08Rb4ZsKHt8whaAT_QNGSpOTRbSw38o39P1GI?width=1280&height=800
25-09-2025,3378.5,3419.899902,3370,3408,1139904,16,Titan Company,TITAN.NS,Stock,Consumer Goods,https://1drv.ms/i/c/8705623eb284e7df/IQS8GwTOCu08Rb4ZsKHt8whaAT_QNGSpOTRbSw38o39P1GI?width=1280&height=800
26-09-2025,3327.300049,3402,3303.100098,3387.699951,7524068,16,Titan Company,TITAN.NS,Stock,Consumer Goods,https://1drv.ms/i/c/8705623eb284e7df/IQS8GwTOCu08Rb4ZsKHt8whaAT_QNGSpOTRbSw38o39P1GI?width=1280&height=800
29-09-2025,3401.199951,3418,3327,3327,1452636,16,Titan Company,TITAN.NS,Stock,Consumer Goods,https://1drv.ms/i/c/8705623eb284e7df/IQS8GwTOCu08Rb4ZsKHt8whaAT_QNGSpOTRbSw38o39P1GI?width=1280&height=800
30-09-2025,3367,3474.5,3355,3452,1733728,16,Titan Company,TITAN.NS,Stock,Consumer Goods,https://1drv.ms/i/c/8705623eb284e7df/IQS8GwTOCu08Rb4ZsKHt8whaAT_QNGSpOTRbSw38o39P1GI?width=1280&height=800
01-10-2025,3408.300049,3414.899902,3351,3370,798754,16,Titan Company,TITAN.NS,Stock,Consumer Goods,https://1drv.ms/i/c/8705623eb284e7df/IQS8GwTOCu08Rb4ZsKHt8whaAT_QNGSpOTRbSw38o39P1GI?width=1280&height=800
03-10-2025,3453.300049,3459,3378,3379.899902,1655328,16,Titan Company,TITAN.NS,Stock,Consumer Goods,https://1drv.ms/i/c/8705623eb284e7df/IQS8GwTOCu08Rb4ZsKHt8whaAT_QNGSpOTRbSw38o39P1GI?width=1280&height=800
06-10-2025,3425.399902,3459.300049,3401,3453.300049,1184781,16,Titan Company,TITAN.NS,Stock,Consumer Goods,https://1drv.ms/i/c/8705623eb284e7df/IQS8GwTOCu08Rb4ZsKHt8whaAT_QNGSpOTRbSw38o39P1GI?width=1280&height=800
07-10-2025,3418.199951,3445.899902,3411,3425,996165,16,Titan Company,TITAN.NS,Stock,Consumer Goods,https://1drv.ms/i/c/8705623eb284e7df/IQS8GwTOCu08Rb4ZsKHt8whaAT_QNGSpOTRbSw38o39P1GI?width=1280&height=800
08-10-2025,3565.600098,3580,3460,3474,4531362,16,Titan Company,TITAN.NS,Stock,Consumer Goods,https://1drv.ms/i/c/8705623eb284e7df/IQS8GwTOCu08Rb4ZsKHt8whaAT_QNGSpOTRbSw38o39P1GI?width=1280&height=800
09-10-2025,3550.600098,3561.699951,3526.399902,3559.800049,597739,16,Titan Company,TITAN.NS,Stock,Consumer Goods,https://1drv.ms/i/c/8705623eb284e7df/IQS8GwTOCu08Rb4ZsKHt8whaAT_QNGSpOTRbSw38o39P1GI?width=1280&height=800
10-10-2025,3531.899902,3571.699951,3523.300049,3548.899902,825274,16,Titan Company,TITAN.NS,Stock,Consumer Goods,https://1drv.ms/i/c/8705623eb284e7df/IQS8GwTOCu08Rb4ZsKHt8whaAT_QNGSpOTRbSw38o39P1GI?width=1280&height=800
13-10-2025,3533.600098,3545,3509.5,3518,606122,16,Titan Company,TITAN.NS,Stock,Consumer Goods,https://1drv.ms/i/c/8705623eb284e7df/IQS8GwTOCu08Rb4ZsKHt8whaAT_QNGSpOTRbSw38o39P1GI?width=1280&height=800
14-10-2025,3537.399902,3549.399902,3506.5,3533,925998,16,Titan Company,TITAN.NS,Stock,Consumer Goods,https://1drv.ms/i/c/8705623eb284e7df/IQS8GwTOCu08Rb4ZsKHt8whaAT_QNGSpOTRbSw38o39P1GI?width=1280&height=800
15-10-2025,3549,3561.899902,3511,3532.899902,1005045,16,Titan Company,TITAN.NS,Stock,Consumer Goods,https://1drv.ms/i/c/8705623eb284e7df/IQS8GwTOCu08Rb4ZsKHt8whaAT_QNGSpOTRbSw38o39P1GI?width=1280&height=800
16-10-2025,3640.300049,3652,3540,3549,1528118,16,Titan Company,TITAN.NS,Stock,Consumer Goods,https://1drv.ms/i/c/8705623eb284e7df/IQS8GwTOCu08Rb4ZsKHt8whaAT_QNGSpOTRbSw38o39P1GI?width=1280&height=800
17-10-2025,3674.800049,3715,3633,3635,1123500,16,Titan Company,TITAN.NS,Stock,Consumer Goods,https://1drv.ms/i/c/8705623eb284e7df/IQS8GwTOCu08Rb4ZsKHt8whaAT_QNGSpOTRbSw38o39P1GI?width=1280&height=800
20-10-2025,3737.199951,3749.899902,3676.199951,3680,707974,16,Titan Company,TITAN.NS,Stock,Consumer Goods,https://1drv.ms/i/c/8705623eb284e7df/IQS8GwTOCu08Rb4ZsKHt8whaAT_QNGSpOTRbSw38o39P1GI?width=1280&height=800
21-10-2025,3729,3746,3719,3737.199951,156306,16,Titan Company,TITAN.NS,Stock,Consumer Goods,https://1drv.ms/i/c/8705623eb284e7df/IQS8GwTOCu08Rb4ZsKHt8whaAT_QNGSpOTRbSw38o39P1GI?width=1280&height=800
23-10-2025,3772.300049,3800,3738.300049,3765,1622402,16,Titan Company,TITAN.NS,Stock,Consumer Goods,https://1drv.ms/i/c/8705623eb284e7df/IQS8GwTOCu08Rb4ZsKHt8whaAT_QNGSpOTRbSw38o39P1GI?width=1280&height=800
24-10-2025,3714.899902,3781,3706.100098,3775,563296,16,Titan Company,TITAN.NS,Stock,Consumer Goods,https://1drv.ms/i/c/8705623eb284e7df/IQS8GwTOCu08Rb4ZsKHt8whaAT_QNGSpOTRbSw38o39P1GI?width=1280&height=800
27-10-2025,3739.800049,3753.899902,3710,3714,856124,16,Titan Company,TITAN.NS,Stock,Consumer Goods,https://1drv.ms/i/c/8705623eb284e7df/IQS8GwTOCu08Rb4ZsKHt8whaAT_QNGSpOTRbSw38o39P1GI?width=1280&height=800
28-10-2025,3717,3770,3688.100098,3750,1482961,16,Titan Company,TITAN.NS,Stock,Consumer Goods,https://1drv.ms/i/c/8705623eb284e7df/IQS8GwTOCu08Rb4ZsKHt8whaAT_QNGSpOTRbSw38o39P1GI?width=1280&height=800
29-10-2025,3748.300049,3753.5,3714.199951,3734.199951,789557,16,Titan Company,TITAN.NS,Stock,Consumer Goods,https://1drv.ms/i/c/8705623eb284e7df/IQS8GwTOCu08Rb4ZsKHt8whaAT_QNGSpOTRbSw38o39P1GI?width=1280&height=800
30-10-2025,3750.699951,3773.899902,3720.100098,3745,544151,16,Titan Company,TITAN.NS,Stock,Consumer Goods,https://1drv.ms/i/c/8705623eb284e7df/IQS8GwTOCu08Rb4ZsKHt8whaAT_QNGSpOTRbSw38o39P1GI?width=1280&height=800
31-10-2025,3746.699951,3783,3739.5,3758.899902,900994,16,Titan Company,TITAN.NS,Stock,Consumer Goods,https://1drv.ms/i/c/8705623eb284e7df/IQS8GwTOCu08Rb4ZsKHt8whaAT_QNGSpOTRbSw38o39P1GI?width=1280&height=800
03-11-2025,3724.5,3762,3667.300049,3730,1119367,16,Titan Company,TITAN.NS,Stock,Consumer Goods,https://1drv.ms/i/c/8705623eb284e7df/IQS8GwTOCu08Rb4ZsKHt8whaAT_QNGSpOTRbSw38o39P1GI?width=1280&height=800
04-11-2025,3813.5,3827,3715,3724.5,2524600,16,Titan Company,TITAN.NS,Stock,Consumer Goods,https://1drv.ms/i/c/8705623eb284e7df/IQS8GwTOCu08Rb4ZsKHt8whaAT_QNGSpOTRbSw38o39P1GI?width=1280&height=800
06-11-2025,3774.399902,3837.699951,3761.600098,3780,927231,16,Titan Company,TITAN.NS,Stock,Consumer Goods,https://1drv.ms/i/c/8705623eb284e7df/IQS8GwTOCu08Rb4ZsKHt8whaAT_QNGSpOTRbSw38o39P1GI?width=1280&height=800
07-11-2025,3769.300049,3792,3736,3766,728998,16,Titan Company,TITAN.NS,Stock,Consumer Goods,https://1drv.ms/i/c/8705623eb284e7df/IQS8GwTOCu08Rb4ZsKHt8whaAT_QNGSpOTRbSw38o39P1GI?width=1280&height=800
10-11-2025,3803,3815,3769.300049,3788,599567,16,Titan Company,TITAN.NS,Stock,Consumer Goods,https://1drv.ms/i/c/8705623eb284e7df/IQS8GwTOCu08Rb4ZsKHt8whaAT_QNGSpOTRbSw38o39P1GI?width=1280&height=800
11-11-2025,3812.399902,3820,3752.100098,3810.5,668789,16,Titan Company,TITAN.NS,Stock,Consumer Goods,https://1drv.ms/i/c/8705623eb284e7df/IQS8GwTOCu08Rb4ZsKHt8whaAT_QNGSpOTRbSw38o39P1GI?width=1280&height=800
12-11-2025,3851.100098,3877,3804.199951,3838,805025,16,Titan Company,TITAN.NS,Stock,Consumer Goods,https://1drv.ms/i/c/8705623eb284e7df/IQS8GwTOCu08Rb4ZsKHt8whaAT_QNGSpOTRbSw38o39P1GI?width=1280&height=800
13-11-2025,3839.199951,3867.899902,3817,3860,668623,16,Titan Company,TITAN.NS,Stock,Consumer Goods,https://1drv.ms/i/c/8705623eb284e7df/IQS8GwTOCu08Rb4ZsKHt8whaAT_QNGSpOTRbSw38o39P1GI?width=1280&height=800
14-11-2025,3829.199951,3854.699951,3800,3839.199951,575050,16,Titan Company,TITAN.NS,Stock,Consumer Goods,https://1drv.ms/i/c/8705623eb284e7df/IQS8GwTOCu08Rb4ZsKHt8whaAT_QNGSpOTRbSw38o39P1GI?width=1280&height=800
17-11-2025,3868.600098,3874.300049,3821.5,3848,504928,16,Titan Company,TITAN.NS,Stock,Consumer Goods,https://1drv.ms/i/c/8705623eb284e7df/IQS8GwTOCu08Rb4ZsKHt8whaAT_QNGSpOTRbSw38o39P1GI?width=1280&height=800
18-11-2025,3879.199951,3900,3841.600098,3865,849966,16,Titan Company,TITAN.NS,Stock,Consumer Goods,https://1drv.ms/i/c/8705623eb284e7df/IQS8GwTOCu08Rb4ZsKHt8whaAT_QNGSpOTRbSw38o39P1GI?width=1280&height=800
19-11-2025,3933.100098,3940.5,3862.399902,3882.899902,1578123,16,Titan Company,TITAN.NS,Stock,Consumer Goods,https://1drv.ms/i/c/8705623eb284e7df/IQS8GwTOCu08Rb4ZsKHt8whaAT_QNGSpOTRbSw38o39P1GI?width=1280&height=800
20-11-2025,3902.399902,3956,3895,3950,762391,16,Titan Company,TITAN.NS,Stock,Consumer Goods,https://1drv.ms/i/c/8705623eb284e7df/IQS8GwTOCu08Rb4ZsKHt8whaAT_QNGSpOTRbSw38o39P1GI?width=1280&height=800
21-11-2025,3904.199951,3925,3882.100098,3901,383311,16,Titan Company,TITAN.NS,Stock,Consumer Goods,https://1drv.ms/i/c/8705623eb284e7df/IQS8GwTOCu08Rb4ZsKHt8whaAT_QNGSpOTRbSw38o39P1GI?width=1280&height=800
24-11-2025,3874.300049,3937.199951,3865,3915.5,1258036,16,Titan Company,TITAN.NS,Stock,Consumer Goods,https://1drv.ms/i/c/8705623eb284e7df/IQS8GwTOCu08Rb4ZsKHt8whaAT_QNGSpOTRbSw38o39P1GI?width=1280&height=800
25-11-2025,3855.100098,3908.399902,3845,3874.399902,680366,16,Titan Company,TITAN.NS,Stock,Consumer Goods,https://1drv.ms/i/c/8705623eb284e7df/IQS8GwTOCu08Rb4ZsKHt8whaAT_QNGSpOTRbSw38o39P1GI?width=1280&height=800
26-11-2025,3897.699951,3914.5,3843.5,3845,364592,16,Titan Company,TITAN.NS,Stock,Consumer Goods,https://1drv.ms/i/c/8705623eb284e7df/IQS8GwTOCu08Rb4ZsKHt8whaAT_QNGSpOTRbSw38o39P1GI?width=1280&height=800
27-11-2025,3903.300049,3927,3875.100098,3900.600098,542241,16,Titan Company,TITAN.NS,Stock,Consumer Goods,https://1drv.ms/i/c/8705623eb284e7df/IQS8GwTOCu08Rb4ZsKHt8whaAT_QNGSpOTRbSw38o39P1GI?width=1280&height=800
28-11-2025,3907.699951,3934.899902,3896.5,3906.199951,574817,16,Titan Company,TITAN.NS,Stock,Consumer Goods,https://1drv.ms/i/c/8705623eb284e7df/IQS8GwTOCu08Rb4ZsKHt8whaAT_QNGSpOTRbSw38o39P1GI?width=1280&height=800
01-12-2025,3894.899902,3910.699951,3861.300049,3907.699951,603073,16,Titan Company,TITAN.NS,Stock,Consumer Goods,https://1drv.ms/i/c/8705623eb284e7df/IQS8GwTOCu08Rb4ZsKHt8whaAT_QNGSpOTRbSw38o39P1GI?width=1280&height=800
02-12-2025,3885.800049,3899.600098,3867.5,3875,661018,16,Titan Company,TITAN.NS,Stock,Consumer Goods,https://1drv.ms/i/c/8705623eb284e7df/IQS8GwTOCu08Rb4ZsKHt8whaAT_QNGSpOTRbSw38o39P1GI?width=1280&height=800
03-12-2025,3817.800049,3880,3785.899902,3870,770638,16,Titan Company,TITAN.NS,Stock,Consumer Goods,https://1drv.ms/i/c/8705623eb284e7df/IQS8GwTOCu08Rb4ZsKHt8whaAT_QNGSpOTRbSw38o39P1GI?width=1280&height=800
04-12-2025,3800.399902,3830,3778,3805,776693,16,Titan Company,TITAN.NS,Stock,Consumer Goods,https://1drv.ms/i/c/8705623eb284e7df/IQS8GwTOCu08Rb4ZsKHt8whaAT_QNGSpOTRbSw38o39P1GI?width=1280&height=800
05-12-2025,3813.300049,3828,3777,3777,508448,16,Titan Company,TITAN.NS,Stock,Consumer Goods,https://1drv.ms/i/c/8705623eb284e7df/IQS8GwTOCu08Rb4ZsKHt8whaAT_QNGSpOTRbSw38o39P1GI?width=1280&height=800
08-12-2025,3767,3825,3758.100098,3796.300049,545864,16,Titan Company,TITAN.NS,Stock,Consumer Goods,https://1drv.ms/i/c/8705623eb284e7df/IQS8GwTOCu08Rb4ZsKHt8whaAT_QNGSpOTRbSw38o39P1GI?width=1280&height=800
09-12-2025,3849,3874,3751,3775,1121068,16,Titan Company,TITAN.NS,Stock,Consumer Goods,https://1drv.ms/i/c/8705623eb284e7df/IQS8GwTOCu08Rb4ZsKHt8whaAT_QNGSpOTRbSw38o39P1GI?width=1280&height=800
10-12-2025,3845.699951,3858.199951,3825.600098,3831,616248,16,Titan Company,TITAN.NS,Stock,Consumer Goods,https://1drv.ms/i/c/8705623eb284e7df/IQS8GwTOCu08Rb4ZsKHt8whaAT_QNGSpOTRbSw38o39P1GI?width=1280&height=800
11-12-2025,3844.800049,3855.800049,3777,3830.399902,669180,16,Titan Company,TITAN.NS,Stock,Consumer Goods,https://1drv.ms/i/c/8705623eb284e7df/IQS8GwTOCu08Rb4ZsKHt8whaAT_QNGSpOTRbSw38o39P1GI?width=1280&height=800
12-12-2025,3880.199951,3894.800049,3831.899902,3844.800049,547866,16,Titan Company,TITAN.NS,Stock,Consumer Goods,https://1drv.ms/i/c/8705623eb284e7df/IQS8GwTOCu08Rb4ZsKHt8whaAT_QNGSpOTRbSw38o39P1GI?width=1280&height=800
15-12-2025,3866.199951,3876.399902,3850,3861.300049,332337,16,Titan Company,TITAN.NS,Stock,Consumer Goods,https://1drv.ms/i/c/8705623eb284e7df/IQS8GwTOCu08Rb4ZsKHt8whaAT_QNGSpOTRbSw38o39P1GI?width=1280&height=800
16-12-2025,3929.5,3937.5,3828,3850,1560827,16,Titan Company,TITAN.NS,Stock,Consumer Goods,https://1drv.ms/i/c/8705623eb284e7df/IQS8GwTOCu08Rb4ZsKHt8whaAT_QNGSpOTRbSw38o39P1GI?width=1280&height=800
17-12-2025,3907.899902,3935.699951,3890,3930,601010,16,Titan Company,TITAN.NS,Stock,Consumer Goods,https://1drv.ms/i/c/8705623eb284e7df/IQS8GwTOCu08Rb4ZsKHt8whaAT_QNGSpOTRbSw38o39P1GI?width=1280&height=800
18-12-2025,3919.300049,3924,3890.100098,3900,516547,16,Titan Company,TITAN.NS,Stock,Consumer Goods,https://1drv.ms/i/c/8705623eb284e7df/IQS8GwTOCu08Rb4ZsKHt8whaAT_QNGSpOTRbSw38o39P1GI?width=1280&height=800
19-12-2025,3930.100098,3961.899902,3913,3919,730780,16,Titan Company,TITAN.NS,Stock,Consumer Goods,https://1drv.ms/i/c/8705623eb284e7df/IQS8GwTOCu08Rb4ZsKHt8whaAT_QNGSpOTRbSw38o39P1GI?width=1280&height=800
22-12-2025,3933.800049,3950.800049,3917.100098,3940,569521,16,Titan Company,TITAN.NS,Stock,Consumer Goods,https://1drv.ms/i/c/8705623eb284e7df/IQS8GwTOCu08Rb4ZsKHt8whaAT_QNGSpOTRbSw38o39P1GI?width=1280&height=800
23-12-2025,3925.800049,3956.300049,3916.399902,3933.800049,445656,16,Titan Company,TITAN.NS,Stock,Consumer Goods,https://1drv.ms/i/c/8705623eb284e7df/IQS8GwTOCu08Rb4ZsKHt8whaAT_QNGSpOTRbSw38o39P1GI?width=1280&height=800
24-12-2025,3909.300049,3935,3900,3925.800049,399227,16,Titan Company,TITAN.NS,Stock,Consumer Goods,https://1drv.ms/i/c/8705623eb284e7df/IQS8GwTOCu08Rb4ZsKHt8whaAT_QNGSpOTRbSw38o39P1GI?width=1280&height=800
26-12-2025,3992,4006.899902,3900,3908.899902,1113050,16,Titan Company,TITAN.NS,Stock,Consumer Goods,https://1drv.ms/i/c/8705623eb284e7df/IQS8GwTOCu08Rb4ZsKHt8whaAT_QNGSpOTRbSw38o39P1GI?width=1280&height=800
29-12-2025,3983.699951,4031.699951,3978,4010,1242846,16,Titan Company,TITAN.NS,Stock,Consumer Goods,https://1drv.ms/i/c/8705623eb284e7df/IQS8GwTOCu08Rb4ZsKHt8whaAT_QNGSpOTRbSw38o39P1GI?width=1280&height=800
30-12-2025,3974.100098,3993.5,3954.100098,3982,1169570,16,Titan Company,TITAN.NS,Stock,Consumer Goods,https://1drv.ms/i/c/8705623eb284e7df/IQS8GwTOCu08Rb4ZsKHt8whaAT_QNGSpOTRbSw38o39P1GI?width=1280&height=800
31-12-2025,4051.5,4061.899902,3975.100098,3984,1358731,16,Titan Company,TITAN.NS,Stock,Consumer Goods,https://1drv.ms/i/c/8705623eb284e7df/IQS8GwTOCu08Rb4ZsKHt8whaAT_QNGSpOTRbSw38o39P1GI?width=1280&height=800
